date,title,url,source_name,language,keyword,event_name,relevance_label,risk_score,intl_pressure_score,intl_up_article,intl_down_article,intl_neutral_article
2008-06-04,New Petrol and Diesel Prices Effective 5th June 2008 - Paul Tan,https://news.google.com/rss/articles/CBMijAFBVV95cUxQTW5oYjUyYmhWMndZaEp4RWRnSF9lamFPcmhyLVljZnloM1Q5cVNjM05FSUV6VFA2LUVVOF9udlBNRklpSzh1N1F4d3NEV1g2clZQVXRCYzJQY0lVZmJNWFRETzNkS05tOVVNLUNRTndGaWNUd1pLTlliQjYwR1BhUVV0Nk1XMjNWV3hxMA?oc=5,Paul Tan,en,oil price collapse 2008,global_financial_crisis,relevant,0,-3,0,1,0
2008-06-05,The oil shock of 2008 - Econbrowser,https://news.google.com/rss/articles/CBMiZ0FVX3lxTE5tX3pqbEdMQ3hsZy1IQktvQ0tvNTMwMHVRaEJVSGU1OThsQkRTOXNTbzBXN21icTZESkZ4QzJBNTE5UjRIRmYzUWNhajA5a0xMLVMzNVFPZTNFcVhtUWUzd1NHeWVEWGc?oc=5,Econbrowser,en,oil price collapse 2008,global_financial_crisis,relevant,0,-3,0,1,0
2008-06-05,Analysis: The global food crisis - Al Jazeera,https://news.google.com/rss/articles/CBMie0FVX3lxTE1scjRwczlNdGNNTVJSYWMzbU1qeW51TlFkcDNEZDdTenFFMGlrVFpHSE9QNHNpcTB5cDNtbU1sY3c0WjV6V1d1ZDVjZlJXRktPV2lMb3BYLWkyWGJ2T1R1R3pILVFoMVhSak5WR2REWDRNay1scTNQTWNPSdIBgAFBVV95cUxNeDRIOEhPSEotZHlubUtIc0kzTjJkcGlaYkNqNG1ZYlJHaWNJbF9XZFc1N1dLZUZjd3ZXbURHR2RwLUNVU0dRRVV3Yld6aVdUYzEtOXMtTVd4UFVBakVscmRHRVpnMHZzeG1yWWRmZmdfYkN4N21GUm1DbVE2aGJmYg?oc=5,Al Jazeera,en,oil price collapse 2008,global_financial_crisis,relevant,0,-3,0,1,0
2008-06-06,Oil price makes record jump ahead of energy talks - Australian Broadcasting Corporation,https://news.google.com/rss/articles/CBMinAFBVV95cUxNelplVXBRWVNtT3FBa0h4NWVtTkxFTGREU3FDX2xiUDQ5MGNVX290bXRzSFJXOF9LRjdCUzFhZnFQQUoydVplMzhQM2lfZVNsazlxc3M2M1JfZHA0R3pzcHVoUU5OMmxLNmdRblVKTzNJa3dydzZhclFrdW1Pd1lSNnltcWcxNDVScmpWd05fN1RFc09JeENPajRjWEU?oc=5,Australian Broadcasting Corporation,en,oil price collapse 2008,global_financial_crisis,relevant,0,-3,0,1,0
2008-06-09,Business | Why the oil price keeps rising - BBC,https://news.google.com/rss/articles/CBMiW0FVX3lxTFBzQXhvYTJjcFY4QVBTa2RWWUdlV0lNNDhVZXlFbHdiWllhdnlOSWstQzEyT21tdmVzbnFYUzkyZXhxV0FOdG9sSnZYR0c5QWo0a3NUb2tVVmM0d1E?oc=5,BBC,en,financial crisis oil price,global_financial_crisis,relevant,2,0,0,0,1
2008-06-24,Philippines: Dealing with the oil crisis - Transnational Institute,https://news.google.com/rss/articles/CBMiekFVX3lxTE95TkxkdzlVLVYxc1FDZEpab1pwdEhBRTI4am9GckFVemttMG5pdWQydzhMLTc4cTBpeU5PLWFZcmd4Y2daTjIxVGY3SUJ3dWlGSVFrdWlVcjJqQTMxVXRqVldUZ2JhRjVRcUZxTnV6ZG9XTTd0U3ZuRm5B?oc=5,Transnational Institute,en,oil price collapse 2008,global_financial_crisis,relevant,0,-3,0,1,0
2008-07-29,GMA: We will survive crisis - Philstar.com,https://news.google.com/rss/articles/CBMihAFBVV95cUxOZ2lGN29ud3hwaVJQSklFWk9ySG1hNFVjQWQweGl1azRkb1A5alNvZlRhMDIyRmdWdGkzRUFPanhkNVpsSlpETS1RRVdXamV1bjU2LVZqV1QzNmY0ckFUMXVjU3VtYndxcV9fY1I2UU9oZTAwdkkyZkVlYkRSR19NN3drVUHSAYsBQVVfeXFMTnBSbVVxNy00X203c3k5YnRqMDJxRFFmU1ROdHdnVy03VVhLRGd2VDBnclRNVF9ya0lWNVZ6MnBMR2FKdVo3WWtpWlVMT0lxekFZeXJyU2N0M1NLalc1Mk5oZE0yRXkzNHNWM2k2dmotUkRCbHBGd0hqdEJZSUpwM2J2YV9tR0ltQ1ZQTQ?oc=5,Philstar.com,en,financial crisis oil price,global_financial_crisis,relevant,2,0,0,0,1
2008-08-12,Fertliser crisis sparks civil unrest in developing countries with 500% price hikes - The Guardian,https://news.google.com/rss/articles/CBMic0FVX3lxTE4wYTVkWU9scUNHOHhMWnJOU2d2V1JWWEMybWpaMXJQbW5SQ3ZiOC1hb1paRUlqbm9qaURTUUFHM2dPNFlPb05FWW94TEcwZHVjVjRFb18zUkdkajQ1LXdubUVVbHpEMF9mYkxZbGhIanVnVU0?oc=5,The Guardian,en,oil price collapse 2008,global_financial_crisis,relevant,0,-3,0,1,0
2008-08-20,"The ""Whale Oil Myth"" - PBS",https://news.google.com/rss/articles/CBMidkFVX3lxTE5kVkpQZnlmeTJiWU9BcFVBQndOQUlrU3JadExjTTZfbVd2M0wtWEpjQzQwZkN6MGxleFpjamRnUGMtdm9hQ2otSU12U2hJZzVyLWRaWXE1S3pCMkstUXJTY3VQaDRFa3czek5aa25vd2E3cHhZUEE?oc=5,PBS,en,oil price collapse 2008,global_financial_crisis,relevant,0,-3,0,1,0
2008-08-29,Travellers stranded as budget airline Zoom collapses - The Guardian,https://news.google.com/rss/articles/CBMijwFBVV95cUxNZlZ1ckdGWW13R2U1X0lBS2k5eldFbkZ2R3BhMjMxckN6a3BPdmNwNTNtU0dHRUExNEhOc0pnQXF2a0RuejZfZnBTZEFvZjIzbGhsUXJCYjZWa3RZbEtkRmt1SVBWbEhmN2tPaExDdGw2NHl5X2VwckRwbHRFYlNfNldJeVZtT0pvdzFMRm4tTQ?oc=5,The Guardian,en,oil price collapse 2008,global_financial_crisis,relevant,0,-3,0,1,0
2008-09-16,'Worst Is Yet To Come' For Russian Financial Sector - Radio Free Europe/Radio Liberty,https://news.google.com/rss/articles/CBMidkFVX3lxTFA3Ml9OUjdYZzVQcTZ6ZnEwOS1CWWpNWDBQdFFoRllzRlNxMkdxZDJ3VUI1OElPc3FZNkVLeWdNc0hQbVR4b1p3LWJYY1I3eU5zYmNtbTdYY3JmWWY3YjM5RGNRZHRXc0xiY05HdTZXQmRMVC12WGfSAXhBVV95cUxObmw5ZEVCWXN4NWlXam83YUQzOGNybUhHNFhDSmxHN1laRmd3REF4a3EybHBJZDR4bGMwNWdTUWZhazNMLWhSdHNFa01HWkdpQUY1LWdnbG1PTzZCY2JoTDRFNlZGOEgxVTdadHozNjBhU1YxOGNBeFM?oc=5,Radio Free Europe/Radio Liberty,en,financial crisis oil price,global_financial_crisis,relevant,2,0,0,0,1
2008-09-18,Ryanair to break even if oil stays at $100 - The Guardian,https://news.google.com/rss/articles/CBMigAFBVV95cUxPeGJBSzM3SV8tZXJaYW05Q3VpTjZTVllNc0kwSjQ0TGphbTZ3RkZRUFdEQXF6VWRlNkVYYk9HSVFWbEFJT2VNNk5iay1aUjhIZkY3N2NVRmlfQXZrbVFKOHVuS3ZnSlV2Z3U5LTQ3NmJVaWd5aVVLa1lub1RDTG9aQw?oc=5,The Guardian,en,oil price collapse 2008,global_financial_crisis,relevant,0,-3,0,1,0
2008-09-19,Pearls of financial wisdom - Emirates 24|7,https://news.google.com/rss/articles/CBMiogFBVV95cUxOUTdFdXNXVXRlaDNjWjU4MmJhOWRWZ0xCekE4cG9sZ3NGcVVCUzdtR1l6Zjl4MXZsVGxuNWpVQXNjTm92c00wN2JFYm9SR1ljZFNyRkNoNzJGZUdlSGs5QUN3anNXeHNEWlJ1OEdpTXF4RHNWYXdkMXdmR0xMa3ZDWFQyVnBtNzRzSzQ0T0tlSmhpTmhnVWNxSUU2X3ZyMjYzLVHSAbwBQVVfeXFMUGFpTXNsQWJqMmx3R0t2X3VFdlhDOVljS3RXSXh0SmdmcEtaODA3MHpGYU5Xc2o5RDE2SzJzeEFDdElCLVZfZTJKNThOQ0gxTWx4am05bDdQeWd4aDZ4UHlIRG81X0pkQzBmbnlUdm5ObmdhWUEwM2NMbUJWSm05VzZ2ZV9RZHFtQ0lUaHRPRlhUb045Z2l6aU9zME1FR2FTdkNtR3kwdkxTMFRPSG5abFBhVUdwcDRkMEVpd3M?oc=5,Emirates 24|7,en,financial crisis oil price,global_financial_crisis,relevant,2,0,0,0,1
2008-09-29,Silverado collapse cost taxpayers $1 billion - The Denver Post,https://news.google.com/rss/articles/CBMiigFBVV95cUxPMTMycUpBbGtZR3pUQkFtVWd0NWdBdUlaVHBEbWV4Z1J5VE1XYmVLcDRDd1NCaGpoMXh3U2VBNUVyN0VNSGdMQmwyVUp3M1JuOS1vRFJQTHZsZjlrdVJaOV9nNmhWU29ZNHhLVVZuM3NmZDBpVHVMMjJvS1FzVmNGNVpLbzUtX01kSkE?oc=5,The Denver Post,en,oil price collapse 2008,global_financial_crisis,relevant,0,-3,0,1,0
2008-09-30,Financial crisis: Dow Jones collapses as Paulson bail-out fails - The Telegraph,https://news.google.com/rss/articles/CBMipgFBVV95cUxOVTdHdFRSYUVNc3BSMzRzeUJCQnhxRGhmQThxVHJMN2hwbzhkZkNiSWhTZjN2aTR2QUJvU21yZTZWbF9hWUZHdVlsTkFNTktjV3JHZ0YwU0VyWEtJQjZSRFlHY0FiUHh3X3VJMElzUEtFOEFPdkhZa2R2YkJCenJGQl9GOTJvRllaX0hiWEQ1WTZHdWZOSnN4Yk9TMHJwTmdSYVR0d013?oc=5,The Telegraph,en,financial crisis oil price,global_financial_crisis,relevant,2,-3,0,1,0
2008-10-08,Financial crisis timeline - The Guardian,https://news.google.com/rss/articles/CBMigAFBVV95cUxQZW1ZNU5CcGpCemh5R1RNN3pZbUZEeGducldGQVZIZzlDS1l6X1BZMXlWZUhWd010TlhpYzl1VGY0NllCQlZiXzk3aEdidmtMUEN4eUtIOGk1d1o3NEJQSVNWQ0pYQ1RQVV9fbVk0b1Fkc1RPQ2NqaV9VcXJReXhGUg?oc=5,The Guardian,en,financial crisis oil price,global_financial_crisis,relevant,2,0,0,0,1
2008-10-08,Arab stock markets plunge for 4th day - العربية,https://news.google.com/rss/articles/CBMiaEFVX3lxTFBXNEk3YWIyaVo4UW15Tnczb2NxXzFxcVdVbGExQ1hGbGtXQTVrRDY0dWtwTGRnWjVhZkE5cWUtNk9ITW1NYnhENVlaVXZ0dGU0Tmw0MHcySHo2T2pZTjI3aDJCVEFOM2dq?oc=5,العربية,en,global financial crisis crude oil,global_financial_crisis,relevant,2,0,0,0,1
2008-10-10,Worst day in 21 years - SMH.com.au,https://news.google.com/rss/articles/CBMifEFVX3lxTE5XQk1wN2FBRGRoNTZ4UUZEQ183QjRGdjNweFUzY1FSbEFNN2JodU1NMTBDQWFKODF2LW9jSVVPTEZDUDhabUxoQ0FqVDVuMHpFck5xM0tuam8zdkhrTUVUeXMyQ1lQUkhyRXY3c3RrRFBORU8wYTY4SzBrRGo?oc=5,SMH.com.au,en,financial crisis oil price,global_financial_crisis,relevant,2,0,0,0,1
2008-10-12,UAE takes preventive measures to face global financial crisis - Dubai Chronicle,https://news.google.com/rss/articles/CBMipwFBVV95cUxPU29ZX2hhdUJrT2pHVDVHSzVmM0ROWUlaQUo2YzBxTmJELWpOZmRYczhtRURyeXExdFJnZVRyYWE3TVJPYVJBNE5SVjFDTDd3QnA4bFBvRWtuSVB0V0ppLTc0UGJkaDJEUF9WRnY4M01ETnppZlR4MjZoQmtKbEtJYjlfVUd4VnVPZXhEZTZCcHAtMGgyUU9OWWgwVTFMWFZ4RUZLSTlWWdIBpwFBVV95cUxPU29ZX2hhdUJrT2pHVDVHSzVmM0ROWUlaQUo2YzBxTmJELWpOZmRYczhtRURyeXExdFJnZVRyYWE3TVJPYVJBNE5SVjFDTDd3QnA4bFBvRWtuSVB0V0ppLTc0UGJkaDJEUF9WRnY4M01ETnppZlR4MjZoQmtKbEtJYjlfVUd4VnVPZXhEZTZCcHAtMGgyUU9OWWgwVTFMWFZ4RUZLSTlWWQ?oc=5,Dubai Chronicle,en,financial crisis oil price,global_financial_crisis,relevant,2,0,0,0,1
2008-10-15,"Commodities fall as investors flee - ABC News - Breaking News, Latest News and Videos",https://news.google.com/rss/articles/CBMiYkFVX3lxTE1XRWs3XzBkemZocGNMdFR3eUZXTFR2bjJhX3ZhYk1fa0hjMlB4Q3U5a1p0QV9vUThKa0FWVDlfYlctMFlOOU9oSjJGc3NyODM2TWpTZzBuU29wbW1CS0VHX2lR0gFnQVVfeXFMTlc0YmJ2Qy1fZ3VLUUZfVXN4U2FiQTllM1BzQmIzcTRreGtxVnJYdVBTZ2lHRUpzNko3TWwxNkdzVUVkSGVyOWNvWGxjMms0UVNDM2hteTBISlZXTXBRUU5xZ2EyNmc5cw?oc=5,"ABC News - Breaking News, Latest News and Videos",en,global financial crisis crude oil,global_financial_crisis,relevant,2,-3,0,1,0
2008-10-17,Oil price below $70 a barrel for first time since April ’07 - The Spokesman-Review,https://news.google.com/rss/articles/CBMimwFBVV95cUxOZW5fVlZ6Q2tWc01yOW8yS2l6bnJLWVQ3RjQ5LURxSUtHYkdidUNIb2NhM2dPZW9YMjFxc1NzMlpVUVRmcC1IQXFKVXlUVGFJYmVJejcwdUtVRDJpeGFmcDJRSWY3WWtxZ3YyZ3F4LWhVRGRIY0pKZGxnejN1M2I1c2h6WTd1VWJJMFdQdmdIeU53eHJrSnlPQVNCbw?oc=5,The Spokesman-Review,en,oil price collapse 2008,global_financial_crisis,relevant,0,-3,0,1,0
2008-10-23,Falling prices may force Opec to reduce production - Emirates 24|7,https://news.google.com/rss/articles/CBMiyAFBVV95cUxOaVdyMWhQUHFPV3ZwakhNVFpvbFllY1dxbFJPR1pnQWF0VEJVQ3N6V0J1X0FEQ2NkbFdGUTh4WHUtVmYtZHlpMGF4YlZUVVl6RmxZakVfNHhoUXd1a2QxTE44b1BGX05peG05WmQwSmZqaGRYMTJBSlNtVzNIdVFtVFZvZGlWWl9tSElzZ0FrVW95Z3ZSb2ZxTk12bWVnelZkYmpRNEVodHM3VC1PTElmQUpkUXNOVFcxNG5WTTdSSjhMam85VVhVVNIB4wFBVV95cUxQUUdZaWxuMGtIeEtwZ0tMeGtSZlRDZGhWVHhkMGJUX0hyNGNrT1RIWUpCY2ZiVXFlQWNRWlRjdWZ1THFocUNFTVM4VTFKWjRPcnhrUVFiSFVGMXFsVkpWWWl6UldTY2FBeFlDSTVVazB1V2FWLWNVa0ZTYWVKNi1uV2R2ekkzd0daZlN4S0ZIcEhFamMzMDhvRUpSd2dtbVhIaHl1aUlMamxaV1JGUzdnSF9rMEtCT245Ykd0Ry1HMUtzejFOYV92dHJlcXY2MzhONS1HMllSNUJrMlNKSG8zb1FOUQ?oc=5,Emirates 24|7,en,financial crisis oil price,global_financial_crisis,relevant,2,-3,0,1,0
2008-10-24,Cleric Says Iran Cannot Gloat Over Financial Crisis - Radio Free Europe/Radio Liberty,https://news.google.com/rss/articles/CBMie0FVX3lxTE00MW5zc1YyMnF4ZkxOTzRDNU9OQlQ4dDZobUFfU0czZGp2eTBkNWphb3g1SDVnZVJ5c05JM25adm1NeF85TG55ZWdyWWVFSHExVy1xbEd3eGpnMXVBT3N2S1lfVjM0eG1MNEFjbC1qTm9fcWc5V0tQWWJQONIBfkFVX3lxTE9jTGEwTDQxcDBRTWxScXo2dkpvb0gyRkMwbzVVaS03dDJqQ2pvZ2FFRHNqMWt2a1BkV3ZGdnkyYmJTNV9FcE1ZaXhZM25LelZNNUJyanpUbERiWUtVRU9fX01fb1k5a19FZEI3WFM1TVJYNGUxYUEtM1BtYU9SUQ?oc=5,Radio Free Europe/Radio Liberty,en,financial crisis oil price,global_financial_crisis,relevant,4,2,1,0,0
2008-10-24,OPEC Says It Will Cut Oil Output (Published 2008) - The New York Times,https://news.google.com/rss/articles/CBMid0FVX3lxTE1GenE3QkYzTllTQjF3ZTBuYUJobXFJVjF1REhxTG84NmRPU2pTWnliVkhjTmUxcHliY2ZPNjNFSU1WTEV2OEZNMWY3WFJlWkFCSWdoQnk3TmZSS3BXaDV1WGlxbEs1b1NlS29FVTQzc1FHTUJuNHVn?oc=5,The New York Times,en,financial crisis oil price,global_financial_crisis,relevant,2,0,0,0,1
2008-10-27,Sudan says financial crisis fallout will impact oil revenue - Sudan Tribune,https://news.google.com/rss/articles/CBMiT0FVX3lxTFBzaGNVTDhLZ3R1V19Ob05xR19NaW9TNWhBcEMtR0xIM1JaSEpvR0ZRM2wzd0FCdnlJYUs5NXVDcl9SLXZldHE2SFJmRzNDMk0?oc=5,Sudan Tribune,en,financial crisis oil price,global_financial_crisis,relevant,2,-3,0,1,0
2008-10-28,Americas | Is Venezuela's oil boom set to bust? - BBC,https://news.google.com/rss/articles/CBMiW0FVX3lxTFBjajVtNUF6SVNIbURpVWR4bjlNbTdEWV9uMDFzZlJmRnlFdTBrRFFGdm9PbVgtRkltQ3dtS05xc3dYQTZGNTVmemh6a05tVjhsbW5RS3dMLVM0Vlk?oc=5,BBC,en,oil price collapse 2008,global_financial_crisis,relevant,0,-3,0,1,0
2008-10-30,Russia pushes an 'OPEC' for natural-gas nations - The Christian Science Monitor,https://news.google.com/rss/articles/CBMiakFVX3lxTE5PYXlBOTItX1VGRWtSazZocFZrVTZxVVVpSkNQWWYyNjR4NzNlaUVSWDB4YjB1el9tdnUtYWhnTVJxWjhjTjNVTDMwbDJrLVJBZURtYXBXOUF5aGtHQUhsRWFCY3BZZFNRZUHSAYMBQVVfeXFMT1hkeGhSWWVRZHV3eF9FdXFxTWtnTkF2blNzQ2FSNDM5MV9pUVN4dlc5b2xTR0FITWxpZHZkSXI1UXFUUVN5RURwWTVZVGQxWUlPOTFhQlZMSmZnR2VFUmNiajJUcWg3MXh6bExaWFZjcTg4ZjE4THBjYXA5bm1zSFFDczA?oc=5,The Christian Science Monitor,en,financial crisis oil price,global_financial_crisis,relevant,2,0,0,0,1
2008-10-31,Governor of ECCB Backs OECS/Trinidad Union Amid Global Financial Crisis - The St Kitts Nevis Observer,https://news.google.com/rss/articles/CBMisAFBVV95cUxQNE9NRGl3VmpoMVB3YTVDeHQ3S1pZaGNjMF9WNTVXNlRlejltb1U0c2tmTVRZZzRmWVU4UGF3clZ2SVRNR25SZkZFZUNKOWhwazBzY0gzaW9IMnVPdDFuT196ZTRGWUpJZnU0THVLQXdQSXVJOUpvWXhKMll0YVZjQmFGNDlEUkNxWm5SSkNRNkFqMUFNSmtWdEhIdHBYVkdfT0RSNEExTTNfQkNNbFBDTw?oc=5,The St Kitts Nevis Observer,en,global financial crisis crude oil,global_financial_crisis,relevant,2,0,0,0,1
2008-11-02,Gas dips below $2 in Springfield - The State Journal-Register,https://news.google.com/rss/articles/CBMigAFBVV95cUxQYjZ3MWxtNk83QnFhY0o3QUo4Nk5qb2Q1azJFd1YzTEtqbldfSlZkSkZpTkNuc3JPY0JqVDR6TDEyaGtudldTcjVSckNIUU5adGRnQnFjR3VKN3FmR0pKaWI1RnpyVl9rbnNiRnpQcFQ0WUE3eFc5UVlyZ3o2RDR5QQ?oc=5,The State Journal-Register,en,oil price collapse 2008,global_financial_crisis,relevant,0,-3,0,1,0
2008-11-03,Business | Finance crisis: In graphics - BBC,https://news.google.com/rss/articles/CBMiW0FVX3lxTE9TZnJpRjdWbDB1VURfQk04c1NQTlpma1l1aXk1WTJKalRxUzVJaTJVNWJEZUZqM3FWX1pGTHlfeUdLQ25taU84YXdGdEYwWC13UWZ1aldqRFZwXzg?oc=5,BBC,en,financial crisis oil price,global_financial_crisis,relevant,2,0,0,0,1
2008-11-03,Business | Credit crisis: World in turmoil - BBC,https://news.google.com/rss/articles/CBMiW0FVX3lxTE5yXzhyeHAtSkxfeW1xQTBDTGNNVUZGNDY0OHVNbGhzX3l1SWs3ZHpUQUM2cjA4U3VLc3N0MWtnLTZwcUtuWnJ4MERGM2FXa1RVVTByaFh6MFJxODQ?oc=5,BBC,en,global financial crisis crude oil,global_financial_crisis,relevant,2,0,0,0,1
2008-11-06,Fish and Fishery Products: a Global Market Analysis - The Fish Site,https://news.google.com/rss/articles/CBMiiwFBVV95cUxPMThjU2pzbWRoR2RtamRVMFk2YTJRU2ZWT3pETTdNRldzVjdRMFJ3Z2FGUTVqRDhRVmdqcG9oUFhLdGJIYVRHaEN3VFBKdGRpWXhjbUt1a2Q0M21OTHZ1czNCNW4yYy1kMm5WNEVrTElQc3BqYV92em02N3B5NFJXTlJJUzc2dXExOS1B?oc=5,The Fish Site,en,financial crisis oil price,global_financial_crisis,relevant,2,0,0,0,1
2008-11-11,"Kazakhstan Battles Financial Crisis With Bailout, Reforms - Radio Free Europe/Radio Liberty",https://news.google.com/rss/articles/CBMimAFBVV95cUxOUU13NEIxUzRncWVNaHZINnR5b0pMUktqTTl0RTJqUDR6TVZaRFhWWDV6VFdjWmtCaGhtMzdVTjJJZzBsYmsyZFFJb2hYZzhPTGtjdjViTnBiLVNoQTZaaVFNYk4tX0p5TXhTbTJRQ0RHQThBYjEwZFFSbUlBZHhmcmdtMklMcnBpUFdpaFM2VXI0ck04dmw0dNIBmwFBVV95cUxPdkVaUGkyRUlYSW1FZHd4ZU9GTGJaVm5SaGZNOEg5RVpURWQyRFB1N0ZUMzV2bzdyaG9Ub082dXQ5YkZEamdiRmZGMDdlTlFueHpoSEYtak5jMDhYUkJMYmFLMnliWFJ0UlUxNGpKNXRwU05pcU9oLUs0Tk9IWS1ydV9PX1JqWW5iMzVPMl9hMHp1bDhnRHY0LUFpVQ?oc=5,Radio Free Europe/Radio Liberty,en,financial crisis oil price,global_financial_crisis,relevant,2,0,0,0,1
2008-11-11,The Five Stages of Collapse - resilience.org,https://news.google.com/rss/articles/CBMieEFVX3lxTFBjd21xc2NWVEIyZ2wtSzhHMFZrLTl3a0VJZWhtTWxWTEN1RUtGZUpWVm01TUFLLWlrVE10Y2QtXzBWcV91MmM0R0Fma3dpR0JzVnRjYUNDMnJIMkpwaWp5ZVZMRHNzQWRtd0NiTHhBX1luNzJ3TS1pYQ?oc=5,resilience.org,en,oil price collapse 2008,global_financial_crisis,relevant,0,-3,0,1,0
2008-11-12,Grocery prices still high despite oil price drop - The Guam Daily Post,https://news.google.com/rss/articles/CBMizwFBVV95cUxPcXN1bDFhNnNrUnhCY2lMV0FYZEJMenpDR3BLVWI3YnZDQ3pPaU5RQWp3ajFkWGRnQ1VPdE1vUUtjQmcwMUM5VS0wZWZubVVxOGlQUmt5dDU0VngxU0JlbURpUThNVWxIZWRkVm9fRDUwQXhYZWF0SFpjQTBheWxfazJiRjB3WG44OTZ5QnRkbVkteVRhUnptZkx6Q2lFQ3ZlZW5YZ3hJYk5sQ2lKTGNTZjZRZTBkSjJlZjhTcWxNa1hmeGcyay1nNi1TRDdSMkU?oc=5,The Guam Daily Post,en,oil price collapse 2008,global_financial_crisis,relevant,0,-6,0,1,0
2008-11-13,What Caused the Big Slide in Oil Prices - Time Magazine,https://news.google.com/rss/articles/CBMifkFVX3lxTE9yVkRDNVpqRlRTYnZwLVhTS3NoYUZQZzRIZjZVOWZwVmdUaTNLM0VZTVJXWGlFcW9LZW5xaVpGbEJmNEtXRGdVZ3RldC13cUk3MXA2dDUzYjNHZ2ZhemdNMFhOOW1WZkVheDRpdkZ0bEJtSVhrekl5R0U5ZGVEUQ?oc=5,Time Magazine,en,financial crisis oil price,global_financial_crisis,relevant,2,0,0,0,1
2008-11-18,New Nigerian ministers nominated - Al Jazeera,https://news.google.com/rss/articles/CBMif0FVX3lxTE1vU3FaLWpHSGI4ZlMtbE1XM0JJYUFvRE9UZWpZNEhIdVU2VXh0WVRucEo0UFJsZlFtRlJCVmRWOWdxUE84NjFaZnRzU2RCQXFxSmJuQjhPX25SenF0THZJR0pnWTNISTFHbHlZUDBueS1ZMFh4RlJSLXNTbEcxNFnSAYQBQVVfeXFMTVNZZ2dNOXctQkZSdUxaVXVRNTlxY1JPTFdMOF9YSWhYQ2V5eWQtM0hsSEgzNUZjSE5nTncxbFJtSkJXQWZHSDhOYlZJRzFqa3hBLW1HSC1lLVlhSE9MYzI5b3luOEFySXdFWTkxc1M3RmFINXlDUjBBYW8yNm5vcWJSaGRT?oc=5,Al Jazeera,en,oil price collapse 2008,global_financial_crisis,relevant,0,-3,0,1,0
2008-11-20,Latin America and the Financial Crisis - Council on Foreign Relations,https://news.google.com/rss/articles/CBMicEFVX3lxTFBWNUtuRU9fb0hCTnZ5ak5yak9LX0dIWlczNFRrQVpQSFdrMVY4YzhkQmpnWG5UVkp0SjNDYzg1RUpfaFdzcVFMNGZOMzZPWDhDNjBFXzdfaEFpTHBtcFlBaWdLQ2xNejNrVFpSUUdpblo?oc=5,Council on Foreign Relations,en,financial crisis oil price,global_financial_crisis,relevant,2,0,0,0,1
2008-11-20,"Russia close to economic collapse as oil price falls, experts predict - The Guardian",https://news.google.com/rss/articles/CBMihgFBVV95cUxQR3I4WS1fMDZnQ1AweWVXVGx3N3Fhbk9WMmZLRnE1LVlQZDh2RHc1YjBPdkxFQmxBMFFPVFo0QVB4UGV0UlI2X3VTTkdfcnJCWElrbFJ3LUs1dC13dGFwb1E2aTRTLVZKMmh6dExUaXBpLWRvWmd3SjhNSDRZNVBrSlprVGlhZw?oc=5,The Guardian,en,financial crisis oil price,global_financial_crisis,relevant,2,-9,0,1,0
2008-11-30,"The Ideologist, The Crisis, And The West - Radio Free Europe/Radio Liberty",https://news.google.com/rss/articles/CBMigAFBVV95cUxNSFhnNWlicXMtc1BwZS1pVUdZX2phUlRFYW1zOUJzemt5aFhTeHJZMlhjX2NCc3cyS2VyVHM3alhWNGFlX3VLdC1HNjI3bl9WSXlFMzBXckluQ3JWNFItdnRyODVzUXY2aGNycjllQjdIRXk5cW81SWR6N1ZfbW9mNtIBgwFBVV95cUxPQ1M3cUpLU1VhZVFXS094Y1VQb1RJOFVHNEZCMHppVnFEN1Zpdmw0NWMyckc3eTBFWGZjZFBzQ3BkblVMakJoSWNvZ0FxSWFreGlmTVZVcUN4TXZWdDNLWWN1bmk5T1ZCU2NLVHRlbFJsTE96bkdwSWJQb0theml1Nm5EMA?oc=5,Radio Free Europe/Radio Liberty,en,financial crisis oil price,global_financial_crisis,relevant,2,0,0,0,1
2008-12-02,GCC & Levant – The fog of financial crisis - Executive Magazine,https://news.google.com/rss/articles/CBMijgFBVV95cUxOS24tclh2em9JTDEtcURsT1l5UmIzcGlsQmdtVWV6YXJRWDUzR3htai1XeWZVRkpHNlRETEVPLVhGc3JxWFVsNkFMWUstNEpOQTg5Z1NPSWJYZGpiaGNrakNEY3luVHBoWHVPMDdZNW95a0xuaVRPeks1ekJ4TmxmQktkNlMyNVdPQjFtVEpn?oc=5,Executive Magazine,en,global financial crisis crude oil,global_financial_crisis,relevant,2,0,0,0,1
2008-12-03,MENA – 2009 to tally the toll - Executive Magazine,https://news.google.com/rss/articles/CBMihAFBVV95cUxOUGYwenl0bExLZThRQXJhZTJrQXg5VGZBaDhvYkFwWXl4bl9rbl9EZFN4X2NZQjhoQk52NVBwWVYwU3ktNW82WGVaZkFGMm51TnJHbTRzX1NMSVRKTTVFU2hJaXlGd3FmUFlSN1l1Z3hkdDc3NFkwVUhWR0pZWDc2QU9lSmg?oc=5,Executive Magazine,en,financial crisis oil price,global_financial_crisis,relevant,2,0,0,0,1
2008-12-03,Overview – Paltry protection - Executive Magazine,https://news.google.com/rss/articles/CBMifkFVX3lxTE1USmxkamRHN0JOUGJhQnBkekx6U2lBNVhVOGQxUUlYNVk0R0k1b09ieTBSczdLbjVkSGhRR3I1RlpaS09kWG9KUzBfbEN4TlhsdW5yQzhGbG1CSHExQ3pIUjdQSzFzZkVQZ3M1dFFZWFdmRHoyTkRwV3ZHRE02QQ?oc=5,Executive Magazine,en,financial crisis oil price,global_financial_crisis,relevant,2,0,0,0,1
2008-12-12,The Global Financial Crisis: Causes and Political Response - Real Instituto Elcano,https://news.google.com/rss/articles/CBMiqgFBVV95cUxOdHN5Q2ZCTDVMMHR4RnBmNUcybnBXWUItMXEzUmxEazlOZlNoNWhsWnBtcENudkhrUm9sQnBha0Z0blQtS0tPbExKcDI2RVVpeUdBeUVzdnVVNHBrcDljbDcwa2JGbTRfWWoybkE4bGVsNWM5WVJOQ3ZCR0FYQll4QjQwVXJoR1Q4bEtnYV8tSnhYLXpYWFZTSDN3Mk81MWVpR0p1R0JIUEJNUQ?oc=5,Real Instituto Elcano,en,global financial crisis crude oil,global_financial_crisis,relevant,2,0,0,0,1
2008-12-12,"Finance & Development, December 2008 - The Crisis through the Lens of History - International Monetary Fund | IMF",https://news.google.com/rss/articles/CBMib0FVX3lxTE5GQXB4S21sSURiMEdWSGdtLUppYWs4SnNYT0ZLWkxPZnpycWR1QmhHMEJGRVVRekg5V1RKdlFwcGVzMUFhanM2QVprVkhURnhuZFhJUmZwTmNFM0RIT01ZZGVqV2F5eDFtRTlES1I2UQ?oc=5,International Monetary Fund | IMF,en,global financial crisis crude oil,global_financial_crisis,relevant,2,0,0,0,1
2008-12-15,Big Oil Projects Put in Jeopardy by Fall in Prices (Published 2008) - The New York Times,https://news.google.com/rss/articles/CBMiZEFVX3lxTFBfNnAwdGFnVlRQUVZIdHFwTlUzZHVYcG4xM3dXNWxzamVPcTVOeFo4NTU2Wmd5Ukx5MnNBeWtLaWtsS1ZyaW9ZR080NXltbzhvUWhLdk5YN1lrcTZGY2NCZVZ4VGM?oc=5,The New York Times,en,oil price collapse 2008,global_financial_crisis,relevant,0,-6,0,1,0
2008-12-24,Breaking contracts: Customers try to back out of oil deals - pottsmerc.com,https://news.google.com/rss/articles/CBMimwFBVV95cUxOeFc5aWgzZDZBWTg0b1hUR2FlcE5OVDQ4d0t3eC1WYWY5TFZqdFZqQUNQTE5TX05vM2o5NDl6WnRWLUFlQ3JEV2pBbEZOTExMbkhXVWVldlh2RGQ1YVZNZUNZWlZIU1V5NmxyOTJ0enpKT0FDdWNBeGZsc3lLNTI4T3RfbUQySlpCb19UZ3FicXRvZmhuOGRVUjBlTQ?oc=5,pottsmerc.com,en,oil price collapse 2008,global_financial_crisis,relevant,0,-3,0,1,0
2008-12-25,Countrywide and Bear Stearns Started the Year’s Slide into Financial Crisis - VOA - Voice of America English News,https://news.google.com/rss/articles/CBMihgFBVV95cUxQWnVFLUVscVlFNU1RLXJaMWFHX0s5a2UzOW9Oa2pnZE04RjZ5d2kxRXVHcFgzMThPUF9NeXNVNjF6ZVc5bFNheVFLNG5VNVBuWWhsQTBodkJkZzBSai1BckNlSEM1aFdKak5WVzUwaTBvdkRCTmwzZ1hsVm4xSkNMZnh2MmFtZ9IBiAFBVV95cUxQdjZEMnVEcDdwY09QUzlTUGlWM0xVZDNFX0RpdWJDdUhwS3hpV3hOdnViU3lYQTRvSmFDemdzWjhHeXhDRUFJclRkMFJyNTVnT0ZiYkVYWXU5YTMtSlg5SnU1dE90SE5WRHN3Y3l6ZTFUdmQyOENhcnRtUzVqd09QbGItZXRNUUl6?oc=5,VOA - Voice of America English News,en,financial crisis oil price,global_financial_crisis,relevant,2,0,0,0,1
2008-12-27,Banking Collapse of 2008: Three weeks that changed the world - The Guardian,https://news.google.com/rss/articles/CBMiiwFBVV95cUxOcDRJLTRZYURmcHpPdHppUjhhTmYxYUNDQ0ZxY1FLSUZPUHZpX2VHX3FoYVpmd2htUm1PVEtUTmEtcVY1UmpEZDNiMEZHcGtVZjhBMGlZVEtma3dGYm9jQi1QNFJPNnpodjh0TWJlYjNUZnBDV281Y1NaNU5jTFpLWmFRU1ZIZ3dPR3BV?oc=5,The Guardian,en,global financial crisis crude oil,global_financial_crisis,relevant,2,-3,0,1,0
2008-12-28,Airline bag fees remain after oil price drop - The Oklahoman,https://news.google.com/rss/articles/CBMirgFBVV95cUxQamxMMFNDMmpBbjNmR041MVVyWUFoM05xMGF0SExpcVd4U0VUamlrOGt1cURJaHI5UVROXzdxSFNUUTJUZUhkZEpCMWsyMW1oVFdlMV9rQVdzWkM5MlBja2tBc0RJamFfVTJzc2pHSUdDam1CMzdKU0FpeU9pLUlwNV9DTENuOU1QbV9TSDJxQTVkdk9lX0piUnEyc2RvRnR4bUl5ZW9NazJoNXZjZGc?oc=5,The Oklahoman,en,oil price collapse 2008,global_financial_crisis,relevant,0,-6,0,1,0
2008-12-31,The Stunning Rise & Fall Of Crude Oil - CNBC,https://news.google.com/rss/articles/CBMifEFVX3lxTE8xcXNjLVdReWk0Z1pHdmk3TV9uX0lobXJmUWlsTlFnUEVWa0FnSkhYOFg5MkN0NzZETW9kY25raF9mT2RVLVQ0SzFCSjhKWU41Z3Q4Sk5ab2NyTS1JSW9hekhkLTlKcS1lRTg5Y0VPd3l0RS1ENzRaM2xGN0HSAYIBQVVfeXFMTlR0bXdMWXVvcjZnWjZkVXhNekZMc3FlakVDUEhERkdCNlhWaXpBTlNjaVhqZUpPSmJnajRBTW1nQ0NOZTZmMmxac3NJRUYwY2Y0VmJ3SXh3MWlkTF9TWXJTTkQ3YXNMUW5Ud1RHc1h0YjdnZmVHZEtabkFLNU9tdzdWZw?oc=5,CNBC,en,financial crisis oil price,global_financial_crisis,relevant,2,-1,0,1,0
2009-01-01,TSX down 35% in 2008 - CBC,https://news.google.com/rss/articles/CBMibkFVX3lxTE1yZUFFTk5mVEl0VGVQcUhONDVUc3JXdFNHdHk2OWlXUVFEUEtTcWp5YUpwWkxBVndSejhmZDVMRWV1anM4UUhxRGpybzBFZFJoMkRHa1ZBelJ3Z05UN0hLQVJBNllqbHZWb05qRE5n?oc=5,CBC,en,financial crisis oil price,global_financial_crisis,relevant,2,0,0,0,1
2009-01-07,Oil's Sinking Fortunes - Time Magazine,https://news.google.com/rss/articles/CBMiZkFVX3lxTFAzWGExUVhMaVRzQWVobUxnQkpSakRhVFU0OXczNnhVSzE2RVd5UFFkejJ1enR0clFGSHk2RHEwQ210VWU2aWw4dUVMT1lBQ1dRTU9GOHhCeXZJYTRtWlN3V0JwbUhPdw?oc=5,Time Magazine,en,financial crisis oil price,global_financial_crisis,relevant,2,0,0,0,1
2009-01-12,Malaysia: a year of economic and political reversals - East Asia Forum,https://news.google.com/rss/articles/CBMikwFBVV95cUxPZGdld0NWOWpQVU5JOFFuRG9ZYW9la2x4X2VQT2EzQl9FMjJqUUEtTmQwbmJqLWNjTERPMnI1S21LS212RmRycklsV2lpUmtpTG1ycGpZVnZKMVN2aHNnRFZyb1lvVkNycFpPUjBRZUE0QlczOXRWVm5jWnE2Z0I1VkJfZG0xNkVzaFhyakFoNkJvbzQ?oc=5,East Asia Forum,en,financial crisis oil price,global_financial_crisis,relevant,2,0,0,0,1
2009-01-25,Twenty-five people at the heart of the meltdown ... - The Guardian,https://news.google.com/rss/articles/CBMikgFBVV95cUxQcC1UdjJaQWhZbUg1NWRLbk9fNW5EQ2V5aHBJU0FOdGFJME4tN0MyOTJHOFEtRWpPS1NkR21ZWmFGX1VJVHZ0cmlFZEZfNi1xWTNYYU1UeGZEd0FpX1RDVHgyX25rVTRLa3FUSDVwVnN0R09FWTJVSzNxNUtJSGNZTWVaeWUyeVhQUXZNLWVoUmFVdw?oc=5,The Guardian,en,financial crisis oil price,global_financial_crisis,relevant,2,0,0,0,1
2009-02-01,Energy Intervention Today - Downsizing the Federal Government,https://news.google.com/rss/articles/CBMiZ0FVX3lxTE5IZi10VkhXdTgwYmtnc1pGQU1GRUNPZ3BybnFsT01sQ2pzdTFLby1PVmM0LXcwbEw2a0dxMG54Q09HbTEzQ0NCNEVmNk1SSWFlNExFQTE1NzZDSy1rUmQwY3RBXzZyVUk?oc=5,Downsizing the Federal Government,en,oil price collapse 2008,global_financial_crisis,relevant,0,-3,0,1,0
2009-02-02,Sudan finance minister rings an alarm bell over falling oil revenue - Sudan Tribune,https://news.google.com/rss/articles/CBMiT0FVX3lxTE9tYmxmTmJRN0ppdEUzdktkemFBOHUzUS1pOWVrM054b0RzcGJFMVBtN293N1B5amNLaXE0bG5EOVhDWDlGXzZvV1QxY016OWc?oc=5,Sudan Tribune,en,financial crisis oil price,global_financial_crisis,relevant,2,-3,0,1,0
2009-02-07,The Chávez Administration at 10 Years: The Economy and Social Indicators - Venezuelanalysis,https://news.google.com/rss/articles/CBMiVkFVX3lxTE5BeDlsQ1ZlaXhMaXpvOGM2cFdUQm13ZzQtYkVCWWstejhGeVZCeTVIMlJlc203SHpNaDNObUtOLWVvQkt2S0NWdGZ5ZjN2ang2NHhhQzBn?oc=5,Venezuelanalysis,en,financial crisis oil price,global_financial_crisis,relevant,2,0,0,0,1
2009-02-09,"Government Intervention, Not the Lehman Collapse, Caused the Financial Crisis - WSJ",https://news.google.com/rss/articles/CBMiXkFVX3lxTE1GM1k0eldldndtbFlnS3dfdzVKdVFOd3pMcVdwUkxWeFJQQ2VHLVg4YXM4bV9HMXkzVUM1blFYZUFTN2plUW44b3Z0MmJTdWZLcmczNjhuYVZ6RjQ5OXc?oc=5,WSJ,en,financial crisis oil price,global_financial_crisis,relevant,2,-3,0,1,0
2009-02-10,Airlines—An Energy Bet Gone Wrong - CNBC,https://news.google.com/rss/articles/CBMieEFVX3lxTE9zVzJ1eDJ2VUJOd0QyVzFuVElLYUFVd0Z6ZndDTnplS0MwdjdoeUtYblpLZVNwdDVqZ1htX1FFaU9NZklhbGhneE03NmsyTjZnTXJBWmFxNEt6d09aemZVcFFiRnRyaDhleTFobFF0c2dPV25aZVh3MNIBfkFVX3lxTE1RWG1Hc1hPOHFzRVJtWS1jX1hrOEpfV3diS0ZEb3l0RmpObkdqZ0FrbGFKT1FQQ3gtNm81eTN3Wjdzd0NhQjd2blRQQURFcDBma2JuYU5PV1JKRXdCUEJGcnBlM0FnLVdCeDdpc0g1dk1rZklrZzdFSWNlODJmZw?oc=5,CNBC,en,financial crisis oil price,global_financial_crisis,relevant,2,0,0,0,1
2009-02-13,Dubai's six-year building boom grinds to a halt as financial crisis takes hold - The Guardian,https://news.google.com/rss/articles/CBMibkFVX3lxTE5wUnludGRWZW5kU2wyNVRtVkdqd1FlVWtiMEhmYVc4VVItUlBqTUJzRHJoVkpEWXUtM3pUdWhMa3JKWGhYOEhaNUQ4eW9uNmVlVnNjMy1HcGhNbHRwWnBMYlFXRWN1V1NTZHI3QmpB?oc=5,The Guardian,en,financial crisis oil price,global_financial_crisis,relevant,2,0,0,0,1
2009-02-23,Sudanese economy hurt by falling oil prices and ICC case against Bashir - Sudan Tribune,https://news.google.com/rss/articles/CBMiT0FVX3lxTE9odVVjRGpUcDZPMWsyVWFBVndSdkhoRXIzdjVPcm41RmhPUjR0My1zOFhsNjJZQmNkWUdqaFBoU0syVnU5VXdqYkp6RFVFdDQ?oc=5,Sudan Tribune,en,financial crisis oil price,global_financial_crisis,relevant,2,-3,0,1,0
2009-02-24,"FRB: Monetary Policy Report, February 24, 2009 - Part 2: Recent Financial and Economic Developments - Federal Reserve (.gov)",https://news.google.com/rss/articles/CBMid0FVX3lxTE40bUpTb05aM3UxWXd6T1AtRWVzSi1CU0J5ZGx6ekIzeFVEQ2pXV080N3lxUXpzNE5uaXpmazJiUFh5SlkzVlI3R1BnRk02Yk90MVk4MUlUSzdUaGIwRk5GMXhjYmhscU9fa1VPdERkVUxsQ1FBbERr?oc=5,Federal Reserve (.gov),en,oil price collapse 2008,global_financial_crisis,relevant,0,-3,0,1,0
2009-02-28,Recyclical demand - Federal Reserve Bank of Minneapolis,https://news.google.com/rss/articles/CBMibkFVX3lxTE15b0o3U0JKRkxjX0ZZQWpCbGg3VGRJSFdGeUlEWHpCZ1pPZkRkUmJNWVdITDZRblNvaURORG80YzFsVHZLazlYZURDblpWOXkxR2tOQjhEaTdHLVhVZ1lsMHdkVEtwajRQSmpNSVZ3?oc=5,Federal Reserve Bank of Minneapolis,en,oil price collapse 2008,global_financial_crisis,relevant,0,-3,0,1,0
2009-03-06,Uranium Prices Fall with Those of Other Commodities - POWER Magazine,https://news.google.com/rss/articles/CBMigwFBVV95cUxQRjUtcWwzRGo4cFA4bmJpN1RPdFl1SkVEcmV3MGhoa3hLX1ZvMDFNN1I3SDN0dTk1cXctT3N1VHBMWlp2cGFCM1RnVFljRHhfTlFnYVVhYkpYX1NScFF3dzN6NlFjSkQwQWQ0Ukk0Q2RJQldjZUpQaGJiT05rQTI5bTNoYw?oc=5,POWER Magazine,en,oil price collapse 2008,global_financial_crisis,relevant,0,-6,0,1,0
2009-03-10,News - NYC Program Students Attend Martin Wolf Talk on Fixing Global Finance - Hamilton College,https://news.google.com/rss/articles/CBMiqAFBVV95cUxQVTRpWnJWUWpaM2VnQ0ZSUk56UzE5Y1UzOTh1R0h3cGRBS1JJaHZUb3E5alYtWXlON2lxbEd1U0ZGbTBFb0NfYzNmUkY3U2M1WE1HZTdiNXhNbXM1UDFjVmN4c1Z6d0k3R3ZCNVpfRmtaVjR3MEZRSVExcmgtUWlQS24yUHhrMktRS09XekZDQ1ZwTWFzakVQLXZnbm9tRjBqbkFnS2N4Tk8?oc=5,Hamilton College,en,financial crisis oil price,global_financial_crisis,relevant,2,0,0,0,1
2009-03-10,Syria launches first stock exchange - Al Arabiya English,https://news.google.com/rss/articles/CBMibkFVX3lxTE5JT0dVbWJrakQxSFdnNmhnd0xQZjZrR0djSU1fc1RHQWZ4bGFrR0ZuQVVWUjV5eUJmSnZ1aFNETjNTb3pkV1FhanljVzRPX1Q5VTdxY0FiTGUwZjRVSmVFT1ZSNUw0eVVwWGxRU0d3?oc=5,Al Arabiya English,en,financial crisis oil price,global_financial_crisis,relevant,2,0,0,0,1
2009-03-11,Kings of Cash: The Impact of the Global Financial Crisis on Sovereign Wealth Funds - Knowledge at Wharton,https://news.google.com/rss/articles/CBMixAFBVV95cUxORXFnY1BrZ1pJZnAyMkdWNWVpR052SVNEQ0Q0eURSWWxmeW9Oa1V4OGJ0NG5yZU1EUG5fbzJ0U01vaV9OaEI0aE1iSTZvRWg0N3owTjROTlpDTjVuU01DbnFRbDRPTFJzVHRsTHNyeDA2UEZlVDB4REJRc2xUMXNleWxFVDd4dnd0Y0lvZVhqS0FvRERTSThNVHIzbThEWVVfYXRjamJqLWlBZ1lUY2FyM3hrVEtOR3RlTDU0NHp4QWRvLXdX?oc=5,Knowledge at Wharton,en,financial crisis oil price,global_financial_crisis,relevant,2,0,0,0,1
2009-03-18,"The Oil Boom in the GCC Countries: Old Challenges, Changing Dynamics - Carnegie Endowment for International Peace",https://news.google.com/rss/articles/CBMiswFBVV95cUxQRXhaNk14MlFSUlF0U2ExN1hCUE1yeW5LRm5iRm1EQ2hFQk9SSk9DSDA1R2pBY0dDVmJMb1k1aGRTckp3NmxtNGRTRHFLQklfaXNPQThPMVBXYjQyeVZHUXh0VzRzZVk5RUh5cExoQkpISzlIQXRldUExSXpFc3dYTDd6VlN5RTRVZWUwX2lKTnM3d3JuT21PbmVwSWxLZTlsN0NJWTd1Ny1ua2YyRnRfYmt5cw?oc=5,Carnegie Endowment for International Peace,en,global financial crisis crude oil,global_financial_crisis,relevant,2,0,0,0,1
2009-03-22,Sudan finance minister says oil price drop Western conspiracy - Sudan Tribune,https://news.google.com/rss/articles/CBMiT0FVX3lxTFBmbFNjM0Z1OW5oNHNnZ1lLczBycE9hZVRHeHhvcVpKcm9WZjRZaF9udXN1MDBYampIQTNDVWtMXzVlUGo1SmthdGRVcUNLY2c?oc=5,Sudan Tribune,en,financial crisis oil price,global_financial_crisis,relevant,2,-3,0,1,0
2009-04-04,Double standard brings down rich white club - SMH.com.au,https://news.google.com/rss/articles/CBMipAFBVV95cUxNYlFkZDFKaHFIb1poVVFmdXp2OF9KVWVFeWVrOWwwc21PbmJVUVFFRnY2MkV6ZHJBb1poUHBFSHYwWU1leXZrUUJSLTFkVkVLT0VRQ24tcXE0aFVWbWFzcWJyWUxKRElyRnI5Wm9weFIxRXNsV2t1al9wZVd1WmJqaDhJOUF2R0N2dnRReEU5aGNGR0Z4OXEzZUVia2hDcm9BdDBpOQ?oc=5,SMH.com.au,en,global financial crisis crude oil,global_financial_crisis,relevant,2,0,0,0,1
2009-04-15,Impact of the Financial Crisis on Africa - Carnegie Endowment for International Peace,https://news.google.com/rss/articles/CBMikAFBVV95cUxON2NBN2tvcjJlZ3JLMEdVbzN0X0ZTQWpPMmdva2NrUldzMTFUVVlCY1F1ZDBmeEZuU1g0engzVTl5NzVNZXF1STUyMHBvOGkwXzhmR2loTVBvVE9aZWxvZmFvYUQxMHVYeFo0Y0pOaTB4YXJBT0ZjVjlTY1ZjTWNfdlgzV3F4VW5GRWY0OFM5cl8?oc=5,Carnegie Endowment for International Peace,en,financial crisis oil price,global_financial_crisis,relevant,2,0,0,0,1
2009-04-25,Sudan cabinet calls for informing citizens on economic conditions - Sudan Tribune,https://news.google.com/rss/articles/CBMiT0FVX3lxTE9CYWd3VmxyS25OTzBsV2d5RnFnUjEtYkxlMy1jMnJpRkFwLTVTNWhENjN3UmVLM29PdHNaYU5TTjBhdTYtM0JLWTZtcFhvLUE?oc=5,Sudan Tribune,en,financial crisis oil price,global_financial_crisis,relevant,2,0,0,0,1
2009-04-29,"Sudan says US sanctions hurting exports, paints grim picture on economy - Sudan Tribune",https://news.google.com/rss/articles/CBMiT0FVX3lxTE4yel9iaGFVeC1CbkNYZnZVR3h2UWZQSDdTNTNkSFdaZDBPSnludFVtMnFvTU5zVUUwVjFsbGNTdlZ3NnFxQW5qdG81SDdvUkE?oc=5,Sudan Tribune,en,global financial crisis crude oil,global_financial_crisis,relevant,4,2,1,0,0
2009-05-01,State Capitalism Comes of Age - Foreign Affairs,https://news.google.com/rss/articles/CBMilgFBVV95cUxNWU1wWEYtc3pLUDFDRXAxb3Zsem9SUDRfMVhGYWx2ZlpITGdmWlZ6NE1QeGJ3QlNhTzY0RnUtS3duVFBBSkdhRHZ0TzQtWElqMXQya016aVNiYWdZdzY3Yi1HbnV4bjRIZ01pSl9LbDBlb29NS2RPbm1NQ2NnYUtKYTR5cV9hRHJ1ZUR2ZVlFaGxVUjZHYmc?oc=5,Foreign Affairs,en,global financial crisis crude oil,global_financial_crisis,relevant,2,0,0,0,1
2009-06-03,World auto industry reshuffles amid crisis - China.org.cn,https://news.google.com/rss/articles/CBMieEFVX3lxTE56M3RLOFZfMkhEV1h3N3c4Rno3Z09sU3JJWWdPXy1KVUVVaXZjMVlzaVdaczZBTVVqbHBRU2l2UXduUl90YnBEcWxNbUZKUGVqUWRUUVhJblVwQUhUck9qdTdBZW9jekZSVTZCNDRUUWFKUW84S01zRw?oc=5,China.org.cn,en,oil price collapse 2008,global_financial_crisis,relevant,0,-3,0,1,0
2009-06-05,Q&A: Volatile oil prices - BBC,https://news.google.com/rss/articles/CBMiW0FVX3lxTE4tMHpxWm83VHRDZlVnQUFEclFQbzhORzhDQ1JLSkpRWkNxX0xGdzVyTlQydDExV1RoTm1ZVy1QSmRNcTlFMmhPNUQxZ1FyVW1uOHBJbUhkaTdfX0E?oc=5,BBC,en,global financial crisis crude oil,global_financial_crisis,relevant,2,0,0,0,1
2009-06-08,Airlines 'to lose $9bn' as they fight to survive recession - The Guardian,https://news.google.com/rss/articles/CBMigwFBVV95cUxOeXpjSzgtWnhNeV9FX2QxcDhDb1FwcEVEdl9pMmo1VGdwZmsxLTNmQlBDRFFwRTlfeEtEMG5LNS1HbDV3UEswNnNjNXBnUHJYVG5Db2Y1dGx5NlhaNGRlRDVCN1VfeVBNcjZGUTl5d21HMlJ5bF9IZnJvMHplRmZxd2tQMA?oc=5,The Guardian,en,financial crisis oil price,global_financial_crisis,relevant,2,0,0,0,1
2009-06-10,Oil price creeps back towards $100 a barrel - The Guardian,https://news.google.com/rss/articles/CBMidkFVX3lxTFBLZGtFekxaekI3NjhrZXludWotckJva081RmhXZ3F4VVZlSV81RGEzcDVTeU1mM1pQYVppM1o3V2NOVzhhNS1hUmFxbXlxRkkxTWlGRm9pMzVaVlNSMV9GWGFBRU85RHc1c1hOTWZ5M0ZsV1d6Qmc?oc=5,The Guardian,en,financial crisis oil price,global_financial_crisis,relevant,5,3,1,0,0
2009-06-10,First fall in oil use since 1993 - BBC,https://news.google.com/rss/articles/CBMiW0FVX3lxTE9iZ2NPS1UxZ1h2UWl6Q1cwc0xSSXUwbHR6Rld1d09Wc00xdzdKc2RvRHlRVGYxODkxQWZVRU51SWc0cjdZTEw1eHdRTmRGa1pZN1BQNGVEeVpYNk0?oc=5,BBC,en,oil price collapse 2008,global_financial_crisis,relevant,0,-6,0,1,0
2009-06-17,The Airline Industry’s Rising Crisis - Knowledge at Wharton,https://news.google.com/rss/articles/CBMihwFBVV95cUxOUzBLVncyeWhfT21Dc0Q0LTlZZ0ttTkgwT2VwR2RFSEZmeXBCSXFMLVNrVi1YMVh5NHo0SU1iYThXdW1lWUNrcmxLQkpyVEdNbWdkR1NiZ29BOHRkb05udXF1X0w4MmNEUHFyOG5GZkZfc3Q1OU15WVMyOUJjQ0c2VGdpOVpIaW8?oc=5,Knowledge at Wharton,en,oil price collapse 2008,global_financial_crisis,relevant,0,-3,0,1,0
2009-06-23,Where does Africa fit in the globalization puzzle? - Yale Insights,https://news.google.com/rss/articles/CBMikgFBVV95cUxORVA5MVdsa1VVOEVhRnBhVHB0UmhXOXp4YjlyWl9iRGVkRTRwQ2JNVU5uSnFSTnlGb2RzbDdxVXVnVDQwSG5LZmY5a2NsZExoVThyakFWTHJhdzVtTkdFQ0dUUGk0OC0yTXJwUDlnU3pkandkNDlwMWh1NHVPa2FqWmxhSkNzS1A5UzB1OW1VTDJQdw?oc=5,Yale Insights,en,global financial crisis crude oil,global_financial_crisis,relevant,2,0,0,0,1
2009-06-29,Gas demand set for first fall in 50 years - This is Money,https://news.google.com/rss/articles/CBMiqgFBVV95cUxNeTZkcHNYTklUWE44TkJBRy1vbVNDSWpUd3d5ZzRHMHpfaUZjVHBUY0NheG41X3REVGhtRS0zdjJlVHotS0dKM3FFSEtVa3dJbjZLS2pwcVVqbmFieHNBUjFDd2NjM1ExaWJQUXp3TG5JeWVIZ2JWYkwyNmJCaHdSajRnNGxYUHRBVlJVbUxqbXkxdWFKMmRYc2Y0QzJ5c2xCaVBKajZMMXljdw?oc=5,This is Money,en,financial crisis oil price,global_financial_crisis,relevant,2,-3,0,1,0
2020-02-03,"Oil drops 2.8% on coronavirus fears, dips below $50 per barrel - CNBC",https://news.google.com/rss/articles/CBMiygFBVV95cUxPMzRDclZJa29BOHFNN1o5TDVDZjVvTUVrMG5ROF9oci1zOTQ4X0JtS0JhNFhEbzhDbDY1SmladVlWSWRBZGc4aUEzVFQ2U0c2bllMMUJxZkZWRk5KSGFVUTducjNrR3Y4WGRNZ1FhTmRhT1M5dDFIcTlMelFGWlN3QW5OMHBndUtnRWdPbUYteXMzRzV3WWthUnFyS0I4bHVNQmdwaTdrTGRJS1pXb01Xbi1DaFlPXzJJWXcwZkxJemRMZEd1a1E1NXBB0gHPAUFVX3lxTE1SQi1xeWZHTkY0bk1TSWZPX2ZneHFjVlltNmhraEhfbHZnNWsyeFRDdm53Mmt5aFhVTEZlZUFkeXVHT3RRbjN4cVh1OE40b2xyT05UZ2t2b0J4N3pxZWJoQ2tVOGh5R29kQlZnZVlXNEQ2cU92RGY0ZFU5dXRfc25naE1MSXVSUWRaQzlsQnBwYW5vYzU0aE9uZGtwV2hmNUEtVXZzb0lObkd1MGJDR1hLcnNkTXgxTm9KRWw2Tjc2UEFuQlFhUmNLOEc0QVdlcw?oc=5,CNBC,en,COVID oil price,covid19_pandemic,relevant,0,-6,0,1,0
2020-02-03,Coronavirus and oil: Why crude has been hit hard - BBC,https://news.google.com/rss/articles/CBMiVEFVX3lxTE5kZ0FGRzVYY3Y0aVBINHo2WThuUnlIRUpwQ29OSVlqbXhDRS1mQnJMWnBYSk1Pb0tYVFJvSzR0eGN4TW14STRtTjNqODk2SnNBOEZ2MQ?oc=5,BBC,en,coronavirus crude oil,covid19_pandemic,relevant,0,0,0,0,1
2020-02-07,Natural gas prices tumble to historic lows as one energy CEO quips: 'Send me an ice blizzard' - CNBC,https://news.google.com/rss/articles/CBMipgFBVV95cUxPbFpTaU1vVlNMNlNHenVTM3VEcHBnc0k3YXY2QjdNdHRweElkWmx1U0U4VE1UOUJHaGFKdEltMkp0U2lpeTRYdEc2X1hyTUZCMGduSjRqLVNwempKaUk2SW4tZk5ocUw0TVlrdXU2akF5SEU4MDh4OFpFcWhjQzA5OFgwWF91c2ozV1RRcWRsVlJHcTM0U1I4LXBnV2Z2LVlDN3lQbUZ30gGrAUFVX3lxTE95UGRfWjFpZDh4WUpTcU5NQ3czVjd6UHFkdFdRTkFxOTZCTnZZMkxweXNreWJ1YkdCS0VFYlMtb05aSi1sMVh0SDRnWktPRS1XX3JLRU1SR1NqTXd3ZVJNMUVMYXdrRkVOWGFTc3dscnpZbVZOOXY2bkktUDhjd2ZkQ3UxeldNT19NSmk4ZjRKU0JGUmFvbWsteFdaV09Nd2FDMDlIREE5TlRvOA?oc=5,CNBC,en,COVID gasoline price,covid19_pandemic,relevant,0,0,0,0,1
2020-02-13,Oil Market Report - February 2020 – Analysis - IEA – International Energy Agency,https://news.google.com/rss/articles/CBMia0FVX3lxTE5GYW1rbDRxdG16VTlSdURFbkZwOUxoZTJUdTIxUmF4Vm9OWjE5VHpCNThsRl9OTEZ5OHFGUThfa3ZPay1HY1FnUVhpSy1lN01oaTBtRXFOVXZwajctamRhWVF3SnNLUy02OTg0?oc=5,IEA – International Energy Agency,en,COVID oil price,covid19_pandemic,relevant,0,0,0,0,1
2020-02-26,Oil Falls to 12-Month Low on Coronavirus Concerns - WSJ,https://news.google.com/rss/articles/CBMilAFBVV95cUxNZG9CRmQtekh5aFBmdEZPNXNGQktfcmpYWEhZVVhqSkVTdlBhYW5nLWg5VXN0WnJ0MUpoVlczT3dhcVNfMVVCVndWSUQzeG9oN2xaNWhDVXpXZjJ6dFROYXp6M3NsZW1zVk15MUZ6Vk1nSm9XZ1NtN0lOQi1URG03aTljOE9XcFVGX3lOOERxamFGd1Rn?oc=5,WSJ,en,coronavirus crude oil,covid19_pandemic,relevant,0,-6,0,1,0
2020-03-02,Gulf stock markets hit as coronavirus sinks crude oil prices - Middle East Eye,https://news.google.com/rss/articles/CBMimAFBVV95cUxQVnRoenYxMWdkMkl1VzZ4ZUJMUVlmLTJyQmY4LUJSQ01zS2NEbHUwVUFyVzY3STdtTnprbW5lcVo2eWgycXdkMUs4VHltWnEzcHVQdk9qYTZ5RFRTOTBVUEtrUTB5RkV1QWd0VzFsdmpWWVFUdDNHQ3FyaWR2Qy1ObUl2TVZ5NHVhY1ZsbGhQSkNOSmRSM0tzeg?oc=5,Middle East Eye,en,coronavirus crude oil,covid19_pandemic,relevant,2,2,1,0,0
2020-03-03,Coronavirus in the Middle East and North Africa: What do we know so far? - Middle East Eye,https://news.google.com/rss/articles/CBMinwFBVV95cUxNTkl3Ny1CT3ZnX3AtSlFGSlptU0xwQXMzWm81TEhiZjZfXzlLRkl3ZFZsZ1liWVJUWHBPd2JCYmtUVU5ROEVSSl9NUGdUU1dwYUZDR0FoM2JWcXB2blVfSWNyOE96RmtyRTVRQnQtaGkxMmd1dnN2aGJDUUV3T09EaFhrSlNSaFdselo2N01qZTZCTzNLT0lFSTNIRUVKbVU?oc=5,Middle East Eye,en,coronavirus crude oil,covid19_pandemic,relevant,2,2,1,0,0
2020-03-04,Coronavirus: The psychology of panic buying - BBC,https://news.google.com/rss/articles/CBMiogFBVV95cUxNbzF0S2RUUHRPTDF4NlFRS1NiODJTNnZkeElyM3NqQktDeWRPUHlGbmZFN2MxSFR2dVRpMEd3T1ZoeV92Tm93ZHJWbDNmd0ttbVFKY0NQbWRXUUllZnl2NDM0WDNiMFhBTDdWemkzOC1tVlkxUHhUb0pmMzJjSE9MeHBha0tKVDNoa01iS1E1cmRCLXNzalZOVXN2andFcjhtc3c?oc=5,BBC,en,coronavirus crude oil,covid19_pandemic,relevant,0,0,0,0,1
2020-03-05,Consumers see cheaper gas at the pump as COVID-19 reduces demand for oil - marketplace.org,https://news.google.com/rss/articles/CBMidEFVX3lxTFBFM2prLUtqeDNsc0doU0RUWjlDNXA5VEV1eVhoUVExVlU0a0NYUFptVjZGUVh3Y1BFTGpJb0thS2lzNjhBR0pDSTl2S2hGRkYwSnNoU0VGMTRxTlZXTEMtQlI3Skh2T1lrQlpfdTZpV0x2cnBi?oc=5,marketplace.org,en,COVID oil price,covid19_pandemic,relevant,0,0,0,0,1
2020-03-06,"Stocks and Bond Yields Sink, Capping a Week of Wild Trading (Published 2020) - The New York Times",https://news.google.com/rss/articles/CBMid0FVX3lxTE1ERW9VZS1odXJ4UHF5N3d5cWJfRU1HdFRMaS1HYXpLN2NSS2NzaWVqcWRjbGtySUFIM2ZtdWcyVVlRdGNjMXRXbU81MTBieEVMMEF5WEZoc2hYR3FTSFFoTWhiM2ttM0YxaW5jYjY1VXJLWURzSW5n?oc=5,The New York Times,en,coronavirus crude oil,covid19_pandemic,relevant,0,0,0,0,1
2020-03-08,Oil Prices Dive as Saudi Arabia Takes Aim at Russian Production (Published 2020) - The New York Times,https://news.google.com/rss/articles/CBMifEFVX3lxTE9JamZLdTM3YUlES0FnR29TWmZQRDc0TXVFcGFUZmNMcERfZFh3VGEtNjRYUC1ZMlhueTBXRUtfZzYwSldIUDhQNGkyRFZ3VTVsRklFMEJiVkVNclBLNF9LZmNkUmJkb3lEeFpYdG5Cd0NOMHk5SUdCS3VlZkY?oc=5,The New York Times,en,coronavirus crude oil,covid19_pandemic,relevant,0,0,0,0,1
2020-03-09,Novel coronavirus COVID-19 fears bringing gas prices down in North Carolina - ABC11 News,https://news.google.com/rss/articles/CBMimwFBVV95cUxNVThBY25uZ1VnT3BMR1otRm03cTdtc0N3b3NYNzJHTjBIbEJTcXhWTUw4ZlRJcllqb01wU2tGclliVHJ1TmM2SnVfRVlRNFNUSTd2Qlk0SGJGcWlNVkVOZHFWQkdaOThqck40dDJkanpnNUZCWEx6aWpraENYcmxaZEtSOVVnaXN1Q2pkMC04dmtLZkg0WkJKbTUxd9IBoAFBVV95cUxOeUNIaDlSMGRkQmFkLV9lZTdETDRZc3FGTWdEUUprSkJBX1k2WUk5YkJhdnZYX2RSVS1uTC1VaWRRLVIyZHRHZktHOFVzOEhhQVBhVXU0RXJrelp2U3VCektWWHZzcGx4enItR0pLa2d3RmxfdHhQcDlacVp6ZVVTY3BCZ2VWMTEzdUpyRmd1TldGa25Ed3VoWG1GTmE4U3Vu?oc=5,ABC11 News,en,COVID gasoline price,covid19_pandemic,relevant,0,0,0,0,1
2020-03-09,Gas is cheap and getting even cheaper in Carolinas as coronavirus concerns grow - The State,https://news.google.com/rss/articles/CBMifEFVX3lxTE04eXRtOGp0cmFYM09NYUEyRjJYZWhjQkoyOFhjQndpRFIwdWZ6dEg5RTlaTU50QVcyaDNCa0k4RnM1cUZFVDluZHoxYUxKLUc5c2twamw4WEEtNE5xcGFOZmp2NTY0YlBuaXhZMHZJa2R3VjN2dVdOUGlnZlLSAXxBVV95cUxOekg0eXdBODJZUFR4VV91ZVBpYjRPWnNVSXQzSDlmOWNkME4yYTY5a05BdzNIZXpHU0FEZnJJcTRmWDFMRmo1bGQ1amhVUnVwRmliZ3dFUWs0VHJuS3puWTFMQnlzTFllYmxTRm1vSEZVQVgxcFRKOEgxN2J2?oc=5,The State,en,COVID gasoline price,covid19_pandemic,relevant,0,0,0,0,1
2020-03-09,Saudi Arabia and Russia feud over coronavirus oil response: Will everyone lose? - Atlantic Council,https://news.google.com/rss/articles/CBMizAFBVV95cUxNQm9VSENGdHBOekQ3MHVDQ0tFMVNIQWp3bmk1Z0dPZTAwOGV2SWlwVWR2MGNKU0MtSzdPSUhUdkQxWmNhaW15eFl5WmZBSFBJZ1I5MmtXZ080SWRKTTdwMklaakNaUkk1ZmhJdGJyaHBYb0NFczh6c0RNVjN2Z0JSRXdZSW96bXJtanNHd3dKRHRwamxRUFBiT0NvOHdhTHU5VFdzX0txTkpMM1dxRXJ3eVA0TUdLWGU0N3d5dUM2YXBCczhaVXBkMEVfbWw?oc=5,Atlantic Council,en,COVID oil price,covid19_pandemic,relevant,0,0,0,0,1
2020-03-09,Tesla shares plummet as cheap oil and coronavirus challenge electric car and solar sales - CNBC,https://news.google.com/rss/articles/CBMiqAFBVV95cUxPemtqR1NnWG1nY1FiRWt4dGE0RjFwMEMyYmlNaUM5X1VVdWFaVXV4UkxldDdoREZJTnBHblNpRDQteXFOYkNLUVJYbHZ4MUVRa0xNNmRPVVBCS1dWM3ZuWUhDeTlpaENIQXlzdjJGZmMwcVp0ZlR3THJEQlpSLXlHVTBrSjZWb3dIbjVmVklMbmtjV0dWSXZLOGY4UThrMUt5eW9NU2I3N0vSAa4BQVVfeXFMTnU4aVpsNVVud0tLZDFnZzUwRVo4bTFRZURXVUxiNnl4am5Ud0hYTnZVWVg5Yko5Q3ZDSXZkRmJkUTZmbjlhN2V2U19qUjFOdnpubFZBal8yUExrSkJqVTZyWmNCWDQ4VGZPbnpUaUtVcUhVTXpCZVA4cGZOTHZaQk1qTl9rVlJpanBSSlpKcDhiaVg1MFlqaThnSGExaU9GWnYweUhTc2ptcFk5OFpR?oc=5,CNBC,en,COVID oil price,covid19_pandemic,relevant,0,0,0,0,1
2020-03-09,How a Saudi-Russian Standoff Sent Oil Markets Into a Frenzy (Published 2020) - The New York Times,https://news.google.com/rss/articles/CBMikwFBVV95cUxQWEctZGZiWXZBQ3JhTENBaDVtZ1IwRnJla0IyUFV1THVGa3VFbmw2ZkxJd2w3MEQ0aURFN2hHUzhVZGRyVWRjQUZtODA3aFJJamJoeDhPXzNsOThNZ0Z1QWZ6VnVnN0pkQlpmdUQwWHJDNWNkUXRJLVFmMDRhWUlXam5faUNINVBlZnJsQVB3U1NYTW8?oc=5,The New York Times,en,COVID oil price,covid19_pandemic,relevant,0,0,0,0,1
2020-03-09,Oil 2020 – Analysis - IEA – International Energy Agency,https://news.google.com/rss/articles/CBMiTEFVX3lxTFBqcU93aXp2QXNRd1AxbEsxcnU0RXJzR0FKRXpLckN0ZFJ2cm5faFdIMEJaTV8xVjR6eXlHS1NMN0duZ1ZDN2tlei1DVHQ?oc=5,IEA – International Energy Agency,en,COVID oil price,covid19_pandemic,relevant,0,0,0,0,1
2020-03-09,"'Oil price war,' coronavirus could drive gas prices below $2 gallon - USA Today",https://news.google.com/rss/articles/CBMiugFBVV95cUxNSXgxYXJNQXlibEdQWFRUamRFdjFuRHJwSTc1MHZwcm4tcVVsdWNOTlNucDV6NmZ1UTdfMW9HWExHY05LeVhXYXJpQm5CRkVaUEZMaUZROGZSanNLQ2NPSnFEMjBLVzQydGI1UC1BT0UyTlhScHVRZjU3NHU4ZUZUZ2ZXWTBqakZsQVoyeU9fanJVcmNqclJ0amd3Q01MVzRSSnVyaXFYTVRHTlJId2lCUXRIdzFOcENzNGc?oc=5,USA Today,en,coronavirus crude oil,covid19_pandemic,relevant,3,3,1,0,0
2020-03-09,"Trump downplays oil plunge, coronavirus as markets tank: 'Life & the economy go on' - CNBC",https://news.google.com/rss/articles/CBMiwAFBVV95cUxPaFI1VnQzaUlsMFNWWU92dU9zam9ob0FIX3l2bEJuWkZwWXBvMVVDekwyanhjYWJxdXZndGpCRWxnM2R1TWpkRzVkTXliRHk0UGdBbGNFOVdfTnQ2ZkNJOUpOR1Fvd2lIZ3BxcUs3SnRMNjJiV3hZcE96cWRlMUtVcVFmeWV6Zmx2Q1d6bFNZSHdtWUtoR3hVTk9TQUNJb0NXd0ZDSGJ5eDJPeXZyN1huUWlXeVZ1N3NJZEFwdFpRLTXSAcYBQVVfeXFMTXcxYkRycTZaQUVpOC1sTE5kTDkyRFFjUHBLUEdKTlM5V2l6YkVoYklZcVo4RElpbWk5c2pxTXJsQnVtS0R6RVpzeG5LZktEcU9CRGpmZlIzc1NDNVdab0ZwMUFaaFVTU3lqRElVZ2RaUEFoaW9ySzY5bnJiNDkxRVVBVWtTaXV1R1ZzTkpPVUcyM21ta2k1VS1CQ3FhQzdZakFJbVdIQmN4eUoxNXpROXpGTU9VS0ZrU1NsTjZnenhyWmZCdUp3?oc=5,CNBC,en,coronavirus crude oil,covid19_pandemic,relevant,0,0,0,0,1
2020-03-10,Coronavirus effect: California gas prices to drop amid turmoil - sfchronicle.com,https://news.google.com/rss/articles/CBMipAFBVV95cUxNRktHNGtqVVlYVUFaRTIzdUxxQVk1ZnR2UkhHX081WTdoLXZPY3IxQVpYNUpWdkJoUE14R0k5NTdaWEtiV2pSSC1oaUUtaUFONDN2TnNpY0U0WHZZVkQ5QW82RDJCcnhxdDItekwzejdfMUctYlA0WEFiV3Z0UDZFUE5JM3F2LUNxejE1cnY2NVBLd0h1Q0c5ZEY2Mk54cnVQYUw0Mw?oc=5,sfchronicle.com,en,COVID gasoline price,covid19_pandemic,relevant,0,-3,0,1,0
2020-03-10,Gas prices plummet amid COVID-19 concerns; parts of DC region see below $2 - FOX 5 DC,https://news.google.com/rss/articles/CBMiogFBVV95cUxQbEdxRkhYbXNLd1BKLUpDMEZ4TVFYRGVGalpTMHdEalNnZ3VZakNYaW05V05FS2tJeHlKUWVtbDlQM09EcEJ0Wm1lRUU2RXlCN3NnVm9IZDI0X19pYkZ3SklhRlZoaE1LWlk0MWJTb3YzWkt6Ni1kWnc0cHZ0WXlBMmk4d3Fic1haSzlUdUdlQV9JeXVCQ3V6X0hYWTBaWHk5dGfSAacBQVVfeXFMTmRSQ2JndjdfOWRUYmhWZ1BETmpnQmlZS0pWUWE4QW9JeHI4NGp5akxXZmJwWExzRHdmZlVvWFVJa0hvSGctVGpXTmdoRkRmRGtjRlY4Sl9MWmJnRUwxbzU2YnRPTndhUTh0T0R6dzNJcFpNSmxaaU5Vd1VSTEFUdV9UQmt2eENubzFqU3N2WG1fc0Y3LV9uNkNRaGZobzVXSkp1RWlsWTA?oc=5,FOX 5 DC,en,COVID gasoline price,covid19_pandemic,relevant,0,0,0,0,1
2020-03-10,Oil price wars in a time of COVID-19 - CEPR,https://news.google.com/rss/articles/CBMia0FVX3lxTFBMSThXckJFSmo4UjZocnZhZlVBdUNScEF2N2RCQnhXNllhY2poN1g0eHVmVm9QTXgtV3RfUEcxYjlnREFwZWItdUtxTGpScXJqQzJZUGVyRU51azVDQ1l3VTl1VDV2aW0ySDFB?oc=5,CEPR,en,COVID oil price,covid19_pandemic,relevant,3,3,1,0,0
2020-03-11,"Gas drops below $2 a gallon in several Tennessee cities, and it's not just about coronavirus - The Leaf Chronicle | Clarksville, TN",https://news.google.com/rss/articles/CBMi2wFBVV95cUxOaG5UR3hwMmQ3b3A1QlA0MG1SZW95M0VHSHVDSEpPLUNJaVZQcDJMeVUtbmlvSE1ZQWlDTktNM01XRElPalVOblhIa2tZbVlqdm4ybWc3ZThybGVwNlZBNkVXYjZGTzhYd2ZKX3JtZ2dhRjM4NGtsNjZ3eGhUcXgxMHlHQkdfSk41UkEwcl9MRFNYd2R2SW5BV0t4VFZUQS1veHRLUHlQbk9FdnMzdHRTYXpLLVhBYklhd01Udnp0RFBJcXpkaC12MkRNeENaeXVab2lrZ0l5dkFjNTg?oc=5,"The Leaf Chronicle | Clarksville, TN",en,COVID gasoline price,covid19_pandemic,relevant,0,-6,0,1,0
2020-03-11,Answers to Six Key Questions About the Oil Price Collapse - Time Magazine,https://news.google.com/rss/articles/CBMiaEFVX3lxTE5KaG05UVZEY1dKTXRkdkJrbHVJZHBaajdWNlZOSU9LbEQ0REdxSEFXNHVBeko2RFBfTWR1TmU4RC1RV1dSbDdTLUtONWpwOUwycjRlam5QTW5NYjFoRUZzWEVDSGtaWG43?oc=5,Time Magazine,en,COVID oil price,covid19_pandemic,relevant,0,-3,0,1,0
2020-03-11,The oil sector takes its next hit: Coronavirus on offshore rigs - Fortune,https://news.google.com/rss/articles/CBMiggFBVV95cUxOUy1rVnNGYzNHaVNiNDlid0dPZ1oyVXJKSTBnaVdIbXZDR2FQczMwbmh3VF8zYkxITmFuN2E3Zk00RnRfSkZLN1g2b200NjFQZERYb2hpd2dxX2ZRMFhxREhmUjFwOVVJRVdFNmhlZEd1el9oTjFFV3FlOU0xVTM2S1lR?oc=5,Fortune,en,coronavirus crude oil,covid19_pandemic,relevant,0,0,0,0,1
2020-03-11,The coronavirus in Iran: A nudge off the cliff? - dw.com,https://news.google.com/rss/articles/CBMihAFBVV95cUxNNG9XaDRDNnNYRjJ6TGp4dXpBMmtrMy1STzZob2t2MFg1UFZIMlRwRFptTVFLbkVIWFlsQWc1X2hvR1MwNi1DcU10T2xkU083SFZRNXAtRDdvYjUtRzFZc3pJb0ZWRmFvX1RRakF6MmpLdkpTN1gzQ3BXXzZiUGdidlh3Y0HSAYQBQVVfeXFMTzNkOUg4RExlbzF6cjY3aG5rcU5NVDFvbEJnVmg4NnRLR1pNUkR0ZjZOeU9qQ005cnpTZWgyNnBDTHpqNE9UUTdidzNNRHlXaTZyd2ZPTWZhT3FlLVFGdzBVY3NPZXgyOGVCQkpXMVlxSXBvdEN4UkxqYnVuWkIyOWJZUEZu?oc=5,dw.com,en,coronavirus crude oil,covid19_pandemic,relevant,2,2,1,0,0
2020-03-13,Coronavirus fallout could be the ‘nail in the coffin’ for smaller oil companies - grist.org,https://news.google.com/rss/articles/CBMipgFBVV95cUxNMG1LQktoekQ5eS03RC1ReHFLVWY3SllQM1ZsRGd0ajduLVV6M1ItNHphUHZyYkhMeWp5RG1qN2pUX09XMjJXZlJGa01lT3dscU1pLWJtWmE4b0h4SDhjUWJXZmhiUVVSVVI1bEcwMFphZ0FqS1Axck9RUjYxcmdORWNJb2Z0LUMwRUdPR2doUk9UTm9MYlRfLWpaVERjRmc0TTVXR3RR?oc=5,grist.org,en,COVID oil price,covid19_pandemic,relevant,0,-3,0,1,0
2020-03-13,"Market Crash, Coronavirus, Oil Price Collapse, Where Do We Go? - Institut Montaigne",https://news.google.com/rss/articles/CBMiqwFBVV95cUxOSENxeGdDLW1Yd2hZb2REdVZ4TGNaXzExWlNvQ0Q0eG1jZmNGeGZyUnFLZ2diWElDZWZneTZyUUt6cWJDWUF3RlI0RlV1QUc5ZnE5cXd0U2luamdfNkhEa0xWMTNzLVBzMVZnRmNLdzJWM3Q1OVJmNEtMS3MyY3huQ29KektIT29XV0VEenhVWnI5b0x5MXhNYlVqa01ORjVmTko3ak5nUHRHSEE?oc=5,Institut Montaigne,en,COVID oil price,covid19_pandemic,relevant,0,-3,0,1,0
2020-03-13,"Gas Prices Are Approaching $2 Amid Coronavirus Pandemic, Saudi Price War - NPR",https://news.google.com/rss/articles/CBMiqwFBVV95cUxQcnVTOE1OODN2VlBNTWRheW5YTzdSTTMybGxqdDc3M0ZUeEd5MEJmN3hkOEtVZVFPemFZS01GdDRZdk9BVGZZSlZqLVJEV0xCbktCWDc5SDJTbjNncEZmVXctQ3FGcE9ILUtfSXhvMFVGc3RjaGt3UjNreTFadDNXRmkzWHdXX3UtUmtsQjRmUENPa0hiX0tkOFg1YWdueEsyeFd6U3pDUmhFc1E?oc=5,NPR,en,COVID oil price,covid19_pandemic,relevant,5,5,1,0,0
2020-03-13,The Best Ways to Kill Coronavirus in Your Home - Rutgers University,https://news.google.com/rss/articles/CBMic0FVX3lxTE9xQWJfMTQyOEhnRnFkVmtMS0NFWUFublBMSW4tbTh4UWM2ekhNMDNfTDNFOVBXdExlMENITW15MjBLMWNMYWJiMjBKM2t4dHVORnJON0ktS0daUXhrZGJ4N21TMWw4cHEwa3I4VVdjdndSWGs?oc=5,Rutgers University,en,coronavirus crude oil,covid19_pandemic,relevant,0,0,0,0,1
2020-03-16,"In Kentucky, gas prices plummet amid coronavirus spread - The Courier-Journal",https://news.google.com/rss/articles/CBMitwFBVV95cUxNT1FuYlRlUUFESTBlTHNpRG52TFlhbDFiUjFodi11YmtuYndWdWJGRmtFcVhtMHFkTzJfTnlqTGtrUWhrYmRIVnkxVWFRQ1E2ZWxPcUYxRjdsM2tNa1Flc3hMRXlzYnlNcWhRWDdVbFBRRm5pd3RZTEhSNFZYVkFvMzgwMm1aLUhSSGV1UFduemFuSTFiZ25tNGZhVXMxOTJrUG5nT1EzZmktd3JwYmpVTi02WXRwOHM?oc=5,The Courier-Journal,en,COVID gasoline price,covid19_pandemic,relevant,0,0,0,0,1
2020-03-16,AAA Fuel Prices - AAA Gas Prices,https://news.google.com/rss/articles/CBMinAFBVV95cUxQRjdYTVVnNk1iTTZHakloUFRrU3B1LWNNTmZEN1FWRHdEZlhhS29WNjZ5cm11R2c5VWtqaDVwZVVpMkhSS19vUGpKY2hrRmxCSXl4c0Y4bkFVcEtIZGd6NEV4a3FlYllNbnVST2VQWUc5VDc2c2Vqak5fOUFqNklQbF9zdWxnYmhWb1QzNlhyOUI4Mml0Qmk4YWx5Rjc?oc=5,AAA Gas Prices,en,COVID gasoline price,covid19_pandemic,relevant,0,0,0,0,1
2020-03-17,Gas prices drop in Pennsylvania amid coronavirus outbreak - LancasterOnline,https://news.google.com/rss/articles/CBMi3wFBVV95cUxPbUx1eGdEblBHRjZVVW9NN1BELUIyNWwwdFh4emxwdXB5VUhUcjh4WnpJUWpwWW5Uc0NVYXFCX281dzFIVld3QjFBWXlQYm1ramQyemxfRzQ5Nzd6ZWI2T0JRVFRlc2RPY3VXNjZQcGk1MGYzOF9PZEx5c0wtVHhsRGdYZFZRenBOa2Y3RXNWbmNOY3VDQTB5M0JJcklFdzFoWjRMZmlWMjdYbFNXaE5TYUJiNm5KOHdsVzdCYWhQMWRRV3BqS2tWWVR4Qld5U2I0U2EyZGhNQzU4RFFWcjZZ?oc=5,LancasterOnline,en,COVID gasoline price,covid19_pandemic,relevant,0,-3,0,1,0
2020-03-17,Oil prices could hit teens in coming weeks as markets crater over coronavirus and price war - CNBC,https://news.google.com/rss/articles/CBMizAFBVV95cUxOdVdKeWw0MnNibmF5M3JIclhCMVV2LUpscWlseWhuVmd3NFJZcFQ0czNFUzhYN1BuYUV1LVRuX21xUlN0TEhULVlSV2c0MXhGamFOVW1hR1luV2tiaTBoOEpUd3J6aGFEekt5Mkx5UTZDTF9aTjM2MDZMQy1FamotTXVBcldTRi10SW1EQkRlVWpYeTJDQ0IzeGY2cFVBbF9CaEVfeFlhTFduSEtzUWxUR2lLUXhSWkxMa1FlLVlLbVhNck51M0ZZenBNcVXSAdIBQVVfeXFMUGItSnFUMW9rS3AxS2lrMUl2Q1d0Wi1oSDFXVVprLVhLWUNSOTA0Nnc2Zzk4OEJscGh3NVJ2MVVreHZxMGVsNzZqWndlZEpCWmFKUmh4UzJteDBya0syQlJkRHlhUThHeEJ2c25UZjRRMi0zR2tWTEdnUUNqZXlPMndZb2lTbHVjbUJNU3pnbG1RTFRDN1FMdFVKTWlHS3NwSTZvdHpFWnhwV3JwVVhxcWpNMDJpaEY0bEJqdzBRa1BycXVaSTlXVDVpaWpxMnJBc3BB?oc=5,CNBC,en,COVID oil price,covid19_pandemic,relevant,3,3,1,0,0
2020-03-18,Crude Oil Continues To Crater As Short Crude ETFs Gain - ETF Trends,https://news.google.com/rss/articles/CBMirAFBVV95cUxQZ00zd2laNG9uQXlmczF5RGpTNXEtZ0lCYzRpY054Wk0tMHRGMXNjY0ltYzhINlFwcEJ0NURBZHBtSlBDZWxMeXZCakplV1ppbEhidlA2c1dsMW1IUGZ0azNtdzI0Vkhhd3FNSHhzQjFnTjdpVDQ5emVDQ2Y2OXNVTXJYRmpkRTIwNmhBc0d0NXZ1MzlodU9Zdk0xSS1GUFNFWmNGMVNzS3BZbm500gG3AUFVX3lxTFBaWmExOF9Vd1VPa1B1eFRkTjFhY01VUVlHN2lEZG03THVXZVF1QzM5TDNOYzctZk9vZTRDQUlVQzNWX2NwNlFhcDFzUXY4Snhta3lTVFQ3TnZQQXpXQkRmQ1Q1WDBCUC1tX3NHTDJDQk0zUWVxeEVLVHVOb3NvbngyRjg2SFZqUG9hSzR2amlvcGNDSTFWaWxRR3diSVpYTFY5S2Q0aEFJY2FpWmg5LWlGMjZwY3c1TQ?oc=5,ETF Trends,en,coronavirus crude oil,covid19_pandemic,relevant,0,0,0,0,1
2020-03-19,Gas Prices Plummet Around the Country as the Coronavirus Wipes Out Demand - U.S. News & World Report,https://news.google.com/rss/articles/CBMi0AFBVV95cUxNYVhENmNZXzRIanpNQ1EwclYtc010blBQaHRHX2VOMWd3R0N5aE8tYWpzRnRpbE94MWZSZjdteEZibU1fcHZKekVLUjJsUDhpY2Y2ZkhEVVYweExhYTF0VmVMZkV0TjhXbFNUTkFUMk1GNEUyYkZRT1ZaSWY3dVFQM1VPaXZmRFpwMHo4dEIydkcxdFZTN3Nhd0wwMGRvYzY3djFSUDAtYkYydkUtdjR2QTVIQ256ZUprck1YM19GdU1RTW10R0pMVFZYRWx6YUIx?oc=5,U.S. News & World Report,en,COVID gasoline price,covid19_pandemic,relevant,0,0,0,0,1
2020-03-19,Gasoline prices drop in wake of coronavirus - Boston Herald,https://news.google.com/rss/articles/CBMijAFBVV95cUxONFRKaUxQLXhNdVNNM0wycjZRMzhqWjZzZXByQjl1VWU3alJRaFpsN2RuNHdybWNYVDFENEFQalpVdjQzbkVUWXJZOHpackZwQWxkMHJCMFhXbW9ydE5jRUo5M1gtVFQ4QVhabldxTDlMbkwtRFROSUdqUVBrYnNnRjk1SzBnVWRZQkxVZA?oc=5,Boston Herald,en,COVID gasoline price,covid19_pandemic,relevant,0,-3,0,1,0
2020-03-19,COVID-19 and broken Collusion: the oil price collapse is one more warning for Russia - Bruegel,https://news.google.com/rss/articles/CBMiqgFBVV95cUxQTHJnQUIwOFhXRU4wTF9tU1dObnRzdTVmTEkwcDdNb0pSR2RsVlJ4Yi1sSmRKOEMtMElMbWtlM0hRcEdTajNQTm1NMmFpTkZ2YXM3VXNaY3hPUHBSTkJUWHBRcmtZMjk4OHR0YU1QYy1YVkVMcGg1cXdOU09FY0RVTU5Pd2QzMjYzb2pnanplR1VFbWl2dGJDSU5NVUJDbjlRTVBXc1RwOG94QQ?oc=5,Bruegel,en,COVID oil price,covid19_pandemic,relevant,3,0,0,0,1
2020-03-20,Average gas price in Michigan drops to $1.90 per gallon amid coronavirus pandemic - MLive.com,https://news.google.com/rss/articles/CBMiygFBVV95cUxOOExraDQxVk45ZXowUzNIZ3lXbVF0bUt5cjh6YTVRX3ZicXlwcHJMa256a19TV2Jzb2dQSEZVYVZxWG5Hdmx6SUxnM2pOTjAwVlNneUFscnpZdjJ5TUZvb0hXNlF3Z3pMMGNRaEVuOGgxWm5hT3pkVmhhWmNhRUZnUTgwN0FXUlZyeEhUeDlKMU52TVA4Y1BQaThnMDJFc0NGcEdnQzhnVWd6TEJmb1haUnhSNmNBZ2RvN2xyVkg0SnAzeWRCckp5VGRR?oc=5,MLive.com,en,COVID gasoline price,covid19_pandemic,relevant,2,-4,0,1,0
2020-03-20,Gas prices plunge as demand drops amid coronavirus outbreak - Los Angeles Daily News,https://news.google.com/rss/articles/CBMingFBVV95cUxPQTZjTS1UdjJiVzR2X3B2M2ZYMGtYRlZoTHZvdnZzMER0Nnl2aWxFWWkySnNobFhvODdCMnFrS2J2RWJBVXdsQU5QWHN5NldjLXNKY1dsaW9ZVVJxOUUzUVl2UHctS1pIc2lpZjRoSFlDSW5JOUtQdlJVeEdOcnd2SGlLX1RsRFNJUjd6MW1wRWlFd2lpWDlvMFg3d082UQ?oc=5,Los Angeles Daily News,en,COVID gasoline price,covid19_pandemic,relevant,0,-6,0,1,0
2020-03-20,We're Barreling Toward An Epic Glut Of Oil - NPR,https://news.google.com/rss/articles/CBMiigFBVV95cUxNQkprU0g4V20zNlEtMnNudWI0Q3lWSS0weS0yR0RlQ0RPYTlZYVdQcDVzWTlVSkZnMWRwV3h0WDlpLW5NcDFwajB2UGczb0p0VTlmWG1Wano3emFmSHVPQUNRWTItcmhMNE9nNzlfZmlBUlBGRWJiRlpVNzZrdlFTUDhlTURzVlhlTnc?oc=5,NPR,en,coronavirus crude oil,covid19_pandemic,relevant,3,3,1,0,0
2020-03-20,Could the Coronavirus Push Nicolas Maduro’s Regime Over the Edge in Venezuela? - Time Magazine,https://news.google.com/rss/articles/CBMiakFVX3lxTE9PVFdxTnVOVzl4OFpYSVBseGVGMm1LT2w3X0NqY1JlcF9PNGg3Q0hWeTVQWHVSR0FGODJmMEVNa0ozbmdERW1pUGNldWRuOGZia29zTFVKV1FrWmlYRmJsUThhVXZ6Sm5UX1E?oc=5,Time Magazine,en,coronavirus crude oil,covid19_pandemic,relevant,0,0,0,0,1
2020-03-20,Gas prices drop below $2 in 19 states and are expected to keep falling - The Washington Post,https://news.google.com/rss/articles/CBMihgFBVV95cUxQdUtERXhqcGc4SWNHMGN3ZzMtV25iQXh1TlZwQUFIN0JMQ0UtaG5TcFI2aFE3Y3FXMGRNS1NDOUVCNUQyb1J1U1QzWVNPalAweXFYeE5qSENMWjVuVmZ6LW93MjVNMXdrMnVyYmlXMnJFbXBsajkzT3FaZUZaZmY4czM4LXFlUQ?oc=5,The Washington Post,en,pandemic oil demand,covid19_pandemic,relevant,2,-4,0,1,0
2020-03-21,Oil Nations Scramble To Beat The Coronavirus - Crude Oil Prices Today | OilPrice.com,https://news.google.com/rss/articles/CBMilwFBVV95cUxORGdSaFhhRDdYVGV2UHNKeVoyaHZwWnV2T3JtMVNoODl6Q0NQSHBrd2hWX1U4NHdUR3YyR2V5YkYwblZ6V1ZYVk1nQ2x5M09JTWhzMVkyY0NyYzZaX3Y5T25aY0dfbjhaby1kRHowcF9MWmVBZlNIdFhJZGl1YXBGbmZpYlBoV0k0RUxwVF80RDZ2UVJDRDU00gGcAUFVX3lxTFB3VDlWd3M2TW5NS2hDeTIxc2lMNFpwSmZ5d3lWSV9VbE1jWm1DbGlXQVU1Vkh6QlBWQS03U0RROFFOSzFqdGZDbjJkbFROUGh1Y3VjZ1VrbWFDbWFPZFdleEZYejctVklFRENhU3FNME5XOF9rLWxLRWRrYWFBX1NoS25ocTQwTzh2WXY4YjF3SnJFNV9mU1JCZXlINg?oc=5,Crude Oil Prices Today | OilPrice.com,en,COVID oil price,covid19_pandemic,relevant,0,0,0,0,1
2020-03-22,Lower For Longer: COVID-19’s Impact On Crude Oil And Refined Products - Forbes,https://news.google.com/rss/articles/CBMiuAFBVV95cUxNMldWcUdvcy1URnY3cnhfMkNENkhfaHhLa0RwQ0lFdjY2VGgxWVZpRzBEYUR6blZ2aHR0N29wLVZZbkRiVHJVY2ZhOUZYbkxzRi0zaGxROXplMnlJcnJsRXAyalNFT1pKbDV5ZTNpSkFwRzhoVk1ybjBMeFExYWZrV202R0xGT2hKNERZQnBoemkxS0ZMUlFrTDBNNXZJNDJjYTduYWNPbXNxeXJ6TUJlRnd3LUpSaHBM?oc=5,Forbes,en,COVID oil price,covid19_pandemic,relevant,0,-2,0,1,0
2020-03-23,Memphis gas prices fall as coronavirus outbreak slows economy; travel not expected to rise - The Commercial Appeal,https://news.google.com/rss/articles/CBMiuAFBVV95cUxQbENFdFVHcFMxdE80bjlHRHNTQjYta2ZMMVJXYk9wSWR5Zk5SVFY2RHU3c1Bxb0dGQ096UjlCcnNkeWlreUdsZVJTNC1QREFQNFF5Wngwc3VrZFR5QTZMb0ZwS0V1aWVVTW1VWDVsWnExdng2bWFnVkxPeUVJTFpSV2JmUFl0UkI4QXVxN2RBNjF2MTVoTE1qeFRWQVBFNzN3U2VaekVDcVZzT1Uzc2U2ZUxFMEpoRENS?oc=5,The Commercial Appeal,en,COVID gasoline price,covid19_pandemic,relevant,0,-1,0,1,0
2020-03-23,Gas prices fall below $2 a gallon during coronavirus crisis says AAA - 11Alive.com,https://news.google.com/rss/articles/CBMi9gFBVV95cUxNcTJVZ2hybFY2TTZmT1R5QVRFZ1FfVy1EMG42MlJJOHJfTFZvMlJnX0FzRVpQelpobDdKOHBEcUotNVRWbHIyVkhKRVp3ZWVFaFhZeXlyY1ZvMXNEQ1h5ZVBXQmNIRy16SUhJbENjMFNUYm9jeUd0S3JER2FEYjh2S1g3ZFZKYzN2M01jTm9wZlBoVUF2ZDJfazNWSmozQ0lsYzlFalpRSHpKVEt0THFtQXFveGhER3JJRVREcFQ1TFJ2Y0JMNUNYQ2xDUWxzMHNBaXhIOERjZEVkNTVDLVJqc0xjbm1VS1J3ZlpKTGVhWWRkdmRIdHc?oc=5,11Alive.com,en,COVID gasoline price,covid19_pandemic,relevant,0,-3,0,1,0
2020-03-23,Gas prices ‘collapse’ with lowest oil price in 18 years amid coronavirus and Mideast feud - PennLive.com,https://news.google.com/rss/articles/CBMi0wFBVV95cUxON196WmlwM2lmY19vcTZfRkpzY3ZZWmxFaGR3SFpoYlA1cmVKelJCU01YNmxuYXB0TWFvQXQ2V19CTjY3WFYxeEFselJYaDVLcFZIM0UxVUNZZ2FOQ29RQlUtckJJZUZDNi1tTWFNUlk0UmJDX0FtYnlIVGVhOGNTcXBqcFl4Nkx3T0hSTEVTYlVqeUxPaTZ6WlBSZVhhSWNhSnVieG5SeURWYk5NcjdISG9oN2l6RVlBV2ZGdjd5ZlZTcFkzVGpkSVJjenZHdFhYcjBV0gHnAUFVX3lxTE9hT1BjbUh1M0NxOTNfMFd5LWNldk9BWUhudEhWbEVLWlJCaUNFR0hwenIzbGZCeTBnUF9sRVBnQTV3ejloU1hiU1plUzR2bmhybW54MGhadC1pMkxxWVdWU2tvVWJCbHFrNnlCUThScExhY0h3UW9ROEs1cWpNd0dUSmktQ0FGaUx3bmNSdU1BaXN5Unpmd2V1OVJ2VTFSRjFiV2tIalBFdGJSSmYteFFNM1RWQUZtbmFWSUN2SmlIenAwLWNiSVJXdTVydmV3bUFzLVlvWGp3X29DR01vUUVPNFV3U29WSQ?oc=5,PennLive.com,en,coronavirus crude oil,covid19_pandemic,relevant,0,-3,0,1,0
2020-03-24,"Report: Gas prices continue to fall in S.C. due to COVID-19, crude price war - WIS News 10",https://news.google.com/rss/articles/CBMimgFBVV95cUxQSEZMWjhUOXdXcHBRanR5S2VOYlV3em1HeXdaelgtSFZvZVBSc19jSnNkb3RfaTZiTDRYTWhHUl9Rc1NXTEhUWWI2LXJ6clctcnNmQVlqek1OWjVuY3h5UlFvTkd4VnlUMVpHQlVFcWxzY3RRWDRjcDk1TExKVWhRanBCQ05XTHpMMlNtdGk5X05udjBrLXZlaGxn0gGuAUFVX3lxTFBiMklFMjlTQnhGTFpyZHFlVDFOc2FlMmRBR1NlOHU1ZFlYOHFTNEo5RFBicUt0bDZSWDRaQkRWZWRVaWRLRXVOUVBCSDNSYTRaUmtnSVhBV0JvMjZpX290bmg3MUhiNktiSVlCLUJGaXFwdXNXOThkRlBEdW0tNzBCMllYRXpmX2swdVZhanlqd21MM25GZ0FqZFhCR3VnNWFiaW5MUmVWQ3NfWEtuUQ?oc=5,WIS News 10,en,COVID gasoline price,covid19_pandemic,relevant,3,0,0,0,1
2020-03-24,Gas prices could dip to lowest point since 2002 as people shelter at home during COVID-19 pandemic - The Suffolk Times,https://news.google.com/rss/articles/CBMi3AFBVV95cUxPZkpncGcwRkhKRFdMbzk3TUFGU2VPZ0xBQzl4VUp3YmlBLVNacTJKUTdIVEZaNHJmeXQ1c0ZXbEowcklvNkpfRy1fZEJCVHpfUVBZSi1VWldSN0x2N3VibzJEc3ZKSzczZHBBRzFCbTY2aDVTbUdNSWhpYmhWZkRJYS1mYkEzdmsxcXhBRnhqbGR4aDdPRkxYc0VQakljdHBUMGZ4ZHRqcnJDTDZwNW85UkxjNFlPZGJHbWdDZ1o5OGR4dm9tQ0ZiRXRZeVNRMElsRjhGT0dVLXNjbEZV?oc=5,The Suffolk Times,en,COVID gasoline price,covid19_pandemic,relevant,2,2,1,0,0
2020-03-24,Gas for $1.99 or lower? Coronavirus leaves prices plummeting in Pennsylvania - York Daily Record,https://news.google.com/rss/articles/CBMiwgFBVV95cUxOZS1QLW5NZXV6TzFPRlFBTEdfTkZFQ0tkTEtZWEYyaGVBbS03WDlsQ0lra0dHM3o2TGdnLVY0UG5SUVMtLUNRcGlrMEFka1dubU0tVmo5cG01cDYtcldGU3NjbGE5YnBjWWV1a3JFcDlnRDdFVjlkWXNWTWFURERuaWIwLWxGQTV3MUVrT2Q0Um5Oak1oNjEtR3JnNW05Smd6dHhMZnV3MlNrQVdqZl85SzNQRWJ1SEhRVThTcWdTXzl1dw?oc=5,York Daily Record,en,COVID gasoline price,covid19_pandemic,relevant,0,-2,0,1,0
2020-03-24,The implications of the coronavirus crisis on the global energy sector and the environment - Atlantic Council,https://news.google.com/rss/articles/CBMi3gFBVV95cUxOaE9NLVdJTUdRbnR5VW5oVFhHWlprWEdMcGFiclE5djNDUTRlRWhLR1JiZ2pVdUdTUFNEaThlWUFnTGFMYVZDdVNTNGJ1bjNaNS05VjRxREZocHg1OE5JakI3U092V3M0cW9wQy1aOXpjcUR2S3hUazNFVTJoVXVuWjgzMVFvd1Q4UjFTOVBpRG8wQXVibE5TTFM2b1VFenZOeGVzYS1UTzVBcE42Nkl3S19IcEwzSTRMWm5MU0IzS2Z2VmtPb3h3V1kwNDRSWFdicDU4OVVCVTZhNkJ6akE?oc=5,Atlantic Council,en,COVID oil price,covid19_pandemic,relevant,0,0,0,0,1
2020-03-25,Coronavirus Shutdown Pushes Local Gas Prices to Less than $2 Per Gallon - San Antonio Report,https://news.google.com/rss/articles/CBMiogFBVV95cUxOaVdmNDNFOVJsZ2RUUktENXFxQmZ5UnBNR1RkYXpOR1lGSHZSU2J4TUpNeWpvWVBCNjlXWjU3UnJ2ZWlsVTFTbmJOT2ZZeXlZVXVxQjllNk1OZzRieHVWdV9Fd2dHcHQzUDhRZW42R29meXNkQjNNc0l3R3JOV1c0cHRQOVgwVDZrVUE1Q3h6YjRmSF9pa2tSdnY4cWVjRFN4VWc?oc=5,San Antonio Report,en,COVID gasoline price,covid19_pandemic,relevant,0,0,0,0,1
2020-03-25,"The Oil Price War of 2020: Winners, Losers and Ways Forward - Russia Matters",https://news.google.com/rss/articles/CBMikwFBVV95cUxQRk9OSERTYzhEZWJjTTBPTXNMWXQwM1VaR2R0eWZ4X2o4b01RVWV6bUhPYi1yTzQtMGdqMjJqcGx1ZWFXcFM3LVpBLTBZQ29ral96aWVOOVVGcUhaeGtHQUdfMmlCajVVMHFIMzZyVVhST1I0S3B0enlzcEJlcFpEdWV3R2podFhueXFLajV2blVieUk?oc=5,Russia Matters,en,COVID oil price,covid19_pandemic,relevant,3,3,1,0,0
2020-03-25,"To fight coronavirus, Azerbaijan passes the hat - Eurasianet",https://news.google.com/rss/articles/CBMieEFVX3lxTE96Y2M3QlVxX2ZLR0ZkWnhqVjdCN2t4Tzhrd291dkd5YTlnOHlnQllSN2V0T3NQR3RqRUxuWHpRX0k5azl5amRVSV9iQTg3c2dvX2JTc3RjSERXeGlyUG5STWJrT1oyZFg3V2xKV3hGMXNTa29VVDlaNw?oc=5,Eurasianet,en,coronavirus crude oil,covid19_pandemic,relevant,0,0,0,0,1
2020-03-26,Gas prices dip below $2 a gallon in some parts of the Lehigh Valley - Lehighvalleylive.com,https://news.google.com/rss/articles/CBMiwgFBVV95cUxPNmZMLVBFN3hMVWZORVBtaFRHbUNwWFg5bTY4SXRwWWNncWwxRTBsYlVOdjRkbHhaR2E2b0s1ZENDaXdoSUxfM1VIUUJaNWdVRVpva2FTTm5nbThNTWpKMzNja2J2cEgyVTFjZlBWbHJ3VHpUWV9hWkNwV0FOSm9yTldYZmNFMVdIQkVzVTZkOWZhVVowLTNIX2h5OWY2alFBajBuamZ3TWJHSHVwZ0JnSWozTzFVdUJKNVBPUmIwUXNYUdIB1gFBVV95cUxNTzZUdWNfejJ2clVHUk42TE5ibFptMm9nU2N3TW5GaDNIRWpvb01tRjVaVzdGa01hbmFKLTZNTUhuUUpJa3hsZGRzLVNXUWc0b3h1ZWlZdjhBcGRJOFUzcXJRbzNwcVpiT0EwNkdwSFE2X1RMb01KT2FfZkJKTmZYWGlycDFnbDM0SWdieEE3S082UTZFYUF1ZXBSenYwZ2RGZEFNRlM3UU9HaVB5bGpBUTU0ZWY1b2pNeEVFeXdNdmw3ZlRNc1ZZUHpJTGFGMUc1dzJ6ZXpB?oc=5,Lehighvalleylive.com,en,COVID gasoline price,covid19_pandemic,relevant,0,0,0,0,1
2020-03-26,Coronavirus case reported in Crane County - Midland Reporter-Telegram,https://news.google.com/rss/articles/CBMikAFBVV95cUxPZlRIa2IxWDlJdTlWbUpEdGxscWNSOGdENERlVC1jSDFLZGNSaTNQdHRqb2d1UmZFaEcybGRyWmlJSTBtY01lVDRnalBXdHRmSnZ0TnZyM050U3dESV9zYjM1Yy1sOTRXM25nVThVQl96V0E5SHZwY2dxZE9ONjdPQU5iS21YUmdyTG16T0FMUHY?oc=5,Midland Reporter-Telegram,en,coronavirus crude oil,covid19_pandemic,relevant,0,0,0,0,1
2020-03-27,"Welcome Back $1.99 Gas: National Average Falls Due to COVID-19 - KOLN | Nebraska Local News, Weather, Sports | Lincoln, NE",https://news.google.com/rss/articles/CBMisgFBVV95cUxQaGVpTGxiRnduOW1ZLXlLVmpTYTFlNUV4bW1Sc1Z1OENaUkFDWnpRczJhTWoxNEFhUVdPNVFjRnNWcXE2bVl0eUhpbFhoaHpHT192allZTzZOLUdlY1FmN2dWY0xLa0c1WEhlUjRQUXBEaUZ0QnQ1dXdRSkN0MU9pMU5vY1QwdFNCU2oydlEteGx1a2ZOeGJiSFl3b0x6MmZVZkQ5RGh4c2lHMjBLR1o2UnB30gHGAUFVX3lxTFBSdUNhaFlTRk40aWsxSFhLUTgwSjBZQThXM0RvVXM4NUF1MTh5ekg3SXMyQ2FqTkNKU2dVV2pnQ1lHOGo3cUtMcU9zVjdjSjFlZC1JdENucmVpcjItdXcyTEp0aUY0SkV3czY0MHVYcXpCR1Vlc1NFV0IwNktUWERFZkNRcHhIdDItcFN4UG45S3ZiSGV2Y0F4Tk1lRUZmT2JKejFtWDBVb0FhNUxVcmFEdXdUUGxTWXd4Y3FoNlpxZzVPYVhndw?oc=5,"KOLN | Nebraska Local News, Weather, Sports | Lincoln, NE",en,COVID gasoline price,covid19_pandemic,irrelevant,0,-6,0,1,0
2020-03-27,Gas prices drop across the St. Louis area - KSDK,https://news.google.com/rss/articles/CBMiygFBVV95cUxQc1JLV0tXTDRnRHJoaXMydjBLWmxKWTJaX1Zxa0JKMno4anJIWE15UUt6VmpYTm9mOTZHT0RDWUpqTVoyRi1nVFNKVEJpbFpGVGZoTWNjeGhjLXpPZnV6ZlRob2U2d29YdnVEbEk0MlhFNUdsNkJiNWFOX2xuM191V2ZyUHp6RjFGWlM5eC1lYXp3bGJHdWd6Z3RCMFppMGhoSzY4T2VxV1pxLXhKdldCVk5aNzNYY1RTdDJhbWY1Y3BiYV9Ud0Vod3pR?oc=5,KSDK,en,COVID gasoline price,covid19_pandemic,relevant,0,-3,0,1,0
2020-03-27,The Oil Price Collapse Could Reshape Global Natural Gas Markets - Georgetown Journal of International Affairs,https://news.google.com/rss/articles/CBMisAFBVV95cUxNWnREcmlRSFJHX1BDM1pvd3M1Y0k5VEdXTVNXN0hLNU9xNEtZcWJ6Z09wR0Q1MVBDa2dlVkFfMFBCbHI0N1FhQ0lHYVlnR29lbjRBMjlDV1R1MGxJWVRmVkxxQXVpYzJsWFNNcGRMRTVQWmlYZl9UTDMtS3VWZlIxN0FPZEpGNnp3Z01oNVp2YndkU1VHSmxmU0tZaTFjZ0ZMUURDeFdzSGVfbmtqZzhhQw?oc=5,Georgetown Journal of International Affairs,en,COVID oil price,covid19_pandemic,relevant,0,-3,0,1,0
2020-03-27,Oil market volatility is at an all-time high - U.S. Energy Information Administration (EIA) (.gov),https://news.google.com/rss/articles/CBMiY0FVX3lxTE9nejMwMVNjbmJsNEZSblg5M1hQMjFyYUxoZGpZWHl6a3h4cFlCM3NNOVlCem1SQXlfQmE0cTRxblJmU1Z1c2tBNEJzNzhYM3dJeW50VTNXTGhXUnFPUHBUWDh5TQ?oc=5,U.S. Energy Information Administration (EIA) (.gov),en,COVID oil price,covid19_pandemic,relevant,0,0,0,0,1
2020-03-28,The history of hand sanitizer—how the coronavirus staple went from mechanic shops to consumer shelves - CNBC,https://news.google.com/rss/articles/CBMiogFBVV95cUxNVldJbkhOMl9ZOXgyQ2ZDd2VkN3B4RkVzRXpQMWdSV2V5TWp1a1pNWXhkdUVZSXdMRHVJMjZOVFZyUjNyUE12YzJ0dE1zTFVaNjJsWGJGbmVqMnZPRVViZ3d2bW9kcVJfc3RWd2h4ekV6cUxQQ3NmeWU5N2duaUlYYXNKYWlhTXcwenY2WV8wQS1VWHp3djc3MmFyX2pZTmZzVUHSAacBQVVfeXFMT3Y1Tk4wQXZzVU16aDFsZ0lqU2dSQ2JBY3pGOHZoWXRmOVFxREFCT0szM0ktZHMxQW41Znk0RkNobXd6M3ZIVDhTSUhvNzFQclVCWWhncUhQT0dEQmE1V3RMc0FqZ3pndkpKbmFxY0dDR01zMWpfUGlEaXlFa3RpeXMwOHhKSkFLaUpOM1ZJWVVGYTdscWtlZ1Y3ckxfei1LZnJMUkJSbDQ?oc=5,CNBC,en,coronavirus crude oil,covid19_pandemic,relevant,0,0,0,0,1
2020-03-29,Texas gas prices dropped to its lowest level in 4 years. What does this mean for us? - KVUE,https://news.google.com/rss/articles/CBMi_AFBVV95cUxOai15UTdIYkdwSGVnVEFoZDh4VF9qVWJ4NUF6UEYyRkY5RjVjRVNzZmZoTmRKRzJmUGYwVnJkVzJROGdUclB2cEZJZEtHcnhmY1liR2c3elhOejdxMlBodFVtVDZITXZ2NlJIWlZuaGdDMVNLeFpubkx3Nk5qWlRmSllhdy1XUm9KUlFKeFFzaU0yLTdkZ1VOYUpFR1pDT0MxemtqaXNrNDlJR2ZpS3d6M0J3Vk1xSmtQaGswUGRWOUp3d1UwUFZ4NE5OUkIya1lNTlVyX1VtcXZhallUd29vYllYdDBReks5elBjNjl4cGt0VmxDUFlvenotZEw?oc=5,KVUE,en,COVID gasoline price,covid19_pandemic,relevant,0,-6,0,1,0
2020-03-30,Gas prices ’sink like a rock’ in COVID-19 slide - Southwest Times Record,https://news.google.com/rss/articles/CBMihAFBVV95cUxPUTI5QlItNi1FcFotbjFYUWI1YnN3ZU05LWM0RzFqUzMyX3lzb0lscEJoX0pfWTF0d2xsbzlNSXIyYzFxbEI2U1hmeEpxNEQ5Ukd0blpfMnRuTmxCZmd2Z3dIUjItYjBmZmpfb0I1c19VZFpVdWRMaWFEaXRvN2RVOE55dlc?oc=5,Southwest Times Record,en,COVID gasoline price,covid19_pandemic,relevant,0,0,0,0,1
2020-03-30,Oklahoma's gas prices lowest in the US as economy feels effects of coronavirus pandemic - KOCO,https://news.google.com/rss/articles/CBMiwgFBVV95cUxOWWtEQjMzOTl5YjBsY1pXbkwxTDhFYzV3dmN0eHpVOWtNSFFwVDZteWt5a1RLNG82clNCYndEZjVLQzN6YVRLbHpndWI1RUNBS3FVVjRCVGtPOUV2cllGSS0xS2FZeXI5VWZ6aE14RnhGakFrS3EzSDMtVE5XUFJoYlBYS3laRVZGcDlDU043cFl1THYwZkdhdnhraXp1dVJjdlc1MDctWFVaNUhtR1JmdkNsTTJOZVNPQ1dFRzBScmc1Zw?oc=5,KOCO,en,COVID gasoline price,covid19_pandemic,relevant,2,2,1,0,0
2020-03-30,Maine gas prices dip below $2 a gallon - newscentermaine.com,https://news.google.com/rss/articles/CBMilAJBVV95cUxQLTZhc0Z6MHVIQTNyd2hHZmZ4UVJGZnlxWmN4U3NmWVZPTU14cEJzODZFNE5tRks0aVFYcm5RUVhLTzlzZDRKMWZYWHpHUVRwRFJ4TG1PMTZqWThrQjlfWktMVHlVUTVhc1BidkNjQTR1UjJMQUdCNWwzaGRsMUR0UHBLNm13RFJQcjZhUGNKMXFlWk95cGl5SmVtM1hYaFdBVnE4RnhCSm9wODk5ekhYNV83dnRfNVBlU3JNU28wZ0pUcjlzRjVUVDNTejFIek9SY2pVbmIweTh1eGZ0ZGQ0TmpacC16OFJiTEx1UlJ1MnlKRjRMYWlqTElvekp5R21FbWNQaDhwaV91UXpNYnhtMjdpMGg?oc=5,newscentermaine.com,en,COVID gasoline price,covid19_pandemic,relevant,0,0,0,0,1
2020-03-30,Gas prices falling in Tennessee as COVID-19 slows travel demand - WVLT,https://news.google.com/rss/articles/CBMisAFBVV95cUxNb1VhQzlQTkdGVldqSzBXdy1WU0RhRTZrVTVwaTA1ZHNZNVJ4aVc4TEtDNzEzX1RwWVRhLXZoMVdLTFY0enprN3RFYWFnWG91UHVMR1N1RkxwenQzSlZCelkxaG5BRlRWellTa1A4M3ZaOURIQ0Zfd2lLQjdNbmJOa0F6MEwyVFBybW5XOF9KZlYtOHFYUG5vQUFXU2lFWndFVUlDMEhlTEMyazZGX091UA?oc=5,WVLT,en,COVID gasoline price,covid19_pandemic,relevant,0,-3,0,1,0
2020-03-30,Coronavirus: Oil price collapses to lowest level for 18 years - BBC,https://news.google.com/rss/articles/CBMiVEFVX3lxTE4zNmtsSXV6VFVKT2NDVnFhQ3ZwT05iOG52bEppMTVXUGJuRUthY1FyUmdVTHV0U2ZqQWxDNDE0bWRwdnlkdzQwUWRkMnFZYzRtdUpiOA?oc=5,BBC,en,COVID oil price,covid19_pandemic,relevant,0,-3,0,1,0
2020-03-30,Oil crashes to fresh 18-year low as demand suffers unprecedented drop | CNN Business - CNN,https://news.google.com/rss/articles/CBMibEFVX3lxTE5wcDBncEZXWGQtUlIwSjVkeHc4NGxqMEtPbXdrZGRMOVVaSjRhQzBDaFlweFFSbk1TVFVuMnVvWVNyYUQ3VURNcERtcVRUSlMxSDFyaHpuTnl3TFRRcW1iMVAxdE9BWF9XM19XWQ?oc=5,CNN,en,COVID oil price,covid19_pandemic,relevant,0,-3,0,1,0
2020-03-30,Goldman on how the 'largest economic shock of our lifetimes' will permanently alter energy markets - CNBC,https://news.google.com/rss/articles/CBMiqAFBVV95cUxObVFKSUtRVHpkNUw5ZUxldzBwVHpKVGJOWGtUcGJodXhFYUIwb0x3dWVTUXR6al9wMFE0bjJrVGN0Z2JLU1lhbjBsY05kQmhjanNwVkJNNTlpMzc4cTlzZ3p2ejNjUll0RDNQcy1KdkVUbUlfQTZBclJFS1Y2SDBadExxUHJQZDM5SUlJenJsWXFEMTFfZW9YSVJ1OWhLc3A2UE9KN3RqYkTSAa4BQVVfeXFMTW5OTjI5QWtnWVFWS1c4QmdVZUdCaE9tTWNfUWJlX0h6S3k3N3RYNXQzVU9UelR6blM5RnM3allBTlNrTFYwNzY0TlBwa0dDSTY3SUZPanpmVW5HbXdPaW1raE5kdnpQdnlrUnNJeHNjMVlURHFsMjl4cEs5SkU5b09NRXBGTGhRbmNvSXNkVjFENTlQV0g5QndRaC1URzRtTzNlSnJxNVVwVm9oc0J3?oc=5,CNBC,en,COVID oil price,covid19_pandemic,relevant,0,0,0,0,1
2020-03-30,Coronavirus: Oil price collapses to lowest level for 18 years - BBC,https://news.google.com/rss/articles/CBMiV0FVX3lxTE8zMUNsbTJrbGI0VkdKOUFSRnpxNU45VzZkTXgwaUJJV0Y2X0s1eUp5WTdQNnBfUWVFSDNwYjFrSEVtdDEtQUxsQ3A3dVRMU0Vha3p4cFlNbw?oc=5,BBC,en,pandemic oil demand,covid19_pandemic,relevant,2,-1,0,1,0
2020-03-31,Gas prices hit 4-year low - KUSA.com,https://news.google.com/rss/articles/CBMixAFBVV95cUxNejhSNGhleUg3NENXbHhGMVFyYXRWR0R1QjhaVFJpR09rcFBPdTdmZG0yUDJhOUdNU1hSZFpqRm0zRHQyeWVUUkN6QWJnaGhOdmExcmlDUTNrNFV4QTFkTE9mZENMZTlnR1B0d2ZwT01nV3dFSjV1NDhJTVFSc19nZG93VkRjSzBjNWFFQzdpd0ZqQzNyZklLb1B1Yk95TjRhcWY3YjdFRGRvUFhqZjVjR2lObjE5UU1ZdHNnbGlRT0pvZXBT?oc=5,KUSA.com,en,COVID gasoline price,covid19_pandemic,relevant,0,0,0,0,1
2020-03-31,Gas prices drop below $2 per gallon on average as coronavirus keeps drivers home - CNET,https://news.google.com/rss/articles/CBMikAFBVV95cUxOdm9XcUNfOXhUa1pyQTl0Nkt0TkRnU1NQclZRTWhULXMta3RhUWRRMl8xTkpBLXE0bWc5NlNHT2t3MG1nN1lHUmkxQ2xtcEVMUm5mYmk4SklGTEJaQ2h0SGwwMF9tMTR5OGRuZkdBbGFXazRMQkhXcG9iTjg2aktHTVpWdmFRR1NBdVJTWXpxT2Y?oc=5,CNET,en,COVID gasoline price,covid19_pandemic,relevant,0,-3,0,1,0
2020-03-31,Nevada gas prices drop below $2 as more people stay home amid coronavirus pandemic - mynews4.com,https://news.google.com/rss/articles/CBMiekFVX3lxTE1xeUcyVU9mRmRvZUN6LTYwN3JoU0RpMk92ZzFsT2RfRkJ2V0VMUFdwQS1UcWNhNDVNd3pkNnkxU3AycFFzVXljTVJ6MmtjV2Jrc0MzelNITVVNaC1KamlaV1YtODRFX3pNT2ZMblRkYWhGUDAxZWNGeVJR?oc=5,mynews4.com,en,COVID gasoline price,covid19_pandemic,relevant,2,-1,0,1,0
2020-03-31,"Iran coronavirus (Covid-19): Updates on the outbreak, measures & impact - Pharmaceutical Technology",https://news.google.com/rss/articles/CBMitgFBVV95cUxQU3VsUV9nSWZSbFJfWTVmem9UUmwtU003cEtvbFh2VmhWdnBJZWhXT2RyclhuVGl6b1I2NHl3ZXduV01lOG0zRkMwT1licDJLakRxaGJkMXFaWThMNlQxOGxnNDdxRHlVOGpidEJtcDAtbnRsWXE1UVZEaG1qck5jQkEtM3dxTnJVcHZMX3VyaG81TnBlUWVjWk44aWpJQ2owRE1Ea2ctSTdPRmliV0RqVmxSNWhPZw?oc=5,Pharmaceutical Technology,en,coronavirus crude oil,covid19_pandemic,relevant,2,2,1,0,0
2020-04-01,Gas prices fall as low as $1.26 in CT amid coronavirus outbreak - CTPost,https://news.google.com/rss/articles/CBMipAFBVV95cUxOcENubjdHNmotMmlfSGoxUTJGZU5wMmNRRXdNTUM1STQ0ZG1VSTdIQl95bUlvU1pCRFRWTFlrS2d3X2REOTRVcHVEZ2JyMFMtaUs1b1NnT0FRWnl4R3RRUXF1cHpyN1NyTkxVcVp0cW9RX3BJeHVFT2ZaYUlJa1ZLdm5ONUVpV2xCN3NMYWpLTlNHVHhrUmQ3aVdtYXMyV3pPUHN0Rg?oc=5,CTPost,en,COVID gasoline price,covid19_pandemic,relevant,0,-3,0,1,0
2020-04-01,IntelBrief: Oil Price War Clouds COVID-19 Response - The Soufan Center,https://news.google.com/rss/articles/CBMihAFBVV95cUxNVkRsT3UtWVY1RXBZN19qbG01dlc0eUYwbGIzWlBkVzNPdWdfMDh4aW9iZHdtaV9Ec0hLak5SZlRZVkJCZmJjRWpLX3R0WUE3dnpoZWdYSlZmd0J3dWFHUnk4cmtpakkzZnBjWWpGMm5xbTFrZUQ1UHBmTC1JemwzN0ZES0g?oc=5,The Soufan Center,en,COVID oil price,covid19_pandemic,relevant,3,3,1,0,0
2020-04-01,"Oil wars, petrol prices and COVID-19 - The University of Melbourne",https://news.google.com/rss/articles/CBMigAFBVV95cUxPNmo0SnNYY1Q4Nl81ZWdRQTdITDZIcXdUX1FZb0RNNWhSV3ZkUUNtOTJ0UEVDa0ZSOVBTWmloa3BXUjNfSnplY011V2tsZnNnOU9OdHpKaVRVU1lNd3ZIYmpteEplZWpIeDAwaVZDM09rME9rajVaa2oxclFaWlg0ZA?oc=5,The University of Melbourne,en,COVID oil price,covid19_pandemic,relevant,3,3,1,0,0
2020-04-01,Tackling COVID-19 in Africa - McKinsey & Company,https://news.google.com/rss/articles/CBMimAFBVV95cUxPTklQeVpHT193QU1KaENlWlNtMElmVUx3RV9vX3hGbVVybFBVT3BNWHowSnNoS1otcWpQd2g3TVhFTjAwRE9vQ0dYUVFfWVU3YmJWXy1xMGdfaVNPekJmMWdRWXlWdTZkVm43LW9VbmxaTmZSNVRGZ1BTUHJ0UkZzWjBPWlpCdG12dzhYVWNacWxhaGpjdUJ1UA?oc=5,McKinsey & Company,en,coronavirus crude oil,covid19_pandemic,relevant,0,0,0,0,1
2020-04-01,Coronavirus In Minnesota: Gas Prices Fall Under $1 A Gallon - CBS News,https://news.google.com/rss/articles/CBMirgFBVV95cUxQVWhQWW5lVTZKaUFlbTliVExVbnU0a2d4N2NRMU8zekZMeFlnRVJldUItN1ozMGlfalBlLU1ZNlRjU0xpSkVkSF9TNkxZMExFWDhoazM4cmhXNk5GYWZOM19WSmwyVzJwNm1iU3VHSDN6azNzWG9FMjhDT0RSTG5LTG5PeFpOWUtXaHBwalRrRzRvZGZ4TG9kWmZuMHUxTUtVclNBaXBxSHpoZzhndmc?oc=5,CBS News,en,coronavirus crude oil,covid19_pandemic,relevant,0,-3,0,1,0
2020-04-01,Will the coronavirus kill the oil industry and help save the climate? - The Guardian,https://news.google.com/rss/articles/CBMiwAFBVV95cUxNeGh1OWJCN0w0Y0NZeEdMbk9JakJVd0JxTXVsdFdwWlA2UU5wNmhXT1Q2LXFtXzBjRnYzRU03V3lQWGdXWllmZG5sSlpMb2FXSUhEQ1o1b1pKdTZuQUVfSGpLNW1HOUFYcGVDNmNzMWEycFdQSXZKc21xWXRuQ1NydWxBU2hRSnFuWWlieHlnbFhQUVE4TDcyZ2VKOTc0U2lCZjFTY1ZHSnBVOWtTMW1scDFVZWlxYU42Xy1SMUdZMy0?oc=5,The Guardian,en,pandemic oil demand,covid19_pandemic,relevant,2,2,1,0,0
2020-04-02,Coronavirus: Gas-price plunge is not a good economic sign - Lakeland Ledger,https://news.google.com/rss/articles/CBMixAFBVV95cUxNTUxxNmtGZExUSFJrWTByVWVsbmlTaDh3eVowSU5xQnZfWGRMb3FkQXd0RnY2X0VfUWxNOVgzQnB6b3BoYmZfODN4Y2t3UDdvR29xamR2THYxX1B2dmY0cVc4MklJS2VJWFlUZkN2TlVrVy12elpkckVKdG9ERm5PNnhyaTB6ZmE1eEVrQ1FhWFduNHd5cHN3TlZzRTRwR2RrMlRsYlNGNlBNZDdmNGFIYndlUjNVNWJkOW1BSGZablZ4cTkx?oc=5,Lakeland Ledger,en,COVID gasoline price,covid19_pandemic,relevant,0,0,0,0,1
2020-04-02,Michigan gas prices fall to $1.65 per gallon; record low prices could fall further - Detroit Free Press,https://news.google.com/rss/articles/CBMi1gFBVV95cUxNcWt6NE4tZWVoVFB6dkZ1Z2s0MU9faUdGRWN4bDBqZkpRRnBPa2N2YXpadUpNb24yckdHRkZlR1pBLTkydmFYc0VwZ0RGd0RUMjY3bVg4Qlo4TWhmZGwxekJhdlBwM3FvREh4X1dQYXRTQm01ZlVKcnBtUkJtbHM5M1NwLWpaZnJpYlNGTUJuX3RNOG91aXM5a0FBNHJkVklVMDBuOVMtWTFtV1RPM0VxX1pFZWdCdUQxUjZmTXpLS1ZSYzhDVkNxR1NxdV84Z2dmbmM1QjF3?oc=5,Detroit Free Press,en,COVID gasoline price,covid19_pandemic,relevant,0,-3,0,1,0
2020-04-02,"Oil Market Black Swans: Covid-19, the Market-Share War, and Long-Term Risks of Oil Volatility - CGEP",https://news.google.com/rss/articles/CBMi0AFBVV95cUxPMV9IUUZOYkZJd0NUT1pkalROdjAxSHE2VTFZWmRYZnlCNV93N1BUbkpvQ1pJdTJOZE1tXzBmZUwyT3J2anB1RVhGRVN6d19KWEs2eGY3SWJWTXptQ0tEU3lHdkxtZzJnQnlCaVF0QlZHemg1ZUlDU1pxcjVJZnRGSFJ3Z2t1Y3ZObm9yMDZqa1RqRnd1anJ4R1dkZ0lsZm8xNkJIdWFuOTd5a2Zvd1FQLXFRbWZ2c21ld3NJQ3RDZlhKWDVOaEdwVUxTdDdyTjRk?oc=5,CGEP,en,COVID oil price,covid19_pandemic,relevant,3,3,1,0,0
2020-04-02,Saudi Arabia's big oil gamble will hurt the kingdom — but it'll likely pay off - CNBC,https://news.google.com/rss/articles/CBMiogFBVV95cUxPaUVfZkp2Tkwyb05qS1dhMFlTWHJiWUdWNUJmeWthLTdQaURYc3Q4WVFYZXI5VzlOdlZDa3hhM2Vua0c5OVFVTkxhUDZMZDhKaWZadWVXRk5GeWFGOExvVGx0THd3Sy1WMDFxTUQ1OFJQYXh6SmN0M0Q0ekhwRm9kLTNWcU56eWgyaFlIazEyUkoyMEs2UHVZZjRWVkJCTXNmM0HSAacBQVVfeXFMTlV2eV9qd1MzSjVPT25MYV9vRWpkSS1IcGFyX0syV3VvekY3aTdPd2tYMHNhZlhQTWRJaEM4T3dWVXV5Nk5jejBNZWN2ZFd1dWo4OVdQbDExdlpTTXdzOGZlVExaRXZ0Wk9iWmJEYTlKRXVNeDhsYklXUUxEYzByRFN4UG11Y3YySDZKeF9BelZKeXM1akFTS19NTUxLeG1DQkpxdUZERHM?oc=5,CNBC,en,coronavirus crude oil,covid19_pandemic,relevant,0,0,0,0,1
2020-04-02,Satellites Map the Global Flow of Oil – Demand Has Collapsed Due to the Coronavirus Pandemic - SciTechDaily,https://news.google.com/rss/articles/CBMitwFBVV95cUxPdTlSaDZpc2N3a2txcmNsdkJLT3B5MUk1dTlRamNSN00zNllQT1VoaGdaTFBqTmRCSy12NUZad2hzWVBGZDNJNm5WSzFrR2stRzhPVk4xRmNKczBZOWF2bXdtTDZxWUFWeWF4TEVnaFllZGNSYVpMNFFPeEdWQ0Zsa2NDVHRrdXFMaG9McUZodDZvbDZ0NS12Qm5zdlIxbUN5VDFybUczNGZHRGMtd05GT0xMbWNUZG8?oc=5,SciTechDaily,en,pandemic oil demand,covid19_pandemic,relevant,2,-1,0,1,0
2020-04-04,Florida Gas Prices Plunge 50 cents in 40 Days - ACG AAA Newsroom,https://news.google.com/rss/articles/CBMigAFBVV95cUxOVHJOT2J3dF96blBSS3ZRNnZuVWdhZGxsMWJBNlpfa204cE9PRENtYWpnZGZPcVJIM1k3eUFMV1F1d2tveWplWUp5Q0pXYTlXemdpekJJak1fV2tWcWhIZkxFY2E2cURMNHFTVU5nWlBwTXNWTkRPMzFqWGtyN0Fjcw?oc=5,ACG AAA Newsroom,en,COVID gasoline price,covid19_pandemic,relevant,0,0,0,0,1
2020-04-04,"Gas prices drop for coronavirus, but vary by 50 cents across SC. Who’s paying the most? - Hilton Head Island Packet",https://news.google.com/rss/articles/CBMidkFVX3lxTE5RMWVTV0VDNDYxd00zdHVQM1dSZEQ0U1h2VHYtX1JocWpCSkR4dnBxY0lUQm0zRjBJNGE4aVhfc0F6WWZZWm9tUGVCcU5PQl9nSE9BRldqVXlhX2xxU0JIaDBxWHFacG9HOEdFVHJBd1pWZ2p2Z0HSAXZBVV95cUxQcU82cWVydTlGOHRLYnQ2ZHZnRE5zZ1V4S3lTZlJONXF1SWkzWUJOVnFhNXJ0eEtIWEJfQnJham11NG5oR2xPOEQ3WjAxOTZXcGRMTEVOQWE0OUZJdk1nMUdlRXRrbGFqb2ZfSVR1TVdicDhMb2tn?oc=5,Hilton Head Island Packet,en,COVID gasoline price,covid19_pandemic,relevant,0,-3,0,1,0
2020-04-04,The 'Limbo dance' of oil prices due to the coronavirus may send the national average to $1.30 per gallon — here's why - Business Insider,https://news.google.com/rss/articles/CBMiogFBVV95cUxOenh2QlRDWEpiWUVVejVEVWJCMVI0U24ydGZXUmRjLVpGWHRNb1VObVFmck5ua1ZDcU5xZlUwdTBFWTZ3TTJzNTVNT3ZXYXUyV3lLMl9JNW9KUF9yOG1jeVJmRXlyVmgzWTJEWk1aREhCM1RlYTZlZHZTUjFzMXdmMk8tUkVQejhLdnViQkFyaTJ2c09LUU5XNVdBV3RtY3V6TVE?oc=5,Business Insider,en,pandemic oil demand,covid19_pandemic,relevant,2,2,1,0,0
2020-04-05,Trump lacks options in oil price war; Kissinger warns of “world on fire” - Atlantic Council,https://news.google.com/rss/articles/CBMi0AFBVV95cUxNQy1fNVZKNlpBTlVVS3ZjekdhWHRlZ09mY21CaWlwekRKLUdab19uRlZVd0pCeVhXY3R1Rjg2Ym0xNjdPT0xXRFM4T29vNVFDNGs4cjBtalUzS1dKR25HUUd0RG5CMjhjR2o3QUVlQUlYOUZjMUJmWXRDbFlfYndZUG5HT2FNdHJreGFFUlVsUjBoWFAxeWZpdV9GckZ3dlFPQ25tS19RRzN0OXZSOHFLNWJ5QWVITHNwWllha1JkNzNsQUZUSVJ5djVqZERLekh4?oc=5,Atlantic Council,en,COVID oil price,covid19_pandemic,relevant,3,3,1,0,0
2020-04-05,Price War and Pandemic: The Oil Market Reaction - Baker Institute,https://news.google.com/rss/articles/CBMiigFBVV95cUxQYzJ3cG1RelVrVFdyanNZUkRPVUtMWlBJQ3oxcWJMbERucW12Y3N5NWRQRFVjOGZ3R1JrdGxWa2Y0NXNDdFFLQlBtS2xPNTlJNkd2U0dkdnFQYk1fclFERFJNRVVERHRLd2RJcVNHMmNaN3ZTdmpIUHU4UG5ReHZVYnZzeUJjemlzeUE?oc=5,Baker Institute,en,COVID oil price,covid19_pandemic,relevant,5,5,1,0,0
2020-04-06,GA gas prices continue to decline due to COVID-19 - Valdosta Today,https://news.google.com/rss/articles/CBMinwFBVV95cUxQRXZJejFpTVdFaFhKQUoxc0ktMnlHX1loMFJNV3JiTzVjNWw3X2JZZWZxNE1YeThCVUJYbXRSSkprOTdra09fRjV2ZTFHRmllOXRxYU5NYWx6RXNvX0tBRzlaZXp3S0xKWG0xcWdaSTIyZnJGUFpRYml5SXZ0ZU9JNDRVNkU4ZExEZ0FQa3VneER3SUZSbWlGX0lFR1BtUmc?oc=5,Valdosta Today,en,COVID gasoline price,covid19_pandemic,relevant,0,-3,0,1,0
2020-04-06,99 cents for gas? It’s one Columbia station’s way to ‘look out for the people’ - The State,https://news.google.com/rss/articles/CBMicEFVX3lxTE1CbjVad3htY1ZFc3ZVLW5vcnZUczlYV3UweXBYUkl6T2FCanM5bFlJcjFJa0hFYnlLYUszWm9rM1dlb2IzUU5xeW1jWEtxaTUwX1FLSTBTVm5VelM3QnZobVlMa3JURGl3SmFkT0FoSWLSAXBBVV95cUxNYlNCcG9VYTB6SUpMeHI5M0dSakVnUTN1R2N4UE1jRkt4MmtEYUViVGlFRkgzSWxTM0hSVGFfbE1PMUJ6MGpqOFg1WjJtdHlGcXZoVGg2OXkzNGkzMjI0TF9kVHloVWNXV05QcEliMU93?oc=5,The State,en,COVID gasoline price,covid19_pandemic,relevant,0,0,0,0,1
2020-04-06,"Texas oil producers start shutting wells as coronavirus, dispute hurt prices - The Texas Tribune",https://news.google.com/rss/articles/CBMirwFBVV95cUxOYzJsdzdkbVlnYUJ4dEJwQkJta1lwQkRaQ1FNeU9YLXlJbGhZVTVEa2pmRW5pY3hjNk5iRjB3SkIyV19mdXpVZGtHVFJhX1BhWWpfODZRUVZWQ2xKU3BGdEU2SElSbk9JTzNZVjZnZHF3bGZRQUFjZDNrRmx1ZDdJNVFLMDBSSmhyTWNaS0VKc29PWU9odWNKOEFONWJwQVZrMGo1dk5yWm1pb0VDV0xv?oc=5,The Texas Tribune,en,COVID oil price,covid19_pandemic,relevant,0,0,0,0,1
2020-04-06,Low Oil Prices Add New Challenges to Coronavirus Crisis - Time Magazine,https://news.google.com/rss/articles/CBMiXEFVX3lxTE9VamV5Ym1Lc3E0YU0tYjdiM0Vsdll5Y3Bxd3Y1d1BSVjhCalBwcUZoaW94RW1CZllQalg3a2hYa0tUYUlnTWJEUzAzdGRHbUFxWTVOTWR2ZXRQd0Jm?oc=5,Time Magazine,en,COVID oil price,covid19_pandemic,relevant,0,0,0,0,1
2020-04-06,Dairy Market Hurt by COVID-19 and Oil Price War - czapp.com,https://news.google.com/rss/articles/CBMikAFBVV95cUxQY3l6VjAyRkZYV0FFZFVwQkdzRENNNGNpY0o2VUd0U2ZEbUZXN1UxMGpucm5KZkdPR2Y2ZnhvNWpvcFktQjJKaGFTR0Q0QVFtVk5WWFZRQ01jN1lvYWRrV3JqbGFIMzEwTDZ2T0hzWDN4X0V5OUIwQXVlcFpFMXVsWEtHN2prQkpRRzhpR2tqYjc?oc=5,czapp.com,en,COVID oil price,covid19_pandemic,relevant,3,3,1,0,0
2020-04-08,Understanding the impact of the COVID-19 outbreak on the Nigerian economy - Brookings,https://news.google.com/rss/articles/CBMirgFBVV95cUxNQ243aG9vOHIxLWlwM3JUWnFQS1ZmRlpOS29PZjRTLVBLdkVEZE1sb1MyQUl4em5rdWVXdzF1SlloOGdQdW54RkpCWExoMHNRQ3g1NVVNcHZyU3F1X0hFdHVwWDZvY1NEc2t5LV9XUjhFejcxbHpHY2ZGNElxVjBodEJvNkVVcU5SWllXODR0UVlKbGo2TkFURFo4dzRKQW5zN0lUUzdPRGJoRFBnOUE?oc=5,Brookings,en,COVID oil price,covid19_pandemic,relevant,0,0,0,0,1
2020-04-08,An unprecedented plunge in oil demand will turn the industry upside down - The Economist,https://news.google.com/rss/articles/CBMiugFBVV95cUxPcTZXa1V3Sm5Kd1h5MFFnZVlVdzdtZTJ1WW0yTTVkeG5RNURuc1FWNi1Uck5lbTV5ZHNvdGxXY2J2TVFGRFhWcVdaN0JYUWNzLXphaXNfeFlFUTFYUDE4Tk84emlOY1paTExaVW9uaFZLclB1blJ0VzdDcUsyREtnMDQyNnMwU3p2b1NTTkt4WHdnY083NVFZTHh5NnlXVFZrUGxzLUlqQWpLUWQtRW0zdHQ0QjJzZkZBUUE?oc=5,The Economist,en,pandemic oil demand,covid19_pandemic,relevant,2,2,1,0,0
2020-04-09,Coronavirus Impact: Gas Prices Fall Below $0.80 In Some Parts Of Minnesota - CBS News,https://news.google.com/rss/articles/CBMisgFBVV95cUxPTGFfM2hhTl85ZG1fUWYtVENyUUZDb3lnb0ZzdEZhOFZpOFhsd0MtckRZdXhyUF9fUGZrdnJvLWxxX2dJNE54SDA3T0xVRXY1R29QdUJJcTFkSDJab3ZwaXNOQThlSWRNdFBtcm1WNVZEX0JCem9BTXpKREVBLVN1RTJKZjJGUmg0YjJGd2pBNGs5dUQtalJ5T2dRNDJRejNKMFRUUXhySEtFbXVsaGN0Ymp3?oc=5,CBS News,en,COVID gasoline price,covid19_pandemic,relevant,0,-3,0,1,0
2020-04-09,Gas Prices As Low As $1.15 In Massachusetts Due To Coronavirus Outbreak - CBS News,https://news.google.com/rss/articles/CBMikwFBVV95cUxQU0Q1ZGdyYVZRS3hHdjlYVU9kTGFqYnNlR2pWYURseXZMRWtHZlJqdklfM2p2U2pzTTVfOVpCa0N4emE2b0d1RDZDQ2RnZm41VzE2V3BhUklqZjFPTjNjcEtZa25LNF84RENkVE96M2dNTUF3dXp1ZWVYSGVBLVZPMHBnZFBUT1dUS0dqUXlOak5fVlU?oc=5,CBS News,en,COVID gasoline price,covid19_pandemic,relevant,0,0,0,0,1
2020-04-09,See how far gas prices have plummeted in every state across the US since the start of the coronavirus pandemic - Business Insider,https://news.google.com/rss/articles/CBMilgFBVV95cUxNWTg3Mm9HQ1dCbkI4SzBjVVR2a0tpNHE0Z0xfakRyZlRhZlJPajZzY3NmOW1PUVdvd1hLTVNkWmpHeUJWMDA4MHlOQl81WW5pSlc3V3VUdk1DNUNPeEYySmc4NmlhVTBsVU0wQkJRb204dWdOcWVFc0ZGMXoxMllLa2kxRWxlZFFieFNhZTdMZGdRaGtuWFE?oc=5,Business Insider,en,COVID gasoline price,covid19_pandemic,relevant,2,2,1,0,0
2020-04-09,AAA Texas: Gasoline Demand Is At Lowest Level In 52 Years Due To Coronavirus Pandemic - CBS News,https://news.google.com/rss/articles/CBMijgFBVV95cUxPNDRpNG9EalZBZTZ0UnJHMVVFSmptZUZnd2ptTG1qbTdJUUxGSTBhMTlhT0lCSGhpNGplZGcta0tRQU5LZnRzRjMtS0dOV2Jxckd3aGY2SU10V09BUGdXUFZ3NFZNdDJPM3ZEcUtmYmpNaUxVdV9aVEZRckt2QWgwNGZzcFNFdFpObzhzTDhB?oc=5,CBS News,en,COVID gasoline price,covid19_pandemic,relevant,2,2,1,0,0
2020-04-10,How the Pandemic Wiped Out Oil Demand Around the World - Bloomberg.com,https://news.google.com/rss/articles/CBMiqAFBVV95cUxPUFFkaG5ZLWZ2NEtJcGN0bGFra2l6Q1ZUd2pWYk51cGQ2Wmd1QWRaamg3dlRrSWE3VTE3VFQ1TS1VWUNQS1R1bXR3YVJESWFiZGVvM0ZtUVFsWXg3Q1A3aDFLSVE3Y2cybjN3anJtX2JFc3Y0NmV2WEdWTmdIdVJuT2h1Mlpwa0JmNDVjVkRYY1NYeG1CX0RxUkgyb21meEw5VGN1Q3FYYTA?oc=5,Bloomberg.com,en,pandemic oil demand,covid19_pandemic,relevant,2,2,1,0,0
2020-04-12,US backs Opec deal with cuts to boost oil price - BBC,https://news.google.com/rss/articles/CBMiVEFVX3lxTE9na2p6TWJmc3BYM0h4dmpoOHBUcEVWSllNd0JlN1hkREFtXy1FRDdLUVFQRWJyczM1cTQ0NjExV3NnakZwamJzQkFwVzR2QXlnSkRzdw?oc=5,BBC,en,COVID oil price,covid19_pandemic,relevant,0,0,0,0,1
2020-04-12,"OPEC, Russia approve biggest-ever oil cut to support prices amid coronavirus pandemic - Reuters",https://news.google.com/rss/articles/CBMi0AFBVV95cUxPN0ZwWlBRMHFQX1N3V1NOVDVscWpLSXNHbGhTb1hqVnlaZ19PV0dQTGtHakFXQlJIckh1eXlvTi1rNkpxZktFMGxKanRZYjkxcTYxZHhBLU8wWnV3Zm5WNGpIMWR1ZzdhLVdkdlowYmZiOGtfSzdvTFhVU1dZeEt5LXAtNXBkcmhRWS1mSGNSdVo5Sjl2QzgxWERrNV9DNExCMnB6eldTdWh3bUpFREFfbDlwM0NhS3RaQzZveWxLcjEwT3JfTHg3aFdvQXVNOGRj?oc=5,Reuters,en,pandemic oil demand,covid19_pandemic,relevant,2,2,1,0,0
2020-04-12,"OPEC, oil nations agree to record-setting oil production cut amid coronavirus pandemic - Global News",https://news.google.com/rss/articles/CBMibkFVX3lxTE9RelpseE5WczFrMExGUm1iLXExa1NwdTFhVnBRZXlLa21YdXdVc3B6SjVUMm1fT1FtNUpIbjZJQjh6Rnp0ejdJU3hkcEd3T2ZIUVFQU3ZyblIwZ29TMFhXVk9xU0paMTk4ZlFSRDl3?oc=5,Global News,en,pandemic oil demand,covid19_pandemic,relevant,2,2,1,0,0
2020-04-13,Gas prices in Idaho plummet to around $2 amid COVID-19 concerns - East Idaho News,https://news.google.com/rss/articles/CBMiowFBVV95cUxPS296Zk9kSTc3Q2RGRTA0SmVmazRkcUZNT2ViSDdLNFpsVEJwRzl3SFcxYXdjNFRJbXdIcXI0WkdQc0VRTUNkUjNQSlRkQ1lXQWJtcGk3TVpMRk9PNXNpeGV5UVRVRzl2a3oxeDFkYWJWYzNCOWd3RWllSUMyX3JYSHY3N3U1bVd0N3MtLWFoVnVxVGFDY1hmMWRHX3g0bWJxU2tz?oc=5,East Idaho News,en,COVID gasoline price,covid19_pandemic,relevant,0,0,0,0,1
2020-04-13,Coronavirus in Spain: time to revamp the Moncloa Pacts - Real Instituto Elcano,https://news.google.com/rss/articles/CBMiqgFBVV95cUxPbzJremNJQjVraUhfSlVYS2hqaTRUTnQxX1NfUkhseVM2eGxxZjE2SWVGZWxaalBiZVFRMDA1WFFPczBPT3ZjWHBybVVqWVFPcktSQUdob0c1aE9GNWNkSEMxTUY0VGJFSGlTZVctQjVGT0JKNXQ0MzlWSXZkS0ZHSEdpUmI0VHlodlo0eGZQLXBRTU5VbFdCTFVmcjNlVTJhOWROcFVwNTV0UQ?oc=5,Real Instituto Elcano,en,coronavirus crude oil,covid19_pandemic,relevant,0,0,0,0,1
2020-04-14,Ohio gas prices drop due to COVID-19 stay-at-home order - NBC4 WCMH-TV,https://news.google.com/rss/articles/CBMiqwFBVV95cUxPTEQxTjdHcjJGVWZsVUZFc2hHWjV1UWpHT3JoTFk1VlpRM0dzcGV4OFZ4QzloMU5GdkxJdXJibGtfTVhITjlKcU8wakVFQnRlNVRnMm9IVEZwOXlMMGxKU3NCdzRBSk8zTjdJa080Sl9NYlNNSUVYVTk4MERVT2dMaWRJS2JvZEFPdVZZTEEtdkpyZzlfcWdhelhxWEhJYkJKYVlFNGVabWQ5SDTSAbABQVVfeXFMTzJITkZ6Rnk5Y2dYMlRGWV94UjVJdHRDWWxiSVBJSVpwVmstV2liWTVMWHNWeVdBbkwtdXlsUE5UQktYdFI4cjQzMTBPYVVZZElsUENDUnoxZ1dWTnhaMWZGa3g1R2NxMjV3SjFuQ3VTblN4UE1obkhMUjc2bDduU0dvQVhWcVAxc1BCU3l4OVNhVGFjekpUaW9Ealk1UjVMUnpaWTlPUFM3aWtjMDVmbUg?oc=5,NBC4 WCMH-TV,en,COVID gasoline price,covid19_pandemic,relevant,0,-3,0,1,0
2020-04-14,Wisconsin drivers take advantage of gas prices dipping below $1 per gallon - TMJ4 News,https://news.google.com/rss/articles/CBMisAFBVV95cUxPR1Z5T2VNRXhvbEI1WmxxRUtVTFlpRXdZOEZpWXdpM3lqaFFLVnQ3dVJlbURuanA0azlyWmtfaDQwWThabnlDQWI0ZjlrS1g3QnUyYXVzd1Fvak5wY1lUNzRaT1JCekxyb2tZNktuQU41WS1ISVNITGR0cWx0M2FJd3lWYTFxSU9QcDhzWXBNcGlTcy16VXlIcXB2ajNQZEtxZFlsbExuajV6YVpHOWZQYg?oc=5,TMJ4 News,en,COVID gasoline price,covid19_pandemic,relevant,0,0,0,0,1
2020-04-14,Coping with a Dual Shock: COVID-19 and Oil Prices - World Bank Group,https://news.google.com/rss/articles/CBMiqwFBVV95cUxQWHNwWDJSVFFnMkcxMXJ5VnhSQnBMUkRhSkR2Ylhna3hncmExYjJNR2NnU0lvODlYRmZRZndaa1g2dzlickFsSFByTGxQVVBjRndzZENhTzFXemJKa1NfcnREdUtvMWxMRHNvYkdOSFNwSDdNMEZ0ZUVIWnhlZGlIN2ZNWE1oMWdQU2VSNjBOaHFYbmRVZW5ZRVpFdjM0TVQ2OWl6MlRaN1p2dzA?oc=5,World Bank Group,en,COVID oil price,covid19_pandemic,relevant,0,0,0,0,1
2020-04-14,Putin concedes defeat in the oil price war - Atlantic Council,https://news.google.com/rss/articles/CBMingFBVV95cUxNbGFvWVp0UHFfQjRQNmh2M1JVOHRSbnpqd3VhX2k3QUpHTnhSX2E3cmVaV19IcVY5OXlKYy02VzVRd2VqcTEtUUp3RWVIM3IyQ0lnYm16bnNjVVJuVEppelpGR2tqbHlKaHdjdkdVYjJfYWFDS3dIX3Y3dV9NM0NhZW1WMUc4OEFVazBwZmkxa25sckZweWdoVzg0Q1IyUQ?oc=5,Atlantic Council,en,COVID oil price,covid19_pandemic,relevant,3,3,1,0,0
2020-04-15,Gas Prices Down Sharply In San Diego As Coronavirus Restrictions Cut Demand - KPBS,https://news.google.com/rss/articles/CBMihAFBVV95cUxONWhUb29fLUNzRkxvcElmRlI4TVJkVnAwY0Q5MkJpQklwdTJib0h4aGpYSzFWVG9jZUlXZE12bnhfTjU4aVVVbWZjOFdZYzZVUlNVS1ZVMldLLUt3a0N2UHZmRkxBRjNaS2hFMnBkaHlRV0VGR2xub21OS2RUNmgzRVlJMWE?oc=5,KPBS,en,COVID gasoline price,covid19_pandemic,relevant,0,0,0,0,1
2020-04-15,Gas prices in Madison dip below $1 per gallon - WKOW,https://news.google.com/rss/articles/CBMixgFBVV95cUxPbFNiR0Q1QU1uSjRuU0w3LS1OTEVBdklfQU95LWhVQ2ZNTlk4QUVIY1VCTzJtVTNjb0pUM0VMM21GWnhUWGpwYk41TVFZS1FDckgtcXBNTTBib0pablN1WGxna3FoanNwVDRtTnFpTDFDXzktN05rUVp1blNra090cFVJcmtMVkZMUUFjVHNTbVA4cWVQMDR3WkVIU2ZjUV8xTEo5V2Y4U1hGVWQzZnctWnd5c0wzdEtGYmY1Q0VnbjFtckg2UlE?oc=5,WKOW,en,COVID gasoline price,covid19_pandemic,relevant,0,0,0,0,1
2020-04-15,Oil prices slump as market faces lowest demand in 25 years - The Guardian,https://news.google.com/rss/articles/CBMitwFBVV95cUxOdmJwdl9wY2o5V011N19ISDJJRTdtc1VtNDUtbVpOOHdYU3NHdXZDVVJDbTd2N3dmV0t2V0hTeG85dWdpS1ZCWmR4U0hXREF4cllWQlR5M0phN2JZLUZIRFhqeHYweFNBcGE1WWg4d2Jnd25hcTRaOWtkOGcyM1Mzb1FIclFSczhiYktwU3V4NjFrd2pqSGVJWW9Kc0ZmMWc2VEI0NEM1SHZBWngwWWx2Y3gzMEdhVzg?oc=5,The Guardian,en,pandemic oil demand,covid19_pandemic,relevant,2,2,1,0,0
2020-04-16,Big Oil exploits coronavirus pandemic: report - dw.com,https://news.google.com/rss/articles/CBMiekFVX3lxTE5RaHhibkxmYTA4cklkbUloRXE0bEZBQTVqWm1OYzV6QlZNMzF0UWVra3lMQklsMmQyN1AxMmRHWGFtOXM5bDhNM1FMTXhxX0RTLXB1b2VhSEFLdTA4Z3BHTnpvb2tHUmYtUkl4eTdxemkzZ05xeEZwYTZ30gF6QVVfeXFMTVlBbjRVSUJXaFRlT3BQbjJCRkR1bE9jWXFIeFAyV1EzQXR3cFJuc0dyenJOaU80YjRNa1F3RVU2cmktUHlaLU1NYzY1blJaZXNlWFNLaHBMSFN1UTdjMmZaa3RBVGwwTFdYcTJzdHN6S0ZTVGU4d3JuNWc?oc=5,dw.com,en,pandemic oil demand,covid19_pandemic,relevant,2,2,1,0,0
2020-04-17,"CT gas prices drop below $2, lowest average since 2016 - fox61.com",https://news.google.com/rss/articles/CBMiwgFBVV95cUxOWXBYZnVERFBfT3J0TThwcmJYWVQ0Uk1SVWZtV1RvZW1rRjZGT1U3YTZoaXNaLU1VT00zY3ZiMkJwb1ZpaTdtb0FkbTMtX0xMNjl5YkZiQXRiSEJwSm5KYkZxQVpVV0M3bHM0QlRCelNSUlhtOUlLdm10T1AtTDFoRHI2bW81d2otU0M3MUp2dENBQklDTWNZUkl1XzlZLVgzSWFRcjYzWnVIM21vSkJreTBFcVA1SzQ4eU1nZ0lRWTFHdw?oc=5,fox61.com,en,COVID gasoline price,covid19_pandemic,relevant,0,-3,0,1,0
2020-04-18,3 Jaw-Dropping Statistics Showing COVID-19's Impact on the Oil Market - The Motley Fool,https://news.google.com/rss/articles/CBMingFBVV95cUxQdlVsZDUxZmlhU2U1b29reE42VG05YTMyY0xSMkZJQmU4cWhhLWI4NFhxYzJiR3laRHp6ZV9TV1pFR1pjRVV6dDNISFJmSmRnQXRma2VyMmlYVmtINElkbkZmSF9CRG1JMUhSSTNERXhjSVBId0RXWTItWERUZUFEVG1FQUpkaDlaS2lLTkRRLUoyYmtSdGpOdnJ5UFU2QQ?oc=5,The Motley Fool,en,COVID oil price,covid19_pandemic,relevant,0,-3,0,1,0
2020-04-19,US oil price below zero for first time in history - Financial Times,https://news.google.com/rss/articles/CBMihAFBVV95cUxOUmU3bG82eDAtajFBMmJzMmotRWJ5c19hRk5qd0dsOEtSMWRjT2lZcllMZDdxUW1iRjFaRjh1OTBMaHVORTRkVmtCQ0wyZFU4eHRpTjNUM25lSUxSWHVPWnNnaDlGWlN4OTZFTmhTVTVKTzV5TzhsaTRqOHNoNEdGbU1NTHA?oc=5,Financial Times,en,COVID oil price,covid19_pandemic,relevant,0,0,0,0,1
2020-04-19,An oil futures contract expiring Tuesday went negative in bizarre move showing a demand collapse - CNBC,https://news.google.com/rss/articles/CBMipAFBVV95cUxNcVZNZnFnLWFiVXRjOWY5RGJzQ2tfMEpCcWMxX0hhVWkxWVFOQkMzamhMNXRXNkFSclRKU2xZZUNYV0FRVFlaVzU4anpxeUJpaUVFMk9OTGZ6ZTFDaHBROGhNMTBpeEoxYUhSRC1mdk8zekp0cEVZVDFNMk5qM0U4WGx6UWZfREFVSWU0ZVE4b3VrSWIzTVNlUWxQUU5kVDBaVVY4RtIBqgFBVV95cUxPNUNpbHdjb055SXRoU0x5enBKZzQ2RjJoLVVxZ3RWOE5iX0w0ZTdUMEFEdS1RZlBMR2E2TXVoanI1UjEyYndhUGpQdnNWcnQ4SkFLZTFmMEdYQ3VVSjV6VE45Y2Q5bkFmN2ZBcEtmbDZ5cGx5NmxEQ05kVTl0UUozb09JM29ld0ZRYXBEdXlPc0xMdjRMc2JGY2hLaEQxazRmelZpMUxTWmJyZw?oc=5,CNBC,en,coronavirus crude oil,covid19_pandemic,relevant,3,0,0,0,1
2020-04-20,Coronavirus: Gas prices fall to under $1 in 13 states as demand drops during pandemic - ABC7 Bay Area,https://news.google.com/rss/articles/CBMilgFBVV95cUxPejdHRlNnc1dGT2VyYVVQZFBmSUdJMmx5M05JZEVQRnZVLTRrRTBlUTFNSVNUOHZTUXd5U2tJQlVtMWhOUHBVdjBfb1lmRzJWUml4d09mcU84cFN2SGpVZjN0bTN4RmtqbGhBZHRQQzVSUURBdm81bGZiYVhTU3pTRVJMV1NUVVIyTmQ0bjVUbm04Tng2YXfSAZsBQVVfeXFMTTNPSWVMUU5VaEY3Tnk3X0FEeWhXN1A5MmNtd2ZvVV9IVDltckJ2SHJ4MEdza040WUl2MGFyblVtX1d5a1VuZVAzQzFDbVVZWVZtcEpJNWhvdW9xX3dNanVkeUxJLVBkLWExWTFIRHFGVER6YVFGbElXbnF5UThnM0FRSkNoMFF3V1VPWVZiSnNmaU5ZYzJrb0xMSms?oc=5,ABC7 Bay Area,en,COVID gasoline price,covid19_pandemic,relevant,2,-7,0,1,0
2020-04-20,Oil prices dip below zero as producers forced to pay to dispose of excess - The Guardian,https://news.google.com/rss/articles/CBMivwFBVV95cUxOSU5SeTllN1FBSll0TXBoVklKSVpvRXE0azRqenpEZWFtN2JCRGhUdms2aG44V1J4VVdDcUk3aXZ0UnJKNGgxRXdsMmFRWk1LR0U2eVQwQUg1TmF0b0xuZ2I4UzM5bWhEQ3pvcFlXSnpVa3J1dlBURVlNdmYwLUtFRUUxYWUwcndJano5NVZFcVptT1pmZ0FJb1cyX3dGdEN6Y2R4aktMTlhuVUZCeWs5bmJWbldqQmoxcjBEYUZ2Zw?oc=5,The Guardian,en,COVID oil price,covid19_pandemic,relevant,0,0,0,0,1
2020-04-20,COVID-19 pandemic causes U.S. oil prices to plummet to historic lows; here's how this will impact you at the pump - ABC7 Bay Area,https://news.google.com/rss/articles/CBMilgFBVV95cUxNYWVXLWM0elU4ZUxQX1lrSXJncTNQNlZXM3JBZXpJbUhVcy0zdlVad2tfdW8zRUF2aDNtMWw1NUxtNTRCVVVNUDJmRXlmcDRPWHdSbkFEaUFjdFQ1R2NGYmh6UDh0cUhNY1JrRm12VjRza2tRa3BzeFBSMGlyalNNM2syQjZOck1NQnpMYVdkbkZqUHBhSEHSAZsBQVVfeXFMT0FCQ0h1bXNRZ2xld0ZKS3lmVHpZLVNRLUktY3JDeWFzYjBRSFlhNEZaN3h0NERvVmM0bWV3djRQMnFDRDFkNVhIOVpFTC1IQmNxNHVFVDA1Rkdhd2dFTzg5bnRNWUluSGFaY1VWVmdNd0l3ZFFHajNwTExXdjhrUE1SVy1fQzlpUmp3eHY0aDU1LWhvWE1BRXpWY1E?oc=5,ABC7 Bay Area,en,COVID oil price,covid19_pandemic,relevant,2,2,1,0,0
2020-04-20,"Texas oil price, WTI, plummets amid coronavirus' economic, public health crises - The Texas Tribune",https://news.google.com/rss/articles/CBMifEFVX3lxTFBOTW56ZENMSlhWclBHX3FmSUJqSy10bTFEMUo1V085UkxuTnNIRG9Td0F4UjNwNnR2RlRaT0c4WGRyZE5wclJqcW03OE1yTnpJMzZDcEVyQ1Z3N2RLVFdXV093cUJHSGppMkZVMWFvSnAxMnRkTHdEb0tYZk4?oc=5,The Texas Tribune,en,COVID oil price,covid19_pandemic,relevant,0,4,1,0,0
2020-04-20,Oil crash explained: How are negative oil prices even possible? - The Conversation,https://news.google.com/rss/articles/CBMinAFBVV95cUxOdUJjaFpDSFlnd2MzTk85UGNYNWkwbHJmdWxqb0VQOGJUc2VaSlRmcHRxdDdSbm9GR0Z5aGM2Q0daeFZrQnMyM194MTVZYmE5S3VxXzJqd0tyQXVGNG42dC0yZ1VhbUhvNVluTXFidThrRml1bkpTMTNSVUxLUThUV0Rzc2lxRThuU3dHeWp5aVhDSlJPWHZRTkwwNXI?oc=5,The Conversation,en,COVID oil price,covid19_pandemic,relevant,0,0,0,0,1
2020-04-20,Oil prices go negative — and Washington is paralyzed over what to do - Politico,https://news.google.com/rss/articles/CBMilwFBVV95cUxPZWtxcnUya2pCZkg2eWdPVUhCVW9FQ1VGcnRDaXh5aVo4MVVoTEVPRVl1aHVVamZiajVDY01rdVZTSmlkRXEzN1FZbnBmbGpnWkUzYlc2SWlsbVgxVkV6ZEhKWVJOYTY5ZWRwYmkyRjdsRV9vZTVxZk9Ta3VBYXEtWGJJLTRfZDdOcTVJSkk3cEw4NGNQYzFZ?oc=5,Politico,en,COVID oil price,covid19_pandemic,relevant,0,0,0,0,1
2020-04-20,The Price of Oil Futures Dropped Below Zero for the First Time Ever. Here’s Why - Time Magazine,https://news.google.com/rss/articles/CBMiXEFVX3lxTFA4Mjh2OU1hR1FFQWtRbjh4WDFJX25vam5XeGo4NDZRaFo2bTdrNjNXcWVIRHhfVllSN0M1ZEFoalgwTnZFT2hHb2hIQ3V6a0h2MXc1NzJhZGFyUUVr?oc=5,Time Magazine,en,COVID oil price,covid19_pandemic,relevant,0,-6,0,1,0
2020-04-20,US oil prices are on track for their worst day ever: Here's why - CNBC,https://news.google.com/rss/articles/CBMilgFBVV95cUxQMUV6R2M1emFmRmdhOHN0UjBNMzl1eDd2dnNkeF95Mjc0V3A3NEtqVlR1Sk5zZ0tCOFhhV1NSRHZYN28zdUR6a1dySS16RmtXZUFVM1RuY3NTcDBwa05JalFtUXExWjBZOEh0X1JvS0xjallENlktd3Q0MkJicHZHMTNmRE5fV1Y4Ri1Zd0o3bjFaX2Jlc2fSAZsBQVVfeXFMUGdpdEo0bDlhYzRjN3FnN05odnN5V2d3Z1VoTGc3RmU2YlhDajM2M01UenJoR1NHVFBqZ3RQRW5LQV8xeEx4dnJRZlE5Q28xUE1zY0piLWRtZHd1MVJnYWFUanpSbVktb0J5V3hVMno0RU5uZV9oOUM1TFppNzdnUEt2Y04xYlFQcXV3Z3FZd21tQ191MnVWNnlCWlE?oc=5,CNBC,en,coronavirus crude oil,covid19_pandemic,relevant,0,0,0,0,1
2020-04-20,"Gold Prices Steady as Dollar Gains, Equities Slip, Crude Oil Sinks to 21-Year Lows Amid Covid Crisis - BullionVault",https://news.google.com/rss/articles/CBMi7AFBVV95cUxNQUpOMDM3NkIwdW9BNlZ3X2xBS1F4ZmNfR0ZFbTJ1SlNCRlR2VkVEeXRFR2h1VWlQZlV3Nm5ORGgxVjhLcVRXaXN3WGVhMXJLNDB0c0xKRThLdWxYaWNkMTREX2o3T2pfWk9iand2YU5VaHVMdF9LNUgtSWJQUW9hUzU3M0VLcmYtUk1Vam1mVDBXN2NkeXlESmx1M05EeUZfaGJVa1RTTl85UExselhqbVlGS1dKVEF0Y3VVQnMyVENPb3BuS0NfRml4UzFIWThvcW5Jek5GeWItMzBac2VFVVhGMDR1X28taGJPTQ?oc=5,BullionVault,en,coronavirus crude oil,covid19_pandemic,relevant,0,0,0,0,1
2020-04-20,Traders are using giant supertankers to store 160 million barrels of oil as the coronavirus torpedoes demand - Business Insider,https://news.google.com/rss/articles/CBMioAFBVV95cUxNSVhjSlpkcjBFekxGUUt0bHhoNmFPTXA5NlgweHZ3Q0J0VDRpellkZEJxWXJ0cFI0cnNiX2N4ZFRRR3hjWjkyOUVBMm1EV1ktb3EtTmg4dnVZZUlkWE9qbGExTV9lU21oQ2tsS2ZVRU9rNEhaTGtyWFFFaG82SHVmTFhPTG5qX05BZm83TFo4OTVWbjJlczd3M1p0XzNQc1lB?oc=5,Business Insider,en,pandemic oil demand,covid19_pandemic,relevant,2,2,1,0,0
2020-04-20,The plunge in oil prices is the last thing Boeing and Airbus need right now - CNBC,https://news.google.com/rss/articles/CBMixwFBVV95cUxPU1V3X19UYXViU3JTWmRfTVZpOFdMYXJMNG5tRUtUay1hYi1FRS1jU1hiWEwzZVktU01fWEp3eGItNERmOWpkcXBFU19RWFY0NE1DT2JnWU83c002S1RVaUMyVTVpblNoZmhwQVpxM0tyUzZCanhybTRLWkVwUlJyVkFxNjQ1LXpia2VrSWJMWFR0Ujh4ZF95U0VGUVUyZTFrQ0FKZHdkaXhzS1BOUTVrZklMOWRYWTRONm1sdWN4SVZDc0prazZF0gHMAUFVX3lxTE5DdmY4bDVPNVdaSEtobG1uTDJScGFDZW04Vm1mdXotMmVUMlZjcWVrRHd0SFdJdnU0QTV4NE5xQ3c4ZjdEN19WbnVxUTlseHZxNEZKRlo3UkR0Q3ZqdWJBT2lVNlhxYndLTXNQeFEyRkRnY1BUUWFlQ3BLRlp3bDVreERaZjc1OTdRVmN1dFYwOURfVXNjRnRuaFl3VUMzWEN0RlZlZ3NpOUJsUXRrYnNjdDQ2RUFwVS1WZHNBZGhYTEJZS2RoY3pXWjdXQg?oc=5,CNBC,en,pandemic oil demand,covid19_pandemic,relevant,2,2,1,0,0
2020-04-21,How Low Could Arizona Gasoline Prices Actually Go During COVID-19? - Phoenix New Times,https://news.google.com/rss/articles/CBMijwFBVV95cUxPOVllTjAtSnBSbjZIRGRSaEtacnA1WG9Wc0JrUG1Sa3JHNmJodFZuYXF0aDhmUC1wNmZNeVdSeFFndjNvNWJnRXBGQXpfYmYwamFUem5YeTR2VkpxTTlkaGlad2lJb1RadG5MeDRZcldWanpQUm01LVFjT01uS1UxbHhXVDBrXzhBdjN2dkhWOA?oc=5,Phoenix New Times,en,COVID gasoline price,covid19_pandemic,relevant,0,0,0,0,1
2020-04-21,Coronavirus: US oil has dropped to below $0 dollars a barrel. Here's what it means - The World Economic Forum,https://news.google.com/rss/articles/CBMitgFBVV95cUxQM255cUxnUFRwNlJReEpEY1ZJTG9rM041RlhBektmWkc2NlNVeXd0MFU0TDFHdEp0Y3BGWU9UVTdkZlVJZ2hWUHZBWURwYzhWNHZod0NLZ0pUZ19vbzczanhJblVTNnFVUU5pR211YVhvdktGWFA1alZmWUVIQ19NTVNKS2lQRVQxWXRnSHJBZHN0R3pMWU9SdXB4RnlzM0U2VnFlN21NcUctdUs4SGhUZEVrSklSZw?oc=5,The World Economic Forum,en,COVID oil price,covid19_pandemic,relevant,0,-6,0,1,0
2020-04-21,Coping with COVID-19 and oil price collapse in the Gulf Cooperation Council - World Bank Blogs,https://news.google.com/rss/articles/CBMiqAFBVV95cUxNZ0tzOHZrRWRqRXlJX3paWGVfM2ZRWjdtZEFscHVzYUotSXlWbkw0Zm5CazV4N2NPa1FmLTBkTUtpQ2I4Yl9kbk5HQnlVeFRDVndQeWJWcE5EdFppaTlZOTBvNTl0TG9hbGVqOUg4bURYdjNVMDkwRy05MktWSVFEX2xEblVNc2NISTg1TGE3LUlTdE1wLTNyZVBiN0hBQTZ5VlpkX2RvMno?oc=5,World Bank Blogs,en,COVID oil price,covid19_pandemic,relevant,0,-3,0,1,0
2020-04-21,"Anyone who thinks oil has hit a floor is 'playing with fire' — yes, prices can go lower - CNBC",https://news.google.com/rss/articles/CBMivgFBVV95cUxPcHJ1bmtLXy1nc1hjcnNORThCbUlMUXVDQ2JzQ082d1p4aGZubnBFTjRNYU1MLXotNzdEaW5ISWNIVDNVWmhHZGFNeWV6RWJhcFRhdEwtQThZUmR6Z3R5Z2dyWjF0ZHNldVozSjlScHEtWkhIY09sNENxdDRyNlVPeTkyb1BSYWlOeGpWc3VoQ1hmMFBxTGdYb20tOFgwWE5HQWx4RTY4YzFib3VuZ3FzSzJSWWc3d0VRTWx5cTlR0gHDAUFVX3lxTE9YMXZaX1pLVk45VlFuci1oTzNBbHBDYkdvb3R6MTNkU1g4YXNaQlA1aWtNNkEwYkVPc0ZoWFY5Q2Z0d1ppaGlQNUw2cE5ZaWxqb2Y3bkdrTTFJVDlBZjBrQkdoX1JIaGRWdmhfMTAzRnBaRUt5eTAtMUxDMkllcks1R3YtZVE1ZnNvN2Yyc2hOSzJGaGQ4LWlFWTM2UHRFVUVEU2U4VEM4YnhPWFRHTzAxM3dRa3VzUTJoV2RkZGdnbzZKYw?oc=5,CNBC,en,COVID oil price,covid19_pandemic,relevant,0,-2,0,1,0
2020-04-21,How Oil Prices Went Subzero: Explaining the COVID-19 Oil Crash - Visual Capitalist,https://news.google.com/rss/articles/CBMidEFVX3lxTFBsOXg1T2d2NWg1dThEZUtMdThGb2NCSVVWb3BlWEx0bXo2bFVGQkFoQ25XX04xOXN1RFVUNFk0c3RBdTc4cVZFQnNPbnZVR2lOVGJxY3NIazEzeTlheHhXQ2VvWWZORXdFYWFENl9oTFRLY09D?oc=5,Visual Capitalist,en,COVID oil price,covid19_pandemic,relevant,0,0,0,0,1
2020-04-21,"Oil Companies on Tumbling Prices: ‘Disastrous, Devastating’ (Published 2020) - The New York Times",https://news.google.com/rss/articles/CBMioAFBVV95cUxNU0JURWVZQ0RPZGw1N3F3WUpqdVZMWVVVNzh4Y0QwVGlIWW5CRE81b2tMUEw4V0lsVnNaMlc5TThXb3N1NFRTRFJzMHFvbFRhZjJjSHM2QTN4YzFxMlBPcjAybWNvcEpYWjg3eG1mbGd2ZkZJN1JJbHR5OTc5eHV6YkdTbWtTdlNiV1Vnd0JsbEYwbVVFa1VqWkxNWElmOXJy?oc=5,The New York Times,en,pandemic oil demand,covid19_pandemic,relevant,2,2,1,0,0
2020-04-21,The price of US crude oil just went negative for the first time. Here's what that really means and why it's not free to fill up your car. - Business Insider,https://news.google.com/rss/articles/CBMinAFBVV95cUxObnA4NVQ5WmRLU0Mxakp0VFk1NXY0YVBZbEtNTkpOR290eHhpNmllajRnT0U4MWxmbXBkZDZneko5ZVRIVU5GWFFUUFoxS09vX1g1OGdTb1M2V19ZWTZNNzBYbnpTMEE0ZU9QYVNLdGtGWndFNEtwYmdCbkRvQ0FYbTNIZ3llSmo2dzVaZnhCVVhNZ0w0RlhDdWhrbTY?oc=5,Business Insider,en,pandemic oil demand,covid19_pandemic,relevant,2,2,1,0,0
2020-04-22,What Negative Oil Prices Mean and How the Impact Could Last - The New York Times,https://news.google.com/rss/articles/CBMiekFVX3lxTFB3ZmVsWjUzSmpfWGxUelpLaGhkTlRySHZvbkRFekN6dEtoUVVrVkpBVktoT1NrS1VmQjkxNVhTRFNWNWdYTnc1dVRwdkszSXV4dk9PWW5yM29Wb2d3bUpncmg1R0MtLTVta0FGQTFhRnBZdlVBSkVKM3d3?oc=5,The New York Times,en,COVID oil price,covid19_pandemic,relevant,0,0,0,0,1
2020-04-23,Bay Area Gas Prices Drastically Drop During Coronavirus Shelter-In-Place - CBS News,https://news.google.com/rss/articles/CBMipwFBVV95cUxQN0VhZGY4bjd2YkpMaEc2VHZwZHJISnk2ejhObTZ1aGhWSHZVb2xxWVl3SFRMcnhmWTdKNGpZTkp1OVhwbkw3OElDM1RrNjNMcUVxNWpWYlRWZlhuVWNxY21lb3lCYk5xeVBuLU5hZjg1NkszRElOQWs0OGFjR282TEZ5UjhQMDFEdGE5U1RSRTVjaHpOMlVfQ21Md3htQTViMUVLRXNYSQ?oc=5,CBS News,en,COVID gasoline price,covid19_pandemic,relevant,0,-3,0,1,0
2020-04-23,COVID-19 is causing the collapse of oil markets: when will they recover? - Bruegel,https://news.google.com/rss/articles/CBMimgFBVV95cUxNV09qOW85Y2cySjhsc1BpZFdyZGcxZUFzak9oVGdGMXNkYXRQM2FWU2s5MGZQUWMyaDhuckpZdHlydWxQU3V6VTVZd3NGSmlaa2NHNkNHTUlMT3VaT3ktazZab2tFckFPZHpwZEZIM2hYY25GTzVFRzdQT1haRDBRcUp1cXR4QWZhb0t0R1duaGdTbDBCTmo3XzFR?oc=5,Bruegel,en,COVID oil price,covid19_pandemic,relevant,0,-3,0,1,0
2020-04-23,"The outlook for commodity markets, and the effects of coronavirus, in six charts - World Bank Blogs",https://news.google.com/rss/articles/CBMinwFBVV95cUxNSlNvMFg0bFJxT0JjYzg1UW9sU2xoLXd4QzVVZzkyX2lZT3FtRnB3cHNXUEFPcHUwRXhmSjZRd3R1UVk0Wm1STmM0bnUtUWNLTUFyMmROamlYWTAtYkFScTRQSmNNRFVTUFBsWVNrRElSbHJ6cXEzeWZqVWtQODh5VjJLUHV0OXlfVXZWclRrOWd4eGswWExIeEZvZmt0WW8?oc=5,World Bank Blogs,en,COVID oil price,covid19_pandemic,relevant,0,0,0,0,1
2020-04-23,How Low Oil Prices May Shape Future of Climate Change - Time Magazine,https://news.google.com/rss/articles/CBMia0FVX3lxTE5oYkdYaGhGQ3pLNU5lRDNCS0hqS3BLQXFWdUVkLWI0OW8tSDlPSlNqR0hONG53djVWZy1aRDR2QkQtWl83RERHcVJ0X1lldzc3UHRUODJ5N00yMmVCQTZUaFd0dzlMRnFORXNv?oc=5,Time Magazine,en,COVID oil price,covid19_pandemic,relevant,0,0,0,0,1
2020-04-23,"‘Instead of Coronavirus, the Hunger Will Kill Us.’ A Global Food Crisis Looms. (Published 2020) - The New York Times",https://news.google.com/rss/articles/CBMihAFBVV95cUxOd0pMb0FZOC1TOGhTVV9DXzZ4VHQ3UGR3aTN4R2lBSjJsZWc3c0pKV2NZNUl5dTV4OVZMRVNjWkYtaTVLZjZfYXNHWW5PUTJXblJDWkpNZG5adjdfOElnUUtYNFpWQTZTRWVuZkFOSXZsVlRkRU1GS1EtZUVJOU9UbzlFdVg?oc=5,The New York Times,en,coronavirus crude oil,covid19_pandemic,relevant,0,0,0,0,1
2020-04-23,Coronavirus derails Saudi state's future - dw.com,https://news.google.com/rss/articles/CBMiggFBVV95cUxNZHpjSGFXdC1aQUZyRkg2TWdvZ1lUQ0xPWEZPRUJZdEhGd1BhY1ZQY1FnVzRQNEhoTVlBcXhrcGExc2xtQUYwYW5nYk85bjlEeWt2bGo1aGhyQzUyWi1Qa0FpdWZXU0p1NG51Nk9WaUdjY0lsUVdqMWtscW5BXzRKeHRn0gGCAUFVX3lxTE0wbHNZMkc4S1h1aUFuMzV0ajVTOWFyU3dlakVsOWc2dk5ZLWoxdjBlV1psN0ctaUVLdFRGWVlVYmlmU1JVSldyV0w3MDl6RExfZmxUMmdBZVZYOHhkTF9UVEs2VVVLTDRRX1N3MVVrMUJCQWlEZk9TVVFLUktzZGxBcEE?oc=5,dw.com,en,coronavirus crude oil,covid19_pandemic,relevant,0,0,0,0,1
2020-04-23,A Shock Like No Other: Coronavirus Rattles Commodity Markets - World Bank Group,https://news.google.com/rss/articles/CBMikwFBVV95cUxNYkxRWlM1TU81Q2E5ZlJEdEdMa1o3RXBWNjkxYkhVYkhpLVQ5Q3hiYTBheTlqcXZTN2U2UjB4YjZTY25wLU5wb0pSSWJlVVRXZTE4OU94M0Nrb3RRNjNMMk42dF9wWlFJUUVVVWkwMEJaTkNvU3ZqYk9peHl0UEY0aEtCSDAwQzdLLVFaUTNYNWZ0Zms?oc=5,World Bank Group,en,pandemic oil demand,covid19_pandemic,relevant,2,2,1,0,0
2020-04-24,Three Possible Scenarios for Life After Coronavirus in Russia - The Moscow Times,https://news.google.com/rss/articles/CBMirwFBVV95cUxNTjI0OXZMM0dxOUtvVEdGQlZybmpXUVFNTmoyN1RZNzk2ZmJvaGN2Y2RFMWtOUl9xU2VZa3k2bDduUkJndlkyUjIzVnNwcXNVMDFrLUgtNlo2SE1sTERvekI0c0MwdUNuWGdDWTZRU0VMNEc4WExwbGFKUURNZDIxeUxRYXVIRngwZVVIbzh6NnVRT3B5Zy1jVWRqVm9YQ2hFNkZqY0pRLV9kZmk5WWpF?oc=5,The Moscow Times,en,coronavirus crude oil,covid19_pandemic,relevant,0,0,0,0,1
2020-04-25,Maryland Gas Price Average Under $2 For Three Straight Weeks - CBS News,https://news.google.com/rss/articles/CBMifkFVX3lxTE5STld5Z1o5NGtnWWpBTTRHWXVocDNXSEhnY1doVzJKMi0tbktuSGxJOHJUOC1oYUxHYU9QNUh4MC00b3ZCZ3pHSDRtM0Y3NndmZHRfWG43N1diYTEtSlF5eUUxRUhoOUNaSHQtb05ZYlFGa2s0QXlLZ0lNMDVLdw?oc=5,CBS News,en,COVID gasoline price,covid19_pandemic,relevant,0,0,0,0,1
2020-04-25,Just 75 cents per gallon? Gas prices continue to plunge amid pandemic - WMTV 15 NEWS,https://news.google.com/rss/articles/CBMiwAFBVV95cUxQQ3NkU2JkNEplbldTel9vcXlJTE5Ha1NGc1ZXeGhocGwzZGtVN09uVEdURGZRSjRwa010TnIydHRDd2dhQkNWYkd2bUxCc2VtYjh3Umdsd1NkMml5bGhVcU0wMVRBQzFwRHV6R2ZFQjlOZDBnc1dsTU16cndPdnhhYlpGemloR1RzZTNjRFN0anc3V0VFNEVmeGNGaUdUenRiZnlvM3BQZkJ5Qy0xLTRDeWlvZTlDVld5cjFLOWszNkc?oc=5,WMTV 15 NEWS,en,COVID gasoline price,covid19_pandemic,relevant,2,2,1,0,0
2020-04-25,The 20 minutes that broke the oil market - Los Angeles Times,https://news.google.com/rss/articles/CBMijwFBVV95cUxNNHNnUm9RYi00Szh6MHhfT1BadWE5VjVJcjU2Tk5zQ1ZJYzZwMEpBSTAtb0pnX2FrWERQVTBhdTM0OUZvSTB5MFY0ZTJ2bUZuRExMNEkyS0pxaTlnd0RsaHhXY0k3RkVfSXd4NEpjSGxxRkVHNm5LX0Q3aDI3ZWlOSHMzbnBKZWFQa2ltcHRSOA?oc=5,Los Angeles Times,en,coronavirus crude oil,covid19_pandemic,relevant,0,0,0,0,1
2020-04-26,What the future may hold for oil amidst COVID-19 - The World Economic Forum,https://news.google.com/rss/articles/CBMiswFBVV95cUxOc3JFamJMZDNqbW5ZZkI1MWN5Xy00dFF6N1F1eVd5QVR6VjJnWXdINFN0UGNhSTRRQkdqSEFaZ254cFpwd28tZThDMGI4azU5RDlnckdkNlBDdFpUVFZoRlktSTdkeENjUmE5ZEFRblZmSzZtdXpfWXM5WUVMeWdDLXRUVDMweWVwODhfZmpOc243ejl3TXF0Z0x1ZG9HQXRfWmgxVTJxNWxIUm1CZXV5S010MA?oc=5,The World Economic Forum,en,COVID oil price,covid19_pandemic,relevant,0,0,0,0,1
2020-04-27,Average price of gas in Mass. continues to drop amid coronavirus pandemic - WCVB,https://news.google.com/rss/articles/CBMiyAFBVV95cUxNeTFWd3M4VDI1bU9pMUNYSU5QbGN1V0RqRlVRNVJBQUQ4ZUY5enlVOHRxdWxEaGxwX2VXc3hxZ0lqNUR6RUhNMDNCZ2llcUVJNzVabzBTS2EtQzh6WmFnZ1l4WnA0RlVKb3djUlE1QUNXeFpmX1QyaTFZaDl3VVMzeDRRdTR4azlDT1c0aDVPNVJVQzYyemZ2Y043M0ZvTFVyTTNoYlZ6RDJmcDBjZ0VVN0FST25zOGZ0b1NZMTVpY1V5MFpQdkdQMA?oc=5,WCVB,en,COVID gasoline price,covid19_pandemic,relevant,2,-1,0,1,0
2020-04-27,Dozens Of Oil Tankers Wait Off California's Coast As The Pandemic Dents Demand - KUOW,https://news.google.com/rss/articles/CBMiqwFBVV95cUxNTkRDaEROQVdYbHpBMTJ4NFd0d3BSR2tUNERaZm5GYXVIdWE3LVoydGJoQWJEZUx1cG5zcURHRXpfQk01Ynp5aEFPRmwzXzNOVkJoR0RKSnltNVVTeWt1Z21BTzVKYUFwX2pDWEhHa1BxYjNJYkZVc2NDNVpEaDlfaU8tZWo3V1JDQm1GMXVkQmNxVENmaGNPQkd4Q3NzSGh5TmZPNGtBbTlEUVE?oc=5,KUOW,en,pandemic oil demand,covid19_pandemic,relevant,2,2,1,0,0
2020-04-29,Covid-19: OPEC failed to stabilize the oil-market - GIS Reports,https://news.google.com/rss/articles/CBMiaEFVX3lxTE9wLW16WEpQVS1YS1g4LUN4OWdBdV84VlFiOFFJRS00SWdtYTlKQ0oxaFROc3dDeWt5SXVuUXdhOGRzVWNfNThGZS1tY0I3SzYxM1dxOVJFSGtPMHYxVThTdktKX1p4T0la?oc=5,GIS Reports,en,COVID oil price,covid19_pandemic,relevant,0,0,0,0,1
2020-04-29,Who the Oil Price Collapse Hurts Most in Latin America - Americas Quarterly,https://news.google.com/rss/articles/CBMingFBVV95cUxORXF6QnR2RUlNU3g1ZEZ0V3c5UXpqWUNGNlcwZDM3UVVSSFk1ZzBjRXhIUWo1U2EwYWZvVElpOHUyZTlwUDE4dGIxdGMtSG5LRTZ5Ti1YdG9tdmtmUzZWbFJzeEtTOWFtbGJYRkdiLVR1V1NSZmZqbExvQ1lfaWRzSlgyTDhLZkpoUlhwSlNOSEFFMzFjZDNQRnlvRGZYUQ?oc=5,Americas Quarterly,en,COVID oil price,covid19_pandemic,relevant,0,-3,0,1,0
2020-04-29,"Even With Negative Oil Prices and COVID-19 Global Standstill, ExxonMobil, Chevron Must Still Commit to Net Zero Emissions - The Equation - Union of Concerned Scientists",https://news.google.com/rss/articles/CBMimAFBVV95cUxNdWFKRjJ5RmNKM1d6M1hiQVNPdTV1bmdOWUNmMXBad2VXd1BYbU10M3BnRlJ1QmN4MUxFaXJNUW1ycTJhRkVzUGVDWHZ4QnNaWW5Za3o1Mm5SWWxjcXBBaFBtZWFLcHJmMzFrc2doZFdUb1l0U2lfQ2ZrYzVfSkVDaXlDMXN2TVNxd1JjeWtHSnNoZVIyZHBQSg?oc=5,The Equation - Union of Concerned Scientists,en,COVID oil price,covid19_pandemic,relevant,0,0,0,0,1
2020-04-29,Collapsing oil prices: A window of opportunity for manufacturing - CEPR,https://news.google.com/rss/articles/CBMijgFBVV95cUxPRDdncDhOVVRlODV4aXJrQVlPNGdfOEJhc3kwbk16U2IyT2JNc2xoZ3l0cGNleDFTYXhkeS1mYTk0cG9hNkF6bDZ6OVR4NGRLUmdNdV96dFdVSjJMRHBPdHBXLWRFNkFmVm41dUVvOVZIMGZheURROFlyazVZQVJPYm4tMmlxc21WTVRUMWNR?oc=5,CEPR,en,COVID oil price,covid19_pandemic,relevant,0,0,0,0,1
2020-04-29,The world may never recover its thirst for oil | CNN Business - CNN,https://news.google.com/rss/articles/CBMiZEFVX3lxTE9Eck0zWFRSZXBiejJhMlNnc2NIYlVKSG14N3Y5T2c1cjF3SjVJYkxrcWNhWi05NGdEbFJybFp1MXFZVnVXRkJ4bHBWbXBEQjZGWHg0d3VoZDRTMmo2aV9obnphRVM?oc=5,CNN,en,pandemic oil demand,covid19_pandemic,relevant,2,2,1,0,0
2020-04-30,Oil price: futures markets warn it won’t recover after coronavirus - The Conversation,https://news.google.com/rss/articles/CBMioAFBVV95cUxNZ01kNU41aGtKcGFXYXpTSGtnUnNtRkhuVGxzbHR1SEJGMU5Bb21XVVZodkVuSXFIZzd3QnREek1MVVJoQmREYUwtc1ZWVFBTZ19OZGRPd2ppODdCMkpVcldFTzd0aXhpaTdLMml5QTdfdnBxU3FncDJacTJna0QyX2ZuR2hrQ0NBWVdWUDZoempVbGpwbUp1SzhheU54QTRl?oc=5,The Conversation,en,COVID oil price,covid19_pandemic,relevant,3,3,1,0,0
2020-04-30,Opinion | This ‘Big Oil’ Bust Is Killing My Town (Published 2020) - The New York Times,https://news.google.com/rss/articles/CBMiggFBVV95cUxOT2wxY3RBV2dqUmN1c1lpbThLZFliRDVIS1laazlIdXZtSVhzS0R0dGdUM1l5dXdsTjFVQWpuOFlnV1BHaVNRUVRWSFNlZmYwdE1jY2FieTd5eUlSR2I3UElEdEE1YnZaNWFFY3dSVDhMRHBYZUlDajNJS1pqTFNsZ1lB?oc=5,The New York Times,en,COVID oil price,covid19_pandemic,relevant,0,0,0,0,1
2020-04-30,Do you store olive oil? Then crude oil owners have a deal for you - Axios,https://news.google.com/rss/articles/CBMif0FVX3lxTE1BTXQyX2ZYWEprZHpOckpnZm01dlRSYnQ3V09wQkQ5UDhVajFBdHNtVlVyMkx1OC1XSmFrUUI0dXI5d0JwcFRXZlN2QlZPNTZKVnBDNmFPWjJBSUJJMDN3UmxFMXFkOGNOMmVNWUk4Y1pMN2NFMU5Od3FuM0E1Yms?oc=5,Axios,en,coronavirus crude oil,covid19_pandemic,irrelevant,0,0,0,0,1
2020-04-30,Oil producers scramble to find 'creative' storage options after historic price crash - CNBC,https://news.google.com/rss/articles/CBMiqgFBVV95cUxNTjdGM1RSbUdoZ09BbHhGcXRaeTBTMjAyZjBkdHpJSFpxTm1PSU81NmV4SUNpWGlRVUs2dkJGejhOQ2Zkay1Nc0V5bDhfOFhZZVR2Z3FyN2VDNTJBVWI1Zk1zbkhlMzhwSzMxTGMzRV9JWG9HdzFLTjBVSGRnMzF6VzE2U0dWMVFJeXZxNDZHcFJab3VSVHQ4LTJ3cTJOd283aWd4c3ZIR0NlQdIBrwFBVV95cUxQTmpIYWluMERRcTU2RmRhdUE1MWVocmo2U3JSVzRTX1VJd3VaMFZZdkxxb2lOSEZTbHhDWDU3dVFSQUEwTXZrV3Zwc2s3OVJYT0U1ekhFdDhiMU1VLXdnWDd2NG5ER1hhZUk1TGNDWnZsc2Z0TWVpWmxPODI2dmRKVS10SWhraWJZemdBMmthQ0hieWNJMF9LS3FYakVTSnFfSkdnbWdBckQ4VzRDa2Yw?oc=5,CNBC,en,coronavirus crude oil,covid19_pandemic,relevant,0,0,0,0,1
2020-04-30,Sasol cuts production to mitigate coronavirus impacts - The Chemical Engineer,https://news.google.com/rss/articles/CBMimwFBVV95cUxNRnhRNF9QakY1b2Q4cDk3NFd0bTY2Um5fMm45TGdUMVdDeWJZTm8xR1A5QW9fVEdIazJpVzdZWGVFbG40TTczeGdHRlBLcXVqd29VSXVnNlBxOHI0ZDZoelFrcWFVM2R5ay1vVzk0ZDRPWE5JRkk4X1BUR2xCTU94V2NhZ1BqbHZITzBJRzhXYUw0cHRqbnM5bzUzMA?oc=5,The Chemical Engineer,en,coronavirus crude oil,covid19_pandemic,relevant,0,0,0,0,1
2020-04-30,Coronavirus pandemic leads to profound cutbacks in fossil fuel use - Yale Climate Connections,https://news.google.com/rss/articles/CBMirwFBVV95cUxNaGJfUjl6ZjVabzBlM3lxZ0pWNUc2S2RaUThnai1XQWs5aGllRHhuRm9iTndJbzJEV2tGbGtZbGVYMDJENzBkUW9xcFBqSHdTcEpaaGgyTmlVTFczTGQzNDJJTFZtdHZpRFB1R24yVXl5TXlKblJOVFhXMXFWaEtVY1BZWnpHSUltb2xjY3VpeEJ1TkZTSE9pNHV3aGtBNlVJN2wzeTVpZ3NBY2FGSHFB?oc=5,Yale Climate Connections,en,pandemic oil demand,covid19_pandemic,relevant,2,2,1,0,0
2020-05-01,"Amid Unprecedented Disruption, P&G Prepares for Life in Russia After Coronavirus - The Moscow Times",https://news.google.com/rss/articles/CBMixgFBVV95cUxNWXZxV1VfVUk0YU9zWUs1OGl5LVlscWZKZ1dONjhzTmtJNEF3OEQ3TzhtelhIcHFzOVQzb1N4emhQdGlJMUk0WTdGSTRSS3hvdWtzeUpOZzdkRS10UVdRTUEyTXhYYjFPZTV0WGtkckx6emRCSmVNWm5JdXRoU043UER2X3hIOVFPY2hjMDhaMF92bXZPZkEzY1JRM0c2SVRST19qNWVlU1k2NXlSWTF0MjgzMUlDT09oZUdXNS1fLVUzejhidXc?oc=5,The Moscow Times,en,coronavirus crude oil,covid19_pandemic,relevant,0,0,0,0,1
2020-05-12,This is how the drop in oil demand compares to previous recessions - The World Economic Forum,https://news.google.com/rss/articles/CBMihwFBVV95cUxNcDE2MmZtYkhBNGQ1Q2J5TEQtanFwTVhUQXRNOEdXWnhIMUhvdWFLRDIyTHRsaG5wZTg0V2xsM1V5b09aUGF5ZzdlbGd2S0JHQXN6U2dKYXQxWS16UmRCaWNxSFFyeWEzdy1xcy02dEhPWE5CZ1A5UnhiZ1dqN0dhMlRCM2NrOE0?oc=5,The World Economic Forum,en,COVID oil price,covid19_pandemic,relevant,0,-3,0,1,0
2020-05-14,Falling oil prices drag down U.S. business investment - Federal Reserve Bank of Dallas,https://news.google.com/rss/articles/CBMiZEFVX3lxTFB6aWVBLUlTeDJDeHFBdjJSQ2JtV1hQYWt4bUdrbHNxd2dDV09DYlNDbzNwVnZNUWQ0R01KT0I4TEVUc2w3em8ySmJJUk9CeUttTU9XRFdGWENUQkhYbng3MkxoSEY?oc=5,Federal Reserve Bank of Dallas,en,COVID oil price,covid19_pandemic,relevant,0,-3,0,1,0
2020-05-15,Oil and gas after COVID-19: The day of reckoning or a new age of opportunity? - McKinsey & Company,https://news.google.com/rss/articles/CBMi0gFBVV95cUxOZFEyQ2c1YjRzWk1Iem1TYmpUS3JZQ0U3OElPcnB3VUVlWXVZdGNHdGVxVnFHVF9xSkxQUHZSQUsyTTktOVc0Rm9iVVd2VUl5dVhNRjQ3ZllwUWFzYnlJY1IwVUxmV2tpUTVwWm9NX3RYOElkVWtIVXlaazR6R043SVNGLWNVRTQ1d09WbkU4b1RabGZ4QVZjQkgtWUQ0S3p0eVNTTVFvTU9NNjRnODgta0I0MkpyRHhGUzFXWnBvbHQ2X3BwRTYyTVBmRjFIdzJYYlE?oc=5,McKinsey & Company,en,COVID oil price,covid19_pandemic,relevant,0,0,0,0,1
2020-05-15,EIA Lowers Oil Production Forecast for 2020 and 2021; Coal Loses Share in Electricity Markets - The Institute for Energy Research,https://news.google.com/rss/articles/CBMi8wFBVV95cUxQVkIyMGNXR0d1UkltVUh2Q1FwMjhyWUtWNVNoVHJCR0I3emZUM3RPVDJZMHItNDhBY2tMRjh3bjdoTGtVcUtkcXZNdC1NTlRiSXpsRTJmX3hvcGxaR2Jyc29WWFZiTmRkaUxBdWJMc25DdFhGVl9ucmVwQUZsMEpJXzNmcDdMMUJWUzRLVGVvYWYyVWhxbC1qam5WbFJtVkVaYWRpRDJvQjExTkZoNll4THk2TmhEUm5uSkFhd2N6ZERteXptMXJVQ3V0UktESzdfbXFhRWJWOXBFUkpsUEQ3WUZWS1A4MW5WQmUtbklpUGdhUkk?oc=5,The Institute for Energy Research,en,pandemic oil demand,covid19_pandemic,relevant,2,0,0,0,1
2020-05-16,"As Businesses Reopen, Maryland's Average Gas Price Increases By 4 Cents, AAA Mid-Atlantic Says - CBS News",https://news.google.com/rss/articles/CBMigwFBVV95cUxPSkN6Z1puMG5qYjN0R0FnWVVodkZTWmhQdTAxM05makNGUG95T1VRZEM1b0lUX1ZHemQyTWdiYV9YSkZIOVVSVWdrWUhkSDc0VHpYS0lqWUlCSWFuRTRJNmdFTUprR0o4a0I0bEtnZWY3dG5kUnA5MDlZc0hReWtvYVlDRQ?oc=5,CBS News,en,COVID gasoline price,covid19_pandemic,relevant,0,0,0,0,1
2020-05-28,"Amid the oil price collapse and COVID-19, what’s in store for Africa’s economy? - Northeastern Global News",https://news.google.com/rss/articles/CBMizgFBVV95cUxNcVNDUWFuN2ZKVFFzcmpDRFRTcEtfZlVoS0FRdi1wQ1IxLUg4cldOdDRmb0pYVmwtSExwbDlfT09DekVSX3QyWlltQ0gwTHdfRi1DSTRHQ3FyMmJNRzdtVXJjSm1KWlkwVzNNS09ZWkJvVVlTaVd6dDVLTlV5R2hoQ2k3WnNVNFR4RXdtYjNxdnRZWlp5R0oxTXV4azZLbTFnQmkzci1VUkpNZ2FGaHJ4VkpQRTZwNVZ4ZEJyWDVNNVV4NDU2VHdOQTNLN0JzUQ?oc=5,Northeastern Global News,en,COVID oil price,covid19_pandemic,relevant,0,-3,0,1,0
2020-05-28,"Rise of remote working is 'biggest threat to oil demand,' says analyst - CNBC",https://news.google.com/rss/articles/CBMipwFBVV95cUxQaDFONlpEYTZ6Z0J0MlRzTTRXMnRSMkh0bGpRc0xXSGIzSUJHbTBoLUYtN0RXWTRoaHVxUm9NZHlFZUFRU0NBWHBkMUQ2UmJaYm1WaTd5NUxxbnctbTVVUmlJbUw0NXZ1MWV5cUxmX3NCZ1dSd0lqRUt5Zkl1WllheDFGZVRaQ1ByamJBUE9YZWZpUDFnbkZTOHZfckoyc1FNS1hLT0piSdIBrAFBVV95cUxNdERmVkhaQi1CN2pwendlRE0xZjRBa0lRbTZYS3VDRDNWdE5OS1NVcnZ1WkVIUGZpd1FnanB3eWJEOGRVUHd0N1htRVhiNXJMekE4YmlFcmRkOV85c2NNa2RqTEhCLVRKM3h6U01pbEkyUUdhSXItU1NyV25SLUJ1YXNWZmhRcHlja1ZkclU3T3hXbEo0SkNiMmpyUzJxV0hfWDZHZk1jUHoxMk9r?oc=5,CNBC,en,pandemic oil demand,covid19_pandemic,relevant,2,4,1,0,0
2020-06-08,The Global Economic Outlook During the COVID-19 Pandemic: A Changed World - World Bank Group,https://news.google.com/rss/articles/CBMiwwFBVV95cUxQV0JaeEVaMXlFVXFkTkY0bjZXd0xoalNwbG40YkJOQnZxVHVXZ0VEWEZ0RFg5bDBhMV9rcHlDTkQwMUdPMFEzU3ozb3ZOMll0MFpNTDNDN3VHQjl6cXRzMlViTkFNcmtGZnp3MU14Mm5lY3d0QjBtYTdaaXdoWFJmeDVKMEhsdGd6bmdJcjh5R1lGTFB2NS1ucWpULTBrMjBmdHNKMGZXMDZ5TThkNDQxTVNnNmR1S1paN09FUTYzbWtlbm8?oc=5,World Bank Group,en,pandemic oil demand,covid19_pandemic,relevant,2,2,1,0,0
2020-06-12,"As oil prices crashed, tankers idled off California—spewing pollution for weeks - National Geographic",https://news.google.com/rss/articles/CBMiwgFBVV95cUxQMkQ5N09vOHE1aFdjTnljYmp0d2ZLekFuMDVUMVgtTGhKeS10aEtuejZURU9CY2RJdENaM2ZiQUU0eEZLZGFxR0NQcjBlR3Z2R3VpN1BiYW5RRTlTVnl6am1QcVJiQURuQjltd0o5MzJOTFBSd202M0RjZGpvRTRicDY4Vk91UEJaMURBdjkxX00yMTZTV0NBOG93QmgtbXJRNFVuYUphcmR4end1QXpMaXZJNmUtREIweUlZQUtFRDZuUQ?oc=5,National Geographic,en,COVID oil price,covid19_pandemic,relevant,0,0,0,0,1
2020-06-17,China Drops Energy Efficiency Targets Amid Covid-19 Crisis - Crude Oil Prices Today | OilPrice.com,https://news.google.com/rss/articles/CBMitgFBVV95cUxOTHpxSGZzSDNKRTRIVWMzbnFUMFdPdFczXzlVWnRPZ2RwZjh0TFRVLUJaWGI0VVhIdzZhOGlvRk9wX0x1N2c3d2d3Qm5uMzVITVhMLWEzTTZZUHlNWkNxd0ZnT25qOVlSN204M1BvUzJKNnZqSVQ1X3hsWjhDMTc5ZzViYjkwVERsVVNJdDh6akUyalhQZmNCaHF2eExEOWE3TWFvOVJ0UmV5Y0V4U1pZdDN0ZjN4QdIBuwFBVV95cUxNbW55Y2VoRXFzTG9heFpxNTVjMnZTSEtZanZ5Q2s4blkwRnUtQllUekgxY2RTSERTSEZTb0tqQWJOSHhjN3hjdHlGOVIwR3lNME1jSm0wM3VKd3dVc3VDWFFBVUVEY0lCRFRQZ0VPR1hIXzd3SExWWHd6d1NDc3FRZXZ6bXc4WlpqSFBDNzRvN1dkaXVib1gxRVFtbl9SUjVYV2ZFN1FDdTE0QktvNGR2ZklCUXNRQklYbWY0?oc=5,Crude Oil Prices Today | OilPrice.com,en,COVID oil price,covid19_pandemic,relevant,0,-6,0,1,0
2020-06-23,The Path to Economic Recovery from COVID-19 and an Oil Price Collapse - kansascityfed.org,https://news.google.com/rss/articles/CBMimwFBVV95cUxQT184azE1U2lLSi0tNjZ2aHc2OER2YUp2NU1ZVE9kb1ZhME1MWDF1TWpuTlJHeGFuLVBjbGRKRFFtanAzVjdNVlBLWDdRaGtaMzhvQ0ZzOFBIakUxU0xsOWVmWHptRWFsYXpTMHhNa2ZXRFhMSHY1X3d1V2NXRUNJTGp2VWtfNzZwQzhFUHRqS09aS2VuNzBpZ3JRVQ?oc=5,kansascityfed.org,en,COVID oil price,covid19_pandemic,relevant,0,-3,0,1,0
2020-06-30,"Coronavirus Sends Oil Prices on Wild, Six-Month Ride - WSJ",https://news.google.com/rss/articles/CBMilwFBVV95cUxQLXRqMVJlTXowaTRmb2FhV2JyNEpTUXdHVmEtcXFGXzRrRHA5UnpSUHFMc09uRHkxdjY1V2s1N2U2ZHdla0ZlWFZuajIyUllmTFo3V0Vub1VSTHRuOVlGcHVOcDcwUUtRUG1RNUxvdVFWdTliOFBrbGVGaEE5ekROVFVmYmZBd0xqblpTdjVMRzJFZ3lnMzJV?oc=5,WSJ,en,COVID oil price,covid19_pandemic,relevant,0,0,0,0,1
2020-07-01,Venezuela and Its Calamities: Add COVID-19 to the List - Baker Institute,https://news.google.com/rss/articles/CBMijwFBVV95cUxNYVl3X1JRR0J2czZvYkoxb3RDWWVwY256b1hwV1RKbWRkQ053U0hld054WXNYU3dtb0UxZURRNWNwbjhfdU94VmZZaGthbTNSTFkzYVVsdWRZSVhLR0ZDakNCT2pDRC1EcTl1QzFkVzVxVGVYNUFyMXBQd1gwSWFDZVlVc2xqdV82MWVXM2lxVQ?oc=5,Baker Institute,en,COVID oil price,covid19_pandemic,relevant,0,0,0,0,1
2020-07-01,Oil prices just had their best quarter in 30 years — what's next? - CNBC,https://news.google.com/rss/articles/CBMipgFBVV95cUxNWEhOYXBTb3BMM1hMelpCYzJESHlZc2s1T0gzOGlmQWZYakQ0YVBuel9VWC1INGxBSnU2aGkwTVAyN2FGNS03WXJ1UUtRYmZoV1UxOG55UVFpd1Jsc2NsOXdINHU2VE9pVFg0TWdmUVY1MXNDRVUtMnFVeDBMOWhVNXdlbWplcDk5Mm90UjNIekxQczVYSDd5R1NoQUhCWVhLNm1Wblhn0gGrAUFVX3lxTFBqWGFvdXhCUUo4LVBiRDcwZzR2N0hfQzhLbUFOZmVyN2FIanViWENRV3NyNjlnMTJfV1dHWlR1N1c4ZnNQUkVJbThVOWJVczBEeW5SX05GREJVaVE0MW5fa0Y1Q0FRXzNEb3k3bU1hOEVjNUFYSi13eDY0T0xXTkNRbzZPWlUweDhEblJxcU1UWDhrcGlUeHlHYzFsN3Q3TU9mZXNaY0VJeXozQQ?oc=5,CNBC,en,COVID oil price,covid19_pandemic,relevant,0,0,0,0,1
2020-07-02,Houston Oil And Gas Companies Can Expect $40 A Barrel Oil Through 2020 - Houston Public Media,https://news.google.com/rss/articles/CBMi7AFBVV95cUxQQlJHX2padzd5SHNNOUdmcElPY3ExSl9HSjNfZ0s4SURkSFdTR3JzVGRWSUxvbkxmT3ZkSFpGb3Q3ZDM4Vk9JZnhtcDFzekR5R3hHYWkwRlFneE5zbE5OcUU4ZmZyMmZweElNcmVES2ZvbjdESWhCUW5lelNQWVYzTHNPY3ZaYkF3RmtDYjdkdXBPc1BzekxYd0s3ajNTcGxjT3BJRXQteE5sSnZIQlJqcEx5RmwzQUJhQm9kNVJ3cEJ3eXBLLTRmYVNKaWdPUS1mSlRzX2Nra1hNN0F0MThXYWYtSzk5dkU3WTVMVdIB9AFBVV95cUxObWZ6a0hTbjVGSW9xVDhMdTJ1cU92TS1EcUQtWFRHeFVqeTBObWJGMzh4c0tyNFV1SWh0M2l1Z1dsd1dPVXp1WHJYQnhwSWR5RldqQ3hlSjBkdXloeTdhdXlvUnViTkVlVFdFZW9IYlBzWHdibUVQVVJhQ3AtWjVaU2NnVjVCQ01fOE1oT2txbDZ2aThXYVdITkJBVUtkZVNYd0V4a1MwTnA1cDRQLTlWOWlUQ1ZKMjV1SDlyMElHOFJ1SU1qVVB0LXF3N2puVjhjRXJONmtaM1FETmZsRjVfd0p4MkdNb2djNEVMTDBHTWNhcFM1?oc=5,Houston Public Media,en,COVID oil price,covid19_pandemic,relevant,0,0,0,0,1
2020-07-02,"BP and Shell Write-Off Billions in Assets, Citing Covid-19 and Climate Change - Inside Climate News",https://news.google.com/rss/articles/CBMihwFBVV95cUxNaXJLTnVNbGlXMkZtS2w2MjhCZ3RTVmNmSG5tNGZYMTA5VnRpNTMxai1uNENQdlI1Sy1FNzF6MFJncDRMQjlxQWRHX1FoSE1NdnlnaTFCZkxFOXhMajRVc09jMTdkbllIMmRSemZ2cTlJbVRWZVplc0lqWjE3RkJobzh2OTJqSG8?oc=5,Inside Climate News,en,pandemic oil demand,covid19_pandemic,relevant,2,2,1,0,0
2020-07-06,Global oil demand rebound from pandemic's lows prompts price spike forecasts - CBC,https://news.google.com/rss/articles/CBMie0FVX3lxTE5qTmp3ZXNOd0Z3VHBfY1ZlTFc2NEZoNFRvdUR1T293SFAxUlUwU1hIXzR3ck45RXQ4cXI0SzhNZEZlNG5scS1EU1VwYkk1U2ZyT0ctSzN1NXgtQzVKZXFkLThHNm16eXJKYXVmVG5odzJMSTctdkQwQnlyMA?oc=5,CBC,en,pandemic oil demand,covid19_pandemic,relevant,2,2,1,0,0
2020-07-10,"Coronavirus’s Worst Impact on Oil Demand Has Passed, IEA Says - WSJ",https://news.google.com/rss/articles/CBMiogFBVV95cUxOdUU2aU5IQVJocGQwMFVfejEwQnFubHpRSWt4ZmJiVUE1TE1pN044dGR4djFwcDhMMlVabml0WGNyblBSREZoanEtWkg5b3ozTmttUklwaXRIekphVVJueUhWOGtTNTQ0X1hJNFVGT29UV1QxT3VvaGtVejNvVF9uYWxQODk0a3MyR3lTczlnemN4SDI2WXlLd1pMLUNOZ0E1WGc?oc=5,WSJ,en,pandemic oil demand,covid19_pandemic,relevant,2,2,1,0,0
2020-07-14,COVID-19 brings a tough year in the Bakken oil patch - Federal Reserve Bank of Minneapolis,https://news.google.com/rss/articles/CBMinAFBVV95cUxOWXc4MUx6R2d2dU1BaXN3WHYwbUc5NHBUak4tLUNZMHBOSjBHc3J5anVVdXBGSloyb2NhbF9rOUlicHF6SDJkc3F5TWNaN3NFcFVDWHZJeGxBSzRKU3FoTUhFeU5wN3pLWURFQ1VFMU1TRjlaTnVFa3VXVDRIQ2Q3NW01dUtGUTdfVFRLLVo2ZVJXaVJSeDdVTTNRX0o?oc=5,Federal Reserve Bank of Minneapolis,en,COVID oil price,covid19_pandemic,relevant,0,0,0,0,1
2020-07-28,Is peak oil finally here? OPEC prepares for age of falling demand - Al Jazeera,https://news.google.com/rss/articles/CBMirAFBVV95cUxNN2JYZUI3LXdaUUVOa0RqeTdvSmVaQVozWmI2Q1FsYk9TWFRzUFFQMS1kUXE3Ti13ODAxRkpIdXR3OXNOcVFTTS16empGVGdhdl9tajNZTEdLRTBxX24tR1o2amNJXzFFbjIzTTlFT1E4cVBuUklQRlItNENGYWQ2UDRpNnZ4WFpvTUd3QTdLcGNxMDFhREhRcFhyVnFMOEJjSzNnei1xMkhXX2xY0gGyAUFVX3lxTE5qSjdMTmYyUnR3RlpSWk9tS3VMTXg0ZTVqTzBBWFVna2ZZX1lzU1Y4RnROV2htRGFUR0RQUk9QQjNfeGZnY0phekhtZXJ0MXAtYTE1SkxUQlUyOVgtanZuMHdSOVpzWDVwa243b0ZGQmNpcmdYWExQUjNKRUJZUEZqYnZyT0k5c0MwZml5TlVMRG44N3dKS0JZVzk3VVU3ZFRydkFNR3NpbUdPRkxPc08wX1E?oc=5,Al Jazeera,en,pandemic oil demand,covid19_pandemic,relevant,2,-1,0,1,0
2020-07-30,Why COVID-19 and falling oil prices are a threat to education in Nigeria - The World Economic Forum,https://news.google.com/rss/articles/CBMitwFBVV95cUxOeC12YUtheWJrVkE2bVNaYzctd0VLemVMRk9VN3ZfT0NiZlhyQTR4UmVMLUYyZWp1TGFHMk9kRlp3Q0xCdkFDcDc0S3ZGRXdlWDZCNmxram9RamJYNXF3T3NKNkNHblVDMlF6WTNuQTJRaTFSVnV2SmFObV9oakhNQlg0N0JaVGV0UWdoTVNSRjF5ZmRXVnVhRmxuSnFwV1BuX19qUXhHSUJDdnhTOGE5NThpZHB3U0E?oc=5,The World Economic Forum,en,COVID oil price,covid19_pandemic,relevant,0,-3,0,1,0
2020-07-30,"Shell's second-quarter profit slumps 82% on coronavirus hit to oil prices, energy demand - CNBC",https://news.google.com/rss/articles/CBMib0FVX3lxTE5IMDR3ZXhDcUdVQlJBWnBQQy1xb2JGUU0tWWZHWTZ4Q0lPQ1NhWkZGUURKSzdyZFk1WUhVQnFEeWdnR1phMWJHdXBNRlo1VHV2V0t1aXhWMVN4cFNPUnRhaG9Id3lOTXVfeFdIX280UdIBdEFVX3lxTFBkYzZLdWF4Vm40Mm12WWhOeUhudUxqeHlZeEdYTFpIbDBoTW40X1hQeU0xc3JCSndRa2dwVi1abDVGMkV5X2JsMW5CMXhsQ1BoSEtYZE5DbjNRYnZ6ZFVPRGxoQ3IzbHNWWG9JclFORXJDZlRE?oc=5,CNBC,en,COVID oil price,covid19_pandemic,relevant,0,0,0,0,1
2020-08-13,"IEA sees lower oil demand in 2020, 2021 on upsurge of coronavirus cases and stalling mobility - CNBC",https://news.google.com/rss/articles/CBMisgFBVV95cUxQNTEzazJSTkwyYTJILXlIUzZHb25RSTBUZEVKSk1sRzBfSjZfbVVYLTJPUThmX1BpMURxcDU0TkZQbDdTMzlrRDgzRG82WmlKU3pKWXRyNEZFVWVRYngtZFJiOUpLdjlZLS0xaVZiNkNtZXRHVUExaDVKOWI1YVV6bFJFMUVnbWNVLW5vLXpWdTU3eEwtMkxYN09VZnBKSHhMQzFObDhDR3VlWUdwRDRuZFVB0gG3AUFVX3lxTE15TV9YV3lkYTVhWnlxampPV3JtcDFGMnotU2VKMS1uUEhqYW41N2FhdjhtV0V4OEUzTmlXSW9GSTkyTE44Y1BmQlBxNlkyMnZNSUo2aGFzNHotZG9PczczaElCSXU2ZEg3TnBUQ0NMYkZKZUpTVEJvZU5rNE10cW1hWkE2eEtEeWxDWHNhNlJwc1Y4NHFvRWJpTXBVQmcyOHY5ZUMxdmktQU5BajJfNWoxbjJiUkRSYw?oc=5,CNBC,en,pandemic oil demand,covid19_pandemic,relevant,2,3,1,0,0
2020-08-13,Oil slips after IEA lowers demand forecast - The Globe and Mail,https://news.google.com/rss/articles/CBMi2wFBVV95cUxQbDhkMVZvNmpUMlBWX2NsU3MzOElJTjhVc0pXZS1KQjhGUndJYS1KYmhHU1A0NDRLMDdfQjdmclE1ZGY0Wk1IMk9OWFdIdFM0RTFFVXdINWRnd0x4RUVMTHNTNG9TbnRkdTJBRXhWTDF2dzRHVFB0YUhhMTV0RGg2dU5BMUlHdzVVZGtEbjdxcm1lMmhVeVhLVlZhNU9GaGZRZFQ5WjhxSUlhOVNKcXI5c3kwY2FsTU1RQXVtRHprbXktdi1NRW1wOW5vaE9oOGJJMjZzSXNPQzdGTG8?oc=5,The Globe and Mail,en,pandemic oil demand,covid19_pandemic,relevant,2,0,0,0,1
2020-08-13,Brent oil prices down amid global pandemic crisis - Anadolu Ajansı,https://news.google.com/rss/articles/CBMilgFBVV95cUxOcFk3anVuajBfQmtJdllyNTZ3VGRxbU9EdFdGMWdnSm41OTRlU2tJZ0plcWo2bzR0S1dEVFBtOTRiRnVkektfTlZrdm1LakZXY1hGUlJkZV9laEhudy1ZUUxMbnVSYWl1Rm5Cb1VOazdoVWFPUFg1RnhYOEFRRTdFUGdxUWxCM1JuT3Jkc1lEZWpJMUFVZ1HSAZ4BQVVfeXFMTWZjNFF3MExMMnFKa1VveFpHVVl6TEloX3RZV1ZBeXh2YmZmd2J3aXpDbm52eGRIQXhpMWNjcU9kMDFjRnY2TjFCZVBqMHVHOGpyMXNaX2FaVkgwMzdYMXViY0tYcVIyUC10ZFFaUkpwOHBXUXpHeFN6dmZGbTM2MkxHdl9UbElQTXhYMTlPbEd1eXRvMlZjb3dZSFRSdXc?oc=5,Anadolu Ajansı,en,pandemic oil demand,covid19_pandemic,relevant,2,2,1,0,0
2020-08-25,Energy News: Impacts of the COVID-19 Pandemic on Utah’s Energy Industry - Utah Geological Survey (.gov),https://news.google.com/rss/articles/CBMixwFBVV95cUxOWlpnYzlOUU1nVzh1THlHVnFDamE5M1lHdWlTbGU4Z205SlNZaUllZVlTam55Qlc1NDdRWnVqbmpKREU0MFltYmZKMjh6YmdnbmNXQjhxS2hDcnpLdWd4S0JtZld1R0hMRnpFbEFvMFlWd0Q1Z3FPMU9EYWZQNlpXTnBSMks0Ym10SnJvdDhTVFNtSzBuQWh2ZGpMVnczb081SEZmdDEtbzFrOTIzU2xpOVkzVXJtLXFJaFRCWTNpVkh0N3JndjFN?oc=5,Utah Geological Survey (.gov),en,COVID oil price,covid19_pandemic,relevant,2,2,1,0,0
2020-09-13,"Global oil demand may have passed peak, says BP energy report - The Guardian",https://news.google.com/rss/articles/CBMirgFBVV95cUxOOE9HUXRMbHRRMVRpM0lKN0xZdW1NZmlpUTJsMmZzejRWMFl4TEE0bWE3MTVTWm15X0N5STRNRW9WVDFjVjFCMldSZW5KRFB4Uko5NUxrZmNhWG1LVTNYZ3pWWGhNdldnb244dkFaeGlCdjcteXhjUzhZY252c2t6V3pMaTBxbGVrZDl2QzZSMS13QXdzWnpWSlJERUdZS0xhcldtX3c4LWllTTAtMFE?oc=5,The Guardian,en,pandemic oil demand,covid19_pandemic,relevant,2,2,1,0,0
2020-09-22,Pandemic crushes Guyana’s dreams of big oil profits as ‘resource curse’ looms over oil-producing nations - The Conversation,https://news.google.com/rss/articles/CBMi0gFBVV95cUxOSmVETXdoS2MwenZQRTExVU4ybzRoeWNWRUprZHhJNzkxVFRCMTV2eXhXVlBYOUlUelJhdEw3Mi1oZEpZbXlLeTVla1UyamF1R2VPZlZQZDIyX0FjT0xFVEZJLTFkWUlyWmU1UEwxSzJ0SXRwcHFRVVZBNlpkSkk0dkI0ZDhYY1BnSmwtWXpNaHVtX3F6ZWs0MzN4akVOM0FnSFhnZG5HdzktUzBJaHNlRmMzMW1LZHJMdXlsY1BEelF1NkFMdVdpbnJ5S2xQeVZrQmc?oc=5,The Conversation,en,pandemic oil demand,covid19_pandemic,relevant,2,2,1,0,0
2020-09-24,Will the Pandemic Spell the End for Oil and Gas? - Columbia University,https://news.google.com/rss/articles/CBMifkFVX3lxTFBvUkIxcEs3UHR6RURKYW5QMW9NNk1Eb0FpZzgzRUhjU0lSb3dxT09wTmZnZHVnLVp6OTNYcUlwQ2E5S0R4RDd2NVl2blIzSXJYZ09MUnl1aDZkM09OVmsxVDNEMUZQRG5wOHlyUkQ4T3RzQlctRVF5RlpZWTNWUQ?oc=5,Columbia University,en,pandemic oil demand,covid19_pandemic,relevant,2,2,1,0,0
2020-09-29,"Shell to cut up to 9,000 jobs as oil demand slumps - BBC",https://news.google.com/rss/articles/CBMiVEFVX3lxTE9BWXNQamV6TTZhUENOMWZZRGVxUXRYd2k0Qks3NG9xLUFZU190N2hQSGJJRl9iallxVVRRRlJXOW10YkQ0T2pqODBMX3MwdndFc2pzMw?oc=5,BBC,en,pandemic oil demand,covid19_pandemic,relevant,2,2,1,0,0
2020-10-02,"Stocks, oil prices extend losses after Trump says has coronavirus - Al Jazeera",https://news.google.com/rss/articles/CBMirAFBVV95cUxPeURFQVVQR1RPTVpuYkhjQnNWLV9LZG95ZTVkWnZUSWpZeVdFZUhQTFNpR2YxSUNzY2MyejloUENwOU9aT0VKRm9ycmJsRUN3ODVCRUt3YnJDckQ0UE95WUpBMW5lMkE2THJqZVB0b1BZSVUtNGE4Ym5WY1lQQ3I3VUU0T2k1WFpxeUhOelAzN01XUS1SSm44aTVvZEhUTy1jN1JXbWxxMUVfRkln0gGyAUFVX3lxTFBmN3lCU0VGTkQ0Y0d5SXA2dnFwNzJsUVR0MGRRVTVoeXo3ZzdmRnFiM20wNjhhTmI3bEF1LVRPWjg4Z0x6MC0ySXRheDU4MUp3X00yUHFnZHFVeDVxbzF1TnBVV1FmMTVCRlRma0taWE8wdUdybzRRT3ZHSEliVlFDN2EtZ1MxWV9yRnJaN2dQVXpjSHdSVkIyaVo3Q2xxU0lPckQzRzhhXzhsb0IxQXdCelE?oc=5,Al Jazeera,en,COVID oil price,covid19_pandemic,relevant,0,0,0,0,1
2020-10-02,Chad and the Coronavirus: The Economic Outlook and Poverty Situation in Four Charts - World Bank Group,https://news.google.com/rss/articles/CBMi9gFBVV95cUxOdW9VaDh2UUdUNXAzMi1ya2hoTzNmckdidjdnSkJkYU1USUI2RHNOMlFMeFY5Wm1TZmxqcDd2QjExSmVUMkRyVkljQlpoZ1F6U3RqOS1nRk1CWWtOMl82ejF0N3UzTDg3TjhaTnZxa3lsM3BMSl9sdWVvQlBkdjBCR0l1eld5dHBCNS0ydHUwLTU5SVZfUGZmYUlGMUlMVTR6dkZ0Sk9OSUtDM1pIb1RvcmhESnJQRGdVMVU5TDJ0YXdDajAxTjZVd0pvYnJLT3N1dHA3Wm5IU0tWTTQ5RzRPU0FRaTRtUVphR2lvS2JzNFM4SlhZWGc?oc=5,World Bank Group,en,COVID oil price,covid19_pandemic,relevant,0,0,0,0,1
2020-10-02,Canada's Suncor Energy to cut up to 15% of jobs as pandemic crushes oil demand - Reuters,https://news.google.com/rss/articles/CBMitgFBVV95cUxPSXoyVXQwMjIyTWVtMjRhX0dFRTQ4aG50MHJ4QXR2Z1dvNGVicExERkR4VnltT0w5aVZsajR5MHZ1aXVRbS1kZlBFRExnUTNveHVSMDlWRW5fcm1sSGg4X3pZZUVNdEhsZVRrZ0d3by1SNWFTLUN0YWZ1aGtWZks1QzQ3ZzZIOUt6MXBiM2M0ZTFzX0xBUFB4OWZ0djZKQmUwd0xjNGhQSG9UWFZVVTJOczA1UU9JUQ?oc=5,Reuters,en,pandemic oil demand,covid19_pandemic,relevant,2,2,1,0,0
2020-10-02,"Suncor to cut up to 2,000 employees as pandemic diminishes oil demand - The Globe and Mail",https://news.google.com/rss/articles/CBMilAFBVV95cUxNN09KTmxDc19FOWtvTTgzTVFwV3dibUE1Rm5RS3VOWl9RSEVwTmNPYjRlQW00WEFwU0dCMFJWUE1LbjZ2cm1Fdi1neXJXcjJTN2pLczIxM25JdGpXTUVtaVU4M293OUxkQ0NITHpxMlIwTS1GWGh2Z0tfRUMxZW9ENlAzTms4azQxeUR2M3lWNERrZk5P?oc=5,The Globe and Mail,en,pandemic oil demand,covid19_pandemic,relevant,2,2,1,0,0
2020-10-19,Saudi Arabia's Economic Update — October 2020 - World Bank Group,https://news.google.com/rss/articles/CBMimgFBVV95cUxPby1DODduRXlBQ1MycDRwNW1GYjF6MjZwdV8tT0hLZlhUR2VPZjBDcGtUdWdlXzRhVzRqbnViOXJMQ2RlYWNTQ0k1UG5USzVCSDkwVGNnSXZNUlFzSTV3QjRqS19aVS1NMEprVDBvbEJWbEdhTXc5bnFqMjhqVUt2b3U0RmtDNjFnb2R1UkViUldzdXpaY21LcDRB?oc=5,World Bank Group,en,COVID oil price,covid19_pandemic,relevant,0,0,0,0,1
2020-10-27,Misleading Messages on Gasoline Prices - FactCheck.org,https://news.google.com/rss/articles/CBMifkFVX3lxTE1KUjdrUmNPd3hSRXRUUnY0OHRhZVBUcmJ1THk2ckZ1ZnRXeUZQdVZnVUxTb0Q0MVdSYzd1V1pkdVJIcDRubkNzR1p4aU4tS0tlNWFFVUlfZlpWaXFWQUV6d3NET2xSZmtfdnNYcDdxTlk4TjR1X2JGSVQ2OHo0dw?oc=5,FactCheck.org,en,COVID gasoline price,covid19_pandemic,relevant,0,0,0,0,1
2020-10-27,The oil market outlook: Lasting scars from the pandemic - World Bank Blogs,https://news.google.com/rss/articles/CBMiiAFBVV95cUxQcTM0WVdiQ200Wjl2cHN5eC1WbUJvY25DVnN2NFdJQ1FWbFUxX2wxWU45UkZfR1lyc01mTWFkS3Fld1h0R01kUmlwNFR6TkUyMUJVUzhYdjRBdk55NDYtX01CT19DRlNDSDVwQnZ3TVREcE0wSWpOU3RZQ2ZoR05zMVV4WmF5WTF4?oc=5,World Bank Blogs,en,pandemic oil demand,covid19_pandemic,relevant,2,2,1,0,0
2020-10-29,"Ready for a road trip? Gas prices in Missouri rank second-lowest in country, hit 20-week low - KMBC",https://news.google.com/rss/articles/CBMixwFBVV95cUxPUkcyMVlhTzJsWUpUNENnakJtdXB4U0FETG1fMTF3T2JwSFVzb2kwWm1UWVNCR0x1eEE2ejJJc09VcEN2anBNYjN2S0hmNk5OczBiMHdRdnhBNlVMX3NzNlBfSFM0bHVXWHNRZUlQbFpZRXZkMGN5WHZIaW16al9jWlhVRy1PRjRMRlI3US1jS0VNb254aXBqaFM5VUM3SWRXSVVGTjlRdEdFSWdKU0tMbkpnRFMtcHFIb1EyVHNHVVpnYWhqVTUw?oc=5,KMBC,en,COVID gasoline price,covid19_pandemic,relevant,0,0,0,0,1
2020-10-30,From the barrel to the pump: the impact of the COVID-19 pandemic on prices for petroleum products - Bureau of Labor Statistics (.gov),https://news.google.com/rss/articles/CBMifkFVX3lxTE85ZUlXVTdCUXVlWGNrWkhIRkw4amdOdUxKeExfRVNEdjJ1M3otVXd1YTBTRk03RzYtS1pfT3lMSzd0RjZJRld3QjFMX1lQWmxNS0JnaXBNV0xuQjVJcUZybVVQbE1FV2VnSF81RVlielVRejJOU2FQSXBGRW9kQQ?oc=5,Bureau of Labor Statistics (.gov),en,pandemic oil demand,covid19_pandemic,relevant,2,2,1,0,0
2020-10-30,"ExxonMobil to slash 14,000 jobs as effects of pandemic hit oil demand - Offshore-Energy.biz",https://news.google.com/rss/articles/CBMiowFBVV95cUxPY2FTNmVMaldrSGlJLW5xcmJzWm95RkNlVnlIYktla3Zfell1bWxJMUZBMXItLTFFQ3gwOW05aGJEMnNxcWFNQ0xuSWdLZG13UlhiclotSnJFU1pGdTVBZzh3Q3QyemtZUUM0b01tc1I2Q1FsaXlQQk9yX2JhZjFOcTNkZ01QOEhYYy1Hd1RVTTVldlNBVE9scGkyVXhBNzFRZTBR?oc=5,Offshore-Energy.biz,en,pandemic oil demand,covid19_pandemic,relevant,2,2,1,0,0
2020-11-01,Pre-pandemic oil prices expected until 2021 - Guyana Chronicle,https://news.google.com/rss/articles/CBMiiwFBVV95cUxOOXktRW05M3pmNHJELVZWTzA2WHI2REo3bUJlcUVLOTJFT1hLUDZiQS1mQWU4c19YaXFTei1IZTBmN0FWeHRWV2gxQUFhZmIzOHN5NmM1RmVQd3phdWdxdG5RT3NGWkdOTWtuRERZZGc2RkZOTjFDdHlJNjlQalcwYkVuSmhDSEtqdnNF?oc=5,Guyana Chronicle,en,pandemic oil demand,covid19_pandemic,relevant,2,2,1,0,0
2020-11-02,COVID-19 hit commodities hard - these 8 charts show what we can expect - The World Economic Forum,https://news.google.com/rss/articles/CBMizgFBVV95cUxQcUI3T1pKUWNDTU1mQ0l1M0VqVUhnTWZlNUFxWDJrbnFCQXFVU2V0bk4ya2pxUkptOHZncl9URVVTTzI2QUxLcFJqd0ppamQyUnhSNmllb01aei0temVXNVUyZXJIMmpKdW9YZlIwUXdFZU4zUFU5S3BFczdsdl92eWxvSDF5ZjgtdFpsTnlQOWJLc0NkOHNwTWlSU3ptNUY2YnlVc1lRZHJsZGxhVXNKcG43ZmcwXzl6YzAxaTJPM05tdVo0NjU3b01oYzNOZw?oc=5,The World Economic Forum,en,COVID oil price,covid19_pandemic,relevant,0,0,0,0,1
2020-11-03,Peak oil in 2028?: COVID-19 brings forward 'reckoning moment' - AFR,https://news.google.com/rss/articles/CBMiqwFBVV95cUxNOVZmcjRqZXFud24wTGJBM0RFY3hmRzVURVFPS0wzZFNld1UwTTdrQUNSUTRCVVV6Z2JoNWpkUnJSMnVvbmhYMmRfbE5iN0JtMHFDcjg5dEZyX2hmSmJQdDNybVRDWG5XUTh6Zkdxb19tZUhZVlUxRFdSellhcVpnVUhpUHQyaEVwNWx6ZklCSGVVY1pDcVF2MTlkcjdKUl9YMDdVUzdodEFBN2c?oc=5,AFR,en,pandemic oil demand,covid19_pandemic,relevant,5,5,1,0,0
2020-11-10,AAA: Holiday Travelers To See Low Gas Prices As The Coronavirus Keeps Many Home - STLPR,https://news.google.com/rss/articles/CBMixwFBVV95cUxPWDZuT1ZlQ3pVNVpCQ05wdG8zdmZtTjROeTA3c0Rsb0VUMm5GcWZEbGNYWFVTejVhbk4tTHlZUzVDNS1LbVdIYVB2QU1tRW9jZFlac3pmem1lTkdJcHY5ZTdZdDZTLVMtd2dUdkdMMDYyeE1qMGxWVzFjUHNpT1c0TFNadTk1OUNaeEpxZm5BdWJCVXJVVDdPU2ZtSDI0ZjNwM0IwYTBrOWNEN3ZoYzI2eHo4bEV1N1NSLS1lLXo4RHFsa0xiNXFJ?oc=5,STLPR,en,COVID gasoline price,covid19_pandemic,relevant,0,0,0,0,1
2020-11-10,Explainer: Why U.S. Natural Gas Prices Have Increased During The Pandemic - Forbes,https://news.google.com/rss/articles/CBMisAFBVV95cUxPQ213YXNwLTBMZ3EtS1JmSU5ENmVtMThDeWlxbjBxYkxkN25peVdoMHhWRjctWlZmOHRnaGJWV2lKdS1VWGh6VFVDM1pkMkpleENlWTB2S2gxd0JpdXVScnh2NXpKNVlPN3hRQlp3TDM2YjR5aFdKRVNqMHU4aHVheFIxcTFNaTBIYXh2WVM5dmpaVjBEanFhQ1c0YzlKVUdkejRpdHM2Z05qN3ZIYUJmeA?oc=5,Forbes,en,COVID gasoline price,covid19_pandemic,relevant,2,2,1,0,0
2020-11-11,COVID-19 and Low Oil Prices Push Millions of Iraqis into Poverty - World Bank Group,https://news.google.com/rss/articles/CBMikAJBVV95cUxOUDVNankySmlJTTRlaEpiSDR2djJTRFVKU2wwVlI1U29BOGhhS3NMdzZwNUdBTnZQdTl2RFR2LXJFNTRXV0UyV19kQTQ3bl9Jd1d1b21uRzVlSnhpeFhzZFdiYTlmbTJmSzZFUEp1bnRJeF9qeE9wMUpDemcwcERjTGVkOFF3UGRySU9IbzJwVHpPSXZKSXloT3lzOTNTbXJESFZYT204cktqdXZ6UlY2SFhYcFhfUFNEV2x2cnpOb0RDeEFxMWhFclg5V1RpcHlpa3ZfdnowTTBxT1ZVYzZqRWswWVM5OFNtYW4xcnE3b3l4cEhyQ2VsX2hpOF9ZQ0pZSnc4LTVjaEIyZ0sxY3RxdQ?oc=5,World Bank Group,en,COVID oil price,covid19_pandemic,relevant,0,0,0,0,1
2020-11-15,Gas prices drop below $2 per gallon across Michigan amid COVID-19 pandemic - WWMT,https://news.google.com/rss/articles/CBMiowFBVV95cUxQR1JOMHlPUEFHLW5uaFdqZ1l5SmZDNXR1M1lTTVhudjRtX1lQdV9WRURIaWVYMzRVMmRiMVo4VGtvdWp5VVVLM2FqMVB3NzAtSVlkOXRlYWp3NlM2NmtiUC1vNjZOenRlQXloTEs1TE9ybWFkdnFheWZOX2d0amNlRGo5QTZDNDlHZ1JuT1BUOGE0T09Hd0l6QktaRDdVUmdrWkpr?oc=5,WWMT,en,COVID gasoline price,covid19_pandemic,relevant,2,-1,0,1,0
2020-11-18,Florida’s average gas price slips below $2 per gallon - Mainstreet Daily News Gainesville,https://news.google.com/rss/articles/CBMizAFBVV95cUxNUmV6Z3EzSFVSeGlDOWFfR3RaVk85M3A3MWxPR0pEZm1JUzFFNVlveFc3VEpHNGZLenF1RjBfWnl0S2xNbDVfd0NEamZCb3FzVjNFaTJuQlJJX25Ra3lpSnJIa1NsWUxpVEp3N3EzcXNuaUZ3WWFvWDcwMmVZUV9IZlJacDRxOEVCSURZSmduelNHSjNESTlGa1Y0WVN6aXBvTHl1alpOWjYzVVBtbFVnLXBFcFhMTFYtZl91S2FKQTdGNDM3dnpVY3VyUmk?oc=5,Mainstreet Daily News Gainesville,en,COVID gasoline price,covid19_pandemic,relevant,0,0,0,0,1
2020-11-21,Nigeria slips into recession blamed on COVID-19 and oil prices - Al Jazeera,https://news.google.com/rss/articles/CBMipwFBVV95cUxOMFJzZUpTenUwRmNiNHdDd0NJOEE4aktmdW1OdkVrLU9oM3pFSDFSOGN0V3BiaGkzZlVxeHZYNktvU093bHNIUktYV1YtVkpzdWhoY3dTWE9XZkhpcXEzcTRkMGd4Vzh3X09JOTRJUnNpSVlGNTBDOE80ZXl5MjZGUUo2SEEzXzVsSHlGSW9ZdmQ1c21UaXBENzBoOHlYMFNLYjJpcmlYZ9IBrAFBVV95cUxQdUd5cmI5ZFJoTDlhc3ZBRU8xRncxUTNFRHRaRWlfdVpJbGs4QTFBSWl5ak95OGpNNnFkUHk0NUNPQ0E0a2tHRDVvSTVzNXF1M2VqVDBRVTkzOHFLOFhnaTM5dTJieU9xTFRiLUVhck4xWjEyVF9KcWg5ODJWZmZpSVB0emlXZjlFZjRhZnhQTGU2Njd3a2NaSERwTW5sZ1V2ZmgzdjhGLTA3UF9O?oc=5,Al Jazeera,en,COVID oil price,covid19_pandemic,relevant,0,0,0,0,1
2020-11-23,Lowest gas prices in 5 years will greet those who hit the road this Thanksgiving - Houma Today,https://news.google.com/rss/articles/CBMiswFBVV95cUxPdGZtMXZtNVhSMzdLbk5ZNVlMeVI3NEZUQjNQOFh3U1VGWWtEUVc3OXBiVkZia2RZZkdUa19BYUdrSmU5T1VTN25aQmphb0NJUVZ4cERlNUIwN0RSb08tTDdMdlNrWmkwc0IwMUFJX2w0Ukx3eWxrQW9hdkIxQUxmZnNCVDhuNlMzaDc4TnZFcGoyZVdORlJQUHRaRE9UMjU4ZF9yb1NZeFJVZ2wzaGt3Z014RQ?oc=5,Houma Today,en,COVID gasoline price,covid19_pandemic,relevant,0,0,0,0,1
2020-11-30,"The recovery of oil prices is discernible, but distant - GIS Reports",https://news.google.com/rss/articles/CBMiZkFVX3lxTE1hQ2tBcXhidS13R2VVazRxSjhVMFdyRnZKdlF0UFN2THJBMzdmNmNYQmt1eWUxRThjRHluaTB5T1hKS3NIWmptTnlELUhHZFBtSXg3bzlHWFJUaVFwaXVsR2ZyclhMUQ?oc=5,GIS Reports,en,COVID oil price,covid19_pandemic,relevant,0,0,0,0,1
2020-11-30,Colorado Oil And Gas Drilling Falls To Historic Lows As The Pandemic Crashes Demand - Colorado Public Radio,https://news.google.com/rss/articles/CBMitgFBVV95cUxQRHJ5dFBZOUR0OFZPbEc4d0xsVTBQM2JNYWVvMHVJUEtkMkVSbk52Sl8wNzFCUjRCYS1Jc29mVFkzNERWbWg0NlFCZDNJdEhFY2tRMkRtMXB6TjgxanNaZHM0ZThUelJLcHZURVltRF9jZ1AtVERGUy11RUhHaU9WMWlOdWNHd3hrSUpKMldid01oazJPQTdLTHVSaGFYeFRuOWZvYmc1NlY3UkF0dGVUaFZQYmF0UQ?oc=5,Colorado Public Radio,en,pandemic oil demand,covid19_pandemic,relevant,2,-4,0,1,0
2020-12-17,The Pandemic Hammered Oil Prices. Vaccines Could Start to Boost Them Again. - Barron's,https://news.google.com/rss/articles/CBMiugFBVV95cUxPQUE1YkcxWlp1OTNBMHVtOWhGal9lSTF2eWdZY3BIRFBoQlc4R3JHS2tXSy0tSVp4dzd4Ukx5TnF1TGlEaDU3OUlKZ1J1MEhzbmdlRDctUTE4NXJfZHRoYk1LWnNkellQemlRbnB5VGJQVWNtYmhGdHJWUTE2UUtkWVlyRjRUVGtKR2pQeVYzZU9yMjhWbW9QS2o3alZRTk1xTnJqTWo0d2xFRUZQTDJrYnNoMjcza084WlE?oc=5,Barron's,en,pandemic oil demand,covid19_pandemic,relevant,2,2,1,0,0
2020-12-21,Florida gas prices reach highest price since pandemic began - Florida Politics,https://news.google.com/rss/articles/CBMipwFBVV95cUxNNER6NVphOTNDeXVreFJNZl9EdV9yMnlKQXhpSWQ1NzBSSHNMbUtocW1pdFphVUJ5dTVJUllTYm16V2QybW9yVkoxMW1fZjVqTTlQTGs0cVRzMlZ5YXpLeVU0R09jTnQ0WXF1ZXFBeFVOc1JRNUNHWEQ5M0loSTUyQ00ySnUxNDZKNG9vUUVWZFB3eU5jclFEdnFVQk1Wd2RNNkd0bTNrMA?oc=5,Florida Politics,en,COVID gasoline price,covid19_pandemic,relevant,2,2,1,0,0
2020-12-23,Oil prices down over pandemic-driven demand fears - Anadolu Ajansı,https://news.google.com/rss/articles/CBMilAFBVV95cUxQVlVBSmlwMWYtQXgtaEFyWGd0UGxNb2dSZHNVbXlUYVhTa1lybE9XenA3b3pKTTlQVEhNOUc2X2VVSzJzZ28tbmh1S3hiNzFJTU13NGZFMHNiZUFKbFVkZGEyS3F3OU81TUF3SXVMUHJIQTJTTEJPeTR3azQzSmdLeGhlcGFDbFYyTFljdGZKZThSVlNS?oc=5,Anadolu Ajansı,en,pandemic oil demand,covid19_pandemic,relevant,2,2,1,0,0
2020-12-30,COVID-19 mitigation efforts result in the lowest U.S. petroleum consumption in decades - U.S. Energy Information Administration (EIA) (.gov),https://news.google.com/rss/articles/CBMiY0FVX3lxTE8zMXFaZVNhalBTQXl6T0xmLXJnSXdJNVNSTDV3TGlzOWdHeW5rNjdhWXYwdWtwbFBRemFuTW83bFIyLXo0REJHLW5BTzRhRmlsY29WNzg3c3ZCUURhMFlLelJSQQ?oc=5,U.S. Energy Information Administration (EIA) (.gov),en,pandemic oil demand,covid19_pandemic,relevant,2,2,1,0,0
2021-01-02,2020 Gas Prices were the Lowest in 16 Years - ACG AAA Newsroom,https://news.google.com/rss/articles/CBMifkFVX3lxTFBMMHg4d2JSZnQzYlE4c1l4dmUxQm5vdTFDYWZURzdQeDZoSEVUd0Y2ZnMwWERLRDhVbkxQdm5SZzZIRnlVdEZ4Q19vdnVocC1LcE1yYUZ2SlNOZGdvaGhCUWxicEhHTDRhT1J1UWdtRjJGMGgzVVpsMlozeEdhUQ?oc=5,ACG AAA Newsroom,en,COVID gasoline price,covid19_pandemic,relevant,0,0,0,0,1
2021-01-04,COVID-19 pandemic drives down gas prices in Florida - News4JAX,https://news.google.com/rss/articles/CBMiowFBVV95cUxPUC01ZHVTblFzdWNpMEtIQ1dTZFBRdDRQWl90VUdreEZMOXhrRU5tc0U1Ql82VU5Sa3V2WkVTSm8wcE5HbmVSMEpzdFRfMFA4LXRZUUF4anNWMnNKbkNkTDlMcWdNVi04U2ItMTJaUXJKWVdRcVJadEdWV3JORTBnUTNoS1RZVFJEM1lLOVhhLTA0M0tDTXVodnNRTzBtbk8wNXVz?oc=5,News4JAX,en,COVID gasoline price,covid19_pandemic,relevant,2,2,1,0,0
2021-01-05,Crude oil prices briefly traded below $0 in spring 2020 but have since been mostly flat - U.S. Energy Information Administration (EIA) (.gov),https://news.google.com/rss/articles/CBMiY0FVX3lxTE5YS0VpR2phcjBpZDV4WHNmZHBWQi0yMlhNOFhLeFctbFRaMjdjUTQ0bENmM0tWSE1Nel9OUlo0bEQ4aXgxXzZyZTZiMmFaZTRLWjY5MFBSVGliUTFTb01GWmxaOA?oc=5,U.S. Energy Information Administration (EIA) (.gov),en,COVID oil price,covid19_pandemic,relevant,0,0,0,0,1
2021-01-06,U.S. average gasoline prices and vehicle travel fell to multiyear lows in 2020 - U.S. Energy Information Administration (EIA) (.gov),https://news.google.com/rss/articles/CBMiY0FVX3lxTE9Ud0FnLXRlVUlwZ1hHakRxVWY2c0lIY1phUFpSLXBTQUU1cVpuZFlDZFhDWFo3Q1E0cUpwQzhiNjUyQjdBSGdJX0FwUVNtMERCRTZjLVN3VGhiekZfTDVIRFZwNA?oc=5,U.S. Energy Information Administration (EIA) (.gov),en,COVID gasoline price,covid19_pandemic,relevant,0,-3,0,1,0
2021-01-07,"In 2020, U.S. natural gas prices were the lowest in decades - U.S. Energy Information Administration (EIA) (.gov)",https://news.google.com/rss/articles/CBMiY0FVX3lxTE41TjFQZlBDRUZCcXBNNjNMWmh4Vy1sdlhfaU5LaDlQUVFueWIyVXF0N05ySmRNMEh0SW54dlhWZEZiQlo2TFhpM2xDLXNKOVdRR0lHZEFwZGR3WGJ4RWxsUWx6Zw?oc=5,U.S. Energy Information Administration (EIA) (.gov),en,COVID gasoline price,covid19_pandemic,relevant,0,0,0,0,1
2021-01-08,Why the promise of COVID-19 vaccines could increase gas prices in California - Visalia Times-Delta,https://news.google.com/rss/articles/CBMixAFBVV95cUxPaDlTUGFCeXFpWndNWnI5SUlGZjlSeVgxVWNXaEdtZnYxcUJBRXI3X1ZmMFZJN3RVaG5qZHkyLUlyVHI5Y3ZkZ1hpQ21VNWVZb1UxNG1uRUJ1OTZUR0VBMEtRY3h4SzBySXBxLVM4SEdISVo5dTAyN0lWOGxGSlc4VS10dGJCa2ZRTEhEQy1tRThyVEJOMmJpVW1vdVgzRmpYY2MydjFBMzUyNHAwNUcxQjZLaEdYZTdHbkFhdG10Z0o5dHN3?oc=5,Visalia Times-Delta,en,COVID gasoline price,covid19_pandemic,relevant,0,0,0,0,1
2021-02-02,BP reports $5.7bn loss as Covid-19 pandemic hits oil demand - The Guardian,https://news.google.com/rss/articles/CBMiggFBVV95cUxQNkl1U1QtdE8yRGlZUWw0ZDU3cGJDQXU1N0FNdzRGazhZQmxrV19iVGp0bTBTWnlKZFRMam05M0piUGZMYjlsamxFY3F1YlM1QXBjUlkta1dKdlVPOHdUVWlfTXFBZkxUdnFlUTI3QWIyRkN4TmhoVzFlZ3RNRzNFbGVB?oc=5,The Guardian,en,pandemic oil demand,covid19_pandemic,relevant,2,2,1,0,0
2021-02-03,COVID-19 Deaths Cases Impact on Oil Prices: Probable Scenarios on Saudi Arabia Economy - Frontiers,https://news.google.com/rss/articles/CBMilAFBVV95cUxQMFkzXzNpelRhQ0hVZTE3bGp6NWlKN3ZfbDJzWFgtb0NObXZZVDlKeHd4Q04yeXRXMEk1ZThLZDNReXAyTzdCM3h4MGZHUHRfbENESHQtNGpTNGlvZXRLMEhDdFppd2FWbGE2dUVQNkRlTnZraTliR2dzcW5Uc2lDZnBSNzA4cDM0dTVsNDNJemFFaUQx?oc=5,Frontiers,en,COVID oil price,covid19_pandemic,relevant,0,0,0,0,1
2021-02-04,Royal Dutch Shell sees huge loss as pandemic hits oil demand - BBC,https://news.google.com/rss/articles/CBMiVEFVX3lxTE5TVlRORzg5dzFLTXRPOWNOdmpleUtJckdOZGhaWjJOMkxvNG03UHp4ZFpxbUd2M2pqOUU3RTBBY3lCSV9Kci1ONUQ3RTlWSnJvY21XXw?oc=5,BBC,en,pandemic oil demand,covid19_pandemic,relevant,2,2,1,0,0
2021-02-04,Shell’s profit slumps in 2020 due to COVID pandemic - Al Jazeera,https://news.google.com/rss/articles/CBMimAFBVV95cUxNUkQ1Y2VPTWJYbS1kUGdwVm5ndERXY3AtTlh2a1A3RGFrZmkzcHd2MXVIcFFlaWFTcnliVHdPVXNUaWtQZUE5M0dCYUJCb25nTWxvZmdTTkFXMWRPMVAzZzZXdXRPVWpvOWtnYVJqWjhrNHVmS1JMa1JPMUNpci1BdjZ6Q0hmdmlIQWRVdnl2X1JOSFNtenJLRtIBngFBVV95cUxOMjBMODkwN1JSWFhLUDE2Vi1rOXhHMjl1eGF6LS10TEdsMHhYQ3hTR1VQLWVMeE9nZV80VVNhczBYWWl5amllbWNXalBNLTRGY0pTQW9VRFdEZWJSdmV0cHl5aVVwV3RtcXd6S2YwSVE2aFc4ZEI1bXFGMmFDUUFiOHNfYmd4dmY2QW5rR3VtQW5mY05zelh1WVh2SThXQQ?oc=5,Al Jazeera,en,pandemic oil demand,covid19_pandemic,relevant,2,2,1,0,0
2021-02-04,Royal Dutch Shell sees huge loss as pandemic hits oil demand - BBC,https://news.google.com/rss/articles/CBMiV0FVX3lxTE9NajlCYUtORDBVcEhnTWFGWElKOWwzcnltVEc2dEU0RFJDcC1VcTJRd3JhNVg4MkVOYk0tVVBpMkU4aDZSbVo5LVNjdHpGUTdhR0ZNcG84cw?oc=5,BBC,en,pandemic oil demand,covid19_pandemic,relevant,2,2,1,0,0
2021-02-07,Oil prices climb back to pre-pandemic levels - BBC,https://news.google.com/rss/articles/CBMiVEFVX3lxTE5vaFdfQjFURjk1Znk3Wm1zczhaYlVoWUtOa081bTluYnVTeVZMdFJnZVlwenFVLVhSaE9WR0h5aXBPeTUzSEx6YlZWZW5HVHNLWFRaNQ?oc=5,BBC,en,pandemic oil demand,covid19_pandemic,relevant,2,2,1,0,0
2021-02-07,Hedge funds bet on oil's 'big comeback' after pandemic hobbles producers - Reuters,https://news.google.com/rss/articles/CBMivwFBVV95cUxPRTdXSXdxbm1nZFFmWUV1cFIxZC03Q2FJd2lTdXVNc3hWd3c1eDJRcnFHNGxpREp4ajE5ZWRka3BwSUhycnlzbEhTLWlaV3BtUHhKRS1weE42MUZGYU5TX0w5RDBhYWd5Q3plNWdpM1ZQYk1tLXJ6aklSc2xKVVl5STJxUDRvUXB5S21PaDJ2aGZ5VzIyZTJSUm5BbDVBV1k2eGhpd2dpbFZpQ0o4eDJJVWh3MGVvRHVMWElVMkFWZw?oc=5,Reuters,en,pandemic oil demand,covid19_pandemic,relevant,2,2,1,0,0
2021-02-08,Gas prices hit pre-pandemic levels - Yahoo Finance,https://news.google.com/rss/articles/CBMihgFBVV95cUxQeHRhQ2tZTG9nalVWaTBtYzVBUmhpTUlCZXhXeGxXck9VOGE1THZIWmJfRFM0TzVFbVNPbzJyT0UwY2JCeVNBdTVPYXRfZUZWTWRLbVlmTG5qTDFkdWdmd3lPNy1tZWwyeXFyYm1sMm9wa1B0ZVNGenJ1Mnk2M0VjTWJVMmlWdw?oc=5,Yahoo Finance,en,COVID gasoline price,covid19_pandemic,relevant,2,2,1,0,0
2021-02-11,Oil Market Report - February 2021 – Analysis - IEA – International Energy Agency,https://news.google.com/rss/articles/CBMia0FVX3lxTE1BekNOUk5JNTA1Z3RLdEJlQ0ZoYS02QXdrS25ZZk44Q3BKS1c4Sk9LbGM1SVVvOVZPRVFRQ1BKVmRvSUJCT1pENHZzMWJOYTViNUJ1cTByeUVjclg2Zlo5UGlfSTlJeFBkTEk0?oc=5,IEA – International Energy Agency,en,pandemic oil demand,covid19_pandemic,relevant,2,2,1,0,0
2021-02-11,"Gas prices up on renewed crude oil demand, not US policy - AFP Fact Check",https://news.google.com/rss/articles/CBMigAFBVV95cUxQbEl1a3VBdmFGSWF2ZTlmS3lxaUVoN0Y2ejlEX3cxeXoxLXI5eEJzeXpZdXV3WDNUX0lGRzNEVHFKWm9veGRZS0NqOEFwYzV0WDdOem1GRksxQUJTU1JPRTd3WXdjN2dTYkNBTDlwUWpZM0dnZ0dQcFZlc0M1V09kaw?oc=5,AFP Fact Check,en,pandemic oil demand,covid19_pandemic,relevant,2,2,1,0,0
2021-02-15,Oil hits pandemic high as winter storm pushes demand and poses production risk - CNBC,https://news.google.com/rss/articles/CBMitgFBVV95cUxOci13Mml6WWFtNnlrVGZmNGZkb29jekxVQmxoeXg1b2JteGZIaWU3bmR3b0dhdUJxX2lmaVVuQmdMZ3pXODlhbjF5T0NRVm1RSkpxaTBZc0tMY3gxLUpnUktUY1BPWndiT0xnMU5OZjRaM1U0MjUzWG55anVrSDhNLVZ1dW9Pb0dIdTRHbFJvQV9xbU5fMkh6eE1sMHR6dkVPUTJMNlZnS2l6Z21oT1hIU19KYzdWd9IBuwFBVV95cUxQcnhYaG5WaEhCS05JeHgxb1VYQWJ1NGpURzhfTFo5bFlNNEF6NWZGNTVibnREQ0VTNGF4a1M2bkpjd21ZbG8ydGp3ODAxdTIwT05PZ09iZVYyUC0zczI0M3RDckp2QmdlVWo4eThkcTVTMkh1YVlZUGlyUjhSLVFHU3FlR3B0eTF2cjFoT2R0MjRtZlVYaHFuQUdySnJfVWNWZFg5dU5nUlo3b0tMYV9HQ0xSQlhUMno2T1Zr?oc=5,CNBC,en,pandemic oil demand,covid19_pandemic,relevant,2,2,1,0,0
2021-03-10,Pain at the pump: Why we could be paying $3.50 a gallon for gas by June - Beaver County Times,https://news.google.com/rss/articles/CBMipgFBVV95cUxPaWwtemJSMTRUQVhFbDIzXzR1Y0ZLUkxfZXV4b3E1a1I3a0Fhc1F4b0p1OG55ZDY3d0xFSVNTYXdWWnJ3WDJUeXRlLTU2d29xMjltQmFhOFhxYmNRTXdLdmFjenF2cDhIQ2pOSU00Y0tZWFZwVDJmME1NZWZpQXFqVFJQcjlTSGwzeTZNc1VkUm0xQ2xCbEdtdG4xQVFSZjkxVkV5T2Zn?oc=5,Beaver County Times,en,COVID gasoline price,covid19_pandemic,relevant,0,0,0,0,1
2021-03-17,Oil 2021 – Analysis - IEA – International Energy Agency,https://news.google.com/rss/articles/CBMiTEFVX3lxTE1fbDBzdVlBNU5qVHdwUlAzYUVlX1U4bnFmdS1nVUtDZFhNcnpucFN3d05Uby12YnVvQU9LcmJkd05xMVo0TjhTcWlzcFo?oc=5,IEA – International Energy Agency,en,pandemic oil demand,covid19_pandemic,relevant,2,2,1,0,0
2021-03-18,"As Oil Demand Rebounds, Nations Will Need to Make Big Changes to Meet Paris Goals, Report Says - Inside Climate News",https://news.google.com/rss/articles/CBMinwFBVV95cUxPLWp1T1k3QWpLeGRXZWZtUWtzNXFNVzhxbmFxc0dnOFhoTERGNEpqcEk2QkgxRlk2cWVJMVdnXy10SjkxODVfWEpkT1NETTloYzY5LVRlejJFYy1GWkFYOXpHNnFwc3BZeUhYQ0tNb05VM09ILU5ad2g4ODdFVEFVQllZQUNGY00zbmJ4bHE4bm5sX3hkZDJjRDZWSmtMdW8?oc=5,Inside Climate News,en,pandemic oil demand,covid19_pandemic,relevant,2,2,1,0,0
2021-03-21,Saudi oil giant Aramco’s profits plunge nearly 45% amid pandemic - Al Jazeera,https://news.google.com/rss/articles/CBMirgFBVV95cUxQYVNTNFZuZ0hiYkp0S2RGYmJWdUE2Ul9jeS01MDdPRzlZdUNpdWhpVkZDTm1UTDZ6dXZ6cHpFdU41ZElNdWhYS0k2eWFRVHRBV3JFbnJtWnhVMHdJMjV3NlJlY21kTk9ob2ZZemhJSWk5Q3dNbHozQkhNY3NpMl9EQW5fQk5pdUM3THlPRFUzNThtMmdfRUhFRXpDSkdnZVMyM3hNSVg5OHE2cEJwY2fSAbMBQVVfeXFMTjZnTFZOVVNuWXcyWjdFRS1icy1FUGN3YndPQmtOMjRDVEczM09JeFladFlIc3RXcmVwZEpQUG1xZm5PNmFFSk5QZVEzUmR6c2xYTndaQ1RDSFJQVmpaZXJmSFFXOTAxSnJTSFZDSktCRHVLc3IybDFwR2xqWFR0SnFCc0dXcjVLWVpGM0FDR2VGOG5IMy1rbzFraTJQLWxncUVLVU95NzFOUFlXaTIzVk5xazA?oc=5,Al Jazeera,en,pandemic oil demand,covid19_pandemic,relevant,2,2,1,0,0
2021-03-29,How Has COVID-19 Impacted Oil Supply and Demand? - Investing News Network,https://news.google.com/rss/articles/CBMitAFBVV95cUxPS3ZsdUxXa1dxWUtJaTU3Q2E3QXlSN19aT0xnQ2diQ1o4ckstQ0RnS1FWeFI2dDB4VUwzeEZLZFlnbEhuV3J5eHJPRnNvdGp5MC11RWFCZHBGTEVUZ1RCNEl4RWlBSU5kV0UyQzFzZlcyRzgwOHF0U2VmRzZDM25qdllMejlUWmVQZ0NaQko4RXFaenlTbVU3UkY5RnlycGwtaUlMeTBCTVl0c2JvcnlqelI2bVU?oc=5,Investing News Network,en,pandemic oil demand,covid19_pandemic,relevant,2,2,1,0,0
2021-04-02,GCC Economic Update — April 2021 - World Bank Group,https://news.google.com/rss/articles/CBMihgFBVV95cUxNaXgzeWJjTVpZbTk2Wjk3cEVtajc1YmYtOUNycDZMWmtaaExhWHFOaGxsUTJKV3RRcHdaTXlsN0ZBSXNGVkVhNjZ1M3BpdnZuTHhZbDV4R0pVYkdGdWswUWxmUnV0bGx1TElQRU5BTGhSZExiMEloYjVOZDNCOTE3QVF0MjRfUQ?oc=5,World Bank Group,en,COVID oil price,covid19_pandemic,relevant,0,0,0,0,1
2021-04-05,Crude Oil Demand is Bouncing Back. Can U.S. Exports Follow? - CME Group,https://news.google.com/rss/articles/CBMiugFBVV95cUxQUGM5dFdJMWh1WjZNRjJPTEkzYXVoQl8xTHdnSzl5YVhLd0NJb0lDdzM2OUthU1puU1dlZlZaUkxNNVdHd3VrOWt3S25zdktQT1pVV3EzbEI5RWtBZFRnNFUzaVU3X1V1RTBLT1VvVkZETk51YVIwbkFQeDdsdDZoNndMNVFucFRXUVBoNHdmLXkwckpTV1kyME9QUHRwbVZXdVRTNkVmMlhOXy1peWU3WGZGQWFGYk1sMmc?oc=5,CME Group,en,pandemic oil demand,covid19_pandemic,relevant,2,2,1,0,0
2021-04-21,India COVID surge drives oil prices down for second straight day - Al Jazeera,https://news.google.com/rss/articles/CBMirAFBVV95cUxNWXFfM2RUTTlhZVNySFY0S3prYk9HSGRYdEhFc1dRb0ZDSVZ0dnFsTktIM3F3dmU3UUVTVjMxVGplNmJjLTRwTUpmM3dJVVpGQ0NMMFE0LWpnWlFicDVNZ05DbnAxaGJiQkFGUmdMMWJsaWRDQjVrOTJDUHVjTUZGTXB5SnhzaUp6ZWltakRrVmlfNXA4T19aZkRTU1JaWDZBZVI3b2dSbUp0WjJE0gGyAUFVX3lxTFBJcXdydVBlVzRPVzljdDdaWHhlVXZ0Vlc4MWo2dUJCOHIwQ0ZuOHo0Qk1HQXlYX1dLdE1BaHAyQjB6b0ZVaFVRN2dpTkw0TzFMRGoxekl2aWU1WDh6WjZNSWRIUEQwMWxzVlE5S0E0R0h0bkRIZ25YWVJqcmFHZ2hUUEhfTmJBWFdMVEJyeFlXT18waW9TYVdZRXNqVDBGaTgyWEFNZk5fbFV3Z3U1YVJySnc?oc=5,Al Jazeera,en,COVID oil price,covid19_pandemic,relevant,0,3,1,0,0
2021-04-29,Providing Context for Recent Increases in Gasoline Prices - Bureau of Labor Statistics (.gov),https://news.google.com/rss/articles/CBMilgFBVV95cUxNeXl1VEctYlRXVEtpb3RfODd2TTJCazFOeWJibUZHWUdua0hacmQxU1A2NkNLSnJES3B6V0dWNkVXalJsQVVjYnlCMTZrZzA3clgxQ19qNHAwSURmNmFHOVRjS1NFSVRjVm1qWHdtZHhJbC1WVEk2YkFaRFBOWGtyYkxsSjFPSVhNQXI5elN4bXM3c3ZGelE?oc=5,Bureau of Labor Statistics (.gov),en,COVID gasoline price,covid19_pandemic,relevant,0,0,0,0,1
2021-05-03,India COVID surge pushes oil prices down further - Al Jazeera,https://news.google.com/rss/articles/CBMilgFBVV95cUxNU2tsQ1ZDekhrS1Q0ZElIeTg3Tmx2djAyZklad1liTTRYQzJtbmtRektLTnVoUmNndFh3NWlkUVNnSVFMVU5UMldVSWl5bTRDdXRpQ1ZEMXhzVU9CTmlQMkFQMlJEX0EtUlRrblNXQVZLa1JpLW8zenRxRnY3TENhMEFDOGgyaWZ0Mlh3TUVPb3RVUXI5SUHSAZsBQVVfeXFMTzVPLXhPNlVkNXphaHlfLVVpMkdDLUZmZkt4b2xXQmlfaVR0ODVldXkxN0l3ZTFlLVhQU0xCdERpQkNmVE1BeHROTC1US0pRUHVneEw1b2h3czdDVXRGWWduaGV6NXpCTmFfamt3a0tlM3hBR0tFMTNXbGl4WG1nRDQtR1ZMOTJtSXY5R0tXWXF5U2tkSW03STlycnc?oc=5,Al Jazeera,en,COVID oil price,covid19_pandemic,relevant,0,3,1,0,0
2021-05-04,The oil market outlook: a speedy recovery - World Bank Blogs,https://news.google.com/rss/articles/CBMif0FVX3lxTFA1T1hyRkV5WVU3bUtmTXZnN0hwV2RTdF9XNXQ3RVc2RzlYbjhvY2xUSk44UHpua2Fwd3RnTGpaQnIwMzdYVVJfcUoyTXJaVm1yaHdxVi1DUS1EenBsVVFkRzhxQm9hUU9kSzJtSzlxWXlrYXBHenc5TmdxOWRxQ1k?oc=5,World Bank Blogs,en,COVID oil price,covid19_pandemic,relevant,0,0,0,0,1
2021-05-12,What to expect from Kansas City gas prices as national average hits highest in years - Kansas City Star,https://news.google.com/rss/articles/CBMia0FVX3lxTFBFOU1DRVNQWVNreTA1MkZLZlV3djBPN29BU291bDBXOTBSMlJNVWtHVTBzdDAyaVQzUGZlS0FpUlJlNkkta1M1bnIzTlI3R1lsaFV4bjhOMVZSYWZ3azZ0RUhwc0JnR2V4Zjlz0gFrQVVfeXFMUEZlb0JBa1N2a3hCa2ZOWHpmQ2dOWWVaLXktLVpqMkEzLXB4akNoM1plVFA4Y3JPQXo2NjJZV1YtaWdsREVCQXJPSXpSblMzdEN6RkZ2S3dIOFVoajNRSFVBSnF5dFo4aDBJZGc?oc=5,Kansas City Star,en,COVID gasoline price,covid19_pandemic,relevant,0,0,0,0,1
2021-05-13,Oil prices jump as major U.S. fuel pipeline restarts but COVID concerns cap gains - Reuters,https://news.google.com/rss/articles/CBMirgFBVV95cUxPVGZoandUcXBBbzBhUVRPbElYSnlPcmhmRzBwRTlMczVzS3BJU19oeHVhczQ1MlFHTHRfTXdDT1drdEt3X19VcURDLTQyMXFTdXpLclEwRWlDT0hTVHVVNi04TVNUVUc0V2NFOTVSX3lmTTVtcUd3Q3R1aUgzZjVRX2JWeW5ncFpHTUpzQ29sM1EzU3UweThxeGVkSi1OQ09IZDkxZWtmMUpjbUxuZHc?oc=5,Reuters,en,COVID oil price,covid19_pandemic,relevant,0,0,0,0,1
2021-06-03,The Future of Oil – IMF F&D - International Monetary Fund | IMF,https://news.google.com/rss/articles/CBMilgFBVV95cUxPaGhYcjV0cWF6SUV4Mk0tMDJyRXdnZGlPOUFSY1c1NU1jd0hrWFJQNnVjbEJZSlJKX3JSNDk4dko4azhHVERQdURqemg2N3I0Ti13T09NTEgyeGxrMklzdkFiOFYxTkxDMVhOVEJhU3RLSklEdjZycGdPbHNGTENSZXdwc2RjZzM3VWs4TlE1Nlhwbjd6VEE?oc=5,International Monetary Fund | IMF,en,pandemic oil demand,covid19_pandemic,relevant,2,2,1,0,0
2021-06-11,World oil demand ‘will rebound to pre-Covid levels by end of 2022’ - The Guardian,https://news.google.com/rss/articles/CBMihwFBVV95cUxOSVYzcEVucWM3aXN4ZG1DWXVidmhKa05SblFCZGtmLUlQSjVRbnUwc0hxRzl1LWlGMk44UV9Uc3F5WjZWWlBUVWp2RWkwY0FhdGE4a0dSbWdIeTlHMVJoUmtwSGlraktWZVVURWw2aFdGVVBfcUprUVc1aWpXMEtZQmtmeURZb0U?oc=5,The Guardian,en,pandemic oil demand,covid19_pandemic,relevant,2,2,1,0,0
2021-06-24,U.S. oil demand may drive crude inventories to historical lows - World Oil,https://news.google.com/rss/articles/CBMipAFBVV95cUxPOTZrdkFEdmh2TTliV21XWDVQaGx5R1V5a0JCaC01WkdlNzVvYm9fYk03ckJ5SHUzRHpSbnM5MURCSXJYQVJWY3VrRHZmRTVxWnFNOFFERjlIQ3ltdGdac1hiQnNUUjFXVE1JeUNWY0lHYWllclNLZjhKWFMtR0gyRUZYbTFqQV9NUkFYcDNnMDd0WmhjMVZ2anJMbTQ4SnA2cHFLRg?oc=5,World Oil,en,pandemic oil demand,covid19_pandemic,relevant,2,2,1,0,0
2021-07-12,Oil prices slip as economic fears offset tightening crude supplies - Reuters,https://news.google.com/rss/articles/CBMiowFBVV95cUxQVUtRZmtPR0hDeFBzN3BLa0NDLWFpWkxpSEwtLUMycmJuVi1YYnJHaTJROFJBVXlUbkZhTXR6Z09aSFBIZUJwYUpSQm1TN1l2R245TmdYWEZuSTNnaW1RVlJEQWM3NzlOSjQ3REVLLTlVZ0lYbkhPSHhqamRTS2ZaSmVtOXFRWUpoVnhUamwyUTkzMUhUQlFoeEt3Qk9YV3REbW5z?oc=5,Reuters,en,COVID oil price,covid19_pandemic,relevant,0,0,0,0,1
2021-07-19,"Olive Oil Consumption Holds Steady as Production Slips, Latest Data Shows - Olive Oil Times",https://news.google.com/rss/articles/CBMitAFBVV95cUxPeUdhUHl4MllqbVRZMWJjbWhqYTBMOUI3U1B6LWp1cERfNFEzeFdGcDQ3cjJXdWhYdHlySWNpa19CT2NsZUoxMm80MTBNbVFyYm9DQjVfQzN2T3ZHSDdEZWJpbHBsWXVtcVg4YkhoTUZXUVJESTd5Zkx5bVA3TDRlWlVmZVJudDB6MzZiN3dZa3ZRQVVxM3UtQnZQdU5CZndIbUhkbmtubjQzVkNlWVJEazlpUDU?oc=5,Olive Oil Times,en,pandemic oil demand,covid19_pandemic,irrelevant,2,2,1,0,0
2021-08-04,GCC Countries Back on Path to Economic Growth after Contraction Due to the Pandemic - World Bank Group,https://news.google.com/rss/articles/CBMi2gFBVV95cUxOa2U1QnhTbFBNZjJsc2plNHQ1WmM3NzYzSG9OWnk2WVBuUlNaMWRhNkNvd0ppZzB0MjZyQWRTYm5lY3Q5U1FqN0Q5QVVEeE91VXd3SnBZcUU4eFYtQ0FVSVhtOHFIeGtJSWdDb2JMZUh3WS1CcFFOMlpQcDYtM0dGSTNGdXlqRTJiTk9FT0phWUF3RXh3bFdJNnNHM2gwNDhZcEUwbXZpWTlnZzVtTkZRZTF2b2tmU0pWeTMtZzdPek9pSTRDUE1SQzZzNmpGT2hXQ3Y0U05yd3RzZw?oc=5,World Bank Group,en,pandemic oil demand,covid19_pandemic,relevant,2,2,1,0,0
2021-08-16,"As delta variant surges, Florida gasoline prices drop again — a trend likely to continue - Tallahassee Democrat",https://news.google.com/rss/articles/CBMiwAFBVV95cUxOZnpHR0FTZ1FhZEFCTk54U2lIWU01bk9kYjBaUFRPZGNFME1XaGFPOWN1UFJ4ckxBalU4ekJDMWp0ZlFyUHdvNDlCRmEtX2JoMUowZVlwaFA2TC1Rb3cyV2k2bmxhWGhpNlpfcTZaWFpkTnNkZHU1T0hCMWFiQ29Rem1lN2gtRkpYTmxIbXJqcXU0Z0gwbDFFZ2xqY3BsaE5vdlA5ZGJkMzEtTGUwcGEzc2FBcXRrRHVlQXVfUF9QUFY?oc=5,Tallahassee Democrat,en,COVID gasoline price,covid19_pandemic,relevant,0,0,0,0,1
2021-08-27,OPEC+ expected to stick to output hike as oil prices bounce back - Al Jazeera,https://news.google.com/rss/articles/CBMiqwFBVV95cUxNSmVSazMtUHh6SXhKYVlySDVibXk2Y3d6TGxudFhkQnJxTk56VU1DSDBfcGxsSlZIN1M4Rnl0OG1FeTJFY29UMEVZemFfOXlSejZkWkg2WWl2a3lhMTZwR3g1dC1UaU93SG5CS0Mwdy1MSkkzQzlDQjJjd3pSNVNxSEVqc3FLV2IxR3JDUkRwZkwzZUNsRnotQlI0VjNndS1Jb1pka0dkXy0xS3PSAbABQVVfeXFMTlJ2cnhQX216NW5uYi1tdFZGVjRpT1NuaWJaYkgwLUJIcHdtZndpMUw3LUpKRUFyRUJDbWhxOEFINy1pUWtPYkZLLWtXXzRCRUE1OGhPVUtUejdNLUhCWnFKeS1kRk1yN2d5Ykh3WkdnSVNtcldwc1ljZkRwQXJlenV1dWdpVDI2RWhvWU1Tc3NXa2lBTDcxeTE1SlZmdkR6akZ4TXFKOVF6dklKLW1vUHU?oc=5,Al Jazeera,en,pandemic oil demand,covid19_pandemic,relevant,2,2,1,0,0
2021-09-14,"Despite green talk, pre-COVID oil demand seen returning soon - Reuters",https://news.google.com/rss/articles/CBMisAFBVV95cUxQbTFLYTJWcXRjbzBvWUtoWEhPYkZXUXo2NnFRMzhZano1c3NhWGNlQ3NpMnJKMTNHM0J6SkVvVjhVYVdOV2FZU0gyU0lvNC1UWVAwYmZpODdIbEFPbDgzaTNaeWpUd0loUksxVGdoV0ZSekUxWFRuMTNSRGlKR19QYk5KTGIzcWdibEc1bHNiQzh0N0NhLWJEVnVfZ1gtd1Q2bVRIelZfeXFvNXBvOUoxeg?oc=5,Reuters,en,pandemic oil demand,covid19_pandemic,relevant,2,2,1,0,0
2021-09-28,Pandemic brings forward predictions for peak oil demand - Reuters,https://news.google.com/rss/articles/CBMipgFBVV95cUxNRGFJVkh0UDNReG1nNVpLS2IteEZCRFA1UW1hQ2hOa2ltQlNiSkhxRGJqZ1ZTaVkwZTZDdWNRQWNKYU9RUXpiTGtJM3JBNExZTW5LVU45LVZMenZuRFRJVUdacW9qTF81ZkpOSEcxSXNOQWtfMmhjLUpZSUp4SWY5ZG9LaUZ4N0taVlNVcHhSU29sYS1LNF80UkZrOTVhVDAyd2lBa0x3?oc=5,Reuters,en,pandemic oil demand,covid19_pandemic,relevant,5,5,1,0,0
2021-09-28,OPEC forecasts oil demand rebound before post-2035 plateau - Reuters,https://news.google.com/rss/articles/CBMirwFBVV95cUxQbWdPUVp0T251aVZUOFFIcUNyLU16czBEcWE2MVpKN3pPMllPbG9hSkctX0V5eUVoY0RhanNKQzVGMjdBR21IZGw3QUFxbEpkUW9yWGZISTVTZ0FiYVJqMUdWbzRTb3luUjFCdjlsWFpJSWxIT3hjUGJUajQ1RmI0VHhnM1F0VEpMV3F5Z1ZnR1pqLURpNmE1bE9iSVRvWU9lZXVQRDE4S0Z3V1NTR0pN?oc=5,Reuters,en,pandemic oil demand,covid19_pandemic,relevant,2,2,1,0,0
2021-10-04,Fossil fuel demand shakes off pandemic in blow to climate fight - Reuters,https://news.google.com/rss/articles/CBMirgFBVV95cUxNanFuUDllVzVHTDJYVzdIZi03LWNvWVcxRl9sb181RDNoeFZlcVY0dnNJQXdkSlVSeXRvSElJZWxoMUVpUnZadXc1UnFQbFE1T0pmVk9lRW5jVEs5cENHWlh4OE1EZFNMMkRGaG5mTVppR0Z3T25YWXpYODZ4cVhQNVdqeGR3OHJieDBROV9ZVDZUTVN5c1JPeWE5anpLX2ItSXBWYWVRNXhVTU9qeEE?oc=5,Reuters,en,pandemic oil demand,covid19_pandemic,relevant,2,2,1,0,0
2021-10-11,"COVID-19 drives gas, oil prices to their highest in 7 years - WTOP",https://news.google.com/rss/articles/CBMimAFBVV95cUxQV2htSlFhaGRLNEVQY0hITjdod3Y2NW1DT0FmOFNGS3VPT3p1NEZiZE9xaHhXTnZ2U011amZvRkZIbUliWHdORXdWVlUteTEyWkxMSy1TaEp3X09odTlrNGVPNk92SGZSel9BdkFMNkV3T0VNQTh4U0x2U28tWDBhTlVOemdtcndKamhTc2gydVFyNVBqWXVEeg?oc=5,WTOP,en,COVID oil price,covid19_pandemic,relevant,0,0,0,0,1
2021-10-13,Bay Area gasoline prices stay sky-high: COVID economy snapshot - The Mercury News,https://news.google.com/rss/articles/CBMiqAFBVV95cUxOMEdMWHlEWkwtZGJRMU5zN2RESUE0VzlTSGtVSUpKNmhLTFFOal9aUTRKUTltMVNqdzEyVmh4TTluS0VhS2lLdTdRd2FmWDNJV1Z0Y3g1bU90SGFmVDFqOGJ3ZGxmRFVPWEhzUHpSZldTeXhISWlFdktVN0ZvVXZpY2xJeHdRSXVxM0xUY2FJZ0QtS3hoanhKUlQ5dERsWFNob3JfbndOOU3SAa4BQVVfeXFMT2o0Z0FfYnpRbnJvVTB3c3F1QU82Z3VGMlh3VkRBYVUtTW1hRTVicW9rNEw2VUp6dnRTY3JUckJSUU5yRnFIbVFGbTBoNWpCNkVzbkdtM0Q5N3lBTzdlMXZxVjNvdGFoLUYtZWoteXVyX1QwNHl3OXU2Y0xfVFZDUDBQZDk2QVJJN0swWExPNU9rRzhrZjZTWlFvMGNPcElON3d2WkFHTnNzVlNMbndR?oc=5,The Mercury News,en,COVID gasoline price,covid19_pandemic,relevant,0,0,0,0,1
2021-10-14,"Energy crisis reignites demand for oil, threatening climate targets, says IEA - The Guardian",https://news.google.com/rss/articles/CBMizAFBVV95cUxPOWFRWDA2cXJPYmtKRnV5MkQtU2R1YzU3cUtfX0hzb3BfV19yRWZ4SWdFc014c2lHUWU0YTAtS3hERkhwSWI0el9ma3FQTDJCU1JYU1N1WEFjZUlsUVROcDNiZUN0MUlXc2dRa2tVVUZQeDZVX2FSNmdDNFNFVXRyV0JWV25CeFo3elZvNUNpWkQ5Y1VVb0pHV01jNnRUN1ozRGRIaVFTV3JEUEQ1T1lvQUdjWFF5ajBQNVRFbHRaWTJHNjliTmlscFd5dkc?oc=5,The Guardian,en,pandemic oil demand,covid19_pandemic,relevant,2,2,1,0,0
2021-10-18,Pandemic brings forward predictions for peak oil demand - Reuters,https://news.google.com/rss/articles/CBMipgFBVV95cUxQWERwUjM4OVJKMkdrVzN0NWgwZFJ2NjZaY2tsMHZVcHVNamxDM0lzb0VNeURRTmhwSzdXb3E5VVFpSjgtWWNmanoyYzRITVlBNm0zVVdQbW1uNW5NZVg1OGQ1aFUtZU9lMUd2eDJzQ3ozS1FmVEFBd1p6bHNIeHpQRHlDaWpVN3JKYkhwdXRtc2ZoTF9GdkRCendRcHd5LUUwNjE4dGtn?oc=5,Reuters,en,pandemic oil demand,covid19_pandemic,relevant,5,5,1,0,0
2021-10-19,Oil Prices Are Coming Back as Demand Rises (Published 2020) - The New York Times,https://news.google.com/rss/articles/CBMinwFBVV95cUxNdXdoXzZJSmtSc01MajFYSDNYaHVqVEtiU3BUQ3g0aVRvVXpiWTN2eHo3dktjTVdCOUttd0pYbFdUTEZJT3VGcncwUWdUeUNia0c5Z1VRcXYza3IzVHBXSFhaa2JsZm1TYlM4U0FiTWFMb1FNbl8wT0EwMXFwdl92dzY3SXlocmtBSW1ObFpyWXd4S1FtbnJ3a3B0SG1scXc?oc=5,The New York Times,en,COVID oil price,covid19_pandemic,relevant,0,4,1,0,0
2021-10-21,Commodity Markets Outlook October 2021 - World Bank Group,https://news.google.com/rss/articles/CBMiywFBVV95cUxOZkZQYUtycUIxNU1EZUoydDZ4NGdXQThWcVo4SkFhNUZ1ZG9TclQ2S20ydTZPb0tuaGkybjAyd2lnbnNXSXZ1eHI3NEdGQzluVF9ScTFfZVFZSFZ6UkhHNGFYWlY3T0I2WUZCY052WE50bWo4ajI5NER0SlNsODNYN2E3RDR2NjlERlR4QVJvV1dKVUc5RGxvWDJTY05aWVBBcVliODd4bkg3UkxYUDhVSmZIR25BNzkxMmVRc2dGQVhBSVJIcFFlVmxQUQ?oc=5,World Bank Group,en,pandemic oil demand,covid19_pandemic,relevant,2,2,1,0,0
2021-10-29,"West Texas crude oil will likely trade above $80 per barrel through the end of the year, energy analysts say - Houston Public Media",https://news.google.com/rss/articles/CBMijwJBVV95cUxQUl90QWpHZXhCX1NEN0JySmNuSlBYaV9uTGZFUy14S1lpTVByNnF5ZXV0VjZtRExWamJhMEVKUy1VWUpnRHR5M2VVZnByY3JYVzdBUDBodGJSN1p5M2FHRGhiMFlRNkpkLUR4aG1yUk9nYUpaNm9kUXBjT0RQWF80RzVud3M3d2RqOGZ5NEdGVmtZbkZMMkdRLUV5U2xYUHFWVFJkMGlhcVdYWVItTGN2a0FVV0RaUkdXQk9Nd1VPS0VXQnFndEMtYmdVYXVjX19zeE1mblREVmJZcUtscFNrMDhPd1pzRWtOTjNGNmpnMjNBekFFWFg0OURoenNlVG1MWFdWMU9TbHVZd253bDdN0gGXAkFVX3lxTE5JS0ZJMHoyUkc5eHQzSmJ5WGVDbHp0ZEQ1cmNmVVd3eFdGbTFmNkU3dkp5VFhidzcwYkgtWklhaGVmeWlmTzJNZHlhNmdRRy1xWWVyUXdOVlVORXA2a2Y4NWNHbVVOdmxndUgyOTdBYW1peG1hRE53dUx4U2NGZ3o3aTRYdFZ5NXZ5Y1hOSThFZmU2azgzSGQ2ZDVDWmhnNWZNWWtiNUJSQmxjRV9XOVg3NHQwMF8xVnJwYXZnMVlaal9ZVHZUNXlJZFVGcGVLNjRsaDVzMEJDYmM5WnJIempQVEZSLTlMazNzVmRRSlk1RnZXZjBKT0EzVHVpTk0xT210cHVWU0d1QkthNGM5WXB1YTU0QzlIRQ?oc=5,Houston Public Media,en,pandemic oil demand,covid19_pandemic,relevant,2,2,1,0,0
2021-11-09,"Crude oil demand returns faster than supply, increasing prices and reducing inventories - American Journal of Transportation",https://news.google.com/rss/articles/CBMisgFBVV95cUxPbnpQZHRSNEd4YTJQNm93QXhuOUNKNGgwTkozRFlpUmdJQ294TzFYbWpBVTljaVRVVHM1Rmh5ekFEenR2bnk1Qk5kMVlsUjdXdjh4cWxiQ0pkdWJYUzBFakJVSHVxTmcyOU1RdlNLTW9DX1BDaTJXVGdhUk0wc1NKZVRsZVEyUjhzQzU4N29iMFpxamUyRHFTZkU1MXZwVnhMdjVOQTBvUzA2TU12bkY2RDl3?oc=5,American Journal of Transportation,en,pandemic oil demand,covid19_pandemic,relevant,2,2,1,0,0
2021-11-18,Column: Don't blame politicians for California's sky-high gas prices. Blame COVID-19 - Los Angeles Times,https://news.google.com/rss/articles/CBMimwFBVV95cUxOdUhPTE91UXVPWUhzeHlKd1UtWTlPc3hfRGpMT0FZQzJMNE1PYXVxOGJYVmFXTGduNEhobmZjTVlqeXpFWFJrMTREUkVMbFVzZHpvbFpfWjR4cUtwV0NVOFl4Y3N0cmxBYklYbldQZE1NUjllRG11NEpxaVY1NTRtUU5IdVU0ejUtRDNoRVR2RklVSmxqSzVDOFFVRQ?oc=5,Los Angeles Times,en,COVID gasoline price,covid19_pandemic,relevant,0,0,0,0,1
2021-11-22,Why Gas Prices Are So High in California (Published 2021) - The New York Times,https://news.google.com/rss/articles/CBMickFVX3lxTE1mTUx3WEEwa2g1Z3dTbGlWZ2wtUGYzNGl0WGhVMHJqaDJmODVkcm5ldEhhbmpGQ2M3b1ZfOEdSX1ZMTlliMHVielo4aXotSEdjbks5SnpsRXVSZUlHNndMaVoxTFV1YlZiZDFRdVFFS1JQQQ?oc=5,The New York Times,en,COVID gasoline price,covid19_pandemic,relevant,0,0,0,0,1
2021-11-24,"The EU contributed to its own energy crisis, but diversification can solve it - Atlantic Council",https://news.google.com/rss/articles/CBMixwFBVV95cUxONkVubC1xSWd4bW16UnRPMDltMDUxQnBwMVVVMzZxc2pYNlpoYm9MLU9UZlBBRHVtVGVITVFjOWRwQ2w2dnlfcG91R2tSTWJrWGU0RHg2aVNvOW5WZE5RSXcxTkFIRGFBTmQwWDZFaE0zYWtDdUticTNIRUxfYzNjVWM2MS1GdGNNQjQ5VDZlNnFZbEJYWHpuTXFyemJONHVZbjlmUXNJN19IazRIN2NEQXQyMFROdU9TTVNWeHBuaXNyaTNPR01z?oc=5,Atlantic Council,en,Europe energy crisis oil,russia_ukraine_war,relevant,0,0,0,0,1
2021-11-26,Oil price drops 10% in biggest one-day fall since early days of pandemic - The Guardian,https://news.google.com/rss/articles/CBMipAFBVV95cUxORFBwb0xONnNUZU51S2FuZUJweF9XdHd1N0E4N1RYRkxRNFlRMnZVZEx5RDdpa2Njd1NRekFLUkNadTZZM0pFb3BvOGFOMHFvZWVVNENGaE1qYjZ4dWlFOHZQUmFOZUZkaDg0d0Q2SjV3bVROUW5mSXZWdFdvcGFZYnQtUjlRMnlJUHQ1Wmd4QzlZLXhHVE85eGZndGtrUnJvR1A1Mg?oc=5,The Guardian,en,COVID oil price,covid19_pandemic,relevant,2,-7,0,1,0
2021-12-01,"Oil may hit $150 and a surge could 'definitely escalate an inflation scare,' says Jefferies - CNBC",https://news.google.com/rss/articles/CBMiowFBVV95cUxPRld4LUtCOW1ybVVFczFGcU0yeFhWcTNXa1o1cmxRRWtDeFlFdFdIQ1dydEx6MGtfeUdUa2hpdFNfVkhndkpodEdsWWlyM1R4NmJHR3hqMDlPRlhnS0FjcGZ3U1VLX0JwYlZLamZ0YzRKc0xIenFCVWF6MXpfY19FWVM1bDRBbE1hcFdNZkxOQi1STlNUdzVsU1BBWl95OEVDNnFz0gGoAUFVX3lxTFBHem9jXzgwbXFfNjgyUzYyd1NwV2d0Vm1rVk1kQllCNWZyVHRSeEZIT2ZjVjJmRUJSZ1lUWDZrT1N0NDZsdEhuT05PZkpzdlB1SlFSRWhOVTB2TW5TRzBIOTFVNURCdDdfeldiMWplYTM1dlotT2lEUDB2QW9wUWVvYmZpZ2w3a3Z1OHBOMmU5UjhCTHVHdnRsZ1ZsVHVzMkVfY0NWdHl5cg?oc=5,CNBC,en,COVID oil price,covid19_pandemic,relevant,0,3,1,0,0
2021-12-06,Gas Prices Retreat on Fears of COVID-19 Resurgence - AAA Newsroom,https://news.google.com/rss/articles/CBMijAFBVV95cUxQUVdjT3BpSC1sb1d4U3kzT25OVnlQSW5qdG9YNzdfX2kzNW1TcXdTVTNIZ0ZGS01feTlHa2pmZDhOVU51WkpLYlpZbEliN1czOXlDVG5KVTVIQV9PaE5UVHhMSVd1RGc4U2xPOXkzRDRtVGhDN1FUNGE4Y3ZqcVdlM3R3bHk1QzFYYUFwUw?oc=5,AAA Newsroom,en,COVID oil price,covid19_pandemic,relevant,0,3,1,0,0
2021-12-08,"JP Morgan Predicts The End Of Covid, A Strong Economy, And $125 Oil - Crude Oil Prices Today | OilPrice.com",https://news.google.com/rss/articles/CBMisgFBVV95cUxPT1laRDk2c0M5RjRvd05RZVJ4b0xtT3JvdmJwOWNQa01KbmprTDdiTlAzeDBuQ1RsaGlHc2lwSEZQbW5hNnB1ZnI5elNsODl1MU1mTlpsenRTV09VbzFWR0RPckNxZmtheTh0SmZub1VEQnRoS0NsMHZuQ2p1aUV2NTNPV2hJcUd1cV9lYzJJN1JMZ0NlVWhmelVDYmxyUGdDV0xuUDdrMGZvbFlKT25VUlRn0gG3AUFVX3lxTE5VN3A4bVlxRWU3SnVYMWpKdXhPTUVBbnJPV1dzNllpaFV4MVhkS1FXcHppNVowbVpPbkVhLVExR2lpaHJDVGRWV3JWaHZQbFF0ZDNtMUZpdVZ5cGlFSHBUbnBoUnllUXFpbGR0a1F4ZGhKallFMFRqMnpXZjhkU0luV2hCRWs3eUJUT1dFUks2eXFvdEs2V3JGRXlzTDkxQUhidWpEem9Ba0liM2hXdmdiaVltdndrVQ?oc=5,Crude Oil Prices Today | OilPrice.com,en,COVID oil price,covid19_pandemic,relevant,0,0,0,0,1
2021-12-09,"Gasoline costs more these days, but price spikes have a long history and happen for a host of reasons - Pew Research Center",https://news.google.com/rss/articles/CBMi5wFBVV95cUxPdGNLejdkdDRNUTlnSlZQS21PNUpJa3NSVmh6SHhRMXVLemFHc1kxejk5NWNiMXdtaVJ4cXExbnhjMkQ0MWlhQ0p5ZEZxRFpycmJfbDlDcFhhTFZYTGZvbWl5YzNaUGFZcUlqQjZjVTZPV19jMlljYWxCQ0lSeFpfVmJHUVpyeWFsWGVCQXFEVnlEbUU1c1V0T2RScU45WllSVlUwVE8yd2NnUTZvZnBQZi1OWW5sem55OUNPWUkyc0J5a2UtMXJkdDdpM2F1bFFKWHRVNE5qbEpMMkF5Ty1kcDhmRkNITjA?oc=5,Pew Research Center,en,COVID gasoline price,covid19_pandemic,relevant,0,0,0,0,1
2021-12-15,U.S. wholesale fuel prices rise above pre-COVID-19 levels - USDA (.gov),https://news.google.com/rss/articles/CBMihwFBVV95cUxQcnkwdUNobmM4VnN4Ym5LUnlWTkl0MkxWeWRReVlTTnN0cXFVemZGLVUyaFAwWnRvcjhpa3hWSm5JM0tUQ0N6M1BlaVlvaWExdHktYk1QRFZoNjlfMnFfTXVoZkhqb2JpcmQ2QTFRV0g0MjA2Z25WazJFdUdpTVNZT2hjb0xycGc?oc=5,USDA (.gov),en,COVID gasoline price,covid19_pandemic,relevant,0,2,1,0,0
2021-12-20,Why are gas prices dropping? The answer may surprise you - Montgomery Advertiser,https://news.google.com/rss/articles/CBMi_gFBVV95cUxPd3NJaENjenA2YlQtNmtoMDRHNWZ6VGxLM05Cb3AzRHRDQWZXeEtSdjdGNmhCR3JHeGNBM1RrbVVkN2RhS2xxVmZFeVlzVDJLN2c0N3M1X1hVTnVXckhZcTFsVjR5UkQ2NnhXS1E4d2JfZXcyRVFFdHY3T2VVc1YwZTdGc2VCOVFCME1kU2JaSjNKYS1FNGlVUUdwNlJybnBJM1FJb3BXLXRScjJyTHpmbVV5emxfWkFTUFg1VXZtT3g4eDdGNWtZYTFnOHdPOWhCYW8zczBvSzJZYkRHMmdyYnNtZWZvQVZYbTJpZmdCSHp5NXFnV2M1RUk2T3R2Zw?oc=5,Montgomery Advertiser,en,COVID oil price,covid19_pandemic,relevant,0,-1,0,1,0
2021-12-22,Global oil's comeback year presages more strength in 2022 - Reuters,https://news.google.com/rss/articles/CBMirgFBVV95cUxNNk1vYXhyNU1HVVRxUnNROW5ZeDUwd2FoWjY2NDE5eXdYX2dleldpanhGQ1RBTGVzOHY1WWZHWC1odG93OEJpQ2dKbmR6b2w4Sms2RXVQNlF3TGVncURmS0xPOHMzdEZYZ19TcXhhN3hUU1RRZm05bkZEZGx2Zl91QVkxN2Z1N0dXX0xkaEpzOXIwVWswSkFmQy1sS3FYd2RSU2cxVHd0T3kwR1EzTHc?oc=5,Reuters,en,pandemic oil demand,covid19_pandemic,relevant,2,2,1,0,0
2022-01-24,Saudi Aramco Says Oil Demand’s Nearing Pre-Pandemic Levels - Bloomberg.com,https://news.google.com/rss/articles/CBMirgFBVV95cUxQZEZPZ1dZQ21kcTM4NFJJd0ZQc3Z1aE9US2ttc1RNREh4UnlNUGFkdHljLUJmTzFqOHBQN1hwU05RSzU4M24tUXNSY3o5VEE1bDVFeUJwQVo0c21jNTRlVGc0cWdFWENDZEFtNEN5UkNyRGJoM3R3Zzg2S1ZFVGhnbkROOUtIRXh4TlRNcHNDY3Q0M0laUC1JQ0FqT1YzdWR0NVVwckVmbUtyc0Q5dnc?oc=5,Bloomberg.com,en,pandemic oil demand,covid19_pandemic,relevant,2,2,1,0,0
2022-01-26,"If Russia invades, sanction its oil and gas - Brookings",https://news.google.com/rss/articles/CBMihAFBVV95cUxQZVg2VHMwNXBNalV3RzljQW9RTVRxWlZGX0JLNEVGNk41MG9xUjNhVGI0UVBPcVE5ZXlVdGxPVnpHNjZXSUVlbDg2Q2dMMWs5QTN2SVBzMnRUVUhGelVnWFBUc1hxajdvTzFPM2hBOWNJRjU3WHhwc19WdXBMVnNvZ1otMkM?oc=5,Brookings,en,Russia sanctions oil,russia_ukraine_war,relevant,2,2,1,0,0
2022-01-31,Oil Market Cannot Afford to Lose Russian Supplies - CSIS | Center for Strategic and International Studies,https://news.google.com/rss/articles/CBMiggFBVV95cUxOVEVhSXc3X0dGZmtlbnY1aEM5QTJvS3FocFRFQWYyeEF5VFBWN2t5NzFCYTF4SF9USXh3R0JSMzRtaXBfOFpKSHlwcFFQLUpsWGxMaVdmOU4zclFwTUlOOFg5M1JFYlY0TEYyTjRPTE5BZTZqcW9XZVNvbmZ3X05WeXRR?oc=5,CSIS | Center for Strategic and International Studies,en,Russia sanctions oil,russia_ukraine_war,relevant,2,2,1,0,0
2022-02-01,Don’t Blame Putin for Europe’s Energy Crisis - Foreign Policy,https://news.google.com/rss/articles/CBMilgFBVV95cUxOb0RHaGpGU0dIR1JRR0Q5WHp2d3ltckFlNnZNcVA0VFU5ckYxRC12U1lEblNxcXdjcGMtWDBzX29QT3lvSkZGVWJmbEhxVGxDWDNoLThTZ09XM3J2VzB4eEFRQWVkcC13d2tSWFBSa1BBMEZyUlc3OUlLUlhWQnNIb3EwVDNUcklRZGlpcXUxZ0ZzTWRMY1E?oc=5,Foreign Policy,en,Europe energy crisis oil,russia_ukraine_war,relevant,0,0,0,0,1
2022-02-02,Oil bankruptcies plunged in 2021 with pandemic recovery - Houston Chronicle,https://news.google.com/rss/articles/CBMitwFBVV95cUxQYlV1MVVSVks3SUcybHpfOHFwaW5salpEMDNYQjYyeE9Va1djQ3ZzSUNTZ2ZlVmVFdFRHQUhmbjRfQno3ZEEtRTdFZTh1a18xTWhlLWVlTVFZbzNQa3VpemFhYlNoaERfano3a1h2dEExdExrVEVOTS15UndmVkN0M0swOC0zY09YeVNWLUo2bXNwaWxVaW9oUmtJeDV1RlNjbmIxdnNLWDQxMEFJUlpmV1RlcXFWM2s?oc=5,Houston Chronicle,en,pandemic oil demand,covid19_pandemic,relevant,2,2,1,0,0
2022-02-04,"Oil to hit $100 on strong demand, Russia-Ukraine crisis -strategists - Reuters",https://news.google.com/rss/articles/CBMirAFBVV95cUxQbkZCNHVGNFlqcWJiV3JBbFFwYzFtVlJCQXBlVHZFWXIzVVRPakFjVDFvdUZ5bVRHUTZndzNRVWR1VTVWR0NYYmlQdE5xNlc3eTZhS0FOcU5UNmdNSTZvOXZodVBVTy05ZExsTjRUZnQyR2FlVDFZWkJsTWE3eHIySWpxSjhlSUxvTFM0aE1jaXNTMlhqX0k0MkZ4c0lUem1nWHZ2Z2ZBRFRZb0hP?oc=5,Reuters,en,Russia Ukraine war oil price,russia_ukraine_war,relevant,3,3,1,0,0
2022-02-04,"Russia-Ukraine crisis: When oil prices climb, Putin gets bolder - Al Jazeera",https://news.google.com/rss/articles/CBMipwFBVV95cUxNTWk3Qnh1a0xJd2ZXSnZjaFhZREFLamdlNWMyazhybEd4TjV4Tmxid3cwUmR6OEs4dGJEajdwY1dGaGV3dTNDMkZmTVJYM05QOUJzcU1HZnBUQjJXbVpGMFQ2SlRRZm95MVVHTWZYa2ZOOUl6dGlUUWZOMU9wcUd0aXAxMG81STBvbVRrZXo1MzhPTmlBX0xpa0w5ZmNGVDFBQTBla1Nxb9IBrAFBVV95cUxQZjdPQTQwMWVoSFNScTNBNERxUnBCQkJLejAyaXVURjItaEd1RDZDWmdxSER5SnM1cjVOWWtUNDBuWHZWU3FfSHNMYXpHVm1wQVRfa3d6aVRUemplcURBd01CRGxUM1FlOGNfRzhzYk9PaFF0QnZKSVo5eFZiek1oTmJZZW80SGJSbTBPcDRTa0RWZWZEa3Z1Vkp5VHBpemJlZzBRRDNMaGR3Sk41?oc=5,Al Jazeera,en,Ukraine war crude oil,russia_ukraine_war,relevant,3,3,1,0,0
2022-02-10,How high will oil prices go in 2022? - GIS Reports,https://news.google.com/rss/articles/CBMiYEFVX3lxTE1OSmV4TjRGTHgyVG9mb19OQlc2Z1N0eXhWOHhESTBYTEFIVkNBWWN2d3lqazlTYjNidy1BWkNjNDJkVTh5el9IMzE5dm5qbnlJRFhVU25GS0lxZ0Y2SWVfbg?oc=5,GIS Reports,en,COVID oil price,covid19_pandemic,relevant,0,0,0,0,1
2022-02-10,Energy prices and costs in Europe - energy.ec.europa.eu,https://news.google.com/rss/articles/CBMihgFBVV95cUxQMHlWbDh3OU5wWFVqS09TUWNpbVNUMHhXNFZQaDJnSXRYbWh6ZzFDZTZLY084V25KQWo0ekJTcnNrenBacjJBeXNWemZ2bklONW9NVFhnZHpPcTRDVWVMU194aDRDYUFndE5VeWZXRzFNOGNteWdZSWhObWJwZGY4cFNRYlowdw?oc=5,energy.ec.europa.eu,en,Europe energy crisis oil,russia_ukraine_war,relevant,0,0,0,0,1
2022-02-12,How Russia hooked Europe on its oil and gas – and overcame US efforts to prevent energy dependence on Moscow - The Conversation,https://news.google.com/rss/articles/CBMi2AFBVV95cUxQcERjNV81OFAxS3BBd2wtQTllRlpGcEcza2pJeHoyQzktNEVPSS1LNlJnY0hYRGxMQVVmYTNGZzd3dTBrN1RDWE84a0x0dHZaNS0wcGFKVTBfM2F0cU9lZUFfWXhaWXJLbHcwR0FQWTIxY1VHZkc1b2YwZ1NUTG1VdWhsLXFUVXpsVllJTnJNbGpCWVRCaVBYcFUxcWtjcTVyX0djVm9zckhUTUxjcnZwQ2dTNTg3Q1E2VGdEOGZNSGhDR2Y2czV6alM3Um1qYzRlMXJha2ZvaHY?oc=5,The Conversation,en,Russia sanctions oil,russia_ukraine_war,relevant,2,2,1,0,0
2022-02-14,Why Russian Invasion Peril Is Driving Oil Prices Near $100 - WSJ,https://news.google.com/rss/articles/CBMirgFBVV95cUxNM1lybVZFR2xUdk1Hd1ZNZlhUUU4xZEVHekVlVEZNbU1ZMDZDczFESWNSZjhLbWtYclpueXNPT0JkNXYzS2pQbU0yejhFaHNVZy12TDhuck5nMGxpMUw1NzFCbkcyNkZfdGoybHJhUlRVanZ2WGM2M3pFM25XamdIQzRUeFV5TGpuSXNiVmFwa1BobVZQNkgzQ2JlTWFJcXRFNk0tMXR4c0R0ZjBtc0E?oc=5,WSJ,en,Russia Ukraine war oil price,russia_ukraine_war,relevant,6,6,1,0,0
2022-02-15,Russian gas threat in Europe - Reuters,https://news.google.com/rss/articles/CBMickFVX3lxTE5oMS0yWE5HQ0U2bDVDZDU2N0htQkZadEkxWU9yV0Z2SFNQWUlhSzNjcV9HMVh0SUxXRHpqcEtITGZqQ1VTb1h4bl9WZU91bHF1OUtXRVBHWmxvTWU3bGZDeVRiMXctRF9Lc2JwT3F0MG9Zdw?oc=5,Reuters,en,Europe energy crisis oil,russia_ukraine_war,relevant,0,0,0,0,1
2022-02-16,Why do oil prices matter to the global economy? An expert explains - The World Economic Forum,https://news.google.com/rss/articles/CBMinAFBVV95cUxQLWs2cGFmVE9IbDkwLTRMaS1RWmN3VFVRbjZRaE5ST2xDTVZyV01YYUtGLXEybUxjd0V6QWUtenFDOER1eXZ4STRQSUJhdDJZSWh2ZmpDNTBnS2RoVy12cWpLRGswTDg4dGROQzRremJHVmdXUTh0TGNCcEx6MGE2aElvdlpyazRQc3A5ZWtQLWdTbXI1SVhteUhxOFI?oc=5,The World Economic Forum,en,pandemic oil demand,covid19_pandemic,relevant,2,2,1,0,0
2022-02-22,Ukraine-Russia tensions: Oil surges on supply fears - BBC,https://news.google.com/rss/articles/CBMiVEFVX3lxTFA0Z1JwWnBKZGxKZFNYM1I3TVhOaFY4UUVQc2ZxbmtfUGs0eHZBd3g3bmNocEFlM3hKZFd3QkJBMXRxMjJONGk4dXVuZW5lRlQ5OEFSbg?oc=5,BBC,en,Russia Ukraine war oil price,russia_ukraine_war,relevant,3,6,1,0,0
2022-02-22,Russia-Ukraine crisis sends oil prices soaring as South Africans face record fuel prices - The Mail & Guardian,https://news.google.com/rss/articles/CBMixAFBVV95cUxPeHpLSzd1RXdhMEs1V0NvQV9hNHNxSG10cFhIQjZtM3lneHhNVUU0MW5TUHpjWC16NWpkcDJLaG1COW9sYkVYZ3RVWEtzd3JucklyRW1KOVNscEtlLXFkSmxpOFRCc3VfZmJjNW12WmxtZEpuRWZYWk9UWlFUTFBCemxmaEJTRzdYZjVkWHMzcnRVamI3RHpUQTZMTUo5MVl6SE44R0lKVFFBbThZR3c3M3o0MHdYblNkUjZaTjVFNEVmVHlW?oc=5,The Mail & Guardian,en,Russia Ukraine war oil price,russia_ukraine_war,relevant,3,3,1,0,0
2022-02-22,Oil Prices Approach $100 a Barrel on Threat of Russia-Ukraine War - WSJ,https://news.google.com/rss/articles/CBMiogFBVV95cUxQRG1SZDNFYjFPMjVKa2RnQWpnVHp1YXdVWGNKZk1TS3d2ZEYzeXN4dGFIZkk5bTBiOVR5MkVFYTBzdWNSQ3JQeGtIVzJENEtiMURDeVhSSlR3d3Y2US1Gd0lERXFyTkZmLWRwVUFuRlFNWjRfUERDczg4anNhWEJ0dGxnMDJidFRVdXZiQXUwY0pQZ2tVR1U1X2dVT2ptbTNkVXc?oc=5,WSJ,en,Ukraine war crude oil,russia_ukraine_war,relevant,3,3,1,0,0
2022-02-22,Russian oil sells at deep discount on Ukraine crisis - Al Jazeera,https://news.google.com/rss/articles/CBMinAFBVV95cUxPc0tWVEwzQnFleWd6c1Z6NXBFYzZUVTh3dkZkZ0luaVZkVlM5VHZXa1VacFhiSlBWUnBYQk1lOTZMbE5fT2tWb05ncDB6YTBRamhTamUwZGJyX2ZzVkJqbGVGOTNuQlpMeVppWGRUbjE5M2t4UE9IbEVpbDZhY2g2ZERVdzhiMV9STFFJXzd0NWVWNXNMWnJMeVJvdjnSAaIBQVVfeXFMTzlQcE1JYkQ4U2NfMzk1QmJZVWRwSUppM1hXaVZTekw5ZUVETWY1ZU1IbUpHTnhGcGx5aUtWWk5UVlN5MEp3cGVIVHNCN1htWW1XalZVS21ySlNfN1VWZjlpOGE4c1FBQjNqUXBmeThTVnkxenBOcnZtSmt1b1YtRF9HUHZ4ZmQyVi1SZ0JhT0x4TVNyQmFIM3hLUWtvV29yRVVn?oc=5,Al Jazeera,en,Ukraine war crude oil,russia_ukraine_war,relevant,3,3,1,0,0
2022-02-23,"Oil surges above $100 for the first time since 2014, before paring gains - CNBC",https://news.google.com/rss/articles/CBMikwFBVV95cUxQNjI4ZUtaSDRxTmhMeTk2dHkyc09wMktMZ2JQNWtZUzF6c00xcWdkY1pTbnhjSnNEWkY1OU1YRU14UE4tdzBTdG9zdE5MdzQ1bWRNXzRROFdRbHpwWDUzRDUyN2lyVlpyREU1aUtUNjItaks4c2JNQ3NMd1pZamo5dV9zeC15ZDdCNE5nUTlPZUkyaG_SAZgBQVVfeXFMUGhRYWJvbjZwc1BkWGhDNWY4YW52ZjNHTzBjdWV2NUJCX0pOQnVLWVlKRFVWWFgzLTdDMWJzbXp6UVFwdXZuX2hKYWZRNE14Y1ZVN1R2R1U5TGtJY1o0SEZhd3JlUGNsVkl2Y25vemRkelZDemI4NEpmNTNQSVdITE5yYmpQTUxseWZZdVpmV0ZiR0pMenJSNlM?oc=5,CNBC,en,Russia Ukraine war oil price,russia_ukraine_war,relevant,3,6,1,0,0
2022-02-23,War in Ukraine Expected to Trigger Higher Fuel Prices - VOA - Voice of America English News,https://news.google.com/rss/articles/CBMimAFBVV95cUxOMUhNamwwZUc1OEFEZ1dNYjhvODFDOHJHdFFiQ3pPQ0FGbkVneTRWNFEyVDF0X3dJVXpYZnU5OEctbV9XY0poMjRzdUpUN04yZ0xReTQ5UzR4SlZHeE5UVzVRUGpmT0xFaDNkVWotVzF4bVRmd2tXYzQ3U1FYbE9tOUxVYVhwd0p5cS1mUktXdFNSalg0ZS03UdIBmwFBVV95cUxQTThkZW95LTNRQVNPeFlvbVEwWjZBREtGZUlwOHhYXzcydC1VMmV3MWFLVWwzTEtsTGkyRGdTRmxMTGxhR1JSUGlQMVRxQXBRNkFGZmVFWG4za1ZJTGZ1akFaRVEzLTlZMUtJc0ZJZE1DUnNkYktFbXJCM0dBeUxiVGFqQkcydWhMMGhELXBmWkNvUDI3czdlbXJ0UQ?oc=5,VOA - Voice of America English News,en,Russia Ukraine war oil price,russia_ukraine_war,relevant,3,5,1,0,0
2022-02-23,Oil prices are surging toward $100 a barrel. Here’s what that means for you - Houston Public Media,https://news.google.com/rss/articles/CBMi8AFBVV95cUxQenZtelowbXJpYlc1WlRQc0ZfS2N2dm9sRVhCMnpIYjk4ZnVmTG5HU1l6ZTRFOVRxOUN4TEZNU0FsdlpJSEtXdVVFTUNCamZmQ3pTZ0wtMXI0RHkzMVlxcWdRTXVPWXgzRVUyU2JoYzlEaFB3TWs5VFZPZmY5ZkM2OGFtTWxUZ1pDODNXa1NmT1RoTnFYOHU2MlhBTFFrNFpHeHc4eFhWWkctaUlsTHNRUk9XSmVyQWhVSFU4Y3E5bFp2VndGa3o1Tm51eUM3b0s5YUNzdzcwNzQxaVVsZXFGNklUam1OWlRXbGMzeEpPSWvSAfgBQVVfeXFMTVdqNU9sVUJRZkdLQXpKVTJiMGM2X3ZrTC1pVS1ONGVRLUxLTC14OG9IQ0Riczc3a2JGYnBwTEJxTTNsSTBPQkhqUTU0SVJsVjFWcHhtb0ZBYkxDVEJzbzVsZGFERk5qNlRxSUtGdVhzNHp1dWxLUHFxZ0pUUHZLa2NnUWE2RjVqd0o5WXBoSjNBb0U1RlU0d2UyX3FDb0RqTW9Od1JOSG11R01wbEY5NzNZWkJnOHdIM1l2TWNGaXcwSFFhXzY2ZjZoMmFtREhaRGxGRnhHb3hXTHNaSjlGcVFQNEk0dXBhSGExV3NqSEYtUWtWdHBwMnU?oc=5,Houston Public Media,en,Russia Ukraine war oil price,russia_ukraine_war,relevant,3,3,1,0,0
2022-02-23,Petrol prices hit new high amid Ukraine tensions - BBC,https://news.google.com/rss/articles/CBMiVEFVX3lxTE1oMkZqdWdMN0lBc21lQ3lWenJaT1F0c240d3VBOGVtU1IyX2Fqb1d3clI5RU9ub01MalZyWGNRUGJBZ2haN29EaVlSRG5oVllMOVlvLQ?oc=5,BBC,en,Russia Ukraine war oil price,russia_ukraine_war,relevant,3,3,1,0,0
2022-02-23,What Does Russia’s Invasion of Ukraine Mean for the U.S. Economy? (Published 2022) - The New York Times,https://news.google.com/rss/articles/CBMikwFBVV95cUxQdWtTODJRN3Q2RDdsOEtzcUxicF9yOE9KRTZISUh2b09LS0hsVkMtd2FEZkR4MXdONkZyenNMakc5TTZ5U1M3TGFsVTFkZTBNanJaMXZCYkpiYzItamRKU1QzYi1COFg0QXZpUklqV1RTaTdsMHVnQ0lHdHFBclA3V0NVM19hdDA4RjcyN3RDSXRxeTA?oc=5,The New York Times,en,Russia Ukraine war oil price,russia_ukraine_war,relevant,6,6,1,0,0
2022-02-24,Oil's journey from worthless in the pandemic to $100 a barrel - Reuters,https://news.google.com/rss/articles/CBMimgFBVV95cUxQbXdPcWV5TDRKb2tWbmFidlNreFZYY25Jdy01RV92Sk1sRGNGY3Y4ZUR1c0tBcGNCX2pYamVYYmFWSVRIUWpDbVk5eXZJRi1kWGphOVZMalRldFlDSGR4c3RLazFlSlFNTXRTczdaNGpsdjZkVTBkbmJIbTJmQ3FIb0ZQdlNWOHZxTVgzTDc1TEVmbDNrMlhfUUlR?oc=5,Reuters,en,pandemic oil demand,covid19_pandemic,relevant,2,2,1,0,0
2022-02-24,"E.U. will unveil a strategy to break free from Russian gas, after decades of dependence - The Washington Post",https://news.google.com/rss/articles/CBMiqwFBVV95cUxOeE1zT01YSVdXeHZ2T0VVMk1TX284STAxTVBqak8wNzFheDdmdHJybDg3OFZfeE1IOXVWVVRzMmZDZG5XaFU3X3FBYUlGLUNzTF8wREV4V1NoQk40NC1hT2Y5RkxnNmVQQUJ2VUljZGcwdjlIWGJvaUd0UWNMUmxHY3JRT3pYWDE2OXA2VDNBZEduaFB5RG1ZOUtydkxldGR2YkxXQTMwMVhxWTQ?oc=5,The Washington Post,en,Europe energy crisis oil,russia_ukraine_war,relevant,0,0,0,0,1
2022-02-24,Oil Prices Surge Above $100 a Barrel After Russia Invades Ukraine - WSJ,https://news.google.com/rss/articles/CBMi6AFBVV95cUxQSUhGeVRnakViSlUwS0dmYTZPTjljOU44Z3FEaUJHUktOV1pBQ0FoT01LRnp1NF8zcVNfQ2pWNm1nalktNTVIN2E5V2NOLW1keXQtY2Q4dWxwcDJZLTRrREZIYjFiZ1RsQ2VnLS03dHJDNlJNNGNLRllDRHJ2U0RaSVBRS2ZieVBfN21GcjBfVEtrUUtYc2lvY3h2RjVUcjd2cTVMenJObnY0ZEUwanpDM0RGQzU1RDhTYnNSNXhiSzdHdUhVTDE2S19aQWp5UDFCa25Hb2JwQmpQU29lWE5TNlN2X2ZCM05r?oc=5,WSJ,en,Russia Ukraine war oil price,russia_ukraine_war,relevant,3,6,1,0,0
2022-02-24,Oil surges past $100 a barrel after Russia invades Ukraine - Houston Public Media,https://news.google.com/rss/articles/CBMi3AFBVV95cUxOa2k5Rk9lYnF4RjVfYzY4cjhqZGZ4VWF4OUZiZ19iMDB3OXpWYTJ4aU55UkNjWGNucFBZQUN0cktHLU9Ga19Gd3ZsQ0tQdXZrdHJCZG5YVkk4UFR4M0s3VFpMaC04MzRBcVdnSlBhWEh3X05KdUFka0tRUzQ5TjgxMVY0M1BTNTAzc29WVVhTbGNsU3RfV2o5SzhEUzBuNmNpQnB2MHNjdDRDeXd2MHZLRTlWamNGcXh5OVhreVdCeDhrNHlkbGM2RjJOZEM4S1plVnYydi1uSHdSX0dh0gHkAUFVX3lxTFA3cm11Z3hhVHpES3ltMXk2T21OSk9LZHNaWTNmUEt6eHREN0t4Qk5QZlYxakNwUGpaMVI1NVFaRTI0VW1Jb09NbnE2Sm1IRE5DOE9QcFN6UlhqVkJKTVFuWkIwa3VqQWl5OVFIQ2lFeTIzNzlQQ2dlVmpYYjA2V3FFMW1mOUczdUU1NHIzbThFNy1PRmxUY2hJSUR2d3BKUUtmaE4wZDdxeFlmWV9vU2JNWjc1Q0xqZVhGNTBRSEczdGQ0X1FXYkRKQk9HaW5ieFdTQkxESVFyT191ODdTdkJYdEYzZw?oc=5,Houston Public Media,en,Russia Ukraine war oil price,russia_ukraine_war,relevant,3,6,1,0,0
2022-02-24,Stocks swing and oil prices soar after Russia attacks Ukraine - CBS News,https://news.google.com/rss/articles/CBMihAFBVV95cUxOaHljSkMzQmZUa0Z0a1RiSXM4bU9qem1FcGZSUEp5eDV6b003Q2l0OGlDMDRNWl9qbXBRTUR2TzExVTNGaWF3Z2JJTjMzS3h4LUFpREg3YmRhbEY3UDBCUXU5a3oxOHNHV3FFZWxScDBSSFJhN2YwZGpSOXk2cXJrbTNsUUPSAYoBQVVfeXFMUC1xTWJrNjkxb2lIdmRKMjczV2I0Y2xXOFk0TzlkSm1UaGtlamxHX2YyVVEwWUpoTTJJcl9PVFVOWmtWUUdDODFsckhlWUMwcFpGQlBfUlpCWXJTVWtRNHpkZ2YzNnFXRzJFODNvUEVLZjE1TnM3dk5MTGFLS2RZMlBLcTZzd0ZaM0tR?oc=5,CBS News,en,Russia Ukraine war oil price,russia_ukraine_war,relevant,3,3,1,0,0
2022-02-24,How the Russia Ukraine conflict impacts gas and food prices in the US - cbs8.com,https://news.google.com/rss/articles/CBMiygFBVV95cUxOUGdRb0lTSUdTYmtTNWlhMk1DTlhDTnBvRExKSThFc1p4VkVXRmVueHZIcWM1Z01Ca2pJVmZZa2k2VW1udVg4RTZaX1lIVEFubmdDSVZ0WFdycE9uVXJkR25ocVB5UWFYNmpENF9YcUtnYndsZDNpa2FPaHQ0dFdnaTI1X09iblVPN2djQ0VvX2xhd29LWXVBMzVkMUt1Zk1PdWgyQjdSOFl6clAzNktZSGh2UEM5NXNyYmpvZjkxeG0zQXI3ZDhIbjZR?oc=5,cbs8.com,en,Russia Ukraine war oil price,russia_ukraine_war,relevant,6,6,1,0,0
2022-02-24,Oil Market and Russian Supply – Russian supplies to global energy markets – Analysis - IEA – International Energy Agency,https://news.google.com/rss/articles/CBMiowFBVV95cUxPQ293d083ZUFmbVVEWmVtNmJwUVpUbEtFRS1UQ0ZlY2dhaGZGQ1JIa3lET0d3X2Y0SVdwV3Z0UVdjQlZRMEw1S2xyMTM3bEJndlU3d3FBNHRGamY4OUVoZ3Vib3JJN2pRSzZuaEFOMUlqbmgxWkJiS3l5N3V6T0NiUElreGd3dWwtSFJRYnZvNVBsTEJxNDRSVlJ5bkNwR05YRl9N?oc=5,IEA – International Energy Agency,en,Russia sanctions oil,russia_ukraine_war,relevant,2,2,1,0,0
2022-02-24,Russia’s invasion of Ukraine is driving up oil prices. That’s good for Texas oil and gas companies – and bad for consumers - Houston Public Media,https://news.google.com/rss/articles/CBMirAJBVV95cUxQZVlJUlgxd1Jsa3RLYndET0FzcGR6NTRyV0xDeEY0OVFMZ1hLMmU4ZzhJdHJTalhPNjRoOXpUcURySHllSjBybWpZR1pXeWpxOWpER1QtMlFVZmwzblh1eG8yMGNmOHl1YTEtX3FvNlM1bGN6UzZISTYyWnBaZThXMUtLM2lTS2JkbmtPQnRScFVGZDJKeFRpTkRUc3ZUTW9xVnJydzExdk1EMlNydk5WeVRoSUtpemZ3WHNIVjZENWozMnBlXzhITUVNU3B3cXRXVTR1MzBNd1U4aV9ad0tmTXI5b2l6U19tcUdaU2lxVUZxcHd0WDdLM3hLVXFrRWNEZkdLMk9XSV9ZdXQ5cVh1UUNrdFFzWlVpYm1DUjRzOENIbFU2SHBscGxrd0zSAbQCQVVfeXFMUEh3dnAyX294NVU1WDFYaEo4SGhRVGxBd0YxS01tZXFqYVdmZ2dCVE1VWWpIVjRyRXJSQlluWWtWLXQ1Z1NNZlo1ZmFjNDB4ZDl5S0R6R25JVXB4V2dHY1N0SC11TllNbkkxZVBXdWlyVmM3TGZfZGFPa2U2VUFlTXVsbk5OR016MnJGRGw0TUxoTW5vUjhGazRCbmxSVS04THVOMzRfR0MxQTBvaTlib0pnWUFsYzB6YnF3aWtZdXIzempIYk1YQnVjSFRKVWVoZXc3R2tfbmpHR1FqNVRleGcxQlRpUnFVV294MkptTi1vT2k4aHdfU2Z6VWZwUGFUQ0RILUI2YWlIWm1vQnVkYWVNd202cXRCcFUzWGlJT3I4SjZ3cWY1djhLVTQ4WFFjVW9vZUk?oc=5,Houston Public Media,en,Russia sanctions oil,russia_ukraine_war,relevant,5,5,1,0,0
2022-02-24,Oil tops $105/bbl after Russia attacks Ukraine - Reuters,https://news.google.com/rss/articles/CBMiqwFBVV95cUxOb3JIZ2V5SFlUcVhjQ0JkWHNqSFE0aTY3NGhyX0hMMkxRLXpRWFVXNERSTHNRTGRNVVhraFBmNHlfMWZNX3k1MUtvTnJvNHZZWEhKZkp4UkR5RmF4eVBCZVRBNzUxTXRjNGlkcGRzVWhfcVBnX1pCN0NjeHJWVWItT3dVTnYyT0p6ZVBjTmRaeWRnUjBsdnVZOWZ2SEhobDdWRTBPb0JmdXBtTDQ?oc=5,Reuters,en,Ukraine war crude oil,russia_ukraine_war,relevant,3,3,1,0,0
2022-02-24,Oil hits seven-year high but shares rebound on Russian war - BBC,https://news.google.com/rss/articles/CBMiVEFVX3lxTFBMR0F0cF9Tb2tCNVJ5U2luY0VTLXk2cmJkQlhpQjVKal9ZOUkzZm55N1FQdkRSbzJydF9sWXAyeVVuTkYyNC1lUmVsRlNxRnYzUk5hUw?oc=5,BBC,en,Ukraine war crude oil,russia_ukraine_war,relevant,3,3,1,0,0
2022-02-24,Russia invades Ukraine: What’s next for energy oil prices? - Al Jazeera,https://news.google.com/rss/articles/CBMiowFBVV95cUxQbzdZTFVkTnZLS0JqS2dLUVN5TTJ6eXItaE5rd2VUZGVCMzA5UmlXb0pYVHo0M2Rfazl0YmpSa1h1d0hGcUdsQW1DZFJFaGRVUFM3RjQ1Z256VnBqTEFlNXZ1dXhDcURLSm9UY1VaR1BZbEh2U1dEVEFVX2FkWDJ3Vl84S1lpMnNnc2djdUFFenZfdGIxd0UzTUlzdnBocWVMU05R0gGoAUFVX3lxTFBDX3NTaXU3QUVUQzVGX3NVaHNRLWhGZXU5MTZhVmc3dFlRa1REZ2d2aGVJNHMyUVROSEM2eXFxdnF1LXJGXzFjTHluWC1jaVpLTkVaTnp5Qkc2aEQ2dGlNUVIwNG9KZjBoXzBtTlgwRDVIVjJwd2dEWlJtS2pneG12VDYtSmRBZnctRGJIdGVCbmJjQ2xXa2ZuZngzY2JzOHRRTVZ5Y1NFSw?oc=5,Al Jazeera,en,Ukraine war crude oil,russia_ukraine_war,relevant,3,3,1,0,0
2022-02-24,The Graphic Truth: Oil prices surge over Ukraine war - GZERO Media,https://news.google.com/rss/articles/CBMihAFBVV95cUxQU1h1YnlHYUNyLUVFU3pTeWNNY3ROZ3kzSUNZdGdBd3h1OE9JZWdES28wck9FMUM2VU02NFJsUW9UaFRyTUlPNmpET0t6OUhLbExUdExOQWJYOFZBakNyYmxicDJGLXBOVWN1YzMxbG9WZndlV0lGNWNFUjRBY201UjdNY1PSAZgBQVVfeXFMUDdBSS1tT2M2MkZmM0lNQkZWeVNLdm9oVnJjMkkzMWFZall6OFhjLTJ4ZUhXeHNaZ0J6WDN0QnFMb3BZMFZRTUpvWExwOF9KeGlKZXlDWmlPd3JESm9NWWxBa2JBMk1Hd3I3MENhV21JaXF5RmhTQVBQZkR4b25wNDBCNVpDNlpld2w1NGFEbDRwN0t6blpDRlc?oc=5,GZERO Media,en,Ukraine war crude oil,russia_ukraine_war,relevant,3,6,1,0,0
2022-02-25,Oil prices dip after soaring on Russia's invasion of Ukraine - Reuters,https://news.google.com/rss/articles/CBMivAFBVV95cUxOczZ0eGM5WTA1RWdIaWNHZnhPUU1ZSUQtWjI0cGs5Z3RnU3F1ZGROX2N6N21vdUVudE9YYmhhUGlaZGRMTVEwY1N0SXRGc1pTVFpNYm5ENDhSRV9Jcm1GOHZMUGdUeGc1TE9JR202eFpOenFLN1NaR0x5R0laT3RiNTF2YzBCTXpYVHFCenpzOE5PczVVOV9kUEw3YXZ1akVjYVUybkJYeWJEa1p4dnpmQjFxb1ZJeDRzUTZmbA?oc=5,Reuters,en,Russia Ukraine war oil price,russia_ukraine_war,relevant,6,6,1,0,0
2022-02-25,Ukraine and the Mirage of Energy Independence (Published 2022) - The New York Times,https://news.google.com/rss/articles/CBMif0FVX3lxTE1iLTJkOTJwQ0VuSkZTVkUwQWtVc3dwNnZKNWl4U3Z1TjR4aDhOd0JLajFkQTg5NElDTHpLcC1YRDN5NHVOajZEVUtKOVVHVUxIeE9GRFE3eVRZVVJrV3A4VmxRTXJybTBrLUsybGR2OVpzZ0tWLUhBemgzU0pBeGM?oc=5,The New York Times,en,Russia Ukraine war oil price,russia_ukraine_war,relevant,3,3,1,0,0
2022-02-25,Why Biden is going easy on Russia's energy industry - Politico,https://news.google.com/rss/articles/CBMihwFBVV95cUxPX1BVRnVKZWs3cUtqblh3ZWdyMUQyd3V4QjB4SEtrMm1pWEZGcGlPQkRNaUVHYXJuSTlEZnRDRXBELXM3UE1PdVgzeWpqX05wclFDTVpxZ1YzRkEwOGUyTkgyRS13QjNaRlhZMTlYcHNBVlJVRGFoVnFJdEtVUkdyOWVhOFFtdVU?oc=5,Politico,en,Russia sanctions oil,russia_ukraine_war,relevant,2,2,1,0,0
2022-02-27,US fossil fuel industry leaps on Russia’s invasion of Ukraine to argue for more drilling - The Guardian,https://news.google.com/rss/articles/CBMimAFBVV95cUxNX3A0TU5qaTlPS3RXd1dKelpSTVdpWWRJMlN6QlRDVWtxeXZPNko2RmlvVXkycUpRMUdPRmJEZVcwNDFRVXRnY0NxX3JOeGRLbDYwUmNkRkJ3NWdHT0N2Zll5cVVBMzlsbjRzMVozcnRQV3B4aFRHQkFQMWphVS10Wk0wS1hWRnFpbThkRGlXRkFFemNJY0NaUw?oc=5,The Guardian,en,Ukraine war crude oil,russia_ukraine_war,relevant,6,6,1,0,0
2022-02-28,Europe at war: 6 charts showing the impact on financial markets - The World Economic Forum,https://news.google.com/rss/articles/CBMimgFBVV95cUxQdHJFVExKRl95azV4RU90R3lNbTB4d2cxMTl0QUdRMzdjaVZ0NnduR3JHVWJMbmhtOTFheGpKVzgyX0dqN08xRFN6Ri13NFRwVzMtdl9CZkVMcjUzd1lwcENFUmZuRzA4V0Vuam90U1d5YkxiMzlqRXV2RVRxdXlCMFNlT2NUWDZvakFWTWFUTFYtNzNzSkp1NHJ3?oc=5,The World Economic Forum,en,Russia Ukraine war oil price,russia_ukraine_war,relevant,3,3,1,0,0
2022-02-28,Putin Just Pushed the World Into an Even Bigger Energy Crisis - Foreign Policy,https://news.google.com/rss/articles/CBMilgFBVV95cUxNMzlyb0FtNVdKcllnUFdhMVVTV1RIRkg3dEdEVGVrS1dMUWU1WjBtS29CUDBCWDFXai0wNEJ4X3lMSC0xdzNfRU5rT0lLSzZpaHlnWGltZ3pTaUREUm91bmlxMTFWVWV1LVpuTEpySjR6RW5QcjU0blJ4SG96Qi1GXzNzdk93VWpUNVRFLTRQbzhJOVo0YWc?oc=5,Foreign Policy,en,Russia Ukraine war oil price,russia_ukraine_war,relevant,3,3,1,0,0
2022-02-28,Oil settles higher on Russian supply disruption - Reuters,https://news.google.com/rss/articles/CBMipgFBVV95cUxQZ1dIWkJEMjlqMUdzMmFxb29HWUtvMlEyWHVwZHZCLWVQQ0piZ2F6bGZhbHVSU1NfVUk1ZzBoT19tYi0xQ1h0WGZZNGN2N2tIbVRaSl91NzJfRk1mOGQ5bkpjZWVPLUJqYTVORng1RWhFZjhrb3Vob3FFUC15WFIxYTRhenFfTXFGR3RVT29ELWU1ZWRPZXp1elZpdTRtUi1ITXJTWHdR?oc=5,Reuters,en,Russia sanctions oil,russia_ukraine_war,relevant,5,7,1,0,0
2022-02-28,Canada to ban imports of crude oil from Russia - BBC,https://news.google.com/rss/articles/CBMiVEFVX3lxTE9Gd1YxQTBsTDVYLW1PTWo1dEpJS0xlR3gtUTlqbXRZRm12UXZKU2RMaTdmcG4tdVEyVUUzcU84ZHZadldXSjJ2U2tJRW1tbk83c0dhNA?oc=5,BBC,en,Russia sanctions oil,russia_ukraine_war,relevant,2,2,1,0,0
2022-03-01,Oil prices surge above $100 a barrel as war on Ukraine rages - PBS,https://news.google.com/rss/articles/CBMinAFBVV95cUxNako0SW9fYVNxUlR0LTQ4RFNoNmtOZEZpdXJjemR6WVVpOGNkU1F0VWxNSTAtUFhKaTFsV1hJckpfdXNUaUU2ZUZValQwV2REdE51dTRUbnZJVVBBUzg2SHlLbEV2bVhOOHg5X1pibUZVMTlSTEpZQl91eEo1UzlaN0lDT3VvaHEyMVZ5Q2FNay13OEt4a3JmdnZ4TXrSAaIBQVVfeXFMTnU3SlhVM3lObzVTLUdvaUxQMnVfZWxZRFdCVjlVd3hHdGstdjd4ZFNoZVhSODIzMnhMMENEUUpKZUpTdFNkaGNBV3hMdUdSSXZmTkxWX0d4MXZfLXF2WFQxa0ZzZDYxZWJFcnFUT09GR0hSeV9nN3Mzd3JocDBmaXhRRnJpbDRYYVlmVkg0YVphMUZSbERmVmx5TVFackR3MEl3?oc=5,PBS,en,Russia Ukraine war oil price,russia_ukraine_war,relevant,3,6,1,0,0
2022-03-01,Countries rush to release emergency reserves as oil prices soar. (Published 2022) - The New York Times,https://news.google.com/rss/articles/CBMidkFVX3lxTE9VRUNqbFpYMkZ1Q3ZnNjhDXzRDLWZxd1JPdUZ4MlM1cHlyQWpoTTc3ei1QRzRzLURlZlhXbHF4MFhSNDlSanV5aFhkNjFJYWJWcTg4bVB1RzJ0VUtuX0lrSjltb29LYWRHMjN6VG8zd3NWME5hdXc?oc=5,The New York Times,en,Russia Ukraine war oil price,russia_ukraine_war,relevant,3,3,1,0,0
2022-03-01,Bain’s Macro Trends Group on the Russia-Ukraine War’s Oil and Gas Impact - Bain & Company,https://news.google.com/rss/articles/CBMiowFBVV95cUxOYmhISzRYQm53U0hmWlZpZ2JQVmk1dlpDbC14ZlVCT3FYeTQ4bThHMXZKenB5aHdISDBOU3JsZE5FYzBRcTEtTDZEeUt3Y1ZOVEhzaTFFRFpsc0QzdlBkem12U1lMdUZtZE9JVmdKWXN0amttNUdIdHRfbENWUGhNNU9BUjZ5cUsxZ1F4QWtuYllGbWptN0Z5alFfLUNGZDVNdEEw?oc=5,Bain & Company,en,Russia Ukraine war oil price,russia_ukraine_war,relevant,3,3,1,0,0
2022-03-01,Russian Oil and Western Sanctions Against the Ukraine Invasion - Tufts Now,https://news.google.com/rss/articles/CBMilgFBVV95cUxPTHRDeTAyT0FFNXhhWUdSX1pjUmZTT2hTc1g2NnVHYWdtYk9DZnBVOGxLTmVfNDZZVm1WT2h5M3VNR0dneHhQbENQY01HUlBZaTlORlFCaWo2UjMyaHBDUDBxdS1Ud3ZjSVdXYlhFWFhoUkkydGR4aF9kaE5xaEQyQXFVVjRjVUE1OTlpcW5wQXBTWW16TXc?oc=5,Tufts Now,en,Russia Ukraine war oil price,russia_ukraine_war,relevant,8,8,1,0,0
2022-03-01,Russian oil trade in disarray over sanctions as prices blast through $100/bbl - Reuters,https://news.google.com/rss/articles/CBMisAFBVV95cUxOaVZrcmNKU1lSUGhMM3V2SGZMQm9MTzNwcF91dENpX0JFN3dJN3JNVDlCSS1PTGJfY2lraTZzVng5OGpGamNJRGY4Xzl4ZGE2YW11dWdraXhlS2FncXU5U3F0blhtdVJKVVBNNW9oZzlqNXFFWkhfSEN6QkNOMUxZVmNuNVpoRTFtODJHZ01zN1dlTmZsSWhkOE9ISlJfUnZOVjRnRHhlTUJDZi0xZjdqdQ?oc=5,Reuters,en,Russia sanctions oil,russia_ukraine_war,relevant,2,2,1,0,0
2022-03-01,Oil prices surge over 7% as global crude reserve release disappoints - Reuters,https://news.google.com/rss/articles/CBMivAFBVV95cUxPbEpOem5SMXBPOVZsT2FlenV4MTlRZko1ZkQ3OEhVM2xqYVFwb01ucUcyRElCNUFIam96b1A3aVBWTnJ1WHhPVW5ZVHd5NTNOejJuMkhzeGJFRi1KTS1TWXdIODMwcG00SUxCdXdZVXRxb2FYdDZIVnFHcnVtbk1lTE1FaVhoMUNwOXB5QWlpYUhkTEtZWEIwUUVTUUYyVElRc0Y4aVZHOG9qV0xFbnpEenVYSXFxRmRRVVhlVQ?oc=5,Reuters,en,Ukraine war crude oil,russia_ukraine_war,relevant,3,4,1,0,0
2022-03-02,Environment minister rebukes claims Canadian oil and gas can fix Europe’s energy insecurity - Canada's National Observer,https://news.google.com/rss/articles/CBMivgFBVV95cUxPVG5ZdVdLMlRWWlBkeXNzd0MxVW1wRFJPSEZ6U1hFMkZNNERYZWdQN3dadVdVd2wxcDExUENJcEJRaXI0YWRfTWUxSlRHeDdKSHladGpYUVdNeUFtQmNmMEp4M2czdTExMkVMYzBQOF9BSHZ6eTVJNk9EcXM0RWVRMUxWOGU1SHpKQ1c2VGJIQXRSTDNWWmJjMEZUQV84Ymx1MlVGQXlnRE80QkRKWnR0cjBlM1AxWldvOHBDUFF3?oc=5,Canada's National Observer,en,Europe energy crisis oil,russia_ukraine_war,relevant,0,0,0,0,1
2022-03-02,Implications for Asia- Russia-Ukraine conflict - Eastspring Investments,https://news.google.com/rss/articles/CBMipgFBVV95cUxNRGlmMExhNFhRTExtUFpRZ2JPSUVFUVN1d2ZESEhmZl8xLVZod3E3cU9uTHBlVmVKSjhsMUtFOUhjZnlGc2VEQ1A2bWtGSnRXMEl1aW5iSERPcGJubUJsQ0tmU0RUVk9LSWw0d2hDX3FyTVBaOUdGcW83QVdMaWQ2QVBraV9tR1VQV0o3aHdXek5sdi1pX3VKTGRYN1hjTi1sdnlaSUJB?oc=5,Eastspring Investments,en,Russia Ukraine war oil price,russia_ukraine_war,relevant,6,6,1,0,0
2022-03-02,How Will the Ukraine-Russia War Impact Africa? Here's What to Know. - Global Citizen,https://news.google.com/rss/articles/CBMikwFBVV95cUxOM0Q0VmRiMy1ZdlhtSHV2cDNDdlpFbnAyMXRiM093WjFMaXpWWHd3aTdLejJJdkV5N1Nfc2JfZ0JlTU5IbDVaRUZoNFBzNHB0eHFudDFsY2xFZmxIMDdaLWI1MTdONlMtMzZ6SDdqc1NsVmpIXzJBVGgtb2kxT1pQbVljVE9xU2ZWaUVHR0l2cnVPYzA?oc=5,Global Citizen,en,Russia Ukraine war oil price,russia_ukraine_war,relevant,3,3,1,0,0
2022-03-02,How high could gas prices go as sanctions ratchet up on Russia? - PBS,https://news.google.com/rss/articles/CBMinAFBVV95cUxQTjBGLVIyblhYd0dDYzRxODVjWk5NR2dmM21aMUJrSlhyRmlyREJ2cnlKUkZuUUlZZVJoOHQ4VWduVDhvVDlNQXBHd18wRHYzdzAyVjVnSEQtWWhhQUdYRko4cjQ2MVltVDVreVNQSUZNZjVIMlh6YWdLOUc4VFd2bXJRV3RTY2R0a3pBTEVnUEJsOGREdl9TR3FCOGPSAaIBQVVfeXFMUEhybGMxeUlmZ0FqUHR3TmpjYXV4QnVOZ1NiVUd6LW9sY2JOSElGS0pJczYwVVVoNTNfanp0cFhhQnZYUHVqZW1fU3RIQWdoeERnRDJHYm5teTFuR2dUN19jS2FFenBYR2JNamVpSnZMM1B6UXF1a2NkRmNreHBXcHJpdTdPQUZYcUgyaVBYLU5uVVBYOEpzUTh6ZDN0X3VpeUNB?oc=5,PBS,en,Russia sanctions oil,russia_ukraine_war,relevant,2,2,1,0,0
2022-03-02,"Oil markets hit multiple records as Russia sanctions bite, disrupt trade flows - Reuters",https://news.google.com/rss/articles/CBMirwFBVV95cUxNOW11SGVndDkyaWpMLW5ScE91dDNVSzNVOFRMazBkcnpfdjRPMGJsNF9YMWxsSktyWVNtQ3NjaTI3eVpUaGVlUFJ5TEF0dEFFZ0RlYy1oN1NSOGstTXBNNjMtbk42ai1NZTZFcDlMUFN2Z3JFMTlWN0QxTW5qbHFSeDcyZU45TXBuM1ZFRGFGNWxsa3B0OXJrOFVXa29meXVLWFdEdndTS3FlR1ZJWjQ0?oc=5,Reuters,en,Russia sanctions oil,russia_ukraine_war,relevant,2,2,1,0,0
2022-03-02,Ukraine conflict: Oil hits $113 a barrel despite emergency measures - BBC,https://news.google.com/rss/articles/CBMiVEFVX3lxTFBNMEo5OTRGRGI3RDUyUnZBN0dJQzhWWlo1TkIwbEhjV3dLcTBsQ29mNldRWXBzMUZ0OGphQmZMZ2Y1T3Z3aER4bVFtQThUMFgyTWRWVw?oc=5,BBC,en,Ukraine war crude oil,russia_ukraine_war,relevant,6,6,1,0,0
2022-03-02,Oil Tops $110 as Russia’s War on Ukraine Shakes Global Crude Trade - WSJ,https://news.google.com/rss/articles/CBMirgFBVV95cUxNaVA5R1BNckZ3amVmNEdqNTNvbTcwOTNHcGRYSG5lWXRVNjVhWlBtWjZKRkdWdThvYVFCQkRYX2l6YXdvZlZycm1FYU53Nk5pRGNNZjRkWjlJUGJULTk0UUZjR0JnVThrbmJlS0xudmVpRmxLcFhBTl9UM0kxX0FFYWxTNlRSb3ZCenpub3hBT25NZHI4TFZPbVpsMVkyNmxCUUZHU0VySjdGMlpEM2c?oc=5,WSJ,en,Ukraine war crude oil,russia_ukraine_war,relevant,3,3,1,0,0
2022-03-02,"Ukraine war hits supply chain on oil, gas, cereals and CPG - Supply Chain Digital",https://news.google.com/rss/articles/CBMisAFBVV95cUxNOU1pYmc0ZkltRHVJMzFUZl9RSUdGVDQ2RWdWWGdxOTM5eVhkZlhFay0wRm1sYlp2QkVKRjcyNGJTWGxNaHdGVGJpZV9sVUNMQ3JFdGhlZDQyTEZ0MmtzTHVxQ3p1MHFBZk12d2FEcEtpbHVkTEZkSHYxR0tScHFPcFg3UkpfeTRYRzZqYVZTNDRUNDdnTmJRVzdLVk03M0k5cjNJM1F3X2ktRktZRUpfSg?oc=5,Supply Chain Digital,en,Ukraine war crude oil,russia_ukraine_war,relevant,3,3,1,0,0
2022-03-03,The Russia-Ukraine War has Turned Egypt's Food Crisis into an Existential Threat to the Economy - Middle East Institute,https://news.google.com/rss/articles/CBMipwFBVV95cUxQMHBtY3o0TGlwekpPWFE3QW53UEdrNFdqcFhtVDhqc2Q0UUNtYkVmNlBUbUFRVkJrU3BfUXE2bkNVRXV2XzBlYlBNYTcxYlVxSEJ1NjZEWGthbUlwbjlvdUdjN3ZueERCdFcyM2ZLdFc2M0NtemVxWXhJYnUyR0NKRTQybGd5Tll5ZEVmWWdQTDlXZ1Y0UVZydmdXNTludldVQXhUNzg2OA?oc=5,Middle East Institute,en,Russia Ukraine war oil price,russia_ukraine_war,relevant,5,5,1,0,0
2022-03-03,A Russian oil and gas embargo is in the cards. And analysts warn it will have huge consequences - CNBC,https://news.google.com/rss/articles/CBMiqgFBVV95cUxPczBpRDNvVUlMYUxnSXZNT0VETkx1LU9CbWJycHdHclFUWTU5c3JZYng4aFlZNndLY1R1YW9BaUZSZEhSLTRXWUotSndPTjZDcFh2aUlJaXFkVWVjVk14VXFabDktTlpRSjNXT2pSLTB5WWc3bW9vZFp5VXVYVWFlOTJ4TXpWQlRwejA1SDE2aU0xalBZQjh5NnhfanMtbHVZcG40N1RJUnlIUdIBrwFBVV95cUxPZ1B1eEVYc29HSk9WajU1elNaWnppeUJnQWRYdDVibWRnaDBUU0dHQk13Yi1HaFY5Y3l4OE5hMGplYXlfTUtWWEhDTnJ0VW1fV01ZTlMzbnlBVmY0d0Q2c3MwME5mU3hWQm11N1dONWJrZGlUVXpsTWl3bjBzUzRibTFmdFFaNk80WGhfemtTU1A1WjVVcUlXNnp6WUpaYkVIYVB0NlplOHZCa2dOZjNF?oc=5,CNBC,en,Russia sanctions oil,russia_ukraine_war,relevant,5,5,1,0,0
2022-03-03,How much oil does the US get from Russia? - Al Jazeera,https://news.google.com/rss/articles/CBMiiwFBVV95cUxOM0dpNzd6NGk1N3N1dFEyVERXcGs1YTIzLXZvQVV0c3R4RWk3VTYtMlB0R3UyaGxRYnlKOHZCejRfWDY2dnoyNzRBR0FkMmtaSGdJS2RnU19nek1POWVucWNtcVdpbGVDWlZuZDVQaXIxd2ZUT2F3MnA4aXM5TjZKdEI0WW5iYkhwd2NR0gGQAUFVX3lxTE4yNzZSbnVaTFVkMFhFbEh4bWJqN3lsbEZvdVBvd29mblpoM25RV0pCZTlDdnRjekdVVV8yTlJqNFNsZk84ZWRSN0xtWWxBczNqZFpXYi10Q3pRZjFkMk5ndzNrQXI0OFVDc2FrUXhsVThoTDh4blBRVnZ3MW0wSm9yNTZWMmlRdkh2MkhaUzJNVA?oc=5,Al Jazeera,en,Russia sanctions oil,russia_ukraine_war,relevant,2,2,1,0,0
2022-03-03,How the Ukraine-Russia conflict may push up prices for Americans - CNBC,https://news.google.com/rss/articles/CBMikgFBVV95cUxPZzE5aUpHS19VeWVUVC1yZkhHNlQ0SXY5TmlhMWdKTXloUk1JYzU3MUZQXy05SXBmZWZpNjFGdXhxTGRsVENRZnFOVExUM0tlcDFWbDItWTB5aGlCMkMzX0ZwWmstdVRKc2hsWTZJMU40enJKdlNVaTBQNlVHSDhyOFZhanFQM080S2ZZSTRPaHJJQdIBlwFBVV95cUxOa3V4cUpNVDc0eUluQ1JrMGZtVWRGUjlDNHZrLVYwNzlLdDNRMEg1OEIyelJHR0w2bzg1Y3pKV0lyRm9CTnU5MjF0UWJBSTh4ZlB1dGV1S0M1MmFqeEpubkVBckxRM1lzdkNsS1EtaHVTQ3dFLXAwQzFjU21odG9FVzlvTjdjdDlhODZ4M3JuTUFLNEFrdU8w?oc=5,CNBC,en,Ukraine war crude oil,russia_ukraine_war,relevant,6,6,1,0,0
2022-03-03,Massachusetts Gas Prices Soaring Due to Russian Invasion of Ukraine - NBC Boston,https://news.google.com/rss/articles/CBMiswFBVV95cUxNMVNDa1NzY3d6TG81QVBRNlFvdERpME9mYXVxMFU4OXItUTBqSHM0UkdZWjJJZUYxdUpMU3gxcVBoeTEza2lGSVRWQjkwTjdpX0FYUjV5NjhhbjlJMjBpSVRmRnRKalB1eGtiM1V2bzVLV1A5dnlRcWlYeXczaS05TU9GUjNtLV9LazRVZmJOZDRKWF9WYmNiekNIRllUNmdzQkliRGpJRTIyRm9yTk9LVVpGUdIBuwFBVV95cUxPckpWQXliOXB1Y0NFeW94Q3JDek9TbTRFSnp6UEVNZU9tRjF1UTBjR2tpaFNEOFJPMGNRa0hPWVJPWXU0NTVQLWFqT1Z0RjBORkZqNUtnbWxYNWlYRnFKdEIxWFFtTGREVjFpYzJlbkxqUUVnZ1dHcEZCUXlRT1R5aklUXzRrY0taMVh2MjJoZk5HSEhGSE1WOXBYbms5ck91SldvUE9VLWFNV1RycDNJbm9TcWFCVWdDUklJ?oc=5,NBC Boston,en,Ukraine war crude oil,russia_ukraine_war,relevant,6,6,1,0,0
2022-03-03,Ukraine: Is India headed for an oil price shock? - BBC,https://news.google.com/rss/articles/CBMiX0FVX3lxTE1lS1hCYk1JdXRHVUlzYVpPZkZkNVdJV0dSVWp2RmFIc3E0WlRGNnJkNzk0WTc4V0NPYmFzT0NTM1JXcXROaHRjVHZaOGRqcEpwQzFUdjA3SnZ2R3NrSUk4?oc=5,BBC,en,Ukraine war crude oil,russia_ukraine_war,relevant,3,3,1,0,0
2022-03-04,Will our energy use change after the pandemic and COP26? - Economics Observatory,https://news.google.com/rss/articles/CBMilwFBVV95cUxOUmZ6Y3ZpcnNnbEVGcl8tQk16d0dpSk50Vm1rMWFhRV9CTC1fM0tlNzVFOVNCTF8zMFk3WllPTDJaU0xNbktkSU5TU3plZlVRd3FjNkpYbE1ndDI4QW9SbVA1dFhXM0R2VUZmaThFbW5KZGh0MUtVUXdKeXd0eE1WakUxdnZEcnFteThpSG41d2l2Q1lTMVdv?oc=5,Economics Observatory,en,pandemic oil demand,covid19_pandemic,relevant,2,2,1,0,0
2022-03-04,How does the war in Ukraine affect oil prices? - The World Economic Forum,https://news.google.com/rss/articles/CBMijwFBVV95cUxQN0xxMEtRNFRZTTNZNjNiZlBRSlg1a3E4eXFyU2ROMmZBN3BpOHpFand2VDlXWmE2OWJvdW1TQThNUHRaclh3N1Q2MDFLLXFoTGRsRnV2VUJyZUp5eGh6N29TZ0Y5dmpvR0VlWTRnTEVEbVBRSVZjUnJabnlkdl82ZzhyeDlRbEJTUnZ0V0ROYw?oc=5,The World Economic Forum,en,Russia Ukraine war oil price,russia_ukraine_war,relevant,3,3,1,0,0
2022-03-04,Crude oil prices rise above $100 per barrel after Russia’s further invasion into Ukraine - U.S. Energy Information Administration (EIA) (.gov),https://news.google.com/rss/articles/CBMiY0FVX3lxTE1jS3NSOFN3TWk0dUVSZXJFLUJ4MGJMRkEwYWtEWlVSaE5OVXJMWllrTjV3UVFPa3hsb1E0U05SalJON1dDMXhyam5hcmRQQlRQaWc0dTVhR2JXVlhoRS1MVVJ4dw?oc=5,U.S. Energy Information Administration (EIA) (.gov),en,Russia Ukraine war oil price,russia_ukraine_war,relevant,6,8,1,0,0
2022-03-04,Regular gas prices in California exceed $5 a gallon for 1st time ever as Russian attacks on Ukraine continue - ABC7 Eyewitness News,https://news.google.com/rss/articles/CBMifEFVX3lxTFA3SFc4Mk1HTGpEdXFsVklrZXdIUXNqamtxRDhvN2JkODF5UWJwWjVqWFYzMmdYeHhhdmhDaUFNUUt3YU9jWVEzTFdlS3VINGF5SGxwLXBmREZBUFJVV1VOT19hYkY3ZWNtM0N6Z1NGQU1tbEMtQzlsN0lyS3LSAYIBQVVfeXFMTlpOc1ZHQXRxSnQwWi1jWUx2MWxhUmdtRnJqSjZfejlwMTBjbXVRdzZOZTQya3hKSEpNeEk1eGxWNFdjWGJYS3RVXzFreEk3TVBNdTl4SUFOMEd0bkhud2pRTzBHeGhWam9tNlI2Zy0yRDBrcXBzUU8xTndEdEt1RDNXUQ?oc=5,ABC7 Eyewitness News,en,Russia Ukraine war oil price,russia_ukraine_war,relevant,3,3,1,0,0
2022-03-04,How soaring oil prices caused by the Russian invasion will be felt in the Middle East - Middle East Eye,https://news.google.com/rss/articles/CBMimAFBVV95cUxNVElENlVRZXhsdmd0dDFkUjNibzhkeGNFMXVXYlZKdktxMHo2QVRNUGl2Zi1KTUlqR01uSW1tSUpScDhvM25xZ3llUnU0ZUxVZS0xdXU1MUNSTndFVTZhSG8ya015MUk3Zm9fam5Oci1iTGVhQU9uQm5KU2xiOVpSS01HS1EwaHplZEVLSG1OLTdSUE5JOFZpTQ?oc=5,Middle East Eye,en,Russia Ukraine war oil price,russia_ukraine_war,relevant,8,8,1,0,0
2022-03-04,How will the war in Ukraine affect Gulf oil producers? - Middle East Institute,https://news.google.com/rss/articles/CBMigAFBVV95cUxQb2E3ZUJWQ0NEeDdhN1dIdlk0bUp1ZDZldGJvVVlhOVIyRnRUdlZIbFM1NjFFRnJucjNNU0FGRGc3a1RCTDJqMW5rVVlGMk93OWxnbGstbTF0aWRCaHVLS3IweHZQb0NURmlYNUc4QThkNXp2cTV2TkdKYmNTcTBsVQ?oc=5,Middle East Institute,en,Ukraine war crude oil,russia_ukraine_war,relevant,5,5,1,0,0
2022-03-04,Oil surges to multi-year highs as Russian supply shortfall looms - Reuters,https://news.google.com/rss/articles/CBMitgFBVV95cUxPczFGRlVlXzRsczBIQXRlNkN6TENWeXJXYm9Qa3hJNDg4NTM3WlJ3Skp3NFhCV3ltdFFyOE5tM0FDVk5kOGh0V3BGclpqRk9ZOTZFUDZ3a0xXMjFmb3JkTXJRWkJtTFdtNHJGSEdkQlpSZDQ3NldBUG1ObE1Rd01nTGpjc2dMQUdteVVmUEctZjd6eU1ELThOSkRpTm5aeHVjSXpZMFBxS0hGcFZWdHNvemVQMU1QUQ?oc=5,Reuters,en,Ukraine war crude oil,russia_ukraine_war,relevant,3,3,1,0,0
2022-03-04,Saudi Arabia Hikes Oil Prices as Crude Surges on Ukraine War - Bloomberg.com,https://news.google.com/rss/articles/CBMiswFBVV95cUxNcjNGSUNmUFNRbmxhZ2xXajhmVGl4WUo1VERpNGRjQ091OUVtS25MYkJYRUMxeGF1VlJCX0xvMlpIXzBScjNGSDJhMV8xbnIwZGEwTmZqRlV6VENXTU1UYS10X01EZ3J0RTNZQ3NiS25ieHFlN216QldzLTllRnprWFJySXdPY2FyTkFhdGRSSUdjSUJSWjZTUlNsWlRONTF3Z3pxUkV0S2d2dnZreG9NdTM3QQ?oc=5,Bloomberg.com,en,Ukraine war crude oil,russia_ukraine_war,relevant,3,6,1,0,0
2022-03-06,"Whatever His Motives, Putin’s War in Ukraine Is Fueled by Oil and Gas - Inside Climate News",https://news.google.com/rss/articles/CBMijAFBVV95cUxORTFsT2xwcWJ0cGxjUmsydEJKOWkwRHJCNWl3dW1SM1NmN1diVkxVdXlENG1WMDRRWTJ4dk1ibFdzNEJUempvRG5iM3NXRlRqb3U3ZjRHWmFfTndmZHR5T1YtRW96S0RncW4zQTYwMWlsRXEyZ1NkVlg2cnRLS3FSTWg3Z1ktaDVLX0FXdA?oc=5,Inside Climate News,en,Russia Ukraine war oil price,russia_ukraine_war,relevant,3,3,1,0,0
2022-03-06,The effect of war on food prices - BBC,https://news.google.com/rss/articles/CBMiWEFVX3lxTFAtRVBiSF9XRDRWOXdIVWhmZU1WMVFCeGF6by03VzN2UGZQMGhPNTBCX2JjTkhwcHMwR05HMXh3bTdQOVZHY2V5SThmMUpQVUZMR2xCbG5DT0Y?oc=5,BBC,en,Russia Ukraine war oil price,russia_ukraine_war,relevant,3,3,1,0,0
2022-03-06,Shell defends 'difficult' decision to buy Russian crude oil - BBC,https://news.google.com/rss/articles/CBMiVEFVX3lxTE9DZmhZWUR5bHRHSC1PTkFjMHBtMjJjQzRBelFsSFlmVG0weFdfcDVURnJrQkhyN0xhNEh5bkJtY0hXZ0I1MzNJT2pWRUhVVTV5WDVtRA?oc=5,BBC,en,Ukraine war crude oil,russia_ukraine_war,relevant,3,3,1,0,0
2022-03-07,When Were Gas Prices Low? - NACS,https://news.google.com/rss/articles/CBMiggFBVV95cUxNbEhfOFZwZEtlUkxjcGFHTVBLbmRmY2kwUmtQRDQ5cDJTQWIzM0ozUzZYWGJKTzJsVXF5M3dpN1BfSFlPRDF4UGtUYTg3WVRkQjdWUHR6eWpDTUhfSjZIMHN0NnpOZ2FOX0lhNko0U0x0cnVwcjJvLXVEalBlcGtHVU5B?oc=5,NACS,en,COVID gasoline price,covid19_pandemic,relevant,0,0,0,0,1
2022-03-07,"Oil prices soar, stocks tank as Russia-Ukraine war rages - Al Jazeera",https://news.google.com/rss/articles/CBMilwFBVV95cUxQb1V0VkFQYzE5Z1ZibW45d04xMW5mdmJtbzk2NjNUeWJuN09KZnRVTjQ0N0pvM1M1YnZKUGZFTGVkTjR5OXBLeC1TU2NybEZ1UzFzMDhaX1BxN001eHdmekpfZEt2cVZZMXVuVDZ0OEpVTG8yNDY2QjRMM09yUzBIUGoxSWtHZkJYbnN6MnQtZ3RTS2h6MWZR0gGcAUFVX3lxTE1TczlMamlSVWF5NEpqQ3A0V1hvRUZPVDhGTDhrUGpFQXc4OEZpOUdIaWNPUGx6UGFwTmVoajVmM1otZDkxOWczdm9lbkZVWGFPamN5QkNOc0RIR1F2ajY1WFRDVzFQYkxxM0hpSVk2alRtWExBVkhLWDViZTR5Z09sZG9qbHF3WDlxT3VERjA3Zi1xZmdWdC16b2tELQ?oc=5,Al Jazeera,en,Russia Ukraine war oil price,russia_ukraine_war,relevant,3,3,1,0,0
2022-03-07,How the Ukraine-Russia Conflict Will Raise the Price of Snack Foods - Time Magazine,https://news.google.com/rss/articles/CBMiZEFVX3lxTE04OF9EWFdNVm5QWnc2ZEtlSG1aYmN2MGt1X00tYWRySlVKb1RVM0VQVlVISzdJc2F4TG1WV2x2RGFhdXlPSlBsQ0psVHhfQjA3Q2gxX3RJci1wNUhFaWxkSWZFN2M?oc=5,Time Magazine,en,Russia Ukraine war oil price,russia_ukraine_war,relevant,6,6,1,0,0
2022-03-07,Five ways the Ukraine war could push up prices - BBC,https://news.google.com/rss/articles/CBMiVEFVX3lxTE9xTUI0bVBkQ3Bfa015M3B6Wi1zdmVjbGdrZG02d2Y4alFKeVNDUlZhWlRfaXVNMEx3UGFONm82cjRyR1lhb1hTVnRmcHdUUkVFcmZRdg?oc=5,BBC,en,Russia Ukraine war oil price,russia_ukraine_war,relevant,3,3,1,0,0
2022-03-07,U.S. gas prices spike as calls to ban Russian oil continue - PBS,https://news.google.com/rss/articles/CBMimgFBVV95cUxNSWFSRlJoMFJJVUxLSmdGMF9yNjZZUXZpa3dXSlBjdzl3OHBEX0g0dUZTdTkxbHNndVgyX09QUi1MRVNmei1SNGdFZlEzRXlUck5SeFpvR0NQSjFjYk9TZkZFYmtUUW5nVEd6emVKOU1RekVXVlpGU1RONnRULU00SEFUcnI1cFR4R2JycG12TmNpQWJ4UjBRbkh30gGfAUFVX3lxTFBjTFNwOElFbDN3T3p6cDl5cHRGMXlnS1NaajYxZ1NaOG05aFR2ZkhIYW8zLXBvZG5pT1Z1b0ZreEwzcXRVR0NJTDd2amNEVWZHS2NjRnVpQkhwaWNzQWtYOG5lbERUMHpONFQ4OGwyUlVBVlZKOTNfRVVPd2tUajA2M3BKb1JaRHAxTUw5eFdRd2paQ3FaRUlfYkxzeGlCbw?oc=5,PBS,en,Russia Ukraine war oil price,russia_ukraine_war,relevant,3,3,1,0,0
2022-03-07,Russia-Ukraine war: Oil price highest since 2008 over Moscow supply fears - Middle East Eye,https://news.google.com/rss/articles/CBMikwFBVV95cUxNbDdCTFg4eTl6SDFMR3g4NGhiVk5lUnNUNElFTGtkZFNrVU83QmN3ZTZSV0N2VDdtemdfMW5OUjhuRkt0U0tWYXozOE9QOTJ4dTM0eU10OU56MFJnbVl5RW9yTDYzVUhSVUJrSXlfZU9IS2tkeWQxLWViOW43OElrandXb0Y2NkNCS2cxNmVUeUlYODQ?oc=5,Middle East Eye,en,Russia Ukraine war oil price,russia_ukraine_war,relevant,5,5,1,0,0
2022-03-07,How rising oil prices make gasoline more expensive - marketplace.org,https://news.google.com/rss/articles/CBMimwFBVV95cUxQT3hkXzNUalhBZVBGNlRONEMwTGdjVXlvTmpBbno4aC1YWUR1bUozYkZYaE5vTGJENXZ2SW9oMldmN2FONmZ1TUZiZkxMbEZzQThfYW1DbnRHTXdXRDhtakwzNGxCeWpuMDVjd3FFT2pNR0R3aGd4UlNKWGgwZDJ4YlhoUjJHN0o5LW5KLV9lZGVzYU85MWlVTHp3aw?oc=5,marketplace.org,en,Russia Ukraine war oil price,russia_ukraine_war,relevant,3,3,1,0,0
2022-03-07,Can Arab oil save us from higher prices? - dw.com,https://news.google.com/rss/articles/CBMikwFBVV95cUxNdmpkMDBfd1I2dTRzT3kyekNsWXZBU2xXYlgzYzQ1MWJGc1VJeHJuNW0tSDJTWDBqbWUxR1VFZjVTSG5NcEtmSVprSEdiVzJaVzVWUlBpajljUXJTYXg4UjNZNlFUOHVwbHo4TGRxRlIzSnlzY2dDZVpiRUtlZkpwVklUOGxyOHBwQlY5TXJ0T2dEVTjSAZMBQVVfeXFMTTBXd011MGRWbTZBdnBTbFVNZlhOR2xyR0xpU3AtQ21BaHhpTGNkMFh2VU9IdHF4SV9PTDZXSTY3QnJUUnZ4a29WWjhHRDZfbi0yTUlvRzE3cnJ3Y1NybDBZLVdEdW1KalB3SGxjUDdMbmpXa0lUZ0pTLU9sT2VjS0E1QmJ3cnFTaFFVOWlncFVrdFBr?oc=5,dw.com,en,Russia Ukraine war oil price,russia_ukraine_war,relevant,3,5,1,0,0
2022-03-07,U.S. Weighs Russian Oil Ban as Gas Prices Surge and Ukraine War Grows (Published 2022) - The New York Times,https://news.google.com/rss/articles/CBMifEFVX3lxTE9JOVhPYmduMWxHc2xMVmNzVGJOeW1RNGdLWWtyS1ZxU1h0eEEyZXVkbGpHVmVRX2pmWjZmcFZic0lhUWVzRkZPczlKMHFIbGxxZktneHRvQVZpUmNMMThLRlRqSWFtZ20zTHJoVlZtX0VNSjRGZ1NzakFuaHo?oc=5,The New York Times,en,Russia Ukraine war oil price,russia_ukraine_war,relevant,3,6,1,0,0
2022-03-07,U.S. Gas Prices Near All-Time High As Ukraine War Threatens Energy Market - Forbes,https://news.google.com/rss/articles/CBMiwwFBVV95cUxOUVpaNWpacHhyakM0WV9zV1UwNUcxR2x4UFhpOTh4NHNoTHUwZ0x3ZHYzbE1DSWtlSkU5NmhJSXFTTWViRnZXMmJBYWowSzNSTnNCSkVSbDF6NlYydDFCVmZYSmM4MkUzTkl3YnRYT3p5WWRDSVRacEZTc3g2X3VjeHRpVERLdWVMWGUzSFZ5SzZZSU1KTmxua3QzU3RkTXJONkx3M3dxS3ZhMFl1TUhRN01MMjNHRVdUZEIxeG90RDBrRHc?oc=5,Forbes,en,Russia Ukraine war oil price,russia_ukraine_war,relevant,3,3,1,0,0
2022-03-07,"Ukraine war: how Ghana is vulnerable, and what can be done - The Conversation",https://news.google.com/rss/articles/CBMilgFBVV95cUxPRks3OEdKclk2LTBjQU1KWW5vVjVrX0hJTjFYQlQ4SDZaY09XUDJtdGJRRi1nM1dSd0JacHo4bW9wYjJmeTN4ck9TRkFSYWREY0E4WDhLc25BcHlvaFY3djhEdEhBZ3Nha3NiZnJiWThYSXNtQU5wbW1iZ0h1UTRjVUdRellkWXdyWTdtNEVjZzlEeVJfTFE?oc=5,The Conversation,en,Russia Ukraine war oil price,russia_ukraine_war,relevant,3,3,1,0,0
2022-03-07,West feeling impact of Russia sanctions too as oil and gas prices soar - The Guardian,https://news.google.com/rss/articles/CBMijgFBVV95cUxPRVVLMURvMnV0XzhWX0JCckdIcnpJc2k4aFJmX1ZDMEplNjdLR1cwZG9NWjA2STZ4SXc2TTR1SV9MRXJzNHo1SGFfdGlKc0pwdWxGYXJ3ZGdSV0hrdnMtY3RMcGZRSjFhTlo3VEo2bXNCLTNPaU5rU2JGejNCZ0JJcnBXQ2lhSmlzMDRVLXpn?oc=5,The Guardian,en,Russia sanctions oil,russia_ukraine_war,relevant,2,2,1,0,0
2022-03-07,Ukraine conflict: Petrol at fresh record as oil and gas prices soar - BBC,https://news.google.com/rss/articles/CBMiVEFVX3lxTE9wa1h6RUtHazN4NC1PVklVQnY3YXpJd0YzVUNNbFExNThyWHNqUkdWVWZqdWtxY1ExempfaXhVUHhaNUdWX09XMmRrdl92a2Rpb0pCYw?oc=5,BBC,en,Ukraine war crude oil,russia_ukraine_war,relevant,6,6,1,0,0
2022-03-07,Ukraine war threatens Kazakh oil exports - Eurasianet,https://news.google.com/rss/articles/CBMicEFVX3lxTE1MY2FNdU5nU3BJZ0RQdmhIQjY1VUFGLURXOGdfaHFONXlONmEzTDJvZkVvcHhQZGhVckdEZzRGZXZKS1FCRlhUU2xzRzZwMXVudU5RakRuZVBQUUNzRWxFWGNMbFVmWU1KbnhBYXhDVHQ?oc=5,Eurasianet,en,Ukraine war crude oil,russia_ukraine_war,relevant,3,3,1,0,0
2022-03-07,How the war in Ukraine is fueling sky-high gas prices - marketplace.org,https://news.google.com/rss/articles/CBMiigFBVV95cUxPZk9HSlhNVjllb1Q1TS1uUGJQV0xkdG0xZWp6M3BnenBQVWtyNFRtQ0hFVnFuMjJSLWNaS3E2d080VGJxYVd6SWhHU3NWbXdlNWM4bDBQeXRwWlJUd3Q5U0djTHh1dmpPeVhsVnNvZWpna1FVZjNuV2hMMDdZVFVzRmpzSDhtRm5kZWc?oc=5,marketplace.org,en,Ukraine war crude oil,russia_ukraine_war,relevant,3,3,1,0,0
2022-03-07,"Indians stock up cooking oil, fuel, fearing shortages amid Ukraine war - Reuters",https://news.google.com/rss/articles/CBMitwFBVV95cUxOdnItSDJTbTNUeWY0emxhMFc4T0lDemlRaUt2U2NKVU5HbThpdFhMNGI1VGxNTnZJcnVVSXlDSUJYMUpWV2g2TTVMMFZMQzRSVmRRTzl2T1dfV3d4WVVOSi1pZ180S3BUOXFFcndBT1Y1REU5M2ZZbFpBZGNtVUl1QkYwQ3luV1lTTHYxY2pXVDdLZ2JORVM3WkhNT09ub2NhczhDSDZaRmZKaFdHMzlTOXNFUXRyQ28?oc=5,Reuters,en,Ukraine war crude oil,russia_ukraine_war,irrelevant,3,6,1,0,0
2022-03-08,Watch Vakhshouri: Higher Oil Prices Due to Russia-Ukraine War - Bloomberg.com,https://news.google.com/rss/articles/CBMirgFBVV95cUxPWE9EaF83bFp3NGxnRjFFTzN5YWREX0htVWZFX2oxVzRDTHlyYUxyWlJYMG96cFY3WnFSZ2VNNFp3d3dRbUNKZk1jR3lyOWlaYzFhOUVtNkF2T1N3NjNkeFIyN0NDREY3V2dUME1kU3RZbWxvU0N6Rm1YZUNTaGJZQmFZUVA5OUc1bkd1THNtcDk1VFJjVVFsVzdnbkFiU0EwZUNpcG12U2xHenJiMGc?oc=5,Bloomberg.com,en,Russia Ukraine war oil price,russia_ukraine_war,relevant,3,5,1,0,0
2022-03-08,Fuel prices are at record levels — and they're likely to go much higher - Australian Broadcasting Corporation,https://news.google.com/rss/articles/CBMingFBVV95cUxQQ25UNlhfVFhKdUVnR2hkdzI5Vmw4WXZMb2hRcjZ1TlJUWXc1NzhLVGY3ZzF6bGNJN2VoWkdGeGN0NDJhV1JES1JCUTFXcDdJZXlmVnRMUWw3WlRCaG9lTF9tZ3BvM2UzcHdXZ3I4SHhZc05ab1BUUTNfVmV1TWxKT2lxeTlkV3FzRGJOeUswU0ZLemluRlNGZDBTTEFnZw?oc=5,Australian Broadcasting Corporation,en,Russia Ukraine war oil price,russia_ukraine_war,relevant,3,5,1,0,0
2022-03-08,War in Ukraine: Russia says it may cut gas supplies if oil ban goes ahead - BBC,https://news.google.com/rss/articles/CBMiVEFVX3lxTE8wb1JZUVZhaTRSdVYyYnZiZERyTzFWZUQtaVV1dmlWQ2VUVDdUdFIwR0lIbXlkZVNXR2FSSE9OOVk1cjEzeUJTNXM0aWFDSFpXYUZFSg?oc=5,BBC,en,Russia Ukraine war oil price,russia_ukraine_war,relevant,3,3,1,0,0
2022-03-08,Biden announces Russian oil import ban and warns gas prices could increase even more - NPR,https://news.google.com/rss/articles/CBMiekFVX3lxTE1OTm1xRmZIa3Ryd2dkYWt0RlowTUZid3hwRC1leEZWNWtIZnBBbmZrN2gxX2poNU0wdVZUaktWSElXRjhVeVdTSFNrd0FrZ2wzOTR2ZXkyb1pwMkZIREdLcEVaQWhGbE1ZYWhaQ00yZVB3WHBxT2kxZmF3?oc=5,NPR,en,Russia sanctions oil,russia_ukraine_war,relevant,5,5,1,0,0
2022-03-08,What will a U.S. ban on Russian oil accomplish? - PBS,https://news.google.com/rss/articles/CBMihwFBVV95cUxQY0ItMDlqNlp3WjBxaUhMOFpKckRaZURBLXZQM1RwRWRqaTZmaVJ0Z0NuRnh6QUFLai1mV2FoQVVRYW5nNU1IZDRzN1N1TU94cUxrVVJxWUE3aVJiR09kNDcxRm5RREdrN1IxLXk4dXNRVndCV2ZXblk2WFk2YkxZWXh2aEpZQlXSAYwBQVVfeXFMTllqZVBXVHRKamNqc1FzOTZfZFdFTl9IVXhEUXFqMXlxenVoQ25hdl9XazVUcG5nZ3lnaDJEZTJrazF2MzREZEM3RVFyWDJKaVBZQTRNU2otVlVheDh1S3p1V3V0M0ZwNVlOZUNBSFZJY3pwQlBsUnRhU0xuOEpwWWdaaHBUZVJ4Z3BpbmE?oc=5,PBS,en,Russia sanctions oil,russia_ukraine_war,relevant,2,2,1,0,0
2022-03-08,War in Ukraine: West hits Russia with oil bans and gas curbs - BBC,https://news.google.com/rss/articles/CBMiXkFVX3lxTFBqSDRwQV9YVGRINlhkZlF2SU45YmlkNzU1NFFkYUtmSThSSmUySEotYU5HY2hrYmN1eTMwbUx1anptcE9xUFZ3ZnBsWXN2bnpvN21QOTJnOEtwRzVqbWc?oc=5,BBC,en,Russia sanctions oil,russia_ukraine_war,relevant,5,5,1,0,0
2022-03-08,Biden announces ban imports of Russian oil because of Moscow’s war on Ukraine - Houston Public Media,https://news.google.com/rss/articles/CBMi7wFBVV95cUxPQi1qc0xWaEJhbTZJbFFGaGVFdE9sb3Q4YmJpZWMwUzItTnFXTDQ4VXh6OWprUEdnWkt2WW92cm1aemNQZ0JnRUZWbzB0MUhOUUJoY2FzMjlxWklJQXEzRlpZc19nNkREU05KSlpySTlYaXEzVUxYRldOQ2xucmF0SS1QM3ZJWFBYdXp0dlI5dWNDSEt4VHV1am5fSTNDdi03VnlWRE1DbXlZOVA5dTRhUGhXaWk5MV9EeERxaE1TekJVS2hCZi1sSk5XOC1QWDFiSGVxQ2l0NVN2T2oxWG9odVBvYUtWZW16dFJ4anY0VdIB9wFBVV95cUxNTGhyVm13TVRBb2Z0S1dlRVUwSUlpc19keHBRd09pYnBwUUpaNFRLS1p4ZG1BR1NiVlg0bjlybkZvN0J4ZEMtU0x6NzhSaFMzby1zSkx1bk5aOTNQTi1BYXl2QXR4Q1ZJRThCclBIMHZqUWNkYVRDV3FHOTF2U2FoMC1lRmhGWHVEODJIcTM5TlhNblpYSExSQWlqQ1N5VFU0Z24wMGFPNzBnYnVSUE5sQjViX25QY1JCeGRWa0F2anJIWFRMb0tyVjJMem1KOXZYTnpyLWNaNXkzNjh1cjVyZnByMldnelEyLTFKYXNwTFkxNERQNWU0?oc=5,Houston Public Media,en,Russia sanctions oil,russia_ukraine_war,relevant,5,5,1,0,0
2022-03-08,"Shell to stop buying Russian crude oil, gas over Ukraine invasion - Al Jazeera",https://news.google.com/rss/articles/CBMilAFBVV95cUxPQWhWUmxrYkFqNjVNRUI5dkFBRkJ3U3Q4NWxHUmc2cDF4bEFvcUNhRUhnelNkUEZCcElVbjdkdTg5Y3l6dng2UklubGY2S0NsQWctQnZSaV9YMm5FSEVFV24xNEZGbVQ2Z09kdnRNWllQS3pSakgtbndVVDd4RDFZbWItYlFwb0ljZnk4Tk5iUkM4NlRY0gGaAUFVX3lxTE1qNnhQZ0dNVVhQZUpXVlFDcDZyMFZPUnZTSTNkQzlPTXNHUGRoVlFnRWFNTG5GMFZHM2tSVmtWT3VWZ2tnQUJhUENZMmlTV3NyOGhvSmNrWlRPZkR6cmxob29DbGZYVVd1SUFYQVhBYjgyWGhDMzNDTDl0MW4tUGo5c1ppY1I2MFVNdk5fUXpPckYyVmZ6U0EzUkE?oc=5,Al Jazeera,en,Ukraine war crude oil,russia_ukraine_war,relevant,6,6,1,0,0
2022-03-08,Russia-Ukraine war: Biden bans US imports of Russian oil and gas - Al Jazeera,https://news.google.com/rss/articles/CBMipgFBVV95cUxNOHZtZVhKVEFFY3ByVkFSdkZVNGlWb1hXVkM2UWNNaWZvQjRacTZLRUJGNk1xUzl3RFFHNXE2ZXFBWnlQZXFfR0RZQXhsUWQtZjJmUmw3b3ctUGVSZm5tYTVKVFpZaFV5ZERIU0tQZE5LcWo5OTZIbUxwV3hSQ2RNTzJlajNHVjVnSWNOS2RONzA3Z1hxb3hicEpmREc1am5BU0JMdVVn0gGrAUFVX3lxTE1GaGkxQTZTZ0tzNS02ZFJpTkUzYXR3czJqTnNFaE5iNUlxa3ZZU3N4bVFwUHJzWGEwRzhjZG52Q1RzQW1aTThqZ0dHUmREWWwzQlRJZmlIZ1JJeTEwSThoSHgwMWZyNWJvSHVZeU1ONFNTSzZRMEVjNVdsNllRSUNYcTM5UHl4dzU5NDZYREZRV1VnNkNtR2NScm9VUEJXeDZSTlpBWGJjT1N2UQ?oc=5,Al Jazeera,en,Ukraine war crude oil,russia_ukraine_war,relevant,3,3,1,0,0
2022-03-08,"Shell apologizes for buying Russian oil, says it will halt operations in Russia - Inquirer.com",https://news.google.com/rss/articles/CBMilwFBVV95cUxNZFhqN2NzcmhMell2OGtyNi1lS3lYX2FLb1hic0U2M2ZuM21rbGFpU3Jvb0ZteTRKRWtpTVdfLUlEbXVCYjRzUzVubF9ReHJiZFVXVzV5eGIyRVB3a2pOZDZJcjFCcVJNd3VzZ1VwWFpfaC1xT0EyXzU5cW5wd2gyYTlMdllkNjl4NklRMWh6emNLYmVtcGlJ?oc=5,Inquirer.com,en,Ukraine war crude oil,russia_ukraine_war,relevant,3,3,1,0,0
2022-03-08,U.S. Bans Russian Oil (Published 2022) - The New York Times,https://news.google.com/rss/articles/CBMijAFBVV95cUxPODlraXFkZlZTVm0wbVg2bE1TZGJnZUl3VER4blU1V0lOMmJlYVVpNlBIZC10M2pLWWEtN0VjQ24yZ0xQM3dtem93c1RleG5DamU0ZG5aRzJrNGIwT1JtX0NqNU5mWEZ0S25GLUlYNDRMWmZEWTdGbDlySmM4YUZOTE1HTzdZdzZyLXBVdg?oc=5,The New York Times,en,Ukraine war crude oil,russia_ukraine_war,relevant,3,3,1,0,0
2022-03-08,Shell sorry and pledges to stop buying Russian oil - BBC,https://news.google.com/rss/articles/CBMiVEFVX3lxTE9ZSkttaGxtcV9UdzdwRlZSUE1zczRUVVJ1SXl4QVFLRWRMTU9KYXByV1NHem5nYVNxOWVpUDQwdGlXVnpfV1ROU3lQci1ZYl9CNThhbA?oc=5,BBC,en,Ukraine war crude oil,russia_ukraine_war,relevant,3,3,1,0,0
2022-03-09,"Beyond oil, natural gas, and wheat: The commodity shock of Russia-Ukraine crisis - Atlantic Council",https://news.google.com/rss/articles/CBMiygFBVV95cUxQdHE5Sm1mTmtadjhCQjdnT3U2QjRHcXN6a3o5OVpfcnpaeVN3VVVpYTVxRVhYQkFxYUxIWUE4TGxVRDZpeTl4TVYzZXQxOVZOY25nVEZkaTVVRF9iYWhRM29wWWRwd3gyQnJuR2tFWEhqWUZzNUZKNEJ5LVlTWUJ0QmZibUpOSFZDX2staEF4blNFNG43enlYM3hfZnc4YUFxanhVOFlmMy0zeTRUZ3pVVU1qSlRxQmh4dnRrQVU4SjE4T2ctV3BOWVFB?oc=5,Atlantic Council,en,Russia Ukraine war oil price,russia_ukraine_war,relevant,3,3,1,0,0
2022-03-09,US bans Russian oil: What is next for oil and gas prices? - Al Jazeera,https://news.google.com/rss/articles/CBMimgFBVV95cUxNNnQ2Y1dFRnRmY1dBRkNhdTRCcWEwaXhhTmNrZE41cFg2MDhpMkFxb2NxdDJyZ09MM2d1Nk84Q1BUeUtkM1NlLVphemx2YWdZOGdWS0RmcExfUFJLcHhHVlRuSE5PdHRxQzVtMmJsTm5iZWtreVd1YjNUaDYyTVRFY1BtdUhhaGZSdWFsMDQ2N2lXSW9CWEhVSW1R0gGfAUFVX3lxTE9HVmNOQmdFc2l1VGtQTWJFZ1pvV3RmRkp6aGJ2aUtIeG5LaGdraFk2RDVtcW4tSm50SXBtVHNOUmplbGs1TUQ3T1VncjFSVV9qRWtHekVxaU9YcFRveG94QWhqVDFLYjNLdG5XSWRLeDZWazJTTnI1QWRxYnp4emdFbVdfYVlrR0p4cG45YVB1ZkUzMHEyNFRsZWlQZVdLRQ?oc=5,Al Jazeera,en,Russia Ukraine war oil price,russia_ukraine_war,relevant,3,3,1,0,0
2022-03-09,"The US is banning Russian oil imports, but an embargo that includes European allies would have more impact - The Conversation",https://news.google.com/rss/articles/CBMi1wFBVV95cUxObmpCckQyQUZ1YXRfSGcxZENkb2FQS0MtN2k2ckE3Z3ZKSUdRTEYyWFF0c0UyQWZTcDdBblJpN2xhM0JZVG9OOEFkUWgwbVFCMGFTMmc4TjNxbDE4UU9oaWFFMW1sSGdVME53NzcwQWFhWGgweWRIbVBXM29pV0RXOW5oVThHTnAxWlN0bDh6bVdDTVdfYUtEc3docXVKVl9RZ3p3NGViUmVxdFNQT1JhbDgtdHRMb2dnSDZMdzI5VGdOY3RjVGVPY0ZaUXRjMUVlTFpvWmc5VQ?oc=5,The Conversation,en,Russia sanctions oil,russia_ukraine_war,relevant,2,2,1,0,0
2022-03-09,"US Sanctions Target Russia’s Energy Sector and Ban Imports of Russian Oil, LNG, and Coal as Enforcement Efforts Increase and Agencies Consider Cryptocurrency and Other Digital Assets - Hunton Andrews Kurth LLP",https://news.google.com/rss/articles/CBMi6wFBVV95cUxOVTBEdVAxZzc2anNoYjJGcmJuT0xvRFZwdXhjbHBwTnlIRUhBeGJqRWpoMkNYZ1dLMG1XdjZlaFRra25fWjdHV00tcFc3Q0p1eXNfYjFKSUY2UENPY0VkM2ZMX3ZJX0dDWGc0ZUJGb2V6SlBjLU9qc2dDeWNIZXZvZ2UxMDkwRWR1MmxKbFE4Uk1XYTRIYTVRTnYwdXkwV25qMV92anVvLWw4QnRMbjFBcmZJVGp6cG1kbm9sZ2g5bUdCQk5MSnk0NzAxWEpNOEFMeTlnd3ZyLXBvaGRvelhMMDNBbElpTWlFSFA4?oc=5,Hunton Andrews Kurth LLP,en,Russia sanctions oil,russia_ukraine_war,relevant,2,2,1,0,0
2022-03-10,What’s next for oil and gas prices as sanctions on Russia intensify - J.P. Morgan,https://news.google.com/rss/articles/CBMiiwFBVV95cUxOV3k5NHFhLXJNVzA2YWZTa1JwdlRPOXU5NHF0Z1Buak82SWk1S181YjZMdVAyT1p0N2xxS3JXM2RxbjE1cmtSTi1WTFJQbW13bUluU0hiMWo0MVFXOHdhQUZrZkZ3UzRpWXpRYy0zYjlQanBDNGRoZEs3NEtmM2tLTlVmZkxUYnZRVjZ3?oc=5,J.P. Morgan,en,Russia Ukraine war oil price,russia_ukraine_war,relevant,5,5,1,0,0
2022-03-10,Russia-Ukraine Conflict: Implications for Investors and Businesses in Vietnam - Geopolitical Monitor,https://news.google.com/rss/articles/CBMiswFBVV95cUxQYjBvUXZKRzB5ZHdlaG5OaU0zbXFYcXA5bXJHZW9NXzBiRWV5X0VsUGVIUEdTb3l0Xzd4Qm8yQUw2Z05CbkUxM19TMFlzbl83V19OcTl2T05hU3FTRWRkNnV2OFIwazRvTktzdFM4VmhPSGh3Z05rWmV0TzRQeDh5R25BaW5jaEJ0a0pTUXF5WGZnaWVBMnhnSkJJSVF1MzdlVVR2V3lyd0JaNDBuRU9jal9QMA?oc=5,Geopolitical Monitor,en,Russia Ukraine war oil price,russia_ukraine_war,relevant,6,6,1,0,0
2022-03-10,Russia: We have enough oil and gas buyers even with sanctions - Al Jazeera,https://news.google.com/rss/articles/CBMipwFBVV95cUxPN2NQSFFVLU5GSUIyWFRRZGlidUhKM0RmYlZtUUV0V3REOW53UnVRcnZxeFJJNXQwU0o1T3JhLXJRRWFqQzJHZVBnczBhTlF2UlVRY0R0dWpWNERGOWhXV0lrV3dEWVh4NGlLQ2dlMWl5cFNYVEgzc0hUSnFVWnNPNnJSU29GZmNoallyS2E2V2tTUFluOTFDTXY0LXgyOGd4ZnNOeHpoMNIBrAFBVV95cUxNYTI3bDh1UnZkdElSc2Rkc2tQRkYtNEVfRF9fdmFFa2Z0cENDNVczTEJ2SzJIMWJ0SXVjUnJMdHVrbU13WW53Ym4wYjNSVHZnWi0xdXphdlgxdzl2LVBrd3B4aGprZ1ZNeVp4QVJiaGJjeHdUUDhXQ2NEdVd5NWdnei1VX1h3YUhIRzkzcTg1RlN3U0ZmRmo2ZGluNmJmVkxPcUhrcFlpSngydDlQ?oc=5,Al Jazeera,en,Russia sanctions oil,russia_ukraine_war,relevant,2,2,1,0,0
2022-03-10,Russia’s War Is Raising Gas Prices and Roiling Financial Markets (Published 2022) - The New York Times,https://news.google.com/rss/articles/CBMihAFBVV95cUxPYXkyRE13SzJ3bVUtREIyV3QtMWthUVg2aVNqU25hLVFyTi04b2piLUtLbWx5OXpfbEIyMXNSYzduczFvRURreU5kMW1yTndRbWdLTDd3T2Nmd21vMkhuWGpuVUJ4a1o5clgwclQwTmhocTltdXphSzNiT1J3c0dBa1pIQjg?oc=5,The New York Times,en,Ukraine war crude oil,russia_ukraine_war,relevant,3,3,1,0,0
2022-03-10,Infographic: How much of your country’s oil comes from Russia? - Al Jazeera,https://news.google.com/rss/articles/CBMisgFBVV95cUxOMWJwQlVSdWNOMGRzaGh4cEtuWnVaVXMwdUVZazRBN2c5eEpid0NLVnlmWDhSdVZpT3NrazZlbzdoUW1YTHJ1SXdGb0FZYkFuSjA3MTRIanY5T3A2LXZVbDdkQTNzdUlDZVEwb3E0NnlfWlJzdEc4dXVwVm9zOVNOaW83WGtQUXhra09zS3RrTFd2ZVdNM0huMFpjUklzVEZlWmlqZHRVd2ZlSlktSXVjSHJ30gG3AUFVX3lxTE5EbTk1UDV5a1FpWFJOMmd0b0lBRWdUREFrWTdHa2Y4QS1aU05NWDhNNXNGSXlLbDIyZDhmMk9sUXc3VUgxTW5oNDljdEVreS1idVdaalB6aURzMTZfRmhYZEdxV1ZJcjc2V2dmYWtqWjlSYnpSdXIwQnhtNUVXM0t4Q0ZFblRwVlpWcFQ4VjN1amJMV0RXZ3g5TmhVczgxS1hVcXpydU5zNUVVbUxNTzNwQjZnVGRndw?oc=5,Al Jazeera,en,Ukraine war crude oil,russia_ukraine_war,relevant,3,3,1,0,0
2022-03-11,"Russia’s attack: Ukraine war turns into a perilous global economic conflict - University of California, Berkeley",https://news.google.com/rss/articles/CBMisAFBVV95cUxPeWdhSmY3cVhqZnRMXzhjUEctY2FnbXdQa0N4bFMxUWg0RF9CYkJmQk5ldDM1MEEzWDlXNmJwTnpHOUZSZnBhU0ZWX2lHWk5WZm01bS1KRF9JeTJqOWxFRG1HQjNTTXlyM19ISDU1QlE3Q0QwdjZHSk8wdVI4WFl5SmtJcXM1MXQ3eFFRczR5ZV9XRDFFWlBSXzZHd2N1MW1CbU1BTG8zamRfb0hNbHdDTQ?oc=5,"University of California, Berkeley",en,Russia Ukraine war oil price,russia_ukraine_war,relevant,6,6,1,0,0
2022-03-11,"Ukraine war: More countries will ‘feel the burn’ as food and energy price rises fuel hunger, warns WFP - UN World Food Programme",https://news.google.com/rss/articles/CBMiuwFBVV95cUxQUmtrRUQ3UkE2dE9PZEU0a2FBYzhHbzFfTm1VY3B3T1hzZGQ0djlKcl9YUGhMZ2NMU3ZnRloxeWZ5OHNOLVBFMDUyek8waVZ5OXNjS1lhWVRvaGdsSHdrMkhuVlNUUy1qR2dVelh0QU1qT3dIcW9JSVlrU3RwandyS2NmeFpkNTlGQi1tU09OOFE0Y1hsREx1RzZpV3Z4Y0dnZzh2c3BmZGUtU0FUVnRJbDQwa1paTzk4cHBv?oc=5,UN World Food Programme,en,Russia Ukraine war oil price,russia_ukraine_war,relevant,3,7,1,0,0
2022-03-11,"Biden blames oil prices on Ukraine war, credits Democrats for improving economy - nbcnews.com",https://news.google.com/rss/articles/CBMivwFBVV95cUxOSFY0LWI3M1ZnX3lqQnA2aU12R2ZxSWtrNEUxNXJRRVFlOG5mZzhyWTgzN2U1b21GLUVjZWJWbC0tcm50YkEwRHExYnIzNjlWeDlHbGtBZkwtMC1vdmdvS0hhVFUwT2NaLVpCZ0tGN2xURk4yNllhV29rR3RmNnllOVpxTXlvTGhJUm9BOE9iMU9TdDE4UGVsdDRRTnJYWUE3UHNQNDBVdWxVX1VqZUdzUmUwUGhFRWNwYjBDMzNOUQ?oc=5,nbcnews.com,en,Russia Ukraine war oil price,russia_ukraine_war,relevant,3,3,1,0,0
2022-03-11,The US Ban on Russian Oil: Your Questions Answered - American University,https://news.google.com/rss/articles/CBMiiwFBVV95cUxOSGlkNkdDd1VyYnhPQ3Q2VWVnaUxCNmRCU0hPRGsyUVl6bGdOemxJS3NfVzQxajVaQXFyWVhmNnNyZjhGZXdxTjF6WW93blh0RG1ENUl6dVVtbWd6dXhzX2pIY3lCeGh5RWtQbnU1c0xheE9WTmFRVzY4N0FSODhZeGNZSUFXenN0SFdZ?oc=5,American University,en,Russia sanctions oil,russia_ukraine_war,relevant,2,2,1,0,0
2022-03-12,Gas Prices Reach Record Highs Amid Russia-Ukraine War - ACG AAA Newsroom,https://news.google.com/rss/articles/CBMiiwFBVV95cUxQbXVCRjU2UDhickF3TlJ0Z1A3TUJxVUtoUzJHTUJGOURFTWQ2UlEySnBPQkVWN3VBUHNVa3haWnl6VHFHeWJZYUdKZmt6N3NNRzFLTzJjenl1NFJtOUlta0VNSzFSd3pjcDhaT2lYOW9pNGwtdTdVdlFNbkdycExNMXlTaGhRWlI2cTR3?oc=5,ACG AAA Newsroom,en,Russia Ukraine war oil price,russia_ukraine_war,relevant,3,3,1,0,0
2022-03-12,Russia sanctions: How the measures have changed daily life - BBC,https://news.google.com/rss/articles/CBMiWkFVX3lxTE5VeVhnd3VIazZqMzRQWmZGaUhabDNyRW5oU2tzX0EwMmhRVld2NFhYWW9KVzY5bk5QeVlYSm1KRUN6aS1lY3hJMjB0UmFVVGZka2U2YUlkam5Gdw?oc=5,BBC,en,Russia sanctions oil,russia_ukraine_war,relevant,2,2,1,0,0
2022-03-14,How Deep Is Europe’s Dependence on Russian Oil? - Columbia University,https://news.google.com/rss/articles/CBMimgFBVV95cUxQd0ZLX2lxUkNvLUhHM0ZHZHB0a0FTY01GdUlEVEFoS1gyNEhTSC1vOVFXRENiWVYzdG9TN1htejNkSmtNa3lkaHVPSV9LaXlRVTlSWDNwa013dGtjb00xd0NMNC0wam5LbDhwTTdjLWpxNWlZb3VaTHNodVhBcS1JTmxMRGtNckVrRnRidWhxTTYzWjhQaS1sWkhn?oc=5,Columbia University,en,Europe energy crisis oil,russia_ukraine_war,relevant,0,0,0,0,1
2022-03-14,U.S. sanctions on Russian oil have Texas producers ready to up production. Environmentalists fear it’s at the expense of reducing emissions longterm - Houston Public Media,https://news.google.com/rss/articles/CBMi5gJBVV95cUxOTnQ5OUl0UXFldjhlYXRhUjB0MlNIUjZBeG9rMkdjNzNac0xVVUxTYWFSWkxZbFpieU9uS1k0SkRxUFczWHVIRzlmTkxGOU1Ec05CcmNFODhXZU9tbWRDb0NKOUVEZmw0dDMzUGxwWWcycmhrc1BVeXQtajUxTllaR2RXLW1RdVpYYk0yMVZCUlJEaE92YWJoSFdXbFd6RnNXUXVSNy1QVGg0a2JJWGh0NW1UUmxWWEhWdV9xZnBHOGZNMmw0ZEh2QjR1LUZKdG5jUnVZVmZENXFUdFNhTWh6UzJlQTExdmd4TW5xRzMxUTNfTTdWaVZVeGZrM0planUzVHozbzJYV2hjWHRvUmxXSm42UnEzWFR1OXRwbEk4djViREwtd3dacnlrMFpOMWxBbU9vaUZwbGIwcXgzbm41QkdqR0pzSDJHY2toTTZjczMweXNJbHBqWlBlVVRraEhjNnFGdGZB0gHuAkFVX3lxTE1jZ29UZTRDQXlPODcxYjYwSkx3RkZqNnJVakFKQ0hqb1pTdG4zUHpxbGgxN3E3V0R3WXFNNkRNTWZ4UUxxU0syZ3R6NVNFQ0hCcE14SlZSMlNHajBBRUx4R0hzQk83aW1aUVFadzZENWZsbEV3MUh3Y0Vxa2E2a1hoZkFXOThpemI3dFNsSFVSTmI5Y09aYlRaczlBSUJfVDFrc0tBckZZM09keGN0Rm1RUkRpb1NfM29ZTFFGaVFvY01CSVo1a0tfUkpsem44TUdFOWlaQ202QlBkM00yZEJUakw4SDFENGZDRUs1TXkycmdBVXVMdEdnTWdoWWlXRTFGa3U1TG5taFoxR25qTmpvSjJkb2U5TUNTMmxCeGZ5OGhaRXFRVHJkbjB2RGJWXzhDSk1nT1ZEcWtwTDZwS1NRZDZJTHFvSi01a1B6ZWx0WWh3RmtLVVdfN3cwdHVncjZhWl9MTGpNZXFrLS1HUQ?oc=5,Houston Public Media,en,Russia sanctions oil,russia_ukraine_war,relevant,2,2,1,0,0
2022-03-15,How does the Russian invasion of Ukraine affect the UK economy? - Office for Budget Responsibility,https://news.google.com/rss/articles/CBMiigFBVV95cUxPcGg3dmo1N2ZsbFFXLWZzWkVwMklzVDVCLUhmblF6a213blVaZk1TNm8xSFduWE1lQjk2TjhibVVvMmNObHlBRXVnWkY5ajdwS3lVcGNMTFpfMjhPb2VfcG5xX0x3UTJDMjRLQkNULUYzQ0NlLVpBUno1bHJLZWMxSV96RkEycGx3ZVE?oc=5,Office for Budget Responsibility,en,Russia Ukraine war oil price,russia_ukraine_war,relevant,6,6,1,0,0
2022-03-15,Impact of sanctions on Russia’s economy - VCU News,https://news.google.com/rss/articles/CBMigAFBVV95cUxPTDc2My1fblVOVjFEYzhwNHdTaDM4bVo4YlFjR29yYXBTOF9QUno0QXI4N3ViVWNjZHk2TzZSUzVpNVl1dk1YVXN2ZDNtdEdLajZYeEdzYnkyS0xrR3Ftc0J6VGRvTThfeXFSZTh2eWNpT1pDLTRYYnNXSWNmRzV1Yw?oc=5,VCU News,en,Russia sanctions oil,russia_ukraine_war,relevant,2,2,1,0,0
2022-03-17,"The U.S. will boost oil production in the wake of Russia’s invasion of Ukraine, but energy independence remains a dream - Houston Public Media",https://news.google.com/rss/articles/CBMingJBVV95cUxPWmZ1R2sxWERtdlY3b1BHblVtaDJqUlRqcjBiSVRucFJQdS15bEFsWFJSUEpIV3Q3c2JXM3czZXJ0MzlLeDFDeGNMcV9WRERmN083QmtVaEw4U1FjQlhoUnlKYkE0b2FFRkc5ZDVoQzJmNjF5d0JnSkFZNzQ1YWZ6N05EZFBzbjJnTk1aR3B5SUp4THZDdmZxLXFvU3ByWTNwYWgyQ1VkY0hxTEYtNlpwY2RjUWM0NVM5MjlZRHZYRHlPMWJsalJJTjY4WVpLX281eVhIQ08wd2xmM3FjYWhqZEdiQlA0NlpLOEdYeTRPRjBCN1dTcnJyaERmaEtva2JRZUxGbEVXWmRBTlJpekNmb1JhUGp1ZW5FUUYtQU5B0gGmAkFVX3lxTE43Mm9iak14YVlkckN6bnBvdUtRcjNrRGEyTlROTk56TS1IaGxyNFlCeGpFbndIVzc2MGJBWTVSWS1UREw0MnRGS2NpTlVFRFRrMlotQ2hjTEtIemVONUtCa0t6VllyQjlqbzFxZUpoSHRIbW1yUm9yNG9NUlBKVS1SSGwyYmxVX0JVcm5kZ0xyazB0cDVMeFg1ci1wbHVUQ0dLalRTSUxqLVhyVEVfb0FnSWFSVngyQ3BpUUl4elJycTJJWS1IbTVDNXQxeWdFZ2JlWTBOWHNURDV4Q1V2M1F0ZEQyTGc4Wl9DeDBya1lHY2tuNHNvTVJtUFhtTU1tYTFIQUttWHc3d3VFMjlqNjktdWlHUHJySE9keUV5dUpiM09HcDk1QQ?oc=5,Houston Public Media,en,Russia Ukraine war oil price,russia_ukraine_war,relevant,6,6,1,0,0
2022-03-17,Can Europe manage if Russian oil and coal are cut off? - Bruegel,https://news.google.com/rss/articles/CBMiiwFBVV95cUxQNm15a0d3SExCU3VOQktEajY2R2tNOGF2S21nZzloVkhiMS1lZ2VfeGdKT0lwYVlEU2NoZFhTQTJ0eThuRElFY3Q0VE1wMzdSVEdmbkdOdDU1Wlh5Vm1ENmRJV2pPbjF1enhzWFZqNXZnMHRnMGkyakJRdjhFcm1VQlk4SHNqSXpaOXQ4?oc=5,Bruegel,en,Russia sanctions oil,russia_ukraine_war,relevant,2,2,1,0,0
2022-03-17,"Oil and Gas After Sanctions | Thane Gustafson, Mark Krotov - N+1",https://news.google.com/rss/articles/CBMihwFBVV95cUxNRmZkWE9kZmVkTFVQMzByWi1SQl9BRVUwZGtKUVdXNnplM0tfT245a29GbG9xaDJOclhpcXIzVHY3N2ZfVW9WVGtOUkRwMkhjakRfbUpzVDQ3V2xiUVlMNzV1TzAtMklXM04wek1tU0FOSklkcWhwZ2VHcDBLdG9mek4wdzVndm8?oc=5,N+1,en,Russia sanctions oil,russia_ukraine_war,relevant,2,2,1,0,0
2022-03-18,"What else does Russia export, beyond oil and gas? - The World Economic Forum",https://news.google.com/rss/articles/CBMifkFVX3lxTE1aYWUzNHNudGxIX0ZEc3R2MzIwVC1FX2luSFN6dXNVZUFocl94V3NJNFNOSGkybUttbzZKcWhJU3FuVm1iR2RzdDhLUml2d3VxUjhfbXFFX0FqdHhCcnpYR2VVNWpnV0hURmttVFdrb3NtYmdkYU1WYW0zaUVtZw?oc=5,The World Economic Forum,en,Ukraine war crude oil,russia_ukraine_war,relevant,3,3,1,0,0
2022-03-22,Africa holds the answers to Europe’s wartime energy crisis - ISS Africa,https://news.google.com/rss/articles/CBMikwFBVV95cUxPTDNOdmttZGVEaHJGeXR4bUxScjhRNGIwczlxZTh3WTVEMFd2MS0yMGlGWHF3Q0ItTmlUbENrT3JUMmFzeTQ3RkR3azczRHdtajd4Z2tzQk9HbkFZeUVVNzBWVmVuTldQNzJZbGxlUThHLXRhMFVFMkxpUWpjQUp5ZDNhUVVxSERzakpYTzBzYXVOamM?oc=5,ISS Africa,en,Europe energy crisis oil,russia_ukraine_war,relevant,3,3,1,0,0
2022-03-22,The Russian oil supply shock of 2022 - Federal Reserve Bank of Dallas,https://news.google.com/rss/articles/CBMiZEFVX3lxTE9pelF3LV9GdHhHRzh1VUNJYmtDY2lScE1mT2VRMGxueGdKYTBHVG0wblJaZ3dGUUpQMHhVMkxOc01aX3Y3am9tWDh6R19IR3lWZGZFdVdhOUl4Um9FdzNuY0NSZzk?oc=5,Federal Reserve Bank of Dallas,en,Russia Ukraine war oil price,russia_ukraine_war,relevant,3,3,1,0,0
2022-03-22,Russia: TotalEnergies Shares Its Principles of Conduct - TotalEnergies.com,https://news.google.com/rss/articles/CBMimwFBVV95cUxNeVZLRWVtNVJVTjlsd2xrYU0tU2xMOXUxUVk4VTJucU40MGFvWFM0XzMxOHRpelBMY0x6S3I4eDVRZlBUMU5qMU5jT3NIZjVubUYyanJjVEE3aGtqNkJ4cjFuSkNvLW9aRXhZLWlwMjhCd1ZtWjltUHpHRF9wNUlfVUYyazJhbFN3eUFvbXcwaWxnUkROcnhKV2Zxaw?oc=5,TotalEnergies.com,en,Russia sanctions oil,russia_ukraine_war,relevant,2,2,1,0,0
2022-03-23,How Russia's invasion of Ukraine rocked commodity markets - dw.com,https://news.google.com/rss/articles/CBMikwFBVV95cUxPLTl4UE9IYjF1cm15NTZZckFLeHFSWXJMX2ctUm43cFF0c1AwYm4yTGQxclpScXBISk9IWjRVZlpVZWhaQUo5cTlMQ2w2M1ZYdGJYY1BKU2xLYkpjNmdOOFJYNWlaUGR3MjNFa0hSUDQ0ZXhFanFMci1GdGNTQmMxVFRaMjRmaXhFal9Zam4yY1BXNDTSAZMBQVVfeXFMTjM3MkFJdGVHMmd6SGJRenI0Uk5fVnBPa3gyRDFsNWFvaGdHLXJiSXV0b3JWSFRvNktlN29SN0h0N0RRdlc4dGhPenNrc3NLdTBRV29kUGtjNkRQN0RiN3NuMHd3eDlPN0dTZkxNaGZjSVBsRXdFNHd1cE1VXzFyMEJVRWhFN1VTRDJ2aEtiVnpreTdn?oc=5,dw.com,en,Russia Ukraine war oil price,russia_ukraine_war,relevant,6,6,1,0,0
2022-03-23,"Sanctions on Russian oil and gas will hammer global market, Novak says - Reuters",https://news.google.com/rss/articles/CBMitAFBVV95cUxQVzdUR1RMWkpHWEtESnhpNW1XTzdXZndHeWItUUpjNF9tOU9BSkU1c1hiQzB0M1Rael8zLWlWcmdJUnJQN1FpLUR1VkdCOEcwdGJCTzg1M1BDeVFtOGFGZmM0LWI0ZEJ6V0NrMlZZNWZwaTZBc2FzNVAtbmh2N04xTzU1QWExZlY5eXk4NFhCSmc5MXVuRUFWSjlKVVE1bmEweURZcTBxYTJVUXlIVV9fa05nODg?oc=5,Reuters,en,Russia sanctions oil,russia_ukraine_war,relevant,2,2,1,0,0
2022-03-23,Venezuela Oil Sanctions: Not an Easy Fix - CGEP,https://news.google.com/rss/articles/CBMikgFBVV95cUxNVGtEcGp3MTJ0QmZ3VHlRZFUzWkxBYnpyMFc1dG4yb2xiNGtmV1h0b2JnRXdLUmw3MmluOFdmZUJFcWhNTTNkOVA4VEhRTFJLbmVWekxLc1NUVHpONGlCNHNaOHRtN2IzUUU0YlQ2RWlWUTF2T2VRX1RxUDJuWF9aaGJCLUk5NmxZOU9oWjlLOG00Zw?oc=5,CGEP,en,Russia sanctions oil,russia_ukraine_war,relevant,2,2,1,0,0
2022-03-25,Why Canada's oilpatch can't solve the energy crisis - CBC,https://news.google.com/rss/articles/CBMigAFBVV95cUxQYnc2aTIzV1RoMlFnS3JDTi1tNm5FbTlUQXd1MEpYOW5ZQmxMNVEwYlJWeVYzbnpyRVBRNXpzNlJKUUMteHNIUEp4RTU1WVVyQ0h3OGpyVU5QeGRFUXNkV25jM3FBb3BJSDA3QW5YYUc3ejZka0Zpc05kMU8yRUwwVg?oc=5,CBC,en,Europe energy crisis oil,russia_ukraine_war,relevant,0,0,0,0,1
2022-03-25,Sanctions Drive Russian Oil into the Shadows - CSIS | Center for Strategic and International Studies,https://news.google.com/rss/articles/CBMic0FVX3lxTE9DMWVSX2I2YWNqN1dpRnpMdVRDaVhYSUlmdWl6cUJwNTczVmZvZV9obFJWOVNUS0swNVlrUUFoRno5TVp0V0Jla1RtNWRGdWxyS2xZcm1ocEVPUmpnYmRRUFNKUkNOdm5KNkZGMDNBUXFSTlk?oc=5,CSIS | Center for Strategic and International Studies,en,Russia sanctions oil,russia_ukraine_war,relevant,2,2,1,0,0
2022-03-25,Norway Grapples With Potential Windfall From Ukraine War - Time Magazine,https://news.google.com/rss/articles/CBMiaEFVX3lxTFBXYXVrWUVnQXhPOTVlU1MyUjFqNDlmRUptTUstUEdnWG9nZWxkM1BsM0Q0SHFWN2p4TUdOUTgzcFFzT0xNaVhGQl9rNUh6Q3U3WXI5MjRYSkh5aUoxSDFPelotb1BFeXJS?oc=5,Time Magazine,en,Ukraine war crude oil,russia_ukraine_war,relevant,3,0,0,0,1
2022-03-28,Which US states have the highest and lowest gas prices right now? - The World Economic Forum,https://news.google.com/rss/articles/CBMijgFBVV95cUxQQ0s5OU5rMlFxbmliVjZjNzNPbVpPSUhHWUJ4Z3kxYlkwSlpxbDBIeDNkbGR3X1hDZnFxWnlNZ0tDWWhkWGpkRDFqaERpMkNTRkVKdkRaX21tOXJzRVEyNWlGQ1JROXB5NjJwV3ZQT2dJeU1kQS0xY1B5bFp1azd3OENLdjFfMGdibnRwQ1Nn?oc=5,The World Economic Forum,en,COVID gasoline price,covid19_pandemic,relevant,0,0,0,0,1
2022-03-28,EXCLUSIVE Russian oil firm shuffles Venezuela assets as sanctions bite - Reuters,https://news.google.com/rss/articles/CBMiuwFBVV95cUxNZnc1RkZRamlDc3R3WmM5SzBWVUYyLXdibGFkN2ZPQmhMQjRFam4zb0dnVG5PU2RfQlVIYW5WMVVWWTNhZEJ1NlBvN2tGbFFTZ1dfVDI5eXhiNXhrWlVhSUI0U2dHS2cyeWx4X2V6T2J0ZUZEY1BGUTJCdFM3QlVlc0ZkZVdRN003ZUhSZzJUOGRpV2MwMTVjR3dIREZONG9XUVlycEhWM0hpMUhnTU1taFJXTm9CR2lqai1v?oc=5,Reuters,en,Russia sanctions oil,russia_ukraine_war,relevant,2,2,1,0,0
2022-03-28,Russian Cargo Ships Spotted 'Going Dark' to Evade Sanctions - VOA - Voice of America English News,https://news.google.com/rss/articles/CBMingFBVV95cUxQeGxlQkNZb3puV3ZhU2pDQWRBTTkydHo3Wm9ZWGtkWTRaeHN2Wl9GTWZORnpEaHhoX1JaQzB6WVZHaF9JRklkSC1iRHg5d0NqUDVEWnM4M2NtTGVxaExTY0trd2laakhGU2NmWFppd3JoWmNNRW5wdDVOUm9TSVpMYVJwM1o1SzF4X1N2UGh5c3gyekw2S0E5OGNwckh0d9IBoAFBVV95cUxOdVdIMTQ3WUxnQ0d3UGNBb1NFNVliV3dCN09mbDlyVzkwVG1WQzZFT0dpM0dYc3gtV2FuUmctaE9SYllZQkFuSUFwVTJ3M1diVmdja0V4MEI4NUQ0ck1ycHI4a25DdWdCTHdEMFpobzdyUmZKN1lzc0stTHJ0MWZGT3ctQTlzcGkwSC1UT2NzeWpHcVdyaW1pSWZEUVZRUDRY?oc=5,VOA - Voice of America English News,en,Russia sanctions oil,russia_ukraine_war,relevant,2,2,1,0,0
2022-03-29,How the Ukraine war impacts Latin America and Caribbean - The World Economic Forum,https://news.google.com/rss/articles/CBMilAFBVV95cUxPd1p4Tl9BX3IyRXRlSlVMcUdiY0ZrZExkdU03LTBCRWtBVGNrcVBfZGpYamxUT0hXTFJUX1BmdjEya2dRZzlXUzBVT1JOZ0ltejBzZGJTWlI0aThFcXpFYkE5RVB1QnVmQ3BYTzIwNXdHRnl4Qmdqc0szdUU1YUszanRqTHZnRUFuelJlV3RVVnFMNXVN?oc=5,The World Economic Forum,en,Russia Ukraine war oil price,russia_ukraine_war,relevant,3,3,1,0,0
2022-03-29,Why paying in roubles for Russian gas and oil might matter - CEPR,https://news.google.com/rss/articles/CBMiigFBVV95cUxPSkI4a3dLSEozNmdSLWxWdGN0b0ZtZEVuYmtLVUl2WGpYR09uZ1d4bzRVU2NDY2FTdXBhY2psZ0g0UHZzd3h3MzJuSmhneVEyeHBidEdQU1cyUDVCdDRmbi1qdU1MUU1IcnE2eHBrTU1RR1drZDdiMFY1bnpleHQtWFhtb0hWT19WZkE?oc=5,CEPR,en,Russia sanctions oil,russia_ukraine_war,relevant,2,2,1,0,0
2022-03-29,List of companies still buying Russian crude oil - Al Jazeera,https://news.google.com/rss/articles/CBMihAFBVV95cUxNSXlYTHpyelJXZVhOdHpsRUdtdF9SWUIwcG1wd3NzRjFiS3dMT2wwaVpkckNERkRIMW5mU3dJbGZYaS1tb29aeDQ3UExCclp2S0RNRVExTWp5V0Raa3RNbjY5bUV0T0tfQklOTXdmU2o0NUozMDhOdzUwSWdiQW00Q0FBOU3SAYoBQVVfeXFMT1V5bkVGUTRkS2k0aVY4V1hCa3F1UFZXWDlyVGVXWkF4dmM3VllFUmlXNDROVjNqV0YwSy1LTklBd1VJdmRvREh5LWRJc2t2UHpTNVQ2TTJHS2tjNWs4OTlLdlQ3clFUNUVTZS1keHB5MEZmTF9iLUxYX0ZNTjRxZFJTaC01c3REM253?oc=5,Al Jazeera,en,Ukraine war crude oil,russia_ukraine_war,relevant,3,3,1,0,0
2022-04-01,Why Are Gasoline Prices So High? Ukraine-Russia War Sparks Increases Across U.S. - WSJ,https://news.google.com/rss/articles/CBMijAFBVV95cUxNN1ZObnpETVYwTHIzRjFrbkthSUNPakdyaGROdzFyYmhiczE0STdNY1Q3VHZ4WGRTdzQ4dHpEX1huLXdzT3FiYWNhQWViVm1qYnpjRFBBMjE1ZEdSQnR0Q0FXNGJDdk51R3FubnQ3WjJ1V0tXcUtrcTNiYWQzTkFlUjJZeDZVMVJPbE80Wg?oc=5,WSJ,en,Russia Ukraine war oil price,russia_ukraine_war,relevant,3,3,1,0,0
2022-04-01,Sanctions and the Economic Consequences of Higher Oil Prices - CGEP,https://news.google.com/rss/articles/CBMiqAFBVV95cUxOUm1JbmNmc2ZhaVpsamNrTGRFb3Y1dkk1LWpVQW5OcGdUY00ySkpWVnc5WWtuTU54cXJmWVR3LUlqVTVXYW10T25FdmlhclF6VUhBR3lnMnRBT0ZBa3RuMnZLd3ktT3VXZkNZY3BBUVlYazZLZDhPVGZ4Mk4yWEJCUWlJTC0wY2FGWHVmMDBiRW5ORjB3bXZlTmkzR283NjlHbU0zYVJsUnY?oc=5,CGEP,en,Russia sanctions oil,russia_ukraine_war,relevant,2,4,1,0,0
2022-04-01,Russia is one of the world’s largest exporters of petroleum products - but what exactly are they? - The World Economic Forum,https://news.google.com/rss/articles/CBMimAFBVV95cUxOZU5yZzZvcHg4ekZ6M1FNYVJ3R29ScDJrRWhBMkF2R2g5OHZaeEpHLWtQcXhPMXJvWW45aVZIdDFsM0ZVQUMyb082cEt5eTNvWU93czZERm5NX2FweEZ0SEhDalhiZEJNVk5HdlFxNHNNVHRiWGtrcklGY2FtYXczV3JiWlFheWNFaVZSQjdYOXh6TWs1UU53SA?oc=5,The World Economic Forum,en,Ukraine war crude oil,russia_ukraine_war,relevant,3,3,1,0,0
2022-04-05,"What the war in Ukraine means for energy, climate and food - Nature",https://news.google.com/rss/articles/CBMiX0FVX3lxTE11N3FLTFlsUmcwMGxUbktlenN5S29rSHpRSTBWdEd5TjRxdnJ2RGdzZXhPN0ZqR05NZVdKN2F5UXUwc1UwUG0tcDIzcGZzUGRVdFctTTA2aktaQVZMb0hJ?oc=5,Nature,en,Russia Ukraine war oil price,russia_ukraine_war,relevant,3,3,1,0,0
2022-04-05,Saudi's record crude oil price for Asia shows Russia war impact - Reuters,https://news.google.com/rss/articles/CBMiugFBVV95cUxQdTN1TnEzd0YtXy14SEt3N0p0djVrd1lDUE5xdHcyQU1La09BSzFXNGpkSThNMmJ4U00xMXloYW1jdVpsbmtGd1NjZVZhUER4RV9PcGRSdF9DUFFqZGJvc0VZZGdlMXl6dUxuRzVhenQwTlJ3aHZ2TEVtdHNNaWpSd2NoY05wOU5ValZEcFBwV0RfVEJpOHdIdDRTLU4yNldTQ25yZndFMlI5a19ZRnFiVVlXSWJadDF4akE?oc=5,Reuters,en,Russia Ukraine war oil price,russia_ukraine_war,relevant,3,3,1,0,0
2022-04-05,Who is buying Russian crude oil and who has stopped - Reuters,https://news.google.com/rss/articles/CBMikwFBVV95cUxNWXZWX2V5MWppajJfSXpDRjVySUpuREI0VmYyUFpaS25ac1NOUEtWTUl1SkZJRy13bnpHYzBrZXVUSTBUVkdQeHEwMUgwdzc3VW9qTGcxRmIyMG41TTFXWUVPVkFEb19kYjdINWxHRXBLTTZUUVowbmozdldaVHNVQ25TSjBOQUtadHJSR3dIMnRvLVU?oc=5,Reuters,en,Ukraine war crude oil,russia_ukraine_war,relevant,3,3,1,0,0
2022-04-06,This is what no Russian oil and gas could mean for Europe - The World Economic Forum,https://news.google.com/rss/articles/CBMiiAFBVV95cUxPNmI1WEdKTHFCam5TVG9PT09Ta0FLODJ0dkRvaGpYVjYxUW9JSWk5UzRVRzlwUHVLUjd0eUxfbzJUNHN5Z1lmTWpVUFkzbFFZTFhEMXJPNnlvd2MwUFNyVDhUTmFLdW9XSy1xRWF5Y1d0NnpkRFZkVjc3UUZpaFo0NGN0c0dUYW1k?oc=5,The World Economic Forum,en,Europe energy crisis oil,russia_ukraine_war,relevant,0,0,0,0,1
2022-04-06,"Yes, Russia’s War on Ukraine Did Raise the Price of Gasoline - Cato Institute",https://news.google.com/rss/articles/CBMiggFBVV95cUxPZHdxZzk2cXd3Z0dDS2VWZ09JWThXTmZmTkNELWZRSkg2UlIzT28xM0x1MW1MeFdGT1YyeVJQbUw0OThkUGVnbGwwNl9BNmFvMUpBbEp0bEYxa05SQ1ppTXBHNWVhMGVqbkhmYTFuVnBMeHVTMkgzUnJCMzB2TDZTRkxR?oc=5,Cato Institute,en,Russia Ukraine war oil price,russia_ukraine_war,relevant,3,3,1,0,0
2022-04-06,The Ukraine Conflict and Other Factors Contributing to High Commodity Prices and Food Insecurity - USDA Foreign Agricultural Service (.gov),https://news.google.com/rss/articles/CBMiuwFBVV95cUxOc1pnR014TnlvU3hRV1dCQXRTeWxkRnRQUDdSVjBiNzlES3ZyTklPcGgwRHVEZkVEc1g5Q0pTajZ6QTVZV2VueGRuUFo0TFFaVk9JQWZTRHdJT015QmJ4bXhQLVdjMjlja0d1V3VzY0VVLUN4RjhqdG5kRDNyeXVER1Q2WTdVbWdLeXQ5ckJXQUZuY01QUzc2T3lKVHVPNklPZkVfT1Y2WWNNRVYySXFZYnFfTWRkamMtaWZR?oc=5,USDA Foreign Agricultural Service (.gov),en,Russia Ukraine war oil price,russia_ukraine_war,relevant,6,6,1,0,0
2022-04-07,Soybean oil demand spikes in Japan following COVID-19 - World-Grain.com,https://news.google.com/rss/articles/CBMinAFBVV95cUxOeEVFMGhkRHZuXzI5cUFUVjhqbldBLS0zZHMyS2Rhai1CR1BaZ0FrVTNySXFZeEl1OThUcUxoQ1FUOVZnRWlhR0NUcVI3Q3dhY2pkNzZONkJ3TFcwU3huMXV2UjZrM0d4ZTVHY3dRNUcycWlvNHNncmVWS2lqbE9TVUpRZHEwZWZUOS1KbDJFcDBaTDl0MXRjTmpIaGE?oc=5,World-Grain.com,en,pandemic oil demand,covid19_pandemic,relevant,2,2,1,0,0
2022-04-07,Oil industry pockets €3 billion in EU profits at the pump since invasion of Ukraine - greenpeace.org,https://news.google.com/rss/articles/CBMi3wFBVV95cUxPT0UwUnluRS1lVEpZNnVxa3dEeWxmcUVHMFlaZlhUcmF1N0R2LXhfaTlISjBQcmstemZmS1dFTFVGM2tLel9KdUlzaVFtZW5yRmFaNDVGaXRlMXFsWE1VbkNiNTEtclM4d2VXRlBERk5OYk4zUUpRY21QQ2VvVUJUZHczdHR5dVVsUHVCTHBGRjRsWEU1cWNZSlVaQ2I5V3JIMk5xZVFQbFpiZURfQmxVekZUODdsb21HSVdGcS0za1NFS1RkME9abFRvbVBUVWJrVWRLcUtQSjFwd3laYW1B?oc=5,greenpeace.org,en,Europe energy crisis oil,russia_ukraine_war,relevant,3,3,1,0,0
2022-04-07,Minister of Oil and Gas discusses activity of Total Energy in Libya - The Libya Observer,https://news.google.com/rss/articles/CBMilgFBVV95cUxNQzhsdTBjaFNwUTdpU1JMT3FYcGl2VnN5VWQyc3MyN1RvNENSN0hHLTR0ZjJpUHVBcF9JRXFfeEJTcWRHaEFhWTNtVGc3blNSLTNXSkJ1eW93bmNBSTNldXBWM1dfb2k1UndPUFozSkROejZUQk1Qb0d0Zk12blEya1REcHdXelppQ0NIWVFMRDVpUUg0bGc?oc=5,The Libya Observer,en,Europe energy crisis oil,russia_ukraine_war,relevant,0,0,0,0,1
2022-04-08,Is Today’s Energy Shortage Worse Than The 1970s Oil Crisis? - CPS Fuels,https://news.google.com/rss/articles/CBMikwFBVV95cUxOTkkyMGhWTThmYzZMRXlzZnRBRjl0T29PaEowcEFrc1NxWHM5cHphdG9EQ0RKamNiNFd6YnFBSEpodHpObjJYelE3T3otczEzWlFVQm9lallSV0RYd25LMUVnNlA1eXAxdUw0YkFaTkJ5dVg2SjJMdTJIS2FHVlVYdk41RkFqeFdZRHBDRFI3aW43c1k?oc=5,CPS Fuels,en,Europe energy crisis oil,russia_ukraine_war,relevant,0,3,1,0,0
2022-04-08,India: Is the war in Ukraine behind fuel hike? - dw.com,https://news.google.com/rss/articles/CBMijwFBVV95cUxOQ0lMV3pReDhhZlB3ei1hWWRDUVk2bkdFS3dwczNYVjJIV1VkbmV0WTQzbGRydTVTS2ZSYTJvVnNUYnhPbDBpcFJLWnRPNW5ORk5RSU5DUFR0Tms3RDRHYVVvNlpnQmpVU09KRk94ZS1nTVczck41X0FfRmJnamxFUWZKbUpBbXdhTk00cHBuMNIBjwFBVV95cUxPVGF5YU5yT1NUblJuWE9ENTBkOGRucE1iMlg4N2ZvY1JZY1FUcU5RS0FPWG9XNjZaUFBSUUhSMnNNcHp2enRlUU1na005YWRwZnhoazVPR09pQkswWDZSdzFZN1VyYTlUVzl0NGJMOXg5cDNSRHdXeEgyRXVwc2lNaFRYaHBfSFJYQWJTRElGRQ?oc=5,dw.com,en,Ukraine war crude oil,russia_ukraine_war,relevant,3,3,1,0,0
2022-04-09,Price Gouging and Gas Prices - CT.GOV-Connecticut's Official State Website (.gov),https://news.google.com/rss/articles/CBMibkFVX3lxTE9nOS1SV2V0NnJ5d2pOZ2oyWXRPQi1QSmk1VEh6NW9TbTZXWGlTZHpyNE9vSDVPM19qUXJ4TWR1VFhJQW5GTGx2akxCYzZTNXVnT2pZZGhySE5KOHdRbjUtd05HM25sSkEwZkx1cUhn?oc=5,CT.GOV-Connecticut's Official State Website (.gov),en,COVID gasoline price,covid19_pandemic,relevant,0,0,0,0,1
2022-04-11,"President Biden Signs Bills to Suspend Permanent Normal Trade Relations with Russia, Codify Import Ban on Russian Oil, and Reauthorize Magnitsky Sanctions Law - White & Case LLP",https://news.google.com/rss/articles/CBMivwFBVV95cUxQeEJsazRGd3kxVjNXd0ozcWJGaEVjZ1N1cHdrVU51MnVLcVQ5cFZWTXhhMlhoTFcxbkx0LUtNRlBIdFVXNnNVSVE4MjdTU2tiQXc0YVVtQUxzZ0s1bHRtNDZqM01vTjZ4OEJ1OXlpRDVZZEcyZDB5OHZGWmlXZXU1VTBwcDQyZnE5S205Z2lhZE93Y2ZNV2dHY3lIdFpRVEZPZDZNcTJmSGVZc1lSRTJaX2VWcW9JVG5NeFA0WDh4cw?oc=5,White & Case LLP,en,Russia sanctions oil,russia_ukraine_war,relevant,2,2,1,0,0
2022-04-12,2022 Press Releases - Russia-Ukraine conflict puts fragile global trade recovery at risk - Press/902 - World Trade Organization,https://news.google.com/rss/articles/CBMiZkFVX3lxTE1nWGp6cjdSRnRNTFZyV0NLZUVmRU4yay1NZEQzamVrYTF3aDVIR1pBMzMyLXZDbDlaWk44cTY3WkYyVTkzbGJnVmIybWV3ajdfSU12UGt4c1lFOFRtU25vc0pnTXM3QQ?oc=5,World Trade Organization,en,Russia Ukraine war oil price,russia_ukraine_war,relevant,6,6,1,0,0
2022-04-12,Marine Le Pen says she opposes sanctions on Russian gas - BBC,https://news.google.com/rss/articles/CBMiWkFVX3lxTE1KNThtcVlieEcxalhKNjQ3ZnVNMXZ4MmFnNFlocEUtVTJRV2ZmWUhDOEpJblFuWU1GUS01MHlsRGg3YzFLbXpGWUpYSGtNQi1PbzBDQ3N5R0RSUQ?oc=5,BBC,en,Russia sanctions oil,russia_ukraine_war,relevant,2,2,1,0,0
2022-04-14,Oklahoma has only slightly increased oil and gas production during the Ukraine war. Here's why - PBS,https://news.google.com/rss/articles/CBMivAFBVV95cUxPWDFxcDlPQ0RtYVZIcnhlQ1dwOEhsQ3gtLW9XR3ZILUh3ME1EWlIzOWQ0Vkc3amxTMkk1ZEh3cko5djJBNWRsaGFhV3lqSjZDektvdW5HWmxJdFQzWF8ybXJzWXFab1ZNV2ZpcmpVZlJjVU9nRHZIRTNYcUhEOG55OEhIZ0R5dFVOclVCeXVNRFZuTzc5OHRpVEFGX3I4NGloRzBQMU03Q3h3STdhTFJNRjdoNXhoUXFJR0xrdNIBwgFBVV95cUxONlFQX0xocFpsZTBYVEc3RDRMaGwtdVktcmxCNEtaQTNzdHR5RjhOeXJVVzRlS05PRmtvTWVLSTY4R1hlOWs0U3JnTmtOQ1VMZkliRzdRUVVLNEhnTVZMSndXUUVSZlFuMGF3VzRHS0xBbWJBUkRRU2NCVWl1QzN2ZWdBZFB2SjFnUjN2d2RScjBNUzRqMzdmRHRrbVF5VERPb0RiOV8xejJ2djhtWG1JaFdkNUI0YXNHZjBpZXh6RXlLZw?oc=5,PBS,en,Ukraine war crude oil,russia_ukraine_war,relevant,3,3,1,0,0
2022-04-14,Tapping into the oil reserve - Northeastern Global News,https://news.google.com/rss/articles/CBMidEFVX3lxTE8wUzIzRXVKSFI4c1dLSERabTRIU3otTXotT0FVcUNFcTlQdHFBajMzZHgyM0FHWmh6cmpkVFU2ZEs5ODc0QkxZUERKQlF2ZVc1MEJUdl9pXzNqVEREVV9aN1VRZjE2Um8wdGxIREhleEtfRzNv?oc=5,Northeastern Global News,en,Ukraine war crude oil,russia_ukraine_war,relevant,3,3,1,0,0
2022-04-15,"The Russia-Ukraine War and Global Food Security: A Seven-Week Assessment, and the Way Forward for Policymakers - CSIS | Center for Strategic and International Studies",https://news.google.com/rss/articles/CBMisAFBVV95cUxPWFNESTdldEJOanhHN2pNNmJ1cVd3Q0RMYWJPdHRQaWViSjg4T0VBajAwU3BRelFUcHBxNVVHRjZRaXk1ZTVKdVAwNDdaaHMwYTR3dUZlQ1RWdFNBaTU2cEZqb0I4dzg0cFp5N3AtVElkVGFwZThoR04yY0RRV3lLN19lemZPYjJ5TzViZHdTMVloWkdocC1sQ1lyd3hQREhFenY2cy0yajB3VGtGTDhPOA?oc=5,CSIS | Center for Strategic and International Studies,en,Russia Ukraine war oil price,russia_ukraine_war,relevant,3,3,1,0,0
2022-04-18,Nigeria is both a solution and victim of the European energy crisis - The Africa Report,https://news.google.com/rss/articles/CBMiqwFBVV95cUxNbUt1Q000UnlPcDFQRk5JeWNraTlQRjJUV3FVVXN3VmFJZGF4M21zcTkzLUZ5OThLVVhiZjc4a0NaX0xwT2ZWRnFWbUgwUnhkR2M2NUlxdEVHeGN4d3RFYVdnanRHaF9KbllLeFlCRkhpZzJwcEwyQ3Q4Nzk4MUpJb0lfUEs2Ny1pdjc5RkNhM0s2UGNpa3Rib1V1VVVZNXEweVRwMGZiNXJFV1k?oc=5,The Africa Report,en,Europe energy crisis oil,russia_ukraine_war,relevant,0,0,0,0,1
2022-04-18,Oil rises over 1% as Libya outages add to Russia supply fears - Reuters,https://news.google.com/rss/articles/CBMiqgFBVV95cUxOUGlsZlV6T3lPRmFpcVFxUGlSVXFBSW1kTTh6Y2YxeG00WWl0S2dYT08yd3RWTWtTZnR6Vi1HeHNqUVZBMklYYkJkdzB3cEwtZVY4cldGZ0lQaWZIZXdIRW0tMWpxZzRvNXU4ZUhRZGNPNnJWYVlHRGZvNnN6dU1USFVnSTREbms4T3RvVlpJRUhlYjY4LU1IWEUyQnB2VkVwLW9VWVdOWU9lQQ?oc=5,Reuters,en,Ukraine war crude oil,russia_ukraine_war,relevant,3,7,1,0,0
2022-04-19,Will war in Ukraine delay India's green energy transition? - dw.com,https://news.google.com/rss/articles/CBMimAFBVV95cUxOTFBNdGxWTFNHMGVLTDVBaWtTYV9zSW1CeXNjSHV3Vi1SUWtiZmQ4QnhHV1N3LWFvdjlKTnZSbklXTUZtUXk3VmN0S2Y3OGFHREVITzNPMTQ1X1p2ZS1WZTlFalFfVnp2SVFlVWpqd09jSllNbmZaR0N0UjA4LVNOYllMQ2QxLWp6N2Vpd2dValpZeWJhYlE5YdIBmAFBVV95cUxPblcyMEZjMGprTjVCLV9XMFM4MUpPN1h2VkNmZi1odjhlMDM1dG8yQXp3QXo2LTFjRS1oRXVvTUV5M0F0dlZzMjRhcTlOal84RG5xSlV1VDVDa3lIQUhLcmstUmRSWHJHYTlOZW1UZjBfR1ZHQWY3Z01wc2J2SkV4OGRpenpaSF91SnVzSldveDh0a0xTVUwwdg?oc=5,dw.com,en,Ukraine war crude oil,russia_ukraine_war,relevant,3,3,1,0,0
2022-04-20,The International Working Group on Russian Sanctions - Freeman Spogli Institute for International Studies,https://news.google.com/rss/articles/CBMiXEFVX3lxTFBsdENvc3luU2JONEE4RWlYS1gwRlhfWmtqaGN1MkNSdkQxMjFlYmRRTHlUdVppOElFTVJTSWsteGl5eGNPNGJZc185aW1KWjN0OGlfMmdncmZSM1dH?oc=5,Freeman Spogli Institute for International Studies,en,Russia sanctions oil,russia_ukraine_war,relevant,2,2,1,0,0
2022-04-21,What's the impact if Europe stops buying Russian oil? - CBS News,https://news.google.com/rss/articles/CBMiZkFVX3lxTE5TNTBTemtuZ0JHYzJyQkJpMVVmMG5sT093YzZ3SlRKVTREUm9TMFRLc0ktU2plWG11X0hkNzM1aXlrWDJtdDZmN1c4R2N0WFBtV01RSTh4Q1hqSWFxbVo3bVZxUF9Zd9IBa0FVX3lxTE5CTHVLdTdMaEhqLWdQdzJLUTZZajJGS1lZczhCY1Jyak1lSTkwSDliUW5DRjNlSFgwQ1UwOUxQa2czaDM0cElHQkVsYlg2eG1BVE1hQVV3dnJXZGNkTFQ4bXZoX3J0U252bGdV?oc=5,CBS News,en,Russia sanctions oil,russia_ukraine_war,relevant,2,2,1,0,0
2022-04-22,How Russia’s Invasion of Ukraine Will Impact Africa’s Energy Transition - Council on Foreign Relations,https://news.google.com/rss/articles/CBMimwFBVV95cUxNTDVNUG5OWGNlakliVlRVbmdFR0F2b05wVDYwcUFOTUtsUTJEeTV3cDdZbGNqcUdvYWotN1U4ZUo1cmVVOVljU2FEckVxZmIwRnRHX2hKTkxqdG5fY1Q2aHlrT1NYV3duNDBXOE5lX3R3Xzc0QTVVY2pnTjEwQTg1SHZTQzNtN1JMemd3MkFmTHNqdzg1Mzk0dEtXUQ?oc=5,Council on Foreign Relations,en,Europe energy crisis oil,russia_ukraine_war,relevant,3,3,1,0,0
2022-04-22,"Despite U.S. sanctions, oil traders help Russian oil reach global markets - NPR",https://news.google.com/rss/articles/CBMiswFBVV95cUxPRFppdlE2RmhEUlFIWVg1MzdNMmdFem1TUEc0azF2T3hiWnVjaHdJeFhHSkYzcmxSWGljV2pQd2tqam5nN3R5NmxNVEtkVlhPc1luczl2ZHEwczFPNjRkY0syT01qOE02bC05TnFHbi13cER3cXp2V0tsN0F4S3VES1ZNMUw5d3lmZHRaWlR0aTJrZjdZbnFrektpZ01YWXNTd0lmTmdhMTJSclNWYWF0aGVjNA?oc=5,NPR,en,Russia sanctions oil,russia_ukraine_war,relevant,2,2,1,0,0
2022-04-25,Oil falls as China’s COVID-19 outbreak imperils demand outlook - Al Jazeera,https://news.google.com/rss/articles/CBMiqAFBVV95cUxNUi1sNENTNWlSVWxUTGhHYkJraklYaGQ1SGdOb2xxQUUxb1N3QndqUk9zX3ZSbS1yMVBuTjRlV3JwOE1SVDdkU2Ztc1drdlFUZjhINjlXUFBhbk4ySWpCbWRlNFU0WEJjUElUXzdkcXVubW1VVTYyR2VkdXRRT3A0TGdodnZTVUtOSF9LLV9JWkdDaHFQVUFSdTgyeWZ1azFBVWhTV3M1VHbSAa4BQVVfeXFMTmp6YVNwUVJZV0NIei1kUEJaU0tFdzdQbjdyRjI1QnBzQmtGVUFmTUlYOWVaT2JmaGQ4eEk0NDRNODd5RW5femJpVWl6TWFfWFh2V0ZtZ25tY3RvUGowOUdKczNIdWFHTkJ5NnVHSzFvV2x5ckVaTHVCdUs1el80R21pSWJfanRLOVRyRVloTlJZRk1SMlJhSW9sUGZfSWpjVVg4RVJrdklwX3BZbFJB?oc=5,Al Jazeera,en,pandemic oil demand,covid19_pandemic,relevant,2,-4,0,1,0
2022-04-27,"Far from Ukraine, Putin’s War Worsens Palm Oil Crisis - Boston Review",https://news.google.com/rss/articles/CBMilAFBVV95cUxPdlZHM2dpWWNTOWJLTUJCNkJsaTI0Qi02dE9mRHZHV0VzSEU5cjc3NVdENHNxUzBpMzhDbWFBRUtVRmcwZU0yZGlpblV0cGlsQUxnWU8tVDZOZmlFcGotc2lxcjA1WGpJanh1aXFqZ0pxMEVLdTRKQmVXOVdQS0h5WHFLNDRVcHZoNC1fVkNsYzV1QWxB?oc=5,Boston Review,en,Russia Ukraine war oil price,russia_ukraine_war,relevant,3,3,1,0,0
2022-04-28,"A divided Congress grapples with rising gas prices, COVID relief and immigration - PBS",https://news.google.com/rss/articles/CBMiswFBVV95cUxQb0ZYOUZfdzFwME1TcVViSzd0R2VyeE5PZ1F3ZUxKaUlyLU9xSmtDQ3h6SEh3eVozQ0xRcWtjeDE3dDFfWV9CN3ZaZTBSaFJUdDJPd083NVNtQktvNElXTlk5bHlTXzNUUXExOENFcjRsM2ZKMHNaLWZYc0kwNFY0N2JwM1A4bW5BNXdUcTRSdmkzdnBLRlUtd2MwR0tuMHNrb1NEMGI0RFpYb1FqeFB3S2d5VdIBuAFBVV95cUxPdFNzYjBwWmtDOHMtZWhCVkZsTVF4aWpLWUtSTGg4X3h1dkVKZzE5MlBrYWlkdjhWQU5LdEdJbG14V3RSLVdVaVQ1clVOb2V4cnROWlM0dVBkMGRDRUlxcFpRLWdpa1l4aENqS2Etc1hCdmZzWkpIWXRVdUIwLU54dzVNRUQyRXc5THFYVi1nWERkbzZuRGJnSklsOXg1cVJnMmNQYVZhVU9XU05sT0NPdE5LYU9NYmE0?oc=5,PBS,en,COVID gasoline price,covid19_pandemic,relevant,0,0,0,0,1
2022-04-29,How a European Union tariff on Russian oil can be designed - Bruegel,https://news.google.com/rss/articles/CBMikAFBVV95cUxNOXBuSWFidnZUVWZpb3ZwMnRFVnNfRmEwb2tRREdNcHhEUncyUXVXSFlEVUZybXh3QVRFcmJabHFWbXVRa21xR3QtVklCUzFRVUZWUVZPem9YYTNyQ09TSlZKUGFLM0t6d01DSE96a1VQN0Y1Z2RZaVMyN2tkWi03UTg5T2h6M2dueGNBalFSR0M?oc=5,Bruegel,en,Russia sanctions oil,russia_ukraine_war,relevant,2,2,1,0,0
2022-05-03,The impact of the Ukraine crisis on the global vegetable oil market - IFPRI,https://news.google.com/rss/articles/CBMigwFBVV95cUxQZGRQT2lrS3Zzb3FlWXRMOXNoUkFjX1lNOVk3cjR4SVlBM3JEN1Q5TVlJUGhTQXd5OEppQmY5Xy1sUllSUXQ2OXVGcEwzVTB6ekp1SG9DU3BQdGZTSHAtQ3FWaHd4eno0aWlrQWZDV0dMalNaaFpaQURpN0JGMmJRVURiUQ?oc=5,IFPRI,en,Russia Ukraine war oil price,russia_ukraine_war,relevant,3,3,1,0,0
2022-05-03,Europe Is About to Ban Russian Oil: What’s Next? (Published 2022) - The New York Times,https://news.google.com/rss/articles/CBMif0FVX3lxTE1iMzlqM1p3NnhqTU9ibHlIaWFaZVVxZnNFWW5DODdKSHQ4NEg2YlNZTUI3NENIYkJVT3MwUHZEODg3aXRJbVFmandVOGJkQWhVVzFWOGpyR1pfTHlVUVJ5dG9WeWNhUjE1TUpad0dNanJRalBKZy1PWERURmY4blU?oc=5,The New York Times,en,Ukraine war crude oil,russia_ukraine_war,relevant,3,3,1,0,0
2022-05-04,What Europe's ban of Russian oil could mean for energy markets – and your gas prices - NPR,https://news.google.com/rss/articles/CBMimgFBVV95cUxPOXBOR0x2X0ZEaTdxWTRyVkFldUo5SHRKLUFXbVV6NXhySVVzbzZFa0VQS3RkSWh4SzRaNXFMdkRDeXpKNGRDOE9pZkFJSTVGZU9YZGtnWG92bHZURFZReFRFdldYam9XdDBpcTNjMURGRVFKblpoTjVOS0dtdkU2VEQ5WTVGNzAybnh1RTJzVVFRemYtTUJ0cEVB?oc=5,NPR,en,Russia Ukraine war oil price,russia_ukraine_war,relevant,3,3,1,0,0
2022-05-04,E.U. calls on member nations to ban all Russian oil - PBS,https://news.google.com/rss/articles/CBMijgFBVV95cUxQRTh4WVJtanRsXzVUbDFmbDNWOHhpTWFBQm9mWFpSRUl4YUloVnc5ZDc5aEpBVmVBSXZIdEdxSnRfWmhydDFxVFY3czB5UlhVUEJNV3J5RFJPWGdVTjA5bXU0OXd5M2dpWVRwWUJvZElrNFpqc0hld2tyYjZNZUZaRlR4cEdhUHVWcDZSa2ZB0gGTAUFVX3lxTE5LQ1VMSzU0cmlMNnJpcmt5Zk80WkFmTkUwVUlRNlpXc3FESzNaOGprWC1IQk5tWGI2dHJ2QUxtSkNEc0dIRjBFZjdmY29RVzlSZlJVajZ5OTMtT2lISW40NzlLWjdoMDZmalNaeE9OMnNpMDRsRXVyQjRaSmM1Qk14X0pHV0NsMlU4eVp5Nnhmd09UZw?oc=5,PBS,en,Russia sanctions oil,russia_ukraine_war,relevant,2,2,1,0,0
2022-05-04,Ukraine war: EU plans Russian oil ban and war crimes sanctions - BBC,https://news.google.com/rss/articles/CBMiWkFVX3lxTE93LTR4WFZIMVZwRnowM0xUTGU3ZzRGRHhVbnQwWWJEVmhTQjFPYkdrUnFIaVRFUXNvRTR6MjFFSmlBVUk1d0RlUWRLSG1fcGxyNHZuajlPUDEtQQ?oc=5,BBC,en,Ukraine war crude oil,russia_ukraine_war,relevant,5,5,1,0,0
2022-05-05,Commodity prices surge due to the war in Ukraine - World Bank Blogs,https://news.google.com/rss/articles/CBMijgFBVV95cUxQTnd0VWFZek52MmlpRDZ5ZE9zdzlJNVdtZWlEalRvSGg5SjhwbFc3Y3JHQkU0UFpwLTU4b3Q1N2J3NXNNQ0t0bWFZNTU2aXVCRjJEb2Z2eXZtVEtabXZ2ZjUtaVRkREJxbHE1UjdfZVZWZzdCei1yUjdaNExkUWIzejZha3B3ekR3TURJMGp3?oc=5,World Bank Blogs,en,Russia Ukraine war oil price,russia_ukraine_war,relevant,3,6,1,0,0
2022-05-07,Will high oil prices derail Middle East reforms? - dw.com,https://news.google.com/rss/articles/CBMihgFBVV95cUxOd0FudEpfUEhxNktkSTJ0X05TU0c4eVJST3VwQ2p1QmdndjJ0bHprSUc4cXU0NXlVZlpjM2JNcVI5ajNVUjNxMHVmbEQ5akV4Si1WQ2VYWjZoTjFnZXRWWFI2QUtEZ1FIRUlnazRnYlgwTlN5X0dfcDdQcEZtQURrdndKYjYxUdIBhgFBVV95cUxNVEhVYlNuWDZRTVlMOWZKTlZEUkRwOVJSZnZiNEVXNzV1YmFrWmd1cUJ2R2JpTGVQN2VWQWtzbVN1YlpmbThuSUVzeXV3aDBLV0UtNVlWLXBYQi02bDZGN01mdnEwcnBEYmlSekJROXp3aEdNdW1FOGo0RVVNSFdWODdCekM3UQ?oc=5,dw.com,en,Russia Ukraine war oil price,russia_ukraine_war,relevant,5,5,1,0,0
2022-05-07,The war in Ukraine is rocking the market for edible oils - The Economist,https://news.google.com/rss/articles/CBMipAFBVV95cUxQcG9xQjIyNnZEcXY5N09sWmt0TllhQ0IxVkFmdWtGNTNkNmp0M0p2X2lLMjIwekpHb1k4Y2dQUlYxWXNKT3NEd2IyUnJxcXl2RjZVbWZDYXZyUVFicmR0Mkg5LTJXeUNmOTNOSFF5RGhVbWxUOXhUZWM2MGNxR2s2cFFyZWpKQjNIRTRpWldTaXNPVnB3dkxtVTJPVjRBeUw4ZU0yMA?oc=5,The Economist,en,Ukraine war crude oil,russia_ukraine_war,relevant,3,3,1,0,0
2022-05-08,"EU edges towards oil sanctions on Russia, no deal yet - Reuters",https://news.google.com/rss/articles/CBMiowFBVV95cUxNZUVnSXFYLTFsY1lEZW1ObkNyNzZsMlQ5QkcwWGdqQ1FocnFaT1V6VENpQ1hROGp0bUJPQ1ZvN1A5MU11NzExZmJsQ3JkdU4zc2xDUjBXd2ViOEJmSUpiUnkzRFZlUnJucThzbG1XSFN3cHBKc2NYdklheVBZZ2djel8yNVZxbXFCQU54ZTF5Zkc5TmVVeXhOZHkyUldPdFcyUXFB?oc=5,Reuters,en,Russia sanctions oil,russia_ukraine_war,relevant,5,5,1,0,0
2022-05-08,EU’s Russian oil ban stalls as Hungary holds up sanctions - politico.eu,https://news.google.com/rss/articles/CBMikwFBVV95cUxOV1p5N2hXNWU4dExZM3BtNlVjTjZjNmdyR24zRVJDbEo1U0x6OVU0bllNN29qTXJTUXkzRy1DellKSEU1aE9qeHZHR1RLLWNBZm45TXJvZmNCdDFsT015TE84UF9SRUN2WGlWYjZlTk80YnktOHdUS1MzOFFNcjg2TXgwcVBYNDFCNUg5MFpiZW12ek0?oc=5,politico.eu,en,Russia sanctions oil,russia_ukraine_war,relevant,2,2,1,0,0
2022-05-10,Africa faces new shock as Ukraine war raises food and fuel costs - The World Economic Forum,https://news.google.com/rss/articles/CBMingFBVV95cUxNd0dacWNZYUJSMWJ5R1FMaVd5VGRUSVEwRGE0ZmZBaElCT2xtaUxNbl9Mel9oYnREazA3ZWVhcTdWWVNWSTRrbUNtSjFwSDN1SXo1cmNfdm93S2VWRERMN0dEYVJjTW8wRTNpOGtYdlVJcXdJelZ5SnhaMXBrcUtHd21kMHdXM190ZHdOOFNnREhmUHFyU1dTdXhUdWRYdw?oc=5,The World Economic Forum,en,Russia Ukraine war oil price,russia_ukraine_war,relevant,3,3,1,0,0
2022-05-10,European Union Prepares to Ban Russian Oil - CSIS | Center for Strategic and International Studies,https://news.google.com/rss/articles/CBMieEFVX3lxTFB0aHdtb2tVSFpxQkZKTDVQRmpHLVJfUVpYNUswWFR5aHc0V3Vwdktlbmt1UFNYejZ0SnRucmJsc2RQbTYxVGdqSlBXdGZPQjd5QXNuYW0tOG1zcmNTTi1PUDYySlBidVpnb1o2UmxHNHFDaWI2Rk12Mg?oc=5,CSIS | Center for Strategic and International Studies,en,Russia sanctions oil,russia_ukraine_war,relevant,2,2,1,0,0
2022-05-10,Why is Hungary not backing EU sanctions on Russian oil? - Al Jazeera,https://news.google.com/rss/articles/CBMioAFBVV95cUxPRE4xaVVBT2FLUjdjdFdDbVVEdHdyOGVvQm5XMl9DWW5iTm9TX2thalZLTU5RY2xTYlpyYzdGaFp0a2dxamhwOVYtZE1kN0l6bHFsaElheHIzNVhmWkYyMjVpUUY4aTFlNEV3cmttVUx1em9DSDFVOGpKcmxHYlFTMUtiSW1acmRtdzdaUm84elloWGhqekY2R19DVXJSd3RW0gGmAUFVX3lxTFA3MV9pcks3NnpDZUE5NFg1N0FFeVRnOEppVkxFVTdISmtlcmlPSVBSdFl2Z0poeWJ6ME5VYTNWekxSYVFyTWlHVUhpM1hoWmJ6RlFoaGd0a3pObkl3UlNnNzd4cXo3XzEtN0I3STR6WWRsWXRKLWo0M2dCZVBfZFpfSmxReUxLdzlXVzdMemVBYWwyZkdtRnE0U3A1V3QyNThkcU5TSmc?oc=5,Al Jazeera,en,Russia sanctions oil,russia_ukraine_war,relevant,2,2,1,0,0
2022-05-16,Hungary ‘holding EU hostage’ over sanctions on Russian oil - The Guardian,https://news.google.com/rss/articles/CBMijwFBVV95cUxObnQxZ01rOWh1OUw4cWpfeldodDZnX3NBbEhVbmluQU5ZV3dNTUdyX0NhMUNEbWRLTnVzT3JZTlc2eE8zNmxGQlVXR2lRSUFNaUhKb1lycWxxRmhfZXRmNmZLYTQ2YzdLVU80OGRPSlRwTTA4blhDVzBPZG11UlVRQ0lqSXZLTk11S1dsY2swQQ?oc=5,The Guardian,en,Russia sanctions oil,russia_ukraine_war,relevant,2,2,1,0,0
2022-05-18,REPowerEU - European Commission,https://news.google.com/rss/articles/CBMiZkFVX3lxTE1tZkVmTXRzMVFiMVIyemJTNzdqT3BEcTFuYWVpY28zSTAtbnpjbEdiOHFCQ3hIN3JoVmNrUl9jeHg3emxkRGdabExzMlhjTkM0XzBUc3daSDJxZVV0dURtUzB4RGhyZw?oc=5,European Commission,en,Europe energy crisis oil,russia_ukraine_war,relevant,0,0,0,0,1
2022-05-18,The Impact of Russia’s Invasion of Ukraine in the Middle East and North Africa - CSIS | Center for Strategic and International Studies,https://news.google.com/rss/articles/CBMilAFBVV95cUxOZ2xWcmhOYkt3SHZnMjVBQklac1ozZ3V3bUFWUVVscDdvLURUOUV3YlFRY1pndHotM3lXaVp6dEw5S3A4UFhKa3RuT3JDSnh3UHI3MC04VjZ4V3VXOUxmM0IyX1VnTGVjSTFCS1FYLWpDcFlRa2JVd3laWVFVbXpuRjE4aVZnRnROZWY3YXRzVWEyOVE1?oc=5,CSIS | Center for Strategic and International Studies,en,Russia Ukraine war oil price,russia_ukraine_war,relevant,8,8,1,0,0
2022-05-19,Sticker shock as California gas prices pass $6 per gallon - CalMatters,https://news.google.com/rss/articles/CBMikAFBVV95cUxOV3lEb0JlUmhWeTFsOWpHZDcwU0Q0UDhGX0o1MU9sRDhYZTktMnJScGJkWXEzaTJrNTJyc3A3SFZjMFh6V1ZxeGJXMkVCeWp6NGk2dnNIWDdsem41UWRqYmdQaFZIS1BDZ3VNMHA0R1cyYllZaUFQX3pDcHItUlJDU0hkaDNFMmw2X09IUWI1NVI?oc=5,CalMatters,en,COVID gasoline price,covid19_pandemic,relevant,0,0,0,0,1
2022-05-19,Gas Price Records Mount as Travel Nears Pre-COVID Norms - Transport Topics,https://news.google.com/rss/articles/CBMijAFBVV95cUxNNnE0elc4bGY0TzFkVExSN3F0SExrT0Voa19IYXVLYm1nRkNraHlEVkhpdWtSVlZFXzdQT0ZmM29QS0tRSHlXZUVPbmNCZkFqV095NlQ0MmhMeGd2U3NsTjVTZnVOZlYxNTJOM0ZRdGtCaVAzeVVCNnNBTGRiT1dmNDZHQ2ZTN0M3ZFJkRQ?oc=5,Transport Topics,en,COVID gasoline price,covid19_pandemic,relevant,0,0,0,0,1
2022-05-19,"Coal, oil price surges on Ukraine war make Asia’s richest richer - Al Jazeera",https://news.google.com/rss/articles/CBMiqgFBVV95cUxOMzZEeWZYUG5ENEVJeXRPWHZsdVJBaUpMdTBOXzQ4WWhuMUU4UkVjbmFJT1p5Nl9qMzNPOXdKMWI4U0NheVJIMEo4UUE2bTFwYjNoSUtPN3V6YUl2cnVRTVNaQjZ2cFNZZjdENXloVHBsdFBfSjlqTk5XNGlJVFRsbHgzaVk1NEt4UjRkMDVnbk54TkV0Qi1DdXBRZGh1Sm5wQW9NNzVaNy0wZ9IBrwFBVV95cUxOTVhTSVl1MEQ1a3BkdDhmNHl6NHFwT01lU2VKVkpYcmZXWjBqaHZRN29TWlh1czRIMkFzY19HS213RDk2MVpMWXkzT0dZelRsTjVFMTIzdXNBN0I2a2dwYnFrYUxZRHphbEVMdFVrQ3hjNHdtUUNyR2RKczJKQ0RZSDlDNk9PZER2MDA0czNwamdjU0o3bTlsQl9QYnRTNjJJaGNQNnR6TUJNYVNwVlY4?oc=5,Al Jazeera,en,Russia Ukraine war oil price,russia_ukraine_war,relevant,3,6,1,0,0
2022-05-19,"U.S. Aims to Cripple Russian Oil Industry, Officials Say (Published 2022) - The New York Times",https://news.google.com/rss/articles/CBMihwFBVV95cUxOWDdyVFFpalBBRUl4M2RrUGs5eV9COTNHNFZFTWs3b2puLXVIVFVHbVd2U1BZQUJJUnpQUG4xRVo0SFBTYUJyenFWOG5WdXIxaWpQVzBoSWlwanRWYjBiQ3VaVTRUY3dXeGUzWUl5eDRFWUh5VXhVWU1SV1IzNUtJaEpiMXg3MjQ?oc=5,The New York Times,en,Russia sanctions oil,russia_ukraine_war,relevant,2,2,1,0,0
2022-05-25,The Impact of the Russia and Ukraine War on the U.S. Oil and Gas Industry - EisnerAmper,https://news.google.com/rss/articles/CBMihwFBVV95cUxPV1VRWWQwcGFHRUZudWprbFB2Y1hzVy1qOElmR0NFdEJmVDFZV0NzZWFSak54TEtYOVh5NndqaTM1SHVoM0E0M2xQcnhuVWZ4amlYWG1WdmQ0U2czMEwyYnNLZ2NPMm9DMUc1NFBpdkZ6MWV0eUlJWkhHdjRYQVNFS1RRMUl5aE0?oc=5,EisnerAmper,en,Russia Ukraine war oil price,russia_ukraine_war,relevant,3,3,1,0,0
2022-05-27,Energy crisis: Europe by candlelight? - tresor.economie.gouv.fr,https://news.google.com/rss/articles/CBMilgFBVV95cUxNLXp1SnhGNVdaOEZuLXAtSk9XTWJqMGUySkloZTl4WEdxcTg0TEY2RTlDQk1TNklGSV9BRFY1SkVUeFVUY0R5Q0U1dW9ISFczdkJzcmV5WTNFUlo5Vk44NTdwZEtsaERRT19lWlptelV1Q242NngyVUQ3RVU4N08yWWxPZUZqbFAyOEdudU5DakRDeDhmM1E?oc=5,tresor.economie.gouv.fr,en,Europe energy crisis oil,russia_ukraine_war,relevant,0,0,0,0,1
2022-05-30,The EU will block most Russian oil imports as Hungary's Orbán fights off a total ban - NPR,https://news.google.com/rss/articles/CBMihAFBVV95cUxObjBkX0QzV0tUbHJORVJYd0w0aUxXTHY5bGJYU1Z6bTI4aGV4UHpXUTlPYjVOQWpjNURQOUJDejltak81dVpPMGQ1MEdnb01ONDZlUEJaSmJmVWFObXVUQnZDSXRCOUl3MHdjZUF4VU9NZXFKUTlOd0pnTE11VUlNUXpjVzY?oc=5,NPR,en,Russia sanctions oil,russia_ukraine_war,relevant,2,2,1,0,0
2022-05-30,EU Leaders Back Push to Ban Most Russia Oil Over Putin’s War - Bloomberg.com,https://news.google.com/rss/articles/CBMisgFBVV95cUxNcnBOSmpOd2loREpzdy1seENzbkhmWDVPRTk4eWNVRkN2SWJEVTBhRUdZQ2tlQ3FrTUVsM2l1bGZCY2t6UmlhM1M3dy11cnFwM2xRaFRjUEM2RXVLX2p2OGlmQy1hVFBCdHFyVGkzbHM2VC1NaDhlN1ZHdlhTNnk3ZHVkai1CZTVMSDFlZ3NRME9icjl2QjNCTWwwWGxZT0hWcGhVQzBQVE1jYjVTOExDQlpn?oc=5,Bloomberg.com,en,Russia sanctions oil,russia_ukraine_war,relevant,5,5,1,0,0
2022-05-30,North Africa supplies to Europe spike as Ukraine war reshapes global oil market - The Arab Weekly,https://news.google.com/rss/articles/CBMioAFBVV95cUxNbnUtYzh2NXFQeWlkWkVZbE1IaTBjc0g1NktiNDJaS3lGbDFMd3U0bTl4YTF6SVVpdHZjbUM5MWkxN2hRdmdLOERiT2E1NDd1eWJOMkd0UEw3VWZtVXdtOGpPakNQSWV3NV9NakF5dml0MVdvbmhVakJKQmNlb0txVVhBT2NzdkVoeHZET1Fxa2dWT29HTDk4LW9ZSlBGQzFD?oc=5,The Arab Weekly,en,Ukraine war crude oil,russia_ukraine_war,relevant,3,3,1,0,0
2022-05-31,"Rising gas prices and inflation top travel concerns, overtaking Covid, survey finds - CNBC",https://news.google.com/rss/articles/CBMingFBVV95cUxQWHY0R3RhRkswVkxMNXByUnBGbkFZNjQwNk5YdE5xbzNBNnFHNXJ1bkxmT1A5NVBRTjQ3cGFuS2t0ZzRQZVV6c2NsbTRlYkRIcjNLZnJhUFF4d0F3emhDblpBQVFzb2FGSFdIcWRDOXFWbXBwSG5vTlFSSmdzR2VXbjNSLVVrWDJvMXhUYkVVOFo4OWduOHVoMzJpTWZRUdIBowFBVV95cUxPekZvZko0UWpDOGh4amtKcHU4YnNrUjdkcGpNaldVN1RvTDB6YzZYR2xzZHFNSV9NdU1xUjZmZnd0dnVLcXpTalBBTXpMb3hfOEpjS3o2NkJmWTF6MkxudTd4ZGU2YUpBUnAzTFNFblVScTdOc1BiNGJYWU1XNWNlLWIwblRuVDNScDRxTGc5bi1Rak1CdFVlY2k1MmlsQUFhNzlr?oc=5,CNBC,en,COVID gasoline price,covid19_pandemic,relevant,0,0,0,0,1
2022-05-31,Can Canada Avoid Europe’s Energy Crisis? - Fraser Institute,https://news.google.com/rss/articles/CBMihAFBVV95cUxNNWRkNXFMUzRtTnU3dHFnQXR3X0FZUU1EUENrM09qYUFReFgyYThCejFlQTVjLTU1elhtR3l3eTZHRzRSQlRlbjZMUm42WjRwUDl4bE5kYjZzbXBKT0ROcmprTndKZE56MDh3R0hTUDUwaTI1NTkzTS1nVjFQOW1rTXVJXzM?oc=5,Fraser Institute,en,Europe energy crisis oil,russia_ukraine_war,relevant,0,0,0,0,1
2022-05-31,"EU agrees Russia oil embargo, gives Hungary exemptions; Zelenskiy vows more sanctions - Reuters",https://news.google.com/rss/articles/CBMitAFBVV95cUxNR05zRkVURFhjQWhfSXdUQUZfMjN5QTlVeFJCVjI5SHY5V3lvVmtsdWlWWmkwYm42andIMEctTHhRSG5CYWdkUkVfVk9pRHh3bTdpVktzME5uY3BqWjZuTy1Hb0NGZnc0cFZUanRjdDVuS1l1clQtdWY2SEk2MEpJVW5jOEc4QmhWcFROUHhoRWM5cVcwbk9tZVhpbG9kRWxQOGtkaGNNQ3M1aWlyaHBQUVVIamw?oc=5,Reuters,en,Russia sanctions oil,russia_ukraine_war,relevant,2,2,1,0,0
2022-05-31,Russian oil: EU agrees compromise deal on banning imports - BBC,https://news.google.com/rss/articles/CBMiWkFVX3lxTE5CejIyWXlHOExoT18xVHZwY1RweVd6OHhSVnNfNXh2N1pMN0g4LWk5T2VNUkpTanY3WEVPQ1NXNU9HQy1GVUNPUm9mcTdIcmUtUU52cjdPV05Edw?oc=5,BBC,en,Russia sanctions oil,russia_ukraine_war,relevant,2,2,1,0,0
2022-05-31,EU bans majority of Russian oil imports as punishment for Ukraine invasion - PBS,https://news.google.com/rss/articles/CBMipwFBVV95cUxORUVYRXR1cmc0Yk9mNTBVU09YUlFQZTFLYTdUSWlhR1Z3WVcyRG90bFdtUmRzRElRYnNvU3BwcnUzbF9TRTNsenl5dWxlcjRNTjlickU2dEpsM2d6RjB4enlMTFdHaTR1TGhKRHhLRVh4UC1TQjhfdFd0LUEySzhCTFU1NndhR0FMWHdTaHZ1NDFCSWZZWHhJdWhEQUFrSWFLazZSczFfY9IBrAFBVV95cUxPckI1elBLUVJCS0Iwenozb0pWT1RSc0xRcFVsd0lyZG45ZUxxU2hBWkhLaGlFaGZBcFpUQkRadURQMUR3VmFmMl9VdFdPLUo2UURmbE9QYWRBenRQakRwcjN3am1ydGk0d3FpQy1GN2NFajZqSWNjeFd2Y3gxLTNaV29PblNHcEFPNU1EdFhWY3JTUFhaS3ZaNnBvQ1oyc3MtVUdEa01Oam1xbjhE?oc=5,PBS,en,Ukraine war crude oil,russia_ukraine_war,relevant,6,6,1,0,0
2022-06-01,"Brent price could reach $150 per barrel on Russia-Ukraine war, oil import embargo - Anadolu Ajansı",https://news.google.com/rss/articles/CBMivgFBVV95cUxOUmJuZ3ZEMm1jMWJpYlR3VWJqSHZhUm5UdGdOZkUxZkNwX0p1dWx0SjVsSVVyVlQzaDJ3bThyWURMX2ppVGIzcXFIQVl2TVNSbkVjemo2aktLM2tfSnQxcGdNTU0tN3VmSDdlNU9Fal9Yd2dpOTJtRmVJQWpKMTM1bDZmZE5jbnNxajkzV2hheVJ5azdmQ3ZRSllFdWR1RFpPMTdnaTRGMkNVSDk0NkFlMllyMktQNURORDJMWFFB?oc=5,Anadolu Ajansı,en,Russia Ukraine war oil price,russia_ukraine_war,relevant,3,3,1,0,0
2022-06-01,Exclusive | Russian Oil Producers Stay One Step Ahead of Sanctions - WSJ,https://news.google.com/rss/articles/CBMiqgFBVV95cUxNT2kteE5nS21lSHJqbEhTZU15MC1pckNGQlNKVHI1UnFhaHc1eHFGR01fMjBBaFZ3emtGR2dPZER6NHE1Z2t0N1ZEclp4V1hrdWJSLXFpLTNubWVmSzMxRHdlTHVLcUZybU5Va0FhUmpMUVUzYlYzb1FNS1hzVEZYTFVVZXdLR0FMUEVjTkRsdFJSdXlGeDhLNHptNkxDeEY1TFZnOE1WN0tDZw?oc=5,WSJ,en,Russia sanctions oil,russia_ukraine_war,relevant,2,2,1,0,0
2022-06-02,EU approves sanctions targeting Russian oil and Sberbank - Al Jazeera,https://news.google.com/rss/articles/CBMinAFBVV95cUxPNVk4YWg5b3ZiMVo3UUVwOVo0TmVpM3lUc09od09YR0xJWXphZnpEdEFPb2p3QlVQYlZnZ2xfeVpjWUpzZTYxZUlhZ1Z3dmZnQXZ3TUZXT3M4SVVZRHMwQ1FTeHBNeFk1T1d2NjZ6M09Qbm1xQnp0SzFsanBZME1wVWk1dzJQcFlXZ1U5X0hhTmRFdTZWVjg3ZXhobWLSAaIBQVVfeXFMUF9ZM3A5WjRlODdkUkNrT0M4OWdqQzY2SUJrNzdNT3Q2RFV2SmZfTTBabnlaQ3p0VFdadndfMGF3OTd0MHpLOU9PM2otSGp5YnNoakwza05ZMy1KU3Fkck5JcnhuWUZNYXdiSzdiWnFOaEZJU1ZlOE14c2xRNFlycmhwQUV4b3R0SDdLck1EcFJ5R2FqT25QQkdFVWJnLTYxUkxR?oc=5,Al Jazeera,en,Russia sanctions oil,russia_ukraine_war,relevant,2,2,1,0,0
2022-06-03,"EU's 6th sanctions package against Russia, including oil - Reuters",https://news.google.com/rss/articles/CBMiqAFBVV95cUxPcXVDTFd2bHJIYTdWTks5aDVXOWdQcTdtT3ZSX1UteW53NXYzZGRFc0VWNFNYX3o0YmRNd1dSVkUxa0owRUFCaWRDamFlN2VraGZRX1gxR2FBUkRnOGtGLUl2UWEzay01Wm5RRmVtci1sZXc5cm1xN2I0VGhxVUtiekFXNlRDbmgxQnh2QVFEeHZUXzdGWW96V1RwRFpERzVWY0dJZFdGSjg?oc=5,Reuters,en,Russia sanctions oil,russia_ukraine_war,relevant,2,2,1,0,0
2022-06-08,New Ukraine ambassador calls European energy crisis an opportunity for Canada - CBC,https://news.google.com/rss/articles/CBMilgFBVV95cUxNeGlvMldqU0ZwSktnazNlZmMzWjlBZ2RkQUNUdWlSd2x1YmtFY0cwYTk3MzFnYjBSSXp2N21RS05ibVBIaklrZTdNOHhzNUpZdmFOMEJKZEVFcDdvTFp3MzRYazYxamlCZ1pVb0huN0ZtdjNSQ3NYenRwaGkyam9IeHBmLTRCREhoRjZGWjQwTmdOME4wSmc?oc=5,CBC,en,Europe energy crisis oil,russia_ukraine_war,relevant,0,0,0,0,1
2022-06-08,European Union Imposes Partial Ban on Russian Oil - CSIS | Center for Strategic and International Studies,https://news.google.com/rss/articles/CBMiggFBVV95cUxQWmRTVjgtVU1BcHY4M3VDZnpzRkc1MTJ3SWdUMjA2M2ZHc25jNFRpa1FQdDJRZS1mUEk0dHc1OHI4cnR5NlI4X2NoOGJJb3FCcm1FU2RhdWpXMDI5dXdIWFNRVDlZcVdjb3l1YVpGSlRuTEVSMTYyMlljV2ZxVXRZNVNR?oc=5,CSIS | Center for Strategic and International Studies,en,Russia sanctions oil,russia_ukraine_war,relevant,2,2,1,0,0
2022-06-10,Russia making more money off oil and gas than before Ukraine war - South China Morning Post,https://news.google.com/rss/articles/CBMivAFBVV95cUxORDNzU3ZJbGhLZUxDNWFEU2ZhcndrMlhBNnJrT1JsZE9YRjhRZF9KUWFzV1k1ZmZIN242UFlVZXJfSHNVNnNIeXBHZFpWTjVaNzZ2bkE2Zkg4TWNtMjc2TFlnRFN5NkVUbUJpd3I5QjY5c0J3cEpMRDZ6eUFMc0VscFk0R2V2TmtjaU85NjRSM1BodnhpblB0WFJGMGt6SjBRSVlPaHY4bENFYUR6TGRLNXVVR3ZiVjZfMGMzbdIBvAFBVV95cUxQYXVnV3hoUVAxcmxYc2tBaUV2VENhY0dRUGJlLUZWMUFFNldtN2NSM0Rxdkt2UF9abVZqQ2lCQUhQY21wN3dtanRBZ2tDVkZlQ2FQTHVXWGp4RzJINTVzUnVjRXlqdUQtZTdHQjFfZ0taM0VRbWNZQ2dOSEo2ZXZ3OTQtTVhtcWxaUXNWb0FUcEQ5ZVlLOXBRX3lMWi1FTlpGQktxNUloODVtZWdQemRNMUNNaDFvcHlYR0gzRQ?oc=5,South China Morning Post,en,Ukraine war crude oil,russia_ukraine_war,relevant,3,3,1,0,0
2022-06-11,Iran says oil sales strong despite effect of Ukraine war - Al Jazeera,https://news.google.com/rss/articles/CBMimwFBVV95cUxPSVlIVTFuU2hzTjVkazBwQ1RndVlTb01nRGUyTFA2V0w4dk1GMFZxTzhiSUVyYk1qUjBpYzd2WXJSeTJ6Z3JqY3A3eUQ1Ym9jQVduUW01SWgyVEFhUVFKRDZsUFczYnN5aGI4QjMzbHFnb3J4cVdCNklzZlQ1Vmc1bFp5NVpCVGtJcFBtdm93MWZPeV9nU3NRTFF0NNIBoAFBVV95cUxOai1oQjZsSnhGTjlLUmZPU18wSzFQRFpLSVh3ajdSbExqenItaGtiRGdhSkZEblJxUmFreXpBS2NfUEpoNUswUHlGb0ZDOU5oc3JmUjZmWmNJRHhpUlRZZERNNy1Qd1VNemQ4S0toZ3pkUXgzZ0E2YmxmdjlRUnVRX1UwZk5ZYnR5OENDOFZrYVdMTXhsZklXNFpZc05CUlpq?oc=5,Al Jazeera,en,Ukraine war crude oil,russia_ukraine_war,relevant,5,5,1,0,0
2022-06-13,"Russia’s Oil Revenue Soars Despite Sanctions, Study Finds (Published 2022) - The New York Times",https://news.google.com/rss/articles/CBMigwFBVV95cUxQbzJxemZ5ZHlmNi05b3Y5bHFuUk5fa0puSzloVHVWWnJUUThUTTlicWlqQ3B3RWJYNnlFVUNBTHRtU2l5clpMYklDaHZPTmJZMnF4LTd3Z2RjU0hzNnN4c0xzNGtMU2dfTTJVa3IzWkFTOEN5MlMxdDBEelVKbTZ0WmdWOA?oc=5,The New York Times,en,Russia Ukraine war oil price,russia_ukraine_war,relevant,5,5,1,0,0
2022-06-13,Russia ‘earned’ $98bn in fuel exports in 100 days of Ukraine war - Al Jazeera,https://news.google.com/rss/articles/CBMipgFBVV95cUxPaUNPWllSWEd1NE5LRmhhWm5Rdk9vNmxSSFFWSXB2NHJyUEFvSkhwTFdKRlltWmNNbUVpVVk2Z29DM3llR3lYQjJVekZoS0J3SFJDOXNMeFNOWTk2OGktck8yX0tqcVg1MENLaFJzSVhkQTFfd2hCMUhGbEx2YWoycEVnai04YWdjT2NEUkQzSGVCcEw5Y19FV0UydzJzVWtiZDk0LWln0gGrAUFVX3lxTFBYVWlLWG1nbl9EaUJvc245THBkM1lQeV94ZjJLRmhBYW5IdUhoMEdTbm5hSDV0a1hBNElBcXRLalN2X0ViTEhwR25pc2gyck1OWHRscjZGU3Qxam01N3lpV0ZQWGxWNXpDc3JXSDcwZExoanlPczV5NHd6UndFMl9xR3VPNGxMQXhONUJwaV9JZlpIS2EtR1FZZjFYM3RMdFEzT3ZTNURfaGJYYw?oc=5,Al Jazeera,en,Ukraine war crude oil,russia_ukraine_war,relevant,3,3,1,0,0
2022-06-14,The war in Ukraine triggered a global food shortage - Brookings,https://news.google.com/rss/articles/CBMikAFBVV95cUxPNklkRmhSZkJlT2xaR3RINDUwOGxiaVhqSVotQU5SbVN0YnJ3UklzUEdpVXFHeDlidkJjN1VIY2VQMHJPLTNMeTNvZEJzMW9yVFRzaUlFbXdOdmJxbTFsdUgyeHhUWU5qdGF4b1I2X01DalpUdjBrWHNFYm05R2x4RmwzWEF2cTdQLUQ5S2RNMV8?oc=5,Brookings,en,Russia Ukraine war oil price,russia_ukraine_war,relevant,3,6,1,0,0
2022-06-15,RESOLVED: Japan Should Maintain Investments in Russian Oil and Gas Projects - CSIS | Center for Strategic and International Studies,https://news.google.com/rss/articles/CBMiowFBVV95cUxQQ2dHN3ZnQy1haWZzYzFjc3VSdTFFeVFGWTIzN1ZXUFVybU1URkotdklMWHo4eTdzZV9Ud2RlOFhRRUdlaUIxYUF5TVkwd1Rnd0RLTjdicjBieVFWbnA3azVrSlFSRDRXWVFYQkVqTnB5aU1aUXlIZkd1MFNKV3ZWSHhYeVNDU21Gd0JoaWlQRkZBRXQtdDRwUUduR0V1Yzc0NnJJ?oc=5,CSIS | Center for Strategic and International Studies,en,Russia sanctions oil,russia_ukraine_war,relevant,2,2,1,0,0
2022-06-19,Ukraine war: Russia becomes China's biggest oil supplier - BBC,https://news.google.com/rss/articles/CBMiVEFVX3lxTE5ZelZXblNacFh5TFBFZHgzVGdpdzdKTGxvUXFqVGxnSU1JTzhDeHF4MG5EMzJhNXNXVEloeVp1VVNuZ3hXd0l0bkhqX19CSVBzT0RHMA?oc=5,BBC,en,Ukraine war crude oil,russia_ukraine_war,relevant,3,3,1,0,0
2022-06-20,China oil imports from Russia surge amid Ukraine war sanctions - Al Jazeera,https://news.google.com/rss/articles/CBMirAFBVV95cUxPUVBOd2xJWklOR0ZjNlIzRzZVS2dFX1pQR0V4OTl4RTdXMmZqWkswUUZpd0FyUklucGI1LURBeC1GQTliNEJzN2pjNEVGRXNlZEZDckhiRFdzS3VCQnRsMHpfLUFfbURXXy1uOXVEX1NSY3FBUWx6V2J2RmZQbjYyMnF1cUs3LXB3b2NTZzJSWWxzeC1vbzlxbzdqWlNZNGxIYUdjN0g0WWJ6UFlu0gGyAUFVX3lxTE1icWlzSTI0WjBtSzlHNGpaZm5RM201NkhpWWlBTkxTWXA0SE9mLThHSGxGN0p3YWJ2VHpibkgzU0VsZmY2Tld2bVpIN2RtTDJEWHM4cjV0RzYyNWJ2ZHdTR0UtQ3V1cjR0X1hmYWw2R2IwYlBpdWp1dE9rMzBsSmJlX0p1NEY5SWFVNEVwaTcyRGx3MW1vaFpjYl9PeWhCUFNEWmdXRFNBNVR4MXN1aU12V1E?oc=5,Al Jazeera,en,Ukraine war crude oil,russia_ukraine_war,relevant,5,8,1,0,0
2022-06-20,Russia becomes China’s top oil supplier amid Ukraine war sanctions - The Guardian,https://news.google.com/rss/articles/CBMitAFBVV95cUxPMG5HSHQxWTRieHBJcjZ6REpZZi1nMkxFOEwzR0E5OFVZVHMtVFhsMXUzdVo0YUloNTZlVGVyT01CejVtQVhoaTdQYVE0SEpPTVRaWHgxTzZ0NzMweEJ0R25naHp2cE5BTUxwbTMta1RIZlR3S1pQQ2NxamVzVVkxMUU4WnAwM2c2THVvN3h0TFFGYk9mM1dYbjE2bUdhZjVjQlJQN18yemt0NEt2OU9XRFNUSUI?oc=5,The Guardian,en,Ukraine war crude oil,russia_ukraine_war,relevant,5,5,1,0,0
2022-06-22,Strangling the Bear? The Sanctions on Russia after Four Months - CSIS | Center for Strategic and International Studies,https://news.google.com/rss/articles/CBMihwFBVV95cUxOdXRUbURJUUJ0T3NTcmI5dmNlRHVnTUdzclVYay1MRUxQZDFXdS1DR29rWV9Hd0pqLWpNeEwtRlc0NHNjLU1ycmpYczNXMzR6dzRLODNOZXpXZlBPTF9uemZQd0JGbEV2SDdJUEdjSUFDRzg2MVZSdjV4MTBzNGtqQ3JfLS1iSE0?oc=5,CSIS | Center for Strategic and International Studies,en,Russia sanctions oil,russia_ukraine_war,relevant,2,2,1,0,0
2022-06-23,How the ongoing Russia-Ukraine war affects Nigeria’s subsidy and energy prices - EnergyTransition.org,https://news.google.com/rss/articles/CBMitgFBVV95cUxPa0Y5WTJYLVl1dndPTG9Gd3JqeHZCN1VlMnd2NzFaRzR5R2w0TjVmNVJ5QkZTa0FpN1pBcDl0ZnFEQ0I5ei1tdG5DUW50ak5YTHhQWWE3bWlCMzdGWXBmUnpJaU1vQmZ5WU9XajdBZWx5MjBDUVAtNmx6bmNGQVJYbG41U3ViNjdFelluR0JjOUE3OThhZU1PTGhkNUw4cTc3Smo2VFZWUk1uTF9xeE5RQmdtYy13Zw?oc=5,EnergyTransition.org,en,Russia Ukraine war oil price,russia_ukraine_war,relevant,3,3,1,0,0
2022-06-23,"Sanctioned Russia Becomes China’s Main Source of Oil, Customs Data Show - VOA - Voice of America English News",https://news.google.com/rss/articles/CBMirwFBVV95cUxQc0tVMngyZzlfX09hVjVFN3pfb3V4SVZHSzMyOFM1dmQ4YVZ3WjdGV2JiSjNSdTdndkhZT1dJUENJQWFMaGw4cjIzSUJKQ3pYaS12VC1wOS1RLWxLaWhhWW1oZ0RYRGJSRkl1bWNqQThER2dxbEhOUDkyTW5JMkdDdnBVMnpaRkdqbXRhWnNFaXBxd1kwZlV0b2FWTnVybXZGWnlZUW5aNmlEajNBSVZR0gGyAUFVX3lxTE85VzltSmtsUllIX2hHUGZsVXdCdm5qYmVMRUhCSHE0Rlg0eEppbGZMUXdtakl6WVA1OGdNd0RQQnpuRkl1YmdUc3Jfekl4X0N3WjAycVEtN0JWNGloRFJBQjllYXFvOTZqWUR6eWluSVk0RW9yTlFIQ1lPNThlNkpuNUpJUjVIcE0zMnBrUE1waExhSXkwMVNrWThxUjNHNWJQNTdETi1ORHNYRkpKX3pjenc?oc=5,VOA - Voice of America English News,en,Russia sanctions oil,russia_ukraine_war,relevant,2,2,1,0,0
2022-06-24,"In Russia’s War, China and India Emerge as Financiers (Published 2022) - The New York Times",https://news.google.com/rss/articles/CBMiiwFBVV95cUxNU2d6dWtCenpZMC1aYm1LSHZmU19JaVdPTEgyUDgzbk9Ba0t3NDROSlNuWTdvTERhVDZza1VEMFdaUmdzQXZWVTFNVGx4cXpock9HTGZLS0YyRFFrSDR0TXpvSi02UHVveVVmR1UxRGl4aXZWR0dnMExicWVLN2pRdHFZVGx3YUEtU20w?oc=5,The New York Times,en,Ukraine war crude oil,russia_ukraine_war,relevant,3,3,1,0,0
2022-06-26,G7 leaders discuss price cap on Russian oil over Ukraine invasion - Al Jazeera,https://news.google.com/rss/articles/CBMiogFBVV95cUxQWnVtZUhUbDR4WUtSbmZKbS1SVzE3MjktZlV0cEVBNEJhbmszamF6ZTdWV3lDQV9OaFZzSW9sWGpBUWFVUm5pU0xYM01CNkRnQTF0aHRoXzAxRnItWlp3ZTlfb1hfVUhGaHJzZTVIMHhjRGpLRERaQ3ZvWXdfRC03aFRPa0QxXy1BbHYtZG9TT2FqNENxSy1SbDJCTWJVd1Z4YVHSAacBQVVfeXFMTkNHZU9QRzVwenRia0k2X3NwekpOV0o5cnBlaklPcFhsWm1PYzRVblVPdVdlR1VMVVljT0Z4UDhSaDNmWTNkUC1PZGdGTlVfTC1wS3Z6anNrblA2amRLRjNjdXh2bWF6SU52Wl9iWVFkQVVEYnVLWkZ5NDZjN2xXVTNHb2lpYjV0d3gwMU56TEVoUG54Z195RzNDd0ViYy11ZEpXZ2ZIVVk?oc=5,Al Jazeera,en,Russia Ukraine war oil price,russia_ukraine_war,relevant,6,4,1,0,0
2022-06-27,Can price caps on Russian oil tame the Kremlin? Our experts debate. - Atlantic Council,https://news.google.com/rss/articles/CBMivAFBVV95cUxNSHZRWUhrNnZaUWlsdTR1NFJXNTI4WkVkeVJwakZub3dGWmNMYzVaaUlmRnBZanpJZ0FqQThadGhFdDZyWlhrelRyNzBySVdsTERMWDhkVkZuZU1XM0R6bXV1LWdsVkxfOEZMSHc4cFc2U0x3SFFLbG1sRDZ4NVlLcU9iYVRBNkl2WXEwLTlxX3FyYVVNLUt5NWxRa2RLaFNQcVItTzB5eUhaSlBGR0hiUHZPRmd0QnU1RUtFUQ?oc=5,Atlantic Council,en,Russia sanctions oil,russia_ukraine_war,relevant,2,0,0,0,1
2022-06-30,Russia’s Invasion of Ukraine and Its Impact on Stock Prices - Federal Reserve Bank of St. Louis,https://news.google.com/rss/articles/CBMimgFBVV95cUxQMEE1M1J5d3RmQzdDWllTSzdKVjh2NTNrd1dKb0EtRWNyazhHT0NGXzJsZ3hZczVCOEVrdmVUMXZZcFRibXJnTTB4ZkQ2V0ZWcFNYMG9DOENuSW1DdklaZ2dTd2g3MU5ISWxoZVZQcHhxbDZ6VENaZEtObG1ZTWJQQWV1U291Y200V0FPaFlzZi1Zdm1WTGFaNDZB?oc=5,Federal Reserve Bank of St. Louis,en,Russia Ukraine war oil price,russia_ukraine_war,relevant,6,6,1,0,0
2022-06-30,The Impact of the Russo-Ukrainian War on Iran’s Oil Exports - Emirates Policy Center,https://news.google.com/rss/articles/CBMimgFBVV95cUxNZzl0RXZ0RGQwTnBOWTJVU19NNnBoQ2dNRmRYUWhJNENVd0RiOV9La2owcUE0bU96QzcxbHE1cF9vTU1TM3ZMRm5WenpfVHUydXFsZHhHbTQ1SHBrc09tU2p6cTZOZFZmMU5HcHVhbFhjdmp4aHM2WnJKbTBmMWZWeThGZFhwNmtlXy15OEFydE1jRXVPTG82RGh3?oc=5,Emirates Policy Center,en,Ukraine war crude oil,russia_ukraine_war,relevant,5,5,1,0,0
2022-07-01,"Gasoline Prices Up Due to Global Supply-Demand Issues, Russian Invasion of Ukraine - FactCheck.org",https://news.google.com/rss/articles/CBMitwFBVV95cUxNOEZra1lNd25xNGxjLWpTTWJDQWFvZjliNlVNSGllU1MzYk8zQl82eGE3S291emxtOVlTR0Q1Y0FxOW5VY3JXa0YtMzNaZGR1VmpsbVhuMFJObEpzMnNQcFZ3LVlPdFllUVI3d0ZpQXNrT3A3TGRJaUVNcmtKZzhrV1poVnJBNzVUU0ZuV2xsUGZzT2o0ZWRQN09wOHVxMkU2RlZIcEtHaHpmZHJQVWJJNTROX001UXc?oc=5,FactCheck.org,en,COVID gasoline price,covid19_pandemic,relevant,3,3,1,0,0
2022-07-01,EU’s Russian Oil Curtain Call: A Crossroads for Climate - RMI,https://news.google.com/rss/articles/CBMiekFVX3lxTE1Gd2Jxd2tVOFhQNThRbGUxWE8yM1p0UnQ3QUpaMndJbWVDelVwcENpbUFsR3VmNmxPWDcyMm5KR3k1bTBsbUstRDBWektNV0NZMkFEcUVWdzFUazRHeXoxcjdFaEpmQ3VPbFRXRkk1WnFiNDR1cFdyRXVB?oc=5,RMI,en,Russia sanctions oil,russia_ukraine_war,relevant,2,2,1,0,0
2022-07-04,Can the G7 proposal for a cap on Russian oil prices work? - Al Jazeera,https://news.google.com/rss/articles/CBMioAFBVV95cUxNUHltdUt6eXpzY2pBZVprcFJpRkk1ZzA0MkdscGMwbTl5NHNWVHlEVXpTNlEwWGJDMXoweEJGcHJuZ25GaXU4UTRXV3NfZ09fWWNqbkl1c0lnSmpNaG1PbUlUVHRZMmhuS0liYmVQclRmLTRiX3Fqd200aEZuRVh3N01tdF9DcURJNUdGdHBxU24xVUJ6RWdkdnB1TUV0WW1o0gGmAUFVX3lxTE9uTVMxcXZvd2pOYnNDd0VMdEdlb3E4YjlyLWxLSFdBbjJHR2VmdmFCeEVDMEV3R3daRDFqQ2pjWlM0ZXl3dWQ0VUlZeTFob3BSY1cteDRNSllBdGNVTjFBQ21yZW5UNXRDYUZ4d1JPNnJ5aFZfaVVld3NET0s5SkZQdFZTd0hyajJ5eGQxdnJZSm1NZGVRa1FQLVpjS1JTWDgzVEJzWmc?oc=5,Al Jazeera,en,Russia Ukraine war oil price,russia_ukraine_war,relevant,3,3,1,0,0
2022-07-04,Russia’s oil is in long-term decline – and the war has only added to the problem - The Conversation,https://news.google.com/rss/articles/CBMisgFBVV95cUxOQ1p2RzJrWVplMzdJX1BwTzNwN2dIUEdDVW8wUkNLakl5ZGpxWHg0NGtCRUhfQ1FvVE9FRExVSEFCeVhSUUJMX1AzTlBWWko5X0JFbHV5U2hyT2Rwd3d4WE5ZTlI5RTR2aFo5VkRIQURxNjM4Q1h1blA5cVR2SGlpME05TTloVFVFUnVjS0h5eVRoUU84ajhWS0R6NlJMY19HeUZaNjZmWVhoWDFwUFlhell3?oc=5,The Conversation,en,Ukraine war crude oil,russia_ukraine_war,relevant,3,0,0,0,1
2022-07-05,A strike in Norway could cut its gas exports by nearly 60% and make Europe's energy crisis even worse - Fortune,https://news.google.com/rss/articles/CBMiigFBVV95cUxOVHVpTTlwalFMcnQwOGE4dTg4S18wcWVIMUlXSmFTN3BpbnRYTUFIalFOaEdSaThQcEMzaUNmWUp3Ti1NVGJQZ0lZeVZYUEx2SUwyQnF4QXNYRnJLc1VqUW5iLXZNclljeVZxTFFoWldhNmduMXVBLWwyR0tvc0g0ZF9HM0xRalgxVnc?oc=5,Fortune,en,Europe energy crisis oil,russia_ukraine_war,relevant,0,0,0,0,1
2022-07-05,The story behind the proposed price cap on Russian oil - Brookings,https://news.google.com/rss/articles/CBMilAFBVV95cUxOSm9qN3JveDJCZV9XeU1iUkoxWU5jbFBiNUM4dU1jTHM4R0pwamZ3N2lQajQxekZuckdxSzlPMkYzZXBSUDFVTkxPdGJKNlFhTWRYRklDcjRoWll6WlVUNFRMU2lHdVpJMzgxeXdKZDRkQXVwYTlIT3hZZFVvWllXNXZLU3VNNWJpeXV5ZjlRajFMSGxJ?oc=5,Brookings,en,Russia sanctions oil,russia_ukraine_war,relevant,2,0,0,0,1
2022-07-06,"EU’s Sixth Package of Russia sanctions targets oil imports, professional services, expands media ban and trade restrictions, envisages confiscation of proceeds of sanctions breaches; Belarus sanctions are strengthened - White & Case LLP",https://news.google.com/rss/articles/CBMiwgFBVV95cUxNN3VVelhlemVwSHZzNjBBMXd3R3BzOHNZVU9yY0lBWU1HMHVTRG5xV1JvV1RDWjYxYlRSZGxlbU9JRGlmWW9ZRFNScTk4ZUxQSHFVYzNrNUpnMW1PNmVZWXl0WTE3TVdRc1lmOWM3QXZNLXVObDFQVzBBOVAxNVFodFhEbzhaR0U2bXgwdjlpSXJfZElJNVJpbGdUMlVGWUZ1YTM2RHFsMWhjSGxxYWdTQUhET0Y3ZUMzR19lWUFaNGIxZw?oc=5,White & Case LLP,en,Russia sanctions oil,russia_ukraine_war,relevant,2,2,1,0,0
2022-07-08,China's Imports Of Iranian Oil Push India To Ignore Russia Sanctions - ایران اینترنشنال,https://news.google.com/rss/articles/CBMiUkFVX3lxTE9uaHl0b1hoX1FUQ2JXc0RhaGNQejVNaEoyaVgyazJfM2JnT0VnVkcxdUVkQ1VJdDh5d0xsWG9Qall6czFOa2RpbDNoTjFIWTJIMGc?oc=5,ایران اینترنشنال,en,Russia sanctions oil,russia_ukraine_war,relevant,4,4,1,0,0
2022-07-11,How Europe’s Energy Crisis Impacts the Clean Energy Transition - Sustainalytics,https://news.google.com/rss/articles/CBMiwgFBVV95cUxQbHhkcnB6VVlkTEgyaEgzVEo3ZE1wWlpVMHlfVmRnNnNSUHJGcjJYX28yZzBiYmU0Mk1ZU2ZuQkZQN1pTeGhGTERxOHdwX1VMWkZpVDJtbXRzVW1hYWpRVHZwS3VGbUNreXZCeW5mMVpiajZTalQwYmxBTV81eWo5cHF0YnRpcVg4ZG1NWEFlUzd2RzVPa0JSVEtSdktoLXZNbjAwRTNXeUQ0a2hLWEtLMU9jQlEtdFpDNkM0MzdKVkFmZw?oc=5,Sustainalytics,en,Europe energy crisis oil,russia_ukraine_war,relevant,0,0,0,0,1
2022-07-12,VIA Ridership Climbing with Fuel Costs Up and COVID Fears Down - VIA Metropolitan Transit,https://news.google.com/rss/articles/CBMinwFBVV95cUxPUEZpZGRWZHFoTVIydkpNTEc4cVBSUmhOZnFpOTExYmhmWFJxR09lWGtHLVM0c01MM3BLQjQyWjBPWVNMUVFnUXRUWm1rRjh6SVItcWhZaEFHc2xxNnN4YlVTOWlkV0RGN3VNMG01UEljVnlSN0ZxYTM2X3BicUxnZGpCbEVyeVZHSXZXVlA0WVhqbDQ5YlhYWFVHSm90OGs?oc=5,VIA Metropolitan Transit,en,COVID gasoline price,covid19_pandemic,relevant,0,0,0,0,1
2022-07-13,Europe’s Tiny Steps Won’t Solve Its Energy Emergency - Foreign Policy,https://news.google.com/rss/articles/CBMirgFBVV95cUxOa0Z0ZmFoSzJuVVVhUUhLR1BOV1ZuaFFuX0FQYlF3UHQtMUtpbTVYUEtza2dnTWhRODMyMVU1QWdSTzQ5THVHX1RiZExOV0Nvc2tqM1M0UUN1NmVwU3h0SkdMZDdQZHdIcV9iaVZrczBnNTFiOVdHTEFpbnY4TVc3bDZrZ0JOYTBPVHZhY29CN0VSWmZOajZIUTBoenpub2VuakpTQU9tUUxqa2tkNmc?oc=5,Foreign Policy,en,Europe energy crisis oil,russia_ukraine_war,relevant,0,0,0,0,1
2022-07-13,A possible G7 price cap on Russian oil: issues at stake - Bruegel,https://news.google.com/rss/articles/CBMihwFBVV95cUxNX3NLZ0lYM0ZldHJMczFMWnBjR3c2WWl0WHliTlQ4MUNZV3EtZEMtTXNRUUdCT2FQb254bGtLYXZmRGM1cG5feTQtNkYwMnU1TFpNaTZzRUV4QTlGYXd1d0RuUzlKcVIyb1BySEVrZjRndmxFQ2xsRkludC1TUUVyakRxeFJtTTQ?oc=5,Bruegel,en,Russia sanctions oil,russia_ukraine_war,relevant,2,0,0,0,1
2022-07-14,Europe to Africa: Gas for Me but Not for Thee - Foreign Policy,https://news.google.com/rss/articles/CBMi2gFBVV95cUxQcTFQU0N1OGVMLThnSTVIaGNmdnplM0NJeEpnWXBfR0s1cW5uaE5RTTdLNDRQaFM5R3Z4N19BNDhtdXJ5S3FMV2hnRGlrZ0dNNVJ6ZG9kZm4yYU8wTGFFNVB3YTl4eVB3aEZwTjJXVjR0eG4yblZmSnBvUlhjZXlSSW9Bd2JicUktaVFqR3RHU25Ca3VnV291WHpKM0hZNElRd25EX2l2d1JSNmI2eThUaGNiZFg2aDJxSDFjSTJuY2htNG1XUm1fRER5amVab0o4aV9ZR0wtZTgtUQ?oc=5,Foreign Policy,en,Europe energy crisis oil,russia_ukraine_war,relevant,0,0,0,0,1
2022-07-14,The impact of the Ukraine war on global energy markets - Centre for European Reform (CER),https://news.google.com/rss/articles/CBMid0FVX3lxTFBqREIzR2czWjY1MUtBd0dTbjNwWVp3Qlk1WUlpV1ZZTXlnZExTLXR2TEhyeHh2Wjl4TV9LRWtXNGtVcTYxUFdjaGNXazl3b0NDNDFhbFFXbGo4Z1pCVHp5cE1nQ2JvdmF6RkdZaGxnUkY3c1VDSWVR?oc=5,Centre for European Reform (CER),en,Russia Ukraine war oil price,russia_ukraine_war,relevant,3,3,1,0,0
2022-07-15,VIA: High gas prices and fewer COVID fears mean more people taking the bus - San Antonio Report,https://news.google.com/rss/articles/CBMilAFBVV95cUxPYS13WnJuWjl0cDlvWGNPRERDYnIwLWVMVkJhbGVwR21UZW5HUE5WTlB4Wm5IYkxPYS1MVUdQbmxvVGROVTUzOUxpczFvMHZVcUtfRnpmX19GdzNCdjhZZnNuOHd4Z2djRnpESWdmOTlDMHFmQmllOWJrV0ZvUzZsS2dmZHB5dTdJdW4xdVN5M0xoRTRQ?oc=5,San Antonio Report,en,COVID gasoline price,covid19_pandemic,relevant,0,0,0,0,1
2022-07-16,The sanctions against Russia are working - EEAS,https://news.google.com/rss/articles/CBMie0FVX3lxTE9FSFEzREw2c2MyaXFMWVk3OGNLRmZiWkg4RXpIYlNvYnhjd0JrWWNobEN4R0p1aGR5TlZFel9FejNvWmx5ZDk3X0o5TU5wYjZjazA0a0pCcmZxS3A0M3FqbU1MWU1CUUYxTE40WTJvcjZxdUZRQ01EVW5Saw?oc=5,EEAS,en,Russia sanctions oil,russia_ukraine_war,relevant,2,2,1,0,0
2022-07-18,The European Energy Crisis: How Are Countries Handling the Gas Shortage? - Earth.Org,https://news.google.com/rss/articles/CBMiWEFVX3lxTE1Ka3pHZkNZcnIxTGZxWlJWcjhfN3ZwQmdHSUVsOXBGWkh4Vm0yM3NDc0EwV2R0Q3E5YTlZU21LMzJ3VDlFUlpNdzBBR3FrOVh3ekFaTE8zcXU?oc=5,Earth.Org,en,Europe energy crisis oil,russia_ukraine_war,relevant,0,3,1,0,0
2022-07-21,Examining Norway’s Crucial Place in European Energy Security - Global X ETFs,https://news.google.com/rss/articles/CBMingFBVV95cUxPX1UxZVBFTjBLQmpzd05Ec0F4UUpoTmVQR1QtMWlOTFVQZmxXQmU0TXpncmtFQU9XNUVFenQ2MkdmZzRDaVRCOHdnWVFsR2JidnpCVlYyUEd3c2dMQzlsc0lTX1JnRG5CbVFUdEF0RkNsMWI0bUQzUGlNTGdnMG1XZDE2Mjg2R2d0OGRFUy1MT2NSTk94My16clBRYVJmQQ?oc=5,Global X ETFs,en,Europe energy crisis oil,russia_ukraine_war,relevant,0,0,0,0,1
2022-07-21,IEA Chief: Europe Has to Cut Gas Use or Face Brutal Winter - Foreign Policy,https://news.google.com/rss/articles/CBMijwFBVV95cUxQcmVySTZpMzlsdVZaY0MwUnRFM28yb0RIQk15MU5ZOHdsdERtb0lWMEVkeVZua2pEZURMaFc0SWc4QWs5Yk0xWktlaGtuZG5MRm85YkRReVBaTklOR2VBcWtZLW1PQjFTVmcwQlVJbDBEMXNjQjVVQkNvcUg4dVNPRkJPbVZsaC1MLVFXUjl5TQ?oc=5,Foreign Policy,en,Europe energy crisis oil,russia_ukraine_war,relevant,0,0,0,0,1
2022-07-21,War and Warming Upend Global Energy Supplies and Amplify Suffering (Published 2022) - The New York Times,https://news.google.com/rss/articles/CBMihwFBVV95cUxNeWdNbm05YjFLQmFUSVhuNFhNSy0tbFRJMS1pX2ZRWWJIenFjUFBEMTdhX292NWJDNGhFM3paVWZtQk1MU0tNMUxrU2tVYmdCZ0dGRDdpbkp1U0hNajV2VC1HZEdlOWVPMXFZTHdEMUVHS0lQakRFVmI5RmpybVM0M2Q0UFZ3VlU?oc=5,The New York Times,en,Europe energy crisis oil,russia_ukraine_war,relevant,3,3,1,0,0
2022-07-21,A transformative loophole: American sanctions fail to screen out Russian-origin petroleum products - Global Witness,https://news.google.com/rss/articles/CBMi5AFBVV95cUxOemlxakEtZ3l3NjNmcWNtOXpNdWNTX0ZOTDNySUJET2liNG10ZXZyYUhrUHBUS3VuZTJDNHBpNzVzVy1vOUQ2bVd3NlZGYW9KYXloNUVoNHlzWU9MRVdkeWN0S3d2eVNnRTBKODNoWlg2aloyNnNoemRxcHJJdHo5VzVGd2hJVUo5XzNibG8ycWNUdE5XdmVhSU1tRkJnWnZZay1IWTlPRjNvQlZyb1ZTdWY3MmtXbEhWYWVNZVhaRzFaZkM5MXhfOXBjdnhBYWg1WkxMRTk3V2hvbTF0eTlJdkc3OG8?oc=5,Global Witness,en,Russia sanctions oil,russia_ukraine_war,relevant,2,2,1,0,0
2022-07-22,More Evidence Emerges Of Russia Taking Iran's Oil Market Share | Iran International - ایران اینترنشنال,https://news.google.com/rss/articles/CBMiUkFVX3lxTFBEQmhoREROZk50aFNmUFlMT2d2T056ZThKSVNQalJBdjFrdVNoQndBcEU1RGFBUjlVRHhyVDlUa3o2eDFKOFd1aTZsdFM0aVhqSnc?oc=5,ایران اینترنشنال,en,Russia sanctions oil,russia_ukraine_war,relevant,4,4,1,0,0
2022-07-25,5 reasons the energy crisis could deepen - Nepali Times,https://news.google.com/rss/articles/CBMickFVX3lxTE1YVzluOExVV1JKV1BfdlV3dDNSQVFydk4yNzJmMEYxZE1OVFAwZk1nWlZxTEtnQkdSWTNUNHlaX21lOHNTbE1QZl9Tby1GTm85VXRweDlSX0ZrcFdIRl93emt4eWNiU2NCTVc0T0Y2MEc5UQ?oc=5,Nepali Times,en,Europe energy crisis oil,russia_ukraine_war,relevant,0,0,0,0,1
2022-08-02,Will Norway turn the energy crisis into opportunity? - GIS Reports,https://news.google.com/rss/articles/CBMiZ0FVX3lxTFBnQnp3MGNqaDRiX1JrbU1CY0M1czdsY0RBQTVNZTZkcmxjcmF6bGZpRWtPMmpCYnpPLVV4VzI0UVdKdWo1S0ZIdmlsVllxT2tqOFdfN044NHY4UkJESEk1YU9CN2JQOTQ?oc=5,GIS Reports,en,Europe energy crisis oil,russia_ukraine_war,relevant,0,0,0,0,1
2022-08-02,"Low Water Levels Risk Closing Key European River, Disrupting Energy Shipments - Time Magazine",https://news.google.com/rss/articles/CBMie0FVX3lxTE9fdzNPdW53Z0ozYnhKOC1CVjlsVE10SHZpaVZMZzJQWmtQdjFvcnNnYkxOWFdDb3lvWXk5TGF1NHA2ZVNSMk8wNWZFc2JqNlY1M0JEOElLekZoTTZSWlFZT1BGQlpFX3F0MnVSX2lJc19yc3cxWTJfRzVuNA?oc=5,Time Magazine,en,Europe energy crisis oil,russia_ukraine_war,relevant,0,0,0,0,1
2022-08-02,Reviving the Petroleum Administration for War: A Case for Government-Industry Partnership - War on the Rocks,https://news.google.com/rss/articles/CBMitgFBVV95cUxNc0xJNGdIQUhHSEI0SEpDNkdIZnpBX3lXaGFVZjVkeWVNTG5jeklHaFVRVzVtcjhSSzNQQUVyeEg2Y2JGNlFCM0gzMnVZNEFLVE56UE1NSXRud3o0bXVEclFheXpCZVQtbzRwOE5Fb3FuQm96SDgtQ0wxYWVZLXoya2R3b3k2ZE5La0xva3NwbTAyejJ2UmxYbHFQX21hQjlfR3FIc2ozbGlMZnhMcE9ia1otWTZoUQ?oc=5,War on the Rocks,en,Ukraine war crude oil,russia_ukraine_war,relevant,3,3,1,0,0
2022-08-04,Crude oil prices have tanked to their lowest levels since Russia's invasion of Ukraine - markets.businessinsider.com,https://news.google.com/rss/articles/CBMixgFBVV95cUxNY2RSeTZrRUxFR18yN19XdVFpc0hQc09NSXJXbFFWQ1FYVUExMHBESFhXQmFZaWZ6RFc2MUd2RHpXQzZuOWllUGVKM1R3SENndGY2S290Q1kybmdUVmpBdlJnejJvVXN0WU5uRUwzdWxqVE1sX1ZuWjR0cDFwMjNKc1RmWFlXT2ptcUdnRmFmSUtvVVppZVJWRjBNZUYwUUFNdHk0YlpMTF90clFaZVpETEVFSmRmNkpubGM0T0h3M3J5TjU5N1E?oc=5,markets.businessinsider.com,en,Russia Ukraine war oil price,russia_ukraine_war,relevant,6,6,1,0,0
2022-08-05,Why Oman Crude Could Meet Asia’s Growing Demand for Oil - CME Group,https://news.google.com/rss/articles/CBMirAFBVV95cUxNTGdCaHhIVGlwRldidkZNaV9pUmIwV3o2VzhsTnl0cU1yZG9scUllbFNaZVZIZ0R1cVIyVmo5aTJSa3c4NWNCS2c0SGhwS21NXzJNWnJJaEZ2bHdpUTBiNEFEdlZoTFpTa1dqVFFITVJTNlphSHNCTjhibDZPcUc4NU1pc0xBNWJWcXVLdHNNU3RVclNhWHpLbDRMY1kzeHdqZGRQZVZVN3A2ekRJ?oc=5,CME Group,en,pandemic oil demand,covid19_pandemic,relevant,2,2,1,0,0
2022-08-10,Druzhba Oil Flows To Resume After Weeklong Suspension Blamed On Russia Sanctions - Radio Free Europe/Radio Liberty,https://news.google.com/rss/articles/CBMihwFBVV95cUxObHFrUVJ5MGs5a1d4bloxVUh5LVozTVAyU0hjTHZaNGRLX0dGbmpRSjRTanNCSnA1RkN1OGdCNG83T2plX2NDRFVrVUNoWjU0VjJjcXRneGk2ZWNZOUY1bWtVOHNXLVJqRGVVRlZ5Vzkta3NZTXlsTmZtX1dlenBXc0NTTVpfY2fSAYoBQVVfeXFMTXZyTnl1c0JhT3R3dUxBajdRZGFfM0MxYzVpODJUQzJPaUt3Z2NKTzhYbWNsNUo1UlpuWmgyaElvMGNhbUpJdEFsUXZ6NzBwSWpjLWNFNy1EbXlTXzNCOTRoMnFzcDdlbE9xcFk1WXpiWUxyWmNoZE5ZTTluaXctZm93TXRkUEwwZFpR?oc=5,Radio Free Europe/Radio Liberty,en,Russia sanctions oil,russia_ukraine_war,relevant,2,2,1,0,0
2022-08-11,Global oil supply hits post-pandemic high in July: Int. Energy Agency - Anadolu Ajansı,https://news.google.com/rss/articles/CBMirAFBVV95cUxOVkZNNlpZWFBnamlhalFoV0o0dThPOURIanRQMk9HMUJSSWttaXdNOGd5QXlWS0Z0dXdfOW1yZW04eG00SmowVXlobjRFM0xRNG40bGNMYjFxbnBkWFk5ODZfcHdidXBUUkIzbVpISWc0am44OXljbGZYY0hVa010WnZQd25OVkRfN0h5bE1OYkxMeTFPNDhYOGswcGNpbHZjR2EzUDBub01PVkJh?oc=5,Anadolu Ajansı,en,pandemic oil demand,covid19_pandemic,relevant,2,2,1,0,0
2022-08-18,Record Breaking Increases in Motor Fuel Prices in 2022 - bts.gov,https://news.google.com/rss/articles/CBMiiwFBVV95cUxPQmw2bHhtZEJrTS02U1Zpa1RvSlZreV9KX0QydEx5LUdWcWxyLVMyR2kxalRKT2d0c2J2VW4wY3V2MDJMdDNYTmxkZ2E1bjZFNGNpdlE1UUVnb0xQMXY1cnllMVdqWjZpTTZhM2F5dkFMRFJoT2l3Q1lCVU5aWlRvb2h1SzlUWU9kaUZV?oc=5,bts.gov,en,COVID gasoline price,covid19_pandemic,relevant,0,0,0,0,1
2022-08-25,Energy crisis looms in Europe as winter nears. What’s at stake? - Global News,https://news.google.com/rss/articles/CBMic0FVX3lxTE4zR0VCX0paczhxbVpvRklCNVJMWWY3MmVlMGwwV1pSSVcyVkFpWUdzd0NONHd4Q2czcHVIZkxOWnZrbndJb2RYUXU2anZuTGlUc3M4NVBDNmtsRS1pazFqS1dkSy0yZUsxTktlZ21NODRnQUU?oc=5,Global News,en,Europe energy crisis oil,russia_ukraine_war,relevant,0,0,0,0,1
2022-08-26,"Forget showering, it's eat or heat for shocked Europeans hit by energy crisis - Reuters",https://news.google.com/rss/articles/CBMivwFBVV95cUxOOExSNXdIcFlydVlCclhJVkFDN1E2eFN2a0dVcW1hOWdoSHc4dzVnYmpHWnprdlRHWEVPZkV4M19OT0o3OG5SZHRrZDBqZTZmVnZDUWVqd0NBNVZuQTFqQ0M5VzY5Y2xRYUgzbG1hQ3FCOWRxakc4T0tCRnh2REJFdmExM3ZpdUo0VnpTV043V2lYT0VWZFFuQ0FVcEJFNmFvNk11MnEtMlh3V3dlclFpWUhlZHpOdEZoTlIzNld5UQ?oc=5,Reuters,en,Europe energy crisis oil,russia_ukraine_war,relevant,0,0,0,0,1
2022-08-30,A Portfolio Manager Shares Top 5 Books on Europe's Energy Crisis - markets.businessinsider.com,https://news.google.com/rss/articles/CBMizAFBVV95cUxQemVTbkJpbmxyQ2pkVWY0RnJKUkVPbzh4WGg2RDYwZlZGb1M5NUo3dk5Rd0NISXJtTlZDRTVBMmJ1VWxxMUJIYVJaNTEzSVRxdG91UzRVMWVCaHZYdjRnNDVyR09qenVDdVFKakJxMFkyc0JMSlNnWEUwMWdLRTZrTHpyUzJlaXVEWFNqWFdnMm9UNzNuREhCN002TmtwQlBWTG1XTlVIZi11amNwS2FSYmd3U01tN2x0Yl9VV25xN2lvOVhnTWJmNUR0UjU?oc=5,markets.businessinsider.com,en,Europe energy crisis oil,russia_ukraine_war,relevant,0,0,0,0,1
2022-09-01,Europe’s Energy Crisis Threatens Glass Production - WSJ,https://news.google.com/rss/articles/CBMiogFBVV95cUxQQXJGWHNpZEptbmRNOFR6ZXNnelFnZ0FFcG5nd1lfVFp3YnBJTUo4UDc3ZnBZVHh5aHlSMGtPQ1EtWGNVZDJKakdTQWFVb2lMOWxzeVJFTFNPMHpOREFSVlJxS1JQY2JNbVRCMkU5MVhnWEpfc3ltQm9PbnJYUGtKLTgwSDMtYndyVjBTbUFQcjJ5aU1OZktDaW0zX3lzZEtqT0E?oc=5,WSJ,en,Europe energy crisis oil,russia_ukraine_war,relevant,0,0,0,0,1
2022-09-02,"Russia's Gazprom indefinitely shuts down gas pipeline to Europe, compounding its energy crisis - Fortune",https://news.google.com/rss/articles/CBMirgFBVV95cUxPOVdMSGw0TXZMdzlxeGtLaVZ0MGRqRzFsbER5Q1lmelcxcmVLckFtdEpIVThvTHphVFlUQ3g3LXZNM25xTVZsVUFMNEVwdS05bnowRDBVUW14cjNYMmVhMTNCZHk0UUl4OXVNa2oyejRPRGt4ZTNYSHFwTHBvamc2R3RUa1JDT2NMX2d4RVA0UVA4WXNRTW9RaHU4a0pSZGlhSS1DTVFhLWVPamhpNFE?oc=5,Fortune,en,Europe energy crisis oil,russia_ukraine_war,relevant,0,0,0,0,1
2022-09-02,G7 pledges to impose a price cap on Russia oil - PBS,https://news.google.com/rss/articles/CBMiiAFBVV95cUxQcnVCVTBIMm5YcVFmQ0RnS1U3VzB1M3cySnlYRS1ZYkhxU0tLdzJHbEgzQlFGaWs3RnBIRlFjd1RFM0szR3czN1BaOHFfUEluVU9ySno3SVgyREx5N2ZSdHB0WWZEdGtTNnJsejMzNDVCMkhuY0c5eHJ2SVV2N2pfc1liRFZMQ1pa0gGOAUFVX3lxTE00TzNfcEJLZXpYM3J6aTNpUl9BRF82dHNjYTVoWUFMTlZWSnhjWkJLTnE2OFF0dmpvSGVzWkpQVEpJeGlpdFpOaXN2M05nU09TV1c0cV9laFR3anRtWGR3Y01XQTdoaFlLeWJWc0wzZURabzNiX0lzUlR5U3pkTjlVUWs4WnRHM0JvVVloUEE?oc=5,PBS,en,Russia Ukraine war oil price,russia_ukraine_war,relevant,3,1,1,0,0
2022-09-02,Ukraine war: G7 agrees to impose price cap on Russian oil - BBC,https://news.google.com/rss/articles/CBMiVEFVX3lxTE9TU1N1SVIyVmVjcG9zTnp6WXg0ZGd4RTJEOUVDQUEtMWFQT0RuZWFPMG9mV2pGckN0ZmQtODh5Zm5pUjRQRG9ObFF0S2p0eFRSdWgtbg?oc=5,BBC,en,Ukraine war crude oil,russia_ukraine_war,relevant,3,1,1,0,0
2022-09-05,Europe's Energy Crisis Could Force The Large Hadron Collider To Be Idled - Crude Oil Prices Today | OilPrice.com,https://news.google.com/rss/articles/CBMiuwFBVV95cUxPN2d2OXBpejY4RkVJN2FsTnJRRC1aSERka1pzUEt6MmZOWkdpaXQxMTZNRFlVOWtJclFmNjZYeFBDaFY3R2VmTjVkWno4cUh3angwYUNVUC1zc2k4YVRmd29ydm5LUDEzVmxrVC0wRndwVkxRNG5FbEZPTVVSQ2YyZTJ1Rks1S3F1WS1BT0tvNlFXUGZJRS1GUU1SQVhnS0VQTGUyRi14NFM3by1qcXlVZUJGVlB2TW1DVFN30gHAAUFVX3lxTE84Zkt2SEx4RFFJQU9FNTdHV2FHQXhPeHF5Q3dUbGhRb2pMaFZXRmtZb0t5WkdGWVRWWU9sTmt3NVRzRHk4X0dVYzlOXzNWb184THRXcEhfbmpPT1FFQ0Z3OUNBZ2I5cFNBd1pBYzFSc0FfTXUtY0taX1lqdVdZVWxtQmgtaUlFRC1EVzlZNGUxWXB3THdCb3Z3Wm5pMjRobVdEdTVhVHJGUEhvMTR0YWRYQkhOanFKWUxWc3R5OWJEbQ?oc=5,Crude Oil Prices Today | OilPrice.com,en,Europe energy crisis oil,russia_ukraine_war,relevant,0,0,0,0,1
2022-09-06,Europe is facing an energy crisis as Russia cuts gas. Here's why - PBS,https://news.google.com/rss/articles/CBMingFBVV95cUxPQW9kT1VLTjJUVi1pYUdMMjJ2M1hEblhlbWNTUHhHc1ZxVlZISFZqZzNCdXZmdV9RUl9fdlJnOS12S2x5eEo0eGd5ZGNNbENDQVNrOXZPS0ZNX2tFbkQtcnV2UTBPa0RncUd4MlM3WExqMUhMemY5VHd2QnNtZ3hjcmFRRTZTYkYzaXMySl9QWnBIRzhab2VuZXV4eUMyd9IBowFBVV95cUxQb1ZieUhnb0NTRGZPdEg5VE9VeTdtWUtMUUkwSjV5YUlNUncyNnRiWllzblVHLWxWWkg0eE1ZeHk4NVhQd3dJWkdpZlVIT2theVh4bldHbEtvdXpTQU9yQmoyWTJnMU9GTjFDUzcyREFFUzRvV2xTWWxYNUtiTXBXUTJ1V3VFaWk0SVRCZ0RPdlVxb3dFRG01eERtRUJ1VWFibU5N?oc=5,PBS,en,Europe energy crisis oil,russia_ukraine_war,relevant,0,0,0,0,1
2022-09-06,Russia has cut off gas supplies to Europe indefinitely. Here's what you need to know - CNBC,https://news.google.com/rss/articles/CBMinAFBVV95cUxNNjh4NWM5ZXdhR1lIdjF3ZjZxTmNmM2dlWnRPdUhoZmFYSTBLUGNkZWtLTDZLakxTc2RERExobFNkZzM2aG5iS09OcHFCdnVIUk9FZDM1OTdac0o0ZHh4MWQ2azc1UmFsODJFSGMxWG9yWHkxVnRjNGg0bDJwbU5RUGNrMWkyN0hla245TTliQXdFa0VwbkdPOWstQVPSAaIBQVVfeXFMT1pJTm1xbzI0ZzBDcDVQS0pjS2lFdXhZbVhmV2pzcjBad3dDQ3dPVXR3VXJMQk0xa2U0dlFGSmRlOHZheE54MVpFNmlqSzdsMkpISHo3alV2WEY4VURjblBlWUFYeXFfQldOQ3VxNFJyOVVCd1pCSGhKclBRTkViemxvMHk0VzA0WnBaeEppUjZJb2V2TzZCaldRcEEyUnR0SmVB?oc=5,CNBC,en,Europe energy crisis oil,russia_ukraine_war,relevant,0,0,0,0,1
2022-09-06,What happens if Russia's gas supplies to Germany are cut? - Clean Energy Wire,https://news.google.com/rss/articles/CBMimwFBVV95cUxPWU1FZ0NsWE5reThNa1BUaW9NMllydXFUX1RVR0dVRnRreEFLSkpDc0dZd3EzRHRwOUtEME1ZVjdQUHZhZ3R4SkhQbkQ5QXJsWHk0bG1jLVkweVJrY182YTFGLUFkZ2c2TUllSmxXWGVobW5zZEVkNXJ3X1I4SWZOZ3dmRFljQmhDZkgtME1lY0h0S1MwT2c2SE1PUQ?oc=5,Clean Energy Wire,en,Europe energy crisis oil,russia_ukraine_war,relevant,0,0,0,0,1
2022-09-08,The U.S. can't solve Europe's energy crisis - Axios,https://news.google.com/rss/articles/CBMifEFVX3lxTE1IcmdqNEd4VlBOZFQtS3NiWUw3c05XY0ZLRzdaLXJ0dVRtNF95MWNCc2JJR0NQZkJrSzVfOFVPeDlwM1JrVHZvNFkyREpkQW9nRFZRY05pLS1tTFdFUnpUTHQ3cmd0LW9HcEoyTFg1dnZhZmt5MGxLVm43OTg?oc=5,Axios,en,Europe energy crisis oil,russia_ukraine_war,relevant,0,0,0,0,1
2022-09-09,Big Challenges for Russian Oil Price Cap - CSIS | Center for Strategic and International Studies,https://news.google.com/rss/articles/CBMidEFVX3lxTE1yb284QlZqLW4tREJ1NVZidEktTG1KcmhxSUVaSVdrRTI3UUs1Q2VCbS15TXMzb3ZFRFNPY1lCcUlKTm5ySk1MS0dycnpvRllYZExmQWhzTFpoNXlSQWtzbG5jakZvMy14OGttVmVpUkhHZ19Z?oc=5,CSIS | Center for Strategic and International Studies,en,Russia sanctions oil,russia_ukraine_war,relevant,2,0,0,0,1
2022-09-12,Why The EU Is Struggling To Bring Its Energy Crisis Under Control - Crude Oil Prices Today | OilPrice.com,https://news.google.com/rss/articles/CBMiswFBVV95cUxOc3Nobmc2ZzdqaGhleXBfUWo3M1JPQjFVVUl4aDc2dUdVZlVVS2ltT25vU3Y4c0RkRV9UYjIxeG54TE10RGt3Y04tNzVqRjRIaFlGczhDWHl0WE45RjhxcG04cW5jaDZBLUxBamZQQkhndXNmMWhpeUZaOTN4YXVUN0xWN1Q3elNralJYUnNTVnJ6eWJlTWRHSkYwSkFRRHRaMEJBcEYyYjgzQl9oWXZhY0lyNNIBuAFBVV95cUxPaC1GVDZwa3FoUzJiRlM0Nlp6cXhIeHVNa0tOb25wV0RHakpjV2ZndjNkRVB5dlppWWdUd2JtXzdSREh6WWdqSFBYRzF5UExremJIY1pnSlp5RnlDTVF5X19VMkswelUtQ1c4NVBCbWFOM1phb2RGZGphaW9kLXphMWRSeXVDUWFCcEh4YnRFTXVsYktMeEtOMUJGRVpmanlRM2xUYmRDbHFZUU44QzRJcDlmdzQxcjNh?oc=5,Crude Oil Prices Today | OilPrice.com,en,Europe energy crisis oil,russia_ukraine_war,relevant,0,0,0,0,1
2022-09-12,Fuel set to jump 25 cents this month. The European energy crisis could push diesel prices even higher - Australian Broadcasting Corporation,https://news.google.com/rss/articles/CBMiqwFBVV95cUxQcTEzM05JUFBMRW1XVWN5NE15bUw5d3VrU2RXWHE5eFQyZTZFS2hSMm5CdC10NmdlbmRKMjhSMExrWDdERXJsV2UxVkRKOFFYZWQxeHdXQlg0Z2JxcEJ6RnFXVHNRM0dGb3liNDc2WTFwSkdiU3BrSnJZaDJOdkRVVzFwZlA3eWMxU3BNNldPX3p4Rml4TGx6cUpfNWN6YWhMV1BzUUlIV19PWW8?oc=5,Australian Broadcasting Corporation,en,Europe energy crisis oil,russia_ukraine_war,relevant,0,2,1,0,0
2022-09-13,Understanding the European energy crisis - ig.com,https://news.google.com/rss/articles/CBMimAFBVV95cUxNaGQ4QV9XbF9BT3o4VXU0YjZZT1JhVUxWYTNYOUVIOWNlQmRnWnhxRmlyVzZISERYcWN0ODJ6ZVpnZER0dmNXQzRxenVpUjFCbjZ2ZXR4aDVGaTRBemk1SVhhWi1haXlqZkxXXzZjVjl1cHNTTWZpTWtOMDZrZG9sQ2N4UlYtekMxRVIzeHFzMENRVnMzSjhnbQ?oc=5,ig.com,en,Europe energy crisis oil,russia_ukraine_war,relevant,0,0,0,0,1
2022-09-14,"Ostracized by the West, Russia Finds a Partner in Saudi Arabia (Published 2022) - The New York Times",https://news.google.com/rss/articles/CBMimgFBVV95cUxOZlNVazBxbGhINHlPM3h5X2JTakNZcmQxcVNwMnljNFpCNU5ObGVPXzZ2eG9qMDZuYVpYTUJLdjFEV0tMUUNna2pHOUdMZGQ4a0lIUmZkWVlkMGxSVE5RR1ZsX3JUcjV1dDhwbm94bXZpb0xZejF3MGZOemZFUlJrc1BrQmRJaVY0VExiT29uM096T240R2ZPemJn?oc=5,The New York Times,en,Ukraine war crude oil,russia_ukraine_war,relevant,3,3,1,0,0
2022-09-15,European Energy Crisis: Navigating Russia’s Market Manipulations - IPI Global Observatory,https://news.google.com/rss/articles/CBMipwFBVV95cUxNR1FMbm9ISUVJaDJNN0k5cjNzNmd1R1BlUFlFRzhIYThGSlp4Vi1Cc3VrZ3lrSHp6NERfR1lyUTIwbGVhWjQ0d1V3UXN3aHlfZmN2MnpFZFBJSjBlMjl3RWZDWG55SkhSZkpLNndpWUZvWFNvX3NDdFd4a0I1SDhXeU95VEphVEZPMWNwZzBlN1drWW1Oc3Q4cjJJSEZjOWNPeFZXREY1aw?oc=5,IPI Global Observatory,en,Europe energy crisis oil,russia_ukraine_war,relevant,0,0,0,0,1
2022-09-15,The effect of European fuel-tax cuts on the oil income of Russia - Nature,https://news.google.com/rss/articles/CBMiX0FVX3lxTE4xWDFWTjNQcTFHS0xRQ2tnUWRMbXIxY05RdmdIOU5DcUN6ckppTVNGb2NxUkFYSWxISnZwRlU4bHM4MFBKVktlV2x6RmdzOG9JRXVvTDZQNWNfc191MGdV?oc=5,Nature,en,Russia Ukraine war oil price,russia_ukraine_war,relevant,3,3,1,0,0
2022-09-16,Lower oil prices defy robust forecasts for global demand - Reuters,https://news.google.com/rss/articles/CBMipwFBVV95cUxOc1BTX3pWYjIyQTZ4VnoybmxlT19PYVktU0pFclQtUjc0TW15d3hneVlZT29OQU1aZk40THRMU2VNZXAzUTRJWWhESHFzNVJsc3BiYVJScnNmd1loLVdpbGU0Z3l3TzBpclBFaWlfVnJ4Z3o2Y0RsY29UWXpQemViaGJ5Tlk1ZldHZHVCT1RBV19PQS0xRXRwQ05ETWFfTXVybS1ocmRpTQ?oc=5,Reuters,en,pandemic oil demand,covid19_pandemic,relevant,2,0,0,0,1
2022-09-16,Germany seizes control of 3 oil refineries owned by Russian giant Rosneft to brace for winter energy crisis - markets.businessinsider.com,https://news.google.com/rss/articles/CBMizwFBVV95cUxNcG1lQlZQTVhrbzZScDlhR0pZd0htMmxNLTA4cnp2b1dGR0ZZeE1rSlN2WW9qMThhV2RXeDdPVlJwZE5VbThWb2dGaWpkaU1BT0ZNdmUyU3c3eG5BbE5RQlBncDZrYUdDZ09Ua0M5WjBKVVRHM1dxMXBmUjJVMy1NM3RJS2EzcWUxZ0NaXzMwaXRSRzdKMy02aDc5VnhqWE9VSjJEa0xod0JyVGlmQVM1Q19URGI4OEhiRXVJc3g5Y0NJdzRVbHRVcnBIa05Pd3c?oc=5,markets.businessinsider.com,en,Europe energy crisis oil,russia_ukraine_war,relevant,0,0,0,0,1
2022-09-16,Europe’s energy crisis has Canada weighing future of oil and gas industry - Global News,https://news.google.com/rss/articles/CBMijwFBVV95cUxQdzVxSVZyR0ZIb09STVBXMTdya0xCTEVHbzFLc01iUWFrSkJBR18zWDRablBDRzcyQ21qQ3N4TGY1RXlHd1ZLY0tKZEVCOVF6MlZKR0luX1lCQ0liN1A4MkpsQW0wVk81d1VBOVNpd3ZnNnZHQU1ITy1iSnZ2Q1hTak4xQWgyUnQ2TWZQRGw2cw?oc=5,Global News,en,Europe energy crisis oil,russia_ukraine_war,relevant,0,0,0,0,1
2022-09-16,Germany takes control of Russian-owned refinery amid energy crisis - Reuters,https://news.google.com/rss/articles/CBMipAFBVV95cUxObFhRM0NuLWNiY0pfRTNUNHBCZFBZSm56U2dRNkVpYWU1eVFZaGNtdGtTbmdibDROWnRUam5GSHpwdzBRb0tlZlFJMTJDeWxDeEFSSXk1UnJEdTZYVGstNU05U1dOOS04MkpzZ2VkUzY5cDc2emZwTzhObzUtV0NMR2xHN0NUeFVjWVpyVDNXa25PemNDUG9wRmFWOXpYWC1Ta1hDTQ?oc=5,Reuters,en,Europe energy crisis oil,russia_ukraine_war,relevant,0,0,0,0,1
2022-09-16,What Price Is Right? Why Capping Russian Oil Is Complicated. (Published 2022) - The New York Times,https://news.google.com/rss/articles/CBMiekFVX3lxTE82ZjkzVGcwLVBnZmY5RmltSmpwXzV3bXl3RHpmWUxEeFg4QUVCV3RYa3VsTlJpUGZFVmczdkNNbTNyRTFsbnhOcDRPcVFVaDVNS1ZpZW1qQVphVmJadFA5MXFyZHpSY0dSRm9DRVJ3OWFYeTlPN05ENXh3?oc=5,The New York Times,en,Russia Ukraine war oil price,russia_ukraine_war,relevant,3,3,1,0,0
2022-09-20,Opinion: The European energy crisis may not be as severe as advertised - The Globe and Mail,https://news.google.com/rss/articles/CBMivwFBVV95cUxPSXdFOU9pM2p3YlNnRnh3WUQzRlhDdmhXNUNQLVFtQVpxTWswUmNPZ0NVbG54dDN6YUh5UXJnMDR6YWctLWxqX0ZwZEgtT2xKRWYyQjVHcEUza1pScUZSUGZUcDZRQjA0TzNwamRSSG11QjhuUWJiVFBSa25GOTlJaXhwRkp4ZmdZX1pnVGVJbFZXTlB3bFNMeDBfd3l2OFpyNDF6TjJNWFJTR2p1NWpGWnpmNzZiNGdKRzQ5TkYzcw?oc=5,The Globe and Mail,en,Europe energy crisis oil,russia_ukraine_war,relevant,0,0,0,0,1
2022-09-20,Saudi Aramco chief says Europe’s plans on energy crisis are not helpful - The Guardian,https://news.google.com/rss/articles/CBMikAFBVV95cUxPS1lpT3p5cm83RHgtclloajN6Vm1CVGpESm4wdUw1a2JEV1JCMmxjSWVjMHEwaFMtOHZ6MEJfeHdsRWxLUld1RUZKOVdIelVDVGo4SFNENzVvNDhwMUFoZnlFZE9tN3YxdU81blNVcGVXWGlNc28xemJsSWZQOUJfM2c2c3lQRFZLbmQzLWpETUs?oc=5,The Guardian,en,Europe energy crisis oil,russia_ukraine_war,relevant,0,0,0,0,1
2022-09-20,U.S. senators want secondary sanctions on Russian oil - Reuters,https://news.google.com/rss/articles/CBMilAFBVV95cUxNNzdYX3JrN3c0YXJvZFBqUVFydWZ6TXZCNTM5Y1JFb0VDcGhiQXQxY3BuLV9lQmdmdjJlOWtrNE1jeTh3eUZVMldDdFRCemg1RzdDdUdDdmhXS3dHMTBUTy1uUU0zaHZ6YURSRTlwMjE1Y0h6OXBpQWRCWWpWSzlKeWpjQkltZmxnQ0Y5eDRLS3ByVzVH?oc=5,Reuters,en,Russia sanctions oil,russia_ukraine_war,relevant,2,2,1,0,0
2022-09-21,Strike At Exxon Refinery Adds To Europe's Energy Woes - Crude Oil Prices Today | OilPrice.com,https://news.google.com/rss/articles/CBMirAFBVV95cUxOaUM1UFZSRVZtak1FNERCR2xGUXdrdHRMd2oyc19XRTAxMUprdWRLWXZRaVhkSU9aUEpFTW1jYW9Qa2xVNjB3dlZyakoxLWszaEdGRlFkN0IxR1lqLVVRREw0dGQtdy0yaDRqRzdiQkRrUXhiVEVKNUpNMDFSVW16dmhmeE1YV0t4MVZLNkoyLWhHUFJVWVlrXzZCanRmRXdNQVhScVZNOEtYOTVk0gGyAUFVX3lxTFA1Ylh4bFVTcTVuMVhTM3d2OUtVdTBJNy1BNFA5b1FwMDRGUndSZEpSVXFsWHBiN0dyRXJ1aHhZSzByRUF3TjZsQXNCa0t2WUhzRmVUNnM4X1dEcmRXdGtBcjNmeTdQU0xteTY4c0pCQUtMMG5zYXRwV21ibklzNlFaUHhzbl9idzRVdXNwSkFfYkQyY0V5Yzl6RW1uLWJvbkd1SlZTNGhSSGg5STBWVlc1YlE?oc=5,Crude Oil Prices Today | OilPrice.com,en,Europe energy crisis oil,russia_ukraine_war,relevant,0,0,0,0,1
2022-09-21,Germany takes over Uniper for $8 billion amid Europe's energy crisis - Business Standard,https://news.google.com/rss/articles/CBMi2wFBVV95cUxQTm9tS1BBUmNzc19mbllnWDQ5MWN5dlRMOWpUSmkzQzJuZ091X2FJMzRCVFB0SHZXMFFKTWwwcGtWTmgtZ1JWQ0ZZVHVURVJzS28xSkZidVBRY0cza29McVR4S1pWaVlhU2gtNHdrRm41OVIyTl9aRG5MY3drb3lRUzlXWDVtMk5RYkpqMXhGSm1ZT2dCNUVlSVFhNkFvNVhkckV1a1hMVjg3dUU3MHJuZEZUakNFOHR0clhkUThjckhWcHdFSEhnS1d1Q25jVFpnd2hDRVN2TG9VemfSAeABQVVfeXFMUGx0cUhCQlVYdlNuaE9Md2JTRGVfTEJTODN4TTBzUHg0VUkwS3dtZ2dMTmNnY284V2ZZZ1h2Z3YwNExjSUdHSGZ4dTRPVW91V3JLdkxtdlFPM0l2YndZREdTSmVCVjdnZWdpcVJWR2g4WGdJR0ZZeVVHdTBkYVhtRG1aa2RuSlFDT1otOTNZQVVpZkItNmczZWtSU1ZXUDBYT2xVX1dOZEp6NXBMY0Q2VVBPa1hINVFQeW1HVFNPWGYzMFdvRDFubUJWSklYcjRpTjVwMEZ5bEpyalduVUt3UDU?oc=5,Business Standard,en,Europe energy crisis oil,russia_ukraine_war,relevant,0,0,0,0,1
2022-09-21,"Russia-Ukraine Crisis Shakes U.S. Markets, Gas and Oil Prices Surge - AgWeb",https://news.google.com/rss/articles/CBMirgFBVV95cUxQN0ZVZ1hBYjdUZWUxSmM1TkticnVPdlZzYnBLTFRydmV3VmplZmJXeHRwMjlvSjNna0x3MEFPQzI1R3B1eVNRUkJ0Z3ZCb2EtVDQ2QmQ5VmxwUDgtdmpXSDNWMTVCcFgwcWhLQzZ0R04tSmpELUxOa04wSHNVUkxKMnlCUjZiMk1HS2RnOU4wWWdvRWZoVnFIRzFNNmlTYVQ0YU5PbUYtUGZBN0VJMmc?oc=5,AgWeb,en,Russia Ukraine war oil price,russia_ukraine_war,relevant,3,6,1,0,0
2022-09-22,DATACRUNCH: Europe's energy crisis in charts - IntelliNews,https://news.google.com/rss/articles/CBMihgFBVV95cUxOYm5SZU9NWUlKTllDMl9hSjJtanozaktlMllneVlqZW9XTWhJVzNMRjJXWTJQY29WaU03Y0I2bGV6ZlRlcHcwdm9RbWRMVVJvTjdidzNvbXhfdmtwX0xfMU5NUmRlUWNyRVRUU2dDSHlMR2VaUGUwZkVIYWFhdjdFd012Ym55UQ?oc=5,IntelliNews,en,Europe energy crisis oil,russia_ukraine_war,relevant,0,0,0,0,1
2022-09-24,You really don't understand how bad the energy crisis could get in Europe this year - Fortune,https://news.google.com/rss/articles/CBMigwFBVV95cUxQUlNFZkJ4bk03WTg5cVFpWE1qWFJfaWNTUHd4OVYtOG5HRjBxRGNGcUZNYTJmOVBCVU41QWx5bUdsNmQwOWJMM3FUNlpmQXdudG9KRnE5X3I0Y1NkTzRqX0hnTG90TFhSeUt2UFcwMlU5eWxFYXBCTGJYRDlXV3BaUTNrdw?oc=5,Fortune,en,Europe energy crisis oil,russia_ukraine_war,relevant,0,0,0,0,1
2022-09-24,The war in Ukraine has reshaped the world’s fuel markets - The Economist,https://news.google.com/rss/articles/CBMiqAFBVV95cUxNSUMxZ2tRY056b2tRNl9nS2R1T0NQSkNXeS0wdWdpUGYzeF9oNF9TQlZnYlVIQ2lMN3owbDJHRTRIMTZsOVg5VUExUW90VEVGOWhlNS1EQVBVOWF2QXA3MmJpV1FsU1JPWkRIRDhYYjhDUXFKRWc5TFR1eDBpems5TkM5R01oNDFCWThZNjZ3a0JsTkoxcUozcS1QbFNlb3phOHV2VThMaks?oc=5,The Economist,en,Ukraine war crude oil,russia_ukraine_war,relevant,3,3,1,0,0
2022-09-26,Sub-Saharan Africa’s Reliance on Oil Exports Leads to Decline in Agricultural Imports During Pandemic - USDA (.gov),https://news.google.com/rss/articles/CBMi5wFBVV95cUxNM3lyY0xYQUczcXlLZ1paaTlqWWRjOXdqdklFUUxsRXpYcVhCWWFaTURjMXRlSFRlSktRNkVoNGhEbWc0d09UcjN0anhKUFJPQW80QXdVRFBNUkZFbnpRQnNXcUhfTE12OHdpdXN5cXpDODZISmhVci1PZ05GeDhIamliNkhsa3JLQ1VTdk1PZmxaR2xveEQ3NzRqTlVyNy1kYzU5Y0RMT0xCOFgwSkZRQ3h4ajQzNDcydHdXdnFPdlNFbWYxdWpIT092NHNGQXZoeDZEUmdlSU5QOUtsNkU3RXF5czlYZ0k?oc=5,USDA (.gov),en,COVID oil price,covid19_pandemic,relevant,2,-1,0,1,0
2022-09-29,Q&A | Understanding the Impact of Sanctions on the Russian Oil and Gas Sector with Limited Data - CGEP,https://news.google.com/rss/articles/CBMiwwFBVV95cUxOMFEwaWJUU0RPb3ByemhaZVlRQUtlVzZ1S21sWllGM3hBX0dtNFRiRGtVdUVEY2ZGU2FfbW1UdHJWZi1jVVd5ZXdnWmxDY0tFa1QtbV9FZDQtNEtIRlI5UFJlbHI4UHNJeS16aUEwUElYZmlhRGhOZm5qWmlCSEJuNFM1ejhkdk51UVE1NlNDMTVJQTVFbzZyY19rTGdCM0p6TEhydVN0eXM0REpVTGdhSEs2SWxDWWRzcFd0QmxVdjc1cVE?oc=5,CGEP,en,Russia sanctions oil,russia_ukraine_war,relevant,2,2,1,0,0
2022-09-29,Russia’s energy war: Putin’s unpredictable actions and looming sanctions could further disrupt oil and gas markets - The Conversation,https://news.google.com/rss/articles/CBMi3wFBVV95cUxNOE9IX2toRUFJNjlBWWNNWlZaNVFqakNBUjFmMnd2NW5qaXBlSFBnbEplUmNkNFhpZGhoNEV4Sk1qUkpqaHJzWUc3cWlScGpNUHNSY2hKMks4Ni04OHFMUHIycXpKbFpadW5VU3lMMUc1SEh0eEpPSm9lNmhjMFFYRGJDR0xNMmE3YzBzVlQycWthbWduMTNhdzBKcGk3UGhIUVpicmRuV0ZkM1VISnprQzlQVXVfY1JrajBRLWxHYm5KMS1VREJpdjRsNmNocHpUYXNyNmJVcC0wcUFnYjFn?oc=5,The Conversation,en,Ukraine war crude oil,russia_ukraine_war,relevant,5,5,1,0,0
2022-09-30,EU agrees to tax windfall oil and gas profits amid ‘insane race’ to tame energy crisis - CNN,https://news.google.com/rss/articles/CBMifEFVX3lxTFBVT2gtSlREa0JaalY1UEhiQzVNUzB1Z2pMMnZnRnNubHBsRW5TTXpaeXA5MFU1SjVDMnpIeFdJdGM5bm1Va3VBSVJDRUdFNy12LTYzQWpmZHhPWEd3M0oyX1FPRUdUNVlhWGh5bHY1MndGQTd6THl2WTNtUWY?oc=5,CNN,en,Europe energy crisis oil,russia_ukraine_war,relevant,0,-3,0,1,0
2022-09-30,Exposed Europe steps up energy defences after Nord Stream 'sabotage' - Reuters,https://news.google.com/rss/articles/CBMiugFBVV95cUxPbGlaVUdSOUFvWW5zLTNzM3VzWF9Ia1VoNnQwSjZfMDlVNDhFZjRxdzEwbE1jcjg3b1laN0lfNS1LVkVQZTBUU2RNRWIxM1BhdmI5U05nd2paSzl5ZjdYWGNIQzczZ3JpTkZHSXpRT05MLVJPTzJ5S3ZZQXZBa0lxcGNidmlpdHoxeENHVDBZMC1oWnlrZDFtbTVvTWVtMGM1UlJBUm1UMDUwcGsyQVY1cTM1cjU3cEROdEE?oc=5,Reuters,en,Europe energy crisis oil,russia_ukraine_war,relevant,0,0,0,0,1
2022-09-30,Can Russia evade the West’s sanctions - GIS Reports,https://news.google.com/rss/articles/CBMiakFVX3lxTFBVQzFjX3E3SENha2ViYndEdHVrcTZmTGtnUkhFQ3F5cHBPekhnajZ6QU93VUUxMksxY3VoWW9memJRb1g4aGxPV0l0V0psU1I2Wk1EWTJzdG9zMjltcllvSkNTQ2txaFVTWmc?oc=5,GIS Reports,en,Russia sanctions oil,russia_ukraine_war,relevant,2,2,1,0,0
2022-10-04,Why fracking cannot solve Europe’s energy crisis - The Economist,https://news.google.com/rss/articles/CBMiqwFBVV95cUxNYTRPbzQ5VWNlWmtDRFpLV2hyWklSZkF4THVpbVR2d0xPdlpMYWVTM0hTaER6emw4UDFnNTh1VUxvbGpiMjdjSmlaMUFrSUE1aWhrOUZDTWp1SGtPTFJvd0NFZmlnT2NwQmVVQ25sdVFoaWdXeXJ1VE5sUGR5Y2JtajlSSkFQV3k4Z1BtYVhRV1ljV0g1LTBScHpGbzRoc2hlcENKbGU2SHQyWlE?oc=5,The Economist,en,Europe energy crisis oil,russia_ukraine_war,relevant,0,0,0,0,1
2022-10-04,Capping Russia’s oil profits could keep oil flowing to global markets at a reasonable cost while slashing Putin’s war funding - The Conversation,https://news.google.com/rss/articles/CBMi7wFBVV95cUxOSk84M1VqSGczTkx5dFRIYUg5OGNVbjhvM1g4YkU1WXFHNEM2Q0tOeDNsNEdkUEs2SDFfNWZWOEZvQzNiQWEzZ2NZYlVaMWxINWRqU1luTVlyTW5Qd3M3LWR2NFg1VGZFNUZwUXBqMm9kZVpkaTFncC1qZm9ocTJIaE44N2FmNFVYejlNOGFJaEhHN3N0TENWaUwxeW84SDdVUGxxdTlQTThSbTNkMm9lOUc1Sy1YejdiNUNIUFJmT2hLVHBITUFIVlUwVTRoRUFrMjlES29qUU50WXVmWGdJV0xfY3pLTGZQSV9PSXpHUQ?oc=5,The Conversation,en,Russia Ukraine war oil price,russia_ukraine_war,relevant,3,3,1,0,0
2022-10-05,Infographic: Does Europe have enough gas for winter? - Al Jazeera,https://news.google.com/rss/articles/CBMilgFBVV95cUxQMUszbDZRWjhqUWxUNGdXQUZSYTZnLVBRVDhUZWdjOWVENU5XQVgzdWphQzh0UEd2ek1hRWRWd1VKbHVKUWUtSFBiQktWbGRzbF9iMGkxendrOUFIcEdjVjFYWEdfSjQ2bFc3UFQzYldqNVZlVVJsVHlLbmpCelU2c0pCNlM1WEozLXJVQThESmdoQXc3S1HSAZsBQVVfeXFMTzlQd3JZVF9DeGRrTDhfY1RrUk41eFl1UzZURnFfS3BKWVU0dzJvRVB6Vk11TGhhS0FRbTZDS1EwdWNndjcxUkFuZHdwWEFvTE9xZ1FUUHpJZjd1bWYtdkhCNVZSZDdDSzAyenAyTFFyM0M1aWJEak1xWFlDM1lUekd1cGJEUVZ6RmtpMFFJcmJzeUpETTloaUFvY0E?oc=5,Al Jazeera,en,Europe energy crisis oil,russia_ukraine_war,relevant,0,0,0,0,1
2022-10-05,Energy crisis feared by Europe long a reality in Iraq - Kurdistan24,https://news.google.com/rss/articles/CBMingFBVV95cUxQMGNJTWloRnZCbGdtX0tWUUNVakpoM2hpNnU0Vmw0ekRRWUxPNExOZGFrUFJLRGNESk5pVkZkV3NEc25RaWZ1R0hKWHdpNlVyeThERFhRaDg1R1dYd29VZVQ2MUpzQ2hZQnFOeVhuZnpvWGpmeXBoV1BRSG85M05IZHA5UnBhczZheVl2UU1rWm9TRDBUNHRNc0JVZVF3dw?oc=5,Kurdistan24,en,Europe energy crisis oil,russia_ukraine_war,relevant,0,0,0,0,1
2022-10-06,How the OPEC Plus production cuts will impact the economy and Russia's war in Ukraine - PBS,https://news.google.com/rss/articles/CBMiugFBVV95cUxPSWhFc3RLVTFKYnRnRC1uVGtrcHJVWjJsa3BVS1NMaW1VNHptZWVFUGN3eTlxY0p6RndVMEpjUDd5T21ZRjFjdTRoTVVGa1ZfSlk0cHNmeHJTM0FfbGVfN0lVbWpmSnBQY2ZpUlVxZ3UwZnJla1hQdERNc3ZlcGtTSF9tVENsRnY3YjVoak5CYVF3X3FPMHFSYXVBak8weURLMnN5YVZPV19EWGY3MXBHNGhLRG9sbG0xNmfSAb8BQVVfeXFMTmMtMi0zWmdQZXJzRVFpLXVFSk5qMnlUaDQtM1BPMEVYMWwwY2hTdTZqNjVWYTZqLTJ0NDU0WUFuVGZySTNCVUk2bEp1TENQNjRra3B6QVEzWVVUb0hHMEp4NlUwOFZvRWlSY3Fzb1NLZ2FlZmlIbkh3NUZ4RnF1eV9pekJGZENlYlR5NXBTczc2UzBmSEluZV9ac3UyUWpwQ3dxMEQxTE1mY3pPTk9UdjQwVFFqY0dfR1pNd0JrNjA?oc=5,PBS,en,Russia Ukraine war oil price,russia_ukraine_war,relevant,3,3,1,0,0
2022-10-07,The impact of the war in Ukraine on energy prices: Consequences for firms’ financial performance - CEPR,https://news.google.com/rss/articles/CBMipwFBVV95cUxPaWhCSFJISU9hNG9kMm1JbU5tamszai1jWXpwYnBCVGtYekV6MlB3SXZvanpfZkZlVGFOMC13OW43Y1JIMXVFeGN2RTBYX0dOZTVmVXBfY001WE96MlFYLWUxbUhzZE5vSHRWWGZEdGoybDlYRDdmUG5IdjBhR0ZWSF94YUZIN3BzQVNMZzcyZTFyOFRaQmlDNEZwbVVZcF9lZGdQYUJ2QQ?oc=5,CEPR,en,Russia Ukraine war oil price,russia_ukraine_war,relevant,3,3,1,0,0
2022-10-10,Hungary and Serbia to build pipeline to transport Russian oil - Al Jazeera,https://news.google.com/rss/articles/CBMipgFBVV95cUxQNEFvMWFFMGNxdmd5MVVLcWlSdHpRLWdFY014SG5QX0R1cDB4RzZqcUZqakxIY3dOLWtGcXBFVlEydk9zUi1CbkxfbGZpam5PSEJtMzZndVRIYzlmS1g5ME9GYjRaOUg0LS1sY09LRlJZdk5xZkVaQmljcmtaMFF5RGNBNVJBeUdSV2RhUm9XV3FrekVwekZGLWt3SjBndkVIWFRfVzdB0gGrAUFVX3lxTE4yQlJ4dW9ENXFUcEhZeFVONWVsdXp2aWRQUG1KRUV5VU9faW83Q3NzMERVRXMzRGp3anNUTndtVnpCQmRFWVZNQjAzV2JEQ1FCOFNYamdVSDFGZlR1Sk9Ccm9sVHU4SHhDWDIyMnZpaUJvMHJ0YWhyUnQwbHQtZzhaWk9UcmZpc1FnQzZaUl9CR0xXazRub201X0toSDluQVlmMm9wMlAxMXdGbw?oc=5,Al Jazeera,en,Europe energy crisis oil,russia_ukraine_war,relevant,0,0,0,0,1
2022-10-12,"OPEC cuts 2022, 2023 oil demand growth view as economy slows - Al Jazeera",https://news.google.com/rss/articles/CBMipwFBVV95cUxOZlRUcWphenlGUlRlVmp2d29rTzgtTEhxQ09taUdlVTBFalhxQTZGNE9YNHZpMUhVaFg3WFR4SE11czZtRXdublp2aWdJdy1yQlZzV0lGTXZEN3ZzS2J4Y2Q1dFR6am1iN1QtMGVneTdsdTlnbG1HMDVERWptQzNFMElYTUhWWTBBZUptSmFGY3FSTGt3aXFXbXdpdFotbjVXNWJDYzJMZ9IBrAFBVV95cUxNNU5yOGoxOWZVR1N2N0VXSXY4RE5kZ216cW8zWXRoRmUwZXR4S01SdXlyMTY5U0UtSVBodUFLUVJLOWVMQzQ4OWJ4d29xX2VqSmtGanBPWVA1NXhkVnNEMEEyajBubV9CUldxYlN0Z3ZHeFllZV92blNvSFRMRjdhWEswMTREeVA3Y193VkNnSno0akdESHl1WTZRQ1o5eDZFLUVfTENfeFZ1eC1L?oc=5,Al Jazeera,en,pandemic oil demand,covid19_pandemic,relevant,5,5,1,0,0
2022-10-12,Energy crisis: Europe's winter woes driven by high prices - dw.com,https://news.google.com/rss/articles/CBMisAFBVV95cUxNVHVXa3U2YndGTHNzcHFIMjU2c01vaUdnTGdleWxZUkp4YTRGeDRwMklKQUx2WlpidzRkRnJCWjRUaHVoUTUwc0t6aFo0SDdjM2FtQXlmOTVXaGpGYjVrV0dnWGdzak5Cd1VjTkNkNE52cDJoZDBjd1RITTEyNW1XZ2VVSlllWGJsSmRZRWxtQnlZU1hMN29nTXZEY091SlUyNmM5T2laY2NucjZNa3Q3atIBsAFBVV95cUxQWHUtTnExdGtqU3ZhZThFTjQ2bDliM3NONG0xaVFuVjBtR0hHZzQxb3NEZElGVFFpcHA2a2NsTF9XMzAtaWhwd05nUXYxcE84QWUwVW9mMFQwVzBxX2FDeGVZLU1oZVNCelpISS1FdkhudlZrN0hFbF9IakpMSlIzbWExVFlDV3JQSzhDdjN4bEJGWnJIdkpfcWxBMDNDYzZWTk9CajN3Z2VFZm5nRG5fUg?oc=5,dw.com,en,Europe energy crisis oil,russia_ukraine_war,relevant,0,0,0,0,1
2022-10-12,Putin blames Europe for energy crisis as price cap divides EU - Reuters,https://news.google.com/rss/articles/CBMiswFBVV95cUxNZjduaGEyMmhmekdhdHI4eUVqaVpaeTl3X0gxcVk3UHlacldfTHFsM3dkbTFaMzhiUzV3UFYxQUJmN3g0NjRGNTR3YkdsenRROVJqNmprV09xSERIQml2QzNidDljeXJDRDhDd2psejR0ZVdoUmYwdVFhdEM1NDg1dlJuQ1Q0bS1ZTUNDWlpnbERuMzZqUUVjY0dzc1Z6RXFKdDdYVVRiX0pCdk9IbEg1SEJyRQ?oc=5,Reuters,en,Europe energy crisis oil,russia_ukraine_war,relevant,0,-2,0,1,0
2022-10-14,Winter is coming: Europe’s huge geopolitical blunder on Russian energy - Bulletin of the Atomic Scientists,https://news.google.com/rss/articles/CBMiowFBVV95cUxOaGJscWR2UERVZEhoMHdUc2VMcXUxZDhuTDBWZEVGczJDUXVpU1RPTExFS3QxaGU1dEVQLWVLb3lfMEtTT0xTeTRBZC1TVVctN25vRENoSEVLU21uQXc5TXJ4MzV5MzRaVmpqMm5RQjY5RVFEbzV3TWdKMmFlMnd2ZE1HNksycGZMUEpYX3pWVUljTWZPUUJhWkl4b0FTTDNRMHFV?oc=5,Bulletin of the Atomic Scientists,en,Europe energy crisis oil,russia_ukraine_war,relevant,0,0,0,0,1
2022-10-18,"Sanctions on Russia are increasing, not decreasing, its revenue - The Conversation",https://news.google.com/rss/articles/CBMinAFBVV95cUxNVkJqeTVIYm1lY0ZVX3JhOU5xNUxKakRJVG4zLVFYWVNUbFNMM2RBWEJPRXg1N0VfWnc3eEgwWkZMU1lDaExqMEdZa0ltSkFKU1dQTUZkcE9fY3U2eldoUzMwZTFMQVNMdjNPUDVlUS1xT0RzYmZxUGFtSmltcGRVcTB0bmNEVzBnTkdaQ2pfYW4ta180clRORkhNQUI?oc=5,The Conversation,en,Russia sanctions oil,russia_ukraine_war,relevant,2,2,1,0,0
2022-10-19,Coronavirus Pandemic Curtails Global Oil Production - Statista,https://news.google.com/rss/articles/CBMigAFBVV95cUxNRGowSUoycnIxSjljdC03a0RSd1FfNEQ0MlhFMlkxMmR6RFNFMUF0N1Q4ZUstdmt2RXlkLWVjVUVsaUc5bWNIZWh0MWs4MERzT1ZQcXdYaTNXYzBHMGdqbW5GYVJlY1R5VHowR0hfNDFBUmtxT0kwczlfMzBNeEFidtIBhgFBVV95cUxPTWZZMmx5RkQ4ZWhPWnRDSUF4QkNvNHJwNE5kcFZBaC1sUjgtWGJ3WUIxZGxsYXdlNEZCOUFmdWNqS25nOTNRUXMxeld0dU12cmowdXhVbGxyblc0N003dVNPVUptU3IwUFVKVXRSY2ZxSk1ZQ0VBT1hXZ19sdndOSFBUQzFodw?oc=5,Statista,en,pandemic oil demand,covid19_pandemic,relevant,2,2,1,0,0
2022-10-19,"EU response to energy crisis looms amid rising oil, gas prices - Al Jazeera",https://news.google.com/rss/articles/CBMipgFBVV95cUxQZHYtdXRRaUhzN1NhYnZtNFlBcF9vOW9VNEE0d3UzMmFyWXhEV016a1NlNEM5TEFRWjdZY1pGYkM2bXFtVHZmSmNjemtfUzM2Y21JdFdJbGVZdGpkUWRLR3c3RzFjeHAtX2JWd1kwWmZDNGxNQm1jaTBUaXpBUHFQckRIaE9EcWk4MW5ZbW5WNXBnczlKT3NkeU4xY1RtVEVENjZ5UXln0gGrAUFVX3lxTE1ZdDdYSnZpOF92RzEzc1VYMUpBLUdwalRWR2pRZW1yUFg5dzJHRWdnR29vYzJtOGFLaHpZQTJQZUlSVDZGR0tLWDJhazAzOXFTWE95NGoydVRvOFVuaE5oMHpDUFhhMU5EYm50UzRNYXA0OE1Ba3lCVjVrUUo2ZVBsNElmc2hGcGVldVR0N0pXR3dyaG9rOG1QRmhPc1JIaGxwT19QM3QtNlB4WQ?oc=5,Al Jazeera,en,Europe energy crisis oil,russia_ukraine_war,relevant,0,0,0,0,1
2022-10-19,Europe risks ‘much worse’ energy crisis next year: QatarEnergy CEO - Doha News | Qatar,https://news.google.com/rss/articles/CBMijAFBVV95cUxPeS0yaUFpSWRWREtIVlR1RThHTmJBRVV1VlJhY0VmM2ZYb2lmZHF1ZGdFbms5Vk9RelNlTWthTkNxSW1aelZNNEVaUEpGOUplLTcybnpqbDBaSUpjT0k0Vlg1TXgwb1E0VXM3bFloSFBzRC1zZ3phb2k1ZU5RcnhUbGhwMWtuckFVa2E1Mg?oc=5,Doha News | Qatar,en,Europe energy crisis oil,russia_ukraine_war,relevant,0,0,0,0,1
2022-10-21,Colombia Is On The Brink Of An Energy Crisis - Crude Oil Prices Today | OilPrice.com,https://news.google.com/rss/articles/CBMikAFBVV95cUxNUmdveGd2cDlkZzdxOVpEczFsUm1JSG9aTVNXRGRRMjVJbHgwbEFtbnhEQUlpOXA5Q1NOMTBVaE5xOWJCX0x2Xy1ZYmdzSk83NTlDYVg5NkZZZVlhV2g1VnRmWm9mT25yZldCakl0QzVsVFY2aEs2X1VQTXhQR0RTQ0F0VnZuU1lYSlg4RndKYnLSAZYBQVVfeXFMUEJrSzBwakwzS0lJLVNEbWVMQjBpNTFVMW9fX1hkWk16X3VyTTZiY21RTl80Y3lWQlU2cjlrYWRKSktWa3diX1pHbUhOTUZfMDh4cGRkalA0NHJNWk9IdTRLYUNBcnV2QW1IRzVfUU9KUGtXZDNNcTg2LUJQWW5YTnlpcy01RWZabGxnQ0dVN3ljQ3ZTM3R3?oc=5,Crude Oil Prices Today | OilPrice.com,en,Europe energy crisis oil,russia_ukraine_war,relevant,0,0,0,0,1
2022-10-23,The energy crisis and Ukraine war have lowered expectations for COP27: Transitioning to renewables ‘will take longer than anticipated’ - Fortune,https://news.google.com/rss/articles/CBMimgFBVV95cUxQRzQtSUlmSkp3c2t3QUlHLWhLV3BqeEtLclFkSnNZZHVsMkN2Wkc4c2ZyVTA1TkNqQ01GeHZVaDEyS0hFcjA4Zm1qYk5wdDdYelpsbFRMYUJ5NFNIX05kQ19MTjQ1dUk2QklsbW5peTFWWWdRSTF0WVRJbjF6N3VhY01qVDlDTl9wbmppQ1BFT2EyWHJHU1VMaUJR?oc=5,Fortune,en,Europe energy crisis oil,russia_ukraine_war,relevant,3,1,1,0,0
2022-10-25,Coronavirus Pandemic Curtails Global Oil Production - The World Economic Forum,https://news.google.com/rss/articles/CBMilwFBVV95cUxOODdoWlFFSzBYTUg0WnlMdDMxd2JQN0JpSEF6czVTX0lPQ3V2dVFHckVlVDJpSDlwRHVTam1KMXByNDk5akZ5VU9vd3ExZjJGNlNXeTFVdzNqbWY3M3F6Y2NUeG5hamhKREo1ZVhud3lyeHQ4SDRCM1luMm8zM0U3bXhJczRRa3BvWVAxbHFTS1MtNjZURDhr?oc=5,The World Economic Forum,en,pandemic oil demand,covid19_pandemic,relevant,2,2,1,0,0
2022-10-26,"World facing 'first truly global energy crisis', report says - BBC",https://news.google.com/rss/articles/CBMiVEFVX3lxTE1NVmdFSm8zS1MwenBIc0dHcjZyT3B1RFNxY09CQTNIajFrblVOWkF6UGhMdXFaS3RlR0UxTFQtRWlRODVxQ2lSTGZNdno2dWNMVjVFRg?oc=5,BBC,en,Europe energy crisis oil,russia_ukraine_war,relevant,0,0,0,0,1
2022-10-26,How have sanctions impacted Russia? - Bruegel,https://news.google.com/rss/articles/CBMie0FVX3lxTE9GVVFGN3M1OEZ0N3VSb2JFMXg4R2xTTDRIenVUa3VKdnlYU2dkSXVKdVhZNWNnd2oyV0ZWU0hFLVppM1d1Ymg4ZlJ0c3BQalM2WE1CTU5iYXVYUlA3UVlzd2VMb0wxVHRhOE12YWRGM0NyWXlHS0lhenBSbw?oc=5,Bruegel,en,Russia sanctions oil,russia_ukraine_war,relevant,2,2,1,0,0
2022-10-27,Where is the way out of Europe’s energy crisis? - Modern Diplomacy,https://news.google.com/rss/articles/CBMijAFBVV95cUxOdkFGTWVya1dkU0hRUFZkdXA4Z2dMUkw0NWstb0pWSnZoVHI4T0VKQ1hBWmJ3T3FZeXFmdWx1YXVHaUo5NGFyamczQjc1d0pxbHlBcXFkcVVtQTdMbWZXcGpCNC1qUkQ1ZVRpaTlEcVhweURSS3hRZHU2SjhoZEkzSUZhLXJOZ2c1SWhMcQ?oc=5,Modern Diplomacy,en,Europe energy crisis oil,russia_ukraine_war,relevant,0,0,0,0,1
2022-10-29,Why is there a global energy crisis and who might suffer most from it? - BBC,https://news.google.com/rss/articles/CBMiUEFVX3lxTE1EME10YXRSLTRZVXhRcGxRR3JraHVTZWNjS2gwUEF1Sko5ZzFmUWFodGV1X3lMWnItVHVIbVJpV1FtNkVyT2VodnE1eGwyZERp?oc=5,BBC,en,Europe energy crisis oil,russia_ukraine_war,relevant,0,0,0,0,1
2022-10-31,How today’s energy crisis is shaping a whole new tomorrow - Mint,https://news.google.com/rss/articles/CBMitwFBVV95cUxNbmJVNGRPanBXWUhfbGhJSVlWWnVZYzJVSW5hZnNORkVkTTB4LXVuVFM3ckhvRW9pQS1fSjRnSUtVeHBmWldSZUNKQWZydEhYRkllTkUzNU9nZFhSZC1VY29xdjhXZTdRLXRGaEdJZXdWNDhNTHNjVkxVcmpOMFNlRWtlYnZPajRCbHRBclRoWmdRMEE5VHpmQkg4MndxVEFNU282eWFfbE45TlhvRFVZdGFyN25IREHSAbwBQVVfeXFMT1RkVnBPaE4zQkpsUXhYbXdaZ2tnNGJSNXFubzBjVjFKdkZLN0JfTTdUOFVBTVhUdG5tanMya3RhdV9DOXZIZVlrbTRiejN0TEtrUXJEV3ZqYy1vT2JVYUFnN1BLZ2NiVEZrblItNElfOGg4bl9Ed2hMbXJQV2VtaHZqTEJaaThUbi0yWjBDRkZPa1g4a19Tblp1VXFoMk5nY2RrVkJGVUh6UnZCM3gxM1hhbFZHNzRWb2V0VTM?oc=5,Mint,en,Europe energy crisis oil,russia_ukraine_war,relevant,0,0,0,0,1
2022-11-01,How George Yates Aims to Help Solve Europe’s Energy Crisis - D Magazine,https://news.google.com/rss/articles/CBMiuAFBVV95cUxQSlFWbmJnNktPQjY0VDkzLWljUXFUekdFLXVkRW9GYlgyaHZ4eHNJOUNLc0JiOFZackVqRXlnZnNxYjZRdm96RXo4WVFGWGNoRmVLQVhSQUhPb1pmeVdWOW1fdjg5N0ZGbEZzcTQtZExxblNFb1g5STU3SnYteng2ZXJzalhLVTEyUGxYT29UWkgyRVpjSHFxRnhFWVNhbnFtc0JhVGhDeTZFcEduSlFlal9RWlZzZFFq?oc=5,D Magazine,en,Europe energy crisis oil,russia_ukraine_war,relevant,0,0,0,0,1
2022-11-01,"Oil and gas profits driven by Ukraine conflict, not financial skill - IEEFA | Institute for Energy Economics and Financial Analysis",https://news.google.com/rss/articles/CBMilgFBVV95cUxQMXFDUWlSNVJpYXVKVUs2bEpCY3R6cWNXeTJIdjktMzJmLTZmQUZsb0RhamxDU3BabDRZLWRQUUNxV2xSLW9DbjZWR29MMUdoNGF4V1Q2SFhSdmZjblFqaDBENjduTWZrNDJnWVRlNVJfZXJoOGd6UHJjenNuNVNuT1NtXzZtQnVLS29kb2JKMlVzZXZuVVE?oc=5,IEEFA | Institute for Energy Economics and Financial Analysis,en,Russia Ukraine war oil price,russia_ukraine_war,relevant,6,6,1,0,0
2022-11-05,Visualizing Energy Poverty Across Europe - Crude Oil Prices Today | OilPrice.com,https://news.google.com/rss/articles/CBMikgFBVV95cUxPUzBkcjJ0ZnB4dU84eEl0TjdSNllCQ3pEdGt2dklMWC1KMTFjbVpKWWQzbG5XUFF5dlRZMmVNakJjVFFUNU16dUZ4X3BBLUUtZkp2M3RybWdNbHNiYlVtcEpLeGMyeDY5WldPd0lRbWRPN2ZIbW5aajczRFpNQ2FDeTR6V1lCQTJiQVJpeDhLem4yd9IBlwFBVV95cUxNY0hLZ0pTS3ktQkU5MHdDTGw5NWxPek1ZYWZMSXF5MTQtYjBPYjgxNTcxeXN0aEgtQ2NMQ3JSejBvc1IxNXVidkllR2pLYXowX1pObEYyb1JRTVRQaXlaMmpqNmVQQ2liZkpwbWF4WVJVQUprOUttZ0NacjI5RHU1OUh3UzdET2c2Um45UjQ1bGJhaXhqSXNN?oc=5,Crude Oil Prices Today | OilPrice.com,en,Europe energy crisis oil,russia_ukraine_war,relevant,0,0,0,0,1
2022-11-09,"Oil prices plunge 3% on U.S. inventory build, China COVID worries - Reuters",https://news.google.com/rss/articles/CBMilAFBVV95cUxOWklOS3ZWZDdXa2RneDYwNEJZcnU3Z2FEbTlwUmpfcGxnQUJMQW9MRU1NRXpseWQ2blFlLVRPMnFOUFBIZWlXTVY3NUd5LWlya2MxSWRKekpQRUtBNDBSSktoWGhrTWVHNmhxOEp3ZFZRaC1DcGxXYWhIeGRrTTBhVXpwdlhpbmhXMDgzV0sydTc2Vmly?oc=5,Reuters,en,COVID oil price,covid19_pandemic,relevant,0,0,0,0,1
2022-11-09,Iran teaches Russia its tricks on beating oil sanctions - politico.eu,https://news.google.com/rss/articles/CBMihAFBVV95cUxPNVRKV2FtQ3l6WEd4V3hoQTR4dWJfbzNHSFV1eVR2TWthV3pYZmt3bkNncU1lUmJQeEVXelVmeXpITmVzZzBxZmJ0WjgtWVgwZmY2OEU1bnJwLWx2bXdLem9CNHdsMkdKemtsVVNuSkVFNkY5WFhld1pXbG5WSEQ1MDl4d1M?oc=5,politico.eu,en,Russia sanctions oil,russia_ukraine_war,relevant,4,4,1,0,0
2022-11-11,US Needs to Play Larger Role as Swing Producer of Oil and Gas in the Current Crisis - Hudson Institute,https://news.google.com/rss/articles/CBMiigFBVV95cUxQekpZUlREb0lKSkx6eVpXWUpPbm9xakw2amx6YTIxNkNjYzZQSEM2aHBvR1hLdl94MUtpcjVoOFk3d24ySElIektrUUQ1bVlhbVBKcUJ5Z1BPeWRCTU9sdktUQ0tXRmc2eUJtYXJTVnNsUnd0aVFXbUlmRWlHb3lPX1dXT0I3eHBXMnc?oc=5,Hudson Institute,en,Europe energy crisis oil,russia_ukraine_war,relevant,0,0,0,0,1
2022-11-14,Here's why oil will hit $120 a barrel soon and stay high for the next 2 years - markets.businessinsider.com,https://news.google.com/rss/articles/CBMiwAFBVV95cUxOZk0xRFQtd3ViZGg3eHh4RUVvd0JqT0pJeTBCMFRkcEJ4S1N0VmpvY1RTLUZXQlFNeVowekpFRnVLWGxqSzhseGxHZ3p5aVBzV1FRQzJGRUdldE5PR3VHZXRRU0pzY18xQWZWOFJtSEx4dkx4QXllU2tDcFZERi1neFF6MGZoYzZRbGVmQ1pxN0xJXzdqOXdSTW5iaWVMRndqQmRiRTNoYVFGd1dDRFFnWllUZTcwMzhlVGxlcWlzNnc?oc=5,markets.businessinsider.com,en,Europe energy crisis oil,russia_ukraine_war,relevant,0,0,0,0,1
2022-11-14,China refiners slow down Russian oil purchases as sanctions near - trade - Reuters,https://news.google.com/rss/articles/CBMiuwFBVV95cUxOX3QzN0JtX3Z4RG1MQlVLTGctRVJPaHZycWluZ3V3WkZJbExSNTJBSnhqTFlkTDE0WUVmVVBnMGw1R1FVRFVWY0U1SnpaekpOZjVVMFVOMWVBUE1yZVVTU2lDQ2ctVzh2VmRIT1JNb3lUaE9fenBORnp2RDJZWC01QXhqNUdnai1oWmtveWlPVkVkeE9zUlF5VzcyRmkzUnJxaHhUS0RSUUx3dFJaazlkX05lcUszQllheHpZ?oc=5,Reuters,en,Russia sanctions oil,russia_ukraine_war,relevant,2,2,1,0,0
2022-11-15,India's Reliance and Nayara reap a harvest from Europe's energy crisis - qz.com,https://news.google.com/rss/articles/CBMigwFBVV95cUxPbEFKcERpbGVPRFVvM0ZydndZSkxVWDU1WFBHQV9jVFNYb0JaY1h1X1lMMTlBZEh1b2xsTnhmeld3YThsbXpkLXBFd01INUx3MTk0Z3JuOWVDa3c1Nm4xTmVaMGY0MzlIdGVCQVlkdy1iYjFqTGZwVkR0U2txM2pGTXE0MA?oc=5,qz.com,en,Europe energy crisis oil,russia_ukraine_war,relevant,0,0,0,0,1
2022-11-16,How North American natural gas could alleviate the global energy crisis - McKinsey & Company,https://news.google.com/rss/articles/CBMizAFBVV95cUxNNWVtV3NLNGd6WFZ6OThScnM5MUhfQlp2YWFnTkg0ODA4WVFLN2lBa1owRURfRWJXTEZQWGlYRXp6Uk85YnVXOVVnY05zRVZQUHJCU3VWeEZkdWY0RHQ1RmxfUFJVS3JteDZvU2dCUEhvcEpXbVpvcENUd2k0eGY0VEdCV09nVmJpdjJlNTFYSVB1NlhuMzRmSWxrOUlVUFRvOVM3bEhycDBkdUhxSk5wckZOSW9NdElfd0x4T3lhbUtoVzJTZllmcmlpaTM?oc=5,McKinsey & Company,en,Europe energy crisis oil,russia_ukraine_war,relevant,0,0,0,0,1
2022-11-17,Which European Countries Will Suffer The Most From The Energy Crisis - Crude Oil Prices Today | OilPrice.com,https://news.google.com/rss/articles/CBMitwFBVV95cUxQWlV4TFRQQjlraU9rZWJDMnl6Q0MxWHZQVlU3VUk0UmJhcTg0UkFqQ0J0c1QxaU9uSktWS1hzTXFKNGZtNWpkWmxhRlRuc1FCb1BUVkZrdmZGaVVDUTF3dUpPdFpYS0V6OUtjOXZnemJRUVk1eXFTeEo3UlBteEtEbkIzNUFaWnlvcFNLTVFHZUdUUFdiaVNnX3pPamNtQ0VyTzBHNWM3NV85dmlPLTljUVI4VmtycDDSAbwBQVVfeXFMTWFoN1ZIWDFwRHRLUGhFdUtPZDR3NXFtMkpESENHMUZkTkhDWWtabUZpR3VKeW54YkUzSjE3c01HeVlWMGZGYl9adVBpYldPRkVJTWJpbDB3YXp5WWx4MWtrX2k4ajg3NFRGMWxFSWV5QzRwNVdPZmxVVThONnViU2tLTHVFemxPZEl0MXlzYjhDdGdUcjAyLVhIM2Y2NTBtRDRZS29FMVJlSXZ4YlFwWEoyVjQ0VjBhSkZpMk4?oc=5,Crude Oil Prices Today | OilPrice.com,en,Europe energy crisis oil,russia_ukraine_war,relevant,0,0,0,0,1
2022-11-22,Rift over gas cap looms over EU energy crisis plans - ETEnergyworld.com,https://news.google.com/rss/articles/CBMivgFBVV95cUxQbC16TmhRMDNnUFd5QXltMlFMQ3U4RGVhTVRUYUFBWXZ6ZFNYR0lsT21fdWRsbDk3S3l1ODh1MGo2b1JpOFVpckgydkFHN2xIMG0tMC1sRjd5X3hMOEFhdUhRQWVuMEowalU5ZGpQRmVSR3Vqeklha1JNcGVzWDIyOUc2QWhxZzY5eklPaXpGR3Fsc0JkWVR3bi1Bd0NJRi1DNWs1RE5NMVlEeC1zWVp6bWJDM2wyZGtDaWhGNFJR0gHDAUFVX3lxTFB4RndDSWlQUC1PSVYyS2RzWFJEbWhjODFxeml6UGVnVDFrVFJrLWdFcFNrXzhXT0oxb3VMbDVxTUpEclVZLXJFU1FDb21jYXFXNEcyNVRYSjh2MV9IOUNfMzd0d2liU2xKS05jTV9HeG5MaGY4Q1hqcUgzX1ZzUEZTaXZSb0dUQTA4aC02Z2UyRXBjSFFqZWV0aDRuU3VQUTZ2ZTJRVDZSSlNEWUVJWWs3UlJ0YTdRRkhlb0o0dnZtX1ZJYw?oc=5,ETEnergyworld.com,en,Europe energy crisis oil,russia_ukraine_war,relevant,0,0,0,0,1
2022-11-23,How Greek Companies and Ghost Ships Are Helping Russia - Foreign Policy,https://news.google.com/rss/articles/CBMilwFBVV95cUxNcnJLSUpESkoteWN2aGRSWTVvbmtQUzQ3VURqZS1rRXQzM08wcl8wX3BCQkotbV91b01OWEYxWjEySy1pa0UtbEtCeF9VTE85dnBSZS13bHRkT3BrdWducG0wWXhqVnU3N0pzVktqaDVTbHNsVUkyMmVHdmxpRG5ReXM4TjlJMWR0VVR2YXdnYTd4YVhmeHp3?oc=5,Foreign Policy,en,Russia sanctions oil,russia_ukraine_war,relevant,2,2,1,0,0
2022-11-24,How Iberia Escaped Europe's Energy Crisis - Crude Oil Prices Today | OilPrice.com,https://news.google.com/rss/articles/CBMikgFBVV95cUxQSmdQOU9nSTBJMUZRQ3dvZXFobjNPVVFKdzBUa21LUFRjV28ycy1GRGFsMTI5dlM5VEZRS1NlMkd0SG8zaDRnbzV0MlFFeUJwajM3LWNnVDZJU0FyRHNTS1BueE9zUWhHSFh1LTNsdHNLdUVKOW9CYTlmMmMxRWRNelJvUTIwRWhxVm5fVTE3VmpRZ9IBlwFBVV95cUxPdjNoTlFPc3dRN2xhMVhvSFFFMVg0R1pZenJXemdUNEhRNXFmbWJ3QjBjZF9fU1lTWV9VYXhtbW1Ba1YyZmxkQWJORGhLUm13Mm5sTU9LeGZfcWh4dW5EYktTUFlDZW5falNLQlR1LXl0aXpZMXZneUJNUDFZV2ZGSHNJR3c0ZC1NWnpLdHlSTjJLZjVUaEJZ?oc=5,Crude Oil Prices Today | OilPrice.com,en,Europe energy crisis oil,russia_ukraine_war,relevant,0,0,0,0,1
2022-11-24,How the gas lobby is fuelling the cost-of-living crisis - Corporate Europe Observatory,https://news.google.com/rss/articles/CBMihwFBVV95cUxQX0M5VG85WEI1UVRUOTYwQTFWOEZGTzBMR1h6UUVFS1JGMnhGVm9CUGd0dzhOamlqS3pVc2JWaG04MHFwWkQ0bDUzbktFQUFGV2lTR2VCRTlaWlk3NkZ4LVlKZE5UcXJvSUdYbHg1QWVZRUJlOURhRU1SaktOVWhWMjdxZEdoVUk?oc=5,Corporate Europe Observatory,en,Europe energy crisis oil,russia_ukraine_war,relevant,0,0,0,0,1
2022-11-28,Price Cap on Russian Oil: Running to Stand Still - CSIS | Center for Strategic and International Studies,https://news.google.com/rss/articles/CBMie0FVX3lxTE1zc0lqZXJrRmo5MXItbTNyVHNZTjZzR3g1aVY2VVdmWnl3UFY1UGlmQUE0dVl0OVJySjRpZ0hBNjBxSk13QW1qT0dVOWFtZ0pWcXhKcXd5WV9JS3ZBeF9fTURJV0p0MDBibHNZTGJxdGdEejM5Njdya1Fncw?oc=5,CSIS | Center for Strategic and International Studies,en,Russia sanctions oil,russia_ukraine_war,relevant,2,0,0,0,1
2022-11-30,How the Price Cap on Russian Oil Will Work in Practice - CGEP,https://news.google.com/rss/articles/CBMinAFBVV95cUxNdkZKTjE3RW5USDFSWFN6Z0lvcUZzc1dwenNHWGpkRWNWdkh4ZF9HenQ0SHhQejg3QUdGNEVoUkNWTFd2dzR6WXhmS2FyZ09tbXJmZ0xuUm1Fb05iTXJHR0FaTFpsYVVnd1R3RFlEam9rZXQ5RG16V0doOHVPU0J1QV84U1VNYmpxSnVTUGYwcXI3YUZ4YThwcHpGb3Y?oc=5,CGEP,en,Russia Ukraine war oil price,russia_ukraine_war,relevant,3,1,1,0,0
2022-12-02,Four ways Europe’s governments must respond to the global energy crisis - greenpeace.org,https://news.google.com/rss/articles/CBMitwFBVV95cUxPeDlUdnZVUkxXSEQ3VTMxX05xaXNINE4tQmRGVkNWTzdNMUY1ejN1UEJxZzdFNjBsVnJ6X0VtQl92WF8tQTZrZ1ZOczNfMGR3NG9BcnZKQktHSXg5ZEUweEkyTGwzVEhGbldTb3ZiYkh4aFJOa3BycGt5bzE4VS1CN0tZX3FCZFd3a0JWVkVMQlRMLWdIT25xUTAzbktWNVFQb05SMkdGNG9pOWRqeFFBbkZ4UlJPWjA?oc=5,greenpeace.org,en,Europe energy crisis oil,russia_ukraine_war,relevant,0,0,0,0,1
2022-12-02,Ukraine war: G7 and allies approve cap on price of Russian oil - BBC,https://news.google.com/rss/articles/CBMiWkFVX3lxTFBFdWM4djhaclNHX2RDMFlZaTNsMl9QSGhMRzk0d3ZSakhIMG1nZHdkNjRJTW5HUjI3N2RuSU9qZUxvbTdBUDZER213LXZ5NFRBLU9EUUNTdjNPUQ?oc=5,BBC,en,Russia Ukraine war oil price,russia_ukraine_war,relevant,3,3,1,0,0
2022-12-02,Russia assembles ‘shadow fleet’ of tankers to help blunt oil sanctions - Financial Times,https://news.google.com/rss/articles/CBMihAFBVV95cUxPcW9VZmstOXYtMGFnazl4WmIwVzhVLTFzNlJmUkU0aVNreG1uM1lvUkJlT0ZNRXdLRWhKSGNLd0pHWUQwVHB5cEJPQi12ZlBaV2Z6X2NKanhZTkdoRWZJY0JQUTV5RWhVUW5oaF9BcGYtcGlzTHhKci1pQ3gySmw4d0QxMU4?oc=5,Financial Times,en,Russia sanctions oil,russia_ukraine_war,relevant,2,2,1,0,0
2022-12-02,"EU, G7, Australia to cap price on Russian oil at $60 per barrel - Al Jazeera",https://news.google.com/rss/articles/CBMihAFBVV95cUxNcnREaFp1UzdUZW1mTlFTR3FnZE9GczJoclQzYUJ1Mm92d2tKMzBOVkV6dW51d29Fa2VjWGNub2ZrT1I1VDIzaVg4RkJfS0N2MWNLQUZUQjB3ZDRNVDFhSWtSNEZOOXh2VHV6REJNUHZzWTdVeVNlM0hWN1pEcXNidEpvWEPSAYoBQVVfeXFMTU1MRzFFLWY4RDFnQTBMUWxSZ1pURTByWFZQNDFDbVd2dDFyMFZhT0hYNE1TQ0xWSFBZSmoyMTBsYWJTd2lPOW9laUVJRmpab29vcHBwQzJDZjZKYkZPM2o1RmJLZUFOcW9xNktsNkdDT3NPNmZUVGRmUjJ1dWZoN3FWX0VpOVUwd053?oc=5,Al Jazeera,en,Ukraine war crude oil,russia_ukraine_war,relevant,3,3,1,0,0
2022-12-03,"Russia rejects $60-per-barrel cap on its oil, warns Western countries of cutoffs - PBS",https://news.google.com/rss/articles/CBMiswFBVV95cUxPcS1lbjMwdW5icV9MY3c0M0p3N0tvYUlMMEhyTUZDQ2g1ZnJpVUFqcTFpNmFzVjFCeHBua0dXUnhDd29oVGlQSDVEU2NGbnUyVlZ3Z1JCYjIxdktvVkkwOGNzT2sxU1RWRV95cU1JT2xaWU9oemRpSDZ0NkdvT0xOelFnZDRkS2N4b2syLUNNTWhpY01iMEF6OS04ei16VjlFU2p3dVVPR2xDYUNlSUJMaHBud9IBuAFBVV95cUxPcUZwMWpsbkVqa3p5WGtIQjNmSVFwcUZuZmx4Q25xd1c0TXR0STU5NjNxRXRVdV9wQkw3SkdldTRKOThnR1ROc1BCaS1NNGt0aG44d09jTVVaVVE3SEZELXhDLTd6SmZscWNLa0xDa3llUFZ5RnpicUYtc0d3R284bTdpTS1JQkxFek80MTBkVmFKdERpbDNYUUZ0UGNzanE2RTlVZUwtQzBEV0V0Q1RZd0lVc3VPa0Fy?oc=5,PBS,en,Russia Ukraine war oil price,russia_ukraine_war,relevant,3,3,1,0,0
2022-12-03,"Russia rejects $60 oil price cap, warns of response - Al Jazeera",https://news.google.com/rss/articles/CBMioAFBVV95cUxOSk4zLWFEaXoxUml2VHFEQlBhaXBDNGpYSGt3YmZVTUV3WS1xT1d4cUh6U2l5Q21fTzNxOGxkSEdxMm8yU0V5bEVfTnoxZE45d25rT3MtLUJRTnI4clhqWUd0UnEwNnM1Vk1GN3FyUjlkMWltWi0wVHhvSFJ0NGItUWNlSjc5ZWx1WEZieTNiS18wdnBNOUVScjEzZmlRTXRK0gGmAUFVX3lxTE40aEgyNmpxcEdPQVBXQTNiQ1BqTUw0RkgtMUhxcGxRYmszeS1hUGM1OHp6YVVOUlhQYnVvVGtsalFiTHRyczZaZzl3a3c2cGZNNk13TGJwWWI0bG9NWmUwTl95cGMzLU5KRWVNTmMxWVJqMnhvTFI1eUc3WDQ0ckduRDJfMXRpS1pTdjJIa3hyckhKSXVZQnNoR0dPY25Qa3h6U19HYWc?oc=5,Al Jazeera,en,Russia Ukraine war oil price,russia_ukraine_war,relevant,3,1,1,0,0
2022-12-03,Ukraine war: Price cap on Russian oil will hit Putin immediately - US - BBC,https://news.google.com/rss/articles/CBMiWkFVX3lxTE9maHFRLUdSLXk0N0Npd0JfWUJHeHJxUjBrbHpueWIxa1E0X2dhZFhlRTVZdVRCTVB4QUgwVXY1dmxfQUIwZ3RhOTl4OVBMX1JLbjRUSm9mTU80Zw?oc=5,BBC,en,Ukraine war crude oil,russia_ukraine_war,relevant,3,1,1,0,0
2022-12-04,The West’s oil war with Russia gets real - politico.eu,https://news.google.com/rss/articles/CBMivAFBVV95cUxOY0Y4SGxhcXJXOW5IaTFhN3kyVXprdEc4SHVUZ2kyRHZpTkhucUdaZTFKdkgzeHZSYnJDbDhDYWQwUy1jR0R5N3VTaHRTTEJ5eHJzeldZNV9lVU00aHVwVnV4SHc0MVdPWXVSZjVoejRoSHlWUTQwZER2Rml5TjRRNEtFXzcyajFiNnMteFREa3lvY1lMajBpNThCbUFmeXRQSDktbjRWOGdvdXhrRHNpUHVqU0pwSk1ibExVNw?oc=5,politico.eu,en,Russia sanctions oil,russia_ukraine_war,relevant,5,5,1,0,0
2022-12-05,Ukraine war: Oil prices fall back after cap on Russian crude kicks in - BBC,https://news.google.com/rss/articles/CBMiVEFVX3lxTE9Od2NuYlMzODFxNHlPZkxfQ016bjdMVm9GUW00cmRLNWR0YWZqXzVlRk9WUWdrSF9pZ3FqdTBwZ052QUJReGJVQmRHXzJDb3oxazY3Wg?oc=5,BBC,en,Russia Ukraine war oil price,russia_ukraine_war,relevant,3,0,0,0,1
2022-12-05,European Union implements Russian oil price cap to limit Kremlin war chest - PBS,https://news.google.com/rss/articles/CBMirgFBVV95cUxQWHpIZDNNSVMwUVNTNDF1UmlrLTlaenlkZDJjQ3lMcHVWZDFQOEpXZndJTThQUUxoRFVjXzBkWFBZck10bUE4bWV4WktDa1A0WXdVN0g3azAzU201amRDcXJmVW15YlM0bE1ud3JzSUU4YndQZFZhWXB6M1pyNTFKZmJHSHpIa0ZlYl9fb2tpYzlPRGNaUzdVcXJNRmtpVWlnQTZaYUlWZW1QRVdBZ2fSAbMBQVVfeXFMTnZYMUZjMVBhNkRQZkg5anBUelJzRzd4M3FPZVpDTWZmZlg2LXNFbXlyNGYtaEdkMkp6MDF5UkdZU3EwaFJwQ2JYR2ZmRkg3X3c0aHVOMVpSdXdOTnFiU2w0b2d1cnVFOU13Umg0a1o1RWotSEJMM3NJaEVSZmloTjZnMkNFcWhFZGZseEItdlRCYTJKdjd4WEFuVUlqZHFXNkxDdUs3bjBYVXJRT1dZMXFoRXc?oc=5,PBS,en,Russia Ukraine war oil price,russia_ukraine_war,relevant,3,1,1,0,0
2022-12-05,Russia-Ukraine war: G7 price cap on Russian oil kicks in - Al Jazeera,https://news.google.com/rss/articles/CBMinAFBVV95cUxOdy00X0Zpakt6QUpqcm4yR2JvUll3OS1xOEREX0p0aDRxcWZCM2o0bWpsOEt0RGtzS3NsQ0dKQk52Nm5fRFBmR3B3T2Z1UV9tS2FLcks4dUJLRGt2bGlfYVZ0Q2VLNWQ1VEh0b21kVTRqME1qUTVwUzVSVUhLZ0N0anlycTlhLVVraEp4eUU0TVItV1I4aFNLRnJxNjnSAaIBQVVfeXFMT0N2eHJFLWlsOGlZeVI4cmtfdXpReTIwajhpT1FBaE1IMXRJa3lhMUhPRHF0YlNSeVNGbWVKLXU0Nk5KaXVYU1gzWUdiX2dmSFhKbFJmVXZoQUVhVlVLSFZLT2FYYzVlZjhrS2dFVHpNTFFPTUhQanJiTzZGaDdfaFRVTC1VQ1BZWGxCS0dRZUlDa3JRbzRDOGRiem85bVhYenNn?oc=5,Al Jazeera,en,Russia Ukraine war oil price,russia_ukraine_war,relevant,3,1,1,0,0
2022-12-05,Russian oil price cap: Five things you need to know - Al Jazeera,https://news.google.com/rss/articles/CBMiqAFBVV95cUxNM0IwQ3RXNWIwSE5BdEtiY19Sc0ZBTWtaU1dsZE1LSU4tcHpLcFVjcDNYdlJ3VEx2aHRaYURmMFI2RnJfUW80ZzlReFVhelpmNE54Z1Mxc2pDUTFaNnhOcHczQm15bkpmcTctTkt4ZGR6aVY0eVAtZ0FsSDZjQ3NjbUt0RTJIcWtVa0ZzXzRaWHhENmE3dEVEcVZkV05TZlBtMjFwRVFpSi3SAa4BQVVfeXFMUDBkVXVTZ3B1eGxBN3U1dDZkVHdLeml5cktkWWRoUV9heTMtZ3BTeTNuNDBKaW5XcXY0RGlpYTVQNXJhRC1lZ0l6Qnd5Y2lHQWEtSTd0Qm9mbEJvcTRsRml2Z1pUc2cwY00ySWxhbmkyaFczU3RsSHN4anFFTzd6eWEtUE1zWUxTTnI4ME5ranBoWGIzRlI0NnEzYTZHV2E4VDROZzA2bHNVbjZsc2V3?oc=5,Al Jazeera,en,Russia Ukraine war oil price,russia_ukraine_war,relevant,3,1,1,0,0
2022-12-05,EU ban on Russian oil: Why it matters and what’s next - Centre for Research on Energy and Clean Air,https://news.google.com/rss/articles/CBMiigFBVV95cUxNSG9PSFdyZDgtOWZxRUxlRXVybmo5aWxEMFk1ZGZhUFVvWDV6X01MeVF4UTloNlFubEtEWm02cnhPMXQ2UmZIcG5UcnRKT0owelByTUZuSG8yZTJ3SW5Gam9meFN1SmV1TTFyNHJ0ekVCQVBSRVZHdGpuMTRfSFRzbTBwYTI1TU5vUXc?oc=5,Centre for Research on Energy and Clean Air,en,Russia sanctions oil,russia_ukraine_war,relevant,2,2,1,0,0
2022-12-05,Insight: Russian oil sanctions fuel boom for old tankers - Reuters,https://news.google.com/rss/articles/CBMimwFBVV95cUxNNVVNcDlZWHpfYkx2Y1NDdU9TWExfUVR4UENaaHhFMktfaUxnX3RZdzkzYXJoX2FrQzdRZFNQUXUxV0FnWGkwWElCcDU5TUoxT0tSLUVxbFlOR2k4Y0prbnlYQW5oSmdxc0RkUDQ0OUxJZFJPTy12VFZJQnpwSTAtS0xZVUU1NTZyRlhBbDdPcUo1YWVPdmFRQ0d3RQ?oc=5,Reuters,en,Russia sanctions oil,russia_ukraine_war,relevant,2,2,1,0,0
2022-12-05,Infographic: How much oil does Russia produce? - Al Jazeera,https://news.google.com/rss/articles/CBMijgFBVV95cUxNS0FENmtBV3dDLU9FTU9uZDFzQWwyTk5xV2pPaVRSaGlwWHlGRVRtVUd1ZzA1NGx4b3B3VWxmRjcwbFA5UnVzZUh4QjFpUHQxcUl6cDBCWDJsRHFjMUJNSGxybmtnbVN6RGxZaEw1TTFxWXRZSDA5MGwzT1gyWTlxOGhuMFhwZHpidFl6S3Rn0gGTAUFVX3lxTE9MNVcwalZ2aW1lVVFiLUprUmxBS1ZfdFhuZGVuT29yYlFBYnFDUXhZb2N2YjJRZkM2Q2ZWQk1rQTJjZDlGNjBlYlRGV0RzZkxLLXAwUzQ4bGJlS0QtRGxCMEZiXzM1NnBZcXBmZ2FURzRQYmdSblR2c0hBMUhOSlJJakY0eGNJSGtDSnFvMVJHZVd0TQ?oc=5,Al Jazeera,en,Ukraine war crude oil,russia_ukraine_war,relevant,3,3,1,0,0
2022-12-07,What does the price cap on Russian oil mean for global oil prices? - marketplace.org,https://news.google.com/rss/articles/CBMirwFBVV95cUxQaW1jOHVkN1p6Z3B1OERnb19FQncydDBja2FUZ203bjhuSzY0RFBqbnpGUzZhQzdNZUJCRW1YSkRvb0FQV1VyOEpEeGgxVk44dkNFWER3UWV6cjlZRTJTVjB3OVcxM3ROMHJBbGY2aVZXQ3dpdmJoM0VsN3Z4Q2lGZlVaTVlQTU1VaFRZemxwTHI4MXpfT1pzSUk2MXpYNzI0SDNCb0NCV0o2TVVBVTRn?oc=5,marketplace.org,en,Russia Ukraine war oil price,russia_ukraine_war,relevant,3,1,1,0,0
2022-12-09,Putin threatens oil production cuts over price cap - Al Jazeera,https://news.google.com/rss/articles/CBMilgFBVV95cUxQYXE2WDNtWkxHMTVVdGRORG8tTVNRbEp5Z2lMcmFyOWtJMUc4WDVMZnpaLW9GbFZxc2VIcVdsdmRrdXVsZzFhTVhMd2dTR1QwVk9YUFlzY0hDTkRpeVVkT3J5cXpQNGFTSk9WSU44YVhMZVBENFlWNEZLQ0x0WEZTMWxodktJUHVfVDA2U2x2M0J4QVN0cnfSAZsBQVVfeXFMT0JSZjBvWkRHaDNOSlBtQXhmRFFuRjBUbE9Fb0ZISzBhQ3B1UmpzV0Q4X0pBaDBhcTlrcGFoazEwbEd0WFlycWR2dlFCSWxkV3lWc1JaT2lNb1dtbk5zQVB2M3hjRnNwTWU1MWd0SWo2UEZwcG1lVWU2dzh4QnQ1Z2lMeThVWnJ3enRGTjFxVFgzZVJPTTdINnhNYzQ?oc=5,Al Jazeera,en,Russia Ukraine war oil price,russia_ukraine_war,relevant,3,1,1,0,0
2022-12-09,"Price cap on Russian oil is experimental, but Russia won’t get away unscathed, Northeastern expert says - Northeastern Global News",https://news.google.com/rss/articles/CBMicEFVX3lxTFA0c29UNGhlU2FHekRENlNpVEpadF94RFBLNEVEVGhJdWdvZWdxNEY5LXpPR1llTHpWNU1hZE55bnVOSXk3TEg1Mml2cUtGal9fam10WGdsVjdlMGUwQThIbnNzQTF3bGJ6SEZwQkJFUWU?oc=5,Northeastern Global News,en,Russia sanctions oil,russia_ukraine_war,relevant,2,0,0,0,1
2022-12-09,The Price Cap on Russian oil - skuld.com,https://news.google.com/rss/articles/CBMiiAFBVV95cUxQc0xPRHljYm1ReEZCUWJIdG9PNUJVYURmQXRaX1hLWlV1QWJQbXRqU1FCNzd0VTlIam9fcUhObExDRWVGRGF3b3NSUUdUZkYzZF9KOHUyM1pDakExOVVPbVNsbnlTdUtUMlgzanFPZVdQMnJ0QXYwZWphS1FOZWxWSVVSeHdhZ2tv?oc=5,skuld.com,en,Russia sanctions oil,russia_ukraine_war,relevant,2,0,0,0,1
2022-12-12,Jamie Dimon Prepare For The Oil And Gas Crisis To Get Much Worse - Crude Oil Prices Today | OilPrice.com,https://news.google.com/rss/articles/CBMivAFBVV95cUxOMXltT1hONzd2MndONjZPZ01uem01VEJ5NGNtM1FhZUgxanJuRGtFTG05LVBia1RSc2t5b3dQNkxFYml1cVJtbVg3VnVtT0FzMkVmXzhZQWJyc2xTclBhSi05TW1Lb1g4LW8wSGNJSkpYaWlTc1ltbjVkTWRlT3FicUphU3AxTmhMS1pld3JmYWU4eTFDeV9BZWFlN2ZvYTVJRlZOb0hHRVJWSncwZUlwY2Y3cjRsQnFEcHlQN9IBwgFBVV95cUxNekE2VUNCVmxZMkV6N3NYRnZHVGRiZnZjeW42TkJRVXZyS0RsQlVkRzdoeGFHVnBCVkZZZTJSYThRYnM3Ynp5TzRMbk1iRk9uUjA3cG5mei1pOEtzc204dDJKQlVuRTJTcmRYaGtsekJHX1B6NXdLdHVxV0U2UmFHLUc2MkVHZXd1NU9DYm03aExtQ0xkb2wzcE56RUVUdUdfYm9VWXdJczU2a1lKRldtSV95X1I2LVlfWGVjVmZjQnlFdw?oc=5,Crude Oil Prices Today | OilPrice.com,en,Europe energy crisis oil,russia_ukraine_war,relevant,0,0,0,0,1
2022-12-12,Investing in the great energy transition - worldfinance.com,https://news.google.com/rss/articles/CBMigwFBVV95cUxNVTJqXzB0UzVFbWluYV94Y0ZtLWVIbkJyNUNuQ3RFWWhSNTdSX0Nramx1c1JMd05JSHFpbVhXaVRzU01RV2JxRHR0QVh4OTZhT0VQMF94aUdPU2IyVC1KNFV2U3pUd2YybEd1RFNLZlM0S0F0UXBzbkRJU1Fuc2lTQXEzVQ?oc=5,worldfinance.com,en,Europe energy crisis oil,russia_ukraine_war,relevant,0,0,0,0,1
2022-12-16,Europe's energy crisis pushed global coal use to a historic high—but here’s why it won’t stay that way for long - Fortune,https://news.google.com/rss/articles/CBMiqAFBVV95cUxObHRVdWVlRHRtXzI1Z21iRGh5SWhVLThZajd2SmJkMURRaXV2djR2RDRHdmhST3d3ZnVHZmFxQVRBUFA5eUxkVkg1aVYyaC1CN05zeWpuWTJSai02dnlqblk0U1ZXUEl4ZHZYeFJRcGVKNksyVVUxZm5YZU9ERms3OF9wTlFjbnh1UlY4amlpSzhoRGFtYVd4UVNYMjM5bUhkNE5VYVJ5VHg?oc=5,Fortune,en,Europe energy crisis oil,russia_ukraine_war,relevant,0,0,0,0,1
2022-12-19,The global energy crisis of 2022: A timeline - - Canadian Energy Centre,https://news.google.com/rss/articles/CBMihwFBVV95cUxNY3N5RHJ0MGJDSDgxNkExdHVYWW1jN1hKVFRDckROamUwc3pRZEs4TnZXaWF6VHBrQ3VXUEZ4My1TdTlzTnBpVEd6V0UwVEE5QXpKUmw3U1RLSG13Q1lEa1JBdWVNSTNTdmdsX3JRNDV5MGdsRGRtRjVxYUxaaDRHZzJwc3dIbTA?oc=5,Canadian Energy Centre,en,Europe energy crisis oil,russia_ukraine_war,relevant,0,0,0,0,1
2022-12-19,Crude oil prices rise above $100 per barrel after Russia’s further invasion into Ukraine - U.S. Energy Information Administration (EIA) (.gov),https://news.google.com/rss/articles/CBMiY0FVX3lxTFA1YmpWUlhhQUtQeFVlb3IyblR6aTRNMmF1cDhyRmdRQU9XdTJUbW5TcVZfeGk4Tm1wQi1nRHpLTVdSd1h2TUZTY0dLTEpCeEgtdVdicXZWMTFMdGxoT0Fmd3BfNA?oc=5,U.S. Energy Information Administration (EIA) (.gov),en,Ukraine war crude oil,russia_ukraine_war,relevant,6,8,1,0,0
2022-12-20,Russia’s Oil Exports Collapsed Since G-7 Sanctions Began - Bloomberg.com,https://news.google.com/rss/articles/CBMiqwFBVV95cUxPdHRsbVhfTmNQbHRtTE9kNW9laVpVZ1JEVU55T05zZ2FLc2d0NEQ0eWF4d1IxV2dFanR1bWxFNUhzWENIRnRrbzRIbE9qWldmME1Hek5NXy1wYndVUzk0Rjd5WHJTVjlhRlQ4ZzZZVjlvZnhSVTBtY2lWRE10ZmhRRUZhTF9LazJ2UVV4c29XbVRDTV9Gc20wa3R4VTFaMDVXWkdnSG1fQ25GSHc?oc=5,Bloomberg.com,en,Russia sanctions oil,russia_ukraine_war,relevant,2,-1,0,1,0
2022-12-22,Overview of the EU’s Ninth Sanctions Package and the UK’s Latest Restrictive Measures Against Russia - globaltradeandsanctionslaw.com,https://news.google.com/rss/articles/CBMi2gFBVV95cUxNbldxanpOYkxDUl9nd3ZhMFBhcmFMZ3ZFNU1pR2FzcjhMOW8zb2xfRHZQNVN6Z19ncTYtcWZCYXNBWWhUX2Z5dlNMcENSd29rWnhMM3dUNzlJbDZGQXhraG9jaFNibDJxTDF2TUE0ZTVKMUcxazljdndMZmRwUHBfZlBpaXZpa1hQNWlsUm1pOW0yUzkwZkQ2djlKaS0xMW5WQmNKUThZcEhzWFNrYThoWnZZTE84ZE5ZVFM3YjBzT1VwemtWYlhfY2VLXzVaV3VCVWp5eldvRDA3Zw?oc=5,globaltradeandsanctionslaw.com,en,Russia sanctions oil,russia_ukraine_war,relevant,2,2,1,0,0
2022-12-23,Ukraine War Upends Global Commodities Prices - Barron's,https://news.google.com/rss/articles/CBMimwFBVV95cUxOX2l4bFcyd0ZDYTZOQmdkVWVLWEFQcGxjcngtS3RxZ21Bcm13SWF6REhHaHFEQkpaUG1Nd1lpOTFabXppVFZlTS14elhMdjJ5S1RBU3BQMVhudEhlWi10Z2c3X2t6NVZRaEdFb3NISHlUQi0tQ1BoLXA1dGZJbmVLZEtTWTVQRUd1a2JXbEVaNHJONlEwcC1aY1FMMA?oc=5,Barron's,en,Ukraine war crude oil,russia_ukraine_war,relevant,3,3,1,0,0
2022-12-26,"""Gas prices near me,"" and more of the top local Google searches in 2022 - CBS News",https://news.google.com/rss/articles/CBMilwFBVV95cUxOa05ETXNuVFRFREtvdlMxSDltUU5hZ2p0OTZ4S05JaFVnVHY2NHFhTklkU21BQ0w2dXF6aTJCLVFsaTNKMHR6NU96bVhNZjZWbFNRX0JUbENHcVNMbmpCaEdsLWpoN0ZwZ1FtTXF0Ui1vbEVsb2swa05GekFDRXo3SGtkejFOOHFjTXJVQnhsQ1hxR1NXRHRZ0gGcAUFVX3lxTE9sVm1McURDQTMya2g4cTVEUXI3dTB4cncwZHB5VlFZNWZ3YXRlOTdzUTUxa1V2am13Yno2OFJNd0V1eWJ4ZmU3UE1XX3JFeDY1LUdFcURhOXR3SkdlYUNvQnRWNVNWbUZUMF9yTWpNUEE0dXczN05nZE1jZDMyNmtvUWZQTjRWNnhLaEhrbWxQM29sY1EzR0piTndDNg?oc=5,CBS News,en,COVID gasoline price,covid19_pandemic,relevant,0,0,0,0,1
2022-12-27,"Oil steady as U.S. output ramps up after freeze, China eases COVID curbs - Reuters",https://news.google.com/rss/articles/CBMipAFBVV95cUxQckpFWjFWaGgtMklDXzVzZjNURHM5bElnN2lHYjdHdDJsdVlHZEkwTHlDVTRzaUw1TVJ3TTlaUzFCWGNaNU1BT3BPNlh1MlNLTS13TFJ4NjZLVzEzdlh1RjJxWTE3Q3lrM0kxR1JfUVAyYnJ5bVV4M2NVSWpJTkVrempDZ0Y3OUl3WFBMa29kbk40dndTbUtkQjQ2V3B2YVdITEo2bQ?oc=5,Reuters,en,COVID oil price,covid19_pandemic,relevant,0,0,0,0,1
2022-12-27,"Russia bans oil sales to nations, firms complying with price cap - Al Jazeera",https://news.google.com/rss/articles/CBMiogFBVV95cUxNem1TTm1Vb0tOcnZOY1ZPNXZLdE1ZUW1xbnRXUDFES1hKTmFfUGtWRnJOb1lJTDYwTlJjUGpuZ1dYdmY0Q3lkdXFtN2ZOUGRZa1hWbFhGamNTNUh1QUZHaFpwdlFOcUo3OEdUZ2RDVEpETTFCdHFVcFY3WUJ0RFlteTNId25XN3ZLaURsYWlBMlVfeEluZjFJRlgxaktKQnZHZWfSAacBQVVfeXFMUDZJbjJVdkYzYWpOTnkzQU5JWm5WRFo0ZTVFQk1fUjkzQ0NkMDlfOWV4dTk0Sms0WDlqeG1wbXhBQWFiYnJhWS1tVlFHdHFaanBfQzFVZ0RNa1FjMXliY3pLeHdFUjYtOTdjYjFUUG5zWUxhbW40OGwxZTdBcmxDVEctTklobGpFLTBTVldrUGZTd21NTENudjgtc1MtdHpQMTNQNnY4S3M?oc=5,Al Jazeera,en,Ukraine war crude oil,russia_ukraine_war,relevant,3,1,1,0,0
2022-12-29,Oil drops on China uncertainty; U.S. demand limits decline - Reuters,https://news.google.com/rss/articles/CBMiqgFBVV95cUxPQm0zenJVOEd5WUlmWlV3S2VPVlV0ZE4zNWtzajRaWS1JcG1Uc3pwMFVtR21mYk1iSUNVUUNaOWxXN0JtS0c1NEd1NC1RdGh2QjQ3U1lIU3UtQzhISTVvN2NrMkc3UzhRSE9MRndsZWZOa3BvRUpZd2tCWFc2czllMXg4ektzMVhmQkFuN002SDFMOUFreURqT1pfY09PNlQ0OFE0VklWaUJLQQ?oc=5,Reuters,en,COVID oil price,covid19_pandemic,relevant,0,-9,0,1,0
2023-07-05,U.S. Navy Stopped Iran From Seizing Oil Tankers Near Strait Of Hormuz - Crude Oil Prices Today | OilPrice.com,https://news.google.com/rss/articles/CBMiwAFBVV95cUxQYmxTR0lUc2xsQ0R0aTBnQ01McmJfeGFNRzlJU1JFN25SUUxRLWluSVo0aXRtV19rV1kxSHRIUVlMRmwtLUE4ME5pcHNGUjFpdFZjck1uM3ZYSURuUmFGUGtZYndzTFM1bUZadHd2ck40SDR1VjhUQ3JhbkNRaXRqTk1UUE81eTdPM0JaWV9nR1hHeS1GRlhSVUFsdzJSQmN3bGZrRTZ6eUhVTlpSdzJlM1RWbF9Qai1wYzktVXBEdlLSAcYBQVVfeXFMUGFpTTllcXlyOVJFUEdJU1pQX01sYnpZRUR0U3RpdFVJRzlnMUhGaUtmOEdscWtVYTk2MTBhWTVKakkzWWMzY09DNE9obl9OWkJMYVFOUFZlLUZuN19RZUdnMFdtQ2hRSEdDZ2M1QnFfSXk4dFpFeENud2ZSUGtOTmhNTkRtVmkxLVhEUWNRQ3dMZVk3eXpmZDQ1U2JHbUxENFFOcDk0WHdEM1lrckk4aGN4MENlU2hoTEhpVVVLU2NGdmN5ejRB?oc=5,Crude Oil Prices Today | OilPrice.com,en,Iran oil price,israel_hamas_middle_east_conflict,relevant,5,5,1,0,0
2023-07-05,"Iran fired shots at oil tanker near Strait of Hormuz, U.S. Navy says - CBS News",https://news.google.com/rss/articles/CBMiigFBVV95cUxOalFoYS1lNGFlQXQ2dGQ5SzM0VzVkS0wteE1KY1pueFcxRTlIZjNaUXNkMVgyYTdDcjlSNG9QeWF3d05RUlpoaGJoaHE0Sm1BNGlBeXFSdGNHX09PMGUtSTMxX1NYUkFIQWNaTXFraW1xWW51Mi1zbmNyZF85RzNwa0kxekVnWU5nVGfSAY8BQVVfeXFMT0c5TjVDNF85UGNLUW9RNHhDUGViaV80ZHAzMlEwLWZPSUU1QU5BOC04LVdNYzAyQ2w5VE9UamlWT3kwTUFaMnlraE44c3laNXN5NnBLaHNMUHU1N1RuNnhGZ0tGU1RtUEJiR18yWXoxTEozaVpoUXFEUG9uS3U1Y2FtczlmWWUwWmcteVdnWkU?oc=5,CBS News,en,Strait of Hormuz oil,israel_hamas_middle_east_conflict,relevant,5,5,1,0,0
2023-07-05,US says it foiled Iran attempt to seize two oil tankers - dw.com,https://news.google.com/rss/articles/CBMikgFBVV95cUxOUTNiTHJpRUVXUUFOajJEVFc5QVVPNXM4Q0dQM2VhWWNrM0dYZWtlbTJsbXFUbGRfeTdydVRWMlhVWEZUTVBRQ1BHMi1vODQ4SmRHWG1ta1VET2l0ZHZ1WFh3ZUFnWm9aUFlMQ0U5NXVSWnhBTHQxT090WG14TXJ5LS0zVlZiOUlzT2RqRnl2T1RUZ9IBkgFBVV95cUxPMUd1dUFRclR5OTlzb1RUZ1RBcEE1RzZUejJidGM5b0lwNjBLZzNnRjQ1bkVUVk1xYmhXYk9NaTYxcjdQRUc3bWJaTGdoYVJoaS1sTExDWjBZRWdURVBnTEFUSm5PVkpGUU8xb2RNZ2dFZDVMOW1oeWtUZndWbzFZdUQ4V293N1RKcUstajJuYWNyQQ?oc=5,dw.com,en,Strait of Hormuz oil,israel_hamas_middle_east_conflict,relevant,5,5,1,0,0
2023-07-05,"Iran tried to seize 2 oil tankers near Strait of Hormuz and fired shots at one of them, US Navy says - AP News",https://news.google.com/rss/articles/CBMimgFBVV95cUxOM25keU9DR1M5MUlxa0N3NVl5UXpUNXY2TGkxcGdpaGo2ZVF4RHNwbGZuSk9CTHpoU2pNeE5QSzJmUlB1dWRSd0NFRlhXV0hxOEs1YVh6cV82YmYxTkVUd3BfYnAyOVN5VjRSdEpEemJiTjc2MDhCY3luSTZlT1B6bFZ3bWdoZTkxRUJyNEp0RXBEaUY2UjJQdkZn?oc=5,AP News,en,Strait of Hormuz oil,israel_hamas_middle_east_conflict,relevant,5,5,1,0,0
2023-07-05,VIDEO: Iranian Navy Warship Fires on Oil Tanker in the Strait of Hormuz - USNI News,https://news.google.com/rss/articles/CBMinwFBVV95cUxPRzhrNW0zdnJyb0NHeXNwU0tpR2FubG45M2hPZzVkRFBQdGczTktySXBEbkQxSE44SmRGY1h4WGluTEhMT3J4QWRCWk9Pd1JjbHZkUlRmWEpxdDUwcTNyX2F0UlFUMXdRbzFld2tsR1VjeTgzNy1FZUtiX1BuWGhhb2sxdWVLb215RC1sak5RY1NKTG41WnlzeTlHc1B6QUE?oc=5,USNI News,en,Strait of Hormuz oil,israel_hamas_middle_east_conflict,relevant,8,8,1,0,0
2023-07-05,"Iran tried to seize 2 oil tankers near Strait of Hormuz and fired shots at one of them, US Navy says - Stars and Stripes",https://news.google.com/rss/articles/CBMijAFBVV95cUxOMUhtMS0wVWJPNmRadWhDU29ZeFBBSkw2clVWMEExOENNaXVYZG5WRFE5WlBvbTZkUGNYdFNyT1FZOU12YW82VTlIN2VDd29fQS1qS3RUTjRkSGpnTDdLcnRUbVJySkdVNHFvRlZ3R0lfR3R0WW9oNE5NUWhreGgtbjEzQUFKamFEOGxsNQ?oc=5,Stars and Stripes,en,Strait of Hormuz oil,israel_hamas_middle_east_conflict,relevant,5,5,1,0,0
2023-07-05,US Navy says it repelled Iranian effort to seize oil tankers - Al Jazeera,https://news.google.com/rss/articles/CBMiogFBVV95cUxPSnZtN1RoQWRRV1gxOWNwMDJPZ3RRcnlTM0g4V3ZLXzhjZ1k4T0hsamNQYkVOWWxacWdDeGRKRlgwUVBJSFJmbWplQVVMbmI1LWZTbEg4cm9DWGhFNGNPYTVSTWlyNHdzMGQ5dlBmcFY2LVcxOEZ2Rld1Tll1UFZWcDUzdHJpMDFFNU04Rjh5VVluNlZNaFIwa245TDlveFhlRVHSAacBQVVfeXFMTUM4UW9DR1F2QUN0d1pOajZlSGt1WnVmT1pjXzczMGt5TjZCREVpSmJzTTQzdm9zbEF3VWxWY2g5UTJKeFNkYjdOUmVOeHVXdE1yei1UdzFheHNJZlhPeDh1MDJMWklzUFNzU3o4bWxVNk5OZHhsQlBsc3UzVVgwQmpldXcwblBGTnkxLVRTLTdyRUNDc3VsUHc0VXNGa2VqRzdXRnJKYlU?oc=5,Al Jazeera,en,Strait of Hormuz oil,israel_hamas_middle_east_conflict,relevant,5,5,1,0,0
2023-07-05,"Iran tries to seize tankers near Strait of Hormuz, shots fired - Israel National News",https://news.google.com/rss/articles/CBMiWkFVX3lxTFA5d284MGktbXU0SjBoczY2dmhqb1NjVW9taWluODJHQ2RyZEJMT2NGcWVUWXVWZFJPcldBR0tnR0Y2TjhfWW9LSGxNa2FkTnJWSFJJX3RnOWlSdw?oc=5,Israel National News,en,Strait of Hormuz oil,israel_hamas_middle_east_conflict,relevant,5,5,1,0,0
2023-07-05,US Navy thwarts TWO attacks after Iranian warship fires on oil tanker in Gulf of Oman - Daily Express US,https://news.google.com/rss/articles/CBMinwFBVV95cUxPMVM2OE9JMUU0U2pOSTNzNzJVVnhaV1JTQUpvMGJwRkRaSXdGcGhYS3JtemI3N2x1ZWxUWGVDZ05UMTVfS21pUlFUOExfMkZmX0NXQ3o1b0lXWFkwbmFzU1piUnYwMmhodi1ON056T3M5NXV5cXFlRHdHWGE4eGxwblZuZVFKcGRzTDFRcVlmUUVqaHhpS0xOUXY5YVJ1dlXSAaQBQVVfeXFMTmFZU1VGMkR1U0R6eTl2UjB3ZXE5bzNvVHFKYUhEbm1IQlRGZzVFQlBuQ3hpTnN4NUJSOG96Y0p6MzNlNHFhbGdFMTlvaTd1ZjRIeGxXeE5nVlJHWGI5V1hwRU9naXA1WmludlNDZmRhVmFHS1ZTNEJxOGRpVTFqaHB6WTVRaGxXRkpzU2hRVVRwZHlSVG9VVG9zTlBfallQTU1UOWI?oc=5,Daily Express US,en,Strait of Hormuz oil,israel_hamas_middle_east_conflict,relevant,8,8,1,0,0
2023-07-06,Cheap oil from Iran is filling the hole left by Saudi Arabia and Russia's productions cuts - markets.businessinsider.com,https://news.google.com/rss/articles/CBMivwFBVV95cUxNYmFlZG1jNVJkb21hbW51bXdrSmhwTU9jcU9pcXA4UG5LSk52LTNIRERCX2sxLVQ4a19mUEZmYWVlOFF0OHpNdm5vNG5xS2tKd19XNEpjdzJfVkZOSEZCdDZNRWIzRFUtQmtmMGU0MU45b0VCRFJpRE45dUJfVlFTMlhITV9VTU1PY3lkcTJaRnYtdlVHZTlQRE53NnpJeERrN2dtM0pmYjF4THhIZ3lKMWV3S2R6TmZmNmE0dUZ0Zw?oc=5,markets.businessinsider.com,en,Iran oil price,israel_hamas_middle_east_conflict,relevant,2,2,1,0,0
2023-07-06,U.S. Navy Says It Prevented Iran From Seizing Oil Tankers In Gulf - i24NEWS,https://news.google.com/rss/articles/CBMi1AFBVV95cUxObGNiSzEzWFhacEFub0FsLVd5bzc2bXFfZ1pkbFNNZUdQUjE4NjJTT3FjUTFsYUxfWThINC1xdjdZYlVLS25XQzdtdmJlcjJlcm01WE1faldmb3NFR0RzZDRDYWZZVXZZamxfRGpjZ3BMZ2dBR0NhS2NzanR4LWV2UmVELUpRcXJpTFJwNVh1cUxvYUhZZ1Y2T2RkREliN0hSbERhS1F5NkIyT1pNb011ZnpkcHBZcTgwN18xVmliS1RQYlo3UWhzUWVRR281YXBRLXhGYg?oc=5,i24NEWS,en,Strait of Hormuz oil,israel_hamas_middle_east_conflict,relevant,5,5,1,0,0
2023-07-10,Iran’s oil production increases since May 2023 despite US sanctions - Atalayar,https://news.google.com/rss/articles/CBMi5gFBVV95cUxNdVZlbVN2NGF6XzFGOFRwT0FJMFdrM1JtTVZORTQ1Y05iWFVBbTB3ZHZrZ0dMaWNKZEczcjdJZVBpUEJvdTRCN2dET2liV3E3TnBDbW1UZWg4Y285RkpoTXExVEF1MEs1OEFkSjVWcWEyMUtjMVNTOUVoak1GSGlBNmNPTzB1aTFNajZxNGlBT0FpcC00Uk5ScHRFZjUwZEM1MG1wNlBNb1VvcmxWSFlZdEVVN2NJdnh4YXpoODRfbTZ2RXY0b3lpRC1nVTA0T1d3bUt6YlVWck1vcnlFZS1DcFRiZVJJQdIB6wFBVV95cUxNRGRZazFRZG1GVmxUMnRIWUtiRkN0YU5oWmxjR280LUw5YjNfRHVSYXNoUHRHUmw1VWI2bUxUQjlfY0NXZFV4MmxMQU5nZ0xoNjF0cWRxTThkYmhhWXZvTTkyWkRXOGM1WXJLWTh2eDh1cWJQUlpUcHRsMzdkUk9WM0JIMUxob19qRFRkQWFaSzBKdlhlVFpCRE5ucHY0eWpERVRiQ2xZcXR5SjJuV0hmamZ2cDl4cmx0Q21fTWE1SlZUQW83UmswQnlfU0k2VDZZSFFhbkpQUWk3X0VEdEdjSFpzdU8tM1hROFpZ?oc=5,Atalayar,en,Iran oil price,israel_hamas_middle_east_conflict,relevant,4,2,1,0,0
2023-07-10,Video: How Is Crude Oil Transported From The Sea Bed? - Marine Insight,https://news.google.com/rss/articles/CBMiigFBVV95cUxPdkNmNHd5YWlKN1pYQW5nNkxMbTRvWlYxYlRlY3pJVVNDaW1HNXoxa2JqajQza0pmUThVWHRFSjBWeEhvNS1HeHRUQlNzb0pkek5POElCYUlkWm9qem9ITlVQZWRySGN4TzFlM181Q1pvOVVPZjJWQmVKLXpock1VSVgyblhDcWRlVEE?oc=5,Marine Insight,en,Strait of Hormuz oil,israel_hamas_middle_east_conflict,relevant,3,3,1,0,0
2023-07-15,US to send F-16 fighter jets to Strait of Hormuz after Iran fires on oil tanker - France 24,https://news.google.com/rss/articles/CBMizgFBVV95cUxOMVVhY19RYmpWRWl2dmhhczNKdC1ENVBwM3pzZDZ3ZDF4TWs1WEVhMnRCVkFKWFdCN2FhbHA2LWdPRzFaQ0VJb1FkeE9sRjVweVVVMERuVWFBQTVaLXpTYjd0R2hOanVWMjQ3MDZSMFpBWHU0ZmhKbEtOQVVDd3NmN2Q0OGNnUllaVG9MTTB6a2ZHcXhuVzdvckxwVm44TmtFT3NMYUwtRDczVXRMUHJ3LWFKOERXQlZBd1c0VWZKcjdyV3YyNmh2ZE9mVTJDUQ?oc=5,France 24,en,Strait of Hormuz oil,israel_hamas_middle_east_conflict,relevant,5,5,1,0,0
2023-07-16,US deploying F-16 jets to Strait of Hormuz to deter Iran navy - Middle East Monitor,https://news.google.com/rss/articles/CBMiqAFBVV95cUxOcmI2RUJLdS1Cc3l1WDluNnpyd05sUjVmVUVHRUNuMFFRblpjOWZxamk0X3hDanlzZGJGSk9TVW1MVmZPNnJuTDFxMzN3ZS01QU14cXlvMG94SFkyd1U2WTR5T3REXzJRWkJmX0lKWm94RTRORHIwQ2Q0WUoyTXAxM0VIN254QmEwUW9mQ0lHa0EwdkFrX0tiZThMM1I1Nk4yQzhYLXZrb1nSAa4BQVVfeXFMTTJNdDlpVUJ1T3VHeU5YYjZhY2Q2alcwSEZMeEtnclBsVWFENzRVR045dDBuaDB3UlRpZ1BVMVRMS25IbE94X281cGFEcmJYRmNUMEtqbHV6d1FvSWZjeW1QOEkwUFY4VnJoNmJ6cnQ2WDY1NmRaaTVBeFZCU0RWa3BzSmJXNTRRX3RWN1haMFpXNnZuV2ttc0NGUVdjYUxHYVZLNE9zSEx6QUJaRnVB?oc=5,Middle East Monitor,en,Strait of Hormuz oil,israel_hamas_middle_east_conflict,relevant,7,7,1,0,0
2023-07-18,Global Oil Shipments Depend On Major Chokepoints - Statista,https://news.google.com/rss/articles/CBMiigFBVV95cUxNeWFvbmVwYldnVWZjWXV0a0MyT0pVSzRhbTlMVEo1bmVPSnh0Y2FSWDFzVTFHRHR0YVllTFNYcHpISHkwOXBUT21oYWxuM2N6QnRZcjJsNmZUaHBWSjhlVmtacUV5TjFfNkZTRmx2LXFxZy1KYWFkb0pQMTJQZGJyVnRXQzhqRU9kUWfSAY8BQVVfeXFMUC1BWG16cGQzR3JuQ1RfM2dreWhHaTg5UlhxazdqZHpJbkV6REo2U0ZSQmFZRS1pa2RJSjNFdm9JTHRRV1pjdlRCWEF3bW5LcVc1UTVNVzVGUGJHZW1HNzlYTTB4a2N3T3ZMZXNkVEdDS3FqRlVBMTNVekYwRU9IM0lVNFJvZkpXMVg3NlBjTG8?oc=5,Statista,en,Strait of Hormuz oil,israel_hamas_middle_east_conflict,relevant,3,3,1,0,0
2023-07-21,Risks of Maritime Escalation in the Strait of Hormuz - The Washington Institute,https://news.google.com/rss/articles/CBMilgFBVV95cUxNeWZhLXhUUEhNRWw2NmVaUzdiaWhpX1JuelEycXJhVkxVbENScEo3dG1jcUtqSFJSN1A0Nm1Md1VyTVEyZTVFZEJFX3RhWDdrNFl3YXBvcGxQeTlSZUFneTU3UGFvSUtIeEZDWG53V0JYS3ZOYmFvcHdOSkl3bHRVY3VMZzdOSDZDZ2V1VkFadkVRVzRNUmc?oc=5,The Washington Institute,en,Strait of Hormuz oil,israel_hamas_middle_east_conflict,relevant,3,3,1,0,0
2023-08-03,Armed US troops may guard oil tankers against Iranian hijackings - The Guardian,https://news.google.com/rss/articles/CBMivAFBVV95cUxQZjFBcDlyb1ByTjRnTFpNNGJHUVNiWDBWaWNKdVBIUW5HeGFwcmkzekw0QlUwVXZ3Mk9ZY21NdG9yMWN6a0xtckRqelBBOGFON0VKM0lsRmhHTG5jV1JLUVQ0QndOTll1SDA5a2sxYXZzWDVpemIwejQtQ0M4S3VrbmF5R0Q2cWpNaE1YZUtjMVNKODNySHlOR0NlOXdDS25GTFJLMGduWkp5NTkzeE0tVFhMaV8wT1JqOTh0RQ?oc=5,The Guardian,en,Strait of Hormuz oil,israel_hamas_middle_east_conflict,relevant,5,5,1,0,0
2023-08-03,"U.S. could offer armed troops to commercial vessels in Strait of Hormuz, officials say - Reuters",https://news.google.com/rss/articles/CBMisgFBVV95cUxOOHZLYmtNY0kwZVUxMEhETmRXZjhSYUFPeGJtWWdnUTR5cmRqNm9JY0dzQzNldFk1dk9aTmdjaHdTYVVNVktYd1pFUWFkaHZIcjhZOTJYME82cDZmbGtCME5Nc1JWb3RyeHNFWTBRZ3cwVm43Snh6cl9IRFhJWVpWMjdWQ2dNcHNSUnlHQ2NWZkxzRDBZZEdPTkpnalRZWnFOVlQwSkZ2aW1pSFlPa0xydldn?oc=5,Reuters,en,Strait of Hormuz oil,israel_hamas_middle_east_conflict,relevant,3,3,1,0,0
2023-08-05,US military may put armed forces on commercial ships in the Strait of Hormuz - Task & Purpose,https://news.google.com/rss/articles/CBMieEFVX3lxTE01YjFKa3FodEFZbjVnSnFwTUVPQVBERS1NdU9scTh0UW9KVHEwRjlkMEFtdjRXdFZocDdCRWxDdkxaZUJEcDJpNkg1MndlZFNMZWxrZTRraEl6eFdFRjFtbVhaUWVxaTVveFVKTnhWMHhvZUFkYUxjOQ?oc=5,Task & Purpose,en,Strait of Hormuz oil,israel_hamas_middle_east_conflict,relevant,3,3,1,0,0
2023-08-07,U.S. Forces Arrive to Support Deterrence Efforts at Strait of Hormuz - U.S. Department of War (.gov),https://news.google.com/rss/articles/CBMiyAFBVV95cUxPM2Q3N29qWTV3RzhHaldOSVBlLWdZWnZ4RUc2NUtvbjZMQXFqWkZuX3JJVnQ5TEdzcjduQ3BBRFR2bURHaFRlLVM5dkdmOWRqVWdRWlBrRlBkQ19UNUFuQUpBa0lYeERtaVF3OFQtbE9TMHN0WjhkMmdfSFFrUU5xZTFNdkRKclRfTFAwYmkzMHV5QlA3eGN1bXN3NDhTU21wcGxWOTFtc213elY3blZ1TEN1V2lVSmdaWE5rYWVPOEoteE5NZEQtZA?oc=5,U.S. Department of War (.gov),en,Strait of Hormuz oil,israel_hamas_middle_east_conflict,relevant,6,6,1,0,0
2023-08-10,U.S. To Unfreeze Iran's Oil Money In Exchange For Prisoner Release - Crude Oil Prices Today | OilPrice.com,https://news.google.com/rss/articles/CBMiuwFBVV95cUxORDZHdW9GNHpzOUlOMzhFOVNkZ1ZXRmtKLW15YlR0bjNtc1BleTVHRDVibUx6elUySXdOYlc0M2NlTlRCSmp3dlJCUElaRmNsMGVvMVI0VHU4LTZsZmdCR1ZrZnI0cGVOOHlrS05WdmdTQnFBdmg3X1lYMld0S0pEU1ZKUGM4VVhnMVdlUlE2T3RHdi1lQlpOT0Y4Qm1rVHJ6MGNhM2lhQ3FxSVNIR09CM0hwZ2pCb204OUZr0gHAAUFVX3lxTFA2ZkJuSkxXVUkzcnEyQmxmNWFxWHd1cGY2MERkMUZ4YWthZWFFX0N5ZHB2YXRfWWlwY3FhTnU1Y1ZQUWxEcmVJNURxM2NCUjIxY2ZNVk1UT0RDaEdnLUI4dGg1ZFM2Z2RuYS1pdzV5Qy1SbnVpMDB4SG1VLTZmWE5acy1VaEhqLVRUT1hiVm0wN19xMlFodzlRazR5TUlWY2x0OGhITHI2VDFhdUlVTDgyeGJmekVpWTRCdHJMSjJ5Yw?oc=5,Crude Oil Prices Today | OilPrice.com,en,Iran oil price,israel_hamas_middle_east_conflict,relevant,2,2,1,0,0
2023-08-10,Why US Military Added to Patrols Protecting the Strait of Hormuz - Bloomberg.com,https://news.google.com/rss/articles/CBMiuwFBVV95cUxNQ29NdVdkbFFRWXdDUFFVaUk4YXBfYkpWMV9TZFBKa05TVmRMU0RsY19IbTNjckFPZndxM1JWNF9HSmljbU82ZnBnVXVCZVlyV29XZEc4WUNpemlvYXVvMm0xVnR0RHd5Nm9wRmRiYlZPVHhQS3U5WFVMYm1DdndXdndhc2ZWajlFdklpZ3JnRlduMzllTXhJNk1VUlNlbFoycEhqVU80Vk1mbUQwdzFvSUJNcG5HSVNUaWdn?oc=5,Bloomberg.com,en,Strait of Hormuz oil,israel_hamas_middle_east_conflict,relevant,3,3,1,0,0
2023-08-11,"100 Marines, Sailors Ready to Ride Commercial Ships in Zone Defense Against Iran - USNI News",https://news.google.com/rss/articles/CBMisgFBVV95cUxPRUtJX284LThWMG10b2Q0VG1FRlVNd0U2c2t3ZTNGYWFDMTdBclFPRVV6eVF2S0YxN3hwZEJCVi1TRmZuNEQ0ZF9NM09fLUtKMTdzbC1tZUwzYUI3UTNuUDRnUUtXbXk0bU12QTdBWFZXd0gwajVaTmFZQldjNkJuR2wwTVpyYmRSQmV1dDVUYlNLdDlrYkxSM3ctZFJETnFqVWRKcjJtRG9ZYjFXcjBfNVNR?oc=5,USNI News,en,Strait of Hormuz oil,israel_hamas_middle_east_conflict,relevant,5,5,1,0,0
2023-08-13,Marines are training to provide security for commercial ships in Middle East [Updated] - Task & Purpose,https://news.google.com/rss/articles/CBMifEFVX3lxTE9mZGliTWFtX04xSXRPRDBLbVZZS1U0Q0g1bFl0a0hGTktqaUVUUHhkY0ZiR2dyYkNvbWY2XzFOU2dWbEpLOW85dEUzYi1mV3JqZlBSaDltV0YtNGUtM1RtM3RnLWV1RXlGODRXZXBVZGRJd2F0ZlhiR19VY0c?oc=5,Task & Purpose,en,Strait of Hormuz oil,israel_hamas_middle_east_conflict,relevant,5,5,1,0,0
2023-08-16,US Beefs Up Gulf Deployment Over Iran Oil Tanker Threat - VOA - Voice of America English News,https://news.google.com/rss/articles/CBMimwFBVV95cUxOdVp3aEZ2ZTNiY1ZTc25ocExsemFSYzRxbm41ZGVheXpkeENNU1kxUDk0Q0tVanZrMnlZX2pXbkl2NzFjNWl1OGJLZmZkNDhQSjR0TWJXZnBVbzFIc3VZR2ozYkxPQm50NENhby1nb1E5S0tCel9RU3ZKLTFIaU00dGhuMnotVzVfX1hmMUtfRVFLNHNyLTNOY0twWdIBngFBVV95cUxObTJwQWpYdktaY09hN2w4Z0UzOTh4ZnVURWxteGpCWWsxaFJYZTA2ekFFdlluOWtFQWZXRW80VlVKa2dRanVxa3JRNnE4bzdwQ1lCVGNDVnhYcGhxXy1QS1lURGs3eEtwUXo4c2dVR3N1TzZrWkhCeWtFNGl2Nmx1ZldYVVZGdzRlWTY3cjZya1d0cWNpYkQ2cFM5d3hudw?oc=5,VOA - Voice of America English News,en,Strait of Hormuz oil,israel_hamas_middle_east_conflict,relevant,5,5,1,0,0
2023-08-16,Biden's stance against Iran naval aggression heralds new era in the Gulf - opinion - The Jerusalem Post,https://news.google.com/rss/articles/CBMiV0FVX3lxTE8zd2F6dl9Fd0oyLVlFV3hvdEVJLUstdTUzclN6RXZTQzVNZl8tUWt5VjVBenh4WmNfemtKSXFzblhNc1VwdWY1YnhsMF9yZF9rRF9McG84QQ?oc=5,The Jerusalem Post,en,Strait of Hormuz oil,israel_hamas_middle_east_conflict,relevant,5,5,1,0,0
2023-08-22,Production Starts At Phase-11 Of The World's Largest Gas Field - Crude Oil Prices Today | OilPrice.com,https://news.google.com/rss/articles/CBMiqgFBVV95cUxQSXU4S2FSZ1FtVjJCSk15VjQ4Qm83SjcwZ3I4Z3lRdGtiV1llSnBKcFpuY2lqT1h3MUdqdXJtV28zbVlmUFZyWjAyWFdRTVIxRi1zUWdsUEZUTF9kQmFtNWhReUlOM0xMbFptM010Y0NXSDl3MHl6SEYwVVhkSGt3cmd1V25lSVViWkp5Q0R3RUtYLWpZdlJEMnZjeUFsRUN3dk5ISHJjNTBoZ9IBrwFBVV95cUxOSWhRZzdybWhzWEQ2b2dhWjZkOUlDZzlTSWF4WWc1b3ZES0ozcjNIWUZpMDJOTzdDbzFha2d4bkQybGlVNWc0NnUtWHpPbGFEMklrRTVNSTRJTTRkaWxkLUJSWW9kNWVTelJPWUZhSk5JSUNwLUZIdjRqZzQzTGRFbEtCbTVqMUlscm56Uzl4UUN2dHVGNzNMZThPekNTZkxuYjlLMjZlWFh1OEpJR21Z?oc=5,Crude Oil Prices Today | OilPrice.com,en,Iran oil price,israel_hamas_middle_east_conflict,relevant,2,2,1,0,0
2023-08-26,Iranian Oil Exports: From Reality to Propaganda - National Council of Resistance of Iran - NCRI,https://news.google.com/rss/articles/CBMikgFBVV95cUxPWjdncmpXSjIyN3RXVHVlemo5QWNrRHl0dDhoR3B1SXJTRFlRUnU1azNxazBzbVdQNVpjTko3dWJwNjRFTENyX3c4N2NfN2pmMjN3cHo5dG0zeGY4YTA3aW16QWlmTHkwVWREZXpVbnBlQmswZy1OV1dOTmZaSFROVkVBTTZfdDdKYzU3VFFiNlpRQQ?oc=5,National Council of Resistance of Iran - NCRI,en,Iran oil price,israel_hamas_middle_east_conflict,relevant,2,2,1,0,0
2023-08-26,Iran Releases Footage Showing Confrontation With US On Strait Of Hormuz - i24NEWS,https://news.google.com/rss/articles/CBMizwFBVV95cUxOTTZCV2pZQzhtOGdVV0prd2syU1F5cXZPX2tNdXFValpfaTJUU21hNXBQSDBiY25rcmcyZ0R6ZzlWMWdMQUpkLWtSMDV1SzBJMzVSYWNiMEdCOUNDVTBQaFJINVpSb2d1QUFCWEJ4dE03VkRDQV9mZTBwT0g4TkNXMEM1bmFsUkRyRFpYdWFTWDRBT1VGUGNSTTVTa0RiZWpfTmVNZm5peHZuTGVpOS1YTllvZXlmbzdCZG1zNl9pcVVEajNyVVZkUVZZX1p2MWM?oc=5,i24NEWS,en,Strait of Hormuz oil,israel_hamas_middle_east_conflict,relevant,5,5,1,0,0
2023-09-12,Iran Revived LNG Project Is Almost 50% Complete - Crude Oil Prices Today | OilPrice.com,https://news.google.com/rss/articles/CBMipAFBVV95cUxPM0tFZlVCQ25hYmJGMjFJYUdrM3Z1SXZCWE13aE9kM2ZzR0tSSVBpNkc4X3BtbVZuT3ZtVDZDSm5LQ3RaUUhOTFVYcGJEUWV0U2Z4MHowNkIycXcwS012eE1LM1dOMGctNXZZcnVNSGNuSGVLRXJsLWJmdGtndXE5MlRKVGl5Um05M183LVFWVUNqWklBd28tNHFIM0o2Zl9YRU9pbNIBqgFBVV95cUxObG02czdyck4waUJjYmV6WUxUV2Rla1lhV1FrN1gyY3VabTJZRGt5X1hUSFJndE1iUFAyV0phR3o3MV9WM2prU18xbE9QTzRkc2Y5U3RKWjlzMXlONENtNHY0SUVIWnNEeFNkcWQyYjJNT2lMLTFHMDVlRHNRZUNRdVlYNm5pQVJ1SWVxSUpIYTVOSVpnUnVhYTFCcEtQWmJFNXg3eGlqcDBvZw?oc=5,Crude Oil Prices Today | OilPrice.com,en,Iran oil price,israel_hamas_middle_east_conflict,relevant,2,2,1,0,0
2023-09-17,How will Iran populate the Strait of Hormuz islands the UAE also claims? - Al Jazeera,https://news.google.com/rss/articles/CBMisgFBVV95cUxPUl9nUTE2UC0xdEVlRFNIYmcyNTV6bE1ubXppY25aMGdieFRZYmZ1UEZuSHZpS2lsSlpmUVZfcXgxcEdsSnVaV3phVVU2cTIybW1KNnl0RTVLRGt1MWdPQV9XcUVQamV6LVp4aEpTUUxmQ1hTWXBnb21RcE8talBKdkhhdFpCVHdMdWxwN2k2RWxKYll2WEJ1QVAwVFdDeW5aUjlZMmZ3dUplWkNUa2laZWN30gG3AUFVX3lxTE0yT0hSeDEweWlxRE02eXpTTUlkeW9uRTl1QzR6aHBCRzZGYkRmNXlVMkpTeXEwdmtRajg2c2JwZUNQdnBQOFVPWDhIVC10NXpZdDFpclY3WXNLMDg1d0FPRWZEUXVmUDlFbVlzSjBQeWxxeFJwVlUxMnQwdEhRaFdyMGJnM0dyeVJTVDViRTZCOEpsdkVGMDhjV0t0RE1JZ1hRY0JiNFpNdVlOZG1zMnZZVEdBa1dpNA?oc=5,Al Jazeera,en,Strait of Hormuz oil,israel_hamas_middle_east_conflict,relevant,5,5,1,0,0
2023-09-18,Washington May Put Military Personnel On Tankers In Strait Of Hormuz - Crude Oil Prices Today | OilPrice.com,https://news.google.com/rss/articles/CBMiwgFBVV95cUxNaE9PTDJqNlBtZ2gycFp4REV5WGxhdjRxUTEtQnhVWWs1ZlVBcTRSSjZmbFZ0NFpOaG1abW1HWTUzR3ZMMGJaNEtlc2xzZ0tTWTdTajBOSWtxR043akZ3TkN6QWhUMVk3UTc1NFplMlNZM0tmR09vdjZvWWdwZ3RqRzF2MmJxT0RLRWpOVW0tV25JQV9LUG5WX3E3X25FM1dQSUVRWERCODh3SGdCTGk3d0JFOTRfT2pCVTFTc0FCUWVOd9IBxwFBVV95cUxQU2lNQnhLcTdpYzJOYXRiMzRmUkpzYVR5a2VONFlsby1DWTk2RW9kRzdSdmw0VWxsZ05yX0E3ZE14c2VkaEtiNzFfQjI5RTB5S091V3BKMkJVVnlzTEFHUEZBVm5hM01DcUtxYzg0MnlzM1EwZUktTGlwZVB2QWlCUjZqZEpaLTRXNTZOUUx0NmJJMU5YWnU4b1BNMVVNMENQbEFrazdOMC00UUlGc19RQ3JpSldqbnlrdEVfX3ZVSS00ZUhCZmRB?oc=5,Crude Oil Prices Today | OilPrice.com,en,Strait of Hormuz oil,israel_hamas_middle_east_conflict,relevant,3,3,1,0,0
2023-09-19,U.S.-Iran Relations Are Thawing. It Could Lower Oil Prices. - Barron's,https://news.google.com/rss/articles/CBMickFVX3lxTE1iWFFjTWhBckFrVWVwMkNnbTdzR2t4VjRDOV95Y0dudjFEOTBKY18xVXl2QXoza2FpMkhtanhFaFl5X3BNZG9ONHQwemlNeHh3OVEwa2ZlR2kyOXY3LS1hMFNEalpvbFBjcWRPM1YzNTNiUQ?oc=5,Barron's,en,Iran oil price,israel_hamas_middle_east_conflict,relevant,2,0,0,0,1
2023-09-19,Oil Prices Climb As Bullish News Continues To Mount - Crude Oil Prices Today | OilPrice.com,https://news.google.com/rss/articles/CBMioAFBVV95cUxPTzRjU0JXQzZGcVgzZkJQS1Y2RXV4aEo1TUI5VzZVSTkxUWdJaklTVHA3U0xveDhJTFFiOG9jNFpnQlotTGdhazFOa0dNd2I0dEN4ZE12VVNLTGdmZDYzZXA4Vmw5TVBiWUFWcGgxSmltNGZnaE5pOE45ZFZKRnlXb085UlFsOGExblJVbTZnc2pCLTF1d0NrZVZIZ0ZmZHIz0gGmAUFVX3lxTE1DVnZIc0dUNUhjeVdKZDRMUjRuMUxaZ3hfTV8wWEFvWVBkOWlxbm5ORWhRUnY5V0NqYzhjTjNFS1QwbFFaNGduMTR4NmtPYTVpMVBwRS1IWWpLdjVRa2hSX1NhSTJXN3JMakJkdTdFR3IxY2ExaFhkVEJVNk5Mc0FvRjVqdGJIZG1KRjZ2NU9qUnFSUkJGVXhscGMtdkxXbE5IRU9FTFE?oc=5,Crude Oil Prices Today | OilPrice.com,en,Iran oil price,israel_hamas_middle_east_conflict,relevant,2,2,1,0,0
2023-09-28,The Monetary Value of Relaxed Oil Sanctions Enforcement by the Biden Administration - Foundation for Defense of Democracies,https://news.google.com/rss/articles/CBMiwgFBVV95cUxOaU5xc3VxejB0ekppMFR4dVZmb1hBUHhiWXlxQUw1OGktb3Q2T1lqR05kYkw1a09Jb0RrU1QwVGhXZzhoNXRIR1pmRXZ2MlRVYlRnZW1SQ0d2dVRnRXlYTm5CeE9rWUc0TnlSakhaX2xXMlJpYnBpU1lFM3ZlMjlIVjByekQyaGFvU3lNTmhVTFVFbmV5ZHBERzlneWJKaGhTRTJnY2hxWS1zMGtTQ1hPcnVQam1QZ0RpSlFsTWJvQlZOUQ?oc=5,Foundation for Defense of Democracies,en,Iran oil price,israel_hamas_middle_east_conflict,relevant,4,4,1,0,0
2023-09-28,What makes the price of petrol go up and down? - SMH.com.au,https://news.google.com/rss/articles/CBMinwFBVV95cUxNWnhvX1NUb0VXQWhmZGp5TFV5MU01QWd1ZERteDM2dkl0SVM4eHoxdE0wSlBGR2FOc3pyWkxiSm5MNnF5bDRwRWtVc3pYaGVoSWtnNjhaUDhTSWxidEE3WlROdnNmeDJVazQ0VjdNWEtKam42REc1R3g2YTF0VGRxbEM3c1pyaHRKbkRLWEVtMTRSWVFHMGwzS3EzUDJkUDQ?oc=5,SMH.com.au,en,Strait of Hormuz oil,israel_hamas_middle_east_conflict,relevant,3,3,1,0,0
2023-09-29,"Iran, Venezuela, And Syria Ink Landmark Oil Refinery Deal - Crude Oil Prices Today | OilPrice.com",https://news.google.com/rss/articles/CBMinwFBVV95cUxQR1NlQjIwcmpZQXNGdzdWRW9IWFRzVFNiYW9DVEdyQndtMGhIYXZHNms4bFJPc3Z4NFZlRTZHVF9KcXVQNVlJNG84ZVJLRmF1R1pHcFJDRHFISlNVbnBjVnRFN3hjZmFoRlRhM19HRWdWV2NqS09idHJ4anJwUHhfMXdWQnlWZjlsV2Iya0JtUFhRaVV6ZF9PSlpRR3Q5SE3SAaQBQVVfeXFMT0JlZnYtbm1SdVRISlpvUG5IdDRGNDIyb1BEMjR2bllZcFMyRVZ5SnJUQkZUQzJuMXFHcWVEVXF5R2tDV2FBY3NtRkNjdkRka1FMdzFZLUZQeWo1ZEdtVURDNTg2di1manZfcE40UHBJMUIzREppMlpQYnBlVE4zVzkxUEJXOW5wWnowY1J4a1FablE5X2g2Q0lISUFxSWZNYWlRcFo?oc=5,Crude Oil Prices Today | OilPrice.com,en,Iran oil price,israel_hamas_middle_east_conflict,relevant,2,2,1,0,0
2023-10-05,Iran Ramps Up Showdowns in the Strait of Hormuz - Foreign Policy,https://news.google.com/rss/articles/CBMijgFBVV95cUxOV2FFcWZXR3o2WlpqZDFJZ3dBZnBiZXRodGw4OEk2YXR4Ykp0Z3JDUzJJczVvSHJRYzZBMDJmcFpuUEVaTFhhRG9GY05WOGg5NlV3LTVoY0FSMEtlV250bld2U0NicS1VUE5aY1AyUTBpbWxwME1hYTV0d191Rjg3RFpOdE1mNENzNm9za3pB?oc=5,Foreign Policy,en,Strait of Hormuz oil,israel_hamas_middle_east_conflict,relevant,5,5,1,0,0
2023-10-07,"""Flags of Convenience"" Flout Iran Sanctions - The National Interest",https://news.google.com/rss/articles/CBMiigFBVV95cUxOUkQtZms4c2dCSGYtcmRIVnRVdmFLa01sdzJLa3RoblRlR2hqdEZxUEdVaWtiYmktTWx4MkV5X0tGRWM1VXNSLUt0NDhrWjM2TG1MVzdhdG1rMEdfeUhEV3ltZ2EwYkZneFBFenNlR3ZnVlh6dzFmRkl4WkxpQUhmYVgtUkQxMTBZVEE?oc=5,The National Interest,en,Strait of Hormuz oil,israel_hamas_middle_east_conflict,relevant,7,7,1,0,0
2023-10-08,"With war in Israel, oil traders focus on Iran and 'domino effect' from possible tightening of sanctions - Fortune",https://news.google.com/rss/articles/CBMiqgFBVV95cUxQc0pKc2J5V09zNEdzZVFZYkdIbGd3c0JLX1ZnNzFQdkZBNjNROVFubzVYd1VqSkxCVGl6R2tHN3pXUEpZWnJvbU9nXzVsb2lRY3VBdVowNDdLMmViVFVEZWpEbHdaRDFxRURqeU9KQ2JTRS1oTzJ5d21RV041OEw1dENXQjdSN2JzYXB3TmlIbTFnVWJBeEV2WUVqcnQ2cW9mdXFueHFmM2tzZw?oc=5,Fortune,en,Iran oil price,israel_hamas_middle_east_conflict,relevant,7,7,1,0,0
2023-10-08,Oil prices jump more than 4% in the wake of Hamas attack on Israel - CNBC,https://news.google.com/rss/articles/CBMikAFBVV95cUxQenl6RWN0czdfOWdFblhISFIybjducFoyTFNJUFBFU19IS0EzT1RYS0J6V2tKSWxVQmlEcW84RTk5T2UzVEhDNnFVb0t6SjFEcjBPYVVlOWRhb2dnV0FWdzBCeHgyUnhseV9jS3F0Tm52VVJ5RnlJSmtNMThPTkJjM3ZJLXhqNUVPRkMxb1A5cFjSAZYBQVVfeXFMTVo1RTlvRmdVYU1mRVM1YThLLXpyN0FtelVadnA5T29NandrXzZudDBuS3lhdk9pdFlkVk9ObzczOEtCWEFIeUVJUjNseklQSVQ1NHNjZTNpRGE4a0RnRzFIcXJiLWphU21fdnhqTGFWUFJ0VlVISEhXakNLMUMzWWhhZGdJN3NkM2k4b1BnbkhKNG9jWTJR?oc=5,CNBC,en,Israel Hamas oil price,israel_hamas_middle_east_conflict,relevant,0,0,0,0,1
2023-10-08,Investors are being warned oil prices may spike with the Hamas attacks on Israel being tied to Iran. Watch the full episode at www.skynews.com.au/flash - facebook.com,https://news.google.com/rss/articles/CBMi3gFBVV95cUxOTzFneEQ4RmdHZUVNdFBpUTFJLWlQdDJkejFFVzBBWWdsZUdBbDJKbEJ1cURZNmNZYVYyUE1Hc21zZVZhSV9fdnQzYnp0UEg1ZTd1WmZOWEhzcS1VekE2QUtBYmg5MUVfaTg4SWY3NFozdldlVFNKNFd2bU1wTlNwNGJFdVZBbkpkOFRnSTFNdVYxdDVTUl80TWdtUWJPQXBxWG9OSUtHck5CbEdrZ0E5WlJqdkh0eG1UWnNFbGNVbTRHc0c5Qm1PVTRzb1Z5cmgzVGd6S2ZmQWU2UW16aGc?oc=5,facebook.com,en,Israel Hamas oil price,israel_hamas_middle_east_conflict,relevant,5,5,1,0,0
2023-10-08,Oil Surges as Israel Conflict Reignites Middle East Volatility - Bloomberg.com,https://news.google.com/rss/articles/CBMisgFBVV95cUxPeHJnTEFRYkZTRExxVDVPMURVUmJpYXZ6aUZDcG95MHJSMXFyS0I1MFNJcXBON2tGUHNWYm05Vi1ON0NOZk1wbGZqaWRfNnE2cmE5aUxidWt0Uy03V0tuLWRXVXlOdnhZQm9zdS1pQWdhU0hsVFRjaGM3R19YcDlMcGd5RnNHY1g3MWpGWlhDOHA3bERKM3FoWXE0T2tCMk9LOThkMjA3MERBUHo3YmRKa0h3?oc=5,Bloomberg.com,en,Israel Hamas oil price,israel_hamas_middle_east_conflict,relevant,5,8,1,0,0
2023-10-08,"Israel retaliates after Hamas attacks, deaths pass 1,100 - CNBC",https://news.google.com/rss/articles/CBMingFBVV95cUxQSFJJRWZnLWhZNTlnbmIyT3B6M092NV9XZFRxYkpJVTRRQlRHbDZIbElvQ2p6Tl8tanpIaUJhSm9BeXRUcGxtX2ZGa0VnM1Rqd0RnVm1YWHM0bnd2eWU4akxsWHZscDFicnVTYVpoc0J6aDZvUElHZUdRSzVvUlhyR1FxQmRHVUlMd1kzSlBHeHduMHNZZ0NQZDdTX2N2Z9IBowFBVV95cUxPWEJFdW5yNmJWcmdGeW5yWnRONGdyVHBLQTktZWNxZE1rR3VvZ2I5OG1IM3JGdnIyOEhJMHphVEpRTGlDZTVjMzkwNC1aOFZoYmpfc1FyQXItUDZHRzhzXzd3djRzeEItd3RSMXNMaHZfOFplQzhKVzJxYVN4UXJNckZ6WUJETUpndktHZHM5RzU1QUUxVkJ4dDJTM2FXcVJPSHVj?oc=5,CNBC,en,Israel Hamas oil price,israel_hamas_middle_east_conflict,relevant,0,0,0,0,1
2023-10-08,It’s not 1973 - but oil could turn ugly on Hamas attacks - AFR,https://news.google.com/rss/articles/CBMirAFBVV95cUxOYktkanU0cXZ2bG1tQ1RFajctd0hjZTBVWE5nZndHSmFhZHJZUHRTOVNwRFNYQ2EyVzlxVXNEUExhU2ptWkdMb0sxd3hfb1I5bTJfTGU0WjIwUXhlSXJ1dFJhX2RUOGZEZEg1SDAtR1JWRndIdmtmTXBwT3hLY3dyQVl2WUhpSGxHSEwxdEtvR0dYWXcyOTEwbFgtVUxVQV9JZlZ5cmlROE8wRkRt?oc=5,AFR,en,Israel Hamas oil price,israel_hamas_middle_east_conflict,relevant,0,0,0,0,1
2023-10-08,"'Very worrying': Motorists should brace for a surge in petrol prices and higher interest rates, analysts warn - Australian Broadcasting Corporation",https://news.google.com/rss/articles/CBMipAFBVV95cUxOdGNGajVBcXdtTmdaVTBqUnBVTHdoaWFxRGkzeGt2bUpMMGw0NFhhci1NOEhiNjFaWHJxeWxGVkotUXd2UTRkbUxtd2RKT0kyRzZucGh3d0FXUXEwQVF2b0hfazJxZTRYOEZEYXBySGx2Vmc1MGlWYllQMERFUmlYY1NyM2Z3eHQ1VE44UTctLUgyXy1rdDI2UERvbzlGa21fQ01hOQ?oc=5,Australian Broadcasting Corporation,en,Israel Hamas oil price,israel_hamas_middle_east_conflict,relevant,3,8,1,0,0
2023-10-08,Middle East conflict raises risks to global economic outlook - Fox Business,https://news.google.com/rss/articles/CBMimAFBVV95cUxQUE5GTUFHNjNRaEpVQVN1UE1UcXVqWWJpN2p0d2lVTk5neXpQTzFVdTBscVZkMmNnZy1ZbU8tU21Xd09pUVoxM202b0EwSHZYak51MmpUWkpHV05uRGVqdHpsQXJpQWRiemRQdzlIZEFYTXNXdTRGSThWN0xldm1QbXEyWVBTdFZWV3ZBOEk1SjNSa1lXc3ZqQtIBngFBVV95cUxPMkoyVjllTEJ2YkdhQVMxMHQ1ZkZDbHgweUx0WHZ3VDlWZ3ZSbnBIS21ObjlVbFM4cUIyWEJJeUtCYnBsVDFoZlpFQWlYSGNIX2lNWi01LUN1OTZBZ01yaUt4enY5UC1JVHhZTGozZi1RZXFCVV9pZGRFZmRIeE9vU3Fndld1WDZ6aUhLR1RtMExuSUhFc0pCSzlrZkV6QQ?oc=5,Fox Business,en,Middle East conflict oil,israel_hamas_middle_east_conflict,relevant,5,5,1,0,0
2023-10-09,Oil price increase to exert limited impact following attack on Israel - The Real Economy Blog,https://news.google.com/rss/articles/CBMiogFBVV95cUxNejh0VVBQcHZvTkpnMDdLUFR6eG9XU1FKMm9aTUVJRlFibFFBLW5CNXdhUjBEblppbFdDbXpfUHd1Y2pNck5CYmgxVFFxaHpDNUV2d1UzbklFVXlWSGgtRmJpYjQ3cU14QzA3Q1QzVHdBTnNSVHRSZ2dRYURiTzNUS0J0Q09sRWN4N0RQcHlDR3RsakVEU1p1WW5ZRWZreGplc1E?oc=5,The Real Economy Blog,en,Israel Hamas oil price,israel_hamas_middle_east_conflict,relevant,0,0,0,0,1
2023-10-09,Oil prices rise following Hamas attack on Israel - BBC,https://news.google.com/rss/articles/CBMiVEFVX3lxTFBQcFZvV0NoMjJVNTB5R2FIQVJRWlh5UW5HZnQ3Q1l5bnJIaHFDb05MZnlBR2xXb1lRcUVwWWxSMzZxZXlzcHMtN0ZFUE9tdmFEWWR2aw?oc=5,BBC,en,Israel Hamas oil price,israel_hamas_middle_east_conflict,relevant,0,2,1,0,0
2023-10-09,Oil price spikes on Israel war. Here’s what a wider conflict might mean - CNN,https://news.google.com/rss/articles/CBMihwFBVV95cUxPNm9vTFZMS2FOUVdhRU9odk5nbmYwRHR5a3hQYlN2aHhtcFFGMFd0b3dMVmlER21uOV9INVpXWUhPYlVHZ2docFFBMm1DNXJST09OZmg2STVkSU9wN2VRRkNkbTFnMmVCME1jR21pc255aGtBdWF0eHdJMV9IUE5qVlVxTV9TdGc?oc=5,CNN,en,Israel Hamas oil price,israel_hamas_middle_east_conflict,relevant,6,6,1,0,0
2023-10-09,Global Crude Oil Prices Surge Amid Israel-Hamas Conflict - Forbes,https://news.google.com/rss/articles/CBMirwFBVV95cUxNMDJISWVVTlJOcG02LTJDUHhHLWtNajd2cG9QLTlUMEJHNV81dmNxZ2k0emQ0NTFZS29MR2RQb01jajUzM1pWeWN0R1E0dm5uYndpZ043SWt4TnRIby1ZLTRnT1R5RTNWX0ZyemwxMGxZb3ltLXdvOG80UkFJZWV0SXV6N1lJeWpmb2FpdFBLOU5PU3ZTMmhiVzhkMjg4azdTSHRfRjhaYnBXaXZqVFFv?oc=5,Forbes,en,Israel Hamas oil price,israel_hamas_middle_east_conflict,relevant,3,6,1,0,0
2023-10-09,A prolonged Israel-Hamas conflict could lastingly upset the oil price order - qz.com,https://news.google.com/rss/articles/CBMiiAFBVV95cUxPMWQyZVQ4bG80OXk2NnFBcDI2dXJVa24xQ3dSVnYtMTYzNmZ4TGVkeXUwMW5uU0JMSmI3VVpCNzdUOWxYeHkxNWpQQmMxSUtWM3pxRXlJZVA3c1R1X2lxcW5WOWtwd09Va05pNk8tVTlST0pKeXpSN09Xc2lCd0JxNHdZSEJPQmJL?oc=5,qz.com,en,Israel Hamas oil price,israel_hamas_middle_east_conflict,relevant,3,3,1,0,0
2023-10-09,Oil Prices Were Going Down Again. Then War Started in the Middle East. (Published 2023) - The New York Times,https://news.google.com/rss/articles/CBMie0FVX3lxTE56Q2cxMlViNm5nSDJrZjZQTEx4WENNRXBBekEybnFkSVlVcXdlYmNoZThxNEE0a19jWnMyX3E0VHk3ZndQYzUxVXd6NTJ1RFJrYmFXaTVNdXFtQXAzOVJrRlFGSTU3THVhTk9jVTQzS2Z4cERQcExTSUxMVQ?oc=5,The New York Times,en,Israel Hamas oil price,israel_hamas_middle_east_conflict,relevant,5,5,1,0,0
2023-10-09,How the Israel-Hamas War Could Spike Oil Prices - Foreign Policy,https://news.google.com/rss/articles/CBMiiwFBVV95cUxNcWp1OEo5ejA1ZDlaSF9ONGpsUzVTUmRzLWU5ZkpsMklfUWhibXlDTVp3WXpuQ2ptS3p2MmxCQlYxdEhrTFhCNktWaE5QeXphQ3d6MkI4OS03NzZEMGxVaFd1RlRmLVFTeWd4S0M5dVJlQTUxMjNqeF9uaUtLREpLRlZFUzdpZ3hNajAw?oc=5,Foreign Policy,en,Israel Hamas oil price,israel_hamas_middle_east_conflict,relevant,3,3,1,0,0
2023-10-09,Oil prices surge on fears of Mideast conflict adding to supply tightness - Reuters,https://news.google.com/rss/articles/CBMipAFBVV95cUxPYjdlR0s0Qk55WjFIUFRVWHlDcm1IS19vY2RGRHVKRC1HcUx6TWF1dGZKTnpJUC0tVzJWVEdNZ0pQTTZIZUJ3SktscU1ZWk5GMXYwS1hTa1JoN2NkX1hid2plXzVpbUZfNC1RYndIZU00WHlyT0czRWktaVIxYjM0cXRHaERjS1l1empYSkUzcldjV1BLQWszZFo4dzc4Z05zM2E2OA?oc=5,Reuters,en,Israel Hamas oil price,israel_hamas_middle_east_conflict,relevant,3,6,1,0,0
2023-10-09,Why the Israel-Hamas War Matters for Investors - WSJ,https://news.google.com/rss/articles/CBMimAFBVV95cUxOa0EySW1oSDUySEtLNjlNNlV5U0ctOC1SZmNVdGZSQ0NUZDNTS0JNNzJ2WW5YMGtRU2tBVmtMcHNtbFlMTXNGZnVLRnlmemZVS05NTng1T3hrUjdIM29uSkFmaHFHNmlSVVZ0SFI4dkFXaktmdGI5RzdQcEZ2RjNyU2dIVlk5S0MzVHhfb2h4OUlIVEJmZVBrYw?oc=5,WSJ,en,Israel Hamas oil price,israel_hamas_middle_east_conflict,relevant,3,3,1,0,0
2023-10-09,"Market update: Crude oil price surge in focus after Hamas attacked Israel, retail bets remain bullish - ig.com",https://news.google.com/rss/articles/CBMixgFBVV95cUxQcS15UEtIY0ttcGtRMUZGRDBINWtZLTRJN1NHMmhidXZlaVUtZnRPaFR0aXMxbEpkTml0Qi1naE5IMm1qR1gtQW81cHZLSGViZEpTcEZtdTBsa0VwM1otbm4tUXlmYzRTWTl1RDgwNjFGbnZWMk5VTF83RDNvekZrRnVfSUhtX1QzRVNxRmYzMGZIOHZ3YTZPY1hlVFlfWDltQ3Joa1ZzRmFhYTZmZkFUdmZhZUZnUnVlZ1dsQzd6RUJ5WjZ6Y1E?oc=5,ig.com,en,Israel Hamas oil price,israel_hamas_middle_east_conflict,relevant,0,3,1,0,0
2023-10-09,"Oil prices climb following the latest Gaza war, but stocks rise with rate hopes - Los Angeles Times",https://news.google.com/rss/articles/CBMiwwFBVV95cUxNMVRDZ2xldW1JWFJUX0VMNl9IbFprR25zWHZMQTNJdHlSSXM1SXV1eEwtbEUwajFIaGpYUUdaVjZRZVBaOENTZk8tRVIyMFhJTm9EdHFBdDc1cmRzNWZMazRxbjBFZUYzRlRhYlZFblFZcTBuTkRRVk4yUTBaYS0wZU5DNVJCM3BFTFFWRGpwZnZzQ25zODlSczRRdWVtcUNZVVk5LVFaVjVqMUxSNzJWMmZtaTJ5dnpKa2UteXl6bkdvU2M?oc=5,Los Angeles Times,en,Israel Hamas oil price,israel_hamas_middle_east_conflict,relevant,3,5,1,0,0
2023-10-09,"Oil Prices, Exxon Mobil Surge After Attack on Israel. What’s Next for Energy Stocks. - Barron's",https://news.google.com/rss/articles/CBMic0FVX3lxTE5kTzJBWVRoTGw3RFRYVVBWQXpKVzB5UXNhWmc3QWFxUXUyYnhwSnBkZWhDRVVjaUJLUXhOc0RyamVPRGpOZ09JZS0tV21iajF6OUp0YmJUbGg1VFlZRVBPcEE1TGpsb2tyOVRCX0F5dDEtOFE?oc=5,Barron's,en,Israel Hamas oil price,israel_hamas_middle_east_conflict,relevant,0,3,1,0,0
2023-10-09,Israel-Hamas Conflict Sparks Concerns of Oil Price Surge: Impact on India’s Economy Explored - The Hindu,https://news.google.com/rss/articles/CBMiygFBVV95cUxQejJRWXB0WGVGNmhTUDlmVmg4elV1SFdKQXdwT3ZtRmt1UWVvNEV5OHdpZ015T3ZzSzJNVWVvdVBvcGx6OW9ENEhsZGZwLTlteUFLSmZTR1ZPazZRQzlXMXJCdF9NMWhpSWxJdlRBdThUSlhSaDdYWWd5Nkw0SjIyU2RJTFpYQlY4Tm1wS2YxTmpxN1pmUmJNZ2VPRlZzZzdTSnpXS1RLT04zQXc4YUFqVjRNY2lwbmlraDE1cFFHb1ZDQnFCQzVpOGJ30gHQAUFVX3lxTE9BU3p5T0VFRUgzOWVuTUpCdVJoZC1ZeHBMX0RiZjdoNURiNncyeGtDYXRqVDFWaDVHbWdTcHdsaU5QVUZiaFpHSlNHZVN5RDhDbi0xLU9SbmhQMkNqR0JwOWZpUTBueGZJR1Z2ZnBHYXpWSEc4Z29BVHpNUTNNbVhVM2RrUHEwQmRLMjlqcDVEWndKRGhsNmhBZ0dZZ1NHOGEwVHl4VVc1Vmd5ekltaHVleU5uLXFTMmk4c3VvdTVHbzlneEVuME9BYVlMTWhKT2k?oc=5,The Hindu,en,Israel Hamas oil price,israel_hamas_middle_east_conflict,relevant,3,6,1,0,0
2023-10-09,Oil prices rise following Hamas attack on Israel - BBC,https://news.google.com/rss/articles/CBMiV0FVX3lxTFBsQ2VvVmZkUGMwbzhWbnhTN3hER2J1anM3Uk1ENno4MTk1VmUtVnBTd3hWLVNoSjN4RjhybmZXU2hQZmtHTlJCNVpfY0lmdDhSUElydE53bw?oc=5,BBC,en,Israel Hamas oil price,israel_hamas_middle_east_conflict,relevant,0,2,1,0,0
2023-10-09,"Israel-Hamas Conflict Sends Dow Futures Down, Oil Up Ahead of New Inflation Data - U.S. News & World Report",https://news.google.com/rss/articles/CBMi0AFBVV95cUxNdjloQjlaajU1QzNGSEZZQ0tSaW42LU5hc1dQMllaOVI1TFR0dmh4TFFrbHdvanNxTnBaRjB6cVpwZTVfM21tUGR3MzRENGU1NWdNUzZ4Y1RCaG5kSDNsZXFNd1lBdEp0LW5JZnE5LTlZeXVpdC1FR3QwVHM3bENjUnBJNGRKSGxlUkZ3aWc2UWxsOG91U2pqUFVCTmMwR3BlYWJ6eVV6YVQyaFVfQzB1clcwWVBHcXVqS3BLNlFUMENSWGE5OGFwSURlcmU2SGZH?oc=5,U.S. News & World Report,en,Israel Hamas oil price,israel_hamas_middle_east_conflict,relevant,3,3,1,0,0
2023-10-09,Oil Prices Don’t Need War in the Middle East to Keep Rising - WSJ,https://news.google.com/rss/articles/CBMiqAFBVV95cUxPMnhwX2dSUWJqMlM2RzQ3eEFrdUZibkpIbVhETjM4UG9fblduZVdaNHMwSWE1SWluVWJublE4bFJhS2VCXzVNaHVQYWZ2UDE5bUl1cUVvTURVd3REX1ptZnhsazc5OWZpd3ZvbFR6SUd3UkZmMGVXMEZqbHVqaGNnT1hweGJrb0pfbGJYOVplMldzWkRyLXlGQ196QW9zMmUwSnFjOElmbG4?oc=5,WSJ,en,Middle East conflict oil,israel_hamas_middle_east_conflict,relevant,8,8,1,0,0
2023-10-09,Oil bulls turned cautious before Middle East conflict - Reuters,https://news.google.com/rss/articles/CBMirgFBVV95cUxOeXByR2NNVVRQZlFfMzVpbXY1V1M3d190Z0xGMnV3Y194MUR3eUFpZjM3czJmUGFsUlVabU9QdFdUUDdZVUx4V3Vxa1NpalhmSm9YSWZnY2xoa2IwOWtfYWdXVEVOWkFDYUVDQTVvMldGempWRG9xTHpOZ21KS1VXd2xldWREVE5Ta0FxQk1fV0hhclg0NXoxZ3A2dVNsRXpKNUZfbEtNdG42NzZxcFE?oc=5,Reuters,en,Middle East conflict oil,israel_hamas_middle_east_conflict,relevant,5,5,1,0,0
2023-10-09,Seizure in the Straits of Hormuz - implications for insurers - Kennedys Law LLP,https://news.google.com/rss/articles/CBMivwFBVV95cUxQRmozbFJUNXMxOXNOdkNDaFNESDFDSllCTndpZDJQQ2lGTGYwamkybXVsTkJUV2l1SFJ4clhJRHQxUGZaNjBoeHc1dXd0Ylk0Zm56Wl9aamJhVWFsbFp6ZE9Dc0o1Sk95RWdQWXk5WksycGM1TnlMY1JSbVpnbTNCNXhsOTBJNWI0VVpVTkItZDR0VWpsYTlFU1Bwd3VmS1JjWWd2TXplRnY1bWlQTFhrYlFCejNuWlJNbnNMS2VVZw?oc=5,Kennedys Law LLP,en,Strait of Hormuz oil,israel_hamas_middle_east_conflict,relevant,3,3,1,0,0
2023-10-10,Will global oil prices keep rising due to the Israel-Hamas war? - Al Jazeera,https://news.google.com/rss/articles/CBMiqwFBVV95cUxPVmk0SXFpc0JCNko1aXZUSWhOQ2xuazhrNWNscnQwbHpuQnBoVVl0TWl5Y3JBT0pZbjYwdzlHcHFYM0RBVm1GS1ZRUzdULWlvRE9pRjFJS2RTZGp4QlVqVkNEZlh6bXVXU3NvbFNVRXFuTHM5RzRqcXpqWm5tUUl1TWJLQ2xUVmh3N0l3TXlfNGQwa3M2Y2puMEJSSHBEaWZxaWhjaXVrTXBXcGvSAbABQVVfeXFMUGxya0ZkLUFLQk1XNnVsVjhFNU9kWmhaY1VDSVRvc0pHVzVYQ2pvRjRGckE5SEJ0aFVJQ1lpYjNxU2g1aUV4Z1dtLVhNQ3NiTWs1R3BfTVRVdE0yc2JRak8zZ1VfYlhlNlNUV1QxRE9KVW9PQnFwbklDTHRqQ0dtZU5nRUstSlRJRHhNYmYzelVZcDdBc2MzWS03Qjc3N2haSEpUcEpnMVl5Z0poeHRYUy0?oc=5,Al Jazeera,en,Israel Hamas oil price,israel_hamas_middle_east_conflict,relevant,3,3,1,0,0
2023-10-10,"Israel-Hamas war causes spike in oil prices. Here's what it means for gas costs, inflation - ABC News - Breaking News, Latest News and Videos",https://news.google.com/rss/articles/CBMimgFBVV95cUxPRnpkRTZyd3JMdjRSVndtdkZWZnhXWDIydjRZcHpXWS1vZkJwU1VZMnQ5TmhwQ205WDAxNlNTeU5WWkFVYnBHRlFhWkhBTUoyamFabVNKUmtQaUluX25kNHhDVFNMdjRyZUppN0V5dFhLUWI3VWZuaVNHSWQyTTBvYkRTWjYwV2FWelhHcDZnUnEyRHJXNEdVTkhR0gGfAUFVX3lxTE1IUDFqX3k5ek1zZnVDV1BPUDlmZXV6bnMtX2dVZmZjSEJ4X1ZrcUM0VGFnampLZVBHVGtfR1ozRmRYY0s2WGk4QnI1eXQ1LUVuSm1rNXdkOVpHMk1KOHpmYkp5N1Y1ZFp4bFZ5OXMwdjNMbmFraW84ZFl0T3NGb0hPRnpUdTdJMjh4ZUpvVXhtaEpwa2JCMFVwb2c1UzNrTQ?oc=5,"ABC News - Breaking News, Latest News and Videos",en,Israel Hamas oil price,israel_hamas_middle_east_conflict,relevant,3,3,1,0,0
2023-10-10,Will war in Israel affect gas prices? What to know about costs at the pump going up - USA Today,https://news.google.com/rss/articles/CBMilgFBVV95cUxQeVoxZ0tic1NoUXEycUFDd2xJWVBNeFpFOThsRnpIVElSazVKTUhEeE1WbDlqTTNVS2JONzBjQUxkR0xENUxSUTRXRkVVNjBKLUN4MlRCS0FtOVFYUFpldTZSX1ZEUFdzVzlSdFk3MUNfSzg2UDkxbVY0RWxScjBGb21RdjAtR1VfUy0zUFJOdjRDRWZCTXc?oc=5,USA Today,en,Israel Hamas oil price,israel_hamas_middle_east_conflict,relevant,3,3,1,0,0
2023-10-10,Conflict in Gaza Raises Concerns About Middle East Oil Supply - VOA - Voice of America English News,https://news.google.com/rss/articles/CBMiogFBVV95cUxQT1ptODVqeTh2dnNIdkVSWmlOdVlxM29XZHJpdi1hbm5tcEZ0ejB2M3d6dlhPQXBCaHA1aVpucnptOE1Ib09VcFVyam1XVkFxU05YbkY3OWZVWUdONUJhUU9sNUF4NnZpY2pBbFIweFBnTFh6QWxMRURtOHFtU3o1TmdSNzc3bjE5RHRCR0lUalVXQ2tnbkVDT1pIaG5xN2paMFHSAaQBQVVfeXFMTjVvRmpGNk05N2tQR1FhV2hOQ0JidXItTDNzcy0yZVF2ZEhyUWNLQmFrSm5LdG5lOFNSX1N0LUc1NTlqY3hPaEN1TmhUX3pUT0tfa05Fb0VoMHRLaS1DRmZuemVUenR3dXJKVko0MjZDVHA3aVZZUU92TVhONU0tSDIzODVpQ05PdnpRR05HaEpMMFFTRlZlZlFwYzdiMENaNG9MNUw?oc=5,VOA - Voice of America English News,en,Israel Hamas oil price,israel_hamas_middle_east_conflict,relevant,5,5,1,0,0
2023-10-10,How Will the Saudis Play Their Oil Hand Now? - Bloomberg.com,https://news.google.com/rss/articles/CBMiqwFBVV95cUxPaWVWcFM3UjM0cFpNUkVlR285VWtROHZlOGtxb2JZZGZueWVmM1BzRTFVMnBvNm4ta0diVkpTZEEzLWc2TVliYzVtVjhHQ3Y2QnR4S0JyWWtPWjgtUlpYRWh0MjRqbkEyb25RVmN3cHEyeDJqZzQ0enVESURJLXpQNl9LS2xiRTc2SmRiNi1XN2YySmR1Q0JfU2R6NkZhQTktWFVQdEJtV3c1TWs?oc=5,Bloomberg.com,en,Israel Hamas oil price,israel_hamas_middle_east_conflict,relevant,0,0,0,0,1
2023-10-10,The Eastern Mediterranean Gas Boom Could Be a Casualty of the Israel-Hamas War - Barron's,https://news.google.com/rss/articles/CBMilwFBVV95cUxNRmNPRGppLUpKeklmcjlxSHZ3Ukt5VGQ1WjVBWC1jX00tWHNHY3dMV1k0SmpPSmtqRklzN3F4ZGdyamRzWFR4bTY4MFBSbXdiTEZfZHRIZV9KR3h3cXRYMDFhQ292c0hiM2kwWlp1NDAzZmU3YjZ1YXYxQzlSNUsxdjBZSUtuSG9Cc1IzYmpoSG8tYzdyemM0?oc=5,Barron's,en,Israel Hamas oil price,israel_hamas_middle_east_conflict,relevant,3,3,1,0,0
2023-10-10,"Biden's depletion of emergency oil stocks comes back into focus amid Israel-Hamas war, price surge - Fox News",https://news.google.com/rss/articles/CBMitwFBVV95cUxNWTJrR2NEWmdoQ0RhY1hiTXJPb0RXM2Q3TDhBNkRQOU9YTEFlS0FJckw4dDhvMEdkaTRoN3B4MnkyZnlYNWVFRUZqQUFLTm9BSjZCLVdjQXBHcmZxVXpNWkRuenFTQ2pGOWNJeF9tWmJHeEpYRnJTSkk4aE1oeGJhcmxLTWlzVTcxUzZQcjdQRTlmdEVVVzB1Qk5CdFVZSF9nMzN0c1VVNkllc3VkdzZDYkktSDlZd2PSAbwBQVVfeXFMTXZCMFdtX0ZOeWUzWThpN0xVT2pUY2gtLVJXZmh5OVhjREZtNlRFa0xjTHE5UWxySXhaTnB2SU5yc3dPaFJfY0JPalVidkNuSWZVWXY3VVRIOFhMemtzWF9jRnJhdU9yU2tMbklfMXliOHB3dVQ3VTJwckJQYzhtZlRCMG9CMGJzemdmdlpiZkFCUEVaWFktWEtIcncyVk41QVhuS3ZweFJQQTF3WDJ1Q01ueHFJbEpFZXpaWkk?oc=5,Fox News,en,Israel Hamas oil price,israel_hamas_middle_east_conflict,relevant,3,6,1,0,0
2023-10-10,Israel-Hamas war impact: Oil prices dip; gold prices surge amid the turmoil - Mint,https://news.google.com/rss/articles/CBMi0gFBVV95cUxOSUNHMTU3T2xTY1lPeHJ2R3FoajZnUnhNWnFVQ2w5eUktbmhTMVR5YnNwZEhpOXhGNjNvNUxRNlNXeFV4T2JCUEk2VHhXNXd4Mkt4NjV1RjIxc0FwckpjUllsYWtlZS01cjJqUUd5X2RNeDEyX3FoVFhjNjRETW8yNXlNcjQyUFJKVXJfenNmd1kwMVRzblhnemRsMHZUMUN3YlZfTXUwYVI1UXd0WDAwa2kyb0xjUDNxbmNfZUJKWW5PM2JyQ2d3TEE2Vm1tUXRHUHfSAdcBQVVfeXFMTVNyM2otTVRSRVJHVWhNR2paU3NPaVlvSXU2N0FaY1gtZm9KWGFydWpEeDNlc1lnRjVETENQUGpVZm54MmRBYnRxTm5LNkV0U0RWUFloNk01T3BnWUtsSzRzUmhSVDVmUTdpTG01bUxMYl93alk3dEJReEZxeWQ3S3pSQ2psY3l2VWhzVlpMeUhCNmt6cWJUVUt2MU5feldvWDRXMlNKeklvTHJ1SWRzUDkxenVVdjZaSmpkT3AyRnVGalZJRnZMcmlZX05sZFVRMkgzOTJGMU0?oc=5,Mint,en,Israel Hamas oil price,israel_hamas_middle_east_conflict,relevant,3,6,1,0,0
2023-10-11,China Saved $10 Billion By Buying Cheap Oil From Sanctioned Exporters - Crude Oil Prices Today | OilPrice.com,https://news.google.com/rss/articles/CBMitwFBVV95cUxPbENCcDFUd1RVT2FHMWVFV19oOURNS2dYOWVra2l4WjFlWDVIbm1abHhla3lNVmZjQzItWXpfcHBJSWplWEliWW1kWTlwVkN6Y3cyci1lTjNmRVRYQXRTTWdsN05JbDBsb212UDRiVzF4c2tnMEgyQUZrcW9vd0RSMGVYVkpfVk9QV2k3VEtIQTZzeUhhNWtRdTVoTnp4ZkVCU2UtR1dKZjNNbU9naDF1Vm5TRElPY2_SAbwBQVVfeXFMTkExNkxlT0RJaVNmQ2pHeUNNclRnNllhQ2JxRElPYkxoemVUa1NyanZkdHp5NDZUVDNlc2dUSkw1ZktYMDlYTVhkRUk3QTlPbWxsRnNJZnNoS0VUWkhVb3BiRFlkRUZmS3Fqa2RQX2VON3c4SEZ0bnh5MkJuSGNuY1BvZFlDZ2hJQXB6Qi1BMFlEUjdZeVZ6bGpNTUxBVU5NUEdMMjEzRXdqRnV1dThjakN1V3gxSGFjRlNrc2Y?oc=5,Crude Oil Prices Today | OilPrice.com,en,Iran oil price,israel_hamas_middle_east_conflict,relevant,2,2,1,0,0
2023-10-11,Energy Market Implications of the Israel-Hamas Conflict - CSIS | Center for Strategic and International Studies,https://news.google.com/rss/articles/CBMihAFBVV95cUxQc1JfTHJpVEQ5bG5DR3BYNzRWbGQ3U3hQMkxKYzhxQjhkdXZoQ1JXVGFlUXNfM1BfWVJxMmQ5UDBWU2lFaWQzdDdhcW1RQ0lRRzlmdlFsTEhlM1dQQlRxNzZVMjE0ZjZYXy1YX2pBRzhVVGs3d0VUd29GbGFXVXlod1hJeFE?oc=5,CSIS | Center for Strategic and International Studies,en,Israel Hamas oil price,israel_hamas_middle_east_conflict,relevant,3,3,1,0,0
2023-10-11,"War in Israel looks unlikely to drive up U.S. energy prices, analysts say - nbcnews.com",https://news.google.com/rss/articles/CBMikwFBVV95cUxNMmtXdFE0aGZjRG52NnhEcnR5WTRxY00tSnVBekVzZzhRYjROeU1kNW9ZSE5vX1NxVnVldWV4WU5FMEFGZG1zOTBFcy14cjRaUWtFMGE2b0tiM2lfeW04cW1mTDZHWTE1THhKd2U3ZUtGMFJ2UmdUbU92R19NUjdYdzE1TkFOMjZrU3hNdkZHdm1LNTQ?oc=5,nbcnews.com,en,Israel Hamas oil price,israel_hamas_middle_east_conflict,relevant,3,3,1,0,0
2023-10-11,The Israel-Hamas War Could Upend Global Energy Security - Foreign Policy,https://news.google.com/rss/articles/CBMijAFBVV95cUxNVmRJaUhYQXpwbV9uZ19lQmE5bkVKakQ5VW44TE45S2RfMkFfRnhhRV84VURYVGdYaDVCTUxnejJhMDJQSXJXenJhYU9HY0NtZXRCa3FYX0VIR09aa0V1MWM4MVBvZmdVeVJSLVdadTZPbC1NbXllN2hhLWJ0bTZIdTFlQVhRNHhHNy1qQQ?oc=5,Foreign Policy,en,Israel Hamas oil price,israel_hamas_middle_east_conflict,relevant,3,3,1,0,0
2023-10-11,Russia and Saudi Arabia to continue oil price pact despite Middle East crisis - The Guardian,https://news.google.com/rss/articles/CBMiwAFBVV95cUxQSldBbWtMcm9MSXlrak5maHdlWHFDbzVWSjFNOUNKVFlNX1pZcTI3eU1KcERTU1VLalIzZ0E2d2Yzd0xNRjNrNTN5QkFZQ2xOUnotSFp4M3p0QTJaaHBjU3kwdzZScDBDTzNXR3g5VERCbEk0Y3hkODBobHZNR0xFbWJvS3c4UmJvWnFyNUJoU1ZlelZPaFlpZjAyMi1jbFAwcFB3cGxfLU15WnlpOWhwSG5fWU04U0JKNU9ZWHpORWQ?oc=5,The Guardian,en,Israel Hamas oil price,israel_hamas_middle_east_conflict,relevant,2,2,1,0,0
2023-10-11,The Arab Embargo 50 Years Ago Weaponized Oil to Inflict Economic Trauma — Sound Familiar? - Baker Institute,https://news.google.com/rss/articles/CBMiuwFBVV95cUxOaUZDUVl0dEZFNkowWS1xY3BEbFZSVWtwT21lbDJnVkdmQm5kajAyZUtKUlFMU2RMNkdxQnF0eWh2MWlHbGFBNGlhSUJYdl9WcXBwcWdEUUJIdzVlT0Vhcm12M0JodlVfWGd5TW82c3RqZDdfVC1vMEVibmZyZXZDd09tTUZOUGxncXVPcS1RT2lVNFRVUnBNQlFxUFpPS3pITmVCWnBwVEQ4SmdvNUFOSm5scFVURFhsQmxr?oc=5,Baker Institute,en,Israel Hamas oil price,israel_hamas_middle_east_conflict,relevant,0,0,0,0,1
2023-10-11,What the Israel War Means for Oil Prices and Stocks - U.S. News Money,https://news.google.com/rss/articles/CBMimwFBVV95cUxPa2xiMUQxRVNTdHZrY0s4cUFNMWNRcS01UHVIMXBGcWt4YjdvM2VYM2E2c3d6SEFjQ3gyS1JEUkJDWkswTHZxZE9ESmhBckJkWV9ON3ZpaWFiNDlUaldsREVuM1ppaC0xOUlZSjFWdjRpZlVKNmlpYXAydmFnTUh3RkpGY2ROTXplTVpiek5UMnhEM25yVjJEQWFZTQ?oc=5,U.S. News Money,en,Israel Hamas oil price,israel_hamas_middle_east_conflict,relevant,3,3,1,0,0
2023-10-11,What does the Israel-Gaza war mean for petrol prices in Australia? - Australian Broadcasting Corporation,https://news.google.com/rss/articles/CBMipwFBVV95cUxOX0xHZnp2SVFuVVB2ZmtmbGFwMEFjbmpZMXJ4azBiQ2xyYmZGZEVvbTJfUkNjV1V0dkdjVjlaczllUldkVElmcElVVFNRMWdsSHMyUVVCLTJRM2xaU0FNdlJtcmVlaDJHS0VnckNJcFlTNUFWTlAtMnVCUUVIVldMQWZ0a1JYa3R0WWMwZlhEN094SHZjTnN5Y3FVcU5TMno4SVRnWFgxUQ?oc=5,Australian Broadcasting Corporation,en,Israel Hamas oil price,israel_hamas_middle_east_conflict,relevant,3,3,1,0,0
2023-10-11,Israel-Palestine conflict: US President Joe Biden’s oil reserve bet looks shaky as Gaza is pounded - AFR,https://news.google.com/rss/articles/CBMiswFBVV95cUxQZFZhU09JdEdwZUpNWHd1SEhyN09OQ1gzVDR2OFRHTkgwak1wUWw5WkVDNDhJbzlUbHpOYlZaYlVBR3FPVG55bU1MRXE1ekt4QjdjR19KVmpxNlpNNkZZOXVkeGxvbWlLMEktcUFYLU9DdWRHNjZuaGhhbXZHM0NGQ2p0RUs0cXZiYWFFcjNQZTNjV25aSW5aNHlfQzZWUVpVQ0Q3cWdZRXFoS29KLWhEN0xoSQ?oc=5,AFR,en,Israel Hamas oil price,israel_hamas_middle_east_conflict,relevant,3,3,1,0,0
2023-10-11,Israel-Hamas Conflict Sends Shockwaves Through Steel Market - Crude Oil Prices Today | OilPrice.com,https://news.google.com/rss/articles/CBMipwFBVV95cUxPVXNEMGZWdzZ1d1RoSjl1WktrRTJkTDBva2NjMS11c0Z4ckJ1VkhFOVNiQmJyTS1FLXluYUhGRjEyT01lX05FNjg5bUFHYVQ3N0xhTURKVWhXcUc5NG1zbUdNYmVBNGsxMEJtaUZjREx5WnV4ejFnNmtjMkZmeTl4VjZad2dYYlMyY1VMd1hma1AzQzV0N1pSbEZVdzZpRU1IVy1JNzJ1NNIBrAFBVV95cUxPUlJCMElSTzNTRlJKZkJEVmdrQWloNzg4VGFZWm9CRHBuNXBVR3pPMVVtdDM1aERnNFFJaHpyTGpkS3N0T3VFMW9odWg1NFo2eVJNcm9oc3dhYUd1Y2NXWXRWZUpVZUhvbUYxZ1dteFQ5SGRCXzkzbUFSdFlCU1ZBcy1NYmZUQThsekp4TnlsZ1dUQ0JKZlhfTEw0RnZrZjc2TjlGUU5kWjNuUUVH?oc=5,Crude Oil Prices Today | OilPrice.com,en,Israel Hamas oil price,israel_hamas_middle_east_conflict,relevant,3,3,1,0,0
2023-10-11,Global economy braces for impact as Israel-Hamas war deepens - CBC,https://news.google.com/rss/articles/CBMihAFBVV95cUxPZnVMVEp3UVVKaF9sY0hOcWh4UFJTbUVQZTd6VWFnR0c5TlhRYktsTnNnZm5HM1N0eHBUTTdrOVZZa3N5WXNLTGo3RkwwSEdyclRVNFY1U3Q3MHpzR2U5VXl0RUh0VkR1MmkyX21ROTUzN3J3TFBWc2FHdDZGOXFia1lZbHg?oc=5,CBC,en,Israel Hamas oil price,israel_hamas_middle_east_conflict,relevant,3,3,1,0,0
2023-10-11,Will Israel-Hamas conflict raise petrol price in India? - India Today,https://news.google.com/rss/articles/CBMirgFBVV95cUxQc1FsZjdoMURlQXE3akh6WWR6ak1pMTB2UXh3cHRyd0RZUkZYbkxoNC1nbXV1bVc0UjFKZFdqMElRXy0takpRWkstVXBhT2Z2VmZqd1dDUXRQNGlCb2VWUVR1OUd5bEVHazE1UlJEUE1ja3ZCTmlaVnBYS3NZbkZsVURGRHVzNjFqYWhianlDc3NNcm5YYkc5N3NocjlmNm9oRTBvNzduZXZKeEltQlHSAbMBQVVfeXFMUEdIbjZoaGtFQUZncThTSEtJSmNRNWNDT3Z0NVhWNkF5MExCd0tLR0pUbkdCbnlBTVNhcWxYb2F5SDNqZ3dLSS02cG51Vy1zRGl0MVpyY3Vqdm5pRFdQU0lCSjU5X3BkLWZRN0hjRlI2TFZvRF9ZLVRUYlJUTExLb1l2QS1pSWFJS0hKaVlMMXduRGVaRjJJTjBNUXlVd3VSdEk2S1lKdGpGeWU1cWh3Nm9HWVE?oc=5,India Today,en,Israel Hamas oil price,israel_hamas_middle_east_conflict,relevant,3,3,1,0,0
2023-10-11,War in the Middle East jeopardizes climate talks - E&E News by POLITICO,https://news.google.com/rss/articles/CBMiiAFBVV95cUxPd19Zb2MwSzJNR3o3TEQxdW9zSFZoaDZ2X3d4dnp0TnlXS2VRMXEzS0FmMC1YRHUzb1Jfb1o2SEpBRDc1dlhxbDdWT2pFY1dxZkpMcmFOaEViRmdvbmdsU2h5M0wyS2F1d0NZNWx2QzN4cFZMbHJDbTlYLTN0MTBGNkk0VWljQklS?oc=5,E&E News by POLITICO,en,Middle East conflict oil,israel_hamas_middle_east_conflict,relevant,8,8,1,0,0
2023-10-12,"Iran, Russia Sign MoU For Oil, Gas Cooperation - Crude Oil Prices Today | OilPrice.com",https://news.google.com/rss/articles/CBMiogFBVV95cUxOQWVfUmkyTWdlbjZreUJOUlZmY0VCQ2ZkMkluV3hycl9BSWhWMHpuaXZrekJ6OWp2dWxTWXJpZGdZbUt1ZEtLTloyWHRwcE1SdlJYMnV4UXFiWllJRmMtOERwREJuc2hZX3VkSmlZWmFrUUQ1WFFHNlVzOWFCbUJLY05sS244LTFHeTRuaHJYZ0VGUV8yVEpiRllHOUthWVUtckHSAacBQVVfeXFMTXYyMXM5UDJTQmdIMUFOMmhxa05rdENqdFhKLUNfWUVmd1B0Wk83Z0J3SU9sTlFXOVFWTlZWQ2xEeXBrVlZsNUlrWGlyZ1AxOXBlaVAxNzhiQUVTZzdSSGJUQUhWcmdkRkJqb1h4c21zZVhuUVUzQ2VzV1FZaGx0NHUzX2hCQ0RncUhVT3RLaVhMczFoU192SFB5dFJqWEhGX0tOclhJRDQ?oc=5,Crude Oil Prices Today | OilPrice.com,en,Iran oil price,israel_hamas_middle_east_conflict,relevant,2,2,1,0,0
2023-10-12,"50 years ago when the Middle East was at war, oil prices skyrocketed. But it probably won’t happen this time. - The Conversation",https://news.google.com/rss/articles/CBMi1wFBVV95cUxPb1dPMGs5S2JNLWhvMkZmU2pndURPRVJobTdYX3JHOXMtT3hxdUdDUFN3dHlTV3gxdkNjOGs2d1h2cXJqVVRuTXRQdUVxdnpJUkoyeGpvbFRpekVsWDNfeWU4YXB0TElTaHNSYXJkWnphQ2pZSFVEbGJnaGthWGs1bW4xdVBfZFVaVVVzN1M2RkZ0aXY4cGRLS3dZVmtpU0xzTHc3VEZEamd2QWFhWUU0bTFwaGNWLVNIaW9sX1hlT19lN0oydmxNaUhwb0ZaTGgySzhyRUhCdw?oc=5,The Conversation,en,Israel Hamas oil price,israel_hamas_middle_east_conflict,relevant,5,5,1,0,0
2023-10-12,Oil markets watchful amid Israel-Hamas war - dw.com,https://news.google.com/rss/articles/CBMigAFBVV95cUxOWTFCSjc3blJraFVfQmZUVGE0OHdiamRSeC1pWUtaV2pOZmpJRlNHUENKckdRWFJ3Q2tra2dFVHFvS296QnZtcWs5WVRad2l2T202ekk5MDIxT1lSYVVsWDRDc2lZa0tQSHBSUVBhWjVBNXhMaEZRQ3hMMzM4WUh2NtIBgAFBVV95cUxNUFJqOWR0WUM1NTc0dHFuQXdDTm1CbElBT1gwNGh2Z2dFNmdZQkNINWdPX2JQeTVWQkVPbldWTHNFNGlGanhEbGFuX0d3dU5DaXFKMlV6cllCU1VHa0tFN2hESXYtTFUxTnRLTGtiNzA1RjJRUHlQX01BRVNybU9zSQ?oc=5,dw.com,en,Israel Hamas oil price,israel_hamas_middle_east_conflict,relevant,3,3,1,0,0
2023-10-12,Oil Market Report - October 2023 – Analysis - IEA – International Energy Agency,https://news.google.com/rss/articles/CBMiakFVX3lxTE95R2VKZTVSellkQ2hLbHVtcmtQekZnSHBUWXF6MXRPWmNUZWRrOV9wWlZ3T1lzcDNJNWgyd0JDeDJFa2huZll5QXFMdEl1emhMZXdrQW1PUl95aDF0NUFlVEUxQlJxWUVFUHc?oc=5,IEA – International Energy Agency,en,Israel Hamas oil price,israel_hamas_middle_east_conflict,relevant,0,0,0,0,1
2023-10-12,Biden’s choice: Let Iranian oil flow or watch prices rise - Politico,https://news.google.com/rss/articles/CBMigAFBVV95cUxQcWFKVmNfV0dRTTBrdng1cXFodk1RRzdoaVJFeVdrM2pjV2d3ZkhQcXRkeDNzTWRJN0tJY1d1cndKdkE4c3dRcFBYTVJFYVp3R2hqRFAzOVVBUFJpSHJTUk1zSlJlcUt4VVRTaUJhMGs3YWhqSWVYUTQ5NGZYV0RqUg?oc=5,Politico,en,Israel Hamas oil price,israel_hamas_middle_east_conflict,relevant,2,4,1,0,0
2023-10-12,3 stunning charts show how the world of gas-guzzling has changed—and hasn't—since the trauma of the 1973 oil embargo - Fortune,https://news.google.com/rss/articles/CBMijAFBVV95cUxNZEY0YmV0ek1tQl9Ta2Z5MmxzNXc4RUZtY25fNk0zR2xYdkkzcDV5SVUzWFF0bGE2aDZOQ1VyUndtRjhPUVVzU1puRXIyb3oxcWtXd1RUWUZfdHJNTjM3V2lJY0I2djJ5NGxHcHhueGlxb29jUUY5bE5kZnFoa2gwel9wTl83Mlg1N0tQRQ?oc=5,Fortune,en,Israel Hamas oil price,israel_hamas_middle_east_conflict,relevant,0,0,0,0,1
2023-10-12,U.S. Clamps Down on Russian Oil Sales With New Sanctions (Published 2023) - The New York Times,https://news.google.com/rss/articles/CBMifEFVX3lxTFBobFJ0aWxhNUVJZV9LSjc1ZmRHa05XNXhsRmN5R3BHNG9lc0JNVmQ0Y2M5SHF3bG9Gd0lUSXFYSkxYTy1Ra0h5b2h4c3FZVWstcU5vUlFsRjIyek5CdzN1UEpsR0w0WWpIcWNNTHFpeEc5a0hISEZFc2s5dEw?oc=5,The New York Times,en,Israel Hamas oil price,israel_hamas_middle_east_conflict,relevant,2,2,1,0,0
2023-10-12,'Dr. Doom' Nouriel Roubini says markets aren't fully pricing in the risk of a massive conflict in the Middle East - markets.businessinsider.com,https://news.google.com/rss/articles/CBMiywFBVV95cUxOM2lfbWdNVmE2TTUyZkV6V0lLX3B2RHFoWkpVMkU0YUdrdHZHWGxaUjg2ZUFRNjg0REdic0pUVDVjV2MzZUZobkhwUlFwMzRwS1NtdU4wOW5Za3U0LW1DQW96RVBNcktxbDNwandxR1B6VEdXY3UyR0l3VG41eEtXNVhvNmZucmo5SUw1ZWVseWhQOThLWDNScFpsY3lVMXhMVE1Ia3BSUXBjeDZMbjc4OExHeHhGUktRNU1iQXJyS25FSno5ZC1nMUROOA?oc=5,markets.businessinsider.com,en,Israel Hamas oil price,israel_hamas_middle_east_conflict,relevant,5,5,1,0,0
2023-10-13,JPMorgan Chase CEO Jamie Dimon warns the Israel-Hamas conflict ‘may have far-reaching impacts’ on the economy. ‘This may be the most dangerous time the world has seen in decades’ - Fortune,https://news.google.com/rss/articles/CBMilwFBVV95cUxQWWtYM3NieXYwdERILWlIakFUNXhZaWx1QTNDYmtOYjJLQ2Q1QVZEem5ZSWJYSWliNTBMZWRUOTJHa0d1RDBPcjd6X1Qzbk9RT1c4UlRjM2JfYWFldTNRWGN0TlYtOEVqU3dRNmNQOUtZV09DU0M4VFFjWXZwOXBTY0xnc243b3dkX2RMTXY1Q0oyV2dTZlVB?oc=5,Fortune,en,Israel Hamas oil price,israel_hamas_middle_east_conflict,relevant,6,6,1,0,0
2023-10-13,Crisis In The Middle East: Assessing Potential Market Impacts - J.P. Morgan,https://news.google.com/rss/articles/CBMiuAFBVV95cUxNYkstY2xvYzZYaDhlYWdnYnM4UGFjWG5qOHlJRkdOaUNJem9zbHNsMjJtellreVcyVEtNOG5WRjJDb09QTVN1NkhjemNGNHJWYmFTdEZubGJ2RG1Ub0tzWjZvdTM3dmFnZFFEY1g3ZEstVzAxeE56X0E1TG4tbWMzYzNOMmdXZkRMNHZ5bEFZZ0lDdGlKU2lWN2hHYWhtR0pWNUxQTThncXJJc2ZHenpwZWczTkg2ckN2?oc=5,J.P. Morgan,en,Middle East conflict oil,israel_hamas_middle_east_conflict,relevant,5,5,1,0,0
2023-10-13,"Oil prices rise amid US sanctions, Middle East conflict - Proactive financial news",https://news.google.com/rss/articles/CBMiwwFBVV95cUxQR0lSX21wOUhzd2dBSjg3TmRVUU5GYlhtOUgtUXBNeExDZkFjand5M1pQdDhsRE03a2dheVJnVjVpcjBCeGFNRGdXNGlPVm9hTy01cmc3eXhxdmxiU0VDOE5CM0dZalM3dzl1bmo4eV9UaS10dmcwNElhNDNfc0VQdEtibzBILXBHaEQyWUFDejVoSmItOHpqazB3VjQ2ai1oekh6V0s1MHhUNy02OTM3Z2ZHTGdwQmZyWjVvbmRIZGlxdlU?oc=5,Proactive financial news,en,Middle East conflict oil,israel_hamas_middle_east_conflict,relevant,7,9,1,0,0
2023-10-15,How Will Israel-Hamas War Affect the Stock Market? - Moomoo,https://news.google.com/rss/articles/CBMipAFBVV95cUxORGJ1bmdGZl9kOExPaWFGdW5QazIwWGNWZDA1UHpHNzZkcVhUcTdDdnhlakt0LVNaMnQ2NHk0Nm9CYmVsNG9uay1YaVVnVEpZMDZ3Q3JUX3BaUTQyNmR1aU1pYVFOb0hpaVlya3hqbjZBM1JWNFYyZ0hlNVVjM2p1SDUzYXd3X3B6ck1qdW9JYjdUTi1NWlNqZDNjTFRhU2FrZE1BUg?oc=5,Moomoo,en,Israel Hamas oil price,israel_hamas_middle_east_conflict,relevant,3,3,1,0,0
2023-10-15,Global markets watch for fallout as Middle East tensions rise - Reuters,https://news.google.com/rss/articles/CBMiogFBVV95cUxPQmZVTmFWTkhSYklLdm1lNFJoRGdiUnZFZ2RpNWxNdzZIcWl1ZHZxbHp0a1VxUTZvczBuQ0p3a1gtTnhUU0pWNjVHWW9tZkpWMkZuaFhUNzdESWhSak54akl3ZlQtQUtFbFBjcnpYRG5FVjZ0VXhLamduSDFfS2pjTUdLOWF6b2UyTTRqSUk5S1F4NzgzREFKd2g5N3hmdTZ0TVE?oc=5,Reuters,en,Middle East conflict oil,israel_hamas_middle_east_conflict,relevant,5,4,1,0,0
2023-10-16,Iran’s Oil Revenue Helps Finance Hamas. Sanctions Could Raise Oil Prices. - Barron's,https://news.google.com/rss/articles/CBMipgFBVV95cUxONU1HVFdTT2VWWElSRWNTQTZ2d2hvRlJqRTdjUkozSEV0M2RPaXA4d3hNOWFuVnNlNkR5bzlfWjdYTVdVNHFmOHc5Zk5vNHFnRFVNYWJIRVQ5T25DT2ZOVDFRY3hXd0dpU09vdEhFQ2RSNHZJS2VvdllYS3RGMWdGbUptLVhad3UtNkl3WXJnMXppTDBaRHVOY0RUY210UV9qbFBGQlZn?oc=5,Barron's,en,Iran oil price,israel_hamas_middle_east_conflict,relevant,4,4,1,0,0
2023-10-16,Biden sold off nearly half the U.S. oil reserve. Is it ready for a crisis? - Politico,https://news.google.com/rss/articles/CBMifkFVX3lxTFAxRFc5NEo0eDFkWEtscFozUktYT3JVQ3p0YWNoQXlXSlBOTHRnQ0U3TUt2ZkhrMGQyMDNZbDJZRWs2RGJtd2pOS3k2U0k0R3NheW9PMUhRMUxrX3A3REhMUGV6dzFWMHU5dGx4aWZ0XzVpdF96ZV9kRERBVERfZw?oc=5,Politico,en,Iran oil price,israel_hamas_middle_east_conflict,relevant,2,2,1,0,0
2023-10-16,Shell shares hit record high as Israel-Hamas war drives up oil price - The Guardian,https://news.google.com/rss/articles/CBMioAFBVV95cUxQaElYSzFPUmJZQl8zLVgycmIweEIxOW9ZVE1LOWVqa3ltR3hsVGwtY08tMERQelQydzZ4ajg0YW1ORThDODlheU1aOTJvdFVjU3hYZjdMU2JGV2dacWcydmF0VWNEc0J4cUltUGtXd1Exb1lKWFI5QnR0enNEeHdnUXc2Nm5yLXh2U2tkOFVLelZWaV9IVmg3d3hTVjJ5QXJx?oc=5,The Guardian,en,Israel Hamas oil price,israel_hamas_middle_east_conflict,relevant,3,3,1,0,0
2023-10-16,A bigger war in Israel would send oil prices skyrocketing and hurt the economy's chances of avoiding a recession - Business Insider,https://news.google.com/rss/articles/CBMimgFBVV95cUxPREFpSnpKRGYzSjY2aG96WEF1N2RnRHJxZnV0Rzkxa3pEcGR1eUV2TnZ6VnpqanhzSmV0RFBVTTcybjNSRTE0S09ROVVGMTR2T1VrbEVXT0Vka1NfXzJ5VXcyZG56dmtlSEFNSFFfbzFpb2pPZ0pKQ0xwSkVKbkVDaXY2M3l2aEFmYVduT3JHSWlNdzZrc3cyRjRB?oc=5,Business Insider,en,Israel Hamas oil price,israel_hamas_middle_east_conflict,relevant,3,3,1,0,0
2023-10-16,"Here's why gas prices are down, even in pricey California, as Israel-Hamas war escalates - USA Today",https://news.google.com/rss/articles/CBMimwFBVV95cUxPa284ZHlHdlpDYzN0RGFLcDU2VnBDQzlkY3p0OXpZa19Jd1RpSTVTV2NQZnQxaXM2SDFUTGFyaUgzTXRUdHJsck1zcXoweXJFVFQ1U3hXS3hDYnoya0p4Rk1oZFBZdlpmVDhZV21PSGgtY1Q4UE5acUd4N2dvNDN4UlVQdlJENDRPZGgwWHBEMFNQZXJ4cnE1S2J1UQ?oc=5,USA Today,en,Israel Hamas oil price,israel_hamas_middle_east_conflict,relevant,3,3,1,0,0
2023-10-16,SPR 'Would Be Harder to Use' and Only Buffer for Oil Is Middle East Output - markets.businessinsider.com,https://news.google.com/rss/articles/CBMi0gFBVV95cUxOQzd6dGd3UE9OSWJFNTFNd0NCVlpVeDNBLWdrS3hfOGNPTFlIZkxNeHNXcHRFVkZGX1cyWGVGNkwyc054RTFJRVpGMVZUR3lMODU1dzBoM0Q4MU5LeWphRnhfa2dGMXdQeTg5RUl0VWVKbThhcndTX3YwVUpJMVJoTkFHQnV3ZFV1Wk1BUTF4am95X19ieWFqX19qNWo1ZE1OdTR5UXhlbk1NR2p6c0ptVDdyc29hZmczX3JIX1JuakNZc25LNVZqRGc0c1lXQ3VnLUE?oc=5,markets.businessinsider.com,en,Israel Hamas oil price,israel_hamas_middle_east_conflict,relevant,2,2,1,0,0
2023-10-16,Firms fret over oil price fluctuations - Bangkok Post,https://news.google.com/rss/articles/CBMilgFBVV95cUxQUF9XQU16d2hPc252RXJaZmxJVzF0Zmluam1yaElxdnVEdmNBMU5pS0RMZVFDU1VVYUxheVcxVkk4WVpUYlF1UG5SVDdsMEhaOWFNY2ZpUGN6VVltX29mbjJBSVZ1Wmc0WWdsMjdwaURCM3hUM2dWYmtmb3k2UTJCdVRDNmxLMko5RVg5Wm9ZaHRzXzVXV0E?oc=5,Bangkok Post,en,Israel Hamas oil price,israel_hamas_middle_east_conflict,relevant,0,0,0,0,1
2023-10-16,Portfolio Stress Testing Amid Middle East Conflict - FactSet Insight,https://news.google.com/rss/articles/CBMihAFBVV95cUxQbnhCbXVPZ1Z0Y1pYLTRrY0tJbTZvYlJrRXNCOWY0T0FNNTNFM3ZVUTFpMmZyTDREelNmVWtoM1l0VFBVeWNVVkRLN3p6VFhRSHQ3ZzVScTVvN1JoU3lJaXUtZU9oeU1vSHpFWVVKVXUtQVBxRTlSQi1IQkIyVFl4cHNScjXSAZQBQVVfeXFMTk1oNzhCTTlWRUQ0QTF1emdYYlJiZVNNc0taaTU2Z0Z0TmU2dG9iRkpyV1E0WDBDSVk1UHhudHUtSjhLYmdFZWVpMnQxOTcyMzUtazVQYlk1bG5MWXNJOEJUNWZkSnNwZDJkc1JmSDRyMWJibVN4TXltNnhhR0o2cTA1RkozRnltNVJnV0ZYdUl4RzJUUw?oc=5,FactSet Insight,en,Middle East conflict oil,israel_hamas_middle_east_conflict,relevant,5,5,1,0,0
2023-10-16,The 1973 Oil Crisis: Three Crises in One—and the Lessons for Today - CGEP,https://news.google.com/rss/articles/CBMiuAFBVV95cUxNQzdNaXN4OG5xc200U0EydmpDdXBwa01nUFpfZ3BVZlVwVFFWRHN4a1hvVFphYmVtTG01blVPTGd0VDVPRm0wblU3TmVhZnJmLUZIeWVzRGY4c1ZRQVJsQUgweUpwUEV1Wk4xbHNkQWdkcHItWllLWkE2X05zRWJQWHV1RnpJV3FKWG04dEx3cjhNSnIwOHoxcWw1RDBqTEViQUpmOVVCT2ZjQzAwalZzb1hFbUxjTkcz?oc=5,CGEP,en,Middle East conflict oil,israel_hamas_middle_east_conflict,relevant,5,9,1,0,0
2023-10-17,Gas Prices continue to drop despite Israel-Hamas War - AAA,https://news.google.com/rss/articles/CBMiiAFBVV95cUxOX0wzQ0dMREtTb2NicW92dngwZEZ1N1ZkTVpYVjhjZFJPbm9EOEdUODkzTTlvWU5FVXVxNzUtWUpPd0F5THFZSzVzSWctRDRta2IwblBNTUhaYS1RUTdkaVJieXhNdS1Nbk0tNGh1M0ZpY3JGbHBHZU5UMjl6UHV3Wkg3M3VVUlg0?oc=5,AAA,en,Israel Hamas oil price,israel_hamas_middle_east_conflict,relevant,3,0,0,0,1
2023-10-17,"Israel, Hamas, and 30 Million Barrels of Oil - City Journal",https://news.google.com/rss/articles/CBMihgFBVV95cUxNRHRJN0pMZXhLeUw3ekxDUm51ZkVSdVl6SUlsbXZjSW1IbnNpM1ZnQi1LNE9aTkxGTU44alBubEZaYjAzbk5UQ0I0RnR1X0QzVjlXQTNLWEl5alExWV9CdnlGZndfRkpwTjZZMmtYYlFzM0dVNS1yTHdES29yNS12MGxmU2VkQQ?oc=5,City Journal,en,Israel Hamas oil price,israel_hamas_middle_east_conflict,relevant,0,0,0,0,1
2023-10-17,Shell shares hit record high amid Israel-Palestine war driving up oil prices - Offshore Technology,https://news.google.com/rss/articles/CBMiugFBVV95cUxOSld0WE5BV1NyaUxTRzZNRm5PMi1PYS04czQ0Sm04MXBFSm1aX3JrVWs4UkhMck1PMUI5S0FrRlFILXBPNnBoc3BGQU9sdlhrSnJiOEVaNWtOQWdKXzItaVBqQU1yeUg3UW1oWnlHcGtwUF9ZQnktSGRZMjlOaVFKd1pGTl9nLVg3WjM2RlNQdnhsNDVWU2VMQjZrbFVlU0l5ejRsZWt0UFo5UHIyLUxCckdrSWxrcnhUNFE?oc=5,Offshore Technology,en,Israel Hamas oil price,israel_hamas_middle_east_conflict,relevant,3,3,1,0,0
2023-10-17,Oil prices edge higher ahead of Biden Middle East trip - Reuters,https://news.google.com/rss/articles/CBMiqgFBVV95cUxOQWJBZExSVHQxcy03Vl83UmpXUHdJVmNiQ0dGYlloUVM4R0NUeGRFS001VDZEX0NBSlhUWnJNeWpPZm9NdHFEOUhiY0Q2YjVocnVYdlhOZTBtQU1CV0gyYVl6QTVldUt1U290aW9LRks5TktvRHpwQmxCM2hqcndleVlINkNwOGhjRGRWa0NORVJJV1VZX2lNWG10TXI1NkV0WXNBaTFDaW8zUQ?oc=5,Reuters,en,Middle East conflict oil,israel_hamas_middle_east_conflict,relevant,5,7,1,0,0
2023-10-17,Israel-Palestinian conflict tests Japan's oil diplomacy - Reuters,https://news.google.com/rss/articles/CBMinAFBVV95cUxPZWpnOHhvQzVpbXpDTkpkVTE0SVJRcUpEaFlBZ3VGcG42YUJObVdQZGZzbkFhSGY5MHJQSEpMVGJFOE95YW9MU3MxNmVSWmpQTm9IMEhyMVI0ZlhWbUc1cGFhSHEzS3JHbUNmakFlSldZVHdkSUdFX3pQRHc0d0FCT29yd2R4YWxfYWNyM1dobEJ4cGtJZ0JEWVNVT1g?oc=5,Reuters,en,Middle East conflict oil,israel_hamas_middle_east_conflict,relevant,5,5,1,0,0
2023-10-17,Will Iran close straits of Hormuz? Iranians could block crucial route and control 25 per cent of world's oil - GB News,https://news.google.com/rss/articles/CBMilgFBVV95cUxOQkt4VzhBRktJYnpwYWJnUEFuejRjZllsUGxZbHZUT3FCTS1rbUhpbG05ZG1wUXRkd2hQRlBfQlhuYXVJV2Y1Wl93cmd4MWx5ZmhyWXAxTnFmY2pwTWkxeXItLTZYOC1lQk1TWFJZN2hqM05YWUxzejZWNHlMOHVnUDRuaGZWTzF6Y3BSTnlzWEVCbkIwSkE?oc=5,GB News,en,Strait of Hormuz oil,israel_hamas_middle_east_conflict,relevant,5,5,1,0,0
2023-10-18,Opinion | Petrostates usually benefit from war. Let’s make sure Iran and Russia don’t. - The Washington Post,https://news.google.com/rss/articles/CBMie0FVX3lxTE1Ya0lYUDR6OHZaTXpqUFhQMWVzWjRSRzBHUlBHR0pJaGJhZ0loYl9rYTVBQVREb1lhekxmUHBrbWxkSURka21vU0lYeGd5M2JCY2E1RUR5bE95X1hmZUpzVF9WR0dXRlloMFVpUUpUWXdMMlhsN05WblM0aw?oc=5,The Washington Post,en,Iran oil price,israel_hamas_middle_east_conflict,relevant,5,5,1,0,0
2023-10-18,How will the Israel-Hamas war affect oil prices and the global economy? - The Guardian,https://news.google.com/rss/articles/CBMilgFBVV95cUxQaUFPQlhOdFR2bzFHR1YzeEUyVUdESU90ZF9DQm1sa1VZY1J5cHdBZGlxMmVoYXc2aVhXUmRMSnVWWF9Vcjc0cnB2WE5zaWYwNGdIdS1ZczJqM0pJNHUyWnR3ZVZubWE0bVJyOExqMVplcl80Z2szRnNKODlOM2lhSjhvMTdhTm4xTGNLNmt5bnhvS3RNd2c?oc=5,The Guardian,en,Israel Hamas oil price,israel_hamas_middle_east_conflict,relevant,3,3,1,0,0
2023-10-18,"Gas prices are down in Virginia, but the Israel-Hamas war could bring them back up - WSLS",https://news.google.com/rss/articles/CBMiwwFBVV95cUxQTVJUUVF6N01aZXJ4ckJhSWJiVEJkOE45NTlqOENKSXdTUnRJbnd3dFdXd3VPd3hCZnhTQlNlSGR1R0p6N21nOEVsYjZYd3c2OHJ4Yk85WjRsSUdMcklvcDFFbEx4T3U1T3JoQmZhVFgzOTN1Y0ctcjJjMHRiQVE2QmxGaFo3b284U1M2a2pEVVloeGFqQUhFMGhFb2djRDJFZW8zQ2VCT0l2bmJzSG0yUTA1WUN6WUZzYk5UMnYwOFM3VTg?oc=5,WSLS,en,Israel Hamas oil price,israel_hamas_middle_east_conflict,relevant,3,3,1,0,0
2023-10-18,"Israel-Hamas war’s human cost is primary, but geopolitical risk to economy persists - marketplace.org",https://news.google.com/rss/articles/CBMikgFBVV95cUxOcWN6OU8yd0wwanh6eWlqQVR5WFdkeXROSG5naFlEcDItOTgwQk42RmZieU45SFA1cmd1dTVWZGNiZUJzZWpZMkc4Szk2UUFoMHpQSDN4MjhyUS02eE5WSTdBbHdZWkhfUlRVNFh5S1lMQkZaTklXVEhMTkdBN1lWai14bkVmVjhVY3RjalQ5cnZ4QQ?oc=5,marketplace.org,en,Israel Hamas oil price,israel_hamas_middle_east_conflict,relevant,3,3,1,0,0
2023-10-18,"Escalating Middle East conflict could send global inflation soaring, says S&P - The Guardian",https://news.google.com/rss/articles/CBMiwgFBVV95cUxPeERWTWs1WDg1RndJaEdIZFB6NXl0MDZsendOYzhCTE0wZDU0Mlp3eU5NU3VUekFpdE05elJCekRnOVF4QW5WSl82dEdLbld0dWdFQWRTTUx3bVIxMkZXUklqTnBRYmlnLUd3dVp5QjZJWHZZbFB6V1J2RUNTX0QwX1E3MGRBT1lKeUp4aURzTjQ0MXppcVJoXzhqWTE1VUhCT0NxOHFOZWQwOV9TUm5vQzFrSURZS3FxUkdlU1JXUEduZw?oc=5,The Guardian,en,Israel Hamas oil price,israel_hamas_middle_east_conflict,relevant,5,5,1,0,0
2023-10-18,How Israel-Gaza war could impact global markets - Reuters,https://news.google.com/rss/articles/CBMihgFBVV95cUxOclNReDNYbGhmMWV6djF5UzhSM2hZXzFhNnJXV0ZvX2VHUEstRkNDYTJSTXJzVDU4Z2VCZXZwc2g0dmp1cmtkRlE5QzA2a2NIcWVqc05Gem9xUXo5Q2NvejdYYnpzRFAxdnFZRVVlQWRDanVjV2VTTHNCRE9mb0s2alJlMWdMUQ?oc=5,Reuters,en,Middle East conflict oil,israel_hamas_middle_east_conflict,relevant,8,8,1,0,0
2023-10-19,War in the Middle East will keep hydrocarbon prices elevated - Economist Intelligence Unit,https://news.google.com/rss/articles/CBMiiwFBVV95cUxQU2RueEFzRDNZYnpVZUJzTGQ4TVBacHN1dTNDYy1zNXRQVzV1UGxvMWdpQ2ZQazBUT2QwZXJCTUZGX0IzeFZwMlJ2M2k5YVVWZktucE14V3B2NmFSQ3BWdFpjZHB6QXVyZHJqZkVVVEoyeWtfbzcyU2JaTlIzSFFSejVUd1lHeHc2bUpF?oc=5,Economist Intelligence Unit,en,Israel Hamas oil price,israel_hamas_middle_east_conflict,relevant,5,5,1,0,0
2023-10-19,What Spiking Oil Prices Mean for the Climate - Time Magazine,https://news.google.com/rss/articles/CBMigwFBVV95cUxPb2Q0NG53blBKOXJqM2V5YlQ1NG02MWZfcC1vQlo1Tk9lSEV5LWdlSW1oMGhSNzF1X1B1ZlowbTZaMWlLc2tObkFrblEzc1VTb0F3Slp4MHZqZTZuSExSSVRaVjluQnpVS25OTXRiY0FqQXNMZUdMa3lDeklIVlZfX2ZpUQ?oc=5,Time Magazine,en,Israel Hamas oil price,israel_hamas_middle_east_conflict,relevant,0,0,0,0,1
2023-10-20,Why oil prices are rising amid the Israel-Hamas war - The Guardian,https://news.google.com/rss/articles/CBMiggFBVV95cUxNZE1ITlV4UzVLcW9DaEhDNjlRaVdHX1pzclhOTnRGY2ZfWjRacURMRzN3ZnhCeU8yWkhncEhrc01taVhZWTFmLVpJY0t5UzcxZWoyQi13NGc2cDJqX2hwRzdnUmpPZ3V2Y2NqQ1k0UlQxOFhDY3ZWLTNQVXRaT3ZkRnN3?oc=5,The Guardian,en,Israel Hamas oil price,israel_hamas_middle_east_conflict,relevant,3,3,1,0,0
2023-10-20,Oil Jumps Above $90 on Concerns over Escalation in Israel-Hamas War - MacroMicro,https://news.google.com/rss/articles/CBMinAFBVV95cUxOQkEwU0FXajd0ZThIamtFY0NubDJzbnRhcm5qcHBTb2VPQ3Jia3V3UDZ1QVRNZG9ucGtsZm04Y25uSWpIZURwa0cyb1NQU2tKM3JZYXBxYnhwSjFmZWxJLU0zeWRmOXMwX1J0UHZfT2J5bjNQM3oxTnk4OTd1alFOOXFjQXJNLVNEUE1xdFVBRzZ6ZzZndWdpUzBnSGk?oc=5,MacroMicro,en,Israel Hamas oil price,israel_hamas_middle_east_conflict,relevant,3,3,1,0,0
2023-10-20,"Middle East Crisis Could Disrupt Oil Supplies, Raise Prices - VOA - Voice of America English News",https://news.google.com/rss/articles/CBMinwFBVV95cUxQa3NJSmpSeDMyODMxSU1oSTZ3VTVQUmtUNkFmWWJIb2ZQNVdEY1VvMm9vVEdtU0xINHpjMkR4Y3daOFRHVFI2MlQyZl9aUktHbXRfb2plNHR4dTZfT3lFbWh4MmNwUk9weGg5RGVmUklBT21lcEtCdXBWQWtTZlZGVFNHa25BVGd3N2tWaHVYaHdOMXdXRmJKWG5oV0gyV2vSAaIBQVVfeXFMT1MzQ2loRzRSQVZkSzFJenVJLW9Xd3NucnJwNjlwOU1ZSm1vZ2NlLXpTcmQwdkFONmtlWmhfbUw1algzZlloWjhqN01adnB6YUYzVFVZTy1UTUpIMVlMaFRVeTZJZW5yRzBVLTFIa2taRlhYeGJHcUh1MWhDdkktLUd2ZmlCT2pXSkNGSjFNS1pNUjhkdFg5Zmt4NmJOdkRjd05n?oc=5,VOA - Voice of America English News,en,Israel Hamas oil price,israel_hamas_middle_east_conflict,relevant,2,2,1,0,0
2023-10-20,Here’s what the Israel-Hamas war has done to U.S. gasoline and diesel prices - MarketWatch,https://news.google.com/rss/articles/CBMitwFBVV95cUxNNTU3Zi1QZ2Y0ZG9PNkR1dnRiSE13aXhPeFBIQVg3dXU5am1fZDRGem9rYjVVVFRxblZkcVNnU0hNZ3VYR1VjckxVSE1OY2JiSjJ5cVBBbFNqbnozcDdvczZFeC1LSXpKQWtKLWtCOVJab25KUnJlaXU4WDNkeGVpOUVUNU5lWkFvbEMxeWI4WERQeFB0UWFoTnpGVzRZYjdrek1zZ1c4eGlSQWlTb2JtVnJnS3REbXc?oc=5,MarketWatch,en,Israel Hamas oil price,israel_hamas_middle_east_conflict,relevant,3,3,1,0,0
2023-10-20,How the Israel-Hamas war could affect the world economy and worsen global trade tensions - The Conversation,https://news.google.com/rss/articles/CBMiwAFBVV95cUxPTjFZakVySGN5a3pJVDdEb21aQm92a3M3UzVyTHQzeEREa3FrcW5aalVqalhlNmViNnhNQWVkMTd6dWNEMGdSYkxmaEFnbG1QeF8wLU9CQlh5YVFVbWxlNEQ3Y1ExS2owQlpob0cya3BhQ2ZYc0s5ZkNoM29JMDFzZktGTzJlMkdvaW9BaENfc0lBMmpBLXhVREJ2N0FTS2x1OG9VVWx1eTFBb1FxdmNsWDJGYnliWDdhMXNwZHU2Ry0?oc=5,The Conversation,en,Israel Hamas oil price,israel_hamas_middle_east_conflict,relevant,3,3,1,0,0
2023-10-20,"Long lines at gas pump unlikely, but Middle East crisis could disrupt oil supplies, raise prices - AP News",https://news.google.com/rss/articles/CBMingFBVV95cUxQN0VnX2VDcHNLeVQ4ZjdMNExlR3dxMFdSREotaGZURm5vOVUxaFh2YUNQRW04MzlEaXgtUUdmMzVySmRaaU5sYjBRTG9NTXYxMlhLOWhIVldlckxhRnpBa0pxVTlta3BtM1pqbkd4aXNYNnp4cEN3SGRSemNzeE1MRTdVZ0pRNGRDbEJSeDd4bU1JY0NOaGdmRm9yOWtWQQ?oc=5,AP News,en,Middle East conflict oil,israel_hamas_middle_east_conflict,relevant,5,5,1,0,0
2023-10-20,Asia on edge over Iran oil supply should Israel-Gaza war spread to Middle East - South China Morning Post,https://news.google.com/rss/articles/CBMi0wFBVV95cUxQVVZUUGZYSFlDSXBFbHloQ1BId3JrZG4wWUlRbERXYnJPYUFaRU5rSlc2Rk9aS2d2MjhmbFczektOU1dSUG1PV0ZOaVhwN3ZuektJMzBGVldrSUxqaUtIa2ZQa0w2Smk2WUNvYVFWYzhWYTdydFNRZkR3U0lWRlJLQU5EY2ZyajctQXhrWkxLRWdhWmY3U00tT2l1VHJBMXV2TWRZNDFvSUZIZmtDeHdZZHJydzVRdjhTN1Y5aGZmd3VIQXNwQmVRTnZLUjJkcV8yMHpR0gHTAUFVX3lxTFBORGp2dEtiTHFNazhsNnJ1aFpJMmtqUE5qLTBSaVNWOWU4OURKdzdIZE1wV0c5dkx0SmZGMDZfLXlIMUNPNjd6cXM5QzdVX1FaSG9hWm5HVlUyYzlHa3g2WUN2NmcwajRiWnVyMjJTYWpkMlJUWGV6SndSR2VFOG1IWlVQYzB5R2t1dXo5VnJOeDFEeWZEMHlFTFBMODluckFILWplZkprMVNNMmNMQmRlRVNUSW94NHhEVTVGVi10aEg0MjNNdGRSZjhXOWQ1ZmZfSTQ?oc=5,South China Morning Post,en,Middle East conflict oil,israel_hamas_middle_east_conflict,relevant,10,10,1,0,0
2023-10-20,What is the Strait of Hormuz and why is it so important for oil? - Reuters,https://news.google.com/rss/articles/CBMinwFBVV95cUxNdWZ0WkRVTWpPekdqeWFNQU82dXlZOUczZVpSVnhZNk9kWlp5TGd3Y05sWmgyV0hBcENyVFZBdDA1Q2FZU2hWQlVKWERoVGlYeVZlSFlSOUplaEgtR0Rxcmk1RDFpQmJKbDZYSzdHUklqSU1DOWMtbUpLUTFxTURhVXBpYm5QTjJTdkFWS0YtdldzU2k4dV9kdWF6SmRvcU0?oc=5,Reuters,en,Strait of Hormuz oil,israel_hamas_middle_east_conflict,relevant,3,3,1,0,0
2023-10-22,Here's why gasoline prices could sink 9% by year-end despite oil's surge - markets.businessinsider.com,https://news.google.com/rss/articles/CBMiwAFBVV95cUxPUXFLUF9nTWZxRS02bzQ0YS1lX1k2Vm1zX0ZsZ2gyVk16SVVJRHpGQVZMby1BN3VjM2k0TDRHVGl2Q0ZUVHg2X0JVbkhVTTN1TVVGa21fZFVRX25NMXZQLUd3bEV4OUZuaUo4eDZWQlEwcldsOVlLY0pNczBLbnVhdXJfdEF2ZmdINm5jU2JYX3dJdG91ZDZuMTlRMXpaXzZCa1hVdzVmVVk3ckNqZXFacE5JT0tral9xNGFSMzBJamM?oc=5,markets.businessinsider.com,en,Israel Hamas oil price,israel_hamas_middle_east_conflict,relevant,0,3,1,0,0
2023-10-23,Oil drops over 2% as diplomatic moves in Gaza war ease supply concerns - Reuters,https://news.google.com/rss/articles/CBMiqwFBVV95cUxNdVZZUlhVTmdjSEdSUmJGeDF1cHhtck1wWGJPUlpZVDNlZVoxeWY0dzQ0ZEV0U1pMZ2JNTW8xRUxIM2tyeUMtZjU5cDI1WnlnX2FGbE9EdHB5ckFsRy0tX05KOXZuTUp5QkVCX29qckJRNXpOMW43ODFKY3ZpZnFSZzY4cEVXM1BSbTkxSnczWUdKUGJrTW1ySEJtNkM5ZjdyQXFjWTlSaHFrWEE?oc=5,Reuters,en,Israel Hamas oil price,israel_hamas_middle_east_conflict,relevant,3,-3,0,1,0
2023-10-23,How the Israel-Hamas War Imperils Action Against Global Warming (Published 2023) - The New York Times,https://news.google.com/rss/articles/CBMie0FVX3lxTE9tbThTMzFiTHR2Uk9IVWt4TmV1WHNlS0N3NnludGRoblRlYUs2bmdUTnNRaVUxWE9ZUjdIYXN4UEJiM1U2WmRBUjZwaVRTS0p1Z2JrUzgxRzNlQjZ6eUo3QjZRclJ0RXVUdklXcDI5bzdKOUp4QlVXZ2dHYw?oc=5,The New York Times,en,Israel Hamas oil price,israel_hamas_middle_east_conflict,relevant,3,3,1,0,0
2023-10-23,CONFLICT: Threat to Strait of Hormuz infographic - Graphic News,https://news.google.com/rss/articles/CBMihAFBVV95cUxQQTI2NXBmcDRtLXZSZnhqR2N6OWVVUjZlNU9uaENiYVZYblBzdnNtaHgtNGthS192enN0Yi1sUy15RlhlbzNQUkNRdWIwY2tpdVU2X1V2MHJEVTltQm9iRGg5WFBfbVFPNzV3T2Y5WC02ejY1SzFuT3hodExGTWExT2lEODQ?oc=5,Graphic News,en,Strait of Hormuz oil,israel_hamas_middle_east_conflict,relevant,6,6,1,0,0
2023-10-23,Strait of Hormuz: The world’s most important oil artery - Gulf Business,https://news.google.com/rss/articles/CBMijwFBVV95cUxOSFEzdm1BbW9DWVZnVktFbVZFeDB6ZG1vRkxZTnJMeG0ydTNDSWduYWdWTDlCdWFlbVJ1VkF6X2dKTmZrN3JQUWstcEExX3gtQ3I5RHN3NnJCNVpIbmlOZng4UFRZazRZbW50MWM1WktJOEMxWE1kczFjOF9Wd3NvMEdGbG55bDc2YVlHNld0UQ?oc=5,Gulf Business,en,Strait of Hormuz oil,israel_hamas_middle_east_conflict,relevant,3,3,1,0,0
2023-10-24,Revisiting the 1970s? Will the Israel-Hamas war affect the price of oil and gas in the US? - Northeastern Global News,https://news.google.com/rss/articles/CBMihAFBVV95cUxPZGhOckVVY3UwdmFpakNRWkR0a3RRNDlKa0x0emY0dERVZExKbWVqejJaQ3hMNDBmUXFPVlMyNkdrbUN2Yl84V1dqOG5GUkRkZlZMM2NHTVFuX09tLW1vZTRfZWlhQmJqZWplcEU1RlJSbXJ6VWJoNXNDXzBJdVRwQlhPMVY?oc=5,Northeastern Global News,en,Israel Hamas oil price,israel_hamas_middle_east_conflict,relevant,3,3,1,0,0
2023-10-24,Gas Prices Decline even with Volatile Crude Oil Prices - AAA,https://news.google.com/rss/articles/CBMiiwFBVV95cUxNTElLTHZmS2R4UXMwZnB4d0tGa2NjcEhtZGJVOUQwc2xEQ1h1elJoSzlHWHRaMzVhN0Z0V2VIUUMyTVBpUHJsQ0xHZnphVEY3R0RpSDY2YUFzWWFBNE5QT3VQT2J1LWRJRkFnSGF3cFdsVDhTclF2NEFjUjh6VUZTZ1ZHSlYwOEJ3NzVR?oc=5,AAA,en,Israel Hamas oil price,israel_hamas_middle_east_conflict,relevant,0,-3,0,1,0
2023-10-24,Spotlight - Oil and gas update - ABN AMRO,https://news.google.com/rss/articles/CBMigwFBVV95cUxQenBYQ3FQMWwwMmtLdVpxQjJTR3JPX2U2cEMxLTMtQnBsbWdYT1lmc2tIZjhIZ3lqd2ZoM0YtdkNBWGt2UmloUE1EeVVGN0tBMnVESmNHZl9EQW5nZ09hU0RzUE9TUWs0ekFUVUR0T2x0Sm9zWmdkZElqQzRhZmZkVDFQUQ?oc=5,ABN AMRO,en,Middle East conflict oil,israel_hamas_middle_east_conflict,relevant,5,5,1,0,0
2023-10-25,Iran Sells More Oil But Revenue Falls Short - ایران اینترنشنال,https://news.google.com/rss/articles/CBMiUkFVX3lxTE56MGdVbDllaFljLVRzd0NHTm1DaHR6WnZIVTJGYnExVjVFN3N5MldGaXZZWENndldUX2xrVVBCMjZOdm5NYkZSSnAxT1VsOWhyOGc?oc=5,ایران اینترنشنال,en,Iran oil price,israel_hamas_middle_east_conflict,relevant,2,-4,0,1,0
2023-10-25,America would struggle to break Iran’s oil-smuggling complex - The Economist,https://news.google.com/rss/articles/CBMiugFBVV95cUxPaUVGUDhOUUxnS1lqZndMRkFzX0tCb3MtMkI2cDZrS2ZUQTVZWlBKV0xwcjVZR1dpV3Z2eDMwUkk5SE1zMWN4T2p2OGFibUt3YzNxaXM0b0VjR2hhd3ZEa1BCNDY5dmo4X3YxMEw5SFo1aVh0NGVsakdWbkRYWklBSTk1c2d3dGVDNVV4YlVzMDZPTWJxcHdpd3JsNzFtT2dORXp4dFlJMlFzMV8wREFzTFRRVGRDRGFHSHc?oc=5,The Economist,en,Iran oil price,israel_hamas_middle_east_conflict,relevant,2,2,1,0,0
2023-10-25,Economists fear major disruption if the Israel-Hamas conflict is not contained - CNBC,https://news.google.com/rss/articles/CBMiqgFBVV95cUxNb1BfaDdIZWZBbi1nYTN6NGtTVDBiSDFuR1dQajNCN3hCR0d0a21OVXl6SXBFaDB0ZHZCWF9KQjk3WUJtYzBzbjZCbVZNZHVteWZGaEZ6eWJUMzdyZ0Y5cklnUFRwSGdxNmVhTW5jYm5qWkZyWXFpam1nM2hpQW02emNXSmduSlpnZDN2a3F1VEJFNXQ4YWpSMmp5VWVlTUdzb1cwY3RKb0w0UdIBrwFBVV95cUxNZHE4eHN1RUtCTzR1eXRucVozdzhhS0IxdlZBOGEzZXJrOFN6Mm5ERVBLTkV0NjlMY2dBVkVacF9hZHFNTnB4dUw1cDFnZjl5RWVMdlFsVjU5emRhTG1WU1VnWTNqYjVKYjFHa3p2Q0pmdml6enZ2UnVoRjVJZE5kYkcxYmpvdGNGMkFPaGkyV0F5VkFxRmlGZG1FWU1aSnVxZ2ctczN5bVV1Qm53ajU0?oc=5,CNBC,en,Israel Hamas oil price,israel_hamas_middle_east_conflict,relevant,3,3,1,0,0
2023-10-25,"To Prevent a Wider War in the Middle East, Choke Off Iran’s Oil Sales - Yale Insights",https://news.google.com/rss/articles/CBMipwFBVV95cUxQb1NlTlNHdVJ2UkVqN3hteWdYYmxYM2pKUDhoMEVFOG9nSGJacVl2cXZiaUM1Z0J0UGNhd2s5U2tmLWtsakhQTl95dEljR3B2NWhfZHZXLVFvT1pGX1g1QU00QUFiRkZ3OHdnNHd4TWhRdTVZRzJwUnpqNkhLR0RUMWhpMzNIMjExbmxmOTEtQ2wtdUVEbDRDMUtiYm5tXzdwOU4tNFd2NA?oc=5,Yale Insights,en,Middle East conflict oil,israel_hamas_middle_east_conflict,relevant,10,10,1,0,0
2023-10-25,Biden Seeks to Tame Oil Prices if Mideast Conflict Sends Them Soaring (Published 2023) - The New York Times,https://news.google.com/rss/articles/CBMijgFBVV95cUxPQUJ2LW1iVnc5cXN4THJvczJKOG5hX0ktcmtPbk01WWhVcEgzU1VIa081MHA1OVI2a0ExVmlLeW1kNWNWTlFTY3RmR1VPZGdLWTlKRXVFSGlMd3FadXZOREdqa29la2hrZEs0Ny1OdzhyMUtGaHFwX29TMkJpUW16eTZidlBEU1lVQ2ZDRXdR?oc=5,The New York Times,en,Middle East conflict oil,israel_hamas_middle_east_conflict,relevant,5,5,1,0,0
2023-10-26,Middle Eastern conflicts often lead to high oil prices and recessions - Watt-Logic,https://news.google.com/rss/articles/CBMiW0FVX3lxTE5qdVcwTFJOaDcxdUU0TnZaOU50RktieU9xOUxKVjVPTkQ5bG9RMFJHMlZHX3N3bzd5TXZ0NmpyazF3VU9PYURkZVUxeF9qSnVONGNSWUNCM0owTDQ?oc=5,Watt-Logic,en,Israel Hamas oil price,israel_hamas_middle_east_conflict,relevant,5,5,1,0,0
2023-10-26,"What a potentially wider Israel-Hamas war could mean for the US economy, already facing pocket-book stressors - ABC News - Breaking News, Latest News and Videos",https://news.google.com/rss/articles/CBMiogFBVV95cUxOZThnYm5DR0dfZWkzNW9WdVJsR3hqOGZsdHZXVkdwbFJVUmZ5ejZINWx0dlNjN1ZfSzZjS2p5bU8wMFBwZlJDNTBMQWxGQUl3MWpod1BsdVlsaGNpM3dER1VSMWFlTklJc2hlSU9xNU1TWDlHNmhLUWt4cWNxOEE1TEk5WXN5My1oZHE3cm9vMlRReW9yZ292Yk1PYjByNjAtcXfSAacBQVVfeXFMT25NZG55SkV3MFFCdVdwSlVZeEVOY19pOVpfWklybWRGTjJCMFlpQWF4U1B6dlVyNUR6VmZ0bnJzUTNsQ3E4QVQ4X3lhdzNQYU9QcVNNSkRuS3FIWnVyemtmNjdKbC1iaThoc1VlRnNzeXJWalAxXzJMYjl2WFlkTmdLeDBMRE1ZUTRUMXFEQmhGTnE1OUpQX1BVSmdwWDRFVVo0NldXRnM?oc=5,"ABC News - Breaking News, Latest News and Videos",en,Israel Hamas oil price,israel_hamas_middle_east_conflict,relevant,3,3,1,0,0
2023-10-27,Oil prices rise 1% on fears of escalating Middle East conflict - The Economic Times,https://news.google.com/rss/articles/CBMi1wFBVV95cUxPN3Y0X3E0N3A0OEpIUF9jVjlCVkdVYldHRnFWTDUtdWNjMEowUGZ2bDJURDVTbFZwT1BlRE1KTmFzVmMzWVBMaHY5dkEtNk9zcllEM1VTTGtJbjJtOUx6b1pZMjlaNGlQOGY0SmRyWnFJNTBnbHI3UzZDaTkwMnlFR1Y0aHg1a3N3ZEptYlVjMDdubElHM1J6T0FCREE2S2FaLS01aV83VWQwaXROcEkteUZWekVMTmF3OFJCU1VqN2g3U3g0cHlyclRmVVhxdTlacFFrUkJaUdIB3AFBVV95cUxPYWpoaVBFdGJZRkdDczZCelRELS1aeVM3Mjh0UEFHalRFbGFyNEE5V1k1bmlBM3ZJLW1KUlFSamtSQVVSOEhLdzZ5MV9GeEJockVBdVZyaHlKVFBwd2JQQXc5MlNJRERORzE4TG1KSE5fNEh3cUNvZDBXc1NrcmpobzFzUW5FNERXYWh3M0xDZDJXYVppUnZscDVGNXhxd05ubFJCeEIyYnVZazNKQjVpdVBXSk1sQnRXZGhPREVZSkpTc1BwMmdVQ2JTZjJ6NS1TM0VUcFYwUkdEMFR0?oc=5,The Economic Times,en,Middle East conflict oil,israel_hamas_middle_east_conflict,relevant,5,7,1,0,0
2023-10-30,World Bank warns oil price could soar to record $150 a barrel - The Guardian,https://news.google.com/rss/articles/CBMirgFBVV95cUxOTk45OVcxc2xHU0lzWUZmX0hJN3RDaTIzT0loeHd6OE1KeFhVcjVORkQ2RDZQWkc1bjFzRTlLWVVDWk0xTjk0V2syM0hjZDVKcEZZMlJJUEgzZ083RHVNZlpDZ3dULWdLNXhQelVaeWktX0FEaVZGb2h0LWw2c1ZTNTV6WjRiYTBabFphMGF4NURLbk00cUd5MkFkTUxUamRlNXNlMzJ2VXk2WE5qVnc?oc=5,The Guardian,en,Israel Hamas oil price,israel_hamas_middle_east_conflict,relevant,3,3,1,0,0
2023-10-30,Israel Hamas war: How the financial markets see the outcome of the crisis - Euronews.com,https://news.google.com/rss/articles/CBMiuAFBVV95cUxQNm9uWmhXeXlPX1hma01pRFZadGN5RXdrdW5FanZYWU9wRTF3aldUSUhDSjJzQllqRV9BNUNmczRJOHpqRW5yZndNMkdYUzM3eXdHLXRVOXZ6SkRKcVVSZ0h3a3lfbWdqM2d5ZTlnQldzeDNiRkFrYWxLMl9xRU9TR0dDa2N3STNOMGphZVV1c3k0VHhqQnU0eXhMTnhfV2JQZjhaY2phbWF0NkJvOWJNNlY3QXYxZi16?oc=5,Euronews.com,en,Israel Hamas oil price,israel_hamas_middle_east_conflict,relevant,3,3,1,0,0
2023-10-30,World Bank warns oil prices could reach $150 a barrel - BBC,https://news.google.com/rss/articles/CBMiVEFVX3lxTE5tWkJITVdOM2ZrSWVRbHZGTndYSC1PMlV6VzlQYy11ME1KRzJaMDdiZ2h3bU5ISVBnVHpNdTZIYWhZT0t6UWQteGNXTFpGbGtTc0ZoUA?oc=5,BBC,en,Middle East conflict oil,israel_hamas_middle_east_conflict,relevant,8,8,1,0,0
2023-10-31,A Halloween Treat for Drivers as Gas Prices Fall in all 50 States - AAA,https://news.google.com/rss/articles/CBMimgFBVV95cUxPNTl0aEU5YXBrUnB1UUZZVlg3SThkY1ZoZk1QWTRHd0RwaXpOQzZNeWtIRHNfanhhRHdYaUMwenZnWGZCSU9fbHI4Wmd2c2MzN1dOR0xzRXVHeVRramlfdXBLemxYT2VOMXZ6MS0wNTkxNkh2NHNFZlZmNExMdXZNWG9QdDRwblAyTlptSlk2ZFRORXZSQjlsckFR?oc=5,AAA,en,Israel Hamas oil price,israel_hamas_middle_east_conflict,relevant,0,-3,0,1,0
2023-10-31,"World Bank Sees Lower 2024 Oil Price, but Middle East War Could Cause Spike - Offshore Engineer Magazine",https://news.google.com/rss/articles/CBMisgFBVV95cUxQcEFTZEF4N3FFVWtjRmNEVmtzVlhlZTdyb2pxcF8wTGpDX2syRDQyV1pLWEFaSTNNTzF1NTU5dGFRUlE1Z3BGLVVKSThfOVc1OWFMeWZUZEJUUmU4N0piR083X3dyVWRtR3g4UzY3cmlBU3ZIQWFYTGdKWW5RUXQ0cXduTUJmOV9LMmxwaHJIOFJTWm9kbzlqOGxoUzB1enRFSThpUndJNFdOeVZlMXNfZ053?oc=5,Offshore Engineer Magazine,en,Israel Hamas oil price,israel_hamas_middle_east_conflict,relevant,5,3,1,0,0
2023-11-01,Risk of a Wider Middle East War Threatens a ‘Fragile’ World Economy (Published 2023) - The New York Times,https://news.google.com/rss/articles/CBMikAFBVV95cUxNTmRUc2NuNWZLcUh3RlFMZVN4c2hIczFLYllRR3lHbVlsUUVhVEZMQThzOTRZRzJtaUc0ang3OWlHS0l0Y0J3RGptZUh3bUdyVkk0ZFJGeWNSTXZKUmxtTDc3VlZHUnVxTVBTWEpEc2VEX0o5ZmFoMVFNbUYxQXJucmZ5d3djZ1FKN3lWU1JxT00?oc=5,The New York Times,en,Middle East conflict oil,israel_hamas_middle_east_conflict,relevant,8,8,1,0,0
2023-11-02,Strait of Hormuz is in focus as Israel-Hamas war threatens to spread - CNBC,https://news.google.com/rss/articles/CBMiqAFBVV95cUxOd3JKQnhMSVY1ZFVTRUdXVTdRTUJHWmYxS0FqWGVXaHpBSzhnYTRkcjlySFFUb0thcFU1LXZXR05xdUtBcldDVXhSOFlmcEx2Q294YjBzNXFOSEdMR1gzWDVxVzI5SlhlUlc5UGNaY3M1T1hvMTFMelFzc0VsRU12NzF0SnBwbVEyOENUekRmS29wdzdnWFhISEMyY0s0MEFjVWNwZ3ZxSjbSAa4BQVVfeXFMTXhUMC1mSTBhUEQ3YXpZdEhQOVU5MC1zWTVkZmVBeElxbm1pN3BnOHBRbUc2SmtFMEl2ME4ycVpSa3NJd0dOR3l5MHo1N2ZOMXM2bkNfOS13MnpRbjdsQ29RcEtrdUhjOXBfRFlpOG9WQ2ZqZDNvOHRJaFBrQUhpUWVGQnUtWng2bmRTNzlLbnZtY0dkVTUxMmFrc0poVXNjamRvM0RPdzE4UV9mc3RR?oc=5,CNBC,en,Israel Hamas oil price,israel_hamas_middle_east_conflict,relevant,6,6,1,0,0
2023-11-02,What Does OPEC Do and Should We Care? - Cato Institute,https://news.google.com/rss/articles/CBMiakFVX3lxTE1vZ2M1Y2x2Qk5oMHVNQ2FPeGQ0LVU1RnlSUGl2a1ctTXVkRndIampzakxpQ0tEbzhHYWVPOXpjNzdsUlQxRUJKR0dGZEJWcEVBbThya0MyaXJjdUxUMnRFM1NlcHFzb2gzbUE?oc=5,Cato Institute,en,Israel Hamas oil price,israel_hamas_middle_east_conflict,relevant,0,0,0,0,1
2023-11-03,Goldman Sachs says the Israel-Hamas war could have major implications for Europe's economy - CNBC,https://news.google.com/rss/articles/CBMipgFBVV95cUxQcFV3alJtbXQ5RUw4SEhCbHhCR2pLODNFcl9uY3FZUldaQzJRRFFXUHN6YUxBbVRhcjg4Z0kwU19EVUhncVAyVXMyaDdBdTMyMlpKWWZhS3pYWTg4Tm96STFGVnl3VUppV2VrYnlHS1NXcVJENU5xVWNTLUZmMngwZjhjSTVhbzBId0RSaWlSb2RoTXJ5TVNmMGVvdFJGaWpUUFBWUHdn0gGrAUFVX3lxTE03T1hNOEE0bG5DUzlYRmgtZ2tOQW4zVS12MlYxQmRlTUFZRGwtYW5KSWx5LXVnQ2x3ZHRKNmlodFU0V0g1aXpMOXBFMG5ma2FqV2Fac0loMVhSWVllLXJ2cWJpVGd4OHd2MXA1TURvYkUtYVhqR2F1TGktR2JuU2pvNm9ucEFIOWlCRWFOMDc4WjBIdlByelFzN0s4eUJ5eEc4MmZ5Mk9RZFY1UQ?oc=5,CNBC,en,Israel Hamas oil price,israel_hamas_middle_east_conflict,relevant,3,3,1,0,0
2023-11-03,What is Korea’s Energy Exposure to the Conflict in the Middle East? - Korea Economic Institute of America -,https://news.google.com/rss/articles/CBMilwFBVV95cUxNeVY5eFhYSC02U1lCNW5VU3RHdjBzVHJXVUtFc3hQNE9pdnBhVkRmWTE1bmlrM3VGX0ZjdUhEM016RGgwZjNqWHJkRTBlRWpzblFVNWdQWXFGQWpaMEJoUXdmVUxVN3dYcjI0bTJMOTg4NmQ4X2VPVlllbmhON0xqWEV1S0lCTDJoeGItOUdrTDVTVkF0NS1z?oc=5,Korea Economic Institute of America -,en,Middle East conflict oil,israel_hamas_middle_east_conflict,relevant,5,5,1,0,0
2023-11-04,How does international conflict affect oil prices? - Scripps News,https://news.google.com/rss/articles/CBMiiwFBVV95cUxQc2dUOHE0YkVWRUlKM2tZTnphUkZ0VW53TUhlMUFLNlhPcTNVY1EteDFJcUF6QnpKQzRHblFqQmpKTmo2Q3Rtc195WlpQbmJhbnhjdWlLMXRuUlpGY2xRTWNLS2xrT2w0U0RsM05ZamFNdTdSbU1GS3hsYkN2T1BDSXBmZWIxNU1Fdm5F?oc=5,Scripps News,en,Israel Hamas oil price,israel_hamas_middle_east_conflict,relevant,3,3,1,0,0
2023-11-06,Will Israel-Hamas war affect India's economy? - dw.com,https://news.google.com/rss/articles/CBMiggFBVV95cUxNdXN0Q2lIWDF3TVJiT2FvMUdWY0pTMHJDYVhuUkg4Skg4TzdCeG5hcHNrR1dzY2F4NzI0MnpYNmUtX3dRWDZraExfdjY2eTBKM1E2T2J5WFJqUmMwb3Y2X041Y0dabVl3ckQ2Qnd6c3FST2Vwdi1vWHJCblU4aDRBdnF30gGCAUFVX3lxTE4ySlhaR0dYQy1JajhUdzJEakQyT0c5aDdLUG4wbGI3enRMd2NNTGJMVlR5WDhweDB6T245WUZBR3BoRE5hQXJxY2RxZm1YaDRncHI4eHJEeVAyZzBSQU1FbUhWZ2N1M1NnaGdGdmE2czVWWXo5TXdIb2R5TGwzUnkyQVE?oc=5,dw.com,en,Israel Hamas oil price,israel_hamas_middle_east_conflict,relevant,3,3,1,0,0
2023-11-07,Israel-Hamas war: What could it mean for India’s economy? - Frontline Magazine,https://news.google.com/rss/articles/CBMi3AFBVV95cUxPbHdKQ295TmFLZS1NQnc2SWh5b3VSOERpa2VwMWlKVDgtUWpCcVRCREtVeTNFbV8wOE5iSE83eTJFeXQ5WHhmenBYZWRKQjJrTnVwbE4wRDgyU3hEcFdKZ0h3UHBOUVI1bGgyRENQdkw2anhSOXBrN0gyODR1UFh6ZzZNU1pVNG53MjVoVjdEbk03SHVEVEFpeUpZLUlLakVZc1hhbzFNV3p2ZUFDRzVneEhKUU5SaXZlUi1UNXJfZ3FDTnJKN21sajdVQWplNm5KNXRjZmRCVGN2czlK0gHjAUFVX3lxTFBxaWdCRWZHNjF4ZUlYenRqVW42TXRGUjU5UFJRcmRQcmdXXzBYVmg0eE9lWm8wMlZUUlRQN2J0cTF5eVNqUC1lNmpGaHdjYmhncFFFLU1sNThhVXhzUWU5T21tLVZYamhsN1RxWUR4eVNWU0ZPNzhHeEVsWTFJWHI3dFhDY2c5VkFRZnVNNkdMRHlyS2hTT2s1RXYtT0lzZmtVRVFFZzdPRTdKcjRWdDdkdG9nOExKeGU4czVrcnJzdk9kTDhIUW1mREl4YVRub0lkTy1yT2M1Zl9qS3MzaVdNdC1r?oc=5,Frontline Magazine,en,Israel Hamas oil price,israel_hamas_middle_east_conflict,relevant,3,3,1,0,0
2023-11-09,Middle East conflict: Have markets really moved on from fear? - Reuters,https://news.google.com/rss/articles/CBMijAFBVV95cUxPWUVhNTNpdGNqWXJ6R1RFT040MVIyd2ZVRWI1VU8xSjUwUHVhNmJGMm53ZFhJX1J5S2lnbTRzTTBEN3Z6bmk3VHZic05IeDVJLVozd1FqVFU2T1gyemlZUEdvUjNIRC1ZTXl0M0c4dUNtRUN6R18xNW52R0c0ZGROdWZ4ZzNVTEFsV0k3Xw?oc=5,Reuters,en,Middle East conflict oil,israel_hamas_middle_east_conflict,relevant,5,5,1,0,0
2023-11-10,Don’t Be Lulled By Oil’s Recent Drop. Higher Prices Are Coming. - Barron's,https://news.google.com/rss/articles/CBMinAFBVV95cUxNZkF2UFVfczR0aExMVzZFMVZEUXVVVVp4T0FvWDhmUi1LdG9MemNNY2ZCTUVsZDBSaHdtQTd3OVdyZ09jeTd1WHVqcVJvSTZEOFhYb0RKM2FvaWd0RXRFc1UxNmZZUUhBQmZIMEpzdnRHeUlycUZlbS1VaHJRMkk3dks2V0pKYUhRY0dZdkItY1ZHQkR2U0ZCZjVaTXA?oc=5,Barron's,en,Israel Hamas oil price,israel_hamas_middle_east_conflict,relevant,0,-1,0,1,0
2023-11-15,"Here's why gas prices are down, even in Louisville, as Israel-Hamas war escalates - The Courier-Journal",https://news.google.com/rss/articles/CBMiygFBVV95cUxNajZNb29vVWs4S0pNaVpPTjFKX2t5TjRxSk1XTGs0cEdXQi1kVlUtS3JDQVc5eTVRblk2WnVpVjlPd0JZblJsQ0s1dk1Sa0pIa3E2X3RBbnA5ZXlJOUQ1SzFvNGJxZzZKY1RZTnpOOXU4R3hsbi1sNlhEbEY1Q1NYaVk2dnRDZUU3d1dJdmtrRzRqRjVqVjBEb2dJTHdpZDlHeHREMHFUSDZnVTVHSW5OQTFUZ19GeXQ1TkR0NlF1RVBnRVBacDFWOFFn?oc=5,The Courier-Journal,en,Israel Hamas oil price,israel_hamas_middle_east_conflict,relevant,3,3,1,0,0
2023-11-16,The Middle East conflict is threatening to cripple a fragile global economy - Brookings,https://news.google.com/rss/articles/CBMisAFBVV95cUxNVHpIVE5zbGF6Q0V5NGctVkx4MGVIT0V2ZFl3Si13WlQ1amNuQ0doRUtteGhRMWk0NktUamxzYTBlMUtaRmJjVTRIdXVpd1dHQXp5d2t6Vk9zemkxbDlQc2tWbUg4X29jbTktOS1LV0hqMUZobEI3ajBWVTBna3Z6TFdjUmlubzZfTzBJaGliV2ladXNyWGhCYnlMVVI1NlB5dUtKVkxKRFdBQlhsT3RVYQ?oc=5,Brookings,en,Middle East conflict oil,israel_hamas_middle_east_conflict,relevant,5,5,1,0,0
2023-11-19,"Russia, Iran Oil Sanction Talk Returns Amid Weaker Prices - Crude Oil Prices Today | OilPrice.com",https://news.google.com/rss/articles/CBMioAFBVV95cUxPTlBkcVA4MFN4eWJ5aFNRV2JDbzlmOWJKOEVZcldQVnlkUnlxRHhuNmpBZW9oc3NkMlpyVVdZbVVGXzRCSkNsQkpyWFlxNkMyU2tldHI1YVJRUGdKdU5rUWI5NWJLSU9obWdkM2d4NVk4RG5aWEFKVVM2allNdVpYY3EycEE0OHJRdnVwWDhtOF94X2xXdGdMc2R1YTh4bjBU0gGmAUFVX3lxTE8yU1dFR1Q3VkxOVHBKRnpJNEs3ZTRLVVh1QXZVX205eWpaR1FNQi1tdmhQQzNyM1c5WTdYOFcyZm9TZlBLZ0owZFA5UWZ6aU9CbWlkdGVPSUlRdERvay1YbHpIbUdVeExJdkRhVkRqM25ENHJuTjM1dWVNcFc0YnZ0dlc5aDRBd2FRS3NyaEItZlhybHdXelJZLUpzVkpWaHQyN1JLQWc?oc=5,Crude Oil Prices Today | OilPrice.com,en,Iran oil price,israel_hamas_middle_east_conflict,relevant,2,2,1,0,0
2023-11-21,Why calls for oil embargo on Israel are unlikely to go anywhere - Reuters,https://news.google.com/rss/articles/CBMiqAFBVV95cUxNdXpmbGo5S1g4MkJVN2FDWjBnS3V0a0d1dmlBQjlZVXBOYzBlUFg4a2R6WTRoeDlULU8wZ25rdjItYzdWYTNwUlFraS1OUjJDRkpialBLcHg4NDJaTjNVVWdINUtXYUE0YnhsaEFxeWxQemkxb3Y4dmczNmxhekpTTEI4LXRvSU4yNjIzSmxJWV9uZVgwQ0RVQ3hsQVJjZG5EVmFpZ2MzOXM?oc=5,Reuters,en,Middle East conflict oil,israel_hamas_middle_east_conflict,relevant,5,5,1,0,0
2023-11-21,The Strait of Hormuz is the world's most important oil transit chokepoint - U.S. Energy Information Administration (EIA) (.gov),https://news.google.com/rss/articles/CBMiY0FVX3lxTFAwQUo3cUJqanFBdTRBRHZ1YU5BVm1FTUtCVHJXSkIzczAxWHdZNHBSTkRRMkRJRGpHUGJtblJYVnJfNDNyTWVKcnc1S21oTEVIaUVGYTJjOFdZeE0wbWhEMkg3OA?oc=5,U.S. Energy Information Administration (EIA) (.gov),en,Strait of Hormuz oil,israel_hamas_middle_east_conflict,relevant,3,3,1,0,0
2023-11-21,How could Iranian drones potentially threaten European oil? - Euronews.com,https://news.google.com/rss/articles/CBMipgFBVV95cUxQbnZHbnNkUDZlMm9pZW0tOE5YYXR0NkJYcGQ1WjVVaXczUjh5MmpFQnFMb21mRjFKVVI4VmQyNG1zeTQ5VmhPaVlxeG5KaGpINjhtNWlySF9KOFg3WVhuWFpmaGJFTlhqVEdURkZJeHIwMUFOWVplNzlsTm5RTUp3UFFCcDVqcXhkOXlJLW1ESFJSYW1qSzZmLVItdmk4M0F3OXlCODRR?oc=5,Euronews.com,en,Strait of Hormuz oil,israel_hamas_middle_east_conflict,relevant,5,5,1,0,0
2023-11-28,One Step Away From the Biggest Oil Shock in History - internationalman.com,https://news.google.com/rss/articles/CBMilAFBVV95cUxQRklDRjd6cFdJSWZsd2JjVHRDTmI3QjY3NlktQmFRZTdUdXR1bVg1aFB5TWFRNU9nV3dxMjluV1VDT2U4YWtkZDVHd3E2ejdOZC0zUk9oeUJRSUdoRDlWNWdwWElOVGdHR0Y4dm1YTFI5YlZtWmlfR1IydFIwcXlTZXF6VkZqYlFTeG5sMFc4M1lUbmFk?oc=5,internationalman.com,en,Strait of Hormuz oil,israel_hamas_middle_east_conflict,relevant,3,3,1,0,0
2023-11-29,Oil prices are forecast to trade between $70 and $100 a barrel in 2024 - Goldman Sachs,https://news.google.com/rss/articles/CBMitgFBVV95cUxPa2wydWphT0ZPcnJMWk15MFUzZllJdjVwZmhETTlMUjdIVW9xT05SdlBCdVpJLUprRDFJLUl5blkxQ2dTcTZyRmNGemRiZUlNNFNKdGtGRzA3b0RqYmFTUkNNMjR4NXpOSUxwM29oN3c4M2hpb2VsMUFXN0RfbmtqLW44Wm9COUt2MWFvNEotWVVRX1N0bEZ2UUdNQzNZc0QwSTBDOFNTY0hZXzZXQTFBclhGWlZvdw?oc=5,Goldman Sachs,en,Israel Hamas oil price,israel_hamas_middle_east_conflict,relevant,0,0,0,0,1
2023-11-29,‘This Genocide Is About Oil’ - atmos.earth,https://news.google.com/rss/articles/CBMid0FVX3lxTE1NaGdyQnB2VzR5WWo1S2wxRGJNTDVMX3hfRzdvZjQyRlc1dFp2cS10ZFFDbkZjMHV3aXE1Z20yUms0ODBqZ01ScldhZ0UwbGJCVHZWYmVxR3R6UmoxVnE3MURoN3dMX2hTS1dDMzFsaXNUV1RFTUdZ?oc=5,atmos.earth,en,Middle East conflict oil,israel_hamas_middle_east_conflict,relevant,5,5,1,0,0
2023-11-30,OPEC+ oil producers struggle to agree on cuts to production even as prices fall - PBS,https://news.google.com/rss/articles/CBMitgFBVV95cUxOdmxydENBSVZjeTBieWpsOEJ5SzN6WUZwczFJQUpMQ3lUTmt2cVc5STRlT0htVmpkcnBBTGJNWHNvQU05bWVWajhoOWM3ZmhqbGxhdmlxc2MxWVBiZkJMWEpzVmNLaE90b0dNQy0xSDRKNlJ1eWMzdERERURNSVp2aG5odmVoWm9WaS12QzJaMmFuVWhlQk9SZkE3cjFQU0FseXlYNWpyUHlQYnR3Mm52dEdWQzdNUdIBuwFBVV95cUxQYkpsWW1ma25rY3Jpb29lNEJ2SmFiOU90OVEwY1EzZHJwT1N4MzNLT0VWWklZWE1XdTVraTUxS1hXaWpUZktRZkotNGptOHZibjRkRlFFZk16LTAzS0RaRGxuV0wtdUtyTG1kcHc2cHZ0cjNLY0R6SWJwWWd3Zl8xVU03YnJJQ0otSkVLaXRnNy1fNmZxYmRHQXkxTlZXcFA5VjdCejl4aHBwUVdvZWhxZGhUc2xwelFSZmM0?oc=5,PBS,en,Israel Hamas oil price,israel_hamas_middle_east_conflict,relevant,0,-3,0,1,0
2023-11-30,Will Pakistan's Gwadar port resolve China's Malacca dilemma? - ThinkChina,https://news.google.com/rss/articles/CBMilwFBVV95cUxNaDMzX1RzQkZUVDdsM0VsbVpkeklEclM2TXloS0N0MWx6ZFUtQjQyd21uWlhpbktQNHc5RHNiOHVYS3NzM242T3ZHcHJEQUE5V2VkWE1qOXNvWnZkQjdJa0dWY2x3VEdYN0xrOEI5WjlLd3ljbzRFdXdzVnUxU1dBRzA2cndPTHA0NnFaZnhfTWZGa25mV0FJ?oc=5,ThinkChina,en,Strait of Hormuz oil,israel_hamas_middle_east_conflict,relevant,3,3,1,0,0
2023-12-04,Red Sea chokepoints are critical for international oil and natural gas flows - U.S. Energy Information Administration (EIA) (.gov),https://news.google.com/rss/articles/CBMiY0FVX3lxTFBKdVZVYVItNEdxT3RqYzdUcHNvNW5QYzlEN1hCNUFieU5EZVVESUEwN19QVVJwbTEweDRXbGN3LW5lLTJKdE5XaURJMkNUSVIzOW1kSzBLZmRELWZiaFlzOW5Vbw?oc=5,U.S. Energy Information Administration (EIA) (.gov),en,Strait of Hormuz oil,israel_hamas_middle_east_conflict,relevant,3,3,1,0,0
2023-12-10,Why Arab States Aren’t Using Oil as a Weapon Against Israel - Jacobin,https://news.google.com/rss/articles/CBMihgFBVV95cUxNdU42RTItakZWYThQS3pjcldsNzhwRlZORjQ5ck1hVTFxZVJIY3YxTUhxSVo1OHdXeUtTbk9ac0JnOTdxaHZkVEVwUFAtZWhkTHpPc2R1bXRkX0s5NEpuMGFZVGREMDdCQm1TekM5MmJ4aHpZVWFjdFVxcFk0dHVyRmJTTWVMQQ?oc=5,Jacobin,en,Middle East conflict oil,israel_hamas_middle_east_conflict,relevant,5,5,1,0,0
2023-12-12,What does the Israel-Hamas conflict mean for Africa? - ISS Africa,https://news.google.com/rss/articles/CBMiiwFBVV95cUxOczZBWmlCZUhfQ0QxQVN4SEtfLWZfV0h3ZUdNWVpCa1BIMHQ0WVJPRG4ySzdaX2pMLTVoWDRRdTNlYTV5OHJ2NjVFZHRnVnpTZnBlWGdCazNha3E3QXczLTFGSVBXQTk5WExFdElkVmlqeXMxcDh6TG1pdG9SdUJBVWt2Y3M0Z1YzUWJj?oc=5,ISS Africa,en,Israel Hamas oil price,israel_hamas_middle_east_conflict,relevant,3,3,1,0,0
2023-12-14,Strait of Hormuz/oil: Sanguine markets belie growing risk - channel16.dryadglobal.com,https://news.google.com/rss/articles/CBMilAFBVV95cUxPVVFXbTZfY1RuVTRpTjk4YUoxcHV4NW9scnVTTVRDVG1TcUNFQVJoV2pBeGVQRXpXSzNTalhJUVVKNkN4cGgtOHY0ejdjYXFCR3pKSTI0eTFCR0ZsV1lRa1oxRU1SLXFYU3dfVk9VUnppQXBCODVzTjFYYktSelRiVGdHckozUXotNkVnY0E0UnpyRHd10gGkAUFVX3lxTE8tYkNKMV9kYnRhWDlkbjY1TzZwWnhxZU9ueER6NU5Lb09yTk9FWW9DNllvd2NoTGhYQ084SUFTR1BQeEcta2hxdXZ2czF3YXZFa1hWajYzbVl0OFVwOW5wTUZyekp2d3pGVTZiQnNnQmZ2VFJjNVp3ZVdDZnVMSGtJc3ZKVGhxTkwyeldCZGcyNG1mUWE1d0V5TmxTVTJld2M1eG9L?oc=5,channel16.dryadglobal.com,en,Strait of Hormuz oil,israel_hamas_middle_east_conflict,relevant,3,3,1,0,0
2023-12-27,"Russia, Iran Officially Ditch U.S. Dollar for Trade - Crude Oil Prices Today | OilPrice.com",https://news.google.com/rss/articles/CBMipwFBVV95cUxPdzR6dzlHeUk1VVl6bDkyRWpfSVQ3R3dQMm5WYUdvanpqU2lHbmhmaHVsc0lMSGljdk5LakJ4NHo0WG5UcDBiQUxhcS04Wlg4aWVONEtWeXVNN3RGWXVkaUhyYmtsRVNqS0hGOEFiRFRuN1drMkVURFZfakc3VTM2V2VTcUxpOEdhZHdSSGRaek02Y1Vxb2RuZklNR2FfQ0ZtbVNhTS0zNNIBrAFBVV95cUxQeS1HVVdjQmRqNVRhcU1ndk11QkxZNk90cjI2UE5fWGZYN1dZQy1uYmtmeVE2dGFOMzl5Q2xvRGt1WUp6VUh5ZTAwMFlpWjNteVloWE1oeUJzTW1FS0xQdnNXQ1BwejhWR2t4X014MGt0RDBMb2p2YkdmTWwwWHZFWWxNaHlUcmV6N0FKZWI5ZUFxYnZJamRoclo1RURIWnI3TWExeFpjU2VnejUz?oc=5,Crude Oil Prices Today | OilPrice.com,en,Iran oil price,israel_hamas_middle_east_conflict,relevant,2,2,1,0,0
2023-12-28,Iraq Forges Ahead On Greater Integration With China - Crude Oil Prices Today | OilPrice.com,https://news.google.com/rss/articles/CBMimgFBVV95cUxOejZ0cjVGdl9PZTBsNDkwblZIUjZ5bzhwUlVqNEkzUllBZkQtaDdvQTBlT1NTallWSTYzZW5tV2Y0eUhrazdkalM1Y0N4WlRVOGc2SmRhNk16LTJWRi1PU0FXaUQ0YUV1SERoTDNzaDhBYTdKdDY5OEVjamgwVktnRF9xOFB4Y3MtT3RYTEFjbzFMVkhkX2VnQ3Rn0gGfAUFVX3lxTFBmYjd4YXEwcTBsMkhLVVRLWWxBTXMwbllZR0dpd1U1UmRnLXQ0cVlTbU1NS2h2S1hCeWZJYXFTQ2pXc3pDb2R3Vl9NQ01xdlgxYl9PUnloME55Q29kQ3hCTmVfVldTWWZKOTZvaWx5dGFmWVQ4RG14OEl6MjVLQzN2NEFxV0NyeWlkanEzRGtDQjJsa1ZNSzFQUUlKeUJlQQ?oc=5,Crude Oil Prices Today | OilPrice.com,en,Iran oil price,israel_hamas_middle_east_conflict,relevant,2,2,1,0,0
2024-01-02,Oil prices rise after Iran rejects calls to end support for Houthi Red Sea attacks - The Guardian,https://news.google.com/rss/articles/CBMirwFBVV95cUxPbmxTV0pUTlBNdktPOE45eDltSjg0QjF1NnBPYkJnUW1BUU5QbUZPQVdrTlFVdmZSdGpGQ01xUnVlMnJkWUFBS0l2UmJpZlJkN01OS0k1QzVGMmo3QnJnbmNLRHJBZjlyRzJHZ1lVbm5EV3A2QmR3am9UX0xmN2REVHVFcnJ3dldCZUx0NnhNWEgyLXI0OUZIN05GT2hqR1pMMVFuaG1VSHRQYWd0aS1v?oc=5,The Guardian,en,Iran oil price,israel_hamas_middle_east_conflict,relevant,2,4,1,0,0
2024-01-02,Brent crude oil prices averaged $19 per barrel less in 2023 than 2022 - U.S. Energy Information Administration (EIA) (.gov),https://news.google.com/rss/articles/CBMiY0FVX3lxTE9rcTlkeEUtc0ZfamE4bTFhMGdDQ3pPeWZ1bEQ1dFdqS0JtVHRTZUVGbnJqYTQ4czBmTUNaNjU4ZjF1MTZiVGluZG5UMXM4YXpPQ2xZdURBVmlWRlBwYXg0azZHWQ?oc=5,U.S. Energy Information Administration (EIA) (.gov),en,Israel Hamas oil price,israel_hamas_middle_east_conflict,relevant,0,0,0,0,1
2024-01-02,Brent crude oil prices averaged US$19/bbl less in 2023 than 2022 - Hydrocarbon Engineering,https://news.google.com/rss/articles/CBMivAFBVV95cUxNVTctb295UDF6ZWhDdTRESHlHajRPQXdaeFRrY2NBWHg2VnVoMlZWRE1SdEJrdF9zWDZheTM0YjB2OHExMnd4Nnk1ZFI5REtKckJZWUF2elRqMjNxU19lWmt4eFQwZVRmR3NTMC12cWE3UW9aV2xDTlRPN2RIS25KeklWVHRvbmR1b0VKNWQ4cTc4Q01pZzFQdzE3QjhQTUF4QlpBZzItLTJyZkkzMWpHRU5mcHpONkhNX1lRSdIBwgFBVV95cUxNTFFKOE92aFFTLXc1VFFreWxTelRUVUR3WkdpZ29ncllGUW9NeTZDalZma0h6SFVZRGZzTnluUWhnN2QzYURUdWp0WnR0bWtNVWw2WGttUkN6LVBzbHg4cGZ2LURkODdDN3R6ajVGZ0lKa0F5RTNVMkFJTmpyV1dmRkNyZ0NISUZROVRNOHhMdDNkcENmTWZXR1hvVHZ4aU1JWWplZ1ZMaVE2TGh6VW9YaUFQbWN0RUNyQzU2a3JrOVJBUQ?oc=5,Hydrocarbon Engineering,en,Israel Hamas oil price,israel_hamas_middle_east_conflict,relevant,0,0,0,0,1
2024-01-03,Why Oil Prices Will Continue To Lag in 2024 - Crude Oil Prices Today | OilPrice.com,https://news.google.com/rss/articles/CBMijwFBVV95cUxQalBUdml4NXlhVk40NFMwMWhqMy1kNVpWYVdtNno0dnNnbEZ4TV8xbXV4a2UzaUJoVnBpMmtoem9HNzJZMk1yVUxiSFAyUF9mYlg5RF9KU0JmTmhiYkxRMTBoZ2FtRDc3R2pncWRqcTJqc1VZbFVvbEl4UG1pRTVud210LW9aMTBYSkx2MlZVa9IBlAFBVV95cUxNTWpvMXVmWkJnbWIzTWhfWjdqZkZNOF9sU1ozaEV4TWE1ZlRZX0dDTGJPWlkyVzBKd3VIalJQRmNDdEpOaFg4T1BZUzZWUUs0ZUU4QWt3cERfN0twU0x6SG52RFF2NDJFcVdiOF9aclI4alo5Z2VQWWdYSmprQ2w4SFQ2anpZM3lUeUpWS3JFUlNyS215?oc=5,Crude Oil Prices Today | OilPrice.com,en,Iran oil price,israel_hamas_middle_east_conflict,relevant,2,2,1,0,0
2024-01-04,Oil prices rise over $1 on Middle East tensions - Reuters,https://news.google.com/rss/articles/CBMiuAFBVV95cUxPZFItYW5OYklhWjhqUE02VlJPUFlRMWlOelZvUHMtR2l6TkVOWG53bXkxdkhSbHdDS19ZbE9YRXJ1ejVLLVJicGlQNVU3Z1Q4OWNBd1NBZTFxa1hwRXVNY29LNFl1eEN4NkRjbWZXdG5JRkRGcVUwUE45em9Oc2l6a3Qxcm9IQXhqenE0YjJkb25rdUMzaEY2RmQxNFRuQm54M3B6T01STVZhVDJtV0NlY2J1d3pDakF4?oc=5,Reuters,en,Israel Hamas oil price,israel_hamas_middle_east_conflict,relevant,2,4,1,0,0
2024-01-04,Oil prices remain volatile amid uncertainty arising from geopolitical conflict - World Bank Blogs,https://news.google.com/rss/articles/CBMiswFBVV95cUxNUjFDeW5tMHI2bXAzTVJ3dzVRSmhXOXpQVElYdFdqY2M2R1FkcWdOVmtvYnFXS3M2MEpJU19JUE82Ql9KamNtQ19NM1lWTmJYZEJZclV5cHF3U1ZhQWVIelVJZTNzbHh6dmVhZF8xTnM4LU9qUUo3TWRkdUNnRUl4MkFDeU1ZMkt3REV2Sno1a1ROS2JSUkptS1cya1VXRURlcDBCQUJIMzBTQ3l4dVlkTTYzZw?oc=5,World Bank Blogs,en,Middle East conflict oil,israel_hamas_middle_east_conflict,relevant,5,5,1,0,0
2024-01-07,Exclusive: Iran's oil trade with China stalls as Tehran demands higher prices - Reuters,https://news.google.com/rss/articles/CBMitAFBVV95cUxQOW82aVI5bkpVdmQwUkJiUVFPdDFfaEpzb1NkZktjOThHRUJTOC1ReFl2NkpMODBVUDQxUkVPNnhycXhjMmNEbjUwMS1lS21YbThPR2xQejVTNENYSFlrM0RObUNxekZjdzYtSG5xRm5uakJVSDN6cVpVc1d5MHNhMzd3N0FsTE9QcWhPdlJUc0lQU19EUlBpbldOaURBQmZiZzlfNkg4bnZMeXkwbVdUdmY1eTQ?oc=5,Reuters,en,Iran oil price,israel_hamas_middle_east_conflict,relevant,2,4,1,0,0
2024-01-07,Iranian Economy Buoyed By 'Dark Fleet' Oil Shipments To China - Radio Free Europe/Radio Liberty,https://news.google.com/rss/articles/CBMilgFBVV95cUxPOXUxRnVRNDY4cmNHMnNUSzM2WjJMNTUtTy0yVmJ3S2JPTU1JMGl3MGxsMjAwR0l3ZHMxRDVvQXMwYnRicFdQdFdiaUZzMi1OVEZBcDI5N3g1TjBRRW95NWdqYi1uSElkTTItVW1PNTAzcGpZUW1ZTV9zb0Q5QURIT3BXeG0wLVJBRjBfakI1YjF6VHNJdnfSAZgBQVVfeXFMTzdsZ1VQeTVTTzZFcU95eUJXMFBVT05ZNWt5U015TXZwckxPVW5jTkZ6SlExbVBRQW53U0UyTGdzSEF1NzhvcjBSYkd6ZUEzS3dnNVRWMF9ybk5aZ3A0eTZYRmtZOXdvdVU5aFNjV3YtdkctM3VVVDR3MjdlcmYzVl9XWm1nRVIwLWI3UUJBaVpMNUpLV3N1OVE?oc=5,Radio Free Europe/Radio Liberty,en,Iran oil price,israel_hamas_middle_east_conflict,relevant,2,2,1,0,0
2024-01-08,"Iran withholds crude oil supplies to China, demanding higher prices from top client - Middle East Monitor",https://news.google.com/rss/articles/CBMixAFBVV95cUxObE9va2NpSF9LMmRic0N5THFwQlJNYU5WeVlmQUlzZUwzamprLTJXelhZSk0tZ0hzdDBiU1B5bTBnTHMxX25JS2FEZFpyMnAtUGZSUll3blg3Yl9nYXBIazJyb0haOFNSMFdveGczeHI1MDVYVkJFRjB5OGxYZXdEdWJ3ZDB3QTNBcFdpTUtRUGl2NzZZb1BNS3JhZUxrYUpGbFlZNmtvejdYaDVrdVJyTG0ycGtZaGZHa2pNSzdmQ3JVM1ZR0gHKAUFVX3lxTE5XR1BmeEtQeTkySHZSYWFrZkVTR0N6LXcySmNrYUM3VTM5M2N0cHhLT3ExOFRTYXhQWlB6UVVsSEZ0bXA2WnU3N204VVBtSzM0ZU5ZUW1nZVM4MWN6T2NUcGNRYWR0M0xncGpub0pTUjlyazVWenBVbnZPeXpJLWxTZi1rR1dqZ21QUWN3V1lQR056d25KcGpud0ZBMVdnWGVDQW84eS1qcnRRUFFlbU1SRGw2Rk5yb1JsaERadUEyblZiUDBjNUZ6Qmc?oc=5,Middle East Monitor,en,Iran oil price,israel_hamas_middle_east_conflict,relevant,4,6,1,0,0
2024-01-08,"Oil rises 2% as Middle East crisis, inflation fight in focus - CNBC",https://news.google.com/rss/articles/CBMiqwFBVV95cUxPT1otZ0ZENE5SY1VQakhLNFBfWDlBLWh3QmhvUkNyTXhxV0xHZFc3TDRRNEJTRm13R192UFdtbjI1TjRqXzNqSWRodV9YNFo0Q1JMUnJPRmwtVUlDMXROenRIY3JaUC1PT01WVE5ZSTlsTkdFZC01NG94ZEkxMVlJSDhPR2pzeFROYUFtWmJFUERLblo0eXk5eGlWby1LYlIzLW9PTXJGYXFyeWPSAbABQVVfeXFMUHhIY2tVeGM2NnlyUTZ2OVpzbzZ2TWhNMWl3SlFYTnpEa0syRHNFbWdoUmdKTS1ZQ2ZCanVqYXdISk54OGRlWUVyZUl0M3NkcFcxajN3d1lJNHktX0swZW5Bd1NERFZPTzl0eU83Xzd1anVEZ2JjSDZHQm82T3NlTmowQ3NPajV0MXFYNUVPQ192bldxN2NjTDRxOTZUWXFaelM2QVR3S0Jxd2ZxWWlheGE?oc=5,CNBC,en,Middle East conflict oil,israel_hamas_middle_east_conflict,relevant,5,9,1,0,0
2024-01-10,World Energy Markets: Why They Have Barely Responded to Date to the Middle East Conflict - The Jerusalem Strategic Tribune,https://news.google.com/rss/articles/CBMiW0FVX3lxTE8zWU9PbjlxdkRFQXpYLXUwZVpWOWtGdmZaQVh3Y2Y2NExMUTJxX2NJY0dFREk2VUhtS1poUWFQOFJCcUlqVGtBUG4ycWVIVmxFdlQwbEljSUdIeXc?oc=5,The Jerusalem Strategic Tribune,en,Middle East conflict oil,israel_hamas_middle_east_conflict,relevant,5,5,1,0,0
2024-01-11,Iran Seizes U.S. Oil Tanker in Act of Revenge for 1M Barrels Seized in 2023 - Crude Oil Prices Today | OilPrice.com,https://news.google.com/rss/articles/CBMiyAFBVV95cUxQMlRvVzdNTi1IOG1sUVltQ2o2Yk1FWEJWWDdkNWlGNi1vQUVOdmZpdGdoMG5wVVUzWnZVcS0yRGpRTHhuOXAtMUluRkhRcmh5QjFlWFV5RTE5a3dLelM2X3dpNTREeUFmZXE4QmtaTk5jSF85UGNoREYyOW51anVvS2U1Q01XTGxBT2J0dlVWdE5oWGVXWlI4OHV6NmJnYnZuemlPRWNqY3hBeTE1SUtNdG4yNEQ5YlZwNVJDNy14S2Z3UXhMYzJXbNIBzgFBVV95cUxOWXFWYjR1RkkzMHFiVHhuUzF4WFljUGpfdXdINk1rT0lnNGYyQkhOMnUwckVPaHUwQk1Ra2s4VXZBYmJQcGV4Qm9fXzRocUM2OTJBVzg4eHVtdWw3SUU5bER5Yi1WU28yaFUxTHFwZnFQVFJvS09ITXpSN3J2NU1ZNnU3dVFISG8yZ1NFbHYyVTVPaWhFNHpiU3Q0Mm1abGRpSW5PTnFPVGJjaGtGTUxtY2FqN0FUb0lHTXpKSmNSTHBiZHQzT3dhOFI0ZlhKZw?oc=5,Crude Oil Prices Today | OilPrice.com,en,Iran oil price,israel_hamas_middle_east_conflict,relevant,2,2,1,0,0
2024-01-11,Oil Prices Rising After Tanker Seized by Iran in Middle East. - Barron's,https://news.google.com/rss/articles/CBMiigFBVV95cUxPTHowX21LOGxscVZaVkJUTThUME04RmFHUXdGdVpCUEdWRVJNVkJXUHdhNlJtbW56dVdUbHNQa0ROUXhfb284YnlITjVGNWlyUHBhcjhscTNmaGhsbmY5OHNVczdHV0pyRE55NUVaUVZERS15WE1lNW9DSS1yOE1fR2xDR3NFWEp5blE?oc=5,Barron's,en,Iran oil price,israel_hamas_middle_east_conflict,relevant,4,4,1,0,0
2024-01-11,U.S. crude oil tops $75 briefly then fades after strikes against Iran-backed Houthis - CNBC,https://news.google.com/rss/articles/CBMimAFBVV95cUxQdndiSFFyVVZRNzAteFk3VUwtT25RLW51QXNlVVpyTVJ1c2tPbkptRUpELW94Y0UxSWg1aGZjRUxmUV9sVGY1Q1hqRk1VX29WTTV4MGp6OVJHSWV2YkMwQTVjejYyT1U1ODNGam9DaFhWaUhfS1JSdEMtU3dfNUtpT0tUVkswX2t2WXBQSFllUDVUOTNESmhJcdIBngFBVV95cUxPcDBsUmZ5UHE2aW1BOW1sY2QwT3R2WjhUSmkzN0FJaEN5Q3JwbXprMGlkbEhDN0NOU1BqdzVSYlFySjdWb1pPSFNvN29OSGdXOENRZkp0UThIUm8zVHJsVTFGTXhJMlZoV0YyOXZoTFJOSUtDajhqNWpya1BHRmNXeXJvSDVfQTBOd3hmTWptZm10RzBDbXdWU09TQjVyQQ?oc=5,CNBC,en,Iran oil price,israel_hamas_middle_east_conflict,relevant,2,2,1,0,0
2024-01-11,Oil prices rise after Iran seizes tanker - BBC,https://news.google.com/rss/articles/CBMiVEFVX3lxTE14V2dnbWhkN05rcEpLSHdOQURFXzdQOFZlOUlqMjZmQ2xiVk16Zk5tcVFMVTVhd1NqQ3puT0U4U2tIWjJPQjY0Rm45UGdQTnVlcEV3cQ?oc=5,BBC,en,Middle East conflict oil,israel_hamas_middle_east_conflict,relevant,7,9,1,0,0
2024-01-11,Iran Seizes Oil Tanker Linked to U.S. Sanctions Dispute - WSJ,https://news.google.com/rss/articles/CBMipAFBVV95cUxPSVRkSWd1cnJfOXhZenlUWGxqaG13dmwzVm9NSGNVYzdia2FZTDVuTHdpY2Nxc0JrdGV2dzJIWVZGMGxENklYMEpDLTRYbEk5MTVNck00WndwTE41RjJGYW1qSFZ6X3Vra1hMUmxKSVl1NWZycEdCT3hFdXlLWHVSRDdmQzhyMUlBdjV6cm9qQ2J1Vk1VUS04cm5jNWdHMFBXcE9QZw?oc=5,WSJ,en,Middle East conflict oil,israel_hamas_middle_east_conflict,relevant,9,9,1,0,0
2024-01-11,Iran seizes oil tanker in Gulf of Oman that was recently at center of standoff with U.S. - CBS News,https://news.google.com/rss/articles/CBMingFBVV95cUxQVW9BUEVJbERLZk9XSEw4V2c5VDFWQ2xhVmpIZEx6N0RzYnpwZ1dlN3NWN29UMnlxci1pdmlhbzNwMG5ubU5MYVNSakhYVDVxWkF3aHZoQ0F5NEVobFVRWHFoR0lveFY0ZjdKNXBycVgxc3ZoT2dEWE5Ed3FOM3lhTUZDcm5NenJhR2Fhd195a28tLTVoNWxWdUVvaFAwQdIBowFBVV95cUxPRnQ3Yk41dXZLQTRQS09VV0lmVzZpRDNpSzFVZ2xXbDZkejFzSTdhelhjbERNcXZxQndldVlHeF9EQWloVGxESHgwbmhTWnpjR0laTEV1akpfTm4tNUpXZDZ1OVNBNzFhN1hMc1RlVGlBTkx2bDB3Z3pITkVSMDBlTktWamFpTXlEd1AwUkRURzMwNDZCdzRMd2ZndTRNZG1KaF9F?oc=5,CBS News,en,Strait of Hormuz oil,israel_hamas_middle_east_conflict,relevant,5,5,1,0,0
2024-01-11,Iran says its navy seized tanker in Gulf of Oman - dw.com,https://news.google.com/rss/articles/CBMiiAFBVV95cUxPU0FfQUNtZmpsVnpiNkQ0MWNfYkUtemNrSDFQWTZjQXRoUjBvclZ6bC1vT1ZhVzVDWDM0SEQtSDBKbjM2VUFfT29FUF92VUVOU3VsYXgwdDFWRThCTk1ldWJ5bk40Ty1ia1IxdHNUOGxVRlExOG9McEpoQVRqbnZzbU9lSDhpaFY20gGIAUFVX3lxTE05YmZrWHN4M18wY2ZoWFhhU2JOTkRxU2hJYWNkWWdVODhXYzdhcTk2TkxUSFNDLXgtSDQtZnlXMjhRdnlOOGtVUHZOeGNmY2pKZXdMd1c0alhuTlBCYXBRdnNRa0pjbkRZZmxQMHlUdGhwY1l5VzNReGRMNndTWDRuNlZ5QnFkTUk?oc=5,dw.com,en,Strait of Hormuz oil,israel_hamas_middle_east_conflict,relevant,5,5,1,0,0
2024-01-11,The Curious Backstory on Iran’s Latest Tanker Seizure in Gulf of Oman - gCaptain,https://news.google.com/rss/articles/CBMilAFBVV95cUxQUy1RYVBUZUFvM3dXdUZiU3FRb1ZHb3hnczdtTEZGOE1XUWpJeFkzWGtmNFFCSU5uX1FhV2h1aGVySmtTSGFKUms2enQtOU9jaXR2dzFhaUhuaUtEdll1UzRaelNZSGJ4RExtaHpkNDlId2I4c1JQYm9RVE1tTWJQTjYxWFljMmV1SzdKZDR5XzJkU1dp?oc=5,gCaptain,en,Strait of Hormuz oil,israel_hamas_middle_east_conflict,relevant,5,5,1,0,0
2024-01-12,"Oil prices steady despite Middle East tensions, but risks are rising - Al Jazeera",https://news.google.com/rss/articles/CBMisAFBVV95cUxQLU9YUUZ5TkFDQ0lJVUMxdWUwSjczMmhSeXVHeXg0RjZqWGx0YkQ5YkkxWi0tV1JUdzh2VXpSUnVjVjZwNHpsQy1qWmZpMU5Ub0ZZWGlUYjJXQ1BNbmlIeXUyTVVzSnRBRjcwWjQwckdZa1ZiVHNIZzRWR09vcWRUYjNHaGFEal9NdlZibW1NdU41US1QdWhheDZHb0xfd3NKekZ0eEZtLV83NlVMS1phVdIBtgFBVV95cUxQb2VGeS1ucHVlT3VjeUZROFhCTjFyelZDTUVnXzFOWjRSQ3pUREk4MFdVTG1oQkJ4VTJ3T2ZhdnhFUG5VSXhmS1o5aVg2T0E2UmxSMXRINXdPTW1zMWR4ajZ2NURNbmdjY2o3NHNXSmZRWVA3UVFmMW9PMDFINFdQQUxlZUZISGJtaDhxYXA3blp1Z24wd1ZydG5DY0doLUdmWTdGaGc0RnpIb0VoTUFEMURySENZUQ?oc=5,Al Jazeera,en,Middle East conflict oil,israel_hamas_middle_east_conflict,relevant,5,5,1,0,0
2024-01-12,Oil prices hit $80 a barrel as fears grow over Red Sea disruption to trade - The Guardian,https://news.google.com/rss/articles/CBMirgFBVV95cUxNYnhjZjNrZm1CamxlOHpUV1JmaUdQZFlvRG5PcmFxU2JrSFktaUdKZ0ZZdTR5VGplVEpxNmdPRW5lRTB3NHU1VlJPZTdZMXBuby1Bd1dXMkt0ZmF3VGNmUFVqYUR5RTFadWdILUtzYmljSkk3eS01QjhxOFp2RXBzaFIxQ1VheW5MZ1k5Z2JWZEx6d3haZG03UVhzMU9taWRQclhSb1B5ZDMxYXowWmc?oc=5,The Guardian,en,Middle East conflict oil,israel_hamas_middle_east_conflict,relevant,5,5,1,0,0
2024-01-12,Oil Prices Rise Over 2.5% After US-UK Strikes in Yemen - Offshore Engineer Magazine,https://news.google.com/rss/articles/CBMilgFBVV95cUxQVVQ4Z1dHRHpLYUhlSEdWSjV5akhTWVpERkZyUWtxSFc1cFpVZHZ3M0o1LVF2ZG1uSDF1clI1MGtMRHVSUXRMV0t0U3ZtWXJUSUxEejhaTUJfWXktZTg5N3VoTHJjQy1DMTFuMG1rQThrbUJVQ2JiNnpFWnltY05QMUpxSU1Cc0dLOHBvcUU3d3IxOUs4N2c?oc=5,Offshore Engineer Magazine,en,Strait of Hormuz oil,israel_hamas_middle_east_conflict,relevant,3,5,1,0,0
2024-01-14,"Oil prices rebound, as Middle East remains unstable - Korea JoongAng Daily",https://news.google.com/rss/articles/CBMixwFBVV95cUxPcG5iZDFMSVN0a0VXeFpXc3luOS04M19LM1J3NmFPX044TUtKMkVnaGNwSUtKSkJ4QVdEbjhqQWtCallJQW5zcm85OVVXNGFhbjV3TC0yRlh6SlVfSEtVbi1MSDFiQ25MRHdJSzI1WVg5cHhWZFhkSEtaZHBRUzFXSTIzd3VodWZRTENEOE14VnNRanJrNkNhVm5lbG04NmFSMTNCWnhLelB0NGRGRllqNDZ0bW5HVGpuOF9SQVJoR0VwSHJsSllR?oc=5,Korea JoongAng Daily,en,Middle East conflict oil,israel_hamas_middle_east_conflict,relevant,5,5,1,0,0
2024-01-15,Iran Turns to Dirty Heavy Fuel Oil amid Gas Shortage - Crude Oil Prices Today | OilPrice.com,https://news.google.com/rss/articles/CBMirAFBVV95cUxNcEE5ZUFlcnhwZlJYTHJRSzhuTzdkdGFTVmlhWEtDa3dCZU9WakdTR3BBbXllX1k2SG9SRDFnb3ZYT3h5a3U5Tlk0Zy13azFxX1dFaXhEUXJsTHJFXzZHSE42ZlBydUo1QjJMeWdKcmdLaTJ0czh6REdWTmV2SDlyS0w0X1pQclJKUUJIVnR4QnpFZTRtN00tdzZydHZBNEhyN3puTTFaaFcxQlZB0gGyAUFVX3lxTE1RX0l1dVpWUDNGbTgxcGljVGc2VEY2VmtLSnpCbkRLaEFKZ0VZNzBld2ZyT0x1a3FQVWVSUDlpRVlHZTdlUUpqRkFZVjgycGNYajdSelFZUURhZ2E3MXhjdXJualp3anozWm1ybHJkVkpocnBoU3NXVUpmbnVyNzVDNkRCajFhWFdDV2hRdXFNTjJhMUlNXzl0RW1qN0w1cENFcjZtVjVtTHVzcVZBM2Y3T2c?oc=5,Crude Oil Prices Today | OilPrice.com,en,Iran oil price,israel_hamas_middle_east_conflict,relevant,2,5,1,0,0
2024-01-15,Oil edges lower despite Middle East conflict - Reuters,https://news.google.com/rss/articles/CBMiogFBVV95cUxNV1h3V2hlVWJUM0R0MVEweDdoS1U1b3FWVEtjTm9LOHFxUGRITFZMNklkWVBGVFVXNVdURk5XVGRuV092U3RmSk1QSFUwV0RFTnl3NnpnVzhuWmhEWGtXNzhWQTdUVml2NlJhcGkzSllYcXRpdXNWVk1vQ0JCbWtkZWdJbXhUcFczYkNVY2tFYUJkX3AtZlkyV3F4N1gxSDhTVHc?oc=5,Reuters,en,Middle East conflict oil,israel_hamas_middle_east_conflict,relevant,5,3,1,0,0
2024-01-16,"Red Sea risk to oil 'very real,' prices could change rapidly if supply disrupted, Chevron CEO says - CNBC",https://news.google.com/rss/articles/CBMinAFBVV95cUxQbEJZYnBZbnNfclo3NTVXVVN3Sl9zZzhNcWZfQ09veGNjSTFSOVVhbmlJRGZqdVMzUng2UzQybVJJcUxnWGZQUTMxdEdRelpnNnB2QzBxY3VwakZ4aUJtbEd5Y0lCXzRzc3VRZ185Z2JmNWVsaUFOQnBockdEaGVKVXh1VjFfa1Z4UkwtbjJWaTQ1aFpDYnFINWp3bDnSAaIBQVVfeXFMTVp6eXF1UGtTLTZpVV9JRUl4YndldGRNVWp5T1dlMGJjV05fRnl1a3h6dWd0WDFQUWRrQ2o1cVBQaFNVTTlMRWJMaUd6WUNnY2RVaC1yZFBDSy1rM0g5amdRZk5yRnN2RVlnRHZSSjNPMUIxQUdlTGdnaUxoR0xnYXlyRUdkWlFxU0hwUThYNGRmMFE2OE15X0VBNGVZcmlXV0Zn?oc=5,CNBC,en,Middle East conflict oil,israel_hamas_middle_east_conflict,relevant,5,5,1,0,0
2024-01-16,What the Red Sea crisis could mean for commodity markets - ING THINK economic and financial analysis | ING THINK,https://news.google.com/rss/articles/CBMib0FVX3lxTE9vNHJhb09RaThZbjF4OXhZdXJvaWVKUnQ2OURMTnJIbDRsdktsM3E4eEp6eGRseW00MG83a2xvTnBmeDBkNUZLNENCVDItaTBFQnN1SFZGa2I0RGw3d3BRZFl3TG9CVVV1VzN4VjRodw?oc=5,ING THINK economic and financial analysis | ING THINK,en,Strait of Hormuz oil,israel_hamas_middle_east_conflict,relevant,3,3,1,0,0
2024-01-20,Oil supply tightens in Europe over Red Sea disruptions - Al Jazeera,https://news.google.com/rss/articles/CBMimwFBVV95cUxPVUhKRlVBWnBjQ2dubmdqdmJGbzRFNUxkUW5KV3J5bG9QX0lBOTdMQmc2cl9vSm51aUVMYVlHTGUzd1ZkMTM0ZnlSeDdCXzNiT0JZTlkyOTVKaVJjZVJkZ3VuQVRVWVNidlVlZVhqTGJrMGNJclpuSERIZ1FFRDNRLUlpRFp5Yk1pZ2p1RVRCaVJ1cUZPYTFXX21BY9IBoAFBVV95cUxNUWEyTFBQY0EzSXc2WU9CTXFXRVhiUmZ4OGVER2JMREFFQWVXbmdmX29nMlZZWjU3VzVhWVlfTHlGVDh6N3d0WXpjRWs1V2NVeDNCQmgtOFl2MkJHb29SOTc0M3ktOGJRR2ZSZHYtdkRnNkMycGFZNG9KdDFHeWNLTjFKWXdUeDlBUENxTkEyX3VDY2NFSFNET2d2cVRUbmsx?oc=5,Al Jazeera,en,Middle East conflict oil,israel_hamas_middle_east_conflict,relevant,5,5,1,0,0
2024-01-22,The Vicious Loop of Blood and Oil - atmos.earth,https://news.google.com/rss/articles/CBMigAFBVV95cUxQMWxCNkVmX1ZnbEtTX25jbkpOSXFRajZWVV9GWEhTaTQ5SVpBVlVlbU9lVzd0UkpwN1NVc3B0WjhCeU1SeDNTVjJHWVlRbjlHbjVVSjBCN0Y3UDVpVV9JejR0QU1zWlhJaHJnSWxnaHBZbTJkbUZ6Zlo0OWxDOXBLbQ?oc=5,atmos.earth,en,Middle East conflict oil,israel_hamas_middle_east_conflict,relevant,5,5,1,0,0
2024-01-29,Oil prices fall as China property crisis overshadows Middle East violence - NBC Connecticut,https://news.google.com/rss/articles/CBMiiwJBVV95cUxPYVBfbkk1TG0tRlczX2dyTHMzVXpISHJxM2tTY0xDQmMzX3JRUGQxUUkyQVlNRjl0OWVHc3BKWDJPbG54eTdQV1BDb055X2xfLU9iMTF6WjV1aWowOEdhMlZiNjhoX05yMTM5MmNLQnNWYWtHVExYTHVOQVY0bmlYSzZtUUtJY01SRGZWWFZzMVFidEdQXy02c0l0cGhhekJ2QXpHaUd5VWtLRzFZcm1FcUVNYUE4MkFnbUdqYzkwSHJPT0FwQy1YREhSRFQ2TEs3NW8tWlVROEdINUNWRi1fNEZ3bmEzbkhuV01jSWtxYlluVlhodV9QcXhzQThnNDA1YnhXREZxQUI4NjjSAYICQVVfeXFMTXhFZjdwR01PYUM0SWtsOEZRX3lqcjk5R2VaU2cxdGtJZlZ1QmNLdGQwOUpjWWx5czdhRlZEeTlpSmlIRnpOTUZfZUo1eWVIWkdKZTBSVk5FbXFKcnRlOVNwNHAzQTVUZGQyek5tYWRTRlFuMkRGaHJCQjdhWWJOc1FYbTh6SDh4bTAtVF9NQ3dTcFkyV0JYMlAxWkwxY05CbktpNWF1dTNFUXJlOHVieUdBVExNU1RBYnRQamwzV3FLOUJEYk5ORnViUHg3MFVSOFZmajdBMDRSN3B3ME9LbGpEWTY3WGRiQWI2ejNxRGRsSEtvelZtakZET25QYkRjdnNR?oc=5,NBC Connecticut,en,Middle East conflict oil,israel_hamas_middle_east_conflict,relevant,5,2,1,0,0
2024-01-30,Oil prices rising due to escalating tensions in the Middle East - Troy Media,https://news.google.com/rss/articles/CBMimwFBVV95cUxOSzJDRkQwOEp2UmlwUHZPUjVJZkc0a2w0TjZuV0daaE5sOWlYU09WdG9TNGdCT0xfbGtDdTRJTkNrRHVzWWdYQ2lVdFdVYl9qaFBBemg1UGxDVUZjdVQtMkQ0dWNiZlpmdEZzTUJlbG5mTU13YlNHVnJzM2dJQjdOcko4Q3ViYnl5ZFdrM3NLa3dkckdFSGUxREo3RQ?oc=5,Troy Media,en,Middle East conflict oil,israel_hamas_middle_east_conflict,relevant,5,5,1,0,0
2024-01-31,Oil posts first monthly gain since September as Middle East on brink of wider conflict - CNBC,https://news.google.com/rss/articles/CBMia0FVX3lxTE1ZZE8yRkViLWQzbWNhbVhwdWxHMk5yZDRqUTRZRXppRUx2QWFyMldQU05IVkhDbUQzWUNqc193YkVYTi1QWWRteHFMQzhUNlBoVmdPNmRrTzh5a1R0TDZNck5CQU9qQzREOXVB0gFwQVVfeXFMT0VpMjNtXzRpM0pjY0hYYkhwT09YQmxGRUdwMG9TUkFDdGZqLXlqRnJwdGMxX1dNelQ0akFhUVJBMzROTEE0Z3kybEUzY242Tmh5SDdnRzZfQTBwaENTdmR5YUZfd1hVNDlRVnVyQVgtRg?oc=5,CNBC,en,Middle East conflict oil,israel_hamas_middle_east_conflict,relevant,5,5,1,0,0
2024-02-01,Oil prices fall as market monitors Middle East developments - CNBC,https://news.google.com/rss/articles/CBMia0FVX3lxTE81a2dZOWlMLUJ0bjdUVHZBTGd4X1J0bGlVZU96ZU9nUUQ2TjN1Mkc1T1ltMUE5cTA4Y08zWHVjLVNCbC1xUXVsSm1IODVRY1FQWnJvMGpKdlN6dDFTRVM5YThNaDJwMlBadTNJ0gFwQVVfeXFMTzBkRkJ0MEdwUURjWUkzQkhFRGJCTkd6VTlRR1pIYmp0M0xUczBIenl1VUZ1Wm5mNVd4Qml1SFhmWmVId3JyNGlXTklqR09VYW1zVmZTUzFUYlBoV3NfS3M1VUxRMXFkYkczZUNpbjFVNg?oc=5,CNBC,en,Israel Hamas oil price,israel_hamas_middle_east_conflict,relevant,2,-1,0,1,0
2024-02-06,Oil prices rise as U.S. production forecast to flatline this year - CNBC,https://news.google.com/rss/articles/CBMiY0FVX3lxTFBtYUdDdE83c0d2bnVhWUl1T3BBbk1hLVlNVUVMaThYcEdxTzZDU0U0eENfTVdzdTRoYVFxc1AybERzV3MybVBkUEpaYVdIY3ktRVRtekJhMUFMbnpkdmQydUNvVdIBaEFVX3lxTE1HOFZRaXhLT3dUU1ZWb3k1YXh4aVBkbVFSY2hDeVlfTXFyNEdMWGJ2cHpVYV9GOFdoUnIwaG9pLUJMXzNOM0otQ0xBcnJkT0hNYTNGaUh2Rm9RZTNUYkdjQWxHZS1FZUxV?oc=5,CNBC,en,Iran oil price,israel_hamas_middle_east_conflict,relevant,2,4,1,0,0
2024-02-08,Escalating Middle East conflict means North America must bolster global energy security - Atlantic Council,https://news.google.com/rss/articles/CBMi0AFBVV95cUxQdEdTMnJzeUUzS2tyYzVNTlVMWjdfUmJONWNYOU16WkRBRnhOOGJmSk5ZYTZENnVDR3RHYmlySFpFbjJDQ1drRnJ3RXF4TUltR0h0Q19KcGZMOFpUVFgyOGhUMGl0c3N1ZHpFSmJNS3N6S01XNU8tMlFKYXoza0E2RlRNVnY2UzItaHUyOVZLSWo3R1hDalRiNnA3UWNfVkVMa2VRTXhVZWYwRGRaM3g4Yng4NTVlbDNOWmwxQ2ctUjczUHhrNGhFei1TZFBIN3N6?oc=5,Atlantic Council,en,Middle East conflict oil,israel_hamas_middle_east_conflict,relevant,5,5,1,0,0
2024-02-12,What Texas oil companies have at risk as Middle East tensions rise - Houston Chronicle,https://news.google.com/rss/articles/CBMinAFBVV95cUxOeXNPYUxQTVpheHpibExQbk5wUW03NnU3S2NDTG5ZU1MtX3pJZFFULUQ5Q1oyY09kQktNVnB1QS1FbnF5b0ZxYUJ2NTFlOGRicnJya3czQlNSbnk5UnJydlZVekQtcml1Q21oTU9hbTVwWHpKMmhRZlEzTjllOEpGZ3dhRVQtam1GbEphTDFKaUdBOEctWFVFSUE1Sm8?oc=5,Houston Chronicle,en,Middle East conflict oil,israel_hamas_middle_east_conflict,relevant,5,7,1,0,0
2024-02-13,"As U.S. Pauses New LNG Project Permits, Iran Moves Full Ahead On Its Own - Crude Oil Prices Today | OilPrice.com",https://news.google.com/rss/articles/CBMitAFBVV95cUxPVzFjdWxDSHZ0NHo3R3l4M21QYk13TVotNldmMVhkVEg4YTh3WVNzUFhwTnlRQjk0T2Z5YlJaaEp0UGJNeWZNbnhmWFNEaHp2djVTbHBqYW15eXZnZnZUdjVGcjBfRU9uS0duemhSa2xrczUzQjNQTXZUUTFlejBVZktjbW9ORU8zb1E5M2dZNE10eUZ4SVZoN3dfeUpzaExGdFVwTWY4ZkdGRWctMkllRHhpQWPSAboBQVVfeXFMUHllVVZQTE5MRGRETmFtOHI3aWRleUx2cktmY0lVWFlGWDFsLTBZZ1JJZU1ENHNINHNkcFBQUThrbmVOalNiUmQ0YlpWam0zMHlwS0hRYXVnM3V2TEVFRU5ubUVEcWdIM2VoUDI3WWw2Q2hPMU1ZSVREWkdGeG5qdXJOUEkwZTlMOERfS05Nb0czakZBTWowYmJxSmE4NEY0RmRPUjJ3TVpCWjBZLW9PaDR6bGJoYmlCT3ZR?oc=5,Crude Oil Prices Today | OilPrice.com,en,Iran oil price,israel_hamas_middle_east_conflict,relevant,2,2,1,0,0
2024-02-13,"Oil up on geopolitical tension, gains capped by fading Fed rate-cut hopes - Reuters",https://news.google.com/rss/articles/CBMitgFBVV95cUxQbElZYmcweXg1S1kwYjRyZjEwTzduWVJMU3JsZEE4U0MtVm5SQldPNGdsV1doMGx3UFc0c0NCczA5QTZLRmI2UnJfMkZUWHk0SVppblJiSVlHR3hjdjRHWUdOeTB0aHhwaDJwTWx5bFVSQV9pek9tTXRGRTg0SXI1d2tFMnFrLXJQYlprOVJsOVN0dUVhOTA1QzhmLWlBY3VRbjVCWUJ3S0pHZEdVWHdtMHpBVUc0dw?oc=5,Reuters,en,Middle East conflict oil,israel_hamas_middle_east_conflict,relevant,5,5,1,0,0
2024-02-14,Oil prices give up advance as U.S. crude stockpile surges - CNBC,https://news.google.com/rss/articles/CBMia0FVX3lxTE94WTNMWUd3ZDNYUGpTTjc4SnUwWG5LTG1wUzdQaEJHOTNYcnpDZm9uS0NVMjJHSGFNM2x1bjI3aEJ5Q2hyMTJHbHM1M3UxTXYtQ1ppOWpheU5uODd5Rk01WHVCaTl1YjJtZXJR0gFwQVVfeXFMTzdXeC1sR0xMYzdCWmotcDdGQVM0cEt4WEJMUUlaTVRVN1JVLVNQSlZoYjk1NXZxelFvWU9qbVhPNXZtd0toalFKZ3ZpUzd2NWp4bGpueF9SOTBJZkEtaVRjOWFjN05Tc2w1NzFSSnFtQw?oc=5,CNBC,en,Israel Hamas oil price,israel_hamas_middle_east_conflict,relevant,0,3,1,0,0
2024-02-16,Red Sea on edge: Houthi attacks disrupt vital shipping routes - Universidad de Navarra,https://news.google.com/rss/articles/CBMiogFBVV95cUxQUFY2UnFEbDUwZ0hYY084TEhyYWppU2Z3QXI2QnFmcVY1dmdlLUNITFJoX08zZV9BVGtfQVg1TEJDVndISlVzRzlILURJNXJmTlQ1Nl96WXBZLU0yc1M1dVRVamlmWWYzdFBRNjc5VHpGZm53dk43bFExVXdPRWxDZlBlUnk0dlliNG42MThpOUFsQ2FlWTFRT3FpUUVoWGVCSmc?oc=5,Universidad de Navarra,en,Strait of Hormuz oil,israel_hamas_middle_east_conflict,relevant,3,3,1,0,0
2024-02-27,Do geopolitics still influence oil prices? - GIS Reports,https://news.google.com/rss/articles/CBMiYEFVX3lxTE5IbXhydHk2QXVaR2M0NnZBMzFUQWFtaXB5eEJfdGQ4U3B2aDBGdDBiNTdJSUJvMjBqeGNqbmJySGdYUlpiQVNQaWxJcURWWWRfZ2Raclc2WVg2bmhNS05CbQ?oc=5,GIS Reports,en,Israel Hamas oil price,israel_hamas_middle_east_conflict,relevant,0,0,0,0,1
2024-02-29,Ample supply to hold down oil prices as Middle East risks pale: Reuters poll - Reuters,https://news.google.com/rss/articles/CBMipAFBVV95cUxQVDR6aGpGNVFXVzcwSGVTQXNrNFdmNGFiSFFRSm4wTEVKSVliMjNkcFV0Tzk0dXJPTGZXVEYtRnhrNEx2YU1WdWd6MUpWZVo2NWFpZ0h4LW9qbGpQdTFrU3ZEZmpLYUgwM0dLYUowUGZUWDAzdUdycmFRbEF4WmFYU1NGcmx3dE1rcmdDOVhCRzUyU3Vla0QxOU9KOVJOYWFjQlg1eg?oc=5,Reuters,en,Middle East conflict oil,israel_hamas_middle_east_conflict,relevant,5,5,1,0,0
2024-03-08,Iran's Oil Production Rises Despite Sanctions - Crude Oil Prices Today | OilPrice.com,https://news.google.com/rss/articles/CBMilwFBVV95cUxPclRPODFuWEc5S1NxbGZqWGJCSmQzX2dETDVKaEtoTW5OcUlDWWhrQWlZRWZGVGxvOFE2TUdlTjYyU01TaUowUmlZa29SRS1nd1h5WmZWelplRTk4WlBLNllSQktobXhtb2hWaUJycHo5MFlqajFDSHZHOTZFZG1DdHdpMkoxcThySGgxcF9TSk9oQmRaQmRV0gGcAUFVX3lxTE1HUXBuZ1ExWlc1VUdiV201OGFsZ0dxMXc4YllIVHhoT0lyU0NYR3d5YkRMeWgxVFFGYlZwSVhZaEVDNFJsZ3pYaGZ4dE1mcFhMMlhpLUNrZnJLTGZhY0pNdnAyNmplVjJORjg3SkJkS0k0dE5xdG0zNktjdjBZeHNWZUZISTFzVFdtWnZNdzNZMXBydmpwamthU2JGcg?oc=5,Crude Oil Prices Today | OilPrice.com,en,Iran oil price,israel_hamas_middle_east_conflict,relevant,4,8,1,0,0
2024-03-11,Economic implications of further instability in the Middle East - Office for Budget Responsibility,https://news.google.com/rss/articles/CBMiiwFBVV95cUxNdVJja0NYaFVfWEZycWR0SFQ3YWJZYWRUN0E5YklnQThNV0xzYXpBX04tUnBTVXhJaUNJVXIybS1LcHFMaFE0REpOTENYUzNEemZTTnYxQmtscW94bkN3WW5fVnZFTmJiLWoyS0Zsb21HU2QzWEEwSXhtb2pzdFFNeDRkZUJ2MmpwVVk4?oc=5,Office for Budget Responsibility,en,Middle East conflict oil,israel_hamas_middle_east_conflict,relevant,5,5,1,0,0
2024-03-18,Iran Signs $13 Billion Worth of New Oil Contracts - Crude Oil Prices Today | OilPrice.com,https://news.google.com/rss/articles/CBMipwFBVV95cUxNazUtS3ppLVlDakZob2RzajRpeVFJMmhWaGpPSHl5OEZzbFdwZzhfejc1cjFDS0xTdVdYczVXSWl6eXU0Z2hueWFFTjAzeVBmeWF2bHZFdEhZT0hxVlpjZ2xzb1MtdjQ0aVZSUU9IdzhsNnJMWWVwaVFkTTEzSElPZmlzVXpCdk02UU9jemxjLVRBdmpmVk03czNkZTVSX3UxcU03WXZvSdIBrAFBVV95cUxQX2xzOWtpOU5qWXJTa2JwZ0duWm9SdFdLSGJVV0M2Y3VZZ0pSVloydFlVeTdrY203V2MyeXJPdWhLbWg1UGE4ekhJakFzYk1pTjh0TTk4VmpOQ3BkaUJZaklra01YVHlzYUxzUy1zUTBvVjA2cHF0NE15R2FYOVJVdHRlV09UMWhhSFEwNW9TcmdMZFJlV3dnT1VtcUVQY3lIMUluV2lGTm1wS0dk?oc=5,Crude Oil Prices Today | OilPrice.com,en,Iran oil price,israel_hamas_middle_east_conflict,relevant,2,2,1,0,0
2024-03-26,IntelBrief: Iran and the Houthis Issue New Threats to Commercial Shipping - The Soufan Center,https://news.google.com/rss/articles/CBMiY0FVX3lxTE1PMjRTZGxWRVR4cl9pVnRmb1hiYUZMVEFqb3lKU2Q4bzdJc1p0QVJnRGxUYzYtYTZoZXZxX2NYVjBBeVRLLUN4ZzVmMjlJLTdIZncwaHotamUwWVEzZnU1SE5Ocw?oc=5,The Soufan Center,en,Strait of Hormuz oil,israel_hamas_middle_east_conflict,relevant,5,5,1,0,0
2024-03-28,The axis of evasion: Behind China’s oil trade with Iran and Russia - Atlantic Council,https://news.google.com/rss/articles/CBMiuwFBVV95cUxPZGRZbEVOaXhyYjVuYVF2WVF0ZTZpTkRnTUFtY2tJdV9sVm5MdmJHb1JlSDBxZWhEbGNyMTBMQ2VGc21ySjJqRUNOQ2YxM203UGNZeDZkLWlWOS1MUTNiZWJkS3JMQkpDLVhqSG1CYzNmb3h4V2Q0ZWhQNVg2enJUcUo3MlptSnVvMDM0V3JmSTd5b2hPQU15MndTZDFVZnptLV9mcDJ3NnRwOC15ZnpCUzl2aEpJSDJ3MS1V?oc=5,Atlantic Council,en,Iran oil price,israel_hamas_middle_east_conflict,relevant,2,2,1,0,0
2024-04-02,"Oil settles up on supply threats, hits 2024 highs during session - Reuters",https://news.google.com/rss/articles/CBMiwAFBVV95cUxOZ0FpeW51OTd2UlgtTlFUNUg3X2Q2ZUZ0UnhBV292Q3czcHNVODM5TnVEYWxXWkViT3ptYnN6aF9RUm9wbkpWVFQtWE9jRUlFY2lnRlpzSV9fM0tYcWh3R2V6Vm9ZOFF6OFhta3RnbW5KY0J1NklMRTJJV2RZYTB0V3BEYzhyb3dRSHFZS0U1NG5yNjNvZkRsRjF5dDd0eDRQaGhNWEx1MlhwMnl0bVo5VGF1bFZpM3RVSEFBVmVRZlE?oc=5,Reuters,en,Middle East conflict oil,israel_hamas_middle_east_conflict,relevant,5,5,1,0,0
2024-04-04,"OPEC+ gets oil price to its sweet spot, the trick is keeping it there - Reuters",https://news.google.com/rss/articles/CBMiwgFBVV95cUxPNjhWOTVmVTZCaE5zbGFuZXBGU0VaaWNoS0dnRWV4X0lRT2ZfMUtMdmFtcjh1aUh5TWxKSVgtQzVmTmJ3UHhHdTBydC01Ml9EaUo0bzYxTm5RU3Nzc3F4ZlNLWHdmdklEMkNOb3BOanRmVW52NlVjRzRaUlR5dEx3VUhhVDhkR2I5ZTc5c2V1YWpneTBId19kalRWSDdDelBtSkhiYW5ZSGRtcHdTSGVJX18tSDlWYnN1aWpKY0FMSlNTQQ?oc=5,Reuters,en,OPEC oil price,recent_middle_east_oil_risk,relevant,0,0,0,0,1
2024-04-05,Rising Oil Prices Reignite Inflation Fears (Published 2024) - The New York Times,https://news.google.com/rss/articles/CBMihAFBVV95cUxPSjlfaXp1RGhHMC1XMlE2eVNsUGY2OHI2NUFEZUpBeWZ4WU1FbUxrUnFtRkY0WUVKTm8xOGYwdGxtTlhaWjV4S0ZRS3ViLUZGOThwbDV0LUxhM1JRTUtkUTVXYUd2ZkVSR3dvN1Jyc3RQZzY3VlZwZEJUdG5wQkFDNEZPMkk?oc=5,The New York Times,en,Middle East conflict oil,israel_hamas_middle_east_conflict,relevant,5,5,1,0,0
2024-04-09,Mexican Oil Prices Surge Amid Global Tensions - Mexico Business News,https://news.google.com/rss/articles/CBMikgFBVV95cUxOOF82OG9CU0M0ZFl0NlN5a0YwUm9HRlJHMEM4dnBIUlFlMWlfY2FFZm54WFpPTGc5LWlnY0ZZVTAzQ2c2b1l4YUlQUGR0bVktb2ZLRDU4VGtYdV80REZSN0pMbUxhcjB4QW5fNDdiQUxXMHo4VlE5eFluWlRFY04yRFlOMF9uR2dfYWhwQjFvVHlkdw?oc=5,Mexico Business News,en,Israel Hamas oil price,israel_hamas_middle_east_conflict,relevant,0,3,1,0,0
2024-04-09,Why Oil Prices Have Been Rising Recently (Published 2024) - The New York Times,https://news.google.com/rss/articles/CBMicEFVX3lxTE9YX0NZbjFSZEJjMjJLREh0aWlsdnF5d3dXWFFycmtwejBSZm03OElwbWtDa1FlM0xnUUZOUTVZejZBa2pwQmozUzhMZmhmTlZpenpFY1dGamxHamJYN252MDJjZzdrOWFMWElXc3lhRFU?oc=5,The New York Times,en,Middle East conflict oil,israel_hamas_middle_east_conflict,relevant,5,5,1,0,0
2024-04-10,Oil prices rise 1% as traders brace for possible Iran strike against Israel - CNBC,https://news.google.com/rss/articles/CBMia0FVX3lxTE4zdFl0djNzRUJDaEVBQ1RCcEhyLWZVNEJUbnM5eHcwaWhPSnJubEFKVjRLTmNqam9oY05iU1czdnpZSmgwYVdHMzVCUlRoWnFVaXdBQnNNbGFKOGM3V2NOckFCNGU4c2RCNkZB0gFwQVVfeXFMTTdkLTVhTjZmT0RqQTlxVTRDU2NESWN3cUhlR1ZXNm1nc3NKZm5SdnkxTGJ6Ylk0ODUyZ0U5Qy1fS2o5bDZ5VjNDc0FQUDdPdWd6d1ZwSTh6Tnh5VG81aVFkb3RicGVXTXhJQjF4eVoxUA?oc=5,CNBC,en,Iran oil price,israel_hamas_middle_east_conflict,relevant,2,4,1,0,0
2024-04-10,Oil Market Risks Start to Resonate - CSIS | Center for Strategic and International Studies,https://news.google.com/rss/articles/CBMibkFVX3lxTE1mZXFwNV9rTWxfTHljRm42a1lZMFhXSW1RdUhoU1pDbDZaZkR1ZkNsUm1vTWJXWkQ3QWgwbzMwdjRJWUt4WllrdGxkQXJPZG10VDc0R2pJZlA5LTlMZTFvSmhaMDgtdDltX0lVSVpR?oc=5,CSIS | Center for Strategic and International Studies,en,Iran oil price,israel_hamas_middle_east_conflict,relevant,2,2,1,0,0
2024-04-10,Iran Says It Can Close Strait Of Hormuz - Marine News Magazine,https://news.google.com/rss/articles/CBMid0FVX3lxTE1LOWpJNzZsYVExeEFPMEdCRGNMMXd1V2xtNWo0aWp2NnRmZXpIT0pKMEY4a0xsZ2czOC1tOXZMTEd1SVhSOVlhdEo5Q2FTOUI1MVVGSWhUcVpXU0ZtWGxsSmQyVnJMMFF0SzdnVkV2bjVDWTFnRElZ?oc=5,Marine News Magazine,en,Strait of Hormuz oil,israel_hamas_middle_east_conflict,relevant,5,5,1,0,0
2024-04-12,U.S. crude oil gains as Israel reportedly prepares for attack by Iran this weekend - CNBC,https://news.google.com/rss/articles/CBMia0FVX3lxTFBIVklHOUhVOHB3ZzI3X3pCWEtpdVJVdGJJQTNMRWtEdUxKRDZ5a0dBOGVXTUtSd2xQT0FvVVNqYmZkMmxhdllLempOTHd0cXE2Zml0Rlo4LWp2MjlHT24xbVBOR0k5OHU1YURz0gFwQVVfeXFMTWE2Z0U0Sk1renBzeVo3UmJhX1oxMURaYmFNUk9WcGYwRGdxTTRjSG9Zcm10SG5sSlZJOUZTTjA4dXRNcW81SFFDRVM1ZEF2b0NMQkJqMHAwSGRuZU5JQzFuMjB6amdWdEpNZVgteXFLbw?oc=5,CNBC,en,Israel Hamas oil price,israel_hamas_middle_east_conflict,relevant,2,2,1,0,0
2024-04-12,"If Iran attacks Israel, Middle East turmoil could lift oil past $100 a barrel - MarketWatch",https://news.google.com/rss/articles/CBMiugFBVV95cUxQcXZNbHZnaFZLakp6Z0kxMzVvZWhJSXFSS3lDelQxWTRVemIxQkgxRVJGQnBFMThCODVzWm1ZSjVYbXp6QTJHbjNBSVZTRExtQkxVTGVSNHBfUnRjTDBaWEIydTViTEJBSW1SMFZjQWxJbmp5WlNtRTJnN3BPZWRRUjBrWEFiZnJNbEYxdmFyQkxzOFd2QkhwR2ZLTm9IYXlRWF9yMG5penUwUlJfeXdpZG51S0xEMFV5TWc?oc=5,MarketWatch,en,Middle East conflict oil,israel_hamas_middle_east_conflict,relevant,7,7,1,0,0
2024-04-13,What is the conflict in the Strait of Hormuz? Which country controls the area? - Diario AS,https://news.google.com/rss/articles/CBMirgFBVV95cUxPRXN0MVQ5U0oyZXBYVVE0UnYyaEFKQlVaSklQVXNPUm9nQ29sb0pIaGZuSDZQd0tfVjNRN3k4cVh1MENSd2pFVHdiQkRwWFllT3M2RkRGZHREcGNzV1VXbTdlWFlLaTZZcmZ2N1ZHdkJ6Vi11VDI0MzVjUk9OUVhvWEh2NW5HZ3dMTGw0UUNuNlFQUkRaek1lWjg2M1ZMT3NFSU5jbXkzc3NrazNBSlHSAcIBQVVfeXFMTVY0T1lyWUpxRTNCT0ZQREgwNlhTajFhRWJxN1JVNTVoanZPT19peXBmeTZaMllURTdkeWpfTjJna0s1SVN3bkFNRDNqamJxUjVfWFBKWk9LWmFBLVpBSVZKZk9HMkdxczBGX1lld3pPSDlqSDFsdzYzT0RiQ1czaUQ5c1lGN1UxLTVhaTRKVHRyT1lDeHdQUl9sVGd3Ylo2bWxudzlrZVlaNC1WUDhtcFUwUXIxRVRPajczWURWdlB6aXc?oc=5,Diario AS,en,Strait of Hormuz oil,israel_hamas_middle_east_conflict,relevant,6,6,1,0,0
2024-04-13,Iran seizes Israel-linked container ship near Hormuz Strait - Luxembourg Times,https://news.google.com/rss/articles/CBMipgFBVV95cUxOQS1Ja2pNOHU3TFVWRmtyblhQOVRId3dwMWdGNDJ2RkJ6emsyalRIaVdyc1RvV1JUME5ES180VUN3MXRYN2VNZFBYbWd6Y0ZRZEt4VU5MdDQwYWFfSHNTSVZaWU95a2lRRVd0QTlfbk9fVmVodkpaQXAyZk9SSnl1OXdOWjF2Tl9GSndleXM4X1hBLVV4d3JRN2laWk01aDRkNV9MT0lB?oc=5,Luxembourg Times,en,Strait of Hormuz oil,israel_hamas_middle_east_conflict,relevant,5,5,1,0,0
2024-04-14,Oil prices could see 'super spike well above $100' if conflict escalates after Iran's attack on Israel - CNBC,https://news.google.com/rss/articles/CBMipwFBVV95cUxPWEZEZTRPd2QzbWxpeVEwYXdxSGszTzcyMWJsWnZOdV83NEp6S3hKZHo1OHFrMzc1dmVmVklUYnVoOTV1Tl9ManIzQjhwcUNHc2dVRW5nQmFtc3RWVUlBd2ZyZHRsM1NtSTZkbEFLTzREcGk0UjMwaGhjbWg5VkFZTTFCMkt4SHZta3lFR3RPOEt5MktEbUFkR0VRY3RETEVqZ2xFNFpuNNIBrAFBVV95cUxOU1F5Sjlob3Q5MmMyY0JXclBFUWVvNmtGMzRxejl3bTZ5Nnlfd21ra2FNQnZjbW81ei1fdHlxaEc2WVd3dVYybjIzRVhuX1NuSDRHZVNhUWdJZXFjLU1Cc2dFVzNZYUxrNGt3UVJCQm9KWlJSX0JOTElDS0lUbVozc0p1U204ZnRCNU95VWVsOGVLS3NndElFUkM2YmlRWngxRTYwWGJpTS1tWVp1?oc=5,CNBC,en,Iran oil price,israel_hamas_middle_east_conflict,relevant,5,5,1,0,0
2024-04-14,Oil prices fall slightly after Israel fends off large-scale aerial attack by Iran - CNBC,https://news.google.com/rss/articles/CBMi0AFBVV95cUxOaVp4RTlQZTVBVlpCNEs1c0RfNGxuQzFfVmQ4Nkd3c1lYMlhjV0ZicFZJekY5ajJsN2tteHV5M255ZDN2SkR5VDBHUTJBbC0tbVUxRm4yS3VSZHBjaG9Cc01VVGpSVEl3QjZHLTBxcjBfRm1BblF2TF9sN09MdjdyTHhQbVllMGVDWGM2SzFuRDdka0kxZzBaWnpqRWVHQWY2bldxNmc2Ym8xc0d4VmZXT2c3ZHVZenFQV0x3WXlBQTZLckwyc0YtdTF1OWpGY3I40gHWAUFVX3lxTE9WS0hWN3lncFp1dnBieUZmeWNHZWlaa0s2TUZMa00zcDJOZlN0VVJWbWFBazl5SDJDOE40ZV8zZ1NNVHFSSnRlVW9keGlMOEVrdS1qZmY1aVl5bVBjOFZDR3dqZWpUSmVkc1QzWXlVRzVHRjBIY1p6aWlDbjFJTGxkNF9ULW5kcGp3aFBwOVFSTExvQWtENUNXcktUZHpmYmhubm9zRS0wYXNpZkwzLWdPazE1NnBFajNHejV6MmtUV2x1TEpjY3A3NlFzaFFHcnhYdEwzcVE?oc=5,CNBC,en,Iran oil price,israel_hamas_middle_east_conflict,relevant,2,-1,0,1,0
2024-04-14,Iran's Attack on Israel Upsets OPEC+ Search for Goldilocks Price - Bloomberg.com,https://news.google.com/rss/articles/CBMitwFBVV95cUxNaTY3OU5HUVItTndXRkc2b3dXcmhKT0NIRHZZVUxXcy11cE8zVXJqX0N6NlRHV01HcWloQWVxQzROcnVTODFxOTloZ3NlbjVBRk8wMGdzTUtoRmhDVGlrLTd6NDU3WDZlREpsVUhhZi1vUUlDWmhCeFZaTnd1S2pWSmJlNkEwVEdvVkFtbUx4endreTNab3MxaXB2czJtMGdSWktEblNEQWt1d3dkVTltcHlKTUNhZm8?oc=5,Bloomberg.com,en,Iran oil price,israel_hamas_middle_east_conflict,relevant,2,2,1,0,0
2024-04-14,"Iran’s oil price, output surge in March 2024: OPEC - Mehr News Agency",https://news.google.com/rss/articles/CBMijAFBVV95cUxORzM2WlVvWndzWUg0aURqT0RhWkEwTm5uVzhHY2tLVDZUVnZrS2dEYXZoMWgzek1ubHM3ZWVkX21aVlJsMW9ybkcxcy1WSGo3R0RtR1Q5OWdWTmhDN2N4S0plQzhKd1ZGQzFlTThNRzl2UTZnLU9jWmFWYVBBSTNNb1dFTURjNlVWTXgwRw?oc=5,Mehr News Agency,en,Iran oil price,israel_hamas_middle_east_conflict,relevant,2,5,1,0,0
2024-04-15,Oil prices lower after Iran attack on Israel - BBC,https://news.google.com/rss/articles/CBMiVEFVX3lxTE40Q0ZDSWFMMW05bEJjMFQtdW8tMGlzY3VWcFlzSi1iYnhfV2d1ZUppLW5OV0NPcGx6RDFxVWZZc3VIUTFXUnJCSzMtT1c1MWRzajdPSQ?oc=5,BBC,en,Iran oil price,israel_hamas_middle_east_conflict,relevant,2,0,0,0,1
2024-04-15,Gold Price $80 Below Pre-Iran Attack Peak as Crude Oil Falls - BullionVault,https://news.google.com/rss/articles/CBMiqAFBVV95cUxNNHFoZDRJVnVkVk9MUVc0RklHWlV6MUdRdjNjMllyZGk3ZDFMc0xqMkkxajhHeW1rSkF4eDZnMHBnRnlYclozdGZYdFVfbmd0MDBNT2xIdWJuM3czRjFZc3BqeXVhSl93SWZjako3ai1wNmM3UUphbjAzWFAtR2huX0NySHJEM0QzV0F6RXhMelAxUEJQTnlrbW1tc3RFMU1aYzlaV3JpcWw?oc=5,BullionVault,en,Iran oil price,israel_hamas_middle_east_conflict,relevant,2,-4,0,1,0
2024-04-15,Michigan gas prices set 2024 high; prices could spike more after Iran's weekend attack - FOX 2 Detroit,https://news.google.com/rss/articles/CBMiuAFBVV95cUxPVW1Qb08zcW5RX3JDUDF6dE9ldS1hMHBJTFo3X0pLeEhvZ3RQNEREWXcydnU0QkM1cTB2TWRqbFF1STRiWFpnajZkNTFDZlpZUHRUbjlyUDJESGYyMC1CZ3Z5eEVKVVlTZzdmQUNiNmNsUlFyblN3bFFQUDBYUFB3VXN3NWtuVFdld0NoWVZtX1ozeDI5OFd0YU5HdUNlY3RCNjRDcXdfSnVXUzJPMjNPMTN6UGxlY0ot0gG-AUFVX3lxTE5idVR5cVBIaXdfWm95VFliZ3RWLXBZTWpqZm5SYVRZeUZnWFhmeC1jWWgwR0VNS0dUZ3NmeUpTYm84d0JDeldoTWFHMXQ2eEx1NG5OOGdxZ1QyUGk1N2dIRUxEUE4xM3p1aFkyTVJEUVNkM3Q4U2NONE95alFhSzgtNTVySE81UUUwNm5ONG9OR2RmWmFqM3pIekptZkNYSHVYU0NLR3JyaWgtRkxRSmNTRC0wbUQ0clQ4LTNtbGc?oc=5,FOX 2 Detroit,en,Iran oil price,israel_hamas_middle_east_conflict,relevant,2,2,1,0,0
2024-04-15,"Oil Price Falls After Iran’s Strike on Israel, But Supply Risks Remain Elevated - WSJ",https://news.google.com/rss/articles/CBMiugFBVV95cUxOTUs4M0V4TE1ja0ZHV1FRaTE2ajRaZnNWMkhNbVVrb3hKajZMLW05cV9jSkFELXZySGdGZ3JwXzFZbkJYN0ljeTRvOGpBLW1DXzIxUThiNlA3cTcxUG9CTl93V2x4UDQwcVNSR05FcVE0Ym84dXgzU3ZocEI2OXU4U3R3dTVaWXFuRGJYSk5mazlZZ3gwSWdrYTVOQkhTYnh2d2dDX0tQOW8xekZMWmR1WnpUN2kyNkNLWHc?oc=5,WSJ,en,Iran oil price,israel_hamas_middle_east_conflict,relevant,2,-4,0,1,0
2024-04-15,Iran's Response To Israel's Strike Was Pure Political Theater - Crude Oil Prices Today | OilPrice.com,https://news.google.com/rss/articles/CBMirgFBVV95cUxNN0lVVkNjSTZJTFZMeU1fYVdySy1JX0lzN3VmUGp5RktROEN3clJRUGRPSEhTX2RTNDkxamZJOUhtdXNDcGV0TlkzRWJxbWJlUnB5YU1VYlRoTmg0N1BBSjZWUFl2UVk0VE53cENFN3JjQ2R6YUJDRjJodFNwX2xMbHhyZkVnVUVEWm53Z1I5cEFPZ24xcjFidHlGeW1mTjNubXByVzRDeVZXR1UwOGfSAbMBQVVfeXFMTVFWOUhrcmxYTmV2MmxhYk1lZ1ByR3IzMVBTamViMFpCZTNOaGMycjczQ0VNcXlVQmxXU2RIOWhDbllKWDBpaE5jcnJ6N1JfdDFIcEp6dDdFdlNEUERHOTJMY29ZbGFDQXc3WTI4U2lDM0hlckhpVHVrOFRFYi03akZXdS1ldG5XNjNrSUlOQWlRZFJMTndLdDRXZlFXQVJPVURrZWVMRFRQTGVRb3RFNlAzMWs?oc=5,Crude Oil Prices Today | OilPrice.com,en,Iran oil price,israel_hamas_middle_east_conflict,relevant,2,2,1,0,0
2024-04-15,These 10 oil stocks are the most — and least — sensitive to price swings amid Iran-Israel tensions - CNBC,https://news.google.com/rss/articles/CBMiqAFBVV95cUxPMnNoSjF0SUNsV0MwSHNtN3MzZnk1bTViMUhXSkYzMGhSNEI2Wko4QmFPTV9HanVMRzVlY19fVllROHNKbWlXZklQejh3YUp4dUltRzkwSWRaRmZWOVBaUFM4ZkRGRFc4dTZ0Ylo0R3EyQ2wzaEpwdTlxUmRSMkJoSUpKSlAzeURKbmNjRkFBcXVYbFo5ZlJtYXY0MEVvOW5pQ3B6YzVKakk?oc=5,CNBC,en,Iran oil price,israel_hamas_middle_east_conflict,relevant,2,2,1,0,0
2024-04-15,What’s Next for Crude Oil? Analysts Weigh In After Iran’s Attack - Bloomberg.com,https://news.google.com/rss/articles/CBMitAFBVV95cUxPellScWdGQlFEUTI0ZjFQblpjQ29JOHFqUV82WXJfMEswS1VCa0hnbGNuSUFiRkpwaDBlME1aU25Wa1dsbDZNdFotU0xEV1hEd0NMNFhvNHdjb0tacm0wclFuZEYtanUyZkloYjJOSnZIS3NSVXl6YW9XMGRKUFY3REdYS3plMXpmUi1lRW84aUZLOVF0SThpRGYtT0VfbjVHNDVGZGhMVEs1d3VNOXZqVU9yXzg?oc=5,Bloomberg.com,en,Iran oil price,israel_hamas_middle_east_conflict,relevant,2,2,1,0,0
2024-04-15,How could Iran's attack on Israel affect gas prices? What you should know - USA Today,https://news.google.com/rss/articles/CBMilAFBVV95cUxPa3dXb042YXA5RWUyMGhUaVNVWXJ0Z29faTRjWjN3TkpVbXo0V3g3QVhLdllDMGtWLUFHT1c0ZGxnbGNEOVh1aHBCSC1wdGMzdExWVktpVUNHU1dLSzMzT2RpclU3dG5FamJFNGVjWUtaSlEzOGNRN0Y5SlZNdjd2NnNkTm1iVDZyRzlYRTc2Si1ZZkpU?oc=5,USA Today,en,Iran oil price,israel_hamas_middle_east_conflict,relevant,2,2,1,0,0
2024-04-15,Iran's Attack on Israel Sparks Global Concerns of Escalation - Crude Oil Prices Today | OilPrice.com,https://news.google.com/rss/articles/CBMisAFBVV95cUxNektqMUhwX0pQZTlhQUV1cVBzV0x5VlJoelVMbXBSODJ5OFNLTGc4UldmSWxvdlBuY0QxSVNHcHh3dUs3N2VTRWp5QTg5dW9ickhnUFUtSk04SEdvWEhWekdHN3ZKSTRZM2JyRzR5OGlTOWJXWjA4WjlWR2doWXFaOGZYbXdtTE1KZnlqNTlfN28yS2JjUzM5aldYUmFSTE0tY0lENkZkVWgtd21XaTdpdNIBtgFBVV95cUxOTzJWUXFQNTN0NTNrUDVueGVCVDJzd2xISnpPdGlHWTJwajY0Rk5rTGF6eHA0ZzFmNlFtWVFscXpFcUxYcTZSaFktclY3M2w5dFZnM0pWNk44R2lKcFdBcW1UWFJpLWRmQU15Skx3TEpWczNPOUdkY25WYlk5TjBHbWxCUGliN2NrQkNUV3FMRklKWlRCZlZmdlBpSG5TV3RxZ2VFcVN4UVBxNlJNX0Q1Q01jM0l1QQ?oc=5,Crude Oil Prices Today | OilPrice.com,en,Iran oil price,israel_hamas_middle_east_conflict,relevant,2,2,1,0,0
2024-04-15,Iran's attack on Israel has muted impact on oil markets - dw.com,https://news.google.com/rss/articles/CBMikAFBVV95cUxNOFM1X2pRUkxaT1dXdlREN1RoZU5Yb0p6b0xPZENsdy1TSkN5WGhhVkxDRzBpWl9FeG1CamtFTUF3UkZvd0ZOT19xYTEyRUdUT29MMER5RUMyVXFkTEZxTGszakdCMTNLcmVxcWJFSm5mNWlGRU1HWjdMbVlDNTVSbnVCTnd2U1UyVy1XX21RT0_SAZABQVVfeXFMTVBkWWtBY0hLUGlEX1J5N1kwYkZROHYzR1d1ZDJlYkRpRmZwczRNbUhUQlhhbVhhMXNQWk1ITUVKNEh1VTNsbXBZSGllZnFtbHJTQk9kQURpOTNvdHBHMUt2Qk92SUxkZFlDaTJXMUR1cHBvSU1QYzQyT1lIdzRiRVVSVzE0UWNodG1QTzB2OUVW?oc=5,dw.com,en,Iran oil price,israel_hamas_middle_east_conflict,relevant,2,2,1,0,0
2024-04-15,How the Israel-Iran conflict could send oil prices higher - CNN,https://news.google.com/rss/articles/CBMieEFVX3lxTE5nM0VUV2FDNHVSbjVGdUZZcjJUYjZWbXBWZVM2LXNoS2FrX01BTnI3U3FEampqQnctUHBsTnBCR1hjbnQ1VmNBNVM2RnJsaHctY1B1OFZ3ZGJ6dHZLX0ZpM0EtbHgtcUMydUlhNEQyLXE0aWVuTEZmTg?oc=5,CNN,en,Middle East conflict oil,israel_hamas_middle_east_conflict,relevant,7,9,1,0,0
2024-04-15,"Oil prices slip after Iran attack, US economic data - Reuters",https://news.google.com/rss/articles/CBMivAFBVV95cUxQZE4xamZJZEkybEo5eUVzc25uVG5odE4ySlZORGRHZFh5RFZVLVpkWWVYR2I3WW5VeGVLNzhPTzdTcWJnRDFlYy1ITXZkdXlIOGtIZ2lDYWNiRUVBekV3R1liYkZTa3FRZV9MZUlyWVdZSnBpVTJRb2doNmg5Q2hEcWVyMnF0TFR2X1VzMkg0QkJrSU9rOXA2d1h6cWRnVGc1X3p5ekZaamdhd3pZT01wZVlnS2RXRHctd1lUSw?oc=5,Reuters,en,Middle East conflict oil,israel_hamas_middle_east_conflict,relevant,7,7,1,0,0
2024-04-15,What next for oil prices after Iran’s attack on Israel? - The Guardian,https://news.google.com/rss/articles/CBMimAFBVV95cUxNSHZNLTNtWkhmSHdZWFV4dk9LTElKZVItSjIwT3dBMktxb2w2M2c3UnU3Q0JxNjZnQzA4RXYxR1FHbERuanlwWVhYV2FKQzNrT2ktXzVRMWU1Nmx3RENlYkpIVXJDRDdzSmxuMGRvTWprTFhoUENNUnl3VUwxUm5DeThVQmxuR1E1UENUcnhpTGtmSDJpdUtrag?oc=5,The Guardian,en,Middle East conflict oil,israel_hamas_middle_east_conflict,relevant,7,7,1,0,0
2024-04-15,Strait Of Hormuz: Why Disruption Of Key Trade Route Can Worry India - outlookbusiness.com,https://news.google.com/rss/articles/CBMiuAFBVV95cUxQVF9YR3pkMFR2VlNCeDd3T2lSRzNkOXFNX1B1emw1SFZ6aEhJbjV0T0tCejJ6M1QyQTZ5QWMyRW9Oa09xdzdFSERpT0ZZaklSNk1CS3ZpaExfWndicVU3YVJqSHdIczJkMkVES2dfNkFrZFNZMUNrb2liSEJqNjNFV05hZkJTal90STNfd2YxeGt2U2J1a09CcjJoTThhNnJ1ZjkwY202bU93c3BZM1ZOdXYyZlBWYWx10gHGAUFVX3lxTE93QjZjdmd3anAzWGNWbmxlaTJqWGRzeTVMX3FIMGtnUEtRTWE3bUQ3TFNyZ3ZDLWNQRkpKcno4X1BuTVcxZFhtc3U2dy1QUFpScmp5bjFBSGNlVzJBcjJwckRWUEhkbThfMEI1R3VaV0N3cmpBaG1mSVp1N3JUS2RUOFY1OFZWNmJIN09kUGVieUZ0RktKVDRsOW1wc3RvTzlGazB1bjdwaE1td29LVXR2ZVFlbEpKOWpzZC1tQ25ndFk3VGNVQQ?oc=5,outlookbusiness.com,en,Strait of Hormuz oil,israel_hamas_middle_east_conflict,relevant,3,3,1,0,0
2024-04-16,Traders Place Bets On $250 Oil - Crude Oil Prices Today | OilPrice.com,https://news.google.com/rss/articles/CBMijgFBVV95cUxQcnBIbXpIOFV3ZW5kelNJSXVJWUoxdEwxWkQ5bGlBWURVb3FnSWs1TE5yd2hyblRNM0NQR25zY0lUa2o4ZXRkNGhqWm1vYXpmZk40bmZPVXZrTzJOcmpaR0hMazlXa2RoY01sUTZubnBJU3g3dkpVcWhSQmZmRW9vdXJVekdwTXJoc0N5dzJ30gGTAUFVX3lxTE1IcUxSdWdiQTFSVWtLbHVqQlFaUWZUZ3lvYTN6bThndzNPWVRGWk1feWt4Vzl4U3J5UHhrMzJZZ0dRd3MxTk0tcTc4OFVuS3FaODRidTJray1Gc3JMaXZReEtQckU1azdPd0xBUWdBQUNFeUMta2RKOUxkU1R3bkpHLWxEMnBKUDBHNG1zUlRuaDRNRQ?oc=5,Crude Oil Prices Today | OilPrice.com,en,Iran oil price,israel_hamas_middle_east_conflict,relevant,2,2,1,0,0
2024-04-16,Biden unlikely to cut Iran's oil lifeline after Israel attack - Reuters,https://news.google.com/rss/articles/CBMioAFBVV95cUxPY3NKRml6ZjVyVEJFQm1YUGVEV2tVQ2hqMURQS3Q0YzhHb0RITnpjbTZKTF95MlVpSk5KOV9UTDBycUc4UlNtMUp3LS1UdXhrOVFEa2JBWTgzaG5US0R2OVdON3BXT0hzb1g5bnBVWVhnU3A0QlFWczNKSXhTT2lqYnhDTE1Oc2IwN3JIR1pLYTFrc0RJUjFaYm5GWXd0WlA0?oc=5,Reuters,en,Iran oil price,israel_hamas_middle_east_conflict,relevant,2,2,1,0,0
2024-04-16,"Middle East conflict risks sharp rise in oil prices, says IMF - The Guardian",https://news.google.com/rss/articles/CBMisAFBVV95cUxNT2VTMmJtd2VkVDdLRmpUaFRlb00xbnpTNGtIQ1U3ekJfbkdYd1A3XzBHRG1OTGo0OTV2RFI2a2ZxREJwZDVxbTQtMGVlR3BqZ1R4ZTd0b2h3Z0t3N0c1ZzZkaGtpenNsZEhOekRaMlVQUFRqUE5udWRlbXpMcWxwS1l1eWE2V1lxdDBSaTFyamVYeTRacE9BOUM1Q0c2ckVZcjlBMUNlWXM0QjVFbTVDSg?oc=5,The Guardian,en,Middle East conflict oil,israel_hamas_middle_east_conflict,relevant,5,7,1,0,0
2024-04-16,What Iran’s attack on Israel means for global energy - Atlantic Council,https://news.google.com/rss/articles/CBMipgFBVV95cUxNNVk2WkZHejFNczU3eWREV2pDODZHT3R4U0laX2s4UUFXYk1TMWhtbU1tXzdjVHZ5ZGtQMzlqUDdFNm9BMVFmS2RIZFp0LWRKcUlYLXQ0Q0VQZ2p6V2RxR1dQM0tPVUU4X2V6MUZMeEJwdFQxSmdmTVFSLTJOZmkySFRGeFN1QlhXbW5ndzJsdEhJQXhRNGxHOXN3NTUtVmY2R25nc3VB?oc=5,Atlantic Council,en,Strait of Hormuz oil,israel_hamas_middle_east_conflict,relevant,5,5,1,0,0
2024-04-16,"'Iran is in for the long haul' with oil tanker hijacks, expert says, as U.S. considers more sanctions - CNBC",https://news.google.com/rss/articles/CBMiowFBVV95cUxNYnFEb1VJNk1pR0VIT1dWYTQ2RWh5eXNqbU9xeXZVOGJ1WDlmcWUwazdMbmpxcERqTlg5RDM0RW9acEswcTZJd0ZPRnNpZnNtYTZqUGUwc1FkWmZXUkJoQVgyQmFOT1hQTGNrMEpLSUtjUXNoMmxqOUt5Q3RqeTNOM202SS1mQnhZeUhlN3EtdFdyUU5oOTM3ZGVjZHRoLWJKVk1Z0gGoAUFVX3lxTE5UOFdQc3EzYU5waW5WMXFzN1J4bmdGVDgtZ3c3MHh5WkRVVUVXSjdHLUNQZmttQlJkOGxRd1gxYk82TThLSkNEMzlPdFNodHpmV2oyM2NEVGRlSV9BWUFHU2RhRWdpYXNaOUpaU2gtbmVPRmtBQWx0TmMxa2dpV08yelg1dDEtTUEwUmV2TUYwNS0tR1hPcTVLdEw5WkJNN3MyMlBBYm1qdg?oc=5,CNBC,en,Strait of Hormuz oil,israel_hamas_middle_east_conflict,relevant,7,7,1,0,0
2024-04-16,"Fuel price warning if Iran conflict escalates, raising threat of new recession - The i Paper",https://news.google.com/rss/articles/CBMihgFBVV95cUxQY05OeTBvd1VLYWNNQjNQUVJtQUg2TTlMNzBoeVlPVVR3NjZEQXd5WGdWd1BMcG50VU1NRGkzM1lHNnp4S1d0RklqM09va0tyTnh3QVlWZXNla2VKckhoOFROVS1KSWFqb3ZaX09Fako3YVV6WFdOQWdGYjZkNE9JODFJSllrUQ?oc=5,The i Paper,en,Strait of Hormuz oil,israel_hamas_middle_east_conflict,relevant,11,11,1,0,0
2024-04-17,Iran Attack on Israel: Implications and Oil Market Concerns - CGEP,https://news.google.com/rss/articles/CBMingFBVV95cUxOQTluUUF3aFlxZ2lCSUwxQUhDNE14MzltU09RSWJ1NWZjbzNaRUhvajgtWlNwRk0zbHFwZFJDUXl6Tk13czVQcGRvWWdLY2JIcnpKZHd3eFpUdURNVWRlQUlOaVNFVzYzRFptektJOHZZVTN0Q0RLWW9aNkM0TWsyYzM0TzZjeW1NV2d6YUJxa0J0SDg4Sk1EclhpRjBhQQ?oc=5,CGEP,en,Iran oil price,israel_hamas_middle_east_conflict,relevant,2,2,1,0,0
2024-04-17,Middle East escalation boosts oil supply risks | articles - ING THINK economic and financial analysis | ING THINK,https://news.google.com/rss/articles/CBMijAFBVV95cUxQQ1F5RWdaUURxdE1kVGdPLXBMVHAwUDhqV2FXUUJaNW9HVnBmRUQ3T0xud2VENXNsZmJsS2NPalljU1hLLWlIUWQ2akt6Y1l2RmpiY2dYTmMtVmQtT0tzdkxWY2RkU3Z1QjRJM3JKNXFybjVid3B0RHFoekxkMjk4YlVLdVpBMDNBYjVHUg?oc=5,ING THINK economic and financial analysis | ING THINK,en,Iran oil price,israel_hamas_middle_east_conflict,relevant,4,4,1,0,0
2024-04-17,Will global oil supply be at risk if Iran and Israel pull the Middle East into war? - The Conversation,https://news.google.com/rss/articles/CBMiuAFBVV95cUxNNDlocm5uSC03RWVZejhuQzNreVlDT0s3NE43N1B1WV9faXd4YlUwVU9mRnVBdjNmVTg5ZVI3VlVucTZLT1VyY25ZT0FXZm1SNlN1VHBVOUNPRWZ1MHVlUGFIMUZ0TzhndlVZQW5SYWFuSVFiSWw2dHl1VHMxd3pLMjdvcHY0cEt0d3F5d2I5MnF2NnZuX3Q3TFA0TnVMWVVray0tdjd5MjdUVExEYXJnOXRxT3lqSEQt?oc=5,The Conversation,en,Middle East conflict oil,israel_hamas_middle_east_conflict,relevant,10,10,1,0,0
2024-04-17,What if Iran closes the Strait of Hormuz – the World’s most important Oil Artery? - Sarajevo Times,https://news.google.com/rss/articles/CBMipwFBVV95cUxQV3ZxU2xuSW9iVk9yaWhqNGhYSm02c1VNSTBablprMFhmUEx1YmJxc0lfR1dRQlZWTW94Z0FhV3N6THNxNW9VT2hFZGlqaXl4WE9LT0ZqeVViWWNXN2w3RHNlQ19pZjFKRjVfWWxYY2lza2pjc3J3LWZxSDljNFI5QmpnSTJFOGlKWFR5WmFobXh1NUlNS3loM0FaVVJ5YXJhcFBwX0hDONIBpwFBVV95cUxQV3ZxU2xuSW9iVk9yaWhqNGhYSm02c1VNSTBablprMFhmUEx1YmJxc0lfR1dRQlZWTW94Z0FhV3N6THNxNW9VT2hFZGlqaXl4WE9LT0ZqeVViWWNXN2w3RHNlQ19pZjFKRjVfWWxYY2lza2pjc3J3LWZxSDljNFI5QmpnSTJFOGlKWFR5WmFobXh1NUlNS3loM0FaVVJ5YXJhcFBwX0hDOA?oc=5,Sarajevo Times,en,Strait of Hormuz oil,israel_hamas_middle_east_conflict,relevant,5,5,1,0,0
2024-04-18,U.S. oil falls below $83 as war fears ease after Israel refrains from immediate Iran counterattack - CNBC,https://news.google.com/rss/articles/CBMia0FVX3lxTFBVZV9rLWMtZjFzenlEbTdlQ0V1bTQyZEVQXzljUTNHNmgxdm5LQ1RfMFo3TEkwUk41aVdwbHhPbkxET19wRV9sV21qU3E2Z1lyUU1VYzJjOUY2a1pvYnQtMmVMWm44Njl6ckpZ0gFwQVVfeXFMUFk2d09uLWVpaE80eDN4clNTNEk3YU9aLUFYZGp2NnlLYjRLZU43RjdOVkFsU0xUeHRmWlBQWGc4emhpN2FHdVR1SHFBMWlrZDZpMHpzdTg4bXBBT1o2d29WTDlMRGl3NjRhTjRZNWh3LQ?oc=5,CNBC,en,Iran oil price,israel_hamas_middle_east_conflict,relevant,5,-1,0,1,0
2024-04-18,3 Oil & Gas Stocks Most Sensitive To Oil Price Swings - Crude Oil Prices Today | OilPrice.com,https://news.google.com/rss/articles/CBMioAFBVV95cUxPQ2pDVDlBYmhQVWk2NDR3MlBTSmUyNy00Wllfb3RzQlFvcllfRmxaZlFCaWVTLUxTSVhhcE42YmdSejJOSFg5UmtNaDZtMHVvbFN5YWhTeWhkbE5kd0wyS1l4VFFHU053SjF5T3htM0NpVlRheXoxMHI1azN4V2t1TnY1SEJ5S1Q1b29HOFJyVE8tMjhSemNvR2ZWWUo3V3JB0gGmAUFVX3lxTE5zUFBKdVZLVjhhdTNMTXBQOTM2SDJISkUxbXhBSGRVdkpFYk90ZDVvQm5oN0UxeF9nSm1DWk96Z0tTV2VDY19MTkFIMlZDeEVuVEpvREkwUnlTS05EY0hVT0FxTHFRMnVOTF92dE1rSXFKMmhLQjVTRWJLZ2NMb3NkV1YyNVE4MFZZYUJnTE1ZS2RGYXVsdUtpanBjelhwUEc0dWktUGc?oc=5,Crude Oil Prices Today | OilPrice.com,en,Iran oil price,israel_hamas_middle_east_conflict,relevant,2,2,1,0,0
2024-04-18,Iran’s oil exports climb to the highest level in 6 years - Oil & Gas 360,https://news.google.com/rss/articles/CBMijgFBVV95cUxQNzZ2bE12YTIyYVY2QmtDUlNvWGpocTN5OVB0UExGS1JJLWtYbTZ1VjFNLThSZUZlTzVLdVB3YlZsVTlpbFU3Y3QtT1l3SWZZWWs3TmVIUXFGdDEyQnJ4aUdqQjNXYW52RGxZUFl0VEY0OHFON0NOSDNwYUhNRmZ6NDdkd25fZlJxTVdkaU53?oc=5,Oil & Gas 360,en,Iran oil price,israel_hamas_middle_east_conflict,relevant,2,2,1,0,0
2024-04-18,Oil disruption fears in the Middle East are getting real after reports of an Israel strike on Iran - Business Insider,https://news.google.com/rss/articles/CBMipwFBVV95cUxQY1llTVRNOVhVdmhfaWxUdzFNVmE3NEpmMHpZWEFldVdIY05RdnRLWEJYV01Nb2FCUGp5WnluYm9jc3Nna3BEaHprZWIxanAxb2E4VllteUR2MDZtVjUydFJnYzcyU2psRmpGeU9MeVd3MUEwWjJBLWhNLVVfV3V5S0JEbm1mV01NN0xxOHdjb05SaGx1Tm5aVzZjN3dadHRuQjcyeXBqbw?oc=5,Business Insider,en,Middle East conflict oil,israel_hamas_middle_east_conflict,relevant,7,7,1,0,0
2024-04-18,Oil prices post weekly loss as market sees limited risk of wider war after Israel strike on Iran - CNBC,https://news.google.com/rss/articles/CBMimgFBVV95cUxQV1prU0VXbC11S25mOUN3b3k4UkVWenFKaWZsZ1hMRjFOdFFHTkppT2w4YTVxVmFNdHZwZG52MTZ4eDhGN0pGZDBqOVhlem5HZnBSWjY4cFNER2luNzNnUS1aT29pdjhJWGVWX2xOWWNpVlhYTFg1SmJESEFkTmROTHRzUkNWTVREeEh5SE14Y09GempyYWcxVkVR0gGfAUFVX3lxTE4wWjNVT2dJTUZ0ZjU0OU8wUmFlZFhnMEpBOUF3MTJHaVZTVXk5OU4tRnNUYjVqSmRua3MweEZUcVV6cE02M2hDZDFqaHRuOXJjeVdENFNCZkhGSXI2Q3Y4M2FBZFd2Mk42MC1ma00yNW52Q2VYQVh0eThFUk5DZjFBd1dla3FSRVVmMGVldzNxdlh1bzQtaFhHcUkyLWdxNA?oc=5,CNBC,en,Middle East conflict oil,israel_hamas_middle_east_conflict,relevant,10,10,1,0,0
2024-04-18,Geopolitical conflict threatens yet another shipping choke point - ING THINK economic and financial analysis | ING THINK,https://news.google.com/rss/articles/CBMif0FVX3lxTE4tYk9VY1pZUkRVWkNUMVpCQ3pLSGkzb3FDOFBHbGxERXRqN3NDX3UxYk9NSWcxQ1BXbk90UGlrN1FlbWNYb1NZWTA4WDV4Y0I4bE5GYUM3ZzhFdXQxWUNEWWhZY2MzbFhuN3FTLUFvQmVfOTYtS0t1dVJNSVplX2c?oc=5,ING THINK economic and financial analysis | ING THINK,en,Strait of Hormuz oil,israel_hamas_middle_east_conflict,relevant,6,6,1,0,0
2024-04-19,Oil settles slightly higher as Iran plays down reported Israeli attack - Reuters,https://news.google.com/rss/articles/CBMisgFBVV95cUxQWlE3RGNhcXRwTzVxaUpCUDhWaDI4eUZHbjJseS1hQXM2OHozb3NrN1VDNXpaWXFORFNlNDFOUU9jakRmMm02U3pXX3Y3RHVXQWpmVW1ra0lCYlBSVFdVSVJ1NnNoeWx2RW5vbkdQd24yTXd6YTZ4emlReFAzcGphY09NNFg0dDZ6bE9rMUlSNmxOUVN1WUF6SWgyMmx2VGxCS1BGZERGUWhzLW1nVWR5ZTdB?oc=5,Reuters,en,Iran oil price,israel_hamas_middle_east_conflict,relevant,2,4,1,0,0
2024-04-19,Oil and gold prices ease as Iran downplays attack - BBC,https://news.google.com/rss/articles/CBMiWkFVX3lxTE8xblpnd194S2QzaVFxb3E0enN1WERjQ0FwUEZjb1FDaHZyOVNpdmxwczVWWldyc01wQ1BmTzVVTk1QWWdtRVdKLUEtb0dCWmp6c1M4bks5SE5KZw?oc=5,BBC,en,Iran oil price,israel_hamas_middle_east_conflict,relevant,2,2,1,0,0
2024-04-19,Oil prices get short-lived boost from attack on Iran - CNN,https://news.google.com/rss/articles/CBMimwFBVV95cUxOMDlQLXJVTG96ai1wQ0R1VS1OZ2lhUkl0TkR5NWFscnJoNU44akpCQ190THJEV2dsOVhPcklNYzZvdEpYT0JsT3RPQjFCUzE3bGVyYWJnUTV0cU1JTEYtMHplVHlEajZOajVoaVhpRUlHRWhCNE9saGRtdmQ1bEI4b1NOelFHMl9CSEFtZHQtT0syS05NVnJndHFDTQ?oc=5,CNN,en,Iran oil price,israel_hamas_middle_east_conflict,relevant,2,2,1,0,0
2024-04-19,Escalating Middle East tensions a fresh jolt to world markets - Reuters,https://news.google.com/rss/articles/CBMihAFBVV95cUxOdl9Ua1B2VTR0X2FySTRnNDZjcENYdTVfSk9ZaUZuakc3WWpBV2N4MEdxZ1BwOV9teFBVM2dSTVBaV1l5NkpEV0lvYnRzU1NpSzBSR09DYkNmSUx0UmlucFJ6Y3VwQmhRYlNmUFh1eUVla2pUOEJwTzlxa2lLOFlQWTFLQ0E?oc=5,Reuters,en,Middle East conflict oil,israel_hamas_middle_east_conflict,relevant,5,5,1,0,0
2024-04-19,What Would an All-Out War in the Middle East Mean for USA Gasoline Prices? - Rigzone,https://news.google.com/rss/articles/CBMiyAFBVV95cUxQeXFEeTNFanU2RVhxZlEteEl6bWNVSVZpRVVCaGY1bV9waFo5R0NjaHVWdzRnS2IyVm5qYzJtdVJOWEpQb0FobEdaS1lCSW9pRUZwZzJrRmVKdjExZ2FiOGhHZWVRS0Z0LVhwTXg3YllPYWw3RTBKTWdib1JyeEdwN2F1M1UwTGYwR3JWeEVrTHl2N1NuYjFDVktscDFhZDByNUtrYUFlTUQ0UGM4VC1iTko5X0QtQTIzb25XczJkeU1rVkVpRzJxNg?oc=5,Rigzone,en,Middle East conflict oil,israel_hamas_middle_east_conflict,relevant,8,8,1,0,0
2024-04-20,Why the oil market shrugged as Iran and Israel appeared on the brink of war this week - CNBC,https://news.google.com/rss/articles/CBMirgFBVV95cUxPR2NyT0plYTNjYUJZWEgzOFVtQzhPLVR3TnhZYnY2LWJsdlBZR2xXSktQRHZqN25qVF84NmJ5d3UtOHFtRnNPWnlwa1FIRFJ5bGVUY1E3LWlrbjVjOXhBaHBZblBGTndhbnlrV3dkWTE4YllzbWZqeUt0SEthbEZYaEEwLURxUGRDeGJBZV9aREZ1OUtaMGNsc0J4Rm82Zy1qX0F5U1VqYi0zMFVEa1HSAbMBQVVfeXFMT2dtcnl6QW9WUFRIUTJSdDlaVy01d3huemtiRUlnRUkyM1hGWFAwRkR0cHR0a3A3WjlqeUl3bG81dWs2U1NBYnZSTm1EY2NBZzh4QWpWLUc5WW5jVHRJTDRXZXEyaHR0LW1JYW9xMi1tbUo5LW0tUXhEWVZlX1ZLRkZNeVdpUFppQktoNUwzRWU0MjFSejZYQkZjZmMxMXJzVng0dE83RjNzXzZYR3ZiaGxnMXc?oc=5,CNBC,en,Iran oil price,israel_hamas_middle_east_conflict,relevant,5,5,1,0,0
2024-04-20,This timeline charts oil prices reacting to Israel-Iran attacks so far. What comes next? - MarketWatch,https://news.google.com/rss/articles/CBMiyAFBVV95cUxOTFhkS0l6YjdLSlRJdktsT2tXWkhTTUhYeDBJWjNaMDBnemVYSDBkNzV6ZlpZQTlVRHVweFZuZy1xM2RBWWlrWTUxZkJmQVIyd1h5TU1WeGg5RmRMN3ZYbDdySFdTTmJyOHBTS1YwX3FRR1VxVVhyUHlUNXBIVkJOUTJoVmd3eG9naUtYU0t5RWhuczFfbWF6RjhxZC1MT2pNUlVHZ3ZTeVU3Nl9NZnNnSHhkdWlPMGlhUFIzVmdjQ2JDVDBCdFR6Tw?oc=5,MarketWatch,en,Middle East conflict oil,israel_hamas_middle_east_conflict,relevant,7,7,1,0,0
2024-04-21,"Iran-Israel conflict: Strait of Hormuz blockade could trigger Oil and LNG price surge, analysts warn - Moneycontrol.com",https://news.google.com/rss/articles/CBMi3wFBVV95cUxPajZMb0xaeERESkliZUljVkVhTkdKTUROWG9rNG5YN0lyRk5tam5kMy03Qjg5ZnNzdzVId19uWWx0WmUxbVM2bG1OcmZxTUpQNWNpbFVpakZoeFM1YWZoaXZjaUhHZWZTN3N1RE1ybFFjWllsc0NrWXFTc1F5NEZnQmExN1hZZlMwLU1vUXc0Rnc0SGdURnlSZDgyb1VhTm5rdDZwakhUNUJ6UlBXQmFKdUZtdWc5VjFGTTl2RE45UGlpS01FSWxhcmxBMVNYNVBuMXBqVXNsckd1ZV94Nmsw0gHkAUFVX3lxTE1IODBNSmRPVWIwYmQyUTlVaGdfM05xT0ttVnI3M0xrR21VVldMS2xQTWVHYWFKSHZaUktQUHVTcVVYTkNhT1FwVDhKdnlrRUFqWHRPdS1kbGpnNjhYVWFZTUVsODdrTnV1OHdLUTc2XzA1c1lhc2JVM2RBSUplRnJFRnM5R0dDTEdudXJTYkh0cC1EbUR2cFlMc1JBOFRLRzlLNGxpR0thS19LR2tjZFNNSjNBb2RTeUJZckxTRXpoVHBhUTlhT3RRdDFzZ2VFVHlxMHZ2ZGZ3UUdIZzNLOVlLODBQVQ?oc=5,Moneycontrol.com,en,Strait of Hormuz oil,israel_hamas_middle_east_conflict,relevant,11,14,1,0,0
2024-04-21,A caution for India as Iran's one action can shoot up oil and LNG prices - The Economic Times,https://news.google.com/rss/articles/CBMihwJBVV95cUxNYVBOSzhjQzVoanJCRDdza09XQVNjMUJNajVpWFo2OFBYZ3NkNlJVV1FnM0J2dTBuWGxEc3lKcVhFN0NnbEx1ODhJRFgxQnpXUlhNU29fN01udGR6ZDROZFBFbDh0THFGenZBNk5lN3Itd2hwWFJWeFZYcDVNYllMencxTXRaZWtHT1l6OGRTRFRvZEdGdnpoNlB2Q0lIZXg4WldKR1NzYmk1MnJCMm5qS1I2SG9US0Nud0xGX2ItdW9HYVMwd0ZMSmlaaWp4UVFZVXNCT2d4aHB6OWlPZk1NZmxaY3RJOVh0QnQ2Qnh5SUNUOGwyZ1QyY284TEhMLWNjRDJ4VkxIZ9IBjAJBVV95cUxPNGc5V3JYZjVyX1NLT1hqSDdfcGNiY1dyWnVVRnpxSkJfWjhIaGRWeThuaW5vXzlBVEJ5Y0ZteF9BaHpyaWNnb3BjZlZTbUQzSy1FVWQtMk51Y1d6LTF5RFFVRUpLVFNMRXFPLVVkZS1GVnVRdm44YUNRemx2TXptLXl3cjVyWTVNSmROb25ZNE5PVXRXc2t6UkZVLXlEMmMyZU1IN0hvZWlJbHZZdkotTmxFZGpyRHVjUHRpUzNwTW04bWs0dGFoUzZHbGpZbXllc1JaNEhod2hMcF9HQ29wVFZUV21JQTZRX2thWXFiZ04xTzhrZVBwcEJKdmh2Tm1lN2xaelR0c3hUYlVY?oc=5,The Economic Times,en,Strait of Hormuz oil,israel_hamas_middle_east_conflict,relevant,5,5,1,0,0
2024-04-21,"Iran-Israel conflict raises oil and LNG price concerns, analysts warn of inflation spiker - Republic World",https://news.google.com/rss/articles/CBMixgFBVV95cUxPWHFyQVY3VVJsTE0zWjhpSTVmQ0FWWk9WUTB1Zl9Tb2pBdy1UVjhqWU83WGg2OV8zdkkyb2FxUmttcE1rN0oxNnlkZnRsZUpzN1RpWnZldHQtNjJXdkM3SmNKN0QtbmNfeVlnWUFVem02anFHUGFEMTRKVm1jT1RnQkRISmlaTTVac2ZlMkQ5Q3B2MDk1UlphUTdKVUlXUEJNTkRvQ2psVzJLS0QxQnpNRHdsakIyZmEzdnFRbldFdzJkWVJBZ1HSAcsBQVVfeXFMTm5rNnRaX1BoUHVNVGJnQ2RjdWFPQUFpMFFlOXFNUk1HTXZqNjBySTI0X3luRFhnekFXSWFxNFJrU1NzRWhILWt0ZmM1ajJkUmRBRGM0VWM4TERMbFNvYkNQNDR0clJ2dTZTQmxaVExqbk9XVzMxRnZJc1dOTXRVQ3BwaWZIVzhBejF6ckxzb19XWU94aWJHeVR2OHVqZDNtLW5Bd2YtMVF1dS1ZTEVLVGhPYldIbzJUM2UzbXZOQ09qd3FBcU11eGdXbE0?oc=5,Republic World,en,Strait of Hormuz oil,israel_hamas_middle_east_conflict,relevant,11,11,1,0,0
2024-04-22,How US shale keeps sheltering America from the next oil price surge - Financial Times,https://news.google.com/rss/articles/CBMihAFBVV95cUxOWlk0bGQyYzNfY05WSzlJSUhQc005Q01iYnk1OVcta3ZNWFJSQVNYMUpzVEt6QW40MGlIRW1SRFRfanVUWExlUnBjb1p4UnNLNGhiMnc0NkgtOWtySTI0RUNXZG9tMm9tcGstYlZwZFNNMTdMNkE1VVR3MWUycnF5R25yQ3Q?oc=5,Financial Times,en,Iran oil price,israel_hamas_middle_east_conflict,relevant,2,5,1,0,0
2024-04-22,Oil market update - Oil prices settle on signs of de-escalation - ABN AMRO,https://news.google.com/rss/articles/CBMirwFBVV95cUxPczRjaXo4VVBLV191OFM3X0xtQWNadnZwZDdHOUc4MkhpTHVJb0JVVTRqZ3lIX1JrVkwwelA1YW9oU0V2SGRlTklmcHk1ODhwSDBQeTllQzVvOHg5RDdxMGl1Ujg1TXVoQjZqVEFrekdmSG4xNEVaYTJnaVZkd091VFo5ZWR3UkEtbDhvcS1xTnowaVZYeTVxTkxTQkhDNXVDeDBZMTU1S2R3X0FVRmtR?oc=5,ABN AMRO,en,Iran oil price,israel_hamas_middle_east_conflict,relevant,2,2,1,0,0
2024-04-22,Oil futures fall as fears of a wider Middle East war fade - Reuters,https://news.google.com/rss/articles/CBMiuAFBVV95cUxPT0lnZlpvdjVQMXVYYjljVEdwZzBvUlA4SW8wZWtMYlAxZUZIR0QzZFNwTWRmYnhhYmtkU1JMUm5fM2pVSkl5YjZHTnF5NTdVLTBkVGROQVhtSnBGTGFtUHQ2eGwxUEUydUZ3X1VwOXl6ZHNGbHpZTlhoMEsxdVZFOFU4c0pHeXRJOTBObVQ2NHFGRk40cDNKS0pFZGxoekJjdWZKMjA2dVRjUWNBbGliRFdKZG54dEg3?oc=5,Reuters,en,Middle East conflict oil,israel_hamas_middle_east_conflict,relevant,8,5,1,0,0
2024-04-22,How an Escalation in Middle East Tensions Could Affect the U.S. Economy - Investopedia,https://news.google.com/rss/articles/CBMiqgFBVV95cUxPSlhIUXMteG9oSzRMVlZDM2xuVW9fdVBQT2RpdmRtYVJKNEVKZkpfMDFJYkt2ajU4aFpKM3htSDRlQTVzdFJtS0VaYXpTS3ZqM3NTYjNMTDk3OVM4azNvV0IyeWtzbHFyZlY4d25nZ0ZkSEtzMDhjQVNUbm5qX3NNVTR0UlQyN2UySU90N2tlM1lzNWY1TFN2Q1ZsdnNrYmxMUnQyTXlrbDFRdw?oc=5,Investopedia,en,Middle East conflict oil,israel_hamas_middle_east_conflict,relevant,5,5,1,0,0
2024-04-22,Why the Strait of Hormuz is crucial for India - CNBC TV18,https://news.google.com/rss/articles/CBMi7AFBVV95cUxQT1JjOE15cVo4RS1uMDlmaU04SUluWGFld1Mzd2NYeUFoSDA2QzJzanYtTnVkNE9nb1p3bWRZRWdJZlBhVVY5Nk1HWlZwODJzcmlYQkp1cll0X2NyUHg2NVNxQ2pwZnBINzZxRmU0Z2dTWTFsMi1TQ3BnakRJa2F0cWk4S1luR1NreDlzNlYzQkVlUHhaOW44UV9YNWpUWXZtenBtY2dDSktiRkhvQ3dEZmFnYjdQM3M0ZFc4aTRZVmlyZ3pBVWVGWk0yVTRYYXdWUG1NRjJUZkdLQllTOFMyRFBYMnhiRFJfcGFYctIB8gFBVV95cUxNSFFGS2ZFWlZrbzg2WUpib0VON3puSmJFd3MzUU9Pc0pDd2RyNXFpeW1KQThFLU1uQ3gzNzJSQ194TW1HWlVyZnRlcE1xV0VqVmdPUnBSOEdNZE9PTE5YWWdBNXhNUGtqQlFzelpnc2ZRd19BSTNTNXlUODNjeXZBanhDUzVOd2E2UFZOTnpBUVgzSk5CVTBKMW9Na1F2NGVQc0RCMVlDT0M3OHV2QWF5bWt2RzA0XzBFQjdTQnZncjlCUHdMMDl1MENoT2tXZWZHdTZPd3YtYlNnY1VMRFAyNlRwMFhzY0R3ZjgzV0JMcktLZw?oc=5,CNBC TV18,en,Strait of Hormuz oil,israel_hamas_middle_east_conflict,relevant,3,3,1,0,0
2024-04-23,U.S. oil rises nearly 2% to top $83 a barrel as slowing manufacturing raises interest rate cut hopes - CNBC,https://news.google.com/rss/articles/CBMia0FVX3lxTFBOTGc1bkxaYk5PYVNPU0FfYkFoSDBCTkdDSzl6TkJjaXhHNjdqdUpWNHJHVTJkQ3g2V0VHZ3JxNlkxNE1lNHZPd3pQTG9NRzBtajlaVHlPVDN3NjhpLVJVdl9wUjc0bG1XaXdZ0gFwQVVfeXFMTWw3OVo0TjVtQkJIejhfaUdVMFJRa0M4N3FPcERUdGg5cEZFQlF0NUt4N0pmSXR6TXRPOVlMcVB2Y3l2c3RnV3hYNElQN2JTQ1IzamFKN0dkSmRHeWdUNGsyRWVmQ09jTVpCbTEtZDQtQw?oc=5,CNBC,en,Iran oil price,israel_hamas_middle_east_conflict,relevant,2,6,1,0,0
2024-04-24,U.S. oil pulls back below $83 as more crude shipments arrive after delays due to Red Sea disruption - CNBC,https://news.google.com/rss/articles/CBMia0FVX3lxTE5GcUFYU2U3anY0b0JLQzVOMjNFWmFUVGhRdm0wV3R1YnR0M3NRTWl4TktVZHhJbklEWmtmX0lCX1NiS190UUpxbXRHZFBVRS1yYlB6Uk01NTJsanI4U2Z3Ymtoa3Q0WWQ1YVBB0gFwQVVfeXFMT2I3cFgyQTRJMXJKSFdfZFI5bjYxNXZZUE5Zemk5UzhEQWpYUTFmNmhQSjZqSzc0QTBEX21DSGFZVW1fQWkyNnJXYXFnSnFidjlMMlBxeks4YjlMdUJRdEpTSlNXWlllR1lldjNyWTFZTw?oc=5,CNBC,en,Iran oil price,israel_hamas_middle_east_conflict,relevant,2,2,1,0,0
2024-04-24,Dryad Says Reports Indicate Iran Intends to Disrupt Strait of Hormuz - Rigzone,https://news.google.com/rss/articles/CBMiwwFBVV95cUxPc2tQZ1h1UzQ2RGFIYm1lRU5PU2J0d254Y2FaY0t4enFiX3kyWVA5QmpKNU9EU2hKZkNvRDlyaXNObmp3TU5qZGR5RXlLUHJrX3dDZHE0T0RRTzhYVXBaOVhZdUVjSFpBQTRXMzdTUW1ydko0M0RJX1pnTENGeDcyanNWWEtpN3hWVGQ2WmZueWREWGlzdmxNZWZKQklhREc3amhwTmpmbGpvaUxFa0g5OVQ4VWhmdFN0bWROQ3ZQM2wtcTQ?oc=5,Rigzone,en,Strait of Hormuz oil,israel_hamas_middle_east_conflict,relevant,5,5,1,0,0
2024-04-25,"Oil price could exceed $100 a barrel if Middle East conflict worsens, World Bank warns - The Guardian",https://news.google.com/rss/articles/CBMizgFBVV95cUxNeG16ZGFmOE1fcHBUOVpMVVdxMWZrS2JOU0w3YU1jNzhKVXlIbEpERG94bXJqQkd2RXlZRm51eXh2NVVsS21kS1ZtQzlWVkx6MUhQNHdyTnZxWjAyUWpHbXJST1JVV2E4ZjBydGtWMEVwUGtkbC1MY1dmbXJaR25RYmFDWjJSS0FHallWMk16UUJlVDZfeUFaS3l2UTZWdVdBYkhILVNhUHJyNEQxbS1vaThmX1NkMy1UZGt1S0lwNmdwc0pEMXhyUnhZWnEyZw?oc=5,The Guardian,en,Middle East conflict oil,israel_hamas_middle_east_conflict,relevant,8,8,1,0,0
2024-04-25,Japan and the Middle East: Japan's global bridging role - The World Economic Forum,https://news.google.com/rss/articles/CBMioAFBVV95cUxNYU9qT01ycno4MWpqMjRSVV9JMzlNQVVJVmxYeGhBS0o2NjZWOW1vM2hvT0VSTjgtYWxycGdMQ2ZvVmZWS3RfZ3BDVXpKc0lxM0c3c3ZhUFNVUlF0c0VEY1NPT002YmRJSGJhQ3pTajgzTXRXajc1R0IxYVZMbTZJT3lkTkNscWZyYjgxYjFjbk5ZdFBBWjlwNkN0MnpoQkY3?oc=5,The World Economic Forum,en,Middle East conflict oil,israel_hamas_middle_east_conflict,relevant,5,5,1,0,0
2024-04-25,"Middle East escalation could trigger oil price shock that fuels inflation, World Bank warns - CNBC",https://news.google.com/rss/articles/CBMiwgFBVV95cUxPYjZkS1Bmd2U3bDJVWjBsaFd5SjlYLWtVUzFoUzlmcGEzUmZiVDduRGhLNUNNdmF5NTRhdHY0Z1F6RTlUMGZ6V3pBN1JTNVYtVHEwX0F0TktwU3NTNFNnNWVtMHg5Nks3MmUtRUs5V2JFSXVMY0dtNUxCekNhc2xWd1RyNnBPbm5pMmhyampTekt5ZGtxODZtX2RjazcyRmF3YzNzZVFUbGUxWnV2eUZ5VnRwMnZMbmZYTmdkbEtyQjdJd9IBxwFBVV95cUxOSjN4aWN3dGhRamladnFDWHZuTDhGUGJvYVpiLXVTblV6NEVOaGtKMGoyX0pGQVRCQlZZcEVIcHlZSS1Td1BSQmVZenFGVTdLUDBJaGRfbnZvUXRkWUt6bFFvTnJjQ0d2NW5naW8xbGs3djNVYmFBc1Z4VjdUWGdpUXBYV25xUy1rdHRYX0Vham45aDlmSnBZc1ViQ1NfWXA2dXU3emVoRXBiM3hoeUs5UmR2M1Z2SXhOX0ljVm1XZVdocXVoMVlV?oc=5,CNBC,en,Middle East conflict oil,israel_hamas_middle_east_conflict,relevant,8,8,1,0,0
2024-04-29,"Pay Attention to Ship Seizures, Not Threats to Close Strait of Hormuz - The Washington Institute",https://news.google.com/rss/articles/CBMisAFBVV95cUxQV25BNzhrSTVNS0ZaakF6WTl0SHoyWGJlOWYtUjdKV1VJbnNWX2pfa1MzQXlxQXNwcTlFWHZjMUtwb0NMRnM3aS1zNzJfcHZ4MzJSSnE4Rk50b3pOLU5oMGxOSDlkMFJhemg3QS1MMWt5UjRiZG1MNWo2SUM1Z0VSa2VaMEZpdERBcjJxTVZpWjBlekY3dkQ5WmFJcTdfcnh2dkl1MWlNcHZRb3EzejNPcQ?oc=5,The Washington Institute,en,Strait of Hormuz oil,israel_hamas_middle_east_conflict,relevant,3,3,1,0,0
2024-04-30,"Iran Faces Slower Oil Exports And GDP Decline, IMF Projects - ایران اینترنشنال",https://news.google.com/rss/articles/CBMiUkFVX3lxTE1JMV9zZVdvd3dEdDJVcEZaLVVpUnlLR3VlaEJxVnhURllac3NNNjNBRkRfYUhJMl91NllHbW0yNVN0QkhLWVVOenVJUnFDMmdiMWc?oc=5,ایران اینترنشنال,en,Iran oil price,israel_hamas_middle_east_conflict,relevant,2,-3,0,1,0
2024-05-02,Why Are U.S. Sanctions Against Iran's Oil Exports Ineffective? - Radio Free Europe/Radio Liberty,https://news.google.com/rss/articles/CBMib0FVX3lxTE5xRHBLQkNjNmxCMEZQbW5jTktSdmVzUmdFalFWNFRmZ0pVTnFCell0ek9ubHEzOVJBdlVjLUtDRkNvQ3FzeE5TWE1NWGF0VE5HUVJJSm5mSFplX3dLWTdoSmxGUW51NENrSWlGV3Vnc9IBckFVX3lxTE1qZkh0eDZiMHRlMFMwLXBibGg4d2VYaW1LbklZRG9aMGRPNGhra19WV1dfbjNmS1ZiZjllc3dXYTlEaUI3SHB3N1I2ZGE2a1lmMTdXb3VDdDFuQ05UcnNQeUpXZGNnUkZkMnlPVFE0Tm1DUQ?oc=5,Radio Free Europe/Radio Liberty,en,Iran oil price,israel_hamas_middle_east_conflict,relevant,4,4,1,0,0
2024-05-03,"Iran's ""Dark Fleet"" of Oil Tankers Continues to Thrive Despite Sanctions - Crude Oil Prices Today | OilPrice.com",https://news.google.com/rss/articles/CBMisgFBVV95cUxNNkpwTUZkNTQxcU4yeDFPTVlVZzVNR2JVVzVrQVpCQUtjQ1lXS1JkTDM0ZnhSQXN0ZHlKR2E5Z2RRNUZ1Q0l5ekg3ZXZKb3RMYzJqV0tnaWh1eEJCWnFQU0FnRkd6eC1fQjVmYlhWNTBteFh4bzUtYnJCMW93MGhDQlBNNzZPWU1ZY2ZORDczaXhOQ1B0bTJnMnJQcTFFQW5zQUR6SS12OEotUVJqSkRkZkxn0gG3AUFVX3lxTFBDcDEtY3dnQzM0TFBIMUNhNzYtLU1pSF9fMzhOb194bGY1RWpZQXU1YnJJT2xvRmJQUFdORmhMSVJvRVp4alhHODhGSWpzaVpHVG5XUWtUWm94VmZtUkNJV3U1WWpXQUVNNmhLUEtCR2ZHTGgxUFdJbDE0a0Zvb0lzMFZuTmxYZW95SzA5TEdGZ1ZZamxGVWN4VlRsT3BEbV9qMGRuSUJJUEpScFVDQUowX1gwamJ3Yw?oc=5,Crude Oil Prices Today | OilPrice.com,en,Iran oil price,israel_hamas_middle_east_conflict,relevant,4,4,1,0,0
2024-05-06,Oil's Geopolitical Risk Premium Vanishes as Fear of Wider Mideast Conflict Fades - Bloomberg.com,https://news.google.com/rss/articles/CBMiswFBVV95cUxQRjBVQXNjUENSczFSOXEwODRLanRIYmtqSEF2TXQxM1FnVHJnU0ZjOEkwUWlwVW1Gdm1HYUpyUFZ1Tk1hSmYzb3B6NVFlb2hBb3ZhMHhEd2pUM0hlTUY5OEFwYlFLdXNrS2ZLS19MdjItSnFmaUhvcEU2NHdDeDV4VFFWTnhZbmpmT1BheUlVbXU5cDJzaGJzb2pZdFhvUEFJd0hJU184N29zZEl1eU5xa0UzMA?oc=5,Bloomberg.com,en,Middle East conflict oil,israel_hamas_middle_east_conflict,relevant,5,5,1,0,0
2024-05-10,"Oil falls on prospect of higher-for-longer US rates, stronger dollar - Reuters",https://news.google.com/rss/articles/CBMirAFBVV95cUxPUTc4bEVEU3V2Y2hwdzM1NTRzR0ZaN0pWUUhEZmp6eEVtSUYzazlkdTVIaVFodkJCZ2NhUGRreG5qOXRGZ2dvaGo3QW42b25USzlrR1R5Nmk5WHlHTmF4T2JuTXloQ2x1c0cxT3p1cVJJUmxnZjVyRDlqekVQWFlnTnMxYUZXT1JWTklpQ21KeGllMVZCWWl0Qkd5YTVkRE9laFpIUzNsbDEwc0N5?oc=5,Reuters,en,Middle East conflict oil,israel_hamas_middle_east_conflict,relevant,5,1,1,0,0
2024-05-14,New Bloomberg Study Warns of $150 Oil - Rigzone,https://news.google.com/rss/articles/CBMimAFBVV95cUxQeW5jb2JNdUt2QnVoSTlvTm5DRG1xZExJOGhaVFhMZzdNLWx5cUpFZldKY2owbXAtYnZaN2ZYdktPcUN2X2JNbjFNUEpWRU5hQ09vZFRSQWpVMWRzWHJTb1YxeURwLU9MTHFWbFJxSzdqM3JqRkMyeElMZDVWQmZKSnBpT0lFa2hHVUhna2VhSVM3QW1YOHpMVQ?oc=5,Rigzone,en,Middle East conflict oil,israel_hamas_middle_east_conflict,relevant,8,8,1,0,0
2024-05-20,"Oil eases on worries about US inflation, interest rates - Reuters",https://news.google.com/rss/articles/CBMisAFBVV95cUxPWU40Y3RaS0hNb2FEeXotWjJRSEVJcmNZSV9aaTktOUlDNV9fOTJZRjU0X3E3Y3lKQWNXUm5kQXJRYllxVHNQLWNVb3dfcmVKQ21zRGZSTG5IZ3JxaWZvWkhBUnRqZzZSbzVILXdIcHg3Y1UwTjhfZmJKMkhpVmM1QnhoX09MVy1hUU1GeW53dmhDaHJmdmN0M24xZ19VdHE4TTljOUU5dzcweVZILVd2ZA?oc=5,Reuters,en,Iran oil price,israel_hamas_middle_east_conflict,relevant,2,2,1,0,0
2024-05-23,Market implications of the Middle East conflict - RankiaPro,https://news.google.com/rss/articles/CBMigAFBVV95cUxOQjkyS0h2azFPb3l4VzFoaDU3SzJ4OUVOcHZJWTc0U19CQUp5Z252WW1WV1BDRnlmVVRCSlc5aHJTTFN2N1pRb0RZSS16OEZxQks1emZKTDZjZHBZVlc1U3R3Nm5lMGdhQWJRT2gwam5YMGNDTDFuVE9YMkY3ZTBScQ?oc=5,RankiaPro,en,Middle East conflict oil,israel_hamas_middle_east_conflict,relevant,5,5,1,0,0
2024-05-29,Oil and National Security: U.S.-Middle East Relations - Council on Foreign Relations,https://news.google.com/rss/articles/CBMiggFBVV95cUxNU25pR2NNMElfUGZuMHBYam1SMjgyWUt3WnI4eDlmZzhxbnZ3N0xSYVFKZDlVTmpNaUIyZDNSNnpYX2VRYXNvOERKdUM1cXNOZTZRUDRlNVgzZjM2Z09UNG92SF9uY2x3YnUxdGkyN2I3d0dyY2YwNkxnbVVSejhLT2tn?oc=5,Council on Foreign Relations,en,Middle East conflict oil,israel_hamas_middle_east_conflict,relevant,5,5,1,0,0
2024-06-04,10 Major Oil Shipping Routes in The World - Marine Insight,https://news.google.com/rss/articles/CBMiZ0FVX3lxTFBJNlh6NXZNRVJwVVhrdkdZQWp0OTRZRWdwWEd2Rk1DYUpPbkxDRTRPM05QZmJ1cldKZkFCVTc4M2hLWTllQkc4a0RoUVdTMDZJWENzXzl4VGlqd2tSMVdCNngyVll3bGM?oc=5,Marine Insight,en,Strait of Hormuz oil,israel_hamas_middle_east_conflict,relevant,3,3,1,0,0
2024-06-12,10 Biggest Straits Of The World - Marine Insight,https://news.google.com/rss/articles/CBMia0FVX3lxTFBUa0k5UVVtRU92SGtYYWxWOHlPUWNBMDJlejBVM0FqelBBLTlHX0htcDlEa2FDU3pHT0htcjl4VjdtVlRNM21QTjVTcEVkOElVclNCS3FYOUZrVlFTLUw1N1ZzOWZoczhSM0hz?oc=5,Marine Insight,en,Strait of Hormuz oil,israel_hamas_middle_east_conflict,relevant,3,3,1,0,0
2024-06-12,How OPEC (and Non-OPEC) Production Affects Oil Prices - Investopedia,https://news.google.com/rss/articles/CBMirgFBVV95cUxOam1IVTd2dHc1VkNUcXNxR1hONFZfZVVabHFaVkt3ZEhkcDBsUDlHb28yVThOdm9JeG9zRmw2Q3l0cVFiOXNLRlladi1KX05kQXdMMmFwdnBfX1EycFZabEpnTVFzMTlxOUp2YkNtbzI3SUJrZ0htbmR1OFdJaFFSd29OX0JjOFFLSXgtZ1NEWGFhcmpzNGVXbWo0cGlFMENvU1BFR05SX1RSZEZfZVE?oc=5,Investopedia,en,OPEC oil price,recent_middle_east_oil_risk,relevant,0,0,0,0,1
2024-06-16,Middle East's answer to the Suez Canal transporting 17m barrels of oil every year - Daily Express,https://news.google.com/rss/articles/CBMijAFBVV95cUxNWVRGYWFxUXpEQVFNWVNqY0pDSWFoNHp5M0ZYbmZJN0VpMzFRNWFQbkEyR1cxT3dWZGlSRk5DQmpxZ1hsZThiQkFYUWktcFBBQ2VmUWtpbjRkMTFxYkU0QnlCZmNPZF8yalJuZEs0aHVMRl9YaGk5V3hzZnpNaWpaeGU0bm1LVFFLLVBUZtIBkgFBVV95cUxNVXo2VGxpRkZCeEx3RkNCb21KQVcyNVh1MWV4UzhTc1hXVWRiS2laMF9mODhCQk1rMGJqM0Y3WjcxWl9UX1NFSGJXSEtyMUlrblN1bXFGYUgwNC1pYnpBVnpLajhMMWVvekNSRE55UVpaTkRMNUhYQXZTWi0yR3h6X3RxRmQxY19IT2lCQ0hCVy1rUQ?oc=5,Daily Express,en,Strait of Hormuz oil,israel_hamas_middle_east_conflict,relevant,5,5,1,0,0
2024-06-18,S. Korean gov’t to scale back fuel tax cut next month - 조선일보,https://news.google.com/rss/articles/CBMiiAFBVV95cUxPZ3cwa3FIQ1BkWjVFcmhSRjBpUVRkNW1jLUl2OXV2Y2xId3ZXWXh5d2xSakdrVDdTQjJpNVZEdmxwaHZQdkl3UkUwdXY5RWcwVjR1YlV4bXZ3Y1M5RVBNZk5TaEp4dkItd3hZanlfbldMbWlRT2JwaEEzMmhNUm1yNDFDNEtldFNz?oc=5,조선일보,en,Korea gasoline price,recent_middle_east_oil_risk,relevant,0,0,0,0,1
2024-06-20,CPOs Navigate Price Volatility in Fuel Oil Procurement - Grand View Research,https://news.google.com/rss/articles/CBMirAFBVV95cUxNemU3RGxkS29uN0xOWUhxdkJLNkZKcG9Ha2hGX2o4NVN0R1VmVEV0dnhqUEhfbDkwa2pZc0NhNUQzWFFfZF9MQ2RpMGx5alk5NWlWRFNJb2JQam9tN1A3bklveU5LVE1ZQ1FGS0x0c0dkXzRSM3JtQkRCODdFT3ZHMzhEQ1hWUW9XcU9IZWhhM0dIcjVPa2hLMmE2bklkeENvcEFURlE1T09UMVFr?oc=5,Grand View Research,en,Israel Hamas oil price,israel_hamas_middle_east_conflict,relevant,0,0,0,0,1
2024-06-20,Oil prices rise on US crude draw; jobs data feeds rate cut hopes - Reuters,https://news.google.com/rss/articles/CBMiuwFBVV95cUxOZ2prcHVreHFRWGc4V0cxMDBEaFBiWFoyUmtUWkVzNGFESW01djM5akJRUzR6RzFnaXZTNkhYLUVwZGNiRTQxRWZSMWpvbkE1YzVFUkJpZFh2aksxbUliZ3ktN2lxTzRhR0tSelVmbGFQck1jZTg4N293SlFNZ094cEM2OHhhY2p0cGlEZzYtSWRrTmU0MTR2OUxlRm12UWlTbGJnMUNBaTlkUkljXzlqTGxMNW1TMVdJLUI4?oc=5,Reuters,en,Middle East conflict oil,israel_hamas_middle_east_conflict,relevant,5,7,1,0,0
2024-06-26,Biden Wants to Be Tough With Russia and Iran—but Wants Low Gas Prices Too - WSJ,https://news.google.com/rss/articles/CBMijAFBVV95cUxPbWNtSUNHYng4SGJsdDJBb0VMMkU5clM0N2twUVFBS2EwRHNCcjZlUjNrbFp4bmRfdlI0aDV5NjlhLXlHQXBuVFhnR3BTbU1KZWV3eGp2Z0JXaXNSRzAtNUdYaVl1aFpMQnhWX25XZzZYamdYdnltaGhSMHlPT09qWktPQ01UeFdubHphdw?oc=5,WSJ,en,Iran oil price,israel_hamas_middle_east_conflict,relevant,2,2,1,0,0
2024-06-28,Strait of Malacca becomes oil market’s largest transport artery - The Global Energy Association,https://news.google.com/rss/articles/CBMiqwFBVV95cUxPYzNuQ3BrdS1fVWtySUgxN0dDSmNCMFNYY05sbTFiZk9QaVpwemNiYnZ1TGx0eWpVV0Nmcmx5SWgwbDh4al9GOHlCaU1kc0FRaTdkeXRWTHBieFEwOHBoUUVfd3VtajVNazFFWFlqQS1HajRSUEpoTzY3dFY3QUR0dDNRelZnWmVnM2dYQ2JvNk10aTRFdkxoSzFYb3pXTk1OdGxaby01UWpGSEHSAbMBQVVfeXFMTVA2LVRGcHhqVTAzNWRwa0lsQWxnTnE4OEg4bGNpV1lacktybXpGV1Rpdm9RbGJPSmtCM0hybWwzRkk0eF92MXhULWdJSUJVM1EwZExERFFjRE9CTGc0SjB5bi1UVTdNc2Jhbl9aekh6XzA5V0dWR2gwVjF3cXlDQWtHWHRRck5EczViaEM4aHlNWTktblRFekYyeF9XbjRIM2NxbHVwTE5Fb25qNVdCUFpwWWc?oc=5,The Global Energy Association,en,Strait of Hormuz oil,israel_hamas_middle_east_conflict,relevant,3,3,1,0,0
2024-09-10,Crude Oil Prices Fall to Lowest Level of 2024 as OPEC Cuts Demand Outlook - Investopedia,https://news.google.com/rss/articles/CBMiiwFBVV95cUxQd2J6TTc2ZjRVVUJhYlc4ekNmcXF6ZG5oOWJYaHA5eDFwdzVFSlJOZDZyLTh2dHdxM1JpV0Jhd2s1Wk9WTlVHU09BWEpwUklacUhsNVFac3FibWF6WlByTzBFdXJqTGJpQTRpR0Rhb29LbTNKLURTVU1oMFNlUnRPbGd6NEtuNHFqQk53?oc=5,Investopedia,en,OPEC oil price,recent_middle_east_oil_risk,relevant,3,0,0,0,1
2024-10-11,Oil prices may climb higher amid risk of Middle East supply disruptions - Goldman Sachs,https://news.google.com/rss/articles/CBMiugFBVV95cUxQVVpGS1pITlB4QWJjOG05ZUQyNWRjVmowTmhxM3hHbnlocnhHdGs0MjFIZU8zTi1qYTNBM2FlLUhXYXE2cE5Ca0x0VzNFel9TYnJlNmlYZVNpQkhYaWF4TDR0XzlRTlJZY0VGRUhiVVg1MUlKRFhpYUlUQzdBa25ZSDVGeXM4cW0wUnhTNUFUSE56bmhjRlU1bEgzaDhRaEw4ZWNZaC1xeGNWVmpjV09oQnBvOTZoQmxobGc?oc=5,Goldman Sachs,en,Middle East oil price,recent_middle_east_oil_risk,relevant,5,7,1,0,0
2024-12-10,How the New Geopolitics of Energy Informs the Current Oil Price-Risk Relationship in the Middle East - Georgetown Journal of International Affairs,https://news.google.com/rss/articles/CBMi4AFBVV95cUxPRDFRNHFHeGVmcmJrekdrOV8wWXRUdGd6Nlp2d3kycWNibGc1WVlzNWdSYlo4RHNrN3dMYkdmZk1CNGpyd3BZUHk4MXRNMXVFWmRBR3ZPTXprLVY3MmtHSFA5WUJNV3FNZG56Sjhqa0dfVlc0dTJ5TGM1VXA1V0tLOExUcU5rY0RERl8xZFVPUkt2bEczQ1NDdlBlNEdOc19Ubm9xNEFfNFBRYW9zQzJ0YTJHQXJ0SUxNRFJiWFprenQwcU5yZDhQYWhpMEFNby03eldCbnhuSlJaODV2WFl5Vg?oc=5,Georgetown Journal of International Affairs,en,Middle East oil price,recent_middle_east_oil_risk,relevant,2,2,1,0,0
2025-01-23,Donald Trump to ask Opec to slash oil prices - BBC,https://news.google.com/rss/articles/CBMiWkFVX3lxTE5CUEhROUwycWYzMHkxUnYtMmQ3NE4xeWJKd0d0LWVnNG5ENUhuM0QtLWtsQlpLdV9nV2NEbGJNRFdkWVJTTjJFZm90OWFudHgxaFh0MGxHLTdyZw?oc=5,BBC,en,OPEC oil price,recent_middle_east_oil_risk,relevant,0,0,0,0,1
2025-03-03,Oil Prices Fall After OPEC Plus Affirms Plan to Raise Production (Published 2025) - The New York Times,https://news.google.com/rss/articles/CBMimgFBVV95cUxON3h6dFdnc3VHN1dpX2E5YlJyanRNM2RFTUtjSXhaN1RSY3IzZG4wcnN1cGlQUGw4MHJIWnR4bHNWOWJxMDJOdDNUUUJOeC13ZjlCNzEtQlFfeUVvSzlGaklTWFEwSmxQSlFjVUZ6T2QzalVHemswRmhkeEdlVmt2VXVoZkhlYnluMS00cDNZVElUaWdCdmd0SzZ3?oc=5,The New York Times,en,OPEC oil price,recent_middle_east_oil_risk,relevant,0,-3,0,1,0
2025-03-17,Why OPEC is Supporting a Potentially Disastrous Rise in Oil Production - Crude Oil Prices Today | OilPrice.com,https://news.google.com/rss/articles/CBMiswFBVV95cUxOQmg5MG8yTlFoWTN3cjM0OFpLZFNVeEJ4UnhaeF9aR1dNM3lkdTQtblZYMG9WWGtLVkRzMFZrQUJCMWlpem1PN1B2TDB4ZzdrXzZDUVhCeXZ1dWdDWXRRbTI3bmdaYVQxQVZkNzY2VkJOVlA1NUFsdnZab3kxWUhtZDFoZnpkVWlrZEJzMXhaODRWME5ubjdnckl0cVVKa2dPM19FUDFqbjFNUmJTMFB3cGJLWdIBuAFBVV95cUxNUzdGbkhDVVlfOTRTc1YxSl9zQV8zeGNFVnpHQnRUWnFIVk9TMHZBZkM3WjN5NXVQcXdLcHZFX085WTU3THlreDVkbGJleTQ4SndwMzAyX096ankyZzd6dzB2YjFaa0dJN2tvMGVTb09INDdiWGVlV0M5Z2hRWmE4bnQ3TENIdklleVI5Nm9CR1NCem5DRmlyc2lCZzNVeFNLQVV0cGVnX0VqVmt2RXlGWllwQUhIcHU0?oc=5,Crude Oil Prices Today | OilPrice.com,en,OPEC oil price,recent_middle_east_oil_risk,relevant,0,2,1,0,0
2025-04-03,Oil prices are crashing after tariffs and OPEC deliver a double whammy to energy markets - Yahoo Finance,https://news.google.com/rss/articles/CBMihAFBVV95cUxOYVlRc0taekNtdGlVUm1rNG1GYWRDVHhacWhJdmhxc1lCRkxLVDZ4YjVmQ2tkWXRhcTJOZGVhWTctbmhyWmRTc3dzTU13bElkdDJyMGJ5RWU3bkZURWNtRFdRNGZnRDZ0c2JQTmtoc0p1RWZQTVViNDljYWlrVTR0UFp6R08?oc=5,Yahoo Finance,en,OPEC oil price,recent_middle_east_oil_risk,relevant,0,0,0,0,1
2025-04-14,OPEC Lowers 2025 Oil Demand Forecast on Trade Tensions - Crude Oil Prices Today | OilPrice.com,https://news.google.com/rss/articles/CBMirwFBVV95cUxQbUJQZ25JbHRBQXl5MUJtM0VzV3pmUE9sY0kyOE9TTUdpb2V4WEx1UXJpTXJ1VTlrVHdYRkZoR0l2NFhwem9DRWI2T2J3dm5jbmVoLUpvV29PN1NuVGx1NVNqVnNNZ09zOWhGU0FPTlVUZkpGel92OTlvcF94QmRTMlJxMXcyUGpfazdpOERiR0JNQ0VqR2RVU0hjbktYamd6OGVQT1Z6clBRenYydVVv0gG0AUFVX3lxTE1qT0ctVnBiS2Z2Q0pzYUVRUzFkYk9MWmRoN1pXRVk1UklTVU5OaE91UFZnX1h2WGJsblJmZ2dxY05IbGVFdm9zNUJMc2p4NkZCaFZEbTFLMGVkUzdwczB0ckVzMTVXa084MWl6UUxROTJFT0xqWUczdlVMZHN0RzNJVGZRdjF4bC1saE9DcTZuc2lwNnFrZVREVjNUaHFlNGFEbEdhQThJQWV5RU5TX2pCMTR2Tg?oc=5,Crude Oil Prices Today | OilPrice.com,en,OPEC oil price,recent_middle_east_oil_risk,relevant,0,-2,0,1,0
2025-04-14,"OPEC cuts oil demand forecast, sees growing economic uncertainty on Trump trade war - CNBC",https://news.google.com/rss/articles/CBMijgFBVV95cUxQYWprR09XSE1aSi1nUXlHdThTSkVyTlZla1E5UE5wc3p6TG1LRHk4SUtGSTJGLWdlQ29LdERpQ2xkeHdFQTM5cHJ0Uk9rcXFuTnNMVnNyWFhmYkdZZnluMGJHRDN2UzJVcWU5dzhnZ0NEQ1ZLWGZzVjhnVFBJeXlZYUtPb19FeHlKSlh6Uld30gGTAUFVX3lxTFBkdng0YzlwMVo2WU5ZZU9oMDhvOVNiODlVeVMzWTZMR0VBQlNHZUhjZm4tOEdHVk1QbjNDUEZlbFViX0dfazY3dGp0V2VjUTJpVTNiMnBhQWU3dkI4dm5CbUVacnFEcVlUb3kzQ2JUUGpISWszQ0JpYVgwSUFZODNRbWVYZGJLU3puR0VndUZnU2lhbw?oc=5,CNBC,en,OPEC oil price,recent_middle_east_oil_risk,relevant,6,6,1,0,0
2025-05-04,Oil Prices Fall as OPEC Increases Supply Despite Fears of an Economic Slowdown (Published 2025) - The New York Times,https://news.google.com/rss/articles/CBMihAFBVV95cUxQbXZjZzdPYXFvTjk4MXNJelNINWM0WDFoRHZucC1FcDE1OWtZeWQwSzBUTDhrVk5MM1RnSFdFRWJvNE1nUGh2Sk9BTW9XZjdGYlBDVzNYYXY0bF8tVjljcVBjWE1tb3NoUE51NXdrbnFTZGRTc0dmUUhCRFM5YU16SldqN0c?oc=5,The New York Times,en,OPEC oil price,recent_middle_east_oil_risk,relevant,0,-6,0,1,0
2025-05-04,U.S. crude oil closes at lowest level since 2021 after OPEC+ agrees to production surge in June - CNBC,https://news.google.com/rss/articles/CBMipgFBVV95cUxOeXZXazE2VGx4Nm1OWWI0QlZUdE5zTUdDbTgxNks2SDVPOGJmRW95WmtuNGxLT1BDTUNkZEpWWmFnVnZUWjVGX0xPV3dEb1N6WXVrVkVMTTZ3ZWlQNlVXVjVaajhPOEdoaThUR2d4XzU4akRFVEI1TjB0emF0N01lNnVVYUdZTDlyQjA3d1dpQkR2Qnk3Z3FfVURRd0RBRk1hR1pzZC1R0gGrAUFVX3lxTE9EM0xCeHFpTXNWYkhTdWVQMVZmWUxuU0gtZkphZFlTUEdqMG9kRHdkNGNIcG16elhzM0RCbkVaaEotOFRseHB3T3hZSEltb2d2ZmhZUFZSMTNjekF1WXVrTG85ejV5YWlCTUlYejJva05YcTVlN0s0dV9ZUnAzRFBxRnhWSTVkOGJuQUhvUEp6ckhadjhvc01vMzMwZ0RSZDNrUERETE1KQ3ppbw?oc=5,CNBC,en,OPEC oil price,recent_middle_east_oil_risk,relevant,0,3,1,0,0
2025-05-06,Banks Slash Oil Price Forecasts as OPEC Resumes Fight for Market Share - Crude Oil Prices Today | OilPrice.com,https://news.google.com/rss/articles/CBMiugFBVV95cUxPYWNnc2JvRk93ckFaeWg5LWhlUVE4MEl0Q21NQ2xINEc3QjEyTGN4RjVnUEE4NHU4NnRlbl9Vd1RDelBiQzQ3MVlwUmY1YWtpSkRReTlfc0NqdkFqa2trcExaRlh3YmtLWTJLQXp6cnBHRTl3V1FaX1d3eG1MazVsLW9JWkVkV2VEejRDQ05xdWNxeTdmandlZEhEa3ZtQnFfaWxmYTY1SHE4UUh0c1RUSkxoa1NIWndSY1HSAb8BQVVfeXFMTTRrZmZHYnEycGt3VmVHMGV2dVMxS3lXM29lTXJMVjdGMmZUSDluenpPN2h4RHhVMUZSd0xtc2ZkOHhXc19JZXY5TENWTFQ5VVBUSjBaYUlCMGNQOEJJS2hQbWdqN29uQ29rd0pqc0NxRDhsVmJ2UjhIUGFKTmNNem5fME9rZXNHNU15d3M1Q0RRN0FzeVhUVzdvMlNRdjJHbEpMUjgyNy1DZW5ZekNMeWMzZ3hhTXlnVFRBZ09oelk?oc=5,Crude Oil Prices Today | OilPrice.com,en,OPEC oil price,recent_middle_east_oil_risk,relevant,0,0,0,0,1
2025-05-06,Oil Prices Surge as Market Shrugs Off OPEC Quota Shock - Crude Oil Prices Today | OilPrice.com,https://news.google.com/rss/articles/CBMirwFBVV95cUxQQkRHcXRUU3BQNnJjNmd0N1cwV3h4d294ZXptaTlNeDgtYTg2Z2plS0MyYndFZlJ5eEdTNzZQSVQzR0wzOHR5SWUxeFgwak9qX2Q1bnVYdE1vU1VET0RobGVkOUlxQU9uVzdnRlJSNU9pTGpBdFRvZjcwZFplNm1fWUNIZ1pac1JpVjJqUjhoYTh4bGJyalVOLW5KZG54NnVlbVktWF9yUmtRUjc3ZnVJ0gG0AUFVX3lxTE9zTHJyS2hiSGhUYW15R1I2UmpoUTk1RFdtS01DOGVkZHRGcENBczAwN1lmTjRqM0ZJTUtJLUFIQks2SXV0QWp6ZUQyUDR6QkJZelM4UW9TRl9rVUZSMDBxRjVPQUhoX2xzVTZCWlhKTHVSOGZIZl9nMkxEUVpUWnJza0pWVFB1OHdnd0dfMHRvZFN5OExveWdVSUItVnoycmtsWk5yd0RvaVMtcnVUOWZoYUZTag?oc=5,Crude Oil Prices Today | OilPrice.com,en,OPEC oil price,recent_middle_east_oil_risk,relevant,0,3,1,0,0
2025-05-06,"Market Minute: Oil prices are falling, so why not gas? - The Real Economy Blog",https://news.google.com/rss/articles/CBMiigFBVV95cUxNemxmaTFtcGFLdC1laTJueTRhbjdwY3NfU2MxY3hNYW9SclZkbDJUcGd5NHJhOFpJWm5CQWZ5RkJ1b1JmY1RkZ3drNlRHVkpmMzA5b2xPcUU2eUZyeHExeG9EenRsU0tTbkEyZGdPZnc5bzZVaXNvenh1Q2dad1dKWVJYdzh3V3U4LXc?oc=5,The Real Economy Blog,en,OPEC oil price,recent_middle_east_oil_risk,relevant,0,-3,0,1,0
2025-05-07,Market Minute: Why OPEC+ is increasing oil production amid lower prices - The Real Economy Blog,https://news.google.com/rss/articles/CBMipwFBVV95cUxOMzMzS3dGcy1uQWJWNjJKbmFCZXV2NUdwWndNWW5PNXZvLTdsYkNhelpUN1JVNjdhT0l4YzExMldpTlBMQTB0Zmx6bGhSWFQ1akI4RzJ3cTFlZUE5anZxZVRMQk9haGZCOGtGdTBlUkJjNVJPOWoyU1dyN3AzeGp6dlNjVGVrVmNyc2VuM01fdTkyZmJrVS1CZndoeTJyT2sxWXZkTlFnaw?oc=5,The Real Economy Blog,en,OPEC oil price,recent_middle_east_oil_risk,relevant,0,-2,0,1,0
2025-05-11,Gas price slide ends - Korea JoongAng Daily,https://news.google.com/rss/articles/CBMinwFBVV95cUxNZDZqVjIzd1o4aER5Ym1rV1BSenBsNkJWR1piaFhlR0t6WGVJcjdKMGt5WkRURnpiU1JHOHFmTzFwQmgwMkxfX0dOdWppbHFRcjZtUUVWdDlseU02Q21qV2NJbEw2dmRvUzV3VjhTZDhvWnh6cTZLdkl0ejdyT0pVX3pIbmQycGtoV0ZuZ3RlOUtOVWdVb1FGTUNySG1naUU?oc=5,Korea JoongAng Daily,en,Korea gasoline price,recent_middle_east_oil_risk,relevant,0,0,0,0,1
2025-05-13,"Trade Tensions, Oil Sanctions, and the Future of Middle East Oil - Georgetown Journal of International Affairs",https://news.google.com/rss/articles/CBMirwFBVV95cUxPZS15N1JtcldGN2tTWjU5RDNMQnY0NEx3bEZ0ZWZoX2FDUVI5UzA3czJXTFk0TlQydUxCZ2lhNTN1UUZhRE03WTZlSkN3eWN3SWhNRlV4eURsRlZjbjNuM2JWVVc5SHVxNlhfeGdXRlZXQkxfbkRIY0JOMmVOXzZ6QlZvQjE5N0EtYkg0eU1LX3FiLVBOV2JvdEhCODZyRzFNZ3J5M0pYUEFYV1kyTlRF?oc=5,Georgetown Journal of International Affairs,en,Middle East oil price,recent_middle_east_oil_risk,relevant,4,4,1,0,0
2025-05-14,OPEC Cuts Forecast of Oil Supply Growth From Rival Producers - Crude Oil Prices Today | OilPrice.com,https://news.google.com/rss/articles/CBMirAFBVV95cUxQb1RGdVB1bTRQOFVhWEdFYkdQNFRpeEtQekQ4VjMxQzVxZFQwdEJHaUZxbGZBN2RuU010Z0xXbVRHbWxHTVdsVXJTZUhlS1ZNYzFHdi1tRnBGYWZPcWk3a0J1cm03Zmk3N1JkSi1Ea0VTWVpFdmpaYnNwLWlZR0lpYS1tZXB6aDUyaGNhX1dHODA5Z2VaaC03N0tXNldBMXd4Uk1XZmZ6OGU5Zmhp0gGyAUFVX3lxTE1KdXRJSlpCeFc4MkRTNUdTNUxtbnZ0Tzh3ZTg2empIcWZEMVBfZ2lQeW5WLXJpS1d6blRMTlZqNUNsWVR4TGlIdnQ1bDRpNGtoaENKdHQ0Y0hUOTBxUkxaeFVvcldDR0x2d0ZRd1BRcTA1UnhpbGJwRDZOSVllelVQRFY4QmZscXhfN0xmYmdNcC1GQ2YycFROWTc4a1lJN1BoamFUeXZaMHRoY3NFbnVMZUE?oc=5,Crude Oil Prices Today | OilPrice.com,en,OPEC oil price,recent_middle_east_oil_risk,relevant,3,3,1,0,0
2025-05-22,Oil prices settle down on potential further increase in OPEC+ output - Reuters,https://news.google.com/rss/articles/CBMinwFBVV95cUxQUGVsNDd0d2lYaGZSTTJSNGpyY0w2MjFrNnJhTk9vWDhNQnN6NklELUxLbVpvczR4R1ZpS2RycjdNVnpOWTY5WkV1ajYyLWR5Tm9IUVM3bHlocmVEX0NiZWtEYkJsODVuQmtrWlAxVFRsRDEzMzY1bmdzb2ZVdFVPRjRtajZ3bE1sY1ZldGwzRkhYVnZXbV92ZWJNcGZvaGs?oc=5,Reuters,en,OPEC oil price,recent_middle_east_oil_risk,relevant,0,0,0,0,1
2025-05-27,"Oil prices ease as US-Iran talks, OPEC+ plans spur supply concerns - Reuters",https://news.google.com/rss/articles/CBMiogFBVV95cUxQbzllUzlNdlN6TGdYdDRuLTFoTHFVN0E4Y0NqdzN5NWhUQ09ZbVZGckJGSnZRaTJ6bGg2X1UzaHNvajZCRU9oQ1Q4dkxvSmpDem9iYVRDUEpNRXNZbVpLbFh6SHpMYmhWb3BmZm16dzQwcWFQZEQ4Q01NeUFyZnZ5eVFYSWw3QmxMOWc4RDh3VHBEaGViZF92RTdNcVE2Rk1uMXc?oc=5,Reuters,en,OPEC oil price,recent_middle_east_oil_risk,relevant,2,2,1,0,0
2025-05-29,OPEC must squeeze US shale much more to win oil price war - Reuters,https://news.google.com/rss/articles/CBMiuAFBVV95cUxNc29WSWY2d0VlQnJaZWN1S3JwNE85enhFbmM4R2Z0M0VDNUlNbGJYaV9QQ2RWcGR6QzFRUUY0eXZKdk9rYU44bjJ4WUREMmpveGJmYzd3ZC11elAtWWNhNEZ6UkNqUVFRNVZKeXpPZlEyckRHQVI4aHl0bWdYb1N2YTl5TExyaXJBZU81bmRDbDZPUzc1RTFBYkdqVnVsT3BQVmxRaXVCLWVva2haMEJzSVQ1cUNBUHBM?oc=5,Reuters,en,OPEC oil price,recent_middle_east_oil_risk,relevant,3,3,1,0,0
2025-05-30,"Oil price outlook weakens on OPEC+ hikes, lingering trade concerns - Reuters",https://news.google.com/rss/articles/CBMiswFBVV95cUxPQUdiVzB3VUdWWFVkMEZMRjR6TjFBbkNHZDd6T2JWRmRYZjJMVFU2Z21OZHF2eTlrRkZPdlpiVEJzQTBTOTJMT0p0YUtzOEt5Q3ZXeUlDQjdxWHN5eTJWeDJKR1pFekt0azhFWkd0ZDNydXdjZ1BsVUVHbHNLRWlWRElSZ0xNOWJidzNSZ2p0UW9Zck11SHNZQUstSUxSWC12QlZIRkFFRXRVY2xOX1d1M2JHTQ?oc=5,Reuters,en,OPEC oil price,recent_middle_east_oil_risk,relevant,0,0,0,0,1
2025-06-02,Is A New Oil Price War Between The West And OPEC About To Break Out - Crude Oil Prices Today | OilPrice.com,https://news.google.com/rss/articles/CBMirgFBVV95cUxNM0RGVkItVm9NbTV1UUVOQk9uelliY3pIczdmd0FheFNDV2VzUVIySE01RlV5YklRWjRoR1pKRHY0T1NvLVpQQS1BM3VYbU9fV1p0MnU5X0dGbFZ2ZWFPMWJSbXItX3FGQWxscEtTai1Ia19uYlpaR2ZJVmJtX09mV2VlalpxblBJOGhTQXpDdGttenNxNlc3VVEyOHpTbHlzb1NjVTVuVmF5XzZmWEHSAbMBQVVfeXFMUFctU1hSc2paSktFLTFteGVXaENsTmg1TjI3bjJZdjM4cTYzVllxTzJ5RnB6VFdvVldLRHlEcDdPZl9oTnhFSlNMQlU4aU5kSzUxaTNCRWRlcXVFRHd1ZUpaNUEyeFV0SDJuSUZ2X1kwc2UzaVVLckVmaVNsVW9NVkwzcy1fWWpPY3JtcUZsZThhZVV3LUxvVmk0NnRDcktuLWFqcWFjRFRVYlRZSUFiWWJpbmc?oc=5,Crude Oil Prices Today | OilPrice.com,en,OPEC oil price,recent_middle_east_oil_risk,relevant,3,3,1,0,0
2025-06-02,Oil Price: Why Crude Futures Are Jumping After OPEC Increased Production - Barron's,https://news.google.com/rss/articles/CBMifEFVX3lxTE1rUGcteVJGckM3eEtNYzBEb0tzdElKdUN0eks2S2R4RURjcmxzTWdKbzQ4TTJZRWlRTTVRUU5pN3JHMDZGR0NlZ0VFaTJzMk1HUTFHQmgzUGlTV0g3aWY5c3BaMXJsbTBlOGF4bjRfbnA4N2tNZHF6SzJMQjY?oc=5,Barron's,en,OPEC oil price,recent_middle_east_oil_risk,relevant,0,-3,0,1,0
2025-06-03,The downside oil market risks of a new Iran deal - Middle East Institute,https://news.google.com/rss/articles/CBMid0FVX3lxTE83WGVydXotM3lPTG53VDhwV0pFbFlTd1pEZXRoVDZ2X2JWQnhNMlRkSUhhVnhPc2FxdDlrVHJ2bXZkWmY0c2NBWElXYnNkUTUxNkI4OWNyVnVuc25Vbldyai1IWUViVTNpRHRGXy1WdG1XSmxFQ0pF?oc=5,Middle East Institute,en,Middle East oil price,recent_middle_east_oil_risk,relevant,4,4,1,0,0
2025-06-04,Oil settles 1% lower after US data shows large builds in fuel stocks - Reuters,https://news.google.com/rss/articles/CBMiswFBVV95cUxNUjBseWpnV3I3Qm5ieGJsdlhsNEVET256RmNCZlIxWE43ZlczRUFLdll1dHRqWTIzcXc4OUpxM0NHSHI2NGoxVEUwTWNGNXlSMHFzMVdKVjlwdnlrWXQyMXVBVERjc1N5c29MS2x6R2R4Z0UtbmRCTGw1ZVI2cTBzTmJkTWIwOTFLUkJwRmFNWjRfNUlaWkluaDJOX3dqWm5US1NOMW9QRTdHUUFfVEcyQXplOA?oc=5,Reuters,en,OPEC oil price,recent_middle_east_oil_risk,relevant,0,-2,0,1,0
2025-06-12,Israel-Iran War Highlights Middle East’s Diminished Oil Influence - American Oil & Gas Reporter,https://news.google.com/rss/articles/CBMitwFBVV95cUxNT0wxRDFINWp2LU9nVG4tYWFaY1l0TFhOZXVCTUNkVGgtdFpmV1BBS25nTEExRzVjNVF0STBraHRRWW5meEg2VWJkOElWWUFPc21veEhpUnpNMXV4aVNSTmRXM3E4ZHlsQ0JObk92YzM3VmVURkxGWVFiaDNWRE9RRlhKVnRlc3VjY19kemJsN2hFYmdmcExBLUkxZmNZNndtWDEyRGcxOGNPWXFLS29uWk5scVZLVzQ?oc=5,American Oil & Gas Reporter,en,Middle East oil price,recent_middle_east_oil_risk,relevant,7,7,1,0,0
2025-06-13,Oil prices jump 7% and stocks drop as Israel-Iran tensions escalate - CNN,https://news.google.com/rss/articles/CBMijwFBVV95cUxOOFBSeEhRQkdOTmxPdFprdkxaSVBCa1pxWlhjaUw0X1NQTmozanB2dTM0cmxKSm1hNXVsOV9wNEZ6OXFXVzdwNUxFRmtEaTRKakc5enFmTWM5ZzBHWjlNRDRxcmc3TG44czlJQzhDRXBHQTNud0pNT2JTbU1WQ1JId005NnNnMmxRc0FyOHJwdw?oc=5,CNN,en,Iran oil price,recent_middle_east_oil_risk,relevant,2,-1,0,1,0
2025-06-13,Why the Saudis have been driving down the price of crude oil - The Hill,https://news.google.com/rss/articles/CBMijAFBVV95cUxOQjhJUW01YzdvSDN1U0pLQURycFZOMEM1U3ZTS2VfTzJKU1hJcGgzdUdFLUpVdlMxX3lZa3lTVTktV0Mxc0VIYlQzS3oxQmhoX0hzREppRU9TUlB3dVd3d3pWMGxwRVlMSUlHcjdBTWtyamk5Y0tVRnhsazlSUVNET0NnelRlWXRFend4ONIBkgFBVV95cUxORkhiVlBzTUp4RDBoMDRKelhxR0c4UHNIdkZ5LW9lWllmdDFMNTNyLVl5LVNvTWRybFVyU2NpT2RWc3hZUFpzT0RWSENjYUlEb1VXZUw5NkpYTEdDVlNoSk1ZN2Q1bjRtQUFOZGpDUU1zNkpoVmlNVzUzQkJsdlJ5YmlYNmc4WXRDaVFMWHNhdTQ0QQ?oc=5,The Hill,en,OPEC oil price,recent_middle_east_oil_risk,relevant,0,0,0,0,1
2025-06-16,"Amid regional conflict, the Strait of Hormuz remains critical oil chokepoint - U.S. Energy Information Administration (EIA) (.gov)",https://news.google.com/rss/articles/CBMiY0FVX3lxTE9WNjFNLVBlTlRtMHZJSzBDdmhkRjJ2MFRkYXpFZVVJclhxSkVzLXlTblFUZlNVUHozNnJQRmI3VWEwYkJHcWVjNVlfa2YyeUl6X1pYczJTbVdTaGptV1Z4R0s5Zw?oc=5,U.S. Energy Information Administration (EIA) (.gov),en,Strait of Hormuz oil,recent_middle_east_oil_risk,relevant,6,6,1,0,0
2025-06-18,Strait of Hormuz halts after US-Israel attack on Iran - dw.com,https://news.google.com/rss/articles/CBMipwFBVV95cUxNUGwzTlFlSll1RGt5NWlkcVZuc1NNR0xrVE9DWm5GX1lHYVVBaUR1X1VZOEV4bVpDNC1tMmJFVllWV251VUs3Sy1WRmhvRkQ0ZmVJY0l1S1NvaFNiVEwwWldIT2hQY3ozTXdCbUtpOUgwV0VmQUhoeXR3am9ZM3ZDUUdXbHNMNTNlWUlVWVV0anlxcFNLdk1mNnB3SEIzOWdFZzVZQ21TQdIBpwFBVV95cUxQTDVPbXA2c1VHMExaTThLRW1YLVhmNURWRWNTS21qUElzNUViWElrRkU4a0hteVlIbVRELUpSNFg0am9oRDEwQ2x1bndlUjFZVWt3R3UwbTVnZ1l3ZU1TbFRwcnd1NXVDUFF5cVJQVkUybGJVWlI4UUxaSWZMX0laSEVNQ3hXM3BPMGRfeDRPSlJGM0lQMjA3WVFKVlVkajZpVnlpOVhNUQ?oc=5,dw.com,en,Strait of Hormuz oil,recent_middle_east_oil_risk,relevant,5,5,1,0,0
2025-06-19,"Oil prices up nearly 3% as Israel-Iran conflict escalates, US response remains uncertain - Reuters",https://news.google.com/rss/articles/CBMivgFBVV95cUxPUk9pYkhjZW45c25kc2REU0RleEpJQWpDcFVmUVRSTTdmbVhVWm9nVnM2dkl2eXM3R1BNb0RHblZDOHA3UHFkbGdadUpVbEgxOFN3cWdMUzJ6RFN1bkE0Rkx6c0lUTTRCRFBTV19wSWpjS3FJS0ZlQlJGUWVaTkVPQmpTM1E3QnBaZTZfNXprZUhtS1RiZGhMQjlPWFNfSXo3RlZsR2pCaGpFclo2U19Xdm1aWEcyWU1NR0NHa0lB?oc=5,Reuters,en,Iran oil price,recent_middle_east_oil_risk,relevant,5,5,1,0,0
2025-06-20,How High Will Oil Prices Go on a Middle East Supply Disruption - Crude Oil Prices Today | OilPrice.com,https://news.google.com/rss/articles/CBMirwFBVV95cUxPa1RzX1NXdXd4RU1jZmRPMGVxSXkyVWp6bnJ5Tmt4UDRwTHMwbXhPMXpPd2o0a3BZVVNoQjdUak4xRlB6Zy1Pamptem9CaHE4ZHlkWnNIM0x2MjJUTkRIWHdBMkNkLVhjZ1VVN0ZTRXlpNUk3dFg1SjNIaW5DcHRCQjl5cFhOU09nRmlqVUxEMmM2S0tPekI1dms1VlVteENvblg3NldTZzJFQjJsc2ZJ0gG0AUFVX3lxTE94bk41dUdrZVM1OXBEMk5qVHNLdjFJbkRBWUdjR0M5UUlVVkR4Y3JlelVqM2x4SEVqYWpPZVhYMnVkelpmS1RWVkVadUluM1c3dmUtQ1RxcU1Da2hPMXptdWc1ZDFweWJWVDRMRFktSU50MmVPUnFCQXNFQ1NUaGh1dTIwYWdhSjA0U1pKYlBPakJtSG1DRU9XRkx6cjlvU2dTZDZHWG9VeFpxT1RyVUprWFRCOQ?oc=5,Crude Oil Prices Today | OilPrice.com,en,Middle East oil price,recent_middle_east_oil_risk,relevant,5,5,1,0,0
2025-06-20,Week of Middle East Conflict Pushes Oil Prices Higher - WSJ,https://news.google.com/rss/articles/CBMilAFBVV95cUxNM3d6eUhzRm1lU1pRR1dGamlYLTRHTHJXY1JUZWg5UEVUVlRVcG51dlRPMWpEdDJIZmZwMjFlVk5ZRi1fMjZXS3pHSGNRTkVFcXk5TTlhV0E0Ym5kM3JmWVRQX0ZEVGcxYlB6VEtJcmRmQUt0V2l4SWJNV2NXX3VfaG1qd0FXSWNrdG1lYi1SMFFGYXk3?oc=5,WSJ,en,Middle East oil price,recent_middle_east_oil_risk,relevant,5,7,1,0,0
2025-06-21,South Korean fuel prices rise for first time in six weeks amid Middle East tensions - aju press,https://news.google.com/rss/articles/CBMiW0FVX3lxTFBIZGRrWTZDZTBjNUhsZDZXTWhzTFRiVGtUeXJTYWZNYlo3RXdnWDRkRTVEbWdDeTdtaXQyQ0VaQkNPeVBBcWNVbC1JdDRyYXZhYlUzU0tQTENhd2fSAVdBVV95cUxPR0pha1dlVjFXOFVfMm9PZE1STzdnbW1wRDJtaTl2MGs4R3U0ZC03Y0NNQnZiLXB2YjBnMGJCcGJidVhEWndpbGprOFh6d3JNdHpKZWNvNTQ?oc=5,aju press,en,Korea gasoline price,recent_middle_east_oil_risk,relevant,2,4,1,0,0
2025-06-23,"Oil prices dive, stocks jump as markets seek reprieve from Middle East turmoil - nbcnews.com",https://news.google.com/rss/articles/CBMiqgFBVV95cUxQOVdpeVhGc1NNXzNyOFZBX3QzcUtBRXByWklMbkVYTTlwZnlQREZpUFlpanNqMmdwUjFzRjF2VS13VG5DUE44Uk13M3VaU3VWbWRWZGxiSW9uejJDZjVzZUcwd0pUd1hOV3VCY1VJUy04ZkZhcl9zQkc5SE1ub3ZHbjlYbUZEM2luTTl0anR4MUlLQnVoUUhWWXcwUlEtWFBKVkp3emhjSzJPUQ?oc=5,nbcnews.com,en,Middle East oil price,recent_middle_east_oil_risk,relevant,2,2,1,0,0
2025-06-23,The Strait of Hormuz is a vital route for oil. Closing it could backfire on Iran - AP News,https://news.google.com/rss/articles/CBMimAFBVV95cUxOSjF1b21uNUxMUE02NVl1bjdLQUhXX3FxNEFkX0ZyNUo5b3JLRlFoc0Z2Q2tFU1N2VWlQbTBBbzNMa0hCbjY3ZXBIVVZOeE1LZjVPLXlUaXhaTVRKTXJJZ0JVUDN3aGduelFfcm9tOXFEbTE0ZEM5dVhMNm45Z3FkcF8weU12cm5KTm9JZWNEbHg3T3ZwXzg4ZA?oc=5,AP News,en,Strait of Hormuz oil,recent_middle_east_oil_risk,relevant,5,5,1,0,0
2025-06-23,Iran oil doomsday in Hormuz may be more fear than reality - Reuters,https://news.google.com/rss/articles/CBMiuAFBVV95cUxPODRDTVdjOGIxQzFZZnpKYkhlaHlOWGRCZVFPdFJ1MjBRYU5GQWtrYW1qcHROeEVOcHl4Smcwd0wwdHFjcnhqb1hESFBUVmdya3paVklPVVdPckpLeU9FYTlzSEV6OUJic0Zidkd0SDFEWlI4ZjM2eU1MQllmTTBicVU5LWpsY0pRQ2JGM3gzaU1DRUJicUllSnRXQUlXSE1RN2JCZmloTS11VUdoT0w3R3NuNVliU094?oc=5,Reuters,en,Strait of Hormuz oil,recent_middle_east_oil_risk,relevant,5,5,1,0,0
2025-06-23,What is the Strait of Hormuz and why is it so significant? - CNN,https://news.google.com/rss/articles/CBMikAFBVV95cUxQUzY4cEpYQTBoV1dJbHdOcGJMLVdza3ByMkdLZHhhZkhTV2h6cWM5TWM0SW9IejBxUjdRak9FSk1zZm1oTzVIcFJFSnMyc3lSU1Y3U3NOV2xFQWNTSDlKanFCY0JYR25xbThyendhZXllUmFBWEo5ZHV6ZWw0UFlibHZYWUdCYkZpNU1jbEVsMzk?oc=5,CNN,en,Strait of Hormuz oil,recent_middle_east_oil_risk,relevant,3,3,1,0,0
2025-06-23,"The Strait of Hormuz is a critical choke point for global energy markets, but there are ways to get around it - Fortune",https://news.google.com/rss/articles/CBMirwFBVV95cUxPVXA4a0hVaTg1aDl1RjdrUXhQeW5PZnZIMF9kdk5ONjBKTFNKdTM2ODFRYUZHSE9hYUFaZm5qU2lzVmtTLU5wQ21wVnlfNjYyN0ttWkczRWpnVE1CT0l0M01YSEt0OEJtRVNyTjVBd1N2bU5sRnplMEhwX2VrMlVwUzdBTUo4XzZJVHA2RVJici1ubVVfb0RqdGQtTDRFUmhnSmVmMGtsdjNnX1dFa3Fn?oc=5,Fortune,en,Strait of Hormuz oil,recent_middle_east_oil_risk,relevant,3,3,1,0,0
2025-06-23,Strait of Hormuz could be vulnerable to Iran retaliation. Here's what to know about the vital oil trade route. - CBS News,https://news.google.com/rss/articles/CBMihwFBVV95cUxQQUVpeGpnNmVxOXl3ZG1aTDNuZFBsNEc0VlZlSTR4UEI3SHRuRS1HODBBbmJOQ0VRaVZRbHotOGFQSHFuUGtzY3lETllsbFB2bFRNVnNPbVpGZl9Pek5ISU9Wb3ZRRjRkRTdscmRBMnBuNG9IanNRSlpqVTlRS1hpTXZBamkzbTDSAYwBQVVfeXFMT1F2RnZPVDQweUhQV2FLNTl4TWNweHRiUEd5S2JSUy0ybWpQOHRWUEx5WXFjT1RoT01CMVNOMWZnemR0MWVYRnpPZGRpeTZvdTBsbG0yZ0hjWEJRc3BzanZRVnRTeXRzSUh6TXpRZFZTMjVVc1BBa3dPWDNkQ1J6aWNfQUVsSVZRbnNnSkU?oc=5,CBS News,en,Strait of Hormuz oil,recent_middle_east_oil_risk,relevant,5,5,1,0,0
2025-06-24,What does the widening military conflict in Iran mean for oil prices? Here's what the experts say. - CBS News,https://news.google.com/rss/articles/CBMiogFBVV95cUxNN1BiNVA1Ni0tclUwek9UQVRNaVhMWThKQ3hMOURFajdVeW1JTmhkbVZ6YTQ5LU5mSlJBSDVxdS03VVQ0bk5aOWc4aC04ckVZdGJNLUh6dTZwdm1YUm5PenZQWjFHMktVUWxrbmlSYWVBazM3ZGo2c3c1SU9nQzlLOWVLTldZd2x5d2w4Zy1FMWRFMDY4MkJsWHVvUVExZmRaRFHSAacBQVVfeXFMT2lXNFgwWnVQeUFKcFA4NmpGWnVaYXVXMTk1QTlnVURpUEV2LVpIWTZ0YUNDakxaWXItMElyMVdvSDJxaHJyUWVmNEFidkE0RzE0SkVNYmZqaDBoNzh0Y0p3cEF3eklJR3c5a0FXUnNSRzVkM0JPUkMxT2R6MFBib2FqX2UwdTNKd2xQbHA1dktiSDhoRTlyNU4yQ0NybGJvZ29kOUpfUnM?oc=5,CBS News,en,Iran oil price,recent_middle_east_oil_risk,relevant,5,5,1,0,0
2025-06-24,Oil is falling so much it’s now cheaper than it was before the Iran-Israel conflict - CNN,https://news.google.com/rss/articles/CBMiigFBVV95cUxPalhwMnVNWEUyamtXUDFWbmJEd2hoZmxib2d4NkU3SmRXckdhVkRjcWotcUliSWhYblVpcnd3NHVrR2IydFRybnh4OVBDTGZ6Uk9EZ2ZjVXFxVUozS1NQSDM2cmtsQTJuWjctcGd2cjFXbGVIdG00c1NsVEU3b09sQzg3N09GblVnUXc?oc=5,CNN,en,Iran oil price,recent_middle_east_oil_risk,relevant,5,2,1,0,0
2025-06-25,Why a war in the Middle East hasn't sparked an oil crisis - NPR,https://news.google.com/rss/articles/CBMidkFVX3lxTE9ZdEk4ZVNmVTB4V3hSMGtJVzZ5MDFSMmZDendreGg2eWNGZ055NDNzclVhSTNQeVNCU2ZTaUxYVHM0c01kYTIyVVVuMlhVd3FsQUFfd3VIWGZaOFZjbWtab2JMbGJ4NVkxY3JUZ1VxOHc4dDJkbXc?oc=5,NPR,en,Middle East oil price,recent_middle_east_oil_risk,relevant,5,5,1,0,0
2025-06-25,"What Is the Strait of Hormuz, and Why Is It Important? - The New York Times",https://news.google.com/rss/articles/CBMijAFBVV95cUxPMzhVN0sxak1RQVBVZ1VXYl9UMTM0dGdVUjBvZFZWUzZCcm9XY3F0QlBJVUQ4WGduVGN4aWkwZ2FJc213cmNteHZQYkxfZ3BqSDlOUGhQVVJuYU12Smc2VjZQSjNoTzRFLVgtR2lkRmpiM28zMUZKZ3N0VkplN0Q1TzU1T2F0d0dEeDVRWA?oc=5,The New York Times,en,Strait of Hormuz oil,recent_middle_east_oil_risk,relevant,3,3,1,0,0
2025-06-28,The Decline of Oil Power in Middle East Geopolitics - Crude Oil Prices Today | OilPrice.com,https://news.google.com/rss/articles/CBMioAFBVV95cUxNLTk4X2dpNGJKdW9KNzN3eHJRMTRGbkUwTzJFaFBVbENudnNfcm4wZzFQcm8xYXFyVHdDbVREWDFLaVlMa2tSY2ZSUG92UmppbHpGNWw5SzNKZGlJQXp1NHN4blpCUFRaejF3ZVNMT0E4cW9uN0pBVUdSdHdYbHBiSl9PUkxHQ2sxSzRLNWNJRE1HcHAzSV9NMW5GQ2xRR0p40gGmAUFVX3lxTFBpVlZ0bzZ6ZEp3aHR6MmpfUy1fNFFvYUF1Z2FNLXF3QnVzejNPZUduRXZoS21zM0JpSDgwWlBCSDNhUEFSU1F3NXpkdHZHeEpKd2lRVXV0R0Y2Qm5QbkRKaEpXd1RheXFuZzRLOHc4WGw3NVotQl9KQUNsYllMN0N4MG5sQ3pFM0RnNmc2Qk51aDM2SXFXQzU2SzhFUjNJWFVqQkljRlE?oc=5,Crude Oil Prices Today | OilPrice.com,en,Middle East oil price,recent_middle_east_oil_risk,relevant,2,-1,0,1,0
2025-07-05,OPEC Plus Agrees to Pump More Oil in August - The New York Times,https://news.google.com/rss/articles/CBMif0FVX3lxTFAxaGpad0ZOcTlZc05tLXJ4RkVMalZFT184VUtjR3RyRmR0Zy1RaWQ2c2xxREFmSWVSYTZCV2drUzl1b05Zd0IwcXV1a3dscTZTOHEzZTI4SXJfSk5BZHl0QURvejREd3FCaVhrWlBDZG9POEplS1pDVjZnbXlEWGs?oc=5,The New York Times,en,OPEC oil price,recent_middle_east_oil_risk,relevant,0,0,0,0,1
2025-07-07,Oil prices expected to drop below $60 on increasing OPEC+ supply - Yahoo Finance,https://news.google.com/rss/articles/CBMirAFBVV95cUxPOGZTeDNnbHl0ZHJSM09CUWZ0LTl0ejdpN3Z5Yy00QXlhVktBcmI3blZSYkpFa3BadlBhNFJZeXRDZVdRa0VWVi1nVlM5YXd5LTRWOUxKajY0VWE0am4xbnlrSFVYRGxrOUlpTGdnc1gwOXNhSzNEVFNmc1FQVmkyTkluVml2d2VXRGNCZEJYZFJSMUVTcEJsUEZjcWVsYmliNG1iLU9FbFVqMklw?oc=5,Yahoo Finance,en,OPEC oil price,recent_middle_east_oil_risk,relevant,0,-3,0,1,0
2025-07-07,"OPEC+ is pumping more oil, but is it needed and at what price? - Reuters",https://news.google.com/rss/articles/CBMipwFBVV95cUxNQzdBN3ZVdnJDaUZJNEx5YXY4VnNsUTZKRVhjUXVnbnlYTDF4ejB3OXk5dEF6RDFuaVNBeE85LXJWendOQlhla2dWM0M5WmhHV1ZiREthaG8yZXRIbklVbC1jajFrazJ0RDUwY1Z5UkNDeTg2a2haOGJDeHlLb3d3alE0dXN6MjJaS082bTBZNGEwRzJLMUtxal9uMkNGOWREZU9kVDJ3aw?oc=5,Reuters,en,OPEC oil price,recent_middle_east_oil_risk,relevant,0,0,0,0,1
2025-07-10,OPEC Says Global Oil Consumption Will Hit 123 Million bpd by 2050 - Crude Oil Prices Today | OilPrice.com,https://news.google.com/rss/articles/CBMiswFBVV95cUxQZDZuYktpQzJLS1EtOVhQRkgycmxGMHJlbjlubDhDcW5HSDUzdUtFOWRZbEdFTnJHQlh5ZnpxeE1Rd21OazNHSXUyR2oxTkt3VUY2NnhVS3kyYnVKS21BSXhoNExnMUxKQ0FTNVlscFpjZmY2VWhmOTRvQkg0UEFEMnRtTWtmVEtWMG5iYjhVSDJJdnNsRDVta3BMckQwMEl2SmJNUGFSSVhubkpJaEFUT2hOY9IBuAFBVV95cUxQMjhIU3NySmhwSVUwb0lfRFY1SW1sRVYtNE43bXhZYjhuMmJEWnJMVTlfdFFzYlVVM2dWWEtEZ1ZrVVdUTkZHU1VSbTVXM3VGRU5pWFF5eWJ3NGlhS1hlekdKa3dCMl9xU0taaE04OGRpOE9tcGpFb3FvMDdtdUtIU2ZjNndtTFN5Ym1xTE5YWld2SXloZktZR0dXbnJmRTEydllCRkJYVHoxXzhqeE5RUV81S0cyZ3dl?oc=5,Crude Oil Prices Today | OilPrice.com,en,OPEC oil price,recent_middle_east_oil_risk,relevant,0,0,0,0,1
2025-07-11,"Oil rises over 2% as investors weigh market outlook, tariffs, sanctions - Reuters",https://news.google.com/rss/articles/CBMisAFBVV95cUxPNzZwaVRjMXRteGlBV1YwbmpFWWlYcGdVWE8wN3Jxb0UzektOV3Q3RDlfbThQLXpsVzIyYXdfNDI3cm9hZG9BTDM0TTZLb0tTUDBCekQxTU1pUkw3RC1kUUxUOGE2M0FBM290czBVVGloT1NHZGw4RG0xZE9uMl9ZaGlVVDUxV3Q2Vk5ZN0JPRzZfSXEtcndKSDJVbDZfTC1kckJBLTRKUlNhMUg2TVdKcg?oc=5,Reuters,en,OPEC oil price,recent_middle_east_oil_risk,relevant,2,6,1,0,0
2025-07-19,OPEC Is Playing The Long Game - Crude Oil Prices Today | OilPrice.com,https://news.google.com/rss/articles/CBMigwFBVV95cUxQOEhMVHFzUzFaVU1FdDdmQ1JhTHRoTF9YWWd4U2hFYUc2SVFTRnFRTUIzek5vVEgtQ1hYak5SSTZNOEpMRDdXaGw5OGNYdF9aU2NkbVYwZ3ltR3JnQ21HS250WDVtZWtfcHZkOEFuUDFEdmhkdlRFblQ1dW5vZmpTRkc4ONIBiAFBVV95cUxNNGYtUE96RnVzOERWblNYQ0R6MXVqamlFbVZHZWtkUWdTTmJCMldIREE3RUtnNUg1Mkhydmhlenp3V2NvTEloNUpaZTlqQUs5ZDE3SzRtWDBkcDJBdUQyX3BkTUVFaXRHb0VYNy1uM1UwMU1jYUVBQk5ta3Z0eHNVZkRZWE5ubzJ1?oc=5,Crude Oil Prices Today | OilPrice.com,en,OPEC oil price,recent_middle_east_oil_risk,relevant,0,0,0,0,1
2025-08-06,Petroleum prices reacted to economic and geopolitical uncertainty in the second quarter - U.S. Energy Information Administration (EIA) (.gov),https://news.google.com/rss/articles/CBMiY0FVX3lxTE4yODRRQksydENiblZUc0pGaEpKM19GT0xGOWhHNjFHYUpiVlRzYkNENkt1NzJySHBRZW95YjdBR3Z3NFEzZk5CdURieFVTVDItaUFweGpTbVdOU3BEeUV0MXdiMA?oc=5,U.S. Energy Information Administration (EIA) (.gov),en,Middle East oil price,recent_middle_east_oil_risk,relevant,2,2,1,0,0
2025-08-06,Why the oil market is tight despite big OPEC+ output hikes - Reuters,https://news.google.com/rss/articles/CBMiqAFBVV95cUxPTzg2N1RveHV4MUFCYjZSejZsV2hIMmRLUzRUQW53TGw4eWljbDNUVjY1RFZBM2Q1QnVRMmIzVkd3aVUwdl9PaFZEcUtMS3JESVBNaXhxc3huTkI3MmhkdjFHeUpLLXk3WHNIb1BKSi1KQnU1OG5MYWoxVEhPbmxkXzl4cUF2MnpjWm1kUDlkMFUtQmtKcWFhc2NoYmg5QjhCR3hvZDZhY0E?oc=5,Reuters,en,OPEC oil price,recent_middle_east_oil_risk,relevant,0,0,0,0,1
2025-08-12,OPEC Raises Oil Demand Growth Estimates for Next Year - Crude Oil Prices Today | OilPrice.com,https://news.google.com/rss/articles/CBMinAFBVV95cUxQMHhIY3FLamhxeU5Nb2VNcXZzdUFmalZaRUZUZWVQcFlOcjlIcjgxT3NMSnNLR1haYktzOWFwejdVNGlkdnFJVjJSRS1ZY085dTlyMnFoVHNtZzJVN2dYa3VRcWt3Z0VNbmRCeTQzemtPTThtT1dSNWZrNHBEcGRUOFRjb2dNVzZheElNVlFtMy1ZMEhGRU9aUy13blfSAaIBQVVfeXFMUFdMT1pKbWVMX2xLaVRwSVdvQ0FMOFVGVmZLSFZCTVd6SjNIY3FyRlRtWFRMczcwSGpBMElxNVpzTC00SnljUjRuUzdvV2ZiS0NCS0JhN1I1UzR2QXVuMlQtVl9peVJtcUw4NjV2V3pPNFBMNi1zdnpKWDI0c1JLbGg3RWs5NjZaaEszRmtNWVM2N29GSVlhQnF1NmZ4TmZBeUdB?oc=5,Crude Oil Prices Today | OilPrice.com,en,OPEC oil price,recent_middle_east_oil_risk,relevant,0,0,0,0,1
2025-08-21,Middle East geopolitical risk modestly affects inflation and inflation expectations - Federal Reserve Bank of Dallas,https://news.google.com/rss/articles/CBMiZEFVX3lxTFBzYURUWVdZT0ZFTUZXWmNycERRQUFIQVNmZllaRmJjMjIteWIwdzVXMmF5YktXY003NkhITlZFcndadVFoamQzOU00N0xyRzlBZmVqODFib1hJZTdjZkFhVXI2SUM?oc=5,Federal Reserve Bank of Dallas,en,Middle East oil price,recent_middle_east_oil_risk,relevant,2,2,1,0,0
2025-08-21,OPEC Is Pushing Down Oil Prices Despite a Cash Crunch in Saudi Arabia. Here Is Why - Arab Center Washington DC,https://news.google.com/rss/articles/CBMitwFBVV95cUxQYmdhQjlPMHQxa3pPR3RRZHhMcjcxbDExNDloMHVzS09pTXB3V0tKWDU2OXV3OGg4elgwc01lR1d1NzRSc3JsZVRuUFljel9XNmdjSjU1ZXJVUlc1RUVHYUNIWHFYR1IzdjJTWWlOcWRJUF9SUEZwWWhrcFdFR1NmRTdPcjMyaEFGVGttSmhLUnFNbWtyZktWV28zUlFKWGlieGZnWU5XTmZLZ1lQVGdYNkVWbzgtS1E?oc=5,Arab Center Washington DC,en,OPEC oil price,recent_middle_east_oil_risk,relevant,0,0,0,0,1
2025-08-24,The Middle East Oil Refining Boom Has Created A New Pricing Mechanism - Crude Oil Prices Today | OilPrice.com,https://news.google.com/rss/articles/CBMiuAFBVV95cUxQN1EwRGRoX1lNRGJCYk5ZWlJqQjhfMmxlU2lrUFFlaGxKTGZ2SmZwZmJadWVhLWpaV0lUcFljdUJaYmc3THdvcS1DZC1kLUtJSktpNWQ4enFkYWNaTjAyMy16dk9nWGRLVm0taHJhMXBhbWsxYkl0NE9DMm1VRU51ZGd2SF96YVZXMnhvcXZUaWp1WWJTeWl5NV8tVFVmVFA2ekluTzZhSmlmWDcxUmVUeERtVnhKSkFC0gG-AUFVX3lxTFB5QXBzTThWZkVrYk9QZ3V1NnFUU2daVmFlaXBhS055bVhTZ2lJOGE0bk5BT05hbk5YQ0dPN3VYMnpIVzVBNXJidHBlYjVPT21Lc3JrM0ZHOWlnYlRySktHMmlXZ0JQMlJiREtwdHItQnJJWllDckJXdVFidWFkY0Z4X0xJRHdjLXNLNGxNMFV0ZTJaNnZDSU9SS2ZDQktNc2plQzhOYlY4V3I5bDItemdhMGNjTTJTMmhoZ1ktTUE?oc=5,Crude Oil Prices Today | OilPrice.com,en,Middle East oil price,recent_middle_east_oil_risk,relevant,2,2,1,0,0
2025-09-03,Oil Prices Dip 2% as OPEC Considers Ramping Up Supply - Crude Oil Prices Today | OilPrice.com,https://news.google.com/rss/articles/CBMinAFBVV95cUxQVTU2Z0xDOS1NX0hvNGIxRDdTNzhodVZxcjNDNnZiclhRWGx6V0ZTaFVjZTVjNHRNS2VSQjZJaldQcjNpYVE0bnlYMUwtS1Bzcng2Zml2UXVfLWJ4eGU1OWNMdExoZUpiVXNXcW5XWGE3c3N4OFRSVzdtOWlMZnd1YV90YU85V0wwaGRfUVpPOXFpNUZGWDNkZjExU2XSAaIBQVVfeXFMUHdWVDdqUXRPdkJwanRFUG9iV01OSHJLbmt4Zkp6ZTBuSng3Ri1oZGlCeUJVdEtQQlNQMkdJVV9lRUJxa09DR1JSSm9oRDBNcHhvOFFfMFRDb1o2REtidlNHSFVwckRRZnRscUJjMmpDQld6WWFoVG1nWGZpMnpJSjVtaTcwY0NtZ2hPaFo4Ul80ZE1xMVh1UzVua0gyc0lMT3V3?oc=5,Crude Oil Prices Today | OilPrice.com,en,OPEC oil price,recent_middle_east_oil_risk,relevant,0,0,0,0,1
2025-09-07,Oil Prices Rise After Producers Announce New Increase in Output - The New York Times,https://news.google.com/rss/articles/CBMiigFBVV95cUxONU5sWGRoMEp5NS1IVkdaYTJLc3NtQzdIeFd3TENnQ2tPVVlfUnVnWmtNM3dlekt6eV92OHJQTFVBMG9PMlAtcmxPMFROQm9CbWFTQ0NGSHBabjk3MDhidXc1UHNSblQ5ZEJkVjF5WFJfUDNXTXpoSWpNUDhOZXNzUTdZU0xtTDBQb0E?oc=5,The New York Times,en,OPEC oil price,recent_middle_east_oil_risk,relevant,0,2,1,0,0
2025-09-08,Oil settles up after OPEC+ opts for modest output hike - Reuters,https://news.google.com/rss/articles/CBMiowFBVV95cUxPU1BsTjlCTnM2cGt0ZEs2bXZITi1uTlpSYVBQVWVIUkJJZ0s4bXVKN3ozTmlvbThhV1RxQ3RqNlBUZGR3U1ozRzBrZUV5X256N1E0Z0ZiZ01CSDkzb1VqaWoxZDFQdzhSRmlsdkg5bG1MX2NQYk0yakFvNy1kNlJTbHlCa2hpS29Ra0J3V1pTWGVIRENFZ2JZZHlnRmNiY0xNOFZv?oc=5,Reuters,en,OPEC oil price,recent_middle_east_oil_risk,relevant,0,0,0,0,1
2025-09-18,What's The Real Reason Behind OPEC's Surprise Oil Production Boost - Crude Oil Prices Today | OilPrice.com,https://news.google.com/rss/articles/CBMiqwFBVV95cUxQWWZnQ1hFV0pCM2l6YWlhbXY5OG16N05mb1M4MHVCLW91cEhmb21wd09pdkFXU2EyN0ZTSE01aGhoYkpRbndjVVpvNS03ZWZhWlVORERac01NdVVXYjJONEx2bmhnb2dwV0FmNWdfU0ZtQjRkSzJnYUNjanVhenlQeXJ4Qnppcm90MWZxWkRNMEFuU2Jmd09CV3ZtbWh4SzAyeG1EblhwLTNoREHSAbABQVVfeXFMTkpRTXRtRGV4SzAzNHFIM1Z4cEVSZ25DRkVMSHdwZnIyUGhkREYzelhJOFg1Y1BXQS1sVG1Rdlhkb1NLS1A0Z2E1R2ZPRVFkNDBPQWJ4d0htclNxM2dkeE5OSWtEcGlCR09EZG9lQUU3UEdHZnlxS2ZqdlRaYVZtQjh1TGUwREVVd0dOd2tDanZqWUJpSTYtQjhBXzFCYkFCdEVQSnFYcmxBYnZVd0dFMko?oc=5,Crude Oil Prices Today | OilPrice.com,en,OPEC oil price,recent_middle_east_oil_risk,relevant,0,2,1,0,0
2025-09-26,Forget OPEC Warnings The Real Oil Shock Is Happening Inside Russia - Crude Oil Prices Today | OilPrice.com,https://news.google.com/rss/articles/CBMitAFBVV95cUxPeHRjbFVfcGdJYTFGYm5VREN6N3dBQXhUb1RJbk5SdjJMREtGSjJsUXZONmcxTXI2cE9qTDZhOHlJNTlvVTVHN0ZvMWFJb0oxQ3AtczZHTDJybWdHMTFwZFBfME5iZ1Z0VmtKeXloX3owVVpaak5RLXBqOVV3ZWsxNHBXYUZad1hwUzFFeHEyZGl6LWd4bnBORXV2c0xNS3lxQllic3F1dHhETmpIcGRPQ3EweW_SAboBQVVfeXFMTm1YYVlmbllnMHRiNFJZMUItRmhpaFRQX3dkZ1poT2dlRnFISW82VDB2ckR5Y0RBMVFxcUg1MU9kdVY0eklSbUJETWNlU001cHBDaW9zSFZwckJCT3psbllVRDNtcVRGdVVKdVAtek5PVUltTGNpbnlJNU1FbTNsNlJPSzY5dW0tbWJXcVczcWI3S0YzS09yTXFxLXdFWUtNa21rSGt5elBCS1JpWmtwWUUxU0dLcTRMem5B?oc=5,Crude Oil Prices Today | OilPrice.com,en,OPEC oil price,recent_middle_east_oil_risk,relevant,3,3,1,0,0
2025-10-03,OPEC Reuters Leaks on Oil Plans Again - Crude Oil Prices Today | OilPrice.com,https://news.google.com/rss/articles/CBMimAFBVV95cUxQbDA0NFRHZ0VFa3RlLUxfeTFJaW9QTUswQTBZQ093Q0g3Z0VoeEtocXgyQ0lqZHdFV2toTXhPV29aa1hYZGxrWVBkdk9jdS15Uk9oeFU1Vjd4SFRxcEN4b3pKUjFPODRHS0VDazFwQ0FkYWV0d2FSZ1V5U3AyM0NOWUM0YUtWdWNub203SzJRb2VlYV9jb1R3b9IBngFBVV95cUxQb0VTTDBwbGU3TVZkcWNvRTAzWGNXTTNQOWd0c3RyMUZIYmE1b1NFcm9CcG5xWDRPZmc4RlUxMUJJMEdxRy1Wb1BNc2g0SV9SR1JQT2hzZzJIcG5pbEhQUUxJRno3aW1JX3JLaHc1Yk1iR2dKUE5ndVZzRWxHZUZ1eG5YcTRMOGFLaXI5b0pGeFhBZ3g4MkhCcE9DWDBjQQ?oc=5,Crude Oil Prices Today | OilPrice.com,en,OPEC oil price,recent_middle_east_oil_risk,relevant,0,0,0,0,1
2025-10-05,Oil rises after OPEC+ hikes output less than expected - Reuters,https://news.google.com/rss/articles/CBMirgFBVV95cUxNSG5taWR0RkoySDRTUEhxcFk5OGxsV04tZlNQb3NhOVY5QmRwRmtKZlVxNXd0RUJybk9CRWJBalFVanl2b09fbUE5Qm8wTVAtRndwSGZnbHZMVHVsYnhxSmJONmFiVUY2U2IzdUE2dXl2ZWNwSHFrZzF6blktc1ExanYtQ3dCQWlQTmd6c05xTU1MNEVFN1BJWjRabzNFRjBFYy1NZ1ByeDRWRDZVUVE?oc=5,Reuters,en,OPEC oil price,recent_middle_east_oil_risk,relevant,0,4,1,0,0
2025-10-06,"Oil settles flat amid OPEC+ output hike, supply glut fears - Reuters",https://news.google.com/rss/articles/CBMitAFBVV95cUxNV1dWYkYtRkNMSVQtOXA3Q3ZYclpwMGh5Y0FTVDkxYlRJZUpqUno1emRKb1YxMmNjSGt2Y2JHS0Y3Q1VXaVFPYXowdVhTcF9RSEV0UEtkbkxfQXpMOS03clkyY3ZSTlZMSUlRbjlfTnBXNGw4OFB5bTFMYU9saFhHQVZ1VW8xazVWUnU4akt0REt6ak82VmszLVZBcVVkcFZiWmJpeGZwT3A4NDRvdUI4SW0xSHY?oc=5,Reuters,en,OPEC oil price,recent_middle_east_oil_risk,relevant,0,0,0,0,1
2025-10-22,OPEC production confusion should put floor under oil prices - Reuters,https://news.google.com/rss/articles/CBMisAFBVV95cUxNaGtOVUozTmFBYTh2UVVnMDZNQUpIVEh1RjBvQXZQcWtRWk5pOXVES0xFUTViSkR2aTVzUXZGOHVORjBaNWVuZmFHUzVTaDlxNVNuNkdyVHNpXzZTcDlNd2VLQkdqeFc2ZkdnZFBVTlZVRzgtM3pzLUFTUmVONTdJcncxS19zeTBJYVlqZkNJWG1VbHE4aWFVb0xQbFJEeFNxd1F4SWNuM1JMSmhhTUpnag?oc=5,Reuters,en,OPEC oil price,recent_middle_east_oil_risk,relevant,0,0,0,0,1
2025-10-26,OPEC+ Won’t Pivot on Production Until Oil Prices Fall Further - Bloomberg.com,https://news.google.com/rss/articles/CBMitAFBVV95cUxOVVVYTHRveWtfNWRTekRUWmw4SUROWGxwUkI3UjU1bEd6aFZEZXpFRDJiQ1N4MGdpMG94Z0gwMTVOZGtBTEUzS3VWSEVybEd1eU9SOGxiX0hXUTRrdGM5N3VSSzRxallzUXc1Ym1CRXV5a0JMbkxhUmNFU0hMaDdieV9WVUExbmxmUXhaN0pWX1NoNFFnOUNuN0lfZ1R3YUhkVlYwTDNkeVc3cDVzczE4ZWp6QWg?oc=5,Bloomberg.com,en,OPEC oil price,recent_middle_east_oil_risk,relevant,0,-3,0,1,0
2025-10-31,Oil Prices Fall for a Third Straight Month as OPEC Considers Boosting Output - Crude Oil Prices Today | OilPrice.com,https://news.google.com/rss/articles/CBMizAFBVV95cUxNZ1Y4WnVhUEZwN05mckQ1eVBBUGluY3lpeWM1SGNzUXh6RUJEcmJFU1JXZjB3R3Z0a0VvYXBESGRuNzhMYjdmellQbTV5aVlFYzVHZzFrM2ExZHprZktJSmtqRlE3bHpDRlNuZGY1clUwOGk0R2tyYjVUMlJBZnIzNmhDMHZXZlNuSlduS2JQc0ZWQXVVaUFlX0hTd1hjZXBFRTRJVVFwMXNyN3Jrb0ItXy1hMDhJNGZjdTg0RnRWWTNHSUI2R0hjV1g4aFfSAdIBQVVfeXFMTW96U1R2OW9fNndCZ01RemtncFNTbC1mbG5Gdld3X0t1Y3ZuWWJvZTlwei1ZMzJma0Vhd3I2dGRXMTNaM3N2OFZuOWpCMEZZc2t1ZDFGNUh4MHFKaWFzdGZsMVlsN0t6alJDbkp6Sk54Mm5YaEt2aGY1Nm1URURnZ3AySVdIZml4VDgyUDJTMDRJOUhGa1pqdGRhWHhFc2NBXzF6bjBNeGEyMlNKNHNXNUFYMW9rQlpWalRjeVJ6eWtkbzdMbzk1LThpRmgxbDNzbzRB?oc=5,Crude Oil Prices Today | OilPrice.com,en,OPEC oil price,recent_middle_east_oil_risk,relevant,0,-3,0,1,0
2025-11-03,"Despite a worldwide oil glut, OPEC+ will up production for third straight month - marketplace.org",https://news.google.com/rss/articles/CBMiowFBVV95cUxOZW4zdWdrZzc5ZDBCNXpnTWJ3R2JCblBOaXd5V21pRmVsclFpSHEwV0pZb3doQW84ZjZjbnhjbU1XY1lfeWhvZnV6VE8xYkJYTXp1UElsRWJZMk9aZWxOdVlzYV8zSlplRlpjMXRHOUV1WUZEdVZ6aGZCbTBFVDg2NDRCUWRrQXlWMFZiVjk2eE12dDVXMGFzMDktcjd2cWRCckdn?oc=5,marketplace.org,en,OPEC oil price,recent_middle_east_oil_risk,relevant,0,0,0,0,1
2025-11-05,Market Minute: OPEC blinks as it plans to pause production increases - The Real Economy Blog,https://news.google.com/rss/articles/CBMinwFBVV95cUxPQmUtUjRkZVIwVzNrRmEzUWNrT1BwN3duN3dwRGJGZHhSZXNrd01KTkY0N1hyeXhVLVN3RHU0VHlFN2V4VFhwOW9SSFNFbHB3WFFVUUVTVkxEU0dHNHJWUkxPc1VObVVlajAxTlVBN0F6c0FPeHNNcTNWT1ZhdmhvWmM2LWQzVEQ2RzNRaVN5ZGltQ2FzU2tNeEJ2WEZlOGM?oc=5,The Real Economy Blog,en,OPEC oil price,recent_middle_east_oil_risk,relevant,0,-2,0,1,0
2025-11-09,"Brazil, Guyana, and Argentina Lead Next Wave of Non-OPEC Oil Production - Crude Oil Prices Today | OilPrice.com",https://news.google.com/rss/articles/CBMisgFBVV95cUxPd1QtZUdpT084Rk5UOU9mVUkxVnZFT2ZmSXhKazlXV0xNRlZyTzd3dUtVanFQbzZRVXQ3bFdQd0JEdVhJRk1SQWFBMy1YNUswZjhlcVRJaktkZkhRaUExNkYxelZrbldMT2s3bnBLX1VjOXF0U2xoYmxNVE9kUWd2Q3RpQ1ZScmJ6UUo2UnNlblhVYVgtNVpGV3gwci1aTHAwVFRSNHI2Qm9jZDkwdzZmYnlR0gG3AUFVX3lxTE0zT1hxRXNpdzNLSTdnUnlBNkVzaWRIM2xvX3I0MmIyaFg3UUswVEswZG9oeDV6c183NGlyWU9tR3dvbXoyMUR6YVBBRXRxdDFQVWl3OGNwTUtEeVRnZ1NCanJweDREQmhmdHdmNHVmUWI3U21hbGgwYm1KemxTVUtjMWROZWlXS050aURxbGFPV1cycGhKWUs4aE9fdDZVbFRsY1dyTkRaSG5ueFlsMmRDckQ1VS1Vaw?oc=5,Crude Oil Prices Today | OilPrice.com,en,OPEC oil price,recent_middle_east_oil_risk,relevant,0,0,0,0,1
2025-11-11,Shifts in OPEC+ behaviour and downside risks to oil prices - European Central Bank,https://news.google.com/rss/articles/CBMipgFBVV95cUxPQzRVdFFPN1Z4RWRJc2lhUnMzQ1dkU2ZTMm5PTFlDTjJjR3V4cDEtNlFHZ09aWVdaOENyTEc1ZFJPUDlzZy1EaFV1MXE4LWpPcmhzQnNnOG03MVZpVC10VEFxMllzOHY4S2otXzFKbGhrVWloMm5GaklpLU5UUTZlcjZoN3hPSmRDeUxnYlZhdUV0T2prR0RsOHJqTFN0REItMXkzSEVn?oc=5,European Central Bank,en,OPEC oil price,recent_middle_east_oil_risk,relevant,0,0,0,0,1
2025-11-12,Oil prices fall 4% on OPEC 2026 supply outlook - CNBC,https://news.google.com/rss/articles/CBMilwFBVV95cUxPN1FWamVESnFVNGhxX0J3QWJ5TmJmZ3Nfa3VKT0NlVnh4UWx3VVFPMXlaNWdBaHpCYXZkb0RwektBcFpUcllBRTdGUkt0V2wwWDNZTlk4eXBSdFdUYVdZR2xJVHVIZktxSUp6S1M3MUt4TWxneTN4SVN2UVVlR3M5Q0d5SkxOR2pLeHVUNTlWVzAwbjYzVV9J0gGcAUFVX3lxTE9SenpqcHVjSEpCdVd4UG9iS0dNcjdjUDdWWUNMMzR0ZEdWM1BxTlA5YlhwOUs0US1zaWx2T0s0VHdMWHV6S1d2Sk1LUDJCLU5CMGpFVW1TSWxJbE9LUEVwRm9VN1MxOWFLRkNRVVFyVlhWQ0thbzdNRXZXbkNIbV9CeEFvNGRlRmxsX2R6MzVhTTlMZ25GMmUyVER1eQ?oc=5,CNBC,en,OPEC oil price,recent_middle_east_oil_risk,relevant,0,-3,0,1,0
2025-11-12,"Oil Prices Plunge 2.5% as OPEC, IEA Outlooks Point to Softer Market - Crude Oil Prices Today | OilPrice.com",https://news.google.com/rss/articles/CBMivAFBVV95cUxOWnVhWlNKaFEtbDZKTzNtaER2SHVxQ1AwWG9qUDRhdC1LaXdOVXN2Q3pUX3FuZDlfcDQ2dGJ0RUtqZzAxaXRGeTgtOVNCOE1ZYjdtRnpPNkc0TkR2aGo2NEVZa1hyWmtuQy01NnZzb3Z4YjVabHBROERHREdMMFhGbzNYcnR4UmVlalB5WVMxVXZKeV9pSENnY0lIYmV2NHNLRWFoX1pFWWZ2RVJ4aUEtRjlmZDFaZklFVU1zYdIBwgFBVV95cUxNSEp5X1FVMG5nMlhBT240bl94WkRpLVFRYzZHYWk0bjQtNEVoemFNWGFabHJBTDNPU0dDbEhKWXI4VHdkaEVUTWtBNFlDVjFjdGRsZXU0bDY0aVd4Y3V1SXRCM3p6QmRaeXBzNlh6WVIzS2tpWVNabGZtUTFWT00xQWstVmF5LWloaEQxOWd1azRfMTNFNzRfbExPa3VDRWUyWF92ZFBid29ubWJ4MUJ0cUxQeHlYZHRUMHNxcmptbVVvUQ?oc=5,Crude Oil Prices Today | OilPrice.com,en,OPEC oil price,recent_middle_east_oil_risk,relevant,0,0,0,0,1
2025-11-12,Oil Prices Sink 4% as OPEC Moves to Balanced 2026 Outlook - Crude Oil Prices Today | OilPrice.com,https://news.google.com/rss/articles/CBMisgFBVV95cUxNZzhJeU5KYWx2Q1lEZ2hUbWZsRUVEWklSczdraUxNMm1QcUxKUUdid092TVdiUjE5QXFrSW02aHBzUzJqLVVqck9PcUV2d09uY2s5dDRzWkF6dnZjNDhhdUZBQnRuaERuYzlQVkpLZm90NTZ5Z3lHOE4yM3V6SWYwSEtXa0I0UFlrWG1kRXhwOElxSzJ5T0NYSGwzMVV6UWJZWUh0MzZESHJSWENPdFo3QkJ30gG3AUFVX3lxTE5MSTRUbWF0amVoMHBtd0loakdBa3YwcFlWWWFsT1VER2g5YXpQYmx6SE9Sd0FsVHctVGU5VDNtVXd4d3RKT2lzcHdnWm1VWE0zWjJqeFdHdUZnZWdzX2k5bVRYMHoyZXl5bzRBRkp1WkFRbkRaLXA2clpLa05mZndGeUs1TGdoYXhRTmZFem1PWVVkSUM1REEwQkxLRVNETnI3V1JvbjRmM0o1cV9WU1ZhQ3pSblBPOA?oc=5,Crude Oil Prices Today | OilPrice.com,en,OPEC oil price,recent_middle_east_oil_risk,relevant,0,0,0,0,1
2025-11-14,Oil Prices Slump as Global Stockpiles Surge and OPEC Flags a 2026 Glut - Crude Oil Prices Today | OilPrice.com,https://news.google.com/rss/articles/CBMiugFBVV95cUxOT24yZ0ZXZWZ0TmhsQUJ1YTFuNnBMdmZHYkxaQzcxQU1wbFV3MWhQMm05NkVWRzZ6WmVQV1d3cHpwWnVOWlF1MjhGcEIxS3drbzRTZlRpT09WbEF6M0V0QlMza3NLeTA2TWZlMVdCckJQM3dlWlpwWkhHLWc1dUx6QVE0NE1Lc0pISnByQ0phaVhnbFVsWVFZSzNKemdIRTlHa050MTdvTnR4Y2VFTVNpMGxMVVNrSjlXTUHSAb8BQVVfeXFMUDYxTTQ2eFRzajBrQXdXcEpPX0lCTF8tOWs5QjFaNjFvbjdVdWxkYTdDQ1NWdUcwV3U2LU5kM0tYWkFXeE1PWkdqYnJoSVhra1lsZW1zbEwzZHREVlZrYWRIRzVnaE8taVMxUThyRmVHaXlCdTh6emI4SWFEWndXMl9EWGxJa25ONVNKTGU5VVlsdk9yZHF1bEtCbTRoZzd4S2tJUHJ1LVdMR21kdVF6Y29nYUxvS1U2NUR4UGNUZW8?oc=5,Crude Oil Prices Today | OilPrice.com,en,OPEC oil price,recent_middle_east_oil_risk,relevant,0,3,1,0,0
2025-11-18,Seoul gas prices climb above $1.20 for first time in nine months - Korea JoongAng Daily,https://news.google.com/rss/articles/CBMi1wFBVV95cUxNNERqLVRTNVRuUjRyM0FtLUtKXzAxMVlPdU0tc293dDM5RHRuUHBKNlBzN2liQXlzUEZCaHNySlhJNDRUZkR6WWtMQWVhYXlJTnNDc1Bfc2U5aGt4YWlsX3hYRFpMcng5S3dRV2hjRUlUNXRoZ0gyaDdFUkhLcFNjTHJHUTE2dlEzc3RfNlVsZ0tvdTZrZFo3cmFwOHpycjEyb05zd0JMQWl3Skw4WGc3eFlzRktRaVIyeUFGYjkwd3RKYzJ0d193M2xmY1pTT3pMWTA3MzlyMA?oc=5,Korea JoongAng Daily,en,Korea gasoline price,recent_middle_east_oil_risk,relevant,0,0,0,0,1
2025-11-18,"OPEC Chief Accuses Media of ""Misrepresenting"" 2026 Oil Outlook - Crude Oil Prices Today | OilPrice.com",https://news.google.com/rss/articles/CBMirAFBVV95cUxQbVZFZHhtZ0tFM2VaaXhUS0hOOElPM0taWDVQY1VnOWpuQ2g0Mjd2V3N1bV9scTlhUW14TFFMQ1NCNk1QcXY3bDladUpsM0dGaGxsU0EzTDFCZGxKTVJjUFkydFJrSUJLeDJjc0UzcGFFcUZqUEc2RzAxWm5BWnBiV3hhNk9icjU5N3JoMkZQSDRiWEsxbnlBZzJWdkpOM2F1emQ1d09oODJMa3By0gGyAUFVX3lxTE1hbkpSSi1NQTJaX2lDQjFDbjBqUTJxdTVzOVR0VlVuVzJnUU03WEVIaGFjNlNWTjdrTW9sYXNwZjh0NXZMQnUteHRJXzQ0cmREUTBHaGpSS1NjWldCaWNibGhRejVCTXhobFpiaVcyX1NPZEpnMFBQUTBXX196bFZGS01WMnJSQTZhSk92SVp4M0FEOHlWY01NMG01N0dPeUFjU2c4NVgwVlhaREVmM01TSXc?oc=5,Crude Oil Prices Today | OilPrice.com,en,OPEC oil price,recent_middle_east_oil_risk,relevant,0,0,0,0,1
2025-11-22,South Korean Fuel Prices Rise for Fourth Consecutive Week - 조선일보,https://news.google.com/rss/articles/CBMiiAFBVV95cUxOeDB6blUybXp4S3FBVzEweDFEeklqQ182Um5FSEpkTk5VQXFJc2Y4NUYzMjBuZUg2cVZlZllrS2FBbEJPa0ZsWnI0dmlGUV93eE15LUtVUE1SRXJoTzc1RkFyWnhUdFpxc2tIeG5MRThlWkR6NHdYQWZVTHJRSnd0bEZqclF2TFVj?oc=5,조선일보,en,Korea gasoline price,recent_middle_east_oil_risk,relevant,0,2,1,0,0
2025-11-27,Unleaded gasoline monthly pump price in South Korea 2019-2025 - Statista,https://news.google.com/rss/articles/CBMihgFBVV95cUxNU2lSNktBdDMwQmVlcnN5WWZ3eFJ0RDZuT3dxSWNYeHNoLTlOcFlWZFRSY0RrZTNUU0UyT2Q5Wk5KQjlwQnpEUE15NDF4WGVwWXhuNmF5M0VlcmVzbTVwYnhUVlRJVkZYSUlMV3g0NllsMlNiLTRPTjk1ZW9rS0Fjb1Q0d3Nmdw?oc=5,Statista,en,Korea gasoline price,recent_middle_east_oil_risk,relevant,0,0,0,0,1
2025-12-01,There's a glut of oil. Here's why - marketplace.org,https://news.google.com/rss/articles/CBMiiAFBVV95cUxOaExxd2tiRUlJMFBHUlNSWDhJSkRTalQ4UkY0VndTQ3BmcmJtVTU3ZkNHNVJDeGo4ZUtsX1FBX1VrZFhYeXVMTEdWd0xTdEJndWIyNTVKeUJManpqeVc5eHNIdWNPNXFVVFJoSFRTNlhwU1Rya3BPdmdmUzZrOVpnQWFsSGkzcjU2?oc=5,marketplace.org,en,OPEC oil price,recent_middle_east_oil_risk,relevant,0,0,0,0,1
2025-12-01,OPEC+ Hits Pause As Global Oil Surpluses Threaten 2026 Prices - Forbes,https://news.google.com/rss/articles/CBMirgFBVV95cUxOdzRIMjFXS1p1dFE3VGlOTW9FZ3ZLeTFrV08tTGpKOXJWaW5Yb0dtS3lwcTRoVWt6eDFiWFFxQVpNM2ZGaHI2UUtmZ201MHdSU2tIUEEzZ0t4ekgtYnZQeDBLMkN1d2l3TThwUVEtbzJIUXBQV0ZxRHByazZOd19hNDBaaGNMVmljQktXRGlCcW90MERrVllLZlhqUG44Sy01ODRyNkxGYW9rSDhwMEE?oc=5,Forbes,en,OPEC oil price,recent_middle_east_oil_risk,relevant,0,0,0,0,1
2025-12-02,Why OPEC plans to keep oil production flat to start 2026 - marketplace.org,https://news.google.com/rss/articles/CBMiowFBVV95cUxNZzJuQUZEbFVNcWJJN0huYmVIRU1HTUliaE5nT3lmNzZ0Y3g0M2lJenBhZmcyUVJ4MGZoUGFTd1VnLWtkU0FReUNQOUJPWmJQNUd2MmxqTzBlZUwzTXJpQl8wcFFvOWYwdXdKT3Awb2hIWHNUdHhJMzBULXphYUNidVlWTmljVC0zaUpUNktrQUl3dVhNckpUcUtYTmI3YVNZYmtB?oc=5,marketplace.org,en,OPEC oil price,recent_middle_east_oil_risk,relevant,0,0,0,0,1
2025-12-04,New OPEC Plan Sets Off a Global Race for Spare Capacity - Crude Oil Prices Today | OilPrice.com,https://news.google.com/rss/articles/CBMinwFBVV95cUxNT2w3elBTR01DYnpodDVSdDl6Ym9JZmpybUZCUE5vcUhEalRGMllqaFp6MU5qUWVNSU9weUJnUWV0QkhFcnVYT2RkTmRwZzc1MXhxTGpPWGpwVG5FcFNHVXF2MDJNR3R1V2ZuUGM0Wjk0Z3VEcmFDdzdDbktWeVo4WVdISDl5NXM0c3NERlBMSXFiUEtaUmNQR25pRGRDSVXSAaQBQVVfeXFMUDVfTjZHS0x3WnNGQm4xUThPNUlVZFNJUkpDYThhb0wwSmFpVkpIMkdHVTFMR0hBdzJqZnRMN2FBOUROSlZSVUoxckF0aWVFNjhsUUJWakdkQ1NiZjR2TjNrMzAtSTQ4eGhTdzQyWm1vcHZBRk53YU5DN1lCMWFod1BzYkZWbFAtRWtxRk5YRUhJUTFLbjhqMXo4dy1vRC16OGFKUjk?oc=5,Crude Oil Prices Today | OilPrice.com,en,OPEC oil price,recent_middle_east_oil_risk,relevant,0,0,0,0,1
2025-12-11,OPEC Holds Firm on Bullish Oil Demand Outlook for 2026 - Crude Oil Prices Today | OilPrice.com,https://news.google.com/rss/articles/CBMirwFBVV95cUxNYWFpMFZoaEM4aVlpaHZ4dDBUVzdidHJrNW1mQ3J0TU9hb2huWUlDbHRCcnlRV2RONFBZNVRvMHNod240ckM3dlBKMWdTRFRva3k3eUNqcTJVMENiTU5BdG1EZjVjaFQ4N0dmT1JEcERKbDB3T1ZxNzd1YXgxMk1Lc0tlRkN2UEtJcTluc2RPbWNJMVpuZ1VnRWlLQzVHVFdZRjFKbVh5bjJ5ai05MWk00gG0AUFVX3lxTE1nNDh2U3oweko4cWJCZW9VRzd4bEQwY3diOXZrZy1aY3RRZWlVam96Znkwa2xETldnZ1ZGcl9RcGtKNnQ5TzE2RzR0MEQ0T2VQMUxUdXBIS2xZQWhraGxBWDh0R3VZeXpnb0MxUENiNzIyanRwOFFtWnhCajViWjk4XzN4aUhZdkJ5T184SHp2WkJpeW5FRFc0Ym9BZTV1QUZqaFFVaTFZNHZNYlV6R0VmMVVBZA?oc=5,Crude Oil Prices Today | OilPrice.com,en,OPEC oil price,recent_middle_east_oil_risk,relevant,0,0,0,0,1
2025-12-15,Middle East Crude Prices Sink to Two-Month Low Against Brent - Crude Oil Prices Today | OilPrice.com,https://news.google.com/rss/articles/CBMitwFBVV95cUxOT2hsV19sOGR4WHBuT3B3U2tMWklsTFJMX0M5eU50b3h6TGlJUmtvcFh4bllnSHNMZVVqSTFWMWlKcUlaWnNwYVJlY21VYXc4X0V5S1NBcmdDM0FsNkxhbjFzeTZjV1RnbU5xcUZhTFlTLTc3RklBb3dvMlQ2U3dpSi0yTW1zTjZiMDVXdnNJRUNBUWh4ZnNKRWtQNVVDQUFfUXIzX0J6Xzd3V1p5RnM3RGFKYzdiSEXSAbwBQVVfeXFMTTNsbEE4SFpEclU5SkFoN00xaW56ZlhNSGIxVWJGRGpKREFjb3pYazVJc3FlUWVITVpScERjNDhiazF3ZEx6dy1EQkt3aEtXZktGTmR2TzBhMEVwTDl5TjJ4Q2ZkWkdWemtZd0V1eURmYlZ5cXBfbkozSklIQ3VZZEZQZFpEeUNPOXl3YUh1N0RlR2dTU3o3MGJXNFdTMjlVekF0ei1idFk1a3Y1VU93TlBvOVlITS15eGswY1A?oc=5,Crude Oil Prices Today | OilPrice.com,en,Middle East oil price,recent_middle_east_oil_risk,relevant,2,2,1,0,0
2026-01-12,Oil prices rise by more than $1 a barrel on potential Iran supply disruption - Reuters,https://news.google.com/rss/articles/CBMioAFBVV95cUxNaGw4UWhLZ3hfbm9FX3VpakkyODVaZFJwYXFmeWhPODZ1aDdXQWI2ZG01RXpDcXhIbXNuXzJnS1hDUDEzZ19mTzVvU08xUHphVVlHRlZRTndUTWRoV1k1dndiUW1KeXBQeEFYWFhfQmlKSWd1YVBhM01BY2VCWHptd0ZFb0tIOGlpRlAzUmkyZW5lWTAwYjBIZDFuX3NDMV82?oc=5,Reuters,en,Iran oil price,recent_middle_east_oil_risk,relevant,5,7,1,0,0
2026-01-12,Where The Middle East's Next 20 Billion Barrels Are Coming From - Crude Oil Prices Today | OilPrice.com,https://news.google.com/rss/articles/CBMiqAFBVV95cUxOdEdrRnRiWnhJeEp6TWFtdk1jU1UzQWRVNVJKdUVVUzk3ZjV2UkJkallrZUF6UVVrZWxyVlFQVjdVdHZUTHMtLVJOeVZPc0FFRWlTUXp4Q3pFZ19zT01hVzBjYVpxOGFvbXFzTG52eFQ1a3huR1VqeVItWER6UlJkeWdSXzZ2YnhLM25FY1lKNEhhNjJIYW03UWMwREpiNWtId0J0N1d0ckPSAa4BQVVfeXFMTVhobmI2M0c3RW9keF9UUnZEVFAwMGRTRzJaVXEzTkRJeV9yYjFfMjRIbFBMaEhCOU8xV08yTlFVN0d6R3hwbVRobkpMZUlmQWktdDN3a2ozNmFjR0dkdG9SWWVQek5LMERkTGNObmdTSUtXeG1vTkROR0Q5UzFrRTVjTXR0bS1SVmNTVDE3a1RKTVRQdHVrUTFtWmRNNmg4TXN6WVVsX3VHYU5OQTBR?oc=5,Crude Oil Prices Today | OilPrice.com,en,Middle East oil price,recent_middle_east_oil_risk,relevant,2,2,1,0,0
2026-01-13,Oil prices surge on Iran supply disruption concerns - CNBC,https://news.google.com/rss/articles/CBMikgFBVV95cUxOMVlfaUdCZjRqcUdPZXhNOEpMQTJnWVY1bGJSdXBoTXNFVEdNTW5xWGRIUmxNSGlCazF2OHVPQkpvS1BidGpiU3lZNFQxaklCUU1NLVBEMW52ajYyV0Zqa05xaGtBLUFDM0FKMmdXZ2p6SEc4T01yMDB5NWNacFRVaEJvQVItdWc2WmdtcmxFcHprUdIBlwFBVV95cUxOcVdNcFRHUjUwRWY0Vk9zbEZZei1wWktGVzY3WW8zX1E5Tk8wZWNDeFlUUC16Tld2NWtKTVRJY2ZvbVZIYUtkWmtkSENyZG95ejIyNHc4QXF6V3dZTHFqd1R5a051OHVNOTlPSGtFRnlUYXZEOGpfV3NlaVllMlB5cTZNUVkzdTBGb1ZXb3kwcVNhQTctUE5F?oc=5,CNBC,en,Iran oil price,recent_middle_east_oil_risk,relevant,5,8,1,0,0
2026-01-14,"Oil prices rise as tensions flare in Iran, risking 'the nerve center of the global oil market' - Yahoo Finance",https://news.google.com/rss/articles/CBMi0wFBVV95cUxOU3hyWThBMXhjalJMWVhrSmZvVHE0dU1NbjBCNFhqQ2ZsU3MzZFIzNVRPa2xBWG52V2hIZmNmelF4cEJlSkYzV3NmRnU3bFFIQmtVTmZENEJDdUJVaXM0cmVBVkJKWXBHQ09PVXNjVkZBX0IxVl9oVFROMkRPS3BPNWM3aG5pS0NvLVlCaGxkQXFlWmpsbzhqQURjWUQ2N2M5Ry1UNWMzUVNiNDRjcU5uQjhmaTI3MkdQcklKeG1yNWo0OUNMdWd3TUhJUkhGdGtiMDRr?oc=5,Yahoo Finance,en,Iran oil price,recent_middle_east_oil_risk,relevant,2,4,1,0,0
2026-01-15,A century and a half of oil supply management: OPEC’s endurance in a changing energy world - World Bank Blogs,https://news.google.com/rss/articles/CBMisAFBVV95cUxPbUJyUWZ6eWZYSDF4QTV2NHFLVDVNNGxWTkNuWExselNRUVJuUTRCUWVueEk5TGltcTJvVzlldVlMVlNKQklpbTVpUE5YMTRMUjhRZ3A2aTNHM3VPQzRHZHRKeXE3TW1mNXFoYnpXdzl4aVdrMWczR1FfRVhKR05kVFhUdmFYSFp1SVBqM2MzQlh4Z0h1VXNqeEtBYVZMR0dKb3g1T0dPNzVnLWpLYkFwUg?oc=5,World Bank Blogs,en,OPEC oil price,recent_middle_east_oil_risk,relevant,0,0,0,0,1
2026-01-16,Oil Can Hit $91 a Barrel in Late 2026 on Iran Disruption - BloombergNEF,https://news.google.com/rss/articles/CBMiogFBVV95cUxPSmNQelQwSGhULXBaSGg5NTNjZERJTUpOemE4bkllMEpvVXJ2NXJocEtyNkRxeW4zeEF3c0dSc0E3cnUwb0QzVkV3azhHemZmc1FFbjFIc0JTd20zZFNaVVBPczdrbURseGdCOVg3TXNxczBaZWRDdloxeTJmcEFBRXVCUHA5SEV6TEktaTJvSUZoOEdfR1pCSUptdDJ4ZkFmVFE?oc=5,BloombergNEF,en,Iran oil price,recent_middle_east_oil_risk,relevant,2,2,1,0,0
2026-01-26,"Gasoline Prices Fall into 1,600s Won Range for Seventh Week - 조선일보",https://news.google.com/rss/articles/CBMijgFBVV95cUxNVjRMQS1oNllJRExFNVAtWlZkb0xkNkM1SXZSUFJTb2R2V0poQzhVOUR2aUc4NXNaWkQ1X2JtNWltZ285eGFvSWhDcy1EeTdOcjlxcWs2VWJKUlM1emFJWnZfNDhmdFlkaldyUE9YWk5VdVFrdU5sdUd4Ul83SXA3UmNBdkd1al9ya0ZPNmVB?oc=5,조선일보,en,Korea gasoline price,recent_middle_east_oil_risk,relevant,0,-3,0,1,0
2026-01-30,How a Conflict in Iran Could Affect Oil Markets in the Gulf Arab States - CGEP,https://news.google.com/rss/articles/CBMirwFBVV95cUxNbTJ1VC0wNDcxN01ENFowd2EwZUtuWWU4LVJGTmdsREZrSkhTQktiUXNHWmlPWTcwSUVTWkduazM1VjdwN1RGSlBUOXd3cGZaZXEweWtQSzJKcjdJYzFmRXV6T3RtZC1yeEJDTmRrTzhzSktCUXNGUnEzTHFjNEhTYWJoQmYzY0xjX3VKVHRCZGs1SlhFUWFtQkQwQm5jSjJhM1RuMjNtRkZvbld0SDZv?oc=5,CGEP,en,Middle East oil price,recent_middle_east_oil_risk,relevant,7,7,1,0,0
2026-01-30,OPEC Poised to Maintain Oil Output in March as Brent Breaks $70 - Crude Oil Prices Today | OilPrice.com,https://news.google.com/rss/articles/CBMiugFBVV95cUxOc1FhbWVEbmdPSmF5Z05ZUFc5VUF4UmU3ajB6Rjl0ek14b1hacWJ0TE4xRlV1SHY3OGJSLUxoZ05yS2dWbHIzVmpTOTZxczFSZU9oRFMydVQ3dlAzMmxOTjVjeXl5Y3JtNjRwMENITmtBelBCUWxhSVRmMU0wMmxjVTZuWmFaSVpnLTRXOUVfeG94R1NYc0I0OE4tby1yTjRRZmY4a2hLX2NocVlZOUpUYW5QdXlRTkVvc2fSAb8BQVVfeXFMUEZRSmVQSjBIY25laV83dG5rbzNyZzhmN0NUT0VGQlBFeWRBYVZ3WHBoU2dlbC0zdFdLSkRsbkhsUTA3TzhYaUN3cUtnNFhTT0Yzc19hNEtlUE52c3J6UWVZaWtKeVdwbFU5UTgxSHdLSGF1MFlmUVBQSm9rTGVDV3R3NUZmZHhfUnV1SmprZUI2U3NoSWVWMVZSLW1SSnY0MlRtTTA5R2U4NGhGdUNtVmtBb2M0YzY2SkZfampxTlk?oc=5,Crude Oil Prices Today | OilPrice.com,en,OPEC oil price,recent_middle_east_oil_risk,relevant,0,0,0,0,1
2026-02-12,"OPEC Oil Production Falls by 439,9000 Bpd - Crude Oil Prices Today | OilPrice.com",https://news.google.com/rss/articles/CBMiiwFBVV95cUxPU3U5ZVd0bXRJYUIwR1o0TTl2MUd2TkliS05BNXZUVmtlYzhxclM2bnU1U1l2NEVwUUhnTDYxNTVJc2R0SVplVW8yOXVQUlhLXzQxam51bjA0ZkhrYV8tZG9YZ0RnYldoVXFIenNiNVdTU1UzQ2M2N01KM1FYLUNhUURIV01zXy1SQ0pR0gGQAUFVX3lxTE1FeHRpVXVUQXpfb1pSbjlVLVFMZmhCXzBVZ1NPa3VLSjUzbU1jWW9tcnVvOV9zSy10c2E3dEpVMFFLX2xSNG85U2lxN3FqczJrRmF5Q0ZoeEN5U1J1cGx0RTJ0and5REJhUmQwY2toaFZOYVhFVnZJTkZHNlpGb0hIMTVlcXlQeXM1X2xLNjI1cA?oc=5,Crude Oil Prices Today | OilPrice.com,en,OPEC oil price,recent_middle_east_oil_risk,relevant,0,-6,0,1,0
2026-02-15,Korea gasoline prices fall for 10th week as diesel ticks up - upi.com,https://news.google.com/rss/articles/CBMijgFBVV95cUxQdW5DTl9QczFTWkEwcWV5b0NQQlRrNVR1TV9QSnNVMGFhRlZYTElFTmxEZEFWbDNValBYSEdzcVFWNFZ4WDBKSVZrYm1sUGtkUnAxTmxfRS14SmxPY3N2Y3ViRkM4MnY5VE00VjRGQUJQRTVVcGVkUzV5T1YxNFI2U0p6UG55VHVheG05RzV30gGTAUFVX3lxTE01dUF5d2pNLVgycFFMRUhPT2xZRElvVDlmT1B0VU1MMFdHVVAzMXlna3Z6UmIycnFpcjRQZVdtdi1pTU40eTFvTDRhMkRqd05kVldueUVvYVg0VUc0UG43ZTBZek51OUdSS2txXzBFUWdWOU9aX0w0aUYxazY4b2tzSjVQYVVTQkdMODdJN01Gd0pQVQ?oc=5,upi.com,en,Korea gasoline price,recent_middle_east_oil_risk,relevant,0,-3,0,1,0
2026-02-17,"Iran partially closes Strait of Hormuz, a vital oil choke point, as Tehran holds talks with U.S. - CNBC",https://news.google.com/rss/articles/CBMijwFBVV95cUxOWllVOEVDelRlc2puZnVaTnNNcW9NWTI3OWpZeTZMSTJRS3k3RGJxZ05lNHpfbzZkT3hGcmtuejRGX1JKamZPbjBZVWJ1aFRuNjVUZGxxdTk0U2huR29KaEpldjRUNDNoN3RQOUlSdWgyVVFUdE1NMW90NFh1RDZuZUJRbmFyWVFMUEJJVXRvNNIBlAFBVV95cUxPdFRDajB3cjktbi1vdUExMEoxbklQZFo0Zi1TLU1FOGRKdlN2VFBBaG9Xd3V1alNQRmkydkhDMzZqeVpPNk9waWp2c2JPamRfYnlNbnhzMlRTVEd3czRFTURxaHNRTmwtdWdOZnF4TGJ6Zlo1bWRtZXpUWTdadjZidkQ0Z242UXF6ZDhtbmNaanNZYmE3?oc=5,CNBC,en,Strait of Hormuz oil,recent_middle_east_oil_risk,relevant,5,5,1,0,0
2026-02-18,If Trump Strikes Iran: Mapping the Oil Disruption Scenarios - CSIS | Center for Strategic and International Studies,https://news.google.com/rss/articles/CBMijAFBVV95cUxNTTQwVllET1JmMUF4eWhZVF96MDY0MEZQYU0yb2JvQ2NPblRyVkxsZGxZLW1vVDJ4UFRqZU5ueTdfMU95QlJ1Wi1OVVdMUEFRUkJiMkV6VlFTcjdrS3pGbUoweU9QaEhsclJoczRrYWZJd25UWXV6ZW1URzRXNnhxaXk2aVk4NWxBMGxkcQ?oc=5,CSIS | Center for Strategic and International Studies,en,Iran oil price,recent_middle_east_oil_risk,relevant,2,2,1,0,0
2026-02-19,Oil prices hit six-month high amid US-IRAN tensions and Middle East military activity - Virginia Business,https://news.google.com/rss/articles/CBMifEFVX3lxTFBEeUliQng2U2hsT0V6Y2ctR2plT0tzOWdTdXVRbEFxWUkwTTU4N0pUVDh0TkVMYkFnWkx6ckxuQm9qdVQ3NmdlMDFkSTQyRkdwb0RSMDQwYTU2UHR6dWw2cXVZYnREc05wXy1OMklWZFROa3lKNVhOY2h2MHA?oc=5,Virginia Business,en,Middle East oil price,recent_middle_east_oil_risk,relevant,4,4,1,0,0
2026-02-19,Can Trump Take Credit for Lower Oil Prices? - The Dispatch,https://news.google.com/rss/articles/CBMikgFBVV95cUxQeURJMWdhWldOdDJ1dkhPLWlCX1ItSmstS3FNTHR5U2w2TWxvekNKeGI2c3FGb2FDLVUxSWljRDBvZEZBSVFTNXNZc0ZMRzdQYzV3M2xmMW0zcjQwR29QVUlZZ19xV05vNWVKT0FlZjU2Nk9tUE1lV3JsWVB4a3RZT01fU1FmSzR1a1ZJWFBPZmVXUQ?oc=5,The Dispatch,en,OPEC oil price,recent_middle_east_oil_risk,relevant,0,-2,0,1,0
2026-02-22,Retail fuel prices in Korea rise for first time in 11 weeks as U.S.-Iran tensions worsen - Korea JoongAng Daily,https://news.google.com/rss/articles/CBMi9gFBVV95cUxPQUlZa29FMmdiODdYeng2SGx2dThtajVjc282c2dxdUNGeF96Qi01R2VGLXMwcGJnbWtFRGlDZThmQTFtTkZwNzVtcnRHQlFJUnlVTE5HNDktV1lmdW92U3F3eTkyN24tRXpaRGpmTGlkWWNuU3ltdDdiQ2k1S3JiQkVMSU5YLTZWcDc2N3p4MktodGtRRFhib3RQbklhejFFRXBUQjByMkhQZG4xMF9HNTFzTmpWc2FueV9hbFNGdktaSmlvTHdhaWU2ci1qMXNrX1BGREwyTGdzYVlQSWRHZFNKQ3pQQ0xaQjUyQXJ1RVhCdFpNQ3c?oc=5,Korea JoongAng Daily,en,Korea gasoline price,recent_middle_east_oil_risk,relevant,2,4,1,0,0
2026-02-22,"Iran-US tensions: What would blocking Strait of Hormuz mean for oil, LNG? - Al Jazeera",https://news.google.com/rss/articles/CBMisAFBVV95cUxORTA4QnViNFZIX1hSNERPdUpiVGlKaU9DVUFLVXBJNXNGNVYyU3VsWjZqZmp3d1JIZ0ZBRGF2ZFNMNzlRYWRtX2JDdm9RMHRPWXRDM0FhbHlUZDZiTnBQVWF5cFFjcDRRYVFNbi1kb3dLUjl5MXdORGRseTllYk1fOE5UN2V0YkE0N2dWekZ5OG9ZYlZqWFh1d0ZWOEJSM0dnT09VRFFDdWNOTzdlRXZPcNIBtgFBVV95cUxNR3diWGdLclZYYUtmYnlhQ2o5RldONHVPWFQ1QWlxSW44U2ZtUF8yQlNJRzV1MGhyWHBTWndiUU1rVUJkbWI5SjhKMHNUV3dSaGNkX0UtcUxiT2NqU3pZcHNyLWkwZlR6cThnR3k2TEIxZ1llRUR2OFNKS1ZVSXA3TjFILWtjNDI4ejRGMElIZVNiQzRWblpwQWdTQlp5a3NyMFUwU1FTT0E3TmVvT0oxaE9WZXg1dw?oc=5,Al Jazeera,en,Strait of Hormuz oil,recent_middle_east_oil_risk,relevant,5,5,1,0,0
2026-02-28,Middle East conflict pushes oil prices to six-month high; Louisiana energy industry eyes role in domestic supply - fox8live.com,https://news.google.com/rss/articles/CBMi2gFBVV95cUxOcFQySUtuc21xYkdSekE2anpWNVMteXFyNUlTNDRHeXNPaUpnc05SdGo4cHkweEF4SHB3UFE1dXpQbjl2dk11ZEl1UjV0RG9SOXE5TUhDZEs4a2ZRQW9SLVVqZTNtTGYwNXBrakZsY2NyZDBLWTNzbHhORWhKUkx1d09GU0tmZmN1cUp4eTRGZ2FtUDNaVHJocGtyLUhYY1F1ODFYYk9PR1BGTGhlSkk0V3ZKRzVDNHlJTTRWcFhiYkQyQ1VRUHJCUUFaaWN6aGxYQS1jdkhWS2sxUdIB7gFBVV95cUxOMmpoVGZ4bGFPX09mT1I3Tkxib1phU0MwSHpMS2RnSk5RODRVWGR5X2hNRGd6MWJnS0l1d0FxRlBISFRoajdISVFLWmR6czdEaDBUdVhKMDNiWEZkSUMtTTZ1Y3RCck5TLUdOTnFnZi1YZlNFZmhoTXhQZWIwUHRKUjFYUlhVSHlYX05YWEtvSVllQkdaeHJkSWh2ZEd0OV9YWVNrR2paOU0wNF9HREQxckxMbmZqZWU0RkNkcGNkZ2pwTElxam1uaTJuZkFidUd0enZ4QWUxM2o3RVJtdFFfbjl0TVA3a1htZ21vbnpB?oc=5,fox8live.com,en,Middle East oil price,recent_middle_east_oil_risk,relevant,5,5,1,0,0
2026-03-01,Oil prices jumping after Iran reportedly says it closed the Strait of Hormuz - CNBC,https://news.google.com/rss/articles/CBMia0FVX3lxTFBYYV9xNlgwRl92M3hTSDJNbDNVY3lRaS1pdzd4bmducWtRcUJXNEVkcTdkRjBOVF85V19seEoxb0ljLTBQOWd5cVdSMURHeHVULXl3eU9nakN6YUJDNVJfd3RHdHppcmFMOExN0gFwQVVfeXFMT0pXSmdyV2NndXNCYUc3NlhiUm5DcHA5cktsWEo2TjZNcU1KN3hNaU5SSEhYd1NYYVhhTWpEcXNZUjVJSU5KX0lHRW9xd0huMVRLMnh3R3dQVWVaTEx4blFGM1otb1pzTDg1dURWaElKNw?oc=5,CNBC,en,Iran oil price,recent_middle_east_oil_risk,relevant,5,5,1,0,0
2026-03-01,Oil prices rise sharply in market trading after U.S.-Iran attacks disrupt global supply - CBS News,https://news.google.com/rss/articles/CBMiekFVX3lxTFA4b1l0QjhjTlh1RmJkb2Z5azM0aVEyOHpDU0pYS1ZPUnFkMzZWWmdrQlA0ZTlVVXhmdm5PcU94M1NJYmlqN01YX0xkRnk1aVZqaVgtVl9COVE2V1lqRVJUMVVuMXpaZ08tRzBENTZfUl94V1hPalBxQUF30gF_QVVfeXFMTTRMR2swbGxteGJKVTFyTjFidmtyLUJNTXhhTnRPejhBb2otazlCOG94MG1vR09ab0haaGYxcTZGdnFqNkdQTDBzaEFCdW5SSDZwYUFKLTlPeDFFQzhIYkFTbm8wWUZSeUtoNVplVlpsOUdBalFuempJYklwVUtIdw?oc=5,CBS News,en,Iran oil price,recent_middle_east_oil_risk,relevant,2,4,1,0,0
2026-03-01,Oil prices rise sharply in market trading after attacks in Middle East disrupt supply - NPR,https://news.google.com/rss/articles/CBMiigFBVV95cUxNQkZzQWRKYnVxNzBabkgtUGxDdXRPdEFMc2Y2YW9OZm5FZ0J3RlBuWkxJUGY5WmhvdkpFSERFRXYzZ25tZlJ5OVh0QVVOaU5DSmNvOVRjWnlJaXplcW1USXVQMmhFX2NnUGlIUW9CaDNBMjdMSDdod3cxZ3BfSTVMd0VlREw4UDhJRUE?oc=5,NPR,en,Middle East oil price,recent_middle_east_oil_risk,relevant,2,4,1,0,0
2026-03-01,Oil Prices Soar Amid Escalating Middle East Conflict - Crude Oil Prices Today | OilPrice.com,https://news.google.com/rss/articles/CBMirAFBVV95cUxOT1lrR20yN2tOcjJObEUwb1E2bzRfRzJfVE9teFRhMmx5ZGZRQzBzLTIwaEZxMUgtbVd5SjFNVm1BR09rcy1mZkRCaGphMzFjVzRFQXJhWVVURzA4eVdxd0w1RGhyTEtuU042VS1ic1ltSEZMWGlDTVk4M1hxaU1tRVRuQTVlbEw2X1ZxaG1mZWg0RDFJaElkbGxzb2M5OTBGZThCbTNKa1lKeUY50gGyAUFVX3lxTE9qVGVKZjZXdy01TEtnbWFzR3lUcjRJMHpPa0w1N1dsemw2Y2pvajdLZUJCZC0wakp1VjFCUXhBTjB0MHdNSENqN1hvckpiRjNvcXZxZWFVQlhsei1FNmhWNWtKZ3RfZnA1MGRWSFRVdFEzWl9abXdBWVhZbkllWThNcjZvNGdueUlFc293YXVldlh2eGpZaktCVDVWZkg0SXJSZXJrWmdRZ1pfb0RRcVpETUE?oc=5,Crude Oil Prices Today | OilPrice.com,en,Middle East oil price,recent_middle_east_oil_risk,relevant,5,5,1,0,0
2026-03-01,Don’t worry about the Iran conflict’s impact on oil prices—yet - Atlantic Council,https://news.google.com/rss/articles/CBMipwFBVV95cUxOMGJzWHF1M1VaSTRnRmZCLXVpNmt5MTFGWmJFSl9ReGM3eTFnNmx4d0NGWE44U0NuRTJleWdVbGFFempQQTNGckN3WU9tU0FQSUF6Y0V0VW9DZ2pnbHZnVFRITnZEU19qUjEtSVl1dEJ3QmthbWd3WVV1NWNPYmtmOWl1djhmcll4VXd5LWhkb29OOGJrLUVUdmdnX2xRd09ySUZSN25vYw?oc=5,Atlantic Council,en,Middle East oil price,recent_middle_east_oil_risk,relevant,7,7,1,0,0
2026-03-01,"Middle East tensions spike oil prices almost 8%; Washington gas could hit $4.70 soon, expert warns - KING5.com",https://news.google.com/rss/articles/CBMi8wFBVV95cUxQdzNBNEF0X2NucmpJc3gza3I1R0VaYXgxNXFGOUc0eWdIRGw1bHdUb1pnNDhiMlRMOUpuLXZQWkFVbFdnZWZQZHB2RWtqMXRhY051SFFrSHVLNnh6Nlp1dEtXbWQ0d2VxUUphNzh5UUcyR0dIYS1Md3F2ZURZQWVKTTFCc3BUdkFPZ05HVWhZalBfdmlidkhVYlpqN3plYWxMT0NhQV81bVpJcE5rSm5lMmpMb0xya0dnam8wRXZ2ejhSLVEteGpyZkE5V19uTFU0bU1vV1RSck5UbWwzQnF5aGlFRkxBWndERU9IMXpoa1lheDg?oc=5,KING5.com,en,Middle East oil price,recent_middle_east_oil_risk,relevant,5,5,1,0,0
2026-03-01,Oil surges and stock futures sink as war in Iran threatens crude supply - CNN,https://news.google.com/rss/articles/CBMieEFVX3lxTE5MQkEtUFgtS0JyVTg5V1M5QjFTcXRwZGNNS0ZRaTVyQU8xNE1HaVZ6SGZ5VWtMUXRUMFVYNjFfT0stN1otX3NBWWpfSXROcDh0S2sxamYxMkRxaXYyeTh3VTVoTFFVQmYxLWpOTTRBR3NPQWxvb0ExUg?oc=5,CNN,en,Middle East oil price,recent_middle_east_oil_risk,relevant,7,10,1,0,0
2026-03-01,Oil prices rise sharply after attacks in Middle East disrupt global energy supply - KPTV,https://news.google.com/rss/articles/CBMixAFBVV95cUxPc1RmeFMwMEd2TWc1cEVqdkx0aUdVcldlV0tNbTZ0SVh2RG1OWVBYYkh0V3hyQXI4YUNtRG56RE1IQ2lvYUJxR1FCV092Ynd3VnJpQUNxY0VXQ1hIbXkza09tREI3TGdlaG1FMjhMU0t3MUg2YkZCSlNKc3BGR1BmZENSV3MtazRJS1NiemNKbk5tX2VVNmpsUWw4Tk5lVG5nZGJqSnAxV1pBNmlqb2ZXT1g5d3BQeG1fOGU5VjNMb2dDN1Jv0gHYAUFVX3lxTE9RdlBmdGdQMWw4a250QTRwdlcwQ1kyWlBwSktBR2E0eVFzTlJUb1pUeXBFQ1RMQ2Z5bXRpZkxkemN6UUJMbjNfZ0p0RHhpTVhFRlpEUm4tdXdudFE1Tmk3NGZ6MzhYLU5ibmRBQldDeHgyLUZwTGM1SkJnbG44M1ZNN05aeGt6UTlIQXo5NmJYbGY0MGpBSlQ1WUphelBIZHZfNFNRODJsa3YtWWJQUXR4ZUxxV0tnR0ZuRFZGMGJudTVvWXp3Z2pLWHhIdjAxaENwZV91M0JLcg?oc=5,KPTV,en,Middle East oil price,recent_middle_east_oil_risk,relevant,2,4,1,0,0
2026-03-01,OPEC Plus to Boost Oil Production as Iran Strikes Threaten Price Spike - The New York Times,https://news.google.com/rss/articles/CBMikgFBVV95cUxNNFFncldPdER5SlZ1VDN0bHBydDJielNBc2RUbjRpVkVFcW11Y0w5OHUzeEotdGR5WkNZc1I3WjAxd2ROYmNXUWxDVHdKS3AyU0piOFJnMlN0NWgyMVZkNjI3VDdndm95Y3NjMi02Q2hyV3JJSVU3YldVaUxYOE9KQm5RVlpMWHhFc2VPeUhiMEUtUQ?oc=5,The New York Times,en,OPEC oil price,recent_middle_east_oil_risk,relevant,2,2,1,0,0
2026-03-01,$100 oil? Prolonged Hormuz closure could spark a 1970s-style energy shock - CNBC,https://news.google.com/rss/articles/CBMiqAFBVV95cUxOa0VXVnZZbnIyV09ZbUxDcENhYThkUVEzY3RJZ055clctRnFsVGRpTERNOGNwcldUZGdyQ3EwdURHYk0tSnVSNUkydHh4NmVmNnZNcUY5REY1SEtIeG9BUGtoalZHMHNJRjNCZWNKUDg2UHhMYUl1SS16N0pEZS0wM25hdnViamVvVXJFSnRMVlFXeXo2WGhkTTJuaXhTcGNfU0xZakh2enfSAa4BQVVfeXFMTy0wdzVOZjByN2h4bllIUkxmYTB5Szc4WDdvS2JlRHZlMV9rTlloZ2pfYzVYZzNLR0Q1c0ZuMVNqSVowWDFEYVA1czFxYUg5UkZWMXNPR2RnVjBYeGQwV01WNF9rMWg1UHpLMUpkVGdVRHFlR0pwWXNPbklPZTN0M2FlREtqY00zREpXSV9Ca2plM2hwZFZXSWJPYlRvYThwTVZQWVBJbkktN3NrY1VB?oc=5,CNBC,en,Strait of Hormuz oil,recent_middle_east_oil_risk,relevant,3,3,1,0,0
2026-03-01,"Strait of Hormuz: if the Iran conflict shuts world’s most important oil chokepoint, global economic chaos could follow - The Conversation",https://news.google.com/rss/articles/CBMi5AFBVV95cUxNMVRQX0NDMkR3dk5hTmhuRUNuV1J0clEzVW15RGEwQXN4Ung4QzBqS0dGY003aDB0blFQZEdSZ1pBMElUY1hVdnBpbi1FVlJCaFVqWE5oSlhNUzRPV3hMSXhZaVNfNDlkOWNjRDB2cjhQYzZFenpvMVVDV2JKWVl3MjFLUXpESVhuSlEzLXV4WlBOUmdZQWdEN2djVU5Xd3ZvN1E4SUdlSmRlUmZZcGtmSWlLQzltZFhRX1hoYW9iNWJoUXpqV2d4cklVM05reW0wOHlVdTdibW1SUWJiOWFhSTlCeVQ?oc=5,The Conversation,en,Strait of Hormuz oil,recent_middle_east_oil_risk,relevant,8,8,1,0,0
2026-03-02,Will Iran war send oil prices above $100 a barrel? - dw.com,https://news.google.com/rss/articles/CBMiiwFBVV95cUxOcmY0QTlYY3hqbExiR0REMHNFNldYbWZfODVVRlZ2eTBGQmQ1SmFFbndFOWxvZDcxSlZzc1VsZ2VUaXRvVTg2R0t6WTg2Vmd6V0g0NnJtRUUtYUxyT09IZ3BwQTV2NkpDUllMVF9NRFFDaldlTzA1YUNldnlpa3lITG1uYTItZ3o2Nm440gGLAUFVX3lxTE9kbzZUZXZtdmJmTzRVMTFKMm5fcDdoZk1nSzhHeDBiaVh1d3Y3TEVKS0hkMS00a3RxdWtSVXlZaEFzamV1endzb0l3bnJsX2VLeUlfU2dOckcxTzVEQWFobldGWU5GeGRFTUx4VWFBUGJFS0Z3QU9fVlZhUGpGYUd4RDkzRkxXSmVXNVE?oc=5,dw.com,en,Iran oil price,recent_middle_east_oil_risk,relevant,5,5,1,0,0
2026-03-02,"Oil prices surge, but no panic yet, as Iran war continues - NPR",https://news.google.com/rss/articles/CBMifkFVX3lxTFBxSDlmWW5WdlMxR3g4bGNvYXl1VDJyemlKaXB2WHlKbjBLNmpRb1B6MHZXRTIwZlZzWjFoUnVGYjdvY2pib0RlbUF6NHlhdG9CX1p1UVB4WXhEY0VlX0ZDdkRFOW9JOXVYdnE3U2xFLUJWbEQwLXJMMEpwRDFfQQ?oc=5,NPR,en,Iran oil price,recent_middle_east_oil_risk,relevant,5,8,1,0,0
2026-03-02,Higher gas prices are likely coming to the pump after oil prices jump in wake of U.S. strikes in Iran - nbcnews.com,https://news.google.com/rss/articles/CBMiiAFBVV95cUxNa1p4c3dWS1g4VmZQUU5zVmFybnpnVm9Va3dOaUM1VWtfd1dYUmRPYlU5YjlPeUUxaUhKeEY2ZEk0YVVlM0xEUDY3cnh5ZkF3R2RvU0ZRZ1p4QV9NNUJoS25EeWpzbk5HVkdqZEdKUUg0Z0oyN2dLZS1SV1JYYnZ1U25peENBOUx1?oc=5,nbcnews.com,en,Iran oil price,recent_middle_east_oil_risk,relevant,2,4,1,0,0
2026-03-02,Oil soars amid Strait of Hormuz shipping fears as Iran war drives prices to nearly $80 - CNBC,https://news.google.com/rss/articles/CBMirwFBVV95cUxQb2VCUW8zQklDMWdPTFJycThnRDd1MkpTXzl5aDJvdWlma2F0UGlSQ2RPam50bkVsOVVYQnVjUWdIVF9SRklrdE5DNGJBTnJRQkF2NlhrS1U0OXZkUld1VWNkaXNieDVMdXVNN3QzNDFxYjM3MENlZ2hjVW1LbWZDLTBUNUl6ZHJUOXBrTnFyTnJfMVQwck02NFF3cXhWV0V4OTdVZTd5RnliMTVUeDNZ0gG0AUFVX3lxTE9oeUFWNEg3alZzZXJYYms1bjVmTFcwT0VMcG4tQzJLQVRsNkwyN3Jhbm9FbWtMYkcxRGY0TXpjaDU1Q0x1bFBCX29SeDFQNVd3VlhkcnoyQ0lQcEk4cEU3WS13a1dkenJUMDhJZzdiTTZMUEU4NkpZT2lmX09aX0htWHZHSnZtQ09yMV9jOWtuUWF3MUFsTC12LTI4c3ZDYWQ1MlpFblpNU194MUcwSjdQXzlMVQ?oc=5,CNBC,en,Iran oil price,recent_middle_east_oil_risk,relevant,8,8,1,0,0
2026-03-02,"Oil Rises On U.S.-Middle East Conflict, But Settles Off Highs - WSJ",https://news.google.com/rss/articles/CBMixgFBVV95cUxPM3FuZ29uSkZNNk5FdURYbDhGQ3hMeG9hVmVwVkJ4QkN2OElpTTQ2V1MzNVlYWEtTQkptSnYyZTVEaHRfaS1BYXdSUVZhdXdVZzZZOUpBa2RVbzMzX2xsaTJZTjk5RVBFbjNIamNwMGFRTmVmZFl6Y29Ccm1iUTBXOXNJbkRfT0g3YkREYk95VmtST0xqTXlGOXVsSm42aVZ4VFJoOURKQzhLQ0VUZWtLN1g1LUx5MkQybDhidWdIdk4zc3R3akE?oc=5,WSJ,en,Middle East oil price,recent_middle_east_oil_risk,relevant,5,9,1,0,0
2026-03-02,Middle East conflict set to drive oil and LNG prices significantly higher - Wood Mackenzie,https://news.google.com/rss/articles/CBMisAFBVV95cUxQMWFBREs4N1VZRzVldjBaenZCTjM4dkZEbFlaOG1kR0R5RzJsZ2dmWExnOFoxeVdvY3VVOHREQm02YlFmQUczUWV0YmIyc3pwbmJCcHc0aVliU0V4TExDZkNkZTR3TUdGTzFCc1Zobm9ZbGZMN09RLVNlRHEydU1rMTA3LXN6UUJTSXBNcGQ4T1ZqZG1YNzhTX19fMmtCUk0tUjA4WGdwcklEYmkxcDBHMA?oc=5,Wood Mackenzie,en,Middle East oil price,recent_middle_east_oil_risk,relevant,5,7,1,0,0
2026-03-02,Middle East Conflict Sparks Surge in Oil Prices - WSJ,https://news.google.com/rss/articles/CBMimgFBVV95cUxONmc2MWEwUHVodlRsaGhWdWhZZnozRTVpZ1B2VGhHVjRPc2lkRjVuLW1QNGF0OEVzV2N0MXh3SlNJdUhLOUJENVFWOFdJTXVnb0FfMFktZG40MnYtd2FpTW9TSzBwbU5ZYUtCYWpoVEVSRWo5NFktb1haQXVzdG9QZk5hc3o1TENQVHZtWEVhQnhTbWZoaXItalpn?oc=5,WSJ,en,Middle East oil price,recent_middle_east_oil_risk,relevant,5,8,1,0,0
2026-03-02,Oil and gas prices jump as conflict escalates - BBC,https://news.google.com/rss/articles/CBMiWkFVX3lxTE9XeXl1UW9JOVFDNHVKTEhkWVNmc1dGMHVwb21aalZnRkZNN05TckpjX2dlal90SU8xU0tRTUEyR2xrcUgzYzRIQlZuRDZtZk1lLXVKMXVyRFVxdw?oc=5,BBC,en,Middle East oil price,recent_middle_east_oil_risk,relevant,5,5,1,0,0
2026-03-02,Middle East crisis pushes up oil prices – and could drive inflation rises too - The Guardian,https://news.google.com/rss/articles/CBMiugFBVV95cUxQbmpfVEJCRm9YMFo0X0dXQURSNm9LRVV0Z1I1SVdLSHNMRUJVMjNzZ3J3WXlRdFRYbGh2RzZsbDRESjVzcUJQMzJfdmVzZUJGYUxScEYzRl84SjZNcmpvSlVHNnpaSXNDREdnSGhtLUVFOHBNaWQzN1pfb2JzWnZQajl5TkhTY1JheFVMX21rTTU1VFlzZzFlNFY1SkdlMXg4R3ZhcTN4Z295M05mRjg1Ym04dVdjbC15YkE?oc=5,The Guardian,en,Middle East oil price,recent_middle_east_oil_risk,relevant,2,6,1,0,0
2026-03-02,Global oil prices jump as Middle East conflict raises fears over key shipping route - ABC11 News,https://news.google.com/rss/articles/CBMirAFBVV95cUxQZkZwNGJtVGNtaHJyWnhMOUVZQnRraDVTOEg4dDJzalNzVk5oOUlwOUo4alJiU3otNnA3SnBmVHFvdU1RVW1adUMzOWZHcG1yVVNsN3p5Nkoya2hJZ2RmZE1KSnNZREs2cVRoTllKRFB0U1I2RlRSaU9ONWlkZGlSMlhPM01LeFRyN1pxbHN4UURkSW1oYVpKVnl5V1VaQkxSMUd2OGZQRUZiVk5v0gGyAUFVX3lxTE13ZHpodjZwSnRnTW5MWW16UEptb09qbkJrU1drLTBWTVplVjQwUVAyRno3VVA0WUNaa280bDhLeWVTdmxzWXAzcDFTQTUyT2FqTzZmaWhsOFFtMWhON3FXT05jaEJyS0JqRlJrdHdrenpGcWNaUWdjbzBGcnRneVhMVVJuT1V1TFJYVk5nYkVGOTRubTlaOHo1VWlRVktWOERQcDJ1NkFZN3pOTXFqQkwxWVE?oc=5,ABC11 News,en,Middle East oil price,recent_middle_east_oil_risk,relevant,5,5,1,0,0
2026-03-02,Oil prices jump and markets slide after strikes across Middle East - Yahoo Finance UK,https://news.google.com/rss/articles/CBMihAFBVV95cUxOUTNIb3V4MkZDX2p5aFZseUZLYlhxVWVWMVozWEtqUzdsOC1wSGZLTHdKYjZZMFU0NzJpN3hWc2dqd2lJQVN1TF82ZFMxYm1BVERPUTZMQ1RWclNQU1l3bDB4bXVwbWhyS2I4QWFFOTZTc3NoRVZwN2ZDMEU3MjRpT1BpUnM?oc=5,Yahoo Finance UK,en,Middle East oil price,recent_middle_east_oil_risk,relevant,2,2,1,0,0
2026-03-02,Why India looks especially vulnerable as conflict rages in Middle East - CNBC,https://news.google.com/rss/articles/CBMimwFBVV95cUxOQ3hGRVhJbnpFaWhSbnNMVnhGNXdMR0tSTmhBMTVUdXBsSlNMSTE3T0FZOGQyMFczUk9UQWthc1ZtMkhSdnR4QXdDX3VLb0dfektUc1Rvek9pLXVseHowOFVWcXRpR2pheHo4VnZtbmxrUG5Eb19tNUZCTTZkOFRPNFoxc2tDaEdGRFZ0WXBWMVJMb2p4Q1hsME1ZNNIBoAFBVV95cUxQV3BYaTBJSTV2YlgyTHNvWmVVMS1MLV9ZSFQxdnMzZl9VV0tOcTRwNlNYYU9XNzJfSkRVYlhfSkFGcWxzM0NXUng4MWJGdWNyeVEwRFBfWWFtM2F6cjNwamZfckNIYk05Rm9tZ3o0OUdpUGpia2lRTjRLWFlqNEZDVWZ3Y2FpRFFRR0RCOHUtZmNGZTBiVXozVTQ3eW4yWWRk?oc=5,CNBC,en,Middle East oil price,recent_middle_east_oil_risk,relevant,5,5,1,0,0
2026-03-02,"War, Oil and the World Economy - Paul Krugman | Substack",https://news.google.com/rss/articles/CBMickFVX3lxTFBVZm1rQnlfX2xLaVI2cldvV2ZXd1l2QVpJeVdycmNwRkZVc2l3Zy1QVTFKVWtIMlNhM2NfMS1OdFFSYmpDb2pLX1VpZVRqQzJVNGE5clhjVFgxb3JzUWdHNmFjY1g5NlRmTk9OM1hyRjZtZw?oc=5,Paul Krugman | Substack,en,Middle East oil price,recent_middle_east_oil_risk,relevant,5,5,1,0,0
2026-03-02,Oil Products Arbs and Flows: All Eyes On Strait of Hormuz - BloombergNEF,https://news.google.com/rss/articles/CBMiowFBVV95cUxNWlk5VnZYVkJCOWZ5bWhYQjBIb094WkM0ck1YSUZrd2NiQmVEYjJGVWRwWjJqS1ZIZzRGcG90VmxNYTNsdzQtVjhmeGVON29VWVBydC1kSzdIV0k2NDJXUDBOSjg1cU1XVkN0UWI2a0RtWGVYclV4bHRHUmpPMHFSMjF4V0M1ejRqY0JuY2czZEt2b0NBQ1U3MUJJQVpsMTViN3Rj?oc=5,BloombergNEF,en,Strait of Hormuz oil,recent_middle_east_oil_risk,relevant,3,3,1,0,0
2026-03-02,What disrupting the strait of Hormuz could mean for global cost-of-living pressures - The Guardian,https://news.google.com/rss/articles/CBMingFBVV95cUxPMFpTdlFtUVdCLThXdWhuc012OURCVVVIMGlXWW1ZSXN4eG81aWoyLXQ4eVNVcXU2VVZ1aDNHdmY4bEZBa3NmQnduOUx4ZTdmSm9FQVhVYUFpMFZtUFljTTY2Sk5hbTE0MGFWaXdWZzRYQmM5bFJrN0xlNzBfbl9mYWpSOTFGcWxsTExuYk1NeTZXQW1RMTNCMTNGSlFWUQ?oc=5,The Guardian,en,Strait of Hormuz oil,recent_middle_east_oil_risk,relevant,3,3,1,0,0
2026-03-02,Energy prices surge as tanker disruptions and facility shutdowns rattle global supply - AP News,https://news.google.com/rss/articles/CBMilwFBVV95cUxOTzFqWFViSEVMWFl6aUh5Q1I2cnRMUTQ2UzBTVGljbmpJSmdJVGl0M0hiemtaTkdsVUNZTXNjSks1cnBRbHFsV1BHSmlTNVZwVjZDalk5NlAtd2ZMakRDUlZ0ZllZdldxQ1F5UUJYUFRxZ0tjV1RETi1mSU1pSHhMdFREVmhtWEptM3dINXo5ZEJoc1p1NE5R?oc=5,AP News,en,Strait of Hormuz oil,recent_middle_east_oil_risk,relevant,3,6,1,0,0
2026-03-03,How Will the Iran Conflict Impact Oil Prices? - Goldman Sachs,https://news.google.com/rss/articles/CBMilgFBVV95cUxNWDRiUmlXUS1aVjl5YXV3dWkzRllIdVlMN3d6TU5WR1RrSmNtZHBzajhIODM3RnVnaWZCYzhXamNKUm5SSXhuNmJXTXBmR3R5NjEwNW1MMDViWk1GT1VwazM3ODV6eF9iOEs1YnBMdzZXNDRUWXFneDUxeDd3SzRXeDdxM3cwXzRrVWhWWXJCNm1FWGVBYnc?oc=5,Goldman Sachs,en,Iran oil price,recent_middle_east_oil_risk,relevant,5,5,1,0,0
2026-03-03,Iran Conflict: Seven Takeaways for Investors - Morgan Stanley,https://news.google.com/rss/articles/CBMikgFBVV95cUxNLU9tQU5Pc19QZ1czalBoMDREUGhsV0xXUDRYaTd1U2pjd01NcTUzaDBadWJCMVJRLWhMOGk4ZTlydFNfVEhmUHRQc21fZ2R1bTdWejNxZncwUkZ4RzJsd0M0LU9RYktaSjc0R1EyWlZ2V19YUGY5aVdRTFEtZzNIN3BySUlOVDNvYjdBS3pJRFNwdw?oc=5,Morgan Stanley,en,Iran oil price,recent_middle_east_oil_risk,relevant,5,5,1,0,0
2026-03-03,"At the pump: Alaskan oil prices spike after Middle East strikes, lawmakers temper expectations for returns - Alaska's News Source",https://news.google.com/rss/articles/CBMizAFBVV95cUxQanRndWQyUWRQNk84dG9pREJPNGZCb05Ca1NGVUVPbl8tTldYNjkwQTNsS1NacEtFd1NuRUNlWjlrMFBvQi1vOHZkU01kdFFFV1FHRURZX1o3YjhXaVUyVC1GVkM4eE02RnU4bGI0bXVuQU1rSWhZbjVyelM1bmFVNnVjLXAxRUdEOVpZdjZoaU9NQWxfaXEyeVZTTlB6alM3MS14QU1jQ3VVNlJTSV92RUlCbVJraFB4VTNfZjFCVHhVNjNqb3JUWWpsTFHSAeABQVVfeXFMUDg1bGJjODdZOEhOUHlJamVlc1NPMm9PZHFjSjBYSDFvWW9MeHhhUFpWTUxVcGZQQWRRWE85ZDJWbHFJd3B1T1d4T2xIa1hVRWtpcTBKcDJVcW5wWjBvVWRZd0xHeUZZc21RNFJQS0RBdHhfTkx2X2xhT3NlT001X0NmZXdTbk9ibGg4cERfS25rVTdvZDMyaHBrSld0ai1wWDk4MklzN1E0WTJ1dTA4c2ZiRGZ0ZUpoRnAxalZCWGZLTmF0dzQ2WFpPWHhicHo0YW9PVmZDbEpyMVhud0ZCbUo?oc=5,Alaska's News Source,en,Middle East oil price,recent_middle_east_oil_risk,relevant,2,2,1,0,0
2026-03-03,Oil prices rise in NI as Middle East conflict escalates - BBC,https://news.google.com/rss/articles/CBMiWkFVX3lxTFB1VUpxX3A2N2FJVkVMd0RaSENSTTdxd2lVQ3dMcDRGQlBVcEhMcm5MUXNmTk9HMDlYUmhjOTdZS0g1V1Y0N05FdHIyYUJoUkVMR01OOUFZNndBZw?oc=5,BBC,en,Middle East oil price,recent_middle_east_oil_risk,relevant,5,7,1,0,0
2026-03-03,"Middle East conflict hits shipping, oil prices and other international trade stories to know this month - The World Economic Forum",https://news.google.com/rss/articles/CBMinAFBVV95cUxOZnVad3o2cEh6d0RGaFFwYURiS3hQVm9PVEhwdnIzbTJvZjhnSWZpRmtTcDZKQ2llXzRVYllZMWl4N1AwTkNJVjA1cGhzMXhvbXlzR2ZEVlV2QWdKcGo4bnB1SVZuLXdwSlJ2U2dvWFJZckFXaXFFYmFHaldOQk15dEIweTdsX1h2bVZMN2tIRVBKS0tqbDN4OVhXdXQ?oc=5,The World Economic Forum,en,Middle East oil price,recent_middle_east_oil_risk,relevant,5,5,1,0,0
2026-03-03,FACTBOX: Oil prices surge as energy facilities hit in Middle East war - S&P Global,https://news.google.com/rss/articles/CBMi3wFBVV95cUxPVURmRUZrOFBxRGpYb3hSNm1rMXpWUlpWeE5XaGtsNEhsa3RaNHVzSkNoZllqQVhyWDRoVktISlJOQnZnYXp3dEVmZmotUnpCeTNSV2hWNGYwOExwVkd0VzlYTEdELU9pWkt2NmtrRDlPeUkyZjM5LWwySlJrY182MUtrb3A0Ry0wWUxtajA3QWszZFpBYXVEcEVwU0NhRFRjNVFYM25qY3lOdzBSVTBQS1ZVc0tJUUVfeHZNZnJBYm1XQU94ZUotVHA2Ym82ZTBERHczLURMeEQ5dG9QWTVJ?oc=5,S&P Global,en,Middle East oil price,recent_middle_east_oil_risk,relevant,5,8,1,0,0
2026-03-03,Oil prices surge further and markets slump as Middle East war intensifies - Yahoo Finance UK,https://news.google.com/rss/articles/CBMiiAFBVV95cUxNVFFacEJIOFJma3lvbjM5ZkZMcm1YSm5lWjRLdVM3ZUdhdGVySzl3eGdTWnNGeXZXWmR0X2c1SWFLOFNudzI4bWlRN3VEbGZEXzA5SnNzQWN6MjdfblF0XzRSelZZX002aGJOWWxxblpySXJrM1JZdk5Zbk1xYlBjZzJsWlhrMDRI?oc=5,Yahoo Finance UK,en,Middle East oil price,recent_middle_east_oil_risk,relevant,5,8,1,0,0
2026-03-03,Oil prices soar 6% to highest since 2024 as Middle East conflict widens - Virginia Business,https://news.google.com/rss/articles/CBMiogFBVV95cUxQajdQX0FsQ1lrelVCN0ZLRVRlNUZOMVAzcjI5MG8zVlltZ0RSTjJNN21hc3JBZm12cjN5Qks0a29RVnBjZVR0WkttaFpPOHNvNkJ2YV91TnZ3eDNYay1PU3ZHZ0VoeWp6QlNVYmcxMDVsOXRiVUozNHR4MWhnVUE0SWFKYXpxY25uOFpjOVdpWnhfa0pWeFZIbmR2RmRFZnlxbnc?oc=5,Virginia Business,en,Middle East oil price,recent_middle_east_oil_risk,relevant,5,5,1,0,0
2026-03-03,Oil prices continue to surge as Middle East tensions intensify - Yahoo Finance,https://news.google.com/rss/articles/CBMihAFBVV95cUxNTTFRR2VheXN4RDNadTNPYkVDTUR0bFFQUkNzbUpSYlJwMkRHT2lrbjhEUTVOT3l1TlI5b082Y2gtMkVVY3RvRnJpLWVmYUNUMm55TFN0R1lTYUZsOU4yWTBEZWkyTXE4NERDd3piU1MzbndFS19WcXNtMnZ6cU5MeW9wYjE?oc=5,Yahoo Finance,en,Middle East oil price,recent_middle_east_oil_risk,relevant,2,5,1,0,0
2026-03-03,Iraqi Supply Loss Could Expose the Real Limits of OPEC Spare Capacity - Crude Oil Prices Today | OilPrice.com,https://news.google.com/rss/articles/CBMisgFBVV95cUxOeDFIRVFCRVduMHRGa0lOQ3dNb0NtWnFVcWU0UUNyUWpsTTlpS1hncmVEMVlmaGNQTEcwTV9oUkNmZ1dRTmxVdVRGazBablNEVEhJVEctOWFjVjRFRGh5dDRJMXNLTk5aa1BOYU9PMUVVVGdfcXY0Z2Z3ZkxYY2NDUlEtZ1MyLVZSdEpiOTNqQjBHYUZ2SmtBYXh3LXpSRG5sZFRIWUpxWlN2WVNZT1N4Z3NR0gG3AUFVX3lxTE9MMVdHRmJlWFA4QVpNaENEakpxWU1UNzdsdTdpUm4wWk54eWt5bldLb3hvN3RBLUZjQVlKajNoYWxfRDZYR0dESGxaWUx6SU1WU3pjOVlZdGFUYWdEX1ZWLWd2TTMzY1d3OEtPN3NSTUVtYW1wZkdKLU00SXlVTlhpdURBVkNmUUdFSXd1N0RxRkphN2NGSnJfakNCb1laV3lfV3RpQ3NSYl9uYi1kdXI1OXB3ZFZ0SQ?oc=5,Crude Oil Prices Today | OilPrice.com,en,OPEC oil price,recent_middle_east_oil_risk,relevant,0,0,0,0,1
2026-03-03,"Strait of Hormuz Global Oil, Gas Trade Disrupted Amid Iran War - Time Magazine",https://news.google.com/rss/articles/CBMikAFBVV95cUxQWjBWY3RBb1pMVV9kdXJOTWF6NXJEMVRvME5QV3BoLUxsSEpZM1NwLW9Yclp6MkMxWmM3OVpZLW14SjdBMDBhbnFBUi13NmtWSlE0VDlPZVZFWk44NEhXZ0pmVXRwNkJ3ZFJaYmdNTUdvb2h6Z1hzLS1ZM3pkeUVWWnR0SVJZc28xNDBzd2RqWXA?oc=5,Time Magazine,en,Strait of Hormuz oil,recent_middle_east_oil_risk,relevant,8,8,1,0,0
2026-03-03,The Strait of Hormuz is facing a blockade. These countries will be most impacted - CNBC,https://news.google.com/rss/articles/CBMinwFBVV95cUxQNUJEdlRxS1dnUndyOTUwZnk2d0R5Y1VFUVF0VVJhX1NJMFB0NmMtQ1FuNUhSRFhSUFJrQzRfSERVX3U3eTA5R201dHlXRV81TDZqOVNzczJSb2hVdXNWTzNrTXloZGdGaVZRSkRsc2xKWVVVMnNlTERmR21FU0NmWlFOUThsdHp6Qmo1aUZnYm5ZVXlRNWc1TlpGS0R1WGfSAaQBQVVfeXFMTUVfN3BNTkF1blFYYl9LaGRaMG5peFhDR1dRWTJPVTBRenRLY1M3NU1VUzRGcXVNcmp6dkFLaWEwa2dZdHgyS3ZrRHA3OVE4RkxwU2hKV0VxY2pjZWV1MHhmUFNKMHpFNTRNVWdUZVBMNk9uaWlzWXJfbUdXeVhkTVhEY2VmYkZWeFBKbXFYY3c2U3VZeHJ1SUZJeTdGWWZidmpCYkU?oc=5,CNBC,en,Strait of Hormuz oil,recent_middle_east_oil_risk,relevant,3,3,1,0,0
2026-03-03,Shutdown of Hormuz Strait raises fears of soaring oil prices - Al Jazeera,https://news.google.com/rss/articles/CBMipgFBVV95cUxPZGlNZldrRU05NzgxRVhxNUZreno1ZjFEV2xBM2RzR0tqejVFakFVSE9DbzVCTWN2c2lCV2RMbVFnTVJwZUlOOTVTREI3VjRTeGJWWWVkb0NSMGRBRnRXWkNhX0h6VVhiZEdfQkxuU1lUTlA0RGlfVUVzUU9faEtFREs2ODVoXzJqVExDdXpRSDJ3REZzbW5mTEFpVi1nT2JZMF9aNGR30gGrAUFVX3lxTFBIRzZndVA4TzVKQkpWUXlUdlhNNWkzam45amZ3b0thdTVSNHJ2VGZYN3ZrUlVjbVBQeDB3ZmY3cmZyVkpaLUJxTkR5TzZMSXg3Rm10ZVhNVURyTk9VWFV3UHlwcTJaN1U1VG12QVEzdFhYYmcyM3RhTGlUZEZLWVFmc0lvVVpGLTVTdFE5cVQ3VTNJeUxxRTV3QXlHZjVOLW5xa3hGcGJPb1h3WQ?oc=5,Al Jazeera,en,Strait of Hormuz oil,recent_middle_east_oil_risk,relevant,3,3,1,0,0
2026-03-03,How Iran strikes in the Strait of Hormuz pushed oil prices higher - KCRA,https://news.google.com/rss/articles/CBMipgFBVV95cUxOS1VFTDdPa2xCNkdSdlBPSldySEZMaGpQcncwX0M5WXI2SlczeXBtZnl2WExYVS1ZUkpDeGdIclRWVGxfd3lJQ2tnUWFUaFNaQk56RzROVmlEd3liUDh5VGdjQlo0SklrTy1ha0JCYk9UMlJsNW1lei04NnE3YmVRMVN2OGE4TmhST1FtaFFMTmJMaENTMWgzVDN2SDlvNnhJenluaEl3?oc=5,KCRA,en,Strait of Hormuz oil,recent_middle_east_oil_risk,relevant,5,7,1,0,0
2026-03-03,Oil prices ease after Trump says U.S. will insure tankers transiting Strait of Hormuz - CNBC,https://news.google.com/rss/articles/CBMid0FVX3lxTE9rMUppOUp5SHRnX1Vxdm9oM3ZrX3QxQmROT2tRNVV5eWc3WEdDS2ZtQXkyMkdYMUpmNGFtbnVzWTN5bi0wVThyQ3k4amhGbmpoTGxpYlE5cmRuSEloX2pOSzRuSHdEd0UzbWZkdFV1Y3dwaDN0Y0ln0gF8QVVfeXFMTkduOXJYa21IOW51ZzJ5MkRHQXpWbzVzY1hNaEJOWWZVWHJJazNPSGtVTUlwbWVkT1JtMnU4bmFyQWtVd1pJaDhCcnQ2WE5hWDdFZjc1VHJLTm5ZXzhzdEpORE53eHlfN2FSdXVWanl5cDJlaklUZVF5QThxVA?oc=5,CNBC,en,Strait of Hormuz oil,recent_middle_east_oil_risk,relevant,3,3,1,0,0
2026-03-03,US mulls military support for vulnerable oil supplies in Strait of Hormuz - Politico,https://news.google.com/rss/articles/CBMikAFBVV95cUxNR3VSTmlic2FEX1g0Uy1BYmExMndZS0RuNVBrOW5VcnEtR1JrOFIxeUt4N082aTRNbzhHbWR4YlJZbUswNDJXNlg2a09tQThDb1NxNG5hMldpNEVuTUROdU5KRnJhdDQ4dnVEZFA5TWVCT25XdXVkUVM1UjY5ZlB3clU5bXBqSE53cFpfNmpUQ2o?oc=5,Politico,en,Strait of Hormuz oil,recent_middle_east_oil_risk,relevant,3,3,1,0,0
2026-03-04,Oil prices up 1% as Iran crisis disrupts Middle East supply - CNBC,https://news.google.com/rss/articles/CBMipAFBVV95cUxQdlNEd1ZfMjdiSmZ6VkZFc01KSjBVTjhOSW9xUjNMcDNBNHBhTGFHblRqLVA2cnNGcW1RQTd5YlczUkE5aU9uVEhvc2hjUUJyM3NzWGZNUFRtTjY3TENFdGtmZ0hEMTZYR0l4WERfTHR3c2NBMDZ5Ri05Nnhjb3ZjYTZobkg1akp3N1JiNjNlODhUTjUtSEIyY0pVMzBsNG9xOGsxVNIBqgFBVV95cUxPWWREbjFIMzdKaDVnYVc0MWNxMVhJQjhpOHh5R0FCLTR0Sk96eW9UTGw5ZDIyY3A5UDZPWlpIeHJQSGg1endDeDAzTDRWVXpfX3haZlBKamVPN0Q0VG05b29IdlNHZElJaGFfdWhBYmlBb3VjR2hNcFNtbDdZVEZxUE5NSlhTTnpDNlQ2OEo1eHFzTVF1dkpsaWtGUmVaQkNUYTd5M213MUdHZw?oc=5,CNBC,en,Middle East oil price,recent_middle_east_oil_risk,relevant,4,4,1,0,0
2026-03-04,Middle East conflict poses fresh test to central banks as oil shock fuels inflation - CNBC,https://news.google.com/rss/articles/CBMiwAFBVV95cUxPZUJlUE8yTUN1OWNnaTdvZExDNnNVR2FfZnhzWV9xYWZkM2pkTV9YbEQyRXlsNWpIcnpnMG5ia3d6aHNXS1I0LW9RdVJ4ZDhpWXNxZG5VRmtnYm5yQ25xTHZZM0twamwxRzJKYThZdElUMFY5cXJCS3N2R2haa3FPYUFYSXFMd09kU0FnWlFSbjhjMHNCUFVkY0QyeWlUcHBQaDVZY0xKY3lPWUx6YkdROEEtd0pmNXlfUkE5TS1GMnnSAcYBQVVfeXFMTU5hRG5zWkxuNG95cW4yMzdyZG8zMWdqM2QyVjJfaU9yYjVtQzRUN2FzclMwUk9NNUlfUGxLXzZfSElEdDRsaTd1WWw1VTdiLXp6aUxkVGFjaDFDRFRrQXNJNkkwRTRobnppamxkQUNDcDF5NGItQkJnbVJpSkhNTU5Dd2w1bzM1ZVppUVRQbk9pcXQxT3VJVW41ZWZhTUpta1JDczhEaTFqUTNsa1FrRURjWjM1NTlNcndqTEI4M2U1dWZqOXB3?oc=5,CNBC,en,Middle East oil price,recent_middle_east_oil_risk,relevant,5,5,1,0,0
2026-03-04,JP Morgan Warns of Catastrophic Oil Supply Loss from Middle East War - Crude Oil Prices Today | OilPrice.com,https://news.google.com/rss/articles/CBMiwgFBVV95cUxQX2RmVFhSZi1NQWNidTVTQW9Lc1ZRRURNWFUwLTB5dVpUNEpCeTFKaUhFaG5XdjZZTU5Vb2RLVnkycjJjMEpZYmdCbmprX0t4dTd6QzlPYlF5VkRxbkRBSGFuSTNnSWV2bWpHc1pQQlFHUENnZks1UWtaazhsZDBPS2E4OV82a2hRbHlQNlV1bHNraDB2WmxKdW5MRUgyTW1PaVBIa3ZwRC1BYWVpU0Vubm51ZWNRLVplWEJ5NmVzcTk1UdIBxwFBVV95cUxNWEY2UEI1ZGNObzJhX2dLSHNncE9rS1ZFaWZnNmF6cUJ6UDlNTU12akZIZl9uMXBfRGtlNG9aZG9XcTlvNXg2aVJFYzNoMFcybzR6b3ZXcTRhSG9rMGZBT2NLN0htSWJuLVE4NG0zVlJpdHFabWN0UHQwTzIzajVCejV2b2d5UURhMmFhcE1IS2lrcm5oNDF1a19lcjU5Rl9taDhfWmt5SGItVG5TMDFibEVMS1JSU01aQTF2b2FnVnpQNDlqRVFr?oc=5,Crude Oil Prices Today | OilPrice.com,en,Middle East oil price,recent_middle_east_oil_risk,relevant,5,5,1,0,0
2026-03-04,WATCH: How traffic dried up in the Strait of Hormuz since the Iran war began - NPR,https://news.google.com/rss/articles/CBMiqAFBVV95cUxPLVhnUkVKWWdFVUU5OUY0TlpCTE5JaHdWcHJ1WndBY0xpRXlEdnptU2lWck95M3dEVk9laVR3VDZIaVlCdXFXajkxMHNhQmZIc2NvTnZfQ0dpaF9MTDduLTdRZ0x4R2twVGpuMm9EQWZVN242ZlU2czJLbWQzR0xwbTNLWU1ob0V1U0V4SFR0RG42ZE5TejJLVmF5S2E3dWJzcVJRMWhENXE?oc=5,NPR,en,Strait of Hormuz oil,recent_middle_east_oil_risk,relevant,8,8,1,0,0
2026-03-04,"Shipping slows to a crawl through Strait of Hormuz, threatening to snarl international trade - nbcnews.com",https://news.google.com/rss/articles/CBMivwFBVV95cUxPZnFHZXJoeGJyZmlsR0VWUUFtTVBoQ0RZUnozUGFjVEdWVWY1eDJTWGlMSFRpSGJXUXUxUUFVYVJfUncwNk9tOEUyRmtpSW9OTkxfLUtyWkRBYlJpalFJYlhEMHNfR21sRXNxb1hGVTZGbWZKeE1rQmE1YkZ2X19xWXNLejlaLVJ2bGVHUDJWM2xRZmdOZzFnd1ZTZlJlTVZzVDV4b2F5UzVOeXpROHRWTnZBb3ZBNVQzRl8zVXJMYw?oc=5,nbcnews.com,en,Strait of Hormuz oil,recent_middle_east_oil_risk,relevant,3,3,1,0,0
2026-03-04,Strait of Hormuz: The Oil Bottleneck Threatening the Global Economy - WSJ,https://news.google.com/rss/articles/CBMiswFBVV95cUxQRHRMM0E1SjBKY1lWalRjU3MxcnhKdnRFNndlRzVIYUNsWmlaQ0ltT1A0NjFXdUpPU3oyOXpUclAtRzdKdHZPaEVCS1dQcURoVVlOUDhJTnpSNUc1WDEyTnFuc1R2endUSElFUjk3WXg2NHB2TmJhdmV3aGRSc1RTdUsyRk9tX29ZbEFyVlhXWnpEcEhROGJ4Z3RjWXRjOG9VOVVicjFRNGVLZzhnRzVOYmc5RQ?oc=5,WSJ,en,Strait of Hormuz oil,recent_middle_east_oil_risk,relevant,3,3,1,0,0
2026-03-05,Gov't considers gasoline price ceiling to curb sudden spike - The Korea Times,https://news.google.com/rss/articles/CBMiqwFBVV95cUxQUXRYVDI2by1NaXFPMGY2Z1VXMkpoQ3hCWVBtcnZrNkhjWGt5ajl6XzBHLWdtQ3BtQlcxODgwcVZDLWpOYnpOWGZJZF9FMkc4SGlha20wZTF3QTM4ZzF2aGhDVklSMXR2NWNmcm51MExleHRsVFNDc0ZVUXNKUEVxZ1oxaUF5UFhRUjJqbEV5aWYxSjhpWEtVUno1OXlZRHhSRV9EaTFPbmxJcnfSAbABQVVfeXFMTWs2Rk9LWGJWNWo3WHZNc0dVOGZaeUJrMlRuQ1pjUmdaR2pSWWtISWgxSEdYUzc4Vm5IbmdLWmdQVnI3NmJISVF1bndRZWFIZTY2cS1EUlBMSkhJQzd4N2E2S0pjUTQ5STZXN2F1MUM4eFMxVzVCRGhyUEl4ZC1vZzlOcnhKZVZTTGZvWEt6dVlKblNmOGpHNWpCdmY1SWJHRFB1TTlfNl91LUxlcjFSTWE?oc=5,The Korea Times,en,Korea gasoline price,recent_middle_east_oil_risk,relevant,0,0,0,0,1
2026-03-05,"S.Korea to activate $68 bn market stabilization fund, mulls temporary fuel price caps - KED Global",https://news.google.com/rss/articles/CBMid0FVX3lxTE9LbXNpcVFFakJYVlhvanU2YmVJYmJBc2piRlJ0b2JMSmV0LTRFYkw2djFIU2ZRQ1Boa2dZZlhQSGdxZ3J2OTVkbk5HQ2luS2p4RWYteXhiTDFYZnZuY2hBcHdGZFJiLXpURTNRZEhsY2lDQ2tKbmdV?oc=5,KED Global,en,Korea gasoline price,recent_middle_east_oil_risk,relevant,0,-2,0,1,0
2026-03-05,Oil price continues to rise amid Middle East crisis but stock markets rebound across Asia - The Guardian,https://news.google.com/rss/articles/CBMi1AFBVV95cUxOc1pqSU5NUllrcTk2UzA2WVV0SHZsbFdSZ2RtdGFqbEtPYzhFVk15VC1xbWROOWRuVGJMX25lTXlURHJVaW9QTV9aUlRjMC1RaFVoUkcyMm9EYkRGXzVlWVRGcktDUnJnWG9TNmhhczZxU3ZEMlNCU2lReXVmZ01UelJMNXJVeXREWW9KajAwVjlUMTQxU1NWTnd5cnZOdUJrWENDVGxpek9xc2x3QVVyWDVEb29PMzZRbk9kWkZwYTJ1OVpRUUJVaXRXdVUyVllFTXl5cg?oc=5,The Guardian,en,Middle East oil price,recent_middle_east_oil_risk,relevant,2,4,1,0,0
2026-03-06,Oil surges 35% this week for biggest gain in futures trading history dating back to 1983 - CNBC,https://news.google.com/rss/articles/CBMijAFBVV95cUxQM0piLVZWaXZuLUVRcERvNUxwaGNVajB3UHB5TTRGeHVvVkVmRFROTzdJUjVFVDlJT0NGckl3clpXMnhGRnZwVXd1Um5CMWs3REJseVZqdUJyMzk0MWFtelpKNmI3TjBUTzZHRkg5XzFjUzBrM0xtM0txR0VacHljc0o3SFBXYmJ2cXJFatIBkgFBVV95cUxQT2NqOER0ckEzYXdCRFRybkxGMVdCT0FDR0k5VEN6SlJ0anR2R0k3MEg0YkFFVXA3Sjh6QmZLVGRhZU5NbE8xUzRkM3B5eXdWOHh6MXdUNG5LSEZLdXFsNS10R081ODZRMVNwRm5saTVLOUdtQXVuREVmQVZRS3pCc0tDZVJYMlQ3VHFMeGdOUFVpQQ?oc=5,CNBC,en,Iran oil price,recent_middle_east_oil_risk,relevant,2,5,1,0,0
2026-03-06,Iran war triggers unprecedented gasoline price cap in Korea - Korea JoongAng Daily,https://news.google.com/rss/articles/CBMi1gFBVV95cUxNUUQ0cTd5TnVYUjIwSXhMLVJNZHprNTlaejljLUgzYlotdnZhZmlCdVgtTVpqcTRHczNiaUV5bnp1SlNsMGZIS0VVRWpvbUMwa1V0SDREcnMwUmZHQ1h6Z2wyemRLWHNLVWNpVy1PRUNKQ1RLM09fQ0F1OG45Vm5qSk9RVUZFX2RXWFlidmctUFVOTjc4bDd6cUZleVBCWW83U1pTWE85TmJPa19EdVNYVDhlLUJiamc0ODdWOUQ0NmR1Q01IZllGdWlGTy03akRQcnUwb2hR?oc=5,Korea JoongAng Daily,en,Korea gasoline price,recent_middle_east_oil_risk,relevant,5,3,1,0,0
2026-03-06,Gas Prices Surge as Government Probes Collusion - 조선일보,https://news.google.com/rss/articles/CBMijgFBVV95cUxNSFBBSnFmSVc1Q1lfQ0dUcm1BYm1CU3FudmFzM3Q0MzhJc05uZEF5WlJfQVJfVjRVaGlLcEVVUEU2dWROcE40ckk0R0tITThla2FSVDdwQ3VzZUxTYUhXRFI4cFVTU0pGemF3dWpiTjJyNURCTzBPcFlwTGM4blhyWGZfOGRoWmZZNDVuTHVn?oc=5,조선일보,en,Korea gasoline price,recent_middle_east_oil_risk,relevant,0,3,1,0,0
2026-03-06,"Gas prices in Seoul top 1,900 won per liter as gov't mulls crackdown on gouging - Korea JoongAng Daily",https://news.google.com/rss/articles/CBMi6wFBVV95cUxPTm1qZXprU3NYNW1aUHJ4XzlKYklMNjVDNVVhdEVQQVVKQVF1dlhQV0xZbVBHSmIyRDFLSW94QnQxY0s0d2o3S2RvcHJadk0ySUlicFlxeWVibXBnVG9USFVnWFFvV1ZmMkFOcGVxOXZ2V2p1c1E0LWlKaXZDci1qLU0tYzhWblhBcUtyOWo3N2x1SWZNbXVTMXNweC02aVJLTjlVSU41eGZOZnE4M1RXQWNQQjVHQ294M1ZaVEhCRm1DbG5pcVdUeDNuNmN1UVR6VGN0LXlaQmRpODhOUUctRUxtVXNFc2k1aHA4?oc=5,Korea JoongAng Daily,en,Korea gasoline price,recent_middle_east_oil_risk,relevant,0,0,0,0,1
2026-03-06,"Fuel prices surge after Iran crisis, raising collusion concerns in Korea - The Korea Times",https://news.google.com/rss/articles/CBMixwFBVV95cUxPZHlrcVZzc0tQd28xc2lRMms3NDF0WEdLbURvNGZfNEhFc2dONndBRkllNXR2Q3N6Q2FCMVJYQjVoWkhFaTUxMmtpeGNrS3A5ZWNSUmgwdTVTTHU2SGZaWFhLSnFKcWhWZUVWZWwwaGVPSlcxSlBGYlBFSzJKYTNCUTdFN0psaGdaVnVvZ0NJM242N0JnNUQtNHdEMmVMeGNsSXh4cWdNZEU1bktTa0Z0Zm9najV0VHNya0lTNGZ2RURLeUNUZ1Fj0gHMAUFVX3lxTE54RWkzcEdUWjVybEgxY2hkVVB0c051Slh2dzRrcldCc2RzdDgzT2l6elpHNFdPSDVjSkRXSGNVZHZrbXBFcTNhS29idzYwVFNxdUFEZ2FIemszTGZCbXg1dmQtazZsYVRxU25wMVhyVU9Zd0VXTEpzZXA0VnprR2dJai1uTFQyQTFUR3BYYUtkSkJGMGRJMjR6Zk5WSE1kYmZmeTFhdWlDMjRZOEUtVzNGRFlKYm5wTkpGRDhicWRuQlFEQnZ5WEFYdnVoSg?oc=5,The Korea Times,en,Korea gasoline price,recent_middle_east_oil_risk,relevant,2,5,1,0,0
2026-03-06,South Korea to import 6 million barrels of UAE crude to curb fuel price surge - KED Global,https://news.google.com/rss/articles/CBMiaEFVX3lxTE5EajhsSUtzMmdFVG40dk05WUpaaHVTUS1fbVNaMkMtOGtCcWNNVWxZSHU1dFliRzZ1ancwVHF1M2hONnVWaFRETGFmdXBWVXNoODVUMjlkZDFFbUpmSDJLWHVsbElfeHhT?oc=5,KED Global,en,Korea gasoline price,recent_middle_east_oil_risk,relevant,0,3,1,0,0
2026-03-06,"Iran crisis leads to rare fuel price reversal between diesel, gasoline - The Korea Times",https://news.google.com/rss/articles/CBMivwFBVV95cUxQSm03eU5hQUNzdWVwbU9INFU3UzFEWWQ3VHBGRzdzbUlxWjM3aDZqTEx0WW0wN2FhMTBmODUtVmN4UVNNb3N4Y293TmFMczB6Mnc0MEVEYkFxMVhoNkI1d2pVeFlsWEVjMS1ORDRybm53enREYzJaZmZoOUN3UXVPd3c0WnY1bGhhd1ZST0NpS0RKMURfcVd1MWhUak41ell4RHBoNFdlczJ0VHVxT2d5aXpBa3daYmN3REFaWTlXQdIBxAFBVV95cUxPcU5GRHlTZFlqckNCdko4bkU5ZGZoTWpHajFVektMY0lBT2FfbkRrc2hoMS1sUXp1TkZGbXdBT1dtZy01dVVLNGJHbVVBdzVGLUZBMm9kajkxS3JSaV85UlRuQXBuSUlybnJiaUZkMl9wUVk0eU10WTE0OUt2dDJOUjkzeUFGOE9xamNCZmE3VDhqVTVpWTZkdzRIdnpXeGlDQkt3cGo1YUhSa2x5X29MR1F4clZQV1c3UWtJNTZKSnA0d01L?oc=5,The Korea Times,en,Korea gasoline price,recent_middle_east_oil_risk,relevant,2,2,1,0,0
2026-03-06,Oil Prices Hit $90 as Middle East Tensions Escalate - Crude Oil Prices Today | OilPrice.com,https://news.google.com/rss/articles/CBMitgFBVV95cUxNQUVVTDBLQ3BPWnNobW1BQ3hVenZTUHlNTUNXalp1RnFPc21jVDJieHFUY2xpZjdpbEpGXzVQem1MN2Fya0pLQ0w4RU53YTVqQzduYmU3TW15Wm1HSmNnd19GVkwtcE9obDg2NG9JRXJzY2FkRUtCMVBzanA0b05ZV19KS1FwMXNHRHpxV3VZUkFJSEN2R3hvUkFzbW1BOWx5aGJGWmpsSU52eWtMU0R0aEx2VWRLQdIBuwFBVV95cUxPRUFhT05MWWQ3Y0dvMDRwT2xzbGlWek9aY196elNzdm9sSTFSU1I3bDY0NWJlOG93aENuUk9zVmlzeU5mRTJNVTNRcmwxUGdvWmJBVFJTbVNpeXFIaHdUaVdOQ0JiM0h1a3Q0dkNLZkFva3hMbFY2bC01X2JqRTV0YlhZY0lIZ0JYcVI4eEMzeHcxQmpzNFo1eDI0b0pOYUs5cXN0bUR2UUQtMUp4YjhablQxV01ZUXdyc0N3?oc=5,Crude Oil Prices Today | OilPrice.com,en,Middle East oil price,recent_middle_east_oil_risk,relevant,2,2,1,0,0
2026-03-06,Market Minute: China’s dependence on Middle Eastern oil - The Real Economy Blog,https://news.google.com/rss/articles/CBMijAFBVV95cUxPZktvcm41ZWJvdXpfMVJLcURZdWU3TEJhQkRDcWpoU2plX0RiUVZDSjVkSEF4Q3hRSmczYUtZRjFRT3ZsLU9VWnpkNVBmcjd3Z1hTNlVXTlFwYmVnb2tTNEhMc2VWa1NDcW9seHh0aVZkVXVOc3BDMG5fRlF5bFhGbUx5dDhudlBXREZ6Mg?oc=5,The Real Economy Blog,en,Middle East oil price,recent_middle_east_oil_risk,relevant,2,2,1,0,0
2026-03-06,"No One, Not Even Beijing, Is Getting Through the Strait of Hormuz - CSIS | Center for Strategic and International Studies",https://news.google.com/rss/articles/CBMiiwFBVV95cUxOb0lDVHpGR0NLYXZOam91X2NEaTJoZ0lsR1pUN1NVM0xjUjFaUGU4WlBZQVF1dUMxc09VMGYyOEdndGpaTXVlRlJ3TmV6dDVGOV9PZkJoNEozTlpFcVgtT1FpcVNfVUVxbEVIQjJwMlNoNnZudEZpVDdrNDlXY1JTTndqM2xnV0JJbk9r?oc=5,CSIS | Center for Strategic and International Studies,en,Strait of Hormuz oil,recent_middle_east_oil_risk,relevant,3,3,1,0,0
2026-03-07,Oil and gas prices rise rapidly as Iran war escalates - PBS,https://news.google.com/rss/articles/CBMikgFBVV95cUxOQlZibmNueG9SNUoyT0YxUmVvREpXT2Q2M2FEZ2xVU3dHMlNUZWtxNU1zR3Q2QzdBUlk4eHFrTERlRHIwSzNhZEtCNlhOeTVRQ0xFWkY0QXluRmY0c2NockJQWVhTX1BlYUpJZm9NRXJmZEFMdUoyenBEdjBudFlWaW5fVnN5c3VvdzdBZ2ZlMEZKUdIBlwFBVV95cUxQd3BOQ2tWTXR0YTNEbW9ZY20yUElfRU5CTXpFZ3oyalMwSXpGbWswdlg3VXJXRThkVFBkMXFxdmczUDlJN3MyOWNObm5SbG1nNFBETlh2N3IxUEpXOVg3eWk4Y1RUT1AtNWRZY2U0bFVfYjhoYl9yZ1pFUG1UOUhiRC1KdnhSQnA4SkRLa0VxOVZBdVVXbDc4?oc=5,PBS,en,Iran oil price,recent_middle_east_oil_risk,relevant,5,7,1,0,0
2026-03-07,South Korea's Gasoline Surge 10 Times Japan's - 조선일보,https://news.google.com/rss/articles/CBMijgFBVV95cUxQRk14azF2blJfTUJfeW84Y2dsS2ttenJGdVg4VC1yMWY4OWZiaFF1aUJ2TmlrWXdUeHA2OUxDcmxvdnZQcDREUlFPV1VtRDFBWnpsaHdnZWNud00tYzRZV1JCUUtVaGpObll0VDdZQkFQMzFUQm14cVd6dG12akxCVnctN2k5SXEzMEJoeVhn?oc=5,조선일보,en,Korea gasoline price,recent_middle_east_oil_risk,relevant,0,3,1,0,0
2026-03-07,S. Korea weighs fuel price caps amid Middle East oil surge - upi.com,https://news.google.com/rss/articles/CBMitAFBVV95cUxOR1IwN0ZGLUhkNVR1Q1dLdGkzalc3V1RMaTVtMzZNSG9ydEx2c2NEbExfRlZLNEU4Vi1XMUc2bmpSN1lOaXktUl9vdFFGU2d1N0NRVHZZNUJJNFNzVS1QZTlSLURPQTlwNjEwRDljekRERWJ3d2h4R2NycUluRVZTTkNHYUp6XzJBcGVMODltYzN6Ny1vNFFNMXBGeWcwRnVzaEFicG9qSUFUSl9ib2xLX1lZNVLSAboBQVVfeXFMTkFQQ01FcWhQbzlJb2pET1U3SXdHY2dPUHF3MWgtUmZHVVVXcGx0SFJ1UmNpTFZjaTBDdlBISVRBT1lqMnZMVFl3SnkzS0FLOV90eUNLd2ZYdndBaVY2OWhlR3M0TVB5dzhHTFRVNTByRjRiRU5SVkNiX20tdDBUd2lldy1MQkhPMldlLVd3V0p6RXdERDVMMFNCR0FYLU5JN0RJNXotZUN2ekIxOUVBc0s4VTFuSmk5Ui1n?oc=5,upi.com,en,Korea gasoline price,recent_middle_east_oil_risk,relevant,2,3,1,0,0
2026-03-07,"Gasoline, Diesel Prices Surge Toward 2000 Won in Seoul - 조선일보",https://news.google.com/rss/articles/CBMiiAFBVV95cUxQbmFyRFZEWTZ2ajQ4NGQ3R3VaUFN2ZE8yZ01QYkI1ZDVQaFFvblIzaTM3UkNHelpHVlFXRDVnX214QURMYVIyVTl0TS1kRVJhb2otbjZHcWxjckZfWEQwOWN3M1djNTlxYlB5a1RSYTBKOWZlemZBOGZwSllWN1BPZ05VcE1JYlV2?oc=5,조선일보,en,Korea gasoline price,recent_middle_east_oil_risk,relevant,3,6,1,0,0
2026-03-07,"Seoul Gasoline Prices Near 2,000 Won Amid Middle East Crisis Surge - 조선일보",https://news.google.com/rss/articles/CBMiiAFBVV95cUxQWXFQQjdzQzRJWVpCWDQ2ZlFQM0JnZkVuNGx6SUVzZXluRE02RzY2czBTekZScTJ2cjYwLUtvVWdlUGFScGhHM040OWcxbnF1SzFBMU00Q2RNand2S1VGSWJzVW8wU1phZC00LVdhUjNZSG92SElweGl1YVNsdDc0bmRTbXFra3A4?oc=5,조선일보,en,Korea gasoline price,recent_middle_east_oil_risk,relevant,2,5,1,0,0
2026-03-08,Crude oil prices swing wildly as the Iran war stretches on - NPR,https://news.google.com/rss/articles/CBMiekFVX3lxTE1yUjFwTFVFWlFsOHpiSExPdlFqZDJvdFctQzFCZmRKblF1MEpORl9rbl9Oc2V6dVpwVTItRXJ6STRjZlN4Y3YzYldJWXF2TDFieFdvYm5FWk90bDlHSnBfMjdSLUk0SmpCZ01ZNE9OYUg2czFQQkh3a0ZR?oc=5,NPR,en,Iran oil price,recent_middle_east_oil_risk,relevant,5,5,1,0,0
2026-03-08,Oil prices soar past $100 a barrel as war escalates in Iran - CNN,https://news.google.com/rss/articles/CBMic0FVX3lxTE9xdk1EZW1ycTdWY0NNTG5VeHdiZW5KYWpva1pQeDdLbFFKT1J3WXM3QUFGU2NPNFk5d1Vscm83NjdGTkdDTWdqajJnYnNqZW1ldGg5YnlyWnRKZVhDcG1NSGdKeFBhRmJIOUQ0X1JRZHNhQVk?oc=5,CNN,en,Iran oil price,recent_middle_east_oil_risk,relevant,5,5,1,0,0
2026-03-08,Crude oil prices surpass $100 a barrel as the Iran war impedes production and shipping - AP News,https://news.google.com/rss/articles/CBMikAFBVV95cUxQMGdKX1NyajV3RGl1QTRvazd3TFRLTUlyQm5kMHRPZlFxUEZpUXFUWXpjWGNwUWhCT05CNmVhUi1yV3VxZ1NlRjlNY0ZtY2cyOUJ4bTBrYzBpV0V0Z0dZQWJjcElOT1pYQ2xRR1JQUm5val9EMlpsbHpxbHAyUVhtbE02UkRMaVJVaU4yS2RKeXA?oc=5,AP News,en,Iran oil price,recent_middle_east_oil_risk,relevant,5,5,1,0,0
2026-03-08,Oil prices decline after nearly hitting $120 as Trump says U.S. considering taking over Strait of Hormuz - CNBC,https://news.google.com/rss/articles/CBMid0FVX3lxTFAwSEUyYV9SNG1sZ1J4S0g1czAtMFl4aTVkV0tQZ3h2c1hLcUdDV1F1X3cxYVVaZ3JWaGRUeFUzemFuckhGWllDS0VCeTJ6Nl8tUU10bmJQNkNXNVcyT2YtQUI4T2lRLUN0SUp1Sjh6RlA0b00zWnlV0gF8QVVfeXFMTUtWZGpnR2p6T0lmanczU0tVUmhYZlZJR3NORVFIWklWV3JNcVJDNDMxRDJiNDJCcXBFVnNOeTAtRWhxd0hwMVhaUVQ0bkVoT1ZRTERTTkUweFUxMTZRdXRmSk45RXpKbk9hSzdlbVVRVGZJSGc0Z3UwbWx3dg?oc=5,CNBC,en,Iran oil price,recent_middle_east_oil_risk,relevant,5,2,1,0,0
2026-03-08,"Gasoline prices near 2,000 won as tax cut debate grows - upi.com",https://news.google.com/rss/articles/CBMijgFBVV95cUxQTVV4N1EzMl9zU21ESlg4Q0NLa3hGTFdjdW5wbndpMURsU2dsaDZpT21uVE9yMHpxakg3TmJpOFc1cmJjNlJaMjVpZ1piVk1GWnJUQkd5QkxVR21uWURkVzlUVTU2MWU5SmhXcDZIbjlGTm1jb0Mwa19XMTNBakRFRDlLSjhKRTBYZXV1Z1V30gGTAUFVX3lxTE94RXR6anZjQ1J1Znc3ZHpYamtPMzRwNUp3T01mLTBfOTFvaFpqYTZjZkRVeHJiQjRqSmw5aWJLOW96TENiSFlvOXhZcFFtNXNxVHh2X3NocjhJYXBkdVYzMFZldlVPTGxfaGhfcDNHbWQtWjBheWtpdUZibDRSeUhTTnQ5ZDlIU1lzU242bG9IWmR2dw?oc=5,upi.com,en,Korea gasoline price,recent_middle_east_oil_risk,relevant,0,0,0,0,1
2026-03-08,S. Korean President Urges Fuel Price Cap as Oil Jumps Near $120 - Bloomberg.com,https://news.google.com/rss/articles/CBMisgFBVV95cUxOYmtOWGlSWm54cTU4UUpLQTZaalZZdHJFcXFkQm52UGJDODc4aGdNYkpoX1dsOEZNZHFQR0Q1Z3FFWS1XekNROGhHcFJRRUNWU2xJanBXYVM1TmlnS3hDLUY2Sm9uZ1AtTW03TUZoQmJJLXVScVNDblgtZUpjZDJVMXFVZkFkcUJJSTZyTTl3SVFTVmhTSldIanFyRXdKb3pSYzRwNGVyZFZCTkVUeVRIaG93?oc=5,Bloomberg.com,en,Korea gasoline price,recent_middle_east_oil_risk,relevant,0,-2,0,1,0
2026-03-08,Gas price surge takes toll on truck drivers - The Korea Herald,https://news.google.com/rss/articles/CBMiV0FVX3lxTFB4NHREN1dsZ1l3Z3FfeTVCSEpLcEdlZnM1eXJnLUtTb3VTZ2M1dmVEQUViTWVzcG1JUWZWSXc5dnAxTU1uc3FhXzkxZ0d1OVZrOHlUVU80QQ?oc=5,The Korea Herald,en,Korea gasoline price,recent_middle_east_oil_risk,relevant,0,3,1,0,0
2026-03-08,Seoul fiddles with price controls as gasoline price near sensitive threshold - aju press,https://news.google.com/rss/articles/CBMiW0FVX3lxTFBCemg5M1JRY0laNnhHZ2g5bEN0WC1BMlVMZnZ1Q2tndEU4blNCZUhiLUFpVDlTR1MzVVdEdm1IZmtoVTk2SDd0LWNjZ3ltQTRlZkhPOG9OSkpTXzTSAVdBVV95cUxONkstSXlCTVVTTFZ6VGxtWTVhekdsc2RMUnpsaFZsLXI5d0szRjEyRDFFVVpRamVtd0Y2dmJLY1dqU2lZdTk2OUEzZlRTZ2NacGJEOVVPQkE?oc=5,aju press,en,Korea gasoline price,recent_middle_east_oil_risk,relevant,0,0,0,0,1
2026-03-08,Crude oil prices surpass $100 a barrel as the Iran war impedes production and shipping - ABC7 Los Angeles,https://news.google.com/rss/articles/CBMipwFBVV95cUxNa1lUSXZodGhweW5iY0F3WEVrYk01QW9oSW52S1dDdkxReTBPZ0Yxa2NZRXNTWC1oRUxQaWtvbDM4WmEzcTJlUDVuR2NaRS1vV0dJVWY1X2hXcU4ta0hKbjFWUUdkSXdXOElITzFIS0QzM2tXUTEyb1NydTk5WFptYTV3Tk1uTDJRZU8yYnE4RGY1ckpfcFJkeENJcVljYTg2bE41WjlRZ9IBrAFBVV95cUxNcWY4QlRyb01wazdKZzRiSmxISWxDMFFDX3BIMjQwbGtPYlcwTzdpUlZ3aWoxWDRWREttcEl6anJpa21kZVFybUluYjN4bXdHQ1BfaHkzLUtuUTNHLXl3WFdpNmdHcjBIemZrNXlCZ0M4NjNCSHBYa05EYkhnVXJxR1p6RmlSN01STFBsVGdDV2dMQVNFb3h1Z0FFa1lqMm5INXRqMUp2cmlmNlpl?oc=5,ABC7 Los Angeles,en,Middle East oil price,recent_middle_east_oil_risk,relevant,7,7,1,0,0
2026-03-09,Oil prices soar to levels not seen in years as war in Iran intensifies - PBS,https://news.google.com/rss/articles/CBMiqwFBVV95cUxOcnk1cjY3RkszX3NJZVB2YWNPSjlmZ2RIS3o5U0RLZDlkVmtEbDNuTGtCT2lySWM1Y2o5cnZjTE1oY0hXYjBtXzc4V29lYjhXUUJWTnFsS1dKVUpyUmpjalFNTzFQMVhmWjdEMFVmTkxFTE9RMGMyQnEzOXRma21BRnZHSzFBYXVGZWR0ZXZuUk5BREw5YndiN2x5WG1ldGJDNzc5eE1MeTRoajg?oc=5,PBS,en,Iran oil price,recent_middle_east_oil_risk,relevant,5,5,1,0,0
2026-03-09,Iran war: Wall Street erases a big loss and closes higher as oil prices fall after surging near $120 a barrel - ABC7 Bay Area,https://news.google.com/rss/articles/CBMitgFBVV95cUxQYXlBdG1GYzVjcnl1RDBlNUJrd2hSMTVvYU9WczNZdW5Wb1BFRjR0TnJHZldEcmpMdld2ZC1KMVdJVk9rSHpGQjh0dGNKcVhPOVRwOERoSkpyUmtYMjZkY3kxWnNlTHJoaFUtNDlodDhWRzcxWGNfaXRqNVc4NjBHNUU0c1ZWWF9qc2dzVFYxVmo5T0pqcWt2TUJ5bEJtamNhSGc5UW96WXRPMWswLWJkRTdxS1pxUdIBuwFBVV95cUxQcWduekljQXhZS2VFNGltMWQwcGNaeFhuNl9XdUhhTl9QeEtDMFZXeXI1SENKUzZBSkhaZldkUW8wdkNSRnBjeUdwWkxQZWwxY2JzUVlFSU0xN2tfcEJoS1BDSTRLQUxLYngtNzRwczBkblZiQzhxcDNVSE5pVTBPY2xDbXdXRF90UlpVZHFDTzVrdGNPYU5ZMC1RMy0tU011SDFVWG9kaHBsN0VCYjBhcnFreEoyY1ZOU0k0?oc=5,ABC7 Bay Area,en,Iran oil price,recent_middle_east_oil_risk,relevant,5,4,1,0,0
2026-03-09,Oil prices swing wildly as Iran war threatens transport routes and production across Middle East - AP News,https://news.google.com/rss/articles/CBMilwFBVV95cUxPTFp6S2dqMlZ0dzJTd01Pa3RaVXhzLUVDS1NTeVBYcXM2TWdhQ3hVNEpaTnp5U05aRk1GRU9yRERCZjVVVnhZMzhkV1Z6bDJjT2tNeHNMc0FzcllZdE1kOEhteHkxQVRfV3VDWGY4aWF1NWxZQURRSW9jQ2JoSEdCNTl2c3c3NGFBWHNva0tqOUoyeXZ3OERz?oc=5,AP News,en,Iran oil price,recent_middle_east_oil_risk,relevant,7,7,1,0,0
2026-03-09,Oil tops $100 a barrel as Iran war escalates - Axios,https://news.google.com/rss/articles/CBMickFVX3lxTFBLRmhjVGNNMkltYTVDVGJCMG0yTEtLRGRmZFByNEVPUkdjQV9CRVBXYll0SkRtY255ZDFnN0VUM2swNFpYZVVwNFhYSGJGTGgwakpzdzRnZmpVejlxZndrR3I1YzJXNnhoSUo0TmxrRVRDdw?oc=5,Axios,en,Iran oil price,recent_middle_east_oil_risk,relevant,5,5,1,0,0
2026-03-09,Oil expert warns of ‘nightmare scenario’ Iran war could spark - PBS,https://news.google.com/rss/articles/CBMimAFBVV95cUxOQ0RuVE16emYzQU5lWWRvVWJzVWZGcmllV3dFczBXZUlkYU1uNk1LN1VmQ25RXzI4dEFLMVh5ZW9ITXpvRUJ1WGRoV1VoSmJGX29LcVlLcEM3QktvYU9CSmdlVk1LZGVwZ01PZ01kU0pjWUtwZHprbzFrTlhlc29SYlVBN29GNWtHelZDWFM4QlVIOEJMVXNfUA?oc=5,PBS,en,Iran oil price,recent_middle_east_oil_risk,relevant,5,5,1,0,0
2026-03-09,Oil shock prompts South Korea to impose fuel price cap for the first time in 30 years - CNBC,https://news.google.com/rss/articles/CBMiiAFBVV95cUxQTVdVUWw2bTA2Vk16MVZwR04wQlhwRXA0RjlVSTk2V1Zrc1J0SkdhWExsQmlMdnp1QU5BNHN1dXJFeTd0OWRFc1VZZmpkZktUZ1VLMDNxU2tObFdvSjFHbU1obGc0bDQ1dWZYZVRlcEE3T25lVklSY0plY2toOGhqQjQ3Q2didzU30gGOAUFVX3lxTFBNUzBjRzlPQnVLelc5VnpIVFMxTjYxdHFuUm1fQU8xSmNDQXJ3bmxRclRpd1hBTmVmZ2Vtc2RsQmpGNHpaMmNsYUF3aFd0c3ljcS1nRlE0Vm0yckkySEYyeEUtM3BFQUoxS3NQWm1Udl9IaGNNM3o1TTd5dGo3akVmWml2QVMzcEgzWld0b0E?oc=5,CNBC,en,Korea gasoline price,recent_middle_east_oil_risk,relevant,0,-2,0,1,0
2026-03-09,South Korea to impose fuel price cap to shield economy from energy shock - Reuters,https://news.google.com/rss/articles/CBMixwFBVV95cUxNMmdfb1l1RzYxam5CTFVRU2c3R0hZeE9ES19POVZLTnhqbGZLVWtsbmY0Vm5ETFNsXzdNSE9pWTk1dm5tMzhNUEZ4Vy1qOEd5d3Z5bFM1TU1BcERyaTRCUWdRSXVtc0dHRlRfQTZyTXNaM29NUTRyeUdHZGFMbVNYVDNLNTRnZ29BTndlcFZmNThLM2loRktlUmFCbGtVdXhLWGVnckZROXhYaGNuaVZjMk8wUlVZeFRGbVlRWGp1T2tpdno2ODNB?oc=5,Reuters,en,Korea gasoline price,recent_middle_east_oil_risk,relevant,0,-2,0,1,0
2026-03-09,"South Korea Gasoline Price Surpasses 1,900 Won - 조선일보",https://news.google.com/rss/articles/CBMiiAFBVV95cUxNMXhMaGNGNkJJOGxUSTk5RjhXdlF1Qm5vdTlxZWdxTWh4TVpsaHZtaWJfZU1JWDJKcEJzTUNSUEgzaDdXTnJCYjNmQy1vcjRIWENZbjN1ZmdUclV6Zi0xY2hPbkx4WHlfTzBGcUo3WkNpN1hxaEsyOGZ5d25IeVlHWWxaTjEzWDB6?oc=5,조선일보,en,Korea gasoline price,recent_middle_east_oil_risk,relevant,0,0,0,0,1
2026-03-09,Seoul plans first fuel price caps in 29 years as oil shock hits - The Korea Herald,https://news.google.com/rss/articles/CBMiV0FVX3lxTE9mUGZSeW5oT2d3dHFOZjBRQWFYbVdpNWdOUVJscGJyNHBZRzNtYXlwZnlBOWN0MWFUMTVseFVzemhrR1dSMXc5allKTXZ0aTZZUlZ5dThkZw?oc=5,The Korea Herald,en,Korea gasoline price,recent_middle_east_oil_risk,relevant,0,-2,0,1,0
2026-03-09,S.Korea’s Lee orders swift fuel price cap as Iran crisis rattles Asia’s 4th-largest economy - KED Global,https://news.google.com/rss/articles/CBMid0FVX3lxTFB2VV80UU9SWE91QW9CbG9ibHFDOUREanIwaHpBX1ZmRzdLaXlidGxNQWEybzNxNFpzNWJUc05vbFR2QmhlWnZHMVlkR0JmLVhJNTJtS0tubXA3WkhxR0FvTGFFOVVaQzRyRXozanVHY254RVJKUEdV?oc=5,KED Global,en,Korea gasoline price,recent_middle_east_oil_risk,relevant,2,0,0,0,1
2026-03-09,South Korea to introduce fuel price cap as Middle East crisis rages - Anadolu Ajansı,https://news.google.com/rss/articles/CBMiswFBVV95cUxOR0I5bUtUUVIxX204NHN3akRvQTM5dUdFRGdxWHJBZndXZW5fVDhoc0pjazYxMFN0RjFRMG9WM2RvSnRSWEdVc0VFUVBoRHZ1MmFfdjdqdmI3SWl6WFcyYlBoYXJBbjF5YWdiOVZhSjJUdzRvSW1jdFR6NEJEd1hEeGJCTHN3VTVkNU5tREk1a3h5M3RhU3JDckhZQ3QtSzVYaXVPTWxxNXVZemNqS0VkS0ExNA?oc=5,Anadolu Ajansı,en,Korea gasoline price,recent_middle_east_oil_risk,relevant,2,0,0,0,1
2026-03-09,Lee says to swiftly introduce fuel price cap as Mideast crisis intensifies - upi.com,https://news.google.com/rss/articles/CBMiugFBVV95cUxQQVNsVXZBWVBCZ0NncDB3YXdZUEw4WTRzaTVLNkJoclpfall6cU1xMllnNnFKeWRjWmgtS29sR2NsenJoUTM1M1VJXzZkOFV4TWY5cTZrX2RDajNKcXk0a2ctYl91LXdyZmNERlpjQ3JYeElISTRRMUtqVElWWnNubDVDTVl2dEItcXV1WHZRbVBQQVFBWWthMnJ5NDJiY2U5Y29ZVzhRaVRvUGE3LXNnakQzZTlqdzRVOUHSAb8BQVVfeXFMT2ZGVHBkY3BEZlYwc3lMUHNZbTdpODQxYm1NR0dNeEZraFJTcGJYLS02QkxtT3FmLTB5SGtLTUUzUURJZWEyZEZvWFZRcmgwaXI2MDZuNDUtZl9pdjhTUVZnYlcwRktCbDJBZ0VMZ2hTVENuajdFYVRQOHBzaTl0cURPTktOZTBFWHNDMUZ6R2ZwT0hLalZwOEFjU29DRW4tU2tTWlVndlJaWVM5dVpzTTFlOF9WODEtUU9GbEdDYWc?oc=5,upi.com,en,Korea gasoline price,recent_middle_east_oil_risk,relevant,0,-2,0,1,0
2026-03-09,Asia governments to cap fuel prices as oil costs jump - BBC,https://news.google.com/rss/articles/CBMiWkFVX3lxTE9ZMHgtc3JMRW5WdzdPbUg1THVNNHAxVktSQ0VkRXRJblM0YWxkbnY1VlpGQU5rOTlwa1NSWENqTnpPdkZaZGJ3cG1Zd29yVXNDeHNteGRnZG5jZw?oc=5,BBC,en,Korea gasoline price,recent_middle_east_oil_risk,relevant,0,0,0,0,1
2026-03-09,"Lee calls for 'extraordinary measures,' fuel price cap amid energy shock - The Korea Herald",https://news.google.com/rss/articles/CBMiV0FVX3lxTE1vS21oYlhONmpNWmpKb05yRWJySHo0eld4SFZDOUxHVGp5NzJiM0NNNnVTR0RPcjNjTEUtbjN3eUxTYUN0SE9wdlpDQmVFRjhaa1pLeldHOA?oc=5,The Korea Herald,en,Korea gasoline price,recent_middle_east_oil_risk,relevant,0,-2,0,1,0
2026-03-09,South Korea to impose fuel price cap to shield economy from energy shock - 朝日新聞,https://news.google.com/rss/articles/CBMiVkFVX3lxTE9wMEl4Z01nUXZvVERGaDYzYWlUd2hvNzZxWS1OLWtEZExZU2FUSjFKenFNcXptQkNkV0E4WlZQNU5pUjdnendiZ0g4YzBCVHdWdkhfdW9R?oc=5,朝日新聞,en,Korea gasoline price,recent_middle_east_oil_risk,relevant,0,-2,0,1,0
2026-03-09,‘Sky is the limit’: Analysts warn oil prices could surge further - CNBC,https://news.google.com/rss/articles/CBMimwFBVV95cUxOcDI3TjJMNjhudkJ4eUN4bUNreDZpWV90R1lHTERmTTU2WjlqTEM2WlEwcEpzTTl5MHRVUFIta2tCbmFsN0lVeU11MDVwcU8teUR4RVpvVzVyWW93elpBdm5mbXdFS1IxaGMzVTBCSXpfODExazVqaVZMQWFJZTNqZks3QjZ3MlM3LVJLdE5hWHcycGd4VVBydjdfONIBoAFBVV95cUxNSVBwMUFOaU1SNDNHVlpXLWRFcHl0SWsyMjBReVh4LV9oTEs3aGFNQkMzSWNCcU9oVTB3Z2c3NHMzb3dGZUNQQkdoYkJwZmFTNnpQQVRncF9LdzhDTW5mMDdTWDRqMTZjeEUwNnduX3l3QUtZUkFLTVlvZEktLWZ6R3ZEMUtBZndleTdCcU5YX3o2NWZMQ2Vnbnp2V1BwVG0z?oc=5,CNBC,en,Middle East oil price,recent_middle_east_oil_risk,relevant,5,8,1,0,0
2026-03-09,Oil and gas prices rise sharply as Middle East conflict unsettles global markets - belganewsagency.eu,https://news.google.com/rss/articles/CBMisAFBVV95cUxQYTR5alVKa05QVmViWW1pNzZZNjdKTFZ4Mk5UbEpxWGNGY3VrTzg3MmFLM1VGMENqWW1oLUthRDJScGQ2d0M4OVUydHF1WnZVaG0wZ3R4dE04ZEFGT0hZYTh0aUEzSmk1ZExZRlF6emd4cWFqbGRqRWdjVUkwYlcxLWtFMnRUNnBhdjJNUEtpTDcwNm9TaHVUNnNlcEFKMmhTNmpUa2FHSG8wbTNvUGZodA?oc=5,belganewsagency.eu,en,Middle East oil price,recent_middle_east_oil_risk,relevant,5,7,1,0,0
2026-03-09,The Iran Conflict Is Sending Oil Prices Soaring—What Happens Next? - CSIS | Center for Strategic and International Studies,https://news.google.com/rss/articles/CBMikgFBVV95cUxObmctZlFYTlhnNUhDdUJUaUlUdFdhNUlYb2c5Y3lhQ3RvSUIwZl9OQl9tdGFXSmdFQlhFVlZfQkMtOUVjWnpnZzVuODhQVzZVTDlZeGNaUlJKOUc4cWFQajUxa0VzSFRuMGNaNGtZT05sVEFqOWVsVXVVNHRMVTQ5NnprTjRKcGhPdE9COWNTdWxqdw?oc=5,CSIS | Center for Strategic and International Studies,en,Middle East oil price,recent_middle_east_oil_risk,relevant,7,7,1,0,0
2026-03-10,War with Iran delivers high oil prices and another shock to the global economy - PBS,https://news.google.com/rss/articles/CBMiswFBVV95cUxQaktDQ0VRUnhHNjVMaHF4dnY1eno0cThzMjUxOVB6cUdJTm5QOW1LUWRDelZOckdSNWZITzg1dktUUkdLajRvYmlUMlJISWNyZGUyWHN0NFM1Y25fVmFMV3p2M1JOZEZESzB4bTNuUG1aem1hTkJJM2pNTEVCS25ZVWhWLWhEYmxwczdKVVVMQ0RmdzBTN0lCbmVYSVVnMGJ3dWU0WERzWXVCQ0xlNHNTY2FWSdIBuAFBVV95cUxPUl9HSkxxQkpfYnJub0VxS0tsWk9KVjRIV0JON2pOVV9qSnRUdm96bDluUW9yUGxpSjZXd3ZmcjNRQnFwVm1HOVpVV0pTTmZ6MDlKWnl3ZzZ0cldJdEN1dUwtUzhyZDJxcFBFV185WW15RDQ5RDhYTUJkYXZWdGVWN2w2dndrRG12OXFnNmNqRHNFV014ZGtxTWV0NkxGX2dYWW0tV3V5SmliaFY5RGJ0VzFTOEVaNDRN?oc=5,PBS,en,Iran oil price,recent_middle_east_oil_risk,relevant,5,5,1,0,0
2026-03-10,"Gas prices near 2,600 won in Seoul as drivers cut back - upi.com",https://news.google.com/rss/articles/CBMikAFBVV95cUxNN29fSkp6N1RDMTYyam8tR1dCUHFvS2ZrSHhGd2c0b0xSbkEzMzNoVVR1eWViY2NjWE5QbFE1bXYxU0pSeExnalF6WkJENTl1Q1JiWlJEUVlBdFZqX3V6RmZQbV9IQUdNZFV1bWhHTHNhOGJIaGt2dXF3MjdvS0ZiQVVySEs5dGEtb0taczZkUGnSAZYBQVVfeXFMTWk0UjJTNjYtcW5BdEc4YWRjZktvS3JDaVgyMUFqZUpLamNWT3c0Z0dPa2c4QkoxUEpKLVRDVXVKZU5jaXB3dmozY0d1endTSDZkcTk1YlRxUFNqUHhybTlkNk1XOXp2WGJBTS1pTDlNUUd0dTVzSV9EUWtDekdVNGpGdnRaVUZxRUluXzBySUNnMF9uRklR?oc=5,upi.com,en,Korea gasoline price,recent_middle_east_oil_risk,relevant,0,0,0,0,1
2026-03-10,South Korea plans oil price cap amid Middle East crisis - upi.com,https://news.google.com/rss/articles/CBMiuAFBVV95cUxNbC1xYThWazVuNUg2WWNWMkJPSW1pdkpiSGFfaEVkVEE2MmVLb2JkQ3RDRU52N1BocUFZLXVyOVE1WndtNjEwUjc1SGhVOXk3SGVHaGg3SWplaW9KMlVhc1Bwci1HbkpGTFJ6cnA0c0pGa1E2bzFJQnBUcXRVZU9nTGE1eFJFX3N1MTlaTFNvMnpHWmRyQWM3Rmo4V0xOQUJPNUFxcWhmX2t3WmdsdFVmWnU2RV9WWDJj0gG-AUFVX3lxTE42TnhRREpDMGFvNFFIN0tHX1FRNkFqNng3VzZ0TEtaaUZLMFdJZGVEMURTVnprRk9oOHJ1dmtfMEZtQlFBUDkzenRRUjNNTE1QMWNwdktqaWpwb1A3djA1V2dXY0pzbVlsT25KdDlxdGtPV3UzMmRoU1h2QmtsdFNXV2hZZnBIUlNnaDdjZG5zX09hWnI3TUFSYUVtQ3F5emxJeXFlck5PRXBhX3RPTmZOdEtlcEpNZkx2eGdfNXc?oc=5,upi.com,en,Korea gasoline price,recent_middle_east_oil_risk,relevant,2,0,0,0,1
2026-03-10,Government Implements 30-Year Fuel Price Cap Amid Oil Surge - 조선일보,https://news.google.com/rss/articles/CBMiiAFBVV95cUxQUlQ2S0Jhb3liVS01LWU4V0REajVZaHo0UkJWaE5acjFRRDZKQXVnVW5QLW5qUkN1bWZ2aldweXp5MFVTbnFJUnExRlBKWDJtWW9vbWFBUWp3U1dYRkdWRm4zS0tSMWUzMkNWR2phZmZQa1I0VEpfbFN2enhfeXJwRm9sYTNETXZC?oc=5,조선일보,en,Korea gasoline price,recent_middle_east_oil_risk,relevant,0,1,1,0,0
2026-03-10,S. Korea weighs fuel price cap as oil surge raises inflation risks - pulse.mk.co.kr,https://news.google.com/rss/articles/CBMiV0FVX3lxTE1JRkN5UXVHWnNjMTRjbUJ6Mkg1a09WUncwOUMyM1BlSjBSZkhWWGpEaG5VNGQzMFg1ZXBlQUF6NmtfWG1JR1dLemdGMDV4N0dJOWlIZDJ5OA?oc=5,pulse.mk.co.kr,en,Korea gasoline price,recent_middle_east_oil_risk,relevant,0,1,1,0,0
2026-03-10,Middle East conflict is pushing oil prices higher — and most Canadians will feel the costs - The Conversation,https://news.google.com/rss/articles/CBMiwAFBVV95cUxQZ2hlMkRMRzZibk5uSkYydUNVNEpDOWxwaGFnQ1JOS2U0YUVJdXc3UlRLcWJrazliUUs1bl91NFlnanJKcW1aUms0X2J5NnR1cWtvV0tZNWVzeHRWaHNBX3pJZWFHTUJWTHVpYTVkOFZCaFhmX01uUC14Q3ExUHI2bVpsZTlGbTRsMjNBVXJrM1ljeVNzd0locU5HMkdBWHN5NEJpZmh0UGRjWmFQMXp5OHgxQjF3cVBJQzF2VUpaZnI?oc=5,The Conversation,en,Middle East oil price,recent_middle_east_oil_risk,relevant,5,7,1,0,0
2026-03-10,U.S. oil producers may hold off on cashing in on higher prices - marketplace.org,https://news.google.com/rss/articles/CBMinAFBVV95cUxQek50MGxqRlRyWm96a1h2cWdDNnZ3WksyLUNJaFNiVmNIdVdWUGhXbDMtYnNwMnJVVHIzM2Y2bW1MaG4wS09XRXhqbnpZdXA5NGpuVng5VUJnM0lpQVdUSnN1TlVnaUtQYlhlMjBkbEtJWWJzV3Fjc21rcW1xQkZxWWNyZ2M1Q3VEMlNnSW5HNUVqcEdtVmRCU01EN0Y?oc=5,marketplace.org,en,Middle East oil price,recent_middle_east_oil_risk,relevant,2,4,1,0,0
2026-03-10,Oil Price Hits $100 a Barrel Amid War in the Middle East: ETFs to Gain - Yahoo Finance,https://news.google.com/rss/articles/CBMie0FVX3lxTE5GWTc3MkhCMGdtNVZCdGNMQTAxVW80UXdrcF9RVmM2cEh2MjZFY0dRNnh4SF8zdi1reWRFdjZkN3ltTmx0ejQ2ay1VcVhnZUI3QWgxZWlnQlBRSkRSV2RJM2trX0tYRHRuSGFRTjdpbGt4dUVNbXg5eFExTQ?oc=5,Yahoo Finance,en,Middle East oil price,recent_middle_east_oil_risk,relevant,5,5,1,0,0
2026-03-10,"Current price of oil as of March 10, 2026 - Fortune",https://news.google.com/rss/articles/CBMiYkFVX3lxTE1RTnlhT0NZbE9rT2xNVlNCek1sc3pzbmpFSmkwNUd1bktBd1ZXY3lqTE54LUFzVVF6NkU2el9RQnF3U3ZINkFxaVhaU2JnRjNQWXB2SkFRNExwUUt0NVBQTzJn?oc=5,Fortune,en,OPEC oil price,recent_middle_east_oil_risk,relevant,0,0,0,0,1
2026-03-10,Strait of Hormuz disruptions: Implications for global trade and development | - UN Trade and Development (UNCTAD),https://news.google.com/rss/articles/CBMinwFBVV95cUxNOHdxNk9JZFhOX2hpU2w3QkVyTjBzaUdHd3hGQk5oWmZNeVhGYllrZVV0amttZ0hPdFBTTEZQNlFuX21TbkF4ZEo1Qk9OQnk3SlFTbjd1WTBnaXdJQTVreGV6NlVMMDZ6ODE3ZVBwbVhoeEV1UFVCWk1HcUJpbUtrUVFXUzhLRVliaGo3RnR5NjJYNUlqN21iVnV1VXVSalU?oc=5,UN Trade and Development (UNCTAD),en,Strait of Hormuz oil,recent_middle_east_oil_risk,relevant,3,3,1,0,0
2026-03-10,How oil tankers stuck in the Strait of Hormuz south of Iran threatens the Gulf ecosystem - greenpeace.org,https://news.google.com/rss/articles/CBMiiAFBVV95cUxQa2pqaDlscVR1VDZ2ak9wdDNSbWpSb2FhYW11dDZFZTZNYjVRNHVJWWZHRk1FYjRoR2JBQ1N5SkFnWV9RYlU0TDFVUzNiLXFZejZXZURqNDA3NU5MOE5qQWpLeXJWVGc2bUR1R3l4eml3T3FrU1VTQU9kT2hYRUV4RWpEUjZzd2lF?oc=5,greenpeace.org,en,Strait of Hormuz oil,recent_middle_east_oil_risk,relevant,5,5,1,0,0
2026-03-10,Iran sends millions of oil barrels to China through Strait of Hormuz even as war chokes the waterway - CNBC,https://news.google.com/rss/articles/CBMihwFBVV95cUxQSmRCOVlVaEE0MEFTNWlKTVo2eTU2eU5yUl9fU2RHTU51Rm9DNDdqWWc2XzJnWGQzSTZPM2g0OVc1QjBuS2hyb2VRMmFob2dRNDE5Z3VQZGdnaHJnVGc0QjF4ME5SOEk3UTJpLVZ0aDhQdGFFdzg0b2Y4TzNKZ01rSnBWOXA3a3fSAYwBQVVfeXFMTUNxSE1wejBYcUF3YkFsQ1FOYUdyRjBoZWdlNzYweHY4aDJPSUhpVUMxNTNsZE1LZ2Z1MGRJd0tBLXNoU2RNa1ZSSWxRbk1WTUpIMGozWTBvMGl5c2VEdUNCc3J2YUZZcmhMWGd5cTV1YTEwWU9tRnVrWlFUVHFYM1dWT2lmUGNWc2hXbE4?oc=5,CNBC,en,Strait of Hormuz oil,recent_middle_east_oil_risk,relevant,8,8,1,0,0
2026-03-10,"Hormuz shipping disruptions raise risks for energy, fertilizers and vulnerable economies - UN Trade and Development (UNCTAD)",https://news.google.com/rss/articles/CBMiqwFBVV95cUxOUzcwWXZrOWRuaHM1VDBsU1RuVEM4Qjl3RTJLMThYUS1qQ2xFQlRkZlpwQk5sZ2Ffc2N3ZEtVQlNMajJhX0ZPeWdkMlR6RU1MQndGUVZ3R1E4VktmWnFKdHpfSkxfUm8wa3VjYVRZWi0xQlV2NURQMVR4eXJuUWNqbkVHbDktVjlLRGo0V0h6T0NnRk5obEZuVVNVZ1BrcnJaYXpyVXZ6R2w1eG8?oc=5,UN Trade and Development (UNCTAD),en,Strait of Hormuz oil,recent_middle_east_oil_risk,relevant,3,3,1,0,0
2026-03-11,The Iran war and surging oil prices are affecting consumers. Here's how - PBS,https://news.google.com/rss/articles/CBMiqgFBVV95cUxQMF9kTGh6NkxDQUJGamhCNUltWkZlMWdscFo4eHJaVXUxM3RJbDAteEJFeUF3ODZfODFEOXZEc2lURjNBNVg3VEl0YTBqdjRTUzFQWkhBYWRUWnJCWEJnaWZTLTh6OG51U1ctT2ctTDJ4QUl2Nnotamp3T0QxWWtaOXRqOXV3Q3UxN3JDOGwzSC1HQUF6aE5vRU5QX3U3SVBVS3I4Q09mQWNSZ9IBrwFBVV95cUxOQmRVMlFmcXpHMG5wU0hvWHNJOEpLMU9CVTJiT19jS0xJcWFDakROQmtIZ29CU2JKaXBQaVFGRjlJRy1LMkk1ZTJXT2pUY2EwTWtUbllkTVUtUkJSWmM2R28yTFlLTGNEV0stSGp2dnMtMWFaN25VYTdLZkVpR0JGWEpKMTR6ajhxUFo1eFRObGdITjJ4cVlRV0dpaUZMZ3ZSRUVuanZDd1o5eFpQNmZF?oc=5,PBS,en,Iran oil price,recent_middle_east_oil_risk,relevant,5,5,1,0,0
2026-03-11,The War in Iran Will Raise Fuel Prices and Costs Throughout the Economy - Center for American Progress,https://news.google.com/rss/articles/CBMiswFBVV95cUxNd0ZlamNkNWRTbk1xOVpIMzlVRW1UNFVJMXliY0t5MHYxNnEyZ3dKTlhmZ3VlVW5XTXNmWDNIN1JfSXREeVphSlR5T21FeHlTZDFuanhjcnduYTBDREJxQkJzWFJRbzhwUUxMMFVteTNuWlpocEZwWTVSWVNqbGx2X3Jrb29ENlV4Q1pTV1ZCWDVZV0NLZFJrSEk2QWYwSVR6eF9lbHRxVnMwUWhkOERGVTBDSQ?oc=5,Center for American Progress,en,Iran oil price,recent_middle_east_oil_risk,relevant,5,5,1,0,0
2026-03-11,"Price Caps, Rationing and Stockpiling: Alarm Swells Over Oil Disruptions - The New York Times",https://news.google.com/rss/articles/CBMidEFVX3lxTE9OSkQ0WFAwNjZPYjdMeTRKTmVGel9vZkE0eHk0SlRTM0VBNXhxSnlYT1JMNE9SWVItU3ljRnNoWUl0N0N0d3Z3OVdPMkhmdGpLWDVkMVFKLURiQ1VWcjdDTmwwWmpUNFNmWEw4ZHc5VHVDQnlx?oc=5,The New York Times,en,Korea gasoline price,recent_middle_east_oil_risk,relevant,0,-2,0,1,0
2026-03-11,"Japan's Gas Prices Rise Less: Tax Cuts, Slow Hikes - 조선일보",https://news.google.com/rss/articles/CBMihAFBVV95cUxQVmxUeXJRUUJUYUQ5bmZyVFN3UmhrNXVSTEZPRjc5dnVGMFFZXzVVcHpqSllncEVPN2p0X1ljd3dWMnZuYndPWkJSZTlNTnhXaTkwaS1lZWhWdDdPTHgteWczVUdhaWp4SkxQSVEzcE9rOU55NnVfakZ4NWM3dU4xckVRZVk?oc=5,조선일보,en,Korea gasoline price,recent_middle_east_oil_risk,relevant,0,2,1,0,0
2026-03-11,Oil price tops $100 again as Iran strikes economic targets across Middle East - The Guardian,https://news.google.com/rss/articles/CBMiekFVX3lxTE4tMUhGMXRmLTVid1NhUmJGMlpzempLbTdCQ0pfMHFmSXlVN0ZieW1VT3MzYzNWOFdjQy1pZW4tYUJJLUZ5X2dZT2F1UThYSWYzUDBHVldNVGJVN3NwbzFBZ241bGpBZlhrUTlaODg4QWk3QTRwMElNZkxn?oc=5,The Guardian,en,Middle East oil price,recent_middle_east_oil_risk,relevant,4,4,1,0,0
2026-03-11,Russia Emerges As The Biggest Winner In Middle East War - Crude Oil Prices Today | OilPrice.com,https://news.google.com/rss/articles/CBMinwFBVV95cUxOLXd5SjdOTU5DdkFpX1RyWTdheXJsZG1fOTdiYmJ0S1V3ZUYyc2QyRUNMLU45ZVBtS2Z6VjBvOV9iNHQzSk5lelpvMDlTaXFEVk5aeWRxVngyNEg5ZFVPbkw3cDZrZEtfbzdVd3dSS3ByX1ZDX0VFSXJHaU83S01nTTAzdG9BM3V3N19yRlNqbTJqRVUtOGY5VFVJdTBsbDTSAaQBQVVfeXFMT3p2TUlELTlCeGV2M0ZCc0dRZ201Mzc2ZWJKZWFpUlFqV3RfUFFyVGR1TGtpUEpHLXIyQUhFTXhuLWJMaXFKWFFfeno1S2F6eEhMWXhmZXFQWEFtZU1MUmRJanZlVXVCOFZOZzdJMUZGcWNqMFJhekJxQjZFQWtBalpSSmk3TGxyeDEwTVJZN2tiVHUtZFFpcURHT2ZIS0JEcHdUVmo?oc=5,Crude Oil Prices Today | OilPrice.com,en,Middle East oil price,recent_middle_east_oil_risk,relevant,5,5,1,0,0
2026-03-11,Countries agree on historic release of crude reserves to lower oil and gasoline prices - CNN,https://news.google.com/rss/articles/CBMifEFVX3lxTE5PcGM3RGw0NzBCbERZZkp2cXA1QmRucWdGS1E2YUtsb1ZVMC1vYnNNUGNCWHFsSFZXd0VEWWNZZzhwam5rZHhrTk9YX1hVYzB1Ym52b1Axa0VaUm9pamFhTGNuNlJlb2NFOUZUeEhGR2tjOHhXTUtWNDRnTWo?oc=5,CNN,en,Middle East oil price,recent_middle_east_oil_risk,relevant,2,0,0,0,1
2026-03-11,"Current price of oil as of March 11, 2026 - Fortune",https://news.google.com/rss/articles/CBMiYkFVX3lxTFBLa0dkeDJaYzNrcjRQVXFud3MyOTZ1blk4WWttTlNiY0hDWC1sNmtWbm5Jd0M1b1FRcGR3MF84djQ4ZjFSTEJ2RW1KVUM3RTlmNWhJc2NteUxJWnI0V3U5enhB?oc=5,Fortune,en,OPEC oil price,recent_middle_east_oil_risk,relevant,0,0,0,0,1
2026-03-11,Why it's so hard to get oil through the Strait of Hormuz right now - nbcnews.com,https://news.google.com/rss/articles/CBMilgFBVV95cUxOcjZTcS1UYkJZR2lLbFpjUjZ0X3FhZXdJSE5oZ1pLT1lEZE80MWYzY3gyLUR6Rk9GWHJxMG1sYmVleV9ucEczUjJKUUZINm83Z2FiVTdxVlFPWnAwRndpUENVeFd0ejkwNWhydTkxNEhmRFkzeXMxMUxSWHpFUjZJbm1XdmJaamV2OHRjU0hvN2ZQSnRIemc?oc=5,nbcnews.com,en,Strait of Hormuz oil,recent_middle_east_oil_risk,relevant,3,3,1,0,0
2026-03-11,How the Strait of Hormuz closure affects global oil supply - Reuters,https://news.google.com/rss/articles/CBMic0FVX3lxTE9FY0hBNnBxb0dPVW1rblNCNDR5aU5EVEZHV0J6TEplUzB6WmRudHYxaVZJOFJDSDJTbGN2SVk2ZEhXY1RiWTFDWF94T2V3clFBSWoxRzU4T0VWbTRSeWZ2cVBoVHhXR19XNnN6OTJfeGF0dHc?oc=5,Reuters,en,Strait of Hormuz oil,recent_middle_east_oil_risk,relevant,3,3,1,0,0
2026-03-11,"Iran war has blocked the Strait of Hormuz, a vital oil choke point. Reopening it is a big challenge - AP News",https://news.google.com/rss/articles/CBMikgFBVV95cUxQcVJDWXZ1MHBUM0FORjdrNTRiRkZpSHlrYnl1Y3VfSTQzNjJIcmJhazlsT3RDN2JvaDBSZFpVZjNONGpacGRPU1lhSGc4MzFfMjN0VzFaNEFIal9kLXFHbkdiT2FMbXYzaDVQYjRMTUxDa2dJSExvZ3lOZnJvOElPTHJab1pmM25ZRnM0b3dQa29DZw?oc=5,AP News,en,Strait of Hormuz oil,recent_middle_east_oil_risk,relevant,8,8,1,0,0
2026-03-11,How Strait of Hormuz closure can become tipping point for global economy - CNBC,https://news.google.com/rss/articles/CBMiigFBVV95cUxPRVB0bEZsdWdlSnZBNHlhT0J5WXBoa2NsbVlMZzAxQUpZVUhvcDBfanlsVjdiekt6eU5NS1BBRl9DWkFybnY3ZngxaGVoakJQcDNtSUdXQ2RjSUV6R21TUWQ5ZFFEQlhNYW1PSUM2T2Z4NU91NzJBZFRVS2IwT1ZLaVc1RWZpOG95bkHSAY8BQVVfeXFMT0R5SlhWcmxNcXk3MkhRc3BHM190alRURUItS2t4WXNudHB2QjUwYkxwRWl4azRGQzcyblU2MW1taHl0TmVuTi04QVFWVkhuc2VBRlFjc0Jialc2YlRzQm4wUnhUUHQ1SlJsOWx3QUJtMjdSRmstM05vMlE4MXFyQW1Cc2pLb0JscE5wZE13WG8?oc=5,CNBC,en,Strait of Hormuz oil,recent_middle_east_oil_risk,relevant,3,3,1,0,0
2026-03-12,South Korea to cap fuel price starting Friday to ease consumer burden - Reuters,https://news.google.com/rss/articles/CBMiuwFBVV95cUxQMER6SXdGYTNza3JSTGVfTHF0UnYzOVU3RmpPMHBRZXBoejJmR1hNNFlFTWNBNjlranRSR1BTQkg5Mk1UUUVCSkJXaGloU2c0ZjJTeFlOcXlfSmFxQWxRSVNzY3ZFbG5GNE5vY2VtOXRieWN0SkZEY2RaYTdsU0JWbElvczN3VlRhaXU2elhpN1lFREt3a094WmwzUUNmUmlrTGtxbDlOYWZoZHJNUHppbnZUWEl5eVcyc2ZV?oc=5,Reuters,en,Korea gasoline price,recent_middle_east_oil_risk,relevant,0,0,0,0,1
2026-03-12,Korea sets oil price cap starting March 13 amid Iran crisis - The Korea Times,https://news.google.com/rss/articles/CBMisgFBVV95cUxOMDhLM3lPWkkzeVlDanBLYnJXT2YxbllZcEQxUXFaZjFwa0xzWXQ0RXBNNEdWMHU4dnliaEZEN3lnaWU4R2NSVU5fTHdsUTUwZW5BcHBjbnVOMl82OFQxV3E3TzFyUWVFb2p6YUtFWTBYNERsN3A1aUkzdjBoM1dkVXRPczMyeEx0a29CVUc2YU5McXFzRkljZG55ZXZ1NEEtN0N5Q2RTRkFqR0hlNkJpS0dR0gG3AUFVX3lxTE9haXVsOHE2Z0gxZ0p5TE9hU2xCM3Uyb0NkYkdoSVRzTEVzVE51bXJzcVkxR0Zid0toTFdFeVNVeEtxMW9LaHBlLWR1c0d6X0VyRWcwazU5VkNFWU1jWmZkY3F2R3B5NnhJVGJUMWhwNUR3c0R1SlM2RkhiZlNUTmtBNjJHYTltb0FKRFV6R0NUSXdmNmJUako5eXdZVHJzMmJOOW1heDV3cUZYbUxQVXFEa3BTN2RKZw?oc=5,The Korea Times,en,Korea gasoline price,recent_middle_east_oil_risk,relevant,2,0,0,0,1
2026-03-12,"Gov't to implement fuel price cap on Friday, limit diesel, gasoline exports - Korea JoongAng Daily",https://news.google.com/rss/articles/CBMi5AFBVV95cUxQbUw5R2RDb0xRcjQ2dGZkYm83NWdzUHl0bGNXSTRiVFdhdDBPNDd4VkVMcExwMWh4REZxT0lPMHR6Zl9fTGRKbEYxY0JHSkkxYTVxNHRtQ2NGWkdrdGt0SkpwZlhpSlpyUHRCRHdBaVZGdHZ6dElHd2NIOHM4d0ViU3pDdy1TLVUzeWhHVkRKdS16NzBKLWdxMWItQ0k0ZlBXNXV0S1BDN1R2SUpLZHZrS1NYMHg2ZngxbnRPTnVWcEZpc0FRdlVYaUY0MlliUE9qTmZNSEs5b1pIY1FoaldIby1oeFE?oc=5,Korea JoongAng Daily,en,Korea gasoline price,recent_middle_east_oil_risk,relevant,0,-2,0,1,0
2026-03-12,Gas prices set to surge on US military bases across the Pacific - Stars and Stripes,https://news.google.com/rss/articles/CBMirgFBVV95cUxPbWJVcWhibEFiUkhKXzZHT3h6eVAyXzUxNXFwS1pDeWNJUDVZVHRrRC13UTFRdGxjcXJMX2lUUmdFV3dKNllPTEdrR3dOTnFuMUNVZHplNmkxYjdlTjZrUjhLamxZMWZONVd5Sko1eEVUc0dCZ2hqVFNsQ2cyc2JwXzloZ3NkX1cxOTN1UFhzNmhNSmM3X1hvc0doalhKNm1jbDU0VFhnaG15OXpkSEE?oc=5,Stars and Stripes,en,Korea gasoline price,recent_middle_east_oil_risk,relevant,0,3,1,0,0
2026-03-12,South Korea Implements Petroleum Price Ceiling System - 조선일보,https://news.google.com/rss/articles/CBMijgFBVV95cUxPaFFRdTlaQ1lsZkw2WENQOUhnTmR0OEN3MXAzSWJlQVFnMHVEVzI1ZDNZdjN3dkgyektqak1LdnROa1RmejI5d1ZpTzZEMjRUUEFRNnhBX09ZM2d0Y1o1TklCb0R1WHpRVkI2am8zdzM3QXlDVnY2UXNQMk44eGZOTkdTR2hjZDg0ZTBPYXV3?oc=5,조선일보,en,Korea gasoline price,recent_middle_east_oil_risk,relevant,0,0,0,0,1
2026-03-12,"MIDDLE EAST LIVE 12 March: Shipping attacks, rising oil prices and widening humanitarian crisis - UN News",https://news.google.com/rss/articles/CBMiV0FVX3lxTE9FcXVhMGJvb0ZRMHRoazRjdFhZQ1RxZll5WWdic3FlOWtFd1JZa2VlODlOWl81Z3Rfb21OMFlFUmttOFVMQzZidzhuekhaRUNwTmNlLUZKbw?oc=5,UN News,en,Middle East oil price,recent_middle_east_oil_risk,relevant,2,2,1,0,0
2026-03-12,Oil tops $100 as markets price in prolonged Middle East conflict - Yahoo Finance UK,https://news.google.com/rss/articles/CBMimwFBVV95cUxPNDk2U3JhbnpyTmdlYUZ0Mm82LVd6Z0FyQUFpNTVLQjZLbTJxUmhKcGR3aUxoVDhBQXJhUFhVQW5nelkwTlR5UVJHMGJxT0tGVTI3TGxzN0JLVENOZzZIM0F5dWZxNWxCdnBqX2MzeUtwSldnV244N3BDQ0dZQUhVN1E5VTBURG5RNmx4OVEwQjFJNXIxcE1HZ3Nzcw?oc=5,Yahoo Finance UK,en,Middle East oil price,recent_middle_east_oil_risk,relevant,5,5,1,0,0
2026-03-12,The global price tag of war in the Middle East - The World Economic Forum,https://news.google.com/rss/articles/CBMikAFBVV95cUxQU1lBWHZ2NjJuM1ZNR2xnOHJxeWZEbUx2R21pdjA2UDU4ZldPMVFSNDRBajVDWEMzS0ZsMzF5SlhPdldvSnJ3ZGZhZUtyWVFueGhOZGpna2QzN0wzQUgxaEt2UG5SZlpxY25oWm9FcWQ5dm9vUjgyS2VSdUF0RmFVX080TzJDV0hpcEhTeFRyY3A?oc=5,The World Economic Forum,en,Middle East oil price,recent_middle_east_oil_risk,relevant,5,5,1,0,0
2026-03-12,The United States and OPEC in a polarized oil order - Atlantic Council,https://news.google.com/rss/articles/CBMipgFBVV95cUxOR0Ezalk3a1l3MktvUDZZOURNMjR6LS1nZzYyY28wTGFJVEZKZ0wwdklaekVVZkF6SHJ1MGdxUzIzTjlRWVFGX3FkMThnMDF4MnNqMmx0T1NQbldZZW5zQ3JIMXJmT2JkVlBENDFqeWpwTU1XWE4zZHRMOFhnQ19HWWw3MjJkNXNzVnRMb052S1gydjdXV1RZRnYzMjE4YW5DNl82Q0tR?oc=5,Atlantic Council,en,OPEC oil price,recent_middle_east_oil_risk,relevant,0,0,0,0,1
2026-03-12,"Current price of oil as of March 12, 2026 - Fortune",https://news.google.com/rss/articles/CBMiYkFVX3lxTFBUdVZLTFE5OGRGVm1GUXBfdTdoZ01fY0pxZ0gtdEUwV1AxUm1Ma20tMzdNS3RjdVp6MGpJTkNNekgyUVF4UDBxelFla0paRFpTUmdtV2RLbHRDN1JsaG52MllB?oc=5,Fortune,en,OPEC oil price,recent_middle_east_oil_risk,relevant,0,0,0,0,1
2026-03-12,Fear of Iranian mines in the Strait of Hormuz could further slow the flow of oil - NPR,https://news.google.com/rss/articles/CBMilAFBVV95cUxOZjlYQS1ObEJqd3luajZDdUZlV2JhdWZKTTZQWExZR0VmeHVMam1QYS1qUkk2SE5iYXBOZnh3RjFKbF84TlNpODV6MjUtX2R2Wi1SYjlRbUk5OHExMnk1UENWeUpMRGV5WE5HbGNNOVotTHhzQ0lJMWFmRm9GazRra244dnRXUGMxVFVZajhHRGhOaG1j?oc=5,NPR,en,Strait of Hormuz oil,recent_middle_east_oil_risk,relevant,5,5,1,0,0
2026-03-12,What it will mean for the economy if the Strait of Hormuz stays closed - Axios,https://news.google.com/rss/articles/CBMic0FVX3lxTE85a3Z3c1FjV1pJVE1iUmlYUXpzeGFjWERmaHJJcjdFSmk1a0I3QlppUW9pVEZwWVhIUGUyYk9ENHBPSVd5WWxDZ2hjNldkZ1JOR0RjUGFncGdyY0syM0pGdDRXSVZlQ0k4S1lQMnVNZThYUG8?oc=5,Axios,en,Strait of Hormuz oil,recent_middle_east_oil_risk,relevant,3,3,1,0,0
2026-03-12,Oil soars above $100 after Iran says Strait of Hormuz will remain shut - CNN,https://news.google.com/rss/articles/CBMihgFBVV95cUxObkxHaFRzdFNyRWVxNk1Ea0hNTjBEQUF4bjdTTExlT3poZFZHaFB3R0htcTFBalNnRGdoMjVHSk01VGdfaWpTSkF1eVJUYXIzazBmckN5WDJFN19hSVVlS0VrdHRQc0NsbzRXWHRETjV2SXFOaDBvRV9KMUNQaW02ckNtRXVoUQ?oc=5,CNN,en,Strait of Hormuz oil,recent_middle_east_oil_risk,relevant,5,5,1,0,0
2026-03-12,Iranian oil flows through Strait of Hormuz even as Gulf neighbors' exports shut - Reuters,https://news.google.com/rss/articles/CBMiwgFBVV95cUxNZlhjS0JINWtJZlRsZzVnZHB5RHB2ZFlGWms0NUNNRTd3cGZZUXhTYlNsd1NWSnNLRnk1Z3RnYmtKT2pESi1YSUNzaGwzS04zRjNQNE1nNldFcDRYd0ZnaU5xTXNmNVMtUXpjNXI3ZWhrbVJkRS1SOGJvRGFJMUI2MTVvT0lzSklLNk9oenM2VkhFYlo5bHBtSzR5cm5WVzNYS2duQWNLSWRzRTBhaWxGd2hZSEtDUVZJZkZ0aW1QelJDZw?oc=5,Reuters,en,Strait of Hormuz oil,recent_middle_east_oil_risk,relevant,5,5,1,0,0
2026-03-12,How to open the Strait of Hormuz? It’s hard – and the world is waiting. - The Christian Science Monitor,https://news.google.com/rss/articles/CBMihgFBVV95cUxPTE5YYW9xaXhhOVR5ZzJUYUZlamxGbVljNEg1YWdZTnZZd2lFS2ZBLXRHOTNJdGN4X0xnZmNvMGxhOE5kYUpmRTNsY1hWb0hYdmZNekJ1aDNDWm1sQlNQSDF1YTBnaDNOZmlLd1ZRSnk1UWIwZ0xtSDdOS2luY3o4WUE4dm9aUdIBnwFBVV95cUxPYkoxcURDY2RBUWpTTEYzVmRodkY5Y0JzanNiekI5dlo1V2c0c0hJc3ZjZWNIdDRhU242Sml0UjFBTzRxYVgtSGFHZjNSaVp4WWp6b3N1eGhQMFh1cXRPeTU2Si03bTNqSm9XSVRKakJrZXR0VjdsRG9DZDlfR181elBQLXVqREhUNjhKOWNGTGhVeTNwZjFuR3lJaTBvOFE?oc=5,The Christian Science Monitor,en,Strait of Hormuz oil,recent_middle_east_oil_risk,relevant,3,3,1,0,0
2026-03-13,Iran war scenarios: The oil price that breaks parts of the economy - Oxford Economics,https://news.google.com/rss/articles/CBMiqwFBVV95cUxNcnFtU3VNMEZuOTk4QkVqYk1kMEoxWjhia3lpWm5raWJyZFFCLTU0akh4MmdQel9ydUpPb0RsbTluZWZQSGkzblZfUUd3MjE2S19OUVdVS2NLdWhFV2g4TnFUd19KU2dZZ0pLb0RteXMwU0lCQWp3eVY0bm9HNTlOdW9iTExxMzJLZVBhVnV3OC1CTnpOTGdqT0hOVjYtaEVTU2praWp4N0gxLVU?oc=5,Oxford Economics,en,Iran oil price,recent_middle_east_oil_risk,relevant,5,5,1,0,0
2026-03-13,South Korea’s gasoline price cap should anchor CPI inflation near 2% - ING THINK economic and financial analysis | ING THINK,https://news.google.com/rss/articles/CBMijgFBVV95cUxPOWoyMUJrc0x5b3E4RFVJMUhPczZKcTdYVnRlWUJwNlAzbWlyMUxHalV0NG43QlZoY0M1bXFMdjRVTlFMdG16NVFYZTFYYW9ydkhNVm83NjhDLTdUSUZNaW9kaU5UUFZIUUM1SmVqNGU3bzhDcjV5T2plMzY1UEZPWktoLUtMa2M3LU14VEFn?oc=5,ING THINK economic and financial analysis | ING THINK,en,Korea gasoline price,recent_middle_east_oil_risk,relevant,0,-2,0,1,0
2026-03-13,"South Korea caps gasoline prices at 1,724 won per liter - upi.com",https://news.google.com/rss/articles/CBMimgFBVV95cUxNM3VQd1BiSXhFd2ptTzlGX0toRjNGbnpxNUxfaGEtZ241LTdiaHpZdDh0MEZUOEYzclZ5VmFGemw2X3FmOUNZczRGVlA2VUR4Q19qV3EyamNZcmt2RXNMZkNob2FaRXBhdDNaTjlhbHRBY0pSTzk1WFBLYXV6TkVFR0NpbzlVMWdBSERNTjdxRGtHUUxSNTVGY3Fn0gGfAUFVX3lxTE8tVVVhQUpaY1BnUWRzX2xQOUVvX0lpOHRTYmlkV050a2g0Mk94cnRNdXM0M0FTVXB2bXRSLVUyaG9TVEZGNkotb1VvUUdGUTU1MDdHQlEzWDJxSlZNa3ZDdVlvc0ZnNWRFYU9tN1ZaNDNsUDE1bFV6SlRkallseV9URFJkUEJVNWZOV3VGRy11NlNWbTRtVm5kbDBTVFotMA?oc=5,upi.com,en,Korea gasoline price,recent_middle_east_oil_risk,relevant,0,0,0,0,1
2026-03-13,South Korea president urges public to report fuel price gouging - upi.com,https://news.google.com/rss/articles/CBMinwFBVV95cUxOSkNEMVZPNDJOdFo5ck5HYWU2dTF1YlJwWWNtVzZVVFJ1ck9tOU5pX0FGMzNnTzZ3cG5faUdxc3VqdGNNYXBqUVVxS2tIU19ISG12bURSZEFQUU1CQTFPbnlpdWhPWVpqVHpBaWtpeHVmYUxBRUQ5RVdZdVJ2YXg3c05HYUV4bnlGR1pnVTZCN3RMeVpFVVVPYmk2RWhCbjTSAaQBQVVfeXFMUEVkZGxjcklkYTVHVUxncnBoMndyMFYyd0lEbkdzQ3VnN0J3ODZhbkZfb014cFV0RFQ4RnFSOG8tbDAtWXo3dWJhRzYzUXpMZWFBM3EySkdJeXJlTjZ1dTVTbWVjak9ydWx6d0w3T09DVE5xWkZJV0xGR2Rob3VrZFN3cFI2ZElKMDZ1YXIwbFdIR19ES2F4d0lQSW9tUFpWSFpKbXA?oc=5,upi.com,en,Korea gasoline price,recent_middle_east_oil_risk,relevant,0,0,0,0,1
2026-03-13,Lee calls for close monitoring of gas stations as fuel price cap takes effect - Korea JoongAng Daily,https://news.google.com/rss/articles/CBMi6wFBVV95cUxNUU5qMUJJZTZ1WFBlMkE4emhFVkRiSEo2VmNJRmtFMGswbVREdE9Dd2sxWVF6UDRnaWhVTzl5eVEtaXlZSHVWV05UZUU1STFsV3pxN2E1bnVhQ3JXRURFcU5VeUtiZEM2azJTR0daMU01d0g3ZHVRbDdvX3pzLXNBNDVNaTNoZnRZWEdhb0czaWhYVGNRT1BGNzRvdERXZnJmTk03VUtRU05CS1h6OTJmS0ZYUmVQems4c2g4cFlFWU9vX2VEemFHLTd2YkVkZlR0LWtIYnR3XzdKeDBHcmt6VDhIYnU1VFpFeUxr?oc=5,Korea JoongAng Daily,en,Korea gasoline price,recent_middle_east_oil_risk,relevant,0,-2,0,1,0
2026-03-13,"Government Implements Oil Price Cap: Gasoline 1,724, Diesel 1,713 Won - 조선일보",https://news.google.com/rss/articles/CBMijgFBVV95cUxNZDBXVDMxUk1jeTAza3JlUW5uZDdZTGRwS3RlQi1RbkQ5Ml9JdzJxeEVqLVFJWW92VDRWM2Y3U1A0SUVhQU8tNEtqNkhwSVc5SkNTU29Ed3pBeVRURHJvZFVKWjJuUFdXbTZmRmRyaEJGM3RUTlNHcTYydUNfcTdUYXRZZFl1cEh5dWg1MXhB?oc=5,조선일보,en,Korea gasoline price,recent_middle_east_oil_risk,relevant,0,-2,0,1,0
2026-03-13,Governments globally roll out measures to blunt effect of Iran war energy shock on consumers - Reuters,https://news.google.com/rss/articles/CBMi4gFBVV95cUxNbFN5MVpQUm94N1p3cFdWMW1LaHlrY21CZlJkd1c3TW5fUVM3ZndHQjg3MmhnVlducG1yNE5jX191YVpPbElBbE1BUzRFWms0a1RxdHRCaFVyN1RLMmwxNk95NWg3UENHVmdhSGtndmdPQjBMLS1Hb0JsV2pMeExSd04wWG8zSDBoN0d4VzZzOTBQOFhOWDlTQzlrZ1oxTnN6OEpOWDFfZGxCUlljOTQzLUZYOTB1MXVKdkpOT0FYVXF3WHdQSWpOekJYV08xeENiOURhbXdMbDg4dXk1Wm5mbXVB?oc=5,Reuters,en,Korea gasoline price,recent_middle_east_oil_risk,relevant,5,5,1,0,0
2026-03-13,Oil Posts Weekly Gains As Middle East Conflict Drags On - WSJ,https://news.google.com/rss/articles/CBMirgFBVV95cUxNQWF3aTRvNVVGU1ljSTJBTGxWdTl3Z01laF80azE3Rk5WWkhoTFg1SjExT3JpS2U3RmtYbk5SMDBkWXVUUjdrVzFpR25zVWxGNUhadTlsRk45d1kyczZsYklDWmtHanc1WG5iTWpfVjhZcmRYR1pvSDR1UDhYWFhPcV9oajZ5Qi0zRVdVOG5XanNQUGNqVUpmOFFNUXVCdTB3ckdyei15ZVhJT1Y5VEE?oc=5,WSJ,en,Middle East oil price,recent_middle_east_oil_risk,relevant,5,5,1,0,0
2026-03-13,How Iran Blocking the Strait of Hormuz Affects the U.S. - FactCheck.org,https://news.google.com/rss/articles/CBMikwFBVV95cUxNamM0bWpkc3hNYnIzLW9TckU5UFNqcXMxZ0RyNHlFdU9rUm1fMWRpM0xZQWZFOWdUUlFNSHh0cGJpV0pBX2ZEQWtnb3BOLWgwSmJZVTBGV0J1U1VWYnNDVnIta0k0ZjZMRHVleU9lbFBKaEFyMHotbUx6dmJhTU92b1JiTTBXUHBoNzliVjVPem9GQWc?oc=5,FactCheck.org,en,Strait of Hormuz oil,recent_middle_east_oil_risk,relevant,5,5,1,0,0
2026-03-13,"Iran, the Strait of Hormuz, and an Unprecedented Energy Crunch - Council on Foreign Relations",https://news.google.com/rss/articles/CBMikwFBVV95cUxOSm9Ua2EwTkJCdEx2LU1heE1sWUpfczE5V21ZSTJfVVhTZmJYZGdqbk9EM1BmMWd4eWQyVVgtVTBDNWd6TlJOVkpTR1F3WENBUTViWG03eWxPVjdWYlRMQXpPNlo1aGZTWWJDMVpxMTMwNkxVTWtXdk5QZE9BWDJLRlN3N1Zvbms2T0xWM09DX3JHcjA?oc=5,Council on Foreign Relations,en,Strait of Hormuz oil,recent_middle_east_oil_risk,relevant,5,5,1,0,0
2026-03-13,Oil stays above $100 a barrel amid Iran’s stranglehold on Strait of Hormuz - Al Jazeera,https://news.google.com/rss/articles/CBMitwFBVV95cUxNX0FVUHpDUEt0WEo4WVgzSEY1ZXNTd1Vtb091a3ZIWXdFZzQySjlLd1JrYXFGQnpZRFBocU9HSlN0ODVHTmVzdkFQNVA1Zl9JLWlvNDY0a0YxOXgzdFdZRi1wd2dCWUFCVEN5ajEtSkZHNEZiYURhWFZLckVJVFZMbTV4LUtpWDFINDVYQm50WjlDOHZqTUt0U2VpcUNrRzFaSERlYjV4ZktRQW9vS0JvTnk1bzEzVmfSAbwBQVVfeXFMT01GNXl1SzFkY0c5bnRxQWhHM2Q0VXFOYlgwTGpWUjRDazB3UW5CbV9jaVI1cEE5ZDFGdkZOdTdPVGk1cjdWWG5zYU1VX1lSNmc5Ump0VXRQZUNEMFVrcGVnSS1yYXdxMXQ4Tm0xT2Z0cF9NWEdhNEx6WW9oMElOMjI4ZUplT0xTLTVURko3T0JxNGYtWkRQZGQ0bjF6OHQzM3dpQ0tEd2QycjJVaWpBd3E3Qk83Ykc5Y2h0cTk?oc=5,Al Jazeera,en,Strait of Hormuz oil,recent_middle_east_oil_risk,relevant,5,5,1,0,0
2026-03-14,Gas Prices Plunge as South Korea Implements Oil Price Ceiling - 조선일보,https://news.google.com/rss/articles/CBMiiAFBVV95cUxQcERfcHA1b3R3a0lTWW9vTVFfckIxSXRFSmFxaVE1clBHci1aT3lYZHJDVVYtOWQxY1JxSUVRUjU4ZGVMeUEyZ01jc3NXdHJxeHBxVkZjd1FpWUVvdXpmbGJqR2JlZ2VHNjEyUXo4M3RNZkQyWk9nazBFVk42Zjlla01iVE44Mjd6?oc=5,조선일보,en,Korea gasoline price,recent_middle_east_oil_risk,relevant,0,0,0,0,1
2026-03-14,South Korea's Fuel Prices Drop Double Digits Under Oil Ceiling - 조선일보,https://news.google.com/rss/articles/CBMiiAFBVV95cUxOblFuZ05ZODFqQ3VJRjZTMUhFSlg0X2VadDVrVkZCTHlMSzF1bkRRYnByRktfZUZ0MF9UaHpWaE4tTjZ5eG43N2xySVhFdGxSX21pUDUyODg3VFZ3ZkpFMDR5Z3NZNHNQSE5LQkhsdmNsTXg1VktZSDdlYTBISFBpRk9oaDFUQkst?oc=5,조선일보,en,Korea gasoline price,recent_middle_east_oil_risk,relevant,0,-3,0,1,0
2026-03-14,"How war between US, Israel and Iran could impact your summer vacation as price of oil skyrockets - ABC7 Bay Area",https://news.google.com/rss/articles/CBMitwFBVV95cUxOUkk5N1ZGd25GVnhyc3dFWEN2Zm9Tb08tZWY3SW5WdG9jOC1hRUk2U0VYRC15bUNXNExvMnY2bjl5RmxEbGhBVm9lOWJhUVMtMks4QnU2ajJWbGhZMlFjZnJPczloODRNUUZ4cFlhTk9wM1l2Y3VVMFZfQmRpRk0yMkhRZm04TFNhbkp6OFU4UTgyQmNHUXBQU01nLXdvMk9ycFNLVmVUczBsc2dTSnBPaG91OTBYTFHSAbwBQVVfeXFMT3VqVlNJa1BXRk9fTEYxWXN2aVBvNDdKNW41Uk81VVlkZmdqckV0cVZwRkh1S2Y2WFRUWU1BRVNxRmVobFlZc2pSZV9XdTF1M1pWMHlET3FyWjZBOE04YWhla2lJWmFaWkdGcmRIcGJwbnlObE1DMnVYcnJESThwV2czbU44N0RqQVlYa1ptOGh3aWR4Wjlid1hOcUpBblIxVGlzWG5BRm1SQ20xUmh6OERnSVpDaUpzU2xoVko?oc=5,ABC7 Bay Area,en,Middle East oil price,recent_middle_east_oil_risk,relevant,7,7,1,0,0
2026-03-15,"U.S. oil soars past $100 a barrel, as Iran war shows no signs of ending soon - nbcnews.com",https://news.google.com/rss/articles/CBMihwFBVV95cUxNOG9JRXZiVTZlVnRjMU9SSmpsWk9TU3lQVnUyeVZ4NndyRjhhX2dsN1lCV0ZkX01oVFJDcjdiMzl6b3RRTzd6OVhLMlpFNjk0VWkxMmpJRXZkdmZOWUxwVHdQR2pGUVcxeDU5UGlpZ1RsVUV4bzhocjR5Ny1udmRTWTZXcHhTMUU?oc=5,nbcnews.com,en,Iran oil price,recent_middle_east_oil_risk,relevant,5,5,1,0,0
2026-03-15,Oil prices fall as Trump pressures allies to help protect tankers in Strait of Hormuz - CNBC,https://news.google.com/rss/articles/CBMib0FVX3lxTE9vWXhDeWduZkdLdU5iR2diS2d3UXd0dXB2V256dl84YUNmWGxrS1RsTlFFT092TWZtclh4SDR4ZTV2Y01lQVFuV0hkeEkxMXFGbFNCN1BVbHh6bk1DR2pRQ2Jjb2I2X2RHMmVWMENOONIBdEFVX3lxTFBoU1NLSnZIbnZSZ3Z5YzlENEJKQUhpbkJ5YTNBdWpuUVNLX1ZfRF9TdFFUZGZxeGg5Ym5MRjdUajNVNHF6LTMtbUwwN2tWQWhzMlJtUjZlNzNsbThycFpvQWtEVmFUQkJpLThfNl9wVy1hZjQ0?oc=5,CNBC,en,Iran oil price,recent_middle_east_oil_risk,relevant,5,2,1,0,0
2026-03-15,Oil poised for further gains as Middle East conflict threatens export facilities - Reuters,https://news.google.com/rss/articles/CBMiwwFBVV95cUxNVHlOVVdNbmk2elRIdUVBLWJQMG55cC1DRjhlVGxyeldiZ3Z0QjZ6bEluQ0dSZFlXaEZ2Ul9uTklOd1lMd0ZyZkR6Sl9HY3p0bEFnSlNBbVNFU3FqMU9tMnMyVHNVVTZmQmR5d1J4bndPblF0YU05dXVEejVZWHlWSHFJOGxJamk2Y2lyTGNvT2JwMldyM05lRUZKVUFMOC1LR1pHM2NpeFg0c1Q3OXZ5OTJOWks4MkoyMjI0cWx5alpVRXc?oc=5,Reuters,en,Middle East oil price,recent_middle_east_oil_risk,relevant,5,5,1,0,0
2026-03-16,Retail fuel prices drop at slower-than-expected pace after price cap system introduction: ministry - The Korea Times,https://news.google.com/rss/articles/CBMi2wFBVV95cUxPdTJ6bE5hVEdSdkpPdkY0VDJYbEFhSkd2UTRtOUFWVnFyVzZqVjU4X0lVRl9Id0l1cDViVWF6WHl6T2NHdU0zNkdyTkw5cXEtR0pGTkxveFNXaGpNc1lFbzZvT1RUWjBoNDVZQ0ZfQ0ZBRGNVenlpdFlxaDJQQWF1eFdBQjExTmlZR0daV1laYW1VZnJIRlh6ekstUE5scm03M1BSRmtCbTRjWlFOMDg0eXdOWTRuSm9nRG8wSDduT3JjemFLTDdjdzIybVhzRUZNRW1naEpIeklFTFHSAeABQVVfeXFMT3k1VHFxMkdxY012SVBrLUxrVHdybFl4YzZDUGFhMFIteEdLM244Z0lySGVVa2RQRTVGWWlrTHpWRFh3eFY0UlAzZTY0Z3VfZEo5NnN6ZU96aUtRZ3prZE1TTVZJZjlDVDBDbGVScFdQbDVlUXlVTjFvZ2xzWFlva042Z0pMaTlFNXAybE5ySlBpVE5EX0FzdS1tUU1kSlR1aTRlQnptWWNmQXRQTC1Sak16d2t3MEhjNDAycjA3WkluaTZMSGxKVTYtdUpSWFAwMW05WUYwU1FzSjNXQjlCQzg?oc=5,The Korea Times,en,Korea gasoline price,recent_middle_east_oil_risk,relevant,0,-7,0,1,0
2026-03-16,Oil prices hold over $100 as Middle East conflict rages on: 'A high-stakes stalemate' - Yahoo Finance,https://news.google.com/rss/articles/CBMixgFBVV95cUxOejRqY0pzMFBfellZWjVfblRhVTMyaEtwT2ktQWt3Q3BCanJNT3ktWjNvSmo3b0MzTUhwaTRwdDUzWHZEdUVXVVJhMVd0b2VYNHR0X3o1MV9zaVZnZWxvdGd0SHBPdnFGMnRQYW5vQS0xRVV0WEFfMkZRdXN0U2ZPTzVueUxtR0hqU09FZUFNWElhbWI0UzM2SUxoNHhWT0J5dnFJM0hvTWg5NTVuTGdTWHU2UC1TOUVhdU1TYTJmMkxaSDRTMWc?oc=5,Yahoo Finance,en,Middle East oil price,recent_middle_east_oil_risk,relevant,5,5,1,0,0
2026-03-16,Iran still exporting millions of barrels of oil through Strait of Hormuz even as other traffic paralyzed | CNN Business - CNN,https://news.google.com/rss/articles/CBMijwFBVV95cUxNMVowN2RJVWtQelFjb01BNC1xWk42S09FRWJ4YkIzVFNiZXgzWEhLbE9DZEd3MUpkQXFXd0tZVEs5RVZ0WmNVLWVqUDV1M3lLdEtFdy0welhCWjNrY3h3UjUtWjRzX1hObGZkbnZvekItNWpCb3p0dmtaTFdlTDhEN3NJazBiNzIwV3djbVdrbw?oc=5,CNN,en,Strait of Hormuz oil,recent_middle_east_oil_risk,relevant,5,5,1,0,0
2026-03-17,Oil prices settle up 3% after renewed Iranian attacks on UAE - Reuters,https://news.google.com/rss/articles/CBMipwFBVV95cUxOYUlKYTU2aFpGNy1pVWdCemdfckwtMlVCZk52d0xsa3ljSmUwMXlTZXA3Q0g3QjJ4V3ktcUtTOHVONi1UUjZNbXVfRmJIdjlyQmNfd2hHM0pmaVpXT2lUWHJRMklpUTZRMkhPUlNyQmtjMklvZkVraWpJdEV0dzAtQXlmdjZfZ3YyQlN6VnExMWNNVG1lTHUzWEtLbDhnUXkzMk9Pa0lBdw?oc=5,Reuters,en,Iran oil price,recent_middle_east_oil_risk,relevant,2,2,1,0,0
2026-03-17,Korea’s fuel price cap pushes down prices at nationwide gas stations - pulse.mk.co.kr,https://news.google.com/rss/articles/CBMiV0FVX3lxTE82UC1pMThid0dBcGZBSjlzREJhMGNadml6MW5lbmxfc1drV05KWHJ0a1QwMG9pMzFJVjFGUlBBNDVHcjY1MV9La1ZEWlNoTzZFdXRTRUhjRQ?oc=5,pulse.mk.co.kr,en,Korea gasoline price,recent_middle_east_oil_risk,relevant,0,-2,0,1,0
2026-03-17,Price cap drives Korea fuel costs lower as diesel outpaces gasoline drop - CHOSUNBIZ - Chosunbiz,https://news.google.com/rss/articles/CBMiggFBVV95cUxQOTV3UEJCUnlLaDh4b3J4bWo2b0xHa2d2Z0hwSF9RNmlYU3FFS0JFb3g1NnpnMHA5MVQwUTBTS2N2Tmp6X2FtdVF2QkRCQTJQYVYzdXZjODJsdjdxYmx4aVdhWGh6RHhOdlRwb2pDVnpmemQ1X0JlaC14dktFWjVVZXJn0gGWAUFVX3lxTE1VSDNNbld0bXQ4ZGpuVWxuZ01oSWsxbkRaaG1rVnNCM0FnSXBsNFJVa1ZDNi0yeG9YUjZPMG9FUDZqX2NUbWlDYTRGbUVsWkVMcXd6MXJDRG5pdVNzN1pjZ0NWSHNRNXc3ZV9JRHRKb2lmQmVLeFl4Vjl5NnRmNFVtREs4SjZyeUNuUF96Xy1FdVUzSFo1Zw?oc=5,Chosunbiz,en,Korea gasoline price,recent_middle_east_oil_risk,relevant,0,-7,0,1,0
2026-03-17,Crude Rises as Conflict Spreads to More Middle Eastern Oil Fields - WSJ,https://news.google.com/rss/articles/CBMiqgFBVV95cUxPTldxckUxY3JlWk5YbzRxTVNLMUpfQVVKazFkSEhJTFNJYkdESEx2b0o5Z3lmUmtuNWF2MTlSX3dzRmx0WmMtWmpucFYtT0V2ZUxrcGVVVzZJWVJjejI0MnR2U0JUNEhDWGx2Mjdxc0ZnX01DcnRUTXhWeENaR1lrTjh1WFh0ckw2ZnVLM1BmbTBSNHZjTWpLbThZUER3dW9xWDRsbmljaU9EZw?oc=5,WSJ,en,Middle East oil price,recent_middle_east_oil_risk,relevant,5,9,1,0,0
2026-03-17,Middle East oil becomes most expensive in the world as war cuts supply - Reuters,https://news.google.com/rss/articles/CBMisAFBVV95cUxQWnh2Z1RubWZfaHY2bmsteTRlQmRPTi11bkRxRjZuOEloaDU2VFpGRUR2SlJJc2JOTEI5a1NEX0plN0J5ZTY2U1ptMEdUM1JnYmhZVUdEbi1kTjY3b2pVdjFIWlpGYnE1TUI5NjZ4U1FEMW9CZkg4UFNBMnIxaFhFN0VvS1NvZzFORENKZWZZbHBlWVBnd2hoUDRkZ0EyRTgwNWVwMXk3djRyc2lPTm1xag?oc=5,Reuters,en,Middle East oil price,recent_middle_east_oil_risk,relevant,5,5,1,0,0
2026-03-17,What Is the Strait of Hormuz and Why Does Trump Want to Blockade It? - Time Magazine,https://news.google.com/rss/articles/CBMinAFBVV95cUxPcmNSZjdqdkpyU1dHNXE2eUJkMDc5MDBKRDRpVjh5Skxfc3pFaVhKRHEwNjJGUF85NE9QeFdFQ2FvRXgtSnRvTW9hYTl1Y0dEZXQ5VF9kYmprakFmaDJLVTAtc1FOVlkyWE1INzgyNWNFR3FDOS04S0JkTjVXOGg0elg2OUNlSmhQaW1GSi1TMnhfVXU0WWFMLWdfUmY?oc=5,Time Magazine,en,Strait of Hormuz oil,recent_middle_east_oil_risk,relevant,3,3,1,0,0
2026-03-17,Oil prices jump as Iran warns Strait of Hormuz ‘cannot be the same’ - CNN,https://news.google.com/rss/articles/CBMigAFBVV95cUxQTXR4c0JodnVGYUdUbzFWbHlVUUdkSU5UYkNyNER2ejhtbDUyWFF6WDRTcFhUaEgtT3FselRBWE95WWdPblE3N3FlZGpmM3hvTm5tVXJCaEp4YktBakdlcjVNM2E4SURjMVVRYWJ3cVNsWU1zM1p1TVc0LU9OU3ViRA?oc=5,CNN,en,Strait of Hormuz oil,recent_middle_east_oil_risk,relevant,8,8,1,0,0
2026-03-17,About 90 ships cross the Strait of Hormuz as Iran exports millions of barrels of oil despite the war - AP News,https://news.google.com/rss/articles/CBMinAFBVV95cUxNNWNXMXdYQlRVb1pMSDlhNGxJaGE0WDJneVJmU1hKY2o0TjdKb3h3VmdtZmlfSWNjTXNwSWNwU1JFSGJ3YVhCaW5QUGRaOTA4LWRjWWpwWWlvbmxZczNob2tNTGIxT0YwdGE2LVdWaWF3eDByMHZxYXoyYldleGlxd0lTcU9BbHBULTVKNktMUzMtMGxNOXlqdEthUGs?oc=5,AP News,en,Strait of Hormuz oil,recent_middle_east_oil_risk,relevant,8,8,1,0,0
2026-03-17,Oil prices jump as Iran warns Strait of Hormuz ‘cannot be the same’ - Yahoo Finance,https://news.google.com/rss/articles/CBMifEFVX3lxTE5jZWoxMUJvSzBSdEZOU0xQb2g3emlEQnNLNVhiSi1sVDdFZzV6eVpqRWotZ200V3pYWXlwX0NkOEY1YXVrVjdsdmNvZHQwa1NSS2toV3BmUUJLUW5hQTZRdzBfck9TeHJrX3JRNHlpTnNNcG1ORjNWdTFtYmE?oc=5,Yahoo Finance,en,Strait of Hormuz oil,recent_middle_east_oil_risk,relevant,8,8,1,0,0
2026-03-18,The Iran oil shock may be different from other price spikes - Atlantic Council,https://news.google.com/rss/articles/CBMisgFBVV95cUxNRDdHcDNMS3J5VDJjMXVjX0plbHNOWHlVNFR4d2FfbFY3bTBfTEs3UkdObk5QSGVla3d2cWxjeEYzdDc1OVVyQ2pocFVJWWJ3LTR1bEJRMkhBNW8wekxhNG5sc1BKQS1BU0lydzJ5NFVCMnZxeGY4UDVfOE5DZ2lnMkFZUjNWcHctdW1SeGpBMXdlSVZLQTBmR3RHemM1ZFdHQTRSQWc5dTZiOTA0YnVobzZR?oc=5,Atlantic Council,en,Iran oil price,recent_middle_east_oil_risk,relevant,2,2,1,0,0
2026-03-18,Oil prices hit nearly $110 as Iran vows to escalate the war in ‘new ways’ - Fortune,https://news.google.com/rss/articles/CBMilwFBVV95cUxNbjBYRFl5TThoR2plS0RQa1pNUlJWWllDMGNqblZSTXRwVWUwNjJEc1dxYm82aFlCb09HZHR6MFpHb2lpZUl1MHRMd3laTUQ1UnF5LUJ0QzhUS0R6d0NBT3BwSXlhN2lrODJYbktxSDZ0bEw3angwT0k5SFgyT01nX2FDU0pSSlQ0eVdtUFdxZ2tTaTV2UjJn?oc=5,Fortune,en,Iran oil price,recent_middle_east_oil_risk,relevant,5,5,1,0,0
2026-03-18,North Korea fuel prices spike 25% amid Iran war before stabilizing - DailyNK,https://news.google.com/rss/articles/CBMinwFBVV95cUxQYUhoWlQzNUd5U1pfcElLZ2NGT0YtQzdNSWg0UmFMcGozSXZuQ3l4TXRrSGNSc000YUpueWpCUVcxdDhZOXNYdlo3T3Niems0cDlvaEZoNzRDTVVKSFRDLWlNd1lXblJVYjJlTUVEYU1kdVc4OWpTeVB4cnA2akstU3p6eUJ6LXh5MDl5NlVoSUJCTlVPY2x1em5WOEozYlU?oc=5,DailyNK,en,Korea gasoline price,recent_middle_east_oil_risk,relevant,5,5,1,0,0
2026-03-18,How Trump’s War With Iran Is Impacting Gas Prices in Asia - Time Magazine,https://news.google.com/rss/articles/CBMijwFBVV95cUxOUjVjZ0xIeEpkNmtXSms2aFJ1NnBmSWt4R0xETnBVcFY0MnJqb2RBTWpkVmozV3FRdko0dy04aGVKQWxwNVB5c2tDa1hPZ1hkc3dpZUlrOGFEOXVoMHFyMTBQTFowQWgwMEpZN1F4QnhrR2NCUXJtbXZYMGhxSmRTdU4teTNZcjJtZ29XWVZ3dw?oc=5,Time Magazine,en,Korea gasoline price,recent_middle_east_oil_risk,relevant,5,5,1,0,0
2026-03-18,Commuters turn to public transit as fuel prices soar amid Iran conflict - The Korea Times,https://news.google.com/rss/articles/CBMiwgFBVV95cUxNZ1hKYXQ3NjhvbUUyY0JPWG1qU1UzVjY3YU5DR3lIT2NNWjBkUUE3NjR4czVqUGxzeGRJNjVWbHAwRjRYWFY5bUN4YU1mQ0YzX1prZHA5S0lsQjhRNDc0OVF3R1FLaWJQX3o5WXNabkZHd0x1V0REM0d2dkhXYXZPWGp6dldNSEpBQ1Nua1VJVG1iTVhuUjZuajZ6dms1azktbEpQOGcyMnhfYkV1VThGMTdaSlRMWHdQOUhKSmR3M2xQQdIBxwFBVV95cUxOZjh2VnM4c0NsaU9jTHB2eWx0YnNhRHBlM3VFM3ViSm9JM0JsNlFGRkhnYlE3NTd0bXhEbjZfZ1dUT2hUQkJRUUR6V0RyUlVqWGFaMkNhNmozYWJ3UUpCRnY4NEFTU0MyX2MwN0diR3g4RXpKUXZJQXpCY0hacEdydkhjZzIyT0FlNWN1SzQ1VTlzM3Z4RHNIVHhMT2VHS3FzU09kelhkQmw2YWhSUWhKUGpxRzlzRlRXSlR6dVlWOWlVQlpmSHJj?oc=5,The Korea Times,en,Korea gasoline price,recent_middle_east_oil_risk,relevant,5,5,1,0,0
2026-03-18,Price cap drives sixth day of fuel declines across South Korea - CHOSUNBIZ - Chosunbiz,https://news.google.com/rss/articles/CBMiggFBVV95cUxQODlVMlBsemY4MUVZN3VWc0l4M3k2RmxHUDNlMHdQS0IzbXlQdWhWSnNheWpldTd0aTNUNkt2MlZCODkzVXkwWUNveDloM1lRSFFHQkVNVF9wZzR5NlBjeTVqWXA3NFBJM0t6c1BkempxSFJNRm9kTlA4azhkMW80U09B0gGWAUFVX3lxTE5reFQ2VkF5SjNnLXNjdmZpOUpGZ3RnM2FXZ1lpUlZZMUYxU1JoU0NPNmlTczhmblNQOVFuVTRKamNDMzlRWDNGZ05kOHk4ZjlGN2QtaHltbXRwMzROa2Jxb2tBZjdTVEdkdDZrZkVPaTVWUWxCcGN1cHBtQXcxVFdfTk4tZWtENWNOall3VGhCaEJrQVl2Zw?oc=5,Chosunbiz,en,Korea gasoline price,recent_middle_east_oil_risk,relevant,0,-8,0,1,0
2026-03-18,$200 Oil No Longer Crazy Idea as Middle East Supply Collapses - Crude Oil Prices Today | OilPrice.com,https://news.google.com/rss/articles/CBMipwFBVV95cUxORVZpcGZ1MEhpYUJveWhiR0g1WkFaM0tjNlkxRDhUMHRaQXRodkVzWkZCRnMyM01RVGlpUXVvOUR3bnJ2RVpfQlQ3NjF2SGFnaUxBM1hTX1M4N1J1bUVrajVXSWN0cC1oR0pjY0JDbGdpN2pBcXdJMDE1eldNdnU0N1hFcHRYYzNibTBLcklYelBaZjl4UWU5U21XZ25mVzBJejZ4aXZOONIBrAFBVV95cUxOQmJWVFl2TjBwcFMxNER4dndIdjVUNW5fS1Z3bHkwUF9SdXRVa2JGVXBEZDlnM3VTSHR4Zk51Yzh6alMtdlhQLVdEV3AxdERYcWVqSVN6T3hmaDhUVm5zU0tvM0hSRm5VSlVJbGVDbGJjdE9oMHMtOGpkYVlxaHJQS2pNSUFfRjZQaDU0aDJ4Q0ppTW9SSG84OFY5SHZGMFVQUFNUYi0tTjIyRDZS?oc=5,Crude Oil Prices Today | OilPrice.com,en,Middle East oil price,recent_middle_east_oil_risk,relevant,2,-1,0,1,0
2026-03-19,Oil Gives Back Gains After Surging on Fears Over Energy Supplies - The New York Times,https://news.google.com/rss/articles/CBMid0FVX3lxTE8wY2NWM1NYbWxmSldiUzhjYTBTQnY5LURFTjVWVG54d24zQ2FpSkg0UHpfR2Y0X0VqMm51RjV4SXNnMjJxVDhwcXc3cVdrZl9GdkhYU293bjJUOE5HRVNXOXdfUjU2UnJDQUVpNzRQeW1tbE5KbzZv?oc=5,The New York Times,en,Iran oil price,recent_middle_east_oil_risk,relevant,2,2,1,0,0
2026-03-19,$166 a barrel? Middle East oil gives clue to where all prices could be headed if Iran war drags on - CNBC,https://news.google.com/rss/articles/CBMizgFBVV95cUxNckZmN3V2UXo4Tk9pUnJ2Mk9XTlZuVURXSDB1WlNDamUweUptNHhicHZod2dSWVFreDlncExYR01DU0pINzNoVEsxUU5ybGRZX1pfOVNFb3NQMDdVMGJzZ1plWklFc0Q0NzBQcVBnQmZDeGptd3habEI5Tlh6RDdoX09saFg3S1hublYyNEdpazh2LTMwcWlGRWZKNmNWT21EQ2g3QjFZVkdLOWpQQ3RzM1NWZkZ0NkRjQ2hQRUxFaVVDSUMzQjVnMHR6NVR0Z9IB0wFBVV95cUxOQVhSYkgtR2pXVFZPZk9qejk1cG1Fc1N0Q0NNeElWc0xCVDlZV0M2UkV3dVJjS0NCTGNLV2owQmVfOS1YYWMybHBTWHhMMk15aGtSVnRSdnhGVlJJQlRsY1laZkNwQUFKbDUzNkE0YUl4LXNaVVhjeU9wbjBfOFdpY0EwenFDbmRHR0w0NXNYUm90azRScFVGTzR2WV91dUhiYXdIQk5yM0hnOWhRbGtpRjh4VVpRTTF6MnNsOUJ4Z1VuYW1hajh6U1ZfTFNhYTlOWC1Z?oc=5,CNBC,en,Middle East oil price,recent_middle_east_oil_risk,relevant,7,7,1,0,0
2026-03-19,"Prices for oil, fuel cargoes smash record highs as Iran war chokes Middle East supply - Reuters",https://news.google.com/rss/articles/CBMiyAFBVV95cUxPVldKaVdkWXZRVFZIMXlJNy0wUjEwOXBQRGpLUlZJZU1KU0NleE9LZFNabUpRU01POWthLTZqdWNzSUhXb0RHLUh1d2V2RVgtMTlyX1RSN2Uwd3JweTZiWmNiTDJ5a21TT3hVREV3Rm5sMjJrYlRTLXNsdDhnZ3FRdXZkajB2bXYySFlVcnptYmkxMmFXejFmWERfa25xMFFNSTJVYm1kTUs4QVVxOGZIQlp5em9WZjBqeEFHMEZ4T1N0UFk1eGZpcg?oc=5,Reuters,en,Middle East oil price,recent_middle_east_oil_risk,relevant,7,7,1,0,0
2026-03-20,New IEA report highlights options to ease oil price pressures on consumers in response to Middle East supply disruptions - IEA – International Energy Agency,https://news.google.com/rss/articles/CBMi3gFBVV95cUxQaFJDX1lRbi1nNXViN0FzU25nMGpOa1pIbzFkQk5QbE02QTlWZUxiNkk0UXd5bXY3c0tpS1lELXFyTXQ2eS16bDhBdl9VdVY2UGRzQ3diY19SRF96UEJsYk1Qb0ZHbEdwVU55eFc2TjNKUmxVNVVKS2tVRHVyYmtHSVVCdGFqV3E2MWNhT0h4RjRXdndsdEplNzNHX3lrVVlsSkdNMTQ0MHNoSy1NYWVYVlV0R29rUXB1Q25HSFdFVlNwdS1uaG9NbFItd09TU1NCLU1SWkI5d1JhUTRCdEE?oc=5,IEA – International Energy Agency,en,Middle East oil price,recent_middle_east_oil_risk,relevant,5,5,1,0,0
2026-03-20,Strait of Hormuz remains shut as Trump pushes U.S. allies to help open the key waterway. Here's what to know. - CBS News,https://news.google.com/rss/articles/CBMic0FVX3lxTE9NLThvSF8xWG1uWURaYVZSNnROaXZ0MWx0TzhuVkk3U1dXWG9oTFNIeDllY2xTUldHSFlVX2VMVXk4UEEtN0lYZjF3Ylhsa0F3RS1Lb0ZYekR1eEE2aGktam1tQnhIRTBkRFVMNTFmX184ajDSAXhBVV95cUxQa1hJYWNsQkZKcm85SlpzVDlHNUUxamZIbG9qNXdxM0lJQW1yWko3bXBDWXdrQTZ6eFNhUFJ1V21JRGQ4aktzQ3N0cFB4Zy1qZ2dnSmtkZG1zRWZDX2lldGN3X3JtV0xSYmVheW92bU9UbUpQcnN5cDc?oc=5,CBS News,en,Strait of Hormuz oil,recent_middle_east_oil_risk,relevant,3,3,1,0,0
2026-03-20,What the closure of the Strait of Hormuz means for the global economy - Federal Reserve Bank of Dallas,https://news.google.com/rss/articles/CBMiZEFVX3lxTE9iN0lUZHZkUmNvcnJUYzNyUVFLei1iRnFuY1ExYzZQT2dnNkNQZWQ0cWlaTnFjQm9xbW0tZTl1MVZSTktLVnExblE4Uk1xQkZ5NjZ6N3BtQ09rWEdDSks0RFcydWU?oc=5,Federal Reserve Bank of Dallas,en,Strait of Hormuz oil,recent_middle_east_oil_risk,relevant,3,3,1,0,0
2026-03-21,Petroleum Price Cap Policy Sparks Sharp Gas Price Decline - 조선일보,https://news.google.com/rss/articles/CBMijgFBVV95cUxNUW45andZa0FWaldOXzJnUEJOUjIxWTROZzJWaHVFTGJSbVdkOGJMTFNrOGsyY2s2YnhvS05YdXJGSldEMG1RclE1ZjZLOG55LVd4TWxMOUJ2VTdoQ05ETDg5c2t6M3hDbXo0UmFZX3dOSDN5a0lPQ3VTRU9RSnRaUFAzbi1mRko1MTFfZ2JR?oc=5,조선일보,en,Korea gasoline price,recent_middle_east_oil_risk,relevant,0,-5,0,1,0
2026-03-21,The Strait of Hormuz is about more than just oil. It feeds 100 million people - CNN,https://news.google.com/rss/articles/CBMifkFVX3lxTE9HMnByd01mcDVFakJtaFJ3SE4yMC1jUTFvRE12bkRYT0tibk9xN28xMEF5WFBLUlBPQjM2dkNJTUZqRzVmc2dwajB1X090UUZ3Y3VLcDBSUUpza011ZGJzamUzYndEN19FTkRTcHdTOEtrcGNJaHg4eWVWa20yUQ?oc=5,CNN,en,Strait of Hormuz oil,recent_middle_east_oil_risk,relevant,3,3,1,0,0
2026-03-23,Oil tumbles nearly 11% after Trump puts hold on U.S. strikes against Iran energy infrastructure for five days - CNBC,https://news.google.com/rss/articles/CBMiqAFBVV95cUxONnh6TzZGRGxxUXlhT3MwdFdsN19JdjdWUkkybS1Od1lhQWVVTy0tOF8wSV8zSFFlVlp0SGkxa1ZtNE8ySU1pRVhvdkZxeGZ1NE5ZdFcwNFI5N2t0SzNjZTF3WmZFTTNqaTZmTEdsSFY3cE5zU1VWem9nN2s4UTlUei1kd3gycWN6OUE5WFNVVDN6d2RSSXpzXy1wMlZhc3A3TXB4a0V1U3LSAa4BQVVfeXFMTncxRUlGbUoyMHluZlI3RG1kdlJJQXhTbWFHWEZlZzZTQ3JvcGVRekNhclQ0dkR3WUlhLTVqR2hQdFNMTmQ2bEJqU1Ffd3NxbnpiU1hycXotTDJEWHBpRjIySnQ2Wms4QnF0a0RER0VXcm1iRFdEWUIwRVBNSGhOSnVzRmFMaFdlZTA1ZlZob0YzVjNJaFhidXVNYVJpdXJJWDJhX3hUZmw1UTZFRzBn?oc=5,CNBC,en,Iran oil price,recent_middle_east_oil_risk,relevant,2,2,1,0,0
2026-03-23,Oil prices fall as Trump hails ‘productive’ conversations with Iran on an end to the war - CNN,https://news.google.com/rss/articles/CBMif0FVX3lxTFB0NnhlMUtGbnVlWHFyZFRnbXZGS3ZzUjd3cWJnVk9aR0tOTW4ySVdUUVZSbmp3S0ZhU3JNZEphUnd4NnhuNlhsV1c4dWZWNmhaeGk3eEN3dTdRMlRCR2VKZzA2bmpTRThxaUxiSkFBRGZrbHI4eFY2blhlVFBMU00?oc=5,CNN,en,Iran oil price,recent_middle_east_oil_risk,relevant,5,2,1,0,0
2026-03-23,"If Iran war sends oil prices up 100%, here's what history says will happen to the stock market - Yahoo Finance",https://news.google.com/rss/articles/CBMi0wFBVV95cUxNNVZJdnBxVFNpZTRqRXFGMmZ2SVd2b3dJeWdnOWQtRDByQkxIZWd0NDRpTVlaUUlRZXpUdWZGeE5SU1RlNk9GYzkycTZQTGVuVkNVbW5zZi04alJSUmw1Q1V3UGMyNmJRRWw1cGRFUzIzLVB4ZUE1cVhnVXZOUDhWRUI2NTc2NTRYTFh1c0JpdDY4cmpxWEJzeWRrYkJKcnl4QjA5NmZBQXlsQkZneUw3SExoSVBEUHh6aXl4WHQ3WkNOT2hLWWhLMHNReGZkNl81Mi1R?oc=5,Yahoo Finance,en,Iran oil price,recent_middle_east_oil_risk,relevant,5,5,1,0,0
2026-03-23,Investigators raid offices of 4 major South Korean oil refiners over alleged price fixing - Anadolu Ajansı,https://news.google.com/rss/articles/CBMi0AFBVV95cUxNVmZoWHBqR3RydUVsSENHVkJWcGszTVlaOTNnMGdwTmpmNEh1WlRhNFNWWmVYQVUtcFVaRTI4cmIzOVl5VmFDa1BTM1hWTkE1UVdyQUhJaUZSRUR0TGF4TW40SVd5WE12T01mWnJ3c1VZRVdxRjBHUkxxMGhBNEhQSTNHZVJzSGhSUzdBN0tUZHMyQmNBb0J6TThaOW14Q1pJM1psNEhJUVN6OUNyR2RtdG85TTVhcWFsNE5ETHlPaWFROFlPeHBwTkw1c3dDMHJs?oc=5,Anadolu Ajansı,en,Korea gasoline price,recent_middle_east_oil_risk,relevant,0,0,0,0,1
2026-03-23,Oil prices plunge 11% on US-Iran talks to resolve hostilities in the Middle East - Reuters,https://news.google.com/rss/articles/CBMivgFBVV95cUxQTHJVbUZ1OTc0S20tOFBzc0ItN2ZYcFRJa1RrenFMdGZGZlc3bVd2Rml4eGdTM2dtNlJUWEozTFg3WTdXUk5Qak42bzdiOHd4NU1jeVo1YmNtVE1SekNxbVRqS1FYV3dWd0RGQzAzQWJnMHdaNGpvQ1FzLTcxX2E5ZENJWjQxYUFkRHFqb2ZiYVdnTHp6cmduUTNJeUs5ZGJnSGh2dTMwbDBRdUs5TWRCTWFXMks5NWpLMGNFZF9R?oc=5,Reuters,en,Middle East oil price,recent_middle_east_oil_risk,relevant,4,4,1,0,0
2026-03-23,Oil Futures Retreat On Middle East Conflict Seen Easing - WSJ,https://news.google.com/rss/articles/CBMiygFBVV95cUxNSldSMUJaZHR1NFBTd3F5Z2QxZUZFZVlOOXkxOFJPaURhWUZfeXdNMC16d0xJSEJzcDNUd3BPVUl4ODg0RW1jVlBuNEp2YWhDOHVEYWdKa1pXam9XeDc5bzhFQlRoRS1oNHk5ekVLcV8wb2lHWi0xTmdYYlI0eXdabVRnY003M1RGdmFtZTZ1T1BWaHJvak01OWpDT2VJNVRhbXhmSVpTeGMwZUJRZGYzei1WMDQ5QmdRYmJ2ZkZicTg0d1hMeUNYbjJ3?oc=5,WSJ,en,Middle East oil price,recent_middle_east_oil_risk,relevant,5,5,1,0,0
2026-03-23,Oil Prices Drop 8% Ahead of Possible Middle East Peace Talks - Marine News Magazine,https://news.google.com/rss/articles/CBMiggFBVV95cUxQRW1YdXlUbmFPbF9CdmNsMGxCZHlzLVl2Q1N6ZUUxLUk1Wk9OUmVZOEJ0aGJ6bUlVdjdUTXhqQ2R4dkFlTkNiVTFuNHlpb3M4VVZpbGNONm9VWXgteGhqVXZvSTViN1I0MzBGNXRzb3pwRmVRb0g0SkMzemdpdWdXMXJn?oc=5,Marine News Magazine,en,Middle East oil price,recent_middle_east_oil_risk,relevant,2,-1,0,1,0
2026-03-24,Oil above $100 over conflicting claims on US-Iran talks - BBC,https://news.google.com/rss/articles/CBMiWkFVX3lxTE9Td0k3OXBYVTNqTjJIWVA4WVNYRXFtdWJGNDNJbTA0MHItQ1B1NC1sWTh0UURGUVNBczNPZEgxUTV1NzM0QzB4bm1wTG80NmlHWGV4dklsdUtOdw?oc=5,BBC,en,Iran oil price,recent_middle_east_oil_risk,relevant,5,5,1,0,0
2026-03-24,Oil prices fall as Iran signals safe passage for ‘non-hostile’ ships through Strait of Hormuz - CNBC,https://news.google.com/rss/articles/CBMikgFBVV95cUxOQjcyd0loTkpWOHlWZkhCd2JDMkZPUEg0UE9yRjluOENCSGp0MjRuNmtZUF9zbEQ1bHlXS3VxeXNHcFhuVExUMTJlWDRGMlptTGY1V3J1UGRlSHhhdGdwMnlURHdFbGNUeUlGakFMVWV3YjlMN2hSWmk4NXFXMWh1M2R6WnQ2Qjgxbkh6M1hYbmNCQdIBlwFBVV95cUxQVnZtTTVFQlJHQ1NFRElXdlZwNlFVR3p4dElDc2NEcGF0UERBaVEtTWxJUnZhS1RSd2UtdExxb0VsQlJjZFZUZTRiWlF0aHBSN2QwQ0FJZENXMU5jZ2Q1d1VvSDE3NXpjNDI5aGw0TnZKaTR1MnB3TGhId2lkNGNXTHNsa3g2TVhVNGVuRVRVSlVWODBfNGZj?oc=5,CNBC,en,Iran oil price,recent_middle_east_oil_risk,relevant,5,2,1,0,0
2026-03-24,Oil prices drop on prospect of Middle East ceasefire easing supply disruption - Yahoo Finance,https://news.google.com/rss/articles/CBMifkFVX3lxTE1vT1U2SkV2RTRyUXlEZFJfU3FoNWJnZkVqdjlRV19KUGdwN3RRdmNWb1RYeUJlYmstWG9mTlc1TV9BODQ5NUc3YnRheW1ZZVFXWjZuT2doa0daLU1KUmJEWDFkblZWTm5nOGFGVGt5WWhSZl9mek1qSHFnQ2xzdw?oc=5,Yahoo Finance,en,Middle East oil price,recent_middle_east_oil_risk,relevant,5,2,1,0,0
2026-03-24,"Current price of oil as of March 24, 2026 - Fortune",https://news.google.com/rss/articles/CBMiYkFVX3lxTE4zODdKYlVRNGp1d0JWa0VQV25VUGxkYnQ0QnZXS05hdjdrdC11OXpxbmItZXpQU0o2MGQ1SFVhYVFCMWlmeU5EeHAxN2hhcXVDd05IeVU5RHhEQ3JTbTN3MnN3?oc=5,Fortune,en,OPEC oil price,recent_middle_east_oil_risk,relevant,0,0,0,0,1
2026-03-25,Oil prices rise as Iran rejects direct U.S. talks despite proposal review - CNBC,https://news.google.com/rss/articles/CBMipwFBVV95cUxOMUs3MjNlSmdHU0Ntb2RIM244QkU4d3gzX1V4WndSck5va0MySlMxZTZZcFVkUk0zV0hrTWFabGE2cGppOG9OMFp3TmNrSUVObGo3TGZDbnk4SEZmOXJ3LTFsenJvckNsOFB4VldIVjRmRmk4WVVsTWxEeVVxNm1xRUgxUEpNNlp4RU44VUpRRDduWjdUM1htQUdYOHFtNlBQQnUtd1lySdIBrAFBVV95cUxNQ2RYdzJqV2V3LU9WV3RfbHVQZXREQURxZ1FGYWU1TjBuVnotMG4xdEJybE42UEpfLWpUcm1qZmNlZ0xqa05KaGV5VXlDajZqeTB0Zkd2OVVPRWs0SWE3RHhEeENwczRHbnduTVlPdjJKVTRGNmpOMWRmd3RCcnZvVWkzUUFjWWpsaThfYlhHTWtvQVczblB0MVpVaHJpN3lKbXlqdkw0UU9oMEkt?oc=5,CNBC,en,Iran oil price,recent_middle_east_oil_risk,relevant,2,4,1,0,0
2026-03-25,The Iran War Is Stress-Testing South Korea’s Energy Model - Korea Economic Institute of America -,https://news.google.com/rss/articles/CBMikgFBVV95cUxOaldDWWtUUTBkQUo0aV9JN1VnNVBheW55Y2pzMUI3UGk4YUJDWGhXOU1FNVl4RnBTbE1lWjI2dDRMSU1kZHNPQTJQSllTeXBSRXRzeF9JNGt0S1Q0Y0VhR25MdS1UR2hObmZNSmNaZTBhTHhjMmhULW96algzbnJ5OUYtd2JkbDUtbXdJdXd6ZVpOdw?oc=5,Korea Economic Institute of America -,en,Korea gasoline price,recent_middle_east_oil_risk,relevant,5,5,1,0,0
2026-03-25,South Korea braces for 'worst-case scenarios' as Iran oil shock deepens - CNBC,https://news.google.com/rss/articles/CBMijAFBVV95cUxPbC1TYnBHclc2WW1YcjZyb2FFUzUyT2o5NDhFSDZuaWpiWGZrOHk0NklXWVhpOHJDSnBoTXVQU1BpZDNSQ190cWdBbHl6aXRpZE1UMW4tTEZkUGhNbDBGMFFPMFg2ZU1CS3htU1pCUnBOX0FfdDRmak0teWVOSWZyUk1GU2h1S1hMT1V6aNIBkgFBVV95cUxQd0l4amI1c3l1WkdfcEZDS2pyYlFubmdqRDNZYzg0d3BfdkNsUS1hN3A0QWVNRkFTRkZrNi1pbGUyU2VfX3ZBbWg3VmJuYk5NNmt4b3JWaVJmRjhTQnZYckxMMmZTRWd3ZkRPX040dXY3V3I5ZkRhWHE2TjBFdGZabEhxbnVEMzl5My1BWDc0ZzlsUQ?oc=5,CNBC,en,Korea gasoline price,recent_middle_east_oil_risk,relevant,2,2,1,0,0
2026-03-25,Will Oil Price Fall After Iran's Strait of Hormuz Opening? - Energy Digital,https://news.google.com/rss/articles/CBMiiwFBVV95cUxNTlAtMFNqSmVuTUY1MTVtdDZNRy1ad2h5NnhmYkNJck1aT0RMM1d4cTUxVE5XN2wtd0FaOTR3cVozYy1rcng3SWFTWkZYdlhKRld4NXRGTWRxRDJNZWwzQjN0d2JNSVRheGR5NUlQTnJ2WGxEMDVtUkRRQklXM2VidXp5MWMtVHNZclpZ?oc=5,Energy Digital,en,Strait of Hormuz oil,recent_middle_east_oil_risk,relevant,5,2,1,0,0
2026-03-26,"South Korea to carry out bond buyback, expand fuel tax breaks to cushion blow from Iran conflict - Reuters",https://news.google.com/rss/articles/CBMixwFBVV95cUxNaHlwTnJHeElyd2Z4UzBEWUlYY2V2VXcxR2RNWWhOVW5xRVQzRzgyUXh4YWhZbmdNM3F4QnlGRHdUb3VhTjFQb3VfU3o3QVI1Um9YelZ5blJUNC1CNEJyY3NfV2RnM2tIRU95dXlKME5PanBQc2UtYjFqZE5NSnEwQjNRcElNZFRYd2lYUGhJR2R5bzZjOTBuRlVBTXRIRDQ0MnlCdDhhUzRhZVhyUEh6MXB0ZENPMDRkbEZJZl9QeXJwM0w3cGlv?oc=5,Reuters,en,Korea gasoline price,recent_middle_east_oil_risk,relevant,5,5,1,0,0
2026-03-26,Gas prices continue to climb on US military bases in the Pacific - Stars and Stripes,https://news.google.com/rss/articles/CBMiqAFBVV95cUxOdF9SLTFEMTRlX3ZXd3FaTW9CNndvWWlRQ0pFUXBNQnhFOU9YNWVrZHpmczBlem1PY2I0LUM0ZU4zckJKa3NaVW9lOG8yM1Y2TDFiUzN5MUs2bWJPVUx3bWRsT1FUZG4wQWNReHVLdGhhQjdGMTdZY3V4cDJ5TGpmbkVmVENadHNjWVduVk5ITG5RZTdSWXNGWmRkWDE5a3FSTE5nbUdRaF8?oc=5,Stars and Stripes,en,Korea gasoline price,recent_middle_east_oil_risk,relevant,0,0,0,0,1
2026-03-26,"Government Extends Oil Price Ceiling, Raises Fuel Prices 210 Won - 조선일보",https://news.google.com/rss/articles/CBMijgFBVV95cUxONHBXUTlyVkxaeWdXSjhqODJvc003UUVfbUE1Rk14THdFSE9RczJvWlRHOEVIeGlJbDNJcF9jdS1FUVJTRFhGdlBLNS15MkhMUDFWRGs2c0xJTHY3TjZCdnJ6aWo5S2VpT3N1WElUazZiWTFsMWt2Y2NNNnUwQkVYd2xxSHpZZ1JkVTZxR0NR?oc=5,조선일보,en,Korea gasoline price,recent_middle_east_oil_risk,relevant,0,0,0,0,1
2026-03-26,South Korea raises fuel prices amid Middle East crisis - Qazinform,https://news.google.com/rss/articles/CBMikgFBVV95cUxPTmtNTzc3UU15ZmtTQTRBR2dINmt6SThrdE0xZzl2NnRUQ2NWZGd0a1ljd3E1aXVYRmdxRXlueGVhWDhUTW9UN1AwYmx0YjJsNkNiUmoyemJnOWlEXy16MGtadUY3S1NKcUp0U0Z0bTNlMlF5bUZ6eXFDOU84SGV6Vm9ldThvZm95cFAzRWpHQlV1QdIBkgFBVV95cUxPQm9XMFM2Sm5xYnJ6c210aW5IejZUbktuamVkVmtZcEp1ZUlOWmZQdTR1dExHcUxueUdQMTZHWFZRemZoaUgzWTZ4QTB3ZW54UVFlR243Y3ptekQ2dzNNNm5vZk5zQmo2MzdpWXRsbUFGajRYM1BFLUpKc19GUDJrOXVKX01sUWxUcHBDYVFYYm5rQQ?oc=5,Qazinform,en,Korea gasoline price,recent_middle_east_oil_risk,relevant,2,2,1,0,0
2026-03-26,Middle East crude oil tanker rates reached a multi-decade high in March - U.S. Energy Information Administration (EIA) (.gov),https://news.google.com/rss/articles/CBMiY0FVX3lxTE5CRzNyTnlqZ2FKUVdjZFZyOU5yN0FzTDRTRFlQYVc3YVpMNW51eVZ1WmF3TDVRcUtkYlc1T3BzUkVfZWlxcHdZeDlXV3lvZ0R5eGI2ZkFtdVVPUzQzY3hwWWRTNA?oc=5,U.S. Energy Information Administration (EIA) (.gov),en,Middle East oil price,recent_middle_east_oil_risk,relevant,2,2,1,0,0
2026-03-26,Middle East tensions push global oil prices up by 2% - Yahoo Finance,https://news.google.com/rss/articles/CBMingFBVV95cUxNNTl1RjEtbzdTWlpTYjU0TDdkVTBNMTNJSXBWLVlhcEpiZnFSV29qRFNIdG9SbGxkRHc3elhlYjkwZHVCYlpyR1I3ZEpUNy1OUFRQd3dRd25hQ255bGRibjVUY2g0WEFQN3oxa09WTDBjcDJjOFJKbFNLRjAxeTdSRlhNLUZBSm41aExOaE9YakE2SHViUnpBTXlDa1pmZw?oc=5,Yahoo Finance,en,Middle East oil price,recent_middle_east_oil_risk,relevant,2,2,1,0,0
2026-03-27,"How long will the war last? No one knows, and it's making oil prices weird - NPR",https://news.google.com/rss/articles/CBMigwFBVV95cUxQWnlsVnpjSXA1Nk9fY2h6NDQwLTBhZmVxb3Q5ZUE0SmJrT3VJaE9CcF9paHhnUlZyaDBfVGdJODBMUVlRZkxIZmtJTncwZy1UbWszS00teTNaRlBHRjd4Q1pzeUZUZ19jOFVzSWF4cUg1UHRoc2Fmbk9ubGtnRHEwbUZnOA?oc=5,NPR,en,Iran oil price,recent_middle_east_oil_risk,relevant,5,5,1,0,0
2026-03-27,Oil prices gain as traders doubt prospects of ceasefire in Iran war - Reuters,https://news.google.com/rss/articles/CBMirwFBVV95cUxPT3JQcW42VTUxV2dTekoyZUMzVzRlZExaSWVFNjFJc2NGNmFyNmVISWZZdTlBeWFfb05RRzN1WGVlQ3RJUnhfbnBPR3VKclJXR3FPLWk0c0VkQjhrNjdmVGVqQTE2bjI1N0J0aUVVX3hCRHdUWlhITDlNc1pTd3dZZzJKbVktOVdMcS1sTW01cjNTSXNRSmhWck9ZRk9WWGlVVGM5MkRyQmVhSGNNaXp3?oc=5,Reuters,en,Iran oil price,recent_middle_east_oil_risk,relevant,5,5,1,0,0
2026-03-27,S. Korea raises fuel price caps; pump prices seen above $1.50 a liter - upi.com,https://news.google.com/rss/articles/CBMikgFBVV95cUxQQmRFTjNQUzNVaFRpTGxlR3ZhUXE2V0JHa01aQzZ4WFp4SUkwaHhlT2c3TzcyYzhnblE0OThrcDlHbXVYTWExZGxXVlYtUVJ4ZC1oVXd1ME9QZ2J2d3B4Z05WSGgxRGo0RDRoaVN4ZjVacGUxV1JuLUJhSDBQYnBCRzJEYTlkLWJQRDJFQ3RfMXF5UdIBlwFBVV95cUxPcU5PeFE1cmJaNU5IbmJ0RnYtXzJSSlhzYVkwX0RWLTRwMWxqQ0QxYnM1cEM0QlpyamktYjJNaENpT2s4VTVYbkNMbTNZRktQcEhUeWItVUtwQXl3eFItMlk1THNqN1hqcW1QX19jbGlOSFYtZzUzUW5hZHlkX21oOFdaRzRFS1NuMnRocnBENE9RYmxVcy13?oc=5,upi.com,en,Korea gasoline price,recent_middle_east_oil_risk,relevant,0,-2,0,1,0
2026-03-27,"How Much Oil Passes Through the Strait of Hormuz? | Daily, Percentage, Choke Point, & Map - Britannica",https://news.google.com/rss/articles/CBMiiAFBVV95cUxQMk00UFdrelNMT3hicHdxOUthX0J3T1dtTTFOMmk1ZW5XSEN3a1JuRWhpcUkyMWY4SDc2LW53MnFidjJqRjZuUzhRdmI4WE9IdFNvRFVCcFRFUHoyVW9ycXlfejdnR2c4aWxOdWZDU0pmb2RNS1BEc01oSWRVU1M2anhVc2FSOWpI?oc=5,Britannica,en,Strait of Hormuz oil,recent_middle_east_oil_risk,relevant,3,3,1,0,0
2026-03-28,Analysis: A new oil shock is building. The next few weeks of war will be decisive for the economy. - CNBC,https://news.google.com/rss/articles/CBMidkFVX3lxTE1zTVFoZWZTNmluWmtDdnBqcGd1OWxVdE1oMmhfcnpfc2xzSGZ3Z0s2ekpoU3ZMVlZJYXJZZDFmSXhEVS1kUkZNZGNkSDdHbWtWSUE5YmhwZERmV3pVS3hZTEoyQnVxRUJmbUZVYnFhTm1EQ0NzbGfSAXtBVV95cUxQNHJQdnlCNmFQeTh0VWpkaEJrbkhvazcxR3FHZklvZzh2YTdZNlFTOUJKRng1cFRrbWstamRfem0xQlgxVjkwbFZGd01BSjR4NlFVOF9fUG1VSWNLNDFSUGxMYjQwemIxajBTOW9PcF83TU5wNVY0UlVhbTQ?oc=5,CNBC,en,Iran oil price,recent_middle_east_oil_risk,relevant,5,5,1,0,0
2026-03-28,"Seoul Gasoline Prices Near 1,900 Won Under Price Cap - 조선일보",https://news.google.com/rss/articles/CBMijgFBVV95cUxOaGRmZUNCTkNIMlFMSEN2bzhlOEk1ajdZYk93ZnlCRVR0WllHZzZvNmZfaWs5VXpaYkI0bjd6NWVVMWNSU3UxTGJuRnhkNy03Und5T1pfSHhjVnRfR3U0UDc1Z19BWmw1R2RuTGpnSllCdVVHSnpsX21CdU5vbjRKcUtoMXB3OENqNXhUMlVR?oc=5,조선일보,en,Korea gasoline price,recent_middle_east_oil_risk,relevant,0,-2,0,1,0
2026-03-29,"Brent oil heads for record monthly surge, WTI settles above $100 for first time since 2022 - CNBC",https://news.google.com/rss/articles/CBMilwFBVV95cUxNT3JUUEdSYnYxaTJVd3dBN2JLbmFkYmlUTHlfN1dSb0x2ekZyR3hoOHVmV18xLXlSVllaY0tib3Zqb2NiYVoybmZvT1hwZXBrYm5vZlU3X056ZUZZYlNpMlprcWxkSlhyYlRYdUJDSjA0cGJiMEktTmVVUkp3WmhaSkZraFpjb2NKNV9JWWZjeV96UlpBMC1B0gGcAUFVX3lxTE9CQ09EYjdVRUhmTkxrSFNuWGxuTE9pTmU0NlR6ZnY2WnR5MjdoTHhCN1IzNkJvVFI3Z3BuVkxaRG1Fekt6aTVGNE5BQkxDdGVSSEs1UjQzOEdLUF9qellOYlZsdHpTcFhYUFRCZVBxZWFOWm5heTRJaTFZTWpyZk5kWjhtMEtSUk8tekVyNl9kQ1B0SnpaZUZMSTVkcg?oc=5,CNBC,en,Iran oil price,recent_middle_east_oil_risk,relevant,2,5,1,0,0
2026-03-29,Oil Wavers on Mixed Signals in Middle East Talks - The New York Times,https://news.google.com/rss/articles/CBMihwFBVV95cUxPRTBueG83SDBTdTJlMC12RUYwTGh6d3QzblhSN2FJc3lSMUxQTU9fWDJtRTN6T21rcThKZnZEUnI0Y0ZEWVQ3dFY4NXhYZlNOUnduYnlWXzg1bG1mSjFSaDY4Z3NreGlwMWs3MWM5dHl0bTFaWm9USk1oOUtQZ3pxOTNTQVdodU0?oc=5,The New York Times,en,Middle East oil price,recent_middle_east_oil_risk,relevant,2,2,1,0,0
2026-03-29,The Strait of Hormuz Oil Shock Is Now Heading West - Bloomberg.com,https://news.google.com/rss/articles/CBMif0FVX3lxTFBDMzBmcGxlenhyYWtFMFFHY2RGWmoyTkhtODgxMExjd2VBZEgwekFYNlIzbzFwUmhJRkxpeFlJdGJ2QS1pdXhCbnotV3M0RG1jSW5KRTB1UGE3dFRrQUxVbzZOb0Vtc3ZpN1NCbkU0Y1FhWmtrY3hTVUlybmJpaDg?oc=5,Bloomberg.com,en,Strait of Hormuz oil,recent_middle_east_oil_risk,relevant,3,3,1,0,0
2026-03-29,Here's what needs to happen before oil starts flowing through the Strait of Hormuz again - CBS News,https://news.google.com/rss/articles/CBMijAFBVV95cUxNZjdPR2xyekZUMi1DM0d2b0NTMTVuZmFvOHl5b0hHVFh5dVNlc0pWTnlnY2VYX082WThPa20xX1l5ZVp5TDJJMTJVVEJmYUpLUDEwSlVrRU9ZbERnODFnOUl3SVVUc0djU2d4MXg4QVBFQThOalFyWTktc0wyNm9NMF83RnBUY0hQR1Ric9IBkgFBVV95cUxPZUNHdUxvbDNMRVBRektLcEpBVDhXNUw2TmZpYWtDcXNNUFZyVlZpaHkwZnduUHh0UHhtTzhzWDNKUW5RMVFPWWVJTFRXNVc0d2FveHIzWUdDZXdHbnl2WUxHUzRiejRoSDBoTFJvckdKdUFSdjJHWXVTaFpGQzR2Z3dlWWY5QWM3b3Z5MGZhRUE3Zw?oc=5,CBS News,en,Strait of Hormuz oil,recent_middle_east_oil_risk,relevant,3,3,1,0,0
2026-03-30,South Korea considers nationwide driving curbs as oil prices soar - Reuters,https://news.google.com/rss/articles/CBMitAFBVV95cUxOTVdCb1h3RGhoalhpVlp0WG5rM29GNmxRd0wzOTRCcXpndC1fcmZMbGRyTm01LWZNbTRxeG9OckdvMFRIQ1k2eUJMOFJVM3hNY3p6TkswMWMzNm1Qb21rYkVJS0RVLU1UZnFlNkVSc0FZallLeG9RM3ZEUS1HQzNUbGdRRzZtSlBZV0djdXNaUUdlZEJiZ2hyVmtFSlNVXzFFdFpjYzR5VGhES1RXRHp0ZE56cGI?oc=5,Reuters,en,Korea gasoline price,recent_middle_east_oil_risk,relevant,0,0,0,0,1
2026-03-30,Beyond Oil: The Budgetary Costs of Conflict in the Middle East - Center for Global Development,https://news.google.com/rss/articles/CBMif0FVX3lxTE5aVWo3VzhzTkU2NkpLX1FDLW1SZEFJUjVscHZqbFJnZVRaMlgxcWJLbF9Odi15blp3Rll1R2doVWlua3B4S2VqaENxdU52ZDFCaEJBcHA0S0VvM2tfYVVvVzBvT0RPYkRicURiTFJBQWJ4bmRJdU5HYmtLUGlCWjQ?oc=5,Center for Global Development,en,Middle East oil price,recent_middle_east_oil_risk,relevant,5,5,1,0,0
2026-03-30,US oil settles above $100 for first time since 2022 after Trump says he wants to ‘take the oil’ in Iran and Houthis join war - CNN,https://news.google.com/rss/articles/CBMieEFVX3lxTFBTWjhaZXRHLXRlamlIYnF0dGNGOE96MG5sTmJFeWxscE1xaXBJbzBORHZSQ3hjb2VCdWRpLS1tVy1rMDdJbkJ3M2ZQVG5xT0RUNVBDVEE5YzBNeDFmcU1kRUlXLV85MXhmZjR1d2NtZ2hYUFFfUnFhaQ?oc=5,CNN,en,Middle East oil price,recent_middle_east_oil_risk,relevant,7,7,1,0,0
2026-03-31,Iran war shock drives steepest hike yet in oil price forecasts - Reuters,https://news.google.com/rss/articles/CBMisAFBVV95cUxNT3N3WV8xRFZaQjhiSXE5NVllN0tkcDJLS1F4YjFhaS10SzNXS3BKbWlOOHhPMnFmSXgyb3VoMEIzQ0FkV1g0ZmYtYWtGSXB3R1NPZHhZamYtYzBFMUwxR0xvalY4cFFxbmNpRU9YNWNCdDNpeUZjZmItTlZjNE8yREpFUlM4eEVtVHBCRlBDMWdmNVB3emlsNEpCbV9IZEJvS0FrOFZJc0ZPeUZlN1QzcA?oc=5,Reuters,en,Iran oil price,recent_middle_east_oil_risk,relevant,5,5,1,0,0
2026-03-31,Oil prices pull lower following reports of Trump considering end to Middle East conflict - Yahoo Finance UK,https://news.google.com/rss/articles/CBMi0wFBVV95cUxNNW9WM0NucjRUdjBRS0pLaWZVYlVzOGNuVjlhSy1QR3pFaFBYei00bF9ESGRaVGE3d0RkcHJMMWw5dmwwZ0xzTnZCY1FSUHRabDQ4eDE2NWcyUXViMFlUbkU4TXhOUF9wNUJjQ3VFWEtETWFnUFJOekx6djZ5MUZfbUpXVGR1Zk9EY1R4YXlmSTJQdnFOdl9ZMXFlOFprY3MtMzJwVUZUUU5JZkFBMmpISDhNRmRlZm9DZjNScDRKZXVjZ0dzZERnRHhUeEJkejRCODRN?oc=5,Yahoo Finance UK,en,Middle East oil price,recent_middle_east_oil_risk,relevant,5,3,1,0,0
2026-03-31,U.S. Gas Prices Top $4 as Middle East Conflict Disrupts Supply - Crude Oil Prices Today | OilPrice.com,https://news.google.com/rss/articles/CBMitgFBVV95cUxNNldmRjl1eDY3alh5QWNyR2owY0RUQXY3V0dRZnNkQ3NKTVVkU0xoOHRodVItR192YmR1VGlpQUNoMVlnczdTWnNnQU5wZVJwSzlfOXVMN2tmZWZUSUtOVGtPbEM5S3Q5Nm5RR1VCX0tWcW9CeExnTW5xbGhmZ3J2TjB5QTdOUDBIdmxBYVFhLVF6TEZtXzJ6dnZOZ0xkckU1dkRxZDBtZ3otZVNmUDlUSmlkLWI2d9IBuwFBVV95cUxQamR4OTNTeWwyOWJVX3RVMWtYdHFNaGxHbGN3b211dVkxNWR0cE53bk1aSFFVemxUM2g3T1NRVEFPRGxqN0l2S1FXWWRzRHlTRTAxakc5Zmx0NHR1dGRzb1NXNVUwRXV5bERoTG54TTZQRXZIRWU3cWNCOW5makxpcmlRZXk1c1RsZWNpTkQwS1hhTDJPdjFEbFJtOC1ZSXZET2pNTGE1aHdROTI4RXN1eVc0NllPRERxaVU0?oc=5,Crude Oil Prices Today | OilPrice.com,en,Middle East oil price,recent_middle_east_oil_risk,relevant,5,5,1,0,0
2026-04-01,Crisis without collapse: The Middle East oil shock - GIS Reports,https://news.google.com/rss/articles/CBMiaEFVX3lxTE4xOUNNd0hIdmJ2RThNeHIxZXE3a1B1OXhob0ZfUnFVUTdoenlac1FzdnlGU2pnc2dHUHk2TUhjUDJ5WU5uczNGbkk2Vkdacko1bDR0OXdMNURya1ZkbV9sbk9wdmNxaHB5?oc=5,GIS Reports,en,Middle East oil price,recent_middle_east_oil_risk,relevant,2,-1,0,1,0
2026-04-01,OPEC Output Plunges by 7 Million Bpd as War Chokes Supply - Crude Oil Prices Today | OilPrice.com,https://news.google.com/rss/articles/CBMiswFBVV95cUxPeUlDTFFUdEVBWWRYNW1FbDFWcm42YkM3TUFjZjRqSWVhdFhJMUNLNUdwQ2EyY0FaS1d6emdmR0pxa2ZMLWVZY0lfMkVQcE5US1p2VmdJSkRUczZsNGUzcEt4c0tFejhvbXhxMjFQVlZjTVY5YUFoY0IybmItZ3lxdHdNSFFaVVVuOFp6SWZUZ3NRMzBJVWw2blpjNEpXV3BOVThvbHN4TE9PT3NmUFBIZkZwNNIBuAFBVV95cUxOQ0VNa3pSVWRUdXd5NkxucEFWd1BLdTVuOUtTdVg5ZXRJWng2Z3p3RzZydVB4SjJUbDZkRVhuemZLX2w0aUp5VnhISVFkWnVjSjFjMVpEUXpycUtocWFvYmpTeENYTGhaZkhwRFVoWXU2d2RRcEU2Y0dFVU9DNFVxOUhnaUlfUHhNdDZXRm96Rm1DYzFRSjREVlo4MXZONXk4d3ZLZ2doZm04UjlDNkVZR2Y2R1FrX3VS?oc=5,Crude Oil Prices Today | OilPrice.com,en,OPEC oil price,recent_middle_east_oil_risk,relevant,3,3,1,0,0
2026-04-01,Beyond oil: 9 commodities impacted by the Strait of Hormuz crisis - The World Economic Forum,https://news.google.com/rss/articles/CBMinwFBVV95cUxPcU51SVRBaUh5anFVNkh6QTQtblFvbnpuM2Z1T3lReVE5dWpRY014VXhTZmdVODlDUEV6ODVLVzR4N200elpxREJjN0pWSlE4U09tQVRVQmdrVmcwSXdKbUQxMDktcW9xVDZCX2hBclU2b1RIRlhZX19QZDBTV0toeWhNbndYQ1h6R1FHeGJwc3U4REVMMnR6R1p1OGd2X2M?oc=5,The World Economic Forum,en,Strait of Hormuz oil,recent_middle_east_oil_risk,relevant,3,3,1,0,0
2026-04-01,How high could oil and gas prices go if the Strait of Hormuz remains closed? - CBS News,https://news.google.com/rss/articles/CBMiggFBVV95cUxQaV9mTzYxMGhvTUY0dDBWdWNGelo4SDg2amtsd3pxTDNfODhSR1BTdG1WQmd6WkdhMTdnUnVsRVVUeWJaNlJJbVh6RUd0T0NQbC1BY3FVWVhLd0p4VXh4akdodUtkcDQ3X2hmR3I5bTFfTFBlY1ljbFUtM3BMT2Y4OHBB0gGHAUFVX3lxTE9YVnJVY0twVVpzRzhwa3ptNllhNlVUSmVpSWEzUTBhOENaeFZ3VjkwcnBJMU9sTlM0cHVRdnhEQXlyOF9ab0J1SEVoNHNXTnp0WVAzT3JYaVZNcUpCQk1NSUQxZkJDZlRkRW8wUGM0TWV3YnhvMllIeGNXbWhiZjhBcjdIVDJjOA?oc=5,CBS News,en,Strait of Hormuz oil,recent_middle_east_oil_risk,relevant,3,3,1,0,0
2026-04-01,Walking away from the Strait of Hormuz won’t make gas cheap again - CNN,https://news.google.com/rss/articles/CBMihAFBVV95cUxPU1MwTW5EOUtqTGdJdTl3Ql9lZzN4RmVFTFNVeTNpeXRGakR1M21xTXhPTzZKVkgwX0l3THRnT2pkRG9xb01LU1JJcnk3N2V4clhicjI0TkE3a1Z1ZmJteGp6bHlOckdhdjNwdUcwVG44WV9pbkhVUUNNU3RQUV9tWFZqSmI?oc=5,CNN,en,Strait of Hormuz oil,recent_middle_east_oil_risk,relevant,3,3,1,0,0
2026-04-02,Iran war puts Middle East Dubai oil benchmark under stress as prices soar - Reuters,https://news.google.com/rss/articles/CBMivwFBVV95cUxOc3ZpdHJZeldOZ1VJN2FOcDFwek1FMnNNTzU0Rmd6eDRCMlk2TTVYRlVla0VPaWJncFMtc3QtaUZWNU9FcWdOdlp4U01Fek80QTdsYXJLNk55NTZMOWg5OGhyZEFYMmpPbnpOX1J5NDA5YzZaa21kNEJTZlFmb0o0ZGsyT2REUzNlTlZBN3l6R2ZwZ2hhOUppNV9reG55Z0U1RnQzNmVoYmNHQlpobzRYU2VSaGtLX2gxM3lhLW5RWQ?oc=5,Reuters,en,Middle East oil price,recent_middle_east_oil_risk,relevant,7,7,1,0,0
2026-04-03,Oil prices surge amid volatile market after Trump pledges weeks of Iran strikes - Courthouse News,https://news.google.com/rss/articles/CBMisAFBVV95cUxQSUkxQzBMcVR0WFlRSUFfUzdpUWIyc2hweFJ3bk50X3ltanNoTjhEYVZWOG15YVdYU2hBWGpxdEpNU0d2YVRNQVpqVlRzajBhVENGUElQSzVZdml3aXh6d0tPeXVvZUdNWmhRWmhwcDdDcERkTTltY3lTeFgyS2dnYVhQM09CeXphX19OY191Zzg0dWVsLUM3T2FocGJlNlY4NXYtWFVrZ3NLYWRaUFlxRQ?oc=5,Courthouse News,en,Iran oil price,recent_middle_east_oil_risk,relevant,2,5,1,0,0
2026-04-03,North Korea fuel prices surge 20% as Iran war squeezes oil supply - DailyNK,https://news.google.com/rss/articles/CBMingFBVV95cUxORl9ORU9CZUF4Sm15eGU3MnFQMkNQdkdIbk9fVDAzeGJpcEFmT1BzTTF1eHJ1QzF6TFpfVm4xamd6bncyNTIwWmdfeHQyeV9oVWV5RkhaVlFZZUd6REdNd3lCMWs1ZF9fbGlmdUlmNGI2ZTJDdUp3S1N2MnRoSWFPVXV0cDV1NWdEZjlyNkhkZ0U0LUZiazlqU3p1TTg0Zw?oc=5,DailyNK,en,Korea gasoline price,recent_middle_east_oil_risk,relevant,5,8,1,0,0
2026-04-03,Fuel prices drive inflation in South Korea - 동아일보,https://news.google.com/rss/articles/CBMiZkFVX3lxTFBQZGk3VGRVbVhTSzVOd3h0SXJVdUgxalI1M2JpOHFJZGszWndpZTRjeUZYVEEzTjJBMENfTWJnaV80SDEwYjMwWUkyWmxBS3d4d1hsN3JPRS1KQTVDdzNmcGFWTnc3dw?oc=5,동아일보,en,Korea gasoline price,recent_middle_east_oil_risk,relevant,0,0,0,0,1
2026-04-03,Why the Strait of Hormuz Is More Than an Energy Crisis - Georgia Tech News Center,https://news.google.com/rss/articles/CBMiggFBVV95cUxONHV4T3FvMmZMa255bFlyOEdhN21KYWQ5RWZncXZISERCcUxmQm5sMXUtc24tYVduTzFjWG5QTFczMmFtMXZIY1ktTlh6VlB6T2M5ZlBHaERYeXhTaDk4YnJIYlQyRVdORGpra24zUS1tR3JLYWJfWlVfdjF0TF9FdS13?oc=5,Georgia Tech News Center,en,Strait of Hormuz oil,recent_middle_east_oil_risk,relevant,3,3,1,0,0
2026-04-05,Oil prices climb after Trump threatens Iran over Strait of Hormuz - CNN,https://news.google.com/rss/articles/CBMia0FVX3lxTE5UQ0V6amlaRE9NUnJyR2lUd2dRamU0TkpwYjNNOTh0VWlBai1HSU1aR2RXVUduRlRhOHlSVDZVRlZWS1d5cm44WEdmRDJsbFQtd2ZjUjdMaFlpOERwZHZ3Q1BqbThhbC04UUhv?oc=5,CNN,en,Strait of Hormuz oil,recent_middle_east_oil_risk,relevant,5,5,1,0,0
2026-04-06,"Gov't, DP agree to abolish oil industry's 'post-settlement system' as gas prices skyrocket - Korea JoongAng Daily",https://news.google.com/rss/articles/CBMi9AFBVV95cUxQQ1lGMkE3a1YyZVEtM0VtamJHMkZBYldtTU5GMkVoQVJhOTJOVi1sU1hQaVYzSEtkdklZX1NJQThYcWVlT3ZIZ2tlNFk2UnhpbWoydmtWSmZoeWcwaXM2XzZYM0VSZmtraElFLXdqS004Tnktb2lIRHNwU3V0Zk5PTmhsQlJWbVVrMXlFanBkV0pIQS1FMGtlNXFjYm8xRmhEMEhyNEV5NDJNV2NSYkFDWlVkNUVlOHQ5cHBBamlOOGc1MXpFeFl4R2h2SDQwNFFEVlpUeW1ock82S0dIS3pleDNBa0ppOU5MT3lTT1Q2akJ2WUZO?oc=5,Korea JoongAng Daily,en,Korea gasoline price,recent_middle_east_oil_risk,relevant,0,0,0,0,1
2026-04-06,OPEC Commits to Boost Output Once Hormuz Reopens - Crude Oil Prices Today | OilPrice.com,https://news.google.com/rss/articles/CBMipwFBVV95cUxNOUNxMk8wcDB2Q0V1NEpacXdHY1NNWFNyaEhtdW9QMHF3c2ZPTEZ1N0lLWFkyS0NTUUsyRVNHc3JOTGJIRjBNS054MWhyVkdEeVlNUlRfejI1YjBGZURSZE1MREJ1WG1ZaURaN2p5akFvT2FHYXIwVXpIeTROTXFMRzdKNWItXzVCb01rSThqYjlJdEtBQWRueENuSVVid3hkR2tFdXEzMNIBrAFBVV95cUxOOEswR3IzY1lKWEtvTDN4eTRUakxsYjVRVGVaQ1VLLXJCMFFKM29Qemc3SkVySm9OWk8xbTFGelo3SWRnYmRub21qbnhnYk1UVEJTQ3FsYVE1clpZZzc0eHg3SmswcmVxVnAxME1qYldoVkFrSEJuZ1Q1X3Y0NWxsN2J0eUZabXJVUjdsUl8ydW9YQ1VDNkhCck9kVjcyNlNYSV9JOUJRN3lUME5W?oc=5,Crude Oil Prices Today | OilPrice.com,en,OPEC oil price,recent_middle_east_oil_risk,relevant,0,0,0,0,1
2026-04-06,Hormuz closure divides the fortunes of Middle Eastern oil states - Reuters,https://news.google.com/rss/articles/CBMirgFBVV95cUxQb1pUejBqV190WVVhZlhfTnJzaDRIWHEwVXZqc1ZxWFRScnlxYmFhRUVoc0NmUE9LXzBCVEZuT3BtaUhMeVlaYkVfeTdGekljdnZyVlVtQnFHUm1kSmpWM3JVZFB3VU0wSER0cGVYc1d1aGlKcHJ1SFFQY3hiVWZralNVYzhlY25lMnE5M19NRHhVQUVJN1l6RFRZdU5UeTQ1QlJ1azdnQ3BLZU54WEE?oc=5,Reuters,en,Strait of Hormuz oil,recent_middle_east_oil_risk,relevant,5,5,1,0,0
2026-04-07,"Seoul gasoline prices top 2,000 won amid Middle East tensions - The Korea Herald",https://news.google.com/rss/articles/CBMiV0FVX3lxTE9vQ210T01GYUZaR3RlOFhEUXF3NjEwbGdKYVhfUmNwQ095SE1XckdueDhTa2lKZjlIdXhLdmwyVXdraWItV3JRQW92aC00eDNEQndWNVdtbw?oc=5,The Korea Herald,en,Korea gasoline price,recent_middle_east_oil_risk,relevant,2,2,1,0,0
2026-04-07,"Seoul gasoline tops 2,000 won a liter $5 a gallon as fuel prices rise - upi.com",https://news.google.com/rss/articles/CBMijgFBVV95cUxNUmNNQjlGRUYtNmFMMUhxd2JoSXhXdGxGM2RvN1YtTEZLcDRiZHM0SUZ2RUNVM2ZSQUxlVEktT2ZkSEo3WjB5dEl5aEZWSXNVeEstNXVDSmtMNzNmSC15SXAtLXZDUWJyWDM1eUc1eUhZQlZSd18yQlpWbXg1dVlfVmlkRFBISFhFanZaZVFB0gGTAUFVX3lxTFBrcnN4ZVZHU2E2Rk9DekJSVE03N3lrM2tOV0VZRmJWNk40R2tsSm5XTGd0dnhvQmxDckxMQmFfSHhZeThlRGc1Mk15TzZzYm5xVmdOaFpkMi1jZFZsOHNrb2U5ZGMtRldmU2pQaGJKN3pNOUZfSk1JaFBxSjZaRmFzcjdpX3BFTHNwUTZQa2FUZ3Vpdw?oc=5,upi.com,en,Korea gasoline price,recent_middle_east_oil_risk,relevant,0,2,1,0,0
2026-04-07,"Seoul Gasoline Prices Top 2,000 Won After 3 Years, 8 Months - 조선일보",https://news.google.com/rss/articles/CBMiiAFBVV95cUxOU3hnbmNFQzk2cHViNjlDT0E0Qld1ZTkxQ0Y0MUhTQ1BrTGRjb2JWOW9WMnBlb09ybG1ScU5oa09UUmdmZkdqT2FteXdpSlJidy1nMHZRU3o0MXdaUUktMGFHSThCeDZyRXY3bzFnZmpNdzhRNExVV2NXQVdTaS1LclJUb1plMWNL?oc=5,조선일보,en,Korea gasoline price,recent_middle_east_oil_risk,relevant,0,0,0,0,1
2026-04-07,"Seoul fuel prices top 2,000 won as oil rises on Iran tensions despite ceasefire hopes - The Korea Times",https://news.google.com/rss/articles/CBMi0wFBVV95cUxNSjRwZjlldW1zWXFoVnZnd093UUw1dEdoMi1iT296eXZjT2J6RTBOaVczbENtdFNITE14MG9vQmgyR1hiQXgzbDhhSWdiQ1RERWFBTkVIMmRuVTAwUFBtaHN1eEdSdG1XU1ktUHNmcm1LNnUzVW9TM2RjVVExVmxBWWx1Rlg4VE1XTXRsT0dzR3FTT2xNU0RrSnVrZ3E4REI3ZUtJWVptZmpKTTMwQ05ZMHg0S3BqdVVQTzl2eUVHRU9ZSWNjd1M0NTQ1eDQ0OHVINUpZ0gHYAUFVX3lxTE52NHZfOEkzQmRNdGllWWVTTlcwQmFEVzBZSDZ1bTF6R0tqdmF3UzJFdzN0VVF0cFc4QS1oSzZVXzlxNUx3ZXliakZKbU8wOTBQdGJTYVlBUk5JMzN4NnIxWlF0VzE1WEhqdzZyLTBrQTJ0X3ZBWlhEZm9XMTRXaHZyWFhjdjBvOVUzZUhHYTRtZ1ZLNFBWQWUwUGJZNkp4bjN1elA3YWNHMDdYTmtuNXA5R1VMbjREZTlmYXhWcTV4REhxaU1zbE1tWnc1cGNvZllCYTgtSnpZQg?oc=5,The Korea Times,en,Korea gasoline price,recent_middle_east_oil_risk,relevant,2,6,1,0,0
2026-04-07,"Seoul gas prices surpass 2,000 won per liter for the first time in three years - Korea JoongAng Daily",https://news.google.com/rss/articles/CBMi6wFBVV95cUxNRVI5U0dlMmN2MTFVZkRMTzRSNjVWYkg5Y1BTMHlyOG42c3ZOWmR5cFgwSjR2eWdrLVUtSW5EYlpKSWVRRXBQeklVeDB1aGtwcHpldEN1U25ZUU1BZWRiYmF0Szk2SEtCNE43QTJYWDhqR2hYYmdldXZaM3VDZlVhVHRybmlfRUhHejk2RmZRYlhtd2taek5qSWZFWVRzbVdMNTZSU1lJa1laVWVLNW50MGd6ZWxoQ0t0ejhaZGNDSHVjS0RuOEY5ZkNYMHliNTVUUmtPSTFObm1CeW5xSFFma2JFNkY5bjdrSUhr?oc=5,Korea JoongAng Daily,en,Korea gasoline price,recent_middle_east_oil_risk,relevant,0,0,0,0,1
2026-04-07,EIA Raises Oil-Price Forecasts as War in Middle East Continues - WSJ,https://news.google.com/rss/articles/CBMisAFBVV95cUxPOE9iY0NxMHZKREVqb3luWl9yYkt4d0dNdjBSYWtxTU41RXl4UXJwMmRsTTBTUWhJS3BneEZSUHJiQlRqdE51TzBYU2lCSmhiN0ZlMVJSY3Y3OUlnQ0xubzRvTVhMWHltSmhqN3QzaThlZkFzS2tqY0Vva09lNUdhOWJuNmdla0NfSk1jWTE0cGtCeno3Mm5TZlJ1NjRVOGJWRWRpWkdPMjlIVDBQdVJuRw?oc=5,WSJ,en,Middle East oil price,recent_middle_east_oil_risk,relevant,5,5,1,0,0
2026-04-07,Crude oil and petroleum product prices increased sharply in the first quarter of 2026 - U.S. Energy Information Administration (EIA) (.gov),https://news.google.com/rss/articles/CBMiY0FVX3lxTE1MUUtYRngtNFBMNjQ4Zkg0NzFqNXJVVVlnUkc2blhMQ09LdUF4U3hBX3hOWkVKdExMYjBzeVUxdG5UeGFuejVaaHgzRDlXQVdCaWMxVV9nSWZvaE1LaER5WTZnZw?oc=5,U.S. Energy Information Administration (EIA) (.gov),en,Middle East oil price,recent_middle_east_oil_risk,relevant,2,2,1,0,0
2026-04-07,"Current price of oil as of April 7, 2026 - Fortune",https://news.google.com/rss/articles/CBMiYkFVX3lxTE1ZRkxSS2pPYTBkTENBV2YwMk95eDZmNkpkM0g5X1FmMkFGcDJ1Q3lxSHhIWk9VVXBXWnhpVVZjTzdMY2cxQkllam9FQkwxV0d4R2hpVTNXN1RnZnlqWjNCQU1R?oc=5,Fortune,en,OPEC oil price,recent_middle_east_oil_risk,relevant,0,0,0,0,1
2026-04-07,Iran war: What is the Strait of Hormuz and why does it matter? - BBC,https://news.google.com/rss/articles/CBMiWkFVX3lxTE9tN3d3SGFFOS1kb0ctMnU0WDdib1hmYUVaLXQ3bm5vRUFlUjVhN05nLVBJOUozTXo2ZnpDZ0NHQUJzMXpBNkdqbHdJNy13bUF0aDJSLUdLR19OQQ?oc=5,BBC,en,Strait of Hormuz oil,recent_middle_east_oil_risk,relevant,8,8,1,0,0
2026-04-07,"Iran war will throttle oil flows even if Strait of Hormuz reopens soon, analysis predicts - CBS News",https://news.google.com/rss/articles/CBMifEFVX3lxTE16V0ZmOEd2MnR0MDduRzFrSUhEaDc1VzRUQ2RWYkI5UUN3dWViQXVIODl5N09JOTB5UGt4Sm1YVnVqVlhPckNCMzNJTDlaX213SmpSNk1oZmZHODQ0RHR1Y2J1YWl4T2JheF9qaGtQc2l6YjRxRnlsRkxHWGnSAYIBQVVfeXFMTXVpRllPVHNkazAzd3kwMV84emhPbEVSMGlaVG1FSWhBd2pacWpmMW9ENjc3Yi1YVHM1QXcxd3I5Z3U5UmxZN3RqQXQ5QzBuc1pqWWJreENFcHU3OEltS2YyMUcwX2xyd1JrbzFlN0Q1blNsZWhtaGRwVnZGSklpdDRtQQ?oc=5,CBS News,en,Strait of Hormuz oil,recent_middle_east_oil_risk,relevant,8,8,1,0,0
2026-04-07,Iran war oil market impact: Strait of Hormuz crisis deepens - Kpler,https://news.google.com/rss/articles/CBMingFBVV95cUxPd2dYRlhjRDQtWmpOcmZsZHR6M1F3YUpuRkhYc2FOaUF4U2t2cHZXcHN5MDl0bGRKZUQzanB1WUR4eklMYm00T3NRMEJzbnFobGp2MGlzZlhTOFA3YmlXVjZHZ1BPRXp0cktuamRJUDNyZ0R4VG9lWTlFMHlvdWhZY3pJV0hhellpN3hiVUZJai1NYV91cXltNDBZUmk0QQ?oc=5,Kpler,en,Strait of Hormuz oil,recent_middle_east_oil_risk,relevant,8,8,1,0,0
2026-04-08,Korea’s Fuel Prices Rise More Slowly Than Europe’s Amid Government Controls - Koreabizwire,https://news.google.com/rss/articles/CBMipwFBVV95cUxNODNoRFk0dlFfbFkwVjhTVFNVWEpuR2VtSXlrWkwwaWF3dFZGRkdqdURJLUE0N1VPYUxocmFzM3RDcVl2Y2FyakFjd2RFVnd4U1hzYXduQmVHS1NkZUlOelJEektxUFVoSGh5UDVuRGgwbmM2clJNZXF4MGJ6UTk0NGVGUEpwTE96Q0t4b0djRU0yNS1BVkpSeHA2MmkxUE51VFB4NHpkRQ?oc=5,Koreabizwire,en,Korea gasoline price,recent_middle_east_oil_risk,relevant,0,2,1,0,0
2026-04-08,"Current price of oil as of April 8, 2026 - Fortune",https://news.google.com/rss/articles/CBMiYkFVX3lxTE9CLU5pMWJWZmRtMC1PeGcxUG1VWWd6QXhJLUNFWi1wLUhPVFNlM0pwWmNIQVdtSl9wUWlsZU02VVAxY0wtOElNY1dtcy14d0t2YWkxeEsydEprZTE1QUlKMm93?oc=5,Fortune,en,OPEC oil price,recent_middle_east_oil_risk,relevant,0,0,0,0,1
2026-04-08,Losing Hormuz: The Costs of War for Gulf Oil Exporters - Baker Institute,https://news.google.com/rss/articles/CBMiigFBVV95cUxPdkFFS1pXWmF1RGp4dHQ4U1lEa2MtV3JkdEpicGFIWjZ5TjJoN2diMDZubkhLOHA2OEs1TTZGem00UU40VnN1VVpOaVdHYzgyR0xXc1B5VjE3UkJCOFpMQ0NhRTkyaFQ0OWtvcHJLOU5DOXpfUUxlVVVHNlVkb3c5Sy1xNXk0RmVPLVE?oc=5,Baker Institute,en,Strait of Hormuz oil,recent_middle_east_oil_risk,relevant,6,6,1,0,0
2026-04-09,South Korea’s renewable energy pivot can mitigate fossil fuel dependency risks - IEEFA | Institute for Energy Economics and Financial Analysis,https://news.google.com/rss/articles/CBMiqAFBVV95cUxQTnh6bVFlQTZyYWd1M0hXR2xSaXg3d0NNWGpFUk1XNmFmSTNtRVBSX1ZkODY3SDRudTI4QkNOZ29XQkZiZkVKYm8yY3YwQjhfbDdZZ2pkTldCUzBra2l6UmtkN3lUQnd5elZ0VjlIWUxDQ0l3NjRuaV9qdkZUWHhUWFU1M0lUZWZlMklvY1ZKVHo3OXFWYTRwWGw3S2hxdkVCT1B1UmFMWFA?oc=5,IEEFA | Institute for Energy Economics and Financial Analysis,en,Korea gasoline price,recent_middle_east_oil_risk,relevant,0,0,0,0,1
2026-04-09,Ships still aren’t going through the Strait of Hormuz. Here’s what it will take to get things going again - CNN,https://news.google.com/rss/articles/CBMikAFBVV95cUxPbmtsUk9MTG9GZkZNbF9fVU85NkxhbXZWSWMwS2xCZ1pmWUNFMlc1U1hTVmJjNjJDcG8xVnRtUVhjTHNTNlB5a1lrb1JvajYxQ2tYYW5PYnl0bXFRWG5tMHpSSjNEMVZuRkYxX0FZRldYVHhLOHI4VTJZQnJCZGZrSmhrYlZLYklzZDZHUExHcXU?oc=5,CNN,en,Strait of Hormuz oil,recent_middle_east_oil_risk,relevant,3,3,1,0,0
2026-04-10,The Oil Shock Is Worse Than You Think - The New York Times,https://news.google.com/rss/articles/CBMiiwFBVV95cUxPcVVvdVk5ZFo4QWFVdzZGY1hCSEtyNGxNdkNST2xGb0t3dmVWZXFpeGNLcFp4M0pkaTMyTF9KVGprTDVubXMwTnNpVkRMNEFSVkxndHlyQ3VyRl93bnYwTEc0TndWOG81MTF3MUpucWlieVFsek1neTVROUFQTFkwVlZsbUVQbkhoZGFZ?oc=5,The New York Times,en,Iran oil price,recent_middle_east_oil_risk,relevant,2,2,1,0,0
2026-04-10,South Korea Fuel Prices Rise Again on Day 2 of Third Price Cap - bloomingbit,https://news.google.com/rss/articles/CBMiVEFVX3lxTE9wUTZVQnl4SkVIXzVTM0lncG8wellod05SbVVOMUIyM25ZYkZDbkF2V0RSSThJNnh1dzBQaXZxdHVOSmNTRVdmOUp4dEVYR2tvTDBTVw?oc=5,bloomingbit,en,Korea gasoline price,recent_middle_east_oil_risk,relevant,0,0,0,0,1
2026-04-11,"Gasoline Prices Rise Past 1,990 Won Despite Third Government Freeze - 조선일보",https://news.google.com/rss/articles/CBMiiAFBVV95cUxNcmdkTkVQWmJjdHFwbk1oWUhFQ3FKdVZNUkhHemhUWlhadHZ1Y3hSSXJSeFhRY0dzeC11dnNxX1cyNDhoMEJ2S00wUXNCSkx2Mm52NmZxTkhjYV9iZU9IblFBZ2xKUjhiODhTZDc2XzRabjJabUphY1VtTVgyaXRIZUJSU2FqWGh2?oc=5,조선일보,en,Korea gasoline price,recent_middle_east_oil_risk,relevant,0,2,1,0,0
2026-04-12,"Oil price cap freeze raises concerns over market distortions, fiscal strain - The Korea Times",https://news.google.com/rss/articles/CBMixgFBVV95cUxQTjF5Yk9ULXVBYzcxRjU0WldRa3JKVnNQaDlnMmtpaXUtOXo2Smc1cW92UmxtMXNSay1OS2VDNUVuNWN6eThOdV9Sd25UZVNBRWFKZHFfZTctLVZFRXVHQ1k1Tnd0U3RVMVhnYzhESTdTb1ktY1dYV2pWMmFsc1B6TnlMRlQ0Nml4SnNxbE9abmFuNk5DaldkMHRkb0g1ampHZ2dBYUo1RlpRZ29nNWNlYVgyWGlMdEROdER3WlJFenc0R3ZEU3fSAcsBQVVfeXFMTTdWd0kzeTRvSjdtUjRYWHJjMEpPa0wydmtyeHlIUjB3TThodk05ektTb2ZmX1BWRlNpVW1wNVhqcDQxbUpLRW5DRXFqQ1hCdzhPYklmNWtSM3c5NHBKTFUtMllySGlsRnN5NmJRcEpSQ0Z6TXFvbWxFWUlwSEtwV3d0bUs3NkJJMW5ncGc2WUNoWXRza0tsRkF4cXdYUmVScVI0U2w2d2cxeElVODF5azd3WUxkLWxpdG44ZnJlZkRrNmdWeElnbE41TkE?oc=5,The Korea Times,en,Korea gasoline price,recent_middle_east_oil_risk,relevant,0,-2,0,1,0
2026-04-12,Why reopening the Strait of Hormuz won’t be enough to solve shipping woes and high oil prices | CNN Business - CNN,https://news.google.com/rss/articles/CBMieEFVX3lxTE16VDhpaFRvT09vVjV1V0ZjT0pkeG5KUjFzX3lTa1dPc3BYZVR2czJnRnRXVHh5QkVHaUhsWHVNYmNsakdOa1FiVU4zX2JqX09USi1ROGJpVnVzOWZOMTBDbTRFV0lBbjdrWTlmcUFSV09GMzNQcVFjSg?oc=5,CNN,en,Strait of Hormuz oil,recent_middle_east_oil_risk,relevant,3,3,1,0,0
2026-04-13,U.S. oil price tumbles below $92 as White House considers further talks with Iran - CNBC,https://news.google.com/rss/articles/CBMikwFBVV95cUxONWFvdXg2VWhNVG9KVUY4cWswaGIzc2xMUklTa0VEWkZqYWxrdEVXbkRwSVBYLVdTRFlXdXRXWG5KemhBMV90eW1GU1laSXB6RFlTZnkxaVFiUjZMUEp2dFBvVGZtNXNyaG5aVjMwam1pYU00MHFReml5Z20zVXl2eUw1RzJuTFRTWVZVZnlxNGR0dGvSAZgBQVVfeXFMTTRJNzZEejdHbmlrZWJ4TmRNMTV2dWtaWVI5VktqZmVWdmN3ZGhSU3h6MzB2SVNRVGgtdVJRdGFDdmxWaHVIb3RiN2xocm9sOFdIU3ZvMHZHbGVUaHg1U0k5SkUyNl9qQXZTS181YVRiWnJEelpoQWJnWUQwVGM3SWFnTXNOR1V6Nk1KRjVBRWIyRXZXM0tsM1Q?oc=5,CNBC,en,Iran oil price,recent_middle_east_oil_risk,relevant,2,2,1,0,0
2026-04-13,Fuel price cap risks growing side effects - Korea JoongAng Daily,https://news.google.com/rss/articles/CBMivgFBVV95cUxNRktLT3RvY0k5OTViWEtKYm5WX1VtLTJYcU9JcmRfZDdWZ0FBNktHWFd6X2otYU9wMTJlc3RNNFRIZl8taXNGUXlFbGUzaDJlM21jODNLeUZDdEl5bHE4RHM1NzhvWWhNWUpZUHB5eHFCSkJJOS04ak50N05YaHBBZUxoQTloM2hWNnlQV3dxak5nQlpiMWxxbkN6dUhnY0dMSWthakxmdTNTdWdYbjEwbHFGREt3TnZmb2JpX3V3?oc=5,Korea JoongAng Daily,en,Korea gasoline price,recent_middle_east_oil_risk,relevant,0,-2,0,1,0
2026-04-13,High gas prices will haunt the GOP even if the war ends soon - The Korea Times,https://news.google.com/rss/articles/CBMiqgFBVV95cUxQX1JPcER5ajJEd09pbDFHcFRsTFJTZGVjRFd6TS1udXJhWHRGcE5YZFd1VlAtSUtBMTJtel9kNUJGTmxEUndIQTRWU0RSNFRRM0NMSk11RENjbDhQMHdxMkRhT1JxNnlMbTYyc0ppeUdIOWpXRUFRekFvNHBHTmJwZTRWTmU4OWYyNVl2V25kXzJRRldHMFcwQXd1Ulc3SkkxMXhZcFFhLWRfd9IBrwFBVV95cUxQakxRT3JmNUZYcGV1WS1uZS0zYndJazRDdWhaNG45aW9ydTFTWGZTak00Rm5qVzl2QXhCakk4bjQ2V3F0U096OEplTG9RMTh2YnhjUE5ZWVRPb2JLYmc4Y2tDT1VybWdzMHNFdmFxVGlsS1MtZVBTVEY0TDJVUVZQWWFnZEJQc0xSblZVbXFkQWx0eDBYbkJUeFJpOHU1NnNOQlR4LVZpRWFqU0pEa1M0?oc=5,The Korea Times,en,Korea gasoline price,recent_middle_east_oil_risk,relevant,3,3,1,0,0
2026-04-13,ANZ raises oil price forecasts on Middle East supply losses - Reuters,https://news.google.com/rss/articles/CBMirAFBVV95cUxNdmlKYXlUdnY3MTgxbFlzNkcwSGU3dGk2bDl6UG9lTWpnQUY3QTNVV0NIR2l6bXJaTHFGOGwwTWRSUXBlQ0FfeW1yRFJnU1FaQnRGdlNUS0Rub2QtNDkzWThVTjRvSjEzU01JQU9yWGJ3LUU3M1JlMndxRnFEeGZfRXctSk5MOHhrTG12MU9KSWxhbEJFaDNfSlQ5aExrTnRMLVJvUjBKTVlxSWxS?oc=5,Reuters,en,Middle East oil price,recent_middle_east_oil_risk,relevant,2,2,1,0,0
2026-04-13,Crude oil price chart 2020-2026 - Statista,https://news.google.com/rss/articles/CBMidkFVX3lxTFBQOTAyZ1hCMjVFUkNlSlVkbkFfVUt0c2xtVHNqbHFNUE00SnUtV2lXbXRHcVhoUEdIMnFGU2tVcThKdUdjY2tDR3NjNEd1YnhlcHZNazg4QU1tbWFhWTY2WjJucDhTMEFRQWhTOVlCRDlwRVd5VlE?oc=5,Statista,en,OPEC oil price,recent_middle_east_oil_risk,relevant,0,0,0,0,1
2026-04-13,"Oil Soars 7%, OPEC Cuts Demand Forecast As Trump Moves to Block Iran Ports - Crude Oil Prices Today | OilPrice.com",https://news.google.com/rss/articles/CBMixwFBVV95cUxPRnREd3oydFlvSFlmWFpPSnpoalVxcDBsOUxuUHktNFhHZWd1UnE3WnlqSTFVUlV2MUNRdVB6QkNsX2ZQOGRnaFAwRXlQRjRyWmNwX0t5MkVtTDBwTVpZUXVLOGRmYXNUQ01CTUtXbGplQW5rTktzYkMxZkE0dzRXYW12aktKZnFFZDNrNVVVYTd5VU9HZFd1QVJVd3d6bWxfNTQ5WnhZalo3a3lWeU9FblhTWUc2MkgyRXo0Z0w2WUZlQlRJZnNv0gHMAUFVX3lxTE5uSm4zajFJODhUSnJSMHlucHR2QWlmdVRtREZEU1BmMFVwLV9pakk4czJSVGF3SVVNX0NwTnB3eXpRajRIM3pJYUtKT2V4NlIyX05ZTUxkLTAzYXV1dnU3SlZvMWVXLUZsZlNFSEVrSWdobWNUS0NzZFZWUmQ3czZNRTh1U3ZiVWpUX2Q0ZmhSX1k3LXVGX1VGU2NXR2ZjUU9GTGxQUkpLbnlaalZ2LWZvV2xZdXoyZDZQQnV5MzNQRUZjZEJyckRNYkFUcg?oc=5,Crude Oil Prices Today | OilPrice.com,en,OPEC oil price,recent_middle_east_oil_risk,relevant,5,5,1,0,0
2026-04-14,Oil prices continue to fall on hopes of new US-Iran peace talks - BBC,https://news.google.com/rss/articles/CBMiWkFVX3lxTFBaZm0yS0pIek5VdmExM0NxQ01WS01MaDE1dzNicDE3M013U1M2bFRJaTV1a3NjOURsbXRLWEdvQV9rWHpsRVRMWWdUMGdGS1BCUmRWQnRGbjRIQQ?oc=5,BBC,en,Iran oil price,recent_middle_east_oil_risk,relevant,2,-1,0,1,0
2026-04-16,"U.S. oil price plunges below $84 as Iran declares Strait of Hormuz open, easing supply fears - CNBC",https://news.google.com/rss/articles/CBMikgFBVV95cUxQU1pXclRGd3pwblR5dWptWWI0LWloeUxpWnVKdFVnTE9tcklpSEExXzJnYnl6aVZqeUlqa0c0SjJfZHZ6eGl1TFBQdEpGaUtMeGo3bG5OSmxKSFNKLWdlclZkNGJnSFJPUm5Dd1FBYmhqQ0dBYTYyeWRlb2s5cXZqQTVLR0NsYXRhNkNvdzk1Mzdvd9IBlwFBVV95cUxNN0dTdndfMTVmcnU3RXVFcXhlVmoxZkNQcmlBeVYtWGE2YWV0aWtqU2lJSm9VbkY2WWZBSzBUUmRnSzRrNHBfNUV1NWJOUDN0U2IxenUwSHNsNi1UMEhoLUJ0VFltcUxFTnBla1k5Uk4zQ0E3Y0Y3dEtucmVaQ1hTRUN3MDRTWnpqd2R4Nk1hRXlJX0M4XzFj?oc=5,CNBC,en,Iran oil price,recent_middle_east_oil_risk,relevant,5,5,1,0,0
2026-04-17,Oil prices plunge as Iran says Strait of Hormuz 'open' during ceasefire - BBC,https://news.google.com/rss/articles/CBMiWkFVX3lxTE5lcGI2VEVhSWFzLWZ1UExlN2JqWjBvQ3ZCLWc1WDBYNG5NMWFPZlZfT0hFcnNfVTF6dHk3NmtuSGQ0a19uVnRMSENZdk1vQ3h3REFKSFlaOXhpQQ?oc=5,BBC,en,Iran oil price,recent_middle_east_oil_risk,relevant,5,5,1,0,0
2026-04-17,"Average gasoline price tops 2,000 won per liter for 1st time in 3 yrs, 9 months - Yonhap News Agency",https://news.google.com/rss/articles/CBMiWkFVX3lxTE1IWmg5RkpQekU3Um56eGg3dFU5a0FZWlF5M01xR0c5bU1tbW1uWERrOFRRT1JsUThJa3NYRW5iM29tV1lia3ZRX0NaN19sZEtCR2xYM0M0MUt3Zw?oc=5,Yonhap News Agency,en,Korea gasoline price,recent_middle_east_oil_risk,relevant,0,0,0,0,1
2026-04-17,Middle East Oil Output May Take Two Years to Recover - Crude Oil Prices Today | OilPrice.com,https://news.google.com/rss/articles/CBMirAFBVV95cUxQVklCa2FSTlZ0amc2RWlNaWctUXhSNV9xeFBDbjVuWktrWVduTVRjeVc2SHhiTTlMNUN2ekpfcFVsTWFhbVF2OXNqVXZHWUR2VHlrLVFwaWpLbDczal9sb3kxZXlwR3dkUV9iNXhNYVN1dWlVd0lVNFlNZzdyRlJJRFlNMEZJaW9neS1ScEN4Q1hybmp6TjdNLWZGSS1uMU5mMm1NeXlMUTVvTEFE0gGyAUFVX3lxTE12Zk1VOTRzOG1mek9uU2d5UVd3X3h3VmhGaWItVUpaN2U4ZGpGdFUyV3c1NHB2ZzI1eTY4OHNyY1hNNTAyQ0oyamxKWGVQR0c1aUFwdTNibTJDVzlvVTd4RXptYm0wSXN6NFhUMkhveFU1eEJVbTFPcU95R3JIV1VJN3AzMjRFX1hTWWlTcFhWTmZib0QteE1YY2ZWRElQc21zS3VqWDhsTUNGZzZWajE0M0E?oc=5,Crude Oil Prices Today | OilPrice.com,en,Middle East oil price,recent_middle_east_oil_risk,relevant,2,2,1,0,0
2026-04-17,Oil Prices Fall Sharply After Iran Says Strait of Hormuz Is Open - The New York Times,https://news.google.com/rss/articles/CBMilAFBVV95cUxNeVMyTTdZNDN4eXdGQWRoellKcTJETkRERzNTd3hrdjViOExfWVRhd2NOSmhJRE03Z3pkWWZxakxacGo5YjFQcmZ0cXk3TU1JOHEweVBHLV9qUEhtSnFocWYtbmc1bzU5U3dVRkQyZzRXRmZGVzRSYmZTU01aSkl3TmpkYlhYRnEycVV0eWhSSXVXd3ZP?oc=5,The New York Times,en,Strait of Hormuz oil,recent_middle_east_oil_risk,relevant,5,2,1,0,0
2026-04-17,Explainer: What is the Strait of Hormuz and why is it so critical to the world? - Reuters,https://news.google.com/rss/articles/CBMipAFBVV95cUxQT205YkczUGpuYzNueEFzM0toY1ViZ2pOX0ZJTGtwb0p3Y0dlY1lURHlzVlAzWEx3U2pOWkU0UExtcHh4ZEswdUxaVG1Md2MzVDR1b0NlS09Kb2dRcG1yTDJQZFY0Z21mRDc2eTh5S1RUeGhyck1vMDhxeWthM2NaSkpWM1NqNzJ0TVJTWG9pRkFtRjY2blFoeVR4WnR3cVFOdDVvMg?oc=5,Reuters,en,Strait of Hormuz oil,recent_middle_east_oil_risk,relevant,3,3,1,0,0
2026-04-17,Oil prices plunge 11% after Iran says Strait of Hormuz is open for commercial vessels - nbcnews.com,https://news.google.com/rss/articles/CBMipAFBVV95cUxQXzNHbVVJY1N3T0F0cHd0M2QtM3c3bmJ2d25naGc0NUhZamp3b19qckFiZDhaMVNzeGJrNVVLV19zckNiQzZSaS1tTWwyUmw2WTlGMHdZOG5JSUE2NzNRUU1xX0IxcDhDbGNMZEt6d2tfdFdpcmRPRFlhSHVkMkNVLTI0SzZ2aVI1VzgtNGpQV2R0ZjRJbG9wQ29YX1lDS01pb0ZEYg?oc=5,nbcnews.com,en,Strait of Hormuz oil,recent_middle_east_oil_risk,relevant,5,5,1,0,0
2026-04-17,"Oil prices plummet after Iran says Strait of Hormuz is ""completely open"" - CBS News",https://news.google.com/rss/articles/CBMihgFBVV95cUxObkNyME9RczZGN3otSEtSSzE5TlI4ME9SeG84djhDcG5UcUZsTGNJV0ZHdEtxQWJuczFYOEV3RURaMGFEbTlNRk5ia2ZLb3lyWWlFa2NZd05mZ1lCejJoZkxtek1wTnRxQmdTOWxzMHBlUm5PUk9QR2djcV9oMjM0NFVlbWJEd9IBiwFBVV95cUxNN0E1a1RrbmJxdDd1M0l0QTA2WWpPVnlQZld5aGlwREVlMnVYX3p5R3FudXJUTkc2bktHUGd0eHlhZVFPNFFKT2VxUUh4cFI0TFI5Q1FVMngya0JSNGNTenZHZ1NYMjJvRlYxcU82R3E1a0IwemVyMmpRZXRWbjRISG50c05wRTU0RkVr?oc=5,CBS News,en,Strait of Hormuz oil,recent_middle_east_oil_risk,relevant,5,5,1,0,0
2026-04-18,"Gas Prices Hit 2,000 Won, Aviation Surcharge Quadruples - 조선일보",https://news.google.com/rss/articles/CBMiiAFBVV95cUxObDVlNnJabWxQbU1felNJZExfMkJsMW1ORjFtejFzSnQyR2ZYSFlJa21QNlUyVVVzMWRFczg5cXVMRzdGem5NV3lTSHo2ZXc3MkVTQXJOdHlEYnNrOHp4ZFhNaEdUbTBSMmJDUWNjVHJLdmhBcGU5b3R4ZUlobVYzV2NBLW14U01t?oc=5,조선일보,en,Korea gasoline price,recent_middle_east_oil_risk,relevant,0,0,0,0,1
2026-04-18,Reopening Strait of Hormuz Would Ease Oil Crisis but Only So Much - The New York Times,https://news.google.com/rss/articles/CBMiswFBVV95cUxOQTRrenJLclRIY285Rk9XcU1LVFNrQ01vVkRjaVdLbEJUeHlnVDJuZGM0YW02ZjdaeFNxYlA2c3BLby1CQ185dmJ5dktHZTdFV3NqMEhyN1RjQi1menZ0SEhZdDc4cDRGaEh4aFkwSWxESlU0Ml9jVkZGczBxMVRJX1lNZjlPV2kzaEYtVUszZy1RZ1I2Qmx5YzRoZXp3VklWWWNYUS14NG1UNXJDTTFHWnVDVQ?oc=5,The New York Times,en,Strait of Hormuz oil,recent_middle_east_oil_risk,relevant,3,3,1,0,0
2026-04-19,Oil prices spike again following latest standoff in the Strait of Hormuz - PBS,https://news.google.com/rss/articles/CBMiqwFBVV95cUxNZUN5N2FhVDRtZU9yZkxoWHNMMkZNV0N5amhfUjVSYWsyUXE3N2owLVJvX3FYSVlwZEZ2RVk1V01hSHp4OGJrdkhaVnNIWHYzWHdfdnBtUFp0blJPM0JwUEFJanM3TU0ydlB5RmRrdU0tZmFaLXc0eWxKV1p4VGFPU08wV1lGLVU0eDRqbDY3OEdfcG4tLUN0Rm1TeGdsRm9iTFZIT3B5NWdfeXM?oc=5,PBS,en,Iran oil price,recent_middle_east_oil_risk,relevant,5,5,1,0,0
2026-04-19,Oil prices rise after Iran restricts access to Strait of Hormuz and ceasefire nears expiration - CNN,https://news.google.com/rss/articles/CBMia0FVX3lxTE4wVmxWWUNockJCcWhFdmhVQ1Z0TGZhVDhKTkIyN2d6eFdSN2ZYSmNRcklsWGhUbzVteVJYZDhFZndfWF90OTF0QzVvNXJqOHFYNFJGUV8yaGFZR2Frd2JLZGpxdV9qd2dHVjl3?oc=5,CNN,en,Iran oil price,recent_middle_east_oil_risk,relevant,5,7,1,0,0
2026-04-19,South Korea fuel prices rise for third straight week - upi.com,https://news.google.com/rss/articles/CBMimwFBVV95cUxQdTB1NnhMV1g1T0w0NFA2cEZteFJ6UTk0MG8wLVk2OE0yclh1Q3pIMFV1UXlqM0c5X1VNbDRXVGllYWQyb2tZQ2lraXN1SXBBbkNwVFQ5TTN4dG9NTHdudFhHX2pHN3hjN3dtZy11X3pSQTZOdUZVelRXVldwS0pUT3gtdzVjclhNSjdfVzZwM0wwTFBpencybE1kRdIBoAFBVV95cUxNeFJ1SE4wcjEyZkgzNlFIZU8tblp5MDZLZFJ4R2k2MnN6TGJianhNSWV5aWc1SFdwalV5a2RNSnVLV2d0S1o0M1RtZ2liV3h5ZVZzNXZuRHZCTlFVYUtVT0hGQkhfeEdCaHVYdmtlQ0FzWkJ1cVltWlpfZFJHM2hCdE9fYnEybHBPVmQ4VlVBWEtMRjZDU3Q1b0ZzX0hMdi02?oc=5,upi.com,en,Korea gasoline price,recent_middle_east_oil_risk,relevant,0,2,1,0,0
2026-04-19,Middle East Oil Pricing Is Cracking Under Pressure - Crude Oil Prices Today | OilPrice.com,https://news.google.com/rss/articles/CBMimgFBVV95cUxNcFFSRVJoS3VhUUpwZ056UWRoQmVHZWJXbHBkV1AyRXpzMEk5dWZxMTFjVE9rOUMxYmxBal9lSHpfS291X2JVWWpTMk11a1kwTGJSSWVxN0xuRllMQlRBUTBHZnN0ZGlvcVlCVXpielJmc3E1WnJBUXRxT1E3QkxBSzJEcHBsZVpERjVTODZhY1lVckxaX0tteG1n0gGfAUFVX3lxTFA0V2NHUjBSRW5LNFk3RkVDTWtwbEFGQ09FT0x2enFVSXU4M2I5NGhmb3BEbGhpSmVHdDlMT3dBeC05anFIeHp5Z1d1NlRiVE15QjRKSG5zMWhZUVc3VEQ3d2ZQLVZDc0hoVnJGWk0zcVBsbEFjVkkyNzV5Mi01aHkxLVZvRl9NLVkxLUR1ZDBtTXlyVXhRNkcxSVRBMkZvdw?oc=5,Crude Oil Prices Today | OilPrice.com,en,Middle East oil price,recent_middle_east_oil_risk,relevant,2,2,1,0,0
2026-04-19,Middle East Oil Pricing Is Cracking Under Pressure - Yahoo Finance,https://news.google.com/rss/articles/CBMingFBVV95cUxQX205S1Rwd05BQmM1eGJHTk10dTBreXB3WGlKMHhRbW40QUEtUlUyQkZSWFo4MjFBb1VTcGVZSU1XNjhiZWlJc1lTaXdOdk1hV05PVjZqNTRIXzQyQ1I1SkNZVGtpSU8yQTVjdjhWS0FMTEhuT0tMQW1WSWVWOG1ZdVpBWExSTEwtWERpQVo2aGdIWkFnaWk0VE1YMUNkZw?oc=5,Yahoo Finance,en,Middle East oil price,recent_middle_east_oil_risk,relevant,2,2,1,0,0
2026-04-19,Oil prices jump after Strait of Hormuz setbacks - Axios,https://news.google.com/rss/articles/CBMiiAFBVV95cUxPanF4a3BkUkhIQ0I0cDE4MkJqaEk0YXAtUW1oX0pPcGlZUEZnWDAzMll3UVR2eUZ5ZTBCUHI2VC13N3J4dnNrdFdiT2poUjREZnlYSmFpclZkZDB3ZlM4YkEzWXlVT0JkN2E5cU1IYzVMYzdWd1QwdFVWbE1TcEZvOWtVdGs1ZGtL?oc=5,Axios,en,Strait of Hormuz oil,recent_middle_east_oil_risk,relevant,3,3,1,0,0
2026-04-20,Oil prices rise and stocks give back part of record-breaking rally following latest Iran tensions - PBS,https://news.google.com/rss/articles/CBMizgFBVV95cUxOMXJ2M1pvSFZLQ1lCZmR2Y1hfazVUUFNXcV9vUHdwYmFlTGRHNE9UeXBYZk5CNXItcUlBTkRxN0lQTDhqY2lNWEN3MExYUUpjS1RvTVVZRmNOTnMteGdDQUZDMUxSaW91OGFwVGxBaEM2X0lHUEp2QWo0dDZodmpKRnFlWGdiQ1o4TE9XLVdoSEQ3bnRfMGhTZW9NZzBCZG5LWWc0V2hmUEozVGdHMEV6eU8xOHpSZW1qVUlrUFBhak4yUTBuUnd5SnAzckx5UQ?oc=5,PBS,en,Iran oil price,recent_middle_east_oil_risk,relevant,2,4,1,0,0
2026-04-20,Oil prices rise after Trump says Iranian ship seized - BBC,https://news.google.com/rss/articles/CBMiWkFVX3lxTE8yR2laSVRwLW45ZkMyS3VXdmFMc1Z4cVBrclZjZkprdEVsYlMxMURWcW1fWUIycGR3QjQtTTRoZVBrUzBRMUdIQXJROVZsTjNzVDVmYlVQMVVidw?oc=5,BBC,en,Iran oil price,recent_middle_east_oil_risk,relevant,2,4,1,0,0
2026-04-20,OP-ED: South Korea fuel cap distorts a market under strain - upi.com,https://news.google.com/rss/articles/CBMiiwFBVV95cUxQcnJmWi1RR28yYm40bXFxSV9PMFgzTzZVOGlyMEF1ZWpyc3JWZlhMWHRKa0c2TEEzNkZacUVoUXQ4UEFmeGhKRDM2UXdSRVljWGp6WXBJVURVVGpGazJmMHhEdnF0RTF0V3VGaURPcWlITWFRVnprWjdhbzR0OGtqcHpkZXY5YVZ0ak1F0gGQAUFVX3lxTE9VbjNwQzhndEhVd0ZTYjk2WXM5UF9mVXlWTXlqcWVEMmo0ZzNoeFROdnN5bkZDRW1Vd2dBRGRzWGFoS01aMlNjc3dwV1RQVXFkcXJIU0hPYXZrYWpjVHRnai1Lb0duRXF0OVBEdndoZEVDZXJvOUxDX2pQSVRpNllINlBsSkZEYU42bXJMalhoZA?oc=5,upi.com,en,Korea gasoline price,recent_middle_east_oil_risk,relevant,0,0,0,0,1
2026-04-20,Crude Oil Prices Jump as Middle East Tensions Escalate - Yahoo Finance,https://news.google.com/rss/articles/CBMimAFBVV95cUxPZ0wyT2pGTTJlVk5SSlo5YzNWOXBMTl9vRm4yUDR2Yk1veFQ3bllSSGJrVFJxOTZiT2JfVldyZ2JJVHk2V2JVQVdkZk82a3JJX2pSYTBiTVpmdDRleGd4YlhYX0tPbEFLY3gxNkg4TlVDMGtYdnBaTkY3X2JYYlBNRWlSWkdUVnhEeUFRbjItNWZNc1hFUGZWRg?oc=5,Yahoo Finance,en,Middle East oil price,recent_middle_east_oil_risk,relevant,2,2,1,0,0
2026-04-20,Oil prices jump amid renewed tensions over the Strait of Hormuz - nbcnews.com,https://news.google.com/rss/articles/CBMinwFBVV95cUxQbGNIc09VeXBDZGhfVUNEd25aRl9tQ2RYcVhLYWJuNC00OXBwSWQteE9wWjQ2U1k3SG9rdTczUV9ibDhqMndvYk5xNGFJOU56QlJSR2V2Q1BJODRYemhLNF9OZEtxVXJ6Z1FQZDM2TDNHeXhNZkpzZTExU19TY3phLUFBWnRWcktsV1JUMm92NnEzZERnWk42QzBMV21QRTA?oc=5,nbcnews.com,en,Strait of Hormuz oil,recent_middle_east_oil_risk,relevant,3,3,1,0,0
2026-04-20,"Oil surges back up as Iran says Strait of Hormuz is closed, US Navy seizes Iranian vessel - Yahoo Finance",https://news.google.com/rss/articles/CBMizwFBVV95cUxOV2pFUUNyTnQwZFd1UTlMMy1IVXJCaDZSTVJTTXNFWW5Zdk5vclkwYTZrNXRCWHlrcXVFS244Tks2R0JRcWdrRzJGS0djdGFLd0FoQm9UV0Vsc25jZkRnOVM1azlfb0xKS1F5YTRWVVFUZXBoNC1CbHhkS19iLWtBYTJMa2VLSTFxVGdZYzM1VzBMS0hwcm5uRmVYRHlLUXJKMnN5VUdmZjJlREsyUzZINFFFOXljV3BkZWZNaHZiaWo0N0IyUWExYWR6NE5EdlU?oc=5,Yahoo Finance,en,Strait of Hormuz oil,recent_middle_east_oil_risk,relevant,5,8,1,0,0
2026-04-21,"Brent oil rises above $100 after Iran seizes container ships, U.S. maintains naval blockade - CNBC",https://news.google.com/rss/articles/CBMinAFBVV95cUxPTENqdl9zMzR6dkctaTdnMFlfQXc0eGJoTkZmVkRwQzRJNjJHdXpQRGV0ZS1NRFcxblI4cHV2cUVXS2c1a2lweUNZdXEzYkduaFlCd3Z2R2xrRkt4TU5JMU9FRGhmOENFVjJYRnRJQ3RCSzdNb1QzeU9JUnp1T25uS3RNdGJJbEdIWHdEN3JfNllWTFlaTnhreHJWZWnSAaIBQVVfeXFMUGRSbWx6Z3FWSDJLb2trVGx5WHZ4TnFWblU2RlM1WWgyRnFNSE96OFRhZ0g2UGpLWkFWZzlHUWo0WW5PcmFLRktvN0Q1ZEUxbDBKYmFjRl85Vk5ONVNxUDJKNk9SelRqcUpENk9Banl4ZGNIX0tUek5qXzVTREZkSkVaNVlsTm9uaWRGdlNrMmx3ZnZlZmVJOV93T2tkeDFBdkxn?oc=5,CNBC,en,Iran oil price,recent_middle_east_oil_risk,relevant,2,6,1,0,0
2026-04-21,A timeline of how the Iran war shook oil prices — and what comes next - CNBC,https://news.google.com/rss/articles/CBMidkFVX3lxTFBBbnpEbzVRZ0w5Vnc5d1MzX3BhNmttLWpqbVQwMzBQWlJRUXdKbU0tZzQ4Q0R2VU8yMll2N0l4TG9UdnVvRUs3VFZjTy01MjRHX3dfcnVyLTFEWkpBWXN6WUJTUTRBLWtaV2xXYnlOQUxZMGZTNFHSAXtBVV95cUxOZmg5TXoybVJhcUdpUldDZ25ldHBYdjN0UFdua3REWnk4SzNRQmlhVVlaNUZLVVlSYlQwRGNYRDNfNUw1UHVHNGZTdUhQY1dCTzdvdXlJdGtFa1QxSXVqcXRNbnFfNDludDF5cE9QelprTGpUcU5qRDZSeUU?oc=5,CNBC,en,Middle East oil price,recent_middle_east_oil_risk,relevant,7,7,1,0,0
2026-04-21,The Strait of Hormuz closure forces a choice: Ration oil now or pay a steep price later - Atlantic Council,https://news.google.com/rss/articles/CBMiygFBVV95cUxNTnNrSl9TeFRzeHRoUG1BLV9mNjRZajRqNUtKZlVLaEJYVG1pYThZYjJ6dU1ITVpSNnRMR1AwdmotOXlPTV8ydVk1bHlnYVZvWkhicFJNME9fdE5EVDZGajEzaURhcTlKcDhOSTg4TU9sT0FPelVFZ3F2MWhzQ2tUMjlFYzJYQUhmS1VJdjhlbmZTT1k3a1ZBZERkZlRWX19YODZ2WDV1M3ItVENERy1uNUlnS29WeW13SWk0Ukp5dV9ic1BjeVdkc2FR?oc=5,Atlantic Council,en,Strait of Hormuz oil,recent_middle_east_oil_risk,relevant,3,3,1,0,0
2026-04-21,"Open or Shut, the Strait of Hormuz May Not Go Back to Normal - The New York Times",https://news.google.com/rss/articles/CBMingFBVV95cUxNdVpyWlNQSFMzeUViZDhkYWRYcTFzTmJ5ZEhxZG50a29MbVlicVFQUUVjQVQ2SkhVQmN4clVldElKd0ZPb3Azb3ZCc21VSERuNzg1LWN0VGpJN0RZQkFnRm1yRmFYdnE4eElVRlN6UkZoTVBKalhlQmdFbEFyemdNQ1dlYURRdWZ5c3U4SlJvOXc1ZGdrY0hmTnRvcGxnUQ?oc=5,The New York Times,en,Strait of Hormuz oil,recent_middle_east_oil_risk,relevant,3,3,1,0,0
2026-04-22,Fuel price cap system lowered consumer prices by up to 0.8 percentage points in March: report - The Korea Times,https://news.google.com/rss/articles/CBMi0wFBVV95cUxOOEJEalRXUDZLRTltV1hvMkZYN1IzWnZTTjRYUmhyQWRHclEwdkZ6WGZ5TnlDV1ZYUVI3SHM3N0hUWFdfRDRDd1dHYkdDdjJmckpFVXRzdF9VRG9qdWpkdjZkR1g2b0V2OVA2c2pUdFczbTF4QWcybGZRVEhrd3kxR2VocVgyYk9sYjFkdEpWREZEMHBXOTVZX0NZbGZwZ0c2UmlUZTloYWRzd1NwWm5paXZWR1c5TUhjVGtIUjA4NGh6RlNkdFYyUlBILVZvUWdtdHBr0gHYAUFVX3lxTFBQVFlDWVpqUlU1T2NZOXJwd3ZjaGRWS3FiRjJSYWI1ZHFMZ1JTczJQYk5XbnlwRFhOLXF0em0yRnA5R2dXOU12dUJKS2c0UjUxQk13S2gtOWpQN016QzlhTlNIdkJRbGNqUDZpNzhyaWs3NVpyVjE2cmhrMWtWeUx3NE1za0VjTVU4Wmxaa0l2RV9jb0hvZV9yVWlnZFJmTUw4UlBOMGZ6NmMyT2xCMWtjOGJXemxhM1dBRW1VME5EaDl5YXdpRnZPT050UEc3NFIwSmFEdjhObA?oc=5,The Korea Times,en,Korea gasoline price,recent_middle_east_oil_risk,relevant,0,-4,0,1,0
2026-04-22,Oil Futures Rise As Strait of Hormuz Stays Closed - WSJ,https://news.google.com/rss/articles/CBMirwFBVV95cUxNU3NFanU4cVZFYlZfYWZwMXhaQktPRm9MVmxWNjREck1ZMU1tZ3JRMzZieG96ZmlTWU1xYTJHZjRneHdBSk9EcnBvbThZSHowcnI0UTQyTFBWRkdOcG04SW5KQ0ZnMm1SUEF1bFFTRzBJVGZPZ1dUQWNRWDhrWmZKZC10RVkya3pIYTQxYkZQRVBxeUNXNmxleEtpVURJSlk5TDloYm5LNVQ1MjgzQmNr?oc=5,WSJ,en,Strait of Hormuz oil,recent_middle_east_oil_risk,relevant,3,5,1,0,0
2026-04-23,"Brent oil tops $105 as tensions simmer in Strait of Hormuz, Israel threatens attacks - CNBC",https://news.google.com/rss/articles/CBMieEFVX3lxTE9vdWMwejlaaUhEZ0VvZ1Nlc0FocXZfZFlzVTVVQ210ZEQyWUlSbTk2UzdWV0NuTXFDTjUtb0wyVmgtUGtvQng4R0ZXZGM4VFBHc3dSLWN1WXpUODUzajFfRnpMSXhwcmRWTVlxYkxZQTY4ZnZDSG9jatIBfkFVX3lxTFAySGhUd29hbkVJSEwxQ3gtRmsyeXNqdEhvbVdKMDdRanFFS2JoX2UyUVN2MXJkLXBNbnJkR0hIaGFENDlVcUYyYXdqSGt1enVDTUsxQmw2U0dibkVmdU54cHpaYkRhX1FsM043UEI1QUVneVB4VUx0VnZyVWJ0Zw?oc=5,CNBC,en,Iran oil price,recent_middle_east_oil_risk,relevant,5,5,1,0,0
2026-04-23,"Korea's fuel price cap shields consumers, but someone has to pay - Korea JoongAng Daily",https://news.google.com/rss/articles/CBMi5wFBVV95cUxPUXpReURDU1VWZ3ZIU01SMDB0YUN5dUt0RXRxRlNrSmZ4M1FzZTlkM3ZTRVZLN0p6dV93WVNDWVJNaUhnQUtMMHRiUnVESlFMeWhuWl9Obm9VRS1tRVZzMkdXa1l2S3pEQXBJZlRkU1pJY1J2eDk2NkVianNRLWgxRXEwQVRoTlBGLXR2bWF4bDJXR1dzVko0WXVrQmdXTVhDM3dEcjNMZGp4X3o5OTFweUFaOFQ4MEVuQUxQSEZjNlNFNlZNcURwQlNSZWFZVnd1SEhCYWlhUGdZcE5ib0tMWjZSazZESkU?oc=5,Korea JoongAng Daily,en,Korea gasoline price,recent_middle_east_oil_risk,relevant,0,-2,0,1,0
2026-04-23,"As energy shock continues, will more countries turn to price caps on gas? - marketplace.org",https://news.google.com/rss/articles/CBMiqAFBVV95cUxQbjZ4MlhvRmk0Ti0zbWR0aUQzYlJkNGxpLUZ1dHZRdnVaMm5nMXhaSzdSQmg2VGdpV1BpajhTV0VkenkzOUFpakVzdExLY2pHT01lNjJuX0kxS2d0OG1nNWlmTHg3ekZNQUV4X09fMTRuLXFERDQ3TjNkMlpWNWNXZHlRcVpycURXaGpNT2VXQ2tFZHE5MHhQWjJPZFEwQURic3k3dTBVWVI?oc=5,marketplace.org,en,Korea gasoline price,recent_middle_east_oil_risk,relevant,0,-2,0,1,0
2026-04-23,Korea freezes price caps on fuel products for another 2 weeks - The Korea Times,https://news.google.com/rss/articles/CBMitAFBVV95cUxPSG1VMEF2aUtGOEx6MVlSNG1RRHhvaTVDZE9VbGd5SlJqcVRCQW1ZOGpjLTlzdVdrTGQ3M0VrSUJ5MzI1YzVBN2ZNdi1OVHJROHlidUFIR25WQi1UWDAyRWlwRFdkMWRiTHk2d3RLb3FwUjdFUjlwdVpmLUZ5cWRLdVBpMUE3U0Z3MFduWHotWDFqMHFwS0g0NkhkbkczbDlaMEhJaTFaTEhZM3I2RlF0bW1HX3nSAboBQVVfeXFMTWlsblBtSVFaZ2NCak9aamJpWVFaSmlqbV81TzZoaWwzSG0yLTZRVjZSN0tpbXpMV0EzSFMzY3UzUWVPN3hfSU9hLVl2YnJVX2s4dEZUanNOME5Tb2hnVzItYk04Nno5WHlHOExEcVJVMkRnWFRSdjhVZm50aXM0VDhXR2xrWDhUOWJoZ1F1MGhIMm1JS3o5aE9NTS1XOU5DYnRuZGstTEFxVmhJR182T3RybjNScGJIcEJB?oc=5,The Korea Times,en,Korea gasoline price,recent_middle_east_oil_risk,relevant,0,-2,0,1,0
2026-04-23,Oil Futures Rise As Middle East Jitters Pick Up - WSJ,https://news.google.com/rss/articles/CBMiwwFBVV95cUxOWExPQy1qbXdEcDJTUlltTTFpd2xIbHktUDY3LUlsQjR2NjhWRENhdUlpMVNZQ3Q4eDUtTmxxS1htSnJrY1gyMDVhSGFucWw1cHV5Vm1KNmFoUW9IVWsxeU0tWW40ZF9pdXdtWkVKaVR1YWdDVVktWXJoRl9ZRUtCMFp6dzNWbVE3Z1d5Sk4xdEhIYmRsemJTNy0xeVBtaG1Ya3dXWHR2eHZQUGtvVWI0SmFsanljNERwS2xDR2h0cFhSN3c?oc=5,WSJ,en,Middle East oil price,recent_middle_east_oil_risk,relevant,2,4,1,0,0
2026-04-23,Oil exporters scramble for routes beyond Hormuz — but there are no easy options - CNBC,https://news.google.com/rss/articles/CBMiqwFBVV95cUxPMzBEaVhqaER0aWxjWXpuVTJiOW1wbjE4THJoaDBOUmpXRURaX3BQbm9sTmpwX21lS3pJcGszMkx4SFVFREQ3THNFaEJabGphbmNvVmNITnViLU1UeWxKV2c2OFctSlBVdHUyZnNpOTBNTElJRjcwRTNWZkpPMVNGZGJsYzNpcFY2dnlPLVI5bW1xYk1EQ0FFYnc3OEdTUk80ZUhzYTBuZXI3SnPSAbABQVVfeXFMTWJsWGhFUXB5QlR2SGNKOEI4NEw4Wk94ckJJVjZITXF1S3huYVVyWVJ2QlRTSGNORTM2YlBLV083VlFOSHJCVHBuNnNlU1FkQU4zT2daSFJ5RGZUWUNkSnh0b1pzWDg1N3dxM2FOb3hYdVB2QVpSWTRuaWhJZUMwc3Y5SVVkR0pZYmdfSkstaWQ0d3ZVY0xxTlZibkVDc1FMOGxxenBOdzRKeGFNem95SmE?oc=5,CNBC,en,Strait of Hormuz oil,recent_middle_east_oil_risk,relevant,3,3,1,0,0
2026-04-26,"Oil prices increase after Iran doubles down on Strait of Hormuz closure, accuses US of undermining trust - CNN",https://news.google.com/rss/articles/CBMifkFVX3lxTFBwY3ItcXg5dExFTTRKNFg1QWVYLUxYcG0yMWJUZFlBaThDOGljcllKeUZXYTVSN1dGUjM4RGdNWGtibTdJcDROYU9lRWFSWnM5X3hFOXFpSnphdXFHak5HektvT0R2MlRoWkpiaENiYkFyV1d2TGpqRjhNTkNtdw?oc=5,CNN,en,Strait of Hormuz oil,recent_middle_east_oil_risk,relevant,5,5,1,0,0
2026-04-27,Retail Gasoline Prices Rise Despite Government Wholesale Freeze - 조선일보,https://news.google.com/rss/articles/CBMijgFBVV95cUxQSXVaVjNKVThScU9jTjdud0pUdkhMSFZoWVFOZTR4WGNjc2g4VUw1QUFrRnFsdUI4SHJuUURybWloWGp1el8zb2trckNpTzJKRFZHQWFjQXZJUUYtZmRQNXpFMkd2Nkt2MVdPRHBpWUw0ckZRNWtWb29odm1ZOVp0WW9JakMyZG1OT3liTTNn?oc=5,조선일보,en,Korea gasoline price,recent_middle_east_oil_risk,relevant,0,2,1,0,0
2026-04-28,Middle East War to Spark Biggest Energy Price Surge in Four Years - World Bank Group,https://news.google.com/rss/articles/CBMirgFBVV95cUxQcXZYeGQyQUkxX2hIR2VGTEVDSngzZE1NR2ljaHJSWjFGdTZjUWxxOHhIeHJmWlF6RkdwcnR2RjJnRWxkdnNUWW5CUV9qMnJnY3dsRXFCa3B0VjlVdlhDU01XVnFhbzYtcjdTcy1jNzljT2o3OUlrOUZwVllYdmdEMTlNTzVpdXhQbWtlTWZjX3FoTTM4eGtERGZLbmRJRkZ1dWY5SnhMNGhmRnlFQXc?oc=5,World Bank Group,en,Middle East oil price,recent_middle_east_oil_risk,relevant,5,8,1,0,0
2026-04-28,"While the Middle East Rebuilds, A New Energy Bloc Rises Under U.S. Direction - Crude Oil Prices Today | OilPrice.com",https://news.google.com/rss/articles/CBMitwFBVV95cUxOZU53RzhHZXg2cjZhd3NiZEJoSmpIUlVhWGt1a1J0QUFJY1I2N2t4TkhxUVZtWWxTQjRzQTN3ZTk1V0dGQ3dmZWdZQWJNNFE2VjJ0QXdKS3R4Uzd6VUFXSUFqaEI3a3FBcXEzbGoya3BiSmFuVk9KMVFIQU5QZGZFNEVzM2VfUEpwWTYzR19LWl9PYnVsa1ZyRGJNcFAzZll3Qk03ajNyeE02U1ZUd2tvck1IM1BpZlHSAbwBQVVfeXFMTlZ6bmFEcWlVU01EYUNKQWQ5c0djOXY5aGlCMlBTMkQzcEJvQVctc3NueW13c0UzYjdOcHpzSnZoWVFGUlRLakVWNl9LOE83ZVFiLVNpcExCSXgxeG5neHhyQ1RQWS1oMXdRWllnMno1dWxRRVFDdV95bTBJaFViTm5wR0RQdFFJeEFtZW1RM1JMUmQ2THA4Sm1pUU95UHV5ZnBOU291eUMwWmdlcFRnUUtpTXBxa1B1aDFqSWg?oc=5,Crude Oil Prices Today | OilPrice.com,en,Middle East oil price,recent_middle_east_oil_risk,relevant,2,6,1,0,0
2026-04-28,The UAE’s departure from OPEC shakes up the alliance that influences oil prices worldwide - AP News,https://news.google.com/rss/articles/CBMihgFBVV95cUxPd3JfTWY5RlYtRk1lbVJ5ZmxXNmxJS1ZuUEU4OUZ1NkZEa3dxcTBZQ2JmOVU1Wm54LXFrQXU2d0ItZ1VUYnRsSXFQS1JuYm5wajhmcjFKdURjZ0JpY2x2Zzd6cVVpeERvVFF6SldpNGREZkFkbXJ1TE0zcnRoZHgwUE5BdThrUQ?oc=5,AP News,en,OPEC oil price,recent_middle_east_oil_risk,relevant,0,0,0,0,1
2026-04-28,"What Is OPEC, and How Does It Operate? - The New York Times",https://news.google.com/rss/articles/CBMie0FVX3lxTE13QV9RU1c5NHNGZExJN2cxUlpRRHZDcEI4aVR3c1VCc2diZTlZT2dDTEhVNXNjMGlwOHphVzJDM25xYVdEQjJTV1ZaYU1lX29pVURsTmsyd3ZPNVZtMXlkelQyVVFCY3lqUjFWeS15TW8zMHdyN3MtcHlkaw?oc=5,The New York Times,en,OPEC oil price,recent_middle_east_oil_risk,relevant,0,0,0,0,1
2026-04-28,Oil Spikes Above $110 on Iran War Escalation and UAE OPEC Shock Exit - Crude Oil Prices Today | OilPrice.com,https://news.google.com/rss/articles/CBMitgFBVV95cUxNaDZvU203T2VGbUhWOHVZXzJBQnhkSldJcEh2RUJ2RlFWN0xva0lROW1aXzdaZURSN3V2N1NLMkZuM29RbXpvVW9BSFJLLTVXM19UMWg5dW1JMjlBcURoVEc3bWJETjl0MVl6VUwxaGcwdnU3THZvcnEyMU5FU0pjUmhOV1g0LTZJajZTQlNyd3Bta3VJOU9MMUFxeFprYks2T0hLelQwS3Boc1JUZDRJMnJCQ09Id9IBuwFBVV95cUxOOHpWVmtyelRXZWtQaElZdTFHNHpPNWlCN1N6MWZ0aXNPOFNfV1h0Q21NRWFtQ2tWemtYdjlTazVTaXBMMWdvcnROcWFQUzYtYU9xQVVyNm1qOEFPVF9XSTlpWkVqWURveTZ0YUdPZnhLckVUYXBQT251OEZmSUhEdl9pVWQxX05aNTZmcXVqT25EeWdoRDlZb214YXJWa0J6ZVZlWGJLWVJiaEk3aGd4VWtST0RsS050cWl3?oc=5,Crude Oil Prices Today | OilPrice.com,en,OPEC oil price,recent_middle_east_oil_risk,relevant,5,5,1,0,0
2026-04-28,OPEC shake-up throws oil prices major curveball - thestreet.com,https://news.google.com/rss/articles/CBMiiAFBVV95cUxQbF82Z3ZuZmZnOWpKWmotcV82SnlWSmNVSVJJOFVuZzJzdFRPLWtJOFFyNlNMQlJIakcwSktCdlc0ajF2TEtSNEVkbzAwVDZSUF81NjZCMnV4ZEVNTlBxMXZQT0stOTVSZzA0TjZsVVl6TVhkSjA1Sm9KeUFTLWFud0F6LUF4akRD?oc=5,thestreet.com,en,OPEC oil price,recent_middle_east_oil_risk,relevant,0,0,0,0,1
2026-04-28,United Arab Emirates Says It Will Leave OPEC in Blow to Oil Cartel - The New York Times,https://news.google.com/rss/articles/CBMic0FVX3lxTE4yQzVCOGlNUFlhVWJRVUVkeEprQ1p6ZmtENnI0SnBPMTFOVnFYT2RJTy1LSkNYYjVVb1RwZWJfOXZGT1ltdHNWQ0plSDFfeGwzUVZhczRiLXJ0RE9YWDFjRDlQT1locnZLcHM5ZTlIYWpFWUk?oc=5,The New York Times,en,OPEC oil price,recent_middle_east_oil_risk,relevant,0,0,0,0,1
2026-04-28,How the UAE's departure from OPEC could impact oil markets - PBS,https://news.google.com/rss/articles/CBMipwFBVV95cUxPY2pMcW5keGRwRHEwTE9mLVhFMUdyUlp2Vzl1REtpY3NfcklkNHVheGFUQ1dyeTR5V0RvNWJocTZhN080T09FUXNVOHpzQUMxRTk2c2J0REE4bHd3bS1oZS1FVG85WWE2Sk51NGVBYmZxV0pfdkpvTjVoUHZKMDJLUDBSUDZuQ2JjMzRoTkszSGhkdnRhR2lkSGR1RzBaZ2FGQlhtOWw0OA?oc=5,PBS,en,OPEC oil price,recent_middle_east_oil_risk,relevant,0,0,0,0,1
2026-04-28,UAE’s Exit from OPEC Will Have Long-Term Influence on Global Oil Prices - Morningstar,https://news.google.com/rss/articles/CBMiqgFBVV95cUxOX1hlNGpNMy1IcnFzOVRnV2lOZDNXX3B6Z2xUUlBYUkZtMElRd01zQVRSQ0tCWHBQYkg5blp0UTRia19Hb3g5TzB4MFZCdGF1dUdtWlVlSnVPVnZpSXlPTEdsY3dZakJuTTdQTlg2SkdBVzcxQnBSVXRDOHQ2dUEtV3dDZDFNUDVfQkY0d1Y1eUtaemRreFhZUmM3R25kVDNQR0Q5eFF1NDhUUQ?oc=5,Morningstar,en,OPEC oil price,recent_middle_east_oil_risk,relevant,0,0,0,0,1
2026-04-29,Oil price rises above $120 after reports of 'extended' Iran blockade - BBC,https://news.google.com/rss/articles/CBMiWkFVX3lxTE53aEJrRTBraHBRbGY5MndDTUxWc1JJWnVKQnlWYmdKUmpCZ2JjbW9wNWxGeHlNTHhTM2d6cG5fbnJ4eTJCSTBVVllCMEJET1c4LWpld2lBZmFiQQ?oc=5,BBC,en,Iran oil price,recent_middle_east_oil_risk,relevant,2,6,1,0,0
2026-04-29,OP-ED: South Korea oil price cap risks market distortion - upi.com,https://news.google.com/rss/articles/CBMijgFBVV95cUxOWVV4eWR1R19KalJ0RTh4amxWQmZQbmxJMXlPY21nbm1nZTZJOTF5aVp5REt0a2VjcmNYMUdpTklHVFcwTjJfcGRqVnUydERHQTBlYmVHTWk2NzE5LUZUMkVXN292SDhkOXlraDRtaHVaM08tME1MZVZzemN3d2RKcEY5ZS1wN0YwODZjbUpn0gGTAUFVX3lxTE5WdHdRaWZPcVl0dmljOVZxMEc0TU9LRnJ4NklPU3ZOelZ6VnZtWmdYQVB5V2RUNkJvS2J4M3pwelRpekQzZDZRYjFiajNncjZXS3RvZnFkR01qdHA5UGNXRXQ4azlqU2t6VE1BODA3ME9jaWdPWXFPNXJ1aWRnQTItajdTTGl1dGJxWTQySFVJUWlxZw?oc=5,upi.com,en,Korea gasoline price,recent_middle_east_oil_risk,relevant,0,-2,0,1,0
2026-04-29,Oil Rallies Toward $120 As Middle East Supply Risks Spiral - Crude Oil Prices Today | OilPrice.com,https://news.google.com/rss/articles/CBMiogFBVV95cUxQU2ppZ284U3lMTExFOU9BZjZMTm5pbm11Q3docGN5NnJncFZqMnFwTUZISTZsUDUyTGJaVm5YemJnTjFnY1k5SkNSNWRYdWVjNnRtYWVqS0VqSW82cFp2Z0JRQkpOd01pbkhmWTlmenE1SVlHS2V5eXBmcVpRcGZNemk3ZVJzY0tsaTNYVllxeE9jc1pCamtBS2lTdjJTZVhWR1HSAacBQVVfeXFMT09jbGtJb3kzMVZDSUxva2hnU1lRWXNWN0s0UG02OEFPSWtqUldhYTBLTENaSnlOVkVBRkdKTjRLa182em5IS2VaaHZTOWdWU25XejJCQ0ZhRzh6cUJSMXdtS0RrWVZTSm1paXRRSzVScm9PS29fM3FmcnRkNjlDZUhlaVl6cXZMaFBlZlUxcWlGVThnRnMxM1lJOGFGNi1CMG9DaDNoSjA?oc=5,Crude Oil Prices Today | OilPrice.com,en,Middle East oil price,recent_middle_east_oil_risk,relevant,5,5,1,0,0
2026-04-29,Oil Futures Rise As Middle East Stalemate Drags On - WSJ,https://news.google.com/rss/articles/CBMixgFBVV95cUxOaGo5MlFGX0lNQllJb05LZERhTml1OWZhZjB2Q1R0bURKSlFaeGVscUlpcGZxcVBIbVNaanVId3loY0luRDRHajBWY2hFcDAwUm56OVVDdlo0dmN3eDd6eVJhNk9lbElfNWZreElFVmhic1RIY0dyc1NRYWdFSTFaUFZsZk1PM0RCbTZ5dEUwYnJJZlUyZ0J3YXhSbmw3ekZaSzVFYTR1b2hyWnRsN0VxUkZGb0xLSkg5bFhQR3FIbGlmaDU4WWc?oc=5,WSJ,en,Middle East oil price,recent_middle_east_oil_risk,relevant,2,4,1,0,0
2026-04-29,The UAE is leaving the OPEC oil cartel. Here's what that could mean for oil prices. - marketplace.org,https://news.google.com/rss/articles/CBMioAFBVV95cUxQaWR5bU96V1dOcnhqMENua2VxdHJsU1gzWFdYaEVzbG9rSkFKcTFVWGVBckJ1Q3JKWmxfazRRZ1h1Ri1IUlllVmt2aWoxWll1RnRESDJSVzgybVh1dXJZVXk1a0hLMHNucWFFb2ZmWkNfMmR5aGcydTg1OTV1bktjUG5KdmxlbUVIVlpvRlNxYm8tRjRXOVdJWFpDazlyN0lW?oc=5,marketplace.org,en,OPEC oil price,recent_middle_east_oil_risk,relevant,0,0,0,0,1
2026-04-29,The UAE is leaving the OPEC oil cartel. What could that mean for oil prices? - The Conversation,https://news.google.com/rss/articles/CBMirgFBVV95cUxQMmVmUnJrekhjS1BKUGdMVTFrVnU3cDVQZ0ozMFZ2cG9wVGsyY0thbmtrTlBQcno4QVAtdEdObEVhWWVaNDRoVXloNktwUEVlaW9xem9GU25mSXpaWi1wQnJrZnZlbTloQTJCQjZhcm1aYmdrVlB5cFJIdk9idngzQ0Q3RG1ZMFEwTmtNOVJ4WFJMajA3NnhhWXd4aTFvSU8zM0Z0aEs2b1Bzb0dtbHc?oc=5,The Conversation,en,OPEC oil price,recent_middle_east_oil_risk,relevant,0,0,0,0,1
2026-04-29,Oil prices rise despite UAE exit from OPEC as Iran war ceasefire hangs in balance - Yahoo Finance,https://news.google.com/rss/articles/CBMilwFBVV95cUxPZnZsOVpqak1rbG9yVS1BOTBHYWVId3dkNVJPaDFzWWRsMUMwblczNHAyZTJpMFAzTXF2QVg4Q1JzeTN2dmtSWE1jc2lncmEzS3NwaFBxYVg5VnlFNVVSTTcxS2Z1bFZoYmhQSzhDU1pYc1QxRmFkZjh4WWNxUzVDLXppMlRwS003eEt4bm0wdmYwcEJwRzhF?oc=5,Yahoo Finance,en,OPEC oil price,recent_middle_east_oil_risk,relevant,5,7,1,0,0
2026-04-29,Barclays Sees UAE Oil Supply Growth Accelerating Post-OPEC - Crude Oil Prices Today | OilPrice.com,https://news.google.com/rss/articles/CBMitAFBVV95cUxPVkxwbVdOLTZvbnR3MkRDdE5iTkhVbGQ1YWxlZkVWVlhDaDE4S3QwbC1pajVJLThMWlZfbzlaMm5fUFRvamhlOTREbW5BZklJWkh2UHhtRElXR1NxcTNJY09DTDZlTGYtcmVIQUlBVzNtNV9LbWZoSTY4TEUyVF8zSW1YSkRMMG1GUGJERUFHSi00ZmViMWxEWC1HLThmMXpHcXdlU2k3eElXRm5EMjhhWjM4M0PSAboBQVVfeXFMTmR6WEthRTFSZnB6Q2VjZ1V6VzJRVEpqNW10cl9GNzdQWkszSjZ1R3JRWEg0RG8yQ1JLa2hRWDYzX0xsX2t1b3laekxQUUZmeV9BVDhkM0h0RnBGN1BrT0xyZmtuYXhTbWpId3Z6SUdoQWpGazN6dVhreERyVjRLZFN1dklyZWZRLUFZMFBRYWFzN1Nzczl2dHlzaWpDWTJoSFF0anJlTXVlYWQyZnc0M29iYy1iYXFWQlN3?oc=5,Crude Oil Prices Today | OilPrice.com,en,OPEC oil price,recent_middle_east_oil_risk,relevant,0,0,0,0,1
2026-04-29,America barely uses OPEC oil. Why are gas prices so high? - USA Today,https://news.google.com/rss/articles/CBMikgFBVV95cUxQWXBaQTJHM3kxbFNrRlJfOG5LTEQ4RW9YUDN6M184eXhINE9JUkNMNDl0WTl1eDVUQUIzY0RPd0ozSGI0YnVLeHpidnBUb3c4cFZ1cXJLakVOZkFlYU5XXzh6YmMzRW5iYkszU2FqSlltaDBfSFpVNFNrTG00UERkel9RTW5PeGl0N05sbUxwd0h4UQ?oc=5,USA Today,en,OPEC oil price,recent_middle_east_oil_risk,relevant,0,0,0,0,1
2026-04-30,Oil prices hit highest level since Iran war's start - Axios,https://news.google.com/rss/articles/CBMicEFVX3lxTFBrZGxTb3Y4YUo3Z3JlOC1HSm9SWW9LcU9JclRmTHVsQ1BRNHpJNWI5TjJtUl9rbHRMZnd6eV9fVnFHVUoyQ1Z0Vmx2MU1iQzEyb1ZheDFNTTZFUllncTJkcjhVZERsUVIzOWxLWllNUmg?oc=5,Axios,en,Iran oil price,recent_middle_east_oil_risk,relevant,5,5,1,0,0
2026-04-30,Oil price hits highest since 2022 after report Trump to be briefed on new Iran options - BBC,https://news.google.com/rss/articles/CBMiWkFVX3lxTFBsbzF3QzZBT2o2cXFBNG5fNGpwYlJwVnhndmg0ZE9DV1hSaTJvXzdsRjVNTEt4cmZqNVJDZjJQamVZYVZFWkc3bE9aS0R6S29VYVFqSy1FU3pUZw?oc=5,BBC,en,Iran oil price,recent_middle_east_oil_risk,relevant,2,2,1,0,0
2026-04-30,Global oil price retreats after hitting 4-year high on concern of US-Iran war escalation - Reuters,https://news.google.com/rss/articles/CBMivAFBVV95cUxQenNidWVwSUNlZUxVRDFaR3N2NVdjRXdmTmJNZGk2T2prVmh6bTJndHR1bm1PUmhmbjN2dkpMYTN5NG5IZlFNUExLclNlcWJMVzFrd1VjTXoxRlFEWmtPbDlGZ055WlJVbEhESGRob0hPVFVKemt2aDNhaGpDR1RzZmRORVM3M0RmbjhuY0ctSGlYaEJXYkVtbmZtZnZZNnZHX3FVcXNIQm4wOXJ1Mk83dXFILXdmQi0xcFYzMw?oc=5,Reuters,en,Middle East oil price,recent_middle_east_oil_risk,relevant,7,7,1,0,0
2026-04-30,Could the UAE’s shock exit from Opec cause an oil price war? - The Guardian,https://news.google.com/rss/articles/CBMikwFBVV95cUxNa3VUS1c5Q3NaNXVjcXVwWXFweWx1LVVhQnowakhPbFBDX2kyMUdqZDN4RUxyYmVXVjNocUdqT3BqVjlUcFBCNUFoUThhSlVIckdYZmVaeG93V0FQX1hQNGxCZFlNTHJnS21BWWdGRnRNVk1rM0ZucDhZV25GWW9NaDhFaEVGMGs2RXJfc1llWnFsbW8?oc=5,The Guardian,en,OPEC oil price,recent_middle_east_oil_risk,relevant,3,3,1,0,0
2026-04-30,JP Morgan UAE Could Attract More U.S. Investment After OPEC Exit - Crude Oil Prices Today | OilPrice.com,https://news.google.com/rss/articles/CBMiugFBVV95cUxPTU1wVHJQOUU5ZndMdndsZ3hRQ0lKQXlXTkQ3aU9VZWVPTDZ4QmI5dHpIUUpsMVRZZEk5bGtLM21JcVd2d1JBMFhWM1dtVXVmTWRMY3loYlc4TzBfYmRXRHJlY1pPdGZmNDlvUUY3VFBfTVFzOV9vc0dVVU9mOXhSbFZ1T2RyMTY1WUJQTVNfWHVXYnlKX3NWdUJyV3pTRFktcEFyZ2kxZms2QkdfMl84em5nZC1BSTNKa1HSAb8BQVVfeXFMTTBYY1poU1NMdVNsNDlzR3daSzkzTVV2eDY4WlQ0Z2tHMFFwcGJ3SjhENDF0Vlc2V0hPcUxLYUNBMjBtY2pfdkswSDdMWWJkdWNXc2lGZjJxdlNRcy1NSk9OYS1uUi0zbllsdkZoeDZkVWdQRlREUW1oS0VlNHFXMFVUdkllOHQ1TE9HdUk3TS1PeFNvbkwxaUdQRmVoakxOOF9MWFZzNW5SeGgtRVVWN0FvMkV1ano3dTQ3Znl2WkE?oc=5,Crude Oil Prices Today | OilPrice.com,en,OPEC oil price,recent_middle_east_oil_risk,relevant,0,0,0,0,1
2026-04-30,What is OPEC and how does it shape global oil markets? - The Conversation,https://news.google.com/rss/articles/CBMikgFBVV95cUxQdWFweWFlX3ZTV3FObWNKV3ZZODdpZFluT2MxNlExQ0s5ZmFFa1BkVklsejZUTWRTb1JlUlFBeDU0TzI3U3IwdW43d2gxSWxYVE5PTXR2TVdIb3J5OVBfUkdadzRsU0RTX1JWNGFRc25hOWVfeWZpSDYyRlpWSTdfaUFyWEhIU2Q4WEliNWEtUUxyUQ?oc=5,The Conversation,en,OPEC oil price,recent_middle_east_oil_risk,relevant,0,0,0,0,1
2026-04-30,How the UAE Leaving OPEC Reshapes Oil Prices and US Energy Stocks - Gotrade,https://news.google.com/rss/articles/CBMiggFBVV95cUxQVXYybkg1MkJBd1VUZ3NEVjdWR05FVE1uYnJENHRJYUtTZFR3MVE1aFZ5emxPWThrbDBHYkY5TElKVExSUFNyc2xOTDJJR1ItMFBKWnhROGpic2FYTVB1RS1XTHItd0NJUWlyeTJjQ0dDMjF5YUJfQzNhcm9CQ1FzVHp3?oc=5,Gotrade,en,OPEC oil price,recent_middle_east_oil_risk,relevant,0,0,0,0,1
2026-04-30,Analysis: Why Iran’s oil industry is increasingly threatened by US blockade - AP News,https://news.google.com/rss/articles/CBMiqAFBVV95cUxPY3NEd2p2MGdSTDcyTWh1NTZ0Yk83Z2Rma08zdFFIUEF0Qzd2bWk3Y3BXR3E3cWlyS1I3b1BYZklzUGdoa2ktRGMwXzA2ZGRzS1dBVVlQOG5JbFhyNGNwaXFkeE1oQmVRZ2hUWlVtd0RnZ2szN3BQUk1CVHZ6ZGFFT3diQU5TSG5VQnlrd2Z1MG1EWWhiRkRtR1hjZkhLX0NYY2V1M0xDNnY?oc=5,AP News,en,Strait of Hormuz oil,recent_middle_east_oil_risk,relevant,5,5,1,0,0
2026-05-01,"Stocks End April on a High, Even as Oil Prices Touch New Peak - The New York Times",https://news.google.com/rss/articles/CBMidkFVX3lxTE93SjhHZ3VuQVBtWEwwVDRlVzNHZ29ZN3hjMW5RZDVJQzVxc3hQWXU5eVZfdVZLWVB5RnRSS1ZMTk93alhRR3FlYTl3cjJyZlZDRWRWaTJ1Vlg1UFBaM2dRalZvcU1ZWVhERkdZZGtnUWs2bVNKZUE?oc=5,The New York Times,en,Iran oil price,recent_middle_east_oil_risk,relevant,2,2,1,0,0
2026-05-01,Exxon Mobil CEO expects higher oil prices due to Iran war: ‘The market hasn’t seen the full impact’ - CNBC,https://news.google.com/rss/articles/CBMifkFVX3lxTE5xNURQN3JERDcyM0cwaEhPelRTNDVUYVFuSjA3cE9EQkg3UGtObW96c2dsaUpuVk8zX0hKcjcxMzBXdTlxWkdkN0t6aFZtQzlWOXFNRUltZ0pJME0zd2Z3czJOVThGWVZWRmdFNlJHbU5yWS1YZ3R2Y1BRa0tlQdIBgwFBVV95cUxPM1Qxd2JDaU5lc3BtaUQ2Si1jX1ZWSnpSbFEzNUVyY0Q0RGl4UW1WUW1TQVNEOE9WR1l1NUxWNnVGT21neWh0YXJPQ1U4UXhXX01TNEdMR01acUIzUFhDekROSUpvUlg3aEZHa1YtZTJ1Y3Ywd2RUWXlsM2tpcEc4UU9UWQ?oc=5,CNBC,en,Iran oil price,recent_middle_east_oil_risk,relevant,5,7,1,0,0
2026-05-01,Oil prices rise again with little sign of war on Iran ending - Al Jazeera,https://news.google.com/rss/articles/CBMiogFBVV95cUxNZnAyaVZJemxtY3ZSdHdTU0ZGSW1kak9xUkhxQUdRaGJQTnk1QmlTM0xYdzd1Y1dXVVJFeTFaNWVQbGZmUjRfQlY5M1kxX0RLdlJfUExXbThxT3pYTnROVGYtTGRtRDRrWThfN1Rtb1ktUGk1TkJJMnpWaW5IRVhVZ08zaU15UXNvZ2toQzdHOEt4STdjUWU0eTlBRlR0QWNvYkHSAacBQVVfeXFMTnBLZ2V0TE1ud2lSSThmeFJjcHdoc2tzZVVqckJPaDhzY3hUMS1YRUZVLWt1XzFtVmFROTNfREZVeTB5TmNVVWV2QTFJRk1zZmVOLVR0MUhFdjM1XzI1Ukx0NVpaMm02X3p6UWUwOHM0MFFqYUc3dUhqajZJTXdneU1mOXdIOEdYTTEtWV9IZFhjcno4VGVZN3RQbkJfVlhZejFBYXQtaDQ?oc=5,Al Jazeera,en,Iran oil price,recent_middle_east_oil_risk,relevant,5,7,1,0,0
2026-05-01,Big Business This Week: Why the UAE’s OPEC departure is a distraction from the real oil price crisis - cheddar.com,https://news.google.com/rss/articles/CBMiyAFBVV95cUxQaGVnMkY0OUNuNFNEQzZrdXRvZ2pWLV9oMWNKOW5Id2tWZTRDWFEyVi0tWnFBQXpmaFc4T001U1F4UDdJeC0yb1NjQjViSjFVT2ppWEhGYTA0eGlqOXpyNWRlOTlBTmZkOW1CRDQwWnVsQnJJN3hqSHg1aFdsNGRjYU5fSXFiODlMUENtd3pGd1Nld0Z2UjAzWnNNVXYtZUJ5QWh2UWtHZTVsc1hEeWw0VDRVam1WZGNBSHJoUkFWZEs1U0FmaTg1QQ?oc=5,cheddar.com,en,OPEC oil price,recent_middle_east_oil_risk,relevant,0,0,0,0,1
2026-05-02,"Gasoline, Diesel Prices Climb for Fifth Consecutive Week - 조선일보",https://news.google.com/rss/articles/CBMiiAFBVV95cUxPZHlDQUExazMwa1BnbmliWnBRb2JDZUFLaDhhOEFab3loNFBNY1Zaa25MUlE4UjBkaE0yZ0FCUnVEVldSSWFDUU11RHB5NXJvR3g4dmVKZllJaXF0WGxCWlFSU1NaZ05YbV9zU0R3aUtnZDEycXlBYXZLTzhfNDlSWkFrbGIzQy1f?oc=5,조선일보,en,Korea gasoline price,recent_middle_east_oil_risk,relevant,0,0,0,0,1
2026-05-03,Oil prices jump after Iran attacks UAE as U.S. tries to open Strait of Hormuz - CNBC,https://news.google.com/rss/articles/CBMijAFBVV95cUxNRFNEVE8wRVhCZWpHV0RqYzhNTmNDb3hQQXhoRGVFazRtWUNneGhGa1NadldvWFZnSlgzNUhlb182cjJBb3FCVlNoRjZDczBsNUNtcEhGNlM2bEdzYXhhN2JYcUJTZ3g2OWtpbE1oSldxQWtmcG5TTm1sUUl6bl9oMEk3NEJhM251WWxYdtIBkgFBVV95cUxPUUFqdlhBVEdrcHpFOVBVMkFiTndRRW9GbWtTeWZ3UU5kYUk2OEdYNTVSVjhocE5pM0tWbjJSbGlEV1lfWkRnRDE3WEgtMzRlQXBCM25uSWh0a2VTSWEwVWVXOFNvbmpoZmNrUWxwc1JKVWlxc0NoVTJaanZmWktmS2JLLXRlN1RCSnJlQXdnLXQ4dw?oc=5,CNBC,en,Iran oil price,recent_middle_east_oil_risk,relevant,5,5,1,0,0
2026-05-03,In five charts: How UAE's exit could affect Opec's influence over the oil price - BBC,https://news.google.com/rss/articles/CBMiWkFVX3lxTE5WVzdkVmt5dDAxZ1gwUkJhOUVRWEdKd3FEQUlDNDhoTERhREFrSFdNQ09qaldvY09xdzRmV2xiSXQxMkZ1UnhYRWxZMlFFWE5YaVdRbUo3LUpxUQ?oc=5,BBC,en,OPEC oil price,recent_middle_east_oil_risk,relevant,0,0,0,0,1
2026-05-04,"Oil prices jump 6% as Iran sets UAE oil port ablaze, strikes vessels in Strait of Hormuz - Reuters",https://news.google.com/rss/articles/CBMixAFBVV95cUxQYm1UTGNtdHU5aVdlSkxNS25FbzFkcEZBUXNYVzc2SmQ5Zm5xN3NLWjVGTkVwT08wY3FXMTZ2Qk9ld1RfUEhFWi1YaElRVlpVSHl5RFVyNFozWFl1ajFta3UzcDlRY19QM21VdUJNZ2dGZmpNZnljNERTV2V0ZG90U01sYWNkbWwtc1JSSXNvWjZFR1I0TjJLTm9QOWx4RVFheXRaRVpiajVVRko5LXhqeVVDdnFzUm9qNENoVFdxNFFJYUpM?oc=5,Reuters,en,Iran oil price,recent_middle_east_oil_risk,relevant,5,5,1,0,0
2026-05-04,Re-Opening the Strait of Hormuz Won’t Restore the Status Quo - Tufts Now,https://news.google.com/rss/articles/CBMiiAFBVV95cUxOQ0U0VXo2YTFrdlBuaXNMNjVKX3lqajZlN3NZYmM2RXd1aUZMOUhUN05HRUhjeklFY3Zvejh5a2JRWGVxZXRiNVNjaXZQVE1rbTFiRkY5NnRWWGJIQ3AxNFphMWxrYXVMOS0tZE9RWVpxMzRicnhlTzNIVEtGcHFkdjJtVlNnSHlx?oc=5,Tufts Now,en,Strait of Hormuz oil,recent_middle_east_oil_risk,relevant,3,3,1,0,0
2026-05-04,Oil prices flat as Trump’s plan for Strait of Hormuz fails to calm market - Al Jazeera,https://news.google.com/rss/articles/CBMitwFBVV95cUxPbU1ESjhpX052WXhHRGdLVFBRVDF1T1JNc2JhN3dCcHVSWF9LVDlFcER2RTNEazBjN2RmdGplN2dXQkxaUzZ0RjRObmo3Z1BOZFZocXh1UU1uZm9qWnZMUENic2JVM2VTSElYUHg1UXVWX1RwajFFN1lydW1TWHlpNHJ2aEc3LTljY3BDYXVKUWZZR1A2emRzNDYxX1pDeEp0cnlBdUZEX3F5Z3Vwb3RqZGNHNUd0c1nSAbwBQVVfeXFMT2k5cDdaRVpXSEUydUtGbXlRQko1cWJfRVV2NUNyQ2dlRnl2VkRua2NDNDA5NElndkE5Q3RWeTRHS1BBRi15S0NrZ1FCMDZ0Q3lFZk5jX1lmczRMbld4T1pkZFBabXFBdlBad3hOaGR1MEdmSXAzWXNmMzdfc19TYjBjZzRhcnB4TVl5M2JiaWVqQ19wMzZiQTRMZEZDMmQ4bzIxSV9fcW9LbDFVTXRlV2Z2Y1I4Vi1MSXQtTTc?oc=5,Al Jazeera,en,Strait of Hormuz oil,recent_middle_east_oil_risk,relevant,3,3,1,0,0
2026-05-05,Oil prices fall more than 7% as U.S. and Iran appear close to deal to end war - CNBC,https://news.google.com/rss/articles/CBMilgFBVV95cUxNNUNHVHYzTG5BZjJNc2xmU3pPVmZJOFliVEpoSEo4YVNsYXllNkR3aWdmVEc0Mm9qUUU1WlpYTmJBOGg3SUpKN1p2Y0JpVUJFMXcxbHc5WUtGOWw5T2ZEa3JqLVFfdUY1NFJaUk9kYUthYzVMMFN4VGFYY3VXQkNGSzJhWUhTX3JyeF94cHZudzZXSl84b0HSAZsBQVVfeXFMTVFjSmNxd2xPVHpyRm1MWm5kNkZLNkxIcDJKNEthZU5jYUFtSkNGTlFDdW1kNHZJZWh4UTgwbjhicGxETW1wd0tHb213cEF2WDFOdW9kb3ZrZFB1VV9ZWDRudml5bE5aZ1NETC0tSUVLa1l3S29LM1B4VDFOSEVrUHZuaTUwMm80RmZqMTJSMk1UU09OQWdmNmF4eTQ?oc=5,CNBC,en,Iran oil price,recent_middle_east_oil_risk,relevant,5,2,1,0,0
2026-05-05,"South Korea inflation near two-year high, raising likelihood of rate hikes - Reuters",https://news.google.com/rss/articles/CBMiqgFBVV95cUxQelhHNFY5OF9TaXVXbkJFcUFaaFl3WGlUMFNObnZFX2NDbzJlM1o1LXVuSkxPdTdQN29IWHk1V0lzRVNfa0ZlZmF0dkFxaDB1NlhvUENISU5VLTVWSkhaUEZTWloyVTdLeF9iSTVyb2pXbVpRYlhjQ19qZjQ4TUFXd21JNkdseElscnpXM0N6T2xHNjdQTkd1QzF4WDJuVTNmbmlaSG1faDZkUQ?oc=5,Reuters,en,Korea gasoline price,recent_middle_east_oil_risk,relevant,0,0,0,0,1
2026-05-05,Oil Prices Slide but Remain Elevated Amid Simmering Mideast Tensions - The New York Times,https://news.google.com/rss/articles/CBMid0FVX3lxTE1WWndGMmRCd3lFM19xeUFIZzhmRUFaenZWeHM3dE1MUnRCQVhWMENocVpsLVpfRTJ6WFNOcXlQMW1zblhZYzRYUmVCZ0hCMzBVN21wYk9pRHpLZjh6d1lHZTJyS0tkUW5oUjdEb2F1RGtjT2ZpWF9F?oc=5,The New York Times,en,Middle East oil price,recent_middle_east_oil_risk,relevant,2,2,1,0,0
2026-05-05,U.S. Oil Can't Fill the Middle East Supply Hole - Crude Oil Prices Today | OilPrice.com,https://news.google.com/rss/articles/CBMikAFBVV95cUxPVzduZjgyZUF4NXp4UllnbXJDOS1zUW1HRGJxSzhxMFZuc3VSeFpvcW84dnV2X3k0YlFOTDkzZUlGOXEwZEZTUmVMUDMtNGhHdGRkSFc2WW1udnZBamxRZm1SLXdoTVdRVnRrR3VNOXNoMUlSZkVqbUhlMDdpRms0X0pldjdrQzdERTM2T3J1MmTSAZYBQVVfeXFMUEZFQVYxNEFFOU1LMjQ4V1FYaGc3WkRKVVdaSTlWMm50dGlzVnkzeTJoM09lMGhzdWJHRXNENVFTWFNHQjVudUZUclBVemt1emE3b0J2bUF6VTI4R1RYXzZNS24xWFNGV1ozRWw3bktyLUdCM0tJX3pPQ1d4a3R4NlE1dGxMSWI3U1lOQ2RlU1VVeklZVXVR?oc=5,Crude Oil Prices Today | OilPrice.com,en,Middle East oil price,recent_middle_east_oil_risk,relevant,2,2,1,0,0
2026-05-05,UAE's Shock Exit Leaves OPEC Weakened and the Global Oil Order Rewritten - Crude Oil Prices Today | OilPrice.com,https://news.google.com/rss/articles/CBMiuwFBVV95cUxQR3NyZUpNRkVZTU53ZnA3RnRwWW1IaDFieHMzTEt1cHpTOFdNQ1RaX281VkVWbXpMMnFRVUpPdk9oS2RhdndCM2pqWUQ4RVBWZFBwUnNNSV8xQ29pZk5kZnc1TDRpMU5IZG0tVmNyRzFuYmQ4YUszUUtjLTVsNVNvZkNka0d0M0oxNFV5LWhvQXNPRjYyNXhKOTNRLUNaa3BMZVMzU19kM1drdDZXMmNqMU9HdmdHUjdPT2Jj0gHAAUFVX3lxTE5KQ19PaVVnb0NZYkpTZkxFWTBpRUM5amlseTg0bVhTYkZDdnNsUFZIMlhnamlFQkU1cTJFc1RYRVlRUE9fRGNTNVdPaWlzTDRaY0l4V045MDItYkU4LVFTRXNCTFEzd0dIUEJBZlBhRWdVTExpR3lxZzVVT0RkRm9rYVNjSzNnZkJFOWJkWjc2WVQ3NkZRM2xOcElaTVVtZDlfQ21KNUMxUmtkLXV5SnF4cDRQRWdPNTZqeTRCMzMzRA?oc=5,Crude Oil Prices Today | OilPrice.com,en,OPEC oil price,recent_middle_east_oil_risk,relevant,0,0,0,0,1
2026-05-05,"Current price of oil as of May 5, 2026 - Fortune",https://news.google.com/rss/articles/CBMiYkFVX3lxTE90NU0xSXBoczZZM21iUUpEeHVjMlJkRkNIdDNlcF9zQ0lkMXBqUEpWb3JOS1BvMjJHVEF1YXl6WWFUWDNwS2taLXh0Ri1oZG1uZU9wdkxyRTBuRkIxWTdNUEJB?oc=5,Fortune,en,OPEC oil price,recent_middle_east_oil_risk,relevant,0,0,0,0,1
2026-05-05,Oil prices surge as violence flares in Strait of Hormuz - Al Jazeera,https://news.google.com/rss/articles/CBMinwFBVV95cUxNd3A4TkdnV09VZjZvRlJyRDlzTTdHdjFZWkhOYWMyY3NfSmFDazAwcENOQzJaQVowNXBVU2lXWE5xazZzbnRpc1h4NWQ2NDVtclY4MENfVG5iV3JxemlTREdPQVVuY1Q5RU5XbFJmSmM1bFdQY1FhM21nWElDVmRlQWw1dGFZTmFLaDF4SGV0LWQyTU50MTRrRUNqVGNkZUXSAaQBQVVfeXFMUDFnSUQyQTZpTUxKRmhIOEVoNVlaVEI0N2I4Ykc1UW8zdXRWeV9uRU4wM2lpTkloNUxwT05aOWpLTnBDUGpQdHZ3YXExdXVjbW00Mmc5VVQ2cmxiendBRE5QYW41VGZjVzVhUlpYS05tZXBFOV9BVFNqMnJqVHdEenN0bUx3eGNFUllIZlR1RkZxYkY5N1haQkhoNHcxN1YtYi1tRHM?oc=5,Al Jazeera,en,Strait of Hormuz oil,recent_middle_east_oil_risk,relevant,3,6,1,0,0
2026-05-06,"Oil plunges, markets surge on report U.S. and Iran are near deal to end war as gas prices jump past $4.50 - nbcnews.com",https://news.google.com/rss/articles/CBMiuAFBVV95cUxPUUFXMXZMeHZQUnFBVExQTy0wWXppMWNncWZobXlyekw5d0ZhVldCUmZQTXJEUEJXRUpKeVZNZll1OTVUTkpfUEtVRzBSaWxXY3NlRlIxcnN4MzdYVUV6cFVHcHExYmN4WXExNDdncUgxWHllS1lrMERhbTIxYkhRU0l5VlR3bFFEQTU4Qk1kY05NVVdaMlZCWmZLTWZCMG9KWGwxTzhVd3BUa1RTY0tZajBLNjFZeGlh?oc=5,nbcnews.com,en,Iran oil price,recent_middle_east_oil_risk,relevant,5,8,1,0,0
2026-05-06,Oil prices edge lower as U.S. waits for Iran response to deal proposal - CNBC,https://news.google.com/rss/articles/CBMingFBVV95cUxOc3llbWp3WFFObWpJUjU4WTdiSDNLVXJCLUtMZXp4bnc0TG52b0t6RFhMT0lYWUdtUVFhM2dLeW91Z0NCVHhmeW12MVhRV3VIWDFxN3hGV213ZlJmVkYyRGVMVGdzV2RUbzN4aXRaSVQ5QUNPWlNxOUNOY1M2Nzl4ZkQzRmR4RVhIbkQyaWpqMTBHN2wwY214UmYyVHhkUdIBowFBVV95cUxQand4U0xBYnMtVEhTS1RRc0hTMTNodHdBRE9BMUhuR1JmczEzT3hjSWdkeExzX2FlX3lsQTk0T3VhVjh6bk5HVnA4LXhMOVdydXlPTENDZDFYcHE4QkU3TFFEd0hpbE1NaWk5SFU5WkpWdVJhQWJkd3VTWmQwMzl2czFZWUN5M01pWkVrcjd0VFh6ZGh6TmJ4M0JMNENGQmVUblI0?oc=5,CNBC,en,Iran oil price,recent_middle_east_oil_risk,relevant,2,0,0,0,1
2026-05-06,Oil Tumbles as Investors Grow Hopeful Turmoil in Gulf May Be Easing - The New York Times,https://news.google.com/rss/articles/CBMidkFVX3lxTFBJTTlUejdpTXN6c1pKWExmaGdTVXNuQVE5eTZTM2FGVjdaYWRJQkhDeVEzeUMzUS1sdGFXb1BlLUd5SG5uOEdrUmtRQXZMVVBMOXNCaFM4ekE4ZXhlRjcxWUtaUXVxT3NFNkF2ZmxyTWp4ME44LXc?oc=5,The New York Times,en,Middle East oil price,recent_middle_east_oil_risk,relevant,2,2,1,0,0
2026-05-06,"Opinion | If OPEC Falls Apart, It’ll Cost Us All - The New York Times",https://news.google.com/rss/articles/CBMiekFVX3lxTFBQaE5kQmZiZC1MS2xYYkU4RTNYcHJUaXI4Vkw5aGlMQ0hpbTRXS24yTEY0TGJkWFZVQWRtM2FSRmFrNG9wQzNVQ1BFZlRmME5FM1NYRDZsOUxwQlhBTHFiVGVwRFlnekF2TlpiX0JqSERRWGZWQVo4Ry13?oc=5,The New York Times,en,OPEC oil price,recent_middle_east_oil_risk,relevant,0,-6,0,1,0
2026-05-06,"Current price of oil as of May 6, 2026 - Fortune",https://news.google.com/rss/articles/CBMiYkFVX3lxTE10TDJNYkNneWJBMFRLZXFnanhMNWI5NUVxQ0xIemdIa29FYVFTM2RpbW83eGdOclBRLWlYVmhhQVB5S3k3M0Z1b3NxNmdMTE94ejl1UERERXp5WXJsaVpIVG53?oc=5,Fortune,en,OPEC oil price,recent_middle_east_oil_risk,relevant,0,0,0,0,1
2026-05-06,China’s Strait of Hormuz Oil Security and Escalation Playbook - Baker Institute,https://news.google.com/rss/articles/CBMingFBVV95cUxNVjNyeDhJZTV5cFpaWkwwc2toVkpiWWVCaDBFaU5ZY1AwR041cy0yaU5IVVFfdExzaUVCV3k5UmtoNUVMZ1FtUndFVnhxQ3A3LUtoS1dwR2tpb3NuTXlXOEUtUTJ2T0x1Wmd3UF9HaHljSUxxZjltMjNoYU5fUkxJV3k5UnA5YzZQSVRzRXJpcHVvX2kyZmZnNnVvQ3k0Zw?oc=5,Baker Institute,en,Strait of Hormuz oil,recent_middle_east_oil_risk,relevant,3,3,1,0,0
2026-05-07,Oil Prices Waver Amid Mixed Signals on Renewed U.S.-Iran Peace Talks - The New York Times,https://news.google.com/rss/articles/CBMidkFVX3lxTFB1TFFlV1huSTRfMWhodUtRU1E5MzZ6SG1VVG5fOEdzT2NWVl9pcklPQkJVc05pQ1ZXN3pHVkE2MW4zR3dGcnRMNWl6YU9TOTl0T3hMS3lkZDNLRHgycy14MXRLVThJQkI2ME51UTA4R3hPYlNqYlE?oc=5,The New York Times,en,Iran oil price,recent_middle_east_oil_risk,relevant,2,2,1,0,0
2026-05-07,"Oil prices edge higher after U.S. fires on Iranian tankers, UAE attacked by missiles - CNBC",https://news.google.com/rss/articles/CBMingFBVV95cUxNWldhdjEwUUxFNXpRMGpPVzFhVkRYVG5PSXVtSWx5NFRKQXR3RmRSWGoySVhlSEIzYVNiLUM2ZWsxOHczMGdER3BGX1BMS0tVbGE4R1ZBNmo3QVpaVVZiVXl4TndBaHNpM1ZnZHJvZ3AyUlJ3WUk1cU5rSjM3b2RBMERIYVVuOHk5YndsVGwwV3V5bjgwdDJqRnlVV2xpd9IBowFBVV95cUxQM3ctNnJBVmIzaTRfRHZtdU1ZZUNmeXEtVUw0d1NnQ1RGalNyeEJsb2JFWXRteDZIbUxmNDI1aTZvYzBSd1FxOHZFVVR5alpYclktUzNnZjc1NXlTdlhxWXQyS193dTZLLTk4azVZZDh6bGI5TFpMTTlUTkxtUGdmTlI5bmFvWHNfUjdXcmxaWko3R1hCLTdhcE9iY3dObXNaU0dj?oc=5,CNBC,en,Iran oil price,recent_middle_east_oil_risk,relevant,2,4,1,0,0
2026-05-07,"Exclusive: Hungry to sell, UAE slips hidden oil tankers through Strait of Hormuz - Reuters",https://news.google.com/rss/articles/CBMitAFBVV95cUxQRjNQVDRxamlZMDlncVBKeDc1WXpxMERnZHcwb2FPOWxyU3dIb0RUaGk4c1RXczQxeS1HQ1RMbGwybkpNckFTT0ZsNGdOdUR5bFRnVFlzcEZiQUpOWWVOR0hYLW1FWlJtMEZVbW9zOTRfX3puVzY5bVhjWnA3cEI0WVI0bkNZWERuZ3lWOWFqX2ZwRGxxc242d2RjUEFtZ2dJcVdJc3cycDdEaHJxYlQybkVJSDI?oc=5,Reuters,en,Strait of Hormuz oil,recent_middle_east_oil_risk,relevant,3,3,1,0,0
2026-05-07,The Long Journey From the Strait of Hormuz to the Gas Tank - The New York Times,https://news.google.com/rss/articles/CBMipAFBVV95cUxQTEJTcGkwdXJzMlFqQzlqX19NTjlpbklKUU1NLXJ1NVcwd29jN3ZXVU1IWGpaQjFuNThIWEhEWUkzNnBQY0laa3lWYTkyMDdSNkMtUDhoaUpQTlhEZTBVeE5SVzVNbGs5cFJTTXYxS0FnRklGNjFNd292MEN1a0RDMFhlWklyZnNZQmVBblNMa0ljSUR2QkcxVmtkQ3p4VGhDTXRBQw?oc=5,The New York Times,en,Strait of Hormuz oil,recent_middle_east_oil_risk,relevant,3,3,1,0,0
2026-05-08,Oil prices rise after US and Iran exchange fire in Hormuz strait - BBC,https://news.google.com/rss/articles/CBMiWkFVX3lxTE9pYnROWUJqNWhZS0hHSzNHcEZfcUhkRDdtYU40TFJqUFQxem5Dc2J4T1VZdjlldGkwSXRnbDlueVhvamlaUFB2RDE3OEVONVprOXJidENZcVpyZw?oc=5,BBC,en,Iran oil price,recent_middle_east_oil_risk,relevant,2,4,1,0,0
2026-05-08,Korea faces dilemma over prolonged fuel price cap - The Korea Times,https://news.google.com/rss/articles/CBMimwFBVV95cUxPc3lQcnVpVTQ4WGRFcGJLSWx2b2VYNmY2SEotYjJMc2N3SU5fNzN3eWozbTFINUdKN0w4UXk3dXRfVUpIWXVZT0xYTURPWVZ6ckI2ejJVcWw5YlB4ZHhVM3VsT0t0VUhCTmFCWHFMaGs1VEY0NkZjSkZnNV92Nk4yQ25RMXRtWk56b3BKY2RxY19VZ1JaR0FRN0x2d9IBoAFBVV95cUxQRmUxQXVKUU5LcVNqVEZqT1JVMTBaVHhzRURVZHp2dW9VcjFHX3RBS25rWGo3MzJtOTV5c1phQUx3M1B1TURKYXBkMWtjSWhDT0FJak55ZkxtRXo4Y2hiUHhYZjZrVTU3SU1ZcmVpNmhlMUdnSmVQRjJNTGkxY1lrZXcxNzhhRzZEWklCdF82alV1eFNaQnVKZUFSV0MtVWRV?oc=5,The Korea Times,en,Korea gasoline price,recent_middle_east_oil_risk,relevant,0,-2,0,1,0
2026-05-08,"Oil prices jump as US, Iran trade fire in Strait of Hormuz - Al Jazeera",https://news.google.com/rss/articles/CBMiogFBVV95cUxQV2lma3B2X1hJTVJOUUpHZUpSTWNXd1Vjbzd5ZDkxM1hmSkhacFAzN3ppVW12akg1S09kQWkyM0VfVHZ1RnVrbHNGckh0VExoNzBQaV9iSFdZdjRIX09JQ0M5TGF4VFRGeXJGN3o5NXNpSW5FSUZ5Vm4yNkxLYzdZQ2hUd0c5VFViNjh0ZDdXSjJoaDBleUF4eHBIeTZndEQ1RVHSAacBQVVfeXFMTlJxZVF1ckRKQ1U1bXBYMDY5ZGtyZF9qTjJnWW1mNUUyWU8yT3ZqQjQ5ZjdjUXFNcjZjOEdNNWpnb2hKVlNDUklFX3Z0SVptYk4xTmU3cnBLYUdjWEVpMThKdmJzcEdoZjJlMTgyQ3laVnhWN3AxZEUxNzVYVjBlUFFDcVFrQ1lhOE5wTjlyb2ZIbjFrR2pCNG1pVThtNnJKeTc1ZW12Zmc?oc=5,Al Jazeera,en,Strait of Hormuz oil,recent_middle_east_oil_risk,relevant,5,5,1,0,0
2026-05-10,Oil Prices Rise as Prospects for U.S.-Iran Peace Deal Fizzle - The New York Times,https://news.google.com/rss/articles/CBMid0FVX3lxTE9WdjZpMWRfaVlwZG1qSE1DN3U1VUhTUWlCRHdwRU1KM0R3S3owZU0xRFBIT2dNWWVGR0E5eUlzN0hnU18teUFmZXRlVGZRVkF4WFNEUjNDQUFrdHc0RFhHRDgwNVVZdDVpNXRzbDNxbVBjMGFEUmhB?oc=5,The New York Times,en,Iran oil price,recent_middle_east_oil_risk,relevant,2,4,1,0,0
2026-05-10,Brent oil tops $104 after Trump says ceasefire with Iran is on 'life support' - CNBC,https://news.google.com/rss/articles/CBMigwFBVV95cUxPTF9PT3huRzZTdWdfdHhnTzM0V0p4bThpeHBSN2JpTURzZkYyWXlxOENfd3VaVlVFSnhDVVh4T0VHNUVvMmhBQlNVWjg3X2NqZnliYkpNbFY1Y0NFZmxNX1h0VkdOU3dSaFN1ZzRzbkZUTmhqWWhySmlCYk92OXlxVkt0b9IBiAFBVV95cUxOZDhjOWlxd1RUNzdLaDlxRDhtenFpUS1LNnQ3OUNGMnZJUF9zSnUzV0xWdHBUZHZnUU9GdUJDXzRjQ0N0T0Z0UkpPYVkwU1J3c1JDem9pOVBpeHowZlNzZ3ZVQWphUDJ1eGFkMVA4ZDRZdldWbTUzaW9Xb0RZVVRGNmQ1RTJVR01k?oc=5,CNBC,en,Iran oil price,recent_middle_east_oil_risk,relevant,2,2,1,0,0
2026-05-10,"Exclusive: Oil-price bets ahead of Iran war news totalled $7 billion, reporting shows - Reuters",https://news.google.com/rss/articles/CBMi3gFBVV95cUxOZ1NvbTlocks5a09OV1ZQOWtGY1JrbVgxZmxJSjQ5VnBQVWVQWTNVNnFvb1d6ZGdOSXNqaXAyT3FTQlZGMDNrNWxpSFh4NV9WOWNDUDhEamtXZk15UUFtMEppd1JyS2tqOGN3ZWw0R3A0YTY5SUNYWGRWTk9JOGs4SUMyeUNyMmNrYjJYaFRLSEgwS0owYW1VdFZsZlBuSk14NFVMY2x0MVA5bkdNdE9GZTRNeVF2UlZPYTRjT0tFUHkwOFRYQnVmcVZkZkNDSFEtSzJRd09SWVIyVnVxWXc?oc=5,Reuters,en,Iran oil price,recent_middle_east_oil_risk,relevant,5,5,1,0,0
2026-05-11,Oil price predicted to remain above $100 for rest of year - BBC,https://news.google.com/rss/articles/CBMiWkFVX3lxTE5XeEduVHJVeUVialhUMFRNYTNiUl92bF90d2pfNEJNa29TVEJMaHhERllmbFVFOWdmaGJOU2w1c1FwR2JqNFVzY09jbXZtXzZ6VGhlbXN3d01LUQ?oc=5,BBC,en,Iran oil price,recent_middle_east_oil_risk,relevant,2,2,1,0,0
2026-05-11,Reuters Survey Shows OPEC Oil Output At 26-Year Low Amid Iran War - Crude Oil Prices Today | OilPrice.com,https://news.google.com/rss/articles/CBMivgFBVV95cUxPdHE5NXYwTmJobk1rZ0ZOWktYRWN1bVhneHl2RDdNWmRVNGhDRUQ2aUZTRG9mbVE2WTlGamtCbVBDUFBsWWRRYWVpZ0JaQkpCYzlOeW1SaGtNTE05UHJSY2ZWVDZKLVRNREhSZWJtTDBPSmpZNDY3Ry1SNlNzY1p0eFIwYlZWSDRYSlJGSEp5X0VPbXVKRzRSUGRNMk85THVFWmNJb1pBai1pZTUtTWc5X19EaDNoNHJwSHc3T19B0gHDAUFVX3lxTFB2RTQweFk5ZjVEdE9hdk45bFJDbUNzY2t0ZVNSNlV4S01penVUdEFQWTdNWjZCYWVSV2dpelJaLTZUUmtESjJpVkhzWnFmN1JTcU5LckR2X3JDLXZya1pBZmN5Ums3TjVHTXczdkp3bzlyRkxSZ2N4MmJtQTFOaG0tSC1CYjlmeFctcDE1eU1EdE55dVJoSVItR2VMWkdxb0FkeU1RVkVJSlBxOVpidkFkZFQ2MDZCbll4eEJVSGVPZlVjdw?oc=5,Crude Oil Prices Today | OilPrice.com,en,OPEC oil price,recent_middle_east_oil_risk,relevant,5,5,1,0,0
2026-05-11,"Three crude oil tankers exit Strait of Hormuz with trackers switched off, data shows - Reuters",https://news.google.com/rss/articles/CBMiyAFBVV95cUxPTzRScmctdkN4Ulc1ZC1Xc0pRRHVOYjFWSVdnNWY1RF82dFFxanh3LU91ajRMV3ZCcXMyaVlrSXh0YVk5TkdDMFdZZENka2xscERsTUZqSDhmOVVLd0pCU1hXQ3pvSU1nVGJVa1dUelZBaFJnMlhWLTZBVm9SUWl1bXlpdGI1SnE2V2Jnb1VjOUhuU0pMX1R3eExucUtfMUhvejlvWWk4dzNMcTJSbEpCZXFCM0pkTTZOT2pZTHM4dndXWWxNYzdETA?oc=5,Reuters,en,Strait of Hormuz oil,recent_middle_east_oil_risk,relevant,3,3,1,0,0
2026-05-15,UAE fast tracks second West-East oil pipeline to bypass Strait of Hormuz - CNBC,https://news.google.com/rss/articles/CBMijwFBVV95cUxONVpIYUk2S1c3dEJrS2ZZUHh5MHhEVWptV1JMdzZBZjNtS0pQcGVMN3dkNzFKa004Z01QdTlpNXY4czNHYWJFMFlvSktpNGZmelQ4M1c1T3BEbGl5eUR4Sm1DN1RKcFBBY2xKMXo2OEVvVERDbXFYb3lEVHV1dXNxRnh4LW54SzhsSUtvWXdZY9IBlAFBVV95cUxQTm90WGR3RlB0TTdjbktNbm05SWJiM0ZrbGRWb05hYWRmUHlIRG9DUnhFdEQ5WHllNGFLSlZOcHBTeE1Oek9tX1F3bjVlVDJHOVpjeTQyUkNZWktXcm9HdnVwZWdZZU9LMWw0MEliYk4yQm4yUHRvc0JOSHR2bk80MDBRRzhOdk9xZzE5ZHo0bjB1dDRn?oc=5,CNBC,en,Strait of Hormuz oil,recent_middle_east_oil_risk,relevant,3,3,1,0,0
2026-05-15,Oil tankers transiting Strait of Hormuz since start of Iran war - Reuters,https://news.google.com/rss/articles/CBMirgFBVV95cUxOa25NR3cxSTB5X01CR3dEWkRqQXNzQVdxd0pYZFVzMThlNWxja2lsbTFPeTZJZXlvSjFyeUVpZ1lxYnJWSWp6LTR1bEJ4Z190ZVM1RjVpSVliallvZ3UwUFZ3Qm5yQ3NveWs0ejZXdk4yLUhDSHBwNm1wLXFqMEhuN1hJeVVhOGZjSEhkOUJ4cEx4b1hIS3JsTU5YdDBNUkNoWTNpN0NjZ3dRM1pidkE?oc=5,Reuters,en,Strait of Hormuz oil,recent_middle_east_oil_risk,relevant,8,8,1,0,0
2026-05-16,Global oil stockpiles could hit record lows if Strait of Hormuz remains closed - CNBC,https://news.google.com/rss/articles/CBMiiwFBVV95cUxQNEJPWkhNeTJrWXZRbkdYNXY2S2FQN1ZPTmxZMzUybDd1WW1vX09VN2VYQ2JkTUttM0c0NFdqNVpMUTQ5bzhtRnZfeEhlT0djNjRua2w2OVBlR3lKZkxYbFVqNUd1Z28wRi1veng3WG9MR0tlTzZJMHBrS3MzY2xhT1FUakZ1TzJtaEpr0gGQAUFVX3lxTFAxRmtrUXFfRTNoLWU0Q0tvVVdISTJzazN5a1ZqYUV3NVplbTh1bVJhUzNVNTd3YnpSTWQxQUoyUUNyYjQwdnlrMWdJb0VwdEhhNk1qbEFyS2dKdk8xVEY4ZXZsN2R2MXE2bnc0Q1dYWkc3RjIwYWFBM2dYdW5OTmpiaDBRUENmWWNYd0tvallKMw?oc=5,CNBC,en,Strait of Hormuz oil,recent_middle_east_oil_risk,relevant,3,3,1,0,0
2026-05-18,Oil price slumps as Trump says he called off Iran attacks - BBC,https://news.google.com/rss/articles/CBMiWkFVX3lxTE1CZTFpdHFrYklXZGo5N3lvc09jN3phUGdlOHdtdWctSXVybzdiLWlVNXV0a2poRW9SRnZLRnFOVXExVDlQd0R5OFBGZGxHY0R1ZElsbmZ3WXY0UQ?oc=5,BBC,en,Iran oil price,recent_middle_east_oil_risk,relevant,2,2,1,0,0
2026-05-20,Tankers exit Strait of Hormuz with 6 million barrels of crude oil - Reuters,https://news.google.com/rss/articles/CBMiygFBVV95cUxPVXNrRTVhT0c5MGxfUmJneWZOYWpMblUyU2pHRFUzS1czM1ZWaTY5XzVCcHZKUzZnMnBpZ2wydzdSSS1uNExYd21adTY2QlkwODBIUmNpeHBtTG1rblN5dzJOUkxjLVFzYV9xQUctWmxXcWNJTTdNVGpCbnlqYkZTQW5RN084YTU2QklES3VuX21kTUJBR2Y5akFzOFBUd3BEVE5HdkYwdk5wSktsS2pvZHM5QUwtSUhONkNqQ0UweE1fNWN0emdQZTZR?oc=5,Reuters,en,Strait of Hormuz oil,recent_middle_east_oil_risk,relevant,3,3,1,0,0
2026-05-20,UAE says new pipeline that will bypass Strait of Hormuz is nearly 50% complete - CNBC,https://news.google.com/rss/articles/CBMiggFBVV95cUxNc0ZTZVRzRmZkdVBYV0hJNFdKRzMtb2VXSFlSalo2VFdybDRRRjNNZFl0b3hZc1prSnFOMWNmV0h6Z2tLMmhjOVA2U3NGSjhISTZMdExlWTlmb1BSNWRHXzN0SF8yM0c1TDJ6Q1owVHNiVzZlU2lOZ0FmY3hrVHlIQlRn0gGHAUFVX3lxTE0xVWZqRjQyekdCX1NBZ3VOZlloU1JNQXFhY3VJZkc5RUZ0bEV1Y3AtSFZLMzRYRE5HY0ZOWVIzQWZWTS1kM3FwZEZndzVJTHdZcmlHekc2aEFsbFYzUktNc091ZElTTThxQzYzdHY0eHZETFY3anZUa295NE1vZ3QtVnEtZTBFVQ?oc=5,CNBC,en,Strait of Hormuz oil,recent_middle_east_oil_risk,relevant,3,3,1,0,0
2026-05-21,Oil prices fall as investors hope for U.S.-Iran deal - CNBC,https://news.google.com/rss/articles/CBMiiAFBVV95cUxPa2pJT0hEZHJweHJBTWl6cEY3UXNvVVZtRWxscERzNXpiZTM0a2x3M2wxbTAwb1RsY0h3QTFQZnJwaTJZa0tZQzBqbTl5M29Yd1pNN2V2c29WOHNTR2NIMFhUeGxDV2RnaGF6cVVna0xHRXhWUEZmaTdpR1VtS0dUMzJMUXVDWGRp0gGOAUFVX3lxTFBILWJrMTNKMlM0dEl6WDFVLWI4VXpGTGtBdGppTVpSQkVmekRMRkEwa2c5T0pWXzVzVFZpWWxFOGItaUdhRmdjdXZwT1l1NU9kcmxvLVgtRnFpVDg2MVZCWEExcGdJclVMVzd3cURpLV84R1hKV2dwMi0tbEtiRG9SVHV0M3ZQeG5LZE45akE?oc=5,CNBC,en,Iran oil price,recent_middle_east_oil_risk,relevant,2,-1,0,1,0
2026-05-24,Oil prices fall 7% after Trump says Iran talks are 'proceeding nicely' - CNBC,https://news.google.com/rss/articles/CBMikAFBVV95cUxQc2pzeTdXRElwa2VRR2wzSnc2eWhYdnpvdEFPX0lqSUpSeVdzRTgxX2MxUTgtNnhtMThaUkp6N3U5LW1jc3lTYmM3dVZKSXJwdnZoeHMtYk16UElHbFVnVWhKa1VSS1UzZUxON3cwVURRSlQ0d2xCTmRYQ1Y5MHQ3cUp6WFF2NHR4T2pORmMwaXnSAZYBQVVfeXFMTWYxYXhfUmdjMkFMdlFnVzN3cWxMRC15YVgtTXRTcXZBOHk4MmJIQnpDZU9BQ0NQUFNZc0d1c0JpWEZpMXNTUERuR2YyU21WeUxjdU83X1dJZ0RSV2dBUHRLSUJmaE9vZGNTZVduS21QcEczamoydS01UXhMNWlWQ1RLQW02QVNxcFRKYnBkTlA2Z09XMzB3?oc=5,CNBC,en,Iran oil price,recent_middle_east_oil_risk,relevant,2,-1,0,1,0
2026-05-26,Global Oil Price Rises After U.S. Strikes in Iran Cloud Peace Deal - The New York Times,https://news.google.com/rss/articles/CBMidkFVX3lxTFBDb0ZISnNqX0dMNHVHNER2VWU3M3gxZGxGdUxWcTd5SkZHWndsMDRyeFo0Q0FSRkhidkhlUEJpYnczUVhkaVNwZlRJcHJFOE94NkhrZ2E3SGJ5WWR0ajJNMWFkNUM5alJLdmI5M3Q3YThHQXRSOEE?oc=5,The New York Times,en,Iran oil price,recent_middle_east_oil_risk,relevant,2,6,1,0,0
2026-05-26,Global Oil Prices Rise as Fresh U.S. Strikes on Iran Cast Shadow Over Trump's Promised Peace Deal - Time Magazine,https://news.google.com/rss/articles/CBMiqAFBVV95cUxPOEpmalVrTmZmYXlHSGlNTUwwRGtaaWFPWEdoNE5md1JFZmJqd1B6ZXR0bkwwcFBKdnl6MkdlaWp0R3E4NFNHQ3hsOVNiNVRWMlo1WTlDcDNoaFF6MGt3aHRFTURQNXlRbmM2aDA5UElBRWNpaG1rams1aU1NYXNWbkt3S05wb3kwc2NLQnMwbWtPYW1xT0hQQjBhMU1MSm02OHpmTkFYdTM?oc=5,Time Magazine,en,Iran oil price,recent_middle_east_oil_risk,relevant,2,4,1,0,0
2026-05-26,Iran’s threat to control the Strait of Hormuz is rattling oil markets: 'People are afraid' - CNBC,https://news.google.com/rss/articles/CBMingFBVV95cUxPaWdOWE85T3N3SG91Q0lfY29teDB3X1RhTzVoeUhlanQ2Vy1lWVpHRWViaVEtOEpTZ1hpMHJ5NjJTRDlnbmJYMFdhQTJkOTZ2ZVNzNHFGbzdrcFFSM1k3VUphVjdIZkxHOFNsdVJiZUxDcVEzR21vTTJ2aXlJU211eTY0SW9tTnNwTjBUQkdyLUI0MkgxODBDMHpTZXdYQdIBowFBVV95cUxNZ2FDNFlHZXVtSkVDODFjcVRNVTFmZTFqMlJOUExXSVVCemVpSEU2bndFcTFQYTZyZlhTZVBKQlk2Zm9jN2RzcEctVV9XRWcxUmVmSG5Kem8tUWp4U2hTN24tT2FzTFNMVUJJYVdaQjA1WFo2UUd3ZC1IV0FUZS13eUR5OTg1RUxHX2VLTXhvSFdMeHZ3X0dpNnRZWGZzT2RrOUln?oc=5,CNBC,en,Strait of Hormuz oil,recent_middle_east_oil_risk,relevant,5,5,1,0,0
2026-05-26,Piper Sandler says Strait of Hormuz to remain closed for months and oil to hit new highs - CNBC,https://news.google.com/rss/articles/CBMiwwFBVV95cUxPTTF6a1RJXzh0Q0RvQnBrQkJzZ2dxaEMzTW9QVnVsQk9KUER0VE1KSDdNZDhOcFFEdktIYjA1Y0xIV1RWUXJtazdyN25zYjE0dy1ORGNlWHFWNkFxWFRxVVVWaU9jaE5KbU1lQlF6M3F4UVV2OGkteVVpeVctZ2E3SkdObkFCZG9MQWtLaktJZWVwaWtOSFBoaVdGRnVlYXEzSmY3dGJfNTJPZ280Wm8xb292TV9pQnhYVGFzQ3paZTE4ZUXSAcgBQVVfeXFMTmU4aHpNSFRqZlp6Z0k0cDBpd0ZaTWdQd1VNeXBqcld4NDNPbjlGTWFXcXBGRnYwMFNaZy1uNlRYYWFFSVNVMlp1SFYzX3hNS3VzTDJPMHl5SnhiX3o4eEU0dFZDOWVpRDhfTkRtWExHTE5zV2VOOFkyUTV4eGdubVpWUHc4RDBYQndLM294bmQ5Q3h3Wkhnc1lxSFVSVW4xVUZDNGc5SGhsVEhDbmtPVm1oZ0RkNzBySktKM3RWOVVkMXg4bElISnk?oc=5,CNBC,en,Strait of Hormuz oil,recent_middle_east_oil_risk,relevant,3,3,1,0,0
2026-05-27,Oil Prices Fall as Uneasy Truce Holds Between U.S. and Iran - The New York Times,https://news.google.com/rss/articles/CBMidkFVX3lxTE5XZGRkZ3J0UDA3d1hfcEIyT0NleGFWeDEyLXJta1F0dXNKRkFma3FCQ01BSWs5UHllb195VGV6VWVMSWIzQlp4NlEzLXVYZm5Rd2hzZExaNXBzeV9ZUzlqNXN3REl1NkhuaEJWb0VhUmRMejgzUGc?oc=5,The New York Times,en,Iran oil price,recent_middle_east_oil_risk,relevant,2,-1,0,1,0
2026-05-27,Oil Prices Fall as Traders Bet on U.S.-Iran Deal - Crude Oil Prices Today | OilPrice.com,https://news.google.com/rss/articles/CBMipAFBVV95cUxORlVTRDIzSU91d1VOT0d6MFVBZHFSNkF3NVp2WGxEb0xXYk1tdEh3OE5NM04tQW5qaEVBQmZXZTRqVER4OG95bUtVWXUxZjJWQ1dGRTZfMkl5SFpWZGw4RHZJRllNc3JEbXA0bDBuV0Z0X3czdEQtX0xqM1llbXpRbHpacjkzckhaa0RvYzFLaFdpNFBxc1NidDJ5WGhrdlo1RE5IetIBqgFBVV95cUxQazdDMEd3MG1iTVc5aFlMY3Z6cF9NYnIydXRpV3RKMmw3SDdyaFV0RTdtMzVYLVEwTTY0UVJtOVdRYlI4V295cnpDamg1a1ZlYWcteTY2V1ZQU3RIS0RiaFU0LWhXN2ZTd3B4bmtQWktTenFrMEl2bjRqbGxTcHhzNkloZnZDR2FFWm9EeFNKV1d1V3VJVW9oRVVobHdjaU5ORWZsc2p1WFpkZw?oc=5,Crude Oil Prices Today | OilPrice.com,en,Iran oil price,recent_middle_east_oil_risk,relevant,2,-1,0,1,0
2026-05-27,Oil prices fall more than 5% after Rubio says U.S. will give Iran talks 'every chance to succeed' - CNBC,https://news.google.com/rss/articles/CBMigAFBVV95cUxPMlpCNEZwaTgzSlVsbDJIOFNqYXBoMTU1N21kMEhKVHFjNExua1ctZ2ltUG5vbnlfeFlUT3duR2NHajZsUGVDRVIzcVVUUXpvNkxzbEJtTXBhZHZCZlJWbTdZR0wwSkM4OVhaa0o2cDVlU3ZraHh5QW9LeU9WaG5hUtIBhgFBVV95cUxQSkZ2MVZyYk1fanl1ZE1OLUtic194cWo1dTlZRjVCcmNBbDh0U3Nnc2t2alFXSTFzTkRPTjhYc05LVDJQcGFhUlN1VmRndXRYUkYzS3AyU0MwemdZWGRCSnBwVDNwMEd4Zk81QnVDQjExMVFycGg2Mkp2cm5XaTVPNkpzVHFhdw?oc=5,CNBC,en,Iran oil price,recent_middle_east_oil_risk,relevant,2,-1,0,1,0
2026-05-27,Oil Futures Fall on Hopes for U.S.-Iran Agreement - WSJ,https://news.google.com/rss/articles/CBMitwFBVV95cUxPeElqTWczRW5XazZxek1CZ1duaE5ZUERVdEhEdlhpTmNUbnNYdEpydVVValVySm54UzdHS0lpVnliUG9IX2RIaDc2Q2duOU5MZHZDZzVaWmlYbnczaFMtS2pWZlpjOTJPZm5CRnRCa3ltTkRGSWVUV0VuMHp4anAxOFRTRzZXRVdVMlFFNjN5TmVEYXYwWFoya3lxUXZhcWxFMlRJRVhUeVZIZVpFUkp2R21mMnBhYkE?oc=5,WSJ,en,Iran oil price,recent_middle_east_oil_risk,relevant,2,-1,0,1,0
2026-05-28,Oil Prices Jump After Fresh U.S. Strikes on Iran - Crude Oil Prices Today | OilPrice.com,https://news.google.com/rss/articles/CBMipAFBVV95cUxQVWVUMExueTVKd1phdndWZ3RENEhhYUtjWGpybWR0TGlQakdzTmFRaWI3NVJMeW9uMTJnTUNXeHVTTnFUc0JHQzhDa3AtdG5PSnlvbFVzeUVqTlByWWkxMGVwUmlHQ3RJZDFkWEt3dHROQ1JyeE5QczV3Z2VFcnJaanRkLVJDMEQ4a3B5Z2xPUDJuTmJOMUJ6OVdVSXlMckl6aXA4QtIBqgFBVV95cUxOZVlfTkZGUzlPN1MzVElvR01oODJoWTZlUzVzOU9HOTlCeWF4UDQyVjBqalZIc0lYNFRYdzRkdUpBRkVJVmFrbHhOVGlVQk9mQlpoWGl0TXJfQl8xOUcxalQtQk5xd0ItalplUTJlR0tFR2tLSndkUU1XMzRzX0dOTDE2WXpFYnhneU5Hc0RWbjl5MmNjTlVGeUpYeXBWcXE5cGdqdG52cnEwQQ?oc=5,Crude Oil Prices Today | OilPrice.com,en,Iran oil price,recent_middle_east_oil_risk,relevant,2,2,1,0,0
2026-05-28,Oil Prices Climb on Renewed Hostilities in Middle East - The New York Times,https://news.google.com/rss/articles/CBMidkFVX3lxTFA3dkRJeWVEaHVQdUZ3b0hMeHN3MkM1UTh3SVNKOVpQaFRPSDU3ZVMyQVhoZUppWjB3TEEzWG5jNUdqYjh4bk1GcVJtTHYtUlRrdUlycmpRc0NQTUY3U0FvVjFPQm4tdDZvNnd2NXZ5ZXU3V2pWdXc?oc=5,The New York Times,en,Middle East oil price,recent_middle_east_oil_risk,relevant,2,2,1,0,0
2026-05-28,Oil prices jump 2% after Iran says it targeted U.S. airbase following fresh American strikes - CNBC,https://news.google.com/rss/articles/CBMipwFBVV95cUxOcHdFSU9lYXpqMVhuZDh0NndsLVpMWXNFUHVhelZNWjhveFNYYmpaTHRaZVN3MUR0UGptVlNyRElCRTd2YWtVNVNpMmtnNjhYMWU4anZvbVVObXJ0YlRRRlRtQUd3NEdfdDBZdi1rM19sM0gwZjVtcVRLT0Ywb3BjVmtXYzhEbzV0LU1CYWFWSTZjRWlRX2hQajdrbUNkM1pESHlvbzlZWdIBrAFBVV95cUxOSkl4NnlNWGhvSXRrbDRhMk9QcjVYSDB1VmtFclhBT3lMN2V6dXE2TEdQa1BmTHdadWg1UVNVTHM2UDE0VUhXYjR1T0t4NnZ0d0lkbG9xcTYwaHRONTRreFp6NFAzLUZaYXl3UmFzSV9hZTFDVnJYREFrdjM1RVVJN1AtbndXcEpud3lpaWRnX2xZQlFwYTUxeFNydW1qZW5CY3A0QmM4RXA0UFlQ?oc=5,CNBC,en,Strait of Hormuz oil,recent_middle_east_oil_risk,relevant,5,5,1,0,0
