date,diesel_price_krw
2008-04-15,1585.35
2008-04-16,1600.81
2008-04-17,1594.53
2008-04-18,1602.15
2008-04-19,1606.71
2008-04-20,1608.21
2008-04-21,1610.82
2008-04-22,1614.47
2008-04-23,1620.02
2008-04-24,1635.52
2008-04-25,1646.75
2008-04-26,1655.3
2008-04-27,1652.37
2008-04-28,1657.51
2008-04-29,1660.29
2008-04-30,1663.93
2008-05-01,1673.26
2008-05-02,1678.24
2008-05-03,1682.21
2008-05-04,1683.82
2008-05-05,1684.45
2008-05-06,1685.74
2008-05-07,1687.59
2008-05-08,1689.63
2008-05-09,1693.17
2008-05-10,1696.56
2008-05-11,1698.54
2008-05-12,1699.45
2008-05-13,1701.1
2008-05-14,1708.19
2008-05-15,1731.62
2008-05-16,1745.05
2008-05-17,1753.52
2008-05-18,1756.24
2008-05-19,1759.28
2008-05-20,1763.87
2008-05-21,1781.44
2008-05-22,1824.86
2008-05-23,1843.96
2008-05-24,1852.46
2008-05-25,1855.06
2008-05-26,1858.86
2008-05-27,1861.59
2008-05-28,1868.6
2008-05-29,1892.24
2008-05-30,1903.62
2008-05-31,1908.62
2008-06-01,1912.19
2008-06-02,1914.49
2008-06-03,1916.94
2008-06-04,1917.92
2008-06-05,1914.49
2008-06-06,1913.47
2008-06-07,1913.36
2008-06-08,1913.57
2008-06-09,1912.17
2008-06-10,1912.24
2008-06-11,1911.32
2008-06-12,1908.04
2008-06-13,1907.2
2008-06-14,1906.58
2008-06-15,1906.23
2008-06-16,1905.27
2008-06-17,1905.21
2008-06-18,1905.52
2008-06-19,1906.96
2008-06-20,1907.58
2008-06-21,1907.46
2008-06-22,1907.34
2008-06-23,1906.0
2008-06-24,1906.07
2008-06-25,1905.52
2008-06-26,1905.83
2008-06-27,1909.36
2008-06-28,1905.64
2008-06-29,1905.63
2008-06-30,1904.41
2008-07-01,1904.82
2008-07-02,1906.15
2008-07-03,1908.98
2008-07-04,1910.45
2008-07-05,1911.67
2008-07-06,1912.65
2008-07-07,1914.09
2008-07-08,1916.52
2008-07-09,1921.0
2008-07-10,1931.56
2008-07-11,1937.38
2008-07-12,1941.77
2008-07-13,1943.47
2008-07-14,1943.84
2008-07-15,1945.81
2008-07-16,1947.75
2008-07-17,1943.8
2008-07-18,1942.85
2008-07-19,1941.98
2008-07-20,1941.57
2008-07-21,1938.79
2008-07-22,1937.7
2008-07-23,1933.82
2008-07-24,1921.33
2008-07-25,1912.13
2008-07-26,1907.43
2008-07-27,1904.92
2008-07-28,1900.5
2008-07-29,1898.01
2008-07-30,1892.6
2008-07-31,1879.16
2008-08-01,1867.08
2008-08-02,1862.44
2008-08-03,1860.14
2008-08-04,1854.98
2008-08-05,1851.61
2008-08-06,1845.62
2008-08-07,1832.42
2008-08-08,1822.06
2008-08-09,1815.0
2008-08-10,1811.93
2008-08-11,1806.28
2008-08-12,1799.37
2008-08-13,1789.36
2008-08-14,1770.6
2008-08-15,1759.76
2008-08-16,1753.28
2008-08-17,1749.72
2008-08-18,1742.59
2008-08-19,1736.92
2008-08-20,1731.05
2008-08-21,1716.91
2008-08-22,1706.98
2008-08-23,1701.07
2008-08-24,1698.31
2008-08-25,1692.73
2008-08-26,1688.32
2008-08-27,1684.8
2008-08-28,1680.26
2008-08-29,1678.08
2008-08-30,1676.3
2008-08-31,1675.48
2008-09-01,1672.64
2008-09-02,1671.47
2008-09-03,1670.72
2008-09-04,1673.65
2008-09-05,1672.25
2008-09-06,1672.54
2008-09-07,1672.56
2008-09-08,1671.38
2008-09-09,1672.24
2008-09-10,1672.23
2008-09-11,1671.49
2008-09-12,1672.32
2008-09-13,1672.44
2008-09-14,1672.28
2008-09-15,1672.03
2008-09-16,1670.34
2008-09-17,1669.32
2008-09-18,1658.06
2008-09-19,1652.13
2008-09-20,1647.44
2008-09-21,1645.74
2008-09-22,1642.91
2008-09-23,1642.09
2008-09-24,1641.0
2008-09-25,1642.27
2008-09-26,1642.83
2008-09-27,1642.77
2008-09-28,1642.32
2008-09-29,1641.19
2008-09-30,1641.55
2008-10-01,1642.77
2008-10-02,1649.86
2008-10-03,1650.41
2008-10-04,1650.87
2008-10-05,1651.16
2008-10-06,1650.02
2008-10-07,1650.59
2008-10-08,1648.28
2008-10-09,1637.09
2008-10-10,1631.97
2008-10-11,1628.78
2008-10-12,1627.45
2008-10-13,1625.09
2008-10-14,1622.46
2008-10-15,1620.22
2008-10-16,1615.64
2008-10-17,1613.21
2008-10-18,1608.42
2008-10-19,1606.92
2008-10-20,1601.91
2008-10-21,1598.85
2008-10-22,1592.71
2008-10-23,1570.3
2008-10-24,1548.11
2008-10-25,1533.17
2008-10-26,1527.75
2008-10-27,1518.02
2008-10-28,1511.0
2008-10-29,1505.27
2008-10-30,1498.93
2008-10-31,1492.93
2008-11-01,1486.44
2008-11-02,1483.71
2008-11-03,1478.21
2008-11-04,1473.68
2008-11-05,1468.78
2008-11-06,1460.62
2008-11-07,1450.98
2008-11-08,1445.36
2008-11-09,1443.46
2008-11-10,1439.84
2008-11-11,1434.34
2008-11-12,1429.57
2008-11-13,1421.46
2008-11-14,1412.47
2008-11-15,1406.66
2008-11-16,1404.48
2008-11-17,1399.49
2008-11-18,1395.44
2008-11-19,1391.58
2008-11-20,1384.83
2008-11-21,1377.49
2008-11-22,1373.35
2008-11-23,1371.33
2008-11-24,1367.14
2008-11-25,1364.38
2008-11-26,1361.16
2008-11-27,1356.67
2008-11-28,1352.8
2008-11-29,1349.9
2008-11-30,1348.67
2008-12-01,1344.27
2008-12-02,1341.89
2008-12-03,1340.2
2008-12-04,1337.44
2008-12-05,1336.22
2008-12-06,1335.17
2008-12-07,1334.54
2008-12-08,1332.83
2008-12-09,1331.7
2008-12-10,1328.91
2008-12-11,1320.02
2008-12-12,1311.88
2008-12-13,1306.09
2008-12-14,1304.14
2008-12-15,1300.57
2008-12-16,1297.91
2008-12-17,1295.38
2008-12-18,1289.05
2008-12-19,1283.77
2008-12-20,1280.75
2008-12-21,1279.4
2008-12-22,1276.63
2008-12-23,1274.95
2008-12-24,1273.36
2008-12-25,1271.64
2008-12-26,1270.23
2008-12-27,1270.0
2008-12-28,1269.49
2008-12-29,1268.69
2008-12-30,1268.45
2008-12-31,1269.05
2009-01-01,1275.89
2009-01-02,1275.86
2009-01-03,1276.27
2009-01-04,1276.22
2009-01-05,1275.7
2009-01-06,1276.33
2009-01-07,1277.18
2009-01-08,1281.24
2009-01-09,1283.18
2009-01-10,1285.27
2009-01-11,1286.02
2009-01-12,1286.38
2009-01-13,1287.37
2009-01-14,1289.86
2009-01-15,1298.12
2009-01-16,1303.96
2009-01-17,1309.16
2009-01-18,1311.29
2009-01-19,1313.66
2009-01-20,1317.42
2009-01-21,1321.99
2009-01-22,1325.4
2009-01-23,1330.12
2009-01-24,1333.51
2009-01-25,1335.08
2009-01-26,1335.54
2009-01-27,1335.73
2009-01-28,1335.85
2009-01-29,1333.16
2009-01-30,1332.71
2009-01-31,1332.55
2009-02-01,1332.07
2009-02-02,1331.64
2009-02-03,1331.17
2009-02-04,1331.02
2009-02-05,1330.83
2009-02-06,1330.71
2009-02-07,1330.44
2009-02-08,1330.28
2009-02-09,1329.49
2009-02-10,1328.94
2009-02-11,1327.82
2009-02-12,1324.67
2009-02-13,1323.08
2009-02-14,1321.72
2009-02-15,1321.09
2009-02-16,1319.87
2009-02-17,1318.71
2009-02-18,1317.64
2009-02-19,1316.11
2009-02-20,1314.36
2009-02-21,1313.48
2009-02-22,1312.91
2009-02-23,1311.56
2009-02-24,1310.26
2009-02-25,1308.94
2009-02-26,1306.75
2009-02-27,1305.73
2009-02-28,1305.34
2009-03-01,1304.45
2009-03-02,1303.36
2009-03-03,1302.27
2009-03-04,1301.93
2009-03-05,1305.12
2009-03-06,1306.92
2009-03-07,1307.86
2009-03-08,1308.16
2009-03-09,1307.68
2009-03-10,1307.53
2009-03-11,1307.7
2009-03-12,1307.14
2009-03-13,1307.71
2009-03-14,1307.57
2009-03-15,1307.7
2009-03-16,1306.74
2009-03-17,1306.57
2009-03-18,1305.93
2009-03-19,1303.46
2009-03-20,1300.93
2009-03-21,1299.16
2009-03-22,1297.29
2009-03-23,1297.46
2009-03-24,1297.01
2009-03-25,1297.26
2009-03-26,1302.68
2009-03-27,1307.67
2009-03-28,1310.76
2009-03-29,1312.45
2009-03-30,1313.24
2009-03-31,1315.05
2009-04-01,1319.65
2009-04-02,1324.41
2009-04-03,1329.84
2009-04-04,1332.83
2009-04-05,1334.02
2009-04-06,1334.62
2009-04-07,1335.67
2009-04-08,1335.72
2009-04-09,1333.78
2009-04-10,1334.32
2009-04-11,1334.51
2009-04-12,1334.8
2009-04-13,1334.39
2009-04-14,1334.52
2009-04-15,1334.64
2009-04-16,1333.87
2009-04-17,1334.4
2009-04-18,1334.4
2009-04-19,1335.8
2009-04-20,1333.97
2009-04-21,1334.08
2009-04-22,1333.64
2009-04-23,1332.74
2009-04-24,1332.75
2009-04-25,1332.63
2009-04-26,1332.7
2009-04-27,1329.34
2009-04-28,1331.23
2009-04-29,1330.22
2009-04-30,1328.87
2009-05-01,1326.17
2009-05-02,1325.16
2009-05-03,1324.69
2009-05-04,1323.07
2009-05-05,1321.01
2009-05-06,1318.9
2009-05-07,1316.76
2009-05-08,1315.77
2009-05-09,1315.54
2009-05-10,1315.61
2009-05-11,1315.39
2009-05-12,1317.69
2009-05-13,1318.93
2009-05-14,1319.15
2009-05-15,1320.57
2009-05-16,1321.47
2009-05-17,1321.75
2009-05-18,1321.56
2009-05-19,1321.97
2009-05-20,1322.38
2009-05-21,1322.79
2009-05-22,1323.33
2009-05-23,1324.32
2009-05-24,1324.65
2009-05-25,1324.81
2009-05-26,1325.66
2009-05-27,1326.22
2009-05-28,1325.96
2009-05-29,1326.97
2009-05-30,1327.1
2009-05-31,1327.55
2009-06-01,1327.75
2009-06-02,1332.57
2009-06-03,1333.58
2009-06-04,1337.03
2009-06-05,1341.98
2009-06-06,1346.69
2009-06-07,1348.93
2009-06-08,1352.36
2009-06-09,1367.88
2009-06-10,1381.55
2009-06-11,1390.05
2009-06-12,1399.87
2009-06-13,1407.46
2009-06-14,1409.31
2009-06-15,1411.54
2009-06-16,1418.06
2009-06-17,1422.64
2009-06-18,1425.47
2009-06-19,1428.95
2009-06-20,1431.29
2009-06-21,1432.38
2009-06-22,1433.43
2009-06-23,1436.94
2009-06-24,1439.44
2009-06-25,1441.03
2009-06-26,1442.42
2009-06-27,1444.13
2009-06-28,1444.93
2009-06-29,1445.04
2009-06-30,1445.09
2009-07-01,1445.37
2009-07-02,1444.49
2009-07-03,1445.27
2009-07-04,1445.27
2009-07-05,1445.22
2009-07-06,1444.78
2009-07-07,1444.33
2009-07-08,1443.13
2009-07-09,1442.19
2009-07-10,1441.44
2009-07-11,1440.61
2009-07-12,1440.46
2009-07-13,1438.7
2009-07-14,1433.93
2009-07-15,1429.54
2009-07-16,1424.53
2009-07-17,1421.44
2009-07-18,1418.74
2009-07-19,1417.4
2009-07-20,1414.19
2009-07-21,1411.32
2009-07-22,1409.41
2009-07-23,1407.56
2009-07-24,1407.37
2009-07-25,1406.84
2009-07-26,1406.66
2009-07-27,1405.84
2009-07-28,1409.7
2009-07-29,1410.45
2009-07-30,1411.18
2009-07-31,1412.91
2009-08-01,1414.24
2009-08-02,1414.88
2009-08-03,1415.5
2009-08-04,1418.9
2009-08-05,1422.88
2009-08-06,1423.56
2009-08-07,1426.33
2009-08-08,1429.31
2009-08-09,1431.33
2009-08-10,1433.6
2009-08-11,1439.69
2009-08-12,1444.13
2009-08-13,1446.89
2009-08-14,1451.12
2009-08-15,1453.19
2009-08-16,1454.1
2009-08-17,1454.83
2009-08-18,1457.63
2009-08-19,1458.63
2009-08-20,1459.34
2009-08-21,1461.46
2009-08-22,1462.96
2009-08-23,1463.73
2009-08-24,1464.04
2009-08-25,1464.99
2009-08-26,1465.58
2009-08-27,1465.41
2009-08-28,1466.71
2009-08-29,1467.06
2009-08-30,1467.28
2009-08-31,1466.97
2009-09-01,1468.73
2009-09-02,1469.28
2009-09-03,1468.76
2009-09-04,1469.13
2009-09-05,1468.9
2009-09-06,1468.87
2009-09-07,1468.0
2009-09-08,1466.42
2009-09-09,1464.87
2009-09-10,1463.11
2009-09-11,1462.3
2009-09-12,1461.27
2009-09-13,1460.69
2009-09-14,1458.64
2009-09-15,1455.99
2009-09-16,1453.43
2009-09-17,1450.87
2009-09-18,1449.48
2009-09-19,1448.03
2009-09-20,1447.51
2009-09-21,1445.69
2009-09-22,1443.37
2009-09-23,1441.28
2009-09-24,1438.81
2009-09-25,1437.25
2009-09-26,1435.5
2009-09-27,1434.45
2009-09-28,1432.02
2009-09-29,1427.63
2009-09-30,1423.95
2009-10-01,1419.75
2009-10-02,1418.97
2009-10-03,1418.22
2009-10-04,1417.69
2009-10-05,1415.1
2009-10-06,1411.16
2009-10-07,1407.67
2009-10-08,1404.54
2009-10-09,1402.07
2009-10-10,1400.18
2009-10-11,1399.12
2009-10-12,1396.59
2009-10-13,1394.79
2009-10-14,1391.85
2009-10-15,1390.95
2009-10-16,1391.59
2009-10-17,1391.4
2009-10-18,1391.21
2009-10-19,1390.96
2009-10-20,1395.98
2009-10-21,1398.23
2009-10-22,1399.95
2009-10-23,1405.37
2009-10-24,1411.57
2009-10-25,1415.07
2009-10-26,1418.8
2009-10-27,1429.3
2009-10-28,1434.65
2009-10-29,1437.02
2009-10-30,1439.57
2009-10-31,1441.05
2009-11-01,1442.62
2009-11-02,1442.89
2009-11-03,1445.88
2009-11-04,1446.81
2009-11-05,1447.82
2009-11-06,1449.03
2009-11-07,1450.61
2009-11-08,1451.46
2009-11-09,1451.63
2009-11-10,1453.32
2009-11-11,1454.36
2009-11-12,1454.35
2009-11-13,1455.3
2009-11-14,1455.8
2009-11-15,1456.12
2009-11-16,1455.88
2009-11-17,1454.45
2009-11-18,1454.69
2009-11-19,1453.7
2009-11-20,1454.22
2009-11-21,1454.09
2009-11-22,1454.15
2009-11-23,1453.82
2009-11-24,1452.9
2009-11-25,1453.17
2009-11-26,1452.0
2009-11-27,1451.99
2009-11-28,1451.79
2009-11-29,1451.78
2009-11-30,1450.99
2009-12-01,1449.01
2009-12-02,1448.29
2009-12-03,1446.89
2009-12-04,1447.37
2009-12-05,1447.3
2009-12-06,1447.11
2009-12-07,1446.93
2009-12-08,1447.1
2009-12-09,1447.77
2009-12-10,1447.19
2009-12-11,1447.33
2009-12-12,1446.95
2009-12-13,1446.8
2009-12-14,1446.07
2009-12-15,1443.13
2009-12-16,1442.32
2009-12-17,1440.63
2009-12-18,1440.29
2009-12-19,1442.68
2009-12-20,1442.24
2009-12-21,1437.93
2009-12-22,1434.63
2009-12-23,1433.42
2009-12-24,1431.95
2009-12-25,1431.69
2009-12-26,1431.35
2009-12-27,1431.37
2009-12-28,1430.6
2009-12-29,1431.98
2009-12-30,1432.64
2009-12-31,1432.56
2010-01-01,1433.24
2010-01-02,1433.12
2010-01-03,1433.11
2010-01-04,1432.97
2010-01-05,1435.79
2010-01-06,1438.2
2010-01-07,1440.07
2010-01-08,1442.09
2010-01-09,1444.78
2010-01-10,1446.25
2010-01-11,1447.84
2010-01-12,1450.87
2010-01-13,1454.62
2010-01-14,1456.13
2010-01-15,1457.96
2010-01-16,1459.24
2010-01-17,1459.87
2010-01-18,1460.04
2010-01-19,1458.39
2010-01-20,1458.41
2010-01-21,1457.59
2010-01-22,1457.69
2010-01-23,1457.49
2010-01-24,1457.56
2010-01-25,1456.85
2010-01-26,1453.8
2010-01-27,1452.9
2010-01-28,1451.3
2010-01-29,1450.71
2010-01-30,1449.79
2010-01-31,1449.17
2010-02-01,1447.29
2010-02-02,1444.85
2010-02-03,1444.15
2010-02-04,1443.24
2010-02-05,1443.08
2010-02-06,1442.83
2010-02-07,1442.76
2010-02-08,1442.17
2010-02-09,1442.14
2010-02-10,1442.27
2010-02-11,1442.12
2010-02-12,1442.33
2010-02-13,1442.41
2010-02-14,1442.9
2010-02-15,1442.33
2010-02-16,1441.36
2010-02-17,1441.51
2010-02-18,1440.59
2010-02-19,1440.9
2010-02-20,1440.92
2010-02-21,1441.0
2010-02-22,1440.88
2010-02-23,1442.45
2010-02-24,1443.68
2010-02-25,1443.84
2010-02-26,1445.17
2010-02-27,1445.58
2010-02-28,1446.28
2010-03-01,1446.61
2010-03-02,1448.29
2010-03-03,1450.28
2010-03-04,1452.04
2010-03-05,1454.54
2010-03-06,1456.08
2010-03-07,1457.19
2010-03-08,1457.83
2010-03-09,1459.04
2010-03-10,1460.79
2010-03-11,1461.55
2010-03-12,1463.82
2010-03-13,1466.05
2010-03-14,1467.2
2010-03-15,1468.32
2010-03-16,1471.27
2010-03-17,1474.02
2010-03-18,1474.97
2010-03-19,1476.91
2010-03-20,1478.05
2010-03-21,1478.84
2010-03-22,1479.42
2010-03-23,1479.93
2010-03-24,1481.19
2010-03-25,1481.31
2010-03-26,1482.19
2010-03-27,1482.89
2010-03-28,1483.34
2010-03-29,1483.22
2010-03-30,1482.96
2010-03-31,1483.25
2010-04-01,1482.78
2010-04-02,1483.97
2010-04-03,1484.29
2010-04-04,1484.61
2010-04-05,1484.72
2010-04-06,1486.39
2010-04-07,1488.02
2010-04-08,1488.9
2010-04-09,1491.52
2010-04-10,1493.47
2010-04-11,1494.84
2010-04-12,1496.39
2010-04-13,1503.55
2010-04-14,1509.05
2010-04-15,1512.54
2010-04-16,1515.93
2010-04-17,1518.36
2010-04-18,1519.57
2010-04-19,1520.38
2010-04-20,1521.05
2010-04-21,1522.27
2010-04-22,1522.65
2010-04-23,1523.48
2010-04-24,1523.91
2010-04-25,1524.38
2010-04-26,1524.27
2010-04-27,1523.34
2010-04-28,1523.35
2010-04-29,1523.18
2010-04-30,1523.39
2010-05-01,1523.88
2010-05-02,1523.9
2010-05-03,1523.91
2010-05-04,1525.42
2010-05-05,1526.3
2010-05-06,1526.27
2010-05-07,1526.53
2010-05-08,1526.77
2010-05-09,1526.86
2010-05-10,1526.56
2010-05-11,1526.45
2010-05-12,1526.77
2010-05-13,1526.4
2010-05-14,1526.5
2010-05-15,1526.38
2010-05-16,1526.5
2010-05-17,1526.05
2010-05-18,1524.76
2010-05-19,1523.11
2010-05-20,1522.63
2010-05-21,1522.18
2010-05-22,1521.99
2010-05-23,1521.79
2010-05-24,1521.25
2010-05-25,1518.18
2010-05-26,1515.9
2010-05-27,1514.08
2010-05-28,1511.89
2010-05-29,1510.39
2010-05-30,1509.6
2010-05-31,1508.47
2010-06-01,1507.21
2010-06-02,1506.1
2010-06-03,1505.27
2010-06-04,1504.65
2010-06-05,1504.05
2010-06-06,1503.7
2010-06-07,1503.39
2010-06-08,1504.18
2010-06-09,1504.03
2010-06-10,1503.94
2010-06-11,1504.16
2010-06-12,1504.13
2010-06-13,1504.24
2010-06-14,1504.41
2010-06-15,1505.28
2010-06-16,1505.93
2010-06-17,1506.25
2010-06-18,1506.85
2010-06-19,1507.24
2010-06-20,1507.48
2010-06-21,1508.3
2010-06-22,1511.72
2010-06-23,1513.64
2010-06-24,1515.16
2010-06-25,1517.5
2010-06-26,1518.44
2010-06-27,1518.91
2010-06-28,1518.86
2010-06-29,1519.42
2010-06-30,1520.21
2010-07-01,1521.36
2010-07-02,1521.75
2010-07-03,1522.02
2010-07-04,1522.15
2010-07-05,1522.35
2010-07-06,1521.84
2010-07-07,1521.43
2010-07-08,1521.26
2010-07-09,1521.09
2010-07-10,1520.86
2010-07-11,1520.74
2010-07-12,1520.61
2010-07-13,1519.52
2010-07-14,1518.83
2010-07-15,1518.37
2010-07-16,1517.91
2010-07-17,1517.51
2010-07-18,1517.32
2010-07-19,1516.63
2010-07-20,1516.44
2010-07-21,1516.06
2010-07-22,1515.65
2010-07-23,1515.36
2010-07-24,1515.17
2010-07-25,1515.06
2010-07-26,1514.82
2010-07-27,1514.92
2010-07-28,1514.66
2010-07-29,1514.52
2010-07-30,1514.22
2010-07-31,1514.0
2010-08-01,1513.68
2010-08-02,1513.35
2010-08-03,1512.87
2010-08-04,1512.57
2010-08-05,1512.4
2010-08-06,1512.84
2010-08-07,1512.77
2010-08-08,1512.74
2010-08-09,1513.01
2010-08-10,1514.91
2010-08-11,1515.78
2010-08-12,1516.49
2010-08-13,1516.65
2010-08-14,1516.79
2010-08-15,1516.76
2010-08-16,1516.84
2010-08-17,1515.54
2010-08-18,1514.67
2010-08-19,1514.25
2010-08-20,1513.93
2010-08-21,1513.69
2010-08-22,1513.41
2010-08-23,1513.12
2010-08-24,1511.42
2010-08-25,1510.52
2010-08-26,1509.8
2010-08-27,1509.16
2010-08-28,1508.43
2010-08-29,1508.03
2010-08-30,1507.42
2010-08-31,1505.66
2010-09-01,1503.47
2010-09-02,1502.26
2010-09-03,1501.43
2010-09-04,1500.84
2010-09-05,1500.53
2010-09-06,1501.14
2010-09-07,1500.47
2010-09-08,1500.17
2010-09-09,1499.87
2010-09-10,1499.85
2010-09-11,1499.62
2010-09-12,1499.46
2010-09-13,1499.43
2010-09-14,1499.02
2010-09-15,1498.7
2010-09-16,1498.51
2010-09-17,1498.52
2010-09-18,1498.42
2010-09-19,1498.26
2010-09-20,1498.43
2010-09-21,1498.49
2010-09-22,1498.51
2010-09-23,1498.43
2010-09-24,1498.54
2010-09-25,1498.37
2010-09-26,1498.23
2010-09-27,1498.01
2010-09-28,1497.19
2010-09-29,1496.62
2010-09-30,1496.2
2010-10-01,1495.34
2010-10-02,1494.87
2010-10-03,1494.68
2010-10-04,1494.51
2010-10-05,1494.59
2010-10-06,1494.26
2010-10-07,1494.02
2010-10-08,1494.12
2010-10-09,1494.09
2010-10-10,1494.11
2010-10-11,1494.35
2010-10-12,1496.12
2010-10-13,1497.0
2010-10-14,1497.72
2010-10-15,1498.47
2010-10-16,1499.36
2010-10-17,1499.83
2010-10-18,1500.73
2010-10-19,1502.02
2010-10-20,1503.05
2010-10-21,1503.94
2010-10-22,1504.7
2010-10-23,1505.24
2010-10-24,1505.4
2010-10-25,1506.16
2010-10-26,1506.25
2010-10-27,1506.6
2010-10-28,1506.92
2010-10-29,1507.16
2010-10-30,1507.27
2010-10-31,1507.3
2010-11-01,1507.62
2010-11-02,1507.91
2010-11-03,1507.85
2010-11-04,1507.94
2010-11-05,1508.11
2010-11-06,1508.25
2010-11-07,1508.21
2010-11-08,1508.52
2010-11-09,1509.18
2010-11-10,1509.61
2010-11-11,1510.02
2010-11-12,1511.15
2010-11-13,1511.95
2010-11-14,1512.36
2010-11-15,1513.33
2010-11-16,1517.58
2010-11-17,1520.49
2010-11-18,1522.57
2010-11-19,1523.94
2010-11-20,1525.04
2010-11-21,1525.49
2010-11-22,1526.41
2010-11-23,1527.2
2010-11-24,1527.97
2010-11-25,1528.88
2010-11-26,1529.65
2010-11-27,1530.14
2010-11-28,1530.46
2010-11-29,1531.05
2010-11-30,1531.49
2010-12-01,1532.49
2010-12-02,1533.05
2010-12-03,1535.05
2010-12-04,1534.6
2010-12-05,1534.77
2010-12-06,1535.81
2010-12-07,1541.15
2010-12-08,1546.0
2010-12-09,1550.03
2010-12-10,1554.26
2010-12-11,1557.35
2010-12-12,1559.01
2010-12-13,1561.62
2010-12-14,1566.56
2010-12-15,1570.26
2010-12-16,1574.01
2010-12-17,1576.99
2010-12-18,1579.03
2010-12-19,1580.22
2010-12-20,1582.27
2010-12-21,1584.84
2010-12-22,1587.61
2010-12-23,1590.64
2010-12-24,1593.37
2010-12-25,1595.33
2010-12-26,1596.45
2010-12-27,1598.55
2010-12-28,1602.39
2010-12-29,1605.08
2010-12-30,1607.42
2010-12-31,1609.34
2011-01-01,1611.14
2011-01-02,1611.79
2011-01-03,1612.85
2011-01-04,1614.02
2011-01-05,1615.0
2011-01-06,1615.81
2011-01-07,1616.9
2011-01-08,1617.52
2011-01-09,1617.75
2011-01-10,1618.36
2011-01-11,1618.7
2011-01-12,1619.1
2011-01-13,1619.62
2011-01-14,1620.19
2011-01-15,1620.32
2011-01-16,1620.53
2011-01-17,1621.16
2011-01-18,1622.69
2011-01-19,1623.53
2011-01-20,1624.21
2011-01-21,1624.78
2011-01-22,1625.2
2011-01-23,1625.21
2011-01-24,1625.81
2011-01-25,1627.44
2011-01-26,1628.4
2011-01-27,1629.49
2011-01-28,1630.53
2011-01-29,1631.24
2011-01-30,1631.66
2011-01-31,1632.73
2011-02-01,1634.49
2011-02-02,1635.33
2011-02-03,1635.65
2011-02-04,1635.93
2011-02-05,1636.18
2011-02-06,1636.35
2011-02-07,1637.18
2011-02-08,1640.42
2011-02-09,1643.12
2011-02-10,1645.57
2011-02-11,1647.39
2011-02-12,1648.49
2011-02-13,1649.0
2011-02-14,1650.02
2011-02-15,1651.81
2011-02-16,1652.85
2011-02-17,1653.52
2011-02-18,1654.64
2011-02-19,1655.45
2011-02-20,1655.91
2011-02-21,1658.15
2011-02-22,1662.41
2011-02-23,1664.82
2011-02-24,1668.51
2011-02-25,1671.5
2011-02-26,1673.61
2011-02-27,1674.48
2011-02-28,1677.12
2011-03-01,1684.26
2011-03-02,1693.06
2011-03-03,1698.87
2011-03-04,1704.46
2011-03-05,1709.07
2011-03-06,1711.15
2011-03-07,1715.67
2011-03-08,1726.4
2011-03-09,1734.78
2011-03-10,1742.71
2011-03-11,1749.06
2011-03-12,1753.27
2011-03-13,1754.99
2011-03-14,1758.26
2011-03-15,1762.64
2011-03-16,1765.54
2011-03-17,1768.33
2011-03-18,1771.15
2011-03-19,1773.5
2011-03-20,1774.62
2011-03-21,1777.13
2011-03-22,1781.33
2011-03-23,1784.07
2011-03-24,1786.43
2011-03-25,1788.55
2011-03-26,1790.1
2011-03-27,1790.78
2011-03-28,1792.4
2011-03-29,1795.25
2011-03-30,1796.87
2011-03-31,1798.01
2011-04-01,1799.56
2011-04-02,1800.4
2011-04-03,1800.77
2011-04-04,1801.41
2011-04-05,1801.84
2011-04-06,1801.62
2011-04-07,1788.45
2011-04-08,1784.32
2011-04-09,1782.77
2011-04-10,1782.09
2011-04-11,1781.08
2011-04-12,1784.61
2011-04-13,1785.44
2011-04-14,1786.6
2011-04-15,1787.66
2011-04-16,1788.78
2011-04-17,1789.18
2011-04-18,1790.13
2011-04-19,1792.02
2011-04-20,1793.58
2011-04-21,1794.59
2011-04-22,1795.48
2011-04-23,1796.02
2011-04-24,1796.24
2011-04-25,1796.83
2011-04-26,1796.62
2011-04-27,1796.56
2011-04-28,1796.45
2011-04-29,1796.45
2011-04-30,1796.29
2011-05-01,1796.21
2011-05-02,1796.18
2011-05-03,1796.49
2011-05-04,1796.62
2011-05-05,1796.76
2011-05-06,1796.75
2011-05-07,1796.77
2011-05-08,1796.73
2011-05-09,1796.6
2011-05-10,1793.96
2011-05-11,1792.8
2011-05-12,1790.71
2011-05-13,1787.82
2011-05-14,1785.79
2011-05-15,1784.87
2011-05-16,1783.11
2011-05-17,1778.22
2011-05-18,1772.25
2011-05-19,1767.27
2011-05-20,1762.75
2011-05-21,1759.31
2011-05-22,1757.85
2011-05-23,1754.54
2011-05-24,1749.77
2011-05-25,1745.71
2011-05-26,1742.22
2011-05-27,1739.59
2011-05-28,1737.94
2011-05-29,1736.77
2011-05-30,1735.38
2011-05-31,1734.45
2011-06-01,1732.01
2011-06-02,1730.75
2011-06-03,1730.24
2011-06-04,1730.02
2011-06-05,1729.53
2011-06-06,1729.38
2011-06-07,1729.63
2011-06-08,1729.45
2011-06-09,1729.4
2011-06-10,1729.3
2011-06-11,1729.45
2011-06-12,1729.4
2011-06-13,1729.64
2011-06-14,1731.15
2011-06-15,1732.63
2011-06-16,1733.64
2011-06-17,1735.41
2011-06-18,1736.8
2011-06-19,1737.39
2011-06-20,1738.96
2011-06-21,1741.63
2011-06-22,1743.57
2011-06-23,1745.0
2011-06-24,1746.06
2011-06-25,1746.62
2011-06-26,1746.84
2011-06-27,1747.25
2011-06-28,1746.28
2011-06-29,1745.87
2011-06-30,1745.98
2011-07-01,1745.63
2011-07-02,1745.78
2011-07-03,1745.86
2011-07-04,1746.12
2011-07-05,1745.8
2011-07-06,1746.19
2011-07-07,1743.61
2011-07-08,1744.18
2011-07-09,1744.8
2011-07-10,1744.92
2011-07-11,1745.6
2011-07-12,1748.98
2011-07-13,1751.05
2011-07-14,1752.15
2011-07-15,1753.44
2011-07-16,1754.31
2011-07-17,1754.8
2011-07-18,1755.88
2011-07-19,1757.67
2011-07-20,1758.91
2011-07-21,1760.01
2011-07-22,1760.93
2011-07-23,1761.61
2011-07-24,1761.93
2011-07-25,1762.85
2011-07-26,1763.63
2011-07-27,1764.43
2011-07-28,1765.25
2011-07-29,1766.06
2011-07-30,1766.62
2011-07-31,1766.94
2011-08-01,1767.73
2011-08-02,1768.25
2011-08-03,1768.74
2011-08-04,1769.09
2011-08-05,1769.26
2011-08-06,1769.28
2011-08-07,1769.2
2011-08-08,1769.17
2011-08-09,1767.99
2011-08-10,1766.12
2011-08-11,1764.88
2011-08-12,1763.53
2011-08-13,1762.75
2011-08-14,1762.37
2011-08-15,1762.08
2011-08-16,1760.69
2011-08-17,1758.85
2011-08-18,1756.96
2011-08-19,1755.26
2011-08-20,1753.81
2011-08-21,1752.83
2011-08-22,1751.24
2011-08-23,1749.66
2011-08-24,1748.11
2011-08-25,1746.61
2011-08-26,1745.25
2011-08-27,1744.27
2011-08-28,1743.83
2011-08-29,1743.18
2011-08-30,1742.54
2011-08-31,1742.35
2011-09-01,1741.03
2011-09-02,1740.53
2011-09-03,1740.15
2011-09-04,1739.86
2011-09-05,1739.85
2011-09-06,1741.21
2011-09-07,1741.68
2011-09-08,1742.21
2011-09-09,1742.86
2011-09-10,1743.67
2011-09-11,1743.96
2011-09-12,1744.25
2011-09-13,1744.47
2011-09-14,1744.87
2011-09-15,1745.05
2011-09-16,1745.37
2011-09-17,1745.57
2011-09-18,1745.63
2011-09-19,1746.1
2011-09-20,1746.92
2011-09-21,1747.82
2011-09-22,1748.35
2011-09-23,1749.22
2011-09-24,1750.08
2011-09-25,1750.53
2011-09-26,1751.76
2011-09-27,1754.36
2011-09-28,1756.2
2011-09-29,1757.61
2011-09-30,1758.67
2011-10-01,1759.88
2011-10-02,1760.43
2011-10-03,1761.02
2011-10-04,1761.93
2011-10-05,1762.55
2011-10-06,1763.22
2011-10-07,1764.12
2011-10-08,1764.63
2011-10-09,1764.9
2011-10-10,1765.5
2011-10-11,1766.18
2011-10-12,1767.09
2011-10-13,1767.96
2011-10-14,1768.93
2011-10-15,1769.89
2011-10-16,1770.48
2011-10-17,1771.83
2011-10-18,1774.43
2011-10-19,1776.53
2011-10-20,1777.87
2011-10-21,1779.23
2011-10-22,1780.32
2011-10-23,1780.75
2011-10-24,1781.48
2011-10-25,1783.67
2011-10-26,1784.43
2011-10-27,1783.76
2011-10-28,1784.19
2011-10-29,1784.3
2011-10-30,1784.25
2011-10-31,1784.45
2011-11-01,1785.16
2011-11-02,1785.0
2011-11-03,1784.91
2011-11-04,1784.71
2011-11-05,1784.45
2011-11-06,1784.26
2011-11-07,1784.09
2011-11-08,1782.81
2011-11-09,1782.15
2011-11-10,1781.74
2011-11-11,1781.83
2011-11-12,1781.86
2011-11-13,1781.91
2011-11-14,1782.17
2011-11-15,1784.88
2011-11-16,1786.39
2011-11-17,1787.87
2011-11-18,1788.72
2011-11-19,1789.44
2011-11-20,1789.77
2011-11-21,1790.33
2011-11-22,1792.21
2011-11-23,1793.5
2011-11-24,1794.45
2011-11-25,1794.94
2011-11-26,1795.52
2011-11-27,1795.65
2011-11-28,1795.96
2011-11-29,1795.22
2011-11-30,1794.52
2011-12-01,1795.08
2011-12-02,1795.11
2011-12-03,1794.99
2011-12-04,1794.85
2011-12-05,1794.96
2011-12-06,1794.95
2011-12-07,1794.85
2011-12-08,1794.84
2011-12-09,1794.85
2011-12-10,1794.89
2011-12-11,1794.74
2011-12-12,1794.8
2011-12-13,1794.27
2011-12-14,1793.85
2011-12-15,1793.53
2011-12-16,1793.0
2011-12-17,1792.49
2011-12-18,1792.11
2011-12-19,1791.93
2011-12-20,1791.35
2011-12-21,1790.88
2011-12-22,1790.39
2011-12-23,1790.11
2011-12-24,1789.89
2011-12-25,1789.61
2011-12-26,1789.5
2011-12-27,1789.14
2011-12-28,1788.79
2011-12-29,1788.58
2011-12-30,1788.24
2011-12-31,1788.1
2012-01-01,1789.24
2012-01-02,1788.86
2012-01-03,1787.53
2012-01-04,1787.26
2012-01-05,1786.99
2012-01-06,1787.04
2012-01-07,1787.59
2012-01-08,1787.79
2012-01-09,1788.12
2012-01-10,1791.23
2012-01-11,1793.65
2012-01-12,1796.16
2012-01-13,1798.17
2012-01-14,1800.83
2012-01-15,1801.89
2012-01-16,1803.76
2012-01-17,1807.46
2012-01-18,1810.59
2012-01-19,1813.36
2012-01-20,1816.31
2012-01-21,1818.39
2012-01-22,1819.73
2012-01-23,1820.23
2012-01-24,1820.6
2012-01-25,1821.34
2012-01-26,1822.23
2012-01-27,1822.96
2012-01-28,1823.21
2012-01-29,1823.44
2012-01-30,1823.8
2012-01-31,1823.53
2012-02-01,1823.04
2012-02-02,1823.12
2012-02-03,1823.18
2012-02-04,1823.19
2012-02-05,1823.25
2012-02-06,1823.39
2012-02-07,1823.49
2012-02-08,1823.69
2012-02-09,1823.9
2012-02-10,1824.09
2012-02-11,1824.47
2012-02-12,1824.58
2012-02-13,1824.86
2012-02-14,1826.9
2012-02-15,1827.69
2012-02-16,1828.32
2012-02-17,1828.83
2012-02-18,1830.7
2012-02-19,1830.8
2012-02-20,1830.01
2012-02-21,1831.32
2012-02-22,1832.64
2012-02-23,1833.83
2012-02-24,1835.06
2012-02-25,1836.64
2012-02-26,1837.24
2012-02-27,1838.39
2012-02-28,1840.74
2012-02-29,1842.33
2012-03-01,1844.58
2012-03-02,1845.86
2012-03-03,1846.68
2012-03-04,1846.92
2012-03-05,1847.81
2012-03-06,1848.76
2012-03-07,1849.21
2012-03-08,1849.96
2012-03-09,1850.32
2012-03-10,1850.78
2012-03-11,1850.91
2012-03-12,1851.36
2012-03-13,1851.83
2012-03-14,1852.27
2012-03-15,1852.71
2012-03-16,1853.16
2012-03-17,1853.71
2012-03-18,1853.91
2012-03-19,1854.29
2012-03-20,1855.92
2012-03-21,1856.94
2012-03-22,1857.69
2012-03-23,1858.13
2012-03-24,1858.58
2012-03-25,1858.79
2012-03-26,1859.15
2012-03-27,1859.54
2012-03-28,1860.02
2012-03-29,1860.4
2012-03-30,1860.59
2012-03-31,1860.98
2012-04-01,1861.32
2012-04-02,1861.67
2012-04-03,1862.88
2012-04-04,1863.64
2012-04-05,1864.54
2012-04-06,1865.28
2012-04-07,1866.03
2012-04-08,1866.16
2012-04-09,1866.58
2012-04-10,1866.91
2012-04-11,1867.16
2012-04-12,1867.5
2012-04-13,1868.17
2012-04-14,1867.72
2012-04-15,1867.9
2012-04-16,1868.06
2012-04-17,1867.51
2012-04-18,1867.64
2012-04-19,1867.3
2012-04-20,1868.28
2012-04-21,1867.98
2012-04-22,1867.93
2012-04-23,1866.52
2012-04-24,1865.8
2012-04-25,1865.07
2012-04-26,1864.55
2012-04-27,1863.98
2012-04-28,1863.43
2012-04-29,1863.03
2012-04-30,1862.83
2012-05-01,1862.06
2012-05-02,1861.38
2012-05-03,1860.57
2012-05-04,1859.71
2012-05-05,1859.06
2012-05-06,1858.65
2012-05-07,1858.2
2012-05-08,1856.94
2012-05-09,1855.63
2012-05-10,1854.21
2012-05-11,1852.55
2012-05-12,1851.14
2012-05-13,1850.26
2012-05-14,1849.34
2012-05-15,1845.52
2012-05-16,1842.47
2012-05-17,1839.32
2012-05-18,1836.42
2012-05-19,1833.99
2012-05-20,1832.58
2012-05-21,1830.63
2012-05-22,1827.21
2012-05-23,1824.45
2012-05-24,1824.29
2012-05-25,1821.67
2012-05-26,1817.42
2012-05-27,1816.31
2012-05-28,1815.58
2012-05-29,1814.35
2012-05-30,1812.45
2012-05-31,1810.86
2012-06-01,1808.12
2012-06-02,1806.15
2012-06-03,1804.89
2012-06-04,1803.58
2012-06-05,1801.21
2012-06-06,1798.85
2012-06-07,1797.22
2012-06-08,1795.41
2012-06-09,1793.81
2012-06-10,1792.91
2012-06-11,1791.88
2012-06-12,1788.59
2012-06-13,1785.48
2012-06-14,1782.35
2012-06-15,1779.63
2012-06-16,1777.16
2012-06-17,1776.07
2012-06-18,1774.51
2012-06-19,1771.55
2012-06-20,1769.14
2012-06-21,1766.6
2012-06-22,1763.91
2012-06-23,1761.25
2012-06-24,1759.9
2012-06-25,1758.24
2012-06-26,1753.72
2012-06-27,1749.21
2012-06-28,1748.42
2012-06-29,1740.51
2012-06-30,1737.66
2012-07-01,1734.94
2012-07-02,1731.82
2012-07-03,1728.05
2012-07-04,1724.96
2012-07-05,1722.67
2012-07-06,1721.28
2012-07-07,1720.18
2012-07-08,1719.28
2012-07-09,1718.84
2012-07-10,1719.6
2012-07-11,1719.05
2012-07-12,1719.25
2012-07-13,1719.0
2012-07-14,1719.08
2012-07-15,1718.8
2012-07-16,1719.0
2012-07-17,1719.49
2012-07-18,1719.87
2012-07-19,1720.4
2012-07-20,1721.3
2012-07-21,1723.06
2012-07-22,1723.8
2012-07-23,1725.52
2012-07-24,1729.2
2012-07-25,1732.5
2012-07-26,1736.1
2012-07-27,1739.83
2012-07-28,1742.91
2012-07-29,1744.23
2012-07-30,1746.05
2012-07-31,1748.23
2012-08-01,1751.13
2012-08-02,1753.2
2012-08-03,1754.87
2012-08-04,1756.34
2012-08-05,1756.88
2012-08-06,1757.97
2012-08-07,1759.32
2012-08-08,1760.79
2012-08-09,1762.15
2012-08-10,1764.18
2012-08-11,1766.27
2012-08-12,1767.16
2012-08-13,1768.73
2012-08-14,1774.51
2012-08-15,1778.65
2012-08-16,1781.75
2012-08-17,1785.53
2012-08-18,1789.0
2012-08-19,1790.76
2012-08-20,1793.18
2012-08-21,1799.01
2012-08-22,1803.36
2012-08-23,1806.88
2012-08-24,1810.12
2012-08-25,1813.23
2012-08-26,1814.85
2012-08-27,1817.3
2012-08-28,1820.42
2012-08-29,1822.84
2012-08-30,1824.76
2012-08-31,1826.34
2012-09-01,1828.79
2012-09-02,1829.84
2012-09-03,1831.13
2012-09-04,1832.28
2012-09-05,1833.23
2012-09-06,1834.06
2012-09-07,1835.22
2012-09-08,1835.8
2012-09-09,1835.96
2012-09-10,1836.6
2012-09-11,1837.13
2012-09-12,1837.81
2012-09-13,1838.05
2012-09-14,1838.59
2012-09-15,1839.25
2012-09-16,1839.46
2012-09-17,1839.76
2012-09-18,1840.08
2012-09-19,1840.46
2012-09-20,1840.67
2012-09-21,1840.66
2012-09-22,1840.39
2012-09-23,1839.98
2012-09-24,1840.15
2012-09-25,1838.44
2012-09-26,1837.18
2012-09-27,1835.98
2012-09-28,1834.93
2012-09-29,1833.95
2012-09-30,1833.59
2012-10-01,1833.06
2012-10-02,1832.45
2012-10-03,1831.64
2012-10-04,1830.87
2012-10-05,1829.56
2012-10-06,1828.3
2012-10-07,1827.63
2012-10-08,1826.85
2012-10-09,1825.48
2012-10-10,1824.34
2012-10-11,1823.17
2012-10-12,1822.52
2012-10-13,1822.05
2012-10-14,1821.68
2012-10-15,1821.48
2012-10-16,1821.16
2012-10-17,1820.87
2012-10-18,1820.57
2012-10-19,1820.25
2012-10-20,1819.9
2012-10-21,1819.61
2012-10-22,1819.39
2012-10-23,1818.21
2012-10-24,1817.16
2012-10-25,1815.68
2012-10-26,1813.72
2012-10-27,1811.7
2012-10-28,1810.73
2012-10-29,1809.32
2012-10-30,1806.02
2012-10-31,1803.18
2012-11-01,1798.79
2012-11-02,1796.08
2012-11-03,1793.97
2012-11-04,1792.81
2012-11-05,1791.75
2012-11-06,1789.58
2012-11-07,1787.76
2012-11-08,1785.84
2012-11-09,1783.93
2012-11-10,1782.5
2012-11-11,1781.63
2012-11-12,1781.08
2012-11-13,1779.45
2012-11-14,1777.87
2012-11-15,1776.77
2012-11-16,1775.42
2012-11-17,1774.05
2012-11-18,1773.23
2012-11-19,1772.5
2012-11-20,1771.01
2012-11-21,1769.82
2012-11-22,1768.75
2012-11-23,1767.83
2012-11-24,1767.02
2012-11-25,1766.49
2012-11-26,1766.23
2012-11-27,1765.97
2012-11-28,1765.38
2012-11-29,1764.94
2012-11-30,1764.52
2012-12-01,1763.67
2012-12-02,1763.21
2012-12-03,1762.94
2012-12-04,1762.81
2012-12-05,1762.43
2012-12-06,1762.26
2012-12-07,1762.62
2012-12-08,1762.53
2012-12-09,1762.19
2012-12-10,1762.38
2012-12-11,1762.22
2012-12-12,1761.94
2012-12-13,1761.79
2012-12-14,1761.41
2012-12-15,1761.17
2012-12-16,1760.76
2012-12-17,1760.9
2012-12-18,1759.71
2012-12-19,1759.19
2012-12-20,1758.71
2012-12-21,1758.7
2012-12-22,1757.92
2012-12-23,1757.64
2012-12-24,1757.47
2012-12-25,1756.84
2012-12-26,1756.96
2012-12-27,1757.1
2012-12-28,1756.18
2012-12-29,1756.13
2012-12-30,1755.74
2012-12-31,1755.68
2013-01-01,1754.81
2013-01-02,1754.43
2013-01-03,1754.02
2013-01-04,1753.94
2013-01-05,1753.65
2013-01-06,1753.14
2013-01-07,1752.87
2013-01-08,1752.6
2013-01-09,1751.99
2013-01-10,1751.44
2013-01-11,1751.15
2013-01-12,1750.93
2013-01-13,1750.59
2013-01-14,1750.6
2013-01-15,1750.32
2013-01-16,1749.97
2013-01-17,1749.66
2013-01-18,1749.06
2013-01-19,1748.78
2013-01-20,1748.48
2013-01-21,1748.3
2013-01-22,1747.82
2013-01-23,1747.09
2013-01-24,1746.77
2013-01-25,1746.08
2013-01-26,1745.79
2013-01-27,1745.41
2013-01-28,1745.4
2013-01-29,1745.39
2013-01-30,1745.21
2013-01-31,1744.93
2013-02-01,1744.66
2013-02-02,1744.89
2013-02-03,1744.67
2013-02-04,1744.84
2013-02-05,1746.35
2013-02-06,1747.12
2013-02-07,1748.11
2013-02-08,1750.71
2013-02-09,1753.18
2013-02-10,1753.99
2013-02-11,1754.66
2013-02-12,1756.63
2013-02-13,1759.14
2013-02-14,1762.02
2013-02-15,1765.91
2013-02-16,1769.58
2013-02-17,1770.94
2013-02-18,1773.38
2013-02-19,1777.15
2013-02-20,1780.58
2013-02-21,1783.58
2013-02-22,1786.41
2013-02-23,1788.81
2013-02-24,1790.24
2013-02-25,1791.47
2013-02-26,1793.07
2013-02-27,1794.04
2013-02-28,1794.45
2013-03-01,1795.05
2013-03-02,1795.9
2013-03-03,1796.03
2013-03-04,1796.56
2013-03-05,1796.2
2013-03-06,1796.03
2013-03-07,1795.7
2013-03-08,1795.08
2013-03-09,1794.53
2013-03-10,1794.35
2013-03-11,1794.09
2013-03-12,1793.41
2013-03-13,1792.35
2013-03-14,1791.48
2013-03-15,1789.58
2013-03-16,1788.14
2013-03-17,1787.25
2013-03-18,1786.35
2013-03-19,1784.42
2013-03-20,1782.67
2013-03-21,1781.29
2013-03-22,1779.74
2013-03-23,1778.53
2013-03-24,1777.75
2013-03-25,1777.04
2013-03-26,1775.06
2013-03-27,1773.38
2013-03-28,1771.7
2013-03-29,1770.27
2013-03-30,1768.98
2013-03-31,1768.3
2013-04-01,1766.71
2013-04-02,1765.53
2013-04-03,1764.15
2013-04-04,1762.55
2013-04-05,1761.28
2013-04-06,1759.87
2013-04-07,1759.36
2013-04-08,1758.73
2013-04-09,1757.4
2013-04-10,1756.47
2013-04-11,1755.42
2013-04-12,1754.55
2013-04-13,1753.73
2013-04-14,1753.14
2013-04-15,1752.7
2013-04-16,1750.46
2013-04-17,1747.97
2013-04-18,1745.28
2013-04-19,1742.14
2013-04-20,1739.52
2013-04-21,1738.24
2013-04-22,1736.51
2013-04-23,1732.22
2013-04-24,1728.57
2013-04-25,1724.78
2013-04-26,1721.87
2013-04-27,1719.43
2013-04-28,1718.17
2013-04-29,1717.04
2013-04-30,1715.11
2013-05-01,1711.91
2013-05-02,1710.23
2013-05-03,1708.55
2013-05-04,1707.03
2013-05-05,1705.87
2013-05-06,1705.28
2013-05-07,1703.65
2013-05-08,1702.32
2013-05-09,1701.16
2013-05-10,1700.32
2013-05-11,1699.45
2013-05-12,1698.76
2013-05-13,1698.35
2013-05-14,1697.65
2013-05-15,1697.03
2013-05-16,1696.58
2013-05-17,1696.02
2013-05-18,1695.87
2013-05-19,1695.5
2013-05-20,1695.62
2013-05-21,1695.8
2013-05-22,1696.03
2013-05-23,1696.73
2013-05-24,1696.53
2013-05-25,1696.11
2013-05-26,1695.86
2013-05-27,1696.02
2013-05-28,1696.48
2013-05-29,1696.24
2013-05-30,1696.34
2013-05-31,1696.39
2013-06-01,1696.36
2013-06-02,1696.04
2013-06-03,1696.17
2013-06-04,1696.44
2013-06-05,1696.79
2013-06-06,1696.79
2013-06-07,1697.0
2013-06-08,1697.09
2013-06-09,1696.94
2013-06-10,1697.26
2013-06-11,1697.43
2013-06-12,1697.53
2013-06-13,1698.08
2013-06-14,1698.45
2013-06-15,1698.52
2013-06-16,1698.48
2013-06-17,1698.85
2013-06-18,1700.04
2013-06-19,1701.61
2013-06-20,1702.61
2013-06-21,1703.59
2013-06-22,1704.45
2013-06-23,1704.72
2013-06-24,1705.52
2013-06-25,1707.35
2013-06-26,1708.44
2013-06-27,1709.28
2013-06-28,1710.05
2013-06-29,1710.74
2013-06-30,1710.86
2013-07-01,1711.99
2013-07-02,1713.42
2013-07-03,1714.25
2013-07-04,1715.08
2013-07-05,1716.15
2013-07-06,1717.22
2013-07-07,1717.69
2013-07-08,1718.6
2013-07-09,1719.91
2013-07-10,1721.2
2013-07-11,1722.51
2013-07-12,1723.65
2013-07-13,1725.06
2013-07-14,1725.78
2013-07-15,1727.09
2013-07-16,1729.44
2013-07-17,1731.79
2013-07-18,1733.63
2013-07-19,1735.44
2013-07-20,1737.09
2013-07-21,1737.71
2013-07-22,1739.42
2013-07-23,1740.74
2013-07-24,1741.81
2013-07-25,1742.63
2013-07-26,1743.11
2013-07-27,1743.86
2013-07-28,1743.83
2013-07-29,1744.18
2013-07-30,1744.43
2013-07-31,1744.6
2013-08-01,1744.75
2013-08-02,1744.84
2013-08-03,1745.31
2013-08-04,1745.21
2013-08-05,1745.37
2013-08-06,1745.34
2013-08-07,1745.3
2013-08-08,1745.11
2013-08-09,1744.99
2013-08-10,1744.95
2013-08-11,1744.82
2013-08-12,1744.89
2013-08-13,1744.87
2013-08-14,1744.93
2013-08-15,1744.61
2013-08-16,1744.55
2013-08-17,1744.11
2013-08-18,1743.91
2013-08-19,1743.9
2013-08-20,1743.72
2013-08-21,1743.58
2013-08-22,1743.33
2013-08-23,1742.89
2013-08-24,1742.43
2013-08-25,1742.12
2013-08-26,1741.96
2013-08-27,1741.5
2013-08-28,1740.96
2013-08-29,1740.4
2013-08-30,1740.16
2013-08-31,1739.94
2013-09-01,1739.67
2013-09-02,1739.48
2013-09-03,1739.91
2013-09-04,1739.77
2013-09-05,1739.57
2013-09-06,1739.25
2013-09-07,1738.89
2013-09-08,1738.6
2013-09-09,1738.5
2013-09-10,1738.09
2013-09-11,1737.75
2013-09-12,1737.25
2013-09-13,1736.48
2013-09-14,1735.8
2013-09-15,1735.46
2013-09-16,1735.39
2013-09-17,1734.49
2013-09-18,1733.77
2013-09-19,1733.65
2013-09-20,1733.54
2013-09-21,1733.28
2013-09-22,1732.95
2013-09-23,1732.41
2013-09-24,1731.07
2013-09-25,1729.53
2013-09-26,1727.76
2013-09-27,1726.23
2013-09-28,1724.86
2013-09-29,1724.1
2013-09-30,1723.62
2013-10-01,1720.72
2013-10-02,1719.03
2013-10-03,1717.43
2013-10-04,1716.53
2013-10-05,1715.27
2013-10-06,1714.42
2013-10-07,1713.87
2013-10-08,1712.44
2013-10-09,1711.7
2013-10-10,1710.88
2013-10-11,1709.85
2013-10-12,1709.08
2013-10-13,1708.5
2013-10-14,1708.4
2013-10-15,1708.01
2013-10-16,1707.95
2013-10-17,1707.61
2013-10-18,1707.16
2013-10-19,1706.79
2013-10-20,1706.41
2013-10-21,1706.33
2013-10-22,1705.86
2013-10-23,1705.52
2013-10-24,1704.76
2013-10-25,1704.19
2013-10-26,1703.47
2013-10-27,1703.13
2013-10-28,1703.02
2013-10-29,1701.77
2013-10-30,1701.1
2013-10-31,1700.48
2013-11-01,1698.85
2013-11-02,1697.96
2013-11-03,1697.46
2013-11-04,1697.16
2013-11-05,1696.83
2013-11-06,1696.25
2013-11-07,1695.48
2013-11-08,1694.96
2013-11-09,1694.34
2013-11-10,1693.92
2013-11-11,1694.04
2013-11-12,1693.25
2013-11-13,1692.52
2013-11-14,1692.15
2013-11-15,1691.77
2013-11-16,1691.49
2013-11-17,1691.09
2013-11-18,1691.04
2013-11-19,1690.86
2013-11-20,1690.99
2013-11-21,1690.78
2013-11-22,1690.7
2013-11-23,1690.84
2013-11-24,1690.62
2013-11-25,1690.69
2013-11-26,1690.68
2013-11-27,1690.37
2013-11-28,1690.41
2013-11-29,1690.5
2013-11-30,1690.54
2013-12-01,1690.29
2013-12-02,1690.53
2013-12-03,1692.41
2013-12-04,1693.3
2013-12-05,1694.11
2013-12-06,1694.96
2013-12-07,1695.68
2013-12-08,1695.8
2013-12-09,1696.49
2013-12-10,1697.66
2013-12-11,1698.4
2013-12-12,1699.06
2013-12-13,1699.46
2013-12-14,1699.99
2013-12-15,1699.95
2013-12-16,1700.55
2013-12-17,1700.59
2013-12-18,1700.7
2013-12-19,1700.94
2013-12-20,1701.44
2013-12-21,1701.7
2013-12-22,1701.77
2013-12-23,1702.13
2013-12-24,1702.32
2013-12-25,1702.48
2013-12-26,1702.95
2013-12-27,1703.3
2013-12-28,1703.53
2013-12-29,1703.6
2013-12-30,1704.02
2013-12-31,1705.43
2014-01-01,1705.85
2014-01-02,1706.27
2014-01-03,1707.15
2014-01-04,1707.61
2014-01-05,1707.56
2014-01-06,1707.8
2014-01-07,1707.73
2014-01-08,1707.7
2014-01-09,1707.6
2014-01-10,1707.37
2014-01-11,1707.28
2014-01-12,1707.11
2014-01-13,1707.12
2014-01-14,1706.65
2014-01-15,1706.31
2014-01-16,1705.98
2014-01-17,1705.56
2014-01-18,1705.11
2014-01-19,1704.69
2014-01-20,1704.51
2014-01-21,1704.06
2014-01-22,1703.67
2014-01-23,1703.47
2014-01-24,1702.88
2014-01-25,1702.41
2014-01-26,1702.17
2014-01-27,1702.14
2014-01-28,1701.88
2014-01-29,1701.64
2014-01-30,1701.27
2014-01-31,1701.18
2014-02-01,1700.98
2014-02-02,1700.81
2014-02-03,1700.62
2014-02-04,1700.7
2014-02-05,1700.5
2014-02-06,1700.22
2014-02-07,1699.92
2014-02-08,1699.48
2014-02-09,1699.1
2014-02-10,1699.14
2014-02-11,1698.7
2014-02-12,1698.37
2014-02-13,1698.15
2014-02-14,1697.95
2014-02-15,1697.69
2014-02-16,1697.39
2014-02-17,1697.58
2014-02-18,1697.75
2014-02-19,1697.61
2014-02-20,1697.58
2014-02-21,1697.44
2014-02-22,1697.35
2014-02-23,1697.06
2014-02-24,1697.34
2014-02-25,1697.62
2014-02-26,1697.69
2014-02-27,1697.5
2014-02-28,1697.53
2014-03-01,1697.35
2014-03-02,1697.19
2014-03-03,1697.44
2014-03-04,1697.46
2014-03-05,1697.47
2014-03-06,1697.44
2014-03-07,1697.76
2014-03-08,1697.62
2014-03-09,1697.44
2014-03-10,1697.79
2014-03-11,1697.68
2014-03-12,1697.54
2014-03-13,1697.54
2014-03-14,1697.26
2014-03-15,1697.0
2014-03-16,1696.83
2014-03-17,1696.95
2014-03-18,1696.52
2014-03-19,1696.19
2014-03-20,1695.94
2014-03-21,1695.33
2014-03-22,1694.98
2014-03-23,1694.67
2014-03-24,1694.7
2014-03-25,1694.39
2014-03-26,1694.09
2014-03-27,1693.82
2014-03-28,1693.62
2014-03-29,1693.22
2014-03-30,1693.02
2014-03-31,1693.14
2014-04-01,1692.96
2014-04-02,1692.75
2014-04-03,1692.64
2014-04-04,1692.45
2014-04-05,1692.11
2014-04-06,1691.83
2014-04-07,1691.93
2014-04-08,1691.4
2014-04-09,1691.14
2014-04-10,1690.81
2014-04-11,1690.21
2014-04-12,1689.76
2014-04-13,1689.51
2014-04-14,1689.5
2014-04-15,1689.05
2014-04-16,1688.75
2014-04-17,1688.45
2014-04-18,1688.07
2014-04-19,1687.74
2014-04-20,1687.52
2014-04-21,1687.49
2014-04-22,1687.09
2014-04-23,1686.66
2014-04-24,1686.41
2014-04-25,1686.13
2014-04-26,1685.95
2014-04-27,1685.49
2014-04-28,1685.52
2014-04-29,1685.42
2014-04-30,1685.24
2014-05-01,1684.67
2014-05-02,1684.58
2014-05-03,1684.44
2014-05-04,1684.39
2014-05-05,1684.48
2014-05-06,1684.53
2014-05-07,1684.28
2014-05-08,1683.99
2014-05-09,1683.64
2014-05-10,1683.27
2014-05-11,1682.91
2014-05-12,1682.93
2014-05-13,1682.38
2014-05-14,1681.9
2014-05-15,1681.29
2014-05-16,1680.85
2014-05-17,1680.29
2014-05-18,1680.02
2014-05-19,1680.04
2014-05-20,1679.7
2014-05-21,1679.46
2014-05-22,1679.04
2014-05-23,1678.88
2014-05-24,1678.46
2014-05-25,1677.94
2014-05-26,1677.81
2014-05-27,1677.53
2014-05-28,1677.1
2014-05-29,1676.75
2014-05-30,1676.63
2014-05-31,1676.29
2014-06-01,1675.73
2014-06-02,1675.52
2014-06-03,1675.22
2014-06-04,1674.9
2014-06-05,1674.75
2014-06-06,1674.16
2014-06-07,1673.98
2014-06-08,1673.64
2014-06-09,1673.56
2014-06-10,1672.69
2014-06-11,1671.7
2014-06-12,1670.91
2014-06-13,1670.28
2014-06-14,1669.51
2014-06-15,1669.2
2014-06-16,1669.01
2014-06-17,1668.6
2014-06-18,1668.26
2014-06-19,1667.83
2014-06-20,1667.59
2014-06-21,1667.35
2014-06-22,1667.1
2014-06-23,1667.22
2014-06-24,1667.4
2014-06-25,1667.32
2014-06-26,1667.37
2014-06-27,1667.29
2014-06-28,1667.12
2014-06-29,1666.82
2014-06-30,1667.24
2014-07-01,1666.85
2014-07-02,1666.7
2014-07-03,1666.46
2014-07-04,1666.41
2014-07-05,1666.1
2014-07-06,1665.83
2014-07-07,1665.75
2014-07-08,1665.06
2014-07-09,1664.52
2014-07-10,1664.12
2014-07-11,1663.52
2014-07-12,1663.05
2014-07-13,1662.61
2014-07-14,1662.65
2014-07-15,1661.98
2014-07-16,1661.49
2014-07-17,1660.88
2014-07-18,1660.39
2014-07-19,1659.97
2014-07-20,1659.65
2014-07-21,1659.71
2014-07-22,1659.31
2014-07-23,1658.93
2014-07-24,1658.32
2014-07-25,1657.95
2014-07-26,1657.41
2014-07-27,1657.08
2014-07-28,1657.09
2014-07-29,1656.57
2014-07-30,1656.18
2014-07-31,1655.77
2014-08-01,1654.37
2014-08-02,1653.5
2014-08-03,1653.24
2014-08-04,1652.99
2014-08-05,1652.39
2014-08-06,1651.6
2014-08-07,1650.86
2014-08-08,1650.11
2014-08-09,1649.91
2014-08-10,1649.66
2014-08-11,1648.99
2014-08-12,1649.24
2014-08-13,1647.84
2014-08-14,1646.88
2014-08-15,1646.15
2014-08-16,1645.62
2014-08-17,1645.19
2014-08-18,1644.83
2014-08-19,1643.72
2014-08-20,1642.62
2014-08-21,1641.46
2014-08-22,1640.37
2014-08-23,1639.26
2014-08-24,1638.49
2014-08-25,1637.88
2014-08-26,1636.61
2014-08-27,1635.31
2014-08-28,1634.22
2014-08-29,1633.28
2014-08-30,1632.35
2014-08-31,1631.73
2014-09-01,1630.38
2014-09-02,1629.14
2014-09-03,1628.07
2014-09-04,1627.27
2014-09-05,1626.44
2014-09-06,1625.44
2014-09-07,1624.76
2014-09-08,1624.56
2014-09-09,1624.36
2014-09-10,1623.94
2014-09-11,1623.46
2014-09-12,1622.45
2014-09-13,1621.42
2014-09-14,1620.74
2014-09-15,1620.34
2014-09-16,1619.03
2014-09-17,1617.59
2014-09-18,1616.37
2014-09-19,1615.25
2014-09-20,1613.98
2014-09-21,1613.28
2014-09-22,1612.86
2014-09-23,1611.62
2014-09-24,1610.24
2014-09-25,1609.2
2014-09-26,1607.93
2014-09-27,1607.06
2014-09-28,1606.31
2014-09-29,1606.17
2014-09-30,1605.4
2014-10-01,1602.97
2014-10-02,1601.73
2014-10-03,1600.78
2014-10-04,1600.41
2014-10-05,1599.73
2014-10-06,1599.44
2014-10-07,1598.09
2014-10-08,1597.06
2014-10-09,1595.94
2014-10-10,1595.28
2014-10-11,1594.23
2014-10-12,1593.52
2014-10-13,1593.15
2014-10-14,1591.57
2014-10-15,1589.98
2014-10-16,1588.21
2014-10-17,1586.36
2014-10-18,1584.79
2014-10-19,1583.93
2014-10-20,1582.99
2014-10-21,1580.51
2014-10-22,1578.15
2014-10-23,1575.13
2014-10-24,1572.36
2014-10-25,1569.84
2014-10-26,1568.5
2014-10-27,1567.0
2014-10-28,1564.32
2014-10-29,1562.09
2014-10-30,1560.28
2014-10-31,1558.4
2014-11-01,1554.89
2014-11-02,1553.55
2014-11-03,1552.2
2014-11-04,1550.21
2014-11-05,1548.38
2014-11-06,1546.1
2014-11-07,1544.44
2014-11-08,1542.68
2014-11-09,1541.76
2014-11-10,1541.1
2014-11-11,1539.35
2014-11-12,1538.04
2014-11-13,1537.07
2014-11-14,1535.99
2014-11-15,1534.98
2014-11-16,1534.05
2014-11-17,1533.44
2014-11-18,1532.03
2014-11-19,1530.42
2014-11-20,1529.15
2014-11-21,1527.69
2014-11-22,1526.0
2014-11-23,1525.11
2014-11-24,1524.28
2014-11-25,1522.31
2014-11-26,1520.43
2014-11-27,1518.64
2014-11-28,1517.07
2014-11-29,1515.42
2014-11-30,1513.99
2014-12-01,1510.71
2014-12-02,1508.33
2014-12-03,1506.17
2014-12-04,1503.65
2014-12-05,1501.49
2014-12-06,1499.33
2014-12-07,1497.97
2014-12-08,1496.85
2014-12-09,1493.53
2014-12-10,1489.25
2014-12-11,1484.97
2014-12-12,1480.07
2014-12-13,1476.03
2014-12-14,1473.7
2014-12-15,1470.43
2014-12-16,1465.09
2014-12-17,1460.22
2014-12-18,1454.04
2014-12-19,1448.18
2014-12-20,1443.4
2014-12-21,1440.74
2014-12-22,1437.47
2014-12-23,1431.31
2014-12-24,1426.09
2014-12-25,1421.66
2014-12-26,1419.08
2014-12-27,1415.45
2014-12-28,1413.62
2014-12-29,1411.46
2014-12-30,1407.79
2014-12-31,1405.38
2015-01-01,1399.99
2015-01-02,1397.5
2015-01-03,1393.97
2015-01-04,1391.01
2015-01-05,1389.08
2015-01-06,1384.87
2015-01-07,1380.06
2015-01-08,1375.62
2015-01-09,1371.0
2015-01-10,1365.63
2015-01-11,1362.95
2015-01-12,1359.51
2015-01-13,1352.35
2015-01-14,1345.01
2015-01-15,1337.26
2015-01-16,1328.8
2015-01-17,1321.81
2015-01-18,1318.59
2015-01-19,1314.39
2015-01-20,1306.49
2015-01-21,1299.88
2015-01-22,1293.85
2015-01-23,1288.2
2015-01-24,1283.59
2015-01-25,1281.01
2015-01-26,1278.11
2015-01-27,1273.63
2015-01-28,1269.86
2015-01-29,1266.38
2015-01-30,1263.61
2015-01-31,1261.36
2015-02-01,1259.09
2015-02-02,1257.22
2015-02-03,1255.15
2015-02-04,1254.47
2015-02-05,1254.21
2015-02-06,1254.27
2015-02-07,1254.68
2015-02-08,1254.67
2015-02-09,1255.7
2015-02-10,1258.47
2015-02-11,1263.0
2015-02-12,1266.29
2015-02-13,1269.31
2015-02-14,1273.23
2015-02-15,1275.21
2015-02-16,1278.58
2015-02-17,1285.13
2015-02-18,1290.35
2015-02-19,1292.03
2015-02-20,1293.38
2015-02-21,1294.96
2015-02-22,1295.6
2015-02-23,1297.69
2015-02-24,1301.4
2015-02-25,1304.12
2015-02-26,1306.49
2015-02-27,1308.39
2015-02-28,1309.89
2015-03-01,1311.53
2015-03-02,1313.88
2015-03-03,1315.72
2015-03-04,1318.11
2015-03-05,1320.05
2015-03-06,1321.14
2015-03-07,1322.6
2015-03-08,1322.97
2015-03-09,1325.33
2015-03-10,1327.36
2015-03-11,1329.39
2015-03-12,1330.81
2015-03-13,1331.88
2015-03-14,1332.41
2015-03-15,1332.54
2015-03-16,1333.4
2015-03-17,1333.56
2015-03-18,1333.26
2015-03-19,1332.8
2015-03-20,1332.35
2015-03-21,1331.55
2015-03-22,1330.85
2015-03-23,1330.94
2015-03-24,1329.71
2015-03-25,1328.76
2015-03-26,1327.78
2015-03-27,1327.12
2015-03-28,1326.49
2015-03-29,1325.99
2015-03-30,1325.85
2015-03-31,1325.48
2015-04-01,1325.32
2015-04-02,1324.72
2015-04-03,1324.22
2015-04-04,1323.55
2015-04-05,1322.84
2015-04-06,1322.78
2015-04-07,1322.0
2015-04-08,1321.39
2015-04-09,1320.94
2015-04-10,1320.5
2015-04-11,1319.76
2015-04-12,1319.41
2015-04-13,1319.39
2015-04-14,1318.75
2015-04-15,1318.36
2015-04-16,1317.87
2015-04-17,1317.63
2015-04-18,1317.57
2015-04-19,1317.0
2015-04-20,1317.33
2015-04-21,1318.27
2015-04-22,1318.64
2015-04-23,1318.71
2015-04-24,1319.0
2015-04-25,1319.09
2015-04-26,1318.86
2015-04-27,1319.53
2015-04-28,1320.26
2015-04-29,1320.68
2015-04-30,1321.04
2015-05-01,1321.68
2015-05-02,1322.41
2015-05-03,1322.22
2015-05-04,1323.13
2015-05-05,1323.87
2015-05-06,1324.85
2015-05-07,1326.34
2015-05-08,1328.56
2015-05-09,1330.33
2015-05-10,1330.98
2015-05-11,1332.71
2015-05-12,1335.7
2015-05-13,1338.0
2015-05-14,1340.17
2015-05-15,1342.59
2015-05-16,1344.96
2015-05-17,1345.73
2015-05-18,1348.86
2015-05-19,1350.74
2015-05-20,1352.68
2015-05-21,1354.32
2015-05-22,1356.11
2015-05-23,1357.69
2015-05-24,1358.32
2015-05-25,1359.43
2015-05-26,1360.77
2015-05-27,1361.86
2015-05-28,1362.64
2015-05-29,1363.36
2015-05-30,1363.74
2015-05-31,1364.0
2015-06-01,1365.32
2015-06-02,1365.77
2015-06-03,1366.49
2015-06-04,1367.04
2015-06-05,1367.48
2015-06-06,1367.59
2015-06-07,1367.53
2015-06-08,1367.98
2015-06-09,1368.17
2015-06-10,1368.45
2015-06-11,1368.53
2015-06-12,1368.78
2015-06-13,1368.89
2015-06-14,1368.72
2015-06-15,1369.28
2015-06-16,1369.73
2015-06-17,1369.97
2015-06-18,1370.09
2015-06-19,1370.32
2015-06-20,1370.27
2015-06-21,1370.12
2015-06-22,1370.5
2015-06-23,1370.25
2015-06-24,1370.13
2015-06-25,1369.82
2015-06-26,1369.7
2015-06-27,1369.41
2015-06-28,1369.09
2015-06-29,1369.47
2015-06-30,1369.15
2015-07-01,1368.52
2015-07-02,1368.1
2015-07-03,1367.9
2015-07-04,1367.19
2015-07-05,1366.83
2015-07-06,1366.8
2015-07-07,1366.01
2015-07-08,1365.21
2015-07-09,1364.34
2015-07-10,1363.14
2015-07-11,1361.65
2015-07-12,1360.92
2015-07-13,1360.49
2015-07-14,1358.87
2015-07-15,1357.29
2015-07-16,1355.86
2015-07-17,1354.14
2015-07-18,1352.6
2015-07-19,1351.78
2015-07-20,1350.95
2015-07-21,1349.15
2015-07-22,1347.83
2015-07-23,1346.11
2015-07-24,1344.64
2015-07-25,1343.18
2015-07-26,1342.25
2015-07-27,1341.44
2015-07-28,1339.75
2015-07-29,1338.15
2015-07-30,1336.88
2015-07-31,1335.99
2015-08-01,1333.6
2015-08-02,1332.74
2015-08-03,1331.98
2015-08-04,1330.14
2015-08-05,1328.42
2015-08-06,1326.76
2015-08-07,1325.0
2015-08-08,1323.35
2015-08-09,1322.3
2015-08-10,1321.19
2015-08-11,1318.78
2015-08-12,1316.74
2015-08-13,1314.57
2015-08-14,1312.37
2015-08-15,1311.07
2015-08-16,1310.08
2015-08-17,1308.67
2015-08-18,1306.05
2015-08-19,1303.94
2015-08-20,1301.72
2015-08-21,1298.67
2015-08-22,1296.15
2015-08-23,1294.75
2015-08-24,1293.53
2015-08-25,1290.22
2015-08-26,1287.14
2015-08-27,1284.01
2015-08-28,1281.31
2015-08-29,1279.36
2015-08-30,1278.32
2015-08-31,1277.88
2015-09-01,1274.56
2015-09-02,1272.88
2015-09-03,1271.33
2015-09-04,1270.18
2015-09-05,1268.87
2015-09-06,1268.12
2015-09-07,1267.82
2015-09-08,1267.91
2015-09-09,1267.03
2015-09-10,1266.36
2015-09-11,1265.83
2015-09-12,1265.48
2015-09-13,1264.84
2015-09-14,1265.09
2015-09-15,1264.67
2015-09-16,1264.06
2015-09-17,1263.14
2015-09-18,1262.28
2015-09-19,1261.57
2015-09-20,1260.87
2015-09-21,1260.92
2015-09-22,1260.02
2015-09-23,1259.15
2015-09-24,1258.47
2015-09-25,1258.01
2015-09-26,1257.14
2015-09-27,1256.67
2015-09-28,1256.62
2015-09-29,1256.64
2015-09-30,1256.87
2015-10-01,1255.89
2015-10-02,1255.67
2015-10-03,1254.99
2015-10-04,1254.47
2015-10-05,1254.54
2015-10-06,1254.27
2015-10-07,1253.99
2015-10-08,1253.86
2015-10-09,1253.66
2015-10-10,1253.45
2015-10-11,1253.21
2015-10-12,1254.01
2015-10-13,1254.23
2015-10-14,1254.35
2015-10-15,1254.38
2015-10-16,1254.1
2015-10-17,1253.58
2015-10-18,1253.17
2015-10-19,1253.66
2015-10-20,1252.79
2015-10-21,1252.17
2015-10-22,1251.33
2015-10-23,1250.25
2015-10-24,1249.07
2015-10-25,1248.45
2015-10-26,1248.54
2015-10-27,1247.21
2015-10-28,1246.35
2015-10-29,1245.42
2015-10-30,1244.65
2015-10-31,1243.83
2015-11-01,1242.9
2015-11-02,1242.73
2015-11-03,1242.47
2015-11-04,1241.59
2015-11-05,1240.64
2015-11-06,1240.02
2015-11-07,1238.78
2015-11-08,1238.37
2015-11-09,1238.39
2015-11-10,1238.23
2015-11-11,1237.75
2015-11-12,1237.17
2015-11-13,1236.28
2015-11-14,1235.67
2015-11-15,1235.22
2015-11-16,1235.34
2015-11-17,1234.64
2015-11-18,1233.95
2015-11-19,1233.25
2015-11-20,1232.55
2015-11-21,1231.58
2015-11-22,1230.99
2015-11-23,1230.99
2015-11-24,1230.13
2015-11-25,1229.21
2015-11-26,1228.69
2015-11-27,1228.3
2015-11-28,1227.68
2015-11-29,1227.14
2015-11-30,1227.51
2015-12-01,1226.25
2015-12-02,1225.8
2015-12-03,1225.36
2015-12-04,1224.75
2015-12-05,1224.13
2015-12-06,1223.54
2015-12-07,1223.61
2015-12-08,1222.53
2015-12-09,1221.6
2015-12-10,1220.27
2015-12-11,1219.24
2015-12-12,1217.62
2015-12-13,1216.68
2015-12-14,1216.02
2015-12-15,1214.3
2015-12-16,1212.75
2015-12-17,1211.19
2015-12-18,1209.91
2015-12-19,1207.79
2015-12-20,1206.81
2015-12-21,1205.64
2015-12-22,1203.27
2015-12-23,1200.81
2015-12-24,1199.15
2015-12-25,1197.31
2015-12-26,1196.69
2015-12-27,1195.84
2015-12-28,1195.34
2015-12-29,1193.74
2015-12-30,1192.36
2015-12-31,1191.45
2016-01-01,1188.71
2016-01-02,1187.91
2016-01-03,1187.1
2016-01-04,1185.85
2016-01-05,1184.01
2016-01-06,1182.44
2016-01-07,1180.44
2016-01-08,1178.04
2016-01-09,1175.5
2016-01-10,1174.3
2016-01-11,1172.86
2016-01-12,1170.17
2016-01-13,1167.57
2016-01-14,1164.76
2016-01-15,1161.8
2016-01-16,1158.36
2016-01-17,1156.54
2016-01-18,1154.25
2016-01-19,1150.54
2016-01-20,1147.64
2016-01-21,1144.35
2016-01-22,1140.8
2016-01-23,1137.97
2016-01-24,1136.39
2016-01-25,1135.33
2016-01-26,1131.93
2016-01-27,1128.92
2016-01-28,1126.12
2016-01-29,1124.11
2016-01-30,1122.4
2016-01-31,1120.97
2016-02-01,1118.75
2016-02-02,1117.02
2016-02-03,1115.02
2016-02-04,1113.01
2016-02-05,1111.98
2016-02-06,1110.29
2016-02-07,1109.39
2016-02-08,1109.05
2016-02-09,1108.73
2016-02-10,1108.27
2016-02-11,1107.26
2016-02-12,1104.71
2016-02-13,1102.64
2016-02-14,1101.51
2016-02-15,1100.93
2016-02-16,1098.49
2016-02-17,1096.73
2016-02-18,1095.22
2016-02-19,1094.2
2016-02-20,1093.17
2016-02-21,1092.36
2016-02-22,1092.17
2016-02-23,1091.84
2016-02-24,1091.53
2016-02-25,1090.86
2016-02-26,1090.25
2016-02-27,1089.49
2016-02-28,1088.76
2016-02-29,1089.29
2016-03-01,1088.41
2016-03-02,1088.33
2016-03-03,1088.29
2016-03-04,1088.06
2016-03-05,1087.84
2016-03-06,1087.61
2016-03-07,1088.15
2016-03-08,1089.14
2016-03-09,1090.68
2016-03-10,1091.69
2016-03-11,1093.17
2016-03-12,1094.88
2016-03-13,1095.27
2016-03-14,1097.75
2016-03-15,1100.78
2016-03-16,1103.27
2016-03-17,1105.22
2016-03-18,1106.8
2016-03-19,1108.79
2016-03-20,1109.41
2016-03-21,1111.73
2016-03-22,1113.6
2016-03-23,1115.2
2016-03-24,1116.67
2016-03-25,1117.54
2016-03-26,1118.37
2016-03-27,1118.52
2016-03-28,1119.62
2016-03-29,1120.38
2016-03-30,1121.01
2016-03-31,1121.35
2016-04-01,1121.92
2016-04-02,1121.94
2016-04-03,1121.64
2016-04-04,1122.02
2016-04-05,1121.99
2016-04-06,1121.95
2016-04-07,1121.66
2016-04-08,1121.62
2016-04-09,1121.14
2016-04-10,1120.64
2016-04-11,1121.04
2016-04-12,1120.72
2016-04-13,1120.38
2016-04-14,1120.72
2016-04-15,1120.93
2016-04-16,1120.85
2016-04-17,1120.65
2016-04-18,1121.16
2016-04-19,1121.43
2016-04-20,1121.3
2016-04-21,1121.0
2016-04-22,1121.24
2016-04-23,1121.06
2016-04-24,1120.64
2016-04-25,1121.18
2016-04-26,1121.39
2016-04-27,1121.33
2016-04-28,1121.62
2016-04-29,1122.5
2016-04-30,1123.1
2016-05-01,1123.54
2016-05-02,1123.58
2016-05-03,1128.24
2016-05-04,1130.45
2016-05-05,1132.32
2016-05-06,1133.6
2016-05-07,1134.67
2016-05-08,1134.92
2016-05-09,1136.36
2016-05-10,1137.6
2016-05-11,1138.9
2016-05-12,1141.13
2016-05-13,1144.06
2016-05-14,1146.51
2016-05-15,1147.53
2016-05-16,1149.99
2016-05-17,1154.25
2016-05-18,1158.47
2016-05-19,1162.42
2016-05-20,1166.9
2016-05-21,1170.37
2016-05-22,1171.85
2016-05-23,1175.31
2016-05-24,1180.74
2016-05-25,1185.69
2016-05-26,1189.97
2016-05-27,1194.28
2016-05-28,1197.22
2016-05-29,1198.23
2016-05-30,1201.06
2016-05-31,1204.04
2016-06-01,1208.59
2016-06-02,1210.95
2016-06-03,1213.04
2016-06-04,1214.69
2016-06-05,1215.32
2016-06-06,1216.25
2016-06-07,1218.19
2016-06-08,1219.88
2016-06-09,1221.61
2016-06-10,1223.24
2016-06-11,1224.36
2016-06-12,1224.67
2016-06-13,1226.12
2016-06-14,1227.97
2016-06-15,1228.8
2016-06-16,1229.47
2016-06-17,1229.96
2016-06-18,1230.07
2016-06-19,1229.98
2016-06-20,1230.54
2016-06-21,1230.52
2016-06-22,1230.79
2016-06-23,1231.15
2016-06-24,1231.23
2016-06-25,1231.34
2016-06-26,1231.16
2016-06-27,1231.78
2016-06-28,1231.82
2016-06-29,1232.03
2016-06-30,1232.11
2016-07-01,1232.32
2016-07-02,1232.08
2016-07-03,1231.96
2016-07-04,1232.22
2016-07-05,1232.2
2016-07-06,1232.17
2016-07-07,1232.05
2016-07-08,1231.97
2016-07-09,1231.63
2016-07-10,1231.39
2016-07-11,1231.47
2016-07-12,1231.22
2016-07-13,1230.99
2016-07-14,1230.67
2016-07-15,1230.3
2016-07-16,1229.54
2016-07-17,1229.25
2016-07-18,1229.14
2016-07-19,1228.32
2016-07-20,1227.51
2016-07-21,1227.01
2016-07-22,1226.41
2016-07-23,1225.62
2016-07-24,1225.08
2016-07-25,1224.72
2016-07-26,1223.96
2016-07-27,1223.04
2016-07-28,1222.3
2016-07-29,1221.66
2016-07-30,1220.97
2016-07-31,1220.28
2016-08-01,1219.48
2016-08-02,1217.7
2016-08-03,1216.41
2016-08-04,1215.29
2016-08-05,1214.05
2016-08-06,1212.89
2016-08-07,1212.26
2016-08-08,1211.56
2016-08-09,1209.86
2016-08-10,1208.77
2016-08-11,1207.7
2016-08-12,1206.75
2016-08-13,1205.79
2016-08-14,1205.36
2016-08-15,1205.11
2016-08-16,1204.49
2016-08-17,1203.66
2016-08-18,1203.18
2016-08-19,1202.91
2016-08-20,1202.61
2016-08-21,1202.41
2016-08-22,1202.61
2016-08-23,1203.35
2016-08-24,1203.36
2016-08-25,1203.4
2016-08-26,1203.45
2016-08-27,1203.53
2016-08-28,1203.26
2016-08-29,1203.96
2016-08-30,1204.15
2016-08-31,1204.6
2016-09-01,1204.69
2016-09-02,1204.45
2016-09-03,1204.24
2016-09-04,1203.94
2016-09-05,1204.27
2016-09-06,1203.91
2016-09-07,1203.76
2016-09-08,1203.7
2016-09-09,1203.61
2016-09-10,1203.45
2016-09-11,1203.18
2016-09-12,1203.64
2016-09-13,1203.68
2016-09-14,1203.51
2016-09-15,1203.55
2016-09-16,1203.43
2016-09-17,1203.36
2016-09-18,1203.19
2016-09-19,1203.5
2016-09-20,1203.1
2016-09-21,1202.83
2016-09-22,1202.35
2016-09-23,1202.22
2016-09-24,1201.83
2016-09-25,1201.52
2016-09-26,1201.82
2016-09-27,1201.45
2016-09-28,1201.15
2016-09-29,1201.05
2016-09-30,1200.91
2016-10-01,1200.72
2016-10-02,1200.4
2016-10-03,1200.57
2016-10-04,1200.82
2016-10-05,1200.52
2016-10-06,1200.78
2016-10-07,1201.31
2016-10-08,1201.57
2016-10-09,1201.75
2016-10-10,1202.61
2016-10-11,1205.67
2016-10-12,1207.19
2016-10-13,1208.51
2016-10-14,1209.5
2016-10-15,1210.19
2016-10-16,1210.47
2016-10-17,1211.74
2016-10-18,1213.44
2016-10-19,1214.69
2016-10-20,1215.8
2016-10-21,1216.78
2016-10-22,1217.66
2016-10-23,1217.98
2016-10-24,1219.2
2016-10-25,1220.43
2016-10-26,1221.5
2016-10-27,1222.08
2016-10-28,1222.37
2016-10-29,1222.68
2016-10-30,1222.79
2016-10-31,1223.48
2016-11-01,1224.29
2016-11-02,1224.76
2016-11-03,1224.86
2016-11-04,1224.96
2016-11-05,1224.94
2016-11-06,1224.7
2016-11-07,1225.2
2016-11-08,1224.63
2016-11-09,1224.5
2016-11-10,1224.44
2016-11-11,1224.23
2016-11-12,1223.9
2016-11-13,1223.65
2016-11-14,1223.89
2016-11-15,1223.02
2016-11-16,1222.71
2016-11-17,1222.37
2016-11-18,1222.02
2016-11-19,1221.54
2016-11-20,1220.99
2016-11-21,1221.04
2016-11-22,1220.73
2016-11-23,1220.62
2016-11-24,1220.48
2016-11-25,1220.55
2016-11-26,1220.26
2016-11-27,1220.03
2016-11-28,1220.43
2016-11-29,1221.11
2016-11-30,1221.21
2016-12-01,1221.73
2016-12-02,1224.0
2016-12-03,1225.36
2016-12-04,1225.87
2016-12-05,1227.52
2016-12-06,1229.35
2016-12-07,1231.05
2016-12-08,1233.16
2016-12-09,1234.92
2016-12-10,1236.0
2016-12-11,1236.84
2016-12-12,1239.16
2016-12-13,1243.56
2016-12-14,1247.64
2016-12-15,1250.31
2016-12-16,1252.84
2016-12-17,1254.74
2016-12-18,1255.3
2016-12-19,1257.12
2016-12-20,1259.14
2016-12-21,1260.81
2016-12-22,1262.02
2016-12-23,1263.65
2016-12-24,1265.23
2016-12-25,1265.82
2016-12-26,1267.69
2016-12-27,1269.74
2016-12-28,1271.73
2016-12-29,1273.64
2016-12-30,1275.73
2016-12-31,1277.36
2017-01-01,1279.34
2017-01-02,1281.55
2017-01-03,1285.44
2017-01-04,1288.66
2017-01-05,1290.76
2017-01-06,1292.58
2017-01-07,1294.04
2017-01-08,1294.73
2017-01-09,1296.5
2017-01-10,1298.42
2017-01-11,1299.82
2017-01-12,1300.7
2017-01-13,1301.58
2017-01-14,1302.12
2017-01-15,1302.39
2017-01-16,1303.38
2017-01-17,1303.96
2017-01-18,1304.57
2017-01-19,1304.91
2017-01-20,1305.33
2017-01-21,1305.47
2017-01-22,1305.52
2017-01-23,1306.04
2017-01-24,1306.38
2017-01-25,1306.65
2017-01-26,1307.01
2017-01-27,1307.38
2017-01-28,1307.45
2017-01-29,1307.57
2017-01-30,1307.61
2017-01-31,1307.99
2017-02-01,1308.18
2017-02-02,1308.23
2017-02-03,1308.28
2017-02-04,1308.09
2017-02-05,1307.98
2017-02-06,1308.39
2017-02-07,1308.36
2017-02-08,1308.42
2017-02-09,1308.22
2017-02-10,1308.21
2017-02-11,1307.9
2017-02-12,1307.75
2017-02-13,1308.03
2017-02-14,1307.85
2017-02-15,1307.68
2017-02-16,1307.67
2017-02-17,1307.58
2017-02-18,1307.24
2017-02-19,1307.06
2017-02-20,1307.26
2017-02-21,1307.23
2017-02-22,1306.97
2017-02-23,1306.83
2017-02-24,1306.76
2017-02-25,1306.11
2017-02-26,1305.81
2017-02-27,1306.08
2017-02-28,1305.87
2017-03-01,1305.45
2017-03-02,1305.23
2017-03-03,1305.22
2017-03-04,1304.67
2017-03-05,1304.39
2017-03-06,1304.55
2017-03-07,1304.04
2017-03-08,1303.59
2017-03-09,1303.21
2017-03-10,1302.8
2017-03-11,1302.11
2017-03-12,1301.83
2017-03-13,1301.76
2017-03-14,1301.02
2017-03-15,1300.28
2017-03-16,1299.25
2017-03-17,1298.26
2017-03-18,1297.22
2017-03-19,1296.7
2017-03-20,1296.27
2017-03-21,1294.74
2017-03-22,1293.51
2017-03-23,1292.12
2017-03-24,1290.88
2017-03-25,1289.62
2017-03-26,1289.0
2017-03-27,1288.47
2017-03-28,1286.82
2017-03-29,1285.39
2017-03-30,1284.19
2017-03-31,1283.4
2017-04-01,1281.44
2017-04-02,1280.79
2017-04-03,1280.48
2017-04-04,1279.35
2017-04-05,1278.42
2017-04-06,1277.8
2017-04-07,1277.33
2017-04-08,1276.71
2017-04-09,1276.41
2017-04-10,1276.64
2017-04-11,1276.81
2017-04-12,1276.95
2017-04-13,1276.91
2017-04-14,1276.95
2017-04-15,1276.9
2017-04-16,1276.7
2017-04-17,1277.0
2017-04-18,1277.89
2017-04-19,1278.28
2017-04-20,1278.32
2017-04-21,1278.26
2017-04-22,1278.09
2017-04-23,1277.82
2017-04-24,1278.24
2017-04-25,1277.99
2017-04-26,1277.77
2017-04-27,1277.64
2017-04-28,1277.54
2017-04-29,1277.07
2017-04-30,1276.67
2017-05-01,1276.74
2017-05-02,1276.54
2017-05-03,1276.11
2017-05-04,1276.09
2017-05-05,1275.74
2017-05-06,1275.6
2017-05-07,1275.43
2017-05-08,1275.51
2017-05-09,1274.56
2017-05-10,1274.26
2017-05-11,1273.58
2017-05-12,1272.82
2017-05-13,1272.2
2017-05-14,1271.68
2017-05-15,1271.72
2017-05-16,1270.92
2017-05-17,1270.49
2017-05-18,1270.04
2017-05-19,1269.61
2017-05-20,1269.05
2017-05-21,1268.73
2017-05-22,1268.91
2017-05-23,1268.54
2017-05-24,1268.22
2017-05-25,1267.95
2017-05-26,1267.65
2017-05-27,1267.18
2017-05-28,1266.87
2017-05-29,1267.01
2017-05-30,1266.77
2017-05-31,1266.49
2017-06-01,1265.48
2017-06-02,1264.69
2017-06-03,1263.89
2017-06-04,1263.45
2017-06-05,1263.43
2017-06-06,1262.44
2017-06-07,1261.92
2017-06-08,1261.12
2017-06-09,1259.81
2017-06-10,1258.45
2017-06-11,1257.7
2017-06-12,1257.18
2017-06-13,1255.56
2017-06-14,1254.23
2017-06-15,1252.92
2017-06-16,1251.31
2017-06-17,1249.72
2017-06-18,1248.92
2017-06-19,1248.38
2017-06-20,1246.83
2017-06-21,1245.27
2017-06-22,1243.62
2017-06-23,1242.22
2017-06-24,1240.87
2017-06-25,1240.04
2017-06-26,1239.39
2017-06-27,1237.91
2017-06-28,1236.74
2017-06-29,1235.64
2017-06-30,1234.86
2017-07-01,1232.91
2017-07-02,1232.16
2017-07-03,1231.72
2017-07-04,1230.93
2017-07-05,1230.41
2017-07-06,1230.08
2017-07-07,1229.63
2017-07-08,1229.1
2017-07-09,1228.8
2017-07-10,1229.02
2017-07-11,1229.67
2017-07-12,1229.4
2017-07-13,1229.21
2017-07-14,1229.32
2017-07-15,1228.95
2017-07-16,1228.83
2017-07-17,1229.42
2017-07-18,1229.2
2017-07-19,1229.21
2017-07-20,1229.31
2017-07-21,1229.31
2017-07-22,1229.1
2017-07-23,1228.91
2017-07-24,1229.35
2017-07-25,1229.46
2017-07-26,1229.65
2017-07-27,1229.74
2017-07-28,1230.08
2017-07-29,1230.18
2017-07-30,1230.21
2017-07-31,1230.91
2017-08-01,1231.63
2017-08-02,1232.14
2017-08-03,1232.91
2017-08-04,1233.55
2017-08-05,1234.17
2017-08-06,1234.37
2017-08-07,1235.69
2017-08-08,1237.83
2017-08-09,1239.1
2017-08-10,1240.77
2017-08-11,1241.79
2017-08-12,1242.71
2017-08-13,1243.08
2017-08-14,1244.05
2017-08-15,1245.59
2017-08-16,1246.56
2017-08-17,1247.56
2017-08-18,1248.3
2017-08-19,1248.92
2017-08-20,1249.14
2017-08-21,1249.9
2017-08-22,1250.72
2017-08-23,1251.24
2017-08-24,1251.78
2017-08-25,1252.13
2017-08-26,1252.84
2017-08-27,1253.06
2017-08-28,1253.84
2017-08-29,1254.68
2017-08-30,1255.28
2017-08-31,1255.71
2017-09-01,1256.63
2017-09-02,1256.87
2017-09-03,1257.03
2017-09-04,1257.79
2017-09-05,1258.34
2017-09-06,1258.77
2017-09-07,1259.7
2017-09-08,1261.03
2017-09-09,1262.06
2017-09-10,1262.61
2017-09-11,1264.02
2017-09-12,1266.83
2017-09-13,1268.36
2017-09-14,1269.71
2017-09-15,1271.4
2017-09-16,1272.82
2017-09-17,1273.39
2017-09-18,1274.84
2017-09-19,1276.16
2017-09-20,1277.17
2017-09-21,1278.3
2017-09-22,1279.34
2017-09-23,1280.14
2017-09-24,1280.42
2017-09-25,1281.54
2017-09-26,1282.56
2017-09-27,1283.51
2017-09-28,1284.76
2017-09-29,1286.33
2017-09-30,1287.99
2017-10-01,1289.44
2017-10-02,1290.64
2017-10-03,1291.64
2017-10-04,1292.07
2017-10-05,1292.52
2017-10-06,1292.86
2017-10-07,1293.05
2017-10-08,1293.17
2017-10-09,1293.63
2017-10-10,1293.86
2017-10-11,1294.35
2017-10-12,1294.79
2017-10-13,1295.24
2017-10-14,1295.57
2017-10-15,1295.52
2017-10-16,1296.3
2017-10-17,1296.58
2017-10-18,1296.72
2017-10-19,1297.04
2017-10-20,1297.28
2017-10-21,1297.32
2017-10-22,1297.29
2017-10-23,1297.76
2017-10-24,1298.06
2017-10-25,1298.36
2017-10-26,1298.45
2017-10-27,1298.62
2017-10-28,1298.64
2017-10-29,1298.65
2017-10-30,1299.12
2017-10-31,1299.33
2017-11-01,1300.42
2017-11-02,1300.9
2017-11-03,1301.18
2017-11-04,1301.58
2017-11-05,1301.76
2017-11-06,1302.67
2017-11-07,1304.13
2017-11-08,1305.54
2017-11-09,1306.59
2017-11-10,1307.84
2017-11-11,1308.84
2017-11-12,1309.36
2017-11-13,1310.79
2017-11-14,1312.47
2017-11-15,1313.66
2017-11-16,1314.62
2017-11-17,1315.54
2017-11-18,1316.3
2017-11-19,1316.65
2017-11-20,1317.77
2017-11-21,1318.76
2017-11-22,1319.5
2017-11-23,1320.24
2017-11-24,1321.02
2017-11-25,1321.87
2017-11-26,1322.11
2017-11-27,1323.38
2017-11-28,1324.24
2017-11-29,1325.08
2017-11-30,1325.78
2017-12-01,1327.06
2017-12-02,1327.66
2017-12-03,1327.89
2017-12-04,1328.63
2017-12-05,1328.99
2017-12-06,1329.52
2017-12-07,1329.85
2017-12-08,1330.2
2017-12-09,1330.31
2017-12-10,1330.33
2017-12-11,1330.99
2017-12-12,1331.29
2017-12-13,1331.57
2017-12-14,1332.08
2017-12-15,1332.49
2017-12-16,1332.66
2017-12-17,1332.68
2017-12-18,1333.36
2017-12-19,1333.75
2017-12-20,1333.99
2017-12-21,1334.31
2017-12-22,1334.57
2017-12-23,1334.72
2017-12-24,1334.62
2017-12-25,1334.85
2017-12-26,1335.22
2017-12-27,1335.45
2017-12-28,1335.82
2017-12-29,1335.98
2017-12-30,1336.12
2017-12-31,1335.94
2018-01-01,1336.4
2018-01-02,1337.13
2018-01-03,1337.44
2018-01-04,1337.83
2018-01-05,1338.72
2018-01-06,1339.14
2018-01-07,1339.2
2018-01-08,1339.89
2018-01-09,1340.26
2018-01-10,1340.81
2018-01-11,1341.37
2018-01-12,1341.98
2018-01-13,1342.49
2018-01-14,1342.67
2018-01-15,1343.6
2018-01-16,1344.49
2018-01-17,1345.19
2018-01-18,1345.96
2018-01-19,1346.66
2018-01-20,1347.17
2018-01-21,1347.27
2018-01-22,1348.26
2018-01-23,1348.97
2018-01-24,1349.88
2018-01-25,1350.65
2018-01-26,1351.51
2018-01-27,1352.14
2018-01-28,1352.37
2018-01-29,1353.35
2018-01-30,1354.53
2018-01-31,1355.49
2018-02-01,1356.76
2018-02-02,1357.48
2018-02-03,1357.98
2018-02-04,1358.08
2018-02-05,1358.81
2018-02-06,1359.61
2018-02-07,1360.15
2018-02-08,1360.64
2018-02-09,1360.99
2018-02-10,1361.07
2018-02-11,1360.95
2018-02-12,1361.39
2018-02-13,1361.47
2018-02-14,1361.58
2018-02-15,1361.65
2018-02-16,1361.73
2018-02-17,1361.76
2018-02-18,1361.69
2018-02-19,1361.78
2018-02-20,1361.47
2018-02-21,1361.18
2018-02-22,1360.79
2018-02-23,1360.61
2018-02-24,1360.53
2018-02-25,1360.26
2018-02-26,1360.47
2018-02-27,1360.35
2018-02-28,1360.18
2018-03-01,1359.91
2018-03-02,1359.86
2018-03-03,1359.44
2018-03-04,1359.13
2018-03-05,1359.14
2018-03-06,1359.18
2018-03-07,1358.81
2018-03-08,1358.4
2018-03-09,1358.13
2018-03-10,1357.58
2018-03-11,1357.24
2018-03-12,1357.27
2018-03-13,1356.71
2018-03-14,1356.09
2018-03-15,1355.18
2018-03-16,1354.71
2018-03-17,1354.06
2018-03-18,1353.5
2018-03-19,1353.2
2018-03-20,1352.41
2018-03-21,1351.57
2018-03-22,1351.19
2018-03-23,1350.72
2018-03-24,1350.26
2018-03-25,1349.89
2018-03-26,1350.13
2018-03-27,1350.21
2018-03-28,1350.0
2018-03-29,1349.67
2018-03-30,1349.34
2018-03-31,1348.97
2018-04-01,1348.5
2018-04-02,1348.65
2018-04-03,1348.69
2018-04-04,1348.5
2018-04-05,1348.3
2018-04-06,1348.13
2018-04-07,1347.92
2018-04-08,1347.58
2018-04-09,1347.82
2018-04-10,1347.59
2018-04-11,1347.31
2018-04-12,1347.39
2018-04-13,1347.35
2018-04-14,1347.02
2018-04-15,1346.99
2018-04-16,1347.41
2018-04-17,1347.81
2018-04-18,1348.0
2018-04-19,1348.31
2018-04-20,1348.74
2018-04-21,1349.12
2018-04-22,1349.11
2018-04-23,1349.54
2018-04-24,1350.32
2018-04-25,1350.94
2018-04-26,1351.72
2018-04-27,1352.57
2018-04-28,1353.13
2018-04-29,1353.33
2018-04-30,1354.19
2018-05-01,1356.19
2018-05-02,1357.02
2018-05-03,1358.06
2018-05-04,1359.11
2018-05-05,1360.26
2018-05-06,1360.67
2018-05-07,1361.45
2018-05-08,1362.69
2018-05-09,1364.54
2018-05-10,1366.73
2018-05-11,1369.44
2018-05-12,1371.82
2018-05-13,1372.7
2018-05-14,1374.72
2018-05-15,1377.49
2018-05-16,1379.89
2018-05-17,1381.62
2018-05-18,1383.47
2018-05-19,1385.46
2018-05-20,1386.29
2018-05-21,1388.29
2018-05-22,1390.78
2018-05-23,1392.93
2018-05-24,1396.04
2018-05-25,1399.4
2018-05-26,1401.79
2018-05-27,1402.69
2018-05-28,1404.41
2018-05-29,1406.3
2018-05-30,1407.45
2018-05-31,1407.94
2018-06-01,1409.17
2018-06-02,1409.56
2018-06-03,1409.65
2018-06-04,1410.35
2018-06-05,1410.54
2018-06-06,1410.63
2018-06-07,1411.08
2018-06-08,1411.09
2018-06-09,1411.05
2018-06-10,1410.76
2018-06-11,1411.17
2018-06-12,1411.17
2018-06-13,1410.92
2018-06-14,1410.92
2018-06-15,1410.74
2018-06-16,1410.54
2018-06-17,1410.29
2018-06-18,1410.41
2018-06-19,1410.18
2018-06-20,1409.99
2018-06-21,1409.74
2018-06-22,1409.47
2018-06-23,1409.21
2018-06-24,1408.97
2018-06-25,1409.22
2018-06-26,1408.74
2018-06-27,1408.69
2018-06-28,1408.6
2018-06-29,1408.74
2018-06-30,1408.65
2018-07-01,1408.44
2018-07-02,1408.72
2018-07-03,1409.08
2018-07-04,1409.42
2018-07-05,1409.56
2018-07-06,1409.83
2018-07-07,1410.0
2018-07-08,1409.91
2018-07-09,1410.25
2018-07-10,1410.79
2018-07-11,1411.21
2018-07-12,1411.57
2018-07-13,1411.84
2018-07-14,1412.03
2018-07-15,1411.97
2018-07-16,1412.52
2018-07-17,1412.7
2018-07-18,1412.79
2018-07-19,1412.85
2018-07-20,1412.88
2018-07-21,1412.79
2018-07-22,1412.69
2018-07-23,1413.23
2018-07-24,1413.32
2018-07-25,1413.36
2018-07-26,1413.48
2018-07-27,1413.62
2018-07-28,1413.71
2018-07-29,1413.7
2018-07-30,1414.24
2018-07-31,1414.76
2018-08-01,1415.68
2018-08-02,1415.93
2018-08-03,1416.14
2018-08-04,1416.38
2018-08-05,1416.37
2018-08-06,1416.92
2018-08-07,1417.51
2018-08-08,1417.84
2018-08-09,1418.0
2018-08-10,1418.28
2018-08-11,1418.4
2018-08-12,1418.42
2018-08-13,1419.0
2018-08-14,1419.33
2018-08-15,1419.48
2018-08-16,1419.78
2018-08-17,1420.04
2018-08-18,1419.85
2018-08-19,1419.81
2018-08-20,1420.23
2018-08-21,1420.25
2018-08-22,1420.43
2018-08-23,1420.42
2018-08-24,1420.54
2018-08-25,1420.57
2018-08-26,1420.47
2018-08-27,1420.91
2018-08-28,1421.24
2018-08-29,1421.42
2018-08-30,1421.6
2018-08-31,1421.8
2018-09-01,1422.57
2018-09-02,1422.73
2018-09-03,1423.48
2018-09-04,1424.3
2018-09-05,1425.34
2018-09-06,1426.48
2018-09-07,1427.59
2018-09-08,1428.41
2018-09-09,1428.68
2018-09-10,1429.71
2018-09-11,1431.43
2018-09-12,1432.96
2018-09-13,1434.86
2018-09-14,1436.87
2018-09-15,1438.44
2018-09-16,1439.13
2018-09-17,1440.96
2018-09-18,1442.51
2018-09-19,1444.07
2018-09-20,1445.58
2018-09-21,1447.27
2018-09-22,1449.34
2018-09-23,1450.34
2018-09-24,1450.83
2018-09-25,1451.35
2018-09-26,1451.71
2018-09-27,1453.05
2018-09-28,1454.51
2018-09-29,1455.9
2018-09-30,1456.47
2018-10-01,1458.98
2018-10-02,1461.8
2018-10-03,1463.91
2018-10-04,1466.05
2018-10-05,1469.06
2018-10-06,1471.44
2018-10-07,1472.75
2018-10-08,1475.13
2018-10-09,1478.23
2018-10-10,1480.36
2018-10-11,1483.11
2018-10-12,1485.35
2018-10-13,1486.85
2018-10-14,1487.61
2018-10-15,1489.18
2018-10-16,1490.63
2018-10-17,1491.89
2018-10-18,1492.79
2018-10-19,1493.51
2018-10-20,1493.84
2018-10-21,1494.0
2018-10-22,1494.63
2018-10-23,1494.64
2018-10-24,1494.8
2018-10-25,1494.8
2018-10-26,1494.76
2018-10-27,1494.82
2018-10-28,1494.71
2018-10-29,1495.16
2018-10-30,1495.37
2018-10-31,1495.5
2018-11-01,1495.61
2018-11-02,1495.76
2018-11-03,1495.63
2018-11-04,1495.6
2018-11-05,1495.76
2018-11-06,1478.46
2018-11-07,1462.31
2018-11-08,1444.76
2018-11-09,1434.18
2018-11-10,1427.93
2018-11-11,1425.16
2018-11-12,1422.44
2018-11-13,1418.79
2018-11-14,1416.15
2018-11-15,1413.37
2018-11-16,1410.52
2018-11-17,1408.06
2018-11-18,1407.06
2018-11-19,1405.7
2018-11-20,1402.88
2018-11-21,1399.81
2018-11-22,1396.99
2018-11-23,1394.1
2018-11-24,1391.49
2018-11-25,1390.48
2018-11-26,1389.11
2018-11-27,1385.28
2018-11-28,1381.88
2018-11-29,1378.62
2018-11-30,1375.38
2018-12-01,1370.66
2018-12-02,1368.46
2018-12-03,1366.23
2018-12-04,1362.36
2018-12-05,1358.37
2018-12-06,1354.9
2018-12-07,1351.26
2018-12-08,1348.62
2018-12-09,1347.13
2018-12-10,1344.98
2018-12-11,1341.17
2018-12-12,1337.82
2018-12-13,1334.32
2018-12-14,1331.38
2018-12-15,1328.46
2018-12-16,1326.72
2018-12-17,1324.8
2018-12-18,1320.94
2018-12-19,1316.95
2018-12-20,1312.44
2018-12-21,1307.64
2018-12-22,1303.52
2018-12-23,1301.33
2018-12-24,1297.98
2018-12-25,1293.97
2018-12-26,1290.33
2018-12-27,1286.17
2018-12-28,1283.1
2018-12-29,1280.12
2018-12-30,1278.74
2018-12-31,1277.23
2019-01-01,1272.42
2019-01-02,1269.2
2019-01-03,1265.31
2019-01-04,1261.82
2019-01-05,1258.88
2019-01-06,1257.43
2019-01-07,1255.3
2019-01-08,1252.58
2019-01-09,1250.76
2019-01-10,1249.46
2019-01-11,1248.49
2019-01-12,1247.73
2019-01-13,1247.24
2019-01-14,1246.92
2019-01-15,1246.19
2019-01-16,1245.63
2019-01-17,1245.01
2019-01-18,1244.52
2019-01-19,1244.19
2019-01-20,1243.97
2019-01-21,1244.06
2019-01-22,1243.88
2019-01-23,1243.78
2019-01-24,1243.69
2019-01-25,1243.58
2019-01-26,1243.33
2019-01-27,1243.22
2019-01-28,1243.41
2019-01-29,1243.41
2019-01-30,1243.27
2019-01-31,1243.04
2019-02-01,1242.99
2019-02-02,1243.01
2019-02-03,1242.9
2019-02-04,1242.77
2019-02-05,1242.71
2019-02-06,1242.41
2019-02-07,1242.24
2019-02-08,1242.17
2019-02-09,1242.03
2019-02-10,1241.93
2019-02-11,1241.92
2019-02-12,1241.75
2019-02-13,1241.58
2019-02-14,1241.53
2019-02-15,1241.52
2019-02-16,1241.71
2019-02-17,1241.69
2019-02-18,1242.03
2019-02-19,1242.2
2019-02-20,1242.5
2019-02-21,1242.74
2019-02-22,1243.23
2019-02-23,1243.82
2019-02-24,1244.03
2019-02-25,1244.77
2019-02-26,1245.75
2019-02-27,1246.36
2019-02-28,1246.94
2019-03-01,1248.5
2019-03-02,1248.8
2019-03-03,1248.9
2019-03-04,1249.48
2019-03-05,1250.28
2019-03-06,1251.02
2019-03-07,1252.01
2019-03-08,1253.97
2019-03-09,1255.17
2019-03-10,1255.79
2019-03-11,1257.38
2019-03-12,1259.29
2019-03-13,1261.62
2019-03-14,1263.88
2019-03-15,1267.06
2019-03-16,1269.58
2019-03-17,1270.67
2019-03-18,1272.95
2019-03-19,1275.44
2019-03-20,1277.6
2019-03-21,1279.21
2019-03-22,1281.22
2019-03-23,1283.09
2019-03-24,1283.7
2019-03-25,1285.44
2019-03-26,1287.33
2019-03-27,1288.77
2019-03-28,1290.02
2019-03-29,1291.24
2019-03-30,1292.32
2019-03-31,1292.39
2019-04-01,1294.48
2019-04-02,1296.03
2019-04-03,1297.42
2019-04-04,1298.55
2019-04-05,1299.7
2019-04-06,1300.91
2019-04-07,1301.4
2019-04-08,1302.72
2019-04-09,1304.14
2019-04-10,1305.73
2019-04-11,1307.52
2019-04-12,1309.38
2019-04-13,1311.29
2019-04-14,1312.08
2019-04-15,1313.98
2019-04-16,1316.23
2019-04-17,1318.36
2019-04-18,1320.14
2019-04-19,1322.04
2019-04-20,1323.78
2019-04-21,1324.66
2019-04-22,1326.54
2019-04-23,1328.81
2019-04-24,1331.19
2019-04-25,1333.19
2019-04-26,1335.14
2019-04-27,1336.99
2019-04-28,1337.81
2019-04-29,1339.93
2019-04-30,1342.35
2019-05-01,1345.64
2019-05-02,1347.81
2019-05-03,1350.07
2019-05-04,1352.51
2019-05-05,1354.14
2019-05-06,1355.76
2019-05-07,1373.41
2019-05-08,1382.32
2019-05-09,1386.25
2019-05-10,1388.26
2019-05-11,1389.84
2019-05-12,1390.35
2019-05-13,1391.37
2019-05-14,1392.22
2019-05-15,1392.8
2019-05-16,1393.38
2019-05-17,1394.0
2019-05-18,1394.73
2019-05-19,1394.95
2019-05-20,1395.46
2019-05-21,1396.34
2019-05-22,1397.07
2019-05-23,1397.46
2019-05-24,1397.98
2019-05-25,1398.06
2019-05-26,1398.08
2019-05-27,1398.33
2019-05-28,1398.58
2019-05-29,1399.11
2019-05-30,1399.07
2019-05-31,1398.94
2019-06-01,1398.53
2019-06-02,1398.21
2019-06-03,1397.94
2019-06-04,1397.12
2019-06-05,1396.05
2019-06-06,1395.01
2019-06-07,1394.4
2019-06-08,1393.39
2019-06-09,1392.79
2019-06-10,1391.97
2019-06-11,1389.95
2019-06-12,1387.9
2019-06-13,1385.59
2019-06-14,1383.07
2019-06-15,1380.58
2019-06-16,1379.44
2019-06-17,1377.66
2019-06-18,1374.82
2019-06-19,1372.43
2019-06-20,1370.24
2019-06-21,1368.32
2019-06-22,1366.55
2019-06-23,1365.85
2019-06-24,1364.73
2019-06-25,1363.5
2019-06-26,1362.48
2019-06-27,1361.77
2019-06-28,1361.56
2019-06-29,1360.84
2019-06-30,1360.29
2019-07-01,1359.41
2019-07-02,1358.43
2019-07-03,1357.54
2019-07-04,1356.45
2019-07-05,1355.51
2019-07-06,1354.72
2019-07-07,1354.2
2019-07-08,1353.91
2019-07-09,1353.24
2019-07-10,1352.6
2019-07-11,1352.17
2019-07-12,1351.9
2019-07-13,1351.75
2019-07-14,1351.64
2019-07-15,1351.78
2019-07-16,1351.83
2019-07-17,1351.63
2019-07-18,1351.61
2019-07-19,1351.55
2019-07-20,1351.33
2019-07-21,1351.17
2019-07-22,1351.35
2019-07-23,1351.1
2019-07-24,1351.13
2019-07-25,1351.15
2019-07-26,1351.31
2019-07-27,1351.35
2019-07-28,1351.25
2019-07-29,1351.49
2019-07-30,1351.55
2019-07-31,1351.77
2019-08-01,1352.0
2019-08-02,1352.59
2019-08-03,1352.61
2019-08-04,1352.49
2019-08-05,1352.72
2019-08-06,1352.76
2019-08-07,1352.55
2019-08-08,1352.47
2019-08-09,1352.18
2019-08-10,1351.91
2019-08-11,1351.71
2019-08-12,1351.73
2019-08-13,1351.72
2019-08-14,1351.61
2019-08-15,1351.38
2019-08-16,1351.44
2019-08-17,1351.3
2019-08-18,1351.12
2019-08-19,1351.21
2019-08-20,1351.19
2019-08-21,1351.04
2019-08-22,1351.06
2019-08-23,1351.31
2019-08-24,1351.26
2019-08-25,1351.21
2019-08-26,1351.63
2019-08-27,1351.74
2019-08-28,1352.07
2019-08-29,1352.37
2019-08-30,1352.91
2019-08-31,1354.05
2019-09-01,1363.44
2019-09-02,1368.44
2019-09-03,1371.01
2019-09-04,1372.43
2019-09-05,1372.95
2019-09-06,1373.96
2019-09-07,1374.07
2019-09-08,1374.28
2019-09-09,1374.61
2019-09-10,1374.85
2019-09-11,1375.43
2019-09-12,1375.95
2019-09-13,1376.19
2019-09-14,1376.09
2019-09-15,1376.05
2019-09-16,1377.0
2019-09-17,1379.52
2019-09-18,1381.64
2019-09-19,1383.17
2019-09-20,1384.56
2019-09-21,1385.54
2019-09-22,1385.86
2019-09-23,1386.98
2019-09-24,1387.88
2019-09-25,1389.24
2019-09-26,1390.01
2019-09-27,1390.63
2019-09-28,1390.8
2019-09-29,1390.98
2019-09-30,1391.46
2019-10-01,1391.75
2019-10-02,1391.62
2019-10-03,1391.6
2019-10-04,1391.37
2019-10-05,1390.96
2019-10-06,1390.85
2019-10-07,1390.76
2019-10-08,1390.47
2019-10-09,1390.11
2019-10-10,1389.9
2019-10-11,1389.5
2019-10-12,1389.16
2019-10-13,1388.97
2019-10-14,1388.93
2019-10-15,1388.55
2019-10-16,1388.21
2019-10-17,1387.85
2019-10-18,1387.13
2019-10-19,1386.66
2019-10-20,1386.38
2019-10-21,1386.24
2019-10-22,1385.76
2019-10-23,1385.24
2019-10-24,1384.93
2019-10-25,1384.57
2019-10-26,1384.2
2019-10-27,1383.9
2019-10-28,1383.83
2019-10-29,1383.52
2019-10-30,1383.34
2019-10-31,1383.13
2019-11-01,1382.59
2019-11-02,1382.22
2019-11-03,1382.0
2019-11-04,1382.03
2019-11-05,1381.52
2019-11-06,1381.18
2019-11-07,1380.76
2019-11-08,1380.75
2019-11-09,1380.51
2019-11-10,1380.22
2019-11-11,1380.39
2019-11-12,1380.34
2019-11-13,1380.28
2019-11-14,1380.18
2019-11-15,1380.27
2019-11-16,1380.14
2019-11-17,1380.0
2019-11-18,1380.13
2019-11-19,1379.84
2019-11-20,1379.68
2019-11-21,1379.7
2019-11-22,1379.78
2019-11-23,1379.82
2019-11-24,1379.75
2019-11-25,1380.0
2019-11-26,1380.05
2019-11-27,1380.13
2019-11-28,1380.26
2019-11-29,1380.37
2019-11-30,1380.35
2019-12-01,1380.42
2019-12-02,1380.65
2019-12-03,1380.94
2019-12-04,1381.01
2019-12-05,1381.15
2019-12-06,1381.42
2019-12-07,1381.78
2019-12-08,1381.76
2019-12-09,1382.35
2019-12-10,1382.64
2019-12-11,1383.08
2019-12-12,1383.53
2019-12-13,1383.96
2019-12-14,1384.33
2019-12-15,1384.42
2019-12-16,1385.04
2019-12-17,1385.5
2019-12-18,1385.93
2019-12-19,1386.36
2019-12-20,1386.88
2019-12-21,1387.36
2019-12-22,1387.49
2019-12-23,1388.05
2019-12-24,1388.82
2019-12-25,1389.21
2019-12-26,1389.74
2019-12-27,1390.22
2019-12-28,1390.58
2019-12-29,1390.71
2019-12-30,1391.19
2019-12-31,1391.59
2020-01-01,1392.26
2020-01-02,1392.88
2020-01-03,1393.16
2020-01-04,1393.82
2020-01-05,1394.03
2020-01-06,1394.97
2020-01-07,1396.28
2020-01-08,1397.58
2020-01-09,1398.84
2020-01-10,1399.62
2020-01-11,1400.13
2020-01-12,1400.31
2020-01-13,1400.86
2020-01-14,1401.06
2020-01-15,1401.02
2020-01-16,1401.06
2020-01-17,1400.91
2020-01-18,1400.67
2020-01-19,1400.52
2020-01-20,1400.67
2020-01-21,1400.4
2020-01-22,1400.18
2020-01-23,1400.05
2020-01-24,1399.94
2020-01-25,1399.84
2020-01-26,1399.63
2020-01-27,1399.13
2020-01-28,1398.77
2020-01-29,1398.1
2020-01-30,1397.37
2020-01-31,1396.42
2020-02-01,1394.86
2020-02-02,1394.1
2020-02-03,1393.18
2020-02-04,1391.26
2020-02-05,1389.72
2020-02-06,1387.92
2020-02-07,1386.04
2020-02-08,1384.5
2020-02-09,1383.7
2020-02-10,1382.38
2020-02-11,1379.28
2020-02-12,1376.42
2020-02-13,1373.28
2020-02-14,1370.38
2020-02-15,1367.64
2020-02-16,1366.27
2020-02-17,1364.35
2020-02-18,1361.95
2020-02-19,1359.7
2020-02-20,1357.74
2020-02-21,1356.17
2020-02-22,1354.85
2020-02-23,1354.19
2020-02-24,1353.38
2020-02-25,1351.74
2020-02-26,1350.36
2020-02-27,1348.74
2020-02-28,1346.79
2020-02-29,1344.88
2020-03-01,1342.68
2020-03-02,1340.72
2020-03-03,1337.92
2020-03-04,1335.41
2020-03-05,1333.15
2020-03-06,1330.82
2020-03-07,1328.48
2020-03-08,1327.27
2020-03-09,1324.82
2020-03-10,1320.52
2020-03-11,1314.23
2020-03-12,1308.62
2020-03-13,1303.35
2020-03-14,1298.25
2020-03-15,1295.73
2020-03-16,1291.56
2020-03-17,1284.17
2020-03-18,1275.15
2020-03-19,1266.95
2020-03-20,1259.24
2020-03-21,1253.06
2020-03-22,1250.05
2020-03-23,1244.7
2020-03-24,1236.94
2020-03-25,1230.81
2020-03-26,1224.52
2020-03-27,1218.12
2020-03-28,1212.81
2020-03-29,1209.9
2020-03-30,1205.16
2020-03-31,1199.27
2020-04-01,1190.5
2020-04-02,1184.19
2020-04-03,1178.65
2020-04-04,1174.57
2020-04-05,1172.64
2020-04-06,1169.74
2020-04-07,1164.68
2020-04-08,1159.16
2020-04-09,1154.71
2020-04-10,1151.07
2020-04-11,1147.46
2020-04-12,1145.88
2020-04-13,1143.12
2020-04-14,1139.03
2020-04-15,1134.87
2020-04-16,1131.51
2020-04-17,1127.11
2020-04-18,1123.01
2020-04-19,1120.79
2020-04-20,1117.33
2020-04-21,1111.91
2020-04-22,1107.16
2020-04-23,1102.66
2020-04-24,1098.28
2020-04-25,1094.84
2020-04-26,1092.88
2020-04-27,1090.09
2020-04-28,1085.57
2020-04-29,1081.5
2020-04-30,1078.54
2020-05-01,1075.28
2020-05-02,1073.84
2020-05-03,1072.7
2020-05-04,1071.05
2020-05-05,1068.43
2020-05-06,1067.27
2020-05-07,1065.07
2020-05-08,1063.74
2020-05-09,1062.51
2020-05-10,1062.18
2020-05-11,1061.41
2020-05-12,1060.35
2020-05-13,1059.55
2020-05-14,1059.16
2020-05-15,1058.75
2020-05-16,1059.02
2020-05-17,1059.12
2020-05-18,1059.5
2020-05-19,1059.77
2020-05-20,1060.26
2020-05-21,1061.27
2020-05-22,1062.7
2020-05-23,1063.99
2020-05-24,1064.54
2020-05-25,1065.87
2020-05-26,1068.51
2020-05-27,1070.81
2020-05-28,1073.05
2020-05-29,1075.16
2020-05-30,1077.12
2020-05-31,1078.2
2020-06-01,1081.82
2020-06-02,1084.15
2020-06-03,1086.91
2020-06-04,1089.92
2020-06-05,1094.27
2020-06-06,1099.12
2020-06-07,1101.38
2020-06-08,1105.88
2020-06-09,1112.2
2020-06-10,1117.3
2020-06-11,1121.52
2020-06-12,1125.19
2020-06-13,1127.84
2020-06-14,1128.99
2020-06-15,1131.65
2020-06-16,1134.37
2020-06-17,1137.11
2020-06-18,1139.58
2020-06-19,1142.0
2020-06-20,1144.35
2020-06-21,1145.5
2020-06-22,1147.87
2020-06-23,1150.24
2020-06-24,1151.92
2020-06-25,1153.36
2020-06-26,1154.71
2020-06-27,1155.94
2020-06-28,1156.35
2020-06-29,1157.44
2020-06-30,1158.25
2020-07-01,1159.77
2020-07-02,1160.4
2020-07-03,1161.04
2020-07-04,1161.3
2020-07-05,1161.47
2020-07-06,1161.97
2020-07-07,1162.36
2020-07-08,1162.63
2020-07-09,1162.83
2020-07-10,1162.92
2020-07-11,1163.23
2020-07-12,1163.15
2020-07-13,1163.34
2020-07-14,1163.45
2020-07-15,1163.56
2020-07-16,1163.62
2020-07-17,1163.74
2020-07-18,1163.67
2020-07-19,1163.62
2020-07-20,1163.65
2020-07-21,1163.6
2020-07-22,1163.52
2020-07-23,1163.45
2020-07-24,1163.46
2020-07-25,1163.49
2020-07-26,1163.48
2020-07-27,1163.49
2020-07-28,1163.47
2020-07-29,1163.46
2020-07-30,1163.42
2020-07-31,1163.34
2020-08-01,1163.69
2020-08-02,1163.67
2020-08-03,1163.89
2020-08-04,1163.76
2020-08-05,1163.68
2020-08-06,1163.59
2020-08-07,1163.51
2020-08-08,1163.49
2020-08-09,1163.42
2020-08-10,1163.48
2020-08-11,1163.48
2020-08-12,1163.43
2020-08-13,1163.51
2020-08-14,1163.52
2020-08-15,1163.69
2020-08-16,1163.68
2020-08-17,1163.63
2020-08-18,1163.7
2020-08-19,1163.76
2020-08-20,1163.83
2020-08-21,1163.83
2020-08-22,1163.73
2020-08-23,1163.63
2020-08-24,1163.76
2020-08-25,1163.62
2020-08-26,1163.53
2020-08-27,1163.41
2020-08-28,1163.27
2020-08-29,1163.14
2020-08-30,1163.18
2020-08-31,1163.09
2020-09-01,1162.88
2020-09-02,1162.66
2020-09-03,1162.68
2020-09-04,1162.5
2020-09-05,1162.37
2020-09-06,1162.24
2020-09-07,1161.95
2020-09-08,1161.52
2020-09-09,1160.62
2020-09-10,1159.74
2020-09-11,1158.86
2020-09-12,1158.2
2020-09-13,1157.92
2020-09-14,1157.37
2020-09-15,1156.25
2020-09-16,1154.73
2020-09-17,1153.43
2020-09-18,1152.26
2020-09-19,1151.47
2020-09-20,1151.1
2020-09-21,1150.44
2020-09-22,1149.22
2020-09-23,1148.08
2020-09-24,1146.98
2020-09-25,1146.23
2020-09-26,1145.54
2020-09-27,1145.23
2020-09-28,1144.85
2020-09-29,1143.56
2020-09-30,1142.93
2020-10-01,1142.56
2020-10-02,1142.29
2020-10-03,1141.54
2020-10-04,1141.05
2020-10-05,1140.22
2020-10-06,1139.04
2020-10-07,1138.27
2020-10-08,1137.52
2020-10-09,1136.94
2020-10-10,1136.56
2020-10-11,1136.39
2020-10-12,1136.01
2020-10-13,1135.4
2020-10-14,1134.85
2020-10-15,1134.34
2020-10-16,1133.73
2020-10-17,1133.24
2020-10-18,1133.01
2020-10-19,1132.58
2020-10-20,1132.01
2020-10-21,1131.32
2020-10-22,1130.66
2020-10-23,1130.17
2020-10-24,1129.77
2020-10-25,1129.46
2020-10-26,1129.11
2020-10-27,1128.47
2020-10-28,1127.78
2020-10-29,1127.1
2020-10-30,1126.21
2020-10-31,1125.45
2020-11-01,1124.51
2020-11-02,1123.7
2020-11-03,1122.34
2020-11-04,1121.22
2020-11-05,1120.47
2020-11-06,1119.96
2020-11-07,1119.36
2020-11-08,1119.02
2020-11-09,1118.69
2020-11-10,1118.16
2020-11-11,1117.8
2020-11-12,1117.58
2020-11-13,1117.64
2020-11-14,1117.53
2020-11-15,1117.34
2020-11-16,1117.44
2020-11-17,1117.29
2020-11-18,1116.97
2020-11-19,1117.18
2020-11-20,1117.46
2020-11-21,1117.75
2020-11-22,1117.64
2020-11-23,1117.97
2020-11-24,1118.33
2020-11-25,1118.97
2020-11-26,1120.47
2020-11-27,1122.42
2020-11-28,1123.53
2020-11-29,1124.08
2020-11-30,1125.19
2020-12-01,1127.51
2020-12-02,1128.81
2020-12-03,1130.3
2020-12-04,1132.17
2020-12-05,1134.35
2020-12-06,1135.33
2020-12-07,1137.24
2020-12-08,1139.68
2020-12-09,1141.67
2020-12-10,1143.72
2020-12-11,1146.94
2020-12-12,1150.27
2020-12-13,1151.82
2020-12-14,1154.49
2020-12-15,1157.7
2020-12-16,1161.26
2020-12-17,1165.49
2020-12-18,1171.4
2020-12-19,1177.34
2020-12-20,1180.46
2020-12-21,1185.16
2020-12-22,1190.57
2020-12-23,1194.87
2020-12-24,1199.3
2020-12-25,1203.45
2020-12-26,1206.06
2020-12-27,1207.54
2020-12-28,1210.65
2020-12-29,1214.6
2020-12-30,1218.04
2020-12-31,1220.58
2021-01-01,1224.64
2021-01-02,1226.31
2021-01-03,1227.34
2021-01-04,1229.22
2021-01-05,1231.37
2021-01-06,1232.66
2021-01-07,1234.06
2021-01-08,1235.41
2021-01-09,1236.56
2021-01-10,1237.18
2021-01-11,1238.44
2021-01-12,1239.76
2021-01-13,1240.99
2021-01-14,1242.48
2021-01-15,1244.02
2021-01-16,1245.32
2021-01-17,1245.77
2021-01-18,1246.7
2021-01-19,1247.7
2021-01-20,1248.56
2021-01-21,1249.31
2021-01-22,1249.82
2021-01-23,1250.18
2021-01-24,1250.18
2021-01-25,1250.71
2021-01-26,1250.85
2021-01-27,1251.11
2021-01-28,1251.21
2021-01-29,1251.6
2021-01-30,1251.79
2021-01-31,1251.75
2021-02-01,1252.3
2021-02-02,1252.38
2021-02-03,1252.56
2021-02-04,1252.8
2021-02-05,1253.2
2021-02-06,1253.85
2021-02-07,1253.97
2021-02-08,1254.64
2021-02-09,1255.86
2021-02-10,1257.42
2021-02-11,1258.86
2021-02-12,1259.36
2021-02-13,1259.73
2021-02-14,1259.97
2021-02-15,1261.12
2021-02-16,1263.37
2021-02-17,1264.93
2021-02-18,1266.71
2021-02-19,1268.47
2021-02-20,1269.81
2021-02-21,1270.45
2021-02-22,1271.86
2021-02-23,1273.23
2021-02-24,1274.74
2021-02-25,1276.05
2021-02-26,1277.65
2021-02-27,1279.25
2021-02-28,1279.83
2021-03-01,1281.79
2021-03-02,1283.22
2021-03-03,1284.59
2021-03-04,1285.76
2021-03-05,1287.77
2021-03-06,1290.65
2021-03-07,1292.27
2021-03-08,1295.18
2021-03-09,1298.9
2021-03-10,1301.82
2021-03-11,1304.06
2021-03-12,1306.43
2021-03-13,1309.59
2021-03-14,1311.17
2021-03-15,1313.91
2021-03-16,1317.11
2021-03-17,1319.74
2021-03-18,1322.18
2021-03-19,1324.2
2021-03-20,1325.69
2021-03-21,1326.49
2021-03-22,1327.95
2021-03-23,1329.45
2021-03-24,1330.32
2021-03-25,1330.76
2021-03-26,1331.16
2021-03-27,1331.33
2021-03-28,1331.45
2021-03-29,1331.89
2021-03-30,1332.27
2021-03-31,1332.49
2021-04-01,1333.1
2021-04-02,1333.22
2021-04-03,1333.29
2021-04-04,1333.22
2021-04-05,1333.54
2021-04-06,1333.51
2021-04-07,1333.43
2021-04-08,1333.33
2021-04-09,1333.3
2021-04-10,1333.22
2021-04-11,1333.08
2021-04-12,1333.17
2021-04-13,1333.17
2021-04-14,1333.16
2021-04-15,1332.98
2021-04-16,1332.94
2021-04-17,1332.46
2021-04-18,1332.31
2021-04-19,1332.43
2021-04-20,1332.34
2021-04-21,1332.45
2021-04-22,1332.29
2021-04-23,1332.19
2021-04-24,1332.11
2021-04-25,1331.97
2021-04-26,1332.17
2021-04-27,1332.05
2021-04-28,1331.98
2021-04-29,1331.98
2021-04-30,1331.98
2021-05-01,1331.99
2021-05-02,1332.01
2021-05-03,1332.18
2021-05-04,1332.13
2021-05-05,1332.17
2021-05-06,1332.44
2021-05-07,1332.66
2021-05-08,1332.99
2021-05-09,1332.96
2021-05-10,1333.59
2021-05-11,1334.55
2021-05-12,1335.22
2021-05-13,1336.23
2021-05-14,1337.23
2021-05-15,1337.59
2021-05-16,1337.89
2021-05-17,1338.79
2021-05-18,1339.76
2021-05-19,1340.52
2021-05-20,1341.26
2021-05-21,1342.01
2021-05-22,1342.52
2021-05-23,1342.66
2021-05-24,1343.57
2021-05-25,1344.41
2021-05-26,1345.25
2021-05-27,1346.23
2021-05-28,1347.07
2021-05-29,1347.96
2021-05-30,1348.3
2021-05-31,1349.2
2021-06-01,1351.2
2021-06-02,1352.56
2021-06-03,1353.87
2021-06-04,1355.45
2021-06-05,1357.08
2021-06-06,1357.87
2021-06-07,1359.48
2021-06-08,1361.39
2021-06-09,1363.17
2021-06-10,1364.75
2021-06-11,1366.64
2021-06-12,1368.5
2021-06-13,1369.34
2021-06-14,1371.18
2021-06-15,1373.08
2021-06-16,1375.2
2021-06-17,1377.28
2021-06-18,1378.8
2021-06-19,1380.31
2021-06-20,1380.93
2021-06-21,1382.59
2021-06-22,1384.76
2021-06-23,1386.67
2021-06-24,1388.67
2021-06-25,1390.65
2021-06-26,1392.56
2021-06-27,1393.61
2021-06-28,1395.65
2021-06-29,1398.26
2021-06-30,1399.91
2021-07-01,1403.07
2021-07-02,1405.02
2021-07-03,1406.75
2021-07-04,1407.44
2021-07-05,1409.22
2021-07-06,1411.79
2021-07-07,1414.43
2021-07-08,1416.46
2021-07-09,1418.19
2021-07-10,1420.08
2021-07-11,1420.89
2021-07-12,1422.6
2021-07-13,1424.58
2021-07-14,1426.35
2021-07-15,1427.9
2021-07-16,1429.58
2021-07-17,1430.98
2021-07-18,1431.48
2021-07-19,1432.85
2021-07-20,1433.65
2021-07-21,1434.06
2021-07-22,1434.65
2021-07-23,1435.09
2021-07-24,1435.5
2021-07-25,1435.65
2021-07-26,1436.35
2021-07-27,1436.87
2021-07-28,1437.31
2021-07-29,1437.63
2021-07-30,1438.13
2021-07-31,1438.5
2021-08-01,1439.18
2021-08-02,1439.98
2021-08-03,1440.57
2021-08-04,1440.98
2021-08-05,1441.3
2021-08-06,1441.84
2021-08-07,1441.98
2021-08-08,1441.99
2021-08-09,1442.25
2021-08-10,1442.23
2021-08-11,1442.14
2021-08-12,1442.12
2021-08-13,1442.11
2021-08-14,1441.95
2021-08-15,1441.87
2021-08-16,1442.02
2021-08-17,1441.9
2021-08-18,1441.6
2021-08-19,1441.01
2021-08-20,1440.55
2021-08-21,1439.96
2021-08-22,1439.86
2021-08-23,1439.71
2021-08-24,1439.35
2021-08-25,1439.06
2021-08-26,1438.88
2021-08-27,1438.62
2021-08-28,1438.32
2021-08-29,1438.04
2021-08-30,1438.21
2021-08-31,1438.06
2021-09-01,1437.74
2021-09-02,1437.55
2021-09-03,1437.28
2021-09-04,1436.95
2021-09-05,1436.8
2021-09-06,1436.91
2021-09-07,1436.72
2021-09-08,1436.52
2021-09-09,1436.39
2021-09-10,1436.39
2021-09-11,1436.19
2021-09-12,1436.01
2021-09-13,1436.28
2021-09-14,1436.17
2021-09-15,1436.25
2021-09-16,1436.29
2021-09-17,1436.52
2021-09-18,1436.67
2021-09-19,1436.71
2021-09-20,1436.88
2021-09-21,1436.92
2021-09-22,1436.66
2021-09-23,1437.21
2021-09-24,1437.73
2021-09-25,1437.83
2021-09-26,1437.88
2021-09-27,1438.49
2021-09-28,1439.03
2021-09-29,1439.76
2021-09-30,1440.85
2021-10-01,1443.14
2021-10-02,1444.57
2021-10-03,1445.08
2021-10-04,1446.28
2021-10-05,1448.18
2021-10-06,1452.28
2021-10-07,1456.8
2021-10-08,1462.87
2021-10-09,1468.94
2021-10-10,1472.26
2021-10-11,1476.01
2021-10-12,1481.2
2021-10-13,1490.26
2021-10-14,1498.15
2021-10-15,1506.65
2021-10-16,1514.39
2021-10-17,1518.34
2021-10-18,1523.77
2021-10-19,1530.43
2021-10-20,1537.28
2021-10-21,1542.25
2021-10-22,1547.04
2021-10-23,1551.4
2021-10-24,1553.43
2021-10-25,1556.69
2021-10-26,1560.93
2021-10-27,1564.79
2021-10-28,1568.88
2021-10-29,1572.22
2021-10-30,1576.42
2021-10-31,1578.31
2021-11-01,1582.01
2021-11-02,1585.36
2021-11-03,1588.34
2021-11-04,1591.63
2021-11-05,1594.42
2021-11-06,1597.58
2021-11-07,1598.84
2021-11-08,1600.87
2021-11-09,1602.98
2021-11-10,1604.52
2021-11-11,1605.64
2021-11-12,1575.03
2021-11-13,1562.4
2021-11-14,1555.81
2021-11-15,1542.16
2021-11-16,1531.96
2021-11-17,1526.24
2021-11-18,1521.82
2021-11-19,1518.74
2021-11-20,1516.5
2021-11-21,1515.15
2021-11-22,1513.22
2021-11-23,1511.62
2021-11-24,1510.35
2021-11-25,1509.16
2021-11-26,1508.23
2021-11-27,1506.77
2021-11-28,1505.83
2021-11-29,1504.95
2021-11-30,1503.76
2021-12-01,1501.52
2021-12-02,1499.73
2021-12-03,1497.83
2021-12-04,1495.88
2021-12-05,1494.93
2021-12-06,1493.43
2021-12-07,1489.98
2021-12-08,1486.87
2021-12-09,1483.64
2021-12-10,1480.84
2021-12-11,1478.23
2021-12-12,1477.06
2021-12-13,1475.23
2021-12-14,1472.46
2021-12-15,1469.52
2021-12-16,1466.11
2021-12-17,1463.39
2021-12-18,1461.35
2021-12-19,1460.26
2021-12-20,1458.47
2021-12-21,1455.64
2021-12-22,1453.08
2021-12-23,1451.15
2021-12-24,1449.37
2021-12-25,1447.97
2021-12-26,1447.53
2021-12-27,1446.92
2021-12-28,1445.68
2021-12-29,1444.7
2021-12-30,1444.0
2021-12-31,1443.58
2022-01-01,1442.42
2022-01-02,1442.09
2022-01-03,1441.82
2022-01-04,1440.91
2022-01-05,1440.23
2022-01-06,1439.42
2022-01-07,1439.13
2022-01-08,1439.46
2022-01-09,1439.18
2022-01-10,1439.54
2022-01-11,1439.59
2022-01-12,1439.93
2022-01-13,1441.22
2022-01-14,1442.77
2022-01-15,1444.25
2022-01-16,1445.13
2022-01-17,1447.28
2022-01-18,1449.5
2022-01-19,1452.22
2022-01-20,1455.85
2022-01-21,1459.98
2022-01-22,1462.91
2022-01-23,1464.12
2022-01-24,1466.92
2022-01-25,1469.52
2022-01-26,1472.22
2022-01-27,1475.31
2022-01-28,1478.31
2022-01-29,1481.21
2022-01-30,1483.0
2022-01-31,1484.35
2022-02-01,1485.89
2022-02-02,1487.05
2022-02-03,1489.71
2022-02-04,1493.54
2022-02-05,1499.0
2022-02-06,1501.32
2022-02-07,1505.56
2022-02-08,1511.18
2022-02-09,1516.69
2022-02-10,1521.1
2022-02-11,1524.75
2022-02-12,1528.91
2022-02-13,1531.22
2022-02-14,1535.33
2022-02-15,1540.24
2022-02-16,1545.08
2022-02-17,1549.04
2022-02-18,1552.79
2022-02-19,1555.98
2022-02-20,1557.47
2022-02-21,1560.65
2022-02-22,1563.99
2022-02-23,1568.31
2022-02-24,1572.03
2022-02-25,1577.05
2022-02-26,1581.41
2022-02-27,1582.87
2022-02-28,1585.96
2022-03-01,1590.62
2022-03-02,1594.81
2022-03-03,1602.22
2022-03-04,1615.37
2022-03-05,1634.99
2022-03-06,1646.01
2022-03-07,1665.13
2022-03-08,1706.45
2022-03-09,1750.15
2022-03-10,1781.84
2022-03-11,1818.45
2022-03-12,1857.08
2022-03-13,1872.63
2022-03-14,1892.42
2022-03-15,1912.14
2022-03-16,1917.89
2022-03-17,1917.35
2022-03-18,1917.35
2022-03-19,1917.14
2022-03-20,1917.39
2022-03-21,1917.82
2022-03-22,1917.89
2022-03-23,1918.25
2022-03-24,1918.92
2022-03-25,1919.65
2022-03-26,1919.15
2022-03-27,1919.61
2022-03-28,1920.44
2022-03-29,1920.32
2022-03-30,1919.72
2022-03-31,1918.84
2022-04-01,1916.89
2022-04-02,1915.18
2022-04-03,1914.62
2022-04-04,1913.19
2022-04-05,1911.37
2022-04-06,1910.43
2022-04-07,1909.18
2022-04-08,1907.86
2022-04-09,1906.17
2022-04-10,1905.5
2022-04-11,1904.54
2022-04-12,1902.53
2022-04-13,1900.84
2022-04-14,1899.67
2022-04-15,1899.2
2022-04-16,1898.83
2022-04-17,1898.62
2022-04-18,1899.04
2022-04-19,1899.54
2022-04-20,1900.24
2022-04-21,1900.7
2022-04-22,1901.65
2022-04-23,1902.33
2022-04-24,1902.69
2022-04-25,1906.16
2022-04-26,1908.09
2022-04-27,1909.86
2022-04-28,1911.81
2022-04-29,1915.25
2022-04-30,1920.52
2022-05-01,1908.76
2022-05-02,1904.81
2022-05-03,1903.93
2022-05-04,1906.66
2022-05-05,1910.34
2022-05-06,1914.2
2022-05-07,1920.01
2022-05-08,1924.7
2022-05-09,1931.32
2022-05-10,1941.46
2022-05-11,1947.59
2022-05-12,1953.29
2022-05-13,1959.24
2022-05-14,1964.02
2022-05-15,1966.48
2022-05-16,1970.51
2022-05-17,1976.49
2022-05-18,1981.61
2022-05-19,1986.76
2022-05-20,1990.99
2022-05-21,1994.32
2022-05-22,1995.79
2022-05-23,1998.38
2022-05-24,2000.93
2022-05-25,2002.68
2022-05-26,2003.85
2022-05-27,2005.14
2022-05-28,2005.62
2022-05-29,2006.09
2022-05-30,2007.13
2022-05-31,2008.23
2022-06-01,2009.47
2022-06-02,2011.18
2022-06-03,2013.43
2022-06-04,2018.44
2022-06-05,2021.12
2022-06-06,2023.85
2022-06-07,2027.96
2022-06-08,2036.52
2022-06-09,2044.4
2022-06-10,2054.37
2022-06-11,2063.53
2022-06-12,2067.99
2022-06-13,2074.89
2022-06-14,2083.67
2022-06-15,2090.62
2022-06-16,2096.1
2022-06-17,2104.2
2022-06-18,2112.5
2022-06-19,2115.96
2022-06-20,2120.85
2022-06-21,2127.58
2022-06-22,2133.25
2022-06-23,2138.2
2022-06-24,2143.13
2022-06-25,2147.06
2022-06-26,2149.16
2022-06-27,2153.0
2022-06-28,2158.24
2022-06-29,2163.15
2022-06-30,2167.66
2022-07-01,2157.7
2022-07-02,2155.39
2022-07-03,2154.46
2022-07-04,2153.08
2022-07-05,2150.78
2022-07-06,2148.59
2022-07-07,2145.24
2022-07-08,2140.28
2022-07-09,2136.65
2022-07-10,2134.84
2022-07-11,2131.28
2022-07-12,2124.27
2022-07-13,2117.16
2022-07-14,2108.96
2022-07-15,2099.72
2022-07-16,2092.28
2022-07-17,2088.75
2022-07-18,2082.11
2022-07-19,2072.42
2022-07-20,2063.99
2022-07-21,2055.28
2022-07-22,2046.01
2022-07-23,2036.83
2022-07-24,2032.61
2022-07-25,2024.7
2022-07-26,2015.01
2022-07-27,2006.74
2022-07-28,1998.46
2022-07-29,1991.04
2022-07-30,1985.32
2022-07-31,1982.61
2022-08-01,1976.46
2022-08-02,1969.64
2022-08-03,1963.18
2022-08-04,1956.93
2022-08-05,1950.56
2022-08-06,1944.14
2022-08-07,1941.43
2022-08-08,1935.96
2022-08-09,1928.2
2022-08-10,1920.46
2022-08-11,1911.58
2022-08-12,1902.96
2022-08-13,1895.71
2022-08-14,1892.04
2022-08-15,1887.53
2022-08-16,1880.12
2022-08-17,1870.89
2022-08-18,1863.53
2022-08-19,1857.23
2022-08-20,1852.84
2022-08-21,1850.59
2022-08-22,1846.57
2022-08-23,1842.27
2022-08-24,1839.79
2022-08-25,1838.6
2022-08-26,1838.58
2022-08-27,1838.82
2022-08-28,1839.07
2022-08-29,1840.79
2022-08-30,1845.33
2022-08-31,1847.37
2022-09-01,1850.3
2022-09-02,1850.7
2022-09-03,1850.67
2022-09-04,1850.76
2022-09-05,1851.27
2022-09-06,1851.76
2022-09-07,1852.57
2022-09-08,1853.89
2022-09-09,1854.92
2022-09-10,1855.39
2022-09-11,1855.82
2022-09-12,1856.09
2022-09-13,1857.38
2022-09-14,1858.63
2022-09-15,1860.41
2022-09-16,1860.74
2022-09-17,1859.89
2022-09-18,1859.21
2022-09-19,1858.61
2022-09-20,1855.12
2022-09-21,1852.35
2022-09-22,1849.76
2022-09-23,1847.31
2022-09-24,1844.45
2022-09-25,1843.21
2022-09-26,1841.0
2022-09-27,1836.98
2022-09-28,1832.33
2022-09-29,1828.79
2022-09-30,1826.08
2022-10-01,1822.01
2022-10-02,1820.55
2022-10-03,1820.83
2022-10-04,1817.56
2022-10-05,1815.63
2022-10-06,1814.62
2022-10-07,1814.91
2022-10-08,1818.57
2022-10-09,1819.99
2022-10-10,1821.74
2022-10-11,1824.45
2022-10-12,1828.0
2022-10-13,1829.54
2022-10-14,1831.43
2022-10-15,1833.69
2022-10-16,1834.59
2022-10-17,1836.93
2022-10-18,1840.19
2022-10-19,1842.9
2022-10-20,1845.5
2022-10-21,1848.77
2022-10-22,1851.64
2022-10-23,1852.77
2022-10-24,1855.46
2022-10-25,1857.96
2022-10-26,1860.07
2022-10-27,1862.4
2022-10-28,1864.82
2022-10-29,1866.42
2022-10-30,1867.15
2022-10-31,1869.29
2022-11-01,1872.05
2022-11-02,1874.01
2022-11-03,1875.9
2022-11-04,1877.64
2022-11-05,1879.39
2022-11-06,1880.35
2022-11-07,1882.5
2022-11-08,1884.76
2022-11-09,1886.64
2022-11-10,1888.0
2022-11-11,1888.77
2022-11-12,1888.93
2022-11-13,1888.94
2022-11-14,1889.59
2022-11-15,1889.11
2022-11-16,1888.55
2022-11-17,1887.8
2022-11-18,1885.62
2022-11-19,1883.82
2022-11-20,1882.96
2022-11-21,1881.58
2022-11-22,1878.67
2022-11-23,1875.66
2022-11-24,1872.86
2022-11-25,1870.27
2022-11-26,1867.75
2022-11-27,1866.63
2022-11-28,1864.46
2022-11-29,1861.7
2022-11-30,1859.63
2022-12-01,1857.47
2022-12-02,1855.96
2022-12-03,1854.52
2022-12-04,1853.31
2022-12-05,1850.98
2022-12-06,1847.19
2022-12-07,1842.17
2022-12-08,1835.07
2022-12-09,1827.11
2022-12-10,1818.45
2022-12-11,1814.71
2022-12-12,1807.38
2022-12-13,1796.67
2022-12-14,1787.99
2022-12-15,1779.25
2022-12-16,1771.37
2022-12-17,1764.37
2022-12-18,1761.56
2022-12-19,1756.43
2022-12-20,1751.89
2022-12-21,1745.51
2022-12-22,1741.37
2022-12-23,1738.09
2022-12-24,1735.31
2022-12-25,1733.82
2022-12-26,1731.44
2022-12-27,1728.14
2022-12-28,1725.84
2022-12-29,1724.28
2022-12-30,1722.77
2022-12-31,1721.76
2023-01-01,1720.97
2023-01-02,1720.21
2023-01-03,1719.06
2023-01-04,1717.13
2023-01-05,1713.57
2023-01-06,1710.43
2023-01-07,1704.48
2023-01-08,1702.48
2023-01-09,1698.52
2023-01-10,1692.23
2023-01-11,1685.25
2023-01-12,1679.22
2023-01-13,1674.32
2023-01-14,1670.38
2023-01-15,1668.62
2023-01-16,1666.13
2023-01-17,1662.31
2023-01-18,1659.03
2023-01-19,1656.83
2023-01-20,1654.96
2023-01-21,1653.45
2023-01-22,1653.11
2023-01-23,1652.69
2023-01-24,1652.1
2023-01-25,1651.76
2023-01-26,1651.15
2023-01-27,1650.52
2023-01-28,1649.66
2023-01-29,1649.1
2023-01-30,1649.16
2023-01-31,1648.44
2023-02-01,1646.96
2023-02-02,1645.14
2023-02-03,1643.39
2023-02-04,1641.23
2023-02-05,1639.92
2023-02-06,1638.06
2023-02-07,1633.74
2023-02-08,1628.41
2023-02-09,1623.81
2023-02-10,1620.2
2023-02-11,1617.1
2023-02-12,1615.58
2023-02-13,1613.09
2023-02-14,1608.89
2023-02-15,1605.31
2023-02-16,1601.79
2023-02-17,1598.09
2023-02-18,1594.0
2023-02-19,1592.13
2023-02-20,1589.12
2023-02-21,1584.87
2023-02-22,1581.07
2023-02-23,1577.1
2023-02-24,1573.11
2023-02-25,1569.92
2023-02-26,1568.22
2023-02-27,1566.21
2023-02-28,1563.29
2023-03-01,1558.86
2023-03-02,1556.43
2023-03-03,1552.27
2023-03-04,1552.13
2023-03-05,1551.21
2023-03-06,1550.65
2023-03-07,1549.96
2023-03-08,1549.57
2023-03-09,1548.95
2023-03-10,1548.4
2023-03-11,1547.61
2023-03-12,1547.14
2023-03-13,1547.39
2023-03-14,1546.7
2023-03-15,1545.59
2023-03-16,1544.07
2023-03-17,1542.55
2023-03-18,1539.92
2023-03-19,1538.75
2023-03-20,1537.61
2023-03-21,1534.79
2023-03-22,1531.64
2023-03-23,1528.85
2023-03-24,1527.06
2023-03-25,1525.16
2023-03-26,1524.14
2023-03-27,1523.17
2023-03-28,1521.51
2023-03-29,1520.39
2023-03-30,1519.61
2023-03-31,1519.08
2023-04-01,1518.39
2023-04-02,1517.94
2023-04-03,1518.65
2023-04-04,1520.42
2023-04-05,1522.59
2023-04-06,1524.51
2023-04-07,1526.74
2023-04-08,1528.41
2023-04-09,1529.23
2023-04-10,1531.87
2023-04-11,1534.54
2023-04-12,1536.79
2023-04-13,1538.99
2023-04-14,1541.45
2023-04-15,1542.82
2023-04-16,1543.61
2023-04-17,1545.81
2023-04-18,1547.22
2023-04-19,1547.54
2023-04-20,1547.22
2023-04-21,1546.47
2023-04-22,1545.18
2023-04-23,1544.66
2023-04-24,1544.1
2023-04-25,1542.47
2023-04-26,1540.75
2023-04-27,1538.79
2023-04-28,1536.21
2023-04-29,1534.15
2023-04-30,1533.53
2023-05-01,1532.25
2023-05-02,1530.74
2023-05-03,1527.07
2023-05-04,1523.5
2023-05-05,1518.52
2023-05-06,1516.28
2023-05-07,1514.91
2023-05-08,1511.95
2023-05-09,1506.13
2023-05-10,1500.5
2023-05-11,1494.38
2023-05-12,1488.0
2023-05-13,1482.61
2023-05-14,1480.29
2023-05-15,1475.17
2023-05-16,1468.11
2023-05-17,1462.36
2023-05-18,1457.55
2023-05-19,1452.05
2023-05-20,1448.03
2023-05-21,1446.11
2023-05-22,1443.05
2023-05-23,1438.8
2023-05-24,1435.21
2023-05-25,1431.79
2023-05-26,1429.02
2023-05-27,1425.82
2023-05-28,1424.71
2023-05-29,1423.87
2023-05-30,1422.28
2023-05-31,1420.03
2023-06-01,1415.52
2023-06-02,1412.71
2023-06-03,1409.89
2023-06-04,1408.66
2023-06-05,1407.99
2023-06-06,1406.22
2023-06-07,1404.82
2023-06-08,1402.8
2023-06-09,1401.31
2023-06-10,1399.69
2023-06-11,1398.96
2023-06-12,1398.4
2023-06-13,1396.52
2023-06-14,1394.46
2023-06-15,1392.98
2023-06-16,1391.28
2023-06-17,1389.86
2023-06-18,1389.19
2023-06-19,1388.98
2023-06-20,1387.72
2023-06-21,1386.45
2023-06-22,1385.7
2023-06-23,1385.12
2023-06-24,1384.07
2023-06-25,1383.65
2023-06-26,1383.5
2023-06-27,1382.9
2023-06-28,1382.11
2023-06-29,1381.56
2023-06-30,1381.17
2023-07-01,1379.99
2023-07-02,1379.44
2023-07-03,1379.61
2023-07-04,1379.09
2023-07-05,1378.91
2023-07-06,1378.61
2023-07-07,1379.07
2023-07-08,1379.47
2023-07-09,1379.53
2023-07-10,1380.74
2023-07-11,1381.71
2023-07-12,1383.34
2023-07-13,1384.8
2023-07-14,1387.2
2023-07-15,1389.39
2023-07-16,1390.35
2023-07-17,1392.71
2023-07-18,1394.77
2023-07-19,1396.95
2023-07-20,1399.58
2023-07-21,1402.1
2023-07-22,1403.99
2023-07-23,1404.85
2023-07-24,1407.77
2023-07-25,1411.16
2023-07-26,1415.32
2023-07-27,1419.93
2023-07-28,1425.59
2023-07-29,1431.45
2023-07-30,1434.38
2023-07-31,1439.18
2023-08-01,1450.36
2023-08-02,1460.58
2023-08-03,1472.5
2023-08-04,1484.58
2023-08-05,1496.74
2023-08-06,1502.55
2023-08-07,1512.45
2023-08-08,1527.48
2023-08-09,1539.41
2023-08-10,1548.16
2023-08-11,1559.17
2023-08-12,1568.97
2023-08-13,1573.66
2023-08-14,1581.61
2023-08-15,1589.29
2023-08-16,1595.5
2023-08-17,1601.41
2023-08-18,1606.03
2023-08-19,1609.58
2023-08-20,1611.37
2023-08-21,1614.83
2023-08-22,1618.29
2023-08-23,1621.28
2023-08-24,1622.94
2023-08-25,1624.63
2023-08-26,1625.98
2023-08-27,1626.59
2023-08-28,1628.23
2023-08-29,1630.41
2023-08-30,1631.95
2023-08-31,1632.95
2023-09-01,1635.25
2023-09-02,1636.43
2023-09-03,1637.07
2023-09-04,1638.62
2023-09-05,1640.25
2023-09-06,1642.31
2023-09-07,1644.66
2023-09-08,1646.94
2023-09-09,1648.81
2023-09-10,1649.9
2023-09-11,1652.38
2023-09-12,1655.12
2023-09-13,1658.12
2023-09-14,1660.96
2023-09-15,1664.78
2023-09-16,1668.01
2023-09-17,1669.35
2023-09-18,1672.87
2023-09-19,1677.59
2023-09-20,1680.89
2023-09-21,1683.28
2023-09-22,1685.66
2023-09-23,1687.48
2023-09-24,1688.56
2023-09-25,1690.88
2023-09-26,1692.69
2023-09-27,1694.8
2023-09-28,1696.81
2023-09-29,1697.71
2023-09-30,1698.02
2023-10-01,1698.67
2023-10-02,1699.64
2023-10-03,1699.92
2023-10-04,1701.16
2023-10-05,1701.32
2023-10-06,1700.21
2023-10-07,1698.57
2023-10-08,1697.65
2023-10-09,1697.4
2023-10-10,1696.84
2023-10-11,1695.51
2023-10-12,1694.19
2023-10-13,1692.61
2023-10-14,1691.18
2023-10-15,1690.63
2023-10-16,1690.58
2023-10-17,1689.39
2023-10-18,1688.47
2023-10-19,1687.55
2023-10-20,1686.94
2023-10-21,1686.19
2023-10-22,1685.83
2023-10-23,1685.87
2023-10-24,1684.84
2023-10-25,1683.72
2023-10-26,1682.13
2023-10-27,1680.56
2023-10-28,1679.05
2023-10-29,1678.57
2023-10-30,1678.22
2023-10-31,1676.81
2023-11-01,1674.06
2023-11-02,1671.9
2023-11-03,1669.63
2023-11-04,1667.34
2023-11-05,1666.35
2023-11-06,1665.02
2023-11-07,1662.3
2023-11-08,1659.13
2023-11-09,1654.42
2023-11-10,1649.54
2023-11-11,1644.71
2023-11-12,1642.9
2023-11-13,1639.77
2023-11-14,1634.11
2023-11-15,1629.52
2023-11-16,1625.31
2023-11-17,1620.97
2023-11-18,1617.47
2023-11-19,1615.8
2023-11-20,1613.14
2023-11-21,1606.5
2023-11-22,1604.08
2023-11-23,1599.59
2023-11-24,1595.82
2023-11-25,1592.69
2023-11-26,1590.93
2023-11-27,1588.73
2023-11-28,1584.98
2023-11-29,1581.53
2023-11-30,1578.74
2023-12-01,1575.3
2023-12-02,1572.74
2023-12-03,1571.37
2023-12-04,1568.98
2023-12-05,1564.05
2023-12-06,1559.64
2023-12-07,1554.89
2023-12-08,1550.0
2023-12-09,1545.93
2023-12-10,1544.09
2023-12-11,1540.52
2023-12-12,1534.59
2023-12-13,1529.15
2023-12-14,1524.42
2023-12-15,1520.04
2023-12-16,1516.46
2023-12-17,1515.14
2023-12-18,1512.61
2023-12-19,1508.88
2023-12-20,1506.42
2023-12-21,1504.71
2023-12-22,1503.91
2023-12-23,1502.55
2023-12-24,1501.79
2023-12-25,1501.33
2023-12-26,1500.25
2023-12-27,1499.03
2023-12-28,1498.23
2023-12-29,1497.25
2023-12-30,1495.66
2023-12-31,1495.21
2024-01-01,1493.91
2024-01-02,1492.73
2024-01-03,1490.43
2024-01-04,1488.53
2024-01-05,1487.12
2024-01-06,1485.6
2024-01-07,1484.93
2024-01-08,1484.69
2024-01-09,1482.92
2024-01-10,1481.13
2024-01-11,1479.42
2024-01-12,1477.97
2024-01-13,1476.52
2024-01-14,1475.79
2024-01-15,1475.69
2024-01-16,1474.92
2024-01-17,1473.81
2024-01-18,1473.13
2024-01-19,1472.88
2024-01-20,1472.23
2024-01-21,1471.83
2024-01-22,1472.33
2024-01-23,1472.73
2024-01-24,1473.44
2024-01-25,1474.84
2024-01-26,1476.59
2024-01-27,1479.0
2024-01-28,1479.93
2024-01-29,1482.78
2024-01-30,1485.69
2024-01-31,1488.71
2024-02-01,1492.46
2024-02-02,1494.65
2024-02-03,1496.17
2024-02-04,1496.8
2024-02-05,1498.8
2024-02-06,1501.49
2024-02-07,1503.02
2024-02-08,1504.95
2024-02-09,1507.24
2024-02-10,1508.21
2024-02-11,1508.97
2024-02-12,1509.79
2024-02-13,1511.7
2024-02-14,1514.78
2024-02-15,1517.99
2024-02-16,1521.15
2024-02-17,1523.81
2024-02-18,1524.81
2024-02-19,1527.8
2024-02-20,1530.36
2024-02-21,1531.75
2024-02-22,1533.0
2024-02-23,1534.43
2024-02-24,1535.15
2024-02-25,1535.47
2024-02-26,1536.69
2024-02-27,1537.39
2024-02-28,1537.92
2024-02-29,1538.27
2024-03-01,1538.71
2024-03-02,1538.85
2024-03-03,1539.03
2024-03-04,1540.04
2024-03-05,1540.41
2024-03-06,1540.52
2024-03-07,1540.55
2024-03-08,1540.4
2024-03-09,1540.0
2024-03-10,1539.86
2024-03-11,1540.23
2024-03-12,1539.94
2024-03-13,1539.49
2024-03-14,1539.1
2024-03-15,1538.84
2024-03-16,1538.4
2024-03-17,1538.09
2024-03-18,1538.6
2024-03-19,1537.93
2024-03-20,1538.1
2024-03-21,1538.15
2024-03-22,1538.3
2024-03-23,1537.77
2024-03-24,1537.6
2024-03-25,1538.26
2024-03-26,1538.26
2024-03-27,1538.43
2024-03-28,1538.28
2024-03-29,1538.45
2024-03-30,1538.7
2024-03-31,1538.86
2024-04-01,1539.66
2024-04-02,1540.12
2024-04-03,1540.52
2024-04-04,1541.82
2024-04-05,1543.91
2024-04-06,1545.69
2024-04-07,1546.75
2024-04-08,1549.48
2024-04-09,1552.18
2024-04-10,1553.7
2024-04-11,1554.39
2024-04-12,1556.11
2024-04-13,1557.37
2024-04-14,1558.27
2024-04-15,1560.77
2024-04-16,1562.85
2024-04-17,1564.39
2024-04-18,1565.48
2024-04-19,1566.31
2024-04-20,1566.46
2024-04-21,1566.61
2024-04-22,1566.71
2024-04-23,1566.58
2024-04-24,1566.85
2024-04-25,1566.9
2024-04-26,1566.87
2024-04-27,1566.52
2024-04-28,1566.42
2024-04-29,1566.79
2024-04-30,1566.61
2024-05-01,1565.91
2024-05-02,1565.53
2024-05-03,1564.75
2024-05-04,1563.41
2024-05-05,1562.77
2024-05-06,1562.47
2024-05-07,1561.64
2024-05-08,1559.69
2024-05-09,1557.31
2024-05-10,1555.02
2024-05-11,1552.59
2024-05-12,1551.45
2024-05-13,1549.4
2024-05-14,1546.05
2024-05-15,1543.62
2024-05-16,1541.71
2024-05-17,1539.03
2024-05-18,1535.89
2024-05-19,1534.76
2024-05-20,1532.88
2024-05-21,1529.5
2024-05-22,1526.39
2024-05-23,1523.07
2024-05-24,1520.09
2024-05-25,1517.61
2024-05-26,1516.36
2024-05-27,1514.7
2024-05-28,1511.65
2024-05-29,1509.36
2024-05-30,1507.42
2024-05-31,1505.54
2024-06-01,1502.62
2024-06-02,1501.7
2024-06-03,1500.45
2024-06-04,1497.91
2024-06-05,1495.01
2024-06-06,1492.49
2024-06-07,1490.85
2024-06-08,1488.7
2024-06-09,1487.65
2024-06-10,1486.14
2024-06-11,1483.48
2024-06-12,1481.37
2024-06-13,1480.16
2024-06-14,1479.12
2024-06-15,1478.58
2024-06-16,1478.02
2024-06-17,1477.93
2024-06-18,1477.68
2024-06-19,1478.0
2024-06-20,1478.52
2024-06-21,1479.38
2024-06-22,1480.94
2024-06-23,1481.58
2024-06-24,1483.55
2024-06-25,1486.02
2024-06-26,1488.69
2024-06-27,1491.92
2024-06-28,1495.18
2024-06-29,1499.6
2024-06-30,1502.88
2024-07-01,1511.73
2024-07-02,1516.22
2024-07-03,1519.53
2024-07-04,1524.84
2024-07-05,1528.95
2024-07-06,1532.71
2024-07-07,1534.33
2024-07-08,1538.36
2024-07-09,1541.87
2024-07-10,1543.44
2024-07-11,1544.73
2024-07-12,1546.05
2024-07-13,1546.79
2024-07-14,1547.09
2024-07-15,1548.59
2024-07-16,1548.83
2024-07-17,1549.23
2024-07-18,1549.44
2024-07-19,1550.02
2024-07-20,1549.81
2024-07-21,1549.77
2024-07-22,1550.54
2024-07-23,1550.59
2024-07-24,1550.22
2024-07-25,1549.97
2024-07-26,1549.59
2024-07-27,1548.94
2024-07-28,1548.81
2024-07-29,1549.11
2024-07-30,1548.59
2024-07-31,1547.88
2024-08-01,1547.06
2024-08-02,1546.96
2024-08-03,1546.08
2024-08-04,1545.77
2024-08-05,1545.59
2024-08-06,1544.3
2024-08-07,1542.62
2024-08-08,1541.15
2024-08-09,1539.69
2024-08-10,1537.85
2024-08-11,1537.06
2024-08-12,1536.02
2024-08-13,1534.35
2024-08-14,1533.09
2024-08-15,1532.19
2024-08-16,1531.77
2024-08-17,1530.64
2024-08-18,1530.03
2024-08-19,1529.64
2024-08-20,1527.4
2024-08-21,1524.55
2024-08-22,1521.15
2024-08-23,1517.69
2024-08-24,1515.24
2024-08-25,1514.07
2024-08-26,1512.46
2024-08-27,1510.15
2024-08-28,1508.18
2024-08-29,1506.02
2024-08-30,1503.83
2024-08-31,1501.85
2024-09-01,1500.53
2024-09-02,1498.88
2024-09-03,1496.54
2024-09-04,1493.27
2024-09-05,1489.49
2024-09-06,1486.26
2024-09-07,1482.78
2024-09-08,1481.37
2024-09-09,1478.58
2024-09-10,1473.95
2024-09-11,1468.18
2024-09-12,1463.45
2024-09-13,1459.38
2024-09-14,1455.65
2024-09-15,1454.06
2024-09-16,1452.92
2024-09-17,1451.71
2024-09-18,1450.25
2024-09-19,1447.78
2024-09-20,1444.03
2024-09-21,1441.64
2024-09-22,1440.22
2024-09-23,1438.19
2024-09-24,1435.06
2024-09-25,1432.49
2024-09-26,1429.96
2024-09-27,1427.87
2024-09-28,1425.01
2024-09-29,1423.72
2024-09-30,1423.1
2024-10-01,1419.81
2024-10-02,1418.28
2024-10-03,1416.74
2024-10-04,1416.23
2024-10-05,1415.44
2024-10-06,1415.12
2024-10-07,1415.63
2024-10-08,1416.55
2024-10-09,1417.49
2024-10-10,1418.08
2024-10-11,1418.91
2024-10-12,1419.49
2024-10-13,1419.74
2024-10-14,1421.39
2024-10-15,1422.05
2024-10-16,1422.16
2024-10-17,1422.04
2024-10-18,1421.97
2024-10-19,1421.58
2024-10-20,1421.48
2024-10-21,1422.31
2024-10-22,1422.06
2024-10-23,1422.51
2024-10-24,1423.19
2024-10-25,1424.77
2024-10-26,1426.19
2024-10-27,1426.59
2024-10-28,1428.15
2024-10-29,1428.85
2024-10-30,1429.67
2024-10-31,1430.27
2024-11-01,1434.33
2024-11-02,1436.05
2024-11-03,1436.75
2024-11-04,1438.87
2024-11-05,1441.11
2024-11-06,1444.48
2024-11-07,1447.57
2024-11-08,1450.91
2024-11-09,1454.17
2024-11-10,1455.0
2024-11-11,1457.93
2024-11-12,1459.68
2024-11-13,1461.83
2024-11-14,1463.17
2024-11-15,1464.58
2024-11-16,1464.99
2024-11-17,1465.01
2024-11-18,1466.88
2024-11-19,1467.64
2024-11-20,1468.78
2024-11-21,1470.07
2024-11-22,1471.51
2024-11-23,1472.42
2024-11-24,1472.8
2024-11-25,1474.66
2024-11-26,1476.03
2024-11-27,1477.29
2024-11-28,1478.28
2024-11-29,1479.13
2024-11-30,1479.48
2024-12-01,1479.82
2024-12-02,1481.47
2024-12-03,1482.06
2024-12-04,1483.46
2024-12-05,1484.7
2024-12-06,1486.16
2024-12-07,1486.59
2024-12-08,1486.77
2024-12-09,1488.08
2024-12-10,1489.16
2024-12-11,1490.24
2024-12-12,1491.56
2024-12-13,1492.81
2024-12-14,1493.59
2024-12-15,1494.04
2024-12-16,1496.06
2024-12-17,1497.6
2024-12-18,1499.25
2024-12-19,1500.66
2024-12-20,1502.57
2024-12-21,1503.33
2024-12-22,1503.94
2024-12-23,1505.93
2024-12-24,1507.48
2024-12-25,1508.73
2024-12-26,1510.1
2024-12-27,1511.86
2024-12-28,1512.54
2024-12-29,1513.19
2024-12-30,1514.67
2024-12-31,1516.02
2025-01-01,1517.73
2025-01-02,1519.77
2025-01-03,1522.32
2025-01-04,1525.02
2025-01-05,1526.36
2025-01-06,1529.71
2025-01-07,1533.66
2025-01-08,1537.02
2025-01-09,1540.59
2025-01-10,1543.41
2025-01-11,1546.23
2025-01-12,1547.82
2025-01-13,1551.83
2025-01-14,1556.39
2025-01-15,1561.72
2025-01-16,1566.93
2025-01-17,1572.31
2025-01-18,1575.94
2025-01-19,1577.78
2025-01-20,1581.79
2025-01-21,1585.78
2025-01-22,1589.54
2025-01-23,1591.84
2025-01-24,1593.77
2025-01-25,1595.1
2025-01-26,1595.55
2025-01-27,1596.79
2025-01-28,1597.01
2025-01-29,1597.04
2025-01-30,1597.01
2025-01-31,1597.53
2025-02-01,1597.51
2025-02-02,1597.33
2025-02-03,1597.71
2025-02-04,1597.84
2025-02-05,1597.81
2025-02-06,1597.94
2025-02-07,1597.82
2025-02-08,1597.25
2025-02-09,1596.91
2025-02-10,1597.39
2025-02-11,1596.65
2025-02-12,1596.19
2025-02-13,1595.69
2025-02-14,1595.17
2025-02-15,1594.37
2025-02-16,1594.0
2025-02-17,1594.09
2025-02-18,1593.26
2025-02-19,1592.53
2025-02-20,1591.85
2025-02-21,1591.23
2025-02-22,1590.41
2025-02-23,1590.03
2025-02-24,1590.14
2025-02-25,1589.34
2025-02-26,1588.33
2025-02-27,1587.3
2025-02-28,1586.3
2025-03-01,1584.46
2025-03-02,1583.79
2025-03-03,1583.55
2025-03-04,1582.69
2025-03-05,1580.89
2025-03-06,1578.28
2025-03-07,1575.56
2025-03-08,1572.11
2025-03-09,1571.06
2025-03-10,1569.85
2025-03-11,1565.33
2025-03-12,1561.88
2025-03-13,1558.41
2025-03-14,1555.5
2025-03-15,1552.97
2025-03-16,1551.71
2025-03-17,1550.1
2025-03-18,1547.62
2025-03-19,1545.44
2025-03-20,1543.39
2025-03-21,1541.64
2025-03-22,1539.3
2025-03-23,1538.56
2025-03-24,1538.07
2025-03-25,1536.25
2025-03-26,1534.94
2025-03-27,1533.9
2025-03-28,1533.31
2025-03-29,1531.95
2025-03-30,1531.63
2025-03-31,1531.83
2025-04-01,1531.55
2025-04-02,1531.57
2025-04-03,1531.53
2025-04-04,1530.95
2025-04-05,1529.1
2025-04-06,1528.46
2025-04-07,1527.65
2025-04-08,1525.17
2025-04-09,1522.4
2025-04-10,1520.01
2025-04-11,1517.5
2025-04-12,1515.5
2025-04-13,1514.76
2025-04-14,1513.56
2025-04-15,1511.4
2025-04-16,1509.05
2025-04-17,1507.15
2025-04-18,1505.83
2025-04-19,1503.82
2025-04-20,1503.4
2025-04-21,1503.25
2025-04-22,1501.93
2025-04-23,1501.5
2025-04-24,1501.09
2025-04-25,1501.12
2025-04-26,1500.7
2025-04-27,1500.53
2025-04-28,1501.47
2025-04-29,1501.78
2025-04-30,1502.58
2025-05-01,1505.7
2025-05-02,1506.94
2025-05-03,1506.76
2025-05-04,1506.89
2025-05-05,1507.24
2025-05-06,1506.51
2025-05-07,1506.67
2025-05-08,1505.77
2025-05-09,1504.96
2025-05-10,1503.77
2025-05-11,1503.45
2025-05-12,1503.88
2025-05-13,1503.4
2025-05-14,1503.14
2025-05-15,1502.83
2025-05-16,1502.41
2025-05-17,1501.29
2025-05-18,1501.08
2025-05-19,1501.82
2025-05-20,1501.36
2025-05-21,1500.9
2025-05-22,1500.26
2025-05-23,1499.81
2025-05-24,1498.85
2025-05-25,1498.53
2025-05-26,1498.95
2025-05-27,1498.3
2025-05-28,1497.56
2025-05-29,1496.61
2025-05-30,1496.1
2025-05-31,1494.79
2025-06-01,1494.07
2025-06-02,1494.22
2025-06-03,1493.42
2025-06-04,1493.31
2025-06-05,1492.5
2025-06-06,1491.84
2025-06-07,1491.25
2025-06-08,1490.8
2025-06-09,1491.3
2025-06-10,1490.84
2025-06-11,1490.16
2025-06-12,1489.89
2025-06-13,1490.7
2025-06-14,1491.9
2025-06-15,1492.56
2025-06-16,1495.35
2025-06-17,1498.09
2025-06-18,1500.45
2025-06-19,1504.35
2025-06-20,1508.95
2025-06-21,1513.6
2025-06-22,1516.37
2025-06-23,1524.38
2025-06-24,1531.11
2025-06-25,1532.03
2025-06-26,1532.19
2025-06-27,1532.2
2025-06-28,1531.72
2025-06-29,1531.57
2025-06-30,1531.97
2025-07-01,1531.55
2025-07-02,1531.21
2025-07-03,1530.8
2025-07-04,1530.76
2025-07-05,1530.16
2025-07-06,1529.93
2025-07-07,1530.48
2025-07-08,1530.29
2025-07-09,1530.26
2025-07-10,1530.24
2025-07-11,1530.5
2025-07-12,1530.18
2025-07-13,1530.16
2025-07-14,1531.1
2025-07-15,1531.18
2025-07-16,1530.98
2025-07-17,1531.02
2025-07-18,1530.97
2025-07-19,1530.29
2025-07-20,1530.66
2025-07-21,1531.5
2025-07-22,1531.83
2025-07-23,1532.22
2025-07-24,1532.65
2025-07-25,1533.13
2025-07-26,1532.91
2025-07-27,1532.87
2025-07-28,1533.98
2025-07-29,1534.26
2025-07-30,1534.77
2025-07-31,1535.2
2025-08-01,1536.27
2025-08-02,1536.74
2025-08-03,1537.06
2025-08-04,1537.87
2025-08-05,1538.72
2025-08-06,1538.92
2025-08-07,1539.0
2025-08-08,1539.06
2025-08-09,1538.57
2025-08-10,1538.33
2025-08-11,1538.79
2025-08-12,1538.3
2025-08-13,1537.92
2025-08-14,1537.6
2025-08-15,1536.98
2025-08-16,1536.27
2025-08-17,1536.22
2025-08-18,1536.47
2025-08-19,1535.67
2025-08-20,1534.88
2025-08-21,1534.22
2025-08-22,1533.75
2025-08-23,1532.86
2025-08-24,1532.46
2025-08-25,1533.11
2025-08-26,1532.93
2025-08-27,1532.71
2025-08-28,1532.27
2025-08-29,1531.93
2025-08-30,1531.21
2025-08-31,1530.94
2025-09-01,1531.28
2025-09-02,1530.9
2025-09-03,1530.58
2025-09-04,1530.49
2025-09-05,1530.28
2025-09-06,1529.66
2025-09-07,1529.49
2025-09-08,1530.21
2025-09-09,1530.41
2025-09-10,1530.43
2025-09-11,1530.37
2025-09-12,1530.33
2025-09-13,1529.58
2025-09-14,1529.47
2025-09-15,1530.15
2025-09-16,1530.04
2025-09-17,1530.27
2025-09-18,1530.5
2025-09-19,1530.89
2025-09-20,1530.31
2025-09-21,1530.33
2025-09-22,1531.12
2025-09-23,1531.15
2025-09-24,1531.04
2025-09-25,1531.09
2025-09-26,1531.53
2025-09-27,1531.2
2025-09-28,1531.29
2025-09-29,1532.46
2025-09-30,1533.12
2025-10-01,1533.87
2025-10-02,1534.49
2025-10-03,1534.97
2025-10-04,1535.06
2025-10-05,1535.2
2025-10-06,1535.77
2025-10-07,1535.9
2025-10-08,1535.82
2025-10-09,1535.36
2025-10-10,1536.25
2025-10-11,1535.68
2025-10-12,1535.48
2025-10-13,1536.3
2025-10-14,1535.86
2025-10-15,1535.67
2025-10-16,1535.58
2025-10-17,1535.35
2025-10-18,1534.52
2025-10-19,1534.3
2025-10-20,1534.9
2025-10-21,1534.86
2025-10-22,1534.8
2025-10-23,1534.87
2025-10-24,1535.7
2025-10-25,1536.22
2025-10-26,1536.89
2025-10-27,1539.56
2025-10-28,1541.65
2025-10-29,1543.9
2025-10-30,1546.61
2025-10-31,1549.94
2025-11-01,1557.17
2025-11-02,1559.77
2025-11-03,1563.8
2025-11-04,1568.31
2025-11-05,1572.62
2025-11-06,1576.42
2025-11-07,1580.15
2025-11-08,1584.05
2025-11-09,1585.94
2025-11-10,1591.06
2025-11-11,1597.65
2025-11-12,1604.44
2025-11-13,1611.01
2025-11-14,1617.52
2025-11-15,1622.73
2025-11-16,1625.9
2025-11-17,1631.42
2025-11-18,1636.97
2025-11-19,1641.99
2025-11-20,1646.54
2025-11-21,1651.74
2025-11-22,1654.97
2025-11-23,1656.28
2025-11-24,1659.37
2025-11-25,1661.39
2025-11-26,1662.32
2025-11-27,1662.79
2025-11-28,1663.15
2025-11-29,1662.96
2025-11-30,1662.84
2025-12-01,1663.32
2025-12-02,1662.98
2025-12-03,1662.72
2025-12-04,1662.58
2025-12-05,1662.34
2025-12-06,1661.6
2025-12-07,1661.36
2025-12-08,1661.58
2025-12-09,1660.84
2025-12-10,1659.89
2025-12-11,1658.65
2025-12-12,1657.45
2025-12-13,1655.95
2025-12-14,1655.36
2025-12-15,1654.78
2025-12-16,1653.02
2025-12-17,1651.07
2025-12-18,1649.03
2025-12-19,1647.21
2025-12-20,1645.29
2025-12-21,1644.43
2025-12-22,1643.6
2025-12-23,1641.66
2025-12-24,1640.03
2025-12-25,1638.52
2025-12-26,1637.89
2025-12-27,1636.47
2025-12-28,1636.0
2025-12-29,1634.81
2025-12-30,1633.19
2025-12-31,1631.75
2026-01-01,1629.58
2026-01-02,1628.36
2026-01-03,1626.08
2026-01-04,1625.13
2026-01-05,1623.45
2026-01-06,1620.33
2026-01-07,1616.97
2026-01-08,1613.19
2026-01-09,1610.13
2026-01-10,1607.51
2026-01-11,1606.37
2026-01-12,1604.3
2026-01-13,1601.3
2026-01-14,1599.34
2026-01-15,1597.38
2026-01-16,1595.38
2026-01-17,1593.4
2026-01-18,1592.48
2026-01-19,1591.67
2026-01-20,1589.96
2026-01-21,1588.33
2026-01-22,1587.28
2026-01-23,1586.31
2026-01-24,1585.03
2026-01-25,1584.76
2026-01-26,1584.74
2026-01-27,1583.85
2026-01-28,1583.04
2026-01-29,1582.45
2026-01-30,1582.3
2026-01-31,1582.0
2026-02-01,1581.51
2026-02-02,1582.14
2026-02-03,1581.82
2026-02-04,1581.53
2026-02-05,1581.72
2026-02-06,1581.77
2026-02-07,1581.71
2026-02-08,1581.48
2026-02-09,1582.31
2026-02-10,1582.91
2026-02-11,1583.65
2026-02-12,1584.58
2026-02-13,1585.77
2026-02-14,1586.41
2026-02-15,1586.96
2026-02-16,1587.6
2026-02-17,1587.61
2026-02-18,1587.54
2026-02-19,1588.22
2026-02-20,1589.88
2026-02-21,1590.98
2026-02-22,1591.35
2026-02-23,1593.23
2026-02-24,1594.22
2026-02-25,1595.21
2026-02-26,1596.23
2026-02-27,1597.24
2026-02-28,1597.86
2026-03-01,1600.85
2026-03-02,1607.39
2026-03-03,1634.62
2026-03-04,1728.77
2026-03-05,1830.25
2026-03-06,1887.33
2026-03-07,1910.55
2026-03-08,1917.73
2026-03-09,1926.46
2026-03-10,1931.62
2026-03-11,1927.48
2026-03-12,1918.97
2026-03-13,1872.67
2026-03-14,1847.91
2026-03-15,1841.17
2026-03-16,1831.8
2026-03-17,1825.61
2026-03-18,1821.77
2026-03-19,1819.46
2026-03-20,1817.68
2026-03-21,1816.81
2026-03-22,1816.26
2026-03-23,1816.04
2026-03-24,1815.53
2026-03-25,1815.24
2026-03-26,1815.8
2026-03-27,1834.56
2026-03-28,1849.96
2026-03-29,1857.93
2026-03-30,1873.23
2026-03-31,1886.23
2026-04-01,1901.66
2026-04-02,1912.76
2026-04-03,1923.11
2026-04-04,1933.48
2026-04-05,1939.17
2026-04-06,1949.21
2026-04-07,1959.82
2026-04-08,1969.58
2026-04-09,1977.8
2026-04-10,1982.68
2026-04-11,1985.2
2026-04-12,1986.25
2026-04-13,1988.8
2026-04-14,1990.7
2026-04-15,1992.05
2026-04-16,1993.12
2026-04-17,1994.22
2026-04-18,1995.27
2026-04-19,1995.67
2026-04-20,1996.55
2026-04-21,1997.69
2026-04-22,1998.88
2026-04-23,1999.84
2026-04-24,2000.54
2026-04-25,2001.54
2026-04-26,2001.7
2026-04-27,2002.39
2026-04-28,2002.95
2026-04-29,2003.25
2026-04-30,2003.79
2026-05-01,2004.23
2026-05-02,2004.54
2026-05-03,2004.7
2026-05-04,2005.21
2026-05-05,2005.43
2026-05-06,2005.74
2026-05-07,2006.12
2026-05-08,2006.22
2026-05-09,2006.16
2026-05-10,2006.07
2026-05-11,2006.41
2026-05-12,2006.25
2026-05-13,2006.05
2026-05-14,2006.19
2026-05-15,2006.17
2026-05-16,2005.9
2026-05-17,2005.75
2026-05-18,2005.93
2026-05-19,2006.01
2026-05-20,2005.86
2026-05-21,2005.92
2026-05-22,2005.89
2026-05-23,2005.8
2026-05-24,2005.6
