date,gasoline_price_krw
2008-04-15,1681.33
2008-04-16,1692.15
2008-04-17,1686.56
2008-04-18,1689.68
2008-04-19,1692.91
2008-04-20,1693.99
2008-04-21,1695.54
2008-04-22,1698.21
2008-04-23,1703.35
2008-04-24,1713.37
2008-04-25,1719.99
2008-04-26,1725.55
2008-04-27,1723.25
2008-04-28,1726.5
2008-04-29,1728.43
2008-04-30,1731.16
2008-05-01,1737.77
2008-05-02,1741.17
2008-05-03,1743.8
2008-05-04,1744.12
2008-05-05,1744.77
2008-05-06,1745.55
2008-05-07,1746.78
2008-05-08,1748.73
2008-05-09,1751.05
2008-05-10,1753.34
2008-05-11,1754.64
2008-05-12,1755.29
2008-05-13,1757.1
2008-05-14,1763.15
2008-05-15,1780.73
2008-05-16,1790.21
2008-05-17,1795.26
2008-05-18,1797.04
2008-05-19,1798.83
2008-05-20,1802.92
2008-05-21,1813.93
2008-05-22,1841.37
2008-05-23,1853.25
2008-05-24,1858.09
2008-05-25,1859.91
2008-05-26,1862.44
2008-05-27,1865.19
2008-05-28,1870.48
2008-05-29,1888.4
2008-05-30,1896.98
2008-05-31,1900.78
2008-06-01,1903.36
2008-06-02,1905.4
2008-06-03,1907.45
2008-06-04,1908.22
2008-06-05,1907.84
2008-06-06,1907.76
2008-06-07,1907.97
2008-06-08,1907.99
2008-06-09,1907.33
2008-06-10,1907.56
2008-06-11,1907.23
2008-06-12,1905.84
2008-06-13,1905.6
2008-06-14,1905.11
2008-06-15,1904.76
2008-06-16,1904.21
2008-06-17,1904.58
2008-06-18,1905.3
2008-06-19,1906.99
2008-06-20,1907.95
2008-06-21,1907.91
2008-06-22,1907.87
2008-06-23,1906.78
2008-06-24,1907.11
2008-06-25,1906.75
2008-06-26,1907.17
2008-06-27,1907.09
2008-06-28,1907.13
2008-06-29,1907.04
2008-06-30,1905.92
2008-07-01,1906.78
2008-07-02,1908.18
2008-07-03,1911.05
2008-07-04,1912.72
2008-07-05,1914.13
2008-07-06,1915.32
2008-07-07,1915.09
2008-07-08,1919.74
2008-07-09,1924.53
2008-07-10,1935.23
2008-07-11,1941.25
2008-07-12,1945.39
2008-07-13,1947.1
2008-07-14,1947.74
2008-07-15,1949.9
2008-07-16,1950.02
2008-07-17,1948.04
2008-07-18,1947.0
2008-07-19,1946.11
2008-07-20,1945.74
2008-07-21,1943.12
2008-07-22,1941.85
2008-07-23,1937.76
2008-07-24,1925.29
2008-07-25,1916.11
2008-07-26,1911.88
2008-07-27,1909.41
2008-07-28,1905.19
2008-07-29,1902.25
2008-07-30,1896.66
2008-07-31,1883.48
2008-08-01,1871.95
2008-08-02,1867.32
2008-08-03,1865.13
2008-08-04,1860.3
2008-08-05,1856.72
2008-08-06,1850.85
2008-08-07,1838.99
2008-08-08,1829.67
2008-08-09,1823.12
2008-08-10,1820.32
2008-08-11,1813.37
2008-08-12,1808.12
2008-08-13,1800.32
2008-08-14,1786.99
2008-08-15,1779.24
2008-08-16,1774.34
2008-08-17,1771.53
2008-08-18,1765.24
2008-08-19,1760.84
2008-08-20,1755.77
2008-08-21,1745.69
2008-08-22,1738.64
2008-08-23,1734.35
2008-08-24,1732.42
2008-08-25,1727.71
2008-08-26,1724.91
2008-08-27,1722.46
2008-08-28,1719.66
2008-08-29,1718.02
2008-08-30,1716.57
2008-08-31,1716.23
2008-09-01,1713.8
2008-09-02,1713.62
2008-09-03,1713.81
2008-09-04,1717.18
2008-09-05,1718.42
2008-09-06,1719.45
2008-09-07,1720.11
2008-09-08,1721.39
2008-09-09,1721.2
2008-09-10,1721.9
2008-09-11,1722.11
2008-09-12,1724.16
2008-09-13,1725.01
2008-09-14,1724.8
2008-09-15,1725.0
2008-09-16,1723.79
2008-09-17,1723.14
2008-09-18,1715.9
2008-09-19,1711.22
2008-09-20,1709.24
2008-09-21,1708.47
2008-09-22,1707.62
2008-09-23,1706.35
2008-09-24,1705.74
2008-09-25,1705.45
2008-09-26,1705.88
2008-09-27,1705.85
2008-09-28,1705.72
2008-09-29,1704.92
2008-09-30,1705.65
2008-10-01,1707.53
2008-10-02,1713.18
2008-10-03,1715.4
2008-10-04,1716.21
2008-10-05,1716.71
2008-10-06,1716.05
2008-10-07,1716.71
2008-10-08,1715.18
2008-10-09,1710.06
2008-10-10,1705.72
2008-10-11,1703.82
2008-10-12,1703.36
2008-10-13,1702.06
2008-10-14,1701.49
2008-10-15,1701.44
2008-10-16,1701.55
2008-10-17,1700.87
2008-10-18,1699.85
2008-10-19,1699.27
2008-10-20,1697.15
2008-10-21,1696.23
2008-10-22,1692.24
2008-10-23,1673.01
2008-10-24,1655.08
2008-10-25,1645.46
2008-10-26,1641.33
2008-10-27,1633.57
2008-10-28,1627.81
2008-10-29,1622.58
2008-10-30,1613.85
2008-10-31,1607.24
2008-11-01,1601.98
2008-11-02,1599.94
2008-11-03,1595.59
2008-11-04,1591.48
2008-11-05,1587.07
2008-11-06,1576.82
2008-11-07,1567.3
2008-11-08,1561.59
2008-11-09,1559.42
2008-11-10,1554.24
2008-11-11,1548.75
2008-11-12,1542.1
2008-11-13,1529.95
2008-11-14,1514.12
2008-11-15,1505.54
2008-11-16,1504.59
2008-11-17,1493.45
2008-11-18,1486.25
2008-11-19,1479.43
2008-11-20,1467.96
2008-11-21,1455.72
2008-11-22,1448.27
2008-11-23,1444.36
2008-11-24,1438.23
2008-11-25,1432.53
2008-11-26,1426.08
2008-11-27,1416.02
2008-11-28,1406.21
2008-11-29,1400.01
2008-11-30,1396.87
2008-12-01,1389.29
2008-12-02,1383.49
2008-12-03,1379.65
2008-12-04,1376.01
2008-12-05,1372.36
2008-12-06,1370.19
2008-12-07,1369.01
2008-12-08,1366.51
2008-12-09,1364.31
2008-12-10,1360.54
2008-12-11,1347.82
2008-12-12,1334.42
2008-12-13,1325.41
2008-12-14,1321.98
2008-12-15,1315.92
2008-12-16,1311.67
2008-12-17,1308.11
2008-12-18,1304.51
2008-12-19,1301.08
2008-12-20,1298.15
2008-12-21,1296.86
2008-12-22,1294.29
2008-12-23,1292.39
2008-12-24,1290.87
2008-12-25,1290.12
2008-12-26,1289.27
2008-12-27,1288.53
2008-12-28,1288.31
2008-12-29,1287.63
2008-12-30,1287.45
2008-12-31,1288.1
2009-01-01,1298.89
2009-01-02,1299.86
2009-01-03,1300.34
2009-01-04,1300.39
2009-01-05,1299.99
2009-01-06,1300.79
2009-01-07,1302.2
2009-01-08,1309.06
2009-01-09,1312.43
2009-01-10,1315.46
2009-01-11,1316.63
2009-01-12,1317.75
2009-01-13,1319.0
2009-01-14,1322.43
2009-01-15,1331.31
2009-01-16,1338.27
2009-01-17,1344.54
2009-01-18,1346.96
2009-01-19,1350.55
2009-01-20,1356.22
2009-01-21,1365.38
2009-01-22,1384.36
2009-01-23,1401.9
2009-01-24,1415.74
2009-01-25,1417.57
2009-01-26,1419.96
2009-01-27,1420.92
2009-01-28,1423.3
2009-01-29,1431.45
2009-01-30,1437.68
2009-01-31,1442.07
2009-02-01,1444.57
2009-02-02,1447.03
2009-02-03,1449.44
2009-02-04,1452.42
2009-02-05,1458.61
2009-02-06,1466.14
2009-02-07,1470.41
2009-02-08,1472.81
2009-02-09,1474.88
2009-02-10,1478.35
2009-02-11,1480.25
2009-02-12,1483.55
2009-02-13,1487.52
2009-02-14,1490.85
2009-02-15,1492.51
2009-02-16,1494.08
2009-02-17,1496.42
2009-02-18,1498.85
2009-02-19,1505.63
2009-02-20,1510.62
2009-02-21,1514.56
2009-02-22,1516.61
2009-02-23,1518.37
2009-02-24,1520.16
2009-02-25,1520.86
2009-02-26,1520.83
2009-02-27,1521.35
2009-02-28,1522.37
2009-03-01,1523.22
2009-03-02,1523.7
2009-03-03,1524.33
2009-03-04,1524.9
2009-03-05,1528.03
2009-03-06,1530.42
2009-03-07,1531.83
2009-03-08,1532.74
2009-03-09,1533.16
2009-03-10,1533.73
2009-03-11,1534.24
2009-03-12,1534.31
2009-03-13,1535.41
2009-03-14,1535.66
2009-03-15,1536.0
2009-03-16,1535.88
2009-03-17,1536.08
2009-03-18,1535.66
2009-03-19,1531.65
2009-03-20,1530.09
2009-03-21,1528.54
2009-03-22,1526.09
2009-03-23,1527.49
2009-03-24,1527.28
2009-03-25,1527.8
2009-03-26,1534.44
2009-03-27,1537.2
2009-03-28,1539.94
2009-03-29,1541.07
2009-03-30,1542.09
2009-03-31,1543.45
2009-04-01,1545.65
2009-04-02,1547.56
2009-04-03,1550.27
2009-04-04,1552.05
2009-04-05,1552.63
2009-04-06,1553.3
2009-04-07,1553.78
2009-04-08,1553.7
2009-04-09,1552.89
2009-04-10,1553.33
2009-04-11,1553.3
2009-04-12,1553.49
2009-04-13,1553.28
2009-04-14,1553.39
2009-04-15,1553.66
2009-04-16,1553.86
2009-04-17,1554.57
2009-04-18,1554.68
2009-04-19,1554.86
2009-04-20,1554.7
2009-04-21,1555.37
2009-04-22,1554.56
2009-04-23,1553.92
2009-04-24,1554.0
2009-04-25,1553.95
2009-04-26,1553.99
2009-04-27,1549.97
2009-04-28,1552.93
2009-04-29,1552.14
2009-04-30,1550.98
2009-05-01,1548.07
2009-05-02,1546.84
2009-05-03,1546.25
2009-05-04,1544.86
2009-05-05,1542.33
2009-05-06,1540.34
2009-05-07,1537.8
2009-05-08,1536.76
2009-05-09,1536.45
2009-05-10,1536.34
2009-05-11,1536.19
2009-05-12,1538.32
2009-05-13,1539.61
2009-05-14,1539.9
2009-05-15,1541.05
2009-05-16,1541.76
2009-05-17,1541.86
2009-05-18,1541.81
2009-05-19,1542.64
2009-05-20,1543.16
2009-05-21,1543.55
2009-05-22,1543.99
2009-05-23,1545.06
2009-05-24,1545.45
2009-05-25,1545.9
2009-05-26,1548.11
2009-05-27,1549.86
2009-05-28,1550.47
2009-05-29,1551.62
2009-05-30,1552.27
2009-05-31,1552.86
2009-06-01,1553.62
2009-06-02,1558.72
2009-06-03,1560.24
2009-06-04,1563.76
2009-06-05,1568.18
2009-06-06,1572.63
2009-06-07,1575.17
2009-06-08,1578.53
2009-06-09,1589.69
2009-06-10,1600.51
2009-06-11,1607.76
2009-06-12,1615.95
2009-06-13,1622.22
2009-06-14,1623.51
2009-06-15,1626.1
2009-06-16,1631.03
2009-06-17,1634.87
2009-06-18,1637.37
2009-06-19,1640.46
2009-06-20,1642.54
2009-06-21,1643.51
2009-06-22,1644.75
2009-06-23,1647.79
2009-06-24,1650.13
2009-06-25,1651.36
2009-06-26,1652.36
2009-06-27,1653.78
2009-06-28,1654.33
2009-06-29,1654.58
2009-06-30,1654.35
2009-07-01,1654.27
2009-07-02,1653.59
2009-07-03,1654.12
2009-07-04,1653.97
2009-07-05,1654.06
2009-07-06,1653.75
2009-07-07,1654.36
2009-07-08,1653.71
2009-07-09,1653.15
2009-07-10,1652.38
2009-07-11,1651.51
2009-07-12,1651.55
2009-07-13,1649.83
2009-07-14,1645.11
2009-07-15,1640.67
2009-07-16,1637.3
2009-07-17,1632.41
2009-07-18,1629.54
2009-07-19,1628.02
2009-07-20,1624.86
2009-07-21,1622.24
2009-07-22,1620.45
2009-07-23,1618.83
2009-07-24,1618.44
2009-07-25,1617.87
2009-07-26,1617.65
2009-07-27,1617.04
2009-07-28,1621.19
2009-07-29,1622.29
2009-07-30,1623.05
2009-07-31,1625.08
2009-08-01,1626.58
2009-08-02,1627.48
2009-08-03,1628.57
2009-08-04,1632.88
2009-08-05,1637.53
2009-08-06,1639.28
2009-08-07,1642.74
2009-08-08,1646.46
2009-08-09,1648.86
2009-08-10,1651.95
2009-08-11,1661.05
2009-08-12,1666.74
2009-08-13,1670.71
2009-08-14,1675.51
2009-08-15,1677.97
2009-08-16,1679.38
2009-08-17,1680.58
2009-08-18,1683.99
2009-08-19,1685.41
2009-08-20,1686.42
2009-08-21,1688.65
2009-08-22,1690.45
2009-08-23,1691.5
2009-08-24,1691.93
2009-08-25,1692.33
2009-08-26,1692.82
2009-08-27,1692.69
2009-08-28,1693.61
2009-08-29,1694.0
2009-08-30,1694.29
2009-08-31,1694.28
2009-09-01,1696.6
2009-09-02,1697.21
2009-09-03,1696.85
2009-09-04,1697.2
2009-09-05,1696.92
2009-09-06,1697.07
2009-09-07,1696.23
2009-09-08,1694.65
2009-09-09,1692.99
2009-09-10,1691.43
2009-09-11,1690.34
2009-09-12,1689.29
2009-09-13,1688.88
2009-09-14,1687.13
2009-09-15,1684.28
2009-09-16,1681.48
2009-09-17,1679.19
2009-09-18,1677.58
2009-09-19,1676.33
2009-09-20,1675.73
2009-09-21,1674.26
2009-09-22,1672.12
2009-09-23,1670.11
2009-09-24,1668.02
2009-09-25,1666.3
2009-09-26,1664.53
2009-09-27,1663.63
2009-09-28,1661.07
2009-09-29,1655.42
2009-09-30,1651.04
2009-10-01,1646.6
2009-10-02,1645.29
2009-10-03,1644.53
2009-10-04,1643.73
2009-10-05,1640.94
2009-10-06,1635.99
2009-10-07,1631.78
2009-10-08,1628.19
2009-10-09,1624.77
2009-10-10,1622.37
2009-10-11,1620.97
2009-10-12,1618.03
2009-10-13,1615.42
2009-10-14,1611.76
2009-10-15,1611.48
2009-10-16,1611.07
2009-10-17,1610.65
2009-10-18,1610.49
2009-10-19,1610.16
2009-10-20,1613.65
2009-10-21,1615.17
2009-10-22,1616.56
2009-10-23,1620.12
2009-10-24,1624.71
2009-10-25,1627.34
2009-10-26,1630.2
2009-10-27,1638.94
2009-10-28,1643.09
2009-10-29,1644.55
2009-10-30,1646.16
2009-10-31,1647.18
2009-11-01,1648.2
2009-11-02,1648.45
2009-11-03,1650.91
2009-11-04,1651.65
2009-11-05,1652.49
2009-11-06,1653.58
2009-11-07,1654.76
2009-11-08,1655.44
2009-11-09,1655.52
2009-11-10,1656.23
2009-11-11,1656.82
2009-11-12,1656.62
2009-11-13,1657.42
2009-11-14,1657.73
2009-11-15,1658.1
2009-11-16,1658.04
2009-11-17,1657.22
2009-11-18,1657.52
2009-11-19,1656.74
2009-11-20,1657.14
2009-11-21,1656.88
2009-11-22,1656.91
2009-11-23,1656.74
2009-11-24,1656.33
2009-11-25,1656.65
2009-11-26,1655.65
2009-11-27,1655.46
2009-11-28,1655.17
2009-11-29,1655.18
2009-11-30,1654.6
2009-12-01,1653.08
2009-12-02,1652.34
2009-12-03,1651.26
2009-12-04,1651.62
2009-12-05,1651.44
2009-12-06,1651.33
2009-12-07,1651.13
2009-12-08,1651.77
2009-12-09,1652.36
2009-12-10,1652.01
2009-12-11,1651.92
2009-12-12,1651.61
2009-12-13,1651.58
2009-12-14,1650.92
2009-12-15,1648.24
2009-12-16,1647.51
2009-12-17,1645.89
2009-12-18,1645.51
2009-12-19,1646.97
2009-12-20,1646.61
2009-12-21,1643.17
2009-12-22,1640.8
2009-12-23,1639.67
2009-12-24,1638.38
2009-12-25,1638.03
2009-12-26,1637.74
2009-12-27,1637.73
2009-12-28,1637.17
2009-12-29,1639.39
2009-12-30,1640.3
2009-12-31,1640.55
2010-01-01,1641.2
2010-01-02,1641.12
2010-01-03,1641.03
2010-01-04,1641.28
2010-01-05,1644.89
2010-01-06,1647.25
2010-01-07,1649.43
2010-01-08,1651.81
2010-01-09,1654.95
2010-01-10,1656.53
2010-01-11,1658.43
2010-01-12,1661.09
2010-01-13,1664.77
2010-01-14,1666.68
2010-01-15,1668.68
2010-01-16,1669.92
2010-01-17,1670.71
2010-01-18,1671.13
2010-01-19,1670.62
2010-01-20,1670.85
2010-01-21,1670.36
2010-01-22,1670.69
2010-01-23,1670.49
2010-01-24,1670.68
2010-01-25,1670.31
2010-01-26,1668.29
2010-01-27,1667.67
2010-01-28,1666.48
2010-01-29,1665.98
2010-01-30,1665.33
2010-01-31,1664.97
2010-02-01,1663.69
2010-02-02,1662.76
2010-02-03,1662.63
2010-02-04,1662.11
2010-02-05,1662.51
2010-02-06,1662.73
2010-02-07,1663.08
2010-02-08,1662.46
2010-02-09,1662.98
2010-02-10,1663.26
2010-02-11,1663.45
2010-02-12,1663.86
2010-02-13,1664.19
2010-02-14,1664.66
2010-02-15,1664.25
2010-02-16,1663.73
2010-02-17,1662.82
2010-02-18,1661.81
2010-02-19,1662.05
2010-02-20,1662.17
2010-02-21,1662.26
2010-02-22,1662.26
2010-02-23,1664.24
2010-02-24,1665.32
2010-02-25,1665.58
2010-02-26,1666.58
2010-02-27,1667.11
2010-02-28,1667.7
2010-03-01,1668.22
2010-03-02,1669.96
2010-03-03,1671.91
2010-03-04,1674.07
2010-03-05,1675.76
2010-03-06,1677.25
2010-03-07,1678.23
2010-03-08,1679.13
2010-03-09,1680.77
2010-03-10,1682.54
2010-03-11,1683.33
2010-03-12,1685.31
2010-03-13,1687.7
2010-03-14,1688.62
2010-03-15,1689.96
2010-03-16,1693.25
2010-03-17,1695.99
2010-03-18,1697.2
2010-03-19,1698.95
2010-03-20,1700.25
2010-03-21,1701.15
2010-03-22,1701.8
2010-03-23,1702.46
2010-03-24,1703.77
2010-03-25,1704.13
2010-03-26,1704.94
2010-03-27,1705.85
2010-03-28,1706.32
2010-03-29,1706.4
2010-03-30,1706.08
2010-03-31,1706.59
2010-04-01,1706.15
2010-04-02,1707.18
2010-04-03,1707.49
2010-04-04,1707.91
2010-04-05,1708.04
2010-04-06,1709.68
2010-04-07,1711.15
2010-04-08,1711.95
2010-04-09,1714.05
2010-04-10,1715.69
2010-04-11,1716.84
2010-04-12,1718.13
2010-04-13,1722.45
2010-04-14,1726.16
2010-04-15,1728.67
2010-04-16,1730.97
2010-04-17,1732.74
2010-04-18,1733.63
2010-04-19,1734.41
2010-04-20,1734.48
2010-04-21,1735.38
2010-04-22,1735.43
2010-04-23,1736.05
2010-04-24,1736.38
2010-04-25,1736.75
2010-04-26,1736.68
2010-04-27,1735.85
2010-04-28,1735.69
2010-04-29,1735.53
2010-04-30,1735.53
2010-05-01,1735.98
2010-05-02,1736.08
2010-05-03,1736.01
2010-05-04,1737.28
2010-05-05,1738.02
2010-05-06,1738.01
2010-05-07,1738.08
2010-05-08,1738.28
2010-05-09,1738.46
2010-05-10,1738.23
2010-05-11,1737.68
2010-05-12,1737.82
2010-05-13,1737.43
2010-05-14,1737.21
2010-05-15,1736.99
2010-05-16,1737.07
2010-05-17,1736.7
2010-05-18,1734.87
2010-05-19,1733.19
2010-05-20,1732.46
2010-05-21,1731.83
2010-05-22,1731.62
2010-05-23,1731.37
2010-05-24,1730.66
2010-05-25,1727.69
2010-05-26,1725.26
2010-05-27,1722.92
2010-05-28,1720.6
2010-05-29,1718.71
2010-05-30,1717.78
2010-05-31,1716.34
2010-06-01,1714.62
2010-06-02,1713.45
2010-06-03,1712.39
2010-06-04,1711.47
2010-06-05,1710.74
2010-06-06,1710.49
2010-06-07,1709.87
2010-06-08,1710.49
2010-06-09,1710.25
2010-06-10,1710.08
2010-06-11,1710.14
2010-06-12,1710.25
2010-06-13,1710.33
2010-06-14,1710.49
2010-06-15,1711.59
2010-06-16,1712.16
2010-06-17,1712.48
2010-06-18,1712.93
2010-06-19,1713.46
2010-06-20,1713.7
2010-06-21,1714.46
2010-06-22,1717.78
2010-06-23,1719.77
2010-06-24,1721.12
2010-06-25,1722.31
2010-06-26,1723.29
2010-06-27,1723.79
2010-06-28,1724.58
2010-06-29,1724.64
2010-06-30,1725.05
2010-07-01,1726.0
2010-07-02,1726.36
2010-07-03,1726.62
2010-07-04,1726.72
2010-07-05,1726.8
2010-07-06,1726.35
2010-07-07,1725.96
2010-07-08,1725.75
2010-07-09,1725.43
2010-07-10,1725.24
2010-07-11,1725.13
2010-07-12,1724.93
2010-07-13,1723.72
2010-07-14,1722.99
2010-07-15,1722.44
2010-07-16,1721.97
2010-07-17,1721.55
2010-07-18,1721.27
2010-07-19,1720.65
2010-07-20,1720.54
2010-07-21,1720.16
2010-07-22,1719.76
2010-07-23,1719.45
2010-07-24,1719.28
2010-07-25,1719.11
2010-07-26,1718.9
2010-07-27,1718.89
2010-07-28,1718.64
2010-07-29,1718.4
2010-07-30,1718.21
2010-07-31,1718.04
2010-08-01,1717.78
2010-08-02,1717.42
2010-08-03,1716.93
2010-08-04,1716.66
2010-08-05,1716.51
2010-08-06,1716.89
2010-08-07,1716.9
2010-08-08,1716.96
2010-08-09,1717.11
2010-08-10,1718.16
2010-08-11,1718.63
2010-08-12,1719.07
2010-08-13,1719.18
2010-08-14,1719.27
2010-08-15,1719.26
2010-08-16,1719.25
2010-08-17,1718.17
2010-08-18,1717.29
2010-08-19,1716.87
2010-08-20,1716.55
2010-08-21,1716.22
2010-08-22,1716.03
2010-08-23,1715.62
2010-08-24,1713.94
2010-08-25,1712.95
2010-08-26,1712.18
2010-08-27,1711.43
2010-08-28,1710.76
2010-08-29,1710.35
2010-08-30,1709.56
2010-08-31,1707.74
2010-09-01,1705.45
2010-09-02,1704.11
2010-09-03,1703.17
2010-09-04,1702.49
2010-09-05,1702.18
2010-09-06,1701.74
2010-09-07,1702.18
2010-09-08,1701.87
2010-09-09,1701.42
2010-09-10,1701.16
2010-09-11,1701.01
2010-09-12,1700.84
2010-09-13,1700.7
2010-09-14,1700.27
2010-09-15,1699.77
2010-09-16,1699.64
2010-09-17,1699.6
2010-09-18,1699.51
2010-09-19,1699.41
2010-09-20,1699.41
2010-09-21,1699.48
2010-09-22,1699.44
2010-09-23,1699.49
2010-09-24,1699.38
2010-09-25,1699.16
2010-09-26,1699.1
2010-09-27,1698.74
2010-09-28,1697.65
2010-09-29,1696.9
2010-09-30,1696.36
2010-10-01,1695.32
2010-10-02,1694.86
2010-10-03,1694.67
2010-10-04,1694.38
2010-10-05,1694.44
2010-10-06,1694.08
2010-10-07,1693.85
2010-10-08,1693.69
2010-10-09,1693.62
2010-10-10,1693.73
2010-10-11,1693.87
2010-10-12,1695.74
2010-10-13,1696.79
2010-10-14,1697.33
2010-10-15,1698.06
2010-10-16,1698.87
2010-10-17,1699.36
2010-10-18,1700.16
2010-10-19,1701.75
2010-10-20,1702.82
2010-10-21,1703.64
2010-10-22,1704.27
2010-10-23,1704.81
2010-10-24,1705.17
2010-10-25,1705.71
2010-10-26,1705.8
2010-10-27,1706.08
2010-10-28,1706.39
2010-10-29,1706.59
2010-10-30,1706.72
2010-10-31,1706.77
2010-11-01,1707.06
2010-11-02,1707.23
2010-11-03,1707.28
2010-11-04,1707.32
2010-11-05,1707.42
2010-11-06,1707.51
2010-11-07,1707.62
2010-11-08,1707.79
2010-11-09,1708.46
2010-11-10,1708.86
2010-11-11,1709.31
2010-11-12,1710.37
2010-11-13,1711.23
2010-11-14,1711.67
2010-11-15,1712.54
2010-11-16,1715.68
2010-11-17,1718.1
2010-11-18,1719.81
2010-11-19,1720.95
2010-11-20,1721.93
2010-11-21,1722.4
2010-11-22,1723.21
2010-11-23,1724.27
2010-11-24,1725.1
2010-11-25,1726.01
2010-11-26,1726.81
2010-11-27,1727.36
2010-11-28,1727.8
2010-11-29,1728.34
2010-11-30,1728.94
2010-12-01,1730.03
2010-12-02,1730.65
2010-12-03,1731.63
2010-12-04,1732.34
2010-12-05,1732.65
2010-12-06,1733.76
2010-12-07,1740.42
2010-12-08,1745.96
2010-12-09,1750.41
2010-12-10,1755.05
2010-12-11,1758.44
2010-12-12,1760.21
2010-12-13,1762.88
2010-12-14,1767.91
2010-12-15,1771.59
2010-12-16,1775.45
2010-12-17,1778.39
2010-12-18,1780.64
2010-12-19,1782.12
2010-12-20,1784.06
2010-12-21,1786.94
2010-12-22,1789.76
2010-12-23,1792.84
2010-12-24,1795.58
2010-12-25,1797.84
2010-12-26,1798.97
2010-12-27,1801.04
2010-12-28,1805.42
2010-12-29,1808.27
2010-12-30,1810.71
2010-12-31,1812.65
2011-01-01,1814.57
2011-01-02,1815.24
2011-01-03,1816.15
2011-01-04,1817.48
2011-01-05,1818.53
2011-01-06,1819.44
2011-01-07,1820.66
2011-01-08,1821.42
2011-01-09,1821.76
2011-01-10,1822.35
2011-01-11,1822.67
2011-01-12,1823.22
2011-01-13,1823.81
2011-01-14,1824.36
2011-01-15,1824.58
2011-01-16,1824.75
2011-01-17,1825.26
2011-01-18,1826.64
2011-01-19,1827.39
2011-01-20,1828.05
2011-01-21,1828.58
2011-01-22,1829.07
2011-01-23,1829.3
2011-01-24,1829.69
2011-01-25,1830.89
2011-01-26,1831.61
2011-01-27,1832.5
2011-01-28,1833.39
2011-01-29,1834.21
2011-01-30,1834.62
2011-01-31,1835.48
2011-02-01,1836.57
2011-02-02,1837.34
2011-02-03,1837.61
2011-02-04,1837.94
2011-02-05,1838.18
2011-02-06,1838.34
2011-02-07,1839.01
2011-02-08,1842.0
2011-02-09,1844.45
2011-02-10,1846.41
2011-02-11,1847.81
2011-02-12,1848.82
2011-02-13,1849.26
2011-02-14,1849.95
2011-02-15,1850.25
2011-02-16,1850.77
2011-02-17,1851.25
2011-02-18,1851.89
2011-02-19,1852.51
2011-02-20,1852.87
2011-02-21,1853.59
2011-02-22,1856.39
2011-02-23,1858.95
2011-02-24,1861.79
2011-02-25,1864.57
2011-02-26,1866.6
2011-02-27,1867.5
2011-02-28,1869.75
2011-03-01,1877.24
2011-03-02,1886.0
2011-03-03,1891.78
2011-03-04,1897.1
2011-03-05,1901.83
2011-03-06,1904.1
2011-03-07,1908.06
2011-03-08,1916.81
2011-03-09,1923.71
2011-03-10,1930.22
2011-03-11,1935.47
2011-03-12,1939.45
2011-03-13,1941.03
2011-03-14,1943.63
2011-03-15,1946.71
2011-03-16,1949.07
2011-03-17,1951.28
2011-03-18,1953.45
2011-03-19,1955.29
2011-03-20,1956.27
2011-03-21,1957.93
2011-03-22,1959.15
2011-03-23,1960.24
2011-03-24,1961.44
2011-03-25,1962.76
2011-03-26,1963.67
2011-03-27,1964.15
2011-03-28,1965.12
2011-03-29,1968.1
2011-03-30,1969.17
2011-03-31,1969.79
2011-04-01,1970.48
2011-04-02,1970.9
2011-04-03,1971.06
2011-04-04,1971.28
2011-04-05,1971.37
2011-04-06,1970.92
2011-04-07,1955.8
2011-04-08,1949.64
2011-04-09,1946.93
2011-04-10,1945.99
2011-04-11,1943.65
2011-04-12,1945.13
2011-04-13,1944.77
2011-04-14,1944.59
2011-04-15,1944.45
2011-04-16,1944.53
2011-04-17,1944.61
2011-04-18,1944.69
2011-04-19,1945.97
2011-04-20,1946.5
2011-04-21,1946.76
2011-04-22,1946.91
2011-04-23,1946.85
2011-04-24,1946.94
2011-04-25,1946.88
2011-04-26,1946.84
2011-04-27,1946.58
2011-04-28,1946.2
2011-04-29,1946.05
2011-04-30,1945.94
2011-05-01,1945.74
2011-05-02,1945.82
2011-05-03,1949.37
2011-05-04,1950.58
2011-05-05,1951.16
2011-05-06,1951.6
2011-05-07,1951.96
2011-05-08,1952.16
2011-05-09,1952.32
2011-05-10,1951.04
2011-05-11,1950.52
2011-05-12,1949.56
2011-05-13,1948.15
2011-05-14,1947.39
2011-05-15,1947.04
2011-05-16,1946.29
2011-05-17,1943.59
2011-05-18,1940.11
2011-05-19,1937.5
2011-05-20,1935.06
2011-05-21,1933.35
2011-05-22,1932.62
2011-05-23,1930.91
2011-05-24,1926.55
2011-05-25,1923.19
2011-05-26,1920.47
2011-05-27,1918.41
2011-05-28,1917.16
2011-05-29,1916.54
2011-05-30,1915.35
2011-05-31,1915.01
2011-06-01,1913.48
2011-06-02,1912.61
2011-06-03,1912.19
2011-06-04,1911.84
2011-06-05,1911.62
2011-06-06,1911.53
2011-06-07,1911.26
2011-06-08,1910.95
2011-06-09,1910.86
2011-06-10,1910.72
2011-06-11,1910.82
2011-06-12,1910.89
2011-06-13,1910.99
2011-06-14,1912.0
2011-06-15,1912.99
2011-06-16,1913.79
2011-06-17,1914.77
2011-06-18,1915.75
2011-06-19,1916.22
2011-06-20,1917.21
2011-06-21,1918.73
2011-06-22,1919.87
2011-06-23,1920.75
2011-06-24,1921.39
2011-06-25,1921.84
2011-06-26,1922.05
2011-06-27,1922.47
2011-06-28,1921.8
2011-06-29,1921.57
2011-06-30,1921.43
2011-07-01,1921.22
2011-07-02,1921.46
2011-07-03,1921.63
2011-07-04,1921.62
2011-07-05,1921.5
2011-07-06,1921.86
2011-07-07,1919.33
2011-07-08,1920.5
2011-07-09,1921.61
2011-07-10,1922.07
2011-07-11,1923.2
2011-07-12,1928.16
2011-07-13,1931.04
2011-07-14,1932.89
2011-07-15,1934.8
2011-07-16,1936.27
2011-07-17,1937.18
2011-07-18,1938.52
2011-07-19,1940.56
2011-07-20,1942.0
2011-07-21,1943.28
2011-07-22,1944.41
2011-07-23,1945.33
2011-07-24,1945.8
2011-07-25,1946.74
2011-07-26,1947.38
2011-07-27,1948.06
2011-07-28,1948.79
2011-07-29,1949.58
2011-07-30,1950.25
2011-07-31,1950.68
2011-08-01,1951.48
2011-08-02,1952.44
2011-08-03,1953.18
2011-08-04,1953.76
2011-08-05,1954.02
2011-08-06,1954.12
2011-08-07,1954.23
2011-08-08,1954.13
2011-08-09,1952.93
2011-08-10,1951.6
2011-08-11,1950.64
2011-08-12,1949.51
2011-08-13,1949.02
2011-08-14,1948.83
2011-08-15,1948.63
2011-08-16,1947.61
2011-08-17,1946.15
2011-08-18,1944.66
2011-08-19,1943.23
2011-08-20,1942.03
2011-08-21,1941.39
2011-08-22,1940.0
2011-08-23,1938.99
2011-08-24,1937.69
2011-08-25,1936.5
2011-08-26,1935.49
2011-08-27,1934.78
2011-08-28,1934.6
2011-08-29,1933.96
2011-08-30,1934.09
2011-08-31,1934.04
2011-09-01,1933.36
2011-09-02,1933.32
2011-09-03,1933.22
2011-09-04,1933.21
2011-09-05,1933.23
2011-09-06,1935.78
2011-09-07,1937.02
2011-09-08,1937.95
2011-09-09,1939.12
2011-09-10,1940.59
2011-09-11,1941.35
2011-09-12,1941.89
2011-09-13,1942.47
2011-09-14,1943.22
2011-09-15,1943.46
2011-09-16,1943.94
2011-09-17,1944.66
2011-09-18,1945.1
2011-09-19,1945.66
2011-09-20,1946.81
2011-09-21,1947.98
2011-09-22,1948.77
2011-09-23,1949.96
2011-09-24,1951.3
2011-09-25,1952.07
2011-09-26,1953.36
2011-09-27,1956.5
2011-09-28,1958.59
2011-09-29,1960.21
2011-09-30,1961.38
2011-10-01,1963.15
2011-10-02,1963.82
2011-10-03,1964.46
2011-10-04,1965.1
2011-10-05,1965.77
2011-10-06,1966.44
2011-10-07,1967.3
2011-10-08,1967.95
2011-10-09,1968.33
2011-10-10,1968.9
2011-10-11,1969.88
2011-10-12,1970.88
2011-10-13,1971.94
2011-10-14,1973.1
2011-10-15,1974.46
2011-10-16,1975.28
2011-10-17,1976.88
2011-10-18,1981.36
2011-10-19,1984.45
2011-10-20,1986.16
2011-10-21,1987.99
2011-10-22,1989.45
2011-10-23,1990.15
2011-10-24,1990.89
2011-10-25,1991.34
2011-10-26,1991.96
2011-10-27,1992.44
2011-10-28,1992.8
2011-10-29,1993.05
2011-10-30,1993.14
2011-10-31,1993.17
2011-11-01,1992.55
2011-11-02,1992.01
2011-11-03,1991.49
2011-11-04,1990.98
2011-11-05,1990.49
2011-11-06,1990.3
2011-11-07,1989.9
2011-11-08,1987.4
2011-11-09,1985.92
2011-11-10,1984.87
2011-11-11,1984.11
2011-11-12,1983.69
2011-11-13,1983.53
2011-11-14,1983.3
2011-11-15,1983.33
2011-11-16,1983.01
2011-11-17,1982.32
2011-11-18,1981.74
2011-11-19,1981.31
2011-11-20,1981.07
2011-11-21,1980.69
2011-11-22,1978.58
2011-11-23,1976.54
2011-11-24,1974.57
2011-11-25,1972.22
2011-11-26,1970.21
2011-11-27,1969.25
2011-11-28,1967.92
2011-11-29,1965.22
2011-11-30,1962.27
2011-12-01,1960.28
2011-12-02,1957.59
2011-12-03,1955.25
2011-12-04,1954.23
2011-12-05,1952.9
2011-12-06,1951.72
2011-12-07,1950.44
2011-12-08,1949.0
2011-12-09,1947.93
2011-12-10,1946.94
2011-12-11,1946.5
2011-12-12,1945.73
2011-12-13,1944.28
2011-12-14,1943.13
2011-12-15,1942.01
2011-12-16,1940.86
2011-12-17,1939.96
2011-12-18,1939.56
2011-12-19,1938.79
2011-12-20,1938.41
2011-12-21,1937.69
2011-12-22,1937.02
2011-12-23,1936.44
2011-12-24,1936.05
2011-12-25,1935.82
2011-12-26,1935.51
2011-12-27,1935.23
2011-12-28,1934.8
2011-12-29,1934.57
2011-12-30,1934.19
2011-12-31,1934.08
2012-01-01,1933.73
2012-01-02,1933.15
2012-01-03,1933.68
2012-01-04,1933.43
2012-01-05,1933.3
2012-01-06,1933.51
2012-01-07,1934.28
2012-01-08,1934.64
2012-01-09,1935.02
2012-01-10,1938.94
2012-01-11,1941.98
2012-01-12,1945.0
2012-01-13,1947.5
2012-01-14,1950.61
2012-01-15,1952.13
2012-01-16,1954.21
2012-01-17,1958.03
2012-01-18,1961.44
2012-01-19,1964.31
2012-01-20,1967.61
2012-01-21,1970.11
2012-01-22,1972.0
2012-01-23,1972.81
2012-01-24,1973.35
2012-01-25,1974.25
2012-01-26,1975.34
2012-01-27,1976.24
2012-01-28,1976.99
2012-01-29,1977.31
2012-01-30,1977.59
2012-01-31,1977.96
2012-02-01,1978.2
2012-02-02,1978.44
2012-02-03,1978.51
2012-02-04,1978.86
2012-02-05,1978.9
2012-02-06,1978.99
2012-02-07,1979.42
2012-02-08,1979.7
2012-02-09,1980.03
2012-02-10,1980.42
2012-02-11,1980.98
2012-02-12,1981.32
2012-02-13,1981.61
2012-02-14,1983.41
2012-02-15,1984.44
2012-02-16,1984.65
2012-02-17,1985.37
2012-02-18,1986.26
2012-02-19,1986.68
2012-02-20,1987.15
2012-02-21,1989.51
2012-02-22,1991.58
2012-02-23,1993.82
2012-02-24,1995.74
2012-02-25,1998.35
2012-02-26,1999.55
2012-02-27,2001.07
2012-02-28,2003.99
2012-02-29,2006.14
2012-03-01,2009.76
2012-03-02,2011.89
2012-03-03,2013.49
2012-03-04,2014.21
2012-03-05,2015.65
2012-03-06,2017.96
2012-03-07,2019.59
2012-03-08,2021.08
2012-03-09,2022.2
2012-03-10,2023.51
2012-03-11,2024.28
2012-03-12,2025.15
2012-03-13,2026.35
2012-03-14,2027.43
2012-03-15,2028.61
2012-03-16,2029.77
2012-03-17,2031.19
2012-03-18,2031.95
2012-03-19,2032.84
2012-03-20,2035.4
2012-03-21,2037.53
2012-03-22,2039.12
2012-03-23,2040.34
2012-03-24,2041.43
2012-03-25,2042.05
2012-03-26,2042.74
2012-03-27,2043.69
2012-03-28,2044.62
2012-03-29,2045.45
2012-03-30,2046.02
2012-03-31,2047.01
2012-04-01,2048.0
2012-04-02,2048.62
2012-04-03,2050.73
2012-04-04,2052.28
2012-04-05,2053.9
2012-04-06,2055.09
2012-04-07,2056.4
2012-04-08,2057.02
2012-04-09,2057.78
2012-04-10,2058.71
2012-04-11,2059.66
2012-04-12,2060.26
2012-04-13,2060.61
2012-04-14,2061.35
2012-04-15,2061.83
2012-04-16,2062.28
2012-04-17,2062.31
2012-04-18,2062.55
2012-04-19,2062.44
2012-04-20,2062.39
2012-04-21,2062.37
2012-04-22,2062.42
2012-04-23,2062.35
2012-04-24,2061.93
2012-04-25,2061.06
2012-04-26,2060.52
2012-04-27,2060.14
2012-04-28,2059.59
2012-04-29,2059.44
2012-04-30,2059.02
2012-05-01,2058.35
2012-05-02,2057.68
2012-05-03,2056.86
2012-05-04,2056.03
2012-05-05,2055.53
2012-05-06,2055.3
2012-05-07,2054.86
2012-05-08,2053.52
2012-05-09,2052.34
2012-05-10,2051.06
2012-05-11,2049.3
2012-05-12,2048.09
2012-05-13,2047.16
2012-05-14,2046.26
2012-05-15,2042.73
2012-05-16,2039.52
2012-05-17,2036.4
2012-05-18,2033.29
2012-05-19,2030.53
2012-05-20,2029.21
2012-05-21,2026.89
2012-05-22,2023.18
2012-05-23,2020.01
2012-05-24,2017.1
2012-05-25,2014.51
2012-05-26,2012.39
2012-05-27,2011.42
2012-05-28,2010.65
2012-05-29,2009.05
2012-05-30,2007.16
2012-05-31,2005.67
2012-06-01,2002.84
2012-06-02,2000.72
2012-06-03,1999.62
2012-06-04,1998.1
2012-06-05,1995.49
2012-06-06,1993.23
2012-06-07,1991.54
2012-06-08,1989.34
2012-06-09,1987.85
2012-06-10,1987.03
2012-06-11,1985.72
2012-06-12,1981.97
2012-06-13,1978.77
2012-06-14,1975.58
2012-06-15,1972.6
2012-06-16,1970.02
2012-06-17,1968.82
2012-06-18,1966.95
2012-06-19,1963.28
2012-06-20,1960.24
2012-06-21,1956.97
2012-06-22,1953.6
2012-06-23,1950.08
2012-06-24,1948.6
2012-06-25,1946.37
2012-06-26,1940.22
2012-06-27,1935.15
2012-06-28,1927.89
2012-06-29,1922.16
2012-06-30,1918.54
2012-07-01,1914.96
2012-07-02,1911.17
2012-07-03,1906.42
2012-07-04,1902.37
2012-07-05,1899.65
2012-07-06,1897.71
2012-07-07,1895.97
2012-07-08,1894.99
2012-07-09,1894.12
2012-07-10,1893.78
2012-07-11,1893.14
2012-07-12,1892.73
2012-07-13,1892.34
2012-07-14,1892.13
2012-07-15,1891.99
2012-07-16,1891.86
2012-07-17,1892.18
2012-07-18,1892.48
2012-07-19,1893.07
2012-07-20,1894.16
2012-07-21,1896.21
2012-07-22,1897.42
2012-07-23,1898.88
2012-07-24,1903.11
2012-07-25,1906.83
2012-07-26,1910.53
2012-07-27,1914.48
2012-07-28,1917.87
2012-07-29,1919.63
2012-07-30,1921.46
2012-07-31,1924.06
2012-08-01,1927.38
2012-08-02,1929.91
2012-08-03,1932.11
2012-08-04,1934.23
2012-08-05,1935.13
2012-08-06,1936.31
2012-08-07,1938.7
2012-08-08,1940.63
2012-08-09,1942.74
2012-08-10,1945.71
2012-08-11,1948.71
2012-08-12,1950.21
2012-08-13,1952.21
2012-08-14,1959.25
2012-08-15,1964.99
2012-08-16,1968.88
2012-08-17,1973.95
2012-08-18,1978.91
2012-08-19,1981.32
2012-08-20,1984.43
2012-08-21,1990.88
2012-08-22,1995.77
2012-08-23,2000.11
2012-08-24,2003.71
2012-08-25,2007.36
2012-08-26,2009.48
2012-08-27,2012.08
2012-08-28,2014.4
2012-08-29,2016.67
2012-08-30,2018.56
2012-08-31,2020.05
2012-09-01,2022.52
2012-09-02,2023.63
2012-09-03,2024.73
2012-09-04,2025.43
2012-09-05,2025.9
2012-09-06,2026.29
2012-09-07,2026.27
2012-09-08,2026.59
2012-09-09,2026.76
2012-09-10,2026.85
2012-09-11,2026.27
2012-09-12,2025.99
2012-09-13,2025.81
2012-09-14,2025.79
2012-09-15,2025.91
2012-09-16,2025.99
2012-09-17,2025.96
2012-09-18,2026.51
2012-09-19,2026.62
2012-09-20,2026.56
2012-09-21,2025.97
2012-09-22,2025.34
2012-09-23,2024.64
2012-09-24,2024.66
2012-09-25,2023.0
2012-09-26,2021.63
2012-09-27,2020.12
2012-09-28,2018.98
2012-09-29,2018.09
2012-09-30,2017.78
2012-10-01,2017.18
2012-10-02,2016.46
2012-10-03,2015.78
2012-10-04,2014.89
2012-10-05,2013.57
2012-10-06,2012.39
2012-10-07,2011.81
2012-10-08,2010.9
2012-10-09,2009.8
2012-10-10,2008.77
2012-10-11,2007.91
2012-10-12,2007.58
2012-10-13,2007.15
2012-10-14,2006.93
2012-10-15,2006.69
2012-10-16,2006.6
2012-10-17,2006.39
2012-10-18,2006.19
2012-10-19,2006.04
2012-10-20,2005.66
2012-10-21,2005.63
2012-10-22,2005.31
2012-10-23,2004.16
2012-10-24,2002.98
2012-10-25,2001.27
2012-10-26,1999.11
2012-10-27,1996.95
2012-10-28,1995.96
2012-10-29,1994.26
2012-10-30,1990.25
2012-10-31,1986.67
2012-11-01,1981.73
2012-11-02,1978.47
2012-11-03,1976.1
2012-11-04,1974.91
2012-11-05,1973.32
2012-11-06,1970.32
2012-11-07,1967.84
2012-11-08,1965.36
2012-11-09,1962.8
2012-11-10,1961.07
2012-11-11,1960.36
2012-11-12,1959.23
2012-11-13,1957.47
2012-11-14,1955.81
2012-11-15,1954.44
2012-11-16,1952.79
2012-11-17,1951.23
2012-11-18,1950.44
2012-11-19,1949.39
2012-11-20,1947.85
2012-11-21,1946.63
2012-11-22,1945.59
2012-11-23,1944.39
2012-11-24,1943.66
2012-11-25,1943.25
2012-11-26,1942.74
2012-11-27,1942.34
2012-11-28,1941.71
2012-11-29,1941.23
2012-11-30,1940.83
2012-12-01,1940.23
2012-12-02,1939.91
2012-12-03,1939.62
2012-12-04,1939.37
2012-12-05,1939.13
2012-12-06,1939.0
2012-12-07,1939.26
2012-12-08,1939.18
2012-12-09,1939.01
2012-12-10,1938.98
2012-12-11,1938.52
2012-12-12,1937.88
2012-12-13,1937.66
2012-12-14,1937.27
2012-12-15,1936.87
2012-12-16,1936.46
2012-12-17,1936.12
2012-12-18,1934.99
2012-12-19,1934.41
2012-12-20,1933.78
2012-12-21,1933.21
2012-12-22,1932.98
2012-12-23,1932.77
2012-12-24,1932.22
2012-12-25,1931.76
2012-12-26,1931.55
2012-12-27,1931.58
2012-12-28,1931.03
2012-12-29,1930.72
2012-12-30,1930.48
2012-12-31,1930.17
2013-01-01,1929.69
2013-01-02,1929.12
2013-01-03,1928.76
2013-01-04,1928.74
2013-01-05,1928.23
2013-01-06,1927.91
2013-01-07,1927.39
2013-01-08,1927.53
2013-01-09,1927.17
2013-01-10,1926.68
2013-01-11,1926.42
2013-01-12,1926.11
2013-01-13,1925.98
2013-01-14,1925.78
2013-01-15,1925.35
2013-01-16,1924.96
2013-01-17,1924.62
2013-01-18,1923.91
2013-01-19,1923.78
2013-01-20,1923.59
2013-01-21,1923.3
2013-01-22,1922.63
2013-01-23,1921.94
2013-01-24,1921.46
2013-01-25,1920.96
2013-01-26,1920.68
2013-01-27,1920.5
2013-01-28,1920.3
2013-01-29,1920.29
2013-01-30,1920.24
2013-01-31,1920.1
2013-02-01,1920.06
2013-02-02,1920.27
2013-02-03,1920.34
2013-02-04,1920.59
2013-02-05,1922.81
2013-02-06,1924.07
2013-02-07,1925.85
2013-02-08,1929.65
2013-02-09,1934.03
2013-02-10,1935.59
2013-02-11,1936.8
2013-02-12,1939.28
2013-02-13,1942.78
2013-02-14,1946.78
2013-02-15,1952.08
2013-02-16,1957.42
2013-02-17,1959.65
2013-02-18,1962.71
2013-02-19,1967.6
2013-02-20,1972.34
2013-02-21,1976.12
2013-02-22,1979.89
2013-02-23,1983.26
2013-02-24,1985.4
2013-02-25,1986.5
2013-02-26,1988.83
2013-02-27,1990.04
2013-02-28,1990.95
2013-03-01,1991.73
2013-03-02,1992.85
2013-03-03,1993.17
2013-03-04,1993.87
2013-03-05,1993.96
2013-03-06,1994.13
2013-03-07,1994.04
2013-03-08,1993.62
2013-03-09,1993.44
2013-03-10,1993.35
2013-03-11,1993.21
2013-03-12,1992.67
2013-03-13,1991.89
2013-03-14,1991.07
2013-03-15,1989.44
2013-03-16,1988.37
2013-03-17,1987.8
2013-03-18,1986.98
2013-03-19,1985.55
2013-03-20,1984.34
2013-03-21,1983.04
2013-03-22,1981.91
2013-03-23,1981.01
2013-03-24,1980.55
2013-03-25,1979.64
2013-03-26,1978.29
2013-03-27,1976.94
2013-03-28,1975.66
2013-03-29,1974.42
2013-03-30,1973.37
2013-03-31,1972.9
2013-04-01,1971.41
2013-04-02,1970.71
2013-04-03,1969.55
2013-04-04,1968.28
2013-04-05,1967.17
2013-04-06,1966.24
2013-04-07,1965.89
2013-04-08,1965.08
2013-04-09,1963.53
2013-04-10,1962.52
2013-04-11,1961.34
2013-04-12,1960.41
2013-04-13,1959.54
2013-04-14,1959.16
2013-04-15,1958.23
2013-04-16,1955.59
2013-04-17,1952.44
2013-04-18,1949.26
2013-04-19,1945.61
2013-04-20,1942.62
2013-04-21,1941.4
2013-04-22,1939.18
2013-04-23,1934.74
2013-04-24,1930.73
2013-04-25,1926.59
2013-04-26,1923.12
2013-04-27,1920.57
2013-04-28,1919.41
2013-04-29,1917.81
2013-04-30,1915.66
2013-05-01,1912.51
2013-05-02,1910.58
2013-05-03,1908.98
2013-05-04,1907.5
2013-05-05,1906.65
2013-05-06,1905.8
2013-05-07,1904.12
2013-05-08,1902.91
2013-05-09,1901.68
2013-05-10,1900.83
2013-05-11,1899.94
2013-05-12,1899.49
2013-05-13,1898.79
2013-05-14,1898.02
2013-05-15,1897.54
2013-05-16,1896.94
2013-05-17,1896.38
2013-05-18,1896.38
2013-05-19,1896.28
2013-05-20,1896.15
2013-05-21,1896.12
2013-05-22,1896.45
2013-05-23,1897.01
2013-05-24,1896.8
2013-05-25,1896.57
2013-05-26,1896.49
2013-05-27,1896.48
2013-05-28,1896.63
2013-05-29,1896.48
2013-05-30,1896.5
2013-05-31,1896.39
2013-06-01,1896.48
2013-06-02,1896.36
2013-06-03,1896.22
2013-06-04,1896.47
2013-06-05,1896.84
2013-06-06,1897.08
2013-06-07,1897.12
2013-06-08,1897.3
2013-06-09,1897.42
2013-06-10,1897.56
2013-06-11,1898.1
2013-06-12,1898.46
2013-06-13,1898.94
2013-06-14,1899.29
2013-06-15,1899.75
2013-06-16,1899.93
2013-06-17,1900.28
2013-06-18,1901.61
2013-06-19,1903.12
2013-06-20,1904.12
2013-06-21,1905.14
2013-06-22,1906.01
2013-06-23,1906.44
2013-06-24,1907.05
2013-06-25,1908.54
2013-06-26,1909.71
2013-06-27,1910.57
2013-06-28,1911.29
2013-06-29,1912.14
2013-06-30,1912.44
2013-07-01,1913.34
2013-07-02,1914.64
2013-07-03,1915.44
2013-07-04,1916.36
2013-07-05,1917.52
2013-07-06,1918.69
2013-07-07,1919.31
2013-07-08,1919.95
2013-07-09,1921.49
2013-07-10,1922.75
2013-07-11,1924.08
2013-07-12,1925.39
2013-07-13,1927.11
2013-07-14,1928.01
2013-07-15,1929.1
2013-07-16,1932.36
2013-07-17,1935.48
2013-07-18,1937.7
2013-07-19,1939.81
2013-07-20,1941.85
2013-07-21,1942.85
2013-07-22,1944.44
2013-07-23,1946.07
2013-07-24,1947.26
2013-07-25,1948.14
2013-07-26,1948.86
2013-07-27,1949.73
2013-07-28,1949.92
2013-07-29,1950.25
2013-07-30,1950.3
2013-07-31,1950.2
2013-08-01,1950.4
2013-08-02,1950.44
2013-08-03,1950.6
2013-08-04,1950.62
2013-08-05,1950.5
2013-08-06,1950.36
2013-08-07,1950.23
2013-08-08,1950.05
2013-08-09,1949.61
2013-08-10,1949.44
2013-08-11,1949.38
2013-08-12,1949.33
2013-08-13,1949.07
2013-08-14,1948.9
2013-08-15,1948.65
2013-08-16,1948.35
2013-08-17,1948.19
2013-08-18,1948.04
2013-08-19,1947.78
2013-08-20,1947.53
2013-08-21,1947.34
2013-08-22,1946.85
2013-08-23,1946.37
2013-08-24,1945.62
2013-08-25,1945.42
2013-08-26,1944.92
2013-08-27,1944.33
2013-08-28,1943.59
2013-08-29,1942.87
2013-08-30,1942.39
2013-08-31,1942.11
2013-09-01,1941.85
2013-09-02,1941.38
2013-09-03,1941.66
2013-09-04,1941.43
2013-09-05,1941.09
2013-09-06,1940.49
2013-09-07,1940.12
2013-09-08,1939.96
2013-09-09,1939.62
2013-09-10,1939.17
2013-09-11,1938.75
2013-09-12,1938.13
2013-09-13,1937.16
2013-09-14,1936.5
2013-09-15,1936.1
2013-09-16,1935.69
2013-09-17,1934.41
2013-09-18,1933.66
2013-09-19,1933.41
2013-09-20,1933.36
2013-09-21,1932.97
2013-09-22,1932.77
2013-09-23,1931.88
2013-09-24,1930.35
2013-09-25,1928.44
2013-09-26,1926.46
2013-09-27,1924.65
2013-09-28,1923.21
2013-09-29,1922.52
2013-09-30,1921.53
2013-10-01,1918.64
2013-10-02,1916.6
2013-10-03,1914.87
2013-10-04,1913.7
2013-10-05,1912.16
2013-10-06,1911.46
2013-10-07,1910.46
2013-10-08,1908.79
2013-10-09,1907.55
2013-10-10,1906.55
2013-10-11,1905.15
2013-10-12,1904.16
2013-10-13,1903.74
2013-10-14,1903.16
2013-10-15,1902.33
2013-10-16,1902.27
2013-10-17,1901.7
2013-10-18,1900.92
2013-10-19,1900.5
2013-10-20,1900.25
2013-10-21,1899.81
2013-10-22,1899.23
2013-10-23,1898.57
2013-10-24,1897.59
2013-10-25,1896.65
2013-10-26,1895.78
2013-10-27,1895.42
2013-10-28,1894.89
2013-10-29,1893.6
2013-10-30,1892.41
2013-10-31,1891.55
2013-11-01,1889.44
2013-11-02,1888.43
2013-11-03,1888.01
2013-11-04,1887.15
2013-11-05,1886.13
2013-11-06,1885.17
2013-11-07,1883.99
2013-11-08,1882.99
2013-11-09,1882.24
2013-11-10,1881.95
2013-11-11,1881.39
2013-11-12,1880.31
2013-11-13,1879.36
2013-11-14,1878.7
2013-11-15,1877.95
2013-11-16,1877.66
2013-11-17,1877.41
2013-11-18,1877.02
2013-11-19,1877.31
2013-11-20,1877.23
2013-11-21,1877.04
2013-11-22,1876.73
2013-11-23,1876.74
2013-11-24,1876.65
2013-11-25,1876.46
2013-11-26,1876.24
2013-11-27,1875.87
2013-11-28,1875.71
2013-11-29,1875.62
2013-11-30,1875.65
2013-12-01,1875.59
2013-12-02,1875.48
2013-12-03,1876.59
2013-12-04,1876.99
2013-12-05,1877.43
2013-12-06,1877.75
2013-12-07,1878.39
2013-12-08,1878.7
2013-12-09,1879.01
2013-12-10,1879.85
2013-12-11,1880.33
2013-12-12,1880.74
2013-12-13,1880.89
2013-12-14,1881.38
2013-12-15,1881.53
2013-12-16,1881.77
2013-12-17,1881.9
2013-12-18,1882.02
2013-12-19,1882.2
2013-12-20,1882.81
2013-12-21,1883.1
2013-12-22,1883.26
2013-12-23,1883.34
2013-12-24,1883.57
2013-12-25,1883.75
2013-12-26,1884.09
2013-12-27,1884.3
2013-12-28,1884.64
2013-12-29,1884.83
2013-12-30,1885.06
2013-12-31,1886.98
2014-01-01,1887.37
2014-01-02,1887.56
2014-01-03,1888.51
2014-01-04,1888.98
2014-01-05,1889.11
2014-01-06,1889.14
2014-01-07,1889.15
2014-01-08,1889.16
2014-01-09,1889.13
2014-01-10,1888.66
2014-01-11,1888.51
2014-01-12,1888.39
2014-01-13,1888.27
2014-01-14,1887.64
2014-01-15,1887.23
2014-01-16,1886.88
2014-01-17,1886.39
2014-01-18,1886.06
2014-01-19,1885.83
2014-01-20,1885.54
2014-01-21,1885.24
2014-01-22,1884.91
2014-01-23,1884.54
2014-01-24,1884.02
2014-01-25,1883.73
2014-01-26,1883.55
2014-01-27,1883.49
2014-01-28,1883.21
2014-01-29,1883.07
2014-01-30,1882.83
2014-01-31,1882.89
2014-02-01,1882.84
2014-02-02,1882.63
2014-02-03,1882.25
2014-02-04,1882.22
2014-02-05,1881.94
2014-02-06,1881.8
2014-02-07,1881.48
2014-02-08,1881.13
2014-02-09,1881.0
2014-02-10,1880.85
2014-02-11,1880.37
2014-02-12,1880.18
2014-02-13,1880.08
2014-02-14,1879.89
2014-02-15,1879.81
2014-02-16,1879.62
2014-02-17,1879.59
2014-02-18,1880.49
2014-02-19,1880.43
2014-02-20,1880.46
2014-02-21,1880.32
2014-02-22,1880.29
2014-02-23,1880.23
2014-02-24,1880.29
2014-02-25,1880.5
2014-02-26,1880.55
2014-02-27,1880.49
2014-02-28,1880.43
2014-03-01,1880.52
2014-03-02,1880.52
2014-03-03,1880.59
2014-03-04,1880.89
2014-03-05,1881.03
2014-03-06,1881.2
2014-03-07,1881.57
2014-03-08,1881.68
2014-03-09,1881.68
2014-03-10,1881.83
2014-03-11,1881.9
2014-03-12,1882.04
2014-03-13,1882.1
2014-03-14,1881.87
2014-03-15,1881.8
2014-03-16,1881.77
2014-03-17,1881.8
2014-03-18,1881.66
2014-03-19,1881.47
2014-03-20,1881.27
2014-03-21,1880.8
2014-03-22,1880.6
2014-03-23,1880.46
2014-03-24,1880.33
2014-03-25,1880.02
2014-03-26,1879.79
2014-03-27,1879.51
2014-03-28,1879.34
2014-03-29,1879.13
2014-03-30,1879.02
2014-03-31,1878.94
2014-04-01,1878.66
2014-04-02,1878.42
2014-04-03,1878.43
2014-04-04,1878.3
2014-04-05,1878.16
2014-04-06,1878.08
2014-04-07,1877.99
2014-04-08,1877.71
2014-04-09,1877.47
2014-04-10,1877.19
2014-04-11,1876.74
2014-04-12,1876.56
2014-04-13,1876.4
2014-04-14,1876.29
2014-04-15,1876.08
2014-04-16,1876.0
2014-04-17,1875.81
2014-04-18,1875.46
2014-04-19,1875.24
2014-04-20,1875.18
2014-04-21,1875.0
2014-04-22,1874.74
2014-04-23,1874.35
2014-04-24,1874.04
2014-04-25,1873.72
2014-04-26,1873.59
2014-04-27,1873.38
2014-04-28,1873.29
2014-04-29,1873.17
2014-04-30,1873.05
2014-05-01,1872.63
2014-05-02,1872.51
2014-05-03,1872.47
2014-05-04,1872.5
2014-05-05,1872.61
2014-05-06,1872.78
2014-05-07,1872.44
2014-05-08,1872.1
2014-05-09,1871.77
2014-05-10,1871.48
2014-05-11,1871.4
2014-05-12,1871.18
2014-05-13,1870.64
2014-05-14,1870.18
2014-05-15,1869.67
2014-05-16,1869.3
2014-05-17,1868.87
2014-05-18,1868.74
2014-05-19,1868.57
2014-05-20,1868.39
2014-05-21,1868.12
2014-05-22,1867.9
2014-05-23,1867.68
2014-05-24,1867.37
2014-05-25,1867.17
2014-05-26,1866.91
2014-05-27,1866.71
2014-05-28,1866.42
2014-05-29,1866.22
2014-05-30,1866.03
2014-05-31,1865.86
2014-06-01,1865.59
2014-06-02,1865.21
2014-06-03,1865.13
2014-06-04,1864.94
2014-06-05,1864.72
2014-06-06,1864.27
2014-06-07,1864.21
2014-06-08,1864.0
2014-06-09,1863.82
2014-06-10,1863.04
2014-06-11,1862.34
2014-06-12,1861.66
2014-06-13,1861.04
2014-06-14,1860.63
2014-06-15,1860.45
2014-06-16,1860.12
2014-06-17,1859.85
2014-06-18,1859.62
2014-06-19,1859.28
2014-06-20,1859.11
2014-06-21,1859.0
2014-06-22,1858.9
2014-06-23,1858.95
2014-06-24,1859.29
2014-06-25,1859.25
2014-06-26,1859.25
2014-06-27,1859.25
2014-06-28,1859.25
2014-06-29,1859.22
2014-06-30,1859.23
2014-07-01,1859.21
2014-07-02,1859.27
2014-07-03,1859.29
2014-07-04,1859.36
2014-07-05,1859.35
2014-07-06,1859.27
2014-07-07,1859.11
2014-07-08,1858.67
2014-07-09,1858.5
2014-07-10,1858.3
2014-07-11,1858.02
2014-07-12,1857.83
2014-07-13,1857.68
2014-07-14,1857.36
2014-07-15,1857.0
2014-07-16,1856.66
2014-07-17,1856.3
2014-07-18,1856.08
2014-07-19,1855.86
2014-07-20,1855.82
2014-07-21,1855.74
2014-07-22,1855.47
2014-07-23,1855.13
2014-07-24,1854.92
2014-07-25,1854.56
2014-07-26,1854.28
2014-07-27,1854.14
2014-07-28,1853.99
2014-07-29,1853.53
2014-07-30,1853.12
2014-07-31,1852.8
2014-08-01,1851.68
2014-08-02,1851.26
2014-08-03,1851.11
2014-08-04,1850.83
2014-08-05,1850.28
2014-08-06,1849.5
2014-08-07,1848.89
2014-08-08,1848.13
2014-08-09,1847.58
2014-08-10,1847.22
2014-08-11,1847.14
2014-08-12,1846.58
2014-08-13,1845.23
2014-08-14,1844.55
2014-08-15,1843.91
2014-08-16,1843.41
2014-08-17,1843.1
2014-08-18,1842.48
2014-08-19,1841.5
2014-08-20,1840.42
2014-08-21,1839.21
2014-08-22,1837.81
2014-08-23,1836.63
2014-08-24,1836.12
2014-08-25,1835.33
2014-08-26,1833.72
2014-08-27,1832.54
2014-08-28,1831.21
2014-08-29,1830.07
2014-08-30,1829.08
2014-08-31,1828.67
2014-09-01,1826.99
2014-09-02,1825.72
2014-09-03,1824.81
2014-09-04,1823.95
2014-09-05,1822.88
2014-09-06,1822.01
2014-09-07,1821.46
2014-09-08,1821.26
2014-09-09,1821.11
2014-09-10,1820.53
2014-09-11,1819.61
2014-09-12,1818.49
2014-09-13,1817.51
2014-09-14,1817.03
2014-09-15,1816.09
2014-09-16,1814.82
2014-09-17,1813.37
2014-09-18,1812.1
2014-09-19,1810.92
2014-09-20,1809.86
2014-09-21,1809.38
2014-09-22,1808.64
2014-09-23,1807.4
2014-09-24,1806.22
2014-09-25,1805.04
2014-09-26,1803.73
2014-09-27,1802.81
2014-09-28,1802.44
2014-09-29,1801.95
2014-09-30,1801.05
2014-10-01,1798.85
2014-10-02,1797.55
2014-10-03,1796.9
2014-10-04,1796.31
2014-10-05,1795.92
2014-10-06,1795.18
2014-10-07,1793.86
2014-10-08,1792.86
2014-10-09,1791.83
2014-10-10,1791.12
2014-10-11,1790.3
2014-10-12,1789.77
2014-10-13,1789.03
2014-10-14,1787.57
2014-10-15,1786.12
2014-10-16,1784.35
2014-10-17,1782.73
2014-10-18,1781.07
2014-10-19,1780.4
2014-10-20,1779.44
2014-10-21,1776.83
2014-10-22,1774.31
2014-10-23,1771.4
2014-10-24,1768.43
2014-10-25,1766.03
2014-10-26,1764.97
2014-10-27,1763.15
2014-10-28,1760.6
2014-10-29,1758.33
2014-10-30,1756.45
2014-10-31,1754.86
2014-11-01,1751.53
2014-11-02,1750.4
2014-11-03,1748.84
2014-11-04,1746.81
2014-11-05,1744.8
2014-11-06,1742.7
2014-11-07,1740.94
2014-11-08,1739.24
2014-11-09,1738.52
2014-11-10,1737.51
2014-11-11,1735.53
2014-11-12,1734.03
2014-11-13,1733.15
2014-11-14,1732.0
2014-11-15,1731.01
2014-11-16,1730.41
2014-11-17,1729.41
2014-11-18,1727.85
2014-11-19,1726.19
2014-11-20,1724.82
2014-11-21,1723.2
2014-11-22,1721.69
2014-11-23,1720.94
2014-11-24,1719.61
2014-11-25,1717.5
2014-11-26,1715.39
2014-11-27,1713.51
2014-11-28,1711.74
2014-11-29,1709.95
2014-11-30,1708.88
2014-12-01,1705.98
2014-12-02,1702.39
2014-12-03,1700.12
2014-12-04,1697.66
2014-12-05,1695.18
2014-12-06,1693.09
2014-12-07,1692.0
2014-12-08,1690.34
2014-12-09,1686.76
2014-12-10,1682.24
2014-12-11,1677.6
2014-12-12,1672.28
2014-12-13,1667.95
2014-12-14,1665.67
2014-12-15,1662.06
2014-12-16,1656.51
2014-12-17,1651.12
2014-12-18,1644.85
2014-12-19,1638.69
2014-12-20,1633.6
2014-12-21,1631.15
2014-12-22,1627.1
2014-12-23,1620.94
2014-12-24,1615.01
2014-12-25,1610.86
2014-12-26,1607.5
2014-12-27,1603.84
2014-12-28,1601.86
2014-12-29,1598.94
2014-12-30,1594.85
2014-12-31,1591.98
2015-01-01,1587.31
2015-01-02,1583.94
2015-01-03,1580.04
2015-01-04,1576.8
2015-01-05,1574.43
2015-01-06,1569.7
2015-01-07,1564.04
2015-01-08,1558.9
2015-01-09,1553.5
2015-01-10,1547.42
2015-01-11,1544.35
2015-01-12,1540.37
2015-01-13,1532.39
2015-01-14,1524.05
2015-01-15,1514.91
2015-01-16,1504.89
2015-01-17,1496.7
2015-01-18,1493.03
2015-01-19,1487.27
2015-01-20,1477.8
2015-01-21,1468.93
2015-01-22,1461.23
2015-01-23,1453.69
2015-01-24,1447.97
2015-01-25,1444.92
2015-01-26,1440.86
2015-01-27,1434.8
2015-01-28,1430.24
2015-01-29,1425.61
2015-01-30,1422.01
2015-01-31,1419.11
2015-02-01,1416.41
2015-02-02,1413.88
2015-02-03,1411.25
2015-02-04,1410.11
2015-02-05,1409.74
2015-02-06,1409.82
2015-02-07,1410.59
2015-02-08,1410.96
2015-02-09,1411.86
2015-02-10,1415.54
2015-02-11,1420.67
2015-02-12,1424.82
2015-02-13,1428.39
2015-02-14,1433.49
2015-02-15,1436.24
2015-02-16,1440.21
2015-02-17,1448.15
2015-02-18,1455.67
2015-02-19,1458.18
2015-02-20,1460.06
2015-02-21,1462.04
2015-02-22,1463.26
2015-02-23,1465.55
2015-02-24,1470.24
2015-02-25,1473.61
2015-02-26,1476.36
2015-02-27,1479.16
2015-02-28,1481.31
2015-03-01,1484.13
2015-03-02,1486.66
2015-03-03,1489.48
2015-03-04,1492.65
2015-03-05,1495.4
2015-03-06,1497.2
2015-03-07,1499.25
2015-03-08,1500.31
2015-03-09,1503.27
2015-03-10,1506.29
2015-03-11,1509.65
2015-03-12,1511.76
2015-03-13,1513.36
2015-03-14,1514.6
2015-03-15,1515.06
2015-03-16,1515.93
2015-03-17,1516.46
2015-03-18,1516.49
2015-03-19,1516.22
2015-03-20,1515.78
2015-03-21,1515.35
2015-03-22,1515.11
2015-03-23,1514.7
2015-03-24,1513.74
2015-03-25,1512.95
2015-03-26,1512.06
2015-03-27,1511.57
2015-03-28,1511.21
2015-03-29,1511.02
2015-03-30,1510.7
2015-03-31,1510.53
2015-04-01,1510.64
2015-04-02,1510.14
2015-04-03,1509.8
2015-04-04,1509.23
2015-04-05,1508.95
2015-04-06,1508.84
2015-04-07,1508.26
2015-04-08,1507.73
2015-04-09,1507.46
2015-04-10,1507.05
2015-04-11,1506.57
2015-04-12,1506.45
2015-04-13,1506.32
2015-04-14,1505.82
2015-04-15,1505.4
2015-04-16,1505.08
2015-04-17,1504.86
2015-04-18,1504.72
2015-04-19,1504.61
2015-04-20,1504.77
2015-04-21,1506.01
2015-04-22,1506.59
2015-04-23,1506.86
2015-04-24,1507.29
2015-04-25,1507.56
2015-04-26,1507.82
2015-04-27,1508.22
2015-04-28,1509.45
2015-04-29,1510.16
2015-04-30,1510.71
2015-05-01,1512.19
2015-05-02,1513.22
2015-05-03,1513.62
2015-05-04,1514.4
2015-05-05,1516.14
2015-05-06,1517.43
2015-05-07,1519.81
2015-05-08,1522.99
2015-05-09,1525.62
2015-05-10,1526.8
2015-05-11,1528.95
2015-05-12,1532.2
2015-05-13,1535.0
2015-05-14,1537.9
2015-05-15,1540.82
2015-05-16,1543.96
2015-05-17,1545.39
2015-05-18,1548.11
2015-05-19,1551.36
2015-05-20,1553.77
2015-05-21,1555.96
2015-05-22,1558.21
2015-05-23,1560.62
2015-05-24,1561.72
2015-05-25,1563.01
2015-05-26,1564.95
2015-05-27,1566.68
2015-05-28,1567.87
2015-05-29,1568.81
2015-05-30,1569.63
2015-05-31,1570.18
2015-06-01,1571.55
2015-06-02,1572.4
2015-06-03,1573.51
2015-06-04,1574.42
2015-06-05,1575.14
2015-06-06,1575.56
2015-06-07,1575.86
2015-06-08,1576.18
2015-06-09,1576.8
2015-06-10,1577.23
2015-06-11,1577.63
2015-06-12,1578.28
2015-06-13,1578.92
2015-06-14,1579.21
2015-06-15,1579.67
2015-06-16,1581.36
2015-06-17,1582.09
2015-06-18,1582.68
2015-06-19,1583.28
2015-06-20,1583.69
2015-06-21,1583.73
2015-06-22,1584.09
2015-06-23,1584.35
2015-06-24,1584.58
2015-06-25,1584.71
2015-06-26,1584.84
2015-06-27,1584.8
2015-06-28,1584.76
2015-06-29,1584.88
2015-06-30,1584.68
2015-07-01,1584.5
2015-07-02,1584.36
2015-07-03,1584.2
2015-07-04,1583.95
2015-07-05,1583.87
2015-07-06,1583.79
2015-07-07,1583.38
2015-07-08,1582.89
2015-07-09,1582.36
2015-07-10,1581.57
2015-07-11,1580.71
2015-07-12,1580.41
2015-07-13,1580.03
2015-07-14,1579.08
2015-07-15,1578.23
2015-07-16,1577.4
2015-07-17,1575.89
2015-07-18,1574.77
2015-07-19,1574.28
2015-07-20,1573.6
2015-07-21,1572.66
2015-07-22,1571.76
2015-07-23,1570.57
2015-07-24,1569.63
2015-07-25,1568.59
2015-07-26,1568.14
2015-07-27,1567.45
2015-07-28,1566.15
2015-07-29,1564.98
2015-07-30,1564.12
2015-07-31,1563.34
2015-08-01,1561.97
2015-08-02,1561.53
2015-08-03,1560.91
2015-08-04,1559.64
2015-08-05,1558.65
2015-08-06,1557.68
2015-08-07,1556.66
2015-08-08,1555.54
2015-08-09,1554.97
2015-08-10,1554.09
2015-08-11,1552.43
2015-08-12,1551.12
2015-08-13,1549.67
2015-08-14,1548.01
2015-08-15,1547.37
2015-08-16,1546.78
2015-08-17,1545.61
2015-08-18,1543.86
2015-08-19,1542.11
2015-08-20,1540.47
2015-08-21,1538.62
2015-08-22,1536.83
2015-08-23,1535.99
2015-08-24,1534.64
2015-08-25,1532.13
2015-08-26,1529.74
2015-08-27,1527.31
2015-08-28,1525.2
2015-08-29,1523.83
2015-08-30,1523.31
2015-08-31,1522.64
2015-09-01,1520.29
2015-09-02,1519.15
2015-09-03,1518.04
2015-09-04,1517.06
2015-09-05,1516.11
2015-09-06,1515.75
2015-09-07,1515.28
2015-09-08,1515.27
2015-09-09,1514.76
2015-09-10,1514.26
2015-09-11,1513.75
2015-09-12,1513.27
2015-09-13,1513.1
2015-09-14,1512.85
2015-09-15,1512.54
2015-09-16,1511.89
2015-09-17,1511.22
2015-09-18,1510.21
2015-09-19,1509.6
2015-09-20,1509.17
2015-09-21,1508.82
2015-09-22,1508.07
2015-09-23,1507.12
2015-09-24,1506.39
2015-09-25,1505.75
2015-09-26,1505.21
2015-09-27,1505.04
2015-09-28,1504.96
2015-09-29,1505.03
2015-09-30,1504.76
2015-10-01,1503.91
2015-10-02,1503.71
2015-10-03,1503.08
2015-10-04,1502.84
2015-10-05,1502.49
2015-10-06,1502.15
2015-10-07,1501.64
2015-10-08,1501.45
2015-10-09,1501.19
2015-10-10,1501.22
2015-10-11,1501.25
2015-10-12,1501.37
2015-10-13,1501.4
2015-10-14,1501.27
2015-10-15,1501.02
2015-10-16,1500.68
2015-10-17,1500.22
2015-10-18,1500.13
2015-10-19,1500.06
2015-10-20,1499.36
2015-10-21,1498.61
2015-10-22,1497.57
2015-10-23,1496.3
2015-10-24,1495.18
2015-10-25,1494.74
2015-10-26,1494.14
2015-10-27,1492.85
2015-10-28,1491.5
2015-10-29,1490.09
2015-10-30,1489.15
2015-10-31,1488.27
2015-11-01,1487.32
2015-11-02,1486.62
2015-11-03,1485.8
2015-11-04,1484.88
2015-11-05,1483.82
2015-11-06,1482.93
2015-11-07,1481.57
2015-11-08,1481.3
2015-11-09,1480.63
2015-11-10,1479.73
2015-11-11,1478.81
2015-11-12,1477.75
2015-11-13,1476.76
2015-11-14,1475.88
2015-11-15,1475.32
2015-11-16,1474.51
2015-11-17,1473.35
2015-11-18,1472.28
2015-11-19,1470.98
2015-11-20,1469.3
2015-11-21,1467.88
2015-11-22,1467.21
2015-11-23,1466.33
2015-11-24,1464.51
2015-11-25,1462.86
2015-11-26,1461.49
2015-11-27,1460.49
2015-11-28,1459.49
2015-11-29,1458.99
2015-11-30,1458.46
2015-12-01,1456.21
2015-12-02,1455.41
2015-12-03,1454.21
2015-12-04,1453.02
2015-12-05,1451.82
2015-12-06,1451.08
2015-12-07,1450.18
2015-12-08,1448.33
2015-12-09,1446.49
2015-12-10,1444.38
2015-12-11,1442.33
2015-12-12,1439.86
2015-12-13,1438.91
2015-12-14,1437.21
2015-12-15,1434.88
2015-12-16,1432.55
2015-12-17,1430.53
2015-12-18,1428.59
2015-12-19,1426.59
2015-12-20,1425.65
2015-12-21,1423.95
2015-12-22,1421.65
2015-12-23,1419.48
2015-12-24,1417.55
2015-12-25,1415.77
2015-12-26,1414.95
2015-12-27,1414.27
2015-12-28,1413.21
2015-12-29,1411.53
2015-12-30,1410.19
2015-12-31,1409.35
2016-01-01,1407.15
2016-01-02,1405.98
2016-01-03,1405.33
2016-01-04,1403.84
2016-01-05,1402.25
2016-01-06,1400.78
2016-01-07,1399.15
2016-01-08,1397.36
2016-01-09,1395.62
2016-01-10,1394.79
2016-01-11,1393.53
2016-01-12,1391.91
2016-01-13,1390.32
2016-01-14,1388.78
2016-01-15,1387.16
2016-01-16,1384.83
2016-01-17,1383.82
2016-01-18,1382.41
2016-01-19,1379.99
2016-01-20,1378.33
2016-01-21,1376.56
2016-01-22,1374.76
2016-01-23,1373.35
2016-01-24,1372.69
2016-01-25,1371.97
2016-01-26,1370.04
2016-01-27,1368.42
2016-01-28,1366.94
2016-01-29,1365.79
2016-01-30,1364.86
2016-01-31,1364.37
2016-02-01,1363.04
2016-02-02,1362.19
2016-02-03,1361.18
2016-02-04,1360.25
2016-02-05,1359.75
2016-02-06,1359.05
2016-02-07,1358.65
2016-02-08,1358.5
2016-02-09,1358.41
2016-02-10,1358.06
2016-02-11,1356.99
2016-02-12,1355.48
2016-02-13,1354.01
2016-02-14,1353.17
2016-02-15,1352.28
2016-02-16,1350.34
2016-02-17,1348.76
2016-02-18,1347.55
2016-02-19,1346.59
2016-02-20,1345.74
2016-02-21,1345.43
2016-02-22,1344.98
2016-02-23,1344.25
2016-02-24,1343.66
2016-02-25,1343.08
2016-02-26,1342.29
2016-02-27,1341.76
2016-02-28,1341.4
2016-02-29,1341.37
2016-03-01,1340.74
2016-03-02,1340.27
2016-03-03,1340.13
2016-03-04,1339.83
2016-03-05,1339.72
2016-03-06,1339.69
2016-03-07,1339.72
2016-03-08,1340.13
2016-03-09,1341.06
2016-03-10,1341.53
2016-03-11,1342.6
2016-03-12,1343.85
2016-03-13,1344.49
2016-03-14,1345.83
2016-03-15,1348.46
2016-03-16,1350.27
2016-03-17,1351.52
2016-03-18,1352.76
2016-03-19,1354.35
2016-03-20,1355.09
2016-03-21,1356.32
2016-03-22,1357.61
2016-03-23,1358.65
2016-03-24,1359.53
2016-03-25,1360.12
2016-03-26,1360.72
2016-03-27,1361.01
2016-03-28,1361.44
2016-03-29,1361.96
2016-03-30,1362.26
2016-03-31,1362.41
2016-04-01,1362.75
2016-04-02,1362.9
2016-04-03,1362.81
2016-04-04,1362.84
2016-04-05,1362.58
2016-04-06,1362.4
2016-04-07,1362.24
2016-04-08,1362.09
2016-04-09,1361.78
2016-04-10,1361.75
2016-04-11,1361.61
2016-04-12,1361.38
2016-04-13,1361.19
2016-04-14,1361.15
2016-04-15,1361.3
2016-04-16,1361.59
2016-04-17,1361.59
2016-04-18,1361.44
2016-04-19,1361.56
2016-04-20,1361.42
2016-04-21,1361.3
2016-04-22,1361.23
2016-04-23,1361.25
2016-04-24,1361.21
2016-04-25,1361.16
2016-04-26,1361.03
2016-04-27,1360.93
2016-04-28,1361.33
2016-04-29,1361.77
2016-04-30,1362.67
2016-05-01,1363.29
2016-05-02,1363.37
2016-05-03,1367.44
2016-05-04,1369.3
2016-05-05,1371.12
2016-05-06,1372.22
2016-05-07,1373.11
2016-05-08,1373.62
2016-05-09,1374.28
2016-05-10,1375.3
2016-05-11,1376.37
2016-05-12,1378.2
2016-05-13,1380.08
2016-05-14,1381.95
2016-05-15,1382.69
2016-05-16,1384.07
2016-05-17,1386.72
2016-05-18,1389.21
2016-05-19,1391.74
2016-05-20,1394.34
2016-05-21,1396.84
2016-05-22,1398.06
2016-05-23,1399.86
2016-05-24,1404.27
2016-05-25,1407.38
2016-05-26,1410.44
2016-05-27,1413.54
2016-05-28,1415.85
2016-05-29,1416.79
2016-05-30,1418.34
2016-05-31,1420.46
2016-06-01,1424.12
2016-06-02,1425.85
2016-06-03,1427.54
2016-06-04,1429.27
2016-06-05,1430.04
2016-06-06,1430.79
2016-06-07,1431.82
2016-06-08,1433.14
2016-06-09,1434.56
2016-06-10,1435.99
2016-06-11,1437.02
2016-06-12,1437.52
2016-06-13,1438.34
2016-06-14,1439.75
2016-06-15,1440.58
2016-06-16,1441.06
2016-06-17,1441.35
2016-06-18,1441.47
2016-06-19,1441.66
2016-06-20,1441.74
2016-06-21,1441.91
2016-06-22,1442.11
2016-06-23,1442.25
2016-06-24,1442.36
2016-06-25,1442.42
2016-06-26,1442.37
2016-06-27,1442.56
2016-06-28,1442.54
2016-06-29,1442.63
2016-06-30,1442.66
2016-07-01,1442.78
2016-07-02,1442.69
2016-07-03,1442.7
2016-07-04,1442.58
2016-07-05,1442.61
2016-07-06,1442.32
2016-07-07,1442.17
2016-07-08,1441.92
2016-07-09,1441.65
2016-07-10,1441.53
2016-07-11,1441.24
2016-07-12,1440.68
2016-07-13,1440.31
2016-07-14,1439.83
2016-07-15,1439.19
2016-07-16,1438.53
2016-07-17,1438.33
2016-07-18,1437.68
2016-07-19,1436.74
2016-07-20,1435.79
2016-07-21,1435.11
2016-07-22,1434.37
2016-07-23,1433.31
2016-07-24,1432.93
2016-07-25,1432.16
2016-07-26,1431.05
2016-07-27,1430.01
2016-07-28,1429.05
2016-07-29,1428.22
2016-07-30,1427.4
2016-07-31,1426.97
2016-08-01,1425.7
2016-08-02,1423.66
2016-08-03,1422.19
2016-08-04,1420.84
2016-08-05,1419.47
2016-08-06,1418.33
2016-08-07,1417.72
2016-08-08,1416.63
2016-08-09,1414.73
2016-08-10,1413.51
2016-08-11,1412.32
2016-08-12,1411.29
2016-08-13,1410.28
2016-08-14,1409.94
2016-08-15,1409.44
2016-08-16,1408.53
2016-08-17,1407.67
2016-08-18,1406.95
2016-08-19,1406.6
2016-08-20,1406.56
2016-08-21,1406.5
2016-08-22,1406.34
2016-08-23,1406.87
2016-08-24,1406.92
2016-08-25,1406.92
2016-08-26,1407.15
2016-08-27,1407.43
2016-08-28,1407.55
2016-08-29,1407.76
2016-08-30,1408.15
2016-08-31,1408.54
2016-09-01,1408.72
2016-09-02,1408.6
2016-09-03,1408.51
2016-09-04,1408.46
2016-09-05,1408.52
2016-09-06,1408.3
2016-09-07,1408.19
2016-09-08,1408.12
2016-09-09,1408.26
2016-09-10,1408.38
2016-09-11,1408.33
2016-09-12,1408.6
2016-09-13,1408.78
2016-09-14,1408.92
2016-09-15,1409.06
2016-09-16,1409.0
2016-09-17,1408.91
2016-09-18,1408.81
2016-09-19,1408.84
2016-09-20,1408.52
2016-09-21,1408.21
2016-09-22,1407.97
2016-09-23,1407.83
2016-09-24,1407.49
2016-09-25,1407.49
2016-09-26,1407.36
2016-09-27,1407.21
2016-09-28,1406.94
2016-09-29,1406.86
2016-09-30,1406.79
2016-10-01,1406.78
2016-10-02,1406.77
2016-10-03,1406.78
2016-10-04,1406.71
2016-10-05,1406.62
2016-10-06,1406.82
2016-10-07,1407.26
2016-10-08,1407.8
2016-10-09,1408.11
2016-10-10,1408.67
2016-10-11,1411.26
2016-10-12,1412.68
2016-10-13,1413.89
2016-10-14,1414.86
2016-10-15,1415.71
2016-10-16,1416.26
2016-10-17,1417.09
2016-10-18,1418.95
2016-10-19,1419.89
2016-10-20,1420.88
2016-10-21,1421.9
2016-10-22,1422.82
2016-10-23,1423.33
2016-10-24,1424.17
2016-10-25,1425.4
2016-10-26,1426.18
2016-10-27,1426.75
2016-10-28,1427.18
2016-10-29,1427.45
2016-10-30,1427.64
2016-10-31,1428.0
2016-11-01,1428.72
2016-11-02,1428.98
2016-11-03,1429.12
2016-11-04,1429.26
2016-11-05,1429.27
2016-11-06,1429.37
2016-11-07,1429.45
2016-11-08,1428.99
2016-11-09,1428.81
2016-11-10,1428.61
2016-11-11,1428.44
2016-11-12,1428.2
2016-11-13,1428.15
2016-11-14,1428.08
2016-11-15,1427.23
2016-11-16,1426.72
2016-11-17,1426.43
2016-11-18,1426.06
2016-11-19,1425.64
2016-11-20,1425.33
2016-11-21,1424.99
2016-11-22,1424.75
2016-11-23,1424.62
2016-11-24,1424.49
2016-11-25,1424.51
2016-11-26,1424.41
2016-11-27,1424.44
2016-11-28,1424.49
2016-11-29,1425.31
2016-11-30,1425.53
2016-12-01,1425.98
2016-12-02,1428.26
2016-12-03,1429.71
2016-12-04,1430.46
2016-12-05,1431.78
2016-12-06,1433.59
2016-12-07,1435.25
2016-12-08,1437.46
2016-12-09,1439.12
2016-12-10,1440.56
2016-12-11,1441.54
2016-12-12,1443.66
2016-12-13,1448.27
2016-12-14,1452.27
2016-12-15,1455.06
2016-12-16,1457.55
2016-12-17,1459.79
2016-12-18,1460.66
2016-12-19,1462.22
2016-12-20,1464.25
2016-12-21,1466.0
2016-12-22,1467.29
2016-12-23,1468.86
2016-12-24,1470.58
2016-12-25,1471.47
2016-12-26,1472.98
2016-12-27,1475.47
2016-12-28,1477.59
2016-12-29,1479.72
2016-12-30,1481.74
2016-12-31,1483.7
2017-01-01,1486.06
2017-01-02,1487.92
2017-01-03,1492.17
2017-01-04,1495.37
2017-01-05,1497.7
2017-01-06,1499.65
2017-01-07,1501.37
2017-01-08,1502.44
2017-01-09,1503.96
2017-01-10,1505.91
2017-01-11,1507.16
2017-01-12,1508.2
2017-01-13,1509.01
2017-01-14,1509.85
2017-01-15,1510.29
2017-01-16,1511.05
2017-01-17,1511.69
2017-01-18,1512.3
2017-01-19,1512.71
2017-01-20,1513.06
2017-01-21,1513.41
2017-01-22,1513.65
2017-01-23,1514.03
2017-01-24,1514.43
2017-01-25,1514.77
2017-01-26,1515.4
2017-01-27,1515.85
2017-01-28,1516.05
2017-01-29,1516.15
2017-01-30,1516.26
2017-01-31,1516.5
2017-02-01,1516.7
2017-02-02,1516.87
2017-02-03,1516.95
2017-02-04,1516.99
2017-02-05,1516.99
2017-02-06,1517.18
2017-02-07,1517.29
2017-02-08,1517.31
2017-02-09,1517.2
2017-02-10,1517.09
2017-02-11,1517.05
2017-02-12,1517.01
2017-02-13,1517.02
2017-02-14,1516.94
2017-02-15,1516.79
2017-02-16,1516.79
2017-02-17,1516.69
2017-02-18,1516.55
2017-02-19,1516.55
2017-02-20,1516.55
2017-02-21,1516.54
2017-02-22,1516.4
2017-02-23,1516.29
2017-02-24,1516.11
2017-02-25,1515.75
2017-02-26,1515.59
2017-02-27,1515.58
2017-02-28,1515.39
2017-03-01,1515.14
2017-03-02,1514.91
2017-03-03,1514.75
2017-03-04,1514.44
2017-03-05,1514.28
2017-03-06,1514.09
2017-03-07,1513.59
2017-03-08,1513.2
2017-03-09,1512.76
2017-03-10,1512.17
2017-03-11,1511.66
2017-03-12,1511.54
2017-03-13,1511.22
2017-03-14,1510.48
2017-03-15,1509.7
2017-03-16,1508.75
2017-03-17,1507.81
2017-03-18,1506.89
2017-03-19,1506.49
2017-03-20,1505.73
2017-03-21,1504.17
2017-03-22,1502.85
2017-03-23,1501.53
2017-03-24,1500.27
2017-03-25,1499.1
2017-03-26,1498.66
2017-03-27,1497.82
2017-03-28,1496.23
2017-03-29,1494.77
2017-03-30,1493.63
2017-03-31,1492.8
2017-04-01,1490.96
2017-04-02,1490.48
2017-04-03,1489.82
2017-04-04,1488.87
2017-04-05,1488.06
2017-04-06,1487.51
2017-04-07,1486.94
2017-04-08,1486.51
2017-04-09,1486.39
2017-04-10,1486.3
2017-04-11,1486.64
2017-04-12,1486.7
2017-04-13,1486.69
2017-04-14,1486.73
2017-04-15,1486.78
2017-04-16,1486.8
2017-04-17,1486.89
2017-04-18,1487.6
2017-04-19,1487.86
2017-04-20,1487.91
2017-04-21,1487.9
2017-04-22,1487.73
2017-04-23,1487.7
2017-04-24,1487.78
2017-04-25,1487.54
2017-04-26,1487.35
2017-04-27,1487.3
2017-04-28,1487.09
2017-04-29,1486.76
2017-04-30,1486.67
2017-05-01,1486.55
2017-05-02,1486.12
2017-05-03,1485.78
2017-05-04,1485.76
2017-05-05,1485.5
2017-05-06,1485.32
2017-05-07,1485.29
2017-05-08,1485.13
2017-05-09,1484.34
2017-05-10,1483.94
2017-05-11,1483.26
2017-05-12,1482.5
2017-05-13,1481.94
2017-05-14,1481.67
2017-05-15,1481.35
2017-05-16,1480.75
2017-05-17,1480.29
2017-05-18,1479.88
2017-05-19,1479.43
2017-05-20,1478.91
2017-05-21,1478.77
2017-05-22,1478.6
2017-05-23,1478.36
2017-05-24,1478.11
2017-05-25,1477.75
2017-05-26,1477.55
2017-05-27,1477.15
2017-05-28,1477.0
2017-05-29,1476.82
2017-05-30,1476.53
2017-05-31,1476.19
2017-06-01,1475.24
2017-06-02,1474.51
2017-06-03,1473.86
2017-06-04,1473.71
2017-06-05,1473.3
2017-06-06,1472.6
2017-06-07,1472.05
2017-06-08,1471.13
2017-06-09,1470.03
2017-06-10,1468.87
2017-06-11,1468.37
2017-06-12,1467.61
2017-06-13,1466.07
2017-06-14,1464.71
2017-06-15,1463.29
2017-06-16,1461.75
2017-06-17,1460.28
2017-06-18,1459.69
2017-06-19,1458.78
2017-06-20,1457.15
2017-06-21,1455.31
2017-06-22,1453.61
2017-06-23,1452.03
2017-06-24,1450.76
2017-06-25,1450.14
2017-06-26,1449.24
2017-06-27,1447.56
2017-06-28,1446.23
2017-06-29,1444.98
2017-06-30,1444.1
2017-07-01,1442.37
2017-07-02,1441.8
2017-07-03,1441.16
2017-07-04,1440.41
2017-07-05,1439.67
2017-07-06,1439.24
2017-07-07,1438.93
2017-07-08,1438.51
2017-07-09,1438.33
2017-07-10,1438.21
2017-07-11,1438.76
2017-07-12,1438.42
2017-07-13,1438.22
2017-07-14,1438.05
2017-07-15,1437.96
2017-07-16,1437.97
2017-07-17,1438.0
2017-07-18,1437.89
2017-07-19,1437.75
2017-07-20,1437.78
2017-07-21,1437.68
2017-07-22,1437.64
2017-07-23,1437.58
2017-07-24,1437.59
2017-07-25,1437.7
2017-07-26,1437.85
2017-07-27,1438.02
2017-07-28,1438.2
2017-07-29,1438.31
2017-07-30,1438.48
2017-07-31,1438.87
2017-08-01,1439.43
2017-08-02,1439.82
2017-08-03,1440.31
2017-08-04,1440.98
2017-08-05,1441.5
2017-08-06,1441.89
2017-08-07,1442.77
2017-08-08,1444.78
2017-08-09,1446.06
2017-08-10,1447.55
2017-08-11,1448.48
2017-08-12,1449.53
2017-08-13,1450.09
2017-08-14,1450.81
2017-08-15,1452.62
2017-08-16,1453.26
2017-08-17,1454.28
2017-08-18,1455.01
2017-08-19,1455.6
2017-08-20,1455.99
2017-08-21,1456.62
2017-08-22,1457.27
2017-08-23,1457.81
2017-08-24,1458.37
2017-08-25,1458.81
2017-08-26,1459.66
2017-08-27,1460.09
2017-08-28,1460.66
2017-08-29,1461.6
2017-08-30,1462.3
2017-08-31,1462.61
2017-09-01,1463.76
2017-09-02,1464.34
2017-09-03,1464.73
2017-09-04,1465.35
2017-09-05,1466.28
2017-09-06,1466.99
2017-09-07,1467.98
2017-09-08,1469.35
2017-09-09,1470.74
2017-09-10,1471.63
2017-09-11,1472.94
2017-09-12,1475.32
2017-09-13,1477.01
2017-09-14,1478.52
2017-09-15,1480.04
2017-09-16,1481.65
2017-09-17,1482.53
2017-09-18,1483.77
2017-09-19,1485.17
2017-09-20,1486.11
2017-09-21,1487.25
2017-09-22,1488.24
2017-09-23,1489.15
2017-09-24,1489.69
2017-09-25,1490.52
2017-09-26,1491.59
2017-09-27,1492.61
2017-09-28,1493.88
2017-09-29,1495.49
2017-09-30,1497.04
2017-10-01,1498.61
2017-10-02,1499.74
2017-10-03,1500.86
2017-10-04,1501.29
2017-10-05,1501.73
2017-10-06,1502.14
2017-10-07,1502.37
2017-10-08,1502.52
2017-10-09,1502.79
2017-10-10,1503.0
2017-10-11,1503.39
2017-10-12,1503.75
2017-10-13,1504.14
2017-10-14,1504.48
2017-10-15,1504.73
2017-10-16,1505.13
2017-10-17,1505.46
2017-10-18,1505.53
2017-10-19,1505.79
2017-10-20,1506.0
2017-10-21,1506.18
2017-10-22,1506.32
2017-10-23,1506.44
2017-10-24,1506.61
2017-10-25,1506.74
2017-10-26,1506.88
2017-10-27,1507.0
2017-10-28,1507.12
2017-10-29,1507.24
2017-10-30,1507.5
2017-10-31,1507.71
2017-11-01,1508.62
2017-11-02,1508.95
2017-11-03,1509.35
2017-11-04,1509.82
2017-11-05,1510.06
2017-11-06,1510.48
2017-11-07,1512.06
2017-11-08,1513.34
2017-11-09,1514.43
2017-11-10,1515.57
2017-11-11,1516.76
2017-11-12,1517.56
2017-11-13,1518.65
2017-11-14,1520.74
2017-11-15,1521.86
2017-11-16,1522.81
2017-11-17,1523.72
2017-11-18,1524.64
2017-11-19,1525.2
2017-11-20,1525.97
2017-11-21,1526.88
2017-11-22,1527.6
2017-11-23,1528.28
2017-11-24,1529.12
2017-11-25,1529.99
2017-11-26,1530.41
2017-11-27,1531.27
2017-11-28,1532.2
2017-11-29,1533.11
2017-11-30,1533.76
2017-12-01,1534.92
2017-12-02,1535.66
2017-12-03,1536.08
2017-12-04,1536.55
2017-12-05,1536.83
2017-12-06,1537.35
2017-12-07,1537.85
2017-12-08,1538.13
2017-12-09,1538.36
2017-12-10,1538.55
2017-12-11,1538.86
2017-12-12,1539.28
2017-12-13,1539.47
2017-12-14,1539.97
2017-12-15,1540.38
2017-12-16,1540.66
2017-12-17,1540.85
2017-12-18,1541.12
2017-12-19,1541.55
2017-12-20,1541.76
2017-12-21,1541.99
2017-12-22,1542.3
2017-12-23,1542.58
2017-12-24,1542.77
2017-12-25,1542.87
2017-12-26,1542.99
2017-12-27,1543.24
2017-12-28,1543.52
2017-12-29,1543.74
2017-12-30,1543.99
2017-12-31,1544.11
2018-01-01,1544.62
2018-01-02,1544.93
2018-01-03,1545.28
2018-01-04,1545.57
2018-01-05,1546.36
2018-01-06,1546.89
2018-01-07,1547.13
2018-01-08,1547.49
2018-01-09,1547.8
2018-01-10,1548.16
2018-01-11,1548.67
2018-01-12,1549.23
2018-01-13,1549.76
2018-01-14,1550.16
2018-01-15,1550.69
2018-01-16,1551.58
2018-01-17,1552.16
2018-01-18,1552.73
2018-01-19,1553.32
2018-01-20,1553.92
2018-01-21,1554.19
2018-01-22,1554.73
2018-01-23,1555.27
2018-01-24,1555.85
2018-01-25,1556.44
2018-01-26,1557.14
2018-01-27,1557.76
2018-01-28,1558.12
2018-01-29,1558.67
2018-01-30,1559.63
2018-01-31,1560.34
2018-02-01,1561.4
2018-02-02,1562.05
2018-02-03,1562.6
2018-02-04,1562.8
2018-02-05,1563.14
2018-02-06,1563.9
2018-02-07,1564.38
2018-02-08,1564.8
2018-02-09,1565.11
2018-02-10,1565.31
2018-02-11,1565.34
2018-02-12,1565.47
2018-02-13,1565.51
2018-02-14,1565.72
2018-02-15,1565.98
2018-02-16,1566.02
2018-02-17,1565.99
2018-02-18,1565.95
2018-02-19,1565.76
2018-02-20,1565.46
2018-02-21,1565.06
2018-02-22,1564.67
2018-02-23,1564.48
2018-02-24,1564.3
2018-02-25,1564.23
2018-02-26,1564.17
2018-02-27,1564.07
2018-02-28,1563.88
2018-03-01,1563.68
2018-03-02,1563.46
2018-03-03,1563.15
2018-03-04,1562.95
2018-03-05,1562.76
2018-03-06,1562.75
2018-03-07,1562.37
2018-03-08,1562.02
2018-03-09,1561.53
2018-03-10,1561.12
2018-03-11,1560.89
2018-03-12,1560.6
2018-03-13,1560.02
2018-03-14,1559.27
2018-03-15,1558.55
2018-03-16,1557.87
2018-03-17,1557.16
2018-03-18,1556.94
2018-03-19,1556.44
2018-03-20,1555.54
2018-03-21,1554.72
2018-03-22,1554.2
2018-03-23,1553.67
2018-03-24,1553.36
2018-03-25,1553.23
2018-03-26,1552.94
2018-03-27,1553.03
2018-03-28,1552.76
2018-03-29,1552.41
2018-03-30,1552.09
2018-03-31,1551.86
2018-04-01,1551.62
2018-04-02,1551.29
2018-04-03,1551.29
2018-04-04,1551.1
2018-04-05,1550.91
2018-04-06,1550.69
2018-04-07,1550.52
2018-04-08,1550.45
2018-04-09,1550.34
2018-04-10,1550.04
2018-04-11,1549.73
2018-04-12,1549.69
2018-04-13,1549.64
2018-04-14,1549.65
2018-04-15,1549.68
2018-04-16,1549.72
2018-04-17,1550.0
2018-04-18,1550.11
2018-04-19,1550.39
2018-04-20,1550.83
2018-04-21,1551.2
2018-04-22,1551.34
2018-04-23,1551.69
2018-04-24,1552.22
2018-04-25,1552.76
2018-04-26,1553.33
2018-04-27,1554.15
2018-04-28,1554.78
2018-04-29,1555.14
2018-04-30,1555.65
2018-05-01,1557.66
2018-05-02,1558.46
2018-05-03,1559.37
2018-05-04,1560.3
2018-05-05,1561.55
2018-05-06,1562.08
2018-05-07,1562.73
2018-05-08,1563.59
2018-05-09,1565.32
2018-05-10,1567.32
2018-05-11,1569.89
2018-05-12,1572.13
2018-05-13,1573.17
2018-05-14,1574.67
2018-05-15,1577.27
2018-05-16,1579.46
2018-05-17,1581.16
2018-05-18,1583.01
2018-05-19,1584.92
2018-05-20,1585.9
2018-05-21,1587.43
2018-05-22,1590.2
2018-05-23,1591.97
2018-05-24,1595.13
2018-05-25,1598.38
2018-05-26,1600.91
2018-05-27,1602.06
2018-05-28,1603.52
2018-05-29,1605.58
2018-05-30,1606.68
2018-05-31,1607.24
2018-06-01,1608.43
2018-06-02,1608.89
2018-06-03,1609.16
2018-06-04,1609.5
2018-06-05,1609.7
2018-06-06,1609.97
2018-06-07,1610.24
2018-06-08,1610.24
2018-06-09,1610.19
2018-06-10,1610.14
2018-06-11,1610.26
2018-06-12,1610.18
2018-06-13,1610.03
2018-06-14,1609.97
2018-06-15,1609.74
2018-06-16,1609.59
2018-06-17,1609.55
2018-06-18,1609.32
2018-06-19,1609.16
2018-06-20,1608.89
2018-06-21,1608.58
2018-06-22,1608.32
2018-06-23,1608.12
2018-06-24,1608.06
2018-06-25,1608.02
2018-06-26,1607.73
2018-06-27,1607.61
2018-06-28,1607.56
2018-06-29,1607.6
2018-06-30,1607.63
2018-07-01,1607.66
2018-07-02,1607.83
2018-07-03,1608.19
2018-07-04,1608.49
2018-07-05,1608.67
2018-07-06,1608.89
2018-07-07,1609.18
2018-07-08,1609.27
2018-07-09,1609.44
2018-07-10,1609.85
2018-07-11,1610.24
2018-07-12,1610.57
2018-07-13,1610.76
2018-07-14,1610.99
2018-07-15,1611.22
2018-07-16,1611.42
2018-07-17,1611.64
2018-07-18,1611.69
2018-07-19,1611.79
2018-07-20,1611.82
2018-07-21,1611.93
2018-07-22,1611.97
2018-07-23,1612.09
2018-07-24,1612.21
2018-07-25,1612.29
2018-07-26,1612.47
2018-07-27,1612.59
2018-07-28,1612.86
2018-07-29,1613.03
2018-07-30,1613.2
2018-07-31,1613.82
2018-08-01,1614.67
2018-08-02,1615.04
2018-08-03,1615.31
2018-08-04,1615.62
2018-08-05,1615.84
2018-08-06,1615.97
2018-08-07,1616.6
2018-08-08,1616.88
2018-08-09,1617.17
2018-08-10,1617.37
2018-08-11,1617.58
2018-08-12,1617.82
2018-08-13,1618.03
2018-08-14,1618.46
2018-08-15,1618.68
2018-08-16,1618.9
2018-08-17,1619.02
2018-08-18,1619.08
2018-08-19,1619.18
2018-08-20,1619.34
2018-08-21,1619.46
2018-08-22,1619.51
2018-08-23,1619.69
2018-08-24,1619.75
2018-08-25,1619.82
2018-08-26,1619.91
2018-08-27,1620.05
2018-08-28,1620.35
2018-08-29,1620.52
2018-08-30,1620.72
2018-08-31,1620.87
2018-09-01,1621.68
2018-09-02,1621.97
2018-09-03,1622.48
2018-09-04,1623.19
2018-09-05,1624.11
2018-09-06,1625.25
2018-09-07,1626.47
2018-09-08,1627.25
2018-09-09,1627.74
2018-09-10,1628.48
2018-09-11,1630.11
2018-09-12,1631.5
2018-09-13,1633.36
2018-09-14,1635.32
2018-09-15,1637.02
2018-09-16,1637.9
2018-09-17,1639.2
2018-09-18,1640.92
2018-09-19,1642.42
2018-09-20,1644.0
2018-09-21,1645.7
2018-09-22,1647.81
2018-09-23,1649.04
2018-09-24,1649.62
2018-09-25,1650.2
2018-09-26,1650.45
2018-09-27,1651.41
2018-09-28,1652.82
2018-09-29,1654.25
2018-09-30,1655.0
2018-10-01,1657.1
2018-10-02,1659.87
2018-10-03,1661.85
2018-10-04,1663.86
2018-10-05,1666.77
2018-10-06,1669.15
2018-10-07,1670.38
2018-10-08,1672.36
2018-10-09,1675.17
2018-10-10,1677.03
2018-10-11,1679.67
2018-10-12,1681.55
2018-10-13,1683.13
2018-10-14,1684.0
2018-10-15,1685.11
2018-10-16,1686.39
2018-10-17,1687.47
2018-10-18,1688.25
2018-10-19,1688.74
2018-10-20,1689.15
2018-10-21,1689.48
2018-10-22,1689.76
2018-10-23,1689.71
2018-10-24,1689.73
2018-10-25,1689.78
2018-10-26,1689.64
2018-10-27,1689.69
2018-10-28,1689.84
2018-10-29,1689.86
2018-10-30,1690.11
2018-10-31,1690.14
2018-11-01,1690.24
2018-11-02,1690.21
2018-11-03,1690.19
2018-11-04,1690.31
2018-11-05,1690.3
2018-11-06,1665.5
2018-11-07,1640.7
2018-11-08,1615.0
2018-11-09,1598.67
2018-11-10,1589.25
2018-11-11,1585.66
2018-11-12,1580.32
2018-11-13,1574.73
2018-11-14,1569.96
2018-11-15,1565.07
2018-11-16,1560.28
2018-11-17,1556.81
2018-11-18,1555.15
2018-11-19,1551.91
2018-11-20,1547.21
2018-11-21,1541.69
2018-11-22,1536.76
2018-11-23,1531.65
2018-11-24,1527.85
2018-11-25,1526.19
2018-11-26,1522.79
2018-11-27,1516.55
2018-11-28,1510.85
2018-11-29,1505.23
2018-11-30,1500.24
2018-12-01,1493.32
2018-12-02,1490.73
2018-12-03,1486.92
2018-12-04,1481.24
2018-12-05,1475.39
2018-12-06,1470.45
2018-12-07,1465.39
2018-12-08,1461.3
2018-12-09,1459.79
2018-12-10,1456.49
2018-12-11,1451.67
2018-12-12,1447.47
2018-12-13,1443.21
2018-12-14,1439.29
2018-12-15,1435.85
2018-12-16,1434.31
2018-12-17,1431.21
2018-12-18,1426.88
2018-12-19,1422.55
2018-12-20,1417.46
2018-12-21,1412.04
2018-12-22,1407.88
2018-12-23,1405.51
2018-12-24,1401.56
2018-12-25,1397.44
2018-12-26,1393.36
2018-12-27,1389.05
2018-12-28,1385.9
2018-12-29,1383.03
2018-12-30,1381.66
2018-12-31,1379.77
2019-01-01,1375.08
2019-01-02,1371.58
2019-01-03,1367.67
2019-01-04,1363.93
2019-01-05,1361.02
2019-01-06,1359.6
2019-01-07,1357.21
2019-01-08,1354.46
2019-01-09,1352.61
2019-01-10,1351.2
2019-01-11,1350.06
2019-01-12,1349.44
2019-01-13,1349.16
2019-01-14,1348.54
2019-01-15,1347.96
2019-01-16,1347.39
2019-01-17,1346.77
2019-01-18,1346.19
2019-01-19,1345.82
2019-01-20,1345.6
2019-01-21,1345.57
2019-01-22,1345.59
2019-01-23,1345.48
2019-01-24,1345.35
2019-01-25,1345.27
2019-01-26,1344.93
2019-01-27,1344.94
2019-01-28,1344.93
2019-01-29,1344.76
2019-01-30,1344.49
2019-01-31,1344.35
2019-02-01,1344.15
2019-02-02,1344.21
2019-02-03,1344.16
2019-02-04,1344.12
2019-02-05,1344.13
2019-02-06,1343.85
2019-02-07,1343.8
2019-02-08,1343.48
2019-02-09,1343.19
2019-02-10,1343.13
2019-02-11,1342.93
2019-02-12,1342.66
2019-02-13,1342.5
2019-02-14,1342.34
2019-02-15,1342.24
2019-02-16,1342.55
2019-02-17,1342.62
2019-02-18,1342.75
2019-02-19,1342.87
2019-02-20,1342.97
2019-02-21,1343.19
2019-02-22,1343.7
2019-02-23,1344.3
2019-02-24,1344.64
2019-02-25,1345.21
2019-02-26,1345.97
2019-02-27,1346.57
2019-02-28,1347.17
2019-03-01,1348.52
2019-03-02,1349.01
2019-03-03,1349.18
2019-03-04,1349.54
2019-03-05,1350.21
2019-03-06,1350.83
2019-03-07,1351.77
2019-03-08,1353.58
2019-03-09,1354.89
2019-03-10,1355.69
2019-03-11,1356.86
2019-03-12,1358.93
2019-03-13,1361.38
2019-03-14,1363.69
2019-03-15,1366.83
2019-03-16,1369.55
2019-03-17,1370.93
2019-03-18,1372.96
2019-03-19,1375.77
2019-03-20,1378.03
2019-03-21,1379.83
2019-03-22,1381.85
2019-03-23,1383.83
2019-03-24,1384.72
2019-03-25,1386.32
2019-03-26,1388.31
2019-03-27,1389.97
2019-03-28,1391.43
2019-03-29,1392.77
2019-03-30,1393.96
2019-03-31,1394.19
2019-04-01,1396.21
2019-04-02,1398.26
2019-04-03,1399.91
2019-04-04,1401.33
2019-04-05,1402.73
2019-04-06,1404.24
2019-04-07,1405.01
2019-04-08,1406.37
2019-04-09,1408.14
2019-04-10,1409.99
2019-04-11,1411.96
2019-04-12,1414.21
2019-04-13,1416.7
2019-04-14,1417.96
2019-04-15,1420.05
2019-04-16,1423.2
2019-04-17,1425.97
2019-04-18,1428.32
2019-04-19,1431.07
2019-04-20,1433.69
2019-04-21,1435.18
2019-04-22,1437.68
2019-04-23,1440.95
2019-04-24,1444.26
2019-04-25,1447.0
2019-04-26,1449.65
2019-04-27,1452.3
2019-04-28,1453.81
2019-04-29,1456.22
2019-04-30,1459.4
2019-05-01,1463.79
2019-05-02,1466.64
2019-05-03,1469.8
2019-05-04,1472.95
2019-05-05,1475.12
2019-05-06,1477.24
2019-05-07,1500.12
2019-05-08,1511.97
2019-05-09,1517.31
2019-05-10,1520.01
2019-05-11,1522.23
2019-05-12,1523.16
2019-05-13,1524.45
2019-05-14,1525.75
2019-05-15,1526.59
2019-05-16,1527.6
2019-05-17,1528.69
2019-05-18,1529.81
2019-05-19,1530.36
2019-05-20,1531.06
2019-05-21,1532.46
2019-05-22,1533.5
2019-05-23,1534.24
2019-05-24,1534.9
2019-05-25,1535.24
2019-05-26,1535.43
2019-05-27,1535.83
2019-05-28,1536.22
2019-05-29,1536.97
2019-05-30,1537.08
2019-05-31,1536.98
2019-06-01,1536.66
2019-06-02,1536.53
2019-06-03,1536.17
2019-06-04,1535.22
2019-06-05,1534.24
2019-06-06,1533.18
2019-06-07,1532.57
2019-06-08,1531.58
2019-06-09,1531.0
2019-06-10,1530.06
2019-06-11,1528.0
2019-06-12,1525.89
2019-06-13,1523.36
2019-06-14,1520.9
2019-06-15,1518.33
2019-06-16,1517.3
2019-06-17,1515.21
2019-06-18,1512.45
2019-06-19,1509.96
2019-06-20,1507.74
2019-06-21,1505.8
2019-06-22,1504.13
2019-06-23,1503.57
2019-06-24,1502.41
2019-06-25,1500.87
2019-06-26,1499.9
2019-06-27,1499.14
2019-06-28,1498.68
2019-06-29,1497.86
2019-06-30,1497.59
2019-07-01,1496.52
2019-07-02,1495.58
2019-07-03,1494.75
2019-07-04,1493.81
2019-07-05,1492.88
2019-07-06,1492.26
2019-07-07,1491.97
2019-07-08,1491.59
2019-07-09,1491.02
2019-07-10,1490.56
2019-07-11,1490.29
2019-07-12,1490.07
2019-07-13,1489.97
2019-07-14,1490.08
2019-07-15,1490.25
2019-07-16,1490.43
2019-07-17,1490.47
2019-07-18,1490.48
2019-07-19,1490.49
2019-07-20,1490.44
2019-07-21,1490.43
2019-07-22,1490.51
2019-07-23,1490.55
2019-07-24,1490.5
2019-07-25,1490.75
2019-07-26,1491.01
2019-07-27,1491.19
2019-07-28,1491.37
2019-07-29,1491.57
2019-07-30,1492.1
2019-07-31,1492.4
2019-08-01,1492.91
2019-08-02,1493.52
2019-08-03,1493.7
2019-08-04,1493.82
2019-08-05,1493.98
2019-08-06,1494.13
2019-08-07,1494.12
2019-08-08,1494.04
2019-08-09,1493.77
2019-08-10,1493.63
2019-08-11,1493.53
2019-08-12,1493.54
2019-08-13,1493.54
2019-08-14,1493.45
2019-08-15,1493.42
2019-08-16,1493.31
2019-08-17,1493.17
2019-08-18,1493.16
2019-08-19,1493.15
2019-08-20,1493.12
2019-08-21,1492.94
2019-08-22,1493.06
2019-08-23,1493.3
2019-08-24,1493.32
2019-08-25,1493.42
2019-08-26,1493.73
2019-08-27,1493.94
2019-08-28,1494.18
2019-08-29,1494.52
2019-08-30,1495.13
2019-08-31,1496.68
2019-09-01,1509.16
2019-09-02,1515.3
2019-09-03,1518.61
2019-09-04,1520.36
2019-09-05,1521.11
2019-09-06,1522.03
2019-09-07,1522.3
2019-09-08,1522.62
2019-09-09,1522.87
2019-09-10,1523.24
2019-09-11,1523.9
2019-09-12,1524.7
2019-09-13,1525.07
2019-09-14,1525.13
2019-09-15,1525.21
2019-09-16,1526.28
2019-09-17,1529.08
2019-09-18,1531.55
2019-09-19,1533.21
2019-09-20,1534.79
2019-09-21,1536.13
2019-09-22,1536.66
2019-09-23,1537.63
2019-09-24,1538.93
2019-09-25,1540.36
2019-09-26,1541.37
2019-09-27,1541.97
2019-09-28,1542.43
2019-09-29,1542.69
2019-09-30,1543.09
2019-10-01,1543.54
2019-10-02,1543.49
2019-10-03,1543.55
2019-10-04,1543.25
2019-10-05,1543.0
2019-10-06,1543.0
2019-10-07,1542.95
2019-10-08,1542.75
2019-10-09,1542.51
2019-10-10,1542.27
2019-10-11,1541.98
2019-10-12,1541.72
2019-10-13,1541.73
2019-10-14,1541.6
2019-10-15,1541.4
2019-10-16,1541.03
2019-10-17,1540.69
2019-10-18,1539.96
2019-10-19,1539.59
2019-10-20,1539.51
2019-10-21,1539.27
2019-10-22,1538.83
2019-10-23,1538.44
2019-10-24,1538.06
2019-10-25,1537.72
2019-10-26,1537.45
2019-10-27,1537.42
2019-10-28,1537.26
2019-10-29,1536.99
2019-10-30,1536.81
2019-10-31,1536.62
2019-11-01,1536.09
2019-11-02,1535.8
2019-11-03,1535.75
2019-11-04,1535.6
2019-11-05,1535.12
2019-11-06,1534.76
2019-11-07,1534.42
2019-11-08,1534.33
2019-11-09,1534.22
2019-11-10,1534.23
2019-11-11,1534.28
2019-11-12,1534.38
2019-11-13,1534.43
2019-11-14,1534.64
2019-11-15,1534.8
2019-11-16,1535.02
2019-11-17,1535.14
2019-11-18,1535.3
2019-11-19,1535.36
2019-11-20,1535.46
2019-11-21,1535.76
2019-11-22,1536.04
2019-11-23,1536.34
2019-11-24,1536.62
2019-11-25,1536.84
2019-11-26,1537.09
2019-11-27,1537.4
2019-11-28,1537.75
2019-11-29,1538.07
2019-11-30,1538.41
2019-12-01,1538.9
2019-12-02,1539.22
2019-12-03,1539.85
2019-12-04,1540.18
2019-12-05,1540.71
2019-12-06,1541.4
2019-12-07,1542.28
2019-12-08,1542.64
2019-12-09,1543.34
2019-12-10,1544.07
2019-12-11,1544.93
2019-12-12,1545.71
2019-12-13,1546.42
2019-12-14,1547.22
2019-12-15,1547.67
2019-12-16,1548.42
2019-12-17,1549.25
2019-12-18,1549.87
2019-12-19,1550.57
2019-12-20,1551.3
2019-12-21,1552.04
2019-12-22,1552.58
2019-12-23,1553.15
2019-12-24,1554.23
2019-12-25,1554.82
2019-12-26,1555.46
2019-12-27,1556.18
2019-12-28,1556.8
2019-12-29,1557.19
2019-12-30,1557.74
2019-12-31,1558.44
2020-01-01,1559.6
2020-01-02,1560.36
2020-01-03,1561.05
2020-01-04,1561.87
2020-01-05,1562.34
2020-01-06,1563.32
2020-01-07,1565.06
2020-01-08,1566.54
2020-01-09,1568.19
2020-01-10,1569.25
2020-01-11,1570.06
2020-01-12,1570.36
2020-01-13,1570.97
2020-01-14,1571.34
2020-01-15,1571.46
2020-01-16,1571.56
2020-01-17,1571.45
2020-01-18,1571.27
2020-01-19,1571.22
2020-01-20,1571.26
2020-01-21,1571.17
2020-01-22,1571.06
2020-01-23,1571.06
2020-01-24,1570.99
2020-01-25,1571.01
2020-01-26,1570.91
2020-01-27,1570.53
2020-01-28,1570.26
2020-01-29,1569.66
2020-01-30,1568.76
2020-01-31,1567.8
2020-02-01,1566.46
2020-02-02,1565.92
2020-02-03,1564.89
2020-02-04,1563.3
2020-02-05,1561.93
2020-02-06,1560.33
2020-02-07,1558.76
2020-02-08,1557.5
2020-02-09,1556.89
2020-02-10,1555.51
2020-02-11,1552.66
2020-02-12,1550.29
2020-02-13,1547.53
2020-02-14,1545.01
2020-02-15,1542.96
2020-02-16,1541.95
2020-02-17,1540.38
2020-02-18,1538.33
2020-02-19,1536.63
2020-02-20,1535.17
2020-02-21,1533.93
2020-02-22,1533.01
2020-02-23,1532.62
2020-02-24,1531.73
2020-02-25,1530.59
2020-02-26,1529.45
2020-02-27,1528.09
2020-02-28,1526.59
2020-02-29,1525.03
2020-03-01,1523.52
2020-03-02,1521.76
2020-03-03,1519.5
2020-03-04,1517.3
2020-03-05,1515.36
2020-03-06,1513.55
2020-03-07,1511.7
2020-03-08,1510.79
2020-03-09,1508.65
2020-03-10,1505.06
2020-03-11,1499.7
2020-03-12,1494.89
2020-03-13,1490.23
2020-03-14,1486.01
2020-03-15,1484.04
2020-03-16,1480.14
2020-03-17,1473.72
2020-03-18,1465.4
2020-03-19,1457.94
2020-03-20,1450.71
2020-03-21,1445.02
2020-03-22,1442.55
2020-03-23,1437.38
2020-03-24,1430.25
2020-03-25,1423.96
2020-03-26,1418.18
2020-03-27,1411.92
2020-03-28,1406.63
2020-03-29,1403.83
2020-03-30,1398.93
2020-03-31,1393.03
2020-04-01,1384.29
2020-04-02,1377.9
2020-04-03,1372.03
2020-04-04,1367.91
2020-04-05,1366.27
2020-04-06,1362.9
2020-04-07,1357.79
2020-04-08,1352.04
2020-04-09,1347.54
2020-04-10,1343.57
2020-04-11,1339.93
2020-04-12,1338.46
2020-04-13,1335.31
2020-04-14,1331.1
2020-04-15,1326.56
2020-04-16,1322.62
2020-04-17,1317.95
2020-04-18,1313.53
2020-04-19,1311.41
2020-04-20,1307.26
2020-04-21,1301.62
2020-04-22,1296.7
2020-04-23,1292.03
2020-04-24,1287.36
2020-04-25,1283.83
2020-04-26,1282.05
2020-04-27,1278.85
2020-04-28,1274.4
2020-04-29,1270.26
2020-04-30,1267.24
2020-05-01,1264.02
2020-05-02,1262.63
2020-05-03,1261.66
2020-05-04,1259.87
2020-05-05,1257.33
2020-05-06,1256.15
2020-05-07,1253.91
2020-05-08,1252.46
2020-05-09,1251.41
2020-05-10,1251.08
2020-05-11,1250.1
2020-05-12,1249.18
2020-05-13,1248.34
2020-05-14,1247.95
2020-05-15,1247.58
2020-05-16,1247.73
2020-05-17,1247.91
2020-05-18,1248.13
2020-05-19,1248.66
2020-05-20,1249.29
2020-05-21,1250.29
2020-05-22,1251.66
2020-05-23,1253.38
2020-05-24,1254.16
2020-05-25,1255.48
2020-05-26,1258.57
2020-05-27,1261.22
2020-05-28,1263.74
2020-05-29,1266.16
2020-05-30,1268.42
2020-05-31,1269.84
2020-06-01,1273.49
2020-06-02,1276.04
2020-06-03,1279.03
2020-06-04,1282.23
2020-06-05,1286.85
2020-06-06,1292.21
2020-06-07,1294.67
2020-06-08,1299.39
2020-06-09,1306.08
2020-06-10,1311.63
2020-06-11,1316.17
2020-06-12,1319.99
2020-06-13,1322.91
2020-06-14,1324.22
2020-06-15,1327.02
2020-06-16,1330.09
2020-06-17,1332.86
2020-06-18,1335.47
2020-06-19,1337.95
2020-06-20,1340.67
2020-06-21,1341.84
2020-06-22,1344.18
2020-06-23,1346.77
2020-06-24,1348.54
2020-06-25,1350.05
2020-06-26,1351.31
2020-06-27,1352.59
2020-06-28,1353.19
2020-06-29,1354.24
2020-06-30,1355.2
2020-07-01,1356.73
2020-07-02,1357.49
2020-07-03,1358.04
2020-07-04,1358.36
2020-07-05,1358.73
2020-07-06,1359.06
2020-07-07,1359.49
2020-07-08,1359.68
2020-07-09,1359.95
2020-07-10,1360.16
2020-07-11,1360.4
2020-07-12,1360.51
2020-07-13,1360.72
2020-07-14,1360.8
2020-07-15,1360.91
2020-07-16,1361.03
2020-07-17,1361.04
2020-07-18,1361.15
2020-07-19,1361.22
2020-07-20,1361.18
2020-07-21,1361.13
2020-07-22,1361.07
2020-07-23,1361.01
2020-07-24,1361.04
2020-07-25,1361.04
2020-07-26,1361.1
2020-07-27,1361.01
2020-07-28,1361.04
2020-07-29,1360.99
2020-07-30,1360.93
2020-07-31,1360.83
2020-08-01,1361.07
2020-08-02,1361.2
2020-08-03,1361.31
2020-08-04,1361.25
2020-08-05,1361.12
2020-08-06,1361.07
2020-08-07,1360.99
2020-08-08,1361.0
2020-08-09,1361.03
2020-08-10,1361.07
2020-08-11,1361.06
2020-08-12,1361.04
2020-08-13,1361.08
2020-08-14,1361.12
2020-08-15,1361.18
2020-08-16,1361.23
2020-08-17,1361.25
2020-08-18,1361.24
2020-08-19,1361.21
2020-08-20,1361.27
2020-08-21,1361.25
2020-08-22,1361.28
2020-08-23,1361.2
2020-08-24,1361.19
2020-08-25,1361.19
2020-08-26,1361.09
2020-08-27,1361.02
2020-08-28,1360.88
2020-08-29,1360.74
2020-08-30,1360.78
2020-08-31,1360.66
2020-09-01,1360.37
2020-09-02,1360.3
2020-09-03,1360.33
2020-09-04,1360.22
2020-09-05,1360.18
2020-09-06,1360.11
2020-09-07,1359.89
2020-09-08,1359.35
2020-09-09,1358.5
2020-09-10,1357.59
2020-09-11,1356.76
2020-09-12,1356.16
2020-09-13,1355.88
2020-09-14,1355.34
2020-09-15,1354.26
2020-09-16,1352.8
2020-09-17,1351.53
2020-09-18,1350.33
2020-09-19,1349.55
2020-09-20,1349.23
2020-09-21,1348.45
2020-09-22,1347.37
2020-09-23,1346.26
2020-09-24,1345.28
2020-09-25,1344.43
2020-09-26,1343.87
2020-09-27,1343.59
2020-09-28,1343.1
2020-09-29,1342.21
2020-09-30,1341.81
2020-10-01,1341.59
2020-10-02,1341.24
2020-10-03,1340.62
2020-10-04,1340.17
2020-10-05,1339.39
2020-10-06,1338.26
2020-10-07,1337.44
2020-10-08,1336.68
2020-10-09,1336.07
2020-10-10,1335.8
2020-10-11,1335.61
2020-10-12,1335.25
2020-10-13,1334.67
2020-10-14,1334.08
2020-10-15,1333.55
2020-10-16,1332.97
2020-10-17,1332.52
2020-10-18,1332.4
2020-10-19,1332.0
2020-10-20,1331.42
2020-10-21,1330.73
2020-10-22,1330.19
2020-10-23,1329.67
2020-10-24,1329.22
2020-10-25,1329.04
2020-10-26,1328.62
2020-10-27,1327.99
2020-10-28,1327.4
2020-10-29,1326.72
2020-10-30,1325.75
2020-10-31,1325.11
2020-11-01,1324.32
2020-11-02,1323.37
2020-11-03,1322.14
2020-11-04,1321.08
2020-11-05,1320.29
2020-11-06,1319.71
2020-11-07,1319.26
2020-11-08,1319.1
2020-11-09,1318.67
2020-11-10,1318.14
2020-11-11,1317.87
2020-11-12,1317.69
2020-11-13,1317.62
2020-11-14,1317.55
2020-11-15,1317.55
2020-11-16,1317.49
2020-11-17,1317.44
2020-11-18,1317.11
2020-11-19,1317.35
2020-11-20,1317.62
2020-11-21,1317.88
2020-11-22,1317.96
2020-11-23,1318.08
2020-11-24,1318.35
2020-11-25,1319.01
2020-11-26,1320.47
2020-11-27,1322.21
2020-11-28,1323.49
2020-11-29,1324.04
2020-11-30,1324.99
2020-12-01,1327.25
2020-12-02,1328.51
2020-12-03,1329.96
2020-12-04,1331.81
2020-12-05,1333.91
2020-12-06,1335.02
2020-12-07,1336.8
2020-12-08,1339.3
2020-12-09,1341.26
2020-12-10,1343.28
2020-12-11,1346.54
2020-12-12,1349.88
2020-12-13,1351.6
2020-12-14,1354.08
2020-12-15,1357.25
2020-12-16,1360.73
2020-12-17,1364.87
2020-12-18,1370.74
2020-12-19,1376.91
2020-12-20,1380.09
2020-12-21,1384.58
2020-12-22,1389.87
2020-12-23,1394.09
2020-12-24,1398.43
2020-12-25,1402.7
2020-12-26,1405.23
2020-12-27,1406.84
2020-12-28,1409.68
2020-12-29,1413.82
2020-12-30,1417.11
2020-12-31,1419.7
2021-01-01,1424.0
2021-01-02,1425.64
2021-01-03,1426.62
2021-01-04,1428.43
2021-01-05,1430.42
2021-01-06,1431.84
2021-01-07,1433.41
2021-01-08,1434.78
2021-01-09,1436.05
2021-01-10,1436.73
2021-01-11,1437.89
2021-01-12,1439.25
2021-01-13,1440.44
2021-01-14,1441.94
2021-01-15,1443.47
2021-01-16,1444.83
2021-01-17,1445.38
2021-01-18,1446.25
2021-01-19,1447.27
2021-01-20,1448.04
2021-01-21,1448.83
2021-01-22,1449.36
2021-01-23,1449.76
2021-01-24,1449.89
2021-01-25,1450.32
2021-01-26,1450.49
2021-01-27,1450.73
2021-01-28,1450.89
2021-01-29,1451.3
2021-01-30,1451.43
2021-01-31,1451.48
2021-02-01,1451.94
2021-02-02,1451.99
2021-02-03,1452.13
2021-02-04,1452.42
2021-02-05,1452.85
2021-02-06,1453.46
2021-02-07,1453.65
2021-02-08,1454.26
2021-02-09,1455.63
2021-02-10,1457.21
2021-02-11,1458.76
2021-02-12,1459.28
2021-02-13,1459.61
2021-02-14,1459.89
2021-02-15,1461.06
2021-02-16,1463.32
2021-02-17,1464.89
2021-02-18,1466.59
2021-02-19,1468.46
2021-02-20,1469.88
2021-02-21,1470.6
2021-02-22,1471.83
2021-02-23,1473.21
2021-02-24,1474.79
2021-02-25,1476.11
2021-02-26,1477.54
2021-02-27,1479.1
2021-02-28,1479.89
2021-03-01,1481.76
2021-03-02,1483.1
2021-03-03,1484.45
2021-03-04,1485.71
2021-03-05,1487.79
2021-03-06,1490.69
2021-03-07,1492.4
2021-03-08,1495.18
2021-03-09,1498.95
2021-03-10,1501.95
2021-03-11,1504.22
2021-03-12,1506.7
2021-03-13,1509.97
2021-03-14,1511.68
2021-03-15,1514.35
2021-03-16,1517.64
2021-03-17,1520.36
2021-03-18,1522.81
2021-03-19,1524.98
2021-03-20,1526.53
2021-03-21,1527.4
2021-03-22,1528.75
2021-03-23,1530.34
2021-03-24,1531.33
2021-03-25,1531.9
2021-03-26,1532.48
2021-03-27,1532.94
2021-03-28,1533.22
2021-03-29,1533.5
2021-03-30,1534.04
2021-03-31,1534.27
2021-04-01,1534.52
2021-04-02,1534.68
2021-04-03,1534.84
2021-04-04,1534.93
2021-04-05,1535.02
2021-04-06,1535.07
2021-04-07,1535.05
2021-04-08,1535.04
2021-04-09,1534.99
2021-04-10,1534.9
2021-04-11,1534.95
2021-04-12,1534.97
2021-04-13,1534.9
2021-04-14,1534.79
2021-04-15,1534.71
2021-04-16,1534.64
2021-04-17,1534.38
2021-04-18,1534.35
2021-04-19,1534.33
2021-04-20,1534.26
2021-04-21,1534.25
2021-04-22,1534.21
2021-04-23,1534.11
2021-04-24,1534.04
2021-04-25,1534.03
2021-04-26,1534.03
2021-04-27,1533.96
2021-04-28,1533.93
2021-04-29,1533.92
2021-04-30,1533.93
2021-05-01,1534.19
2021-05-02,1534.27
2021-05-03,1534.27
2021-05-04,1534.28
2021-05-05,1534.36
2021-05-06,1534.55
2021-05-07,1534.9
2021-05-08,1535.33
2021-05-09,1535.53
2021-05-10,1536.1
2021-05-11,1537.02
2021-05-12,1537.73
2021-05-13,1538.82
2021-05-14,1539.99
2021-05-15,1540.53
2021-05-16,1540.93
2021-05-17,1541.67
2021-05-18,1542.6
2021-05-19,1543.52
2021-05-20,1544.19
2021-05-21,1544.88
2021-05-22,1545.57
2021-05-23,1545.86
2021-05-24,1546.47
2021-05-25,1547.36
2021-05-26,1548.28
2021-05-27,1549.28
2021-05-28,1550.19
2021-05-29,1551.04
2021-05-30,1551.52
2021-05-31,1552.23
2021-06-01,1554.21
2021-06-02,1555.59
2021-06-03,1556.98
2021-06-04,1558.6
2021-06-05,1560.26
2021-06-06,1561.13
2021-06-07,1562.72
2021-06-08,1564.59
2021-06-09,1566.31
2021-06-10,1567.97
2021-06-11,1569.83
2021-06-12,1571.61
2021-06-13,1572.53
2021-06-14,1574.22
2021-06-15,1576.08
2021-06-16,1578.16
2021-06-17,1580.15
2021-06-18,1581.71
2021-06-19,1583.18
2021-06-20,1583.95
2021-06-21,1585.42
2021-06-22,1587.57
2021-06-23,1589.45
2021-06-24,1591.42
2021-06-25,1593.5
2021-06-26,1595.56
2021-06-27,1596.67
2021-06-28,1598.52
2021-06-29,1601.06
2021-06-30,1602.75
2021-07-01,1605.96
2021-07-02,1607.97
2021-07-03,1609.95
2021-07-04,1610.79
2021-07-05,1612.37
2021-07-06,1615.07
2021-07-07,1617.77
2021-07-08,1619.82
2021-07-09,1621.64
2021-07-10,1623.62
2021-07-11,1624.6
2021-07-12,1626.18
2021-07-13,1628.33
2021-07-14,1630.21
2021-07-15,1631.74
2021-07-16,1633.5
2021-07-17,1634.76
2021-07-18,1635.4
2021-07-19,1636.67
2021-07-20,1637.56
2021-07-21,1638.06
2021-07-22,1638.63
2021-07-23,1639.13
2021-07-24,1639.68
2021-07-25,1640.03
2021-07-26,1640.59
2021-07-27,1641.11
2021-07-28,1641.55
2021-07-29,1642.03
2021-07-30,1642.56
2021-07-31,1643.05
2021-08-01,1643.95
2021-08-02,1644.6
2021-08-03,1645.23
2021-08-04,1645.75
2021-08-05,1646.09
2021-08-06,1646.72
2021-08-07,1647.01
2021-08-08,1647.13
2021-08-09,1647.32
2021-08-10,1647.35
2021-08-11,1647.32
2021-08-12,1647.34
2021-08-13,1647.35
2021-08-14,1647.28
2021-08-15,1647.25
2021-08-16,1647.35
2021-08-17,1647.22
2021-08-18,1647.0
2021-08-19,1646.4
2021-08-20,1645.98
2021-08-21,1645.55
2021-08-22,1645.36
2021-08-23,1645.14
2021-08-24,1644.81
2021-08-25,1644.52
2021-08-26,1644.28
2021-08-27,1644.07
2021-08-28,1643.84
2021-08-29,1643.71
2021-08-30,1643.66
2021-08-31,1643.51
2021-09-01,1643.23
2021-09-02,1642.98
2021-09-03,1642.68
2021-09-04,1642.48
2021-09-05,1642.49
2021-09-06,1642.44
2021-09-07,1642.25
2021-09-08,1642.09
2021-09-09,1642.03
2021-09-10,1641.97
2021-09-11,1641.76
2021-09-12,1641.79
2021-09-13,1641.88
2021-09-14,1641.78
2021-09-15,1641.79
2021-09-16,1641.83
2021-09-17,1642.07
2021-09-18,1642.22
2021-09-19,1642.38
2021-09-20,1642.59
2021-09-21,1642.65
2021-09-22,1642.47
2021-09-23,1642.8
2021-09-24,1643.19
2021-09-25,1643.4
2021-09-26,1643.55
2021-09-27,1643.93
2021-09-28,1644.44
2021-09-29,1645.12
2021-09-30,1645.99
2021-10-01,1648.21
2021-10-02,1649.52
2021-10-03,1650.24
2021-10-04,1651.18
2021-10-05,1652.92
2021-10-06,1656.81
2021-10-07,1661.16
2021-10-08,1667.13
2021-10-09,1673.01
2021-10-10,1676.42
2021-10-11,1680.13
2021-10-12,1685.07
2021-10-13,1693.57
2021-10-14,1700.95
2021-10-15,1709.17
2021-10-16,1716.93
2021-10-17,1720.83
2021-10-18,1725.89
2021-10-19,1732.45
2021-10-20,1739.15
2021-10-21,1743.99
2021-10-22,1748.7
2021-10-23,1753.22
2021-10-24,1755.49
2021-10-25,1758.42
2021-10-26,1762.66
2021-10-27,1766.7
2021-10-28,1770.89
2021-10-29,1774.44
2021-10-30,1778.82
2021-10-31,1780.9
2021-11-01,1784.53
2021-11-02,1788.16
2021-11-03,1791.29
2021-11-04,1794.95
2021-11-05,1797.95
2021-11-06,1801.25
2021-11-07,1802.96
2021-11-08,1805.18
2021-11-09,1807.47
2021-11-10,1809.12
2021-11-11,1810.16
2021-11-12,1767.74
2021-11-13,1751.17
2021-11-14,1742.5
2021-11-15,1724.87
2021-11-16,1711.92
2021-11-17,1704.62
2021-11-18,1699.1
2021-11-19,1695.39
2021-11-20,1692.72
2021-11-21,1691.38
2021-11-22,1688.88
2021-11-23,1687.02
2021-11-24,1685.6
2021-11-25,1684.46
2021-11-26,1683.16
2021-11-27,1681.57
2021-11-28,1680.79
2021-11-29,1679.52
2021-11-30,1678.25
2021-12-01,1675.88
2021-12-02,1673.98
2021-12-03,1672.11
2021-12-04,1670.22
2021-12-05,1669.44
2021-12-06,1667.87
2021-12-07,1664.87
2021-12-08,1662.05
2021-12-09,1659.45
2021-12-10,1656.65
2021-12-11,1654.4
2021-12-12,1653.53
2021-12-13,1651.59
2021-12-14,1649.23
2021-12-15,1646.71
2021-12-16,1643.44
2021-12-17,1641.08
2021-12-18,1639.44
2021-12-19,1638.75
2021-12-20,1636.81
2021-12-21,1634.46
2021-12-22,1632.31
2021-12-23,1630.71
2021-12-24,1629.16
2021-12-25,1628.1
2021-12-26,1627.82
2021-12-27,1627.07
2021-12-28,1626.06
2021-12-29,1625.31
2021-12-30,1624.93
2021-12-31,1624.47
2022-01-01,1623.79
2022-01-02,1623.4
2022-01-03,1623.03
2022-01-04,1622.32
2022-01-05,1621.79
2022-01-06,1621.22
2022-01-07,1620.98
2022-01-08,1621.4
2022-01-09,1621.3
2022-01-10,1621.45
2022-01-11,1621.56
2022-01-12,1622.04
2022-01-13,1623.2
2022-01-14,1624.78
2022-01-15,1626.33
2022-01-16,1627.47
2022-01-17,1629.3
2022-01-18,1631.44
2022-01-19,1634.23
2022-01-20,1637.65
2022-01-21,1641.46
2022-01-22,1644.44
2022-01-23,1645.89
2022-01-24,1648.45
2022-01-25,1650.81
2022-01-26,1653.39
2022-01-27,1656.26
2022-01-28,1659.44
2022-01-29,1662.55
2022-01-30,1664.47
2022-01-31,1666.03
2022-02-01,1667.71
2022-02-02,1668.81
2022-02-03,1671.13
2022-02-04,1674.67
2022-02-05,1680.26
2022-02-06,1682.78
2022-02-07,1686.54
2022-02-08,1691.81
2022-02-09,1697.01
2022-02-10,1700.89
2022-02-11,1704.32
2022-02-12,1708.23
2022-02-13,1710.46
2022-02-14,1714.12
2022-02-15,1718.64
2022-02-16,1722.69
2022-02-17,1726.09
2022-02-18,1729.39
2022-02-19,1732.31
2022-02-20,1733.84
2022-02-21,1736.48
2022-02-22,1739.36
2022-02-23,1743.05
2022-02-24,1746.2
2022-02-25,1750.84
2022-02-26,1754.75
2022-02-27,1756.31
2022-02-28,1758.87
2022-03-01,1763.32
2022-03-02,1767.09
2022-03-03,1774.18
2022-03-04,1786.04
2022-03-05,1803.2
2022-03-06,1812.9
2022-03-07,1828.34
2022-03-08,1860.61
2022-03-09,1892.4
2022-03-10,1913.73
2022-03-11,1938.97
2022-03-12,1965.03
2022-03-13,1975.36
2022-03-14,1988.04
2022-03-15,2000.95
2022-03-16,2004.23
2022-03-17,2003.42
2022-03-18,2002.56
2022-03-19,2002.13
2022-03-20,2002.18
2022-03-21,2002.12
2022-03-22,2001.84
2022-03-23,2001.72
2022-03-24,2001.81
2022-03-25,2001.92
2022-03-26,2000.65
2022-03-27,2000.85
2022-03-28,2001.15
2022-03-29,2000.45
2022-03-30,1999.44
2022-03-31,1998.39
2022-04-01,1996.11
2022-04-02,1994.54
2022-04-03,1993.97
2022-04-04,1992.3
2022-04-05,1990.23
2022-04-06,1988.81
2022-04-07,1987.04
2022-04-08,1984.87
2022-04-09,1982.9
2022-04-10,1982.06
2022-04-11,1980.41
2022-04-12,1976.94
2022-04-13,1974.21
2022-04-14,1972.26
2022-04-15,1970.42
2022-04-16,1969.26
2022-04-17,1968.85
2022-04-18,1968.37
2022-04-19,1967.79
2022-04-20,1967.3
2022-04-21,1966.82
2022-04-22,1966.64
2022-04-23,1966.5
2022-04-24,1966.66
2022-04-25,1967.62
2022-04-26,1968.2
2022-04-27,1968.74
2022-04-28,1969.9
2022-04-29,1971.64
2022-04-30,1974.77
2022-05-01,1954.8
2022-05-02,1944.63
2022-05-03,1937.99
2022-05-04,1934.47
2022-05-05,1932.2
2022-05-06,1931.69
2022-05-07,1933.32
2022-05-08,1935.93
2022-05-09,1938.49
2022-05-10,1943.79
2022-05-11,1946.11
2022-05-12,1948.69
2022-05-13,1951.7
2022-05-14,1954.7
2022-05-15,1956.42
2022-05-16,1958.73
2022-05-17,1963.26
2022-05-18,1967.33
2022-05-19,1972.11
2022-05-20,1977.39
2022-05-21,1982.53
2022-05-22,1985.07
2022-05-23,1988.77
2022-05-24,1994.77
2022-05-25,1998.59
2022-05-26,2001.53
2022-05-27,2004.55
2022-05-28,2007.62
2022-05-29,2008.76
2022-05-30,2010.45
2022-05-31,2012.69
2022-06-01,2015.37
2022-06-02,2017.79
2022-06-03,2020.84
2022-06-04,2026.21
2022-06-05,2029.29
2022-06-06,2032.04
2022-06-07,2035.74
2022-06-08,2042.04
2022-06-09,2048.47
2022-06-10,2056.79
2022-06-11,2064.59
2022-06-12,2068.6
2022-06-13,2074.3
2022-06-14,2081.98
2022-06-15,2087.61
2022-06-16,2092.2
2022-06-17,2098.45
2022-06-18,2104.63
2022-06-19,2107.53
2022-06-20,2111.28
2022-06-21,2116.35
2022-06-22,2120.14
2022-06-23,2123.61
2022-06-24,2126.71
2022-06-25,2129.47
2022-06-26,2131.16
2022-06-27,2133.8
2022-06-28,2137.3
2022-06-29,2141.09
2022-06-30,2144.9
2022-07-01,2128.84
2022-07-02,2124.75
2022-07-03,2123.33
2022-07-04,2120.58
2022-07-05,2117.18
2022-07-06,2113.85
2022-07-07,2108.96
2022-07-08,2102.49
2022-07-09,2097.77
2022-07-10,2095.64
2022-07-11,2090.82
2022-07-12,2082.1
2022-07-13,2073.11
2022-07-14,2061.81
2022-07-15,2049.04
2022-07-16,2038.83
2022-07-17,2034.36
2022-07-18,2026.25
2022-07-19,2013.01
2022-07-20,2002.16
2022-07-21,1989.93
2022-07-22,1977.25
2022-07-23,1964.6
2022-07-24,1959.42
2022-07-25,1948.86
2022-07-26,1936.63
2022-07-27,1926.81
2022-07-28,1916.88
2022-07-29,1907.31
2022-07-30,1900.44
2022-07-31,1897.27
2022-08-01,1889.82
2022-08-02,1881.75
2022-08-03,1874.05
2022-08-04,1866.41
2022-08-05,1859.17
2022-08-06,1852.0
2022-08-07,1848.83
2022-08-08,1842.61
2022-08-09,1834.04
2022-08-10,1825.12
2022-08-11,1815.48
2022-08-12,1805.86
2022-08-13,1797.86
2022-08-14,1794.06
2022-08-15,1789.04
2022-08-16,1781.36
2022-08-17,1771.95
2022-08-18,1764.38
2022-08-19,1757.86
2022-08-20,1753.37
2022-08-21,1751.21
2022-08-22,1746.84
2022-08-23,1742.37
2022-08-24,1739.85
2022-08-25,1738.54
2022-08-26,1737.77
2022-08-27,1738.0
2022-08-28,1738.06
2022-08-29,1738.53
2022-08-30,1740.46
2022-08-31,1741.71
2022-09-01,1742.51
2022-09-02,1742.01
2022-09-03,1741.46
2022-09-04,1741.41
2022-09-05,1741.49
2022-09-06,1741.42
2022-09-07,1740.99
2022-09-08,1740.61
2022-09-09,1740.42
2022-09-10,1740.44
2022-09-11,1740.46
2022-09-12,1740.15
2022-09-13,1740.54
2022-09-14,1740.38
2022-09-15,1740.34
2022-09-16,1739.33
2022-09-17,1737.72
2022-09-18,1736.95
2022-09-19,1735.73
2022-09-20,1731.92
2022-09-21,1728.37
2022-09-22,1724.95
2022-09-23,1721.16
2022-09-24,1717.19
2022-09-25,1715.25
2022-09-26,1711.53
2022-09-27,1705.43
2022-09-28,1698.78
2022-09-29,1693.28
2022-09-30,1688.3
2022-10-01,1682.04
2022-10-02,1679.84
2022-10-03,1677.55
2022-10-04,1674.38
2022-10-05,1670.62
2022-10-06,1667.41
2022-10-07,1665.76
2022-10-08,1665.86
2022-10-09,1666.13
2022-10-10,1666.45
2022-10-11,1666.75
2022-10-12,1666.94
2022-10-13,1666.38
2022-10-14,1666.05
2022-10-15,1665.73
2022-10-16,1665.72
2022-10-17,1665.72
2022-10-18,1665.76
2022-10-19,1665.55
2022-10-20,1665.21
2022-10-21,1664.67
2022-10-22,1664.21
2022-10-23,1664.02
2022-10-24,1664.11
2022-10-25,1663.71
2022-10-26,1663.17
2022-10-27,1662.31
2022-10-28,1661.71
2022-10-29,1661.04
2022-10-30,1660.71
2022-10-31,1660.7
2022-11-01,1659.88
2022-11-02,1659.38
2022-11-03,1658.83
2022-11-04,1658.32
2022-11-05,1658.37
2022-11-06,1658.55
2022-11-07,1659.06
2022-11-08,1659.71
2022-11-09,1660.32
2022-11-10,1660.34
2022-11-11,1660.1
2022-11-12,1659.78
2022-11-13,1659.71
2022-11-14,1659.64
2022-11-15,1659.03
2022-11-16,1658.13
2022-11-17,1656.78
2022-11-18,1654.03
2022-11-19,1651.56
2022-11-20,1650.45
2022-11-21,1648.35
2022-11-22,1644.75
2022-11-23,1641.01
2022-11-24,1637.77
2022-11-25,1634.66
2022-11-26,1632.12
2022-11-27,1630.83
2022-11-28,1628.36
2022-11-29,1625.83
2022-11-30,1623.9
2022-12-01,1622.12
2022-12-02,1620.84
2022-12-03,1619.61
2022-12-04,1618.48
2022-12-05,1615.99
2022-12-06,1612.26
2022-12-07,1607.58
2022-12-08,1601.2
2022-12-09,1593.8
2022-12-10,1586.79
2022-12-11,1583.59
2022-12-12,1576.99
2022-12-13,1567.85
2022-12-14,1561.08
2022-12-15,1554.87
2022-12-16,1549.4
2022-12-17,1545.18
2022-12-18,1543.39
2022-12-19,1540.27
2022-12-20,1536.77
2022-12-21,1534.17
2022-12-22,1531.87
2022-12-23,1530.29
2022-12-24,1529.34
2022-12-25,1528.58
2022-12-26,1527.32
2022-12-27,1526.31
2022-12-28,1526.05
2022-12-29,1526.34
2022-12-30,1527.57
2022-12-31,1530.7
2023-01-01,1541.67
2023-01-02,1550.17
2023-01-03,1555.82
2023-01-04,1558.81
2023-01-05,1561.29
2023-01-06,1561.45
2023-01-07,1561.87
2023-01-08,1562.86
2023-01-09,1563.17
2023-01-10,1562.41
2023-01-11,1561.36
2023-01-12,1560.23
2023-01-13,1559.72
2023-01-14,1559.31
2023-01-15,1559.37
2023-01-16,1559.83
2023-01-17,1560.0
2023-01-18,1560.4
2023-01-19,1561.19
2023-01-20,1562.93
2023-01-21,1564.54
2023-01-22,1565.65
2023-01-23,1566.33
2023-01-24,1567.01
2023-01-25,1568.09
2023-01-26,1569.67
2023-01-27,1571.2
2023-01-28,1572.25
2023-01-29,1572.77
2023-01-30,1574.35
2023-01-31,1575.41
2023-02-01,1577.03
2023-02-02,1578.42
2023-02-03,1579.34
2023-02-04,1579.56
2023-02-05,1579.58
2023-02-06,1579.69
2023-02-07,1578.96
2023-02-08,1577.74
2023-02-09,1577.06
2023-02-10,1576.84
2023-02-11,1576.6
2023-02-12,1576.72
2023-02-13,1577.0
2023-02-14,1577.33
2023-02-15,1577.6
2023-02-16,1577.98
2023-02-17,1578.47
2023-02-18,1578.51
2023-02-19,1578.56
2023-02-20,1579.06
2023-02-21,1579.09
2023-02-22,1579.2
2023-02-23,1579.33
2023-02-24,1579.35
2023-02-25,1579.33
2023-02-26,1579.53
2023-02-27,1579.96
2023-02-28,1580.09
2023-03-01,1580.36
2023-03-02,1580.84
2023-03-03,1582.39
2023-03-04,1582.59
2023-03-05,1583.16
2023-03-06,1584.47
2023-03-07,1586.94
2023-03-08,1589.09
2023-03-09,1591.2
2023-03-10,1592.73
2023-03-11,1593.93
2023-03-12,1594.55
2023-03-13,1595.77
2023-03-14,1597.32
2023-03-15,1598.08
2023-03-16,1598.27
2023-03-17,1598.36
2023-03-18,1597.43
2023-03-19,1597.4
2023-03-20,1597.36
2023-03-21,1596.54
2023-03-22,1595.59
2023-03-23,1594.91
2023-03-24,1594.43
2023-03-25,1593.95
2023-03-26,1593.76
2023-03-27,1593.79
2023-03-28,1593.51
2023-03-29,1593.48
2023-03-30,1593.51
2023-03-31,1594.02
2023-04-01,1594.59
2023-04-02,1594.97
2023-04-03,1596.33
2023-04-04,1599.92
2023-04-05,1604.38
2023-04-06,1608.84
2023-04-07,1613.75
2023-04-08,1618.2
2023-04-09,1620.69
2023-04-10,1625.25
2023-04-11,1631.53
2023-04-12,1636.56
2023-04-13,1641.57
2023-04-14,1646.78
2023-04-15,1650.95
2023-04-16,1652.99
2023-04-17,1656.9
2023-04-18,1661.02
2023-04-19,1663.28
2023-04-20,1664.69
2023-04-21,1665.11
2023-04-22,1665.21
2023-04-23,1665.32
2023-04-24,1665.63
2023-04-25,1665.4
2023-04-26,1664.85
2023-04-27,1664.38
2023-04-28,1663.56
2023-04-29,1662.9
2023-04-30,1662.79
2023-05-01,1662.48
2023-05-02,1662.0
2023-05-03,1660.3
2023-05-04,1658.41
2023-05-05,1655.88
2023-05-06,1654.75
2023-05-07,1654.1
2023-05-08,1652.65
2023-05-09,1649.47
2023-05-10,1646.12
2023-05-11,1642.41
2023-05-12,1638.59
2023-05-13,1635.28
2023-05-14,1634.13
2023-05-15,1631.17
2023-05-16,1627.13
2023-05-17,1623.64
2023-05-18,1620.7
2023-05-19,1617.2
2023-05-20,1614.67
2023-05-21,1613.79
2023-05-22,1611.88
2023-05-23,1609.41
2023-05-24,1607.22
2023-05-25,1605.29
2023-05-26,1603.52
2023-05-27,1601.7
2023-05-28,1601.16
2023-05-29,1600.67
2023-05-30,1599.59
2023-05-31,1598.1
2023-06-01,1595.29
2023-06-02,1593.28
2023-06-03,1591.23
2023-06-04,1590.68
2023-06-05,1590.06
2023-06-06,1589.04
2023-06-07,1588.04
2023-06-08,1586.75
2023-06-09,1585.82
2023-06-10,1584.79
2023-06-11,1584.46
2023-06-12,1583.99
2023-06-13,1582.58
2023-06-14,1581.01
2023-06-15,1579.85
2023-06-16,1578.45
2023-06-17,1577.61
2023-06-18,1577.33
2023-06-19,1576.8
2023-06-20,1575.72
2023-06-21,1574.9
2023-06-22,1574.15
2023-06-23,1573.52
2023-06-24,1572.97
2023-06-25,1572.75
2023-06-26,1572.73
2023-06-27,1572.08
2023-06-28,1571.56
2023-06-29,1571.13
2023-06-30,1570.7
2023-07-01,1569.79
2023-07-02,1569.52
2023-07-03,1569.43
2023-07-04,1569.16
2023-07-05,1569.0
2023-07-06,1568.88
2023-07-07,1569.23
2023-07-08,1569.71
2023-07-09,1570.0
2023-07-10,1571.07
2023-07-11,1572.03
2023-07-12,1573.08
2023-07-13,1574.55
2023-07-14,1576.89
2023-07-15,1578.77
2023-07-16,1579.82
2023-07-17,1581.74
2023-07-18,1583.72
2023-07-19,1585.45
2023-07-20,1587.55
2023-07-21,1589.76
2023-07-22,1591.77
2023-07-23,1592.85
2023-07-24,1595.36
2023-07-25,1598.62
2023-07-26,1602.74
2023-07-27,1607.11
2023-07-28,1612.76
2023-07-29,1619.33
2023-07-30,1622.78
2023-07-31,1627.38
2023-08-01,1638.23
2023-08-02,1647.72
2023-08-03,1658.01
2023-08-04,1667.53
2023-08-05,1676.64
2023-08-06,1681.14
2023-08-07,1687.86
2023-08-08,1696.23
2023-08-09,1702.56
2023-08-10,1707.13
2023-08-11,1712.63
2023-08-12,1717.67
2023-08-13,1720.21
2023-08-14,1724.31
2023-08-15,1728.56
2023-08-16,1731.34
2023-08-17,1734.19
2023-08-18,1736.09
2023-08-19,1737.56
2023-08-20,1738.29
2023-08-21,1739.72
2023-08-22,1741.16
2023-08-23,1742.16
2023-08-24,1742.59
2023-08-25,1742.95
2023-08-26,1743.29
2023-08-27,1743.57
2023-08-28,1744.19
2023-08-29,1745.23
2023-08-30,1745.65
2023-08-31,1746.07
2023-09-01,1747.13
2023-09-02,1747.7
2023-09-03,1748.15
2023-09-04,1748.95
2023-09-05,1749.9
2023-09-06,1750.77
2023-09-07,1752.15
2023-09-08,1753.64
2023-09-09,1755.1
2023-09-10,1756.02
2023-09-11,1757.58
2023-09-12,1759.4
2023-09-13,1761.41
2023-09-14,1763.46
2023-09-15,1766.4
2023-09-16,1769.09
2023-09-17,1770.28
2023-09-18,1772.99
2023-09-19,1776.84
2023-09-20,1779.75
2023-09-21,1781.68
2023-09-22,1783.61
2023-09-23,1785.21
2023-09-24,1786.26
2023-09-25,1788.05
2023-09-26,1789.63
2023-09-27,1791.29
2023-09-28,1793.26
2023-09-29,1794.41
2023-09-30,1794.66
2023-10-01,1795.22
2023-10-02,1796.17
2023-10-03,1796.25
2023-10-04,1796.38
2023-10-05,1795.91
2023-10-06,1793.82
2023-10-07,1791.71
2023-10-08,1790.73
2023-10-09,1790.08
2023-10-10,1789.18
2023-10-11,1786.89
2023-10-12,1784.72
2023-10-13,1781.79
2023-10-14,1779.47
2023-10-15,1778.68
2023-10-16,1777.56
2023-10-17,1775.06
2023-10-18,1772.84
2023-10-19,1771.04
2023-10-20,1769.39
2023-10-21,1767.74
2023-10-22,1767.17
2023-10-23,1766.3
2023-10-24,1764.26
2023-10-25,1761.55
2023-10-26,1758.33
2023-10-27,1754.98
2023-10-28,1752.31
2023-10-29,1751.43
2023-10-30,1749.83
2023-10-31,1747.06
2023-11-01,1742.31
2023-11-02,1738.21
2023-11-03,1733.97
2023-11-04,1730.38
2023-11-05,1728.69
2023-11-06,1725.83
2023-11-07,1721.01
2023-11-08,1715.73
2023-11-09,1709.48
2023-11-10,1703.13
2023-11-11,1697.77
2023-11-12,1695.93
2023-11-13,1691.87
2023-11-14,1685.73
2023-11-15,1680.63
2023-11-16,1676.26
2023-11-17,1672.3
2023-11-18,1668.84
2023-11-19,1667.51
2023-11-20,1664.78
2023-11-21,1659.12
2023-11-22,1656.54
2023-11-23,1652.96
2023-11-24,1649.56
2023-11-25,1647.05
2023-11-26,1645.97
2023-11-27,1643.95
2023-11-28,1641.03
2023-11-29,1638.49
2023-11-30,1636.75
2023-12-01,1634.18
2023-12-02,1632.42
2023-12-03,1631.71
2023-12-04,1629.96
2023-12-05,1626.7
2023-12-06,1623.79
2023-12-07,1620.78
2023-12-08,1617.44
2023-12-09,1614.5
2023-12-10,1613.41
2023-12-11,1611.22
2023-12-12,1606.83
2023-12-13,1602.56
2023-12-14,1599.08
2023-12-15,1595.98
2023-12-16,1593.35
2023-12-17,1592.5
2023-12-18,1590.61
2023-12-19,1587.97
2023-12-20,1586.3
2023-12-21,1585.23
2023-12-22,1584.81
2023-12-23,1584.02
2023-12-24,1583.69
2023-12-25,1583.53
2023-12-26,1582.63
2023-12-27,1581.89
2023-12-28,1581.22
2023-12-29,1580.53
2023-12-30,1579.61
2023-12-31,1579.31
2024-01-01,1578.54
2024-01-02,1577.46
2024-01-03,1575.89
2024-01-04,1574.52
2024-01-05,1573.43
2024-01-06,1572.33
2024-01-07,1572.02
2024-01-08,1571.71
2024-01-09,1570.46
2024-01-10,1569.02
2024-01-11,1567.64
2024-01-12,1566.47
2024-01-13,1565.39
2024-01-14,1565.13
2024-01-15,1564.94
2024-01-16,1564.38
2024-01-17,1563.41
2024-01-18,1563.03
2024-01-19,1562.66
2024-01-20,1562.4
2024-01-21,1562.41
2024-01-22,1562.78
2024-01-23,1563.3
2024-01-24,1564.19
2024-01-25,1565.87
2024-01-26,1567.91
2024-01-27,1570.95
2024-01-28,1572.19
2024-01-29,1575.09
2024-01-30,1578.88
2024-01-31,1582.27
2024-02-01,1586.46
2024-02-02,1589.01
2024-02-03,1591.03
2024-02-04,1592.01
2024-02-05,1594.1
2024-02-06,1596.46
2024-02-07,1598.37
2024-02-08,1600.73
2024-02-09,1603.53
2024-02-10,1604.84
2024-02-11,1605.81
2024-02-12,1606.65
2024-02-13,1608.44
2024-02-14,1611.7
2024-02-15,1614.9
2024-02-16,1618.0
2024-02-17,1620.92
2024-02-18,1622.32
2024-02-19,1625.02
2024-02-20,1627.74
2024-02-21,1629.43
2024-02-22,1630.89
2024-02-23,1632.41
2024-02-24,1633.29
2024-02-25,1633.74
2024-02-26,1634.84
2024-02-27,1635.57
2024-02-28,1636.15
2024-02-29,1636.72
2024-03-01,1637.44
2024-03-02,1637.74
2024-03-03,1638.1
2024-03-04,1638.95
2024-03-05,1639.39
2024-03-06,1639.52
2024-03-07,1639.47
2024-03-08,1639.52
2024-03-09,1639.18
2024-03-10,1639.26
2024-03-11,1639.59
2024-03-12,1639.44
2024-03-13,1638.99
2024-03-14,1638.5
2024-03-15,1638.33
2024-03-16,1637.92
2024-03-17,1637.88
2024-03-18,1638.22
2024-03-19,1637.78
2024-03-20,1638.05
2024-03-21,1638.31
2024-03-22,1638.66
2024-03-23,1638.43
2024-03-24,1638.46
2024-03-25,1638.97
2024-03-26,1639.57
2024-03-27,1640.07
2024-03-28,1640.44
2024-03-29,1641.08
2024-03-30,1642.15
2024-03-31,1642.77
2024-04-01,1644.42
2024-04-02,1645.97
2024-04-03,1648.7
2024-04-04,1652.94
2024-04-05,1658.16
2024-04-06,1662.55
2024-04-07,1665.23
2024-04-08,1669.72
2024-04-09,1674.74
2024-04-10,1677.48
2024-04-11,1679.08
2024-04-12,1682.28
2024-04-13,1685.38
2024-04-14,1687.39
2024-04-15,1691.52
2024-04-16,1695.55
2024-04-17,1699.1
2024-04-18,1701.69
2024-04-19,1704.14
2024-04-20,1705.67
2024-04-21,1706.47
2024-04-22,1707.25
2024-04-23,1708.08
2024-04-24,1709.56
2024-04-25,1710.47
2024-04-26,1711.28
2024-04-27,1711.59
2024-04-28,1711.94
2024-04-29,1712.73
2024-04-30,1712.97
2024-05-01,1713.47
2024-05-02,1713.56
2024-05-03,1713.39
2024-05-04,1712.67
2024-05-05,1712.64
2024-05-06,1712.71
2024-05-07,1712.2
2024-05-08,1711.12
2024-05-09,1709.94
2024-05-10,1708.38
2024-05-11,1706.8
2024-05-12,1706.13
2024-05-13,1704.93
2024-05-14,1702.6
2024-05-15,1701.02
2024-05-16,1699.61
2024-05-17,1697.68
2024-05-18,1695.33
2024-05-19,1694.71
2024-05-20,1693.51
2024-05-21,1691.17
2024-05-22,1688.97
2024-05-23,1686.59
2024-05-24,1684.41
2024-05-25,1682.55
2024-05-26,1681.77
2024-05-27,1680.48
2024-05-28,1678.28
2024-05-29,1676.54
2024-05-30,1675.12
2024-05-31,1673.58
2024-06-01,1671.21
2024-06-02,1670.58
2024-06-03,1669.55
2024-06-04,1667.38
2024-06-05,1664.71
2024-06-06,1662.43
2024-06-07,1660.88
2024-06-08,1658.98
2024-06-09,1658.24
2024-06-10,1657.02
2024-06-11,1654.69
2024-06-12,1652.63
2024-06-13,1651.2
2024-06-14,1649.93
2024-06-15,1649.44
2024-06-16,1649.11
2024-06-17,1648.75
2024-06-18,1648.3
2024-06-19,1648.55
2024-06-20,1648.89
2024-06-21,1649.48
2024-06-22,1650.95
2024-06-23,1651.44
2024-06-24,1653.06
2024-06-25,1654.9
2024-06-26,1657.26
2024-06-27,1660.17
2024-06-28,1663.14
2024-06-29,1667.38
2024-06-30,1670.76
2024-07-01,1679.05
2024-07-02,1683.42
2024-07-03,1686.19
2024-07-04,1691.72
2024-07-05,1695.76
2024-07-06,1699.45
2024-07-07,1701.08
2024-07-08,1704.71
2024-07-09,1707.74
2024-07-10,1709.16
2024-07-11,1710.1
2024-07-12,1710.92
2024-07-13,1711.48
2024-07-14,1711.93
2024-07-15,1713.04
2024-07-16,1713.32
2024-07-17,1713.46
2024-07-18,1713.56
2024-07-19,1713.91
2024-07-20,1713.64
2024-07-21,1713.63
2024-07-22,1714.01
2024-07-23,1713.9
2024-07-24,1713.33
2024-07-25,1712.92
2024-07-26,1712.45
2024-07-27,1711.89
2024-07-28,1711.75
2024-07-29,1711.52
2024-07-30,1711.32
2024-07-31,1710.71
2024-08-01,1709.9
2024-08-02,1709.8
2024-08-03,1708.9
2024-08-04,1708.66
2024-08-05,1708.43
2024-08-06,1707.01
2024-08-07,1705.17
2024-08-08,1703.51
2024-08-09,1702.03
2024-08-10,1700.22
2024-08-11,1699.52
2024-08-12,1698.17
2024-08-13,1696.48
2024-08-14,1695.28
2024-08-15,1694.46
2024-08-16,1693.88
2024-08-17,1692.92
2024-08-18,1692.56
2024-08-19,1691.89
2024-08-20,1689.69
2024-08-21,1687.0
2024-08-22,1683.62
2024-08-23,1680.07
2024-08-24,1677.52
2024-08-25,1676.6
2024-08-26,1674.86
2024-08-27,1672.19
2024-08-28,1670.5
2024-08-29,1668.4
2024-08-30,1666.35
2024-08-31,1664.38
2024-09-01,1663.28
2024-09-02,1661.54
2024-09-03,1659.18
2024-09-04,1656.06
2024-09-05,1652.29
2024-09-06,1648.95
2024-09-07,1645.75
2024-09-08,1644.44
2024-09-09,1641.48
2024-09-10,1636.82
2024-09-11,1631.27
2024-09-12,1626.47
2024-09-13,1622.46
2024-09-14,1618.98
2024-09-15,1617.72
2024-09-16,1616.39
2024-09-17,1615.3
2024-09-18,1614.27
2024-09-19,1611.76
2024-09-20,1608.25
2024-09-21,1606.02
2024-09-22,1604.98
2024-09-23,1602.88
2024-09-24,1600.13
2024-09-25,1597.91
2024-09-26,1595.91
2024-09-27,1593.9
2024-09-28,1591.38
2024-09-29,1590.6
2024-09-30,1589.6
2024-10-01,1587.24
2024-10-02,1585.87
2024-10-03,1584.75
2024-10-04,1584.19
2024-10-05,1583.9
2024-10-06,1583.75
2024-10-07,1584.15
2024-10-08,1585.44
2024-10-09,1586.52
2024-10-10,1587.36
2024-10-11,1588.27
2024-10-12,1588.8
2024-10-13,1589.69
2024-10-14,1591.36
2024-10-15,1592.27
2024-10-16,1592.29
2024-10-17,1592.35
2024-10-18,1592.28
2024-10-19,1591.96
2024-10-20,1592.0
2024-10-21,1592.82
2024-10-22,1592.9
2024-10-23,1593.43
2024-10-24,1594.15
2024-10-25,1595.75
2024-10-26,1597.45
2024-10-27,1598.18
2024-10-28,1599.57
2024-10-29,1600.38
2024-10-30,1601.02
2024-10-31,1601.58
2024-11-01,1605.74
2024-11-02,1607.55
2024-11-03,1608.57
2024-11-04,1610.41
2024-11-05,1612.75
2024-11-06,1615.96
2024-11-07,1618.77
2024-11-08,1621.59
2024-11-09,1624.42
2024-11-10,1625.43
2024-11-11,1627.94
2024-11-12,1629.52
2024-11-13,1630.95
2024-11-14,1631.71
2024-11-15,1632.4
2024-11-16,1632.44
2024-11-17,1632.54
2024-11-18,1633.54
2024-11-19,1633.97
2024-11-20,1634.5
2024-11-21,1635.03
2024-11-22,1635.78
2024-11-23,1636.06
2024-11-24,1636.51
2024-11-25,1637.7
2024-11-26,1638.57
2024-11-27,1639.05
2024-11-28,1639.5
2024-11-29,1640.0
2024-11-30,1640.07
2024-12-01,1640.39
2024-12-02,1641.41
2024-12-03,1641.84
2024-12-04,1642.55
2024-12-05,1643.23
2024-12-06,1644.11
2024-12-07,1644.43
2024-12-08,1644.51
2024-12-09,1645.36
2024-12-10,1646.21
2024-12-11,1646.87
2024-12-12,1647.92
2024-12-13,1648.96
2024-12-14,1649.5
2024-12-15,1650.18
2024-12-16,1651.81
2024-12-17,1653.23
2024-12-18,1654.68
2024-12-19,1656.12
2024-12-20,1657.79
2024-12-21,1658.73
2024-12-22,1659.43
2024-12-23,1660.93
2024-12-24,1662.5
2024-12-25,1663.56
2024-12-26,1664.74
2024-12-27,1666.46
2024-12-28,1667.32
2024-12-29,1667.92
2024-12-30,1669.37
2024-12-31,1670.65
2025-01-01,1672.68
2025-01-02,1674.44
2025-01-03,1676.64
2025-01-04,1679.07
2025-01-05,1680.56
2025-01-06,1683.43
2025-01-07,1686.97
2025-01-08,1689.66
2025-01-09,1692.8
2025-01-10,1695.07
2025-01-11,1697.11
2025-01-12,1698.93
2025-01-13,1702.29
2025-01-14,1705.76
2025-01-15,1709.76
2025-01-16,1713.63
2025-01-17,1717.37
2025-01-18,1720.01
2025-01-19,1721.33
2025-01-20,1724.1
2025-01-21,1726.61
2025-01-22,1728.88
2025-01-23,1730.09
2025-01-24,1731.15
2025-01-25,1731.96
2025-01-26,1732.12
2025-01-27,1733.26
2025-01-28,1733.48
2025-01-29,1733.36
2025-01-30,1733.32
2025-01-31,1733.41
2025-02-01,1733.2
2025-02-02,1733.05
2025-02-03,1733.33
2025-02-04,1733.2
2025-02-05,1732.99
2025-02-06,1732.74
2025-02-07,1732.48
2025-02-08,1731.79
2025-02-09,1731.66
2025-02-10,1731.75
2025-02-11,1730.97
2025-02-12,1730.42
2025-02-13,1729.75
2025-02-14,1729.18
2025-02-15,1728.28
2025-02-16,1727.69
2025-02-17,1727.83
2025-02-18,1727.07
2025-02-19,1726.26
2025-02-20,1725.47
2025-02-21,1724.89
2025-02-22,1723.75
2025-02-23,1723.89
2025-02-24,1723.64
2025-02-25,1723.03
2025-02-26,1722.06
2025-02-27,1720.98
2025-02-28,1719.92
2025-03-01,1718.21
2025-03-02,1717.82
2025-03-03,1717.6
2025-03-04,1716.53
2025-03-05,1714.8
2025-03-06,1712.37
2025-03-07,1709.75
2025-03-08,1706.36
2025-03-09,1705.81
2025-03-10,1704.26
2025-03-11,1700.14
2025-03-12,1696.42
2025-03-13,1692.86
2025-03-14,1689.68
2025-03-15,1687.05
2025-03-16,1685.99
2025-03-17,1684.07
2025-03-18,1681.64
2025-03-19,1679.27
2025-03-20,1677.14
2025-03-21,1675.1
2025-03-22,1673.09
2025-03-23,1672.41
2025-03-24,1671.57
2025-03-25,1669.69
2025-03-26,1668.2
2025-03-27,1667.12
2025-03-28,1666.43
2025-03-29,1664.95
2025-03-30,1665.07
2025-03-31,1665.28
2025-04-01,1665.07
2025-04-02,1665.01
2025-04-03,1665.1
2025-04-04,1664.71
2025-04-05,1663.17
2025-04-06,1662.54
2025-04-07,1661.51
2025-04-08,1659.1
2025-04-09,1656.28
2025-04-10,1653.64
2025-04-11,1651.13
2025-04-12,1648.82
2025-04-13,1648.63
2025-04-14,1647.33
2025-04-15,1644.91
2025-04-16,1642.49
2025-04-17,1640.54
2025-04-18,1639.14
2025-04-19,1637.35
2025-04-20,1636.95
2025-04-21,1636.42
2025-04-22,1635.36
2025-04-23,1634.67
2025-04-24,1634.38
2025-04-25,1634.24
2025-04-26,1633.68
2025-04-27,1633.5
2025-04-28,1634.54
2025-04-29,1634.95
2025-04-30,1635.54
2025-05-01,1638.8
2025-05-02,1639.53
2025-05-03,1639.64
2025-05-04,1639.91
2025-05-05,1640.51
2025-05-06,1639.8
2025-05-07,1639.72
2025-05-08,1638.94
2025-05-09,1638.54
2025-05-10,1637.29
2025-05-11,1637.44
2025-05-12,1637.71
2025-05-13,1637.39
2025-05-14,1637.25
2025-05-15,1637.12
2025-05-16,1636.77
2025-05-17,1636.0
2025-05-18,1635.9
2025-05-19,1636.37
2025-05-20,1636.05
2025-05-21,1635.66
2025-05-22,1635.18
2025-05-23,1634.89
2025-05-24,1634.01
2025-05-25,1633.65
2025-05-26,1634.18
2025-05-27,1633.65
2025-05-28,1632.96
2025-05-29,1632.28
2025-05-30,1631.85
2025-05-31,1630.74
2025-06-01,1630.23
2025-06-02,1630.25
2025-06-03,1629.85
2025-06-04,1629.55
2025-06-05,1629.0
2025-06-06,1628.48
2025-06-07,1627.69
2025-06-08,1627.9
2025-06-09,1628.28
2025-06-10,1627.88
2025-06-11,1627.26
2025-06-12,1626.99
2025-06-13,1627.71
2025-06-14,1629.29
2025-06-15,1630.27
2025-06-16,1632.78
2025-06-17,1635.27
2025-06-18,1637.67
2025-06-19,1641.41
2025-06-20,1645.9
2025-06-21,1650.32
2025-06-22,1652.79
2025-06-23,1660.21
2025-06-24,1666.9
2025-06-25,1667.89
2025-06-26,1668.11
2025-06-27,1668.19
2025-06-28,1667.95
2025-06-29,1668.02
2025-06-30,1668.48
2025-07-01,1668.24
2025-07-02,1667.99
2025-07-03,1667.77
2025-07-04,1667.74
2025-07-05,1667.3
2025-07-06,1667.04
2025-07-07,1667.79
2025-07-08,1667.6
2025-07-09,1667.54
2025-07-10,1667.51
2025-07-11,1667.57
2025-07-12,1667.33
2025-07-13,1667.43
2025-07-14,1668.15
2025-07-15,1668.08
2025-07-16,1667.86
2025-07-17,1667.81
2025-07-18,1667.67
2025-07-19,1667.18
2025-07-20,1667.14
2025-07-21,1667.64
2025-07-22,1667.56
2025-07-23,1667.35
2025-07-24,1667.32
2025-07-25,1667.31
2025-07-26,1666.65
2025-07-27,1667.08
2025-07-28,1667.67
2025-07-29,1667.64
2025-07-30,1667.82
2025-07-31,1668.1
2025-08-01,1668.62
2025-08-02,1668.99
2025-08-03,1669.38
2025-08-04,1670.16
2025-08-05,1670.1
2025-08-06,1669.91
2025-08-07,1669.76
2025-08-08,1669.5
2025-08-09,1668.88
2025-08-10,1668.55
2025-08-11,1669.02
2025-08-12,1668.32
2025-08-13,1667.7
2025-08-14,1667.2
2025-08-15,1666.64
2025-08-16,1666.19
2025-08-17,1665.98
2025-08-18,1666.08
2025-08-19,1665.28
2025-08-20,1664.39
2025-08-21,1663.69
2025-08-22,1663.08
2025-08-23,1662.25
2025-08-24,1661.88
2025-08-25,1662.47
2025-08-26,1662.4
2025-08-27,1662.05
2025-08-28,1661.79
2025-08-29,1661.42
2025-08-30,1660.8
2025-08-31,1660.71
2025-09-01,1660.72
2025-09-02,1660.34
2025-09-03,1660.08
2025-09-04,1659.93
2025-09-05,1659.72
2025-09-06,1659.32
2025-09-07,1659.41
2025-09-08,1659.74
2025-09-09,1659.82
2025-09-10,1659.79
2025-09-11,1659.76
2025-09-12,1659.49
2025-09-13,1658.8
2025-09-14,1659.11
2025-09-15,1659.51
2025-09-16,1659.3
2025-09-17,1659.54
2025-09-18,1659.8
2025-09-19,1659.95
2025-09-20,1659.68
2025-09-21,1659.77
2025-09-22,1660.18
2025-09-23,1660.12
2025-09-24,1660.03
2025-09-25,1660.12
2025-09-26,1660.22
2025-09-27,1659.76
2025-09-28,1660.2
2025-09-29,1660.93
2025-09-30,1661.37
2025-10-01,1661.68
2025-10-02,1662.0
2025-10-03,1662.4
2025-10-04,1662.4
2025-10-05,1662.58
2025-10-06,1663.28
2025-10-07,1663.37
2025-10-08,1663.45
2025-10-09,1663.1
2025-10-10,1663.38
2025-10-11,1662.63
2025-10-12,1662.87
2025-10-13,1663.16
2025-10-14,1662.89
2025-10-15,1662.38
2025-10-16,1662.05
2025-10-17,1661.56
2025-10-18,1661.11
2025-10-19,1661.05
2025-10-20,1661.18
2025-10-21,1661.05
2025-10-22,1660.94
2025-10-23,1661.01
2025-10-24,1661.59
2025-10-25,1662.05
2025-10-26,1662.96
2025-10-27,1664.9
2025-10-28,1666.52
2025-10-29,1667.88
2025-10-30,1670.02
2025-10-31,1672.4
2025-11-01,1678.12
2025-11-02,1680.06
2025-11-03,1682.65
2025-11-04,1685.68
2025-11-05,1688.53
2025-11-06,1690.91
2025-11-07,1693.22
2025-11-08,1695.3
2025-11-09,1696.81
2025-11-10,1699.81
2025-11-11,1703.62
2025-11-12,1707.5
2025-11-13,1711.81
2025-11-14,1716.12
2025-11-15,1720.14
2025-11-16,1722.33
2025-11-17,1726.01
2025-11-18,1730.27
2025-11-19,1733.53
2025-11-20,1736.46
2025-11-21,1739.39
2025-11-22,1741.62
2025-11-23,1742.4
2025-11-24,1744.46
2025-11-25,1745.68
2025-11-26,1746.13
2025-11-27,1746.39
2025-11-28,1746.51
2025-11-29,1746.52
2025-11-30,1746.49
2025-12-01,1746.84
2025-12-02,1746.74
2025-12-03,1746.78
2025-12-04,1746.76
2025-12-05,1746.7
2025-12-06,1746.35
2025-12-07,1746.35
2025-12-08,1746.7
2025-12-09,1746.25
2025-12-10,1745.76
2025-12-11,1745.15
2025-12-12,1744.43
2025-12-13,1743.19
2025-12-14,1743.36
2025-12-15,1742.98
2025-12-16,1742.06
2025-12-17,1740.81
2025-12-18,1739.67
2025-12-19,1738.6
2025-12-20,1737.49
2025-12-21,1736.74
2025-12-22,1736.48
2025-12-23,1735.34
2025-12-24,1734.37
2025-12-25,1733.49
2025-12-26,1733.05
2025-12-27,1732.18
2025-12-28,1731.86
2025-12-29,1731.05
2025-12-30,1729.9
2025-12-31,1728.82
2026-01-01,1727.62
2026-01-02,1726.61
2026-01-03,1725.26
2026-01-04,1724.7
2026-01-05,1723.51
2026-01-06,1721.21
2026-01-07,1718.51
2026-01-08,1715.74
2026-01-09,1713.11
2026-01-10,1710.98
2026-01-11,1710.16
2026-01-12,1708.3
2026-01-13,1705.99
2026-01-14,1704.2
2026-01-15,1702.63
2026-01-16,1701.14
2026-01-17,1699.39
2026-01-18,1698.66
2026-01-19,1697.69
2026-01-20,1696.2
2026-01-21,1694.81
2026-01-22,1693.81
2026-01-23,1692.91
2026-01-24,1692.03
2026-01-25,1691.81
2026-01-26,1691.46
2026-01-27,1690.64
2026-01-28,1689.83
2026-01-29,1689.26
2026-01-30,1688.93
2026-01-31,1688.6
2026-02-01,1688.43
2026-02-02,1688.53
2026-02-03,1688.07
2026-02-04,1687.54
2026-02-05,1687.15
2026-02-06,1686.86
2026-02-07,1686.3
2026-02-08,1686.05
2026-02-09,1686.21
2026-02-10,1686.05
2026-02-11,1686.24
2026-02-12,1686.62
2026-02-13,1687.33
2026-02-14,1687.62
2026-02-15,1687.97
2026-02-16,1688.27
2026-02-17,1688.43
2026-02-18,1688.35
2026-02-19,1688.27
2026-02-20,1688.99
2026-02-21,1689.69
2026-02-22,1690.12
2026-02-23,1690.94
2026-02-24,1691.4
2026-02-25,1691.74
2026-02-26,1692.08
2026-02-27,1692.58
2026-02-28,1692.89
2026-03-01,1695.89
2026-03-02,1702.07
2026-03-03,1723.04
2026-03-04,1777.48
2026-03-05,1834.28
2026-03-06,1871.82
2026-03-07,1889.4
2026-03-08,1895.32
2026-03-09,1902.67
2026-03-10,1906.95
2026-03-11,1904.28
2026-03-12,1898.78
2026-03-13,1864.07
2026-03-14,1845.31
2026-03-15,1840.09
2026-03-16,1832.7
2026-03-17,1827.5
2026-03-18,1824.35
2026-03-19,1822.05
2026-03-20,1820.38
2026-03-21,1819.83
2026-03-22,1819.66
2026-03-23,1819.26
2026-03-24,1818.92
2026-03-25,1818.94
2026-03-26,1819.35
2026-03-27,1838.79
2026-03-28,1855.86
2026-03-29,1864.76
2026-03-30,1881.09
2026-03-31,1894.96
2026-04-01,1909.78
2026-04-02,1921.28
2026-04-03,1931.84
2026-04-04,1942.44
2026-04-05,1948.4
2026-04-06,1958.37
2026-04-07,1968.38
2026-04-08,1977.77
2026-04-09,1984.96
2026-04-10,1988.93
2026-04-11,1991.54
2026-04-12,1992.69
2026-04-13,1994.92
2026-04-14,1996.72
2026-04-15,1998.06
2026-04-16,1999.06
2026-04-17,1999.9
2026-04-18,2001.51
2026-04-19,2001.93
2026-04-20,2002.84
2026-04-21,2003.81
2026-04-22,2004.76
2026-04-23,2005.76
2026-04-24,2006.47
2026-04-25,2007.37
2026-04-26,2007.65
2026-04-27,2008.26
2026-04-28,2008.65
2026-04-29,2009.02
2026-04-30,2009.45
2026-05-01,2010.03
2026-05-02,2010.42
2026-05-03,2010.64
2026-05-04,2011.04
2026-05-05,2011.29
2026-05-06,2011.42
2026-05-07,2011.7
2026-05-08,2011.71
2026-05-09,2011.76
2026-05-10,2011.9
2026-05-11,2011.9
2026-05-12,2011.85
2026-05-13,2011.61
2026-05-14,2011.52
2026-05-15,2011.44
2026-05-16,2011.32
2026-05-17,2011.38
2026-05-18,2011.4
2026-05-19,2011.31
2026-05-20,2011.37
2026-05-21,2011.19
2026-05-22,2011.19
2026-05-23,2011.15
2026-05-24,2011.21
