date,lpg_price_krw
2008-12-23,1053.94
2008-12-24,1053.69
2008-12-25,1054.03
2008-12-26,1054.02
2008-12-27,1054.07
2008-12-28,1054.04
2008-12-29,1054.06
2008-12-30,1053.45
2008-12-31,1054.05
2009-01-01,868.44
2009-01-02,850.44
2009-01-03,850.38
2009-01-04,850.64
2009-01-05,850.27
2009-01-06,850.21
2009-01-07,850.16
2009-01-08,850.02
2009-01-09,850.01
2009-01-10,850.08
2009-01-11,850.36
2009-01-12,850.1
2009-01-13,849.86
2009-01-14,850.26
2009-01-15,850.22
2009-01-16,850.01
2009-01-17,849.39
2009-01-18,848.96
2009-01-19,849.03
2009-01-20,849.05
2009-01-21,849.11
2009-01-22,848.92
2009-01-23,849.25
2009-01-24,852.86
2009-01-25,848.94
2009-01-26,848.83
2009-01-27,848.89
2009-01-28,849.09
2009-01-29,848.82
2009-01-30,848.65
2009-01-31,848.78
2009-02-01,848.82
2009-02-02,848.83
2009-02-03,848.63
2009-02-04,848.87
2009-02-05,848.95
2009-02-06,848.82
2009-02-07,848.68
2009-02-08,848.82
2009-02-09,848.71
2009-02-10,848.33
2009-02-11,848.81
2009-02-12,848.64
2009-02-13,848.47
2009-02-14,848.62
2009-02-15,848.69
2009-02-16,848.48
2009-02-17,848.47
2009-02-18,848.49
2009-02-19,848.3
2009-02-20,848.62
2009-02-21,848.5
2009-02-22,848.45
2009-02-23,848.66
2009-02-24,848.5
2009-02-25,848.43
2009-02-26,848.64
2009-02-27,848.46
2009-02-28,849.7
2009-03-01,890.61
2009-03-02,893.22
2009-03-03,894.72
2009-03-04,894.9
2009-03-05,894.96
2009-03-06,894.95
2009-03-07,895.07
2009-03-08,895.2
2009-03-09,895.09
2009-03-10,895.09
2009-03-11,894.93
2009-03-12,895.15
2009-03-13,895.1
2009-03-14,895.06
2009-03-15,895.29
2009-03-16,895.38
2009-03-17,895.08
2009-03-18,895.19
2009-03-19,895.24
2009-03-20,895.18
2009-03-21,895.29
2009-03-22,889.3
2009-03-23,895.44
2009-03-24,894.99
2009-03-25,895.1
2009-03-26,895.05
2009-03-27,894.89
2009-03-28,895.05
2009-03-29,895.18
2009-03-30,895.17
2009-03-31,894.94
2009-04-01,894.79
2009-04-02,894.87
2009-04-03,895.04
2009-04-04,894.83
2009-04-05,894.87
2009-04-06,894.9
2009-04-07,894.97
2009-04-08,894.79
2009-04-09,895.05
2009-04-10,894.81
2009-04-11,894.9
2009-04-12,895.13
2009-04-13,895.13
2009-04-14,894.95
2009-04-15,894.81
2009-04-16,896.04
2009-04-17,895.93
2009-04-18,896.29
2009-04-19,896.21
2009-04-20,896.61
2009-04-21,896.23
2009-04-22,896.14
2009-04-23,896.01
2009-04-24,896.22
2009-04-25,896.18
2009-04-26,896.37
2009-04-27,891.04
2009-04-28,896.07
2009-04-29,896.21
2009-04-30,896.25
2009-05-01,813.91
2009-05-02,811.13
2009-05-03,810.45
2009-05-04,810.0
2009-05-05,810.62
2009-05-06,801.29
2009-05-07,800.88
2009-05-08,800.83
2009-05-09,800.99
2009-05-10,800.77
2009-05-11,800.14
2009-05-12,800.29
2009-05-13,800.11
2009-05-14,799.83
2009-05-15,800.04
2009-05-16,799.95
2009-05-17,799.78
2009-05-18,800.23
2009-05-19,799.69
2009-05-20,800.03
2009-05-21,799.91
2009-05-22,799.96
2009-05-23,800.18
2009-05-24,799.88
2009-05-25,799.61
2009-05-26,799.9
2009-05-27,799.84
2009-05-28,800.26
2009-05-29,799.81
2009-05-30,799.77
2009-05-31,797.54
2009-06-01,757.4
2009-06-02,756.23
2009-06-03,756.66
2009-06-04,756.4
2009-06-05,756.25
2009-06-06,754.49
2009-06-07,754.36
2009-06-08,754.48
2009-06-09,754.46
2009-06-10,754.03
2009-06-11,754.11
2009-06-12,753.79
2009-06-13,753.1
2009-06-14,753.41
2009-06-15,754.21
2009-06-16,753.83
2009-06-17,753.85
2009-06-18,754.01
2009-06-19,754.05
2009-06-20,754.01
2009-06-21,753.82
2009-06-22,754.04
2009-06-23,754.39
2009-06-24,753.9
2009-06-25,753.88
2009-06-26,753.77
2009-06-27,753.62
2009-06-28,753.56
2009-06-29,753.71
2009-06-30,753.89
2009-07-01,753.37
2009-07-02,754.24
2009-07-03,753.88
2009-07-04,753.62
2009-07-05,754.3
2009-07-06,753.74
2009-07-07,754.08
2009-07-08,754.44
2009-07-09,754.31
2009-07-10,754.12
2009-07-11,754.21
2009-07-12,754.02
2009-07-13,753.83
2009-07-14,754.02
2009-07-15,753.83
2009-07-16,754.12
2009-07-17,753.9
2009-07-18,754.0
2009-07-19,754.04
2009-07-20,754.1
2009-07-21,754.18
2009-07-22,754.14
2009-07-23,753.86
2009-07-24,753.86
2009-07-25,753.75
2009-07-26,753.95
2009-07-27,753.98
2009-07-28,754.09
2009-07-29,754.25
2009-07-30,753.97
2009-07-31,754.99
2009-08-01,802.87
2009-08-02,803.84
2009-08-03,803.08
2009-08-04,803.39
2009-08-05,803.68
2009-08-06,803.8
2009-08-07,803.39
2009-08-08,803.85
2009-08-09,803.67
2009-08-10,803.26
2009-08-11,803.82
2009-08-12,803.9
2009-08-13,804.48
2009-08-14,804.33
2009-08-15,804.25
2009-08-16,804.16
2009-08-17,804.26
2009-08-18,804.1
2009-08-19,804.19
2009-08-20,804.28
2009-08-21,804.03
2009-08-22,804.36
2009-08-23,804.29
2009-08-24,804.38
2009-08-25,804.31
2009-08-26,804.33
2009-08-27,803.62
2009-08-28,803.42
2009-08-29,804.21
2009-08-30,804.02
2009-08-31,804.34
2009-09-01,804.17
2009-09-02,804.37
2009-09-03,804.45
2009-09-04,804.35
2009-09-05,804.21
2009-09-06,804.25
2009-09-07,804.43
2009-09-08,804.74
2009-09-09,804.22
2009-09-10,804.29
2009-09-11,804.34
2009-09-12,804.1
2009-09-13,804.19
2009-09-14,804.41
2009-09-15,804.39
2009-09-16,804.42
2009-09-17,804.38
2009-09-18,804.26
2009-09-19,804.48
2009-09-20,804.57
2009-09-21,804.45
2009-09-22,804.17
2009-09-23,804.1
2009-09-24,804.07
2009-09-25,804.05
2009-09-26,804.25
2009-09-27,804.14
2009-09-28,804.01
2009-09-29,804.12
2009-09-30,804.1
2009-10-01,804.0
2009-10-02,803.92
2009-10-03,803.63
2009-10-04,804.0
2009-10-05,803.8
2009-10-06,804.22
2009-10-07,804.06
2009-10-08,803.94
2009-10-09,803.96
2009-10-10,803.96
2009-10-11,803.85
2009-10-12,804.07
2009-10-13,804.0
2009-10-14,796.51
2009-10-15,803.86
2009-10-16,803.97
2009-10-17,804.01
2009-10-18,803.97
2009-10-19,803.95
2009-10-20,803.87
2009-10-21,803.99
2009-10-22,804.08
2009-10-23,804.02
2009-10-24,804.03
2009-10-25,803.97
2009-10-26,804.13
2009-10-27,803.94
2009-10-28,804.0
2009-10-29,804.24
2009-10-30,803.87
2009-10-31,805.74
2009-11-01,855.36
2009-11-02,855.32
2009-11-03,856.36
2009-11-04,856.53
2009-11-05,856.31
2009-11-06,856.64
2009-11-07,856.55
2009-11-08,856.65
2009-11-09,856.67
2009-11-10,856.59
2009-11-11,856.75
2009-11-12,856.81
2009-11-13,856.54
2009-11-14,856.61
2009-11-15,856.53
2009-11-16,856.51
2009-11-17,856.66
2009-11-18,856.75
2009-11-19,856.6
2009-11-20,856.68
2009-11-21,856.57
2009-11-22,856.49
2009-11-23,856.53
2009-11-24,856.55
2009-11-25,856.56
2009-11-26,856.53
2009-11-27,856.58
2009-11-28,856.57
2009-11-29,856.47
2009-11-30,857.73
2009-12-01,900.61
2009-12-02,901.48
2009-12-03,901.89
2009-12-04,901.86
2009-12-05,901.87
2009-12-06,901.63
2009-12-07,901.77
2009-12-08,902.4
2009-12-09,901.79
2009-12-10,901.52
2009-12-11,901.75
2009-12-12,901.58
2009-12-13,901.66
2009-12-14,901.62
2009-12-15,901.72
2009-12-16,901.62
2009-12-17,901.79
2009-12-18,901.85
2009-12-19,901.78
2009-12-20,901.77
2009-12-21,901.49
2009-12-22,901.47
2009-12-23,901.79
2009-12-24,901.64
2009-12-25,901.93
2009-12-26,901.8
2009-12-27,901.53
2009-12-28,901.77
2009-12-29,902.08
2009-12-30,902.02
2009-12-31,903.3
2010-01-01,955.17
2010-01-02,955.43
2010-01-03,956.07
2010-01-04,955.86
2010-01-05,956.31
2010-01-06,956.58
2010-01-07,956.1
2010-01-08,956.19
2010-01-09,956.65
2010-01-10,956.7
2010-01-11,956.53
2010-01-12,956.75
2010-01-13,956.64
2010-01-14,956.83
2010-01-15,957.14
2010-01-16,957.05
2010-01-17,957.01
2010-01-18,957.29
2010-01-19,957.12
2010-01-20,956.97
2010-01-21,957.11
2010-01-22,956.9
2010-01-23,957.24
2010-01-24,956.98
2010-01-25,954.36
2010-01-26,957.2
2010-01-27,956.95
2010-01-28,957.2
2010-01-29,956.81
2010-01-30,957.08
2010-01-31,956.7
2010-02-01,952.17
2010-02-02,952.16
2010-02-03,952.32
2010-02-04,952.31
2010-02-05,952.14
2010-02-06,951.89
2010-02-07,952.39
2010-02-08,952.28
2010-02-09,952.27
2010-02-10,952.23
2010-02-11,952.27
2010-02-12,952.22
2010-02-13,952.0
2010-02-14,952.16
2010-02-15,952.24
2010-02-16,952.09
2010-02-17,951.95
2010-02-18,952.27
2010-02-19,952.03
2010-02-20,951.91
2010-02-21,952.17
2010-02-22,951.9
2010-02-23,952.01
2010-02-24,951.63
2010-02-25,952.12
2010-02-26,952.21
2010-02-27,951.91
2010-02-28,952.85
2010-03-01,984.99
2010-03-02,986.12
2010-03-03,986.59
2010-03-04,986.39
2010-03-05,986.29
2010-03-06,986.08
2010-03-07,986.14
2010-03-08,986.38
2010-03-09,986.17
2010-03-10,986.34
2010-03-11,986.47
2010-03-12,986.25
2010-03-13,986.43
2010-03-14,986.39
2010-03-15,986.35
2010-03-16,986.36
2010-03-17,986.29
2010-03-18,986.63
2010-03-19,986.49
2010-03-20,986.49
2010-03-21,986.3
2010-03-22,986.38
2010-03-23,986.28
2010-03-24,986.28
2010-03-25,986.52
2010-03-26,986.48
2010-03-27,986.58
2010-03-28,986.51
2010-03-29,986.74
2010-03-30,986.75
2010-03-31,985.54
2010-04-01,966.66
2010-04-02,966.48
2010-04-03,966.32
2010-04-04,966.47
2010-04-05,966.3
2010-04-06,966.4
2010-04-07,966.55
2010-04-08,966.31
2010-04-09,966.47
2010-04-10,966.51
2010-04-11,966.4
2010-04-12,966.33
2010-04-13,966.47
2010-04-14,966.52
2010-04-15,966.31
2010-04-16,966.47
2010-04-17,966.48
2010-04-18,966.23
2010-04-19,966.21
2010-04-20,966.47
2010-04-21,966.36
2010-04-22,966.5
2010-04-23,966.45
2010-04-24,966.3
2010-04-25,966.32
2010-04-26,966.33
2010-04-27,966.47
2010-04-28,966.49
2010-04-29,966.3
2010-04-30,965.37
2010-05-01,953.58
2010-05-02,953.8
2010-05-03,953.67
2010-05-04,953.93
2010-05-05,953.89
2010-05-06,953.74
2010-05-07,953.85
2010-05-08,953.86
2010-05-09,953.76
2010-05-10,953.94
2010-05-11,953.94
2010-05-12,953.9
2010-05-13,953.89
2010-05-14,953.69
2010-05-15,953.9
2010-05-16,953.71
2010-05-17,953.95
2010-05-18,953.75
2010-05-19,953.17
2010-05-20,953.02
2010-05-21,953.09
2010-05-22,953.11
2010-05-23,953.06
2010-05-24,952.88
2010-05-25,953.03
2010-05-26,953.05
2010-05-27,953.19
2010-05-28,953.06
2010-05-29,953.0
2010-05-30,952.98
2010-05-31,952.96
2010-06-01,953.07
2010-06-02,953.22
2010-06-03,953.02
2010-06-04,953.31
2010-06-05,953.23
2010-06-06,953.0
2010-06-07,953.24
2010-06-08,953.19
2010-06-09,953.18
2010-06-10,953.11
2010-06-11,953.13
2010-06-12,953.11
2010-06-13,952.89
2010-06-14,953.06
2010-06-15,953.07
2010-06-16,953.07
2010-06-17,953.02
2010-06-18,952.97
2010-06-19,953.06
2010-06-20,952.95
2010-06-21,953.07
2010-06-22,953.02
2010-06-23,953.01
2010-06-24,952.89
2010-06-25,952.81
2010-06-26,952.72
2010-06-27,952.69
2010-06-28,952.7
2010-06-29,952.73
2010-06-30,953.71
2010-07-01,975.27
2010-07-02,977.33
2010-07-03,977.21
2010-07-04,977.3
2010-07-05,977.47
2010-07-06,977.26
2010-07-07,977.5
2010-07-08,977.41
2010-07-09,977.62
2010-07-10,977.75
2010-07-11,977.45
2010-07-12,977.61
2010-07-13,977.57
2010-07-14,977.54
2010-07-15,977.6
2010-07-16,977.5
2010-07-17,977.43
2010-07-18,977.41
2010-07-19,977.5
2010-07-20,977.45
2010-07-21,977.6
2010-07-22,977.62
2010-07-23,977.49
2010-07-24,977.52
2010-07-25,977.5
2010-07-26,977.58
2010-07-27,977.58
2010-07-28,977.57
2010-07-29,977.53
2010-07-30,977.61
2010-07-31,976.18
2010-08-01,946.5
2010-08-02,944.66
2010-08-03,943.89
2010-08-04,943.06
2010-08-05,941.19
2010-08-06,941.06
2010-08-07,941.01
2010-08-08,941.03
2010-08-09,941.17
2010-08-10,940.88
2010-08-11,940.83
2010-08-12,940.97
2010-08-13,940.99
2010-08-14,940.93
2010-08-15,940.81
2010-08-16,940.92
2010-08-17,941.11
2010-08-18,940.88
2010-08-19,940.95
2010-08-20,940.92
2010-08-21,940.83
2010-08-22,940.75
2010-08-23,940.73
2010-08-24,940.81
2010-08-25,940.9
2010-08-26,940.89
2010-08-27,940.95
2010-08-28,940.79
2010-08-29,940.72
2010-08-30,940.81
2010-08-31,938.9
2010-09-01,904.52
2010-09-02,902.92
2010-09-03,901.99
2010-09-04,901.43
2010-09-05,901.35
2010-09-06,901.03
2010-09-07,900.69
2010-09-08,900.71
2010-09-09,900.96
2010-09-10,900.83
2010-09-11,900.67
2010-09-12,900.94
2010-09-13,900.69
2010-09-14,900.66
2010-09-15,900.68
2010-09-16,900.62
2010-09-17,900.89
2010-09-18,900.51
2010-09-19,900.43
2010-09-20,900.55
2010-09-21,900.64
2010-09-22,900.58
2010-09-23,900.52
2010-09-24,900.53
2010-09-25,900.47
2010-09-26,900.36
2010-09-27,900.45
2010-09-28,900.46
2010-09-29,900.51
2010-09-30,901.72
2010-10-01,935.74
2010-10-02,935.97
2010-10-03,936.18
2010-10-04,937.63
2010-10-05,937.67
2010-10-06,937.87
2010-10-07,937.85
2010-10-08,937.76
2010-10-09,937.93
2010-10-10,937.75
2010-10-11,937.92
2010-10-12,937.77
2010-10-13,937.76
2010-10-14,937.8
2010-10-15,937.51
2010-10-16,937.54
2010-10-17,937.43
2010-10-18,937.58
2010-10-19,937.49
2010-10-20,937.54
2010-10-21,937.59
2010-10-22,937.57
2010-10-23,937.51
2010-10-24,937.52
2010-10-25,937.57
2010-10-26,937.55
2010-10-27,937.55
2010-10-28,937.57
2010-10-29,937.53
2010-10-30,937.6
2010-10-31,937.14
2010-11-01,931.84
2010-11-02,931.63
2010-11-03,931.52
2010-11-04,931.46
2010-11-05,931.42
2010-11-06,931.34
2010-11-07,931.34
2010-11-08,931.42
2010-11-09,931.3
2010-11-10,931.26
2010-11-11,931.29
2010-11-12,931.36
2010-11-13,931.31
2010-11-14,931.22
2010-11-15,931.23
2010-11-16,931.19
2010-11-17,931.38
2010-11-18,931.35
2010-11-19,931.21
2010-11-20,931.32
2010-11-21,931.31
2010-11-22,931.24
2010-11-23,931.27
2010-11-24,931.32
2010-11-25,931.34
2010-11-26,931.24
2010-11-27,931.29
2010-11-28,931.22
2010-11-29,931.28
2010-11-30,931.51
2010-12-01,934.44
2010-12-02,970.31
2010-12-03,971.75
2010-12-04,971.55
2010-12-05,971.81
2010-12-06,972.11
2010-12-07,972.37
2010-12-08,973.8
2010-12-09,973.69
2010-12-10,973.89
2010-12-11,973.92
2010-12-12,973.91
2010-12-13,973.96
2010-12-14,973.85
2010-12-15,973.96
2010-12-16,974.03
2010-12-17,974.02
2010-12-18,973.9
2010-12-19,973.71
2010-12-20,973.74
2010-12-21,973.78
2010-12-22,973.74
2010-12-23,974.0
2010-12-24,974.08
2010-12-25,974.01
2010-12-26,974.02
2010-12-27,974.2
2010-12-28,974.11
2010-12-29,974.08
2010-12-30,974.11
2010-12-31,975.38
2011-01-01,1058.89
2011-01-02,1067.92
2011-01-03,1068.03
2011-01-04,1067.68
2011-01-05,1067.93
2011-01-06,1068.23
2011-01-07,1068.29
2011-01-08,1068.07
2011-01-09,1067.98
2011-01-10,1068.07
2011-01-11,1068.09
2011-01-12,1068.18
2011-01-13,1068.45
2011-01-14,1068.52
2011-01-15,1068.4
2011-01-16,1068.28
2011-01-17,1068.65
2011-01-18,1068.51
2011-01-19,1068.37
2011-01-20,1068.6
2011-01-21,1068.48
2011-01-22,1068.81
2011-01-23,1068.62
2011-01-24,1068.83
2011-01-25,1068.73
2011-01-26,1068.18
2011-01-27,1068.78
2011-01-28,1068.64
2011-01-29,1068.54
2011-01-30,1068.36
2011-01-31,1068.47
2011-02-01,1068.44
2011-02-02,1068.48
2011-02-03,1068.51
2011-02-04,1068.48
2011-02-05,1068.39
2011-02-06,1068.58
2011-02-07,1068.55
2011-02-08,1068.41
2011-02-09,1068.75
2011-02-10,1068.67
2011-02-11,1068.96
2011-02-12,1069.04
2011-02-13,1068.9
2011-02-14,1068.88
2011-02-15,1068.67
2011-02-16,1068.87
2011-02-17,1068.88
2011-02-18,1069.11
2011-02-19,1069.06
2011-02-20,1068.74
2011-02-21,1068.95
2011-02-22,1068.91
2011-02-23,1069.05
2011-02-24,1069.12
2011-02-25,1069.05
2011-02-26,1068.97
2011-02-27,1069.02
2011-02-28,1069.16
2011-03-01,1069.18
2011-03-02,1069.2
2011-03-03,1068.75
2011-03-04,1068.86
2011-03-05,1068.91
2011-03-06,1068.7
2011-03-07,1068.62
2011-03-08,1068.76
2011-03-09,1069.16
2011-03-10,1068.89
2011-03-11,1069.08
2011-03-12,1068.71
2011-03-13,1068.52
2011-03-14,1068.91
2011-03-15,1068.87
2011-03-16,1068.89
2011-03-17,1068.88
2011-03-18,1069.02
2011-03-19,1068.83
2011-03-20,1068.87
2011-03-21,1069.01
2011-03-22,1068.86
2011-03-23,1068.72
2011-03-24,1069.02
2011-03-25,1068.85
2011-03-26,1068.74
2011-03-27,1068.8
2011-03-28,1068.94
2011-03-29,1068.81
2011-03-30,1068.89
2011-03-31,1068.98
2011-04-01,1068.81
2011-04-02,1068.69
2011-04-03,1068.5
2011-04-04,1068.67
2011-04-05,1068.4
2011-04-06,1068.5
2011-04-07,1068.53
2011-04-08,1068.45
2011-04-09,1068.3
2011-04-10,1068.16
2011-04-11,1068.56
2011-04-12,1068.31
2011-04-13,1067.97
2011-04-14,1068.37
2011-04-15,1068.27
2011-04-16,1068.21
2011-04-17,1068.05
2011-04-18,1068.05
2011-04-19,1068.23
2011-04-20,1068.0
2011-04-21,1068.25
2011-04-22,1068.56
2011-04-23,1067.87
2011-04-24,1068.19
2011-04-25,1068.29
2011-04-26,1068.2
2011-04-27,1068.21
2011-04-28,1068.3
2011-04-29,1068.16
2011-04-30,1068.94
2011-05-01,1071.53
2011-05-02,1068.63
2011-05-03,1068.42
2011-05-04,1068.4
2011-05-05,1068.3
2011-05-06,1068.21
2011-05-07,1068.17
2011-05-08,1068.0
2011-05-09,1067.84
2011-05-10,1067.96
2011-05-11,1067.94
2011-05-12,1067.75
2011-05-13,1067.8
2011-05-14,1067.97
2011-05-15,1067.7
2011-05-16,1067.73
2011-05-17,1067.63
2011-05-18,1067.83
2011-05-19,1067.71
2011-05-20,1067.38
2011-05-21,1067.52
2011-05-22,1067.46
2011-05-23,1067.46
2011-05-24,1067.73
2011-05-25,1067.83
2011-05-26,1067.62
2011-05-27,1067.7
2011-05-28,1067.71
2011-05-29,1067.63
2011-05-30,1067.69
2011-05-31,1069.7
2011-06-01,1117.12
2011-06-02,1118.64
2011-06-03,1118.64
2011-06-04,1118.92
2011-06-05,1118.81
2011-06-06,1119.14
2011-06-07,1119.5
2011-06-08,1119.63
2011-06-09,1120.35
2011-06-10,1121.75
2011-06-11,1121.57
2011-06-12,1121.45
2011-06-13,1121.7
2011-06-14,1121.8
2011-06-15,1121.85
2011-06-16,1121.58
2011-06-17,1121.84
2011-06-18,1121.92
2011-06-19,1121.93
2011-06-20,1121.96
2011-06-21,1121.87
2011-06-22,1121.85
2011-06-23,1121.5
2011-06-24,1121.96
2011-06-25,1121.63
2011-06-26,1121.65
2011-06-27,1121.88
2011-06-28,1121.63
2011-06-29,1121.95
2011-06-30,1121.09
2011-07-01,1103.45
2011-07-02,1101.58
2011-07-03,1101.33
2011-07-04,1101.12
2011-07-05,1100.86
2011-07-06,1100.44
2011-07-07,1100.56
2011-07-08,1100.39
2011-07-09,1100.2
2011-07-10,1100.28
2011-07-11,1099.57
2011-07-12,1099.41
2011-07-13,1099.67
2011-07-14,1099.68
2011-07-15,1099.47
2011-07-16,1099.56
2011-07-17,1099.76
2011-07-18,1099.65
2011-07-19,1099.56
2011-07-20,1099.59
2011-07-21,1099.74
2011-07-22,1099.26
2011-07-23,1099.34
2011-07-24,1099.33
2011-07-25,1099.25
2011-07-26,1099.31
2011-07-27,1099.33
2011-07-28,1099.19
2011-07-29,1099.4
2011-07-30,1099.2
2011-07-31,1098.63
2011-08-01,1083.8
2011-08-02,1083.02
2011-08-03,1082.47
2011-08-04,1082.38
2011-08-05,1082.17
2011-08-06,1081.95
2011-08-07,1081.99
2011-08-08,1081.46
2011-08-09,1081.11
2011-08-10,1081.2
2011-08-11,1081.34
2011-08-12,1081.23
2011-08-13,1081.16
2011-08-14,1081.38
2011-08-15,1081.34
2011-08-16,1081.39
2011-08-17,1081.3
2011-08-18,1081.23
2011-08-19,1081.4
2011-08-20,1081.29
2011-08-21,1081.31
2011-08-22,1081.18
2011-08-23,1081.11
2011-08-24,1081.21
2011-08-25,1081.07
2011-08-26,1081.2
2011-08-27,1081.13
2011-08-28,1081.08
2011-08-29,1081.16
2011-08-30,1080.97
2011-08-31,1081.22
2011-09-01,1081.27
2011-09-02,1080.94
2011-09-03,1081.09
2011-09-04,1080.82
2011-09-05,1080.84
2011-09-06,1080.96
2011-09-07,1081.0
2011-09-08,1081.04
2011-09-09,1080.99
2011-09-10,1080.86
2011-09-11,1080.94
2011-09-12,1081.06
2011-09-13,1081.08
2011-09-14,1080.96
2011-09-15,1081.09
2011-09-16,1081.01
2011-09-17,1080.9
2011-09-18,1081.16
2011-09-19,1081.17
2011-09-20,1081.22
2011-09-21,1081.07
2011-09-22,1081.07
2011-09-23,1081.34
2011-09-24,1081.14
2011-09-25,1081.15
2011-09-26,1081.19
2011-09-27,1081.06
2011-09-28,1081.09
2011-09-29,1081.03
2011-09-30,1080.96
2011-10-01,1080.91
2011-10-02,1081.02
2011-10-03,1080.91
2011-10-04,1081.0
2011-10-05,1080.91
2011-10-06,1080.85
2011-10-07,1080.92
2011-10-08,1080.92
2011-10-09,1080.94
2011-10-10,1080.93
2011-10-11,1080.86
2011-10-12,1080.82
2011-10-13,1080.92
2011-10-14,1080.73
2011-10-15,1080.81
2011-10-16,1080.74
2011-10-17,1080.65
2011-10-18,1080.8
2011-10-19,1080.86
2011-10-20,1080.75
2011-10-21,1080.53
2011-10-22,1080.59
2011-10-23,1080.6
2011-10-24,1080.88
2011-10-25,1080.74
2011-10-26,1080.82
2011-10-27,1080.79
2011-10-28,1080.87
2011-10-29,1080.76
2011-10-30,1080.69
2011-10-31,1080.68
2011-11-01,1063.92
2011-11-02,1061.41
2011-11-03,1060.97
2011-11-04,1060.41
2011-11-05,1060.36
2011-11-06,1060.23
2011-11-07,1060.23
2011-11-08,1059.74
2011-11-09,1059.17
2011-11-10,1059.03
2011-11-11,1059.14
2011-11-12,1059.07
2011-11-13,1058.9
2011-11-14,1058.9
2011-11-15,1058.9
2011-11-16,1058.72
2011-11-17,1058.77
2011-11-18,1058.79
2011-11-19,1058.78
2011-11-20,1058.7
2011-11-21,1058.68
2011-11-22,1058.69
2011-11-23,1061.09
2011-11-24,1063.45
2011-11-25,1065.44
2011-11-26,1058.78
2011-11-27,1058.77
2011-11-28,1058.79
2011-11-29,1058.88
2011-11-30,1055.96
2011-12-01,1054.27
2011-12-02,1053.86
2011-12-03,1053.72
2011-12-04,1053.58
2011-12-05,1053.14
2011-12-06,1053.19
2011-12-07,1053.05
2011-12-08,1052.9
2011-12-09,1052.76
2011-12-10,1052.58
2011-12-11,1052.44
2011-12-12,1052.31
2011-12-13,1052.34
2011-12-14,1052.44
2011-12-15,1052.27
2011-12-16,1052.18
2011-12-17,1052.06
2011-12-18,1052.02
2011-12-19,1051.99
2011-12-20,1051.93
2011-12-21,1051.9
2011-12-22,1051.87
2011-12-23,1051.83
2011-12-24,1051.75
2011-12-25,1051.78
2011-12-26,1051.8
2011-12-27,1051.85
2011-12-28,1051.75
2011-12-29,1051.84
2011-12-30,1051.73
2011-12-31,1051.78
2012-01-01,1051.76
2012-01-02,1051.75
2012-01-03,1051.61
2012-01-04,1051.56
2012-01-05,1051.49
2012-01-06,1051.34
2012-01-07,1051.37
2012-01-08,1051.37
2012-01-09,1051.23
2012-01-10,1051.37
2012-01-11,1051.26
2012-01-12,1051.52
2012-01-13,1051.61
2012-01-14,1051.58
2012-01-15,1051.49
2012-01-16,1051.47
2012-01-17,1051.53
2012-01-18,1051.36
2012-01-19,1051.4
2012-01-20,1051.44
2012-01-21,1051.44
2012-01-22,1051.28
2012-01-23,1051.43
2012-01-24,1051.4
2012-01-25,1051.32
2012-01-26,1051.35
2012-01-27,1051.44
2012-01-28,1051.28
2012-01-29,1051.34
2012-01-30,1051.47
2012-01-31,1051.39
2012-02-01,1097.53
2012-02-02,1099.21
2012-02-03,1099.69
2012-02-04,1100.12
2012-02-05,1100.16
2012-02-06,1100.94
2012-02-07,1101.04
2012-02-08,1101.21
2012-02-09,1101.4
2012-02-10,1101.56
2012-02-11,1101.6
2012-02-12,1101.48
2012-02-13,1101.65
2012-02-14,1101.73
2012-02-15,1101.58
2012-02-16,1101.6
2012-02-17,1101.62
2012-02-18,1101.61
2012-02-19,1101.6
2012-02-20,1101.7
2012-02-21,1101.84
2012-02-22,1101.7
2012-02-23,1101.67
2012-02-24,1101.58
2012-02-25,1101.62
2012-02-26,1101.67
2012-02-27,1101.68
2012-02-28,1101.62
2012-02-29,1101.75
2012-03-01,1127.34
2012-03-02,1141.64
2012-03-03,1142.6
2012-03-04,1142.64
2012-03-05,1143.39
2012-03-06,1143.27
2012-03-07,1143.56
2012-03-08,1143.75
2012-03-09,1143.65
2012-03-10,1143.77
2012-03-11,1143.83
2012-03-12,1144.27
2012-03-13,1144.25
2012-03-14,1144.27
2012-03-15,1144.37
2012-03-16,1144.48
2012-03-17,1144.57
2012-03-18,1144.33
2012-03-19,1144.39
2012-03-20,1144.49
2012-03-21,1144.38
2012-03-22,1144.33
2012-03-23,1144.31
2012-03-24,1144.14
2012-03-25,1144.32
2012-03-26,1144.2
2012-03-27,1144.28
2012-03-28,1144.24
2012-03-29,1144.27
2012-03-30,1144.2
2012-03-31,1144.25
2012-04-01,1144.3
2012-04-02,1144.3
2012-04-03,1144.25
2012-04-04,1144.28
2012-04-05,1144.28
2012-04-06,1144.52
2012-04-07,1144.74
2012-04-08,1144.59
2012-04-09,1144.7
2012-04-10,1144.66
2012-04-11,1144.65
2012-04-12,1144.72
2012-04-13,1144.33
2012-04-14,1144.56
2012-04-15,1144.47
2012-04-16,1144.4
2012-04-17,1144.55
2012-04-18,1144.55
2012-04-19,1144.53
2012-04-20,1144.47
2012-04-21,1144.53
2012-04-22,1144.46
2012-04-23,1144.48
2012-04-24,1144.48
2012-04-25,1144.45
2012-04-26,1144.47
2012-04-27,1144.39
2012-04-28,1144.34
2012-04-29,1144.37
2012-04-30,1144.52
2012-05-01,1166.03
2012-05-02,1170.84
2012-05-03,1171.79
2012-05-04,1171.86
2012-05-05,1171.89
2012-05-06,1171.77
2012-05-07,1171.93
2012-05-08,1172.16
2012-05-09,1172.08
2012-05-10,1172.24
2012-05-11,1172.65
2012-05-12,1172.88
2012-05-13,1172.67
2012-05-14,1172.73
2012-05-15,1172.92
2012-05-16,1173.17
2012-05-17,1173.22
2012-05-18,1173.1
2012-05-19,1173.13
2012-05-20,1172.86
2012-05-21,1173.08
2012-05-22,1173.24
2012-05-23,1173.13
2012-05-24,1173.13
2012-05-25,1173.02
2012-05-26,1173.14
2012-05-27,1173.07
2012-05-28,1173.12
2012-05-29,1173.05
2012-05-30,1173.24
2012-05-31,1173.17
2012-06-01,1149.77
2012-06-02,1147.49
2012-06-03,1147.25
2012-06-04,1146.87
2012-06-05,1146.62
2012-06-06,1146.36
2012-06-07,1146.35
2012-06-08,1146.43
2012-06-09,1146.32
2012-06-10,1146.29
2012-06-11,1146.28
2012-06-12,1146.27
2012-06-13,1146.0
2012-06-14,1146.04
2012-06-15,1146.0
2012-06-16,1146.04
2012-06-17,1146.02
2012-06-18,1145.89
2012-06-19,1145.57
2012-06-20,1145.56
2012-06-21,1145.66
2012-06-22,1145.76
2012-06-23,1145.56
2012-06-24,1145.46
2012-06-25,1145.65
2012-06-26,1145.68
2012-06-27,1145.55
2012-06-28,1145.53
2012-06-29,1145.76
2012-06-30,1145.46
2012-07-01,1097.75
2012-07-02,1091.05
2012-07-03,1089.07
2012-07-04,1088.45
2012-07-05,1088.29
2012-07-06,1088.45
2012-07-07,1088.01
2012-07-08,1087.75
2012-07-09,1087.56
2012-07-10,1086.95
2012-07-11,1087.08
2012-07-12,1087.36
2012-07-13,1087.12
2012-07-14,1087.02
2012-07-15,1087.09
2012-07-16,1086.94
2012-07-17,1086.98
2012-07-18,1086.92
2012-07-19,1087.06
2012-07-20,1087.08
2012-07-21,1086.77
2012-07-22,1086.61
2012-07-23,1087.1
2012-07-24,1086.78
2012-07-25,1087.04
2012-07-26,1087.13
2012-07-27,1086.79
2012-07-28,1086.93
2012-07-29,1086.77
2012-07-30,1086.93
2012-07-31,1086.83
2012-08-01,1048.08
2012-08-02,1045.18
2012-08-03,1044.06
2012-08-04,1043.76
2012-08-05,1043.08
2012-08-06,1043.77
2012-08-07,1042.8
2012-08-08,1042.9
2012-08-09,1042.53
2012-08-10,1042.58
2012-08-11,1042.36
2012-08-12,1042.24
2012-08-13,1042.08
2012-08-14,1042.3
2012-08-15,1041.67
2012-08-16,1041.9
2012-08-17,1041.88
2012-08-18,1041.74
2012-08-19,1041.74
2012-08-20,1041.74
2012-08-21,1041.32
2012-08-22,1041.2
2012-08-23,1041.28
2012-08-24,1041.37
2012-08-25,1041.21
2012-08-26,1040.96
2012-08-27,1041.04
2012-08-28,1041.27
2012-08-29,1041.35
2012-08-30,1041.16
2012-08-31,1041.36
2012-09-01,1040.78
2012-09-02,1040.76
2012-09-03,1041.18
2012-09-04,1040.73
2012-09-05,1040.71
2012-09-06,1040.62
2012-09-07,1040.54
2012-09-08,1040.67
2012-09-09,1040.37
2012-09-10,1040.63
2012-09-11,1040.69
2012-09-12,1040.36
2012-09-13,1040.55
2012-09-14,1040.76
2012-09-15,1040.37
2012-09-16,1040.34
2012-09-17,1040.23
2012-09-18,1040.38
2012-09-19,1040.65
2012-09-20,1040.43
2012-09-21,1040.66
2012-09-22,1040.49
2012-09-23,1040.35
2012-09-24,1040.63
2012-09-25,1040.8
2012-09-26,1040.6
2012-09-27,1040.69
2012-09-28,1040.79
2012-09-29,1040.83
2012-09-30,1040.65
2012-10-01,1066.2
2012-10-02,1070.0
2012-10-03,1084.61
2012-10-04,1096.94
2012-10-05,1098.24
2012-10-06,1098.23
2012-10-07,1098.28
2012-10-08,1098.46
2012-10-09,1099.38
2012-10-10,1099.24
2012-10-11,1099.4
2012-10-12,1099.39
2012-10-13,1099.48
2012-10-14,1099.3
2012-10-15,1099.43
2012-10-16,1099.26
2012-10-17,1099.25
2012-10-18,1099.32
2012-10-19,1099.05
2012-10-20,1099.11
2012-10-21,1099.15
2012-10-22,1099.23
2012-10-23,1099.26
2012-10-24,1099.17
2012-10-25,1099.12
2012-10-26,1099.24
2012-10-27,1099.24
2012-10-28,1099.14
2012-10-29,1099.28
2012-10-30,1099.13
2012-10-31,1099.3
2012-11-01,1099.17
2012-11-02,1099.3
2012-11-03,1099.17
2012-11-04,1099.07
2012-11-05,1099.19
2012-11-06,1099.08
2012-11-07,1099.11
2012-11-08,1099.12
2012-11-09,1099.07
2012-11-10,1099.22
2012-11-11,1099.17
2012-11-12,1099.27
2012-11-13,1099.26
2012-11-14,1099.36
2012-11-15,1099.27
2012-11-16,1099.19
2012-11-17,1099.34
2012-11-18,1099.21
2012-11-19,1099.23
2012-11-20,1099.16
2012-11-21,1099.29
2012-11-22,1099.23
2012-11-23,1099.35
2012-11-24,1099.23
2012-11-25,1099.18
2012-11-26,1099.29
2012-11-27,1099.32
2012-11-28,1099.31
2012-11-29,1099.38
2012-11-30,1099.48
2012-12-01,1099.51
2012-12-02,1099.42
2012-12-03,1098.85
2012-12-04,1099.73
2012-12-05,1099.61
2012-12-06,1099.61
2012-12-07,1099.51
2012-12-08,1099.53
2012-12-09,1099.41
2012-12-10,1099.45
2012-12-11,1099.51
2012-12-12,1099.38
2012-12-13,1099.42
2012-12-14,1099.25
2012-12-15,1099.33
2012-12-16,1099.37
2012-12-17,1099.2
2012-12-18,1099.31
2012-12-19,1099.3
2012-12-20,1099.27
2012-12-21,1099.18
2012-12-22,1099.22
2012-12-23,1099.21
2012-12-24,1099.18
2012-12-25,1099.18
2012-12-26,1099.26
2012-12-27,1099.21
2012-12-28,1099.15
2012-12-29,1099.26
2012-12-30,1099.26
2012-12-31,1099.27
2013-01-01,1099.27
2013-01-02,1099.27
2013-01-03,1099.23
2013-01-04,1099.27
2013-01-05,1099.27
2013-01-06,1099.3
2013-01-07,1099.19
2013-01-08,1099.34
2013-01-09,1099.32
2013-01-10,1099.34
2013-01-11,1099.29
2013-01-12,1099.28
2013-01-13,1099.19
2013-01-14,1099.47
2013-01-15,1099.38
2013-01-16,1099.29
2013-01-17,1099.32
2013-01-18,1099.4
2013-01-19,1099.23
2013-01-20,1099.28
2013-01-21,1099.29
2013-01-22,1099.31
2013-01-23,1099.26
2013-01-24,1099.34
2013-01-25,1099.5
2013-01-26,1099.47
2013-01-27,1099.53
2013-01-28,1099.65
2013-01-29,1099.59
2013-01-30,1099.62
2013-01-31,1099.65
2013-02-01,1099.84
2013-02-02,1099.86
2013-02-03,1099.79
2013-02-04,1099.7
2013-02-05,1099.79
2013-02-06,1099.76
2013-02-07,1099.75
2013-02-08,1099.9
2013-02-09,1099.96
2013-02-10,1099.85
2013-02-11,1099.87
2013-02-12,1099.88
2013-02-13,1099.81
2013-02-14,1099.61
2013-02-15,1099.74
2013-02-16,1099.76
2013-02-17,1099.74
2013-02-18,1099.74
2013-02-19,1099.7
2013-02-20,1099.77
2013-02-21,1099.8
2013-02-22,1099.74
2013-02-23,1099.78
2013-02-24,1099.64
2013-02-25,1099.79
2013-02-26,1099.82
2013-02-27,1099.83
2013-02-28,1099.8
2013-03-01,1094.46
2013-03-02,1092.32
2013-03-03,1092.02
2013-03-04,1090.95
2013-03-05,1090.57
2013-03-06,1090.46
2013-03-07,1090.41
2013-03-08,1090.38
2013-03-09,1090.33
2013-03-10,1090.26
2013-03-11,1090.27
2013-03-12,1090.21
2013-03-13,1090.12
2013-03-14,1090.23
2013-03-15,1090.05
2013-03-16,1089.96
2013-03-17,1089.84
2013-03-18,1089.93
2013-03-19,1089.93
2013-03-20,1089.86
2013-03-21,1089.86
2013-03-22,1089.87
2013-03-23,1089.88
2013-03-24,1089.8
2013-03-25,1089.86
2013-03-26,1089.78
2013-03-27,1089.75
2013-03-28,1089.75
2013-03-29,1089.78
2013-03-30,1089.68
2013-03-31,1089.63
2013-04-01,1089.75
2013-04-02,1089.67
2013-04-03,1089.55
2013-04-04,1089.6
2013-04-05,1089.5
2013-04-06,1089.69
2013-04-07,1089.43
2013-04-08,1089.41
2013-04-09,1089.42
2013-04-10,1089.36
2013-04-11,1089.33
2013-04-12,1089.43
2013-04-13,1089.48
2013-04-14,1089.39
2013-04-15,1089.42
2013-04-16,1089.41
2013-04-17,1089.33
2013-04-18,1089.37
2013-04-19,1089.33
2013-04-20,1089.17
2013-04-21,1089.22
2013-04-22,1089.21
2013-04-23,1089.14
2013-04-24,1089.17
2013-04-25,1089.17
2013-04-26,1089.16
2013-04-27,1089.06
2013-04-28,1089.08
2013-04-29,1089.24
2013-04-30,1089.15
2013-05-01,1067.69
2013-05-02,1064.72
2013-05-03,1063.78
2013-05-04,1063.13
2013-05-05,1063.08
2013-05-06,1063.01
2013-05-07,1062.62
2013-05-08,1062.53
2013-05-09,1062.23
2013-05-10,1062.21
2013-05-11,1062.16
2013-05-12,1062.02
2013-05-13,1062.15
2013-05-14,1062.06
2013-05-15,1062.09
2013-05-16,1062.02
2013-05-17,1062.02
2013-05-18,1061.98
2013-05-19,1061.91
2013-05-20,1061.98
2013-05-21,1061.85
2013-05-22,1061.88
2013-05-23,1061.71
2013-05-24,1061.81
2013-05-25,1061.65
2013-05-26,1061.61
2013-05-27,1061.7
2013-05-28,1061.75
2013-05-29,1061.75
2013-05-30,1061.85
2013-05-31,1061.68
2013-06-01,1047.26
2013-06-02,1045.93
2013-06-03,1044.66
2013-06-04,1043.81
2013-06-05,1043.73
2013-06-06,1043.59
2013-06-07,1043.53
2013-06-08,1043.49
2013-06-09,1043.19
2013-06-10,1043.26
2013-06-11,1043.26
2013-06-12,1043.21
2013-06-13,1043.15
2013-06-14,1043.2
2013-06-15,1043.08
2013-06-16,1043.07
2013-06-17,1043.27
2013-06-18,1043.25
2013-06-19,1042.95
2013-06-20,1043.0
2013-06-21,1043.02
2013-06-22,1042.84
2013-06-23,1042.64
2013-06-24,1042.75
2013-06-25,1042.92
2013-06-26,1042.67
2013-06-27,1042.73
2013-06-28,1042.78
2013-06-29,1042.48
2013-06-30,1042.55
2013-07-01,1042.73
2013-07-02,1042.6
2013-07-03,1042.83
2013-07-04,1042.51
2013-07-05,1042.53
2013-07-06,1042.42
2013-07-07,1042.38
2013-07-08,1042.41
2013-07-09,1042.18
2013-07-10,1042.17
2013-07-11,1042.1
2013-07-12,1042.03
2013-07-13,1042.06
2013-07-14,1041.95
2013-07-15,1042.17
2013-07-16,1042.23
2013-07-17,1042.18
2013-07-18,1041.98
2013-07-19,1042.1
2013-07-20,1041.97
2013-07-21,1041.98
2013-07-22,1042.09
2013-07-23,1041.94
2013-07-24,1041.99
2013-07-25,1041.84
2013-07-26,1041.86
2013-07-27,1041.7
2013-07-28,1041.59
2013-07-29,1041.75
2013-07-30,1041.85
2013-07-31,1042.15
2013-08-01,1063.24
2013-08-02,1064.75
2013-08-03,1064.9
2013-08-04,1064.82
2013-08-05,1065.16
2013-08-06,1065.41
2013-08-07,1065.42
2013-08-08,1065.4
2013-08-09,1065.34
2013-08-10,1065.34
2013-08-11,1065.18
2013-08-12,1065.52
2013-08-13,1065.36
2013-08-14,1065.38
2013-08-15,1065.36
2013-08-16,1065.38
2013-08-17,1065.16
2013-08-18,1065.12
2013-08-19,1065.25
2013-08-20,1065.31
2013-08-21,1065.13
2013-08-22,1065.15
2013-08-23,1065.21
2013-08-24,1065.18
2013-08-25,1065.06
2013-08-26,1065.33
2013-08-27,1065.25
2013-08-28,1065.31
2013-08-29,1065.17
2013-08-30,1064.96
2013-08-31,1064.98
2013-09-01,1064.93
2013-09-02,1064.9
2013-09-03,1064.71
2013-09-04,1064.81
2013-09-05,1064.82
2013-09-06,1065.06
2013-09-07,1064.7
2013-09-08,1064.68
2013-09-09,1064.66
2013-09-10,1064.91
2013-09-11,1065.08
2013-09-12,1065.15
2013-09-13,1065.28
2013-09-14,1065.16
2013-09-15,1064.96
2013-09-16,1065.28
2013-09-17,1065.16
2013-09-18,1065.0
2013-09-19,1065.12
2013-09-20,1065.11
2013-09-21,1065.33
2013-09-22,1065.03
2013-09-23,1065.23
2013-09-24,1065.11
2013-09-25,1065.2
2013-09-26,1065.36
2013-09-27,1065.47
2013-09-28,1065.31
2013-09-29,1065.05
2013-09-30,1065.33
2013-10-01,1065.24
2013-10-02,1065.24
2013-10-03,1065.17
2013-10-04,1065.45
2013-10-05,1065.53
2013-10-06,1065.34
2013-10-07,1065.39
2013-10-08,1065.79
2013-10-09,1065.38
2013-10-10,1066.02
2013-10-11,1065.4
2013-10-12,1065.53
2013-10-13,1065.26
2013-10-14,1065.33
2013-10-15,1065.33
2013-10-16,1065.31
2013-10-17,1065.39
2013-10-18,1065.22
2013-10-19,1065.29
2013-10-20,1065.14
2013-10-21,1065.45
2013-10-22,1065.25
2013-10-23,1065.45
2013-10-24,1065.26
2013-10-25,1065.29
2013-10-26,1065.28
2013-10-27,1065.2
2013-10-28,1065.33
2013-10-29,1065.19
2013-10-30,1065.42
2013-10-31,1065.2
2013-11-01,1065.15
2013-11-02,1065.27
2013-11-03,1064.91
2013-11-04,1065.26
2013-11-05,1065.27
2013-11-06,1065.09
2013-11-07,1064.98
2013-11-08,1065.09
2013-11-09,1064.85
2013-11-10,1064.76
2013-11-11,1064.98
2013-11-12,1065.08
2013-11-13,1064.91
2013-11-14,1064.91
2013-11-15,1064.85
2013-11-16,1064.87
2013-11-17,1064.79
2013-11-18,1064.9
2013-11-19,1064.87
2013-11-20,1064.78
2013-11-21,1064.81
2013-11-22,1064.83
2013-11-23,1064.87
2013-11-24,1064.81
2013-11-25,1064.89
2013-11-26,1064.84
2013-11-27,1064.94
2013-11-28,1064.84
2013-11-29,1064.89
2013-11-30,1064.82
2013-12-01,1065.05
2013-12-02,1065.11
2013-12-03,1065.1
2013-12-04,1065.27
2013-12-05,1065.15
2013-12-06,1065.15
2013-12-07,1065.3
2013-12-08,1065.18
2013-12-09,1065.22
2013-12-10,1064.93
2013-12-11,1065.01
2013-12-12,1065.03
2013-12-13,1064.87
2013-12-14,1064.94
2013-12-15,1064.88
2013-12-16,1064.81
2013-12-17,1064.98
2013-12-18,1064.91
2013-12-19,1064.98
2013-12-20,1065.11
2013-12-21,1064.9
2013-12-22,1065.01
2013-12-23,1064.82
2013-12-24,1065.09
2013-12-25,1065.06
2013-12-26,1064.87
2013-12-27,1065.07
2013-12-28,1065.0
2013-12-29,1064.7
2013-12-30,1065.11
2013-12-31,1064.93
2014-01-01,1111.56
2014-01-02,1119.48
2014-01-03,1120.45
2014-01-04,1121.01
2014-01-05,1121.14
2014-01-06,1121.37
2014-01-07,1121.5
2014-01-08,1122.15
2014-01-09,1122.31
2014-01-10,1122.4
2014-01-11,1122.77
2014-01-12,1122.27
2014-01-13,1122.55
2014-01-14,1122.59
2014-01-15,1122.61
2014-01-16,1122.82
2014-01-17,1122.67
2014-01-18,1122.73
2014-01-19,1122.63
2014-01-20,1122.89
2014-01-21,1122.65
2014-01-22,1122.52
2014-01-23,1123.14
2014-01-24,1122.71
2014-01-25,1122.79
2014-01-26,1122.43
2014-01-27,1122.75
2014-01-28,1122.62
2014-01-29,1122.71
2014-01-30,1122.79
2014-01-31,1122.56
2014-02-01,1122.81
2014-02-02,1122.94
2014-02-03,1122.78
2014-02-04,1122.81
2014-02-05,1122.81
2014-02-06,1123.08
2014-02-07,1122.69
2014-02-08,1122.59
2014-02-09,1122.6
2014-02-10,1122.59
2014-02-11,1122.56
2014-02-12,1122.6
2014-02-13,1122.69
2014-02-14,1122.54
2014-02-15,1122.38
2014-02-16,1122.33
2014-02-17,1122.36
2014-02-18,1122.23
2014-02-19,1122.25
2014-02-20,1122.29
2014-02-21,1122.07
2014-02-22,1122.25
2014-02-23,1122.05
2014-02-24,1122.03
2014-02-25,1121.98
2014-02-26,1122.0
2014-02-27,1121.91
2014-02-28,1121.97
2014-03-01,1121.98
2014-03-02,1122.02
2014-03-03,1122.06
2014-03-04,1121.89
2014-03-05,1121.93
2014-03-06,1121.84
2014-03-07,1122.26
2014-03-08,1121.8
2014-03-09,1121.81
2014-03-10,1121.76
2014-03-11,1121.44
2014-03-12,1121.45
2014-03-13,1121.62
2014-03-14,1121.65
2014-03-15,1121.65
2014-03-16,1121.46
2014-03-17,1121.7
2014-03-18,1121.63
2014-03-19,1121.69
2014-03-20,1121.53
2014-03-21,1122.05
2014-03-22,1122.2
2014-03-23,1122.01
2014-03-24,1122.03
2014-03-25,1122.32
2014-03-26,1121.78
2014-03-27,1121.67
2014-03-28,1121.65
2014-03-29,1121.64
2014-03-30,1121.54
2014-03-31,1121.63
2014-04-01,1102.03
2014-04-02,1099.33
2014-04-03,1098.67
2014-04-04,1098.23
2014-04-05,1098.07
2014-04-06,1097.71
2014-04-07,1097.8
2014-04-08,1097.36
2014-04-09,1097.32
2014-04-10,1097.1
2014-04-11,1097.11
2014-04-12,1097.0
2014-04-13,1097.06
2014-04-14,1097.11
2014-04-15,1097.02
2014-04-16,1096.85
2014-04-17,1097.0
2014-04-18,1097.36
2014-04-19,1096.87
2014-04-20,1096.72
2014-04-21,1096.76
2014-04-22,1096.82
2014-04-23,1096.73
2014-04-24,1096.88
2014-04-25,1096.67
2014-04-26,1096.87
2014-04-27,1096.67
2014-04-28,1096.71
2014-04-29,1096.78
2014-04-30,1096.86
2014-05-01,1096.52
2014-05-02,1096.59
2014-05-03,1096.49
2014-05-04,1096.39
2014-05-05,1096.62
2014-05-06,1096.46
2014-05-07,1096.31
2014-05-08,1096.41
2014-05-09,1096.52
2014-05-10,1096.42
2014-05-11,1096.2
2014-05-12,1096.31
2014-05-13,1096.35
2014-05-14,1096.29
2014-05-15,1096.22
2014-05-16,1096.31
2014-05-17,1096.11
2014-05-18,1096.1
2014-05-19,1096.15
2014-05-20,1096.33
2014-05-21,1096.13
2014-05-22,1096.16
2014-05-23,1096.18
2014-05-24,1096.07
2014-05-25,1095.99
2014-05-26,1096.42
2014-05-27,1096.23
2014-05-28,1096.07
2014-05-29,1096.15
2014-05-30,1096.29
2014-05-31,1095.96
2014-06-01,1066.09
2014-06-02,1059.91
2014-06-03,1057.49
2014-06-04,1057.08
2014-06-05,1056.84
2014-06-06,1055.88
2014-06-07,1055.86
2014-06-08,1055.54
2014-06-09,1055.72
2014-06-10,1055.51
2014-06-11,1055.52
2014-06-12,1055.33
2014-06-13,1055.31
2014-06-14,1055.05
2014-06-15,1055.02
2014-06-16,1054.85
2014-06-17,1054.83
2014-06-18,1055.12
2014-06-19,1054.78
2014-06-20,1054.9
2014-06-21,1054.77
2014-06-22,1054.61
2014-06-23,1054.79
2014-06-24,1054.71
2014-06-25,1054.75
2014-06-26,1054.69
2014-06-27,1054.65
2014-06-28,1054.75
2014-06-29,1054.38
2014-06-30,1054.89
2014-07-01,1054.47
2014-07-02,1054.34
2014-07-03,1054.17
2014-07-04,1054.09
2014-07-05,1054.03
2014-07-06,1054.15
2014-07-07,1054.35
2014-07-08,1054.12
2014-07-09,1054.19
2014-07-10,1054.18
2014-07-11,1054.15
2014-07-12,1054.15
2014-07-13,1053.93
2014-07-14,1054.33
2014-07-15,1054.26
2014-07-16,1054.02
2014-07-17,1054.14
2014-07-18,1054.03
2014-07-19,1054.06
2014-07-20,1053.85
2014-07-21,1054.06
2014-07-22,1053.82
2014-07-23,1053.79
2014-07-24,1054.07
2014-07-25,1054.01
2014-07-26,1053.69
2014-07-27,1053.6
2014-07-28,1054.11
2014-07-29,1054.1
2014-07-30,1053.65
2014-07-31,1053.84
2014-08-01,1042.26
2014-08-02,1040.93
2014-08-03,1039.89
2014-08-04,1039.37
2014-08-05,1038.5
2014-08-06,1038.49
2014-08-07,1038.36
2014-08-08,1037.81
2014-08-09,1037.77
2014-08-10,1037.76
2014-08-11,1038.02
2014-08-12,1037.5
2014-08-13,1037.29
2014-08-14,1037.17
2014-08-15,1037.08
2014-08-16,1037.11
2014-08-17,1037.22
2014-08-18,1037.39
2014-08-19,1037.21
2014-08-20,1036.85
2014-08-21,1037.2
2014-08-22,1036.99
2014-08-23,1036.75
2014-08-24,1036.6
2014-08-25,1036.79
2014-08-26,1036.67
2014-08-27,1036.77
2014-08-28,1036.72
2014-08-29,1036.66
2014-08-30,1036.65
2014-08-31,1036.39
2014-09-01,1018.89
2014-09-02,1016.18
2014-09-03,1015.13
2014-09-04,1014.58
2014-09-05,1014.31
2014-09-06,1013.93
2014-09-07,1013.67
2014-09-08,1013.71
2014-09-09,1013.74
2014-09-10,1013.56
2014-09-11,1013.49
2014-09-12,1013.31
2014-09-13,1013.06
2014-09-14,1013.07
2014-09-15,1013.01
2014-09-16,1012.72
2014-09-17,1012.8
2014-09-18,1012.55
2014-09-19,1012.33
2014-09-20,1012.23
2014-09-21,1012.03
2014-09-22,1012.51
2014-09-23,1011.99
2014-09-24,1012.28
2014-09-25,1011.95
2014-09-26,1012.13
2014-09-27,1011.78
2014-09-28,1011.64
2014-09-29,1012.17
2014-09-30,1011.85
2014-10-01,1000.98
2014-10-02,998.81
2014-10-03,998.31
2014-10-04,997.72
2014-10-05,997.41
2014-10-06,997.26
2014-10-07,996.63
2014-10-08,996.61
2014-10-09,996.32
2014-10-10,995.89
2014-10-11,995.73
2014-10-12,995.57
2014-10-13,995.7
2014-10-14,995.45
2014-10-15,995.63
2014-10-16,995.26
2014-10-17,995.28
2014-10-18,995.7
2014-10-19,995.39
2014-10-20,995.76
2014-10-21,995.57
2014-10-22,995.67
2014-10-23,995.57
2014-10-24,995.36
2014-10-25,995.37
2014-10-26,995.19
2014-10-27,995.38
2014-10-28,995.41
2014-10-29,995.29
2014-10-30,995.26
2014-10-31,995.32
2014-11-01,988.43
2014-11-02,986.68
2014-11-03,987.05
2014-11-04,985.76
2014-11-05,985.31
2014-11-06,985.23
2014-11-07,984.89
2014-11-08,984.71
2014-11-09,984.48
2014-11-10,984.89
2014-11-11,984.24
2014-11-12,984.39
2014-11-13,983.58
2014-11-14,983.55
2014-11-15,983.21
2014-11-16,983.07
2014-11-17,983.27
2014-11-18,983.3
2014-11-19,983.09
2014-11-20,983.45
2014-11-21,983.14
2014-11-22,982.87
2014-11-23,982.66
2014-11-24,983.53
2014-11-25,983.08
2014-11-26,983.08
2014-11-27,982.96
2014-11-28,983.06
2014-11-29,982.88
2014-11-30,982.59
2014-12-01,940.59
2014-12-02,929.86
2014-12-03,927.98
2014-12-04,926.53
2014-12-05,926.31
2014-12-06,925.34
2014-12-07,925.12
2014-12-08,925.61
2014-12-09,925.05
2014-12-10,924.67
2014-12-11,924.32
2014-12-12,924.17
2014-12-13,924.14
2014-12-14,923.32
2014-12-15,924.71
2014-12-16,924.31
2014-12-17,923.68
2014-12-18,923.37
2014-12-19,924.0
2014-12-20,923.53
2014-12-21,922.91
2014-12-22,923.09
2014-12-23,923.57
2014-12-24,922.98
2014-12-25,923.1
2014-12-26,923.39
2014-12-27,922.77
2014-12-28,922.37
2014-12-29,923.62
2014-12-30,923.33
2014-12-31,923.21
2015-01-01,899.84
2015-01-02,894.74
2015-01-03,892.77
2015-01-04,891.83
2015-01-05,891.72
2015-01-06,890.37
2015-01-07,890.34
2015-01-08,890.01
2015-01-09,888.83
2015-01-10,887.74
2015-01-11,887.39
2015-01-12,887.61
2015-01-13,887.16
2015-01-14,887.16
2015-01-15,886.98
2015-01-16,886.12
2015-01-17,886.02
2015-01-18,885.71
2015-01-19,885.94
2015-01-20,885.8
2015-01-21,886.02
2015-01-22,885.69
2015-01-23,885.54
2015-01-24,885.15
2015-01-25,884.9
2015-01-26,884.89
2015-01-27,884.57
2015-01-28,884.81
2015-01-29,884.26
2015-01-30,885.29
2015-01-31,885.23
2015-02-01,832.05
2015-02-02,822.75
2015-02-03,818.59
2015-02-04,811.71
2015-02-05,809.63
2015-02-06,808.86
2015-02-07,808.17
2015-02-08,807.44
2015-02-09,808.36
2015-02-10,808.26
2015-02-11,807.72
2015-02-12,807.77
2015-02-13,807.48
2015-02-14,807.18
2015-02-15,807.13
2015-02-16,807.42
2015-02-17,807.04
2015-02-18,807.22
2015-02-19,806.68
2015-02-20,806.71
2015-02-21,806.68
2015-02-22,806.67
2015-02-23,806.92
2015-02-24,806.67
2015-02-25,807.29
2015-02-26,807.42
2015-02-27,808.16
2015-02-28,806.85
2015-03-01,806.62
2015-03-02,806.67
2015-03-03,806.41
2015-03-04,806.62
2015-03-05,806.89
2015-03-06,806.37
2015-03-07,807.09
2015-03-08,806.36
2015-03-09,806.99
2015-03-10,806.83
2015-03-11,807.06
2015-03-12,806.49
2015-03-13,806.02
2015-03-14,806.31
2015-03-15,806.33
2015-03-16,806.29
2015-03-17,806.23
2015-03-18,806.36
2015-03-19,805.97
2015-03-20,806.03
2015-03-21,805.83
2015-03-22,805.87
2015-03-23,806.69
2015-03-24,806.17
2015-03-25,806.05
2015-03-26,806.24
2015-03-27,806.09
2015-03-28,806.08
2015-03-29,805.68
2015-03-30,806.55
2015-03-31,806.32
2015-04-01,825.0
2015-04-02,825.77
2015-04-03,826.78
2015-04-04,826.69
2015-04-05,827.01
2015-04-06,827.43
2015-04-07,827.74
2015-04-08,827.55
2015-04-09,827.37
2015-04-10,827.19
2015-04-11,827.2
2015-04-12,826.99
2015-04-13,827.1
2015-04-14,827.61
2015-04-15,827.03
2015-04-16,827.08
2015-04-17,827.01
2015-04-18,826.71
2015-04-19,826.82
2015-04-20,827.25
2015-04-21,826.95
2015-04-22,827.06
2015-04-23,826.92
2015-04-24,827.11
2015-04-25,826.87
2015-04-26,826.98
2015-04-27,827.09
2015-04-28,827.25
2015-04-29,827.09
2015-04-30,827.13
2015-05-01,820.15
2015-05-02,819.34
2015-05-03,818.66
2015-05-04,819.13
2015-05-05,818.63
2015-05-06,818.52
2015-05-07,818.6
2015-05-08,818.2
2015-05-09,817.99
2015-05-10,818.04
2015-05-11,818.39
2015-05-12,818.07
2015-05-13,817.79
2015-05-14,817.76
2015-05-15,817.65
2015-05-16,817.88
2015-05-17,817.59
2015-05-18,818.39
2015-05-19,817.94
2015-05-20,818.03
2015-05-21,818.07
2015-05-22,818.01
2015-05-23,817.96
2015-05-24,817.81
2015-05-25,817.84
2015-05-26,817.98
2015-05-27,817.9
2015-05-28,817.73
2015-05-29,818.08
2015-05-30,817.87
2015-05-31,817.75
2015-06-01,817.68
2015-06-02,817.67
2015-06-03,817.55
2015-06-04,817.32
2015-06-05,817.19
2015-06-06,817.61
2015-06-07,817.15
2015-06-08,817.3
2015-06-09,817.45
2015-06-10,817.33
2015-06-11,817.09
2015-06-12,817.2
2015-06-13,816.88
2015-06-14,817.02
2015-06-15,817.39
2015-06-16,817.06
2015-06-17,816.92
2015-06-18,817.08
2015-06-19,817.01
2015-06-20,816.9
2015-06-21,816.93
2015-06-22,817.32
2015-06-23,817.09
2015-06-24,817.07
2015-06-25,817.07
2015-06-26,817.17
2015-06-27,817.22
2015-06-28,817.1
2015-06-29,817.14
2015-06-30,817.39
2015-07-01,808.02
2015-07-02,806.76
2015-07-03,805.93
2015-07-04,805.78
2015-07-05,805.59
2015-07-06,805.53
2015-07-07,805.27
2015-07-08,805.33
2015-07-09,805.45
2015-07-10,804.84
2015-07-11,804.56
2015-07-12,804.46
2015-07-13,804.78
2015-07-14,804.5
2015-07-15,804.32
2015-07-16,804.47
2015-07-17,804.35
2015-07-18,804.17
2015-07-19,804.0
2015-07-20,804.68
2015-07-21,804.33
2015-07-22,803.67
2015-07-23,803.71
2015-07-24,804.01
2015-07-25,803.42
2015-07-26,803.32
2015-07-27,803.86
2015-07-28,803.46
2015-07-29,803.7
2015-07-30,803.79
2015-07-31,803.96
2015-08-01,804.17
2015-08-02,804.24
2015-08-03,804.8
2015-08-04,804.04
2015-08-05,804.14
2015-08-06,803.96
2015-08-07,804.1
2015-08-08,803.99
2015-08-09,803.85
2015-08-10,803.93
2015-08-11,804.27
2015-08-12,803.86
2015-08-13,804.44
2015-08-14,804.05
2015-08-15,803.91
2015-08-16,803.96
2015-08-17,803.97
2015-08-18,804.19
2015-08-19,804.0
2015-08-20,804.0
2015-08-21,803.99
2015-08-22,803.75
2015-08-23,803.72
2015-08-24,803.67
2015-08-25,803.77
2015-08-26,803.99
2015-08-27,803.95
2015-08-28,803.8
2015-08-29,803.85
2015-08-30,803.56
2015-08-31,804.09
2015-09-01,796.95
2015-09-02,796.05
2015-09-03,795.42
2015-09-04,795.3
2015-09-05,794.93
2015-09-06,794.85
2015-09-07,795.09
2015-09-08,794.74
2015-09-09,794.7
2015-09-10,794.64
2015-09-11,794.41
2015-09-12,794.27
2015-09-13,794.11
2015-09-14,794.11
2015-09-15,794.2
2015-09-16,794.2
2015-09-17,794.17
2015-09-18,794.07
2015-09-19,793.98
2015-09-20,794.03
2015-09-21,794.29
2015-09-22,793.81
2015-09-23,793.96
2015-09-24,793.86
2015-09-25,793.78
2015-09-26,794.04
2015-09-27,793.86
2015-09-28,794.03
2015-09-29,793.92
2015-09-30,794.16
2015-10-01,772.07
2015-10-02,768.57
2015-10-03,767.3
2015-10-04,766.88
2015-10-05,766.51
2015-10-06,766.5
2015-10-07,765.41
2015-10-08,764.85
2015-10-09,764.44
2015-10-10,764.44
2015-10-11,764.11
2015-10-12,764.18
2015-10-13,764.14
2015-10-14,764.15
2015-10-15,763.79
2015-10-16,764.02
2015-10-17,763.39
2015-10-18,763.35
2015-10-19,762.44
2015-10-20,762.61
2015-10-21,762.47
2015-10-22,762.31
2015-10-23,761.91
2015-10-24,761.8
2015-10-25,761.83
2015-10-26,762.23
2015-10-27,762.09
2015-10-28,762.26
2015-10-29,762.09
2015-10-30,762.4
2015-10-31,762.26
2015-11-01,761.77
2015-11-02,761.67
2015-11-03,761.51
2015-11-04,761.64
2015-11-05,761.48
2015-11-06,761.51
2015-11-07,761.58
2015-11-08,761.58
2015-11-09,761.38
2015-11-10,761.38
2015-11-11,761.57
2015-11-12,761.51
2015-11-13,761.29
2015-11-14,761.35
2015-11-15,763.56
2015-11-16,765.02
2015-11-17,762.61
2015-11-18,762.04
2015-11-19,762.18
2015-11-20,762.28
2015-11-21,761.97
2015-11-22,762.02
2015-11-23,762.41
2015-11-24,762.21
2015-11-25,762.45
2015-11-26,762.35
2015-11-27,762.14
2015-11-28,761.94
2015-11-29,761.84
2015-11-30,762.16
2015-12-01,779.96
2015-12-02,781.34
2015-12-03,781.77
2015-12-04,781.97
2015-12-05,782.19
2015-12-06,782.13
2015-12-07,782.08
2015-12-08,782.19
2015-12-09,782.15
2015-12-10,782.29
2015-12-11,782.36
2015-12-12,782.6
2015-12-13,782.24
2015-12-14,782.36
2015-12-15,782.63
2015-12-16,782.73
2015-12-17,782.57
2015-12-18,782.6
2015-12-19,782.35
2015-12-20,782.14
2015-12-21,782.45
2015-12-22,781.91
2015-12-23,781.93
2015-12-24,781.84
2015-12-25,781.87
2015-12-26,781.86
2015-12-27,781.58
2015-12-28,782.08
2015-12-29,781.97
2015-12-30,782.09
2015-12-31,782.28
2016-01-01,782.23
2016-01-02,782.36
2016-01-03,782.48
2016-01-04,782.49
2016-01-05,782.86
2016-01-06,782.69
2016-01-07,782.98
2016-01-08,782.76
2016-01-09,782.24
2016-01-10,782.2
2016-01-11,782.27
2016-01-12,782.16
2016-01-13,781.97
2016-01-14,782.12
2016-01-15,781.84
2016-01-16,781.86
2016-01-17,781.58
2016-01-18,781.82
2016-01-19,781.75
2016-01-20,781.63
2016-01-21,781.59
2016-01-22,781.75
2016-01-23,781.71
2016-01-24,781.37
2016-01-25,781.63
2016-01-26,781.89
2016-01-27,781.68
2016-01-28,781.9
2016-01-29,781.6
2016-01-30,781.62
2016-01-31,781.44
2016-02-01,774.16
2016-02-02,773.22
2016-02-03,773.42
2016-02-04,772.96
2016-02-05,772.94
2016-02-06,772.54
2016-02-07,772.18
2016-02-08,772.47
2016-02-09,772.34
2016-02-10,772.26
2016-02-11,772.49
2016-02-12,771.9
2016-02-13,771.88
2016-02-14,771.92
2016-02-15,772.0
2016-02-16,771.77
2016-02-17,771.79
2016-02-18,771.69
2016-02-19,771.66
2016-02-20,771.59
2016-02-21,771.55
2016-02-22,771.64
2016-02-23,771.64
2016-02-24,771.6
2016-02-25,771.43
2016-02-26,771.34
2016-02-27,771.24
2016-02-28,771.14
2016-02-29,771.29
2016-03-01,748.98
2016-03-02,745.59
2016-03-03,744.69
2016-03-04,743.89
2016-03-05,743.25
2016-03-06,742.97
2016-03-07,742.95
2016-03-08,742.47
2016-03-09,742.4
2016-03-10,742.21
2016-03-11,742.04
2016-03-12,741.94
2016-03-13,741.62
2016-03-14,742.0
2016-03-15,741.64
2016-03-16,741.48
2016-03-17,741.4
2016-03-18,741.42
2016-03-19,741.26
2016-03-20,741.09
2016-03-21,741.15
2016-03-22,741.1
2016-03-23,740.9
2016-03-24,740.87
2016-03-25,740.86
2016-03-26,740.78
2016-03-27,740.62
2016-03-28,740.72
2016-03-29,740.74
2016-03-30,740.5
2016-03-31,740.83
2016-04-01,733.4
2016-04-02,732.33
2016-04-03,731.96
2016-04-04,731.91
2016-04-05,731.94
2016-04-06,731.62
2016-04-07,731.62
2016-04-08,731.58
2016-04-09,731.37
2016-04-10,731.26
2016-04-11,731.41
2016-04-12,731.21
2016-04-13,730.97
2016-04-14,731.13
2016-04-15,730.96
2016-04-16,730.8
2016-04-17,730.73
2016-04-18,731.0
2016-04-19,730.89
2016-04-20,730.84
2016-04-21,730.91
2016-04-22,730.63
2016-04-23,730.39
2016-04-24,730.34
2016-04-25,730.53
2016-04-26,730.54
2016-04-27,730.63
2016-04-28,730.57
2016-04-29,730.61
2016-04-30,730.45
2016-05-01,730.64
2016-05-02,730.72
2016-05-03,731.06
2016-05-04,731.12
2016-05-05,731.07
2016-05-06,731.14
2016-05-07,731.07
2016-05-08,730.99
2016-05-09,731.21
2016-05-10,731.16
2016-05-11,731.3
2016-05-12,731.12
2016-05-13,731.09
2016-05-14,731.06
2016-05-15,730.99
2016-05-16,731.05
2016-05-17,731.05
2016-05-18,730.97
2016-05-19,731.12
2016-05-20,731.08
2016-05-21,731.04
2016-05-22,730.88
2016-05-23,731.09
2016-05-24,731.01
2016-05-25,731.09
2016-05-26,731.13
2016-05-27,731.17
2016-05-28,731.12
2016-05-29,730.98
2016-05-30,731.14
2016-05-31,731.18
2016-06-01,740.45
2016-06-02,741.22
2016-06-03,741.53
2016-06-04,741.43
2016-06-05,741.44
2016-06-06,741.58
2016-06-07,741.71
2016-06-08,741.41
2016-06-09,741.38
2016-06-10,741.38
2016-06-11,741.42
2016-06-12,741.41
2016-06-13,741.54
2016-06-14,741.42
2016-06-15,741.58
2016-06-16,741.48
2016-06-17,741.44
2016-06-18,741.35
2016-06-19,741.25
2016-06-20,741.42
2016-06-21,741.2
2016-06-22,740.9
2016-06-23,740.86
2016-06-24,740.88
2016-06-25,740.83
2016-06-26,740.76
2016-06-27,740.79
2016-06-28,740.73
2016-06-29,740.83
2016-06-30,740.82
2016-07-01,737.41
2016-07-02,736.92
2016-07-03,736.81
2016-07-04,736.78
2016-07-05,736.73
2016-07-06,736.66
2016-07-07,736.53
2016-07-08,736.42
2016-07-09,736.35
2016-07-10,736.31
2016-07-11,736.39
2016-07-12,736.36
2016-07-13,736.24
2016-07-14,736.2
2016-07-15,736.13
2016-07-16,736.12
2016-07-17,736.05
2016-07-18,736.06
2016-07-19,735.9
2016-07-20,735.51
2016-07-21,735.44
2016-07-22,735.41
2016-07-23,735.31
2016-07-24,735.34
2016-07-25,735.32
2016-07-26,735.39
2016-07-27,735.34
2016-07-28,735.44
2016-07-29,735.28
2016-07-30,735.06
2016-07-31,735.09
2016-08-01,714.24
2016-08-02,710.49
2016-08-03,709.18
2016-08-04,708.28
2016-08-05,707.88
2016-08-06,707.56
2016-08-07,707.39
2016-08-08,707.16
2016-08-09,706.95
2016-08-10,706.72
2016-08-11,706.47
2016-08-12,706.25
2016-08-13,705.93
2016-08-14,705.97
2016-08-15,706.0
2016-08-16,706.07
2016-08-17,705.93
2016-08-18,705.93
2016-08-19,705.8
2016-08-20,705.72
2016-08-21,705.72
2016-08-22,705.72
2016-08-23,705.74
2016-08-24,705.6
2016-08-25,705.59
2016-08-26,705.45
2016-08-27,705.55
2016-08-28,705.33
2016-08-29,705.54
2016-08-30,705.47
2016-08-31,705.37
2016-09-01,699.24
2016-09-02,698.15
2016-09-03,697.86
2016-09-04,697.67
2016-09-05,697.52
2016-09-06,697.04
2016-09-07,696.85
2016-09-08,696.66
2016-09-09,696.71
2016-09-10,696.46
2016-09-11,696.34
2016-09-12,696.47
2016-09-13,696.39
2016-09-14,696.16
2016-09-15,696.37
2016-09-16,696.2
2016-09-17,696.11
2016-09-18,696.15
2016-09-19,696.32
2016-09-20,696.27
2016-09-21,696.17
2016-09-22,696.17
2016-09-23,696.21
2016-09-24,695.99
2016-09-25,696.0
2016-09-26,696.18
2016-09-27,696.06
2016-09-28,696.03
2016-09-29,696.27
2016-09-30,696.31
2016-10-01,696.18
2016-10-02,696.04
2016-10-03,695.97
2016-10-04,696.06
2016-10-05,695.77
2016-10-06,695.93
2016-10-07,695.62
2016-10-08,695.26
2016-10-09,694.81
2016-10-10,694.8
2016-10-11,694.38
2016-10-12,694.48
2016-10-13,694.16
2016-10-14,693.95
2016-10-15,693.63
2016-10-16,693.61
2016-10-17,693.81
2016-10-18,693.65
2016-10-19,693.57
2016-10-20,693.59
2016-10-21,693.54
2016-10-22,693.47
2016-10-23,693.39
2016-10-24,693.59
2016-10-25,693.62
2016-10-26,693.6
2016-10-27,693.6
2016-10-28,693.61
2016-10-29,693.48
2016-10-30,693.39
2016-10-31,693.62
2016-11-01,721.25
2016-11-02,723.61
2016-11-03,724.36
2016-11-04,724.52
2016-11-05,724.83
2016-11-06,724.73
2016-11-07,724.93
2016-11-08,725.0
2016-11-09,725.08
2016-11-10,725.14
2016-11-11,725.24
2016-11-12,725.24
2016-11-13,725.22
2016-11-14,725.39
2016-11-15,725.03
2016-11-16,725.06
2016-11-17,725.16
2016-11-18,724.96
2016-11-19,725.01
2016-11-20,725.01
2016-11-21,725.09
2016-11-22,725.18
2016-11-23,725.17
2016-11-24,725.31
2016-11-25,725.28
2016-11-26,725.26
2016-11-27,725.28
2016-11-28,725.42
2016-11-29,725.47
2016-11-30,725.63
2016-12-01,747.91
2016-12-02,750.26
2016-12-03,750.93
2016-12-04,751.15
2016-12-05,751.46
2016-12-06,751.67
2016-12-07,751.67
2016-12-08,751.73
2016-12-09,751.72
2016-12-10,751.7
2016-12-11,751.75
2016-12-12,751.83
2016-12-13,751.91
2016-12-14,751.9
2016-12-15,751.79
2016-12-16,751.92
2016-12-17,751.86
2016-12-18,751.87
2016-12-19,751.82
2016-12-20,751.79
2016-12-21,751.82
2016-12-22,751.9
2016-12-23,751.94
2016-12-24,751.95
2016-12-25,751.96
2016-12-26,751.94
2016-12-27,752.01
2016-12-28,751.96
2016-12-29,751.95
2016-12-30,751.93
2016-12-31,751.87
2017-01-01,751.94
2017-01-02,752.1
2017-01-03,752.03
2017-01-04,751.95
2017-01-05,752.01
2017-01-06,752.03
2017-01-07,752.12
2017-01-08,752.12
2017-01-09,752.1
2017-01-10,752.23
2017-01-11,752.04
2017-01-12,752.12
2017-01-13,752.04
2017-01-14,752.13
2017-01-15,752.12
2017-01-16,752.07
2017-01-17,751.97
2017-01-18,751.96
2017-01-19,752.09
2017-01-20,752.19
2017-01-21,752.06
2017-01-22,752.08
2017-01-23,752.09
2017-01-24,752.1
2017-01-25,752.07
2017-01-26,752.06
2017-01-27,752.07
2017-01-28,752.15
2017-01-29,752.11
2017-01-30,752.08
2017-01-31,752.07
2017-02-01,799.71
2017-02-02,803.04
2017-02-03,804.49
2017-02-04,804.52
2017-02-05,804.77
2017-02-06,805.03
2017-02-07,805.26
2017-02-08,805.42
2017-02-09,805.47
2017-02-10,805.38
2017-02-11,805.44
2017-02-12,805.53
2017-02-13,805.56
2017-02-14,805.57
2017-02-15,805.65
2017-02-16,805.55
2017-02-17,805.67
2017-02-18,805.59
2017-02-19,805.62
2017-02-20,805.7
2017-02-21,805.7
2017-02-22,805.81
2017-02-23,805.71
2017-02-24,805.64
2017-02-25,805.84
2017-02-26,805.8
2017-02-27,805.84
2017-02-28,805.85
2017-03-01,853.4
2017-03-02,856.45
2017-03-03,857.75
2017-03-04,858.03
2017-03-05,858.18
2017-03-06,858.36
2017-03-07,858.63
2017-03-08,858.72
2017-03-09,858.68
2017-03-10,858.83
2017-03-11,858.9
2017-03-12,858.76
2017-03-13,858.69
2017-03-14,858.86
2017-03-15,858.84
2017-03-16,858.97
2017-03-17,858.76
2017-03-18,858.83
2017-03-19,858.85
2017-03-20,858.89
2017-03-21,858.87
2017-03-22,858.84
2017-03-23,859.04
2017-03-24,858.84
2017-03-25,858.75
2017-03-26,858.79
2017-03-27,858.75
2017-03-28,858.83
2017-03-29,858.82
2017-03-30,858.93
2017-03-31,859.01
2017-04-01,859.02
2017-04-02,858.98
2017-04-03,858.98
2017-04-04,858.73
2017-04-05,858.66
2017-04-06,858.44
2017-04-07,858.34
2017-04-08,858.49
2017-04-09,858.32
2017-04-10,858.03
2017-04-11,857.98
2017-04-12,857.92
2017-04-13,858.09
2017-04-14,857.97
2017-04-15,857.89
2017-04-16,857.77
2017-04-17,857.83
2017-04-18,857.92
2017-04-19,857.91
2017-04-20,857.87
2017-04-21,857.87
2017-04-22,857.73
2017-04-23,857.73
2017-04-24,857.77
2017-04-25,857.81
2017-04-26,857.6
2017-04-27,857.62
2017-04-28,857.69
2017-04-29,857.78
2017-04-30,857.63
2017-05-01,846.42
2017-05-02,844.44
2017-05-03,843.78
2017-05-04,843.5
2017-05-05,843.2
2017-05-06,843.16
2017-05-07,842.9
2017-05-08,842.9
2017-05-09,842.81
2017-05-10,842.7
2017-05-11,842.54
2017-05-12,842.31
2017-05-13,842.23
2017-05-14,842.25
2017-05-15,842.39
2017-05-16,842.23
2017-05-17,842.01
2017-05-18,841.92
2017-05-19,841.76
2017-05-20,841.97
2017-05-21,841.77
2017-05-22,841.61
2017-05-23,841.45
2017-05-24,841.36
2017-05-25,841.33
2017-05-26,841.23
2017-05-27,841.09
2017-05-28,841.04
2017-05-29,841.14
2017-05-30,841.06
2017-05-31,841.0
2017-06-01,814.35
2017-06-02,808.77
2017-06-03,807.31
2017-06-04,807.08
2017-06-05,806.82
2017-06-06,806.28
2017-06-07,805.84
2017-06-08,805.29
2017-06-09,804.83
2017-06-10,804.44
2017-06-11,804.57
2017-06-12,804.37
2017-06-13,804.27
2017-06-14,804.0
2017-06-15,804.0
2017-06-16,803.71
2017-06-17,803.71
2017-06-18,803.62
2017-06-19,803.69
2017-06-20,803.55
2017-06-21,803.29
2017-06-22,803.14
2017-06-23,803.08
2017-06-24,803.03
2017-06-25,803.03
2017-06-26,802.94
2017-06-27,802.86
2017-06-28,802.93
2017-06-29,803.08
2017-06-30,802.79
2017-07-01,791.02
2017-07-02,789.64
2017-07-03,788.35
2017-07-04,787.89
2017-07-05,787.42
2017-07-06,786.96
2017-07-07,786.75
2017-07-08,786.69
2017-07-09,786.52
2017-07-10,786.6
2017-07-11,786.24
2017-07-12,786.32
2017-07-13,786.28
2017-07-14,786.15
2017-07-15,786.06
2017-07-16,786.11
2017-07-17,786.19
2017-07-18,786.12
2017-07-19,785.86
2017-07-20,786.02
2017-07-21,785.92
2017-07-22,785.8
2017-07-23,785.88
2017-07-24,785.88
2017-07-25,785.92
2017-07-26,785.84
2017-07-27,786.05
2017-07-28,785.96
2017-07-29,785.86
2017-07-30,785.8
2017-07-31,785.9
2017-08-01,785.87
2017-08-02,785.75
2017-08-03,785.8
2017-08-04,785.75
2017-08-05,785.89
2017-08-06,785.89
2017-08-07,785.8
2017-08-08,785.71
2017-08-09,785.54
2017-08-10,785.44
2017-08-11,785.43
2017-08-12,785.41
2017-08-13,785.4
2017-08-14,785.45
2017-08-15,785.38
2017-08-16,785.43
2017-08-17,785.55
2017-08-18,785.44
2017-08-19,785.57
2017-08-20,785.52
2017-08-21,785.48
2017-08-22,785.47
2017-08-23,785.52
2017-08-24,785.41
2017-08-25,785.38
2017-08-26,785.45
2017-08-27,785.34
2017-08-28,785.45
2017-08-29,785.37
2017-08-30,785.47
2017-08-31,785.51
2017-09-01,810.31
2017-09-02,811.99
2017-09-03,812.34
2017-09-04,812.83
2017-09-05,813.46
2017-09-06,813.51
2017-09-07,813.52
2017-09-08,813.56
2017-09-09,813.69
2017-09-10,813.62
2017-09-11,813.75
2017-09-12,813.74
2017-09-13,813.67
2017-09-14,813.72
2017-09-15,813.59
2017-09-16,813.7
2017-09-17,813.63
2017-09-18,813.63
2017-09-19,813.65
2017-09-20,813.64
2017-09-21,813.64
2017-09-22,813.56
2017-09-23,813.67
2017-09-24,813.65
2017-09-25,813.65
2017-09-26,813.58
2017-09-27,813.7
2017-09-28,813.65
2017-09-29,813.67
2017-09-30,813.72
2017-10-01,837.99
2017-10-02,840.52
2017-10-03,841.0
2017-10-04,841.1
2017-10-05,841.15
2017-10-06,841.01
2017-10-07,841.2
2017-10-08,841.09
2017-10-09,841.19
2017-10-10,841.24
2017-10-11,841.34
2017-10-12,841.32
2017-10-13,841.36
2017-10-14,841.55
2017-10-15,841.47
2017-10-16,841.44
2017-10-17,841.39
2017-10-18,841.39
2017-10-19,841.3
2017-10-20,841.32
2017-10-21,841.35
2017-10-22,841.28
2017-10-23,841.34
2017-10-24,841.38
2017-10-25,841.42
2017-10-26,841.38
2017-10-27,841.46
2017-10-28,841.55
2017-10-29,841.47
2017-10-30,841.51
2017-10-31,841.54
2017-11-01,880.87
2017-11-02,883.39
2017-11-03,884.06
2017-11-04,884.28
2017-11-05,884.36
2017-11-06,884.56
2017-11-07,884.76
2017-11-08,884.77
2017-11-09,884.76
2017-11-10,884.8
2017-11-11,885.07
2017-11-12,885.0
2017-11-13,885.0
2017-11-14,884.76
2017-11-15,884.84
2017-11-16,884.79
2017-11-17,884.75
2017-11-18,884.69
2017-11-19,884.85
2017-11-20,885.26
2017-11-21,884.95
2017-11-22,884.91
2017-11-23,884.85
2017-11-24,884.84
2017-11-25,884.92
2017-11-26,884.88
2017-11-27,884.99
2017-11-28,884.91
2017-11-29,884.94
2017-11-30,885.01
2017-12-01,885.19
2017-12-02,885.2
2017-12-03,885.26
2017-12-04,885.12
2017-12-05,885.04
2017-12-06,885.07
2017-12-07,885.1
2017-12-08,884.89
2017-12-09,884.98
2017-12-10,884.78
2017-12-11,885.06
2017-12-12,885.07
2017-12-13,884.93
2017-12-14,884.98
2017-12-15,884.81
2017-12-16,885.0
2017-12-17,885.02
2017-12-18,885.0
2017-12-19,885.12
2017-12-20,885.1
2017-12-21,885.01
2017-12-22,884.98
2017-12-23,885.2
2017-12-24,885.14
2017-12-25,885.16
2017-12-26,885.03
2017-12-27,884.98
2017-12-28,884.99
2017-12-29,885.08
2017-12-30,885.21
2017-12-31,885.31
2018-01-01,885.31
2018-01-02,885.15
2018-01-03,885.41
2018-01-04,885.45
2018-01-05,885.31
2018-01-06,885.25
2018-01-07,885.25
2018-01-08,885.3
2018-01-09,885.28
2018-01-10,885.26
2018-01-11,885.31
2018-01-12,885.3
2018-01-13,885.32
2018-01-14,885.26
2018-01-15,885.26
2018-01-16,885.18
2018-01-17,885.2
2018-01-18,885.21
2018-01-19,885.16
2018-01-20,885.47
2018-01-21,885.48
2018-01-22,885.34
2018-01-23,885.21
2018-01-24,885.29
2018-01-25,885.2
2018-01-26,885.15
2018-01-27,885.36
2018-01-28,885.32
2018-01-29,885.2
2018-01-30,885.29
2018-01-31,885.21
2018-02-01,885.54
2018-02-02,885.59
2018-02-03,885.9
2018-02-04,885.98
2018-02-05,886.11
2018-02-06,886.04
2018-02-07,886.22
2018-02-08,886.08
2018-02-09,885.99
2018-02-10,885.99
2018-02-11,886.07
2018-02-12,886.06
2018-02-13,885.97
2018-02-14,885.97
2018-02-15,885.97
2018-02-16,885.92
2018-02-17,885.96
2018-02-18,885.99
2018-02-19,885.87
2018-02-20,886.05
2018-02-21,886.03
2018-02-22,885.92
2018-02-23,885.91
2018-02-24,885.97
2018-02-25,885.91
2018-02-26,885.9
2018-02-27,885.95
2018-02-28,885.99
2018-03-01,864.78
2018-03-02,861.22
2018-03-03,859.39
2018-03-04,859.1
2018-03-05,858.87
2018-03-06,857.94
2018-03-07,857.66
2018-03-08,857.4
2018-03-09,857.34
2018-03-10,857.12
2018-03-11,856.9
2018-03-12,856.98
2018-03-13,856.77
2018-03-14,856.69
2018-03-15,856.6
2018-03-16,856.52
2018-03-17,856.45
2018-03-18,856.26
2018-03-19,856.34
2018-03-20,856.39
2018-03-21,856.17
2018-03-22,856.36
2018-03-23,856.18
2018-03-24,856.01
2018-03-25,855.89
2018-03-26,855.98
2018-03-27,855.99
2018-03-28,855.95
2018-03-29,855.85
2018-03-30,855.81
2018-03-31,855.62
2018-04-01,837.15
2018-04-02,832.34
2018-04-03,830.41
2018-04-04,829.67
2018-04-05,829.27
2018-04-06,829.09
2018-04-07,828.93
2018-04-08,828.59
2018-04-09,828.64
2018-04-10,828.49
2018-04-11,828.52
2018-04-12,828.36
2018-04-13,828.28
2018-04-14,828.22
2018-04-15,828.02
2018-04-16,828.21
2018-04-17,828.11
2018-04-18,827.98
2018-04-19,828.07
2018-04-20,827.92
2018-04-21,827.79
2018-04-22,827.69
2018-04-23,827.91
2018-04-24,827.79
2018-04-25,827.79
2018-04-26,827.81
2018-04-27,827.77
2018-04-28,827.71
2018-04-29,827.5
2018-04-30,827.74
2018-05-01,827.51
2018-05-02,827.39
2018-05-03,827.48
2018-05-04,827.23
2018-05-05,827.06
2018-05-06,827.02
2018-05-07,827.02
2018-05-08,827.03
2018-05-09,827.17
2018-05-10,826.97
2018-05-11,826.97
2018-05-12,827.07
2018-05-13,826.97
2018-05-14,827.12
2018-05-15,827.03
2018-05-16,827.05
2018-05-17,826.84
2018-05-18,826.71
2018-05-19,826.81
2018-05-20,826.74
2018-05-21,826.77
2018-05-22,826.61
2018-05-23,826.71
2018-05-24,826.82
2018-05-25,826.73
2018-05-26,826.74
2018-05-27,826.65
2018-05-28,826.67
2018-05-29,826.85
2018-05-30,826.73
2018-05-31,826.71
2018-06-01,841.97
2018-06-02,843.12
2018-06-03,843.13
2018-06-04,843.39
2018-06-05,843.71
2018-06-06,843.63
2018-06-07,843.65
2018-06-08,843.62
2018-06-09,843.77
2018-06-10,843.72
2018-06-11,843.86
2018-06-12,843.9
2018-06-13,843.83
2018-06-14,843.96
2018-06-15,843.86
2018-06-16,843.86
2018-06-17,843.88
2018-06-18,843.99
2018-06-19,843.86
2018-06-20,843.96
2018-06-21,843.85
2018-06-22,843.78
2018-06-23,843.82
2018-06-24,843.83
2018-06-25,843.89
2018-06-26,843.84
2018-06-27,843.83
2018-06-28,843.84
2018-06-29,843.82
2018-06-30,843.93
2018-07-01,865.64
2018-07-02,867.92
2018-07-03,868.68
2018-07-04,869.03
2018-07-05,869.07
2018-07-06,869.11
2018-07-07,869.24
2018-07-08,869.19
2018-07-09,869.29
2018-07-10,869.23
2018-07-11,869.23
2018-07-12,869.2
2018-07-13,869.14
2018-07-14,869.31
2018-07-15,869.27
2018-07-16,869.26
2018-07-17,869.35
2018-07-18,869.45
2018-07-19,869.34
2018-07-20,869.35
2018-07-21,869.38
2018-07-22,869.32
2018-07-23,869.46
2018-07-24,869.31
2018-07-25,869.31
2018-07-26,869.4
2018-07-27,869.26
2018-07-28,869.33
2018-07-29,869.33
2018-07-30,869.37
2018-07-31,869.38
2018-08-01,892.31
2018-08-02,893.91
2018-08-03,894.39
2018-08-04,894.54
2018-08-05,894.7
2018-08-06,894.82
2018-08-07,894.89
2018-08-08,894.88
2018-08-09,894.92
2018-08-10,894.82
2018-08-11,894.85
2018-08-12,894.81
2018-08-13,894.89
2018-08-14,894.92
2018-08-15,894.87
2018-08-16,894.98
2018-08-17,894.89
2018-08-18,894.91
2018-08-19,894.95
2018-08-20,894.9
2018-08-21,894.9
2018-08-22,894.83
2018-08-23,895.17
2018-08-24,895.09
2018-08-25,895.18
2018-08-26,895.15
2018-08-27,895.17
2018-08-28,895.19
2018-08-29,895.21
2018-08-30,895.23
2018-08-31,895.19
2018-09-01,895.43
2018-09-02,895.33
2018-09-03,895.28
2018-09-04,895.86
2018-09-05,895.68
2018-09-06,895.65
2018-09-07,895.59
2018-09-08,895.61
2018-09-09,895.53
2018-09-10,895.54
2018-09-11,895.44
2018-09-12,895.33
2018-09-13,895.41
2018-09-14,895.22
2018-09-15,895.35
2018-09-16,895.35
2018-09-17,895.09
2018-09-18,895.16
2018-09-19,895.1
2018-09-20,895.13
2018-09-21,895.09
2018-09-22,895.36
2018-09-23,895.36
2018-09-24,895.33
2018-09-25,895.47
2018-09-26,895.41
2018-09-27,895.41
2018-09-28,895.32
2018-09-29,895.32
2018-09-30,895.39
2018-10-01,930.44
2018-10-02,933.04
2018-10-03,933.54
2018-10-04,933.88
2018-10-05,934.12
2018-10-06,934.26
2018-10-07,934.21
2018-10-08,934.42
2018-10-09,934.35
2018-10-10,934.48
2018-10-11,934.42
2018-10-12,934.31
2018-10-13,934.38
2018-10-14,934.29
2018-10-15,934.45
2018-10-16,934.5
2018-10-17,934.48
2018-10-18,934.47
2018-10-19,934.46
2018-10-20,934.5
2018-10-21,934.46
2018-10-22,934.48
2018-10-23,934.48
2018-10-24,934.5
2018-10-25,934.46
2018-10-26,934.41
2018-10-27,934.45
2018-10-28,934.45
2018-10-29,934.43
2018-10-30,934.38
2018-10-31,934.37
2018-11-01,934.43
2018-11-02,934.23
2018-11-03,934.4
2018-11-04,934.7
2018-11-05,934.33
2018-11-06,913.78
2018-11-07,909.54
2018-11-08,907.63
2018-11-09,906.86
2018-11-10,906.46
2018-11-11,906.19
2018-11-12,905.97
2018-11-13,905.6
2018-11-14,905.37
2018-11-15,905.1
2018-11-16,904.94
2018-11-17,904.96
2018-11-18,904.78
2018-11-19,904.87
2018-11-20,904.78
2018-11-21,904.74
2018-11-22,904.59
2018-11-23,904.48
2018-11-24,904.54
2018-11-25,904.47
2018-11-26,904.48
2018-11-27,904.4
2018-11-28,904.52
2018-11-29,904.5
2018-11-30,904.51
2018-12-01,874.37
2018-12-02,870.55
2018-12-03,867.87
2018-12-04,866.1
2018-12-05,864.8
2018-12-06,863.95
2018-12-07,863.49
2018-12-08,863.3
2018-12-09,862.86
2018-12-10,862.89
2018-12-11,862.68
2018-12-12,862.45
2018-12-13,862.29
2018-12-14,862.36
2018-12-15,862.24
2018-12-16,862.07
2018-12-17,862.17
2018-12-18,862.16
2018-12-19,862.14
2018-12-20,862.11
2018-12-21,861.99
2018-12-22,861.74
2018-12-23,861.88
2018-12-24,862.12
2018-12-25,861.89
2018-12-26,862.13
2018-12-27,861.81
2018-12-28,861.86
2018-12-29,861.97
2018-12-30,861.7
2018-12-31,861.92
2019-01-01,817.49
2019-01-02,808.84
2019-01-03,804.94
2019-01-04,803.57
2019-01-05,802.74
2019-01-06,802.22
2019-01-07,802.03
2019-01-08,801.82
2019-01-09,801.31
2019-01-10,801.05
2019-01-11,800.75
2019-01-12,800.48
2019-01-13,800.16
2019-01-14,800.38
2019-01-15,800.43
2019-01-16,800.09
2019-01-17,799.99
2019-01-18,799.7
2019-01-19,799.5
2019-01-20,799.49
2019-01-21,799.66
2019-01-22,799.74
2019-01-23,799.68
2019-01-24,799.44
2019-01-25,799.48
2019-01-26,799.51
2019-01-27,799.12
2019-01-28,799.77
2019-01-29,799.44
2019-01-30,799.39
2019-01-31,799.31
2019-02-01,799.22
2019-02-02,799.29
2019-02-03,799.23
2019-02-04,799.57
2019-02-05,799.67
2019-02-06,799.68
2019-02-07,798.98
2019-02-08,798.79
2019-02-09,798.68
2019-02-10,798.48
2019-02-11,798.71
2019-02-12,798.64
2019-02-13,798.6
2019-02-14,798.5
2019-02-15,798.47
2019-02-16,798.45
2019-02-17,798.46
2019-02-18,798.63
2019-02-19,798.59
2019-02-20,798.35
2019-02-21,798.25
2019-02-22,798.37
2019-02-23,798.18
2019-02-24,798.08
2019-02-25,798.29
2019-02-26,798.05
2019-02-27,798.15
2019-02-28,798.04
2019-03-01,797.82
2019-03-02,797.95
2019-03-03,797.93
2019-03-04,797.99
2019-03-05,797.87
2019-03-06,797.75
2019-03-07,797.95
2019-03-08,797.74
2019-03-09,797.76
2019-03-10,797.91
2019-03-11,797.92
2019-03-12,797.86
2019-03-13,797.77
2019-03-14,797.59
2019-03-15,797.5
2019-03-16,797.7
2019-03-17,797.41
2019-03-18,797.44
2019-03-19,797.31
2019-03-20,797.48
2019-03-21,797.35
2019-03-22,797.22
2019-03-23,797.07
2019-03-24,797.02
2019-03-25,797.04
2019-03-26,797.04
2019-03-27,797.18
2019-03-28,796.96
2019-03-29,797.03
2019-03-30,796.91
2019-03-31,796.79
2019-04-01,796.89
2019-04-02,796.72
2019-04-03,796.7
2019-04-04,796.56
2019-04-05,796.56
2019-04-06,796.63
2019-04-07,796.47
2019-04-08,796.83
2019-04-09,796.61
2019-04-10,796.66
2019-04-11,796.61
2019-04-12,796.63
2019-04-13,796.59
2019-04-14,796.53
2019-04-15,796.7
2019-04-16,796.69
2019-04-17,796.54
2019-04-18,796.32
2019-04-19,796.27
2019-04-20,796.24
2019-04-21,796.18
2019-04-22,796.12
2019-04-23,796.22
2019-04-24,796.26
2019-04-25,796.07
2019-04-26,796.18
2019-04-27,796.15
2019-04-28,796.14
2019-04-29,796.21
2019-04-30,796.26
2019-05-01,830.99
2019-05-02,833.06
2019-05-03,834.48
2019-05-04,835.07
2019-05-05,835.22
2019-05-06,835.29
2019-05-07,848.97
2019-05-08,849.69
2019-05-09,849.91
2019-05-10,849.88
2019-05-11,850.0
2019-05-12,850.04
2019-05-13,849.93
2019-05-14,849.96
2019-05-15,850.14
2019-05-16,850.15
2019-05-17,850.07
2019-05-18,850.68
2019-05-19,850.77
2019-05-20,851.34
2019-05-21,851.62
2019-05-22,851.75
2019-05-23,851.7
2019-05-24,851.71
2019-05-25,851.82
2019-05-26,851.83
2019-05-27,851.91
2019-05-28,851.85
2019-05-29,851.97
2019-05-30,851.87
2019-05-31,851.65
2019-06-01,851.82
2019-06-02,851.75
2019-06-03,851.8
2019-06-04,851.8
2019-06-05,851.84
2019-06-06,851.81
2019-06-07,851.78
2019-06-08,851.76
2019-06-09,851.77
2019-06-10,851.82
2019-06-11,851.79
2019-06-12,851.69
2019-06-13,851.68
2019-06-14,851.55
2019-06-15,851.65
2019-06-16,851.63
2019-06-17,851.61
2019-06-18,851.59
2019-06-19,851.56
2019-06-20,851.55
2019-06-21,851.56
2019-06-22,851.53
2019-06-23,851.47
2019-06-24,851.54
2019-06-25,851.45
2019-06-26,851.39
2019-06-27,851.27
2019-06-28,851.29
2019-06-29,851.32
2019-06-30,851.32
2019-07-01,811.97
2019-07-02,802.72
2019-07-03,799.67
2019-07-04,798.4
2019-07-05,797.72
2019-07-06,797.53
2019-07-07,797.48
2019-07-08,797.22
2019-07-09,796.73
2019-07-10,796.4
2019-07-11,796.29
2019-07-12,796.18
2019-07-13,795.88
2019-07-14,795.74
2019-07-15,795.75
2019-07-16,795.86
2019-07-17,795.81
2019-07-18,795.55
2019-07-19,795.5
2019-07-20,795.41
2019-07-21,795.42
2019-07-22,795.5
2019-07-23,795.59
2019-07-24,795.39
2019-07-25,795.32
2019-07-26,795.15
2019-07-27,795.23
2019-07-28,795.07
2019-07-29,795.21
2019-07-30,795.18
2019-07-31,795.32
2019-08-01,788.07
2019-08-02,786.99
2019-08-03,786.51
2019-08-04,786.32
2019-08-05,786.11
2019-08-06,785.92
2019-08-07,785.66
2019-08-08,785.51
2019-08-09,785.38
2019-08-10,785.35
2019-08-11,785.35
2019-08-12,785.46
2019-08-13,785.47
2019-08-14,785.51
2019-08-15,785.16
2019-08-16,785.29
2019-08-17,785.14
2019-08-18,784.88
2019-08-19,784.95
2019-08-20,784.93
2019-08-21,784.86
2019-08-22,784.67
2019-08-23,784.68
2019-08-24,784.72
2019-08-25,784.51
2019-08-26,784.79
2019-08-27,784.84
2019-08-28,784.78
2019-08-29,784.7
2019-08-30,784.95
2019-08-31,784.73
2019-09-01,785.16
2019-09-02,785.11
2019-09-03,785.16
2019-09-04,785.16
2019-09-05,785.1
2019-09-06,785.1
2019-09-07,784.78
2019-09-08,784.72
2019-09-09,784.85
2019-09-10,784.98
2019-09-11,784.92
2019-09-12,784.8
2019-09-13,784.81
2019-09-14,784.92
2019-09-15,784.73
2019-09-16,784.65
2019-09-17,784.67
2019-09-18,784.66
2019-09-19,784.64
2019-09-20,784.62
2019-09-21,784.37
2019-09-22,784.25
2019-09-23,784.38
2019-09-24,784.47
2019-09-25,784.37
2019-09-26,784.43
2019-09-27,784.3
2019-09-28,784.26
2019-09-29,784.23
2019-09-30,784.45
2019-10-01,784.23
2019-10-02,784.24
2019-10-03,784.11
2019-10-04,784.19
2019-10-05,784.12
2019-10-06,783.91
2019-10-07,784.01
2019-10-08,784.0
2019-10-09,783.74
2019-10-10,783.83
2019-10-11,783.67
2019-10-12,783.6
2019-10-13,783.47
2019-10-14,783.61
2019-10-15,783.57
2019-10-16,783.5
2019-10-17,783.55
2019-10-18,783.41
2019-10-19,783.47
2019-10-20,783.26
2019-10-21,783.44
2019-10-22,783.44
2019-10-23,783.41
2019-10-24,783.31
2019-10-25,783.37
2019-10-26,783.29
2019-10-27,783.22
2019-10-28,783.68
2019-10-29,783.69
2019-10-30,783.71
2019-10-31,783.83
2019-11-01,807.98
2019-11-02,809.62
2019-11-03,809.9
2019-11-04,809.89
2019-11-05,810.51
2019-11-06,810.87
2019-11-07,810.93
2019-11-08,810.8
2019-11-09,810.8
2019-11-10,810.69
2019-11-11,810.84
2019-11-12,810.83
2019-11-13,810.75
2019-11-14,810.85
2019-11-15,810.76
2019-11-16,810.76
2019-11-17,810.65
2019-11-18,810.81
2019-11-19,810.74
2019-11-20,810.61
2019-11-21,810.68
2019-11-22,810.55
2019-11-23,810.57
2019-11-24,810.5
2019-11-25,810.66
2019-11-26,810.62
2019-11-27,810.72
2019-11-28,810.57
2019-11-29,810.69
2019-11-30,810.61
2019-12-01,819.06
2019-12-02,820.24
2019-12-03,820.6
2019-12-04,820.64
2019-12-05,820.72
2019-12-06,820.78
2019-12-07,820.76
2019-12-08,820.72
2019-12-09,820.76
2019-12-10,820.85
2019-12-11,820.81
2019-12-12,820.9
2019-12-13,820.85
2019-12-14,820.8
2019-12-15,820.71
2019-12-16,820.79
2019-12-17,820.6
2019-12-18,820.7
2019-12-19,820.61
2019-12-20,820.63
2019-12-21,820.6
2019-12-22,820.65
2019-12-23,820.58
2019-12-24,820.67
2019-12-25,820.6
2019-12-26,820.61
2019-12-27,820.67
2019-12-28,820.62
2019-12-29,820.53
2019-12-30,820.65
2019-12-31,820.66
2020-01-01,820.73
2020-01-02,820.76
2020-01-03,820.73
2020-01-04,821.3
2020-01-05,821.19
2020-01-06,820.83
2020-01-07,820.82
2020-01-08,820.87
2020-01-09,820.9
2020-01-10,820.8
2020-01-11,820.7
2020-01-12,820.66
2020-01-13,820.65
2020-01-14,820.7
2020-01-15,820.71
2020-01-16,820.67
2020-01-17,820.63
2020-01-18,820.59
2020-01-19,820.53
2020-01-20,820.58
2020-01-21,820.69
2020-01-22,820.57
2020-01-23,820.6
2020-01-24,820.69
2020-01-25,820.71
2020-01-26,820.63
2020-01-27,820.75
2020-01-28,820.7
2020-01-29,820.78
2020-01-30,820.81
2020-01-31,820.86
2020-02-01,868.63
2020-02-02,871.15
2020-02-03,872.94
2020-02-04,873.88
2020-02-05,874.41
2020-02-06,874.75
2020-02-07,874.71
2020-02-08,874.85
2020-02-09,875.1
2020-02-10,875.05
2020-02-11,875.17
2020-02-12,875.22
2020-02-13,875.09
2020-02-14,875.11
2020-02-15,875.15
2020-02-16,875.05
2020-02-17,875.15
2020-02-18,875.16
2020-02-19,875.23
2020-02-20,875.11
2020-02-21,875.13
2020-02-22,875.06
2020-02-23,874.86
2020-02-24,874.73
2020-02-25,874.74
2020-02-26,874.62
2020-02-27,874.65
2020-02-28,874.62
2020-02-29,874.65
2020-03-01,874.7
2020-03-02,874.64
2020-03-03,874.44
2020-03-04,874.45
2020-03-05,874.32
2020-03-06,874.51
2020-03-07,874.48
2020-03-08,874.51
2020-03-09,874.37
2020-03-10,874.36
2020-03-11,874.21
2020-03-12,874.35
2020-03-13,874.31
2020-03-14,874.32
2020-03-15,874.33
2020-03-16,874.44
2020-03-17,874.38
2020-03-18,874.38
2020-03-19,874.31
2020-03-20,874.23
2020-03-21,874.18
2020-03-22,874.24
2020-03-23,874.24
2020-03-24,874.21
2020-03-25,874.14
2020-03-26,874.2
2020-03-27,874.14
2020-03-28,874.11
2020-03-29,874.14
2020-03-30,874.03
2020-03-31,874.16
2020-04-01,828.46
2020-04-02,822.74
2020-04-03,821.1
2020-04-04,820.44
2020-04-05,820.18
2020-04-06,819.86
2020-04-07,819.16
2020-04-08,819.16
2020-04-09,818.71
2020-04-10,818.26
2020-04-11,818.13
2020-04-12,817.95
2020-04-13,817.81
2020-04-14,817.72
2020-04-15,817.56
2020-04-16,817.72
2020-04-17,817.42
2020-04-18,817.2
2020-04-19,817.04
2020-04-20,817.24
2020-04-21,817.07
2020-04-22,817.22
2020-04-23,816.94
2020-04-24,816.97
2020-04-25,816.79
2020-04-26,816.73
2020-04-27,816.75
2020-04-28,816.89
2020-04-29,817.0
2020-04-30,816.65
2020-05-01,745.43
2020-05-02,737.57
2020-05-03,734.13
2020-05-04,731.27
2020-05-05,729.47
2020-05-06,727.86
2020-05-07,726.72
2020-05-08,726.2
2020-05-09,725.07
2020-05-10,724.71
2020-05-11,724.51
2020-05-12,724.04
2020-05-13,723.75
2020-05-14,723.23
2020-05-15,722.99
2020-05-16,722.71
2020-05-17,722.51
2020-05-18,722.73
2020-05-19,722.35
2020-05-20,722.0
2020-05-21,721.91
2020-05-22,721.89
2020-05-23,721.59
2020-05-24,721.58
2020-05-25,721.85
2020-05-26,721.6
2020-05-27,721.43
2020-05-28,721.4
2020-05-29,721.4
2020-05-30,721.19
2020-05-31,721.09
2020-06-01,748.16
2020-06-02,749.15
2020-06-03,749.31
2020-06-04,749.39
2020-06-05,749.62
2020-06-06,749.4
2020-06-07,749.33
2020-06-08,749.57
2020-06-09,749.67
2020-06-10,749.7
2020-06-11,749.49
2020-06-12,749.47
2020-06-13,749.4
2020-06-14,749.13
2020-06-15,749.34
2020-06-16,749.54
2020-06-17,749.46
2020-06-18,749.63
2020-06-19,749.73
2020-06-20,749.63
2020-06-21,749.58
2020-06-22,749.74
2020-06-23,749.63
2020-06-24,749.68
2020-06-25,749.51
2020-06-26,749.67
2020-06-27,749.57
2020-06-28,749.49
2020-06-29,749.9
2020-06-30,750.06
2020-07-01,758.94
2020-07-02,759.79
2020-07-03,760.31
2020-07-04,760.02
2020-07-05,759.87
2020-07-06,760.13
2020-07-07,760.08
2020-07-08,760.04
2020-07-09,760.04
2020-07-10,760.05
2020-07-11,760.08
2020-07-12,759.9
2020-07-13,760.09
2020-07-14,760.06
2020-07-15,760.0
2020-07-16,760.09
2020-07-17,759.96
2020-07-18,759.87
2020-07-19,759.66
2020-07-20,759.83
2020-07-21,759.78
2020-07-22,759.92
2020-07-23,759.91
2020-07-24,760.0
2020-07-25,759.97
2020-07-26,759.73
2020-07-27,759.88
2020-07-28,759.95
2020-07-29,759.94
2020-07-30,759.95
2020-07-31,759.96
2020-08-01,760.45
2020-08-02,760.2
2020-08-03,760.32
2020-08-04,760.38
2020-08-05,760.74
2020-08-06,760.43
2020-08-07,760.46
2020-08-08,760.32
2020-08-09,760.32
2020-08-10,760.44
2020-08-11,760.53
2020-08-12,760.32
2020-08-13,760.29
2020-08-14,760.4
2020-08-15,760.43
2020-08-16,760.44
2020-08-17,760.6
2020-08-18,760.54
2020-08-19,760.44
2020-08-20,760.51
2020-08-21,760.4
2020-08-22,760.35
2020-08-23,760.13
2020-08-24,760.39
2020-08-25,760.36
2020-08-26,760.45
2020-08-27,760.4
2020-08-28,760.34
2020-08-29,760.13
2020-08-30,760.14
2020-08-31,760.31
2020-09-01,770.43
2020-09-02,771.03
2020-09-03,771.39
2020-09-04,771.43
2020-09-05,771.37
2020-09-06,771.32
2020-09-07,771.44
2020-09-08,771.42
2020-09-09,771.34
2020-09-10,771.39
2020-09-11,771.34
2020-09-12,771.35
2020-09-13,771.34
2020-09-14,771.43
2020-09-15,771.56
2020-09-16,771.65
2020-09-17,771.79
2020-09-18,771.89
2020-09-19,771.83
2020-09-20,771.71
2020-09-21,771.82
2020-09-22,771.71
2020-09-23,771.83
2020-09-24,771.78
2020-09-25,771.59
2020-09-26,771.55
2020-09-27,771.53
2020-09-28,771.57
2020-09-29,771.66
2020-09-30,771.51
2020-10-01,771.6
2020-10-02,771.55
2020-10-03,771.54
2020-10-04,772.18
2020-10-05,771.66
2020-10-06,771.6
2020-10-07,771.59
2020-10-08,771.48
2020-10-09,771.39
2020-10-10,771.42
2020-10-11,771.35
2020-10-12,771.56
2020-10-13,771.4
2020-10-14,771.53
2020-10-15,771.47
2020-10-16,771.47
2020-10-17,771.35
2020-10-18,771.27
2020-10-19,771.24
2020-10-20,771.36
2020-10-21,771.3
2020-10-22,771.24
2020-10-23,771.15
2020-10-24,771.2
2020-10-25,771.08
2020-10-26,771.17
2020-10-27,770.98
2020-10-28,771.11
2020-10-29,771.16
2020-10-30,771.06
2020-10-31,770.98
2020-11-01,770.71
2020-11-02,770.85
2020-11-03,770.84
2020-11-04,770.75
2020-11-05,770.8
2020-11-06,770.79
2020-11-07,770.71
2020-11-08,770.68
2020-11-09,770.7
2020-11-10,770.8
2020-11-11,770.57
2020-11-12,770.61
2020-11-13,770.62
2020-11-14,770.5
2020-11-15,770.4
2020-11-16,770.54
2020-11-17,770.53
2020-11-18,770.58
2020-11-19,770.55
2020-11-20,770.64
2020-11-21,770.49
2020-11-22,770.49
2020-11-23,770.49
2020-11-24,770.57
2020-11-25,770.52
2020-11-26,770.55
2020-11-27,770.49
2020-11-28,770.55
2020-11-29,770.56
2020-11-30,770.64
2020-12-01,794.25
2020-12-02,795.92
2020-12-03,796.59
2020-12-04,796.66
2020-12-05,796.81
2020-12-06,796.77
2020-12-07,797.0
2020-12-08,797.09
2020-12-09,797.07
2020-12-10,797.13
2020-12-11,797.13
2020-12-12,797.11
2020-12-13,797.01
2020-12-14,797.06
2020-12-15,797.19
2020-12-16,797.24
2020-12-17,797.19
2020-12-18,797.18
2020-12-19,797.05
2020-12-20,796.99
2020-12-21,797.05
2020-12-22,797.23
2020-12-23,797.12
2020-12-24,797.19
2020-12-25,797.08
2020-12-26,797.19
2020-12-27,797.13
2020-12-28,797.23
2020-12-29,797.17
2020-12-30,797.23
2020-12-31,797.29
2021-01-01,797.31
2021-01-02,797.38
2021-01-03,797.96
2021-01-04,797.43
2021-01-05,797.43
2021-01-06,797.36
2021-01-07,797.38
2021-01-08,797.25
2021-01-09,797.17
2021-01-10,797.16
2021-01-11,797.24
2021-01-12,797.14
2021-01-13,797.13
2021-01-14,797.09
2021-01-15,797.18
2021-01-16,797.14
2021-01-17,797.08
2021-01-18,797.14
2021-01-19,797.12
2021-01-20,797.17
2021-01-21,797.15
2021-01-22,797.06
2021-01-23,797.12
2021-01-24,797.07
2021-01-25,797.12
2021-01-26,797.09
2021-01-27,797.1
2021-01-28,797.02
2021-01-29,796.97
2021-01-30,797.05
2021-01-31,797.04
2021-02-01,841.7
2021-02-02,845.46
2021-02-03,846.91
2021-02-04,847.55
2021-02-05,847.57
2021-02-06,847.96
2021-02-07,847.95
2021-02-08,848.04
2021-02-09,848.16
2021-02-10,848.06
2021-02-11,848.24
2021-02-12,848.22
2021-02-13,848.2
2021-02-14,848.13
2021-02-15,848.24
2021-02-16,848.28
2021-02-17,848.26
2021-02-18,848.3
2021-02-19,848.32
2021-02-20,848.3
2021-02-21,848.32
2021-02-22,848.25
2021-02-23,848.43
2021-02-24,848.31
2021-02-25,848.36
2021-02-26,848.45
2021-02-27,848.54
2021-02-28,848.54
2021-03-01,891.85
2021-03-02,895.86
2021-03-03,897.62
2021-03-04,898.17
2021-03-05,898.29
2021-03-06,898.44
2021-03-07,898.55
2021-03-08,898.67
2021-03-09,898.73
2021-03-10,898.8
2021-03-11,898.85
2021-03-12,898.85
2021-03-13,898.91
2021-03-14,898.93
2021-03-15,898.97
2021-03-16,899.08
2021-03-17,899.01
2021-03-18,899.14
2021-03-19,899.05
2021-03-20,899.07
2021-03-21,898.98
2021-03-22,899.11
2021-03-23,899.0
2021-03-24,899.19
2021-03-25,899.23
2021-03-26,899.3
2021-03-27,899.31
2021-03-28,899.34
2021-03-29,899.42
2021-03-30,899.4
2021-03-31,899.48
2021-04-01,899.67
2021-04-02,899.6
2021-04-03,899.69
2021-04-04,899.78
2021-04-05,899.47
2021-04-06,899.52
2021-04-07,899.44
2021-04-08,899.34
2021-04-09,899.33
2021-04-10,899.31
2021-04-11,899.27
2021-04-12,899.38
2021-04-13,899.18
2021-04-14,899.19
2021-04-15,899.21
2021-04-16,898.9
2021-04-17,899.07
2021-04-18,898.87
2021-04-19,899.06
2021-04-20,899.17
2021-04-21,899.1
2021-04-22,899.02
2021-04-23,898.95
2021-04-24,899.13
2021-04-25,899.05
2021-04-26,899.06
2021-04-27,899.11
2021-04-28,899.21
2021-04-29,899.13
2021-04-30,899.11
2021-05-01,899.3
2021-05-02,899.25
2021-05-03,899.38
2021-05-04,899.38
2021-05-05,899.49
2021-05-06,899.51
2021-05-07,899.57
2021-05-08,899.46
2021-05-09,899.37
2021-05-10,899.41
2021-05-11,899.39
2021-05-12,899.43
2021-05-13,899.43
2021-05-14,899.46
2021-05-15,899.47
2021-05-16,899.42
2021-05-17,899.54
2021-05-18,899.51
2021-05-19,899.5
2021-05-20,899.48
2021-05-21,899.48
2021-05-22,899.46
2021-05-23,899.38
2021-05-24,899.44
2021-05-25,899.44
2021-05-26,899.52
2021-05-27,899.37
2021-05-28,899.38
2021-05-29,899.31
2021-05-30,899.29
2021-05-31,899.4
2021-06-01,882.1
2021-06-02,880.14
2021-06-03,879.23
2021-06-04,879.11
2021-06-05,879.01
2021-06-06,878.83
2021-06-07,878.84
2021-06-08,878.77
2021-06-09,878.58
2021-06-10,878.43
2021-06-11,878.54
2021-06-12,878.5
2021-06-13,878.41
2021-06-14,878.35
2021-06-15,878.42
2021-06-16,878.23
2021-06-17,878.19
2021-06-18,878.29
2021-06-19,878.01
2021-06-20,878.02
2021-06-21,878.11
2021-06-22,877.92
2021-06-23,877.85
2021-06-24,877.85
2021-06-25,877.84
2021-06-26,877.75
2021-06-27,877.69
2021-06-28,877.63
2021-06-29,877.79
2021-06-30,877.62
2021-07-01,903.72
2021-07-02,905.31
2021-07-03,905.82
2021-07-04,905.87
2021-07-05,906.23
2021-07-06,906.39
2021-07-07,906.41
2021-07-08,906.41
2021-07-09,906.46
2021-07-10,906.43
2021-07-11,906.37
2021-07-12,906.51
2021-07-13,906.5
2021-07-14,906.48
2021-07-15,906.37
2021-07-16,906.35
2021-07-17,906.39
2021-07-18,906.37
2021-07-19,906.35
2021-07-20,906.37
2021-07-21,906.24
2021-07-22,906.4
2021-07-23,906.35
2021-07-24,906.36
2021-07-25,906.37
2021-07-26,906.34
2021-07-27,906.32
2021-07-28,906.33
2021-07-29,906.42
2021-07-30,906.43
2021-07-31,907.32
2021-08-01,946.61
2021-08-02,950.72
2021-08-03,951.89
2021-08-04,952.41
2021-08-05,952.5
2021-08-06,952.58
2021-08-07,952.8
2021-08-08,952.78
2021-08-09,952.65
2021-08-10,952.68
2021-08-11,952.55
2021-08-12,952.59
2021-08-13,952.51
2021-08-14,952.43
2021-08-15,952.45
2021-08-16,952.43
2021-08-17,952.46
2021-08-18,952.42
2021-08-19,952.48
2021-08-20,952.6
2021-08-21,952.57
2021-08-22,952.61
2021-08-23,952.63
2021-08-24,952.63
2021-08-25,952.55
2021-08-26,952.49
2021-08-27,952.54
2021-08-28,952.52
2021-08-29,952.56
2021-08-30,952.52
2021-08-31,952.52
2021-09-01,978.24
2021-09-02,979.91
2021-09-03,980.31
2021-09-04,980.63
2021-09-05,980.58
2021-09-06,980.71
2021-09-07,980.58
2021-09-08,980.7
2021-09-09,980.69
2021-09-10,980.43
2021-09-11,980.56
2021-09-12,980.55
2021-09-13,980.63
2021-09-14,980.55
2021-09-15,980.64
2021-09-16,980.61
2021-09-17,980.58
2021-09-18,980.67
2021-09-19,980.72
2021-09-20,980.72
2021-09-21,980.74
2021-09-22,980.74
2021-09-23,980.75
2021-09-24,980.67
2021-09-25,980.72
2021-09-26,980.71
2021-09-27,980.64
2021-09-28,980.69
2021-09-29,980.77
2021-09-30,980.79
2021-10-01,981.18
2021-10-02,981.15
2021-10-03,981.19
2021-10-04,981.28
2021-10-05,981.21
2021-10-06,981.23
2021-10-07,981.27
2021-10-08,981.17
2021-10-09,981.24
2021-10-10,981.21
2021-10-11,981.13
2021-10-12,981.21
2021-10-13,981.24
2021-10-14,981.2
2021-10-15,981.26
2021-10-16,981.31
2021-10-17,981.2
2021-10-18,981.31
2021-10-19,981.38
2021-10-20,981.35
2021-10-21,981.3
2021-10-22,981.07
2021-10-23,981.11
2021-10-24,981.13
2021-10-25,981.09
2021-10-26,981.13
2021-10-27,981.2
2021-10-28,981.27
2021-10-29,981.22
2021-10-30,981.22
2021-10-31,981.36
2021-11-01,1069.22
2021-11-02,1075.59
2021-11-03,1077.27
2021-11-04,1077.86
2021-11-05,1077.93
2021-11-06,1078.08
2021-11-07,1078.17
2021-11-08,1078.24
2021-11-09,1078.24
2021-11-10,1078.27
2021-11-11,1078.3
2021-11-12,1047.87
2021-11-13,1043.87
2021-11-14,1043.0
2021-11-15,1041.55
2021-11-16,1040.55
2021-11-17,1040.07
2021-11-18,1039.59
2021-11-19,1039.57
2021-11-20,1039.58
2021-11-21,1039.4
2021-11-22,1039.31
2021-11-23,1039.27
2021-11-24,1039.1
2021-11-25,1039.07
2021-11-26,1039.1
2021-11-27,1038.9
2021-11-28,1038.9
2021-11-29,1039.02
2021-11-30,1038.97
2021-12-01,1083.78
2021-12-02,1086.39
2021-12-03,1087.02
2021-12-04,1087.56
2021-12-05,1087.7
2021-12-06,1087.92
2021-12-07,1087.99
2021-12-08,1087.95
2021-12-09,1088.05
2021-12-10,1087.89
2021-12-11,1087.97
2021-12-12,1087.95
2021-12-13,1087.94
2021-12-14,1087.92
2021-12-15,1087.76
2021-12-16,1087.91
2021-12-17,1087.72
2021-12-18,1087.63
2021-12-19,1087.63
2021-12-20,1087.65
2021-12-21,1087.56
2021-12-22,1087.63
2021-12-23,1087.52
2021-12-24,1087.48
2021-12-25,1087.59
2021-12-26,1087.57
2021-12-27,1087.65
2021-12-28,1087.7
2021-12-29,1087.7
2021-12-30,1087.66
2021-12-31,1087.51
2022-01-01,1075.02
2022-01-02,1074.42
2022-01-03,1073.21
2022-01-04,1072.63
2022-01-05,1072.31
2022-01-06,1072.08
2022-01-07,1071.91
2022-01-08,1071.96
2022-01-09,1071.86
2022-01-10,1071.82
2022-01-11,1071.75
2022-01-12,1071.47
2022-01-13,1071.44
2022-01-14,1071.34
2022-01-15,1071.37
2022-01-16,1071.35
2022-01-17,1071.27
2022-01-18,1071.38
2022-01-19,1071.42
2022-01-20,1071.43
2022-01-21,1071.41
2022-01-22,1071.39
2022-01-23,1071.41
2022-01-24,1071.45
2022-01-25,1071.41
2022-01-26,1071.25
2022-01-27,1071.3
2022-01-28,1071.43
2022-01-29,1071.41
2022-01-30,1071.38
2022-01-31,1071.42
2022-02-01,1056.23
2022-02-02,1054.52
2022-02-03,1052.99
2022-02-04,1052.28
2022-02-05,1051.72
2022-02-06,1051.55
2022-02-07,1051.42
2022-02-08,1050.92
2022-02-09,1050.7
2022-02-10,1050.58
2022-02-11,1050.12
2022-02-12,1049.96
2022-02-13,1049.93
2022-02-14,1049.9
2022-02-15,1049.96
2022-02-16,1049.77
2022-02-17,1049.85
2022-02-18,1049.97
2022-02-19,1049.85
2022-02-20,1049.68
2022-02-21,1049.76
2022-02-22,1049.64
2022-02-23,1049.64
2022-02-24,1049.72
2022-02-25,1049.88
2022-02-26,1049.82
2022-02-27,1049.77
2022-02-28,1049.91
2022-03-01,1079.33
2022-03-02,1081.61
2022-03-03,1082.55
2022-03-04,1082.67
2022-03-05,1082.92
2022-03-06,1082.98
2022-03-07,1083.16
2022-03-08,1083.22
2022-03-09,1083.21
2022-03-10,1083.33
2022-03-11,1083.32
2022-03-12,1083.15
2022-03-13,1083.18
2022-03-14,1083.22
2022-03-15,1083.21
2022-03-16,1083.25
2022-03-17,1083.2
2022-03-18,1083.2
2022-03-19,1083.21
2022-03-20,1083.25
2022-03-21,1083.25
2022-03-22,1083.24
2022-03-23,1083.19
2022-03-24,1083.23
2022-03-25,1083.21
2022-03-26,1083.27
2022-03-27,1083.26
2022-03-28,1083.15
2022-03-29,1083.07
2022-03-30,1083.04
2022-03-31,1083.19
2022-04-01,1155.89
2022-04-02,1161.17
2022-04-03,1161.59
2022-04-04,1162.58
2022-04-05,1163.0
2022-04-06,1163.45
2022-04-07,1163.6
2022-04-08,1163.56
2022-04-09,1163.64
2022-04-10,1163.75
2022-04-11,1163.83
2022-04-12,1163.87
2022-04-13,1163.86
2022-04-14,1163.9
2022-04-15,1163.63
2022-04-16,1163.65
2022-04-17,1163.66
2022-04-18,1163.58
2022-04-19,1163.47
2022-04-20,1163.49
2022-04-21,1163.44
2022-04-22,1163.38
2022-04-23,1163.4
2022-04-24,1163.39
2022-04-25,1163.52
2022-04-26,1163.45
2022-04-27,1163.55
2022-04-28,1163.6
2022-04-29,1163.79
2022-04-30,1163.95
2022-05-01,1141.18
2022-05-02,1138.0
2022-05-03,1136.41
2022-05-04,1135.62
2022-05-05,1135.13
2022-05-06,1134.94
2022-05-07,1134.73
2022-05-08,1134.65
2022-05-09,1134.55
2022-05-10,1134.41
2022-05-11,1134.29
2022-05-12,1134.3
2022-05-13,1134.28
2022-05-14,1134.15
2022-05-15,1134.14
2022-05-16,1134.22
2022-05-17,1134.14
2022-05-18,1133.95
2022-05-19,1133.93
2022-05-20,1133.87
2022-05-21,1133.87
2022-05-22,1133.88
2022-05-23,1133.91
2022-05-24,1133.89
2022-05-25,1133.86
2022-05-26,1133.83
2022-05-27,1133.8
2022-05-28,1133.84
2022-05-29,1133.8
2022-05-30,1133.96
2022-05-31,1133.89
2022-06-01,1133.65
2022-06-02,1133.8
2022-06-03,1133.91
2022-06-04,1133.72
2022-06-05,1133.79
2022-06-06,1133.89
2022-06-07,1133.62
2022-06-08,1133.57
2022-06-09,1133.61
2022-06-10,1133.58
2022-06-11,1133.6
2022-06-12,1133.58
2022-06-13,1133.66
2022-06-14,1133.57
2022-06-15,1133.69
2022-06-16,1133.66
2022-06-17,1133.68
2022-06-18,1133.69
2022-06-19,1133.74
2022-06-20,1133.78
2022-06-21,1133.76
2022-06-22,1133.77
2022-06-23,1133.79
2022-06-24,1133.76
2022-06-25,1133.8
2022-06-26,1133.81
2022-06-27,1133.81
2022-06-28,1133.83
2022-06-29,1133.81
2022-06-30,1133.86
2022-07-01,1105.81
2022-07-02,1102.97
2022-07-03,1102.22
2022-07-04,1101.41
2022-07-05,1101.04
2022-07-06,1100.81
2022-07-07,1100.6
2022-07-08,1100.24
2022-07-09,1100.21
2022-07-10,1100.07
2022-07-11,1100.07
2022-07-12,1099.78
2022-07-13,1099.74
2022-07-14,1099.78
2022-07-15,1099.85
2022-07-16,1099.73
2022-07-17,1099.58
2022-07-18,1099.71
2022-07-19,1099.7
2022-07-20,1099.58
2022-07-21,1099.58
2022-07-22,1099.58
2022-07-23,1099.41
2022-07-24,1099.37
2022-07-25,1099.28
2022-07-26,1099.31
2022-07-27,1099.39
2022-07-28,1099.24
2022-07-29,1099.53
2022-07-30,1099.31
2022-07-31,1099.32
2022-08-01,1091.48
2022-08-02,1090.26
2022-08-03,1089.76
2022-08-04,1089.39
2022-08-05,1089.31
2022-08-06,1089.06
2022-08-07,1089.04
2022-08-08,1089.09
2022-08-09,1088.98
2022-08-10,1088.9
2022-08-11,1088.78
2022-08-12,1088.8
2022-08-13,1088.71
2022-08-14,1088.52
2022-08-15,1088.65
2022-08-16,1088.49
2022-08-17,1088.54
2022-08-18,1088.51
2022-08-19,1088.43
2022-08-20,1088.36
2022-08-21,1088.33
2022-08-22,1088.41
2022-08-23,1088.33
2022-08-24,1088.33
2022-08-25,1088.34
2022-08-26,1088.41
2022-08-27,1088.32
2022-08-28,1088.24
2022-08-29,1088.37
2022-08-30,1088.26
2022-08-31,1088.36
2022-09-01,1057.6
2022-09-02,1053.89
2022-09-03,1052.82
2022-09-04,1052.47
2022-09-05,1051.97
2022-09-06,1052.66
2022-09-07,1052.16
2022-09-08,1052.12
2022-09-09,1051.77
2022-09-10,1051.62
2022-09-11,1051.55
2022-09-12,1051.65
2022-09-13,1051.48
2022-09-14,1051.49
2022-09-15,1051.36
2022-09-16,1051.13
2022-09-17,1050.9
2022-09-18,1050.85
2022-09-19,1050.93
2022-09-20,1050.54
2022-09-21,1050.48
2022-09-22,1050.35
2022-09-23,1050.24
2022-09-24,1050.02
2022-09-25,1049.92
2022-09-26,1050.15
2022-09-27,1050.02
2022-09-28,1049.95
2022-09-29,1049.98
2022-09-30,1049.87
2022-10-01,1049.81
2022-10-02,1049.56
2022-10-03,1049.6
2022-10-04,1050.07
2022-10-05,1049.63
2022-10-06,1049.53
2022-10-07,1049.46
2022-10-08,1049.3
2022-10-09,1049.22
2022-10-10,1049.3
2022-10-11,1049.39
2022-10-12,1049.35
2022-10-13,1049.43
2022-10-14,1049.35
2022-10-15,1049.32
2022-10-16,1049.22
2022-10-17,1049.48
2022-10-18,1049.42
2022-10-19,1049.49
2022-10-20,1049.46
2022-10-21,1049.41
2022-10-22,1049.4
2022-10-23,1049.28
2022-10-24,1049.37
2022-10-25,1049.54
2022-10-26,1049.62
2022-10-27,1049.6
2022-10-28,1049.51
2022-10-29,1049.33
2022-10-30,1049.25
2022-10-31,1049.37
2022-11-01,1037.21
2022-11-02,1034.61
2022-11-03,1033.74
2022-11-04,1033.31
2022-11-05,1033.22
2022-11-06,1033.03
2022-11-07,1032.85
2022-11-08,1032.83
2022-11-09,1032.64
2022-11-10,1032.41
2022-11-11,1032.31
2022-11-12,1032.11
2022-11-13,1032.02
2022-11-14,1032.03
2022-11-15,1031.97
2022-11-16,1031.92
2022-11-17,1031.77
2022-11-18,1031.58
2022-11-19,1031.52
2022-11-20,1031.37
2022-11-21,1031.3
2022-11-22,1031.49
2022-11-23,1031.4
2022-11-24,1031.32
2022-11-25,1031.19
2022-11-26,1031.01
2022-11-27,1031.05
2022-11-28,1031.23
2022-11-29,1031.23
2022-11-30,1031.18
2022-12-01,1024.27
2022-12-02,1022.91
2022-12-03,1022.32
2022-12-04,1022.19
2022-12-05,1022.13
2022-12-06,1021.98
2022-12-07,1021.78
2022-12-08,1021.69
2022-12-09,1021.57
2022-12-10,1021.39
2022-12-11,1021.27
2022-12-12,1021.3
2022-12-13,1021.27
2022-12-14,1021.15
2022-12-15,1021.15
2022-12-16,1021.21
2022-12-17,1021.03
2022-12-18,1020.99
2022-12-19,1021.24
2022-12-20,1021.18
2022-12-21,1020.95
2022-12-22,1020.87
2022-12-23,1021.11
2022-12-24,1020.82
2022-12-25,1020.89
2022-12-26,1021.04
2022-12-27,1021.0
2022-12-28,1020.96
2022-12-29,1020.7
2022-12-30,1020.84
2022-12-31,1020.93
2023-01-01,1020.67
2023-01-02,1020.77
2023-01-03,1021.02
2023-01-04,1020.99
2023-01-05,1020.71
2023-01-06,1020.23
2023-01-07,1020.15
2023-01-08,1020.0
2023-01-09,1019.83
2023-01-10,1019.86
2023-01-11,1019.66
2023-01-12,1019.42
2023-01-13,1019.4
2023-01-14,1019.18
2023-01-15,1019.21
2023-01-16,1019.46
2023-01-17,1019.32
2023-01-18,1019.3
2023-01-19,1019.37
2023-01-20,1019.35
2023-01-21,1019.36
2023-01-22,1019.25
2023-01-23,1019.32
2023-01-24,1019.29
2023-01-25,1019.41
2023-01-26,1019.27
2023-01-27,1019.15
2023-01-28,1019.06
2023-01-29,1019.07
2023-01-30,1019.2
2023-01-31,1019.2
2023-02-01,998.38
2023-02-02,995.39
2023-02-03,994.32
2023-02-04,993.58
2023-02-05,993.13
2023-02-06,993.18
2023-02-07,992.75
2023-02-08,992.37
2023-02-09,991.98
2023-02-10,991.99
2023-02-11,991.72
2023-02-12,991.55
2023-02-13,991.54
2023-02-14,991.78
2023-02-15,991.48
2023-02-16,991.44
2023-02-17,991.39
2023-02-18,991.27
2023-02-19,991.23
2023-02-20,991.34
2023-02-21,991.37
2023-02-22,991.24
2023-02-23,991.13
2023-02-24,991.16
2023-02-25,990.95
2023-02-26,990.85
2023-02-27,990.93
2023-02-28,991.1
2023-03-01,990.76
2023-03-02,990.89
2023-03-03,990.53
2023-03-04,990.59
2023-03-05,990.47
2023-03-06,990.4
2023-03-07,990.43
2023-03-08,989.74
2023-03-09,989.43
2023-03-10,989.11
2023-03-11,989.03
2023-03-12,988.79
2023-03-13,988.87
2023-03-14,988.66
2023-03-15,988.95
2023-03-16,989.02
2023-03-17,989.07
2023-03-18,988.87
2023-03-19,988.85
2023-03-20,989.13
2023-03-21,989.11
2023-03-22,989.03
2023-03-23,988.97
2023-03-24,989.29
2023-03-25,989.21
2023-03-26,988.94
2023-03-27,989.14
2023-03-28,989.08
2023-03-29,989.15
2023-03-30,989.2
2023-03-31,989.14
2023-04-01,989.02
2023-04-02,988.88
2023-04-03,989.05
2023-04-04,988.9
2023-04-05,988.77
2023-04-06,988.78
2023-04-07,988.66
2023-04-08,988.5
2023-04-09,988.66
2023-04-10,988.47
2023-04-11,988.52
2023-04-12,988.26
2023-04-13,988.28
2023-04-14,988.19
2023-04-15,988.04
2023-04-16,988.13
2023-04-17,988.28
2023-04-18,988.01
2023-04-19,988.17
2023-04-20,988.13
2023-04-21,988.13
2023-04-22,988.17
2023-04-23,988.04
2023-04-24,988.31
2023-04-25,988.04
2023-04-26,988.02
2023-04-27,988.03
2023-04-28,988.06
2023-04-29,987.89
2023-04-30,987.97
2023-05-01,988.29
2023-05-02,988.2
2023-05-03,988.25
2023-05-04,988.07
2023-05-05,987.86
2023-05-06,988.16
2023-05-07,988.22
2023-05-08,988.18
2023-05-09,987.93
2023-05-10,987.87
2023-05-11,987.76
2023-05-12,987.9
2023-05-13,987.81
2023-05-14,987.78
2023-05-15,987.9
2023-05-16,987.77
2023-05-17,987.8
2023-05-18,987.63
2023-05-19,987.54
2023-05-20,987.67
2023-05-21,987.52
2023-05-22,987.7
2023-05-23,987.8
2023-05-24,987.62
2023-05-25,987.61
2023-05-26,987.72
2023-05-27,987.62
2023-05-28,987.49
2023-05-29,987.75
2023-05-30,987.8
2023-05-31,987.6
2023-06-01,966.57
2023-06-02,963.94
2023-06-03,962.81
2023-06-04,962.44
2023-06-05,962.31
2023-06-06,961.79
2023-06-07,961.77
2023-06-08,961.39
2023-06-09,961.32
2023-06-10,961.03
2023-06-11,960.85
2023-06-12,960.92
2023-06-13,960.63
2023-06-14,960.53
2023-06-15,960.57
2023-06-16,960.52
2023-06-17,960.37
2023-06-18,960.36
2023-06-19,960.33
2023-06-20,960.34
2023-06-21,960.23
2023-06-22,960.12
2023-06-23,960.25
2023-06-24,959.91
2023-06-25,959.83
2023-06-26,959.84
2023-06-27,960.21
2023-06-28,960.04
2023-06-29,959.96
2023-06-30,960.11
2023-07-01,918.21
2023-07-02,914.33
2023-07-03,909.67
2023-07-04,907.22
2023-07-05,906.51
2023-07-06,906.22
2023-07-07,905.39
2023-07-08,904.82
2023-07-09,904.58
2023-07-10,904.98
2023-07-11,904.69
2023-07-12,904.75
2023-07-13,904.34
2023-07-14,904.18
2023-07-15,904.11
2023-07-16,903.94
2023-07-17,904.35
2023-07-18,903.92
2023-07-19,903.98
2023-07-20,903.68
2023-07-21,904.0
2023-07-22,903.58
2023-07-23,903.28
2023-07-24,903.43
2023-07-25,903.81
2023-07-26,903.74
2023-07-27,903.74
2023-07-28,903.61
2023-07-29,903.64
2023-07-30,903.27
2023-07-31,903.7
2023-08-01,877.85
2023-08-02,873.85
2023-08-03,872.75
2023-08-04,872.19
2023-08-05,871.6
2023-08-06,871.26
2023-08-07,871.36
2023-08-08,870.86
2023-08-09,870.42
2023-08-10,869.96
2023-08-11,870.34
2023-08-12,869.77
2023-08-13,869.66
2023-08-14,870.0
2023-08-15,869.64
2023-08-16,869.71
2023-08-17,869.76
2023-08-18,869.39
2023-08-19,869.47
2023-08-20,869.13
2023-08-21,869.27
2023-08-22,869.37
2023-08-23,869.16
2023-08-24,869.17
2023-08-25,869.54
2023-08-26,869.37
2023-08-27,869.01
2023-08-28,869.42
2023-08-29,869.33
2023-08-30,869.54
2023-08-31,869.42
2023-09-01,894.1
2023-09-02,895.21
2023-09-03,894.9
2023-09-04,895.25
2023-09-05,895.63
2023-09-06,895.57
2023-09-07,895.42
2023-09-08,895.52
2023-09-09,895.52
2023-09-10,895.47
2023-09-11,895.47
2023-09-12,895.49
2023-09-13,895.36
2023-09-14,895.42
2023-09-15,895.45
2023-09-16,895.31
2023-09-17,895.36
2023-09-18,895.43
2023-09-19,895.47
2023-09-20,895.3
2023-09-21,895.66
2023-09-22,895.55
2023-09-23,895.52
2023-09-24,895.48
2023-09-25,895.66
2023-09-26,895.86
2023-09-27,895.96
2023-09-28,896.06
2023-09-29,896.0
2023-09-30,895.99
2023-10-01,934.05
2023-10-02,937.82
2023-10-03,938.81
2023-10-04,940.23
2023-10-05,940.64
2023-10-06,940.74
2023-10-07,940.43
2023-10-08,940.49
2023-10-09,940.38
2023-10-10,940.41
2023-10-11,940.56
2023-10-12,940.77
2023-10-13,940.76
2023-10-14,940.66
2023-10-15,940.65
2023-10-16,940.73
2023-10-17,940.69
2023-10-18,940.65
2023-10-19,940.67
2023-10-20,940.75
2023-10-21,940.59
2023-10-22,940.62
2023-10-23,940.49
2023-10-24,940.6
2023-10-25,940.64
2023-10-26,940.74
2023-10-27,940.62
2023-10-28,940.68
2023-10-29,940.7
2023-10-30,940.66
2023-10-31,940.65
2023-11-01,967.93
2023-11-02,969.49
2023-11-03,970.13
2023-11-04,970.57
2023-11-05,970.73
2023-11-06,970.81
2023-11-07,970.86
2023-11-08,970.94
2023-11-09,970.85
2023-11-10,970.74
2023-11-11,970.88
2023-11-12,970.96
2023-11-13,971.04
2023-11-14,971.04
2023-11-15,970.94
2023-11-16,970.97
2023-11-17,971.06
2023-11-18,971.14
2023-11-19,971.01
2023-11-20,971.16
2023-11-21,971.06
2023-11-22,971.18
2023-11-23,971.26
2023-11-24,971.4
2023-11-25,971.16
2023-11-26,971.15
2023-11-27,971.2
2023-11-28,971.31
2023-11-29,971.27
2023-11-30,971.24
2023-12-01,971.19
2023-12-02,971.11
2023-12-03,971.08
2023-12-04,971.45
2023-12-05,971.26
2023-12-06,971.23
2023-12-07,970.9
2023-12-08,970.9
2023-12-09,970.8
2023-12-10,970.7
2023-12-11,970.66
2023-12-12,970.71
2023-12-13,970.61
2023-12-14,970.56
2023-12-15,970.66
2023-12-16,970.64
2023-12-17,970.59
2023-12-18,970.6
2023-12-19,970.77
2023-12-20,970.6
2023-12-21,970.69
2023-12-22,970.62
2023-12-23,970.66
2023-12-24,970.71
2023-12-25,970.73
2023-12-26,970.91
2023-12-27,970.95
2023-12-28,970.99
2023-12-29,970.74
2023-12-30,970.65
2023-12-31,970.77
2024-01-01,970.83
2024-01-02,970.83
2024-01-03,970.7
2024-01-04,970.83
2024-01-05,970.68
2024-01-06,970.73
2024-01-07,970.67
2024-01-08,970.66
2024-01-09,970.69
2024-01-10,970.68
2024-01-11,970.67
2024-01-12,970.55
2024-01-13,970.62
2024-01-14,970.57
2024-01-15,970.63
2024-01-16,970.54
2024-01-17,970.52
2024-01-18,970.5
2024-01-19,970.54
2024-01-20,970.44
2024-01-21,970.36
2024-01-22,970.44
2024-01-23,970.38
2024-01-24,970.32
2024-01-25,970.32
2024-01-26,970.36
2024-01-27,970.31
2024-01-28,970.34
2024-01-29,970.4
2024-01-30,970.34
2024-01-31,970.38
2024-02-01,970.67
2024-02-02,970.54
2024-02-03,970.47
2024-02-04,970.43
2024-02-05,970.51
2024-02-06,970.12
2024-02-07,970.38
2024-02-08,970.7
2024-02-09,970.65
2024-02-10,970.7
2024-02-11,970.53
2024-02-12,970.67
2024-02-13,970.49
2024-02-14,970.66
2024-02-15,970.56
2024-02-16,970.77
2024-02-17,970.58
2024-02-18,970.56
2024-02-19,970.66
2024-02-20,970.48
2024-02-21,970.58
2024-02-22,970.53
2024-02-23,970.58
2024-02-24,970.45
2024-02-25,970.41
2024-02-26,970.49
2024-02-27,970.44
2024-02-28,970.47
2024-02-29,970.53
2024-03-01,970.39
2024-03-02,970.51
2024-03-03,970.62
2024-03-04,970.47
2024-03-05,970.39
2024-03-06,970.37
2024-03-07,970.34
2024-03-08,970.29
2024-03-09,970.3
2024-03-10,970.25
2024-03-11,970.29
2024-03-12,970.09
2024-03-13,970.23
2024-03-14,970.22
2024-03-15,970.01
2024-03-16,969.99
2024-03-17,970.03
2024-03-18,970.02
2024-03-19,969.91
2024-03-20,969.96
2024-03-21,970.04
2024-03-22,970.01
2024-03-23,969.91
2024-03-24,969.92
2024-03-25,970.0
2024-03-26,969.96
2024-03-27,970.2
2024-03-28,970.14
2024-03-29,969.94
2024-03-30,969.9
2024-03-31,969.94
2024-04-01,970.09
2024-04-02,969.98
2024-04-03,970.1
2024-04-04,970.11
2024-04-05,970.2
2024-04-06,970.28
2024-04-07,970.33
2024-04-08,970.23
2024-04-09,970.06
2024-04-10,970.12
2024-04-11,970.04
2024-04-12,970.07
2024-04-13,970.09
2024-04-14,970.14
2024-04-15,970.12
2024-04-16,969.98
2024-04-17,970.08
2024-04-18,969.97
2024-04-19,969.96
2024-04-20,969.96
2024-04-21,970.0
2024-04-22,970.01
2024-04-23,969.88
2024-04-24,970.11
2024-04-25,969.88
2024-04-26,969.87
2024-04-27,970.07
2024-04-28,970.01
2024-04-29,970.2
2024-04-30,969.99
2024-05-01,970.04
2024-05-02,969.92
2024-05-03,970.26
2024-05-04,970.31
2024-05-05,970.44
2024-05-06,970.49
2024-05-07,970.34
2024-05-08,969.89
2024-05-09,969.91
2024-05-10,969.9
2024-05-11,969.88
2024-05-12,969.86
2024-05-13,969.94
2024-05-14,969.79
2024-05-15,969.83
2024-05-16,969.81
2024-05-17,969.74
2024-05-18,969.86
2024-05-19,969.84
2024-05-20,969.97
2024-05-21,969.64
2024-05-22,969.86
2024-05-23,969.8
2024-05-24,969.79
2024-05-25,969.86
2024-05-26,969.85
2024-05-27,969.94
2024-05-28,969.79
2024-05-29,969.96
2024-05-30,969.93
2024-05-31,969.94
2024-06-01,969.97
2024-06-02,969.9
2024-06-03,969.79
2024-06-04,969.17
2024-06-05,969.53
2024-06-06,969.43
2024-06-07,969.47
2024-06-08,969.43
2024-06-09,969.49
2024-06-10,969.67
2024-06-11,969.46
2024-06-12,969.6
2024-06-13,969.58
2024-06-14,969.6
2024-06-15,969.63
2024-06-16,969.46
2024-06-17,969.5
2024-06-18,969.38
2024-06-19,969.55
2024-06-20,969.49
2024-06-21,969.56
2024-06-22,969.5
2024-06-23,969.56
2024-06-24,969.48
2024-06-25,969.36
2024-06-26,969.42
2024-06-27,969.32
2024-06-28,969.43
2024-06-29,969.57
2024-06-30,969.6
2024-07-01,994.27
2024-07-02,982.71
2024-07-03,982.06
2024-07-04,982.51
2024-07-05,982.42
2024-07-06,982.54
2024-07-07,982.46
2024-07-08,982.33
2024-07-09,981.93
2024-07-10,982.3
2024-07-11,982.31
2024-07-12,982.28
2024-07-13,982.19
2024-07-14,982.21
2024-07-15,982.07
2024-07-16,982.05
2024-07-17,982.15
2024-07-18,982.03
2024-07-19,982.17
2024-07-20,981.76
2024-07-21,981.83
2024-07-22,982.24
2024-07-23,981.82
2024-07-24,982.11
2024-07-25,982.16
2024-07-26,982.32
2024-07-27,982.17
2024-07-28,982.1
2024-07-29,982.29
2024-07-30,982.01
2024-07-31,982.18
2024-08-01,1012.83
2024-08-02,1015.07
2024-08-03,1016.03
2024-08-04,1016.18
2024-08-05,1016.24
2024-08-06,1015.18
2024-08-07,1016.42
2024-08-08,1016.52
2024-08-09,1016.62
2024-08-10,1016.7
2024-08-11,1016.69
2024-08-12,1016.68
2024-08-13,1016.65
2024-08-14,1016.84
2024-08-15,1016.69
2024-08-16,1016.76
2024-08-17,1016.74
2024-08-18,1016.69
2024-08-19,1016.71
2024-08-20,1016.62
2024-08-21,1015.66
2024-08-22,1016.71
2024-08-23,1016.61
2024-08-24,1016.68
2024-08-25,1016.72
2024-08-26,1016.7
2024-08-27,1016.55
2024-08-28,1016.69
2024-08-29,1016.6
2024-08-30,1016.62
2024-08-31,1016.64
2024-09-01,1016.98
2024-09-02,1017.12
2024-09-03,1017.17
2024-09-04,1017.3
2024-09-05,1017.13
2024-09-06,1017.09
2024-09-07,1016.5
2024-09-08,1016.53
2024-09-09,1017.25
2024-09-10,1017.05
2024-09-11,1017.17
2024-09-12,1017.17
2024-09-13,1017.25
2024-09-14,1017.27
2024-09-15,1017.3
2024-09-16,1017.23
2024-09-17,1017.21
2024-09-18,1017.22
2024-09-19,1017.17
2024-09-20,1017.22
2024-09-21,1016.69
2024-09-22,1016.74
2024-09-23,1017.19
2024-09-24,1017.1
2024-09-25,1017.23
2024-09-26,1017.29
2024-09-27,1017.28
2024-09-28,1017.3
2024-09-29,1017.22
2024-09-30,1017.3
2024-10-01,1017.64
2024-10-02,1017.75
2024-10-03,1017.5
2024-10-04,1017.56
2024-10-05,1017.57
2024-10-06,1017.48
2024-10-07,1017.49
2024-10-08,1017.2
2024-10-09,1016.27
2024-10-10,1017.21
2024-10-11,1017.1
2024-10-12,1017.15
2024-10-13,1017.18
2024-10-14,1017.05
2024-10-15,1016.81
2024-10-16,1016.78
2024-10-17,1016.77
2024-10-18,1016.73
2024-10-19,1016.85
2024-10-20,1015.64
2024-10-21,1016.74
2024-10-22,1016.62
2024-10-23,1016.77
2024-10-24,1016.67
2024-10-25,1016.61
2024-10-26,1016.66
2024-10-27,1016.61
2024-10-28,1016.68
2024-10-29,1016.42
2024-10-30,1016.67
2024-10-31,1016.74
2024-11-01,1028.83
2024-11-02,1029.37
2024-11-03,1029.48
2024-11-04,1029.69
2024-11-05,1029.76
2024-11-06,1030.08
2024-11-07,1030.05
2024-11-08,1029.8
2024-11-09,1029.93
2024-11-10,1028.85
2024-11-11,1030.08
2024-11-12,1030.09
2024-11-13,1030.17
2024-11-14,1029.99
2024-11-15,1030.0
2024-11-16,1030.11
2024-11-17,1028.97
2024-11-18,1030.12
2024-11-19,1029.93
2024-11-20,1030.1
2024-11-21,1030.1
2024-11-22,1030.03
2024-11-23,1030.07
2024-11-24,1030.11
2024-11-25,1030.13
2024-11-26,1030.01
2024-11-27,1030.07
2024-11-28,1030.04
2024-11-29,1030.07
2024-11-30,1030.12
2024-12-01,1053.64
2024-12-02,1056.32
2024-12-03,1057.48
2024-12-04,1057.82
2024-12-05,1058.13
2024-12-06,1058.24
2024-12-07,1057.24
2024-12-08,1058.31
2024-12-09,1058.44
2024-12-10,1058.54
2024-12-11,1058.71
2024-12-12,1058.71
2024-12-13,1058.67
2024-12-14,1058.71
2024-12-15,1058.74
2024-12-16,1058.76
2024-12-17,1058.74
2024-12-18,1058.81
2024-12-19,1058.83
2024-12-20,1058.77
2024-12-21,1058.85
2024-12-22,1057.79
2024-12-23,1059.01
2024-12-24,1058.75
2024-12-25,1058.86
2024-12-26,1058.75
2024-12-27,1058.96
2024-12-28,1059.0
2024-12-29,1058.99
2024-12-30,1058.97
2024-12-31,1058.89
2025-01-01,1058.76
2025-01-02,1058.61
2025-01-03,1058.67
2025-01-04,1058.78
2025-01-05,1058.81
2025-01-06,1059.07
2025-01-07,1058.88
2025-01-08,1059.01
2025-01-09,1059.07
2025-01-10,1059.05
2025-01-11,1058.09
2025-01-12,1059.13
2025-01-13,1059.17
2025-01-14,1058.87
2025-01-15,1058.93
2025-01-16,1058.82
2025-01-17,1058.73
2025-01-18,1058.79
2025-01-19,1058.74
2025-01-20,1058.66
2025-01-21,1058.65
2025-01-22,1058.73
2025-01-23,1058.9
2025-01-24,1059.21
2025-01-25,1059.46
2025-01-26,1058.39
2025-01-27,1059.44
2025-01-28,1059.45
2025-01-29,1059.57
2025-01-30,1059.57
2025-01-31,1059.5
2025-02-01,1072.76
2025-02-02,1073.1
2025-02-03,1073.6
2025-02-04,1073.53
2025-02-05,1073.73
2025-02-06,1073.83
2025-02-07,1073.94
2025-02-08,1074.09
2025-02-09,1074.16
2025-02-10,1074.07
2025-02-11,1074.07
2025-02-12,1074.11
2025-02-13,1074.1
2025-02-14,1074.06
2025-02-15,1074.09
2025-02-16,1072.95
2025-02-17,1074.17
2025-02-18,1073.98
2025-02-19,1074.14
2025-02-20,1074.03
2025-02-21,1073.95
2025-02-22,1074.02
2025-02-23,1073.98
2025-02-24,1074.01
2025-02-25,1073.97
2025-02-26,1073.97
2025-02-27,1074.0
2025-02-28,1073.93
2025-03-01,1073.84
2025-03-02,1073.75
2025-03-03,1073.79
2025-03-04,1073.58
2025-03-05,1073.7
2025-03-06,1073.83
2025-03-07,1073.67
2025-03-08,1073.7
2025-03-09,1073.62
2025-03-10,1073.6
2025-03-11,1073.54
2025-03-12,1073.7
2025-03-13,1073.61
2025-03-14,1073.65
2025-03-15,1073.78
2025-03-16,1073.84
2025-03-17,1073.77
2025-03-18,1073.66
2025-03-19,1073.73
2025-03-20,1073.64
2025-03-21,1073.67
2025-03-22,1073.77
2025-03-23,1073.7
2025-03-24,1073.77
2025-03-25,1073.63
2025-03-26,1073.65
2025-03-27,1073.64
2025-03-28,1073.59
2025-03-29,1073.65
2025-03-30,1073.65
2025-03-31,1073.63
2025-04-01,1073.44
2025-04-02,1073.59
2025-04-03,1073.57
2025-04-04,1073.64
2025-04-05,1073.77
2025-04-06,1073.63
2025-04-07,1073.7
2025-04-08,1073.54
2025-04-09,1073.71
2025-04-10,1073.66
2025-04-11,1073.57
2025-04-12,1073.64
2025-04-13,1073.66
2025-04-14,1073.58
2025-04-15,1073.54
2025-04-16,1073.62
2025-04-17,1073.65
2025-04-18,1073.54
2025-04-19,1073.62
2025-04-20,1073.62
2025-04-21,1073.51
2025-04-22,1073.4
2025-04-23,1073.5
2025-04-24,1073.54
2025-04-25,1073.78
2025-04-26,1073.78
2025-04-27,1073.79
2025-04-28,1073.81
2025-04-29,1073.79
2025-04-30,1074.03
2025-05-01,1087.27
2025-05-02,1088.02
2025-05-03,1088.31
2025-05-04,1088.53
2025-05-05,1088.71
2025-05-06,1088.59
2025-05-07,1089.01
2025-05-08,1088.99
2025-05-09,1088.97
2025-05-10,1089.03
2025-05-11,1089.05
2025-05-12,1089.21
2025-05-13,1089.24
2025-05-14,1089.31
2025-05-15,1089.26
2025-05-16,1089.23
2025-05-17,1089.26
2025-05-18,1089.24
2025-05-19,1089.33
2025-05-20,1089.24
2025-05-21,1089.26
2025-05-22,1089.14
2025-05-23,1089.11
2025-05-24,1089.24
2025-05-25,1089.28
2025-05-26,1089.28
2025-05-27,1089.19
2025-05-28,1089.33
2025-05-29,1089.3
2025-05-30,1089.19
2025-05-31,1089.22
2025-06-01,1077.95
2025-06-02,1075.8
2025-06-03,1075.15
2025-06-04,1075.02
2025-06-05,1074.91
2025-06-06,1074.65
2025-06-07,1074.65
2025-06-08,1074.51
2025-06-09,1074.59
2025-06-10,1074.43
2025-06-11,1074.53
2025-06-12,1074.45
2025-06-13,1074.29
2025-06-14,1074.37
2025-06-15,1074.38
2025-06-16,1074.26
2025-06-17,1074.15
2025-06-18,1074.27
2025-06-19,1074.25
2025-06-20,1074.15
2025-06-21,1074.24
2025-06-22,1074.25
2025-06-23,1074.28
2025-06-24,1074.11
2025-06-25,1074.13
2025-06-26,1074.08
2025-06-27,1074.05
2025-06-28,1074.13
2025-06-29,1074.13
2025-06-30,1074.21
2025-07-01,1057.15
2025-07-02,1055.24
2025-07-03,1054.79
2025-07-04,1054.39
2025-07-05,1054.27
2025-07-06,1054.12
2025-07-07,1053.99
2025-07-08,1053.78
2025-07-09,1053.9
2025-07-10,1053.73
2025-07-11,1053.74
2025-07-12,1053.74
2025-07-13,1053.58
2025-07-14,1053.6
2025-07-15,1053.18
2025-07-16,1053.24
2025-07-17,1053.14
2025-07-18,1052.89
2025-07-19,1052.82
2025-07-20,1052.68
2025-07-21,1052.8
2025-07-22,1052.71
2025-07-23,1052.6
2025-07-24,1052.65
2025-07-25,1052.64
2025-07-26,1052.66
2025-07-27,1052.54
2025-07-28,1052.7
2025-07-29,1052.52
2025-07-30,1052.71
2025-07-31,1052.8
2025-08-01,1040.53
2025-08-02,1039.37
2025-08-03,1038.99
2025-08-04,1038.8
2025-08-05,1037.91
2025-08-06,1037.82
2025-08-07,1037.7
2025-08-08,1037.49
2025-08-09,1037.43
2025-08-10,1037.38
2025-08-11,1037.34
2025-08-12,1037.09
2025-08-13,1036.93
2025-08-14,1036.89
2025-08-15,1036.97
2025-08-16,1036.97
2025-08-17,1036.99
2025-08-18,1036.99
2025-08-19,1036.86
2025-08-20,1037.23
2025-08-21,1037.19
2025-08-22,1037.14
2025-08-23,1037.11
2025-08-24,1037.22
2025-08-25,1037.11
2025-08-26,1036.91
2025-08-27,1037.26
2025-08-28,1037.14
2025-08-29,1037.26
2025-08-30,1037.05
2025-08-31,1037.08
2025-09-01,1007.75
2025-09-02,1003.41
2025-09-03,1002.44
2025-09-04,1001.83
2025-09-05,1001.37
2025-09-06,1000.69
2025-09-07,1000.7
2025-09-08,1000.83
2025-09-09,1000.73
2025-09-10,1000.63
2025-09-11,1000.65
2025-09-12,1000.17
2025-09-13,1000.07
2025-09-14,1000.04
2025-09-15,1000.11
2025-09-16,999.97
2025-09-17,1000.01
2025-09-18,999.97
2025-09-19,999.84
2025-09-20,999.89
2025-09-21,999.73
2025-09-22,999.67
2025-09-23,999.7
2025-09-24,999.74
2025-09-25,999.96
2025-09-26,999.78
2025-09-27,999.66
2025-09-28,999.4
2025-09-29,999.83
2025-09-30,1000.09
2025-10-01,999.5
2025-10-02,999.75
2025-10-03,999.46
2025-10-04,1000.31
2025-10-05,999.9
2025-10-06,999.8
2025-10-07,999.54
2025-10-08,999.89
2025-10-09,999.76
2025-10-10,999.42
2025-10-11,999.49
2025-10-12,999.22
2025-10-13,999.16
2025-10-14,998.88
2025-10-15,998.8
2025-10-16,998.81
2025-10-17,998.86
2025-10-18,998.79
2025-10-19,998.74
2025-10-20,998.77
2025-10-21,998.7
2025-10-22,998.64
2025-10-23,998.67
2025-10-24,998.56
2025-10-25,998.72
2025-10-26,998.5
2025-10-27,998.95
2025-10-28,998.83
2025-10-29,998.97
2025-10-30,998.92
2025-10-31,998.92
2025-11-01,998.64
2025-11-02,998.59
2025-11-03,998.74
2025-11-04,998.48
2025-11-05,998.41
2025-11-06,998.68
2025-11-07,998.5
2025-11-08,998.54
2025-11-09,998.49
2025-11-10,998.5
2025-11-11,998.21
2025-11-12,998.49
2025-11-13,998.6
2025-11-14,998.47
2025-11-15,998.27
2025-11-16,998.23
2025-11-17,998.21
2025-11-18,998.13
2025-11-19,998.46
2025-11-20,998.2
2025-11-21,998.18
2025-11-22,998.04
2025-11-23,998.13
2025-11-24,998.25
2025-11-25,998.05
2025-11-26,998.38
2025-11-27,998.11
2025-11-28,998.22
2025-11-29,998.06
2025-11-30,998.06
2025-12-01,998.22
2025-12-02,998.05
2025-12-03,997.96
2025-12-04,998.11
2025-12-05,998.01
2025-12-06,997.89
2025-12-07,997.91
2025-12-08,998.27
2025-12-09,997.96
2025-12-10,998.01
2025-12-11,998.29
2025-12-12,998.04
2025-12-13,997.93
2025-12-14,998.01
2025-12-15,997.99
2025-12-16,997.85
2025-12-17,998.19
2025-12-18,998.14
2025-12-19,998.07
2025-12-20,998.13
2025-12-21,998.0
2025-12-22,998.03
2025-12-23,998.08
2025-12-24,998.29
2025-12-25,998.43
2025-12-26,998.24
2025-12-27,998.21
2025-12-28,998.22
2025-12-29,998.36
2025-12-30,998.38
2025-12-31,998.34
2026-01-01,998.17
2026-01-02,998.27
2026-01-03,998.33
2026-01-04,998.42
2026-01-05,998.5
2026-01-06,998.38
2026-01-07,998.34
2026-01-08,998.42
2026-01-09,998.29
2026-01-10,998.23
2026-01-11,998.22
2026-01-12,998.28
2026-01-13,997.98
2026-01-14,998.24
2026-01-15,998.29
2026-01-16,998.25
2026-01-17,998.2
2026-01-18,998.14
2026-01-19,998.23
2026-01-20,998.02
2026-01-21,998.1
2026-01-22,998.07
2026-01-23,998.11
2026-01-24,998.15
2026-01-25,998.05
2026-01-26,998.32
2026-01-27,998.32
2026-01-28,998.11
2026-01-29,998.23
2026-01-30,998.12
2026-01-31,998.07
2026-02-01,998.17
2026-02-02,998.32
2026-02-03,998.33
2026-02-04,998.39
2026-02-05,998.39
2026-02-06,997.97
2026-02-07,997.93
2026-02-08,997.88
2026-02-09,998.19
2026-02-10,997.98
2026-02-11,998.07
2026-02-12,998.03
2026-02-13,998.11
2026-02-14,998.05
2026-02-15,998.14
2026-02-16,998.18
2026-02-17,997.98
2026-02-18,998.04
2026-02-19,998.05
2026-02-20,997.93
2026-02-21,997.86
2026-02-22,997.78
2026-02-23,998.02
2026-02-24,997.68
2026-02-25,997.87
2026-02-26,997.97
2026-02-27,997.82
2026-02-28,997.68
2026-03-01,1006.66
2026-03-02,1010.37
2026-03-03,1011.06
2026-03-04,1012.16
2026-03-05,1012.42
2026-03-06,1012.62
2026-03-07,1012.07
2026-03-08,1012.06
2026-03-09,1012.24
2026-03-10,1011.95
2026-03-11,1012.0
2026-03-12,1012.11
2026-03-13,1011.91
2026-03-14,1012.0
2026-03-15,1011.95
2026-03-16,1011.99
2026-03-17,1011.99
2026-03-18,1011.99
2026-03-19,1012.02
2026-03-20,1011.85
2026-03-21,1011.83
2026-03-22,1011.85
2026-03-23,1011.89
2026-03-24,1011.69
2026-03-25,1011.74
2026-03-26,1011.68
2026-03-27,1011.5
2026-03-28,1011.58
2026-03-29,1011.51
2026-03-30,1011.64
2026-03-31,1011.47
2026-04-01,1032.47
2026-04-02,1037.04
2026-04-03,1037.8
2026-04-04,1038.2
2026-04-05,1038.48
2026-04-06,1038.78
2026-04-07,1038.85
2026-04-08,1039.08
2026-04-09,1039.21
2026-04-10,1039.27
2026-04-11,1039.37
2026-04-12,1039.4
2026-04-13,1039.48
2026-04-14,1039.44
2026-04-15,1039.56
2026-04-16,1039.57
2026-04-17,1039.48
2026-04-18,1039.57
2026-04-19,1039.59
2026-04-20,1039.65
2026-04-21,1039.55
2026-04-22,1039.61
2026-04-23,1039.59
2026-04-24,1039.52
2026-04-25,1039.63
2026-04-26,1039.59
2026-04-27,1039.68
2026-04-28,1039.61
2026-04-29,1039.75
2026-04-30,1040.0
2026-05-01,1081.91
2026-05-02,1085.41
2026-05-03,1086.4
2026-05-04,1088.31
2026-05-05,1089.02
2026-05-06,1089.13
2026-05-07,1089.29
2026-05-08,1089.52
2026-05-09,1089.73
2026-05-10,1089.81
2026-05-11,1089.85
2026-05-12,1089.6
2026-05-13,1089.98
2026-05-14,1090.12
2026-05-15,1090.16
2026-05-16,1090.21
2026-05-17,1090.37
2026-05-18,1090.34
2026-05-19,1090.1
2026-05-20,1090.38
2026-05-21,1090.37
2026-05-22,1090.28
2026-05-23,1090.42
2026-05-24,1090.42
