model,MAE,RMSE,MAPE
LSTM,19.724789946294734,26.946565665217474,1.1518934553201365
Naive_last_price,6.816124109867752,14.905062716869361,0.3942433371371134
