date,gasoline_price_krw,diesel_price_krw,lpg_price_krw,wti_close,brent_close,usd_krw,gasoline_change_rate,diesel_change_rate,lpg_change_rate,wti_change_rate,brent_change_rate,usd_krw_change_rate,gasoline_ma7,diesel_ma7,lpg_ma7,gasoline_ma30,diesel_ma30,lpg_ma30,article_count,relevant_article_count,average_pressure_score,max_pressure_score,kor_article_count,kor_relevant_article_count,kor_average_pressure_score,kor_max_pressure_score,event_name,event_type,event_date,event_phase
2008-06-01,1903.36,1912.19,,127.3499984741211,127.77999877929688,1046.0,0.0013573375140731,0.0018704613804738,,0.0,0.0,0.0170150704910063,1883.9471428571428,1886.5314285714285,,1806.2496666666664,1772.7843333333333,,0.0,0.0,0.0,0.0,0.0,0.0,0.0,0.0,global_financial_crisis,international_economy,2008-09-15,before
2008-06-02,1905.4,1914.49,,127.3499984741211,127.77999877929688,1022.3,0.0010717888365838,0.0012028093442597,,0.0,0.0,-0.0226577437858509,1890.0842857142857,1894.4785714285715,,1811.6363333333331,1780.5270000000005,,0.0,0.0,0.0,0.0,0.0,0.0,0.0,0.0,global_financial_crisis,international_economy,2008-09-15,before
2008-06-03,1907.45,1916.94,,127.3499984741211,127.77999877929688,1016.8,0.0010758895769917,0.0012797141797553,,0.0,0.0,-0.0053800254328475,1896.1214285714289,1902.385714285714,,1817.0806666666665,1788.2976666666666,,0.0,0.0,0.0,0.0,0.0,0.0,0.0,0.0,global_financial_crisis,international_economy,2008-09-15,before
2008-06-04,1908.22,1917.92,,127.3499984741211,127.77999877929688,1019.0,0.0004036803061679,0.000511231441777,,0.0,0.0,0.0021636506687647,1901.5128571428568,1909.4314285714288,,1822.529,1796.0800000000002,,1.0,1.0,-3.0,-3.0,0.0,0.0,0.0,0.0,global_financial_crisis,international_economy,2008-09-15,before
2008-06-05,1907.84,1914.49,,127.3499984741211,127.77999877929688,1023.0,-0.0001991384641184,-0.0017883957620755,,0.0,0.0,0.0039254170755642,1904.29,1912.61,,1827.9386666666664,1803.705,,2.0,2.0,-3.0,-3.0,0.0,0.0,0.0,0.0,global_financial_crisis,international_economy,2008-09-15,before
2008-06-06,1907.76,1913.47,,127.3499984741211,127.77999877929688,1030.5,-4.193223750414976e-05,-0.0005327789646328,,0.0,0.0,0.0073313782991202,1905.83,1914.017142857143,,1833.304666666667,1811.234333333333,,1.0,1.0,-3.0,-3.0,0.0,0.0,0.0,0.0,global_financial_crisis,international_economy,2008-09-15,before
2008-06-07,1907.97,1913.36,,127.3499984741211,127.77999877929688,1030.5,0.0001100767392125,-5.748718297127198e-05,,0.0,0.0,0.0,1906.857142857143,1914.6942857142856,,1838.6126666666669,1818.692,,0.0,0.0,0.0,0.0,0.0,0.0,0.0,0.0,global_financial_crisis,international_economy,2008-09-15,before
2008-06-08,1907.99,1913.57,,127.3499984741211,127.77999877929688,1030.5,1.0482345110141011e-05,0.0001097545678805,,0.0,0.0,0.0,1907.5185714285717,1914.8914285714288,,1843.844,1826.0386666666668,,0.0,0.0,0.0,0.0,0.0,0.0,0.0,0.0,global_financial_crisis,international_economy,2008-09-15,before
2008-06-09,1907.33,1912.17,,127.3499984741211,127.77999877929688,1032.0,-0.0003459137626508,-0.0007316168209158,,0.0,0.0,0.0014556040756914,1907.794285714286,1914.56,,1848.977,1833.2256666666667,,1.0,1.0,0.0,0.0,0.0,0.0,0.0,0.0,global_financial_crisis,international_economy,2008-09-15,before
2008-06-10,1907.56,1912.24,,127.3499984741211,127.77999877929688,1027.5,0.0001205874180136,3.66076237992008e-05,,0.0,0.0,-0.004360465116279,1907.81,1913.888571428572,,1854.0743333333328,1840.349,,0.0,0.0,0.0,0.0,0.0,0.0,0.0,0.0,global_financial_crisis,international_economy,2008-09-15,before
2008-06-11,1907.23,1911.32,,127.3499984741211,127.77999877929688,1030.3,-0.0001729958690682,-0.0004811111575953,,0.0,0.0,0.0027250608272506,1907.668571428572,1912.9457142857143,,1859.139,1847.4113333333328,,0.0,0.0,0.0,0.0,0.0,0.0,0.0,0.0,global_financial_crisis,international_economy,2008-09-15,before
2008-06-12,1905.84,1908.04,,127.3499984741211,127.77999877929688,1033.3,-0.0007288056500789,-0.0017160914969759,,0.0,0.0,0.0029117732699213,1907.382857142857,1912.0242857142855,,1864.097,1854.3093333333331,,0.0,0.0,0.0,0.0,0.0,0.0,0.0,0.0,global_financial_crisis,international_economy,2008-09-15,before
2008-06-13,1905.6,1907.2,,127.3499984741211,127.77999877929688,1044.0,-0.000125928724342,-0.0004402423429278,,0.0,0.0,0.0103551727475079,1907.0742857142857,1911.1285714285716,,1868.8453333333327,1860.943,,0.0,0.0,0.0,0.0,0.0,0.0,0.0,0.0,global_financial_crisis,international_economy,2008-09-15,before
2008-06-14,1905.11,1906.58,,127.3499984741211,127.77999877929688,1044.0,-0.0002571368597816,-0.0003250838926175,,0.0,0.0,0.0,1906.665714285714,1910.16,,1872.9913333333327,1866.775,,0.0,0.0,0.0,0.0,0.0,0.0,0.0,0.0,global_financial_crisis,international_economy,2008-09-15,before
2008-06-15,1904.76,1906.23,,127.3499984741211,127.77999877929688,1044.0,-0.0001837164258231,-0.0001835747778744,,0.0,0.0,0.0,1906.2042857142856,1909.1114285714289,,1876.8096666666668,1872.1476666666667,,0.0,0.0,0.0,0.0,0.0,0.0,0.0,0.0,global_financial_crisis,international_economy,2008-09-15,before
2008-06-16,1904.21,1905.27,,127.3499984741211,127.77999877929688,1038.5,-0.0002887502887503,-0.0005036118411734,,0.0,0.0,-0.0052681992337164,1905.7585714285717,1908.1257142857144,,1880.4413333333328,1877.206,,0.0,0.0,0.0,0.0,0.0,0.0,0.0,0.0,global_financial_crisis,international_economy,2008-09-15,before
2008-06-17,1904.58,1905.21,,127.3499984741211,127.77999877929688,1021.8,0.0001943063002505,-3.149159961579606e-05,,0.0,0.0,-0.016080885893115,1905.3328571428567,1907.1214285714284,,1884.026,1882.1716666666664,,0.0,0.0,0.0,0.0,0.0,0.0,0.0,0.0,global_financial_crisis,international_economy,2008-09-15,before
2008-06-18,1905.3,1905.52,,127.3499984741211,127.77999877929688,1029.25,0.0003780361024476,0.0001627117220672,,0.0,0.0,0.0072910550009788,1905.0571428571427,1906.292857142857,,1887.575,1887.0463333333328,,0.0,0.0,0.0,0.0,0.0,0.0,0.0,0.0,global_financial_crisis,international_economy,2008-09-15,before
2008-06-19,1906.99,1906.96,,127.3499984741211,127.77999877929688,1028.0,0.0008869994226632,0.0007556992317057,,0.0,0.0,-0.0012144765606023,1905.2214285714283,1906.138571428572,,1891.044,1891.816,,0.0,0.0,0.0,0.0,0.0,0.0,0.0,0.0,global_financial_crisis,international_economy,2008-09-15,before
2008-06-20,1907.95,1907.58,,127.3499984741211,127.77999877929688,1031.5,0.0005034111348249,0.0003251248059739,,0.0,0.0,0.0034046692607003,1905.5571428571427,1906.1928571428568,,1894.178,1896.0206666666668,,0.0,0.0,0.0,0.0,0.0,0.0,0.0,0.0,global_financial_crisis,international_economy,2008-09-15,before
2008-06-21,1907.91,1907.46,,127.3499984741211,127.77999877929688,1031.5,-2.0964909981935342e-05,-6.290692919819207e-05,,0.0,0.0,0.0,1905.957142857143,1906.3185714285717,,1896.396,1898.774,,0.0,0.0,0.0,0.0,0.0,0.0,0.0,0.0,global_financial_crisis,international_economy,2008-09-15,before
2008-06-22,1907.87,1907.34,,127.3499984741211,127.77999877929688,1031.5,-2.096534951867568e-05,-6.291088672905065e-05,,0.0,0.0,0.0,1906.4014285714288,1906.4771428571428,,1898.2166666666667,1900.8866666666663,,0.0,0.0,0.0,0.0,0.0,0.0,0.0,0.0,global_financial_crisis,international_economy,2008-09-15,before
2008-06-23,1906.78,1906.0,,127.3499984741211,127.77999877929688,1036.8,-0.0005713177522577,-0.0007025490997933,,0.0,0.0,0.005138148327678,1906.7685714285712,1906.5814285714284,,1899.8396666666667,1902.6713333333328,,0.0,0.0,0.0,0.0,0.0,0.0,0.0,0.0,global_financial_crisis,international_economy,2008-09-15,before
2008-06-24,1907.11,1906.07,,127.3499984741211,127.77999877929688,1032.5,0.0001730666358992,3.672612801675079e-05,,0.0,0.0,-0.0041473765432098,1907.13,1906.7042857142856,,1901.413,1904.3716666666664,,1.0,1.0,-3.0,-3.0,0.0,0.0,0.0,0.0,global_financial_crisis,international_economy,2008-09-15,before
2008-06-25,1906.75,1905.52,,127.3499984741211,127.77999877929688,1034.3,-0.0001887672971144,-0.0002885518370259,,0.0,0.0,0.0017433414043583,1907.337142857143,1906.7042857142856,,1902.89,1905.927,,0.0,0.0,0.0,0.0,0.0,0.0,0.0,0.0,global_financial_crisis,international_economy,2008-09-15,before
2008-06-26,1907.17,1905.83,,127.3499984741211,127.77999877929688,1041.3,0.0002202700930904,0.0001626852512699,,0.0,0.0,0.0067678623223437,1907.3628571428571,1906.5428571428567,,1904.2893333333332,1907.4016666666664,,0.0,0.0,0.0,0.0,0.0,0.0,0.0,0.0,global_financial_crisis,international_economy,2008-09-15,before
2008-06-27,1907.09,1909.36,,127.3499984741211,127.77999877929688,1041.75,-4.194696854509239e-05,0.0018522113724728,,0.0,0.0,0.0004321521175454,1907.24,1906.797142857143,,1905.5096666666664,1908.7603333333327,,0.0,0.0,0.0,0.0,0.0,0.0,0.0,0.0,global_financial_crisis,international_economy,2008-09-15,before
2008-06-28,1907.13,1905.64,,127.3499984741211,127.77999877929688,1041.75,2.0974364083548025e-05,-0.0019482968114969,,0.0,0.0,0.0,1907.1285714285716,1906.537142857143,,1906.134,1909.207,,0.0,0.0,0.0,0.0,0.0,0.0,0.0,0.0,global_financial_crisis,international_economy,2008-09-15,before
2008-06-29,1907.04,1905.63,,127.3499984741211,127.77999877929688,1041.75,-4.719132937980319e-05,-5.247580865175294e-06,,0.0,0.0,0.0,1907.01,1906.292857142857,,1906.4693333333328,1909.274,,0.0,0.0,0.0,0.0,0.0,0.0,0.0,0.0,global_financial_crisis,international_economy,2008-09-15,before
2008-06-30,1905.92,1904.41,,127.3499984741211,127.77999877929688,1046.8,-0.0005872975920797,-0.0006402082251014,,0.0,0.0,0.0048476121910245,1906.887142857143,1906.0657142857144,,1906.640666666667,1909.1336666666664,,0.0,0.0,0.0,0.0,0.0,0.0,0.0,0.0,global_financial_crisis,international_economy,2008-09-15,before
2008-07-01,1906.78,1904.82,,124.08000183105467,123.9800033569336,1010.7000122070312,0.0004512256548019,0.0002152897747857,,-0.0256772413211369,-0.0297385777012463,-0.0344860410708528,1906.84,1905.8871428571424,,1906.7546666666667,1908.888,,0.0,0.0,0.0,0.0,0.0,0.0,0.0,0.0,global_financial_crisis,international_economy,2008-09-15,before
2008-07-02,1908.18,1906.15,,124.08000183105467,123.9800033569336,1036.5,0.0007342220916939,0.0006982287040246,,0.0,0.0,0.0255268501843888,1907.0442857142857,1905.9771428571428,,1906.8473333333332,1908.61,,0.0,0.0,0.0,0.0,0.0,0.0,0.0,0.0,global_financial_crisis,international_economy,2008-09-15,before
2008-07-03,1911.05,1908.98,,124.08000183105467,123.9800033569336,1044.5,0.0015040509805153,0.0014846680481599,,0.0,0.0,0.0077182826821031,1907.5985714285712,1906.4271428571428,,1906.9673333333333,1908.3446666666669,,0.0,0.0,0.0,0.0,0.0,0.0,0.0,0.0,global_financial_crisis,international_economy,2008-09-15,before
2008-07-04,1912.72,1910.45,,124.08000183105467,123.9800033569336,1044.5,0.0008738651526647,0.0007700447359322,,0.0,0.0,0.0,1908.402857142857,1906.5828571428572,,1907.117333333333,1908.0956666666664,,0.0,0.0,0.0,0.0,0.0,0.0,0.0,0.0,global_financial_crisis,international_economy,2008-09-15,before
2008-07-05,1914.13,1911.67,,124.08000183105467,123.9800033569336,1044.5,0.0007371701033083,0.0006385930016488,,0.0,0.0,0.0,1909.402857142857,1907.4442857142856,,1907.327,1908.0016666666663,,0.0,0.0,0.0,0.0,0.0,0.0,0.0,0.0,global_financial_crisis,international_economy,2008-09-15,before
2008-07-06,1915.32,1912.65,,124.08000183105467,123.9800033569336,1044.5,0.0006216923615427,0.0005126407800508,,0.0,0.0,0.0,1910.5857142857144,1908.447142857143,,1907.579,1907.974333333333,,0.0,0.0,0.0,0.0,0.0,0.0,0.0,0.0,global_financial_crisis,international_economy,2008-09-15,before
2008-07-07,1915.09,1914.09,,124.08000183105467,123.9800033569336,1044.5,-0.0001200843723242,0.0007528821268918,,0.0,0.0,0.0,1911.895714285714,1909.83,,1907.8163333333328,1907.9986666666664,,0.0,0.0,0.0,0.0,0.0,0.0,0.0,0.0,global_financial_crisis,international_economy,2008-09-15,before
2008-07-08,1919.74,1916.52,,124.08000183105467,123.9800033569336,1026.25,0.002428084319797,0.0012695327805902,,0.0,0.0,-0.017472474868358,1913.7471428571428,1911.501428571429,,1908.208,1908.097,,0.0,0.0,0.0,0.0,0.0,0.0,0.0,0.0,global_financial_crisis,international_economy,2008-09-15,before
2008-07-09,1924.53,1921.0,,124.08000183105467,123.9800033569336,1000.0,0.0024951295487929,0.0023375701792833,,0.0,0.0,-0.0255785627283799,1916.0828571428567,1913.622857142857,,1908.7813333333331,1908.3913333333333,,0.0,0.0,0.0,0.0,0.0,0.0,0.0,0.0,global_financial_crisis,international_economy,2008-09-15,before
2008-07-10,1935.23,1931.56,,124.08000183105467,123.9800033569336,998.2,0.0055597990158635,0.0054971369078604,,0.0,0.0,-0.0017999999999999,1919.5371428571427,1916.8485714285716,,1909.7036666666668,1909.0353333333333,,0.0,0.0,0.0,0.0,0.0,0.0,0.0,0.0,global_financial_crisis,international_economy,2008-09-15,before
2008-07-11,1941.25,1937.38,,124.08000183105467,123.9800033569336,1000.3,0.0031107413589082,0.0030131085754521,,0.0,0.0,0.0021037868162692,1923.612857142857,1920.695714285714,,1910.8376666666663,1909.904,,0.0,0.0,0.0,0.0,0.0,0.0,0.0,0.0,global_financial_crisis,international_economy,2008-09-15,before
2008-07-12,1945.39,1941.77,,124.08000183105467,123.9800033569336,1000.3,0.0021326464906632,0.0022659467941239,,0.0,0.0,0.0,1928.078571428572,1924.9957142857145,,1912.156,1911.0283333333327,,0.0,0.0,0.0,0.0,0.0,0.0,0.0,0.0,global_financial_crisis,international_economy,2008-09-15,before
2008-07-13,1947.1,1943.47,,124.08000183105467,123.9800033569336,1000.3,0.0008790011257382,0.0008754898880918,,0.0,0.0,0.0,1932.6185714285712,1929.3985714285716,,1913.5393333333332,1912.2373333333333,,0.0,0.0,0.0,0.0,0.0,0.0,0.0,0.0,global_financial_crisis,international_economy,2008-09-15,before
2008-07-14,1947.74,1943.84,,124.08000183105467,123.9800033569336,1003.8,0.0003286939551128,0.0001903811224253,,0.0,0.0,0.0034989503149054,1937.2828571428572,1933.6485714285716,,1914.9603333333332,1913.4793333333332,,0.0,0.0,0.0,0.0,0.0,0.0,0.0,0.0,global_financial_crisis,international_economy,2008-09-15,before
2008-07-15,1949.9,1945.81,,124.08000183105467,123.9800033569336,1006.3,0.0011089775842771,0.0010134578977694,,0.0,0.0,0.0024905359633393,1941.5914285714289,1937.8328571428572,,1916.465,1914.7986666666663,,0.0,0.0,0.0,0.0,0.0,0.0,0.0,0.0,global_financial_crisis,international_economy,2008-09-15,before
2008-07-16,1950.02,1947.75,,124.08000183105467,123.9800033569336,1006.75,6.154161751870113e-05,0.000997014096957,,0.0,0.0,0.0004471827486833,1945.2328571428573,1941.654285714286,,1917.992,1916.2146666666667,,0.0,0.0,0.0,0.0,0.0,0.0,0.0,0.0,global_financial_crisis,international_economy,2008-09-15,before
2008-07-17,1948.04,1943.8,,124.08000183105467,123.9800033569336,1011.0,-0.0010153742012902,-0.0020279810037222,,0.0,0.0,0.0042215048423144,1947.0628571428567,1943.402857142857,,1919.4406666666664,1917.501,,0.0,0.0,0.0,0.0,0.0,0.0,0.0,0.0,global_financial_crisis,international_economy,2008-09-15,before
2008-07-18,1947.0,1942.85,,124.08000183105467,123.9800033569336,1013.0,-0.0005338699410689,-0.0004887334087869,,0.0,0.0,0.0019782393669633,1947.8842857142856,1944.1842857142856,,1920.8306666666665,1918.7453333333333,,0.0,0.0,0.0,0.0,0.0,0.0,0.0,0.0,global_financial_crisis,international_economy,2008-09-15,before
2008-07-19,1946.11,1941.98,,124.08000183105467,123.9800033569336,1013.0,-0.000457113507961,-0.0004477957639549,,0.0,0.0,0.0,1947.9871428571428,1944.2142857142856,,1922.1346666666664,1919.9126666666664,,0.0,0.0,0.0,0.0,0.0,0.0,0.0,0.0,global_financial_crisis,international_economy,2008-09-15,before
2008-07-20,1945.74,1941.57,,124.08000183105467,123.9800033569336,1013.0,-0.0001901228604754,-0.00021112472837,,0.0,0.0,0.0,1947.7928571428567,1943.9428571428573,,1923.3943333333332,1921.0456666666664,,0.0,0.0,0.0,0.0,0.0,0.0,0.0,0.0,global_financial_crisis,international_economy,2008-09-15,before
2008-07-21,1943.12,1938.79,,124.08000183105467,123.9800033569336,1017.0,-0.001346531396795,-0.0014318309409395,,0.0,0.0,0.0039486673247779,1947.132857142857,1943.2214285714283,,1924.568,1922.09,,0.0,0.0,0.0,0.0,0.0,0.0,0.0,0.0,global_financial_crisis,international_economy,2008-09-15,before
2008-07-22,1941.85,1937.7,,124.08000183105467,123.9800033569336,1014.0,-0.0006535880439705,-0.0005622063245631,,0.0,0.0,-0.0029498525073746,1945.982857142857,1942.062857142857,,1925.7006666666668,1923.102,,0.0,0.0,0.0,0.0,0.0,0.0,0.0,0.0,global_financial_crisis,international_economy,2008-09-15,before
2008-07-23,1937.76,1933.82,,124.08000183105467,123.9800033569336,1009.0,-0.0021062388958982,-0.0020023739484956,,0.0,0.0,-0.004930966469428,1944.2314285714283,1940.072857142857,,1926.7333333333331,1924.0293333333332,,0.0,0.0,0.0,0.0,0.0,0.0,0.0,0.0,global_financial_crisis,international_economy,2008-09-15,before
2008-07-24,1925.29,1921.33,,124.08000183105467,123.9800033569336,1006.8,-0.006435265461151,-0.0064587190121107,,0.0,0.0,-0.0021803766105055,1940.9814285714283,1936.862857142857,,1927.3393333333331,1924.538,,0.0,0.0,0.0,0.0,0.0,0.0,0.0,0.0,global_financial_crisis,international_economy,2008-09-15,before
2008-07-25,1916.11,1912.13,,124.08000183105467,123.9800033569336,1007.0,-0.0047681128557256,-0.0047883497369008,,0.0,0.0,0.0001986491855383,1936.5685714285717,1932.4742857142855,,1927.6513333333332,1924.7583333333332,,0.0,0.0,0.0,0.0,0.0,0.0,0.0,0.0,global_financial_crisis,international_economy,2008-09-15,before
2008-07-26,1911.88,1907.43,,124.08000183105467,123.9800033569336,1007.0,-0.0022075976848927,-0.0024579918729374,,0.0,0.0,0.0,1931.6785714285716,1927.5385714285717,,1927.8083333333332,1924.811666666667,,0.0,0.0,0.0,0.0,0.0,0.0,0.0,0.0,global_financial_crisis,international_economy,2008-09-15,before
2008-07-27,1909.41,1904.92,,124.08000183105467,123.9800033569336,1007.0,-0.0012919220871603,-0.0013159067436288,,0.0,0.0,0.0,1926.4885714285715,1922.3028571428567,,1927.8856666666663,1924.6636666666668,,0.0,0.0,0.0,0.0,0.0,0.0,0.0,0.0,global_financial_crisis,international_economy,2008-09-15,before
2008-07-28,1905.19,1900.5,,124.08000183105467,123.9800033569336,1006.0,-0.0022101067869132,-0.0023203074144846,,0.0,0.0,-0.0009930486593843,1921.07,1916.8328571428572,,1927.821,1924.4923333333331,,0.0,0.0,0.0,0.0,0.0,0.0,0.0,0.0,global_financial_crisis,international_economy,2008-09-15,before
2008-07-29,1902.25,1898.01,,124.08000183105467,123.9800033569336,1006.0,-0.0015431531763236,-0.001310181531176,,0.0,0.0,0.0,1915.412857142857,1911.162857142857,,1927.6613333333332,1924.2383333333332,,1.0,1.0,0.0,0.0,0.0,0.0,0.0,0.0,global_financial_crisis,international_economy,2008-09-15,before
2008-07-30,1896.66,1892.6,,124.08000183105467,123.9800033569336,1012.3,-0.0029386253121302,-0.0028503537916028,,0.0,0.0,0.006262425447316,1909.5414285714287,1905.2742857142855,,1927.3526666666664,1923.8446666666669,,0.0,0.0,0.0,0.0,0.0,0.0,0.0,0.0,global_financial_crisis,international_economy,2008-09-15,before
2008-07-31,1883.48,1879.16,,124.08000183105467,123.9800033569336,1011.5,-0.0069490578174264,-0.0071013420691111,,0.0,0.0,-0.0007902795613947,1903.5685714285717,1899.25,,1926.576,1922.9893333333332,,0.0,0.0,0.0,0.0,0.0,0.0,0.0,0.0,global_financial_crisis,international_economy,2008-09-15,before
2008-08-01,1871.95,1867.08,,115.45999908447266,114.0500030517578,1086.5,-0.0061216471637607,-0.0064284041805914,,-0.0694713299433931,-0.0800935637708261,0.0741473059812161,1897.26,1892.8142857142852,,1925.368333333333,1921.687,,0.0,0.0,0.0,0.0,0.0,0.0,0.0,0.0,global_financial_crisis,international_economy,2008-09-15,before
2008-08-02,1867.32,1862.44,,115.45999908447266,114.0500030517578,1086.5,-0.0024733566601672,-0.0024851639994,,0.0,0.0,0.0,1890.8942857142856,1886.3871428571424,,1923.9106666666669,1920.1356666666663,,0.0,0.0,0.0,0.0,0.0,0.0,0.0,0.0,global_financial_crisis,international_economy,2008-09-15,before
2008-08-03,1865.13,1860.14,,115.45999908447266,114.0500030517578,1086.5,-0.0011728038043826,-0.0012349391121324,,0.0,0.0,0.0,1884.5685714285717,1879.99,,1922.3243333333332,1918.4586666666669,,0.0,0.0,0.0,0.0,0.0,0.0,0.0,0.0,global_financial_crisis,international_economy,2008-09-15,before
2008-08-04,1860.3,1854.98,,115.45999908447266,114.0500030517578,1016.75,-0.0025896318219106,-0.0027739847538357,,0.0,0.0,-0.0641969627243442,1878.1557142857143,1873.4871428571428,,1920.53,1916.569,,0.0,0.0,0.0,0.0,0.0,0.0,0.0,0.0,global_financial_crisis,international_economy,2008-09-15,before
2008-08-05,1856.72,1851.61,,115.45999908447266,114.0500030517578,1017.0,-0.0019244207923452,-0.0018167311776946,,0.0,0.0,0.0002458814851242,1871.6514285714288,1866.8585714285716,,1918.5766666666664,1914.5343333333333,,0.0,0.0,0.0,0.0,0.0,0.0,0.0,0.0,global_financial_crisis,international_economy,2008-09-15,before
2008-08-06,1850.85,1845.62,,115.45999908447266,114.0500030517578,1015.5,-0.0031614890775131,-0.0032350224939377,,0.0,0.0,-0.0014749262536872,1865.107142857143,1860.1471428571429,,1916.4353333333331,1912.252,,0.0,0.0,0.0,0.0,0.0,0.0,0.0,0.0,global_financial_crisis,international_economy,2008-09-15,before
2008-08-07,1838.99,1832.42,,115.45999908447266,114.0500030517578,1016.0,-0.0064078666558607,-0.0071520681397035,,0.0,0.0,0.0004923682914821,1858.7514285714285,1853.47,,1913.7436666666667,1909.448666666667,,0.0,0.0,0.0,0.0,0.0,0.0,0.0,0.0,global_financial_crisis,international_economy,2008-09-15,before
2008-08-08,1829.67,1822.06,,115.45999908447266,114.0500030517578,1028.0,-0.0050679992822146,-0.005653725674245,,0.0,0.0,0.0118110236220472,1852.7114285714288,1847.0385714285717,,1910.5816666666665,1906.150666666667,,0.0,0.0,0.0,0.0,0.0,0.0,0.0,0.0,global_financial_crisis,international_economy,2008-09-15,before
2008-08-09,1823.12,1815.0,,115.45999908447266,114.0500030517578,1028.0,-0.0035798805249035,-0.00387473518984,,0.0,0.0,0.0,1846.3971428571424,1840.2614285714285,,1906.8446666666669,1902.2653333333333,,0.0,0.0,0.0,0.0,0.0,0.0,0.0,0.0,global_financial_crisis,international_economy,2008-09-15,before
2008-08-10,1820.32,1811.93,,115.45999908447266,114.0500030517578,1028.0,-0.0015358286892799,-0.0016914600550963,,0.0,0.0,0.0,1839.9957142857145,1833.3742857142856,,1902.813666666667,1898.0836666666664,,0.0,0.0,0.0,0.0,0.0,0.0,0.0,0.0,global_financial_crisis,international_economy,2008-09-15,before
2008-08-11,1813.37,1806.28,,115.45999908447266,114.0500030517578,1030.0,-0.0038180100202162,-0.0031182220063689,,0.0,0.0,0.0019455252918287,1833.2914285714285,1826.4171428571428,,1898.413,1893.5673333333332,,0.0,0.0,0.0,0.0,0.0,0.0,0.0,0.0,global_financial_crisis,international_economy,2008-09-15,before
2008-08-12,1808.12,1799.37,,115.45999908447266,114.0500030517578,1034.2,-0.0028951620463556,-0.0038255419979184,,0.0,0.0,0.0040776699029125,1826.3485714285712,1818.9542857142856,,1893.7803333333331,1888.764,,1.0,1.0,-3.0,-3.0,0.0,0.0,0.0,0.0,global_financial_crisis,international_economy,2008-09-15,before
2008-08-13,1800.32,1789.36,,115.45999908447266,114.0500030517578,1039.5,-0.0043138729730327,-0.0055630581814746,,0.0,0.0,0.0051247340939857,1819.13,1810.9171428571428,,1888.8663333333327,1883.6146666666664,,0.0,0.0,0.0,0.0,0.0,0.0,0.0,0.0,global_financial_crisis,international_economy,2008-09-15,before
2008-08-14,1786.99,1770.6,,115.45999908447266,114.0500030517578,1039.5,-0.0074042392463561,-0.0104841954665355,,0.0,0.0,0.0,1811.7014285714288,1802.0857142857144,,1883.436,1877.7743333333333,,0.0,0.0,0.0,0.0,0.0,0.0,0.0,0.0,global_financial_crisis,international_economy,2008-09-15,before
2008-08-15,1779.24,1759.76,,115.45999908447266,114.0500030517578,1039.3,-0.004336901717413,-0.0061222184570202,,0.0,0.0,-0.0001924001924001,1804.4971428571428,1793.185714285714,,1877.743333333333,1871.508,,0.0,0.0,0.0,0.0,0.0,0.0,0.0,0.0,global_financial_crisis,international_economy,2008-09-15,before
2008-08-16,1774.34,1753.28,,115.45999908447266,114.0500030517578,1039.3,-0.002753984847463,-0.0036823203164068,,0.0,0.0,0.0,1797.5285714285717,1784.3685714285714,,1871.9533333333331,1865.157333333333,,0.0,0.0,0.0,0.0,0.0,0.0,0.0,0.0,global_financial_crisis,international_economy,2008-09-15,before
2008-08-17,1771.53,1749.72,,115.45999908447266,114.0500030517578,1039.3,-0.0015836874556173,-0.0020304800146011,,0.0,0.0,0.0,1790.5585714285714,1775.4814285714283,,1866.1043333333328,1858.7196666666664,,0.0,0.0,0.0,0.0,0.0,0.0,0.0,0.0,global_financial_crisis,international_economy,2008-09-15,before
2008-08-18,1765.24,1742.59,,115.45999908447266,114.0500030517578,1042.8,-0.0035506031509485,-0.0040749377043184,,0.0,0.0,0.0033676513037621,1783.682857142857,1766.382857142857,,1860.0753333333328,1852.0733333333333,,0.0,0.0,0.0,0.0,0.0,0.0,0.0,0.0,global_financial_crisis,international_economy,2008-09-15,before
2008-08-19,1760.84,1736.92,,115.45999908447266,114.0500030517578,1051.3,-0.0024925789127824,-0.0032537774232607,,0.0,0.0,0.0081511315688531,1776.928571428571,1757.4614285714283,,1853.912,1845.2516666666668,,0.0,0.0,0.0,0.0,0.0,0.0,0.0,0.0,global_financial_crisis,international_economy,2008-09-15,before
2008-08-20,1755.77,1731.05,,115.45999908447266,114.0500030517578,1047.3,-0.0028793076031893,-0.0033795454022063,,0.0,0.0,-0.003804813088557,1770.564285714286,1749.1314285714286,,1847.667,1838.327,,1.0,1.0,-3.0,-3.0,0.0,0.0,0.0,0.0,global_financial_crisis,international_economy,2008-09-15,before
2008-08-21,1745.69,1716.91,,115.45999908447266,114.0500030517578,1053.6,-0.0057410708691912,-0.0081684526732329,,0.0,0.0,0.0060154683471784,1764.6642857142856,1741.4614285714283,,1841.128333333333,1830.9673333333333,,0.0,0.0,0.0,0.0,0.0,0.0,0.0,0.0,global_financial_crisis,international_economy,2008-09-15,before
2008-08-22,1738.64,1706.98,,115.45999908447266,114.0500030517578,1062.3,-0.0040385177207865,-0.0057836462016064,,0.0,0.0,0.008257403189066,1758.8642857142856,1733.9214285714286,,1834.491,1823.406,,0.0,0.0,0.0,0.0,0.0,0.0,0.0,0.0,global_financial_crisis,international_economy,2008-09-15,before
2008-08-23,1734.35,1701.07,,115.45999908447266,114.0500030517578,1062.3,-0.0024674458197212,-0.0034622549766254,,0.0,0.0,0.0,1753.1514285714286,1726.462857142857,,1828.1263333333332,1816.064,,0.0,0.0,0.0,0.0,0.0,0.0,0.0,0.0,global_financial_crisis,international_economy,2008-09-15,before
2008-08-24,1732.42,1698.31,,115.45999908447266,114.0500030517578,1062.3,-0.0011128088332803,-0.001622508186024,,0.0,0.0,0.0,1747.564285714286,1719.1185714285714,,1822.003333333333,1808.9366666666667,,0.0,0.0,0.0,0.0,0.0,0.0,0.0,0.0,global_financial_crisis,international_economy,2008-09-15,before
2008-08-25,1727.71,1692.73,,115.45999908447266,114.0500030517578,1077.8,-0.0027187402592905,-0.0032856192332376,,0.0,0.0,0.0145909818318741,1742.202857142857,1711.9957142857145,,1815.8643333333332,1801.78,,0.0,0.0,0.0,0.0,0.0,0.0,0.0,0.0,global_financial_crisis,international_economy,2008-09-15,before
2008-08-26,1724.91,1688.32,,115.45999908447266,114.0500030517578,1087.5,-0.0016206423531727,-0.0026052589603776,,0.0,0.0,0.0089998144368157,1737.0700000000002,1705.0528571428572,,1809.7143333333331,1794.56,,0.0,0.0,0.0,0.0,0.0,0.0,0.0,0.0,global_financial_crisis,international_economy,2008-09-15,before
2008-08-27,1722.46,1684.8,,115.45999908447266,114.0500030517578,1084.0,-0.0014203639610183,-0.0020849128127369,,0.0,0.0,-0.0032183908045977,1732.311428571429,1698.445714285714,,1803.6233333333328,1787.37,,0.0,0.0,0.0,0.0,0.0,0.0,0.0,0.0,global_financial_crisis,international_economy,2008-09-15,before
2008-08-28,1719.66,1680.26,,115.45999908447266,114.0500030517578,1081.3,-0.0016255820164183,-0.0026946818613484,,0.0,0.0,-0.002490774907749,1728.5928571428572,1693.2099999999998,,1797.537,1780.111666666667,,0.0,0.0,0.0,0.0,0.0,0.0,0.0,0.0,global_financial_crisis,international_economy,2008-09-15,before
2008-08-29,1718.02,1678.08,,115.45999908447266,114.0500030517578,1089.0,-0.0009536768896177,-0.0012974182566983,,0.0,0.0,0.0071210579857579,1725.6471428571429,1689.0814285714284,,1791.5823333333333,1772.961,,1.0,1.0,-3.0,-3.0,0.0,0.0,0.0,0.0,global_financial_crisis,international_economy,2008-09-15,before
2008-08-30,1716.57,1676.3,,115.45999908447266,114.0500030517578,1089.0,-0.0008439948312592,-0.0010607360793287,,0.0,0.0,0.0,1723.107142857143,1685.542857142857,,1786.0186666666666,1766.199,,0.0,0.0,0.0,0.0,0.0,0.0,0.0,0.0,global_financial_crisis,international_economy,2008-09-15,before
2008-08-31,1716.23,1675.48,,115.45999908447266,114.0500030517578,1089.0,-0.0001980694058499,-0.0004891725824732,,0.0,0.0,0.0,1720.7942857142857,1682.2814285714287,,1780.8280000000002,1759.8123333333335,,0.0,0.0,0.0,0.0,0.0,0.0,0.0,0.0,global_financial_crisis,international_economy,2008-09-15,before
2008-09-01,1713.8,1672.64,,100.63999938964844,98.16999816894533,1204.800048828125,-0.0014158941400628,-0.0016950366462147,,-0.1283561390294281,-0.1392372157640877,0.1063361329918504,1718.8071428571432,1679.4114285714284,,1775.7106666666666,1753.4856666666667,,0.0,0.0,0.0,0.0,0.0,0.0,0.0,0.0,global_financial_crisis,international_economy,2008-09-15,before
2008-09-02,1713.62,1671.47,,100.63999938964844,98.16999816894533,1134.45,-0.0001050297584316,-0.0006994930170269,,0.0,0.0,-0.0583914724244511,1717.1942857142858,1677.0042857142855,,1770.6603333333333,1747.1966666666667,,0.0,0.0,0.0,0.0,0.0,0.0,0.0,0.0,global_financial_crisis,international_economy,2008-09-15,before
2008-09-03,1713.81,1670.72,,100.63999938964844,98.16999816894533,1147.9,0.0001108763903316,-0.0004487068269247,,0.0,0.0,0.0118559654458108,1715.9585714285713,1674.9928571428572,,1765.7773333333332,1741.054666666667,,0.0,0.0,0.0,0.0,0.0,0.0,0.0,0.0,global_financial_crisis,international_economy,2008-09-15,before
2008-09-04,1717.18,1673.65,,100.63999938964844,98.16999816894533,1130.3,0.0019663790035069,0.0017537349166827,,0.0,0.0,-0.0153323460231729,1715.6042857142857,1674.0485714285714,,1761.126,1735.1226666666666,,0.0,0.0,0.0,0.0,0.0,0.0,0.0,0.0,global_financial_crisis,international_economy,2008-09-15,before
2008-09-05,1718.42,1672.25,,100.63999938964844,98.16999816894533,1117.8,0.0007221141639199,-0.0008364950855914,,0.0,0.0,-0.0110590108820667,1715.6614285714284,1673.2157142857145,,1756.7116666666668,1729.3436666666666,,0.0,0.0,0.0,0.0,0.0,0.0,0.0,0.0,global_financial_crisis,international_economy,2008-09-15,before
2008-09-06,1719.45,1672.54,,100.63999938964844,98.16999816894533,1117.8,0.0005993878097321,0.0001734190461952,,0.0,0.0,0.0,1716.0728571428572,1672.678571428571,,1752.727,1724.0143333333333,,0.0,0.0,0.0,0.0,0.0,0.0,0.0,0.0,global_financial_crisis,international_economy,2008-09-15,before
2008-09-07,1720.11,1672.56,,100.63999938964844,98.16999816894533,1117.8,0.0003838436709411,1.1957860499567374e-05,,0.0,0.0,0.0,1716.6271428571429,1672.2614285714285,,1749.075,1719.0309999999995,,0.0,0.0,0.0,0.0,0.0,0.0,0.0,0.0,global_financial_crisis,international_economy,2008-09-15,before
2008-09-08,1721.39,1671.38,,100.63999938964844,98.16999816894533,1081.2,0.0007441384562616,-0.0007055053331419,,0.0,0.0,-0.0327428878153515,1717.7114285714283,1672.0814285714284,,1745.684,1714.2436666666665,,0.0,0.0,0.0,0.0,0.0,0.0,0.0,0.0,global_financial_crisis,international_economy,2008-09-15,before
2008-09-09,1721.2,1672.24,,100.63999938964844,98.16999816894533,1099.5,-0.0001103759171368,0.0005145448671157,,0.0,0.0,0.0169256381798001,1718.794285714286,1672.1914285714286,,1742.38,1709.5873333333334,,0.0,0.0,0.0,0.0,0.0,0.0,0.0,0.0,global_financial_crisis,international_economy,2008-09-15,before
2008-09-10,1721.9,1672.23,,100.63999938964844,98.16999816894533,1091.3,0.0004066930048802,-5.980002870442647e-06,,0.0,0.0,-0.0074579354251933,1719.9500000000005,1672.4071428571428,,1739.331,1705.119,,0.0,0.0,0.0,0.0,0.0,0.0,0.0,0.0,global_financial_crisis,international_economy,2008-09-15,before
2008-09-11,1722.11,1671.49,,100.63999938964844,98.16999816894533,1110.0,0.0001219583018756,-0.0004425228586977,,0.0,0.0,0.0171355264363604,1720.6542857142856,1672.0985714285714,,1736.464,1700.8563333333334,,0.0,0.0,0.0,0.0,0.0,0.0,0.0,0.0,global_financial_crisis,international_economy,2008-09-15,before
2008-09-12,1724.16,1672.32,,100.63999938964844,98.16999816894533,1106.5,0.0011904001486549,0.0004965629468318,,0.0,0.0,-0.0031531531531531,1721.4742857142858,1672.1085714285714,,1733.9253333333334,1696.9550000000002,,0.0,0.0,0.0,0.0,0.0,0.0,0.0,0.0,global_financial_crisis,international_economy,2008-09-15,before
2008-09-13,1725.01,1672.44,,100.63999938964844,98.16999816894533,1106.5,0.0004929936896806,7.175660160751995e-05,,0.0,0.0,0.0,1722.2685714285712,1672.094285714286,,1731.859333333333,1693.6830000000002,,0.0,0.0,0.0,0.0,0.0,0.0,0.0,0.0,global_financial_crisis,international_economy,2008-09-15,before
2008-09-14,1724.8,1672.28,,100.63999938964844,98.16999816894533,1106.5,-0.0001217384247047,-9.566860395593402e-05,,0.0,0.0,0.0,1722.9385714285715,1672.0542857142857,,1730.044666666667,1690.767,,0.0,0.0,0.0,0.0,0.0,0.0,0.0,0.0,global_financial_crisis,international_economy,2008-09-15,before
2008-09-15,1725.0,1672.03,,100.63999938964844,98.16999816894533,1117.85,0.0001159554730982,-0.000149496495802,,0.0,0.0,0.0102575689109805,1723.4542857142858,1672.1471428571429,,1728.4,1688.0586666666668,,0.0,0.0,0.0,0.0,0.0,0.0,0.0,0.0,global_financial_crisis,international_economy,2008-09-15,after
2008-09-16,1723.79,1670.34,,100.63999938964844,98.16999816894533,1159.75,-0.0007014492753623,-0.0010107474148191,,0.0,0.0,0.0374826676208794,1723.8242857142857,1671.8757142857144,,1726.8086666666668,1685.4126666666666,,1.0,1.0,0.0,0.0,0.0,0.0,0.0,0.0,global_financial_crisis,international_economy,2008-09-15,after
2008-09-17,1723.14,1669.32,,100.63999938964844,98.16999816894533,1115.5,-0.0003770760939556,-0.0006106541183231,,0.0,0.0,-0.0381547747359344,1724.0014285714285,1671.4599999999998,,1725.4053333333334,1682.9703333333332,,0.0,0.0,0.0,0.0,0.0,0.0,0.0,0.0,global_financial_crisis,international_economy,2008-09-15,after
2008-09-18,1715.9,1658.06,,100.63999938964844,98.16999816894533,1152.4,-0.0042016319045463,-0.0067452615436225,,0.0,0.0,0.0330793366203496,1723.114285714286,1669.5414285714285,,1723.907333333333,1680.3416666666667,,1.0,1.0,-3.0,-3.0,0.0,0.0,0.0,0.0,global_financial_crisis,international_economy,2008-09-15,after
2008-09-19,1711.22,1652.13,,100.63999938964844,98.16999816894533,1139.5,-0.0027274316685121,-0.0035764688853237,,0.0,0.0,-0.0111940298507463,1721.265714285714,1666.6571428571428,,1722.4223333333334,1677.711,,1.0,1.0,0.0,0.0,0.0,0.0,0.0,0.0,global_financial_crisis,international_economy,2008-09-15,after
2008-09-20,1709.24,1647.44,,100.63999938964844,98.16999816894533,1139.5,-0.0011570692254648,-0.0028387596617699,,0.0,0.0,0.0,1719.0128571428572,1663.0857142857142,,1721.2073333333333,1675.3953333333334,,0.0,0.0,0.0,0.0,0.0,0.0,0.0,0.0,global_financial_crisis,international_economy,2008-09-15,after
2008-09-21,1708.47,1645.74,,100.63999938964844,98.16999816894533,1139.5,-0.0004504926166015,-0.0010319040450639,,0.0,0.0,0.0,1716.68,1659.294285714286,,1720.2016666666668,1673.354,,0.0,0.0,0.0,0.0,0.0,0.0,0.0,0.0,global_financial_crisis,international_economy,2008-09-15,after
2008-09-22,1707.62,1642.91,,100.63999938964844,98.16999816894533,1127.3,-0.0004975211739158,-0.0017195911869432,,0.0,0.0,-0.010706450197455,1714.1971428571428,1655.134285714286,,1719.3106666666667,1671.4153333333334,,0.0,0.0,0.0,0.0,0.0,0.0,0.0,0.0,global_financial_crisis,international_economy,2008-09-15,after
2008-09-23,1706.35,1642.09,,100.63999938964844,98.16999816894533,1146.5,-0.00074372518476,-0.0004991143763202,,0.0,0.0,0.0170318460037257,1711.7057142857143,1651.0985714285712,,1718.4416666666666,1669.5413333333331,,0.0,0.0,0.0,0.0,0.0,0.0,0.0,0.0,global_financial_crisis,international_economy,2008-09-15,after
2008-09-24,1705.74,1641.0,,100.63999938964844,98.16999816894533,1153.5,-0.0003574882058193,-0.0006637882211084,,0.0,0.0,0.006105538595726,1709.2199999999998,1647.052857142857,,1717.7093333333332,1667.817,,0.0,0.0,0.0,0.0,0.0,0.0,0.0,0.0,global_financial_crisis,international_economy,2008-09-15,after
2008-09-25,1705.45,1642.27,,100.63999938964844,98.16999816894533,1148.8,-0.0001700141873908,0.0007739183424742,,0.0,0.0,-0.0040745557000433,1707.7271428571428,1644.797142857143,,1717.0606666666667,1666.2820000000002,,0.0,0.0,0.0,0.0,0.0,0.0,0.0,0.0,global_financial_crisis,international_economy,2008-09-15,after
2008-09-26,1705.88,1642.83,,100.63999938964844,98.16999816894533,1160.1,0.0002521328681579,0.0003409914325902,,0.0,0.0,0.0098363509749304,1706.9642857142858,1643.4685714285713,,1716.5080000000005,1664.883,,0.0,0.0,0.0,0.0,0.0,0.0,0.0,0.0,global_financial_crisis,international_economy,2008-09-15,after
2008-09-27,1705.85,1642.77,,100.63999938964844,98.16999816894533,1160.1,-1.758623115355462e-05,-3.652234254303277e-05,,0.0,0.0,0.0,1706.48,1642.8014285714287,,1716.0476666666666,1663.6333333333334,,0.0,0.0,0.0,0.0,0.0,0.0,0.0,0.0,global_financial_crisis,international_economy,2008-09-15,after
2008-09-28,1705.72,1642.32,,100.63999938964844,98.16999816894533,1160.1,-7.620834188226677e-05,-0.0002739275735496,,0.0,0.0,0.0,1706.087142857143,1642.312857142857,,1715.6376666666667,1662.4413333333332,,0.0,0.0,0.0,0.0,0.0,0.0,0.0,0.0,global_financial_crisis,international_economy,2008-09-15,after
2008-09-29,1704.92,1641.19,,100.63999938964844,98.16999816894533,1185.75,-0.0004690101540698,-0.0006880510497344,,0.0,0.0,0.0221101629169899,1705.7014285714286,1642.0671428571427,,1715.2493333333334,1661.271,,1.0,1.0,-3.0,-3.0,0.0,0.0,0.0,0.0,global_financial_crisis,international_economy,2008-09-15,after
2008-09-30,1705.65,1641.55,,100.63999938964844,98.16999816894533,1206.3,0.0004281725828778,0.000219353030423,,0.0,0.0,0.0173308032890575,1705.6014285714286,1641.99,,1714.8966666666668,1660.14,,1.0,1.0,-3.0,-3.0,0.0,0.0,0.0,0.0,global_financial_crisis,international_economy,2008-09-15,after
2008-10-01,1707.53,1642.77,,67.80999755859375,65.31999969482422,1289.199951171875,0.0011022190953595,0.0007432000243672,,-0.3262122618259027,-0.3346236027995846,0.0687224995207453,1705.857142857143,1642.2428571428572,,1714.687666666667,1659.1443333333334,,0.0,0.0,0.0,0.0,0.0,0.0,0.0,0.0,global_financial_crisis,international_economy,2008-09-15,after
2008-10-02,1713.18,1649.86,,67.80999755859375,65.31999969482422,1222.9,0.0033088730505468,0.0043158811032584,,0.0,0.0,-0.0514272057733237,1706.9614285714283,1643.327142857143,,1714.673,1658.4239999999998,,0.0,0.0,0.0,0.0,0.0,0.0,0.0,0.0,global_financial_crisis,international_economy,2008-09-15,after
2008-10-03,1715.4,1650.41,,67.80999755859375,65.31999969482422,1220.9,0.0012958358141001,0.0003333616185616,,0.0,0.0,-0.0016354567012838,1708.321428571429,1644.41,,1714.726,1657.747,,0.0,0.0,0.0,0.0,0.0,0.0,0.0,0.0,global_financial_crisis,international_economy,2008-09-15,after
2008-10-04,1716.21,1650.87,,67.80999755859375,65.31999969482422,1220.9,0.0004721930745015,0.0002787186214332,,0.0,0.0,0.0,1709.8014285714287,1645.5671428571427,,1714.6936666666668,1656.9876666666669,,0.0,0.0,0.0,0.0,0.0,0.0,0.0,0.0,global_financial_crisis,international_economy,2008-09-15,after
2008-10-05,1716.71,1651.16,,67.80999755859375,65.31999969482422,1220.9,0.0002913396379231,0.0001756649524191,,0.0,0.0,0.0,1711.3714285714286,1646.83,,1714.6366666666663,1656.284666666667,,0.0,0.0,0.0,0.0,0.0,0.0,0.0,0.0,global_financial_crisis,international_economy,2008-09-15,after
2008-10-06,1716.05,1650.02,,67.80999755859375,65.31999969482422,1267.4,-0.0003844563146949,-0.0006904237021245,,0.0,0.0,0.0380866573838971,1712.9614285714288,1648.0914285714284,,1714.5233333333333,1655.534,,0.0,0.0,0.0,0.0,0.0,0.0,0.0,0.0,global_financial_crisis,international_economy,2008-09-15,after
2008-10-07,1716.71,1650.59,,67.80999755859375,65.31999969482422,1328.4,0.0003846041782,0.0003454503581774,,0.0,0.0,0.0481300299826417,1714.5414285714285,1649.3828571428571,,1714.41,1654.8016666666667,,0.0,0.0,0.0,0.0,0.0,0.0,0.0,0.0,global_financial_crisis,international_economy,2008-09-15,after
2008-10-08,1715.18,1648.28,,67.80999755859375,65.31999969482422,1415.25,-0.000891239638611,-0.0013994995728799,,0.0,0.0,0.0653794037940378,1715.634285714286,1650.17,,1714.2030000000002,1654.0316666666663,,2.0,2.0,0.0,0.0,0.0,0.0,0.0,0.0,global_financial_crisis,international_economy,2008-09-15,after
2008-10-09,1710.06,1637.09,,67.80999755859375,65.31999969482422,1381.4,-0.0029851094345784,-0.0067888950906399,,0.0,0.0,-0.0239180356827415,1715.188571428571,1648.345714285714,,1713.8316666666667,1652.86,,0.0,0.0,0.0,0.0,0.0,0.0,0.0,0.0,global_financial_crisis,international_economy,2008-09-15,after
2008-10-10,1705.72,1631.97,,67.80999755859375,65.31999969482422,1306.4,-0.0025379226459889,-0.0031275006261108,,0.0,0.0,-0.054292746489069,1713.8057142857144,1645.7114285714283,,1713.2923333333335,1651.5179999999998,,1.0,1.0,0.0,0.0,0.0,0.0,0.0,0.0,global_financial_crisis,international_economy,2008-09-15,after
2008-10-11,1703.82,1628.78,,67.80999755859375,65.31999969482422,1306.4,-0.0011138991159158,-0.0019546927945979,,0.0,0.0,0.0,1712.0357142857142,1642.5557142857142,,1712.6826666666668,1650.0943333333337,,0.0,0.0,0.0,0.0,0.0,0.0,0.0,0.0,global_financial_crisis,international_economy,2008-09-15,after
2008-10-12,1703.36,1627.45,,67.80999755859375,65.31999969482422,1306.4,-0.0002699815708232,-0.0008165620894166,,0.0,0.0,0.0,1710.1285714285716,1639.1685714285716,,1711.9893333333334,1648.5986666666663,,1.0,1.0,0.0,0.0,0.0,0.0,0.0,0.0,global_financial_crisis,international_economy,2008-09-15,after
2008-10-13,1702.06,1625.09,,67.80999755859375,65.31999969482422,1306.4,-0.0007631974450497,-0.0014501213554948,,0.0,0.0,0.0,1708.13,1635.607142857143,,1711.224333333333,1647.0203333333334,,0.0,0.0,0.0,0.0,0.0,0.0,0.0,0.0,global_financial_crisis,international_economy,2008-09-15,after
2008-10-14,1701.49,1622.46,,67.80999755859375,65.31999969482422,1207.25,-0.0003348883118103,-0.0016183719055559,,0.0,0.0,-0.075895590936926,1705.9557142857143,1631.5885714285712,,1710.4473333333333,1645.3596666666667,,0.0,0.0,0.0,0.0,0.0,0.0,0.0,0.0,global_financial_crisis,international_economy,2008-09-15,after
2008-10-15,1701.44,1620.22,,67.80999755859375,65.31999969482422,1237.5,-2.938600873347852e-05,-0.0013806195530243,,0.0,0.0,0.0250569476082005,1703.9928571428572,1627.58,,1709.662,1643.6326666666666,,1.0,1.0,-3.0,-3.0,0.0,0.0,0.0,0.0,global_financial_crisis,international_economy,2008-09-15,after
2008-10-16,1701.55,1615.64,,67.80999755859375,65.31999969482422,1369.5,6.465111905207266e-05,-0.0028267766105837,,0.0,0.0,0.1066666666666666,1702.777142857143,1624.5157142857145,,1708.9206666666664,1641.8093333333336,,0.0,0.0,0.0,0.0,0.0,0.0,0.0,0.0,global_financial_crisis,international_economy,2008-09-15,after
2008-10-17,1700.87,1613.21,,67.80999755859375,65.31999969482422,1333.3,-0.0003996356263407,-0.0015040479314699,,0.0,0.0,-0.0264330047462577,1702.0842857142857,1621.8357142857144,,1708.1783333333333,1639.939,,1.0,1.0,-3.0,-3.0,0.0,0.0,0.0,0.0,global_financial_crisis,international_economy,2008-09-15,after
2008-10-18,1699.85,1608.42,,67.80999755859375,65.31999969482422,1333.3,-0.0005996930982379,-0.0029692352514552,,0.0,0.0,0.0,1701.5171428571427,1618.9271428571428,,1707.6433333333332,1638.2843333333333,,0.0,0.0,0.0,0.0,0.0,0.0,0.0,0.0,global_financial_crisis,international_economy,2008-09-15,after
2008-10-19,1699.27,1606.92,,67.80999755859375,65.31999969482422,1333.3,-0.0003412065770508,-0.0009325922333718,,0.0,0.0,0.0,1700.932857142857,1615.9942857142858,,1707.245,1636.7773333333332,,0.0,0.0,0.0,0.0,0.0,0.0,0.0,0.0,global_financial_crisis,international_economy,2008-09-15,after
2008-10-20,1697.15,1601.91,,67.80999755859375,65.31999969482422,1315.0,-0.0012475945553089,-0.0031177656635053,,0.0,0.0,-0.0137253431335783,1700.2314285714283,1612.6828571428573,,1706.842,1635.2596666666666,,0.0,0.0,0.0,0.0,0.0,0.0,0.0,0.0,global_financial_crisis,international_economy,2008-09-15,after
2008-10-21,1696.23,1598.85,,67.80999755859375,65.31999969482422,1320.1,-0.0005420852605839,-0.0019102196752627,,0.0,0.0,0.0038783269961977,1699.48,1609.31,,1706.434,1633.6966666666667,,0.0,0.0,0.0,0.0,0.0,0.0,0.0,0.0,global_financial_crisis,international_economy,2008-09-15,after
2008-10-22,1692.24,1592.71,,67.80999755859375,65.31999969482422,1418.5,-0.0023522753400188,-0.0038402601870093,,0.0,0.0,0.074539807590334,1698.1657142857143,1605.38,,1705.9213333333332,1632.0233333333333,,0.0,0.0,0.0,0.0,0.0,0.0,0.0,0.0,global_financial_crisis,international_economy,2008-09-15,after
2008-10-23,1673.01,1570.3,,67.80999755859375,65.31999969482422,1408.7,-0.0113636363636363,-0.0140703580689517,,0.0,0.0,-0.0069087063799788,1694.0885714285712,1598.902857142857,,1704.81,1629.6303333333335,,1.0,1.0,-3.0,-3.0,0.0,0.0,0.0,0.0,global_financial_crisis,international_economy,2008-09-15,after
2008-10-24,1655.08,1548.11,,67.80999755859375,65.31999969482422,1430.8,-0.0107172102976073,-0.0141310577596638,,0.0,0.0,0.0156882231844963,1687.5471428571432,1589.6028571428571,,1703.1213333333333,1626.534,,2.0,2.0,1.0,2.0,0.0,0.0,0.0,0.0,global_financial_crisis,international_economy,2008-09-15,after
2008-10-25,1645.46,1533.17,,67.80999755859375,65.31999969482422,1430.8,-0.0058124078594387,-0.0096504770332855,,0.0,0.0,0.0,1679.777142857143,1578.8528571428571,,1701.121666666667,1622.897333333333,,0.0,0.0,0.0,0.0,0.0,0.0,0.0,0.0,global_financial_crisis,international_economy,2008-09-15,after
2008-10-26,1641.33,1527.75,,67.80999755859375,65.31999969482422,1430.8,-0.00250993643115,-0.0035351591799996,,0.0,0.0,0.0,1671.5,1567.542857142857,,1698.97,1619.0613333333336,,0.0,0.0,0.0,0.0,0.0,0.0,0.0,0.0,global_financial_crisis,international_economy,2008-09-15,after
2008-10-27,1633.57,1518.02,,67.80999755859375,65.31999969482422,1441.7,-0.0047278731272809,-0.006368843069874,,0.0,0.0,0.0076181157394465,1662.4171428571428,1555.5585714285714,,1696.5606666666667,1614.9029999999998,,1.0,1.0,-3.0,-3.0,0.0,0.0,0.0,0.0,global_financial_crisis,international_economy,2008-09-15,after
2008-10-28,1627.81,1511.0,,67.80999755859375,65.31999969482422,1467.7,-0.0035260196991864,-0.0046244450007245,,0.0,0.0,0.0180342651036971,1652.6428571428569,1543.0085714285713,,1693.9636666666663,1610.525666666667,,1.0,1.0,-3.0,-3.0,0.0,0.0,0.0,0.0,global_financial_crisis,international_economy,2008-09-15,after
2008-10-29,1622.58,1505.27,,67.80999755859375,65.31999969482422,1426.9,-0.0032129056830957,-0.0037921906022502,,0.0,0.0,-0.0277985964434148,1642.6914285714283,1530.517142857143,,1691.219,1605.995,,0.0,0.0,0.0,0.0,0.0,0.0,0.0,0.0,global_financial_crisis,international_economy,2008-09-15,after
2008-10-30,1613.85,1498.93,,67.80999755859375,65.31999969482422,1250.18,-0.0053803202307436,-0.004211868967029,,0.0,0.0,-0.1238489032167636,1634.2399999999998,1520.321428571429,,1688.159,1601.2410000000002,,1.0,1.0,0.0,0.0,0.0,0.0,0.0,0.0,global_financial_crisis,international_economy,2008-09-15,after
2008-10-31,1607.24,1492.93,,67.80999755859375,65.31999969482422,1277.5,-0.0040957957678842,-0.004002855370164,,0.0,0.0,0.0218528531891406,1627.405714285714,1512.438571428571,,1684.8159999999998,1596.2463333333335,,1.0,1.0,0.0,0.0,0.0,0.0,0.0,0.0,global_financial_crisis,international_economy,2008-09-15,after
2008-11-01,1601.98,1486.44,,54.43000030517578,53.4900016784668,1462.4000244140625,-0.0032726910728951,-0.0043471562631871,,-0.1973159966840654,-0.1811083599453047,0.1447358312438844,1621.1942857142858,1505.7628571428572,,1681.109333333333,1590.799,,0.0,0.0,0.0,0.0,0.0,0.0,0.0,0.0,global_financial_crisis,international_economy,2008-09-15,after
2008-11-02,1599.94,1483.71,,54.43000030517578,53.4900016784668,1462.4000244140625,-0.0012734241376296,-0.0018366028901267,,0.0,0.0,0.0,1615.2814285714285,1499.4714285714288,,1677.2606666666666,1585.2423333333331,,1.0,1.0,-3.0,-3.0,0.0,0.0,0.0,0.0,global_financial_crisis,international_economy,2008-09-15,after
2008-11-03,1595.59,1478.21,,54.43000030517578,53.4900016784668,1262.0,-0.0027188519569484,-0.0037069238597838,,0.0,0.0,-0.1370350253477029,1609.8557142857142,1493.7842857142855,,1673.24,1579.487,,2.0,2.0,0.0,0.0,0.0,0.0,0.0,0.0,global_financial_crisis,international_economy,2008-09-15,after
2008-11-04,1591.48,1473.68,,54.43000030517578,53.4900016784668,1287.9,-0.0025758496856961,-0.0030645172201513,,0.0,0.0,0.0205229793977814,1604.6657142857143,1488.452857142857,,1669.0656666666666,1573.571,,0.0,0.0,0.0,0.0,0.0,0.0,0.0,0.0,global_financial_crisis,international_economy,2008-09-15,after
2008-11-05,1587.07,1468.78,,54.43000030517578,53.4900016784668,1266.3,-0.0027710056048458,-0.0033250095000272,,0.0,0.0,-0.0167714884696017,1599.5928571428574,1483.24,,1664.7663333333337,1567.5296666666666,,0.0,0.0,0.0,0.0,0.0,0.0,0.0,0.0,global_financial_crisis,international_economy,2008-09-15,after
2008-11-06,1576.82,1460.62,,54.43000030517578,53.4900016784668,1330.8,-0.0064584422867296,-0.0055556312041286,,0.0,0.0,0.0509357972044539,1594.3028571428572,1477.7671428571427,,1660.1033333333332,1561.1973333333333,,1.0,1.0,0.0,0.0,0.0,0.0,0.0,0.0,global_financial_crisis,international_economy,2008-09-15,after
2008-11-07,1567.3,1450.98,,54.43000030517578,53.4900016784668,1310.0,-0.0060374678149693,-0.0065999370130491,,0.0,0.0,-0.0156296964232041,1588.597142857143,1471.7742857142855,,1655.1739999999998,1554.6206666666667,,0.0,0.0,0.0,0.0,0.0,0.0,0.0,0.0,global_financial_crisis,international_economy,2008-09-15,after
2008-11-08,1561.59,1445.36,,54.43000030517578,53.4900016784668,1310.0,-0.0036432080648248,-0.003873244290066,,0.0,0.0,0.0,1582.827142857143,1465.9057142857143,,1650.225,1548.2296666666666,,0.0,0.0,0.0,0.0,0.0,0.0,0.0,0.0,global_financial_crisis,international_economy,2008-09-15,after
2008-11-09,1559.42,1443.46,,54.43000030517578,53.4900016784668,1310.0,-0.0013896093084611,-0.0013145513920406,,0.0,0.0,0.0,1577.0385714285717,1460.1557142857143,,1645.3483333333331,1541.946,,0.0,0.0,0.0,0.0,0.0,0.0,0.0,0.0,global_financial_crisis,international_economy,2008-09-15,after
2008-11-10,1554.24,1439.84,,54.43000030517578,53.4900016784668,1326.18,-0.0033217478293211,-0.0025078630512795,,0.0,0.0,0.0123511450381679,1571.1314285714286,1454.6742857142856,,1640.3623333333333,1535.648,,0.0,0.0,0.0,0.0,0.0,0.0,0.0,0.0,global_financial_crisis,international_economy,2008-09-15,after
2008-11-11,1548.75,1434.34,,54.43000030517578,53.4900016784668,1326.18,-0.0035322730080296,-0.0038198688743193,,0.0,0.0,0.0,1565.027142857143,1449.0542857142857,,1635.2086666666664,1529.211,,2.0,2.0,-1.5,0.0,0.0,0.0,0.0,0.0,global_financial_crisis,international_economy,2008-09-15,after
2008-11-12,1542.1,1429.57,,54.43000030517578,53.4900016784668,1354.5,-0.0042937853107345,-0.0033255713429173,,0.0,0.0,0.0213545672533139,1558.6028571428571,1443.4528571428568,,1629.8766666666666,1522.6936666666668,,1.0,1.0,-6.0,-6.0,0.0,0.0,0.0,0.0,global_financial_crisis,international_economy,2008-09-15,after
2008-11-13,1529.95,1421.46,,54.43000030517578,53.4900016784668,1392.5,-0.0078788664807728,-0.0056730345488502,,0.0,0.0,0.0280546327057955,1551.9071428571426,1437.8585714285714,,1624.1586666666667,1515.9936666666665,,1.0,1.0,0.0,0.0,0.0,0.0,0.0,0.0,global_financial_crisis,international_economy,2008-09-15,after
2008-11-14,1514.12,1412.47,,54.43000030517578,53.4900016784668,1399.3,-0.0103467433576261,-0.0063244832777566,,0.0,0.0,0.004883303411131,1544.31,1432.357142857143,,1617.9146666666666,1509.0686666666668,,0.0,0.0,0.0,0.0,0.0,0.0,0.0,0.0,global_financial_crisis,international_economy,2008-09-15,after
2008-11-15,1505.54,1406.66,,54.43000030517578,53.4900016784668,1399.3,-0.0056666578606714,-0.0041133616997174,,0.0,0.0,0.0,1536.302857142857,1426.8285714285714,,1611.381,1502.1026666666664,,0.0,0.0,0.0,0.0,0.0,0.0,0.0,0.0,global_financial_crisis,international_economy,2008-09-15,after
2008-11-16,1504.59,1404.48,,54.43000030517578,53.4900016784668,1399.3,-0.0006310028295495,-0.0015497703780587,,0.0,0.0,0.0,1528.4699999999998,1421.2600000000002,,1604.8383333333334,1495.145,,0.0,0.0,0.0,0.0,0.0,0.0,0.0,0.0,global_financial_crisis,international_economy,2008-09-15,after
2008-11-17,1493.45,1399.49,,54.43000030517578,53.4900016784668,1410.0,-0.0074040103948582,-0.0035529163818637,,0.0,0.0,0.0076466804830988,1519.7857142857142,1415.4957142857145,,1597.9583333333333,1488.1806666666666,,0.0,0.0,0.0,0.0,0.0,0.0,0.0,0.0,global_financial_crisis,international_economy,2008-09-15,after
2008-11-18,1486.25,1395.44,,54.43000030517578,53.4900016784668,1447.4,-0.0048210519267468,-0.0028939113534215,,0.0,0.0,0.0265248226950354,1510.857142857143,1409.938571428571,,1590.8576666666663,1481.1313333333335,,1.0,1.0,-3.0,-3.0,0.0,0.0,0.0,0.0,global_financial_crisis,international_economy,2008-09-15,after
2008-11-19,1479.43,1391.58,,54.43000030517578,53.4900016784668,1445.9,-0.0045887300252311,-0.0027661526113628,,0.0,0.0,-0.0010363410252867,1501.9042857142856,1404.5114285714287,,1583.600333333333,1474.1203333333333,,0.0,0.0,0.0,0.0,0.0,0.0,0.0,0.0,global_financial_crisis,international_economy,2008-09-15,after
2008-11-20,1467.96,1384.83,,54.43000030517578,53.4900016784668,1496.0,-0.0077529859472905,-0.0048506014745828,,0.0,0.0,0.0346496991493185,1493.0485714285714,1399.2785714285717,,1575.9913333333332,1466.9863333333333,,2.0,2.0,-4.5,0.0,0.0,0.0,0.0,0.0,global_financial_crisis,international_economy,2008-09-15,after
2008-11-21,1455.72,1377.49,,54.43000030517578,53.4900016784668,1493.3,-0.0083381018556364,-0.0053002895662283,,0.0,0.0,-0.0018048128342246,1484.7057142857143,1394.2814285714287,,1568.1073333333334,1459.8123333333335,,0.0,0.0,0.0,0.0,0.0,0.0,0.0,0.0,global_financial_crisis,international_economy,2008-09-15,after
2008-11-22,1448.27,1373.35,,54.43000030517578,53.4900016784668,1493.3,-0.0051177424229934,-0.0030054664643663,,0.0,0.0,0.0,1476.5242857142855,1389.5228571428572,,1560.6160000000002,1453.2473333333332,,0.0,0.0,0.0,0.0,0.0,0.0,0.0,0.0,global_financial_crisis,international_economy,2008-09-15,after
2008-11-23,1444.36,1371.33,,54.43000030517578,53.4900016784668,1493.3,-0.0026997728324138,-0.0014708559362143,,0.0,0.0,0.0,1467.92,1384.7871428571427,,1553.592,1447.3546666666666,,0.0,0.0,0.0,0.0,0.0,0.0,0.0,0.0,global_financial_crisis,international_economy,2008-09-15,after
2008-11-24,1438.23,1367.14,,54.43000030517578,53.4900016784668,1507.9,-0.0042440942701265,-0.0030554279422165,,0.0,0.0,0.0097770039509812,1460.0314285714285,1380.1657142857143,,1546.6843333333334,1441.820333333333,,0.0,0.0,0.0,0.0,0.0,0.0,0.0,0.0,global_financial_crisis,international_economy,2008-09-15,after
2008-11-25,1432.53,1364.38,,54.43000030517578,53.4900016784668,1501.4,-0.0039632047725329,-0.0020188129964744,,0.0,0.0,-0.0043106306784269,1452.357142857143,1375.7285714285715,,1539.724333333333,1436.3746666666666,,0.0,0.0,0.0,0.0,0.0,0.0,0.0,0.0,global_financial_crisis,international_economy,2008-09-15,after
2008-11-26,1426.08,1361.16,,54.43000030517578,53.4900016784668,1477.3,-0.0045025235073611,-0.002360046321406,,0.0,0.0,-0.0160516850939124,1444.7357142857145,1371.3828571428571,,1532.808,1431.1460000000002,,0.0,0.0,0.0,0.0,0.0,0.0,0.0,0.0,global_financial_crisis,international_economy,2008-09-15,after
2008-11-27,1416.02,1356.67,,54.43000030517578,53.4900016784668,1477.3,-0.0070543027039156,-0.0032986570278291,,0.0,0.0,0.0,1437.3157142857144,1367.36,,1525.7483333333332,1426.0016666666668,,0.0,0.0,0.0,0.0,0.0,0.0,0.0,0.0,global_financial_crisis,international_economy,2008-09-15,after
2008-11-28,1406.21,1352.8,,54.43000030517578,53.4900016784668,1468.0,-0.0069278682504484,-0.0028525728438014,,0.0,0.0,-0.006295268395045,1430.242857142857,1363.8328571428572,,1518.536,1420.919333333333,,0.0,0.0,0.0,0.0,0.0,0.0,0.0,0.0,global_financial_crisis,international_economy,2008-09-15,after
2008-11-29,1400.01,1349.9,,54.43000030517578,53.4900016784668,1468.0,-0.0044090143008512,-0.0021437019515079,,0.0,0.0,0.0,1423.3485714285714,1360.4828571428573,,1511.408,1415.9516666666666,,0.0,0.0,0.0,0.0,0.0,0.0,0.0,0.0,global_financial_crisis,international_economy,2008-09-15,after
2008-11-30,1396.87,1348.67,,54.43000030517578,53.4900016784668,1468.0,-0.0022428411225634,-0.0009111786058226,,0.0,0.0,0.0,1416.564285714286,1357.2457142857145,,1504.3956666666668,1411.1429999999998,,1.0,1.0,0.0,0.0,0.0,0.0,0.0,0.0,global_financial_crisis,international_economy,2008-09-15,after
2008-12-01,1389.29,1344.27,,44.59999847412109,45.59000015258789,1242.199951171875,-0.0054264176337095,-0.0032624733997197,,-0.1805989670391377,-0.1476911811176698,-0.1538147471581232,1409.5728571428572,1353.9785714285715,,1497.306,1406.404,,0.0,0.0,0.0,0.0,0.0,0.0,0.0,0.0,global_financial_crisis,international_economy,2008-09-15,after
2008-12-02,1383.49,1341.89,,44.59999847412109,45.59000015258789,1463.5,-0.0041747943194004,-0.0017704776570182,,0.0,0.0,0.1781517127088545,1402.5671428571427,1350.7657142857145,,1490.091,1401.6766666666667,,1.0,1.0,0.0,0.0,0.0,0.0,0.0,0.0,global_financial_crisis,international_economy,2008-09-15,after
2008-12-03,1379.65,1340.2,,44.59999847412109,45.59000015258789,1467.8,-0.0027755892706127,-0.0012594176869937,,0.0,0.0,0.0029381619405535,1395.9342857142856,1347.7714285714285,,1482.893,1397.0763333333332,,2.0,2.0,0.0,0.0,0.0,0.0,0.0,0.0,global_financial_crisis,international_economy,2008-09-15,after
2008-12-04,1376.01,1337.44,,44.59999847412109,45.59000015258789,1479.0,-0.0026383503062371,-0.0020593941202805,,0.0,0.0,0.0076304673661262,1390.2185714285713,1345.0242857142855,,1475.7106666666666,1392.535,,0.0,0.0,0.0,0.0,0.0,0.0,0.0,0.0,global_financial_crisis,international_economy,2008-09-15,after
2008-12-05,1372.36,1336.22,,44.59999847412109,45.59000015258789,1475.6,-0.0026525970014753,-0.0009121904534035,,0.0,0.0,-0.0022988505747126,1385.3828571428571,1342.6557142857143,,1468.5536666666665,1388.1163333333332,,0.0,0.0,0.0,0.0,0.0,0.0,0.0,0.0,global_financial_crisis,international_economy,2008-09-15,after
2008-12-06,1370.19,1335.17,,44.59999847412109,45.59000015258789,1475.6,-0.0015812177562737,-0.0007857987457154,,0.0,0.0,0.0,1381.1228571428571,1340.5514285714287,,1461.666,1383.9346666666668,,0.0,0.0,0.0,0.0,0.0,0.0,0.0,0.0,global_financial_crisis,international_economy,2008-09-15,after
2008-12-07,1369.01,1334.54,,44.59999847412109,45.59000015258789,1475.6,-0.0008611944328889,-0.0004718500265884,,0.0,0.0,0.0,1377.142857142857,1338.532857142857,,1455.0563333333334,1380.0533333333333,,0.0,0.0,0.0,0.0,0.0,0.0,0.0,0.0,global_financial_crisis,international_economy,2008-09-15,after
2008-12-08,1366.51,1332.83,,44.59999847412109,45.59000015258789,1445.0,-0.0018261371355943,-0.0012813403869498,,0.0,0.0,-0.02073732718894,1373.8885714285714,1336.8985714285714,,1448.553666666667,1376.3023333333333,,0.0,0.0,0.0,0.0,0.0,0.0,0.0,0.0,global_financial_crisis,international_economy,2008-09-15,after
2008-12-09,1364.31,1331.7,,44.59999847412109,45.59000015258789,1439.0,-0.0016099406517332,-0.0008478200520695,,0.0,0.0,-0.004152249134948,1371.1485714285716,1335.4428571428573,,1442.05,1372.577,,0.0,0.0,0.0,0.0,0.0,0.0,0.0,0.0,global_financial_crisis,international_economy,2008-09-15,after
2008-12-10,1360.54,1328.91,,44.59999847412109,45.59000015258789,1393.0,-0.0027633015956783,-0.0020950664564091,,0.0,0.0,-0.0319666435024322,1368.4185714285716,1333.83,,1435.5933333333337,1368.8793333333335,,0.0,0.0,0.0,0.0,0.0,0.0,0.0,0.0,global_financial_crisis,international_economy,2008-09-15,after
2008-12-11,1347.82,1320.02,,44.59999847412109,45.59000015258789,1354.5,-0.0093492289826098,-0.0066896930567157,,0.0,0.0,-0.0276381909547738,1364.3914285714286,1331.3414285714284,,1428.8956666666668,1365.0686666666666,,0.0,0.0,0.0,0.0,0.0,0.0,0.0,0.0,global_financial_crisis,international_economy,2008-09-15,after
2008-12-12,1334.42,1311.88,,44.59999847412109,45.59000015258789,1369.0,-0.009941980383137,-0.0061665732337388,,0.0,0.0,0.0107050572166851,1358.9714285714283,1327.8642857142856,,1421.9730000000002,1361.1456666666668,,2.0,2.0,0.0,0.0,0.0,0.0,0.0,0.0,global_financial_crisis,international_economy,2008-09-15,after
2008-12-13,1325.41,1306.09,,44.59999847412109,45.59000015258789,1369.0,-0.0067519971223453,-0.0044135134311066,,0.0,0.0,0.0,1352.5742857142857,1323.7099999999998,,1415.155,1357.3,,0.0,0.0,0.0,0.0,0.0,0.0,0.0,0.0,global_financial_crisis,international_economy,2008-09-15,after
2008-12-14,1321.98,1304.14,,44.59999847412109,45.59000015258789,1369.0,-0.0025878784677949,-0.0014930058418637,,0.0,0.0,0.0,1345.8557142857142,1319.3671428571429,,1408.7503333333334,1353.689,,0.0,0.0,0.0,0.0,0.0,0.0,0.0,0.0,global_financial_crisis,international_economy,2008-09-15,after
2008-12-15,1315.92,1300.57,,44.59999847412109,45.59000015258789,1360.9,-0.004584033041347,-0.002737436164829,,0.0,0.0,-0.005916727538349,1338.6285714285714,1314.7585714285713,,1402.429666666667,1350.1526666666666,,1.0,1.0,-6.0,-6.0,0.0,0.0,0.0,0.0,global_financial_crisis,international_economy,2008-09-15,after
2008-12-16,1311.67,1297.91,,44.59999847412109,45.59000015258789,1347.4,-0.0032296796157821,-0.002045257079588,,0.0,0.0,-0.0099199059445954,1331.1085714285714,1309.9314285714286,,1395.999,1346.6003333333333,,0.0,0.0,0.0,0.0,0.0,0.0,0.0,0.0,global_financial_crisis,international_economy,2008-09-15,after
2008-12-17,1308.11,1295.38,,44.59999847412109,45.59000015258789,1324.0,-0.0027140972958138,-0.0019492877009962,,0.0,0.0,-0.0173667804660828,1323.6185714285714,1305.1414285714286,,1389.821,1343.13,,0.0,0.0,0.0,0.0,0.0,0.0,0.0,0.0,global_financial_crisis,international_economy,2008-09-15,after
2008-12-18,1304.51,1289.05,,44.59999847412109,45.59000015258789,1285.0,-0.0027520621354472,-0.0048865969831247,,0.0,0.0,-0.0294561933534742,1317.4314285714286,1300.717142857143,,1383.763,1339.5836666666669,,0.0,0.0,0.0,0.0,0.0,0.0,0.0,0.0,global_financial_crisis,international_economy,2008-09-15,after
2008-12-19,1301.08,1283.77,,44.59999847412109,45.59000015258789,1287.9,-0.0026293397520908,-0.004096039719173,,0.0,0.0,0.0022568093385215,1312.6685714285716,1296.7014285714286,,1377.818,1335.99,,0.0,0.0,0.0,0.0,0.0,0.0,0.0,0.0,global_financial_crisis,international_economy,2008-09-15,after
2008-12-20,1298.15,1280.75,,44.59999847412109,45.59000015258789,1287.9,-0.0022519752820732,-0.0023524463104761,,0.0,0.0,0.0,1308.7742857142855,1293.0814285714284,,1372.1576666666667,1332.5206666666668,,0.0,0.0,0.0,0.0,0.0,0.0,0.0,0.0,global_financial_crisis,international_economy,2008-09-15,after
2008-12-21,1296.86,1279.4,,44.59999847412109,45.59000015258789,1287.9,-0.000993721834919,-0.001054069880929,,0.0,0.0,0.0,1305.185714285714,1289.547142857143,,1366.8623333333337,1329.251,,0.0,0.0,0.0,0.0,0.0,0.0,0.0,0.0,global_financial_crisis,international_economy,2008-09-15,after
2008-12-22,1294.29,1276.63,,44.59999847412109,45.59000015258789,1308.0,-0.0019817096679671,-0.0021650773800219,,0.0,0.0,0.0156068017703236,1302.0957142857144,1286.127142857143,,1361.7296666666666,1326.0269999999998,,0.0,0.0,0.0,0.0,0.0,0.0,0.0,0.0,global_financial_crisis,international_economy,2008-09-15,after
2008-12-23,1292.39,1274.95,1053.94,44.59999847412109,45.59000015258789,1331.0,-0.0014679863090959,-0.0013159646882808,,0.0,0.0,0.0175840978593271,1299.3414285714284,1282.847142857143,,1356.664,1322.8143333333333,,0.0,0.0,0.0,0.0,0.0,0.0,0.0,0.0,global_financial_crisis,international_economy,2008-09-15,after
2008-12-24,1290.87,1273.36,1053.69,44.59999847412109,45.59000015258789,1304.3,-0.00117611556883,-0.001247107729715,-0.0002372051539936,0.0,0.0,-0.0200601051840721,1296.8785714285714,1279.7014285714286,,1351.752,1319.6883333333333,,1.0,1.0,-3.0,-3.0,0.0,0.0,0.0,0.0,global_financial_crisis,international_economy,2008-09-15,after
2008-12-25,1290.12,1271.64,1054.03,44.59999847412109,45.59000015258789,1304.3,-0.0005810035092611,-0.0013507570522082,0.0003226755497347,0.0,0.0,0.0,1294.8228571428572,1277.2142857142858,,1347.005,1316.5970000000002,,1.0,1.0,0.0,0.0,0.0,0.0,0.0,0.0,global_financial_crisis,international_economy,2008-09-15,after
2008-12-26,1289.27,1270.23,1054.02,44.59999847412109,45.59000015258789,1298.9,-0.00065885343999,-0.0011088043785977,-9.487395994378645e-06,0.0,0.0,-0.0041401518055661,1293.1357142857144,1275.2800000000002,,1342.4446666666663,1313.5659999999998,,0.0,0.0,0.0,0.0,0.0,0.0,0.0,0.0,global_financial_crisis,international_economy,2008-09-15,after
2008-12-27,1288.53,1270.0,1054.07,44.59999847412109,45.59000015258789,1298.9,-0.000573968214571,-0.0001810695700779,4.743743002966205e-05,0.0,0.0,0.0,1291.7614285714285,1273.7442857142858,,1338.1950000000002,1310.677,,1.0,1.0,-3.0,-3.0,0.0,0.0,0.0,0.0,global_financial_crisis,international_economy,2008-09-15,after
2008-12-28,1288.31,1269.49,1054.04,44.59999847412109,45.59000015258789,1298.9,-0.0001707371966505,-0.0004015748031496,-2.846110789600509e-05,0.0,0.0,0.0,1290.5399999999995,1272.3285714285716,,1334.265,1307.9000000000003,,1.0,1.0,-6.0,-6.0,0.0,0.0,0.0,0.0,global_financial_crisis,international_economy,2008-09-15,after
2008-12-29,1287.63,1268.69,1054.06,44.59999847412109,45.59000015258789,1262.0,-0.0005278232723489,-0.0006301743219717,1.897461196920247e-05,0.0,0.0,-0.0284086534760182,1289.5885714285712,1271.1942857142858,1053.9785714285715,1330.519,1305.193,,0.0,0.0,0.0,0.0,0.0,0.0,0.0,0.0,global_financial_crisis,international_economy,2008-09-15,after
2008-12-30,1287.45,1268.45,1053.45,44.59999847412109,45.59000015258789,1257.4,-0.0001397917103516,-0.0001891715076181,-0.0005787146841734,0.0,0.0,-0.0036450079239301,1288.8828571428571,1270.2657142857145,1053.9085714285711,1326.871666666667,1302.519,,0.0,0.0,0.0,0.0,0.0,0.0,0.0,0.0,global_financial_crisis,international_economy,2008-09-15,after
2008-12-31,1288.1,1269.05,1054.05,44.59999847412109,45.59000015258789,1262.0,0.0005048739756883,0.0004730182506207,0.0005695571693007,0.0,0.0,0.0036583426117384,1288.4871428571428,1269.65,1053.9599999999998,1323.4986666666666,1300.0116666666663,,1.0,1.0,-1.0,-1.0,0.0,0.0,0.0,0.0,global_financial_crisis,international_economy,2008-09-15,after
2009-01-01,1298.89,1275.89,868.44,41.68000030517578,45.880001068115234,1356.800048828125,0.0083766788292836,0.0053898585556124,-0.1760922157392912,-0.0654708132028214,0.0063610641490836,0.0751188976451069,1289.74,1270.2571428571428,1027.4471428571428,1320.678666666667,1297.8116666666667,,1.0,1.0,0.0,0.0,0.0,0.0,0.0,0.0,global_financial_crisis,international_economy,2008-09-15,after
2009-01-02,1299.86,1275.86,850.44,41.68000030517578,45.880001068115234,1318.3,0.0007467914911962,-2.351299876968138e-05,-0.0207268205057343,0.0,0.0,-0.0283756245891778,1291.2528571428572,1271.061428571429,998.3642857142856,1318.019,1295.667,,0.0,0.0,0.0,0.0,0.0,0.0,0.0,0.0,global_financial_crisis,international_economy,2008-09-15,after
2009-01-03,1300.34,1276.27,850.38,41.68000030517578,45.880001068115234,1318.3,0.000369270536827,0.0003213518724625,-7.055171440673025e-05,0.0,0.0,0.0,1292.94,1271.957142857143,969.2657142857142,1315.4966666666664,1293.6280000000002,,0.0,0.0,0.0,0.0,0.0,0.0,0.0,0.0,global_financial_crisis,international_economy,2008-09-15,after
2009-01-04,1300.39,1276.22,850.64,41.68000030517578,45.880001068115234,1318.3,3.8451481920276365e-05,-3.917666324515512e-05,0.000305745666643,0.0,0.0,0.0,1294.6657142857143,1272.9185714285716,940.2085714285714,1313.0976666666668,1291.6280000000002,,0.0,0.0,0.0,0.0,0.0,0.0,0.0,0.0,global_financial_crisis,international_economy,2008-09-15,after
2009-01-05,1299.99,1275.7,850.27,41.68000030517578,45.880001068115234,1313.5,-0.000307600027684,-0.0004074532604095,-0.0004349666133734,0.0,0.0,-0.0036410528711218,1296.4314285714286,1273.92,911.0957142857144,1310.7576666666669,1289.6456666666668,,0.0,0.0,0.0,0.0,0.0,0.0,0.0,0.0,global_financial_crisis,international_economy,2008-09-15,after
2009-01-06,1300.79,1276.33,850.21,41.68000030517578,45.880001068115234,1307.0,0.0006153893491487,0.0004938465156383,-7.056582026876423e-05,0.0,0.0,-0.0049486105824133,1298.337142857143,1275.0457142857142,882.0614285714286,1308.4836666666667,1287.7053333333336,,0.0,0.0,0.0,0.0,0.0,0.0,0.0,0.0,global_financial_crisis,international_economy,2008-09-15,after
2009-01-07,1302.2,1277.18,850.16,41.68000030517578,45.880001068115234,1292.3,0.0010839566724836,0.0006659719664978,-5.880900012944501e-05,0.0,0.0,-0.0112471308339709,1300.3514285714284,1276.207142857143,852.9342857142858,1306.34,1285.8503333333333,,1.0,1.0,0.0,0.0,0.0,0.0,0.0,0.0,global_financial_crisis,international_economy,2008-09-15,after
2009-01-08,1309.06,1281.24,850.02,41.68000030517578,45.880001068115234,1328.25,0.0052680079864844,0.0031788784666217,-0.0001646748847276,0.0,0.0,0.027818617967964,1301.804285714286,1276.9714285714283,850.3028571428571,1304.4983333333332,1284.1683333333335,,0.0,0.0,0.0,0.0,0.0,0.0,0.0,0.0,global_financial_crisis,international_economy,2008-09-15,after
2009-01-09,1312.43,1283.18,850.01,41.68000030517578,45.880001068115234,1347.5,0.0025743663392052,0.0015141581592832,-1.1764429072247395e-05,0.0,0.0,0.0144927536231884,1303.6,1278.017142857143,850.2414285714286,1302.8946666666666,1282.644,,0.0,0.0,0.0,0.0,0.0,0.0,0.0,0.0,global_financial_crisis,international_economy,2008-09-15,after
2009-01-10,1315.46,1285.27,850.08,41.68000030517578,45.880001068115234,1347.5,0.0023086945589478,0.0016287660343832,8.23519723298638e-05,0.0,0.0,0.0,1305.76,1279.302857142857,850.1985714285714,1301.8159999999998,1281.4856666666667,,0.0,0.0,0.0,0.0,0.0,0.0,0.0,0.0,global_financial_crisis,international_economy,2008-09-15,after
2009-01-11,1316.63,1286.02,850.36,41.68000030517578,45.880001068115234,1347.5,0.000889422711447,0.0005835349770866,0.0003293807641633,0.0,0.0,0.0,1308.0800000000002,1280.702857142857,850.1585714285713,1301.2230000000002,1280.6236666666666,,0.0,0.0,0.0,0.0,0.0,0.0,0.0,0.0,global_financial_crisis,international_economy,2008-09-15,after
2009-01-12,1317.75,1286.38,850.1,41.68000030517578,45.880001068115234,1349.0,0.0008506566005634,0.0002799334380492,-0.0003057528576132,0.0,0.0,0.0011131725417439,1310.6171428571429,1282.2285714285715,850.1342857142857,1300.967666666667,1279.9666666666667,,1.0,1.0,0.0,0.0,0.0,0.0,0.0,0.0,global_financial_crisis,international_economy,2008-09-15,after
2009-01-13,1319.0,1287.37,849.86,41.68000030517578,45.880001068115234,1353.0,0.000948586605957,0.0007696015174363,-0.0002823197270909,0.0,0.0,0.0029651593773165,1313.2185714285713,1283.8057142857142,850.0842857142856,1300.868333333333,1279.4076666666667,,0.0,0.0,0.0,0.0,0.0,0.0,0.0,0.0,global_financial_crisis,international_economy,2008-09-15,after
2009-01-14,1322.43,1289.86,850.26,41.68000030517578,45.880001068115234,1353.0,0.0026004548900682,0.0019341758779527,0.0004706657567128,0.0,0.0,0.0,1316.1085714285714,1285.6171428571429,850.0985714285714,1301.0853333333334,1279.0506666666668,,0.0,0.0,0.0,0.0,0.0,0.0,0.0,0.0,global_financial_crisis,international_economy,2008-09-15,after
2009-01-15,1331.31,1298.12,850.22,41.68000030517578,45.880001068115234,1391.5,0.0067149111862252,0.0064037957607803,-4.70444334673692e-05,0.0,0.0,0.0284552845528456,1319.287142857143,1288.0285714285717,850.1271428571429,1301.74,1279.0576666666666,,0.0,0.0,0.0,0.0,0.0,0.0,0.0,0.0,global_financial_crisis,international_economy,2008-09-15,after
2009-01-16,1338.27,1303.96,850.01,41.68000030517578,45.880001068115234,1351.5,0.0052279333889178,0.0044988136689982,-0.0002469948954388,0.0,0.0,-0.0287459575997125,1322.9785714285715,1290.9971428571428,850.1271428571429,1302.745333333333,1279.3436666666666,,0.0,0.0,0.0,0.0,0.0,0.0,0.0,0.0,global_financial_crisis,international_economy,2008-09-15,after
2009-01-17,1344.54,1309.16,849.39,41.68000030517578,45.880001068115234,1351.5,0.0046851532202021,0.00398785238811,-0.000729403183492,0.0,0.0,0.0,1327.1328571428571,1294.41,850.0285714285714,1304.0796666666668,1280.014,,0.0,0.0,0.0,0.0,0.0,0.0,0.0,0.0,global_financial_crisis,international_economy,2008-09-15,after
2009-01-18,1346.96,1311.29,848.96,41.68000030517578,45.880001068115234,1351.5,0.0017998720752079,0.0016269974640226,-0.000506245658649,0.0,0.0,0.0,1331.4657142857145,1298.02,849.8285714285714,1305.609,1280.9313333333334,,0.0,0.0,0.0,0.0,0.0,0.0,0.0,0.0,global_financial_crisis,international_economy,2008-09-15,after
2009-01-19,1350.55,1313.66,849.03,41.68000030517578,45.880001068115234,1351.5,0.0026652610322503,0.0018073805184208,8.245382585747585e-05,0.0,0.0,0.0,1336.1514285714286,1301.9171428571428,849.6757142857142,1307.3556666666666,1282.0283333333332,,0.0,0.0,0.0,0.0,0.0,0.0,0.0,0.0,global_financial_crisis,international_economy,2008-09-15,after
2009-01-20,1356.22,1317.42,849.05,41.68000030517578,45.880001068115234,1351.5,0.0041982895857244,0.0028622322366518,2.3556293652804428e-05,0.0,0.0,0.0,1341.4685714285715,1306.2100000000005,849.5600000000001,1309.3343333333332,1283.2956666666666,,0.0,0.0,0.0,0.0,0.0,0.0,0.0,0.0,global_financial_crisis,international_economy,2008-09-15,after
2009-01-21,1365.38,1321.99,849.11,41.68000030517578,45.880001068115234,1368.0,0.0067540664493961,0.0034689013374624,7.06672163006683e-05,0.0,0.0,0.0122086570477246,1347.6042857142857,1310.8,849.3957142857143,1311.704,1284.8076666666668,911.745,0.0,0.0,0.0,0.0,0.0,0.0,0.0,0.0,global_financial_crisis,international_economy,2008-09-15,after
2009-01-22,1384.36,1325.4,848.92,41.68000030517578,45.880001068115234,1374.0,0.0139008920593532,0.0025794446251485,-0.000223763705527,0.0,0.0,0.0043859649122806,1355.1828571428573,1314.697142857143,849.2099999999999,1314.7696666666666,1286.4893333333334,904.911,0.0,0.0,0.0,0.0,0.0,0.0,0.0,0.0,global_financial_crisis,international_economy,2008-09-15,after
2009-01-23,1401.9,1330.12,849.25,41.68000030517578,45.880001068115234,1390.8,0.0126701147100467,0.003561189074996,0.0003887292088771,0.0,0.0,0.0122270742358079,1364.2728571428572,1318.4342857142856,849.1014285714284,1318.4706666666668,1288.3813333333333,898.0963333333333,0.0,0.0,0.0,0.0,0.0,0.0,0.0,0.0,global_financial_crisis,international_economy,2008-09-15,after
2009-01-24,1415.74,1333.51,852.86,41.68000030517578,45.880001068115234,1390.8,0.0098723161423781,0.0025486422277689,0.0042508095378275,0.0,0.0,0.0,1374.4442857142858,1321.912857142857,849.5971428571429,1322.658,1290.4436666666666,891.3906666666667,0.0,0.0,0.0,0.0,0.0,0.0,0.0,0.0,global_financial_crisis,international_economy,2008-09-15,after
2009-01-25,1417.57,1335.08,848.94,41.68000030517578,45.880001068115234,1390.8,0.0012926102250412,0.0011773440019196,-0.0045962995098843,0.0,0.0,0.0,1384.5314285714285,1325.311428571429,849.5942857142857,1326.9346666666668,1292.6053333333334,884.5546666666667,1.0,1.0,0.0,0.0,0.0,0.0,0.0,0.0,global_financial_crisis,international_economy,2008-09-15,after
2009-01-26,1419.96,1335.54,848.83,41.68000030517578,45.880001068115234,1390.8,0.001685983760943,0.0003445486412798,-0.0001295733502957,0.0,0.0,0.0,1394.447142857143,1328.4371428571428,849.5657142857142,1331.3156666666664,1294.7900000000002,877.7133333333334,0.0,0.0,0.0,0.0,0.0,0.0,0.0,0.0,global_financial_crisis,international_economy,2008-09-15,after
2009-01-27,1420.92,1335.73,848.89,41.68000030517578,45.880001068115234,1390.0,0.0006760753824051,0.0001422645521662,7.068553184974569e-05,0.0,0.0,-0.000575208513086,1403.69,1331.052857142857,849.5428571428572,1335.736,1296.9979999999998,870.875,0.0,0.0,0.0,0.0,0.0,0.0,0.0,0.0,global_financial_crisis,international_economy,2008-09-15,after
2009-01-28,1423.3,1335.85,849.09,41.68000030517578,45.880001068115234,1369.0,0.0016749711454548,8.983851526878084e-05,0.0002356017858615,0.0,0.0,-0.0151079136690647,1411.9642857142858,1333.032857142857,849.54,1340.2583333333334,1299.236666666667,864.0426666666667,0.0,0.0,0.0,0.0,0.0,0.0,0.0,0.0,global_financial_crisis,international_economy,2008-09-15,after
2009-01-29,1431.45,1333.16,848.82,41.68000030517578,45.880001068115234,1369.0,0.0057261294175507,-0.0020136991428677,-0.0003179874924919,0.0,0.0,0.0,1418.6914285714286,1334.1414285714286,849.5257142857143,1345.0583333333334,1301.3936666666666,857.2216666666667,0.0,0.0,0.0,0.0,0.0,0.0,0.0,0.0,global_financial_crisis,international_economy,2008-09-15,after
2009-01-30,1437.68,1332.71,848.65,41.68000030517578,45.880001068115234,1380.0,0.0043522302560341,-0.0003375438807045,-0.0002002780330341,0.0,0.0,0.008035062089116,1423.8028571428572,1334.5114285714285,849.4400000000002,1350.0443333333335,1303.515666666667,850.375,0.0,0.0,0.0,0.0,0.0,0.0,0.0,0.0,global_financial_crisis,international_economy,2008-09-15,after
2009-01-31,1442.07,1332.55,848.78,41.68000030517578,45.880001068115234,1380.0,0.003053530688331,-0.0001200561262391,0.0001531844694515,0.0,0.0,0.0,1427.564285714286,1334.3742857142856,848.8571428571429,1354.817,1305.4043333333334,849.7196666666666,0.0,0.0,0.0,0.0,0.0,0.0,0.0,0.0,global_financial_crisis,international_economy,2008-09-15,after
2009-02-01,1444.57,1332.07,848.82,41.68000030517578,45.880001068115234,1530.300048828125,0.00173361903375,-0.0003602116243293,4.7126463865954094e-05,0.0,0.0,0.1089130788609602,1431.4214285714286,1333.9442857142856,848.84,1359.640666666667,1307.278,849.6656666666667,1.0,1.0,-3.0,-3.0,0.0,0.0,0.0,0.0,global_financial_crisis,international_economy,2008-09-15,after
2009-02-02,1447.03,1331.64,848.83,41.68000030517578,45.880001068115234,1390.0,0.0017029288992571,-0.0003228058585508,1.178106076671348e-05,0.0,0.0,-0.0916813986483005,1435.2885714285717,1333.387142857143,848.8399999999999,1364.5303333333334,1309.1236666666666,849.6139999999999,1.0,1.0,-3.0,-3.0,0.0,0.0,0.0,0.0,global_financial_crisis,international_economy,2008-09-15,after
2009-02-03,1449.44,1331.17,848.63,41.68000030517578,45.880001068115234,1394.5,0.0016654803286733,-0.0003529482442702,-0.0002356184394991,0.0,0.0,0.0032374100719423,1439.362857142857,1332.7357142857145,848.8028571428571,1369.4986666666668,1310.955333333333,849.547,0.0,0.0,0.0,0.0,0.0,0.0,0.0,0.0,global_financial_crisis,international_economy,2008-09-15,after
2009-02-04,1452.42,1331.02,848.87,41.68000030517578,45.880001068115234,1378.4,0.0020559664422121,-0.0001126828278883,0.000282808762358,0.0,0.0,-0.0115453567586948,1443.5228571428572,1332.0457142857142,848.7714285714285,1374.5796666666668,1312.7993333333332,849.5003333333333,0.0,0.0,0.0,0.0,0.0,0.0,0.0,0.0,global_financial_crisis,international_economy,2008-09-15,after
2009-02-05,1458.61,1330.83,848.95,41.68000030517578,45.880001068115234,1384.2,0.0042618526321587,-0.0001427476672026,9.424293472504176e-05,0.0,0.0,0.0042077771329076,1447.402857142857,1331.712857142857,848.7900000000001,1379.840333333333,1314.6159999999998,849.4583333333334,0.0,0.0,0.0,0.0,0.0,0.0,0.0,0.0,global_financial_crisis,international_economy,2008-09-15,after
2009-02-06,1466.14,1330.71,848.82,41.68000030517578,45.880001068115234,1368.7,0.0051624491810697,-9.016929284721976e-05,-0.0001531303374756,0.0,0.0,-0.0111978037855801,1451.4685714285713,1331.4271428571428,848.8142857142857,1385.305,1316.4003333333333,849.4136666666667,0.0,0.0,0.0,0.0,0.0,0.0,0.0,0.0,global_financial_crisis,international_economy,2008-09-15,after
2009-02-07,1470.41,1330.44,848.68,41.68000030517578,45.880001068115234,1368.7,0.0029124094561228,-0.0002028992041842,-0.000164934850734,0.0,0.0,0.0,1455.5171428571427,1331.1257142857144,848.8000000000001,1390.6833333333334,1318.0403333333334,849.369,1.0,1.0,0.0,0.0,0.0,0.0,0.0,0.0,global_financial_crisis,international_economy,2008-09-15,after
2009-02-08,1472.81,1330.28,848.82,41.68000030517578,45.880001068115234,1368.7,0.0016321978223758,-0.0001202609662969,0.0001649620587265,0.0,0.0,0.0,1459.5514285714287,1330.87,848.8000000000001,1396.0293333333334,1319.6103333333333,849.3293333333334,0.0,0.0,0.0,0.0,0.0,0.0,0.0,0.0,global_financial_crisis,international_economy,2008-09-15,after
2009-02-09,1474.88,1329.49,848.71,41.68000030517578,45.880001068115234,1374.0,0.0014054766059439,-0.0005938599392608,-0.0001295916684338,0.0,0.0,0.0038722875721486,1463.5300000000002,1330.5628571428572,848.7828571428572,1401.3433333333337,1321.0843333333332,849.2836666666667,1.0,1.0,-3.0,-3.0,0.0,0.0,0.0,0.0,global_financial_crisis,international_economy,2008-09-15,after
2009-02-10,1478.35,1328.94,848.33,41.68000030517578,45.880001068115234,1388.0,0.0023527337817312,-0.0004136924685405,-0.0004477383322925,0.0,0.0,0.0101892285298399,1467.66,1330.2442857142858,848.74,1406.734,1322.515,849.216,1.0,1.0,0.0,0.0,0.0,0.0,0.0,0.0,global_financial_crisis,international_economy,2008-09-15,after
2009-02-11,1480.25,1327.82,848.81,41.68000030517578,45.880001068115234,1390.0,0.0012852166266446,-0.0008427769500505,0.0005658175474165,0.0,0.0,0.0014409221902016,1471.6357142857144,1329.787142857143,848.7314285714285,1412.150666666667,1323.8963333333334,849.1730000000001,0.0,0.0,0.0,0.0,0.0,0.0,0.0,0.0,global_financial_crisis,international_economy,2008-09-15,after
2009-02-12,1483.55,1324.67,848.64,41.68000030517578,45.880001068115234,1394.0,0.0022293531498056,-0.0023723094997815,-0.0002002803925494,0.0,0.0,0.0028776978417266,1475.1985714285713,1328.9071428571428,848.6871428571428,1417.6356666666666,1325.1396666666665,849.1323333333333,0.0,0.0,0.0,0.0,0.0,0.0,0.0,0.0,global_financial_crisis,international_economy,2008-09-15,after
2009-02-13,1487.52,1323.08,848.47,41.68000030517578,45.880001068115234,1403.5,0.0026760136159886,-0.0012002989423781,-0.0002003205128204,0.0,0.0,0.0068149210903873,1478.2528571428572,1327.8171428571427,848.6371428571429,1423.1386666666665,1326.2469999999998,849.0726666666667,1.0,1.0,0.0,0.0,0.0,0.0,0.0,0.0,global_financial_crisis,international_economy,2008-09-15,after
2009-02-14,1490.85,1321.72,848.62,41.68000030517578,45.880001068115234,1403.5,0.0022386253630202,-0.0010279045862683,0.0001767888080899,0.0,0.0,0.0,1481.1728571428573,1326.571428571429,848.6285714285714,1428.4566666666665,1327.0336666666667,849.0193333333334,0.0,0.0,0.0,0.0,0.0,0.0,0.0,0.0,global_financial_crisis,international_economy,2008-09-15,after
2009-02-15,1492.51,1321.09,848.69,41.68000030517578,45.880001068115234,1403.5,0.001113458765134,-0.0004766516357473,8.248686102141356e-05,0.0,0.0,0.0,1483.9871428571428,1325.2585714285713,848.61,1433.5980000000002,1327.6046666666668,848.9753333333333,0.0,0.0,0.0,0.0,0.0,0.0,0.0,0.0,global_financial_crisis,international_economy,2008-09-15,after
2009-02-16,1494.08,1319.87,848.48,41.68000030517578,45.880001068115234,1403.5,0.0010519192501221,-0.0009234798537571,-0.0002474401725012,0.0,0.0,0.0,1486.73,1323.884285714286,848.5771428571428,1438.582666666667,1327.9616666666666,848.9449999999999,0.0,0.0,0.0,0.0,0.0,0.0,0.0,0.0,global_financial_crisis,international_economy,2008-09-15,after
2009-02-17,1496.42,1318.71,848.47,41.68000030517578,45.880001068115234,1454.8,0.0015661811951168,-0.0008788744346033,-1.1785781633077974e-05,0.0,0.0,0.0365514784467402,1489.311428571429,1322.422857142857,848.5971428571429,1443.5646666666669,1328.2089999999998,848.9286666666667,0.0,0.0,0.0,0.0,0.0,0.0,0.0,0.0,global_financial_crisis,international_economy,2008-09-15,after
2009-02-18,1498.85,1317.64,848.49,41.68000030517578,45.880001068115234,1459.0,0.0016238756498843,-0.0008113990187379,2.3571841078595668e-05,0.0,0.0,0.0028869947759142,1491.9685714285713,1320.9685714285713,848.5514285714286,1448.508,1328.3416666666667,848.9106666666668,0.0,0.0,0.0,0.0,0.0,0.0,0.0,0.0,global_financial_crisis,international_economy,2008-09-15,after
2009-02-19,1505.63,1316.11,848.3,41.68000030517578,45.880001068115234,1480.7,0.0045234679921273,-0.001161166934823,-0.0002239272118705,0.0,0.0,0.0148732008224812,1495.1228571428571,1319.7457142857145,848.5028571428572,1453.4883333333337,1328.2979999999998,848.8856666666667,0.0,0.0,0.0,0.0,0.0,0.0,0.0,0.0,global_financial_crisis,international_economy,2008-09-15,after
2009-02-20,1510.62,1314.36,848.62,41.68000030517578,45.880001068115234,1519.5,0.003314227266991,-0.0013296760909042,0.000377225038312,0.0,0.0,0.0262038225163774,1498.422857142857,1318.5,848.5242857142857,1458.3296666666668,1328.0436666666667,848.8693333333334,0.0,0.0,0.0,0.0,0.0,0.0,0.0,0.0,global_financial_crisis,international_economy,2008-09-15,after
2009-02-21,1514.56,1313.48,848.5,41.68000030517578,45.880001068115234,1519.5,0.0026082006063736,-0.0006695273745396,-0.0001414060474652,0.0,0.0,0.0,1501.81,1317.3228571428572,848.5071428571429,1462.669666666667,1327.6463333333334,848.8553333333333,0.0,0.0,0.0,0.0,0.0,0.0,0.0,0.0,global_financial_crisis,international_economy,2008-09-15,after
2009-02-22,1516.61,1312.91,848.45,41.68000030517578,45.880001068115234,1519.5,0.0013535284174941,-0.0004339616895574,-5.892751915137495e-05,0.0,0.0,0.0,1505.252857142857,1316.1542857142856,848.472857142857,1466.493333333333,1327.0726666666667,848.8286666666667,0.0,0.0,0.0,0.0,0.0,0.0,0.0,0.0,global_financial_crisis,international_economy,2008-09-15,after
2009-02-23,1518.37,1311.56,848.66,41.68000030517578,45.880001068115234,1495.5,0.001160482919142,-0.0010282502227876,0.000247510165596,0.0,0.0,-0.0157946692991115,1508.722857142857,1314.967142857143,848.4985714285714,1469.9143333333334,1326.341,848.6886666666667,1.0,1.0,-3.0,-3.0,0.0,0.0,0.0,0.0,global_financial_crisis,international_economy,2008-09-15,after
2009-02-24,1520.16,1310.26,848.5,41.68000030517578,45.880001068115234,1516.0,0.0011788957895639,-0.0009911860684985,-0.0001885325100746,0.0,0.0,0.013707790036777,1512.1142857142856,1313.76,848.5028571428572,1473.334,1325.5136666666665,848.6740000000001,1.0,1.0,-3.0,-3.0,0.0,0.0,0.0,0.0,global_financial_crisis,international_economy,2008-09-15,after
2009-02-25,1520.86,1308.94,848.43,41.68000030517578,45.880001068115234,1515.7,0.0004604778444372,-0.001007433639125,-8.249852681208036e-05,0.0,0.0,-0.0001978891820579,1515.2585714285717,1312.5171428571427,848.4942857142858,1476.6973333333335,1324.627,848.6606666666667,0.0,0.0,0.0,0.0,0.0,0.0,0.0,0.0,global_financial_crisis,international_economy,2008-09-15,after
2009-02-26,1520.83,1306.75,848.64,41.68000030517578,45.880001068115234,1512.8,-1.9725681522309024e-05,-0.0016731095390163,0.0002475160001413,0.0,0.0,-0.0019133073827275,1517.4299999999998,1311.18,848.5428571428572,1480.0276666666664,1323.661,848.6523333333333,0.0,0.0,0.0,0.0,0.0,0.0,0.0,0.0,global_financial_crisis,international_economy,2008-09-15,after
2009-02-27,1521.35,1305.73,848.46,41.68000030517578,45.880001068115234,1532.8,0.0003419185576296,-0.0007805624641284,-0.0002121040723981,0.0,0.0,0.0132205182443152,1518.962857142857,1309.9471428571428,848.5200000000001,1483.296,1322.6570000000002,848.6313333333333,0.0,0.0,0.0,0.0,0.0,0.0,0.0,0.0,global_financial_crisis,international_economy,2008-09-15,after
2009-02-28,1522.37,1305.34,849.7,41.68000030517578,45.880001068115234,1532.8,0.0006704571597593,-0.0002986834950564,0.0014614713716616,0.0,0.0,0.0,1520.0785714285714,1308.7842857142855,848.6914285714286,1486.3266666666666,1321.7296666666666,848.6606666666667,1.0,1.0,-3.0,-3.0,0.0,0.0,0.0,0.0,global_financial_crisis,international_economy,2008-09-15,after
2009-03-01,1523.22,1304.45,890.61,41.68000030517578,45.880001068115234,1375.0999755859375,0.0005583399567778,-0.0006818146996183,0.0481464046133928,0.0,0.0,-0.1028836276187776,1521.0228571428572,1307.5757142857144,854.7142857142857,1489.178,1320.7876666666666,850.0593333333334,0.0,0.0,0.0,0.0,0.0,0.0,0.0,0.0,global_financial_crisis,international_economy,2008-09-15,after
2009-03-02,1523.7,1303.36,893.22,41.68000030517578,45.880001068115234,1570.1,0.0003151219127899,-0.0008356012112386,0.0029305756728534,0.0,0.0,0.1418078887907563,1521.7842857142855,1306.4042857142856,861.08,1491.899,1319.8146666666664,851.5406666666667,0.0,0.0,0.0,0.0,0.0,0.0,0.0,0.0,global_financial_crisis,international_economy,2008-09-15,after
2009-03-03,1524.33,1302.27,894.72,41.68000030517578,45.880001068115234,1551.2,0.0004134672179563,-0.0008363000245518,0.0016793175253577,0.0,0.0,-0.0120374498439589,1522.38,1305.2628571428572,867.6828571428571,1494.5576666666666,1318.821333333333,853.0706666666666,0.0,0.0,0.0,0.0,0.0,0.0,0.0,0.0,global_financial_crisis,international_economy,2008-09-15,after
2009-03-04,1524.9,1301.93,894.9,41.68000030517578,45.880001068115234,1550.95,0.0003739347779025,-0.0002610825712024,0.0002011802575105,0.0,0.0,-0.0001611655492521,1522.9571428571428,1304.2614285714285,874.3214285714286,1497.1533333333332,1317.831,854.6063333333334,0.0,0.0,0.0,0.0,0.0,0.0,0.0,0.0,global_financial_crisis,international_economy,2008-09-15,after
2009-03-05,1528.03,1305.12,894.96,41.68000030517578,45.880001068115234,1567.1,0.0020525936126958,0.0024502085365571,6.704659738532293e-05,0.0,0.0,0.010412972694155,1523.9857142857145,1304.0285714285717,880.9385714285714,1499.773,1316.9626666666666,856.1506666666667,0.0,0.0,0.0,0.0,0.0,0.0,0.0,0.0,global_financial_crisis,international_economy,2008-09-15,after
2009-03-06,1530.42,1306.92,894.95,41.68000030517578,45.880001068115234,1549.6,0.0015641054167785,0.0013791835233543,-1.117368374004002e-05,0.0,0.0,-0.0111671239869822,1525.2814285714287,1304.1985714285713,887.5799999999999,1502.3729999999998,1316.1593333333335,857.6866666666667,1.0,1.0,-6.0,-6.0,0.0,0.0,0.0,0.0,global_financial_crisis,international_economy,2008-09-15,after
2009-03-07,1531.83,1307.86,895.07,41.68000030517578,45.880001068115234,1549.6,0.000921315717254,0.0007192483090012,0.000134085703112,0.0,0.0,0.0,1526.6328571428571,1304.5585714285714,894.0614285714286,1504.8136666666664,1315.3936666666668,859.224,0.0,0.0,0.0,0.0,0.0,0.0,0.0,0.0,global_financial_crisis,international_economy,2008-09-15,after
2009-03-08,1532.74,1308.16,895.2,41.68000030517578,45.880001068115234,1549.6,0.0005940606986416,0.0002293823497929,0.000145240037092,0.0,0.0,0.0,1527.9928571428572,1305.0885714285712,894.7171428571429,1507.0336666666665,1314.642,860.7700000000001,0.0,0.0,0.0,0.0,0.0,0.0,0.0,0.0,global_financial_crisis,international_economy,2008-09-15,after
2009-03-09,1533.16,1307.68,895.09,41.68000030517578,45.880001068115234,1541.0,0.0002740190769472,-0.0003669275929549,-0.0001228775692583,0.0,0.0,-0.0055498193082085,1529.3442857142857,1305.7057142857143,894.9842857142858,1509.1253333333334,1313.8833333333334,862.3170000000001,0.0,0.0,0.0,0.0,0.0,0.0,0.0,0.0,global_financial_crisis,international_economy,2008-09-15,after
2009-03-10,1533.73,1307.53,895.09,41.68000030517578,45.880001068115234,1501.0,0.00037178115787,-0.0001147069619479,0.0,0.0,0.0,-0.025957170668397,1530.6871428571428,1306.457142857143,895.0371428571428,1511.156,1313.125,863.8593333333334,2.0,2.0,0.0,0.0,0.0,0.0,0.0,0.0,global_financial_crisis,international_economy,2008-09-15,after
2009-03-11,1534.24,1307.7,894.93,41.68000030517578,45.880001068115234,1466.0,0.0003325226734822,0.000130016137297,-0.0001787529745612,0.0,0.0,-0.0233177881412391,1532.0214285714285,1307.2814285714285,895.0414285714287,1513.1346666666666,1312.3986666666667,865.4,1.0,1.0,0.0,0.0,0.0,0.0,0.0,0.0,global_financial_crisis,international_economy,2008-09-15,after
2009-03-12,1534.31,1307.14,895.15,41.68000030517578,45.880001068115234,1494.75,4.5625195536525e-05,-0.0004282327751012,0.0002458292827371,0.0,0.0,0.0196111869031379,1532.9185714285716,1307.57,895.0685714285715,1515.0,1311.672,866.9606666666666,0.0,0.0,0.0,0.0,0.0,0.0,0.0,0.0,global_financial_crisis,international_economy,2008-09-15,after
2009-03-13,1535.41,1307.71,895.1,41.68000030517578,45.880001068115234,1481.2,0.0007169346481481,0.0004360665269214,-5.585656035300701e-05,0.0,0.0,-0.0090650610469977,1533.6314285714286,1307.6828571428573,895.0900000000001,1516.8386666666668,1311.0016666666668,868.5036666666667,0.0,0.0,0.0,0.0,0.0,0.0,0.0,0.0,global_financial_crisis,international_economy,2008-09-15,after
2009-03-14,1535.66,1307.57,895.06,41.68000030517578,45.880001068115234,1481.2,0.0001628229593397,-0.0001070573751061,-4.468774438615153e-05,0.0,0.0,0.0,1534.178571428571,1307.6414285714286,895.0885714285714,1518.5756666666666,1310.4316666666668,870.0509999999999,0.0,0.0,0.0,0.0,0.0,0.0,0.0,0.0,global_financial_crisis,international_economy,2008-09-15,after
2009-03-15,1536.0,1307.7,895.29,41.68000030517578,45.880001068115234,1481.2,0.0002214031751819,9.942106349947188e-05,0.0002569660134517,0.0,0.0,0.0,1534.6442857142858,1307.5757142857144,895.1014285714285,1520.1916666666666,1309.919,871.6116666666666,0.0,0.0,0.0,0.0,0.0,0.0,0.0,0.0,global_financial_crisis,international_economy,2008-09-15,after
2009-03-16,1535.88,1306.74,895.38,41.68000030517578,45.880001068115234,1435.0,-7.812499999992895e-05,-0.0007341133287451,0.0001005260865194,0.0,0.0,-0.0311909262759925,1535.032857142857,1307.4414285714286,895.1428571428571,1521.6926666666668,1309.419666666667,873.1703333333334,0.0,0.0,0.0,0.0,0.0,0.0,0.0,0.0,global_financial_crisis,international_economy,2008-09-15,after
2009-03-17,1536.08,1306.57,895.08,41.68000030517578,45.880001068115234,1415.75,0.000130218506654,-0.000130094739581,-0.0003350532734703,0.0,0.0,-0.0134146341463414,1535.3685714285714,1307.3042857142857,895.1414285714285,1523.145,1308.9356666666667,874.7166666666667,0.0,0.0,0.0,0.0,0.0,0.0,0.0,0.0,global_financial_crisis,international_economy,2008-09-15,after
2009-03-18,1535.66,1305.93,895.19,41.68000030517578,45.880001068115234,1409.0,-0.000273423259205,-0.0004898321559502,0.0001228940429904,0.0,0.0,-0.0047677909235387,1535.571428571429,1307.0514285714287,895.1785714285714,1524.531,1308.4710000000002,876.2736666666667,1.0,1.0,0.0,0.0,0.0,0.0,0.0,0.0,global_financial_crisis,international_economy,2008-09-15,after
2009-03-19,1531.65,1303.46,895.24,41.68000030517578,45.880001068115234,1388.5,-0.0026112550955289,-0.0018913724319067,5.585406450014929e-05,0.0,0.0,-0.0145493257629524,1535.1914285714286,1306.5257142857142,895.1914285714286,1525.7053333333336,1307.9626666666668,877.8326666666667,0.0,0.0,0.0,0.0,0.0,0.0,0.0,0.0,global_financial_crisis,international_economy,2008-09-15,after
2009-03-20,1530.09,1300.93,895.18,41.68000030517578,45.880001068115234,1396.5,-0.0010185094505925,-0.0019409878323846,-6.702113399770226e-05,0.0,0.0,0.0057616132517104,1534.4314285714286,1305.5571428571427,895.202857142857,1526.746666666667,1307.4056666666668,879.3889999999999,0.0,0.0,0.0,0.0,0.0,0.0,0.0,0.0,global_financial_crisis,international_economy,2008-09-15,after
2009-03-21,1528.54,1299.16,895.29,41.68000030517578,45.880001068115234,1396.5,-0.0010130123064655,-0.0013605651341732,0.0001228803145736,0.0,0.0,0.0,1533.4142857142856,1304.3557142857142,895.2357142857143,1527.5103333333332,1306.8406666666667,880.9553333333333,0.0,0.0,0.0,0.0,0.0,0.0,0.0,0.0,global_financial_crisis,international_economy,2008-09-15,after
2009-03-22,1526.09,1297.29,889.3,41.68000030517578,45.880001068115234,1396.5,-0.0016028366938386,-0.0014393916068845,-0.006690569536128,0.0,0.0,0.0,1531.9985714285715,1302.8685714285714,894.38,1528.026,1306.2716666666668,882.3113333333333,1.0,1.0,-3.0,-3.0,0.0,0.0,0.0,0.0,global_financial_crisis,international_economy,2008-09-15,after
2009-03-23,1527.49,1297.46,895.44,41.68000030517578,45.880001068115234,1382.9,0.0009173770878521,0.0001310424037801,0.0069043067581244,0.0,0.0,-0.0097386322950232,1530.8,1301.5428571428572,894.3885714285715,1528.457,1305.7376666666669,883.876,0.0,0.0,0.0,0.0,0.0,0.0,0.0,0.0,global_financial_crisis,international_economy,2008-09-15,after
2009-03-24,1527.28,1297.01,894.99,41.68000030517578,45.880001068115234,1378.9,-0.0001374804417705,-0.0003468315015492,-0.0005025462342536,0.0,0.0,-0.0028924723407331,1529.5428571428572,1300.177142857143,894.3757142857143,1528.8126666666665,1305.207666666667,885.4273333333333,0.0,0.0,0.0,0.0,0.0,0.0,0.0,0.0,global_financial_crisis,international_economy,2008-09-15,after
2009-03-25,1527.8,1297.26,895.1,41.68000030517578,45.880001068115234,1362.2,0.0003404745691686,0.0001927510196528,0.0001229064011889,0.0,0.0,-0.0121111030531583,1528.42,1298.938571428571,894.3628571428573,1529.127,1304.731,886.9753333333333,0.0,0.0,0.0,0.0,0.0,0.0,0.0,0.0,global_financial_crisis,international_economy,2008-09-15,after
2009-03-26,1534.44,1302.68,895.05,41.68000030517578,45.880001068115234,1334.8,0.0043461186019113,0.0041780367852242,-5.585968048271717e-05,0.0,0.0,-0.0201145206283953,1528.8185714285714,1298.827142857143,894.3357142857142,1529.6029999999998,1304.4783333333337,888.527,0.0,0.0,0.0,0.0,0.0,0.0,0.0,0.0,global_financial_crisis,international_economy,2008-09-15,after
2009-03-27,1537.2,1307.67,894.89,41.68000030517578,45.880001068115234,1350.9,0.0017987018065221,0.00383056468204,-0.0001787609630746,0.0,0.0,0.0120617320946958,1529.8342857142854,1299.7900000000002,894.2942857142858,1530.1476666666667,1304.436,890.0756666666667,0.0,0.0,0.0,0.0,0.0,0.0,0.0,0.0,global_financial_crisis,international_economy,2008-09-15,after
2009-03-28,1539.94,1310.76,895.05,41.68000030517578,45.880001068115234,1350.9,0.0017824616185271,0.0023629814861547,0.00017879292427,0.0,0.0,0.0,1531.462857142857,1301.447142857143,894.2600000000001,1530.784666666667,1304.5696666666668,891.6226666666666,0.0,0.0,0.0,0.0,0.0,0.0,0.0,0.0,global_financial_crisis,international_economy,2008-09-15,after
2009-03-29,1541.07,1312.45,895.18,41.68000030517578,45.880001068115234,1350.9,0.0007337948231749,0.0012893283286032,0.0001452432824982,0.0,0.0,0.0,1533.6028571428571,1303.6128571428574,895.1,1531.4419999999998,1304.7936666666667,893.1800000000001,0.0,0.0,0.0,0.0,0.0,0.0,0.0,0.0,global_financial_crisis,international_economy,2008-09-15,after
2009-03-30,1542.09,1313.24,895.17,41.68000030517578,45.880001068115234,1391.9,0.0006618777862135,0.0006019276924835,-1.1170937688542716e-05,0.0,0.0,0.0303501369457399,1535.688571428571,1305.8671428571429,895.0614285714285,1532.099333333333,1305.057,894.6956666666666,0.0,0.0,0.0,0.0,0.0,0.0,0.0,0.0,global_financial_crisis,international_economy,2008-09-15,after
2009-03-31,1543.45,1315.05,894.94,41.68000030517578,45.880001068115234,1372.3,0.0008819199916996,0.0013782705369924,-0.0002569344370342,0.0,0.0,-0.0140814713700697,1537.9985714285715,1308.4442857142858,895.0542857142857,1532.7736666666667,1305.4103333333337,894.84,0.0,0.0,0.0,0.0,0.0,0.0,0.0,0.0,global_financial_crisis,international_economy,2008-09-15,after
2009-04-01,1545.65,1319.65,894.79,51.119998931884766,51.959999084472656,1278.0999755859375,0.0014253782111504,0.0034979658568117,-0.0001676090017208,0.2264874893855684,0.1325195700699923,-0.0686439003235899,1540.5485714285714,1311.642857142857,895.0100000000001,1533.5053333333335,1305.9533333333336,894.8923333333332,0.0,0.0,0.0,0.0,0.0,0.0,0.0,0.0,global_financial_crisis,international_economy,2008-09-15,after
2009-04-02,1547.56,1324.41,894.87,51.119998931884766,51.959999084472656,1329.5,0.001235726069938,0.0036070170120865,8.940645291088956e-05,0.0,0.0,0.0402159654142066,1542.422857142857,1314.7471428571428,894.9842857142858,1534.2796666666666,1306.6913333333332,894.8973333333334,0.0,0.0,0.0,0.0,0.0,0.0,0.0,0.0,global_financial_crisis,international_economy,2008-09-15,after
2009-04-03,1550.27,1329.84,895.04,51.119998931884766,51.959999084472656,1335.5,0.0017511437359456,0.0040999388406912,0.0001899717277369,0.0,0.0,0.0045129748025574,1544.2900000000002,1317.9142857142856,895.0057142857142,1535.1253333333334,1307.621666666667,894.9019999999999,0.0,0.0,0.0,0.0,0.0,0.0,0.0,0.0,global_financial_crisis,international_economy,2008-09-15,after
2009-04-04,1552.05,1332.83,894.83,51.119998931884766,51.959999084472656,1335.5,0.0011481870899907,0.0022483907838537,-0.0002346263854128,0.0,0.0,0.0,1546.02,1321.067142857143,894.9742857142857,1535.926,1308.5453333333332,894.8976666666666,1.0,1.0,0.0,0.0,0.0,0.0,0.0,0.0,global_financial_crisis,international_economy,2008-09-15,after
2009-04-05,1552.63,1334.02,894.87,51.119998931884766,51.959999084472656,1335.5,0.0003736993009246,0.0008928370459848,4.470122816613298e-05,0.0,0.0,0.0,1547.6714285714286,1324.1485714285714,894.9300000000001,1536.6663333333336,1309.448666666667,894.895,0.0,0.0,0.0,0.0,0.0,0.0,0.0,0.0,global_financial_crisis,international_economy,2008-09-15,after
2009-04-06,1553.3,1334.62,894.9,51.119998931884766,51.959999084472656,1304.5,0.0004315258625686,0.0004497683692896,3.3524422541786336e-05,0.0,0.0,-0.023212280044927,1549.2728571428572,1327.202857142857,894.8914285714285,1537.382,1310.3406666666665,894.8893333333333,0.0,0.0,0.0,0.0,0.0,0.0,0.0,0.0,global_financial_crisis,international_economy,2008-09-15,after
2009-04-07,1553.78,1335.67,894.97,51.119998931884766,51.959999084472656,1317.5,0.0003090195068564,0.0007867407951327,7.822103028276572e-05,0.0,0.0,0.0099655040245305,1550.7485714285715,1330.1485714285716,894.8957142857142,1538.0833333333333,1311.2576666666669,894.8816666666667,0.0,0.0,0.0,0.0,0.0,0.0,0.0,0.0,global_financial_crisis,international_economy,2008-09-15,after
2009-04-08,1553.7,1335.72,894.79,51.119998931884766,51.959999084472656,1349.5,-5.148734055004933e-05,3.743439622061473e-05,-0.0002011240600244,0.0,0.0,0.0242884250474382,1551.8985714285716,1332.4442857142858,894.8957142857142,1538.768,1312.1923333333334,894.8716666666666,0.0,0.0,0.0,0.0,0.0,0.0,0.0,0.0,global_financial_crisis,international_economy,2008-09-15,after
2009-04-09,1552.89,1333.78,895.05,51.119998931884766,51.959999084472656,1316.0,-0.0005213361652828,-0.0014524002036355,0.0002905709719598,0.0,0.0,-0.0248240088921822,1552.66,1333.782857142857,894.9214285714286,1539.4066666666663,1313.0673333333334,894.8703333333332,0.0,0.0,0.0,0.0,0.0,0.0,0.0,0.0,global_financial_crisis,international_economy,2008-09-15,after
2009-04-10,1553.33,1334.32,894.81,51.119998931884766,51.959999084472656,1328.0,0.0002833426707622,0.0004048643704359,-0.000268141444612,0.0,0.0,0.0091185410334346,1553.097142857143,1334.422857142857,894.8885714285714,1540.043,1313.9546666666668,894.8663333333333,0.0,0.0,0.0,0.0,0.0,0.0,0.0,0.0,global_financial_crisis,international_economy,2008-09-15,after
2009-04-11,1553.3,1334.51,894.9,51.119998931884766,51.959999084472656,1328.0,-1.931334616600555e-05,0.0001423946279752,0.0001005800113991,0.0,0.0,0.0,1553.2757142857142,1334.662857142857,894.8985714285715,1540.676,1314.8669999999995,894.8580000000001,0.0,0.0,0.0,0.0,0.0,0.0,0.0,0.0,global_financial_crisis,international_economy,2008-09-15,after
2009-04-12,1553.49,1334.8,895.13,51.119998931884766,51.959999084472656,1328.0,0.0001223202214639,0.000217308225491,0.0002570119566431,0.0,0.0,0.0,1553.3985714285714,1334.7742857142855,894.9357142857143,1541.2786666666666,1315.77,894.8589999999999,0.0,0.0,0.0,0.0,0.0,0.0,0.0,0.0,global_financial_crisis,international_economy,2008-09-15,after
2009-04-13,1553.28,1334.39,895.13,51.119998931884766,51.959999084472656,1328.9,-0.0001351794990633,-0.000307162121666,0.0,0.0,0.0,0.0006777108433735,1553.3957142857143,1334.7414285714287,894.9685714285715,1541.8660000000002,1316.664,894.8613333333334,0.0,0.0,0.0,0.0,0.0,0.0,0.0,0.0,global_financial_crisis,international_economy,2008-09-15,after
2009-04-14,1553.39,1334.52,894.95,51.119998931884766,51.959999084472656,1319.5,7.081788215912432e-05,9.742279243685203e-05,-0.0002010881101068,0.0,0.0,-0.0070735194521786,1553.34,1334.577142857143,894.9657142857143,1542.4456666666667,1317.5580000000002,894.85,0.0,0.0,0.0,0.0,0.0,0.0,0.0,0.0,global_financial_crisis,international_economy,2008-09-15,after
2009-04-15,1553.66,1334.64,894.81,51.119998931884766,51.959999084472656,1333.0,0.0001738134016571,8.991997122564932e-05,-0.0001564333202973,0.0,0.0,0.0102311481621826,1553.3342857142857,1334.4228571428573,894.9685714285714,1543.0383333333332,1318.488,894.831,1.0,1.0,0.0,0.0,0.0,0.0,0.0,0.0,global_financial_crisis,international_economy,2008-09-15,after
2009-04-16,1553.86,1333.87,896.04,51.119998931884766,51.959999084472656,1331.0,0.0001287282931914,-0.0005769346040881,0.0013745934891207,0.0,0.0,-0.0015003750937734,1553.472857142857,1334.435714285714,895.1099999999999,1543.631,1319.398,894.8629999999999,0.0,0.0,0.0,0.0,0.0,0.0,0.0,0.0,global_financial_crisis,international_economy,2008-09-15,after
2009-04-17,1554.57,1334.4,895.93,51.119998931884766,51.959999084472656,1327.0,0.000456926621446,0.0003973400706216,-0.0001227623766796,0.0,0.0,-0.0030052592036062,1553.65,1334.4471428571428,895.2700000000001,1544.2613333333331,1320.347,894.8876666666666,0.0,0.0,0.0,0.0,0.0,0.0,0.0,0.0,global_financial_crisis,international_economy,2008-09-15,after
2009-04-18,1554.68,1334.4,896.29,51.119998931884766,51.959999084472656,1327.0,7.075911666909462e-05,0.0,0.0004018171062472,0.0,0.0,0.0,1553.847142857143,1334.4314285714286,895.4685714285714,1545.0289999999998,1321.378333333333,894.9226666666667,0.0,0.0,0.0,0.0,0.0,0.0,0.0,0.0,global_financial_crisis,international_economy,2008-09-15,after
2009-04-19,1554.86,1335.8,896.21,51.119998931884766,51.959999084472656,1327.0,0.0001157794530062,0.0010491606714626,-8.925682535776414e-05,0.0,0.0,0.0,1554.0428571428572,1334.5742857142857,895.6228571428571,1545.8546666666666,1322.5406666666668,894.957,0.0,0.0,0.0,0.0,0.0,0.0,0.0,0.0,global_financial_crisis,international_economy,2008-09-15,after
2009-04-20,1554.7,1333.97,896.61,51.119998931884766,51.959999084472656,1330.0,-0.0001029031552679,-0.001369965563707,0.0004463239642493,0.0,0.0,0.0022607385079125,1554.2457142857145,1334.5142857142855,895.8342857142856,1546.7266666666667,1323.701,895.001,0.0,0.0,0.0,0.0,0.0,0.0,0.0,0.0,global_financial_crisis,international_economy,2008-09-15,after
2009-04-21,1555.37,1334.08,896.23,51.119998931884766,51.959999084472656,1349.0,0.000430951308934,8.246062505157248e-05,-0.0004238186056367,0.0,0.0,0.0142857142857142,1554.5285714285717,1334.4514285714286,896.0171428571429,1547.7026666666668,1324.9273333333333,895.232,0.0,0.0,0.0,0.0,0.0,0.0,0.0,0.0,global_financial_crisis,international_economy,2008-09-15,after
2009-04-22,1554.56,1333.64,896.14,51.119998931884766,51.959999084472656,1345.5,-0.0005207764068999,-0.0003298153034299,-0.000100420650949,0.0,0.0,-0.002594514455152,1554.6571428571428,1334.3085714285714,896.2071428571428,1548.605,1326.1333333333334,895.2553333333333,0.0,0.0,0.0,0.0,0.0,0.0,0.0,0.0,global_financial_crisis,international_economy,2008-09-15,after
2009-04-23,1553.92,1332.74,896.01,51.119998931884766,51.959999084472656,1343.0,-0.0004116920543432,-0.0006748447856993,-0.000145066619055,0.0,0.0,-0.0018580453363061,1554.6657142857143,1334.1471428571429,896.2028571428572,1549.493,1327.3243333333332,895.2893333333334,0.0,0.0,0.0,0.0,0.0,0.0,0.0,0.0,global_financial_crisis,international_economy,2008-09-15,after
2009-04-24,1554.0,1332.75,896.22,51.119998931884766,51.959999084472656,1338.2,5.148270181210002e-05,7.503338985914709e-06,0.0002343723842368,0.0,0.0,-0.0035740878629932,1554.5842857142857,1333.9114285714284,896.2442857142858,1550.3663333333336,1328.5073333333332,895.3266666666666,0.0,0.0,0.0,0.0,0.0,0.0,0.0,0.0,global_financial_crisis,international_economy,2008-09-15,after
2009-04-25,1553.95,1332.63,896.18,51.119998931884766,51.959999084472656,1338.2,-3.2175032175008056e-05,-9.003939223406476e-05,-4.463189841785731e-05,0.0,0.0,0.0,1554.48,1333.6585714285716,896.2285714285715,1551.0166666666669,1329.505666666667,895.3643333333332,1.0,1.0,0.0,0.0,0.0,0.0,0.0,0.0,global_financial_crisis,international_economy,2008-09-15,after
2009-04-26,1553.99,1332.7,896.37,51.119998931884766,51.959999084472656,1338.2,2.5740853952793685e-05,5.252770836605691e-05,0.000212010979937,0.0,0.0,0.0,1554.3557142857142,1333.2157142857145,896.2514285714286,1551.5763333333332,1330.34,895.4136666666667,0.0,0.0,0.0,0.0,0.0,0.0,0.0,0.0,global_financial_crisis,international_economy,2008-09-15,after
2009-04-27,1549.97,1329.34,891.04,51.119998931884766,51.959999084472656,1338.4,-0.0025868892335214,-0.0025211975688452,-0.0059462052500641,0.0,0.0,0.0001494544911075,1553.68,1332.5542857142857,895.4557142857144,1551.9106666666669,1330.9593333333332,895.28,0.0,0.0,0.0,0.0,0.0,0.0,0.0,0.0,global_financial_crisis,international_economy,2008-09-15,after
2009-04-28,1552.93,1331.23,896.07,51.119998931884766,51.959999084472656,1351.8,0.0019097143815687,0.0014217581657063,0.0056450888848986,0.0,0.0,0.0100119545726238,1553.3314285714284,1332.1471428571429,895.4328571428571,1552.306,1331.5853333333332,895.3096666666667,0.0,0.0,0.0,0.0,0.0,0.0,0.0,0.0,global_financial_crisis,international_economy,2008-09-15,after
2009-04-29,1552.14,1330.22,896.21,51.119998931884766,51.959999084472656,1335.7,-0.0005087157824241,-0.0007586968442718,0.0001562377939223,0.0,0.0,-0.0119100458647728,1552.9857142857145,1331.6585714285716,895.4428571428572,1552.6409999999998,1332.1513333333337,895.3443333333333,1.0,1.0,2.0,2.0,0.0,0.0,0.0,0.0,global_financial_crisis,international_economy,2008-09-15,after
2009-04-30,1550.98,1328.87,896.25,51.119998931884766,51.959999084472656,1277.0,-0.0007473552643447,-0.0010148697207981,4.4632396424937326e-05,0.0,0.0,-0.0439469940854982,1552.5657142857144,1331.1057142857142,895.4771428571429,1552.892,1332.612,895.388,0.0,0.0,0.0,0.0,0.0,0.0,0.0,0.0,global_financial_crisis,international_economy,2008-09-15,after
2009-05-01,1548.07,1326.17,813.91,66.30999755859375,65.5199966430664,1253.300048828125,-0.0018762330913358,-0.0020318014553717,-0.0918716875871688,0.2971439543054179,0.2609699345172991,-0.0185590847078113,1551.7185714285715,1330.1657142857143,883.7185714285714,1552.9726666666668,1332.8293333333334,892.6920000000001,1.0,1.0,0.0,0.0,0.0,0.0,0.0,0.0,global_financial_crisis,international_economy,2008-09-15,after
2009-05-02,1546.84,1325.16,811.13,66.30999755859375,65.5199966430664,1253.300048828125,-0.0007945377147028,-0.0007615916511457,-0.0034156110626482,0.0,0.0,0.0,1550.702857142857,1329.0985714285714,871.5685714285715,1552.948666666667,1332.8543333333334,889.9006666666666,0.0,0.0,0.0,0.0,0.0,0.0,0.0,0.0,global_financial_crisis,international_economy,2008-09-15,after
2009-05-03,1546.25,1324.69,810.45,66.30999755859375,65.5199966430664,1253.300048828125,-0.0003814227715859,-0.0003546741525551,-0.0008383366414753,0.0,0.0,0.0,1549.597142857143,1327.9542857142858,859.2942857142856,1552.8146666666664,1332.6826666666666,887.081,0.0,0.0,0.0,0.0,0.0,0.0,0.0,0.0,global_financial_crisis,international_economy,2008-09-15,after
2009-05-04,1544.86,1323.07,810.0,66.30999755859375,65.5199966430664,1267.5,-0.0008989490703315,-0.0012229276283508,-0.0005552470849529,0.0,0.0,0.011330049165124,1548.8671428571429,1327.0585714285714,847.7171428571428,1552.575,1332.3573333333334,884.2533333333333,0.0,0.0,0.0,0.0,0.0,0.0,0.0,0.0,global_financial_crisis,international_economy,2008-09-15,after
2009-05-05,1542.33,1321.01,810.62,66.30999755859375,65.5199966430664,1267.5,-0.0016376888520642,-0.0015569848911999,0.0007654320987653,0.0,0.0,0.0,1547.3528571428571,1325.5985714285714,835.51,1552.2316666666666,1331.9236666666666,881.445,0.0,0.0,0.0,0.0,0.0,0.0,0.0,0.0,global_financial_crisis,international_economy,2008-09-15,after
2009-05-06,1540.34,1318.9,801.29,66.30999755859375,65.5199966430664,1272.0,-0.0012902556521626,-0.0015972627005094,-0.0115097086180948,0.0,0.0,0.0035502958579882,1545.6671428571426,1323.9814285714288,821.9499999999999,1551.7996666666668,1331.399666666667,878.3246666666666,0.0,0.0,0.0,0.0,0.0,0.0,0.0,0.0,global_financial_crisis,international_economy,2008-09-15,after
2009-05-07,1537.8,1316.76,800.88,66.30999755859375,65.5199966430664,1257.3,-0.0016489865873767,-0.0016225642580939,-0.0005116749241846,0.0,0.0,-0.0115566037735849,1543.7842857142855,1322.2514285714285,808.3257142857143,1551.267,1330.7693333333334,875.1883333333333,0.0,0.0,0.0,0.0,0.0,0.0,0.0,0.0,global_financial_crisis,international_economy,2008-09-15,after
2009-05-08,1536.76,1315.77,800.83,66.30999755859375,65.5199966430664,1242.25,-0.0006762908050461,-0.0007518454388043,-6.243132554184516e-05,0.0,0.0,-0.0119700946472599,1542.1685714285716,1320.7657142857145,806.4571428571428,1550.7023333333334,1330.1043333333332,872.0563333333334,0.0,0.0,0.0,0.0,0.0,0.0,0.0,0.0,global_financial_crisis,international_economy,2008-09-15,after
2009-05-09,1536.45,1315.54,800.99,66.30999755859375,65.5199966430664,1242.25,-0.0002017231057549,-0.0001748025870782,0.0001997927150581,0.0,0.0,0.0,1540.6842857142856,1319.3914285714286,805.0085714285715,1550.1543333333332,1329.4963333333333,868.921,0.0,0.0,0.0,0.0,0.0,0.0,0.0,0.0,global_financial_crisis,international_economy,2008-09-15,after
2009-05-10,1536.34,1315.61,800.77,66.30999755859375,65.5199966430664,1242.25,-7.159360864339437e-05,5.321008863279353e-05,-0.0002746601081162,0.0,0.0,0.0,1539.2685714285712,1318.0942857142857,803.6257142857143,1549.588,1328.8726666666666,865.7863333333333,0.0,0.0,0.0,0.0,0.0,0.0,0.0,0.0,global_financial_crisis,international_economy,2008-09-15,after
2009-05-11,1536.19,1315.39,800.14,66.30999755859375,65.5199966430664,1232.9,-9.76346381659221e-05,-0.000167222809191,-0.0007867427600933,0.0,0.0,-0.007526665325015,1538.0300000000002,1316.9971428571428,802.2171428571429,1549.0176666666666,1328.2353333333335,862.6276666666666,0.0,0.0,0.0,0.0,0.0,0.0,0.0,0.0,global_financial_crisis,international_economy,2008-09-15,after
2009-05-12,1538.32,1317.69,800.29,66.30999755859375,65.5199966430664,1238.0,0.0013865472369953,0.0017485308539673,0.0001874671932411,0.0,0.0,0.0041365885311055,1537.457142857143,1316.5228571428572,800.7414285714286,1548.5119999999995,1327.665,859.4663333333334,0.0,0.0,0.0,0.0,0.0,0.0,0.0,0.0,global_financial_crisis,international_economy,2008-09-15,after
2009-05-13,1539.61,1318.93,800.11,66.30999755859375,65.5199966430664,1239.0,0.0008385771490977,0.0009410407607253,-0.0002249184670556,0.0,0.0,0.0008077544426494,1537.3528571428574,1316.527142857143,800.5728571428572,1548.0563333333332,1327.1496666666667,856.2990000000001,0.0,0.0,0.0,0.0,0.0,0.0,0.0,0.0,global_financial_crisis,international_economy,2008-09-15,after
2009-05-14,1539.9,1319.15,799.83,66.30999755859375,65.5199966430664,1264.0,0.0001883593897156,0.0001668018772793,-0.0003499518816162,0.0,0.0,0.0201775625504438,1537.652857142857,1316.8685714285714,800.4228571428572,1547.6066666666666,1326.6373333333331,853.1283333333333,0.0,0.0,0.0,0.0,0.0,0.0,0.0,0.0,global_financial_crisis,international_economy,2008-09-15,after
2009-05-15,1541.05,1320.57,800.04,66.30999755859375,65.5199966430664,1252.0,0.0007468017403726,0.0010764507447975,0.0002625557931059,0.0,0.0,-0.009493670886076,1538.2657142857145,1317.5542857142857,800.3100000000001,1547.1863333333336,1326.1683333333333,849.9693333333332,0.0,0.0,0.0,0.0,0.0,0.0,0.0,0.0,global_financial_crisis,international_economy,2008-09-15,after
2009-05-16,1541.76,1321.47,799.95,66.30999755859375,65.5199966430664,1252.0,0.0004607248304726,0.0006815238874122,-0.0001124943752811,0.0,0.0,0.0,1539.0242857142855,1318.4014285714288,800.1614285714285,1546.783,1325.755,846.7663333333334,0.0,0.0,0.0,0.0,0.0,0.0,0.0,0.0,global_financial_crisis,international_economy,2008-09-15,after
2009-05-17,1541.86,1321.75,799.78,66.30999755859375,65.5199966430664,1252.0,6.486093814861427e-05,0.0002118852490029,-0.0002125132820802,0.0,0.0,0.0,1539.8128571428572,1319.2785714285717,800.0200000000001,1546.359333333333,1325.3333333333333,843.5613333333333,0.0,0.0,0.0,0.0,0.0,0.0,0.0,0.0,global_financial_crisis,international_economy,2008-09-15,after
2009-05-18,1541.81,1321.56,800.23,66.30999755859375,65.5199966430664,1260.5,-3.242836574002261e-05,-0.0001437488178551,0.0005626547300507,0.0,0.0,0.0067891373801916,1540.615714285714,1320.16,800.0328571428571,1545.9303333333337,1324.9053333333331,840.3593333333333,0.0,0.0,0.0,0.0,0.0,0.0,0.0,0.0,global_financial_crisis,international_economy,2008-09-15,after
2009-05-19,1542.64,1321.97,799.69,66.30999755859375,65.5199966430664,1244.5,0.0005383283283932,0.0003102394140259,-0.0006748059932768,0.0,0.0,-0.0126933756445855,1541.232857142857,1320.7714285714285,799.9471428571429,1545.523,1324.4443333333334,837.142,0.0,0.0,0.0,0.0,0.0,0.0,0.0,0.0,global_financial_crisis,international_economy,2008-09-15,after
2009-05-20,1543.16,1322.38,800.03,66.30999755859375,65.5199966430664,1246.0,0.0003370844785561,0.0003101431953826,0.0004251647513411,0.0,0.0,0.0012053033346726,1541.74,1321.2642857142855,799.9357142857143,1545.138333333333,1324.0580000000002,833.9226666666667,0.0,0.0,0.0,0.0,0.0,0.0,0.0,0.0,global_financial_crisis,international_economy,2008-09-15,after
2009-05-21,1543.55,1322.79,799.91,66.30999755859375,65.5199966430664,1245.0,0.0002527281681743,0.0003100470364039,-0.0001499943752109,0.0,0.0,-0.0008025682182986,1542.2614285714285,1321.7842857142855,799.9471428571429,1544.744333333333,1323.6816666666668,830.712,0.0,0.0,0.0,0.0,0.0,0.0,0.0,0.0,global_financial_crisis,international_economy,2008-09-15,after
2009-05-22,1543.99,1323.33,799.96,66.30999755859375,65.5199966430664,1242.0,0.0002850571733989,0.0004082280634114,6.250703204124797e-05,0.0,0.0,-0.0024096385542168,1542.6814285714286,1322.178571428571,799.9357142857143,1544.3919999999998,1323.338,827.506,0.0,0.0,0.0,0.0,0.0,0.0,0.0,0.0,global_financial_crisis,international_economy,2008-09-15,after
2009-05-23,1545.06,1324.32,800.18,66.30999755859375,65.5199966430664,1242.0,0.0006930096697517,0.0007481127156492,0.0002750137506875,0.0,0.0,0.0,1543.152857142857,1322.5857142857144,799.9685714285715,1544.0966666666668,1323.0573333333334,824.3116666666666,0.0,0.0,0.0,0.0,0.0,0.0,0.0,0.0,global_financial_crisis,international_economy,2008-09-15,after
2009-05-24,1545.45,1324.65,799.88,66.30999755859375,65.5199966430664,1242.0,0.0002524173818492,0.000249184487133,-0.00037491564398,0.0,0.0,0.0,1543.6657142857143,1323.0,799.9828571428571,1543.8116666666667,1322.7873333333334,821.1003333333334,0.0,0.0,0.0,0.0,0.0,0.0,0.0,0.0,global_financial_crisis,international_economy,2008-09-15,after
2009-05-25,1545.9,1324.81,799.61,66.30999755859375,65.5199966430664,1242.0,0.0002911773269922,0.0001207866228813,-0.0003375506325948,0.0,0.0,0.0,1544.25,1323.4642857142858,799.8942857142857,1543.5433333333335,1322.5266666666664,817.8813333333334,0.0,0.0,0.0,0.0,0.0,0.0,0.0,0.0,global_financial_crisis,international_economy,2008-09-15,after
2009-05-26,1548.11,1325.66,799.9,66.30999755859375,65.5199966430664,1264.25,0.0014295879422989,0.0006416014371872,0.0003626768049422,0.0,0.0,0.0179146537842189,1545.0314285714287,1323.9914285714287,799.9242857142856,1543.3473333333336,1322.292,814.6656666666665,0.0,0.0,0.0,0.0,0.0,0.0,0.0,0.0,global_financial_crisis,international_economy,2008-09-15,after
2009-05-27,1549.86,1326.22,799.84,66.30999755859375,65.5199966430664,1264.4,0.0011304106297356,0.0004224310909282,-7.500937617199721e-05,0.0,0.0,0.0001186474194188,1545.9885714285715,1324.5399999999995,799.8971428571429,1543.3436666666669,1322.188,811.6256666666667,0.0,0.0,0.0,0.0,0.0,0.0,0.0,0.0,global_financial_crisis,international_economy,2008-09-15,after
2009-05-28,1550.47,1325.96,800.26,66.30999755859375,65.5199966430664,1261.8,0.0003935839366138,-0.0001960459049026,0.0005251050210042,0.0,0.0,-0.0020563112938944,1546.9771428571428,1324.9928571428572,799.9471428571429,1543.2616666666663,1322.0123333333331,808.432,0.0,0.0,0.0,0.0,0.0,0.0,0.0,0.0,global_financial_crisis,international_economy,2008-09-15,after
2009-05-29,1551.62,1326.97,799.81,66.30999755859375,65.5199966430664,1249.0,0.0007417105780826,0.0007617122688468,-0.0005623172468948,0.0,0.0,-0.0101442383896021,1548.0671428571427,1325.5128571428572,799.9257142857142,1543.244333333333,1321.904,805.2186666666665,0.0,0.0,0.0,0.0,0.0,0.0,0.0,0.0,global_financial_crisis,international_economy,2008-09-15,after
2009-05-30,1552.27,1327.1,799.77,66.30999755859375,65.5199966430664,1249.0,0.0004189170028745,9.79675501329158e-05,-5.001187782094352e-05,0.0,0.0,0.0,1549.097142857143,1325.91,799.8671428571428,1543.2873333333332,1321.845,802.0026666666666,0.0,0.0,0.0,0.0,0.0,0.0,0.0,0.0,global_financial_crisis,international_economy,2008-09-15,after
2009-05-31,1552.86,1327.55,797.54,66.30999755859375,65.5199966430664,1249.0,0.0003800885155287,0.0003390852234195,-0.0027883016367206,0.0,0.0,0.0,1550.1557142857143,1326.3242857142857,799.5328571428571,1543.447,1321.891,801.457,0.0,0.0,0.0,0.0,0.0,0.0,0.0,0.0,global_financial_crisis,international_economy,2008-09-15,after
2009-06-01,1553.62,1327.75,757.4,69.88999938964844,69.30000305175781,1272.5999755859375,0.0004894195226872,0.00015065345938,-0.0503297640243749,0.0539888698969002,0.0576924084609431,0.0188950965459868,1551.2585714285713,1326.7442857142855,793.5028571428571,1543.673,1321.9773333333333,799.666,0.0,0.0,0.0,0.0,0.0,0.0,0.0,0.0,global_financial_crisis,international_economy,2008-09-15,after
2009-06-02,1558.72,1332.57,756.23,69.88999938964844,69.30000305175781,1234.2,0.0032826559905254,0.00363020146865,-0.0015447583839449,0.0,0.0,-0.0301744274105122,1552.7742857142855,1327.7314285714283,787.2642857142857,1544.0886666666668,1322.2400000000002,797.8586666666667,0.0,0.0,0.0,0.0,0.0,0.0,0.0,0.0,global_financial_crisis,international_economy,2008-09-15,after
2009-06-03,1560.24,1333.58,756.66,69.88999938964844,69.30000305175781,1232.1,0.0009751591049065,0.0007579339171674,0.0005686100789441,0.0,0.0,-0.0017015070491007,1554.2571428571428,1328.782857142857,781.0957142857143,1544.6013333333333,1322.590333333333,796.0806666666667,1.0,1.0,-3.0,-3.0,1.0,1.0,3.0,3.0,global_financial_crisis,international_economy,2008-09-15,after
2009-06-04,1563.76,1337.03,756.4,69.88999938964844,69.30000305175781,1246.25,0.0022560631697687,0.0025870214010408,-0.0003436153622499,0.0,0.0,0.0114844574304033,1556.155714285714,1330.3642857142856,774.8299999999999,1545.3156666666666,1323.1243333333334,794.2733333333332,0.0,0.0,0.0,0.0,0.0,0.0,0.0,0.0,global_financial_crisis,international_economy,2008-09-15,after
2009-06-05,1568.18,1341.98,756.25,69.88999938964844,69.30000305175781,1247.5,0.0028265206937125,0.0037022355519322,-0.0001983077736646,0.0,0.0,0.0010030090270811,1558.5214285714285,1332.5085714285713,768.6071428571429,1546.2436666666665,1323.8936666666666,792.772,1.0,1.0,0.0,0.0,0.0,0.0,0.0,0.0,global_financial_crisis,international_economy,2008-09-15,after
2009-06-06,1572.63,1346.69,754.49,69.88999938964844,69.30000305175781,1247.5,0.0028376844494892,0.0035097393403775,-0.0023272727272727,0.0,0.0,0.0,1561.43,1335.3071428571427,762.1385714285715,1547.4046666666666,1324.8913333333337,791.2256666666667,0.0,0.0,0.0,0.0,0.0,0.0,0.0,0.0,global_financial_crisis,international_economy,2008-09-15,after
2009-06-07,1575.17,1348.93,754.36,69.88999938964844,69.30000305175781,1247.5,0.0016151287969834,0.0016633375164292,-0.0001723018197722,0.0,0.0,0.0,1564.617142857143,1338.3614285714284,755.97,1548.685,1325.996666666667,789.6766666666666,0.0,0.0,0.0,0.0,0.0,0.0,0.0,0.0,global_financial_crisis,international_economy,2008-09-15,after
2009-06-08,1578.53,1352.36,754.48,69.88999938964844,69.30000305175781,1247.4,0.0021331030936342,0.0025427561103985,0.0001590752425897,0.0,0.0,-8.016032064117606e-05,1568.1757142857143,1341.8771428571429,755.5528571428573,1550.0876666666668,1327.224,788.1263333333334,1.0,1.0,0.0,0.0,0.0,0.0,0.0,0.0,global_financial_crisis,international_economy,2008-09-15,after
2009-06-09,1589.69,1367.88,754.46,69.88999938964844,69.30000305175781,1258.5,0.0070698688019867,0.011476234138839,-2.6508323613616547e-05,0.0,0.0,0.0088985088985087,1572.6,1346.9214285714286,755.3000000000001,1551.8659999999998,1328.9663333333333,786.5826666666667,0.0,0.0,0.0,0.0,0.0,0.0,0.0,0.0,global_financial_crisis,international_economy,2008-09-15,after
2009-06-10,1600.51,1381.55,754.03,69.88999938964844,69.30000305175781,1253.5,0.0068063584724065,0.0099935666871362,-0.0005699440659545,0.0,0.0,-0.0039729837107668,1578.3528571428571,1353.7742857142855,754.9242857142857,1554.01,1331.1716666666666,785.0456666666666,2.0,2.0,-1.5,3.0,0.0,0.0,0.0,0.0,global_financial_crisis,international_economy,2008-09-15,after
2009-06-11,1607.76,1390.05,754.11,69.88999938964844,69.30000305175781,1248.7,0.0045298061242979,0.0061525098621113,0.0001060965744068,0.0,0.0,-0.0038292780215396,1584.6385714285716,1361.3485714285714,754.5971428571429,1556.3246666666669,1333.5836666666669,783.5063333333333,0.0,0.0,0.0,0.0,0.0,0.0,0.0,0.0,global_financial_crisis,international_economy,2008-09-15,after
2009-06-12,1615.95,1399.87,753.79,69.88999938964844,69.30000305175781,1246.0,0.0050940438871474,0.0070644940829465,-0.0004243412764716,0.0,0.0,-0.0021622487386883,1591.4628571428573,1369.6185714285714,754.2457142857144,1558.869333333333,1336.2816666666668,781.9623333333333,0.0,0.0,0.0,0.0,0.0,0.0,0.0,0.0,global_financial_crisis,international_economy,2008-09-15,after
2009-06-13,1622.22,1407.46,753.1,69.88999938964844,69.30000305175781,1246.0,0.0038800705467372,0.0054219320365462,-0.0009153743084943,0.0,0.0,0.0,1598.547142857143,1378.2999999999995,754.0471428571428,1561.6133333333337,1339.2253333333333,780.4046666666667,0.0,0.0,0.0,0.0,0.0,0.0,0.0,0.0,global_financial_crisis,international_economy,2008-09-15,after
2009-06-14,1623.51,1409.31,753.41,69.88999938964844,69.30000305175781,1246.0,0.0007952065687761,0.0013144245662397,0.0004116319213915,0.0,0.0,0.0,1605.452857142857,1386.9257142857143,753.9114285714286,1564.362,1342.1833333333334,778.8503333333333,0.0,0.0,0.0,0.0,0.0,0.0,0.0,0.0,global_financial_crisis,international_economy,2008-09-15,after
2009-06-15,1626.1,1411.54,754.21,69.88999938964844,69.30000305175781,1257.0,0.0015953089294182,0.0015823346176497,0.0010618388394101,0.0,0.0,0.0088282504012842,1612.2485714285715,1395.38,753.8728571428571,1567.1733333333334,1345.1856666666667,777.3256666666667,0.0,0.0,0.0,0.0,0.0,0.0,0.0,0.0,global_financial_crisis,international_economy,2008-09-15,after
2009-06-16,1631.03,1418.06,753.83,69.88999938964844,69.30000305175781,1255.7,0.003031793862616,0.004619068535075,-0.0005038384534811,0.0,0.0,-0.0010342084327764,1618.1542857142856,1402.5485714285712,753.7828571428571,1570.1456666666668,1348.396,775.794,0.0,0.0,0.0,0.0,0.0,0.0,0.0,0.0,global_financial_crisis,international_economy,2008-09-15,after
2009-06-17,1634.87,1422.64,753.85,69.88999938964844,69.30000305175781,1269.0,0.0023543405087582,0.0032297646079857,2.65311807701174e-05,0.0,0.0,0.0105917018396113,1623.0628571428572,1408.4185714285716,753.7571428571429,1573.2476666666666,1351.7653333333335,774.248,1.0,1.0,-3.0,-3.0,0.0,0.0,0.0,0.0,global_financial_crisis,international_economy,2008-09-15,after
2009-06-18,1637.37,1425.47,754.01,69.88999938964844,69.30000305175781,1263.5,0.0015291735734339,0.0019892594050496,0.0002122438150824,0.0,0.0,-0.0043341213553979,1627.292857142857,1413.4785714285715,753.7428571428571,1576.4053333333331,1355.215333333333,772.7253333333333,0.0,0.0,0.0,0.0,0.0,0.0,0.0,0.0,global_financial_crisis,international_economy,2008-09-15,after
2009-06-19,1640.46,1428.95,754.05,69.88999938964844,69.30000305175781,1264.2,0.0018871727221092,0.0024413000624354,5.304969430119933e-05,0.0,0.0,0.0005540166204986,1630.7942857142857,1417.6328571428571,753.78,1579.6486666666667,1358.7676666666666,771.1926666666666,0.0,0.0,0.0,0.0,0.0,0.0,0.0,0.0,global_financial_crisis,international_economy,2008-09-15,after
2009-06-20,1642.54,1431.29,754.01,69.88999938964844,69.30000305175781,1264.2,0.0012679370420491,0.001637566044998,-5.3046880180263045e-05,0.0,0.0,0.0,1633.6971428571428,1421.037142857143,753.91,1582.9483333333333,1362.3843333333332,769.6626666666667,0.0,0.0,0.0,0.0,0.0,0.0,0.0,0.0,global_financial_crisis,international_economy,2008-09-15,after
2009-06-21,1643.51,1432.38,753.82,69.88999938964844,69.30000305175781,1264.2,0.0005905487842001,0.0007615507688869,-0.0002519860479303,0.0,0.0,0.0,1636.5542857142857,1424.3328571428572,753.9685714285714,1586.265666666667,1366.0193333333334,768.1246666666667,0.0,0.0,0.0,0.0,0.0,0.0,0.0,0.0,global_financial_crisis,international_economy,2008-09-15,after
2009-06-22,1644.75,1433.43,754.04,69.88999938964844,69.30000305175781,1278.6,0.0007544827837981,0.0007330457001633,0.000291846859993,0.0,0.0,0.0113906027527288,1639.2185714285713,1427.4600000000005,753.9442857142857,1589.5886666666663,1369.6563333333334,766.5866666666667,0.0,0.0,0.0,0.0,0.0,0.0,0.0,0.0,global_financial_crisis,international_economy,2008-09-15,after
2009-06-23,1647.79,1436.94,754.39,69.88999938964844,69.30000305175781,1281.7,0.0018483052135582,0.0024486720663023,0.0004641663572224,0.0,0.0,0.0024245268262161,1641.6128571428574,1430.1571428571428,754.0242857142857,1593.0,1373.3993333333335,765.0703333333333,1.0,1.0,0.0,0.0,0.0,0.0,0.0,0.0,global_financial_crisis,international_economy,2008-09-15,after
2009-06-24,1650.13,1439.44,753.9,69.88999938964844,69.30000305175781,1273.0,0.0014200838699107,0.0017398082035435,-0.0006495314094832,0.0,0.0,-0.0067878598736054,1643.792857142857,1432.5571428571427,754.0314285714285,1596.474333333333,1377.2203333333334,763.5466666666666,0.0,0.0,0.0,0.0,0.0,0.0,0.0,0.0,global_financial_crisis,international_economy,2008-09-15,after
2009-06-25,1651.36,1441.03,753.88,69.88999938964844,69.30000305175781,1285.1,0.0007453958172991,0.0011045962318678,-2.652871733643813e-05,0.0,0.0,0.0095051060487036,1645.7914285714287,1434.7800000000002,754.0128571428571,1599.916,1381.066,762.0126666666667,0.0,0.0,0.0,0.0,0.0,0.0,0.0,0.0,global_financial_crisis,international_economy,2008-09-15,after
2009-06-26,1652.36,1442.42,753.77,69.88999938964844,69.30000305175781,1278.3,0.0006055614766011,0.0009645878295385,-0.0001459118162041,0.0,0.0,-0.0052914170103494,1647.4914285714283,1436.7042857142858,753.9728571428572,1603.3326666666665,1384.9393333333333,760.4770000000001,0.0,0.0,0.0,0.0,0.0,0.0,0.0,0.0,global_financial_crisis,international_economy,2008-09-15,after
2009-06-27,1653.78,1444.13,753.62,69.88999938964844,69.30000305175781,1278.3,0.0008593768912343,0.0011855076884679,-0.0001989996948671,0.0,0.0,0.0,1649.097142857143,1438.5385714285717,753.9171428571428,1606.7763333333337,1388.878333333333,758.9223333333333,0.0,0.0,0.0,0.0,0.0,0.0,0.0,0.0,global_financial_crisis,international_economy,2008-09-15,after
2009-06-28,1654.33,1444.93,753.56,69.88999938964844,69.30000305175781,1278.3,0.0003325714423925,0.000553966748146,-7.961572145120943e-05,0.0,0.0,0.0,1650.642857142857,1440.3314285714284,753.88,1610.2,1392.8103333333331,757.3806666666667,0.0,0.0,0.0,0.0,0.0,0.0,0.0,0.0,global_financial_crisis,international_economy,2008-09-15,after
2009-06-29,1654.58,1445.04,753.71,69.88999938964844,69.30000305175781,1278.0,0.0001511185797271,7.61282553478626e-05,0.0001990551515473,0.0,0.0,-0.0002346866932644,1652.047142857143,1441.99,753.8328571428572,1613.6103333333335,1396.7416666666666,755.8453333333333,1.0,1.0,-3.0,-3.0,0.0,0.0,0.0,0.0,global_financial_crisis,international_economy,2008-09-15,after
2009-06-30,1654.35,1445.09,753.89,69.88999938964844,69.30000305175781,1273.5,-0.0001390080866443,3.4601118308108525e-05,0.0002388186437753,0.0,0.0,-0.0035211267605633,1652.984285714286,1443.154285714286,753.7614285714286,1616.993333333333,1400.6596666666665,754.3903333333333,0.0,0.0,0.0,0.0,0.0,0.0,0.0,0.0,global_financial_crisis,international_economy,2008-09-15,after
2020-01-01,1559.6,1392.26,820.73,51.560001373291016,58.15999984741211,1187.1199951171875,0.0007443340776673,0.0004814636494945,8.529719981487105e-05,-0.0654340568328373,-0.0683966111947891,0.0274003384947878,1557.3442857142857,1390.8985714285714,820.6385714285714,1549.4686666666666,1385.9766666666667,820.6933333333334,0.0,0.0,0.0,0.0,0.0,0.0,0.0,0.0,covid19_pandemic,international_economy,2020-03-11,before
2020-01-02,1560.36,1392.88,820.76,51.560001373291016,58.15999984741211,1157.95,0.000487304437035,0.0004453191214286,3.655282492420753e-05,0.0,0.0,-0.024572069577775,1558.0442857142857,1391.347142857143,820.66,1550.1523333333332,1386.3746666666666,820.6986666666667,0.0,0.0,0.0,0.0,0.0,0.0,0.0,0.0,covid19_pandemic,international_economy,2020-03-11,before
2020-01-03,1561.05,1393.16,820.73,51.560001373291016,58.15999984741211,1165.15,0.0004422056448512,0.0002010223421975,-3.65514888639451e-05,0.0,0.0,0.0062178850554859,1558.74,1391.767142857143,820.6685714285715,1550.8480000000002,1386.7796666666666,820.7016666666666,0.0,0.0,0.0,0.0,0.0,0.0,0.0,0.0,covid19_pandemic,international_economy,2020-03-11,before
2020-01-04,1561.87,1393.82,821.3,51.560001373291016,58.15999984741211,1165.15,0.0005252874667691,0.00047374314508,0.0006945036735588,0.0,0.0,0.0,1559.4642857142858,1392.23,820.7657142857144,1551.5533333333333,1387.202,820.7209999999999,0.0,0.0,0.0,0.0,0.0,0.0,0.0,0.0,covid19_pandemic,international_economy,2020-03-11,before
2020-01-05,1562.34,1394.03,821.19,51.560001373291016,58.15999984741211,1165.15,0.0003009213314808,0.0001506650787046,-0.0001339340070618,0.0,0.0,0.0,1560.2,1392.7042857142858,820.8599999999999,1552.2513333333334,1387.6223333333332,820.7346666666667,0.0,0.0,0.0,0.0,0.0,0.0,0.0,0.0,covid19_pandemic,international_economy,2020-03-11,before
2020-01-06,1563.32,1394.97,820.83,51.560001373291016,58.15999984741211,1167.49,0.0006272642318574,0.0006743039963272,-0.0004383881927446,0.0,0.0,0.0020083251083551,1560.9971428571428,1393.2442857142858,820.8857142857142,1552.9526666666668,1388.062,820.737,0.0,0.0,0.0,0.0,0.0,0.0,0.0,0.0,covid19_pandemic,international_economy,2020-03-11,before
2020-01-07,1565.06,1396.28,820.82,51.560001373291016,58.15999984741211,1166.21,0.0011130158892613,0.0009390882958055,-1.2182790590009596e-05,0.0,0.0,-0.0010963691337827,1561.9428571428573,1393.9142857142858,820.9085714285715,1553.7,1388.5459999999998,820.7403333333333,0.0,0.0,0.0,0.0,0.0,0.0,0.0,0.0,covid19_pandemic,international_economy,2020-03-11,before
2020-01-08,1566.54,1397.58,820.87,51.560001373291016,58.15999984741211,1170.61,0.0009456506459817,0.0009310453490702,6.091469506097624e-05,0.0,0.0,0.0037729053943971,1562.9342857142858,1394.6742857142858,820.9285714285716,1554.4733333333331,1389.053666666667,820.744,0.0,0.0,0.0,0.0,0.0,0.0,0.0,0.0,covid19_pandemic,international_economy,2020-03-11,before
2020-01-09,1568.19,1398.84,820.9,51.560001373291016,58.15999984741211,1158.63,0.0010532766478992,0.0009015584081053,3.6546590812092106e-05,0.0,0.0,-0.0102339805742303,1564.052857142857,1395.5257142857142,820.9485714285714,1555.2773333333332,1389.5936666666666,820.7456666666666,0.0,0.0,0.0,0.0,0.0,0.0,0.0,0.0,covid19_pandemic,international_economy,2020-03-11,before
2020-01-10,1569.25,1399.62,820.8,51.560001373291016,58.15999984741211,1161.18,0.0006759385023498,0.0005576048726088,-0.000121817517359,0.0,0.0,0.0022008751715387,1565.2242857142858,1396.4485714285713,820.9585714285714,1556.088,1390.145,820.7453333333332,0.0,0.0,0.0,0.0,0.0,0.0,0.0,0.0,covid19_pandemic,international_economy,2020-03-11,before
2020-01-11,1570.06,1400.13,820.7,51.560001373291016,58.15999984741211,1161.18,0.0005161701449736,0.0003643846186822,-0.0001218323586743,0.0,0.0,0.0,1566.3942857142854,1397.35,820.8728571428571,1556.8996666666667,1390.6983333333333,820.7386666666666,0.0,0.0,0.0,0.0,0.0,0.0,0.0,0.0,covid19_pandemic,international_economy,2020-03-11,before
2020-01-12,1570.36,1400.31,820.66,51.560001373291016,58.15999984741211,1161.18,0.0001910755002993,0.0001285594909044,-4.873888144274474e-05,0.0,0.0,0.0,1567.5399999999995,1398.2471428571428,820.7971428571428,1557.6976666666667,1391.243333333333,820.7323333333333,0.0,0.0,0.0,0.0,0.0,0.0,0.0,0.0,covid19_pandemic,international_economy,2020-03-11,before
2020-01-13,1570.97,1400.86,820.65,51.560001373291016,58.15999984741211,1156.25,0.0003884459614356,0.0003927701723189,-1.2185314259283151e-05,0.0,0.0,-0.004245681117484,1568.6328571428571,1399.0885714285712,820.7714285714285,1558.4893333333334,1391.7943333333335,820.7273333333334,0.0,0.0,0.0,0.0,0.0,0.0,0.0,0.0,covid19_pandemic,international_economy,2020-03-11,before
2020-01-14,1571.34,1401.06,820.7,51.560001373291016,58.15999984741211,1156.28,0.0002355232754285,0.0001427694416287,6.092731371487581e-05,0.0,0.0,2.594594594595989e-05,1569.53,1399.7714285714285,820.7542857142859,1559.2783333333332,1392.349,820.7270000000001,0.0,0.0,0.0,0.0,0.0,0.0,0.0,0.0,covid19_pandemic,international_economy,2020-03-11,before
2020-01-15,1571.46,1401.02,820.71,51.560001373291016,58.15999984741211,1156.84,7.636794073850872e-05,-2.854981228495035e-05,1.2184720360686184e-05,0.0,0.0,0.0004843117583974,1570.232857142857,1400.262857142857,820.7314285714285,1560.046333333333,1392.881666666667,820.7243333333333,0.0,0.0,0.0,0.0,0.0,0.0,0.0,0.0,covid19_pandemic,international_economy,2020-03-11,before
2020-01-16,1571.56,1401.06,820.67,51.560001373291016,58.15999984741211,1160.86,6.363509093443298e-05,2.8550627400036888e-05,-4.873828758034104e-05,0.0,0.0,0.0034749835759482,1570.7142857142858,1400.5800000000002,820.6985714285714,1560.7900000000002,1393.4003333333335,820.7266666666667,0.0,0.0,0.0,0.0,0.0,0.0,0.0,0.0,covid19_pandemic,international_economy,2020-03-11,before
2020-01-17,1571.45,1400.91,820.63,51.560001373291016,58.15999984741211,1159.08,-6.99941459441078e-05,-0.0001070617960685,-4.874066311666425e-05,0.0,0.0,-0.0015333459676446,1571.0285714285717,1400.7642857142855,820.6742857142856,1561.5093333333332,1393.8996666666667,820.7243333333333,0.0,0.0,0.0,0.0,0.0,0.0,0.0,0.0,covid19_pandemic,international_economy,2020-03-11,before
2020-01-18,1571.27,1400.67,820.59,51.560001373291016,58.15999984741211,1159.08,-0.0001145438925833,-0.0001713172152386,-4.8743038884691e-05,0.0,0.0,0.0,1571.2014285714286,1400.8414285714289,820.6585714285713,1562.1993333333337,1394.3766666666666,820.7236666666666,0.0,0.0,0.0,0.0,0.0,0.0,0.0,0.0,covid19_pandemic,international_economy,2020-03-11,before
2020-01-19,1571.22,1400.52,820.53,51.560001373291016,58.15999984741211,1159.08,-3.182139288593344e-05,-0.0001070916061599,-7.311812232668746e-05,0.0,0.0,0.0,1571.3242857142857,1400.8714285714284,820.6400000000001,1562.8633333333332,1394.8313333333333,820.7203333333332,0.0,0.0,0.0,0.0,0.0,0.0,0.0,0.0,covid19_pandemic,international_economy,2020-03-11,before
2020-01-20,1571.26,1400.67,820.58,51.560001373291016,58.15999984741211,1159.08,2.5457924415439592e-05,0.0001071030760004,6.093622414793387e-05,0.0,0.0,0.0,1571.365714285714,1400.8442857142857,820.63,1563.504,1395.275,820.7196666666666,0.0,0.0,0.0,0.0,0.0,0.0,0.0,0.0,covid19_pandemic,international_economy,2020-03-11,before
2020-01-21,1571.17,1400.4,820.69,51.560001373291016,58.15999984741211,1166.56,-5.727887173345714e-05,-0.0001927648910877,0.0001340515245313,0.0,0.0,0.0064533940711599,1571.3414285714289,1400.75,820.6285714285714,1564.1236666666666,1395.7053333333336,820.7209999999999,0.0,0.0,0.0,0.0,0.0,0.0,0.0,0.0,covid19_pandemic,international_economy,2020-03-11,before
2020-01-22,1571.06,1400.18,820.57,51.560001373291016,58.15999984741211,1165.68,-7.001152007746203e-05,-0.000157097972008,-0.0001462184259586,0.0,0.0,-0.0007543546838567,1571.2842857142855,1400.6300000000003,820.6085714285715,1564.7206666666668,1396.1096666666667,820.7206666666666,0.0,0.0,0.0,0.0,0.0,0.0,0.0,0.0,covid19_pandemic,international_economy,2020-03-11,before
2020-01-23,1571.06,1400.05,820.6,51.560001373291016,58.15999984741211,1168.38,0.0,-9.284520561647636e-05,3.655995222828778e-05,0.0,0.0,0.0023162445954292,1571.212857142857,1400.4857142857145,820.5985714285714,1565.2816666666663,1396.4840000000002,820.7183333333334,0.0,0.0,0.0,0.0,0.0,0.0,0.0,0.0,covid19_pandemic,international_economy,2020-03-11,before
2020-01-24,1570.99,1399.94,820.69,51.560001373291016,58.15999984741211,1166.91,-4.455590493035455e-05,-7.856862254906893e-05,0.0001096758469412,0.0,0.0,-0.0012581523134597,1571.1471428571426,1400.347142857143,820.6071428571429,1565.8206666666665,1396.8416666666667,820.7213333333333,0.0,0.0,0.0,0.0,0.0,0.0,0.0,0.0,covid19_pandemic,international_economy,2020-03-11,before
2020-01-25,1571.01,1399.84,820.71,51.560001373291016,58.15999984741211,1166.91,1.2730825784901256e-05,-7.143163278433562e-05,2.436973765984618e-05,0.0,0.0,0.0,1571.11,1400.2285714285715,820.6242857142859,1566.339,1397.1783333333335,820.7246666666666,0.0,0.0,0.0,0.0,0.0,0.0,0.0,0.0,covid19_pandemic,international_economy,2020-03-11,before
2020-01-26,1570.91,1399.63,820.63,51.560001373291016,58.15999984741211,1166.91,-6.36533185657262e-05,-0.0001500171448164,-9.747657516057108e-05,0.0,0.0,0.0,1571.0657142857142,1400.1014285714286,820.6385714285715,1566.8300000000002,1397.492,820.7233333333334,0.0,0.0,0.0,0.0,0.0,0.0,0.0,0.0,covid19_pandemic,international_economy,2020-03-11,before
2020-01-27,1570.53,1399.13,820.75,51.560001373291016,58.15999984741211,1176.2,-0.0002418980081609,-0.0003572372698499,0.0001462291166542,0.0,0.0,0.0079611966646955,1570.9614285714283,1399.8814285714288,820.6628571428572,1567.2876666666668,1397.7769999999998,820.7276666666666,0.0,0.0,0.0,0.0,0.0,0.0,0.0,0.0,covid19_pandemic,international_economy,2020-03-11,before
2020-01-28,1570.26,1398.77,820.7,51.560001373291016,58.15999984741211,1176.23,-0.000171916486791,-0.0002573027524248,-6.091989034417988e-05,0.0,0.0,2.5505866349195827e-05,1570.8314285714284,1399.6485714285714,820.6642857142858,1567.7233333333331,1398.0456666666666,820.7333333333333,0.0,0.0,0.0,0.0,0.0,0.0,0.0,0.0,covid19_pandemic,international_economy,2020-03-11,before
2020-01-29,1569.66,1398.1,820.78,51.560001373291016,58.15999984741211,1176.98,-0.000382102327003,-0.0004789922574833,9.747776288526744e-05,0.0,0.0,0.0006376303954158,1570.6314285714286,1399.3514285714284,820.6942857142857,1568.1206666666667,1398.276,820.7376666666667,0.0,0.0,0.0,0.0,0.0,0.0,0.0,0.0,covid19_pandemic,international_economy,2020-03-11,before
2020-01-30,1568.76,1397.37,820.81,51.560001373291016,58.15999984741211,1191.94,-0.0005733725775008,-0.0005221371861812,3.655059821139339e-05,0.0,0.0,0.0127104963550783,1570.3028571428572,1398.9685714285715,820.7242857142858,1568.4646666666667,1398.4686666666669,820.7426666666668,0.0,0.0,0.0,0.0,0.0,0.0,0.0,0.0,covid19_pandemic,international_economy,2020-03-11,before
2020-01-31,1567.8,1396.42,820.86,51.560001373291016,58.15999984741211,1191.3,-0.0006119482903694,-0.0006798485726756,6.091543719022319e-05,0.0,0.0,-0.000536939778848,1569.847142857143,1398.4657142857145,820.7485714285714,1568.738,1398.6073333333334,820.747,0.0,0.0,0.0,0.0,0.0,0.0,0.0,0.0,covid19_pandemic,international_economy,2020-03-11,before
2020-02-01,1566.46,1394.86,868.63,44.7599983215332,50.52000045776367,1200.0999755859375,-0.0008547008547008,-0.0011171424070123,0.0581950637136661,-0.1318852379876066,-0.1313617505105339,0.007386867779684,1569.197142857143,1397.7542857142855,827.5942857142857,1568.9413333333332,1398.6733333333334,822.3426666666667,0.0,0.0,0.0,0.0,0.0,0.0,0.0,0.0,covid19_pandemic,international_economy,2020-03-11,before
2020-02-02,1565.92,1394.1,871.15,44.7599983215332,50.52000045776367,1200.0999755859375,-0.0003447263256003,-0.0005448575484278,0.0029011201547264,0.0,0.0,0.0,1568.484285714286,1396.9642857142858,834.8114285714285,1569.1036666666666,1398.7046666666668,824.0233333333333,0.0,0.0,0.0,0.0,0.0,0.0,0.0,0.0,covid19_pandemic,international_economy,2020-03-11,before
2020-02-03,1564.89,1393.18,872.94,44.7599983215332,50.52000045776367,1194.8,-0.0006577602942678,-0.0006599239652821,0.0020547552086322,0.0,0.0,-0.0044162783882649,1567.678571428571,1396.1142857142856,842.2671428571429,1569.2043333333336,1398.6833333333334,825.7446666666667,2.0,2.0,-3.0,0.0,0.0,0.0,0.0,0.0,covid19_pandemic,international_economy,2020-03-11,before
2020-02-04,1563.3,1391.26,873.88,44.7599983215332,50.52000045776367,1184.51,-0.0010160458562583,-0.001378142092192,0.001076820858249,0.0,0.0,-0.0086123200535653,1566.6842857142858,1395.0414285714287,849.8642857142858,1569.2363333333333,1398.591,827.501,0.0,0.0,0.0,0.0,0.0,0.0,0.0,0.0,covid19_pandemic,international_economy,2020-03-11,before
2020-02-05,1561.93,1389.72,874.41,44.7599983215332,50.52000045776367,1187.25,-0.0008763513081301,-0.0011069102827652,0.0006064905936742,0.0,0.0,0.0023131927970214,1565.58,1393.8442857142857,857.5257142857143,1569.1899999999998,1398.4160000000002,829.287,0.0,0.0,0.0,0.0,0.0,0.0,0.0,0.0,covid19_pandemic,international_economy,2020-03-11,before
2020-02-06,1560.33,1387.92,874.75,44.7599983215332,50.52000045776367,1179.64,-0.0010243736915227,-0.0012952249373974,0.0003888336135222,0.0,0.0,-0.0064097704779952,1564.375714285714,1392.4942857142855,865.2314285714285,1569.032333333333,1398.1373333333331,831.0846666666667,0.0,0.0,0.0,0.0,0.0,0.0,0.0,0.0,covid19_pandemic,international_economy,2020-03-11,before
2020-02-07,1558.76,1386.04,874.71,44.7599983215332,50.52000045776367,1186.24,-0.0010061974069587,-0.0013545449305436,-4.5727350671542766e-05,0.0,0.0,0.0055949272659454,1563.0842857142857,1391.0114285714285,872.9242857142857,1568.773,1397.7526666666668,832.8793333333332,1.0,1.0,0.0,0.0,0.0,0.0,0.0,0.0,covid19_pandemic,international_economy,2020-03-11,before
2020-02-08,1557.5,1384.5,874.85,44.7599983215332,50.52000045776367,1186.24,-0.0008083348302496,-0.0011110790453378,0.0001600530461525,0.0,0.0,0.0,1561.8042857142857,1389.5314285714287,873.8128571428571,1568.4166666666667,1397.274666666667,834.6776666666667,0.0,0.0,0.0,0.0,0.0,0.0,0.0,0.0,covid19_pandemic,international_economy,2020-03-11,before
2020-02-09,1556.89,1383.7,875.1,44.7599983215332,50.52000045776367,1186.24,-0.0003916532905295,-0.0005778259299386,0.0002857632737041,0.0,0.0,0.0,1560.5142857142855,1388.0457142857142,874.3771428571429,1568.0046666666667,1396.744,836.4876666666667,0.0,0.0,0.0,0.0,0.0,0.0,0.0,0.0,covid19_pandemic,international_economy,2020-03-11,before
2020-02-10,1555.51,1382.38,875.05,44.7599983215332,50.52000045776367,1186.96,-0.0008863824676117,-0.0009539640095396,-5.713632727699647e-05,0.0,0.0,0.0006069598057729,1559.1742857142858,1386.5028571428572,874.6785714285714,1567.5196666666668,1396.1523333333332,838.2993333333333,0.0,0.0,0.0,0.0,0.0,0.0,0.0,0.0,covid19_pandemic,international_economy,2020-03-11,before
2020-02-11,1552.66,1379.28,875.17,44.7599983215332,50.52000045776367,1181.32,-0.0018321965143264,-0.0022425092955628,0.0001371350208558,0.0,0.0,-0.0047516344274449,1557.654285714286,1384.7914285714285,874.8628571428571,1566.929666666667,1395.4513333333334,840.1163333333334,0.0,0.0,0.0,0.0,0.0,0.0,0.0,0.0,covid19_pandemic,international_economy,2020-03-11,before
2020-02-12,1550.29,1376.42,875.22,44.7599983215332,50.52000045776367,1178.98,-0.0015264127368517,-0.0020735456180035,5.713175725863273e-05,0.0,0.0,-0.0019808349981376,1555.9914285714287,1382.8914285714286,874.9785714285714,1566.2403333333334,1394.6366666666663,841.9353333333333,0.0,0.0,0.0,0.0,0.0,0.0,0.0,0.0,covid19_pandemic,international_economy,2020-03-11,before
2020-02-13,1547.53,1373.28,875.09,44.7599983215332,50.52000045776367,1182.02,-0.0017803120706448,-0.0022812804231266,-0.0001485340828591,0.0,0.0,0.0025785000593734,1554.162857142857,1380.8,875.0271428571428,1565.4466666666667,1393.7106666666666,843.7483333333333,1.0,1.0,0.0,0.0,0.0,0.0,0.0,0.0,covid19_pandemic,international_economy,2020-03-11,before
2020-02-14,1545.01,1370.38,875.11,44.7599983215332,50.52000045776367,1183.2,-0.0016284013880183,-0.0021117324944657,2.285479207841945e-05,0.0,0.0,0.000998291061065,1552.1985714285715,1378.562857142857,875.0842857142858,1564.565,1392.6893333333333,845.5616666666666,0.0,0.0,0.0,0.0,0.0,0.0,0.0,0.0,covid19_pandemic,international_economy,2020-03-11,before
2020-02-15,1542.96,1367.64,875.15,44.7599983215332,50.52000045776367,1183.2,-0.0013268522533834,-0.0019994454093025,4.570853949781295e-05,0.0,0.0,0.0,1550.1214285714286,1376.1542857142856,875.1271428571429,1563.611666666667,1391.5753333333332,847.3776666666668,0.0,0.0,0.0,0.0,0.0,0.0,0.0,0.0,covid19_pandemic,international_economy,2020-03-11,before
2020-02-16,1541.95,1366.27,875.05,44.7599983215332,50.52000045776367,1183.2,-0.0006545859905635,-0.0010017256003043,-0.000114266125807,0.0,0.0,0.0,1547.9871428571428,1373.6642857142858,875.12,1562.628333333333,1390.4206666666666,849.1916666666667,0.0,0.0,0.0,0.0,0.0,0.0,0.0,0.0,covid19_pandemic,international_economy,2020-03-11,before
2020-02-17,1540.38,1364.35,875.15,44.7599983215332,50.52000045776367,1183.2,-0.0010181912513375,-0.0014052859244513,0.0001142791840467,0.0,0.0,0.0,1545.8257142857144,1371.0885714285712,875.1342857142856,1561.5986666666663,1389.21,851.0103333333334,0.0,0.0,0.0,0.0,0.0,0.0,0.0,0.0,covid19_pandemic,international_economy,2020-03-11,before
2020-02-18,1538.33,1361.95,875.16,44.7599983215332,50.52000045776367,1190.6,-0.0013308404419689,-0.001759079415106,1.1426612580800466e-05,0.0,0.0,0.0062542258282622,1543.7785714285712,1368.6128571428574,875.132857142857,1560.5023333333336,1387.9243333333332,852.8313333333334,0.0,0.0,0.0,0.0,0.0,0.0,0.0,0.0,covid19_pandemic,international_economy,2020-03-11,before
2020-02-19,1536.63,1359.7,875.23,44.7599983215332,50.52000045776367,1191.1,-0.0011050944855783,-0.0016520430265428,7.998537410314199e-05,0.0,0.0,0.0004199563245421,1541.827142857143,1366.224285714286,875.1342857142857,1559.3480000000002,1386.5586666666668,854.653,0.0,0.0,0.0,0.0,0.0,0.0,0.0,0.0,covid19_pandemic,international_economy,2020-03-11,before
2020-02-20,1535.17,1357.74,875.11,44.7599983215332,50.52000045776367,1198.34,-0.0009501311311116,-0.0014414944473045,-0.0001371068176365,0.0,0.0,0.0060784149105868,1540.061428571429,1364.0042857142855,875.1371428571429,1558.148,1385.1366666666663,856.4670000000001,0.0,0.0,0.0,0.0,0.0,0.0,0.0,0.0,covid19_pandemic,international_economy,2020-03-11,before
2020-02-21,1533.93,1356.17,875.13,44.7599983215332,50.52000045776367,1207.91,-0.0008077281343434,-0.0011563333186028,2.2854269748906475e-05,0.0,0.0,0.0079860473655224,1538.4785714285715,1361.9742857142858,875.14,1556.9103333333333,1383.6696666666664,858.2856666666667,0.0,0.0,0.0,0.0,0.0,0.0,0.0,0.0,covid19_pandemic,international_economy,2020-03-11,before
2020-02-22,1533.01,1354.85,875.06,44.7599983215332,50.52000045776367,1207.91,-0.0005997666125573,-0.0009733293023737,-7.998811605136602e-05,0.0,0.0,0.0,1537.0571428571432,1360.1471428571426,875.1271428571428,1555.642,1382.163,860.101,0.0,0.0,0.0,0.0,0.0,0.0,0.0,0.0,covid19_pandemic,international_economy,2020-03-11,before
2020-02-23,1532.62,1354.19,874.86,44.7599983215332,50.52000045776367,1207.91,-0.0002544014716147,-0.0004871387976527,-0.0002285557561766,0.0,0.0,0.0,1535.7242857142858,1358.4214285714286,875.1,1554.363,1380.638,861.9066666666666,0.0,0.0,0.0,0.0,0.0,0.0,0.0,0.0,covid19_pandemic,international_economy,2020-03-11,before
2020-02-24,1531.73,1353.38,874.73,44.7599983215332,50.52000045776367,1218.5,-0.0005807049366443,-0.0005981435396804,-0.000148595203804,0.0,0.0,0.0087672094775272,1534.4885714285715,1356.8542857142857,875.04,1553.053666666667,1379.0893333333331,863.7073333333334,0.0,0.0,0.0,0.0,0.0,0.0,0.0,0.0,covid19_pandemic,international_economy,2020-03-11,before
2020-02-25,1530.59,1351.74,874.74,44.7599983215332,50.52000045776367,1214.45,-0.0007442564942908,-0.0012117808745512,1.1432099047636868e-05,0.0,0.0,-0.0033237587197373,1533.3828571428571,1355.3957142857143,874.9800000000001,1551.7096666666666,1377.493,865.5110000000001,0.0,0.0,0.0,0.0,0.0,0.0,0.0,0.0,covid19_pandemic,international_economy,2020-03-11,before
2020-02-26,1529.45,1350.36,874.62,44.7599983215332,50.52000045776367,1213.61,-0.0007448108245838,-0.0010209063873231,-0.0001371836202757,0.0,0.0,-0.0006916711268476,1532.357142857143,1354.061428571429,874.8928571428571,1550.340333333333,1375.8673333333334,867.3066666666667,1.0,1.0,-6.0,-6.0,0.0,0.0,0.0,0.0,covid19_pandemic,international_economy,2020-03-11,before
2020-02-27,1528.09,1348.74,874.65,44.7599983215332,50.52000045776367,1217.03,-0.0008892085390174,-0.0011996800853104,3.430061055076372e-05,0.0,0.0,0.0028180387439129,1531.3457142857144,1352.7757142857142,874.8271428571428,1548.9346666666668,1374.1996666666666,869.105,0.0,0.0,0.0,0.0,0.0,0.0,0.0,0.0,covid19_pandemic,international_economy,2020-03-11,before
2020-02-28,1526.59,1346.79,874.62,44.7599983215332,50.52000045776367,1214.92,-0.000981617574881,-0.0014457938520396,-3.429943405930391e-05,0.0,0.0,-0.0017337288316638,1530.2971428571425,1351.4357142857143,874.7542857142856,1547.499,1372.4893333333334,870.8996666666667,0.0,0.0,0.0,0.0,0.0,0.0,0.0,0.0,covid19_pandemic,international_economy,2020-03-11,before
2020-02-29,1525.03,1344.88,874.65,44.7599983215332,50.52000045776367,1214.92,-0.0010218853785233,-0.0014181869482249,3.430061055076372e-05,0.0,0.0,0.0,1529.1571428571428,1350.0114285714285,874.6957142857143,1546.0413333333331,1370.7396666666666,872.6943333333332,0.0,0.0,0.0,0.0,0.0,0.0,0.0,0.0,covid19_pandemic,international_economy,2020-03-11,before
2020-03-01,1523.52,1342.68,874.7,44.7599983215332,50.52000045776367,1222.699951171875,-0.0009901444561746,-0.0016358336803283,5.716572343228421e-05,0.0,0.0,0.0064036736343751,1527.857142857143,1348.3671428571429,874.6728571428572,1544.5653333333332,1368.9483333333333,874.4889999999999,0.0,0.0,0.0,0.0,0.0,0.0,0.0,0.0,covid19_pandemic,international_economy,2020-03-11,before
2020-03-02,1521.76,1340.72,874.64,44.7599983215332,50.52000045776367,1190.89,-0.0011552194917033,-0.001459767033098,-6.859494683897349e-05,0.0,0.0,-0.0260161547740205,1526.4328571428573,1346.5585714285714,874.6600000000001,1543.0753333333334,1367.1436666666666,874.6893333333334,1.0,1.0,2.0,2.0,0.0,0.0,0.0,0.0,covid19_pandemic,international_economy,2020-03-11,before
2020-03-03,1519.5,1337.92,874.44,44.7599983215332,50.52000045776367,1194.66,-0.0014851224897487,-0.0020884300972611,-0.0002286655080946,0.0,0.0,0.0031656996028179,1524.8485714285714,1344.5842857142857,874.6171428571428,1541.5279999999998,1365.271,874.7990000000001,1.0,1.0,2.0,2.0,0.0,0.0,0.0,0.0,covid19_pandemic,international_economy,2020-03-11,before
2020-03-04,1517.3,1335.41,874.45,44.7599983215332,50.52000045776367,1187.54,-0.0014478446857518,-0.0018760464003826,1.143589039842574e-05,0.0,0.0,-0.0059598546866892,1523.112857142857,1342.4485714285713,874.592857142857,1539.9416666666666,1363.3453333333334,874.8493333333334,1.0,1.0,0.0,0.0,0.0,0.0,0.0,0.0,covid19_pandemic,international_economy,2020-03-11,before
2020-03-05,1515.36,1333.15,874.32,44.7599983215332,50.52000045776367,1181.11,-0.0012785869636855,-0.0016923641428474,-0.0001486648750643,0.0,0.0,-0.005414554457113,1521.2942857142857,1340.2214285714288,874.5457142857143,1538.3436666666669,1361.4083333333333,874.864,1.0,1.0,0.0,0.0,0.0,0.0,0.0,0.0,covid19_pandemic,international_economy,2020-03-11,before
2020-03-06,1513.55,1330.82,874.51,44.7599983215332,50.52000045776367,1192.0,-0.0011944356456551,-0.0017477403142933,0.0002173117394088,0.0,0.0,0.0092201403764256,1519.4314285714286,1337.94,874.53,1536.731,1359.445,874.8673333333334,1.0,1.0,0.0,0.0,0.0,0.0,0.0,0.0,covid19_pandemic,international_economy,2020-03-11,before
2020-03-07,1511.7,1328.48,874.48,44.7599983215332,50.52000045776367,1192.0,-0.0012222919626043,-0.0017583144226867,-3.4304925043748824e-05,0.0,0.0,0.0,1517.527142857143,1335.597142857143,874.5057142857142,1535.11,1357.4636666666663,874.8583333333333,0.0,0.0,0.0,0.0,0.0,0.0,0.0,0.0,covid19_pandemic,international_economy,2020-03-11,before
2020-03-08,1510.79,1327.27,874.51,44.7599983215332,50.52000045776367,1192.0,-0.0006019712906,-0.0009108153679393,3.4306101911907305e-05,0.0,0.0,0.0,1515.7085714285713,1333.3957142857143,874.4785714285715,1533.511,1355.5046666666667,874.8516666666668,1.0,1.0,0.0,0.0,0.0,0.0,0.0,0.0,covid19_pandemic,international_economy,2020-03-11,before
2020-03-09,1508.65,1324.82,874.37,44.7599983215332,50.52000045776367,1203.75,-0.0014164774720509,-0.0018458942038922,-0.000160089650204,0.0,0.0,0.0098573825503356,1513.8357142857142,1331.1242857142856,874.4400000000002,1531.8826666666666,1353.5153333333333,874.8356666666666,8.0,8.0,0.375,3.0,0.0,0.0,0.0,0.0,covid19_pandemic,international_economy,2020-03-11,before
2020-03-10,1505.06,1320.52,874.36,44.7599983215332,50.52000045776367,1193.1,-0.0023796109104167,-0.0032457239474041,-1.1436805928854987e-05,0.0,0.0,-0.0088473520249221,1511.7728571428572,1328.6385714285714,874.4285714285714,1530.155,1351.4093333333333,874.811,3.0,3.0,0.0,3.0,0.0,0.0,0.0,0.0,covid19_pandemic,international_economy,2020-03-11,before
2020-03-11,1499.7,1314.23,874.21,44.7599983215332,50.52000045776367,1194.16,-0.0035613198144923,-0.0047632750734558,-0.0001715540509629,0.0,0.0,0.0008884418741095,1509.2585714285713,1325.6128571428574,874.3942857142857,1528.2946666666664,1349.1376666666667,874.783,4.0,4.0,-1.75,2.0,0.0,0.0,0.0,0.0,covid19_pandemic,international_economy,2020-03-11,after
2020-03-12,1494.89,1308.62,874.35,44.7599983215332,50.52000045776367,1206.19,-0.0032073081282922,-0.0042686592149016,0.0001601445876848,0.0,0.0,0.0100740269310644,1506.3342857142857,1322.1085714285714,874.3985714285715,1526.369,1346.782333333333,874.7556666666666,0.0,0.0,0.0,0.0,0.0,0.0,0.0,0.0,covid19_pandemic,international_economy,2020-03-11,after
2020-03-13,1490.23,1303.35,874.31,44.7599983215332,50.52000045776367,1211.7,-0.0031172862217287,-0.0040271430973085,-4.574827014358629e-05,0.0,0.0,0.0045681028693655,1503.0028571428572,1318.1842857142856,874.37,1524.367,1344.3466666666668,874.7253333333333,4.0,4.0,-0.25,5.0,0.0,0.0,0.0,0.0,covid19_pandemic,international_economy,2020-03-11,after
2020-03-14,1486.01,1298.25,874.32,44.7599983215332,50.52000045776367,1211.7,-0.0028317776450614,-0.0039129934399815,1.1437590786034235e-05,0.0,0.0,0.0,1499.3328571428572,1313.865714285714,874.3471428571429,1522.3163333333332,1341.8456666666668,874.6996666666666,0.0,0.0,0.0,0.0,0.0,0.0,0.0,0.0,covid19_pandemic,international_economy,2020-03-11,after
2020-03-15,1484.04,1295.73,874.33,44.7599983215332,50.52000045776367,1211.7,-0.0013256976736361,-0.0019410745233968,1.1437459968899333e-05,0.0,0.0,0.0,1495.5114285714285,1309.36,874.3214285714286,1520.284,1339.3573333333334,874.6736666666668,0.0,0.0,0.0,0.0,0.0,0.0,0.0,0.0,covid19_pandemic,international_economy,2020-03-11,after
2020-03-16,1480.14,1291.56,874.44,44.7599983215332,50.52000045776367,1225.33,-0.0026279615104712,-0.0032182630640643,0.0001258106207038,0.0,0.0,0.0112486589089708,1491.4385714285715,1304.6085714285714,874.3314285714285,1518.1899999999998,1336.8213333333335,874.65,2.0,2.0,0.0,0.0,0.0,0.0,0.0,0.0,covid19_pandemic,international_economy,2020-03-11,after
2020-03-17,1473.72,1284.17,874.38,44.7599983215332,50.52000045776367,1240.98,-0.0043374275406381,-0.0057217628294464,-6.861534239066547e-05,0.0,0.0,0.0127720695649335,1486.9614285714283,1299.4157142857143,874.3342857142858,1515.9156666666668,1334.0846666666666,874.6276666666668,2.0,2.0,0.0,3.0,0.0,0.0,0.0,0.0,covid19_pandemic,international_economy,2020-03-11,after
2020-03-18,1465.4,1275.15,874.38,44.7599983215332,50.52000045776367,1245.19,-0.0056455771788398,-0.0070239921505719,0.0,0.0,0.0,0.0033924801366662,1482.061428571429,1293.8328571428572,874.3585714285715,1513.4163333333331,1331.1113333333335,874.602,1.0,1.0,0.0,0.0,0.0,0.0,0.0,0.0,covid19_pandemic,international_economy,2020-03-11,after
2020-03-19,1457.94,1266.95,874.31,44.7599983215332,50.52000045776367,1250.86,-0.0050907602019926,-0.00643061600596,-8.005672590871704e-05,0.0,0.0,0.004553521952473,1476.782857142857,1287.88,874.352857142857,1510.736666666667,1327.9446666666663,874.5736666666667,3.0,3.0,-1.0,0.0,0.0,0.0,0.0,0.0,covid19_pandemic,international_economy,2020-03-11,after
2020-03-20,1450.71,1259.24,874.23,44.7599983215332,50.52000045776367,1250.55,-0.0049590518128318,-0.006085480879277,-9.15007262869416e-05,0.0,0.0,-0.0002478294933085,1471.137142857143,1281.5785714285714,874.3414285714287,1507.8726666666666,1324.596,874.5403333333333,5.0,5.0,-2.2,3.0,0.0,0.0,0.0,0.0,covid19_pandemic,international_economy,2020-03-11,after
2020-03-21,1445.02,1253.06,874.18,44.7599983215332,50.52000045776367,1250.55,-0.0039222173969987,-0.004907722118103,-5.7193187147586144e-05,0.0,0.0,0.0,1465.2814285714285,1275.1228571428571,874.3214285714286,1504.8676666666663,1321.1066666666668,874.5093333333333,1.0,1.0,0.0,0.0,0.0,0.0,0.0,0.0,covid19_pandemic,international_economy,2020-03-11,after
2020-03-22,1442.55,1250.05,874.24,44.7599983215332,50.52000045776367,1250.55,-0.0017093189021605,-0.0024021196111917,6.863575007431955e-05,0.0,0.0,0.0,1459.354285714286,1268.597142857143,874.3085714285714,1501.8216666666667,1317.5693333333334,874.4796666666667,1.0,1.0,-2.0,-2.0,0.0,0.0,0.0,0.0,covid19_pandemic,international_economy,2020-03-11,after
2020-03-23,1437.38,1244.7,874.24,44.7599983215332,50.52000045776367,1267.25,-0.0035839312328861,-0.0042798288068476,0.0,0.0,0.0,0.0133541241853585,1453.2457142857145,1261.902857142857,874.28,1498.6339999999998,1313.8976666666667,874.4523333333333,3.0,3.0,-2.333333333333333,-1.0,0.0,0.0,0.0,0.0,covid19_pandemic,international_economy,2020-03-11,after
2020-03-24,1430.25,1236.94,874.21,44.7599983215332,50.52000045776367,1249.88,-0.0049604140867411,-0.0062344340001606,-3.4315519765737434e-05,0.0,0.0,-0.013706845531663,1447.0357142857142,1255.1557142857143,874.2557142857142,1495.2216666666666,1309.9893333333334,874.4306666666668,4.0,4.0,0.0,2.0,0.0,0.0,0.0,0.0,covid19_pandemic,international_economy,2020-03-11,after
2020-03-25,1423.96,1230.81,874.14,44.7599983215332,50.52000045776367,1228.15,-0.0043978325467575,-0.004955777968212,-8.007229384254799e-05,0.0,0.0,-0.0173856690242263,1441.1157142857144,1248.821428571429,874.2214285714286,1491.6293333333333,1305.9036666666666,874.4110000000001,3.0,3.0,1.0,3.0,0.0,0.0,0.0,0.0,covid19_pandemic,international_economy,2020-03-11,after
2020-03-26,1418.18,1224.52,874.2,44.7599983215332,50.52000045776367,1233.47,-0.004059102783786,-0.0051104557161544,6.863889079555818e-05,0.0,0.0,0.0043317184383013,1435.4357142857143,1242.76,874.2057142857142,1487.8823333333332,1301.663,874.393,2.0,2.0,0.0,0.0,0.0,0.0,0.0,0.0,covid19_pandemic,international_economy,2020-03-11,after
2020-03-27,1411.92,1218.12,874.14,44.7599983215332,50.52000045776367,1210.49,-0.0044141082232156,-0.0052265377454023,-6.86341798216139e-05,0.0,0.0,-0.0186303679862501,1429.8942857142858,1236.8857142857144,874.1928571428572,1483.9646666666667,1297.255,874.3770000000001,4.0,4.0,-3.0,0.0,0.0,0.0,0.0,0.0,covid19_pandemic,international_economy,2020-03-11,after
2020-03-28,1406.63,1212.81,874.11,44.7599983215332,50.52000045776367,1210.49,-0.0037466711995013,-0.004359176435819,-3.431944539777909e-05,0.0,0.0,0.0,1424.41,1231.1357142857144,874.1828571428571,1479.9160000000002,1292.724,874.3589999999999,1.0,1.0,0.0,0.0,0.0,0.0,0.0,0.0,covid19_pandemic,international_economy,2020-03-11,after
2020-03-29,1403.83,1209.9,874.14,44.7599983215332,50.52000045776367,1210.49,-0.0019905732139938,-0.0023993865485936,3.432062326247376e-05,0.0,0.0,0.0,1418.8785714285714,1225.4,874.1685714285715,1475.824,1288.161,874.3430000000001,1.0,1.0,-6.0,-6.0,0.0,0.0,0.0,0.0,covid19_pandemic,international_economy,2020-03-11,after
2020-03-30,1398.93,1205.16,874.03,44.7599983215332,50.52000045776367,1224.11,-0.0034904511229991,-0.003917679147037,-0.0001258379664584,0.0,0.0,0.0112516418970829,1413.3857142857144,1219.7514285714285,874.1385714285715,1471.6206666666667,1283.5036666666667,874.3223333333334,8.0,8.0,-1.0,2.0,0.0,0.0,0.0,0.0,covid19_pandemic,international_economy,2020-03-11,after
2020-03-31,1393.03,1199.27,874.16,44.7599983215332,50.52000045776367,1218.92,-0.0042175090962378,-0.0048873178665074,0.0001487363133989,0.0,0.0,-0.0042398150493009,1408.0685714285717,1214.37,874.1314285714286,1467.2710000000002,1278.7233333333336,874.3043333333334,4.0,4.0,-0.5,2.0,0.0,0.0,0.0,0.0,covid19_pandemic,international_economy,2020-03-11,after
2020-04-01,1384.29,1190.5,828.46,18.84000015258789,25.270000457763672,1210.7900390625,-0.0062740931638227,-0.0073127819423483,-0.0522787590372471,-0.5790884526569717,-0.4998020540619314,-0.0066698068269451,1402.4014285714286,1208.6114285714286,867.6057142857143,1462.688666666667,1273.716,872.765,6.0,6.0,0.3333333333333333,3.0,0.0,0.0,0.0,0.0,covid19_pandemic,international_economy,2020-03-11,after
2020-04-02,1377.9,1184.19,822.74,18.84000015258789,25.270000457763672,1229.89,-0.0046160847799231,-0.00530029399412,-0.0069043767955001,0.0,0.0,0.0157747919303077,1396.6471428571426,1202.85,860.2542857142856,1457.9686666666669,1268.5916666666667,871.0416666666666,5.0,5.0,-0.2,3.0,0.0,0.0,0.0,0.0,covid19_pandemic,international_economy,2020-03-11,after
2020-04-03,1372.03,1178.65,821.1,18.84000015258789,25.270000457763672,1230.56,-0.0042601059583424,-0.0046783033128129,-0.0019933393295573,0.0,0.0,0.0005447641659008,1390.9485714285713,1197.2114285714288,852.6771428571428,1453.1263333333334,1263.3663333333332,869.2633333333332,0.0,0.0,0.0,0.0,0.0,0.0,0.0,0.0,covid19_pandemic,international_economy,2020-03-11,after
2020-04-04,1367.91,1174.57,820.44,18.84000015258789,25.270000457763672,1230.56,-0.0030028497919141,-0.0034615874093243,-0.0008037997807818,0.0,0.0,0.0,1385.4171428571428,1191.7485714285715,845.01,1448.2113333333332,1258.080333333333,867.4673333333334,3.0,3.0,-0.3333333333333333,2.0,0.0,0.0,0.0,0.0,covid19_pandemic,international_economy,2020-03-11,after
2020-04-05,1366.27,1172.64,820.18,18.84000015258789,25.270000457763672,1230.56,-0.0011989092849676,-0.0016431545161206,-0.0003169031251525,0.0,0.0,0.0,1380.0514285714287,1186.4257142857143,837.3014285714286,1443.302,1252.8076666666666,865.6563333333335,2.0,2.0,4.0,5.0,0.0,0.0,0.0,0.0,covid19_pandemic,international_economy,2020-03-11,after
2020-04-06,1362.9,1169.74,819.86,18.84000015258789,25.270000457763672,1224.6,-0.0024665695653127,-0.0024730522581526,-0.0003901582579433,0.0,0.0,-0.004843323364972,1374.9042857142856,1181.365714285714,829.5628571428571,1438.342,1247.5163333333337,863.8356666666666,5.0,5.0,0.0,3.0,0.0,0.0,0.0,0.0,covid19_pandemic,international_economy,2020-03-11,after
2020-04-07,1357.79,1164.68,819.16,18.84000015258789,25.270000457763672,1220.43,-0.0037493579866462,-0.0043257476020311,-0.0008538043080525,0.0,0.0,-0.0034051935325819,1369.87,1176.4242857142858,821.7057142857144,1433.2419999999995,1242.0966666666668,861.9906666666666,0.0,0.0,0.0,0.0,0.0,0.0,0.0,0.0,covid19_pandemic,international_economy,2020-03-11,after
2020-04-08,1352.04,1159.16,819.16,18.84000015258789,25.270000457763672,1220.77,-0.0042348227634612,-0.0047394992615997,0.0,0.0,0.0,0.0002785903329154,1365.2628571428572,1171.947142857143,820.3771428571429,1428.0216666666668,1236.5746666666666,860.1503333333333,2.0,2.0,1.0,2.0,0.0,0.0,0.0,0.0,covid19_pandemic,international_economy,2020-03-11,after
2020-04-09,1347.54,1154.71,818.71,18.84000015258789,25.270000457763672,1219.71,-0.0033283038963344,-0.0038389868525484,-0.0005493432296498,0.0,0.0,-0.0008683044308099,1360.9257142857143,1167.7357142857145,819.8014285714287,1422.771,1231.0476666666666,858.2953333333334,4.0,4.0,0.25,2.0,0.0,0.0,0.0,0.0,covid19_pandemic,international_economy,2020-03-11,after
2020-04-10,1343.57,1151.07,818.26,18.84000015258789,25.270000457763672,1211.71,-0.0029461092064058,-0.0031523066397624,-0.0005496451735047,0.0,0.0,-0.006558936140558,1356.86,1163.7957142857144,819.3957142857142,1417.5666666666666,1225.609,856.4303333333334,1.0,1.0,2.0,2.0,0.0,0.0,0.0,0.0,covid19_pandemic,international_economy,2020-03-11,after
2020-04-11,1339.93,1147.46,818.13,18.84000015258789,25.270000457763672,1211.71,-0.0027092001161085,-0.0031362123936857,-0.0001588737076234,0.0,0.0,0.0,1352.8628571428574,1159.922857142857,819.0657142857143,1412.4013333333337,1220.237,854.5563333333334,0.0,0.0,0.0,0.0,0.0,0.0,0.0,0.0,covid19_pandemic,international_economy,2020-03-11,after
2020-04-12,1338.46,1145.88,817.95,18.84000015258789,25.270000457763672,1211.71,-0.0010970722351167,-0.0013769543164903,-0.0002200139342157,0.0,0.0,0.0,1348.89,1156.1,818.7471428571428,1407.3423333333333,1214.988,852.6776666666667,3.0,3.0,1.3333333333333333,2.0,0.0,0.0,0.0,0.0,covid19_pandemic,international_economy,2020-03-11,after
2020-04-13,1335.31,1143.12,817.81,18.84000015258789,25.270000457763672,1217.72,-0.0023534509809781,-0.00240862917583,-0.000171159606333,0.0,0.0,0.0049599326571538,1344.9485714285713,1152.297142857143,818.4542857142858,1402.3190000000002,1209.8169999999998,850.794,2.0,2.0,0.0,0.0,0.0,0.0,0.0,0.0,covid19_pandemic,international_economy,2020-03-11,after
2020-04-14,1331.1,1139.03,817.72,18.84000015258789,25.270000457763672,1216.85,-0.0031528259355505,-0.0035779270767722,-0.0001100500116162,0.0,0.0,-0.0007144499556549,1341.1357142857144,1148.6328571428571,818.2485714285715,1397.2210000000002,1204.5936666666669,848.9069999999999,4.0,4.0,0.0,3.0,0.0,0.0,0.0,0.0,covid19_pandemic,international_economy,2020-03-11,after
2020-04-15,1326.56,1134.87,817.56,18.84000015258789,25.270000457763672,1224.55,-0.0034107129441814,-0.0036522304065741,-0.0001956659981412,0.0,0.0,0.0063278136171263,1337.4957142857145,1145.162857142857,818.0199999999999,1392.1016666666667,1199.3706666666665,847.0110000000001,3.0,3.0,0.6666666666666666,2.0,0.0,0.0,0.0,0.0,covid19_pandemic,international_economy,2020-03-11,after
2020-04-16,1322.62,1131.51,817.72,18.84000015258789,25.270000457763672,1228.21,-0.0029700880472802,-0.0029606915329508,0.0001957042908167,0.0,0.0,0.0029888530480586,1333.935714285714,1141.8485714285714,817.8785714285714,1387.065,1194.282,845.1223333333332,1.0,1.0,2.0,2.0,0.0,0.0,0.0,0.0,covid19_pandemic,international_economy,2020-03-11,after
2020-04-17,1317.95,1127.11,817.42,18.84000015258789,25.270000457763672,1217.81,-0.0035308705448275,-0.0038886090268757,-0.0003668737465147,0.0,0.0,-0.0084676073309939,1330.2757142857142,1138.4257142857143,817.7585714285715,1382.15,1189.3473333333334,843.2236666666668,1.0,1.0,-3.0,-3.0,0.0,0.0,0.0,0.0,covid19_pandemic,international_economy,2020-03-11,after
2020-04-18,1313.53,1123.01,817.2,18.84000015258789,25.270000457763672,1217.81,-0.003353693235707,-0.0036376218825135,-0.0002691394876561,0.0,0.0,0.0,1326.5042857142855,1134.932857142857,817.6257142857143,1377.3363333333332,1184.5493333333334,841.32,1.0,1.0,-3.0,-3.0,0.0,0.0,0.0,0.0,covid19_pandemic,international_economy,2020-03-11,after
2020-04-19,1311.41,1120.79,817.04,18.84000015258789,25.270000457763672,1217.81,-0.0016139715118801,-0.0019768301261787,-0.0001957905041606,0.0,0.0,0.0,1322.64,1131.3485714285714,817.4957142857144,1372.693,1179.9343333333334,839.4136666666667,2.0,2.0,0.0,0.0,0.0,0.0,0.0,0.0,covid19_pandemic,international_economy,2020-03-11,after
2020-04-20,1307.26,1117.33,817.24,18.84000015258789,25.270000457763672,1217.29,-0.0031645328310749,-0.0030871082004657,0.0002447860569863,0.0,0.0,-0.0004269960010182,1318.6328571428571,1127.6642857142856,817.4142857142857,1368.101,1175.41,837.5156666666667,11.0,11.0,-0.2727272727272727,4.0,0.0,0.0,0.0,0.0,covid19_pandemic,international_economy,2020-03-11,after
2020-04-21,1301.62,1111.91,817.07,18.84000015258789,25.270000457763672,1229.28,-0.0043143674555942,-0.0048508497937045,-0.0002080172287209,0.0,0.0,0.0098497482111903,1314.4214285714286,1123.79,817.3214285714286,1363.4033333333332,1170.8053333333337,835.61,7.0,7.0,-1.0,2.0,0.0,0.0,0.0,0.0,covid19_pandemic,international_economy,2020-03-11,after
2020-04-22,1296.7,1107.16,817.22,18.84000015258789,25.270000457763672,1234.79,-0.0037799050414097,-0.0042719284834203,0.0001835828019631,0.0,0.0,0.0044822985812833,1310.1557142857143,1119.8314285714284,817.2728571428571,1358.7140000000002,1166.2206666666666,833.7093333333335,1.0,1.0,0.0,0.0,0.0,0.0,0.0,0.0,covid19_pandemic,international_economy,2020-03-11,after
2020-04-23,1292.03,1102.66,816.94,18.84000015258789,25.270000457763672,1229.04,-0.0036014498341945,-0.0040644531955634,-0.0003426249969408,0.0,0.0,-0.0046566622664582,1305.7857142857142,1115.7099999999998,817.1614285714286,1354.1066666666668,1161.7446666666667,831.8003333333332,7.0,7.0,-0.5714285714285714,2.0,0.0,0.0,0.0,0.0,covid19_pandemic,international_economy,2020-03-11,after
2020-04-24,1287.36,1098.28,816.97,18.84000015258789,25.270000457763672,1233.88,-0.0036144671563353,-0.0039722126494114,3.6722403113920166e-05,0.0,0.0,0.0039380329362754,1301.4157142857143,1111.5914285714289,817.0971428571429,1349.5533333333335,1157.327,829.8946666666667,1.0,1.0,0.0,0.0,0.0,0.0,0.0,0.0,covid19_pandemic,international_economy,2020-03-11,after
2020-04-25,1283.83,1094.84,816.79,18.84000015258789,25.270000457763672,1233.88,-0.0027420457370121,-0.0031321703026551,-0.0002203263277722,0.0,0.0,0.0,1297.172857142857,1107.5671428571427,817.0385714285715,1345.075,1153.0043333333333,827.9809999999999,3.0,3.0,0.6666666666666666,2.0,0.0,0.0,0.0,0.0,covid19_pandemic,international_economy,2020-03-11,after
2020-04-26,1282.05,1092.88,816.73,18.84000015258789,25.270000457763672,1233.88,-0.001386476402639,-0.001790215921961,-7.345829405347448e-05,0.0,0.0,0.0,1292.9785714285715,1103.58,816.9942857142858,1340.746,1148.8296666666668,826.0673333333333,1.0,1.0,0.0,0.0,0.0,0.0,0.0,0.0,covid19_pandemic,international_economy,2020-03-11,after
2020-04-27,1278.85,1090.09,816.75,18.84000015258789,25.270000457763672,1224.16,-0.0024960024960025,-0.0025528877827393,2.448789685693953e-05,0.0,0.0,-0.0078775893928096,1288.92,1099.688571428571,816.9242857142857,1336.486666666667,1144.739,824.1553333333335,2.0,2.0,0.5,2.0,0.0,0.0,0.0,0.0,covid19_pandemic,international_economy,2020-03-11,after
2020-04-28,1274.4,1085.57,816.89,18.84000015258789,25.270000457763672,1224.83,-0.0034796887828907,-0.0041464466236732,0.000171411080502,0.0,0.0,0.0005473140765912,1285.0314285714285,1095.9257142857143,816.8985714285715,1332.1723333333332,1140.5946666666666,822.247,0.0,0.0,0.0,0.0,0.0,0.0,0.0,0.0,covid19_pandemic,international_economy,2020-03-11,after
2020-04-29,1270.26,1081.5,817.0,18.84000015258789,25.270000457763672,1219.2,-0.0032485875706215,-0.0037491824571422,0.0001346570529692,0.0,0.0,-0.0045965562567865,1281.2542857142855,1092.26,816.8671428571428,1327.8833333333334,1136.4726666666668,820.346,5.0,5.0,-0.2,2.0,0.0,0.0,0.0,0.0,covid19_pandemic,international_economy,2020-03-11,after
2020-04-30,1267.24,1078.54,816.65,18.84000015258789,25.270000457763672,1203.95,-0.0023774660305764,-0.0027369394359686,-0.0004283965728274,0.0,0.0,-0.0125082020997375,1277.712857142857,1088.814285714286,816.8257142857143,1323.6903333333332,1132.4483333333333,818.429,6.0,6.0,0.8333333333333334,3.0,0.0,0.0,0.0,0.0,covid19_pandemic,international_economy,2020-03-11,after
2020-05-01,1264.02,1075.28,745.43,35.4900016784668,35.33000183105469,1230.27001953125,-0.0025409551466178,-0.0030226046321879,-0.0872099430600624,0.8837580356172043,0.3981005615771682,0.0218613892032475,1274.3785714285714,1085.5285714285717,806.6057142857143,1319.6813333333332,1128.6076666666663,815.6613333333333,1.0,1.0,0.0,0.0,0.0,0.0,0.0,0.0,covid19_pandemic,international_economy,2020-03-11,after
2020-05-02,1262.63,1073.84,737.57,35.4900016784668,35.33000183105469,1230.27001953125,-0.0010996661445229,-0.0013391860724648,-0.0105442496277314,0.0,0.0,0.0,1271.35,1082.5285714285717,795.2885714285713,1315.839,1124.9293333333333,812.8223333333333,0.0,0.0,0.0,0.0,0.0,0.0,0.0,0.0,covid19_pandemic,international_economy,2020-03-11,after
2020-05-03,1261.66,1072.7,734.13,35.4900016784668,35.33000183105469,1230.27001953125,-0.0007682377260163,-0.0010616106682558,-0.0046639640983229,0.0,0.0,0.0,1268.4371428571428,1079.645714285714,783.4885714285714,1312.16,1121.3976666666667,809.9233333333334,0.0,0.0,0.0,0.0,0.0,0.0,0.0,0.0,covid19_pandemic,international_economy,2020-03-11,after
2020-05-04,1259.87,1071.05,731.27,35.4900016784668,35.33000183105469,1228.81,-0.0014187657530556,-0.0015381746993567,-0.0038957677795485,0.0,0.0,-0.001186747224651,1265.7257142857145,1076.9257142857143,771.277142857143,1308.5586666666668,1117.947,806.9509999999999,0.0,0.0,0.0,0.0,0.0,0.0,0.0,0.0,covid19_pandemic,international_economy,2020-03-11,after
2020-05-05,1257.33,1068.43,729.47,35.4900016784668,35.33000183105469,1220.13,-0.0020160810242326,-0.0024461976565052,-0.0024614711392508,0.0,0.0,-0.0070637445984325,1263.287142857143,1074.4771428571428,758.7885714285713,1304.9273333333333,1114.4733333333331,803.9273333333333,0.0,0.0,0.0,0.0,0.0,0.0,0.0,0.0,covid19_pandemic,international_economy,2020-03-11,after
2020-05-06,1256.15,1067.27,727.86,35.4900016784668,35.33000183105469,1222.03,-0.0009384966556114,-0.0010857051936018,-0.0022070818539488,0.0,0.0,0.001557211116848,1261.2714285714285,1072.4442857142858,746.0542857142857,1301.3689999999997,1111.0576666666668,800.8606666666667,0.0,0.0,0.0,0.0,0.0,0.0,0.0,0.0,covid19_pandemic,international_economy,2020-03-11,after
2020-05-07,1253.91,1065.07,726.72,35.4900016784668,35.33000183105469,1224.76,-0.0017832265254945,-0.0020613340579235,-0.0015662352650235,0.0,0.0,0.002233987708976,1259.3671428571429,1070.52,733.2071428571429,1297.9063333333334,1107.7373333333337,797.7793333333334,0.0,0.0,0.0,0.0,0.0,0.0,0.0,0.0,covid19_pandemic,international_economy,2020-03-11,after
2020-05-08,1252.46,1063.74,726.2,35.4900016784668,35.33000183105469,1216.47,-0.0011563828344937,-0.0012487442139952,-0.000715543813298,0.0,0.0,-0.0067686730461478,1257.7157142857145,1068.8714285714284,730.46,1294.587,1104.5566666666668,794.6806666666668,0.0,0.0,0.0,0.0,0.0,0.0,0.0,0.0,covid19_pandemic,international_economy,2020-03-11,after
2020-05-09,1251.41,1062.51,725.07,35.4900016784668,35.33000183105469,1216.47,-0.0008383501269501,-0.0011562975915166,-0.0015560451666207,0.0,0.0,0.0,1256.1128571428574,1067.2528571428572,728.6742857142857,1291.3826666666669,1101.4833333333331,791.5593333333333,0.0,0.0,0.0,0.0,0.0,0.0,0.0,0.0,covid19_pandemic,international_economy,2020-03-11,after
2020-05-10,1251.08,1062.18,724.71,35.4900016784668,35.33000183105469,1216.47,-0.000263702543531,-0.0003105853121381,-0.0004965037858414,0.0,0.0,0.0,1254.6014285714286,1065.75,727.3285714285714,1288.2996666666666,1098.5203333333334,788.441,0.0,0.0,0.0,0.0,0.0,0.0,0.0,0.0,covid19_pandemic,international_economy,2020-03-11,after
2020-05-11,1250.1,1061.41,724.51,35.4900016784668,35.33000183105469,1220.2,-0.0007833232087476,-0.0007249242124687,-0.0002759724579487,0.0,0.0,0.0030662490649173,1253.205714285714,1064.3728571428571,726.3628571428571,1285.3053333333337,1095.6519999999998,785.3203333333333,0.0,0.0,0.0,0.0,0.0,0.0,0.0,0.0,covid19_pandemic,international_economy,2020-03-11,after
2020-05-12,1249.18,1060.35,724.04,35.4900016784668,35.33000183105469,1222.0,-0.0007359411247098,-0.0009986715783723,-0.0006487143034603,0.0,0.0,0.0014751680052449,1252.0414285714285,1063.2185714285715,725.5871428571429,1282.3293333333336,1092.801,782.1899999999999,1.0,1.0,-3.0,-3.0,0.0,0.0,0.0,0.0,covid19_pandemic,international_economy,2020-03-11,after
2020-05-13,1248.34,1059.55,723.75,35.4900016784668,35.33000183105469,1223.86,-0.0006724411213757,-0.0007544678643843,-0.0004005303574388,0.0,0.0,0.0015220949263501,1250.9257142857143,1062.115714285714,725.0,1279.4303333333332,1090.0153333333333,779.0546666666667,0.0,0.0,0.0,0.0,0.0,0.0,0.0,0.0,covid19_pandemic,international_economy,2020-03-11,after
2020-05-14,1247.95,1059.16,723.23,35.4900016784668,35.33000183105469,1227.76,-0.0003124148869697,-0.000368080789014,-0.0007184801381692,0.0,0.0,0.0031866389946564,1250.0742857142857,1061.2714285714285,724.5014285714286,1276.6586666666665,1087.353,775.9050000000001,1.0,1.0,-3.0,-3.0,0.0,0.0,0.0,0.0,covid19_pandemic,international_economy,2020-03-11,after
2020-05-15,1247.58,1058.75,722.99,35.4900016784668,35.33000183105469,1230.71,-0.0002964862374295,-0.0003870992106953,-0.0003318446414003,0.0,0.0,0.0024027497230729,1249.3771428571429,1060.5585714285714,724.0428571428572,1274.026,1084.8156666666666,772.7526666666666,2.0,2.0,0.0,0.0,0.0,0.0,0.0,0.0,covid19_pandemic,international_economy,2020-03-11,after
2020-05-16,1247.73,1059.02,722.71,35.4900016784668,35.33000183105469,1230.71,0.0001202327706439,0.000255017709563,-0.0003872805986251,0.0,0.0,0.0,1248.8514285714286,1060.06,723.7057142857144,1271.5296666666666,1082.3993333333333,769.5856666666666,1.0,1.0,0.0,0.0,0.0,0.0,0.0,0.0,covid19_pandemic,international_economy,2020-03-11,after
2020-05-17,1247.91,1059.12,722.51,35.4900016784668,35.33000183105469,1230.71,0.0001442619797553,9.442692300409838e-05,-0.0002767361735689,0.0,0.0,0.0,1248.3985714285716,1059.6228571428571,723.3914285714285,1269.195,1080.133,766.422,0.0,0.0,0.0,0.0,0.0,0.0,0.0,0.0,covid19_pandemic,international_economy,2020-03-11,after
2020-05-18,1248.13,1059.5,722.73,35.4900016784668,35.33000183105469,1232.32,0.0001762947648469,0.000358788428129,0.0003044940554457,0.0,0.0,0.0013081879565453,1248.1171428571429,1059.35,723.1371428571429,1267.015,1078.016,763.2729999999999,0.0,0.0,0.0,0.0,0.0,0.0,0.0,0.0,covid19_pandemic,international_economy,2020-03-11,after
2020-05-19,1248.66,1059.77,722.35,35.4900016784668,35.33000183105469,1225.19,0.0004246352543404,0.0002548371873525,-0.0005257841794307,0.0,0.0,-0.0057858348480913,1248.042857142857,1059.267142857143,722.8957142857143,1264.9233333333332,1075.982,760.1166666666667,0.0,0.0,0.0,0.0,0.0,0.0,0.0,0.0,covid19_pandemic,international_economy,2020-03-11,after
2020-05-20,1249.29,1060.26,722.0,35.4900016784668,35.33000183105469,1230.02,0.0005045408678101,0.0004623644753107,-0.0004845296601371,0.0,0.0,0.0039422456925046,1248.178571428571,1059.3685714285714,722.6457142857143,1262.9909999999998,1074.0796666666668,756.9419999999999,0.0,0.0,0.0,0.0,0.0,0.0,0.0,0.0,covid19_pandemic,international_economy,2020-03-11,after
2020-05-21,1250.29,1061.27,721.91,35.4900016784668,35.33000183105469,1230.53,0.0008004546582458,0.0009525965329257,-0.0001246537396122,0.0,0.0,0.0004146274044325,1248.5128571428572,1059.67,722.4571428571429,1261.28,1072.3916666666669,753.77,0.0,0.0,0.0,0.0,0.0,0.0,0.0,0.0,covid19_pandemic,international_economy,2020-03-11,after
2020-05-22,1251.66,1062.7,721.89,35.4900016784668,35.33000183105469,1236.53,0.0010957457869775,0.0013474422154589,-2.7704284467522378e-05,0.0,0.0,0.0048759477623463,1249.0957142857144,1060.2342857142858,722.3,1259.7786666666666,1070.909666666667,750.5923333333334,0.0,0.0,0.0,0.0,0.0,0.0,0.0,0.0,covid19_pandemic,international_economy,2020-03-11,after
2020-05-23,1253.38,1063.99,721.59,35.4900016784668,35.33000183105469,1236.53,0.0013741750954732,0.0012138891502775,-0.0004155757802434,0.0,0.0,0.0,1249.902857142857,1060.9442857142856,722.14,1258.4903333333334,1069.6206666666667,747.4140000000001,0.0,0.0,0.0,0.0,0.0,0.0,0.0,0.0,covid19_pandemic,international_economy,2020-03-11,after
2020-05-24,1254.16,1064.54,721.58,35.4900016784668,35.33000183105469,1236.53,0.0006223172541448,0.0005169221515239,-1.3858285175749607e-05,0.0,0.0,0.0,1250.7957142857144,1061.7185714285713,722.0071428571429,1257.3836666666664,1068.496,744.2343333333333,0.0,0.0,0.0,0.0,0.0,0.0,0.0,0.0,covid19_pandemic,international_economy,2020-03-11,after
2020-05-25,1255.48,1065.87,721.85,35.4900016784668,35.33000183105469,1236.53,0.001052497289022,0.0012493659233094,0.000374178885224,0.0,0.0,0.0,1251.8457142857144,1062.6285714285714,721.8814285714286,1256.438666666667,1067.5303333333334,741.0696666666666,0.0,0.0,0.0,0.0,0.0,0.0,0.0,0.0,covid19_pandemic,international_economy,2020-03-11,after
2020-05-26,1258.57,1068.51,721.6,35.4900016784668,35.33000183105469,1234.24,0.0024612100551182,0.0024768498972671,-0.0003463323405139,0.0,0.0,-0.00185195668524,1253.2614285714285,1063.8771428571429,721.7742857142857,1255.656,1066.7179999999998,737.8986666666666,0.0,0.0,0.0,0.0,0.0,0.0,0.0,0.0,covid19_pandemic,international_economy,2020-03-11,after
2020-05-27,1261.22,1070.81,721.43,35.4900016784668,35.33000183105469,1238.03,0.0021055642514917,0.0021525301588192,-0.0002355875831486,0.0,0.0,0.0030707155820586,1254.9657142857145,1065.384285714286,721.6928571428571,1255.0683333333334,1066.0753333333332,734.7213333333333,0.0,0.0,0.0,0.0,0.0,0.0,0.0,0.0,covid19_pandemic,international_economy,2020-03-11,after
2020-05-28,1263.74,1073.05,721.4,35.4900016784668,35.33000183105469,1239.28,0.0019980653652811,0.0020918743754727,-4.158407607113279e-05,0.0,0.0,0.0010096685863831,1256.8871428571426,1067.0671428571427,721.62,1254.713,1065.658,731.5383333333333,2.0,2.0,0.5,4.0,0.0,0.0,0.0,0.0,covid19_pandemic,international_economy,2020-03-11,after
2020-05-29,1266.16,1075.16,721.4,35.4900016784668,35.33000183105469,1236.61,0.0019149508601452,0.0019663575788642,0.0,0.0,0.0,-0.0021544767929766,1258.9585714285715,1068.847142857143,721.5500000000001,1254.5763333333334,1065.4466666666665,728.3516666666667,0.0,0.0,0.0,0.0,0.0,0.0,0.0,0.0,covid19_pandemic,international_economy,2020-03-11,after
2020-05-30,1268.42,1077.12,721.19,35.4900016784668,35.33000183105469,1236.61,0.0017849244961143,0.0018229844860297,-0.0002911006376489,0.0,0.0,0.0,1261.107142857143,1070.722857142857,721.4928571428571,1254.6156666666668,1065.3993333333333,725.1696666666667,0.0,0.0,0.0,0.0,0.0,0.0,0.0,0.0,covid19_pandemic,international_economy,2020-03-11,after
2020-05-31,1269.84,1078.2,721.09,35.4900016784668,35.33000183105469,1236.61,0.0011195030037367,0.0010026737967916,-0.000138659715193,0.0,0.0,0.0,1263.347142857143,1072.6742857142858,721.4228571428572,1254.8096666666668,1065.496666666667,724.3583333333333,0.0,0.0,0.0,0.0,0.0,0.0,0.0,0.0,covid19_pandemic,international_economy,2020-03-11,after
2020-06-01,1273.49,1081.82,748.16,39.27000045776367,41.150001525878906,1198.489990234375,0.002874377874378,0.0033574475978481,0.0375403902425492,0.1065088363067154,0.1647325047605432,-0.030826218262528,1265.92,1074.952857142857,725.1814285714285,1255.1716666666666,1065.7626666666663,724.7113333333333,0.0,0.0,0.0,0.0,0.0,0.0,0.0,0.0,covid19_pandemic,international_economy,2020-03-11,after
2020-06-02,1276.04,1084.15,749.15,39.27000045776367,41.150001525878906,1225.07,0.0020023714359751,0.0021537778928104,0.0013232463644139,0.0,0.0,0.022177915528879,1268.4157142857143,1077.1871428571428,729.117142857143,1255.6510000000003,1066.1443333333334,725.212,0.0,0.0,0.0,0.0,0.0,0.0,0.0,0.0,covid19_pandemic,international_economy,2020-03-11,after
2020-06-03,1279.03,1086.91,749.31,39.27000045776367,41.150001525878906,1216.08,0.0023431867339582,0.0025457731863671,0.0002135753854368,0.0,0.0,-0.0073383561755654,1270.9599999999998,1079.487142857143,733.1,1256.2896666666668,1066.673,725.8133333333334,0.0,0.0,0.0,0.0,0.0,0.0,0.0,0.0,covid19_pandemic,international_economy,2020-03-11,after
2020-06-04,1282.23,1089.92,749.39,39.27000045776367,41.150001525878906,1218.77,0.0025018959680382,0.0027693185268329,0.0001067648903658,0.0,0.0,0.0022120255246365,1273.6014285714284,1081.8971428571429,737.0985714285714,1257.1196666666665,1067.3893333333333,726.4773333333334,0.0,0.0,0.0,0.0,0.0,0.0,0.0,0.0,covid19_pandemic,international_economy,2020-03-11,after
2020-06-05,1286.85,1094.27,749.62,39.27000045776367,41.150001525878906,1202.79,0.0036030977281766,0.00399111861421,0.0003069162919173,0.0,0.0,-0.0131115797074099,1276.5571428571427,1084.6271428571429,741.13,1258.143,1068.2893333333334,727.2026666666667,0.0,0.0,0.0,0.0,0.0,0.0,0.0,0.0,covid19_pandemic,international_economy,2020-03-11,after
2020-06-06,1292.21,1099.12,749.4,39.27000045776367,41.150001525878906,1202.79,0.004165209620391,0.0044321785299787,-0.0002934820308957,0.0,0.0,0.0,1279.9557142857143,1087.77,745.16,1259.419666666667,1069.4243333333334,727.9586666666668,0.0,0.0,0.0,0.0,0.0,0.0,0.0,0.0,covid19_pandemic,international_economy,2020-03-11,after
2020-06-07,1294.67,1101.38,749.33,39.27000045776367,41.150001525878906,1202.79,0.0019037153403858,0.0020561904068712,-9.340805978108602e-05,0.0,0.0,0.0,1283.5028571428572,1091.0814285714284,749.1942857142858,1260.8266666666668,1070.679,728.7296666666666,0.0,0.0,0.0,0.0,0.0,0.0,0.0,0.0,covid19_pandemic,international_economy,2020-03-11,after
2020-06-08,1299.39,1105.88,749.57,39.27000045776367,41.150001525878906,1197.84,0.0036457166691126,0.0040857832900542,0.0003202861222693,0.0,0.0,-0.00411543162148,1287.202857142857,1094.5185714285717,749.3957142857143,1262.426,1072.1246666666668,729.5463333333333,1.0,1.0,2.0,2.0,0.0,0.0,0.0,0.0,covid19_pandemic,international_economy,2020-03-11,after
2020-06-09,1306.08,1112.2,749.67,39.27000045776367,41.150001525878906,1197.04,0.0051485697134807,0.0057149057763952,0.000133409821631,0.0,0.0,-0.0006678688305616,1291.4942857142858,1098.5257142857142,749.47,1264.2593333333336,1073.792,730.3783333333334,0.0,0.0,0.0,0.0,0.0,0.0,0.0,0.0,covid19_pandemic,international_economy,2020-03-11,after
2020-06-10,1311.63,1117.3,749.7,39.27000045776367,41.150001525878906,1189.9,0.0042493568540979,0.0045855062039201,4.001760774752228e-05,0.0,0.0,-0.0059647129586312,1296.1514285714286,1102.8671428571429,749.5257142857143,1266.3103333333331,1075.655,731.2180000000001,0.0,0.0,0.0,0.0,0.0,0.0,0.0,0.0,covid19_pandemic,international_economy,2020-03-11,after
2020-06-11,1316.17,1121.52,749.49,39.27000045776367,41.150001525878906,1196.34,0.0034613419943123,0.0037769623198782,-0.0002801120448179,0.0,0.0,0.0054122195142447,1301.0,1107.3814285714286,749.54,1268.5433333333333,1077.694,732.0663333333334,0.0,0.0,0.0,0.0,0.0,0.0,0.0,0.0,covid19_pandemic,international_economy,2020-03-11,after
2020-06-12,1319.99,1125.19,749.47,39.27000045776367,41.150001525878906,1204.52,0.0029023606373035,0.0032723446750839,-2.668481233902842e-05,0.0,0.0,0.00683752110604,1305.7342857142855,1111.7985714285714,749.5185714285715,1270.9316666666668,1079.882,732.9236666666668,1.0,1.0,0.0,0.0,0.0,0.0,0.0,0.0,covid19_pandemic,international_economy,2020-03-11,after
2020-06-13,1322.91,1127.84,749.4,39.27000045776367,41.150001525878906,1204.52,0.0022121379707422,0.0023551577955722,-9.33993355305418e-05,0.0,0.0,0.0,1310.12,1115.9014285714286,749.5185714285715,1273.4303333333337,1082.1713333333332,733.7959999999999,0.0,0.0,0.0,0.0,0.0,0.0,0.0,0.0,covid19_pandemic,international_economy,2020-03-11,after
2020-06-14,1324.22,1128.99,749.13,39.27000045776367,41.150001525878906,1204.52,0.0009902412106643,0.0010196481770463,-0.0003602882305844,0.0,0.0,0.0,1314.3414285714289,1119.8457142857144,749.4899999999999,1275.985,1084.5126666666667,734.6673333333333,0.0,0.0,0.0,0.0,0.0,0.0,0.0,0.0,covid19_pandemic,international_economy,2020-03-11,after
2020-06-15,1327.02,1131.65,749.34,39.27000045776367,41.150001525878906,1212.21,0.0021144522813429,0.002356088185015,0.0002803251772056,0.0,0.0,0.0063842858566067,1318.2885714285717,1123.527142857143,749.4571428571428,1278.628,1086.9336666666666,735.5550000000001,0.0,0.0,0.0,0.0,0.0,0.0,0.0,0.0,covid19_pandemic,international_economy,2020-03-11,after
2020-06-16,1330.09,1134.37,749.54,39.27000045776367,41.150001525878906,1207.26,0.0023134542056637,0.0024035700083946,0.0002669015400218,0.0,0.0,-0.0040834508872225,1321.7185714285715,1126.6942857142856,749.4385714285714,1281.3673333333334,1089.442,736.456,0.0,0.0,0.0,0.0,0.0,0.0,0.0,0.0,covid19_pandemic,international_economy,2020-03-11,after
2020-06-17,1332.86,1137.11,749.46,39.27000045776367,41.150001525878906,1215.02,0.0020825658414092,0.0024154376438023,-0.0001067321290389,0.0,0.0,0.0064277786060997,1324.7514285714285,1129.5242857142855,749.4042857142857,1284.1916666666666,1092.029,737.347,1.0,1.0,-6.0,-6.0,0.0,0.0,0.0,0.0,covid19_pandemic,international_economy,2020-03-11,after
2020-06-18,1335.47,1139.58,749.63,39.27000045776367,41.150001525878906,1211.65,0.0019581951592817,0.0021721733165656,0.0002268299842553,0.0,0.0,-0.002773616895195,1327.5085714285713,1132.1042857142857,749.4242857142857,1287.0853333333334,1094.6893333333333,738.2563333333334,0.0,0.0,0.0,0.0,0.0,0.0,0.0,0.0,covid19_pandemic,international_economy,2020-03-11,after
2020-06-19,1337.95,1142.0,749.73,39.27000045776367,41.150001525878906,1208.38,0.0018570241188495,0.0021235893925832,0.0001333991435774,0.0,0.0,-0.0026987991581727,1330.0742857142857,1134.5057142857142,749.4614285714285,1290.0406666666668,1097.414,739.1806666666668,0.0,0.0,0.0,0.0,0.0,0.0,0.0,0.0,covid19_pandemic,international_economy,2020-03-11,after
2020-06-20,1340.67,1144.35,749.63,39.27000045776367,41.150001525878906,1208.38,0.0020329608729774,0.0020577933450087,-0.0001333813506195,0.0,0.0,0.0,1332.6114285714284,1136.8642857142856,749.4942857142858,1293.0533333333333,1100.1833333333334,740.1046666666667,0.0,0.0,0.0,0.0,0.0,0.0,0.0,0.0,covid19_pandemic,international_economy,2020-03-11,after
2020-06-21,1341.84,1145.5,749.58,39.27000045776367,41.150001525878906,1208.38,0.0008726979793685,0.001004937300651,-6.669957178873087e-05,0.0,0.0,0.0,1335.1285714285714,1139.222857142857,749.5585714285714,1296.0593333333336,1102.9433333333334,741.0276666666666,0.0,0.0,0.0,0.0,0.0,0.0,0.0,0.0,covid19_pandemic,international_economy,2020-03-11,after
2020-06-22,1344.18,1147.87,749.74,39.27000045776367,41.150001525878906,1210.73,0.0017438740833484,0.0020689655172412,0.0002134528669388,0.0,0.0,0.0019447524785249,1337.58,1141.5399999999995,749.6157142857144,1299.086,1105.7393333333334,741.966,0.0,0.0,0.0,0.0,0.0,0.0,0.0,0.0,covid19_pandemic,international_economy,2020-03-11,after
2020-06-23,1346.77,1150.24,749.63,39.27000045776367,41.150001525878906,1206.43,0.0019268252763766,0.0020646937370958,-0.0001467175287432,0.0,0.0,-0.0035515763217232,1339.962857142857,1143.8071428571427,749.6285714285715,1302.173,1108.596,742.901,1.0,1.0,-3.0,-3.0,0.0,0.0,0.0,0.0,covid19_pandemic,international_economy,2020-03-11,after
2020-06-24,1348.54,1151.92,749.68,39.27000045776367,41.150001525878906,1199.55,0.0013142555892988,0.001460564751704,6.669957178861985e-05,0.0,0.0,-0.0057027759588207,1342.202857142857,1145.922857142857,749.66,1305.275,1111.4643333333331,743.8286666666667,0.0,0.0,0.0,0.0,0.0,0.0,0.0,0.0,covid19_pandemic,international_economy,2020-03-11,after
2020-06-25,1350.05,1153.36,749.51,39.27000045776367,41.150001525878906,1203.59,0.0011197294852209,0.0012500868115838,-0.0002267634190586,0.0,0.0,0.0033679296402817,1344.2857142857142,1147.8914285714286,749.6428571428571,1308.3243333333337,1114.2926666666667,744.759,0.0,0.0,0.0,0.0,0.0,0.0,0.0,0.0,covid19_pandemic,international_economy,2020-03-11,after
2020-06-26,1351.31,1154.71,749.67,39.27000045776367,41.150001525878906,1203.44,0.0009332987667123,0.001170493167788,0.0002134728022307,0.0,0.0,-0.0001246271570882,1346.1942857142858,1149.7071428571428,749.6342857142857,1311.3273333333334,1117.0893333333331,745.7003333333333,0.0,0.0,0.0,0.0,0.0,0.0,0.0,0.0,covid19_pandemic,international_economy,2020-03-11,after
2020-06-27,1352.59,1155.94,749.57,39.27000045776367,41.150001525878906,1203.44,0.0009472289852068,0.0010652025183812,-0.0001333920258246,0.0,0.0,0.0,1347.8971428571426,1151.3628571428574,749.6257142857143,1314.289,1119.8523333333333,746.6393333333333,0.0,0.0,0.0,0.0,0.0,0.0,0.0,0.0,covid19_pandemic,international_economy,2020-03-11,after
2020-06-28,1353.19,1156.35,749.49,39.27000045776367,41.150001525878906,1203.44,0.0004435934022875,0.0003546896897761,-0.0001067278573049,0.0,0.0,0.0,1349.5185714285712,1152.912857142857,749.612857142857,1317.1899999999998,1122.5586666666668,747.5756666666667,0.0,0.0,0.0,0.0,0.0,0.0,0.0,0.0,covid19_pandemic,international_economy,2020-03-11,after
2020-06-29,1354.24,1157.44,749.9,39.27000045776367,41.150001525878906,1200.91,0.000775944250253,0.0009426211787089,0.0005470386529506,0.0,0.0,-0.0021023067207338,1350.955714285714,1154.2800000000002,749.6357142857142,1320.0506666666663,1125.236,748.5326666666666,0.0,0.0,0.0,0.0,0.0,0.0,0.0,0.0,covid19_pandemic,international_economy,2020-03-11,after
2020-06-30,1355.2,1158.25,750.06,39.27000045776367,41.150001525878906,1200.5,0.0007088846880907,0.0006998202930605,0.0002133617815709,0.0,0.0,-0.0003414077657777,1352.16,1155.4242857142856,749.6971428571427,1322.8960000000002,1127.9043333333332,749.4983333333333,1.0,1.0,0.0,0.0,0.0,0.0,0.0,0.0,covid19_pandemic,international_economy,2020-03-11,after
2020-07-01,1356.73,1159.77,758.94,40.27000045776367,43.29999923706055,1189.56005859375,0.0011289846517119,0.0013123246276709,0.0118390528757701,0.0254647310502462,0.0522478160743087,-0.0091128208298625,1353.33,1156.5457142857142,751.0200000000001,1325.6706666666664,1130.5026666666668,749.8576666666667,2.0,2.0,0.0,0.0,0.0,0.0,0.0,0.0,covid19_pandemic,international_economy,2020-03-11,after
2020-07-02,1357.49,1160.4,759.79,40.27000045776367,43.29999923706055,1199.84,0.0005601704097351,0.0005432111539358,0.0011199831343715,0.0,0.0,0.0086418010860271,1354.392857142857,1157.5514285714287,752.4885714285714,1328.3856666666666,1133.0443333333335,750.2123333333333,2.0,2.0,1.0,2.0,0.0,0.0,0.0,0.0,covid19_pandemic,international_economy,2020-03-11,after
2020-07-03,1358.04,1161.04,760.31,40.27000045776367,43.29999923706055,1199.84,0.0004051595223537,0.0005515339538089,0.0006843996367416,0.0,0.0,0.0,1355.3542857142857,1158.4557142857143,754.0085714285714,1331.0193333333332,1135.5153333333335,750.579,0.0,0.0,0.0,0.0,0.0,0.0,0.0,0.0,covid19_pandemic,international_economy,2020-03-11,after
2020-07-04,1358.36,1161.3,760.02,40.27000045776367,43.29999923706055,1199.84,0.0002356337074018,0.0002239371597878,-0.0003814233667845,0.0,0.0,0.0,1356.178571428571,1159.2214285714283,755.5014285714286,1333.557,1137.8946666666666,750.9333333333333,0.0,0.0,0.0,0.0,0.0,0.0,0.0,0.0,covid19_pandemic,international_economy,2020-03-11,after
2020-07-05,1358.73,1161.47,759.87,40.27000045776367,43.29999923706055,1199.84,0.0002723872905563,0.0001463876689917,-0.0001973632272834,0.0,0.0,0.0,1356.9699999999998,1159.952857142857,756.9842857142858,1335.9530000000002,1140.1346666666666,751.275,0.0,0.0,0.0,0.0,0.0,0.0,0.0,0.0,covid19_pandemic,international_economy,2020-03-11,after
2020-07-06,1359.06,1161.97,760.13,40.27000045776367,43.29999923706055,1192.66,0.0002428738601487,0.0004304889493487,0.0003421637911746,0.0,0.0,-0.0059841312174955,1357.6585714285716,1160.6,758.4457142857143,1338.1813333333332,1142.2296666666666,751.6326666666666,1.0,1.0,2.0,2.0,0.0,0.0,0.0,0.0,covid19_pandemic,international_economy,2020-03-11,after
2020-07-07,1359.49,1162.36,760.08,40.27000045776367,43.29999923706055,1194.43,0.0003163951554752,0.0003356368925186,-6.577822214615114e-05,0.0,0.0,0.0014840776080358,1358.2714285714285,1161.1871428571428,759.8771428571429,1340.342,1144.2623333333331,751.991,0.0,0.0,0.0,0.0,0.0,0.0,0.0,0.0,covid19_pandemic,international_economy,2020-03-11,after
2020-07-08,1359.68,1162.63,760.04,40.27000045776367,43.29999923706055,1194.63,0.0001397582917124,0.0002322860387489,-5.262603936440069e-05,0.0,0.0,0.000167443885368,1358.6928571428573,1161.5957142857144,760.0342857142857,1342.3516666666667,1146.1539999999998,752.34,0.0,0.0,0.0,0.0,0.0,0.0,0.0,0.0,covid19_pandemic,international_economy,2020-03-11,after
2020-07-09,1359.95,1162.83,760.04,40.27000045776367,43.29999923706055,1197.84,0.0001985761355614,0.0001720237736853,0.0,0.0,0.0,0.0026870244343435,1359.0442857142857,1161.9428571428573,760.0699999999999,1344.147333333333,1147.8416666666667,752.6856666666666,0.0,0.0,0.0,0.0,0.0,0.0,0.0,0.0,covid19_pandemic,international_economy,2020-03-11,after
2020-07-10,1360.16,1162.92,760.05,40.27000045776367,43.29999923706055,1204.34,0.0001544174418177,7.739738396850271e-05,1.3157202252589428e-05,0.0,0.0,0.0054264342483136,1359.347142857143,1162.2114285714283,760.0328571428572,1345.765,1149.3623333333333,753.0306666666668,1.0,1.0,2.0,2.0,0.0,0.0,0.0,0.0,covid19_pandemic,international_economy,2020-03-11,after
2020-07-11,1360.4,1163.23,760.08,40.27000045776367,43.29999923706055,1204.34,0.0001764498294318,0.0002665703573763,3.947108742852201e-05,0.0,0.0,0.0,1359.6385714285716,1162.4871428571428,760.0414285714286,1347.2393333333334,1150.7526666666668,753.3836666666666,0.0,0.0,0.0,0.0,0.0,0.0,0.0,0.0,covid19_pandemic,international_economy,2020-03-11,after
2020-07-12,1360.51,1163.15,759.9,40.27000045776367,43.29999923706055,1204.34,8.085857100836868e-05,-6.877401717619858e-05,-0.0002368171771393,0.0,0.0,0.0,1359.892857142857,1162.7271428571428,760.0457142857142,1348.59,1152.0179999999998,753.7313333333333,0.0,0.0,0.0,0.0,0.0,0.0,0.0,0.0,covid19_pandemic,international_economy,2020-03-11,after
2020-07-13,1360.72,1163.34,760.09,40.27000045776367,43.29999923706055,1200.13,0.0001543538820001,0.0001633495249966,0.0002500328990657,0.0,0.0,-0.0034956905857148,1360.13,1162.922857142857,760.04,1349.8503333333333,1153.2013333333334,754.0876666666667,0.0,0.0,0.0,0.0,0.0,0.0,0.0,0.0,covid19_pandemic,international_economy,2020-03-11,after
2020-07-14,1360.8,1163.45,760.06,40.27000045776367,43.29999923706055,1205.24,5.879240402140162e-05,9.455533206126354e-05,-3.946901024887151e-05,0.0,0.0,0.0042578720638597,1360.317142857143,1163.0785714285714,760.0371428571428,1351.0696666666663,1154.35,754.452,1.0,1.0,0.0,0.0,0.0,0.0,0.0,0.0,covid19_pandemic,international_economy,2020-03-11,after
2020-07-15,1360.91,1163.56,760.0,40.27000045776367,43.29999923706055,1201.97,8.083480305720592e-05,9.454639219552696e-05,-7.894113622597398e-05,0.0,0.0,-0.0027131525671235,1360.4928571428572,1163.2114285714283,760.0314285714286,1352.1993333333337,1155.4136666666668,754.8073333333334,0.0,0.0,0.0,0.0,0.0,0.0,0.0,0.0,covid19_pandemic,international_economy,2020-03-11,after
2020-07-16,1361.03,1163.62,760.09,40.27000045776367,43.29999923706055,1202.97,8.81762938034214e-05,5.15658840110067e-05,0.0001184210526317,0.0,0.0,0.0008319675199879,1360.6471428571429,1163.3242857142857,760.0385714285715,1353.2306666666666,1156.3886666666665,755.159,0.0,0.0,0.0,0.0,0.0,0.0,0.0,0.0,covid19_pandemic,international_economy,2020-03-11,after
2020-07-17,1361.04,1163.74,759.96,40.27000045776367,43.29999923706055,1203.86,7.347376619115664e-06,0.0001031264502158,-0.0001710323777447,0.0,0.0,0.0007398355736218,1360.7728571428572,1163.4414285714286,760.0257142857143,1354.1699999999998,1157.2763333333337,755.509,0.0,0.0,0.0,0.0,0.0,0.0,0.0,0.0,covid19_pandemic,international_economy,2020-03-11,after
2020-07-18,1361.15,1163.67,759.87,40.27000045776367,43.29999923706055,1203.86,8.082054899194446e-05,-6.015089281108388e-05,-0.0001184272856467,0.0,0.0,0.0,1360.88,1163.5042857142855,759.9957142857144,1355.026,1158.0793333333336,755.8503333333333,0.0,0.0,0.0,0.0,0.0,0.0,0.0,0.0,covid19_pandemic,international_economy,2020-03-11,after
2020-07-19,1361.22,1163.62,759.66,40.27000045776367,43.29999923706055,1203.86,5.142710208283496e-05,-4.296750797061488e-05,-0.0002763630621027,0.0,0.0,0.0,1360.9814285714283,1163.571428571429,759.9614285714287,1355.8016666666667,1158.8,756.1813333333333,0.0,0.0,0.0,0.0,0.0,0.0,0.0,0.0,covid19_pandemic,international_economy,2020-03-11,after
2020-07-20,1361.18,1163.65,759.83,40.27000045776367,43.29999923706055,1202.26,-2.9385404269666186e-05,2.5781612554176547e-05,0.0002237843245662,0.0,0.0,-0.0013290581961357,1361.047142857143,1163.615714285714,759.9242857142857,1356.4853333333335,1159.4433333333332,756.5213333333334,0.0,0.0,0.0,0.0,0.0,0.0,0.0,0.0,covid19_pandemic,international_economy,2020-03-11,after
2020-07-21,1361.13,1163.6,759.78,40.27000045776367,43.29999923706055,1194.64,-3.673283474625588e-05,-4.2968246465990845e-05,-6.580419304325069e-05,0.0,0.0,-0.0063380633140917,1361.0942857142857,1163.6371428571429,759.8842857142856,1357.128333333333,1160.0466666666664,756.8613333333334,0.0,0.0,0.0,0.0,0.0,0.0,0.0,0.0,covid19_pandemic,international_economy,2020-03-11,after
2020-07-22,1361.07,1163.52,759.92,40.27000045776367,43.29999923706055,1194.83,-4.40810209165754e-05,-6.875214850454725e-05,0.0001842638658557,0.0,0.0,0.0001590437286544,1361.1171428571429,1163.6314285714284,759.8728571428571,1357.6913333333332,1160.5683333333334,757.2006666666665,0.0,0.0,0.0,0.0,0.0,0.0,0.0,0.0,covid19_pandemic,international_economy,2020-03-11,after
2020-07-23,1361.01,1163.45,759.91,40.27000045776367,43.29999923706055,1198.91,-4.408296413849211e-05,-6.016226622651555e-05,-1.3159279924179756e-05,0.0,0.0,0.0034147117163112,1361.1142857142856,1163.607142857143,759.8471428571429,1358.1660000000002,1161.0086666666664,757.5433333333334,0.0,0.0,0.0,0.0,0.0,0.0,0.0,0.0,covid19_pandemic,international_economy,2020-03-11,after
2020-07-24,1361.04,1163.46,760.0,40.27000045776367,43.29999923706055,1203.17,2.204245376602465e-05,8.59512656314898e-06,0.0001184350778382,0.0,0.0,0.0035532275149927,1361.1142857142856,1163.5671428571427,759.852857142857,1358.582666666667,1161.3933333333332,757.8873333333335,0.0,0.0,0.0,0.0,0.0,0.0,0.0,0.0,covid19_pandemic,international_economy,2020-03-11,after
2020-07-25,1361.04,1163.49,759.97,40.27000045776367,43.29999923706055,1203.17,0.0,2.5785158062952007e-05,-3.9473684210533655e-05,0.0,0.0,0.0,1361.0985714285714,1163.5414285714285,759.8671428571428,1358.9489999999998,1161.731,758.236,0.0,0.0,0.0,0.0,0.0,0.0,0.0,0.0,covid19_pandemic,international_economy,2020-03-11,after
2020-07-26,1361.1,1163.48,759.73,40.27000045776367,43.29999923706055,1203.17,4.408393581378789e-05,-8.594831068631237e-06,-0.0003158019395502,0.0,0.0,0.0,1361.0814285714284,1163.5214285714285,759.8771428571428,1359.2753333333335,1162.0233333333333,758.5713333333333,0.0,0.0,0.0,0.0,0.0,0.0,0.0,0.0,covid19_pandemic,international_economy,2020-03-11,after
2020-07-27,1361.01,1163.49,759.88,40.27000045776367,43.29999923706055,1195.94,-6.61229887590764e-05,8.594904940428805e-06,0.0001974385637002,0.0,0.0,-0.0060091258924341,1361.0571428571427,1163.4985714285715,759.8842857142856,1359.556,1162.275,758.9150000000001,0.0,0.0,0.0,0.0,0.0,0.0,0.0,0.0,covid19_pandemic,international_economy,2020-03-11,after
2020-07-28,1361.04,1163.47,759.95,40.27000045776367,43.29999923706055,1198.15,2.204245376602465e-05,-1.718966213715145e-05,9.21198083909669e-05,0.0,0.0,0.0018479187919127,1361.0442857142857,1163.48,759.9085714285715,1359.8176666666666,1162.5123333333331,759.2636666666666,1.0,1.0,-1.0,-1.0,0.0,0.0,0.0,0.0,covid19_pandemic,international_economy,2020-03-11,after
2020-07-29,1360.99,1163.46,759.94,40.27000045776367,43.29999923706055,1192.98,-3.6736613178156574e-05,-8.594978813336596e-06,-1.3158760444720308e-05,0.0,0.0,-0.0043149856028044,1361.032857142857,1163.4714285714283,759.9114285714286,1360.042666666667,1162.7130000000002,759.5983333333334,0.0,0.0,0.0,0.0,0.0,0.0,0.0,0.0,covid19_pandemic,international_economy,2020-03-11,after
2020-07-30,1360.93,1163.42,759.95,40.27000045776367,43.29999923706055,1196.3,-4.4085555367723295e-05,-3.4380210750639684e-05,1.3158933600099232e-05,0.0,0.0,0.0027829469060671,1361.0214285714285,1163.467142857143,759.9171428571428,1360.2336666666663,1162.8853333333334,759.928,2.0,2.0,-1.5,0.0,0.0,0.0,0.0,0.0,covid19_pandemic,international_economy,2020-03-11,after
2020-07-31,1360.83,1163.34,759.96,40.27000045776367,43.29999923706055,1192.68,-7.347916498290363e-05,-6.876278558054505e-05,1.315876044483133e-05,0.0,0.0,-0.0030259968235391,1360.9914285714283,1163.45,759.9114285714286,1360.3703333333333,1163.0043333333333,759.962,0.0,0.0,0.0,0.0,0.0,0.0,0.0,0.0,covid19_pandemic,international_economy,2020-03-11,after
2020-08-01,1361.07,1163.69,760.45,42.61000061035156,45.27999877929688,1179.5899658203125,0.0001763629549613,0.0003008578747401,0.0006447707774093,0.0581077756639747,0.0457274729127858,-0.0109753112148166,1360.9957142857145,1163.4785714285715,759.9800000000001,1360.4896666666666,1163.114,759.984,0.0,0.0,0.0,0.0,0.0,0.0,0.0,0.0,covid19_pandemic,international_economy,2020-03-11,after
2020-08-02,1361.2,1163.67,760.2,42.61000061035156,45.27999877929688,1179.5899658203125,9.551308896682542e-05,-1.718670780015419e-05,-0.0003287527122098,0.0,0.0,0.0,1361.01,1163.5057142857145,760.047142857143,1360.5950000000005,1163.2016666666666,759.9803333333333,0.0,0.0,0.0,0.0,0.0,0.0,0.0,0.0,covid19_pandemic,international_economy,2020-03-11,after
2020-08-03,1361.31,1163.89,760.32,42.61000061035156,45.27999877929688,1194.31,8.081104907420311e-05,0.0001890570350699,0.0001578531965271,0.0,0.0,0.0124789415018895,1361.052857142857,1163.5628571428572,760.11,1360.6933333333334,1163.288,759.9903333333333,0.0,0.0,0.0,0.0,0.0,0.0,0.0,0.0,covid19_pandemic,international_economy,2020-03-11,after
2020-08-04,1361.25,1163.76,760.38,42.61000061035156,45.27999877929688,1194.53,-4.4075192278003605e-05,-0.0001116944041104,7.891414141414366e-05,0.0,0.0,0.0001842067804842,1361.0828571428572,1163.604285714286,760.1714285714286,1360.7773333333332,1163.3643333333334,760.0073333333333,0.0,0.0,0.0,0.0,0.0,0.0,0.0,0.0,covid19_pandemic,international_economy,2020-03-11,after
2020-08-05,1361.12,1163.68,760.74,42.61000061035156,45.27999877929688,1188.93,-9.550045913686578e-05,-6.874269608847516e-05,0.0004734474867829,0.0,0.0,-0.0046880362987952,1361.1014285714284,1163.6357142857144,760.2857142857143,1360.8460000000002,1163.4213333333332,760.0276666666666,0.0,0.0,0.0,0.0,0.0,0.0,0.0,0.0,covid19_pandemic,international_economy,2020-03-11,after
2020-08-06,1361.07,1163.59,760.43,42.61000061035156,45.27999877929688,1185.29,-3.673445397900377e-05,-7.734084971822153e-05,-0.0004074979625102,0.0,0.0,-0.0030615763753965,1361.1214285714286,1163.66,760.3542857142858,1360.8986666666667,1163.4623333333332,760.0393333333334,0.0,0.0,0.0,0.0,0.0,0.0,0.0,0.0,covid19_pandemic,international_economy,2020-03-11,after
2020-08-07,1360.99,1163.51,760.46,42.61000061035156,45.27999877929688,1189.25,-5.877728551795247e-05,-6.875273936690629e-05,3.945136304461805e-05,0.0,0.0,0.0033409545343334,1361.1442857142858,1163.6842857142858,760.4257142857143,1360.9423333333332,1163.4916666666666,760.0533333333333,0.0,0.0,0.0,0.0,0.0,0.0,0.0,0.0,covid19_pandemic,international_economy,2020-03-11,after
2020-08-08,1361.0,1163.49,760.32,42.61000061035156,45.27999877929688,1189.25,7.347592561268712e-06,-1.718936665773274e-05,-0.0001840990979143,0.0,0.0,0.0,1361.134285714286,1163.6557142857143,760.407142857143,1360.9773333333333,1163.5136666666665,760.0626666666667,0.0,0.0,0.0,0.0,0.0,0.0,0.0,0.0,covid19_pandemic,international_economy,2020-03-11,after
2020-08-09,1361.03,1163.42,760.32,42.61000061035156,45.27999877929688,1189.25,2.204261572380517e-05,-6.016381748008559e-05,0.0,0.0,0.0,0.0,1361.11,1163.62,760.4242857142857,1361.0063333333335,1163.5303333333334,760.0716666666667,0.0,0.0,0.0,0.0,0.0,0.0,0.0,0.0,covid19_pandemic,international_economy,2020-03-11,after
2020-08-10,1361.07,1163.48,760.44,42.61000061035156,45.27999877929688,1186.28,2.93895064766847e-05,5.157208918538103e-05,0.0001578282828282,0.0,0.0,-0.0024973722934622,1361.0757142857142,1163.561428571429,760.4414285714286,1361.0286666666666,1163.5386666666666,760.0836666666668,0.0,0.0,0.0,0.0,0.0,0.0,0.0,0.0,covid19_pandemic,international_economy,2020-03-11,after
2020-08-11,1361.06,1163.48,760.53,42.61000061035156,45.27999877929688,1184.84,-7.347160689730181e-06,0.0,0.0001183525327441,0.0,0.0,-0.0012138786795697,1361.0485714285714,1163.5214285714285,760.4628571428572,1361.0469999999998,1163.5496666666666,760.1046666666666,0.0,0.0,0.0,0.0,0.0,0.0,0.0,0.0,covid19_pandemic,international_economy,2020-03-11,after
2020-08-12,1361.04,1163.43,760.32,42.61000061035156,45.27999877929688,1184.09,-1.4694429341877148e-05,-4.2974524701699934e-05,-0.0002761232298527,0.0,0.0,-0.0006329968603355,1361.037142857143,1163.4857142857145,760.4028571428572,1361.0576666666666,1163.5526666666667,760.1123333333333,0.0,0.0,0.0,0.0,0.0,0.0,0.0,0.0,covid19_pandemic,international_economy,2020-03-11,after
2020-08-13,1361.08,1163.51,760.29,42.61000061035156,45.27999877929688,1183.25,2.938929054252526e-05,6.87621945454353e-05,-3.945707070718285e-05,0.0,0.0,-0.0007094055350521,1361.0385714285717,1163.4742857142858,760.3828571428572,1361.067,1163.554666666667,760.12,3.0,3.0,1.6666666666666667,3.0,0.0,0.0,0.0,0.0,covid19_pandemic,international_economy,2020-03-11,after
2020-08-14,1361.12,1163.52,760.4,42.61000061035156,45.27999877929688,1186.53,2.9388426837417825e-05,8.59468332881086e-06,0.0001446816346393,0.0,0.0,0.002772026199028,1361.0571428571427,1163.4757142857145,760.3742857142857,1361.074,1163.5533333333333,760.1333333333333,0.0,0.0,0.0,0.0,0.0,0.0,0.0,0.0,covid19_pandemic,international_economy,2020-03-11,after
2020-08-15,1361.18,1163.69,760.43,42.61000061035156,45.27999877929688,1186.53,4.4081344775070974e-05,0.000146108360836,3.945291951601426e-05,0.0,0.0,0.0,1361.0828571428572,1163.5042857142855,760.3900000000001,1361.0790000000002,1163.5556666666669,760.1446666666667,0.0,0.0,0.0,0.0,0.0,0.0,0.0,0.0,covid19_pandemic,international_economy,2020-03-11,after
2020-08-16,1361.23,1163.68,760.44,42.61000061035156,45.27999877929688,1186.53,3.6732834746366905e-05,-8.593353900132605e-06,1.3150454348354046e-05,0.0,0.0,0.0,1361.1114285714284,1163.5414285714287,760.4071428571427,1361.0853333333332,1163.553666666667,760.1606666666667,0.0,0.0,0.0,0.0,0.0,0.0,0.0,0.0,covid19_pandemic,international_economy,2020-03-11,after
2020-08-17,1361.25,1163.63,760.6,42.61000061035156,45.27999877929688,1184.17,1.4692594197951436e-05,-4.2967138732308285e-05,0.0002104045026563,0.0,0.0,-0.0019889931143753,1361.1371428571426,1163.5628571428572,760.4300000000001,1361.0886666666663,1163.5523333333333,760.185,0.0,0.0,0.0,0.0,0.0,0.0,0.0,0.0,covid19_pandemic,international_economy,2020-03-11,after
2020-08-18,1361.24,1163.7,760.54,42.61000061035156,45.27999877929688,1184.74,-7.346189164314509e-06,6.015657898128524e-05,-7.888509071796168e-05,0.0,0.0,0.0004813498061932,1361.162857142857,1163.594285714286,760.4314285714287,1361.0893333333331,1163.555,760.2143333333333,0.0,0.0,0.0,0.0,0.0,0.0,0.0,0.0,covid19_pandemic,international_economy,2020-03-11,after
2020-08-19,1361.21,1163.76,760.44,42.61000061035156,45.27999877929688,1181.06,-2.2038729393769607e-05,5.155968032988234e-05,-0.0001314855234437,0.0,0.0,-0.0031061667538869,1361.1871428571428,1163.6414285714286,760.4485714285713,1361.090333333333,1163.5586666666668,760.2346666666667,0.0,0.0,0.0,0.0,0.0,0.0,0.0,0.0,covid19_pandemic,international_economy,2020-03-11,after
2020-08-20,1361.27,1163.83,760.51,42.61000061035156,45.27999877929688,1187.66,4.407843022002922e-05,6.0149859077318624e-05,9.205196991213248e-05,0.0,0.0,0.0055882004301222,1361.2142857142858,1163.6871428571428,760.4799999999999,1361.095,1163.5663333333334,760.259,0.0,0.0,0.0,0.0,0.0,0.0,0.0,0.0,covid19_pandemic,international_economy,2020-03-11,after
2020-08-21,1361.25,1163.83,760.4,42.61000061035156,45.27999877929688,1191.84,-1.469216246596794e-05,0.0,-0.0001446397811994,0.0,0.0,0.0035195257902091,1361.2328571428573,1163.7314285714288,760.4800000000001,1361.101,1163.5766666666668,760.275,0.0,0.0,0.0,0.0,0.0,0.0,0.0,0.0,covid19_pandemic,international_economy,2020-03-11,after
2020-08-22,1361.28,1163.73,760.35,42.61000061035156,45.27999877929688,1191.84,2.2038567493165573e-05,-8.592320184208635e-05,-6.575486586002377e-05,0.0,0.0,0.0,1361.2471428571428,1163.7371428571428,760.4685714285714,1361.11,1163.586,760.2896666666667,0.0,0.0,0.0,0.0,0.0,0.0,0.0,0.0,covid19_pandemic,international_economy,2020-03-11,after
2020-08-23,1361.2,1163.63,760.13,42.61000061035156,45.27999877929688,1191.84,-5.8768218147542406e-05,-8.59305852731751e-05,-0.0002893404353259,0.0,0.0,0.0,1361.2428571428572,1163.73,760.4242857142857,1361.1153333333334,1163.591666666667,760.294,0.0,0.0,0.0,0.0,0.0,0.0,0.0,0.0,covid19_pandemic,international_economy,2020-03-11,after
2020-08-24,1361.19,1163.76,760.39,42.61000061035156,45.27999877929688,1189.11,-7.346459006796202e-06,0.0001117193609652,0.0003420467551602,0.0,0.0,-0.0022905759162303,1361.2342857142855,1163.7485714285715,760.3942857142857,1361.1203333333333,1163.6006666666665,760.3080000000001,0.0,0.0,0.0,0.0,0.0,0.0,0.0,0.0,covid19_pandemic,international_economy,2020-03-11,after
2020-08-25,1361.19,1163.62,760.36,42.61000061035156,45.27999877929688,1188.18,0.0,-0.000120299718155,-3.945343836708748e-05,0.0,0.0,-0.0007820975351311,1361.2271428571428,1163.7371428571428,760.3685714285714,1361.1233333333332,1163.6053333333334,760.3290000000001,1.0,1.0,2.0,2.0,0.0,0.0,0.0,0.0,covid19_pandemic,international_economy,2020-03-11,after
2020-08-26,1361.09,1163.53,760.45,42.61000061035156,45.27999877929688,1185.6,-7.346512977624009e-05,-7.734483766175249e-05,0.0001183649850071,0.0,0.0,-0.0021713881735091,1361.2099999999998,1163.7042857142856,760.37,1361.126,1163.6066666666666,760.3480000000001,0.0,0.0,0.0,0.0,0.0,0.0,0.0,0.0,covid19_pandemic,international_economy,2020-03-11,after
2020-08-27,1361.02,1163.41,760.4,42.61000061035156,45.27999877929688,1185.22,-5.1429369108513256e-05,-0.0001031344271311,-6.57505424420668e-05,0.0,0.0,-0.0003205128205127,1361.1742857142856,1163.6442857142858,760.3542857142858,1361.1253333333334,1163.6046666666668,760.3629999999999,0.0,0.0,0.0,0.0,0.0,0.0,0.0,0.0,covid19_pandemic,international_economy,2020-03-11,after
2020-08-28,1360.88,1163.27,760.34,42.61000061035156,45.27999877929688,1181.62,-0.0001028640284491,-0.0001203359090948,-7.890583903202852e-05,0.0,0.0,-0.0030374107760585,1361.1214285714286,1163.5642857142857,760.3457142857143,1361.1216666666664,1163.5983333333331,760.3763333333334,0.0,0.0,0.0,0.0,0.0,0.0,0.0,0.0,covid19_pandemic,international_economy,2020-03-11,after
2020-08-29,1360.74,1163.14,760.13,42.61000061035156,45.27999877929688,1181.62,-0.0001028746105461,-0.0001117539350278,-0.000276192229792,0.0,0.0,0.0,1361.0442857142857,1163.48,760.3142857142857,1361.1153333333336,1163.589,760.3823333333333,0.0,0.0,0.0,0.0,0.0,0.0,0.0,0.0,covid19_pandemic,international_economy,2020-03-11,after
2020-08-30,1360.78,1163.18,760.14,42.61000061035156,45.27999877929688,1181.62,2.939576994864801e-05,3.4389669343326545e-05,1.3155644429163615e-05,0.0,0.0,0.0,1360.9842857142855,1163.4157142857143,760.3157142857143,1361.1136666666669,1163.5836666666669,760.3883333333334,0.0,0.0,0.0,0.0,0.0,0.0,0.0,0.0,covid19_pandemic,international_economy,2020-03-11,after
2020-08-31,1360.66,1163.09,760.31,42.61000061035156,45.27999877929688,1187.48,-8.818471758831326e-05,-7.737409515307103e-05,0.000223643013129,0.0,0.0,0.0049592931737785,1360.9085714285716,1163.32,760.3042857142856,1361.1,1163.563666666667,760.3836666666667,0.0,0.0,0.0,0.0,0.0,0.0,0.0,0.0,covid19_pandemic,international_economy,2020-03-11,after
2020-09-01,1360.37,1162.88,770.43,40.220001220703125,40.95000076293945,1167.8599853515625,-0.0002131318624786,-0.0001805535255223,0.0133103602477937,-0.056090104562632,-0.0956271672502167,-0.0165223958706146,1360.7914285714287,1163.2142857142858,761.7428571428571,1361.0723333333333,1163.5373333333334,760.7246666666667,0.0,0.0,0.0,0.0,0.0,0.0,0.0,0.0,covid19_pandemic,international_economy,2020-03-11,after
2020-09-02,1360.3,1162.66,771.03,40.220001220703125,40.95000076293945,1189.98,-5.145658901617445e-05,-0.0001891854705559,0.0007787858728243,0.0,0.0,0.0189406392254964,1360.678571428571,1163.09,763.2542857142856,1361.0386666666666,1163.4963333333333,761.0816666666667,0.0,0.0,0.0,0.0,0.0,0.0,0.0,0.0,covid19_pandemic,international_economy,2020-03-11,after
2020-09-03,1360.33,1162.68,771.39,40.220001220703125,40.95000076293945,1188.04,2.2053958685486208e-05,1.7201933497412725e-05,0.0004669079024162,0.0,0.0,-0.0016302795004958,1360.58,1162.9857142857145,764.8242857142857,1361.008,1163.4603333333332,761.4486666666667,0.0,0.0,0.0,0.0,0.0,0.0,0.0,0.0,covid19_pandemic,international_economy,2020-03-11,after
2020-09-04,1360.22,1162.5,771.43,40.220001220703125,40.95000076293945,1190.6,-8.086273183705028e-05,-0.000154814738363,5.185444457400656e-05,0.0,0.0,0.0021548096023702,1360.4857142857145,1162.8757142857144,766.4085714285715,1360.9779999999998,1163.4209999999998,761.8050000000001,0.0,0.0,0.0,0.0,0.0,0.0,0.0,0.0,covid19_pandemic,international_economy,2020-03-11,after
2020-09-05,1360.18,1162.37,771.37,40.220001220703125,40.95000076293945,1190.6,-2.940700768994109e-05,-0.0001118279569893,-7.777763374505753e-05,0.0,0.0,0.0,1360.4057142857143,1162.7657142857142,768.0142857142857,1360.9483333333333,1163.3803333333335,762.1696666666667,0.0,0.0,0.0,0.0,0.0,0.0,0.0,0.0,covid19_pandemic,international_economy,2020-03-11,after
2020-09-06,1360.11,1162.24,771.32,40.220001220703125,40.95000076293945,1190.6,-5.146377685316672e-05,-0.0001118404638796,-6.481973631322635e-05,0.0,0.0,0.0,1360.31,1162.6314285714286,769.6114285714285,1360.919,1163.338,762.5316666666666,0.0,0.0,0.0,0.0,0.0,0.0,0.0,0.0,covid19_pandemic,international_economy,2020-03-11,after
2020-09-07,1359.89,1161.95,771.44,40.220001220703125,40.95000076293945,1190.6,-0.0001617516230303,-0.0002495181718061,0.0001555774516412,0.0,0.0,0.0,1360.2,1162.4685714285715,771.2014285714286,1360.882,1163.2866666666669,762.9023333333333,0.0,0.0,0.0,0.0,0.0,0.0,0.0,0.0,covid19_pandemic,international_economy,2020-03-11,after
2020-09-08,1359.35,1161.52,771.42,40.220001220703125,40.95000076293945,1188.69,-0.0003970909411792,-0.000370067558845,-2.5925541843996317e-05,0.0,0.0,-0.0016042331597512,1360.0542857142857,1162.2742857142855,771.342857142857,1360.826,1163.2233333333331,763.2723333333332,0.0,0.0,0.0,0.0,0.0,0.0,0.0,0.0,covid19_pandemic,international_economy,2020-03-11,after
2020-09-09,1358.5,1160.62,771.34,40.220001220703125,40.95000076293945,1185.12,-0.0006252988560708,-0.0007748467525312,-0.0001037048559797,0.0,0.0,-0.0030033061605634,1359.797142857143,1161.9828571428573,771.3871428571429,1360.7403333333334,1163.1280000000002,763.6356666666667,0.0,0.0,0.0,0.0,0.0,0.0,0.0,0.0,covid19_pandemic,international_economy,2020-03-11,after
2020-09-10,1357.59,1159.74,771.39,40.220001220703125,40.95000076293945,1184.41,-0.0006698564593301,-0.0007582154365769,6.482225737025615e-05,0.0,0.0,-0.0005990954502496,1359.4057142857143,1161.5628571428572,771.3871428571429,1360.6246666666668,1163.003333333333,763.9976666666666,0.0,0.0,0.0,0.0,0.0,0.0,0.0,0.0,covid19_pandemic,international_economy,2020-03-11,after
2020-09-11,1356.76,1158.86,771.34,40.220001220703125,40.95000076293945,1186.55,-0.0006113775145661,-0.000758790763447,-6.481805571756372e-05,0.0,0.0,0.0018068067645493,1358.9114285714288,1161.0428571428572,771.3742857142857,1360.482,1162.851,764.365,0.0,0.0,0.0,0.0,0.0,0.0,0.0,0.0,covid19_pandemic,international_economy,2020-03-11,after
2020-09-12,1356.16,1158.2,771.35,40.220001220703125,40.95000076293945,1186.55,-0.0004422300185735,-0.0005695252230639,1.2964451474140049e-05,0.0,0.0,0.0,1358.337142857143,1160.4471428571428,771.3714285714286,1360.318,1162.674,764.7336666666667,0.0,0.0,0.0,0.0,0.0,0.0,0.0,0.0,covid19_pandemic,international_economy,2020-03-11,after
2020-09-13,1355.88,1157.92,771.34,40.220001220703125,40.95000076293945,1186.55,-0.0002064653138272,-0.0002417544465549,-1.2964283399252707e-05,0.0,0.0,0.0,1357.732857142857,1159.83,771.3742857142857,1360.1433333333332,1162.4873333333337,765.0983333333334,1.0,1.0,2.0,2.0,0.0,0.0,0.0,0.0,covid19_pandemic,international_economy,2020-03-11,after
2020-09-14,1355.34,1157.37,771.43,40.220001220703125,40.95000076293945,1181.27,-0.0003982653332155,-0.0004749896365898,0.0001166800632663,0.0,0.0,-0.0044498756900256,1357.0828571428572,1159.1757142857143,771.3728571428571,1359.948666666667,1162.2766666666664,765.4649999999999,0.0,0.0,0.0,0.0,0.0,0.0,0.0,0.0,covid19_pandemic,international_economy,2020-03-11,after
2020-09-15,1354.26,1156.25,771.56,40.220001220703125,40.95000076293945,1179.99,-0.0007968480233742,-0.0009677112764283,0.0001685182064476,0.0,0.0,-0.0010835795372776,1356.3557142857142,1158.422857142857,771.3928571428571,1359.7163333333335,1162.0289999999998,765.8356666666666,0.0,0.0,0.0,0.0,0.0,0.0,0.0,0.0,covid19_pandemic,international_economy,2020-03-11,after
2020-09-16,1352.8,1154.73,771.65,40.220001220703125,40.95000076293945,1176.0,-0.0010780795415946,-0.0013145945945945,0.0001166467935092,0.0,0.0,-0.0033813845880049,1355.5414285714285,1157.5814285714284,771.4371428571429,1359.4346666666668,1161.7323333333334,766.2040000000001,0.0,0.0,0.0,0.0,0.0,0.0,0.0,0.0,covid19_pandemic,international_economy,2020-03-11,after
2020-09-17,1351.53,1153.43,771.79,40.220001220703125,40.95000076293945,1174.25,-0.0009387936132465,-0.0011258043005724,0.0001814294045228,0.0,0.0,-0.0014880952380952,1354.6757142857143,1156.68,771.4942857142858,1359.111,1161.39,766.579,0.0,0.0,0.0,0.0,0.0,0.0,0.0,0.0,covid19_pandemic,international_economy,2020-03-11,after
2020-09-18,1350.33,1152.26,771.89,40.220001220703125,40.95000076293945,1163.2,-0.0008878826219174,-0.0010143658479492,0.0001295689241893,0.0,0.0,-0.0094102618692781,1353.7571428571428,1155.7371428571428,771.5728571428572,1358.7483333333332,1161.006666666667,766.9606666666666,0.0,0.0,0.0,0.0,0.0,0.0,0.0,0.0,covid19_pandemic,international_economy,2020-03-11,after
2020-09-19,1349.55,1151.47,771.83,40.220001220703125,40.95000076293945,1163.2,-0.0005776365777254,-0.0006856091507124,-7.773128295474052e-05,0.0,0.0,0.0,1352.8128571428572,1154.7757142857142,771.6414285714285,1358.3576666666668,1160.5946666666666,767.338,0.0,0.0,0.0,0.0,0.0,0.0,0.0,0.0,covid19_pandemic,international_economy,2020-03-11,after
2020-09-20,1349.23,1151.1,771.71,40.220001220703125,40.95000076293945,1163.2,-0.0002371160757288,-0.000321328388929,-0.0001554746511537,0.0,0.0,0.0,1351.862857142857,1153.8014285714285,771.6942857142858,1357.957,1160.1703333333332,767.7149999999999,0.0,0.0,0.0,0.0,0.0,0.0,0.0,0.0,covid19_pandemic,international_economy,2020-03-11,after
2020-09-21,1348.45,1150.44,771.82,40.220001220703125,40.95000076293945,1166.75,-0.0005781075131741,-0.0005733646077663,0.000142540591673,0.0,0.0,0.0030519257221457,1350.8785714285714,1152.811428571429,771.75,1357.5293333333334,1159.7273333333333,768.0973333333333,0.0,0.0,0.0,0.0,0.0,0.0,0.0,0.0,covid19_pandemic,international_economy,2020-03-11,after
2020-09-22,1347.37,1149.22,771.71,40.220001220703125,40.95000076293945,1164.83,-0.0008009195743261,-0.0010604638225374,-0.0001425202767484,0.0,0.0,-0.0016455967430898,1349.8942857142858,1151.8071428571427,771.7714285714286,1357.0683333333332,1159.2469999999998,768.4833333333333,1.0,1.0,2.0,2.0,0.0,0.0,0.0,0.0,covid19_pandemic,international_economy,2020-03-11,after
2020-09-23,1346.26,1148.08,771.83,40.220001220703125,40.95000076293945,1164.56,-0.0008238271595775,-0.0009919771671221,0.0001554988272796,0.0,0.0,-0.0002317934805937,1348.9599999999998,1150.857142857143,771.7971428571428,1356.5706666666667,1158.724333333333,768.8646666666666,0.0,0.0,0.0,0.0,0.0,0.0,0.0,0.0,covid19_pandemic,international_economy,2020-03-11,after
2020-09-24,1345.28,1146.98,771.78,40.220001220703125,40.95000076293945,1170.49,-0.0007279425965266,-0.0009581213852692,-6.478110464747111e-05,0.0,0.0,0.0050920519337775,1348.0671428571427,1149.9357142857143,771.7957142857142,1356.0403333333334,1158.1696666666664,769.2453333333334,1.0,1.0,2.0,2.0,0.0,0.0,0.0,0.0,covid19_pandemic,international_economy,2020-03-11,after
2020-09-25,1344.43,1146.23,771.59,40.220001220703125,40.95000076293945,1172.71,-0.0006318387250237,-0.0006538910879003,-0.0002461841457409,0.0,0.0,0.001896641577459,1347.2242857142858,1149.0742857142857,771.7528571428572,1355.485,1157.593,769.6166666666667,0.0,0.0,0.0,0.0,0.0,0.0,0.0,0.0,covid19_pandemic,international_economy,2020-03-11,after
2020-09-26,1343.87,1145.54,771.55,40.220001220703125,40.95000076293945,1172.71,-0.0004165334007721,-0.0006019734259268,-5.184100364197253e-05,0.0,0.0,0.0,1346.412857142857,1148.2271428571428,771.7128571428572,1354.9133333333334,1156.9973333333332,769.9883333333333,0.0,0.0,0.0,0.0,0.0,0.0,0.0,0.0,covid19_pandemic,international_economy,2020-03-11,after
2020-09-27,1343.59,1145.23,771.53,40.220001220703125,40.95000076293945,1172.71,-0.0002083534865723,-0.0002706147319168,-2.592184563543487e-05,0.0,0.0,0.0,1345.607142857143,1147.3885714285714,771.6871428571428,1354.337,1156.396,770.3613333333334,0.0,0.0,0.0,0.0,0.0,0.0,0.0,0.0,covid19_pandemic,international_economy,2020-03-11,after
2020-09-28,1343.1,1144.85,771.57,40.220001220703125,40.95000076293945,1168.08,-0.0003646945868903,-0.0003318110772509,5.1845035189845845e-05,0.0,0.0,-0.003948120166111,1344.8428571428572,1146.59,771.6514285714286,1353.7489999999998,1155.7863333333337,770.7426666666667,0.0,0.0,0.0,0.0,0.0,0.0,0.0,0.0,covid19_pandemic,international_economy,2020-03-11,after
2020-09-29,1342.21,1143.56,771.66,40.220001220703125,40.95000076293945,1169.67,-0.0006626461171914,-0.0011267851683626,0.0001166452816983,0.0,0.0,0.0013612081364291,1344.1057142857142,1145.7814285714287,771.6442857142857,1353.13,1155.1323333333337,771.1266666666667,1.0,1.0,2.0,2.0,0.0,0.0,0.0,0.0,covid19_pandemic,international_economy,2020-03-11,after
2020-09-30,1341.81,1142.93,771.51,40.220001220703125,40.95000076293945,1165.97,-0.0002980159587546,-0.0005509111896182,-0.0001943861286057,0.0,0.0,-0.0031632853710875,1343.47,1145.0457142857142,771.5985714285715,1352.5016666666668,1154.4603333333332,771.5,0.0,0.0,0.0,0.0,0.0,0.0,0.0,0.0,covid19_pandemic,international_economy,2020-03-11,after
2020-10-01,1341.59,1142.56,771.6,35.790000915527344,37.459999084472656,1129.52001953125,-0.000163957639308,-0.0003237293622532,0.0001166543531516,-0.1101442111069715,-0.0852259246262412,-0.0312615079879843,1342.9428571428568,1144.4142857142856,771.5728571428572,1351.8756666666666,1153.783,771.539,0.0,0.0,0.0,0.0,0.0,0.0,0.0,0.0,covid19_pandemic,international_economy,2020-03-11,after
2020-10-02,1341.24,1142.29,771.55,35.790000915527344,37.459999084472656,1166.08,-0.0002608844729015,-0.0002363114409746,-6.480041472278764e-05,0.0,0.0,0.0323677135744104,1342.4871428571428,1143.8514285714286,771.5671428571429,1351.2403333333336,1153.104,771.5563333333333,4.0,4.0,1.0,2.0,0.0,0.0,0.0,0.0,covid19_pandemic,international_economy,2020-03-11,after
2020-10-03,1340.62,1141.54,771.54,35.790000915527344,37.459999084472656,1166.08,-0.0004622588052847,-0.0006565758257535,-1.2960922817661924e-05,0.0,0.0,0.0,1342.0228571428572,1143.28,771.5657142857143,1350.5833333333333,1152.3993333333335,771.5613333333333,0.0,0.0,0.0,0.0,0.0,0.0,0.0,0.0,covid19_pandemic,international_economy,2020-03-11,after
2020-10-04,1340.17,1141.05,772.18,35.790000915527344,37.459999084472656,1166.08,-0.0003356655875638,-0.0004292447045219,0.0008295098115456,0.0,0.0,0.0,1341.5342857142855,1142.682857142857,771.6585714285715,1349.915,1151.6843333333334,771.5863333333333,0.0,0.0,0.0,0.0,0.0,0.0,0.0,0.0,covid19_pandemic,international_economy,2020-03-11,after
2020-10-05,1339.39,1140.22,771.66,35.790000915527344,37.459999084472656,1157.77,-0.0005820157144242,-0.0007274002015686,-0.0006734181149472,0.0,0.0,-0.0071264407244785,1341.0042857142855,1142.0214285714287,771.6714285714286,1349.222,1150.946,771.596,0.0,0.0,0.0,0.0,0.0,0.0,0.0,0.0,covid19_pandemic,international_economy,2020-03-11,after
2020-10-06,1338.26,1139.04,771.6,35.790000915527344,37.459999084472656,1162.0,-0.0008436676397465,-0.0010348880040694,-7.775445144231341e-05,0.0,0.0,0.0036535754078961,1340.44,1141.3757142857144,771.6628571428571,1348.4936666666665,1150.1726666666666,771.6053333333333,0.0,0.0,0.0,0.0,0.0,0.0,0.0,0.0,covid19_pandemic,international_economy,2020-03-11,after
2020-10-07,1337.44,1138.27,771.59,35.790000915527344,37.459999084472656,1158.41,-0.0006127359406991,-0.0006760078662733,-1.2960082944490914e-05,0.0,0.0,-0.0030895008605851,1339.8157142857142,1140.7099999999998,771.6742857142856,1347.7453333333333,1149.3833333333334,771.6103333333333,0.0,0.0,0.0,0.0,0.0,0.0,0.0,0.0,covid19_pandemic,international_economy,2020-03-11,after
2020-10-08,1336.68,1137.52,771.48,35.790000915527344,37.459999084472656,1152.44,-0.0005682497906448,-0.0006588946383546,-0.000142562760015,0.0,0.0,-0.0051536157319084,1339.1142857142856,1139.99,771.657142857143,1346.9896666666668,1148.5833333333333,771.6123333333333,0.0,0.0,0.0,0.0,0.0,0.0,0.0,0.0,covid19_pandemic,international_economy,2020-03-11,after
2020-10-09,1336.07,1136.94,771.39,35.790000915527344,37.459999084472656,1143.46,-0.0004563545500794,-0.0005098811449468,-0.0001166588894073,0.0,0.0,-0.0077921627156294,1338.3757142857144,1139.2257142857145,771.6342857142856,1346.242,1147.794,771.614,0.0,0.0,0.0,0.0,0.0,0.0,0.0,0.0,covid19_pandemic,international_economy,2020-03-11,after
2020-10-10,1335.8,1136.56,771.42,35.790000915527344,37.459999084472656,1143.46,-0.0002020852200858,-0.0003342304783015,3.8890833430560434e-05,0.0,0.0,0.0,1337.6871428571428,1138.5142857142855,771.6171428571428,1345.5156666666664,1147.0213333333334,771.615,0.0,0.0,0.0,0.0,0.0,0.0,0.0,0.0,covid19_pandemic,international_economy,2020-03-11,after
2020-10-11,1335.61,1136.39,771.35,35.790000915527344,37.459999084472656,1143.46,-0.0001422368618057,-0.000149574153586,-9.07417489822704e-05,0.0,0.0,0.0,1337.0357142857142,1137.8485714285714,771.4985714285714,1344.8106666666667,1146.272333333333,771.6153333333333,0.0,0.0,0.0,0.0,0.0,0.0,0.0,0.0,covid19_pandemic,international_economy,2020-03-11,after
2020-10-12,1335.25,1136.01,771.56,35.790000915527344,37.459999084472656,1143.46,-0.0002695397608583,-0.0003343922421,0.0002722499513838,0.0,0.0,0.0,1336.4442857142858,1137.2471428571428,771.4842857142856,1344.1136666666666,1145.5326666666667,771.6223333333332,0.0,0.0,0.0,0.0,0.0,0.0,0.0,0.0,covid19_pandemic,international_economy,2020-03-11,after
2020-10-13,1334.67,1135.4,771.4,35.790000915527344,37.459999084472656,1147.4,-0.0004343755850964,-0.0005369671041627,-0.0002073720773497,0.0,0.0,0.0034456824025326,1335.9314285714286,1136.7271428571428,771.4557142857144,1343.4066666666668,1144.782,771.6243333333333,0.0,0.0,0.0,0.0,0.0,0.0,0.0,0.0,covid19_pandemic,international_economy,2020-03-11,after
2020-10-14,1334.08,1134.85,771.53,35.790000915527344,37.459999084472656,1146.58,-0.00044205683802,-0.0004844107803418,0.0001685247601763,0.0,0.0,-0.0007146592295625,1335.4514285714286,1136.2385714285715,771.4471428571429,1342.698,1144.0313333333334,771.6276666666668,0.0,0.0,0.0,0.0,0.0,0.0,0.0,0.0,covid19_pandemic,international_economy,2020-03-11,after
2020-10-15,1333.55,1134.34,771.47,35.790000915527344,37.459999084472656,1143.03,-0.0003972775245861,-0.0004493985989337,-7.776755278465775e-05,0.0,0.0,-0.0030961642449719,1335.0042857142855,1135.7842857142855,771.4457142857143,1342.0076666666666,1143.301,771.6246666666667,0.0,0.0,0.0,0.0,0.0,0.0,0.0,0.0,covid19_pandemic,international_economy,2020-03-11,after
2020-10-16,1332.97,1133.73,771.47,35.790000915527344,37.459999084472656,1146.82,-0.0004349293239848,-0.000537757638803,0.0,0.0,0.0,0.0033157484930403,1334.561428571429,1135.3257142857144,771.4571428571428,1341.3466666666668,1142.601,771.6186666666666,0.0,0.0,0.0,0.0,0.0,0.0,0.0,0.0,covid19_pandemic,international_economy,2020-03-11,after
2020-10-17,1332.52,1133.24,771.35,35.790000915527344,37.459999084472656,1146.82,-0.0003375919938183,-0.0004322016705917,-0.0001555472020947,0.0,0.0,0.0,1334.0928571428572,1134.8514285714286,771.4471428571429,1340.713,1141.928,771.604,0.0,0.0,0.0,0.0,0.0,0.0,0.0,0.0,covid19_pandemic,international_economy,2020-03-11,after
2020-10-18,1332.4,1133.01,771.27,35.790000915527344,37.459999084472656,1146.82,-9.005493350933147e-05,-0.0002029578906498,-0.0001037142671939,0.0,0.0,0.0,1333.634285714286,1134.3685714285714,771.4357142857142,1340.1153333333334,1141.2863333333337,771.5833333333334,0.0,0.0,0.0,0.0,0.0,0.0,0.0,0.0,covid19_pandemic,international_economy,2020-03-11,after
2020-10-19,1332.0,1132.58,771.24,35.790000915527344,37.459999084472656,1141.76,-0.000300210147103,-0.0003795200395407,-3.889688435954053e-05,0.0,0.0,-0.0044122006940932,1333.17,1133.8785714285714,771.3900000000001,1339.5303333333331,1140.6566666666668,771.5636666666667,1.0,1.0,0.0,0.0,0.0,0.0,0.0,0.0,covid19_pandemic,international_economy,2020-03-11,after
2020-10-20,1331.42,1132.01,771.36,35.790000915527344,37.459999084472656,1138.65,-0.0004354354354353,-0.0005032757067933,0.000155593589544,0.0,0.0,-0.0027238649103138,1332.7057142857143,1133.3942857142856,771.3842857142856,1338.9366666666667,1140.0203333333332,771.552,0.0,0.0,0.0,0.0,0.0,0.0,0.0,0.0,covid19_pandemic,international_economy,2020-03-11,after
2020-10-21,1330.73,1131.32,771.3,35.790000915527344,37.459999084472656,1132.11,-0.0005182436796803,-0.0006095352514554,-7.778469197272653e-05,0.0,0.0,-0.0057436437886972,1332.2271428571428,1132.89,771.3514285714285,1338.346,1139.383,771.5346666666666,0.0,0.0,0.0,0.0,0.0,0.0,0.0,0.0,covid19_pandemic,international_economy,2020-03-11,after
2020-10-22,1330.19,1130.66,771.24,35.790000915527344,37.459999084472656,1135.26,-0.0004057923094842,-0.0005833893151361,-7.779074290148458e-05,0.0,0.0,0.0027824151363384,1331.7471428571428,1132.3642857142856,771.3185714285713,1337.7733333333335,1138.7643333333333,771.519,0.0,0.0,0.0,0.0,0.0,0.0,0.0,0.0,covid19_pandemic,international_economy,2020-03-11,after
2020-10-23,1329.67,1130.17,771.15,35.790000915527344,37.459999084472656,1129.77,-0.0003909215976665,-0.0004333751967877,-0.0001166951921581,0.0,0.0,-0.0048358966228,1331.2757142857142,1131.8557142857142,771.2728571428571,1337.2203333333334,1138.167333333333,771.4963333333333,0.0,0.0,0.0,0.0,0.0,0.0,0.0,0.0,covid19_pandemic,international_economy,2020-03-11,after
2020-10-24,1329.22,1129.77,771.2,35.790000915527344,37.459999084472656,1129.77,-0.0003384298359743,-0.000353929054921,6.483822861969024e-05,0.0,0.0,0.0,1330.804285714286,1131.36,771.2514285714286,1336.6850000000002,1137.5936666666669,771.477,0.0,0.0,0.0,0.0,0.0,0.0,0.0,0.0,covid19_pandemic,international_economy,2020-03-11,after
2020-10-25,1329.04,1129.46,771.08,35.790000915527344,37.459999084472656,1129.77,-0.0001354177638013,-0.0002743921329119,-0.000155601659751,0.0,0.0,0.0,1330.3242857142857,1130.8528571428571,771.2242857142857,1336.172,1137.034666666667,771.4599999999999,0.0,0.0,0.0,0.0,0.0,0.0,0.0,0.0,covid19_pandemic,international_economy,2020-03-11,after
2020-10-26,1328.62,1129.11,771.17,35.790000915527344,37.459999084472656,1127.77,-0.0003160175765967,-0.000309882598764,0.0001167194065465,0.0,0.0,-0.0017702718252388,1329.8414285714289,1130.357142857143,771.2142857142857,1335.6636666666666,1136.487,771.4473333333333,0.0,0.0,0.0,0.0,0.0,0.0,0.0,0.0,covid19_pandemic,international_economy,2020-03-11,after
2020-10-27,1327.99,1128.47,770.98,35.790000915527344,37.459999084472656,1127.9,-0.0004741762129125,-0.0005668181133812,-0.0002463788788463,0.0,0.0,0.000115271730938,1329.3514285714286,1129.8514285714286,771.16,1335.1436666666666,1135.9283333333335,771.429,2.0,2.0,1.0,2.0,0.0,0.0,0.0,0.0,covid19_pandemic,international_economy,2020-03-11,after
2020-10-28,1327.4,1127.78,771.11,35.790000915527344,37.459999084472656,1133.76,-0.0004442804539189,-0.0006114473579271,0.0001686165659291,0.0,0.0,0.0051954960546147,1328.8757142857144,1129.3457142857144,771.1328571428572,1334.6203333333333,1135.359333333333,771.4136666666667,0.0,0.0,0.0,0.0,0.0,0.0,0.0,0.0,covid19_pandemic,international_economy,2020-03-11,after
2020-10-29,1326.72,1127.1,771.16,35.790000915527344,37.459999084472656,1131.12,-0.0005122796444176,-0.000602954476937,6.484159199060535e-05,0.0,0.0,-0.0023285351397122,1328.38,1128.837142857143,771.1214285714286,1334.104,1134.8106666666667,771.397,1.0,1.0,0.0,0.0,0.0,0.0,0.0,0.0,covid19_pandemic,international_economy,2020-03-11,after
2020-10-30,1325.75,1126.21,771.06,35.790000915527344,37.459999084472656,1133.99,-0.0007311263868788,-0.0007896371218168,-0.0001296747756626,0.0,0.0,0.0025373081547492,1327.82,1128.2714285714285,771.1085714285715,1333.5686666666666,1134.253333333333,771.382,2.0,2.0,2.0,2.0,0.0,0.0,0.0,0.0,covid19_pandemic,international_economy,2020-03-11,after
2020-10-31,1325.11,1125.45,770.98,35.790000915527344,37.459999084472656,1133.99,-0.0004827456156892,-0.000674829738681,-0.0001037532747126,0.0,0.0,0.0,1327.2328571428573,1127.6542857142856,771.0771428571428,1333.0193333333334,1133.683,771.3613333333334,0.0,0.0,0.0,0.0,0.0,0.0,0.0,0.0,covid19_pandemic,international_economy,2020-03-11,after
2020-11-01,1324.32,1124.51,770.71,35.790000915527344,37.459999084472656,1104.3299560546875,-0.0005961769211612,-0.0008352214669687,-0.0003502036369296,0.0,0.0,-0.0261554722222528,1326.5585714285714,1126.9471428571428,771.0242857142857,1332.455333333333,1133.090333333333,771.3333333333334,1.0,1.0,2.0,2.0,0.0,0.0,0.0,0.0,covid19_pandemic,international_economy,2020-03-11,after
2020-11-02,1323.37,1123.7,770.85,35.790000915527344,37.459999084472656,1134.62,-0.0007173492811405,-0.0007203137366497,0.0001816506857312,0.0,0.0,0.0274284363828416,1325.8085714285714,1126.1742857142858,770.9785714285714,1331.8803333333335,1132.4956666666667,771.3103333333333,1.0,1.0,0.0,0.0,0.0,0.0,0.0,0.0,covid19_pandemic,international_economy,2020-03-11,after
2020-11-03,1322.14,1122.34,770.84,35.790000915527344,37.459999084472656,1134.3,-0.0009294452798535,-0.0012102874432678,-1.2972692482349224e-05,0.0,0.0,-0.0002820327510532,1324.9728571428573,1125.2985714285714,770.9585714285714,1331.2793333333334,1131.872,771.2656666666667,1.0,1.0,5.0,5.0,0.0,0.0,0.0,0.0,covid19_pandemic,international_economy,2020-03-11,after
2020-11-04,1321.08,1121.22,770.75,35.790000915527344,37.459999084472656,1137.37,-0.0008017305277808,-0.0009979150702994,-0.0001167557469773,0.0,0.0,0.0027065150312968,1324.07,1124.3614285714286,770.9071428571427,1330.6690000000003,1131.2386666666669,771.2353333333334,0.0,0.0,0.0,0.0,0.0,0.0,0.0,0.0,covid19_pandemic,international_economy,2020-03-11,after
2020-11-05,1320.29,1120.47,770.8,35.790000915527344,37.459999084472656,1122.96,-0.0005979955793744,-0.0006689142184406,6.487187804071759e-05,0.0,0.0,-0.0126695798201111,1323.1514285714286,1123.4142857142856,770.8557142857143,1330.07,1130.6196666666667,771.2086666666668,0.0,0.0,0.0,0.0,0.0,0.0,0.0,0.0,covid19_pandemic,international_economy,2020-03-11,after
2020-11-06,1319.71,1119.96,770.79,35.790000915527344,37.459999084472656,1121.0,-0.0004392974270803,-0.0004551661356394,-1.2973533990656703e-05,0.0,0.0,-0.0017453871909952,1322.2885714285717,1122.5214285714285,770.8171428571429,1329.4789999999998,1130.0093333333332,771.182,0.0,0.0,0.0,0.0,0.0,0.0,0.0,0.0,covid19_pandemic,international_economy,2020-03-11,after
2020-11-07,1319.26,1119.36,770.71,35.790000915527344,37.459999084472656,1121.0,-0.0003409840040615,-0.0005357334190507,-0.0001037896184433,0.0,0.0,0.0,1321.452857142857,1121.6514285714286,770.7785714285714,1328.8983333333333,1129.404,771.1563333333335,0.0,0.0,0.0,0.0,0.0,0.0,0.0,0.0,covid19_pandemic,international_economy,2020-03-11,after
2020-11-08,1319.1,1119.02,770.68,35.790000915527344,37.459999084472656,1121.0,-0.0001212801115777,-0.0003037449971411,-3.892514694259219e-05,0.0,0.0,0.0,1320.707142857143,1120.8671428571429,770.7742857142857,1328.3326666666665,1128.8066666666666,771.1326666666666,0.0,0.0,0.0,0.0,0.0,0.0,0.0,0.0,covid19_pandemic,international_economy,2020-03-11,after
2020-11-09,1318.67,1118.69,770.7,35.790000915527344,37.459999084472656,1113.14,-0.0003259798347357,-0.0002949008954262,2.5951108112431957e-05,0.0,0.0,-0.0070115967885815,1320.0357142857142,1120.1514285714286,770.7528571428572,1327.7616666666668,1128.211,771.1086666666666,0.0,0.0,0.0,0.0,0.0,0.0,0.0,0.0,covid19_pandemic,international_economy,2020-03-11,after
2020-11-10,1318.14,1118.16,770.8,35.790000915527344,37.459999084472656,1117.63,-0.0004019201164809,-0.0004737684255691,0.0001297521733487,0.0,0.0,0.004033634583251,1319.4642857142858,1119.5542857142857,770.7471428571429,1327.1793333333335,1127.6033333333332,771.0903333333334,2.0,2.0,1.0,2.0,0.0,0.0,0.0,0.0,covid19_pandemic,international_economy,2020-03-11,after
2020-11-11,1317.87,1117.8,770.57,35.790000915527344,37.459999084472656,1117.63,-0.0002048340843917,-0.0003219575016099,-0.0002983912817849,0.0,0.0,0.0,1319.0057142857145,1119.0657142857142,770.7214285714286,1326.6,1126.9963333333333,771.0573333333334,1.0,1.0,0.0,0.0,0.0,0.0,0.0,0.0,covid19_pandemic,international_economy,2020-03-11,after
2020-11-12,1317.69,1117.58,770.61,35.790000915527344,37.459999084472656,1112.95,-0.0001365840333263,-0.0001968151726605,5.190962534218357e-05,0.0,0.0,-0.0041874323344935,1318.634285714286,1118.652857142857,770.6942857142857,1326.034,1126.4023333333332,771.0310000000001,0.0,0.0,0.0,0.0,0.0,0.0,0.0,0.0,covid19_pandemic,international_economy,2020-03-11,after
2020-11-13,1317.62,1117.64,770.62,35.790000915527344,37.459999084472656,1109.47,-5.3123268750732144e-05,5.368743177247559e-05,1.29767327181618e-05,0.0,0.0,-0.0031268251044521,1318.3357142857144,1118.321428571429,770.6700000000001,1325.4853333333335,1125.8286666666668,771.0006666666667,0.0,0.0,0.0,0.0,0.0,0.0,0.0,0.0,covid19_pandemic,international_economy,2020-03-11,after
2020-11-14,1317.55,1117.53,770.5,35.790000915527344,37.459999084472656,1109.47,-5.3126090982180685e-05,-9.84216742422328e-05,-0.0001557187718979,0.0,0.0,0.0,1318.0914285714284,1118.06,770.64,1324.952,1125.2683333333332,770.9683333333334,0.0,0.0,0.0,0.0,0.0,0.0,0.0,0.0,covid19_pandemic,international_economy,2020-03-11,after
2020-11-15,1317.55,1117.34,770.4,35.790000915527344,37.459999084472656,1109.47,0.0,-0.0001700178071282,-0.000129785853342,0.0,0.0,0.0,1317.87,1117.82,770.6,1324.438,1124.722,770.9326666666667,1.0,1.0,-1.0,-1.0,0.0,0.0,0.0,0.0,covid19_pandemic,international_economy,2020-03-11,after
2020-11-16,1317.49,1117.44,770.54,35.790000915527344,37.459999084472656,1106.88,-4.55390687259527e-05,8.949827268356358e-05,0.0001817237798547,0.0,0.0,-0.0023344479796658,1317.7014285714286,1117.6414285714286,770.5771428571428,1323.937,1124.195333333333,770.9056666666667,0.0,0.0,0.0,0.0,0.0,0.0,0.0,0.0,covid19_pandemic,international_economy,2020-03-11,after
2020-11-17,1317.44,1117.29,770.53,35.790000915527344,37.459999084472656,1105.33,-3.795095218939171e-05,-0.000134235395189,-1.2977911594491688e-05,0.0,0.0,-0.0014003324660307,1317.6014285714284,1117.5171428571427,770.5385714285713,1323.4383333333333,1123.6713333333332,770.881,0.0,0.0,0.0,0.0,0.0,0.0,0.0,0.0,covid19_pandemic,international_economy,2020-03-11,after
2020-11-18,1317.11,1116.97,770.58,35.790000915527344,37.459999084472656,1105.72,-0.0002504857906243,-0.0002864072890654,6.48904001143702e-05,0.0,0.0,0.0003528358046918,1317.4928571428572,1117.3985714285714,770.54,1322.942,1123.151,770.859,1.0,1.0,0.0,0.0,0.0,0.0,0.0,0.0,covid19_pandemic,international_economy,2020-03-11,after
2020-11-19,1317.35,1117.18,770.55,35.790000915527344,37.459999084472656,1114.93,0.0001822171268914,0.0001880086304915,-3.89317137741152e-05,0.0,0.0,0.0083294143182723,1317.4442857142856,1117.3414285714284,770.5314285714286,1322.4730000000002,1122.6566666666663,770.832,0.0,0.0,0.0,0.0,0.0,0.0,0.0,0.0,covid19_pandemic,international_economy,2020-03-11,after
2020-11-20,1317.62,1117.46,770.64,35.790000915527344,37.459999084472656,1114.48,0.0002049569210915,0.0002506310531875,0.0001167996885342,0.0,0.0,-0.0004036127828653,1317.4442857142858,1117.3157142857144,770.5342857142858,1322.036,1122.1946666666663,770.81,0.0,0.0,0.0,0.0,0.0,0.0,0.0,0.0,covid19_pandemic,international_economy,2020-03-11,after
2020-11-21,1317.88,1117.75,770.49,35.790000915527344,37.459999084472656,1114.48,0.0001973254807912,0.000259517119181,-0.0001946434132669,0.0,0.0,0.0,1317.4914285714287,1117.347142857143,770.5328571428571,1321.6256666666666,1121.7643333333333,770.785,1.0,1.0,0.0,0.0,0.0,0.0,0.0,0.0,covid19_pandemic,international_economy,2020-03-11,after
2020-11-22,1317.96,1117.64,770.49,35.790000915527344,37.459999084472656,1114.48,6.07035541930756e-05,-9.841198836935128e-05,0.0,0.0,0.0,0.0,1317.55,1117.39,770.5457142857142,1321.2353333333333,1121.3466666666668,770.7630000000001,0.0,0.0,0.0,0.0,0.0,0.0,0.0,0.0,covid19_pandemic,international_economy,2020-03-11,after
2020-11-23,1318.08,1117.97,770.49,35.790000915527344,37.459999084472656,1115.42,9.10498042427932e-05,0.0002952650227263,0.0,0.0,0.0,0.0008434426817889,1317.634285714286,1117.4657142857145,770.5385714285713,1320.864,1120.9533333333334,770.7393333333333,1.0,1.0,0.0,0.0,0.0,0.0,0.0,0.0,covid19_pandemic,international_economy,2020-03-11,after
2020-11-24,1318.35,1118.33,770.57,35.790000915527344,37.459999084472656,1110.93,0.0002048434085943,0.0003220122185747,0.0001038300302405,0.0,0.0,-0.0040253895393663,1317.7642857142855,1117.6142857142856,770.5442857142858,1320.5076666666666,1120.5823333333333,770.7223333333333,0.0,0.0,0.0,0.0,0.0,0.0,0.0,0.0,covid19_pandemic,international_economy,2020-03-11,after
2020-11-25,1319.01,1118.97,770.52,35.790000915527344,37.459999084472656,1106.84,0.0005006257822277,0.0005722818845959,-6.488703167795151e-05,0.0,0.0,-0.0036816001008165,1318.0357142857142,1117.9,770.5357142857143,1320.1873333333335,1120.244333333333,770.7006666666667,0.0,0.0,0.0,0.0,0.0,0.0,0.0,0.0,covid19_pandemic,international_economy,2020-03-11,after
2020-11-26,1320.47,1120.47,770.55,35.790000915527344,37.459999084472656,1106.84,0.0011068907741411,0.0013405185125605,3.893474536664776e-05,0.0,0.0,0.0,1318.4814285714283,1118.37,770.5357142857143,1319.936666666667,1119.977666666667,770.6863333333333,0.0,0.0,0.0,0.0,0.0,0.0,0.0,0.0,covid19_pandemic,international_economy,2020-03-11,after
2020-11-27,1322.21,1122.42,770.49,35.790000915527344,37.459999084472656,1106.84,0.0013177126326231,0.001740341106857,-7.786645902274625e-05,0.0,0.0,0.0,1319.137142857143,1119.0785714285714,770.5142857142856,1319.7636666666667,1119.799,770.6656666666667,0.0,0.0,0.0,0.0,0.0,0.0,0.0,0.0,covid19_pandemic,international_economy,2020-03-11,after
2020-11-28,1323.49,1123.53,770.55,35.790000915527344,37.459999084472656,1106.84,0.0009680761754939,0.0009889346234028,7.787252268021128e-05,0.0,0.0,0.0,1319.938571428571,1119.9042857142856,770.5228571428571,1319.656,1119.68,770.6453333333334,0.0,0.0,0.0,0.0,0.0,0.0,0.0,0.0,covid19_pandemic,international_economy,2020-03-11,after
2020-11-29,1324.04,1124.08,770.56,35.790000915527344,37.459999084472656,1106.84,0.0004155679302451,0.0004895285395138,1.2977743170550228e-05,0.0,0.0,0.0,1320.8071428571427,1120.8242857142857,770.5328571428571,1319.599,1119.609,770.6286666666667,0.0,0.0,0.0,0.0,0.0,0.0,0.0,0.0,covid19_pandemic,international_economy,2020-03-11,after
2020-11-30,1324.99,1125.19,770.64,35.790000915527344,37.459999084472656,1105.79,0.0007175009818434,0.0009874742011246,0.0001038205980066,0.0,0.0,-0.0009486465975208,1321.794285714286,1121.8557142857142,770.5542857142857,1319.595,1119.6003333333333,770.6173333333334,2.0,2.0,-2.0,0.0,0.0,0.0,0.0,0.0,covid19_pandemic,international_economy,2020-03-11,after
2020-12-01,1327.25,1127.51,794.25,48.52000045776367,51.79999923706055,1086.4200439453125,0.0017056732503641,0.0020618739946141,0.0306368732482094,0.355685923906011,0.3828083423133848,-0.0175168486373429,1323.0657142857142,1123.1671428571428,773.9371428571428,1319.6926666666666,1119.7003333333334,771.402,0.0,0.0,0.0,0.0,0.0,0.0,0.0,0.0,covid19_pandemic,international_economy,2020-03-11,after
2020-12-02,1328.51,1128.81,795.92,48.52000045776367,51.79999923706055,1100.15,0.0009493313241664,0.0011529831221008,0.0021026125275416,0.0,0.0,0.0126377970760072,1324.422857142857,1124.5728571428572,777.5657142857143,1319.864,1119.8706666666667,772.2376666666665,0.0,0.0,0.0,0.0,0.0,0.0,0.0,0.0,covid19_pandemic,international_economy,2020-03-11,after
2020-12-03,1329.96,1130.3,796.59,48.52000045776367,51.79999923706055,1096.28,0.0010914483142769,0.0013199741320506,0.0008417931450397,0.0,0.0,-0.0035177021315275,1325.7785714285717,1125.9771428571428,781.2857142857143,1320.1246666666666,1120.136,773.0959999999999,0.0,0.0,0.0,0.0,0.0,0.0,0.0,0.0,covid19_pandemic,international_economy,2020-03-11,after
2020-12-04,1331.81,1132.17,796.66,48.52000045776367,51.79999923706055,1081.85,0.0013910192787751,0.0016544280279573,8.787456533476679e-05,0.0,0.0,-0.0131626956616923,1327.15,1127.37,785.0242857142857,1320.4823333333334,1120.501,773.9596666666665,0.0,0.0,0.0,0.0,0.0,0.0,0.0,0.0,covid19_pandemic,international_economy,2020-03-11,after
2020-12-05,1333.91,1134.35,796.81,48.52000045776367,51.79999923706055,1081.85,0.0015768014957089,0.0019255058869249,0.0001882860944442,0.0,0.0,0.0,1328.6385714285714,1128.9157142857143,788.7757142857143,1320.9363333333336,1120.9636666666668,774.8266666666666,0.0,0.0,0.0,0.0,0.0,0.0,0.0,0.0,covid19_pandemic,international_economy,2020-03-11,after
2020-12-06,1335.02,1135.33,796.77,48.52000045776367,51.79999923706055,1081.85,0.0008321400994069,0.0008639308855291,-5.020017319057324e-05,0.0,0.0,0.0,1330.207142857143,1130.5228571428572,792.5200000000001,1321.4466666666667,1121.476,775.6926666666667,0.0,0.0,0.0,0.0,0.0,0.0,0.0,0.0,covid19_pandemic,international_economy,2020-03-11,after
2020-12-07,1336.8,1137.24,797.0,48.52000045776367,51.79999923706055,1082.22,0.0013333133586013,0.0016823302475932,0.0002886654869034,0.0,0.0,0.0003420067477009,1331.8942857142858,1132.2442857142858,796.2857142857143,1322.0313333333334,1122.072,776.569,0.0,0.0,0.0,0.0,0.0,0.0,0.0,0.0,covid19_pandemic,international_economy,2020-03-11,after
2020-12-08,1339.3,1139.68,797.09,48.52000045776367,51.79999923706055,1085.4,0.0018701376421303,0.0021455453554219,0.0001129234629861,0.0,0.0,0.0029384043909741,1333.615714285714,1133.9828571428573,796.6914285714286,1322.7046666666668,1122.7606666666666,777.4493333333334,0.0,0.0,0.0,0.0,0.0,0.0,0.0,0.0,covid19_pandemic,international_economy,2020-03-11,after
2020-12-09,1341.26,1141.67,797.07,48.52000045776367,51.79999923706055,1083.78,0.0014634510565221,0.0017461041695914,-2.509126949279405e-05,0.0,0.0,-0.0014925373134329,1335.4371428571428,1135.82,796.8557142857143,1323.4576666666665,1123.5266666666664,778.3283333333334,0.0,0.0,0.0,0.0,0.0,0.0,0.0,0.0,covid19_pandemic,international_economy,2020-03-11,after
2020-12-10,1343.28,1143.72,797.13,48.52000045776367,51.79999923706055,1086.83,0.001506046553241,0.001795615195284,7.527569724108396e-05,0.0,0.0,0.0028142242890623,1337.34,1137.7371428571428,796.9328571428571,1324.2956666666664,1124.3786666666667,779.206,0.0,0.0,0.0,0.0,0.0,0.0,0.0,0.0,covid19_pandemic,international_economy,2020-03-11,after
2020-12-11,1346.54,1146.94,797.13,48.52000045776367,51.79999923706055,1091.23,0.0024268953606099,0.0028153743923338,0.0,0.0,0.0,0.0040484712420527,1339.4442857142858,1139.847142857143,797.0,1325.2513333333334,1125.35,780.0913333333333,0.0,0.0,0.0,0.0,0.0,0.0,0.0,0.0,covid19_pandemic,international_economy,2020-03-11,after
2020-12-12,1349.88,1150.27,797.11,48.52000045776367,51.79999923706055,1091.23,0.0024804313276991,0.0029033776832265,-2.5090010412287533e-05,0.0,0.0,0.0,1341.7257142857145,1142.1214285714286,797.0428571428572,1326.3243333333337,1126.4396666666669,780.9746666666666,0.0,0.0,0.0,0.0,0.0,0.0,0.0,0.0,covid19_pandemic,international_economy,2020-03-11,after
2020-12-13,1351.6,1151.82,797.01,48.52000045776367,51.79999923706055,1091.23,0.0012741873351704,0.0013475097151103,-0.0001254531996839,0.0,0.0,0.0,1344.0942857142857,1144.4771428571428,797.0771428571428,1327.457,1127.579,781.8543333333333,0.0,0.0,0.0,0.0,0.0,0.0,0.0,0.0,covid19_pandemic,international_economy,2020-03-11,after
2020-12-14,1354.08,1154.49,797.06,48.52000045776367,51.79999923706055,1093.19,0.001834862385321,0.0023180705318539,6.273447008187105e-05,0.0,0.0,0.0017961383026492,1346.562857142857,1146.9414285714286,797.0857142857143,1328.6746666666668,1128.811,782.7396666666666,0.0,0.0,0.0,0.0,0.0,0.0,0.0,0.0,covid19_pandemic,international_economy,2020-03-11,after
2020-12-15,1357.25,1157.7,797.19,48.52000045776367,51.79999923706055,1092.22,0.002341072905589,0.0027804485097315,0.0001630993902592,0.0,0.0,-0.0008873114463177,1349.1271428571429,1149.5157142857142,797.1,1329.998,1130.1563333333334,783.6326666666668,0.0,0.0,0.0,0.0,0.0,0.0,0.0,0.0,covid19_pandemic,international_economy,2020-03-11,after
2020-12-16,1360.73,1161.26,797.24,48.52000045776367,51.79999923706055,1093.71,0.0025640081046234,0.0030750626241684,6.27203050715952e-05,0.0,0.0,0.0013641940268445,1351.9085714285716,1152.3142857142857,797.1242857142857,1331.4393333333333,1131.6169999999995,784.5226666666666,0.0,0.0,0.0,0.0,0.0,0.0,0.0,0.0,covid19_pandemic,international_economy,2020-03-11,after
2020-12-17,1364.87,1165.49,797.19,48.52000045776367,51.79999923706055,1092.96,0.0030424845487346,0.0036425951122056,-6.271637148158593e-05,0.0,0.0,-0.0006857393641824,1354.992857142857,1155.4242857142856,797.1328571428572,1333.0203333333334,1133.223666666667,785.4113333333332,1.0,1.0,2.0,2.0,1.0,1.0,0.0,0.0,covid19_pandemic,international_economy,2020-03-11,after
2020-12-18,1370.74,1171.4,797.18,48.52000045776367,51.79999923706055,1099.37,0.0043007758980708,0.0050708285785379,-1.2544061014474472e-05,0.0,0.0,0.005864807495242,1358.45,1158.9185714285716,797.14,1334.808,1135.038,786.298,0.0,0.0,0.0,0.0,0.0,0.0,0.0,0.0,covid19_pandemic,international_economy,2020-03-11,after
2020-12-19,1376.91,1177.34,797.05,48.52000045776367,51.79999923706055,1099.37,0.0045012183200314,0.0050708553867166,-0.0001630748388068,0.0,0.0,0.0,1362.311428571429,1162.7857142857142,797.1314285714286,1336.7933333333335,1137.0433333333335,787.1813333333334,0.0,0.0,0.0,0.0,0.0,0.0,0.0,0.0,covid19_pandemic,international_economy,2020-03-11,after
2020-12-20,1380.09,1180.46,796.99,48.52000045776367,51.79999923706055,1099.37,0.0023095191406845,0.0026500416192434,-7.527758609870983e-05,0.0,0.0,0.0,1366.3814285714286,1166.8771428571429,797.1285714285714,1338.8756666666666,1139.1433333333334,788.0596666666667,0.0,0.0,0.0,0.0,0.0,0.0,0.0,0.0,covid19_pandemic,international_economy,2020-03-11,after
2020-12-21,1384.58,1185.16,797.05,48.52000045776367,51.79999923706055,1107.03,0.0032534110094268,0.0039814987377801,7.528325324024365e-05,0.0,0.0,0.006967626913596,1370.7385714285715,1171.2585714285713,797.1271428571428,1341.099,1141.3903333333335,788.9449999999999,1.0,1.0,2.0,2.0,0.0,0.0,0.0,0.0,covid19_pandemic,international_economy,2020-03-11,after
2020-12-22,1389.87,1190.57,797.23,48.52000045776367,51.79999923706055,1107.12,0.0038206531944704,0.0045647845016705,0.0002258327582962,0.0,0.0,8.129860979377845e-05,1375.3985714285714,1175.9542857142858,797.1328571428572,1343.496,1143.821333333333,789.8363333333332,0.0,0.0,0.0,0.0,0.0,0.0,0.0,0.0,covid19_pandemic,international_economy,2020-03-11,after
2020-12-23,1394.09,1194.87,797.12,48.52000045776367,51.79999923706055,1106.92,0.0030362551893343,0.0036117153968266,-0.0001379777479523,0.0,0.0,-0.0001806488908155,1380.1642857142856,1180.7557142857145,797.1157142857144,1346.0296666666666,1146.3846666666666,790.724,1.0,1.0,2.0,2.0,0.0,0.0,0.0,0.0,covid19_pandemic,international_economy,2020-03-11,after
2020-12-24,1398.43,1199.3,797.19,48.52000045776367,51.79999923706055,1106.92,0.0031131419061898,0.0037075162988442,8.781613809727418e-05,0.0,0.0,0.0,1384.9585714285713,1185.5857142857144,797.1157142857143,1348.699,1149.0836666666669,791.6113333333334,0.0,0.0,0.0,0.0,0.0,0.0,0.0,0.0,covid19_pandemic,international_economy,2020-03-11,after
2020-12-25,1402.7,1203.45,797.08,48.52000045776367,51.79999923706055,1106.92,0.0030534241971353,0.0034603518719253,-0.0001379846711574,0.0,0.0,0.0,1389.5242857142855,1190.1642857142856,797.1014285714284,1351.4886666666666,1151.8996666666667,792.4966666666667,0.0,0.0,0.0,0.0,0.0,0.0,0.0,0.0,covid19_pandemic,international_economy,2020-03-11,after
2020-12-26,1405.23,1206.06,797.19,48.52000045776367,51.79999923706055,1106.92,0.0018036643615884,0.0021687648011965,0.0001380037135545,0.0,0.0,0.0,1393.57,1194.2671428571427,797.1214285714286,1354.314,1154.7526666666668,793.3846666666667,0.0,0.0,0.0,0.0,0.0,0.0,0.0,0.0,covid19_pandemic,international_economy,2020-03-11,after
2020-12-27,1406.84,1207.54,797.13,48.52000045776367,51.79999923706055,1106.92,0.0011457199177358,0.0012271362950433,-7.526436608595866e-05,0.0,0.0,0.0,1397.3914285714286,1198.1357142857144,797.1414285714287,1357.1349999999998,1157.59,794.2726666666666,0.0,0.0,0.0,0.0,0.0,0.0,0.0,0.0,covid19_pandemic,international_economy,2020-03-11,after
2020-12-28,1409.68,1210.65,797.23,48.52000045776367,51.79999923706055,1096.67,0.0020187085951495,0.0025754840419365,0.0001254500520617,0.0,0.0,-0.0092599284501138,1400.9771428571428,1201.7771428571427,797.1671428571428,1360.008,1160.494,795.162,0.0,0.0,0.0,0.0,0.0,0.0,0.0,0.0,covid19_pandemic,international_economy,2020-03-11,after
2020-12-29,1413.82,1214.6,797.17,48.52000045776367,51.79999923706055,1092.55,0.0029368367289028,0.0032627101144011,-7.526058979223649e-05,0.0,0.0,-0.0037568274868466,1404.3985714285716,1205.2099999999998,797.1585714285713,1363.0006666666666,1163.5113333333331,796.0489999999999,0.0,0.0,0.0,0.0,0.0,0.0,0.0,0.0,covid19_pandemic,international_economy,2020-03-11,after
2020-12-30,1417.11,1218.04,797.23,48.52000045776367,51.79999923706055,1086.62,0.0023270289004257,0.0028322081343652,7.526625437481727e-05,0.0,0.0,-0.0054276692142236,1407.687142857143,1208.52,797.1742857142857,1366.071333333333,1166.6063333333332,796.9353333333332,1.0,1.0,2.0,2.0,0.0,0.0,0.0,0.0,covid19_pandemic,international_economy,2020-03-11,after
2020-12-31,1419.7,1220.58,797.29,48.52000045776367,51.79999923706055,1086.11,0.0018276633430009,0.0020853173951593,7.526058979201444e-05,0.0,0.0,-0.0004693453093077,1410.7257142857145,1211.56,797.1885714285715,1369.153,1169.7086666666669,797.0366666666666,0.0,0.0,0.0,0.0,0.0,0.0,0.0,0.0,covid19_pandemic,international_economy,2020-03-11,after
2021-11-01,1784.53,1582.01,1069.22,66.18000030517578,70.56999969482422,1190.739990234375,0.0020382952439776,0.0023442796408816,0.0895288171517079,-0.2080890206192672,-0.1636643518382474,0.013447486879649,1774.134285714286,1571.937142857143,993.8028571428572,1719.059,1516.118,984.157,0.0,0.0,0.0,0.0,3.0,3.0,2.0,5.0,russia_ukraine_war,international_geopolitics,2022-02-24,before
2021-11-02,1788.16,1585.36,1075.59,66.18000030517578,70.56999969482422,1177.04,0.0020341490476485,0.0021175593074631,0.0059576139615793,0.0,0.0,-0.0115054422852451,1777.777142857143,1575.4271428571428,1007.2971428571428,1723.6563333333334,1520.794,987.3036666666668,0.0,0.0,0.0,0.0,3.0,3.0,2.333333333333333,5.0,russia_ukraine_war,international_geopolitics,2022-02-24,before
2021-11-03,1791.29,1588.34,1077.27,66.18000030517578,70.56999969482422,1184.56,0.0017504026485324,0.0018796992481202,0.0015619334504783,0.0,0.0,0.0063889077686398,1781.2900000000002,1578.7914285714287,1021.0214285714284,1728.3266666666668,1525.5293333333334,990.5033333333332,0.0,0.0,0.0,0.0,3.0,3.0,3.0,5.0,russia_ukraine_war,international_geopolitics,2022-02-24,before
2021-11-04,1794.95,1591.63,1077.86,66.18000030517578,70.56999969482422,1186.77,0.0020432202490943,0.0020713449261493,0.0005476807114279,0.0,0.0,0.001865671641791,1784.7271428571428,1582.0414285714287,1034.82,1733.061,1530.311,993.725,0.0,0.0,0.0,0.0,6.0,6.0,3.6666666666666665,5.0,russia_ukraine_war,international_geopolitics,2022-02-24,before
2021-11-05,1797.95,1594.42,1077.93,66.18000030517578,70.56999969482422,1183.28,0.0016713557480709,0.0017529199625541,6.49434991559783e-05,0.0,0.0,-0.0029407551589608,1788.0857142857144,1585.2128571428573,1048.6357142857144,1737.765666666667,1535.049,996.9483333333334,0.0,0.0,0.0,0.0,6.0,6.0,1.8333333333333333,5.0,russia_ukraine_war,international_geopolitics,2022-02-24,before
2021-11-06,1801.25,1597.58,1078.08,66.18000030517578,70.56999969482422,1183.28,0.0018354236769653,0.0019819119178132,0.0001391556037959,0.0,0.0,0.0,1791.2900000000002,1588.2357142857145,1062.472857142857,1742.4353333333331,1539.7416666666666,1000.1753333333332,0.0,0.0,0.0,0.0,0.0,0.0,0.0,0.0,russia_ukraine_war,international_geopolitics,2022-02-24,before
2021-11-07,1802.96,1598.84,1078.17,66.18000030517578,70.56999969482422,1183.28,0.0009493407356002,0.0007886928980083,8.348174532524233e-05,0.0,0.0,0.0,1794.4414285714286,1591.168571428571,1076.3028571428572,1746.9630000000002,1544.274,1003.4086666666668,0.0,0.0,0.0,0.0,5.0,5.0,2.6,5.0,russia_ukraine_war,international_geopolitics,2022-02-24,before
2021-11-08,1805.18,1600.87,1078.24,66.18000030517578,70.56999969482422,1180.64,0.0012313085148867,0.0012696705111205,6.492482632602936e-05,0.0,0.0,-0.0022310864715028,1797.3914285714286,1593.862857142857,1077.5914285714284,1751.3686666666667,1548.6716666666666,1006.642,0.0,0.0,0.0,0.0,5.0,5.0,2.4,5.0,russia_ukraine_war,international_geopolitics,2022-02-24,before
2021-11-09,1807.47,1602.98,1078.24,66.18000030517578,70.56999969482422,1178.64,0.0012685715551912,0.0013180333193827,0.0,0.0,0.0,-0.0016939964764873,1800.15,1596.38,1077.97,1755.737,1553.029,1009.8763333333334,1.0,1.0,2.0,2.0,2.0,2.0,3.5,5.0,russia_ukraine_war,international_geopolitics,2022-02-24,before
2021-11-10,1809.12,1604.52,1078.27,66.18000030517578,70.56999969482422,1181.16,0.0009128782220451,0.0009607106763651,2.7823119157055487e-05,0.0,0.0,0.0021380574221137,1802.6971428571428,1598.6914285714286,1078.1128571428571,1760.0366666666666,1557.3126666666665,1013.1143333333332,0.0,0.0,0.0,0.0,0.0,0.0,0.0,0.0,russia_ukraine_war,international_geopolitics,2022-02-24,before
2021-11-11,1810.16,1605.64,1078.3,66.18000030517578,70.56999969482422,1181.16,0.000574865127797,0.0006980280707002,2.78223450527193e-05,0.0,0.0,0.0,1804.87,1600.6928571428568,1078.1757142857143,1764.2063333333333,1561.4606666666666,1016.3506666666668,0.0,0.0,0.0,0.0,9.0,9.0,1.1111111111111112,6.0,russia_ukraine_war,international_geopolitics,2022-02-24,before
2021-11-12,1767.74,1575.03,1047.87,66.18000030517578,70.56999969482422,1179.23,-0.0234343925398859,-0.0190640492264767,-0.0282203468422517,0.0,0.0,-0.0016339869281046,1800.5542857142857,1597.9228571428573,1073.8814285714286,1766.678666666667,1564.2863333333332,1018.5716666666666,0.0,0.0,0.0,0.0,2.0,2.0,2.0,5.0,russia_ukraine_war,international_geopolitics,2022-02-24,before
2021-11-13,1751.17,1562.4,1043.87,66.18000030517578,70.56999969482422,1179.23,-0.0093735504089967,-0.0080188948781927,-0.0038172674091251,0.0,0.0,0.0,1793.4,1592.8971428571429,1068.9942857142858,1768.352666666667,1566.428,1020.6606666666668,0.0,0.0,0.0,0.0,0.0,0.0,0.0,0.0,russia_ukraine_war,international_geopolitics,2022-02-24,before
2021-11-14,1742.5,1555.81,1043.0,66.18000030517578,70.56999969482422,1179.23,-0.0049509756334337,-0.0042178699436764,-0.0008334371138167,0.0,0.0,0.0,1784.7628571428572,1586.75,1063.97,1769.4636666666668,1568.0666666666666,1022.7186666666664,0.0,0.0,0.0,0.0,1.0,1.0,2.0,2.0,russia_ukraine_war,international_geopolitics,2022-02-24,before
2021-11-15,1724.87,1542.16,1041.55,66.18000030517578,70.56999969482422,1181.61,-0.0101176470588235,-0.0087735648954563,-0.0013902205177372,0.0,0.0,0.0020182661567293,1773.2900000000002,1578.3628571428574,1058.7285714285713,1769.7283333333337,1568.9923333333331,1024.7266666666667,0.0,0.0,0.0,0.0,0.0,0.0,0.0,0.0,russia_ukraine_war,international_geopolitics,2022-02-24,before
2021-11-16,1711.92,1531.96,1040.55,66.18000030517578,70.56999969482422,1183.3,-0.007507812182947,-0.0066140997043108,-0.0009601075320435,0.0,0.0,0.0014302519443809,1759.64,1568.217142857143,1053.3442857142857,1769.4313333333334,1569.446333333333,1026.7050000000002,0.0,0.0,0.0,0.0,0.0,0.0,0.0,0.0,russia_ukraine_war,international_geopolitics,2022-02-24,before
2021-11-17,1704.62,1526.24,1040.07,66.18000030517578,70.56999969482422,1182.4,-0.0042642179541101,-0.003733778949842,-0.0004612945077122,0.0,0.0,-0.0007605848052056,1744.7114285714283,1557.0342857142855,1047.8871428571429,1768.7223333333336,1569.5286666666666,1028.6636666666666,0.0,0.0,0.0,0.0,1.0,1.0,-3.0,-3.0,russia_ukraine_war,international_geopolitics,2022-02-24,before
2021-11-18,1699.1,1521.82,1039.59,66.18000030517578,70.56999969482422,1183.42,-0.0032382583801667,-0.0028960058706364,-0.0004615073985404,0.0,0.0,0.0008626522327468,1728.8457142857144,1545.06,1042.357142857143,1767.6106666666667,1569.2416666666666,1030.604,1.0,1.0,0.0,0.0,0.0,0.0,0.0,0.0,russia_ukraine_war,international_geopolitics,2022-02-24,before
2021-11-19,1695.39,1518.74,1039.57,66.18000030517578,70.56999969482422,1184.93,-0.0021835089164851,-0.0020238924445729,-1.9238353581640943e-05,0.0,0.0,0.0012759628872252,1718.51,1537.0185714285712,1041.1714285714286,1766.1520000000005,1568.6236666666666,1032.544666666667,0.0,0.0,0.0,0.0,0.0,0.0,0.0,0.0,russia_ukraine_war,international_geopolitics,2022-02-24,before
2021-11-20,1692.72,1516.5,1039.58,66.18000030517578,70.56999969482422,1184.93,-0.0015748588820272,-0.0014749068306623,9.619361851509469e-06,0.0,0.0,0.0,1710.16,1530.4614285714283,1040.5585714285714,1764.443,1567.7653333333333,1034.4873333333333,0.0,0.0,0.0,0.0,0.0,0.0,0.0,0.0,russia_ukraine_war,international_geopolitics,2022-02-24,before
2021-11-21,1691.38,1515.15,1039.4,66.18000030517578,70.56999969482422,1184.93,-0.0007916253131055,-0.0008902077151334,-0.0001731468477652,0.0,0.0,0.0,1702.857142857143,1524.652857142857,1040.0442857142857,1762.532333333333,1566.7023333333334,1036.4316666666666,0.0,0.0,0.0,0.0,0.0,0.0,0.0,0.0,russia_ukraine_war,international_geopolitics,2022-02-24,before
2021-11-22,1688.88,1513.22,1039.31,66.18000030517578,70.56999969482422,1185.33,-0.0014780829854911,-0.0012738012738012,-8.658841639419546e-05,0.0,0.0,0.0003375726836183,1697.7157142857145,1520.5185714285712,1039.7242857142858,1760.3876666666663,1565.429666666667,1038.371666666667,1.0,1.0,0.0,0.0,0.0,0.0,0.0,0.0,russia_ukraine_war,international_geopolitics,2022-02-24,before
2021-11-23,1687.02,1511.62,1039.27,66.18000030517578,70.56999969482422,1190.31,-0.0011013215859031,-0.001057347907112,-3.8487073154236384e-05,0.0,0.0,0.0042013616461238,1694.1585714285716,1517.6128571428574,1039.5414285714285,1758.1053333333334,1564.036,1040.3096666666668,0.0,0.0,0.0,0.0,0.0,0.0,0.0,0.0,russia_ukraine_war,international_geopolitics,2022-02-24,before
2021-11-24,1685.6,1510.35,1039.1,66.18000030517578,70.56999969482422,1186.01,-0.0008417209043165,-0.0008401582408277,-0.000163576356481,0.0,0.0,-0.003612504305601,1691.4414285714286,1515.3428571428572,1039.402857142857,1755.678,1562.4913333333332,1042.243333333333,1.0,1.0,0.0,0.0,1.0,1.0,5.0,5.0,russia_ukraine_war,international_geopolitics,2022-02-24,before
2021-11-25,1684.46,1509.16,1039.07,66.18000030517578,70.56999969482422,1186.01,-0.0006763170384431,-0.000787896845102,-2.8871138485153654e-05,0.0,0.0,0.0,1689.35,1513.5342857142855,1039.3285714285714,1753.071333333333,1560.765666666667,1044.1746666666666,0.0,0.0,0.0,0.0,0.0,0.0,0.0,0.0,russia_ukraine_war,international_geopolitics,2022-02-24,before
2021-11-26,1683.16,1508.23,1039.1,66.18000030517578,70.56999969482422,1194.43,-0.0007717606829488,-0.0006162368469877,2.88719720518138e-05,0.0,0.0,0.0070994342374854,1687.6028571428574,1512.0328571428574,1039.2614285714285,1750.2866666666669,1558.8803333333333,1046.1046666666666,1.0,1.0,-7.0,-7.0,0.0,0.0,0.0,0.0,russia_ukraine_war,international_geopolitics,2022-02-24,before
2021-11-27,1681.57,1506.77,1038.9,66.18000030517578,70.56999969482422,1194.43,-0.0009446517265144,-0.0009680221186424,-0.0001924742565679,0.0,0.0,0.0,1686.01,1510.642857142857,1039.1642857142856,1747.3093333333334,1556.8100000000002,1048.025666666667,0.0,0.0,0.0,0.0,1.0,1.0,-3.0,-3.0,russia_ukraine_war,international_geopolitics,2022-02-24,before
2021-11-28,1680.79,1505.83,1038.9,66.18000030517578,70.56999969482422,1194.43,-0.0004638522333295,-0.0006238510190673,0.0,0.0,0.0,0.0,1684.497142857143,1509.3114285714285,1039.0928571428572,1744.187666666667,1554.5970000000002,1049.9483333333333,0.0,0.0,0.0,0.0,0.0,0.0,0.0,0.0,russia_ukraine_war,international_geopolitics,2022-02-24,before
2021-11-29,1679.52,1504.95,1039.02,66.18000030517578,70.56999969482422,1192.96,-0.0007555970704251,-0.0005843953168683,0.0001155067860236,0.0,0.0,-0.0012307125574542,1683.16,1508.13,1039.0514285714285,1740.8776666666668,1552.2146666666667,1051.875,0.0,0.0,0.0,0.0,1.0,1.0,0.0,0.0,russia_ukraine_war,international_geopolitics,2022-02-24,before
2021-11-30,1678.25,1503.76,1038.97,66.18000030517578,70.56999969482422,1187.45,-0.0007561684290749,-0.0007907239443171,-4.812226906114603e-05,0.0,0.0,-0.0046187634120171,1681.9071428571426,1507.007142857143,1039.0085714285717,1737.456,1549.7296666666666,1053.7953333333332,0.0,0.0,0.0,0.0,0.0,0.0,0.0,0.0,russia_ukraine_war,international_geopolitics,2022-02-24,before
2021-12-01,1675.88,1501.52,1083.78,75.20999908447266,77.77999877929688,1189.8900146484375,-0.0014121853120809,-0.0014895994041602,0.0431292530101927,0.136446037135945,0.1021680475506854,0.0020548356970293,1680.5185714285717,1505.7457142857145,1045.3914285714286,1733.8343333333332,1547.0466666666666,1054.2806666666663,1.0,1.0,3.0,3.0,0.0,0.0,0.0,0.0,russia_ukraine_war,international_geopolitics,2022-02-24,before
2021-12-02,1673.98,1499.73,1086.39,75.20999908447266,77.77999877929688,1175.18,-0.0011337327254935,-0.0011921253130161,0.0024082378342469,0.0,0.0,-0.0123624994472986,1679.0214285714285,1504.3985714285716,1052.1514285714286,1730.0283333333332,1544.1923333333334,1054.640666666667,0.0,0.0,0.0,0.0,0.0,0.0,0.0,0.0,russia_ukraine_war,international_geopolitics,2022-02-24,before
2021-12-03,1672.11,1497.83,1087.02,75.20999908447266,77.77999877929688,1179.84,-0.001117098173216,-0.0012668947077141,0.0005799022450501,0.0,0.0,0.0039653499889378,1677.4428571428573,1502.912857142857,1058.997142857143,1726.0556666666666,1541.1753333333331,1054.9656666666667,0.0,0.0,0.0,0.0,1.0,1.0,5.0,5.0,russia_ukraine_war,international_geopolitics,2022-02-24,before
2021-12-04,1670.22,1495.88,1087.56,75.20999908447266,77.77999877929688,1179.84,-0.0011303084127239,-0.0013018833913059,0.0004967709885741,0.0,0.0,0.0,1675.821428571429,1501.357142857143,1065.9485714285715,1721.898,1537.9836666666667,1055.289,0.0,0.0,0.0,0.0,1.0,1.0,-3.0,-3.0,russia_ukraine_war,international_geopolitics,2022-02-24,before
2021-12-05,1669.44,1494.93,1087.7,75.20999908447266,77.77999877929688,1179.84,-0.0004670043467327,-0.0006350776800277,0.0001287285299202,0.0,0.0,0.0,1674.2,1499.8,1072.9199999999998,1717.6143333333334,1534.6673333333335,1055.6146666666666,0.0,0.0,0.0,0.0,2.0,2.0,1.0,3.0,russia_ukraine_war,international_geopolitics,2022-02-24,before
2021-12-06,1667.87,1493.43,1087.92,75.20999908447266,77.77999877929688,1182.29,-0.000940435115967,-0.0010033914631454,0.0002022616530292,0.0,0.0,0.0020765527529156,1672.5357142857142,1498.1542857142856,1079.9057142857143,1713.1683333333335,1531.1956666666667,1055.9426666666666,1.0,1.0,3.0,3.0,0.0,0.0,0.0,0.0,russia_ukraine_war,international_geopolitics,2022-02-24,before
2021-12-07,1664.87,1489.98,1087.99,75.20999908447266,77.77999877929688,1179.24,-0.0017987013376342,-0.0023101183182339,6.434296639445947e-05,0.0,0.0,-0.0025797393194563,1670.624285714286,1496.185714285714,1086.9085714285711,1708.5653333333332,1527.5669999999998,1056.27,0.0,0.0,0.0,0.0,0.0,0.0,0.0,0.0,russia_ukraine_war,international_geopolitics,2022-02-24,before
2021-12-08,1662.05,1486.87,1087.95,75.20999908447266,77.77999877929688,1175.19,-0.0016938259443679,-0.0020872763392798,-3.67650437963496e-05,0.0,0.0,-0.0034344153861809,1668.6485714285714,1494.0928571428572,1087.5042857142855,1703.794333333333,1523.767,1056.5936666666666,1.0,1.0,0.0,0.0,0.0,0.0,0.0,0.0,russia_ukraine_war,international_geopolitics,2022-02-24,before
2021-12-09,1659.45,1483.64,1088.05,75.20999908447266,77.77999877929688,1173.59,-0.0015643332029722,-0.0021723486249637,9.191598878621754e-05,0.0,0.0,-0.0013614819731279,1666.5728571428572,1491.7942857142857,1087.7414285714283,1698.8603333333335,1519.789,1056.9206666666666,1.0,1.0,0.0,0.0,0.0,0.0,0.0,0.0,russia_ukraine_war,international_geopolitics,2022-02-24,before
2021-12-10,1656.65,1480.84,1087.89,75.20999908447266,77.77999877929688,1180.99,-0.0016873060351321,-0.0018872502763475,-0.0001470520656218,0.0,0.0,0.006305438867066,1664.3642857142856,1489.3671428571429,1087.8657142857144,1693.778,1515.6663333333336,1057.2413333333332,0.0,0.0,0.0,0.0,1.0,1.0,0.0,0.0,russia_ukraine_war,international_geopolitics,2022-02-24,before
2021-12-11,1654.4,1478.23,1087.97,75.20999908447266,77.77999877929688,1180.99,-0.0013581625569674,-0.0017625131682017,7.353684655608816e-05,0.0,0.0,0.0,1662.1042857142857,1486.8457142857144,1087.9242857142858,1688.5859999999998,1511.4193333333335,1057.563666666667,0.0,0.0,0.0,0.0,1.0,1.0,-5.0,-5.0,russia_ukraine_war,international_geopolitics,2022-02-24,before
2021-12-12,1653.53,1477.06,1087.95,75.20999908447266,77.77999877929688,1180.99,-0.0005258704061896,-0.0007914871163486,-1.838285982147525e-05,0.0,0.0,0.0,1659.8314285714284,1484.2928571428572,1087.96,1684.7789999999998,1508.1536666666666,1058.8996666666667,0.0,0.0,0.0,0.0,0.0,0.0,0.0,0.0,russia_ukraine_war,international_geopolitics,2022-02-24,before
2021-12-13,1651.59,1475.23,1087.94,75.20999908447266,77.77999877929688,1184.19,-0.0011732475370873,-0.0012389476392292,-9.191598878577343e-06,0.0,0.0,0.0027095911057672,1657.5057142857145,1481.6928571428573,1087.962857142857,1681.4596666666666,1505.248,1060.3686666666667,0.0,0.0,0.0,0.0,0.0,0.0,0.0,0.0,russia_ukraine_war,international_geopolitics,2022-02-24,before
2021-12-14,1649.23,1472.46,1087.92,75.20999908447266,77.77999877929688,1182.7,-0.0014289260651856,-0.001877673311958,-1.838336672976837e-05,0.0,0.0,-0.0012582440317854,1655.2714285714285,1479.19,1087.952857142857,1678.3506666666667,1502.4696666666666,1061.866,0.0,0.0,0.0,0.0,0.0,0.0,0.0,0.0,russia_ukraine_war,international_geopolitics,2022-02-24,before
2021-12-15,1646.71,1469.52,1087.76,75.20999908447266,77.77999877929688,1186.06,-0.0015279857873068,-0.0019966586528666,-0.0001470696374734,0.0,0.0,0.002840957131986,1653.0800000000002,1476.7114285714283,1087.9257142857143,1675.7453333333333,1500.0483333333334,1063.4063333333334,1.0,1.0,2.0,2.0,0.0,0.0,0.0,0.0,russia_ukraine_war,international_geopolitics,2022-02-24,before
2021-12-16,1643.44,1466.11,1087.91,75.20999908447266,77.77999877929688,1183.59,-0.0019857777022062,-0.0023204856007403,0.0001378980657498,0.0,0.0,-0.0020825253359864,1650.792857142857,1474.207142857143,1087.9057142857143,1673.4626666666666,1497.8533333333332,1064.985,0.0,0.0,0.0,0.0,1.0,1.0,2.0,2.0,russia_ukraine_war,international_geopolitics,2022-02-24,before
2021-12-17,1641.08,1463.39,1087.72,75.20999908447266,77.77999877929688,1181.03,-0.0014360122669523,-0.0018552496061003,-0.0001746467998272,0.0,0.0,-0.0021629111432167,1648.5685714285714,1471.7142857142858,1087.8814285714286,1671.3446666666666,1495.7583333333334,1066.5733333333333,0.0,0.0,0.0,0.0,0.0,0.0,0.0,0.0,russia_ukraine_war,international_geopolitics,2022-02-24,before
2021-12-18,1639.44,1461.35,1087.63,75.20999908447266,77.77999877929688,1181.03,-0.0009993418967996,-0.0013940234660617,-8.274188210188882e-05,0.0,0.0,0.0,1646.4314285714286,1469.3028571428572,1087.8328571428572,1669.356,1493.7426666666663,1068.1746666666668,0.0,0.0,0.0,0.0,0.0,0.0,0.0,0.0,russia_ukraine_war,international_geopolitics,2022-02-24,before
2021-12-19,1638.75,1460.26,1087.63,75.20999908447266,77.77999877929688,1181.03,-0.0004208754208754,-0.0007458856536763,0.0,0.0,0.0,0.0,1644.32,1466.902857142857,1087.787142857143,1667.468,1491.7933333333333,1069.7766666666666,0.0,0.0,0.0,0.0,1.0,1.0,-5.0,-5.0,russia_ukraine_war,international_geopolitics,2022-02-24,before
2021-12-20,1636.81,1458.47,1087.65,75.20999908447266,77.77999877929688,1191.07,-0.0011838291380625,-0.0012258091024885,1.838860641933948e-05,0.0,0.0,0.0085010541645851,1642.2085714285713,1464.5085714285713,1087.7457142857145,1665.6043333333332,1489.859,1071.379,1.0,1.0,-1.0,-1.0,0.0,0.0,0.0,0.0,russia_ukraine_war,international_geopolitics,2022-02-24,before
2021-12-21,1634.46,1455.64,1087.56,75.20999908447266,77.77999877929688,1192.35,-0.0014357194787421,-0.0019403895863472,-8.274720728185248e-05,0.0,0.0,0.001074663957618,1640.0985714285714,1462.1057142857146,1087.6942857142858,1663.707,1487.8753333333332,1072.984333333333,0.0,0.0,0.0,0.0,0.0,0.0,0.0,0.0,russia_ukraine_war,international_geopolitics,2022-02-24,before
2021-12-22,1632.31,1453.08,1087.63,75.20999908447266,77.77999877929688,1190.21,-0.0013154191598448,-0.0017586765958617,6.436426496025938e-05,0.0,0.0,-0.0017947750241119,1638.0414285714285,1459.7571428571428,1087.6757142857143,1661.8213333333335,1485.8706666666665,1074.595,1.0,1.0,2.0,2.0,0.0,0.0,0.0,0.0,russia_ukraine_war,international_geopolitics,2022-02-24,before
2021-12-23,1630.71,1451.15,1087.52,75.20999908447266,77.77999877929688,1187.59,-0.0009802059657785,-0.0013282131747734,-0.0001011373353071,0.0,0.0,-0.002201292208938,1636.2228571428573,1457.62,1087.62,1659.9443333333334,1483.855,1076.2033333333334,0.0,0.0,0.0,0.0,0.0,0.0,0.0,0.0,russia_ukraine_war,international_geopolitics,2022-02-24,before
2021-12-24,1629.16,1449.37,1087.48,75.20999908447266,77.77999877929688,1187.59,-0.0009505062212165,-0.0012266133755988,-3.678093276437977e-05,0.0,0.0,0.0,1634.5200000000002,1455.6171428571429,1087.5857142857144,1658.063,1481.8223333333335,1077.816,0.0,0.0,0.0,0.0,0.0,0.0,0.0,0.0,russia_ukraine_war,international_geopolitics,2022-02-24,before
2021-12-25,1628.1,1447.97,1087.59,75.20999908447266,77.77999877929688,1187.59,-0.0006506420486632,-0.0009659369243187,0.0001011512855408,0.0,0.0,0.0,1632.9,1453.7057142857143,1087.5800000000002,1656.1843333333334,1479.7826666666665,1079.4333333333334,0.0,0.0,0.0,0.0,0.0,0.0,0.0,0.0,russia_ukraine_war,international_geopolitics,2022-02-24,before
2021-12-26,1627.82,1447.53,1087.57,75.20999908447266,77.77999877929688,1187.59,-0.0001719796081322,-0.0003038736990407,-1.838928272601681e-05,0.0,0.0,0.0,1631.3385714285716,1451.8871428571426,1087.571428571429,1654.3396666666663,1477.7593333333336,1081.049,0.0,0.0,0.0,0.0,0.0,0.0,0.0,0.0,russia_ukraine_war,international_geopolitics,2022-02-24,before
2021-12-27,1627.07,1446.92,1087.65,75.20999908447266,77.77999877929688,1186.82,-0.0004607389023356,-0.0004214075010534,7.355848359202888e-05,0.0,0.0,-0.0006483719128654,1629.947142857143,1450.2371428571428,1087.571428571429,1652.523,1475.7643333333333,1082.674,0.0,0.0,0.0,0.0,0.0,0.0,0.0,0.0,russia_ukraine_war,international_geopolitics,2022-02-24,before
2021-12-28,1626.06,1445.68,1087.7,75.20999908447266,77.77999877929688,1188.15,-0.0006207477244372,-0.0008569927846736,4.5970670712103257e-05,0.0,0.0,0.0011206417148348,1628.7471428571428,1448.814285714286,1087.5914285714289,1650.698666666667,1473.7593333333332,1084.3006666666668,0.0,0.0,0.0,0.0,0.0,0.0,0.0,0.0,russia_ukraine_war,international_geopolitics,2022-02-24,before
2021-12-29,1625.31,1444.7,1087.7,75.20999908447266,77.77999877929688,1185.51,-0.0004612375927087,-0.0006778816888938,0.0,0.0,0.0,-0.0022219416740311,1627.7471428571428,1447.6171428571429,1087.6014285714286,1648.8916666666669,1471.751,1085.9233333333334,0.0,0.0,0.0,0.0,0.0,0.0,0.0,0.0,russia_ukraine_war,international_geopolitics,2022-02-24,before
2021-12-30,1624.93,1444.0,1087.66,75.20999908447266,77.77999877929688,1188.59,-0.0002338015517039,-0.0004845296601371,-3.6774846005283024e-05,0.0,0.0,0.0025980379752172,1626.9214285714284,1446.5957142857144,1087.6214285714286,1647.1143333333334,1469.7589999999998,1087.5463333333337,0.0,0.0,0.0,0.0,0.0,0.0,0.0,0.0,russia_ukraine_war,international_geopolitics,2022-02-24,before
2021-12-31,1624.47,1443.58,1087.51,75.20999908447266,77.77999877929688,1188.59,-0.000283089117685,-0.0002908587257618,-0.0001379107441664,0.0,0.0,0.0,1626.2514285714285,1445.7685714285717,1087.6257142857144,1645.400666666667,1467.8276666666668,1087.6706666666666,0.0,0.0,0.0,0.0,1.0,1.0,5.0,5.0,russia_ukraine_war,international_geopolitics,2022-02-24,before
2022-01-01,1623.79,1442.42,1075.02,88.1500015258789,91.20999908447266,1207.7099609375,-0.0004185980658307,-0.0008035578215269,-0.0114849518625116,0.1720516234400242,0.1726665018764506,0.0160862542487316,1625.6357142857144,1444.9757142857145,1085.8300000000002,1643.727666666667,1465.917333333333,1087.2916666666667,0.0,0.0,0.0,0.0,1.0,1.0,1.0,1.0,russia_ukraine_war,international_geopolitics,2022-02-24,before
2022-01-02,1623.4,1442.09,1074.42,88.1500015258789,91.20999908447266,1207.7099609375,-0.0002401788408599,-0.0002287821854939,-0.0005581291510854,0.0,0.0,0.0,1625.0042857142855,1444.1985714285715,1083.9514285714288,1642.104,1464.0593333333336,1086.871666666667,0.0,0.0,0.0,0.0,0.0,0.0,0.0,0.0,russia_ukraine_war,international_geopolitics,2022-02-24,before
2022-01-03,1623.03,1441.82,1073.21,88.1500015258789,91.20999908447266,1191.39,-0.0002279167179993,-0.0001872282589852,-0.0011261890136073,0.0,0.0,-0.013513145925228,1624.4271428571428,1443.47,1081.8885714285714,1640.531,1462.2573333333337,1086.3933333333334,0.0,0.0,0.0,0.0,0.0,0.0,0.0,0.0,russia_ukraine_war,international_geopolitics,2022-02-24,before
2022-01-04,1622.32,1440.91,1072.63,88.1500015258789,91.20999908447266,1193.77,-0.000437453405051,-0.000631146745086,-0.0005404347704549,0.0,0.0,0.0019976665911245,1623.892857142857,1442.7885714285717,1079.7357142857145,1638.9603333333334,1460.4566666666665,1085.891,0.0,0.0,0.0,0.0,1.0,1.0,0.0,0.0,russia_ukraine_war,international_geopolitics,2022-02-24,before
2022-01-05,1621.79,1440.23,1072.31,88.1500015258789,91.20999908447266,1196.38,-0.000326692637704,-0.0004719239924769,-0.0002983321368973,0.0,0.0,0.002186350804594,1623.39,1442.15,1077.537142857143,1637.4243333333334,1458.6833333333334,1085.3706666666667,0.0,0.0,0.0,0.0,0.0,0.0,0.0,0.0,russia_ukraine_war,international_geopolitics,2022-02-24,before
2022-01-06,1621.22,1439.42,1072.08,88.1500015258789,91.20999908447266,1205.02,-0.0003514635063724,-0.0005624101705976,-0.0002144902127183,0.0,0.0,0.0072217857202558,1622.86,1441.4957142857145,1075.311428571429,1635.9693333333332,1456.998,1084.840333333333,0.0,0.0,0.0,0.0,0.0,0.0,0.0,0.0,russia_ukraine_war,international_geopolitics,2022-02-24,before
2022-01-07,1620.98,1439.13,1071.91,88.1500015258789,91.20999908447266,1200.78,-0.000148036663747,-0.0002014700365424,-0.0001585702559508,0.0,0.0,-0.0035186137989411,1622.3614285714284,1440.86,1073.0828571428572,1634.6003333333333,1455.4066666666663,1084.3056666666666,0.0,0.0,0.0,0.0,0.0,0.0,0.0,0.0,russia_ukraine_war,international_geopolitics,2022-02-24,before
2022-01-08,1621.4,1439.46,1071.96,88.1500015258789,91.20999908447266,1200.78,0.0002591025182296,0.000229305205228,4.664570719548067e-05,0.0,0.0,0.0,1622.02,1440.4371428571428,1072.6457142857143,1633.332,1453.9340000000002,1083.7693333333334,0.0,0.0,0.0,0.0,0.0,0.0,0.0,0.0,russia_ukraine_war,international_geopolitics,2022-02-24,before
2022-01-09,1621.3,1439.18,1071.86,88.1500015258789,91.20999908447266,1200.78,-6.167509559651396e-05,-0.000194517388465,-9.328706295019806e-05,0.0,0.0,0.0,1621.72,1440.0214285714285,1072.28,1632.1536666666664,1452.5453333333332,1083.235,0.0,0.0,0.0,0.0,0.0,0.0,0.0,0.0,russia_ukraine_war,international_geopolitics,2022-02-24,before
2022-01-10,1621.45,1439.54,1071.82,88.1500015258789,91.20999908447266,1199.13,9.251834947265893e-05,0.0002501424422238,-3.7318306495226494e-05,0.0,0.0,-0.00137410683056,1621.4942857142855,1439.695714285714,1072.0814285714284,1631.0553333333337,1451.255666666667,1082.6966666666667,0.0,0.0,0.0,0.0,0.0,0.0,0.0,0.0,russia_ukraine_war,international_geopolitics,2022-02-24,before
2022-01-11,1621.56,1439.59,1071.75,88.1500015258789,91.20999908447266,1194.62,6.784051312092032e-05,3.473331758763187e-05,-6.530947360561257e-05,0.0,0.0,-0.0037610601019073,1621.3857142857144,1439.5071428571428,1071.9557142857143,1629.9896666666668,1450.006666666667,1082.1566666666668,0.0,0.0,0.0,0.0,0.0,0.0,0.0,0.0,russia_ukraine_war,international_geopolitics,2022-02-24,before
2022-01-12,1622.04,1439.93,1071.47,88.1500015258789,91.20999908447266,1187.34,0.0002960112484273,0.0002361783563376,-0.0002612549568462,0.0,0.0,-0.006093988046408,1621.4214285714284,1439.4642857142858,1071.8357142857144,1629.0046666666667,1448.8300000000002,1081.6076666666663,0.0,0.0,0.0,0.0,0.0,0.0,0.0,0.0,russia_ukraine_war,international_geopolitics,2022-02-24,before
2022-01-13,1623.2,1441.22,1071.44,88.1500015258789,91.20999908447266,1187.95,0.0007151488249366,0.0008958768829039,-2.7998917375149368e-05,0.0,0.0,0.0005137534320414,1621.7042857142858,1439.7214285714288,1071.7442857142858,1628.1369999999995,1447.7886666666668,1081.0583333333334,0.0,0.0,0.0,0.0,0.0,0.0,0.0,0.0,russia_ukraine_war,international_geopolitics,2022-02-24,before
2022-01-14,1624.78,1442.77,1071.34,88.1500015258789,91.20999908447266,1186.96,0.0009733859043863,0.0010754777202648,-9.33323377885209e-05,0.0,0.0,-0.0008333684077612,1622.2471428571428,1440.2414285714283,1071.662857142857,1627.406,1446.897,1080.511,0.0,0.0,0.0,0.0,1.0,1.0,0.0,0.0,russia_ukraine_war,international_geopolitics,2022-02-24,before
2022-01-15,1626.33,1444.25,1071.37,88.1500015258789,91.20999908447266,1186.96,0.0009539753074261,0.0010258045287883,2.8002314857999977e-05,0.0,0.0,0.0,1622.9514285714286,1440.9257142857143,1071.5785714285714,1626.8356666666666,1446.1683333333335,1079.9596666666666,0.0,0.0,0.0,0.0,0.0,0.0,0.0,0.0,russia_ukraine_war,international_geopolitics,2022-02-24,before
2022-01-16,1627.47,1445.13,1071.35,88.1500015258789,91.20999908447266,1186.96,0.0007009647488518,0.0006093127921067,-1.8667687166851188e-05,0.0,0.0,0.0,1623.8328571428572,1441.7757142857142,1071.5057142857142,1626.382,1445.5596666666663,1079.414,0.0,0.0,0.0,0.0,0.0,0.0,0.0,0.0,russia_ukraine_war,international_geopolitics,2022-02-24,before
2022-01-17,1629.3,1447.28,1071.27,88.1500015258789,91.20999908447266,1186.96,0.0011244446902247,0.0014877554268473,-7.467214262368849e-05,0.0,0.0,0.0,1624.9542857142858,1442.8814285714284,1071.4271428571428,1626.044,1445.0906666666667,1078.8686666666665,0.0,0.0,0.0,0.0,0.0,0.0,0.0,0.0,russia_ukraine_war,international_geopolitics,2022-02-24,before
2022-01-18,1631.44,1449.5,1071.38,88.1500015258789,91.20999908447266,1192.74,0.0013134474927882,0.00153391188989,0.0001026818635825,0.0,0.0,0.0048695827997573,1626.365714285714,1444.2971428571432,1071.3742857142856,1625.8003333333331,1444.7320000000002,1078.327,0.0,0.0,0.0,0.0,0.0,0.0,0.0,0.0,russia_ukraine_war,international_geopolitics,2022-02-24,before
2022-01-19,1634.23,1452.22,1071.42,88.1500015258789,91.20999908447266,1188.51,0.0017101456382091,0.001876509141083,3.733502585445692e-05,0.0,0.0,-0.0035464560591579,1628.107142857143,1446.0528571428572,1071.3671428571429,1625.7143333333331,1444.5236666666667,1077.786,0.0,0.0,0.0,0.0,0.0,0.0,0.0,0.0,russia_ukraine_war,international_geopolitics,2022-02-24,before
2022-01-20,1637.65,1455.85,1071.43,88.1500015258789,91.20999908447266,1191.96,0.0020927286856806,0.0024996212695045,9.333408000689047e-06,0.0,0.0,0.0029027942549915,1630.1714285714284,1448.142857142857,1071.3657142857144,1625.8206666666667,1444.5306666666668,1077.2483333333332,0.0,0.0,0.0,0.0,2.0,2.0,0.0,0.0,russia_ukraine_war,international_geopolitics,2022-02-24,before
2022-01-21,1641.46,1459.98,1071.41,88.1500015258789,91.20999908447266,1193.87,0.002326504442341,0.0028368307174504,-1.8666641777742576e-05,0.0,0.0,0.0016024027651933,1632.554285714286,1450.6014285714286,1071.3757142857144,1626.1256666666666,1444.7606666666666,1076.707666666667,0.0,0.0,0.0,0.0,0.0,0.0,0.0,0.0,russia_ukraine_war,international_geopolitics,2022-02-24,before
2022-01-22,1644.44,1462.91,1071.39,88.1500015258789,91.20999908447266,1193.87,0.0018154569712329,0.0020068768065315,-1.866699022778917e-05,0.0,0.0,0.0,1635.1414285714288,1453.267142857143,1071.3785714285716,1626.5833333333333,1445.1526666666666,1076.17,0.0,0.0,0.0,0.0,0.0,0.0,0.0,0.0,russia_ukraine_war,international_geopolitics,2022-02-24,before
2022-01-23,1645.89,1464.12,1071.41,88.1500015258789,91.20999908447266,1193.87,0.0008817591398895,0.0008271185513804,1.866733869082537e-05,0.0,0.0,0.0,1637.7728571428572,1455.98,1071.387142857143,1627.141,1445.6443333333332,1075.6343333333334,0.0,0.0,0.0,0.0,0.0,0.0,0.0,0.0,russia_ukraine_war,international_geopolitics,2022-02-24,before
2022-01-24,1648.45,1466.92,1071.45,88.1500015258789,91.20999908447266,1195.68,0.0015553894853239,0.0019124115509658,3.733398045557834e-05,0.0,0.0,0.0015160779649376,1640.5085714285717,1458.7857142857142,1071.412857142857,1627.8193333333334,1446.2760000000003,1075.0963333333334,1.0,1.0,2.0,2.0,0.0,0.0,0.0,0.0,russia_ukraine_war,international_geopolitics,2022-02-24,before
2022-01-25,1650.81,1469.52,1071.41,88.1500015258789,91.20999908447266,1198.66,0.0014316479116744,0.0017724211272598,-3.733258668159323e-05,0.0,0.0,0.0024923056336143,1643.2757142857142,1461.6457142857143,1071.4171428571428,1628.5856666666666,1447.0089999999998,1074.5576666666668,0.0,0.0,0.0,0.0,0.0,0.0,0.0,0.0,russia_ukraine_war,international_geopolitics,2022-02-24,before
2022-01-26,1653.39,1472.22,1071.25,88.1500015258789,91.20999908447266,1197.46,0.0015628691369691,0.0018373346398823,-0.0001493359218227,0.0,0.0,-0.0010011179150051,1646.0128571428572,1464.5028571428572,1071.392857142857,1629.4630000000002,1447.8523333333333,1074.011,1.0,1.0,2.0,2.0,1.0,1.0,3.0,3.0,russia_ukraine_war,international_geopolitics,2022-02-24,before
2022-01-27,1656.26,1475.31,1071.3,88.1500015258789,91.20999908447266,1202.65,0.0017358276026828,0.0020988710926355,4.667444574102397e-05,0.0,0.0,0.0043341740016369,1648.6714285714286,1467.282857142857,1071.3742857142856,1630.4696666666666,1448.84,1073.4643333333331,0.0,0.0,0.0,0.0,0.0,0.0,0.0,0.0,russia_ukraine_war,international_geopolitics,2022-02-24,before
2022-01-28,1659.44,1478.31,1071.43,88.1500015258789,91.20999908447266,1209.04,0.001919988407617,0.002033470931533,0.0001213478950807,0.0,0.0,0.0053132665363986,1651.24,1469.9014285714286,1071.3771428571429,1631.6073333333334,1449.9603333333334,1072.922,0.0,0.0,0.0,0.0,0.0,0.0,0.0,0.0,russia_ukraine_war,international_geopolitics,2022-02-24,before
2022-01-29,1662.55,1481.21,1071.41,88.1500015258789,91.20999908447266,1209.04,0.0018741262112518,0.0019616995082223,-1.8666641777742576e-05,0.0,0.0,0.0,1653.8271428571427,1472.5157142857145,1071.38,1632.8613333333335,1451.2006666666668,1072.3803333333333,0.0,0.0,0.0,0.0,0.0,0.0,0.0,0.0,russia_ukraine_war,international_geopolitics,2022-02-24,before
2022-01-30,1664.47,1483.0,1071.38,88.1500015258789,91.20999908447266,1209.04,0.0011548524856395,0.0012084714523936,-2.800048534168376e-05,0.0,0.0,0.0,1656.4814285714288,1475.2128571428573,1071.3757142857144,1634.1946666666663,1452.5146666666667,1071.842666666667,0.0,0.0,0.0,0.0,1.0,1.0,-1.0,-1.0,russia_ukraine_war,international_geopolitics,2022-02-24,before
2022-01-31,1666.03,1484.35,1071.42,88.1500015258789,91.20999908447266,1206.78,0.0009372352760939,0.0009103169251516,3.733502585445692e-05,0.0,0.0,-0.0018692516376629,1658.992857142857,1477.7028571428568,1071.3714285714286,1635.602666666667,1453.9123333333334,1071.7226666666668,1.0,1.0,2.0,2.0,0.0,0.0,0.0,0.0,russia_ukraine_war,international_geopolitics,2022-02-24,before
2022-02-01,1667.71,1485.89,1056.23,95.72000122070312,100.98999786376952,1197.5899658203125,0.0010083852031477,0.0010374911577459,-0.0141774467529074,0.0858763421870369,0.1072250726615979,-0.0076153351726805,1661.4071428571428,1480.0414285714287,1069.2028571428573,1637.0796666666668,1455.3723333333332,1071.1163333333334,1.0,1.0,0.0,0.0,0.0,0.0,0.0,0.0,russia_ukraine_war,international_geopolitics,2022-02-24,before
2022-02-02,1668.81,1487.05,1054.52,95.72000122070312,100.98999786376952,1201.7,0.0006595870984762,0.0007806769007125,-0.0016189655662119,0.0,0.0,0.0034319210222109,1663.61,1482.16,1066.8128571428572,1638.6056666666666,1456.88,1070.493333333333,1.0,1.0,2.0,2.0,0.0,0.0,0.0,0.0,russia_ukraine_war,international_geopolitics,2022-02-24,before
2022-02-03,1671.13,1489.71,1052.99,95.72000122070312,100.98999786376952,1206.35,0.0013902121871274,0.0017887764365691,-0.0014508970906194,0.0,0.0,0.0038695181825745,1665.7342857142855,1484.217142857143,1064.197142857143,1640.2326666666663,1458.506666666667,1069.8386666666668,0.0,0.0,0.0,0.0,1.0,1.0,-2.0,-2.0,russia_ukraine_war,international_geopolitics,2022-02-24,before
2022-02-04,1674.67,1493.54,1052.28,95.72000122070312,100.98999786376952,1199.43,0.0021183271199727,0.0025709701888285,-0.0006742704109251,0.0,0.0,-0.0057363120155841,1667.91,1486.392857142857,1061.4614285714283,1641.9953333333333,1460.2836666666667,1069.171,2.0,2.0,3.0,3.0,0.0,0.0,0.0,0.0,russia_ukraine_war,international_geopolitics,2022-02-24,before
2022-02-05,1680.26,1499.0,1051.72,95.72000122070312,100.98999786376952,1199.43,0.0033379710629557,0.0036557440711331,-0.0005321777473675,0.0,0.0,0.0,1670.44,1488.9342857142856,1058.6485714285716,1643.9633333333334,1462.2696666666668,1068.4923333333334,0.0,0.0,0.0,0.0,0.0,0.0,0.0,0.0,russia_ukraine_war,international_geopolitics,2022-02-24,before
2022-02-06,1682.78,1501.32,1051.55,95.72000122070312,100.98999786376952,1199.43,0.0014997678930641,0.0015476984656437,-0.0001616399802228,0.0,0.0,0.0,1673.0557142857142,1491.5514285714285,1055.8157142857142,1646.0233333333333,1464.342666666667,1067.813666666667,0.0,0.0,0.0,0.0,2.0,2.0,-1.5,0.0,russia_ukraine_war,international_geopolitics,2022-02-24,before
2022-02-07,1686.54,1505.56,1051.42,95.72000122070312,100.98999786376952,1198.64,0.0022343978416667,0.0028241813870459,-0.0001236270267699,0.0,0.0,-0.0006586461902736,1675.9857142857145,1494.5814285714284,1052.9585714285715,1648.1946666666663,1466.5459999999998,1067.129,0.0,0.0,0.0,0.0,0.0,0.0,0.0,0.0,russia_ukraine_war,international_geopolitics,2022-02-24,before
2022-02-08,1691.81,1511.18,1050.92,95.72000122070312,100.98999786376952,1198.05,0.0031247405931671,0.003732830308988,-0.0004755473550056,0.0,0.0,-0.000492224521124,1679.428571428571,1498.1942857142856,1052.2,1650.5450000000003,1468.946,1066.431,0.0,0.0,0.0,0.0,0.0,0.0,0.0,0.0,russia_ukraine_war,international_geopolitics,2022-02-24,before
2022-02-09,1697.01,1516.69,1050.7,95.72000122070312,100.98999786376952,1196.36,0.003073631199721,0.0036461573075345,-0.00020934038747,0.0,0.0,-0.0014106255999333,1683.457142857143,1502.428571428571,1051.6542857142856,1653.0636666666664,1471.5176666666669,1065.727,0.0,0.0,0.0,0.0,0.0,0.0,0.0,0.0,russia_ukraine_war,international_geopolitics,2022-02-24,before
2022-02-10,1700.89,1521.1,1050.58,95.72000122070312,100.98999786376952,1196.31,0.0022863742700396,0.0029076475746525,-0.0001142095745694,0.0,0.0,-4.179344010157848e-05,1687.7085714285713,1506.912857142857,1051.31,1655.708,1474.2346666666667,1065.0213333333334,2.0,2.0,0.0,0.0,0.0,0.0,0.0,0.0,russia_ukraine_war,international_geopolitics,2022-02-24,before
2022-02-11,1704.32,1524.75,1050.12,95.72000122070312,100.98999786376952,1198.72,0.0020165913139591,0.0023995792518571,-0.0004378533762302,0.0,0.0,0.0020145280069547,1691.9442857142858,1511.3714285714286,1051.0014285714285,1658.4506666666668,1477.062,1064.3096666666668,0.0,0.0,0.0,0.0,1.0,1.0,0.0,0.0,russia_ukraine_war,international_geopolitics,2022-02-24,before
2022-02-12,1708.23,1528.91,1049.96,95.72000122070312,100.98999786376952,1198.72,0.0022941701088998,0.0027283161173963,-0.0001523635394048,0.0,0.0,0.0,1695.94,1515.6442857142858,1050.75,1661.285,1479.985,1063.5936666666666,1.0,1.0,2.0,2.0,0.0,0.0,0.0,0.0,russia_ukraine_war,international_geopolitics,2022-02-24,before
2022-02-13,1710.46,1531.22,1049.93,95.72000122070312,100.98999786376952,1198.72,0.0013054448171498,0.0015108803003447,-2.857251704824204e-05,0.0,0.0,0.0,1699.8942857142858,1519.9157142857143,1050.5185714285717,1664.1409999999998,1482.9333333333334,1062.88,0.0,0.0,0.0,0.0,1.0,1.0,0.0,0.0,russia_ukraine_war,international_geopolitics,2022-02-24,before
2022-02-14,1714.12,1535.33,1049.9,95.72000122070312,100.98999786376952,1196.21,0.0021397752651333,0.0026841342197723,-2.857333346029112e-05,0.0,0.0,-0.0020939001601708,1703.8342857142857,1524.168571428571,1050.3014285714287,1667.0673333333334,1485.9693333333337,1062.1643333333334,1.0,1.0,6.0,6.0,0.0,0.0,0.0,0.0,russia_ukraine_war,international_geopolitics,2022-02-24,before
2022-02-15,1718.64,1540.24,1049.96,95.72000122070312,100.98999786376952,1199.78,0.0026369215690851,0.0031980095484358,5.714829983793912e-05,0.0,0.0,0.0029844258115212,1707.6671428571428,1528.3200000000002,1050.1642857142858,1670.1063333333334,1489.1396666666667,1061.4513333333334,1.0,1.0,0.0,0.0,0.0,0.0,0.0,0.0,russia_ukraine_war,international_geopolitics,2022-02-24,before
2022-02-16,1722.69,1545.08,1049.77,95.72000122070312,100.98999786376952,1197.51,0.0023565144532886,0.0031423674232586,-0.0001809592746391,0.0,0.0,-0.0018920135358149,1711.3357142857142,1532.3757142857144,1050.0314285714287,1673.2193333333337,1492.3996666666667,1060.7346666666667,1.0,1.0,2.0,2.0,0.0,0.0,0.0,0.0,russia_ukraine_war,international_geopolitics,2022-02-24,before
2022-02-17,1726.09,1549.04,1049.85,95.72000122070312,100.98999786376952,1197.39,0.0019736574775495,0.0025629740854842,7.620716918932402e-05,0.0,0.0,-0.0001002079314577,1714.935714285714,1536.3671428571429,1049.9271428571428,1676.3743333333334,1495.717666666667,1060.017,0.0,0.0,0.0,0.0,0.0,0.0,0.0,0.0,russia_ukraine_war,international_geopolitics,2022-02-24,before
2022-02-18,1729.39,1552.79,1049.97,95.72000122070312,100.98999786376952,1195.4,0.0019118354199376,0.0024208542064763,0.0001143020431491,0.0,0.0,-0.0016619480703864,1718.517142857143,1540.3728571428571,1049.9057142857143,1679.5463333333332,1499.0700000000002,1059.302,0.0,0.0,0.0,0.0,1.0,1.0,0.0,0.0,russia_ukraine_war,international_geopolitics,2022-02-24,before
2022-02-19,1732.31,1555.98,1049.85,95.72000122070312,100.98999786376952,1195.4,0.0016884566234336,0.0020543666561481,-0.0001142889796852,0.0,0.0,0.0,1721.957142857143,1544.24,1049.89,1682.7016666666668,1502.4076666666665,1058.582666666667,0.0,0.0,0.0,0.0,0.0,0.0,0.0,0.0,russia_ukraine_war,international_geopolitics,2022-02-24,before
2022-02-20,1733.84,1557.47,1049.68,95.72000122070312,100.98999786376952,1195.4,0.0008832137434986,0.0009575958559879,-0.000161927894461,0.0,0.0,0.0,1725.297142857143,1547.99,1049.854285714286,1685.781,1505.657333333333,1057.8583333333331,0.0,0.0,0.0,0.0,0.0,0.0,0.0,0.0,russia_ukraine_war,international_geopolitics,2022-02-24,before
2022-02-21,1736.48,1560.65,1049.76,95.72000122070312,100.98999786376952,1195.4,0.0015226318460759,0.0020417728752399,7.621370322374865e-05,0.0,0.0,0.0,1728.4914285714287,1551.607142857143,1049.8342857142857,1688.849,1508.9153333333334,1057.1373333333331,0.0,0.0,0.0,0.0,0.0,0.0,0.0,0.0,russia_ukraine_war,international_geopolitics,2022-02-24,before
2022-02-22,1739.36,1563.99,1049.64,95.72000122070312,100.98999786376952,1192.07,0.0016585275960563,0.0021401339185596,-0.0001143118427068,0.0,0.0,-0.0027856784339971,1731.4514285714286,1555.0,1049.7885714285717,1691.9646666666663,1512.244333333333,1056.4116666666666,4.0,4.0,3.75,6.0,0.0,0.0,0.0,0.0,russia_ukraine_war,international_geopolitics,2022-02-24,before
2022-02-23,1743.05,1568.31,1049.64,95.72000122070312,100.98999786376952,1193.42,0.0021214699659646,0.0027621659985037,0.0,0.0,0.0,0.0011324838306476,1734.36,1558.3185714285717,1049.77,1695.118,1515.6239999999998,1055.6846666666668,5.0,5.0,4.6,6.0,1.0,1.0,-1.0,-1.0,russia_ukraine_war,international_geopolitics,2022-02-24,before
2022-02-24,1746.2,1572.03,1049.72,95.72000122070312,100.98999786376952,1202.34,0.0018071770746679,0.0023719800294583,7.62166075987114e-05,0.0,0.0,0.0074743175076668,1737.2328571428573,1561.6028571428571,1049.7514285714285,1698.2976666666666,1519.0410000000002,1054.9616666666666,12.0,12.0,3.75,6.0,1.0,1.0,0.0,0.0,russia_ukraine_war,international_geopolitics,2022-02-24,after
2022-02-25,1750.84,1577.05,1049.88,95.72000122070312,100.98999786376952,1201.93,0.0026571984881456,0.0031933232826344,0.0001524215981405,0.0,0.0,-0.0003410017133255,1740.297142857143,1565.0685714285717,1049.7385714285715,1701.5459999999998,1522.5353333333333,1054.2493333333334,3.0,3.0,3.6666666666666665,6.0,0.0,0.0,0.0,0.0,russia_ukraine_war,international_geopolitics,2022-02-24,after
2022-02-26,1754.75,1581.41,1049.82,95.72000122070312,100.98999786376952,1201.93,0.0022332137716754,0.0027646555277258,-5.714938850165385e-05,0.0,0.0,0.0,1743.5028571428572,1568.7014285714286,1049.7342857142858,1704.8290000000002,1526.072,1053.5333333333333,0.0,0.0,0.0,0.0,0.0,0.0,0.0,0.0,russia_ukraine_war,international_geopolitics,2022-02-24,after
2022-02-27,1756.31,1582.87,1049.77,95.72000122070312,100.98999786376952,1201.93,0.0008890155292775,0.0009232267406933,-4.762721228401823e-05,0.0,0.0,0.0,1746.712857142857,1572.33,1049.7471428571428,1708.058,1529.5573333333332,1052.811333333333,1.0,1.0,6.0,6.0,0.0,0.0,0.0,0.0,russia_ukraine_war,international_geopolitics,2022-02-24,after
2022-02-28,1758.87,1585.96,1049.91,95.72000122070312,100.98999786376952,1202.28,0.0014576014484914,0.0019521502081663,0.0001333625460815,0.0,0.0,0.0002911983226976,1749.9114285714284,1575.9457142857143,1049.7685714285717,1711.2686666666666,1533.0489999999998,1052.0946666666666,4.0,4.0,3.75,7.0,0.0,0.0,0.0,0.0,russia_ukraine_war,international_geopolitics,2022-02-24,after
2022-03-01,1763.32,1590.62,1079.33,100.27999877929688,107.91000366210938,1210.43994140625,0.0025300334874096,0.0029382834371609,0.0280214494575723,0.0476389208153027,0.0685216946699474,0.0067870557659197,1753.3342857142857,1579.75,1054.01,1714.563666666667,1536.6363333333331,1052.3596666666665,6.0,6.0,4.333333333333333,8.0,1.0,1.0,2.0,2.0,russia_ukraine_war,international_geopolitics,2022-02-24,after
2022-03-02,1767.09,1594.81,1081.61,100.27999877929688,107.91000366210938,1205.58,0.0021380123857268,0.0026341929562057,0.0021124215948782,0.0,0.0,-0.0040150206879359,1756.7685714285712,1583.5357142857142,1058.577142857143,1717.9323333333332,1540.3183333333332,1052.6993333333332,8.0,8.0,3.125,6.0,0.0,0.0,0.0,0.0,russia_ukraine_war,international_geopolitics,2022-02-24,after
2022-03-03,1774.18,1602.22,1082.55,100.27999877929688,107.91000366210938,1204.35,0.0040122461221556,0.0046463215053831,0.0008690748051516,0.0,0.0,-0.0010202558104812,1760.765714285714,1587.8485714285714,1063.2671428571427,1721.4813333333332,1544.196,1053.5766666666666,6.0,6.0,4.5,6.0,0.0,0.0,0.0,0.0,russia_ukraine_war,international_geopolitics,2022-02-24,after
2022-03-04,1786.04,1615.37,1082.67,100.27999877929688,107.91000366210938,1213.71,0.0066847783201253,0.0082073622848297,0.0001108493834003,0.0,0.0,0.007771827126666,1765.7942857142857,1593.322857142857,1067.9514285714286,1725.389,1548.4733333333331,1054.515,8.0,8.0,4.75,8.0,0.0,0.0,0.0,0.0,russia_ukraine_war,international_geopolitics,2022-02-24,after
2022-03-05,1803.2,1634.99,1082.92,100.27999877929688,107.91000366210938,1213.71,0.0096078475286107,0.0121458241765044,0.0002309106191176,0.0,0.0,0.0,1772.715714285714,1600.9771428571428,1072.68,1729.7913333333336,1553.3159999999998,1055.5126666666663,0.0,0.0,0.0,0.0,0.0,0.0,0.0,0.0,russia_ukraine_war,international_geopolitics,2022-02-24,after
2022-03-06,1812.9,1646.01,1082.98,100.27999877929688,107.91000366210938,1213.71,0.0053793256433007,0.0067401023859472,5.540575481099985e-05,0.0,0.0,0.0,1780.8,1609.9971428571428,1077.4242857142856,1734.399,1558.3983333333333,1056.536,3.0,3.0,3.0,3.0,0.0,0.0,0.0,0.0,russia_ukraine_war,international_geopolitics,2022-02-24,after
2022-03-07,1828.34,1665.13,1083.16,100.27999877929688,107.91000366210938,1226.78,0.0085167411329911,0.0116159683112497,0.0001662080555504,0.0,0.0,0.0107686350116584,1790.7242857142858,1621.3071428571427,1082.1742857142856,1739.335,1563.936,1057.584,16.0,16.0,3.75,6.0,0.0,0.0,0.0,0.0,russia_ukraine_war,international_geopolitics,2022-02-24,after
2022-03-08,1860.61,1706.45,1083.22,100.27999877929688,107.91000366210938,1237.18,0.0176498900642112,0.0248148793187319,5.539347834115915e-05,0.0,0.0,0.0084774776243499,1804.622857142857,1637.854285714286,1082.73,1745.2626666666667,1570.7736666666667,1058.6396666666667,12.0,12.0,4.0,6.0,0.0,0.0,0.0,0.0,russia_ukraine_war,international_geopolitics,2022-02-24,after
2022-03-09,1892.4,1750.15,1083.21,100.27999877929688,107.91000366210938,1234.01,0.0170857944437579,0.0256087198570131,-9.231735012216191e-06,0.0,0.0,-0.0025622787306617,1822.5242857142855,1660.0457142857142,1082.9585714285715,1752.1246666666668,1578.9266666666665,1059.6993333333337,4.0,4.0,2.5,3.0,0.0,0.0,0.0,0.0,russia_ukraine_war,international_geopolitics,2022-02-24,after
2022-03-10,1913.73,1781.84,1083.33,100.27999877929688,107.91000366210938,1228.21,0.0112714013950538,0.0181070193983372,0.0001107818428558,0.0,0.0,-0.0047001239860292,1842.4600000000005,1685.7057142857143,1083.07,1759.522,1587.948666666667,1060.7796666666666,5.0,5.0,3.8,6.0,1.0,1.0,0.0,0.0,russia_ukraine_war,international_geopolitics,2022-02-24,after
2022-03-11,1938.97,1818.45,1083.32,100.27999877929688,107.91000366210938,1231.47,0.0131889033458221,0.0205461769855879,-9.230797633263954e-06,0.0,0.0,0.0026542692210616,1864.3071428571427,1714.7171428571426,1083.162857142857,1767.5873333333334,1598.0073333333332,1061.867,4.0,4.0,4.5,7.0,0.0,0.0,0.0,0.0,russia_ukraine_war,international_geopolitics,2022-02-24,after
2022-03-12,1965.03,1857.08,1083.15,100.27999877929688,107.91000366210938,1231.47,0.0134401254274176,0.0212433666034259,-0.0001569250083076,0.0,0.0,0.0,1887.4257142857143,1746.4442857142856,1083.1957142857143,1776.3919999999998,1609.2066666666665,1062.9526666666668,2.0,2.0,2.5,3.0,1.0,1.0,0.0,0.0,russia_ukraine_war,international_geopolitics,2022-02-24,after
2022-03-13,1975.36,1872.63,1083.18,100.27999877929688,107.91000366210938,1231.47,0.0052569171971927,0.0083733603291189,2.7696994876036385e-05,0.0,0.0,0.0,1910.6342857142856,1778.8185714285714,1083.2242857142858,1785.4266666666665,1620.8026666666665,1064.054666666667,0.0,0.0,0.0,0.0,0.0,0.0,0.0,0.0,russia_ukraine_war,international_geopolitics,2022-02-24,after
2022-03-14,1988.04,1892.42,1083.22,100.27999877929688,107.91000366210938,1241.46,0.0064190831038393,0.010568024649824,3.692830369828037e-05,0.0,0.0,0.0081122560841919,1933.4485714285715,1811.2885714285717,1083.232857142857,1794.7536666666667,1632.919666666667,1065.1633333333332,2.0,2.0,1.0,2.0,0.0,0.0,0.0,0.0,russia_ukraine_war,international_geopolitics,2022-02-24,after
2022-03-15,2000.95,1912.14,1083.21,100.27999877929688,107.91000366210938,1242.65,0.00649383312207,0.0104205197577704,-9.231735012216191e-06,0.0,0.0,0.0009585488054388,1953.4971428571428,1840.672857142857,1083.2314285714288,1804.4366666666667,1645.617,1066.2726666666667,2.0,2.0,4.0,6.0,0.0,0.0,0.0,0.0,russia_ukraine_war,international_geopolitics,2022-02-24,after
2022-03-16,2004.23,1917.89,1083.25,100.27999877929688,107.91000366210938,1228.04,0.0016392213698492,0.00300710199044,3.692728095194831e-05,0.0,0.0,-0.0117571319357825,1969.4728571428573,1864.6357142857144,1083.2371428571428,1814.107,1658.369,1067.3843333333334,0.0,0.0,0.0,0.0,4.0,4.0,0.75,3.0,russia_ukraine_war,international_geopolitics,2022-02-24,after
2022-03-17,2003.42,1917.35,1083.2,100.27999877929688,107.91000366210938,1214.33,-0.0004041452328324,-0.0002815594220733,-4.615739672275687e-05,0.0,0.0,-0.0111641314615159,1982.2857142857144,1883.9942857142853,1083.2185714285715,1823.5996666666665,1670.9393333333333,1068.4923333333334,3.0,3.0,3.333333333333333,6.0,0.0,0.0,0.0,0.0,russia_ukraine_war,international_geopolitics,2022-02-24,after
2022-03-18,2002.56,1917.35,1083.2,100.27999877929688,107.91000366210938,1212.2,-0.0004292659552166,0.0,0.0,0.0,0.0,-0.0017540536756893,1991.37,1898.122857142857,1083.2014285714288,1832.9286666666665,1683.3483333333331,1069.6066666666668,1.0,1.0,3.0,3.0,0.0,0.0,0.0,0.0,russia_ukraine_war,international_geopolitics,2022-02-24,after
2022-03-19,2002.13,1917.14,1083.21,100.27999877929688,107.91000366210938,1212.2,-0.0002147251518056,-0.000109526168931,9.231905465201253e-06,0.0,0.0,0.0,1996.67,1906.7028571428573,1083.21,1842.13,1695.618333333333,1070.7186666666666,0.0,0.0,0.0,0.0,0.0,0.0,0.0,0.0,russia_ukraine_war,international_geopolitics,2022-02-24,after
2022-03-20,2002.18,1917.39,1083.25,100.27999877929688,107.91000366210938,1212.2,2.4973403325523336e-05,0.0001304025788413,3.692728095194831e-05,0.0,0.0,0.0,2000.5014285714285,1913.097142857143,1083.22,1851.223,1707.7716666666663,1071.8280000000002,0.0,0.0,0.0,0.0,0.0,0.0,0.0,0.0,russia_ukraine_war,international_geopolitics,2022-02-24,after
2022-03-21,2002.12,1917.82,1083.25,100.27999877929688,107.91000366210938,1216.12,-2.9967335604230705e-05,0.0002242631911086,0.0,0.0,0.0,0.0032337898036627,2002.5128571428568,1916.7257142857145,1083.2242857142858,1860.2166666666667,1719.833,1072.9413333333332,0.0,0.0,0.0,0.0,1.0,1.0,0.0,0.0,russia_ukraine_war,international_geopolitics,2022-02-24,after
2022-03-22,2001.84,1917.89,1083.24,100.27999877929688,107.91000366210938,1217.09,-0.0001398517571373,3.649977578712438e-05,-9.231479344506964e-06,0.0,0.0,0.0007976186560536,2002.64,1917.547142857143,1083.2285714285715,1869.15,1731.8470000000002,1074.06,3.0,3.0,2.6666666666666665,3.0,0.0,0.0,0.0,0.0,russia_ukraine_war,international_geopolitics,2022-02-24,after
2022-03-23,2001.72,1918.25,1083.19,100.27999877929688,107.91000366210938,1217.92,-5.994485073723688e-05,0.0001877062813819,-4.615782282779701e-05,0.0,0.0,0.0006819544980241,2002.2814285714285,1917.5985714285712,1083.22,1877.9913333333327,1743.767,1075.1743333333334,3.0,3.0,3.333333333333333,6.0,1.0,1.0,0.0,0.0,russia_ukraine_war,international_geopolitics,2022-02-24,after
2022-03-24,2001.81,1918.92,1083.23,100.27999877929688,107.91000366210938,1220.45,4.4961333253379365e-05,0.0003492766844781,3.692796277654509e-05,0.0,0.0,0.0020773121387283,2002.0514285714285,1917.8228571428567,1083.2242857142858,1886.7396666666668,1755.5980000000002,1076.294,0.0,0.0,0.0,0.0,2.0,2.0,0.0,0.0,russia_ukraine_war,international_geopolitics,2022-02-24,after
2022-03-25,2001.92,1919.65,1083.21,100.27999877929688,107.91000366210938,1218.77,5.495027000579356e-05,0.0003804223208887,-1.846329957622128e-05,0.0,0.0,-0.0013765414396329,2001.96,1918.1514285714288,1083.2257142857145,1895.3686666666665,1767.3093333333336,1077.413,3.0,3.0,0.6666666666666666,2.0,1.0,1.0,0.0,0.0,russia_ukraine_war,international_geopolitics,2022-02-24,after
2022-03-26,2000.65,1919.15,1083.27,100.27999877929688,107.91000366210938,1218.77,-0.0006343909846546,-0.0002604641471101,5.539092142803348e-05,0.0,0.0,0.0,2001.748571428572,1918.4385714285715,1083.2342857142858,1903.8503333333333,1778.88,1078.5313333333334,0.0,0.0,0.0,0.0,0.0,0.0,0.0,0.0,russia_ukraine_war,international_geopolitics,2022-02-24,after
2022-03-27,2000.85,1919.61,1083.26,100.27999877929688,107.91000366210938,1218.77,9.99675105590736e-05,0.0002396894458482,-9.231308907287072e-06,0.0,0.0,0.0,2001.5585714285717,1918.7557142857145,1083.2357142857145,1912.184,1790.2986666666666,1079.644,0.0,0.0,0.0,0.0,1.0,1.0,0.0,0.0,russia_ukraine_war,international_geopolitics,2022-02-24,after
2022-03-28,2001.15,1920.44,1083.15,100.27999877929688,107.91000366210938,1225.46,0.0001499362770822,0.0004323794937515,-0.0001015453353764,0.0,0.0,0.0054891406910246,2001.42,1919.13,1083.2214285714283,1920.397333333333,1801.5996666666665,1080.755,3.0,3.0,1.3333333333333333,2.0,0.0,0.0,0.0,0.0,russia_ukraine_war,international_geopolitics,2022-02-24,after
2022-03-29,2000.45,1920.32,1083.07,100.27999877929688,107.91000366210938,1219.21,-0.0003497988656522,-6.248568036493207e-05,-7.385865300291172e-05,0.0,0.0,-0.0051001256670963,2001.2214285714283,1919.4771428571428,1083.1971428571428,1928.5353333333333,1812.848,1081.865,3.0,3.0,2.6666666666666665,3.0,0.0,0.0,0.0,0.0,russia_ukraine_war,international_geopolitics,2022-02-24,after
2022-03-30,1999.44,1919.72,1083.04,100.27999877929688,107.91000366210938,1208.46,-0.0005048864005599,-0.0003124479253456,-2.7699040689888044e-05,0.0,0.0,-0.0088171848984178,2000.8957142857143,1919.687142857143,1083.1757142857143,1936.5543333333333,1823.9733333333336,1082.9693333333337,0.0,0.0,0.0,0.0,0.0,0.0,0.0,0.0,russia_ukraine_war,international_geopolitics,2022-02-24,after
2022-03-31,1998.39,1918.84,1083.19,100.27999877929688,107.91000366210938,1211.55,-0.0005251470411714,-0.00045840018336,0.0001384990397401,0.0,0.0,0.0025569733379673,2000.4071428571428,1919.6757142857143,1083.17,1944.39,1834.914,1083.0980000000002,0.0,0.0,0.0,0.0,0.0,0.0,0.0,0.0,russia_ukraine_war,international_geopolitics,2022-02-24,after
2022-04-01,1996.11,1916.89,1155.89,104.69000244140624,109.33999633789062,1263.3800048828125,-0.0011409184393437,-0.0010162389777156,0.067116572346495,0.0439769018327891,0.0132517155708646,0.0427799140628224,1999.577142857143,1919.2814285714285,1093.5528571428572,1952.024,1845.65,1085.574,3.0,3.0,3.333333333333333,4.0,0.0,0.0,0.0,0.0,russia_ukraine_war,international_geopolitics,2022-02-24,after
2022-04-02,1994.54,1915.18,1161.17,104.69000244140624,109.33999633789062,1263.3800048828125,-0.0007865298004618,-0.0008920699674994,0.0045679087110364,0.0,0.0,0.0,1998.7042857142856,1918.7142857142856,1104.6814285714286,1959.369333333333,1856.082,1088.1946666666668,0.0,0.0,0.0,0.0,0.0,0.0,0.0,0.0,russia_ukraine_war,international_geopolitics,2022-02-24,after
2022-04-03,1993.97,1914.62,1161.59,104.69000244140624,109.33999633789062,1263.3800048828125,-0.0002857801798911,-0.0002924007142932,0.0003617041432346,0.0,0.0,0.0,1997.7214285714288,1918.0014285714285,1115.8714285714284,1966.3003333333331,1866.057,1090.8253333333334,0.0,0.0,0.0,0.0,0.0,0.0,0.0,0.0,russia_ukraine_war,international_geopolitics,2022-02-24,after
2022-04-04,1992.3,1913.19,1162.58,104.69000244140624,109.33999633789062,1214.72,-0.0008375251382919,-0.0007468844992739,0.0008522800643944,0.0,0.0,-0.0385157313672429,1996.457142857143,1916.9657142857145,1127.2185714285713,1972.6036666666664,1875.3303333333336,1093.4806666666668,0.0,0.0,0.0,0.0,1.0,1.0,1.0,1.0,russia_ukraine_war,international_geopolitics,2022-02-24,after
2022-04-05,1990.23,1911.37,1163.0,104.69000244140624,109.33999633789062,1212.55,-0.0010390001505796,-0.0009512907761383,0.0003612654613016,0.0,0.0,-0.0017864199157008,1994.9971428571428,1915.687142857143,1138.6371428571429,1978.5146666666667,1884.1756666666663,1096.148,3.0,3.0,3.0,3.0,4.0,4.0,0.5,2.0,russia_ukraine_war,international_geopolitics,2022-02-24,after
2022-04-06,1988.81,1910.43,1163.45,104.69000244140624,109.33999633789062,1212.55,-0.000713485376062,-0.0004917938442059,0.0003869303525365,0.0,0.0,0.0,1993.4785714285715,1914.36,1150.124285714286,1983.8636666666664,1892.3523333333333,1098.8243333333332,3.0,3.0,3.0,6.0,0.0,0.0,0.0,0.0,russia_ukraine_war,international_geopolitics,2022-02-24,after
2022-04-07,1987.04,1909.18,1163.6,104.69000244140624,109.33999633789062,1218.96,-0.0008899794349385,-0.0006543029579728,0.0001289268984485,0.0,0.0,0.0052863799430951,1991.857142857143,1912.98,1161.6114285714286,1988.078,1899.11,1101.5036666666667,3.0,3.0,1.6666666666666667,3.0,0.0,0.0,0.0,0.0,russia_ukraine_war,international_geopolitics,2022-02-24,after
2022-04-08,1984.87,1907.86,1163.56,104.69000244140624,109.33999633789062,1225.13,-0.0010920766567357,-0.0006913963062676,-3.4376074252273625e-05,0.0,0.0,0.0050616919341077,1990.2514285714285,1911.69,1162.7071428571428,1991.1603333333333,1904.367,1104.182,2.0,2.0,3.0,3.0,0.0,0.0,0.0,0.0,russia_ukraine_war,international_geopolitics,2022-02-24,after
2022-04-09,1982.9,1906.17,1163.64,104.69000244140624,109.33999633789062,1225.13,-0.0009925083254821,-0.0008858092312852,6.875451201504568e-05,0.0,0.0,0.0,1988.588571428572,1910.402857142857,1163.06,1993.466,1908.5113333333327,1106.8590000000002,1.0,1.0,0.0,0.0,0.0,0.0,0.0,0.0,russia_ukraine_war,international_geopolitics,2022-02-24,after
2022-04-10,1982.06,1905.5,1163.75,104.69000244140624,109.33999633789062,1225.13,-0.0004236219678249,-0.0003514901608986,9.453095459077689e-05,0.0,0.0,0.0,1986.8871428571424,1909.1,1163.3685714285714,1994.9023333333328,1911.413,1109.5400000000002,0.0,0.0,0.0,0.0,0.0,0.0,0.0,0.0,russia_ukraine_war,international_geopolitics,2022-02-24,after
2022-04-11,1980.41,1904.54,1163.83,104.69000244140624,109.33999633789062,1233.38,-0.0008324672310625,-0.0005038047756494,6.874328678829755e-05,0.0,0.0,0.0067339792511815,1985.1885714285715,1907.8642857142856,1163.547142857143,1995.415,1912.995,1112.2293333333332,1.0,1.0,2.0,2.0,0.0,0.0,0.0,0.0,russia_ukraine_war,international_geopolitics,2022-02-24,after
2022-04-12,1976.94,1902.53,1163.87,104.69000244140624,109.33999633789062,1236.03,-0.0017521624310117,-0.0010553729509488,3.436928073674572e-05,0.0,0.0,0.0021485673515055,1983.29,1906.6014285714284,1163.6714285714286,1995.467666666667,1913.991666666667,1114.919,2.0,2.0,4.0,6.0,0.0,0.0,0.0,0.0,russia_ukraine_war,international_geopolitics,2022-02-24,after
2022-04-13,1974.21,1900.84,1163.86,104.69000244140624,109.33999633789062,1227.17,-0.0013809220310176,-0.0008882908548091,-8.592024882458915e-06,0.0,0.0,-0.0071681108063719,1981.2042857142856,1905.2314285714283,1163.73,1995.006666666667,1914.272333333333,1117.607,0.0,0.0,0.0,0.0,0.0,0.0,0.0,0.0,russia_ukraine_war,international_geopolitics,2022-02-24,after
2022-04-14,1972.26,1899.67,1163.9,104.69000244140624,109.33999633789062,1224.18,-0.0009877368668986,-0.000615517350224,3.4368394824291215e-05,0.0,0.0,-0.0024365002403905,1979.0928571428567,1903.872857142857,1163.7728571428572,1994.0503333333331,1913.8566666666663,1120.2966666666666,2.0,2.0,3.0,3.0,0.0,0.0,0.0,0.0,russia_ukraine_war,international_geopolitics,2022-02-24,after
2022-04-15,1970.42,1899.2,1163.63,104.69000244140624,109.33999633789062,1227.97,-0.0009329398760812,-0.000247411392505,-0.0002319786923274,0.0,0.0,0.003095949942002,1977.0285714285712,1902.6357142857144,1163.7828571428572,1992.9233333333327,1913.2336666666667,1122.976,1.0,1.0,3.0,3.0,0.0,0.0,0.0,0.0,russia_ukraine_war,international_geopolitics,2022-02-24,after
2022-04-16,1969.26,1898.83,1163.65,104.69000244140624,109.33999633789062,1227.97,-0.0005887069761777,-0.0001948188711037,1.7187593994716366e-05,0.0,0.0,0.0,1975.08,1901.587142857143,1163.7842857142855,1991.784666666667,1912.6163333333327,1125.6576666666667,0.0,0.0,0.0,0.0,0.0,0.0,0.0,0.0,russia_ukraine_war,international_geopolitics,2022-02-24,after
2022-04-17,1968.85,1898.62,1163.66,104.69000244140624,109.33999633789062,1227.97,-0.0002082000345308,-0.0001105944186683,8.593649293064942e-06,0.0,0.0,0.0,1973.1928571428573,1900.6042857142857,1163.7714285714287,1990.661,1911.992,1128.3396666666667,0.0,0.0,0.0,0.0,1.0,1.0,-3.0,-3.0,russia_ukraine_war,international_geopolitics,2022-02-24,after
2022-04-18,1968.37,1899.04,1163.58,104.69000244140624,109.33999633789062,1233.73,-0.0002437971404627,0.0002212133022931,-6.874860354411094e-05,0.0,0.0,0.004690668338803,1971.4728571428573,1899.8185714285717,1163.7357142857145,1989.5356666666669,1911.3886666666667,1131.0186666666668,2.0,2.0,3.5,7.0,0.0,0.0,0.0,0.0,russia_ukraine_war,international_geopolitics,2022-02-24,after
2022-04-19,1967.79,1899.54,1163.47,104.69000244140624,109.33999633789062,1236.53,-0.0002946600486696,0.0002632909259414,-9.453582907914536e-05,0.0,0.0,0.0022695403370267,1970.1657142857143,1899.3914285714288,1163.678571428571,1988.3893333333333,1910.793666666667,1133.6926666666666,1.0,1.0,3.0,3.0,0.0,0.0,0.0,0.0,russia_ukraine_war,international_geopolitics,2022-02-24,after
2022-04-20,1967.3,1900.24,1163.49,104.69000244140624,109.33999633789062,1235.28,-0.0002490103110596,0.0003685102709076,1.718995762667319e-05,0.0,0.0,-0.0010108933871397,1969.1785714285716,1899.3057142857144,1163.6257142857144,1987.2286666666664,1910.207666666667,1136.3673333333334,1.0,1.0,2.0,2.0,0.0,0.0,0.0,0.0,russia_ukraine_war,international_geopolitics,2022-02-24,after
2022-04-21,1966.82,1900.7,1163.44,104.69000244140624,109.33999633789062,1238.13,-0.0002439892238093,0.0002420746853029,-4.297415534293414e-05,0.0,0.0,0.0023071692247913,1968.4014285714288,1899.452857142857,1163.56,1986.061333333333,1909.6346666666664,1139.0406666666663,1.0,1.0,2.0,2.0,0.0,0.0,0.0,0.0,russia_ukraine_war,international_geopolitics,2022-02-24,after
2022-04-22,1966.64,1901.65,1163.38,104.69000244140624,109.33999633789062,1239.66,-9.151828840459064e-05,0.0004998158573157,-5.157120264043247e-05,0.0,0.0,0.0012357345351456,1967.8614285714289,1899.802857142857,1163.5242857142855,1984.892,1909.081333333333,1141.7136666666668,2.0,2.0,2.5,3.0,0.0,0.0,0.0,0.0,russia_ukraine_war,international_geopolitics,2022-02-24,after
2022-04-23,1966.5,1902.33,1163.4,104.69000244140624,109.33999633789062,1239.66,-7.11874059309281e-05,0.0003575842031919,1.7191287455586846e-05,0.0,0.0,0.0,1967.467142857143,1900.302857142857,1163.4885714285715,1983.715,1908.5283333333327,1144.386,0.0,0.0,0.0,0.0,0.0,0.0,0.0,0.0,russia_ukraine_war,international_geopolitics,2022-02-24,after
2022-04-24,1966.66,1902.69,1163.39,104.69000244140624,109.33999633789062,1239.66,8.136282735837774e-05,0.000189241614231,-8.595495960106447e-06,0.0,0.0,0.0,1967.1542857142856,1900.8842857142856,1163.45,1982.5396666666668,1907.963,1147.0586666666668,0.0,0.0,0.0,0.0,0.0,0.0,0.0,0.0,russia_ukraine_war,international_geopolitics,2022-02-24,after
2022-04-25,1967.62,1906.16,1163.52,104.69000244140624,109.33999633789062,1249.87,0.0004881372479228,0.0018237337664044,0.0001117424079628,0.0,0.0,0.0082361292612489,1967.0471428571425,1901.9014285714288,1163.4414285714286,1981.438666666667,1907.53,1149.7336666666667,1.0,1.0,-4.0,-4.0,0.0,0.0,0.0,0.0,russia_ukraine_war,international_geopolitics,2022-02-24,after
2022-04-26,1968.2,1908.09,1163.45,104.69000244140624,109.33999633789062,1260.37,0.0002947723645827,0.0010125068199939,-6.016226622651555e-05,0.0,0.0,0.0084008736908638,1967.1057142857144,1903.122857142857,1163.4385714285715,1980.3503333333333,1907.146,1152.4066666666668,0.0,0.0,0.0,0.0,1.0,1.0,0.0,0.0,russia_ukraine_war,international_geopolitics,2022-02-24,after
2022-04-27,1968.74,1909.86,1163.55,104.69000244140624,109.33999633789062,1269.35,0.0002743623615486,0.0009276291998805,8.595126563237798e-05,0.0,0.0,0.0071248918968238,1967.311428571429,1904.4971428571428,1163.4471428571428,1979.27,1906.7933333333333,1155.0866666666666,1.0,1.0,3.0,3.0,0.0,0.0,0.0,0.0,russia_ukraine_war,international_geopolitics,2022-02-24,after
2022-04-28,1969.9,1911.81,1163.6,104.69000244140624,109.33999633789062,1271.5,0.0005892093420156,0.0010210172473374,4.297193932356613e-05,0.0,0.0,0.0016937802812464,1967.751428571429,1906.0842857142857,1163.47,1978.2516666666663,1906.5096666666664,1157.771,1.0,1.0,0.0,0.0,0.0,0.0,0.0,0.0,russia_ukraine_war,international_geopolitics,2022-02-24,after
2022-04-29,1971.64,1915.25,1163.79,104.69000244140624,109.33999633789062,1255.87,0.0008832935682014,0.0017993419848207,0.0001632863526985,0.0,0.0,-0.0122925678332679,1968.4657142857145,1908.027142857143,1163.5285714285717,1977.325,1906.3606666666667,1160.4626666666666,1.0,1.0,2.0,2.0,4.0,4.0,-2.25,0.0,russia_ukraine_war,international_geopolitics,2022-02-24,after
2022-04-30,1974.77,1920.52,1163.95,104.69000244140624,109.33999633789062,1255.87,0.0015875109046274,0.0027515990079622,0.0001374818480999,0.0,0.0,0.0,1969.6471428571429,1910.6257142857144,1163.607142857143,1976.5376666666668,1906.4166666666667,1163.1546666666668,0.0,0.0,0.0,0.0,1.0,1.0,3.0,3.0,russia_ukraine_war,international_geopolitics,2022-02-24,after
2022-05-01,1954.8,1908.76,1141.18,104.69000244140624,109.33999633789062,1236.1700439453125,-0.0101125700714513,-0.0061233415949847,-0.0195626959920958,0.0,0.0,-0.0156863019697002,1967.952857142857,1911.492857142857,1160.4342857142858,1975.1606666666669,1906.1456666666668,1162.6643333333334,0.0,0.0,0.0,0.0,0.0,0.0,0.0,0.0,russia_ukraine_war,international_geopolitics,2022-02-24,after
2022-05-02,1944.63,1904.81,1138.0,104.69000244140624,109.33999633789062,1265.24,-0.0052025782688764,-0.0020694063161423,-0.0027865893198268,0.0,0.0,0.0235161466636977,1964.668571428572,1911.3,1156.7885714285717,1973.497,1905.8,1161.892,0.0,0.0,0.0,0.0,1.0,1.0,0.0,0.0,russia_ukraine_war,international_geopolitics,2022-02-24,after
2022-05-03,1937.99,1903.93,1136.41,104.69000244140624,109.33999633789062,1267.82,-0.0034145312990132,-0.0004619883347944,-0.001397188049209,0.0,0.0,0.0020391388195124,1960.3528571428571,1910.705714285714,1152.9257142857143,1971.631,1905.4436666666663,1161.0526666666667,2.0,2.0,3.0,3.0,1.0,1.0,0.0,0.0,russia_ukraine_war,international_geopolitics,2022-02-24,after
2022-05-04,1934.47,1906.66,1135.62,104.69000244140624,109.33999633789062,1265.22,-0.0018163148416658,0.0014338762454502,-0.0006951716369973,0.0,0.0,-0.0020507643040809,1955.457142857143,1910.2485714285715,1148.9357142857143,1969.7033333333331,1905.226,1160.154,3.0,3.0,3.333333333333333,5.0,0.0,0.0,0.0,0.0,russia_ukraine_war,international_geopolitics,2022-02-24,after
2022-05-05,1932.2,1910.34,1135.13,104.69000244140624,109.33999633789062,1256.05,-0.0011734480245234,0.0019300766785896,-0.0004314823620575,0.0,0.0,-0.0072477513792068,1950.071428571429,1910.0385714285717,1144.8685714285716,1967.769,1905.1916666666664,1159.225,1.0,1.0,6.0,6.0,0.0,0.0,0.0,0.0,russia_ukraine_war,international_geopolitics,2022-02-24,after
2022-05-06,1931.69,1914.2,1134.94,104.69000244140624,109.33999633789062,1272.58,-0.0002639478314874,0.0020205827234942,-0.0001673817095839,0.0,0.0,0.0131603041280203,1944.3642857142856,1909.8885714285716,1140.747142857143,1965.865,1905.3173333333332,1158.274666666667,0.0,0.0,0.0,0.0,0.0,0.0,0.0,0.0,russia_ukraine_war,international_geopolitics,2022-02-24,after
2022-05-07,1933.32,1920.01,1134.73,104.69000244140624,109.33999633789062,1272.58,0.0008438206958671,0.0030352105318147,-0.0001850318078489,0.0,0.0,0.0,1938.4428571428568,1909.8157142857144,1136.5728571428572,1964.0743333333332,1905.6783333333333,1157.312333333333,2.0,2.0,4.0,5.0,0.0,0.0,0.0,0.0,russia_ukraine_war,international_geopolitics,2022-02-24,after
2022-05-08,1935.93,1924.7,1134.65,104.69000244140624,109.33999633789062,1272.58,0.001350009310409,0.0024426956109604,-7.05013527446674e-05,0.0,0.0,0.0,1935.7471428571428,1912.0928571428572,1135.64,1962.443,1906.2396666666668,1156.3486666666663,2.0,2.0,3.5,5.0,0.0,0.0,0.0,0.0,russia_ukraine_war,international_geopolitics,2022-02-24,after
2022-05-09,1938.49,1931.32,1134.55,104.69000244140624,109.33999633789062,1276.29,0.0013223618622573,0.0034394970644775,-8.813290442000188e-05,0.0,0.0,0.0029153373461785,1934.87,1915.88,1135.1471428571429,1960.9626666666663,1907.078,1155.379,0.0,0.0,0.0,0.0,1.0,1.0,0.0,0.0,russia_ukraine_war,international_geopolitics,2022-02-24,after
2022-05-10,1943.79,1941.46,1134.41,104.69000244140624,109.33999633789062,1275.02,0.0027340868407883,0.0052502951349335,-0.0001233969415185,0.0,0.0,-0.0009950716529941,1935.6985714285715,1921.2414285714283,1134.8614285714286,1959.687,1908.2766666666664,1154.401,3.0,3.0,2.333333333333333,3.0,1.0,1.0,1.0,1.0,russia_ukraine_war,international_geopolitics,2022-02-24,after
2022-05-11,1946.11,1947.59,1134.29,104.69000244140624,109.33999633789062,1275.04,0.0011935445701438,0.0031574176135484,-0.000105781860174,0.0,0.0,1.568602845436473e-05,1937.3614285714289,1927.0885714285712,1134.6714285714286,1958.5436666666667,1909.7116666666668,1153.4163333333331,0.0,0.0,0.0,0.0,4.0,4.0,0.0,0.0,russia_ukraine_war,international_geopolitics,2022-02-24,after
2022-05-12,1948.69,1953.29,1134.3,104.69000244140624,109.33999633789062,1288.65,0.0013257215676401,0.0029266940167078,8.816087596619226e-06,0.0,0.0,0.0106741749278453,1939.7171428571423,1933.2242857142855,1134.5528571428572,1957.602,1911.4036666666664,1152.4306666666669,0.0,0.0,0.0,0.0,1.0,1.0,0.0,0.0,russia_ukraine_war,international_geopolitics,2022-02-24,after
2022-05-13,1951.7,1959.24,1134.28,104.69000244140624,109.33999633789062,1283.51,0.0015446274163668,0.0030461426618679,-1.763201974780415e-05,0.0,0.0,-0.0039886703138944,1942.5757142857144,1939.658571428572,1134.4585714285715,1956.8516666666667,1913.3503333333333,1151.4446666666668,0.0,0.0,0.0,0.0,1.0,1.0,0.0,0.0,russia_ukraine_war,international_geopolitics,2022-02-24,after
2022-05-14,1954.7,1964.02,1134.15,104.69000244140624,109.33999633789062,1283.51,0.0015371214838346,0.0024397215246727,-0.0001146101491693,0.0,0.0,0.0,1945.63,1945.945714285714,1134.3757142857144,1956.2663333333333,1915.4953333333333,1150.4530000000002,0.0,0.0,0.0,0.0,1.0,1.0,-1.0,-1.0,russia_ukraine_war,international_geopolitics,2022-02-24,after
2022-05-15,1956.42,1966.48,1134.14,104.69000244140624,109.33999633789062,1283.51,0.000879930424106,0.001252533069928,-8.817175858544246e-06,0.0,0.0,0.0,1948.5571428571432,1951.9142857142856,1134.3028571428572,1955.7996666666668,1917.738,1149.4700000000005,0.0,0.0,0.0,0.0,2.0,2.0,1.5,3.0,russia_ukraine_war,international_geopolitics,2022-02-24,after
2022-05-16,1958.73,1970.51,1134.22,104.69000244140624,109.33999633789062,1284.79,0.0011807280645259,0.0020493470566698,7.053802881462623e-05,0.0,0.0,0.0009972653115284,1951.4485714285715,1957.5128571428568,1134.2557142857142,1955.448666666667,1920.1273333333331,1148.4890000000005,1.0,1.0,2.0,2.0,0.0,0.0,0.0,0.0,russia_ukraine_war,international_geopolitics,2022-02-24,after
2022-05-17,1963.26,1976.49,1134.14,104.69000244140624,109.33999633789062,1274.33,0.0023127230399289,0.0030347473496707,-7.053305355220196e-05,0.0,0.0,-0.0081414083235392,1954.23,1962.517142857143,1134.217142857143,1955.2623333333331,1922.723,1147.505,0.0,0.0,0.0,0.0,0.0,0.0,0.0,0.0,russia_ukraine_war,international_geopolitics,2022-02-24,after
2022-05-18,1967.33,1981.61,1133.95,104.69000244140624,109.33999633789062,1266.36,0.0020730825260026,0.0025904507485492,-0.0001675278184352,0.0,0.0,-0.0062542669481218,1957.2614285714285,1967.3771428571429,1134.1685714285716,1955.227666666667,1925.4753333333333,1146.5173333333332,2.0,2.0,4.0,8.0,0.0,0.0,0.0,0.0,russia_ukraine_war,international_geopolitics,2022-02-24,after
2022-05-19,1972.11,1986.76,1133.93,104.69000244140624,109.33999633789062,1276.91,0.0024296889693138,0.0025988968565964,-1.763746196925542e-05,0.0,0.0,0.0083309643387348,1960.607142857143,1972.1585714285716,1134.1157142857144,1955.371666666667,1928.3826666666664,1145.5326666666667,4.0,4.0,2.0,6.0,0.0,0.0,0.0,0.0,russia_ukraine_war,international_geopolitics,2022-02-24,after
2022-05-20,1977.39,1990.99,1133.87,104.69000244140624,109.33999633789062,1267.87,0.0026773354427491,0.0021290946062937,-5.29133191644604e-05,0.0,0.0,-0.0070795905741204,1964.277142857143,1976.6942857142856,1134.057142857143,1955.708,1931.4076666666667,1144.5453333333332,0.0,0.0,0.0,0.0,0.0,0.0,0.0,0.0,russia_ukraine_war,international_geopolitics,2022-02-24,after
2022-05-21,1982.53,1994.32,1133.87,104.69000244140624,109.33999633789062,1267.87,0.0025993860594015,0.0016725347691348,0.0,0.0,0.0,0.0,1968.252857142857,1981.0228571428568,1134.0171428571427,1956.2316666666668,1934.5283333333332,1143.5596666666668,0.0,0.0,0.0,0.0,0.0,0.0,0.0,0.0,russia_ukraine_war,international_geopolitics,2022-02-24,after
2022-05-22,1985.07,1995.79,1133.88,104.69000244140624,109.33999633789062,1267.87,0.0012811912051771,0.0007370933451,8.81935318886029e-06,0.0,0.0,0.0,1972.345714285714,1985.21,1133.98,1956.846,1937.6663333333336,1142.5763333333334,0.0,0.0,0.0,0.0,0.0,0.0,0.0,0.0,russia_ukraine_war,international_geopolitics,2022-02-24,after
2022-05-23,1988.77,1998.38,1133.91,104.69000244140624,109.33999633789062,1263.85,0.0018639141188976,0.0012977317252818,2.6457826225012585e-05,0.0,0.0,-0.0031706720720579,1976.6371428571424,1989.1914285714288,1133.9357142857143,1957.5883333333331,1940.868,1141.5933333333332,0.0,0.0,0.0,0.0,0.0,0.0,0.0,0.0,russia_ukraine_war,international_geopolitics,2022-02-24,after
2022-05-24,1994.77,2000.93,1133.89,104.69000244140624,109.33999633789062,1265.97,0.0030169401187669,0.0012760335872055,-1.763808415122803e-05,0.0,0.0,0.0016774142501088,1981.1385714285716,1992.682857142857,1133.9,1958.5253333333333,1944.1426666666664,1140.61,0.0,0.0,0.0,0.0,0.0,0.0,0.0,0.0,russia_ukraine_war,international_geopolitics,2022-02-24,after
2022-05-25,1998.59,2002.68,1133.86,104.69000244140624,109.33999633789062,1264.58,0.0019150077452538,0.0008745933141089,-2.6457592888329277e-05,0.0,0.0,-0.0010979723058208,1985.6042857142857,1995.6928571428573,1133.8871428571429,1959.5576666666664,1947.36,1139.6213333333333,1.0,1.0,3.0,3.0,1.0,1.0,0.0,0.0,russia_ukraine_war,international_geopolitics,2022-02-24,after
2022-05-26,2001.53,2003.85,1133.83,104.69000244140624,109.33999633789062,1267.83,0.0014710370811421,0.0005842171490202,-2.645829291092472e-05,0.0,0.0,0.0025700232488257,1989.8071428571432,1998.1342857142856,1133.8728571428571,1960.6686666666667,1950.552,1138.6339999999998,0.0,0.0,0.0,0.0,1.0,1.0,0.0,0.0,russia_ukraine_war,international_geopolitics,2022-02-24,after
2022-05-27,2004.55,2005.14,1133.8,104.69000244140624,109.33999633789062,1250.13,0.0015088457330141,0.000643760760536,-2.645899297071264e-05,0.0,0.0,-0.013960862260713,1993.6871428571428,2000.1557142857143,1133.8628571428571,1961.8623333333333,1953.728,1137.6423333333337,1.0,1.0,0.0,0.0,1.0,1.0,0.0,0.0,russia_ukraine_war,international_geopolitics,2022-02-24,after
2022-05-28,2007.62,2005.62,1133.84,104.69000244140624,109.33999633789062,1250.13,0.0015315158015514,0.0002393847811124,3.5279590756776e-05,0.0,0.0,0.0,1997.2714285714285,2001.77,1133.8585714285714,1963.1196666666667,1956.855,1136.6503333333335,0.0,0.0,0.0,0.0,1.0,1.0,0.0,0.0,russia_ukraine_war,international_geopolitics,2022-02-24,after
2022-05-29,2008.76,2006.09,1133.8,104.69000244140624,109.33999633789062,1250.13,0.0005678365427721,0.000234341500384,-3.527834615113523e-05,0.0,0.0,0.0,2000.655714285714,2003.2414285714287,1133.847142857143,1964.357,1959.883,1135.650666666667,0.0,0.0,0.0,0.0,0.0,0.0,0.0,0.0,russia_ukraine_war,international_geopolitics,2022-02-24,after
2022-05-30,2010.45,2007.13,1133.96,104.69000244140624,109.33999633789062,1250.13,0.0008413150401243,0.0005184214068163,0.0001411183630271,0.0,0.0,0.0,2003.7528571428568,2004.4914285714287,1133.8542857142857,1965.5463333333328,1962.77,1134.651,3.0,3.0,3.333333333333333,5.0,0.0,0.0,0.0,0.0,russia_ukraine_war,international_geopolitics,2022-02-24,after
2022-05-31,2012.69,2008.23,1133.89,104.69000244140624,109.33999633789062,1236.93,0.001114178417767,0.0005480462152425,-6.173057250691283e-05,0.0,0.0,-0.0105589018742051,2006.3128571428567,2005.534285714286,1133.8542857142857,1967.476,1966.0856666666664,1134.408,5.0,5.0,2.0,6.0,0.0,0.0,0.0,0.0,russia_ukraine_war,international_geopolitics,2022-02-24,after
2022-06-01,2015.37,2009.47,1133.65,105.76000213623048,114.80999755859376,1301.72998046875,0.0013315513069571,0.0006174591555747,-0.0002116607431056,0.0102206482937385,0.0500274501912303,0.0523877506962802,2008.71,2006.5042857142855,1133.8242857142857,1969.834,1969.5743333333332,1134.263,2.0,2.0,2.5,3.0,0.0,0.0,0.0,0.0,russia_ukraine_war,international_geopolitics,2022-02-24,after
2022-06-02,2017.79,2011.18,1133.8,105.76000213623048,114.80999755859376,1252.03,0.0012007720666677,0.0008509706539534,0.0001323159705375,0.0,0.0,-0.0381799460828682,2011.032857142857,2007.5514285714287,1133.82,1972.494,1973.1493333333333,1134.176,1.0,1.0,2.0,2.0,0.0,0.0,0.0,0.0,russia_ukraine_war,international_geopolitics,2022-02-24,after
2022-06-03,2020.84,2013.43,1133.91,105.76000213623048,114.80999755859376,1242.23,0.0015115547207589,0.0011187462086934,9.701887458124504e-05,0.0,0.0,-0.0078272884835027,2013.36,2008.7357142857145,1133.8357142857144,1975.373,1976.7083333333333,1134.119,1.0,1.0,2.0,2.0,0.0,0.0,0.0,0.0,russia_ukraine_war,international_geopolitics,2022-02-24,after
2022-06-04,2026.21,2018.44,1133.72,105.76000213623048,114.80999755859376,1242.23,0.0026573108212426,0.0024882911250949,-0.0001675617994374,0.0,0.0,0.0,2016.0157142857145,2010.5671428571427,1133.8185714285714,1978.506666666667,1980.311666666667,1134.072,0.0,0.0,0.0,0.0,0.0,0.0,0.0,0.0,russia_ukraine_war,international_geopolitics,2022-02-24,after
2022-06-05,2029.29,2021.12,1133.79,105.76000213623048,114.80999755859376,1242.23,0.0015200793599874,0.001327758070589,6.174364040489877e-05,0.0,0.0,0.0,2018.9485714285715,2012.7142857142856,1133.817142857143,1981.76,1983.8756666666663,1134.0336666666667,0.0,0.0,0.0,0.0,0.0,0.0,0.0,0.0,russia_ukraine_war,international_geopolitics,2022-02-24,after
2022-06-06,2032.04,2023.85,1133.89,105.76000213623048,114.80999755859376,1253.52,0.0013551537729945,0.0013507362254592,8.819975480478526e-05,0.0,0.0,0.0090884940791962,2022.032857142857,2015.1028571428571,1133.8071428571427,1985.0506666666663,1987.337,1134.005666666667,0.0,0.0,0.0,0.0,1.0,1.0,0.0,0.0,russia_ukraine_war,international_geopolitics,2022-02-24,after
2022-06-07,2035.74,2027.96,1133.62,105.76000213623048,114.80999755859376,1255.32,0.0018208302986162,0.0020307829137535,-0.0002381183359939,0.0,0.0,0.001435956346927,2025.3257142857144,2017.9214285714288,1133.7685714285717,1988.3776666666668,1990.779,1133.9713333333334,0.0,0.0,0.0,0.0,1.0,1.0,3.0,3.0,russia_ukraine_war,international_geopolitics,2022-02-24,after
2022-06-08,2042.04,2036.52,1133.57,105.76000213623048,114.80999755859376,1253.5,0.0030946977511863,0.0042209905520818,-4.410649071118211e-05,0.0,0.0,-0.0014498295255392,2029.1357142857144,2021.7857142857144,1133.7571428571428,1991.8293333333331,1994.2856666666669,1133.9386666666664,2.0,2.0,1.0,2.0,0.0,0.0,0.0,0.0,russia_ukraine_war,international_geopolitics,2022-02-24,after
2022-06-09,2048.47,2044.4,1133.61,105.76000213623048,114.80999755859376,1256.91,0.0031488119723412,0.0038693457466658,3.5286748943486046e-05,0.0,0.0,0.0027203829278021,2033.5185714285712,2026.5314285714285,1133.73,1995.3186666666663,1997.717,1133.912,0.0,0.0,0.0,0.0,0.0,0.0,0.0,0.0,russia_ukraine_war,international_geopolitics,2022-02-24,after
2022-06-10,2056.79,2054.37,1133.58,105.76000213623048,114.80999755859376,1268.01,0.0040615679018976,0.0048767364507922,-2.6464127874659127e-05,0.0,0.0,0.0088311812301595,2038.654285714286,2032.38,1133.682857142857,1999.008,2001.276333333333,1133.888333333333,1.0,1.0,3.0,3.0,1.0,1.0,2.0,2.0,russia_ukraine_war,international_geopolitics,2022-02-24,after
2022-06-11,2064.59,2063.53,1133.6,105.76000213623048,114.80999755859376,1268.01,0.0037923171544009,0.004458787852237,1.7643218828800045e-05,0.0,0.0,0.0,2044.1371428571424,2038.821428571429,1133.665714285714,2002.8713333333333,2004.951,1133.865,1.0,1.0,5.0,5.0,0.0,0.0,0.0,0.0,russia_ukraine_war,international_geopolitics,2022-02-24,after
2022-06-12,2068.6,2067.99,1133.58,105.76000213623048,114.80999755859376,1268.01,0.0019422742529993,0.00216134487989,-1.764290755112974e-05,0.0,0.0,0.0,2049.752857142857,2045.5171428571427,1133.635714285714,2006.768,2008.576,1133.8416666666667,0.0,0.0,0.0,0.0,0.0,0.0,0.0,0.0,russia_ukraine_war,international_geopolitics,2022-02-24,after
2022-06-13,2074.3,2074.89,1133.66,105.76000213623048,114.80999755859376,1283.69,0.0027554868026686,0.0033365731942611,7.057287531542222e-05,0.0,0.0,0.0123658330770262,2055.79,2052.808571428571,1133.6028571428571,2010.7546666666667,2012.2716666666668,1133.8253333333332,2.0,2.0,4.0,5.0,0.0,0.0,0.0,0.0,russia_ukraine_war,international_geopolitics,2022-02-24,after
2022-06-14,2081.98,2083.67,1133.57,105.76000213623048,114.80999755859376,1285.87,0.0037024538398495,0.0042315496243174,-7.93888820282973e-05,0.0,0.0,0.0016982293232787,2062.3957142857143,2060.7671428571425,1133.5957142857144,2014.94,2016.178,1133.8063333333332,1.0,1.0,6.0,6.0,1.0,1.0,0.0,0.0,russia_ukraine_war,international_geopolitics,2022-02-24,after
2022-06-15,2087.61,2090.62,1133.69,105.76000213623048,114.80999755859376,1290.05,0.0027041566201404,0.0033354609895039,0.0001058602468309,0.0,0.0,0.0032507174131133,2068.905714285714,2068.4957142857143,1133.6128571428571,2019.236,2020.1816666666668,1133.7886666666666,1.0,1.0,2.0,2.0,0.0,0.0,0.0,0.0,russia_ukraine_war,international_geopolitics,2022-02-24,after
2022-06-16,2092.2,2096.1,1133.66,105.76000213623048,114.80999755859376,1286.76,0.0021986865362781,0.0026212319790301,-2.6462260406256988e-05,0.0,0.0,-0.002550288748498,2075.152857142857,2075.8814285714284,1133.62,2023.534,2024.1686666666667,1133.7726666666667,0.0,0.0,0.0,0.0,0.0,0.0,0.0,0.0,russia_ukraine_war,international_geopolitics,2022-02-24,after
2022-06-17,2098.45,2104.2,1133.68,105.76000213623048,114.80999755859376,1287.36,0.0029872861103144,0.0038643194504077,1.7641973784066067e-05,0.0,0.0,0.0004662874195653,2081.1042857142857,2082.9999999999995,1133.6342857142856,2027.9046666666663,2028.255,1133.7636666666667,0.0,0.0,0.0,0.0,0.0,0.0,0.0,0.0,russia_ukraine_war,international_geopolitics,2022-02-24,after
2022-06-18,2104.63,2112.5,1133.69,105.76000213623048,114.80999755859376,1287.36,0.0029450308561083,0.0039444919684441,8.820831275180296e-06,0.0,0.0,0.0,2086.824285714285,2089.9957142857143,1133.6471428571429,2032.322,2032.446333333333,1133.755666666667,0.0,0.0,0.0,0.0,0.0,0.0,0.0,0.0,russia_ukraine_war,international_geopolitics,2022-02-24,after
2022-06-19,2107.53,2115.96,1133.74,105.76000213623048,114.80999755859376,1287.36,0.0013779144077581,0.0016378698224852,4.4103767343761646e-05,0.0,0.0,0.0,2092.3857142857146,2096.848571428572,1133.67,2036.66,2036.612,1133.7513333333334,1.0,1.0,3.0,3.0,2.0,2.0,0.0,0.0,russia_ukraine_war,international_geopolitics,2022-02-24,after
2022-06-20,2111.28,2120.85,1133.78,105.76000213623048,114.80999755859376,1287.36,0.0017793341020055,0.0023110077695229,3.52814578297167e-05,0.0,0.0,0.0,2097.668571428572,2103.4142857142856,1133.6871428571428,2040.9516666666664,2040.8296666666668,1133.7483333333334,2.0,2.0,6.5,8.0,2.0,2.0,0.0,0.0,russia_ukraine_war,international_geopolitics,2022-02-24,after
2022-06-21,2116.35,2127.58,1133.76,105.76000213623048,114.80999755859376,1293.25,0.0024013868364214,0.0031732560058466,-1.764010654625725e-05,0.0,0.0,0.0045752547849864,2102.578571428571,2109.687142857143,1133.7142857142858,2045.3276666666668,2045.2226666666668,1133.744333333333,0.0,0.0,0.0,0.0,0.0,0.0,0.0,0.0,russia_ukraine_war,international_geopolitics,2022-02-24,after
2022-06-22,2120.14,2133.25,1133.77,105.76000213623048,114.80999755859376,1297.21,0.0017908190989202,0.0026649996709877,8.820208862614365e-06,0.0,0.0,0.0030620529673304,2107.2257142857143,2115.7771428571427,1133.7257142857145,2049.706666666667,2049.718333333333,1133.7396666666668,1.0,1.0,2.0,2.0,0.0,0.0,0.0,0.0,russia_ukraine_war,international_geopolitics,2022-02-24,after
2022-06-23,2123.61,2138.2,1133.79,105.76000213623048,114.80999755859376,1300.86,0.0016366843699002,0.0023204031407475,1.764026213435521e-05,0.0,0.0,0.0028137310073155,2111.712857142857,2121.791428571428,1133.7442857142858,2054.001333333333,2054.294,1133.7363333333335,2.0,2.0,2.5,3.0,0.0,0.0,0.0,0.0,russia_ukraine_war,international_geopolitics,2022-02-24,after
2022-06-24,2126.71,2143.13,1133.76,105.76000213623048,114.80999755859376,1298.71,0.0014597783962215,0.0023056776728089,-2.645992644134676e-05,0.0,0.0,-0.0016527527943052,2115.75,2127.3528571428574,1133.7557142857142,2058.272,2058.9756666666667,1133.7330000000002,1.0,1.0,3.0,3.0,0.0,0.0,0.0,0.0,russia_ukraine_war,international_geopolitics,2022-02-24,after
2022-06-25,2129.47,2147.06,1133.8,105.76000213623048,114.80999755859376,1298.71,0.0012977791988564,0.0018337665003989,3.5280835450235415e-05,0.0,0.0,0.0,2119.2985714285714,2132.29,1133.7714285714285,2062.536666666667,2063.749333333333,1133.732,0.0,0.0,0.0,0.0,1.0,1.0,3.0,3.0,russia_ukraine_war,international_geopolitics,2022-02-24,after
2022-06-26,2131.16,2149.16,1133.81,105.76000213623048,114.80999755859376,1298.71,0.0007936247047388,0.0009780816558455,8.819897689082978e-06,0.0,0.0,0.0,2122.674285714286,2137.032857142857,1133.7814285714285,2066.757,2068.55,1133.7323333333331,1.0,1.0,4.0,4.0,0.0,0.0,0.0,0.0,russia_ukraine_war,international_geopolitics,2022-02-24,after
2022-06-27,2133.8,2153.0,1133.81,105.76000213623048,114.80999755859376,1286.2,0.0012387619887761,0.0017867445885835,0.0,0.0,0.0,-0.0096326354613424,2125.8914285714286,2141.6257142857144,1133.7857142857142,2070.963,2073.462666666667,1133.7313333333334,1.0,1.0,0.0,0.0,2.0,2.0,0.5,1.0,russia_ukraine_war,international_geopolitics,2022-02-24,after
2022-06-28,2137.3,2158.24,1133.83,105.76000213623048,114.80999755859376,1290.18,0.0016402661917704,0.0024338132837899,1.7639639798616713e-05,0.0,0.0,0.0030943865650754,2128.8842857142854,2146.005714285714,1133.7957142857142,2075.247666666666,2078.534333333333,1133.7323333333334,0.0,0.0,0.0,0.0,0.0,0.0,0.0,0.0,russia_ukraine_war,international_geopolitics,2022-02-24,after
2022-06-29,2141.09,2163.15,1133.81,105.76000213623048,114.80999755859376,1298.39,0.0017732653347681,0.0022750018533621,-1.7639328647178765e-05,0.0,0.0,0.0063634531615743,2131.877142857142,2150.2771428571427,1133.8014285714285,2079.6023333333333,2083.735,1133.7273333333333,0.0,0.0,0.0,0.0,0.0,0.0,0.0,0.0,russia_ukraine_war,international_geopolitics,2022-02-24,after
2022-06-30,2144.9,2167.66,1133.86,105.76000213623048,114.80999755859376,1298.95,0.0017794674675049,0.002084922451055,4.409909949631974e-05,0.0,0.0,0.0004313033834209,2134.918571428572,2154.485714285714,1133.811428571429,2084.0093333333334,2089.0493333333334,1133.7263333333333,2.0,2.0,5.5,6.0,1.0,1.0,0.0,0.0,russia_ukraine_war,international_geopolitics,2022-02-24,after
2022-07-01,2128.84,2157.7,1105.81,98.62000274658205,110.01000213623048,1302.8699951171875,-0.0074875285561097,-0.0045948165302677,-0.0247385038717301,-0.0675113393100289,-0.0418081658778328,0.0030178183280245,2135.2228571428573,2156.567142857143,1129.8185714285714,2087.7916666666665,2093.990333333333,1132.7983333333332,2.0,2.0,2.5,3.0,2.0,2.0,-0.5,0.0,russia_ukraine_war,international_geopolitics,2022-02-24,after
2022-07-02,2124.75,2155.39,1102.97,98.62000274658205,110.01000213623048,1302.8699951171875,-0.0019212340993217,-0.0010705844185938,-0.0025682531357104,0.0,0.0,0.0,2134.5485714285714,2157.7571428571428,1125.4142857142856,2091.357,2098.7973333333334,1131.7706666666668,0.0,0.0,0.0,0.0,0.0,0.0,0.0,0.0,russia_ukraine_war,international_geopolitics,2022-02-24,after
2022-07-03,2123.33,2154.46,1102.22,98.62000274658205,110.01000213623048,1302.8699951171875,-0.0006683139192846,-0.0004314764381386,-0.0006799822297977,0.0,0.0,0.0,2133.4300000000003,2158.514285714285,1120.9014285714286,2094.773333333333,2103.498333333333,1130.7143333333331,0.0,0.0,0.0,0.0,0.0,0.0,0.0,0.0,russia_ukraine_war,international_geopolitics,2022-02-24,after
2022-07-04,2120.58,2153.08,1101.41,98.62000274658205,110.01000213623048,1302.8699951171875,-0.0012951354711703,-0.0006405317341701,-0.0007348805138719,0.0,0.0,0.0,2131.5414285714287,2158.525714285714,1116.2728571428572,2097.9190000000003,2107.9863333333333,1129.6373333333331,2.0,2.0,1.5,3.0,1.0,1.0,1.0,1.0,russia_ukraine_war,international_geopolitics,2022-02-24,after
2022-07-05,2117.18,2150.78,1101.04,98.62000274658205,110.01000213623048,1299.69,-0.0016033349366683,-0.0010682371300647,-0.0003359330312963,0.0,0.0,-0.0024407616485951,2128.667142857143,2157.46,1111.5885714285714,2100.8486666666668,2112.3083333333334,1128.5456666666666,2.0,2.0,0.0,0.0,0.0,0.0,0.0,0.0,russia_ukraine_war,international_geopolitics,2022-02-24,after
2022-07-06,2113.85,2148.59,1100.81,98.62000274658205,110.01000213623048,1307.1,-0.0015728469001218,-0.0010182352448879,-0.000208893409867,0.0,0.0,0.0057013595549706,2124.7757142857145,2155.38,1106.8742857142856,2103.5756666666666,2116.4663333333333,1127.443,1.0,1.0,2.0,2.0,0.0,0.0,0.0,0.0,russia_ukraine_war,international_geopolitics,2022-02-24,after
2022-07-07,2108.96,2145.24,1100.6,98.62000274658205,110.01000213623048,1299.51,-0.0023133145682048,-0.0015591620551154,-0.0001907686158374,0.0,0.0,-0.0058067477622216,2119.641428571428,2152.177142857143,1102.1228571428571,2106.016333333333,2120.3756666666663,1126.3423333333333,0.0,0.0,0.0,0.0,1.0,1.0,0.0,0.0,russia_ukraine_war,international_geopolitics,2022-02-24,after
2022-07-08,2102.49,2140.28,1100.24,98.62000274658205,110.01000213623048,1299.51,-0.0030678628328656,-0.002312095616341,-0.0003270943121932,0.0,0.0,0.0,2115.877142857142,2149.688571428572,1101.327142857143,2108.0313333333334,2123.834333333333,1125.2313333333332,1.0,1.0,4.0,4.0,0.0,0.0,0.0,0.0,russia_ukraine_war,international_geopolitics,2022-02-24,after
2022-07-09,2097.77,2136.65,1100.21,98.62000274658205,110.01000213623048,1299.51,-0.0022449571698318,-0.0016960397704973,-2.7266778157453157e-05,0.0,0.0,0.0,2112.022857142857,2147.0114285714285,1100.932857142857,2109.674666666667,2126.909333333333,1124.118,0.0,0.0,0.0,0.0,0.0,0.0,0.0,0.0,russia_ukraine_war,international_geopolitics,2022-02-24,after
2022-07-10,2095.64,2134.84,1100.07,98.62000274658205,110.01000213623048,1299.51,-0.0010153639340824,-0.0008471204923594,-0.0001272484343899,0.0,0.0,0.0,2108.0671428571427,2144.208571428572,1100.625714285714,2110.969666666667,2129.5916666666667,1123.001,0.0,0.0,0.0,0.0,0.0,0.0,0.0,0.0,russia_ukraine_war,international_geopolitics,2022-02-24,after
2022-07-11,2090.82,2131.28,1100.07,98.62000274658205,110.01000213623048,1308.9,-0.0023000133610733,-0.0016675722770792,0.0,0.0,0.0,0.0072258004940324,2103.8157142857144,2141.094285714286,1100.4342857142858,2111.844,2131.85,1121.8833333333334,1.0,1.0,0.0,0.0,0.0,0.0,0.0,0.0,russia_ukraine_war,international_geopolitics,2022-02-24,after
2022-07-12,2082.1,2124.27,1099.78,98.62000274658205,110.01000213623048,1311.91,-0.0041706124869669,-0.0032891032618896,-0.0002636195878443,0.0,0.0,0.0022996409198563,2098.804285714286,2137.307142857143,1100.2542857142855,2112.294,2133.726,1120.756666666667,1.0,1.0,0.0,0.0,1.0,1.0,-2.0,-2.0,russia_ukraine_war,international_geopolitics,2022-02-24,after
2022-07-13,2073.11,2117.16,1099.74,98.62000274658205,110.01000213623048,1306.65,-0.0043177561116179,-0.0033470321569292,-3.6370910545757695e-05,0.0,0.0,-0.0040094213779908,2092.9842857142858,2132.817142857143,1100.1014285714284,2112.2543333333333,2135.135,1119.626,2.0,2.0,0.0,0.0,1.0,1.0,0.0,0.0,russia_ukraine_war,international_geopolitics,2022-02-24,after
2022-07-14,2061.81,2108.96,1099.78,98.62000274658205,110.01000213623048,1311.76,-0.0054507479101447,-0.0038731130382209,3.637223343688767e-05,0.0,0.0,0.0039107641679101,2086.248571428572,2127.634285714286,1099.9842857142855,2111.582,2135.978,1118.4996666666666,2.0,2.0,1.5,3.0,0.0,0.0,0.0,0.0,russia_ukraine_war,international_geopolitics,2022-02-24,after
2022-07-15,2049.04,2099.72,1099.85,98.62000274658205,110.01000213623048,1321.15,-0.0061935871879561,-0.0043813064259161,6.364909345490943e-05,0.0,0.0,0.0071583216442032,2078.612857142857,2121.84,1099.928571428571,2110.296333333333,2136.2813333333334,1117.371666666667,1.0,1.0,0.0,0.0,0.0,0.0,0.0,0.0,russia_ukraine_war,international_geopolitics,2022-02-24,after
2022-07-16,2038.83,2092.28,1099.73,98.62000274658205,110.01000213623048,1321.15,-0.0049828212235973,-0.0035433295868018,-0.0001091057871527,0.0,0.0,0.0,2070.192857142857,2115.5014285714287,1099.86,2108.5173333333337,2136.154,1116.2406666666668,1.0,1.0,2.0,2.0,0.0,0.0,0.0,0.0,russia_ukraine_war,international_geopolitics,2022-02-24,after
2022-07-17,2034.36,2088.75,1099.58,98.62000274658205,110.01000213623048,1321.15,-0.0021924338959109,-0.0016871546829296,-0.0001363971156557,0.0,0.0,0.0,2061.438571428572,2108.917142857143,1099.7900000000002,2106.381,2135.639,1115.104,0.0,0.0,0.0,0.0,0.0,0.0,0.0,0.0,russia_ukraine_war,international_geopolitics,2022-02-24,after
2022-07-18,2026.25,2082.11,1099.71,98.62000274658205,110.01000213623048,1316.7,-0.0039865117285042,-0.0031789347695989,0.0001182269593846,0.0,0.0,-0.0033682776369072,2052.214285714286,2101.8928571428573,1099.7385714285715,2103.768333333333,2134.626,1113.9713333333334,1.0,1.0,3.0,3.0,1.0,1.0,0.0,0.0,russia_ukraine_war,international_geopolitics,2022-02-24,after
2022-07-19,2013.01,2072.42,1099.7,98.62000274658205,110.01000213623048,1313.52,-0.0065342381246144,-0.0046539327893339,-9.093306417184976e-06,0.0,0.0,-0.0024151287309182,2042.3442857142857,2094.485714285714,1099.7271428571428,2100.6176666666665,2133.174666666667,1112.8366666666666,0.0,0.0,0.0,0.0,0.0,0.0,0.0,0.0,russia_ukraine_war,international_geopolitics,2022-02-24,after
2022-07-20,2002.16,2063.99,1099.58,98.62000274658205,110.01000213623048,1313.1,-0.0053899384503802,-0.0040677082830701,-0.0001091206692735,0.0,0.0,-0.0003197515074,2032.2085714285715,2086.8900000000003,1099.7042857142858,2096.9803333333334,2131.2793333333334,1111.6966666666665,0.0,0.0,0.0,0.0,0.0,0.0,0.0,0.0,russia_ukraine_war,international_geopolitics,2022-02-24,after
2022-07-21,1989.93,2055.28,1099.58,98.62000274658205,110.01000213623048,1307.58,-0.0061084029248411,-0.0042199816859576,0.0,0.0,0.0,-0.0042037925519762,2021.9400000000005,2079.2214285714285,1099.6757142857143,2092.766333333333,2128.869333333333,1110.5573333333334,4.0,4.0,1.25,3.0,0.0,0.0,0.0,0.0,russia_ukraine_war,international_geopolitics,2022-02-24,after
2022-07-22,1977.25,2046.01,1099.58,98.62000274658205,110.01000213623048,1312.82,-0.006372083440121,-0.0045103343583356,0.0,0.0,0.0,0.0040074029887273,2011.6842857142856,2071.5485714285714,1099.6371428571429,2088.003333333333,2125.9613333333336,1109.4176666666667,1.0,1.0,4.0,4.0,2.0,2.0,-1.5,0.0,russia_ukraine_war,international_geopolitics,2022-02-24,after
2022-07-23,1964.6,2036.83,1099.41,98.62000274658205,110.01000213623048,1312.82,-0.0063977746870653,-0.0044867815895328,-0.0001546044853487,0.0,0.0,0.0,2001.08,2063.627142857142,1099.5914285714284,2082.703,2122.5823333333333,1108.2716666666663,0.0,0.0,0.0,0.0,0.0,0.0,0.0,0.0,russia_ukraine_war,international_geopolitics,2022-02-24,after
2022-07-24,1959.42,2032.61,1099.37,98.62000274658205,110.01000213623048,1312.82,-0.002636669042044,-0.0020718469386252,-3.638315096299305e-05,0.0,0.0,0.0,1990.3742857142856,2055.6071428571427,1099.5614285714285,2077.1266666666666,2118.898333333333,1107.1253333333334,0.0,0.0,0.0,0.0,0.0,0.0,0.0,0.0,russia_ukraine_war,international_geopolitics,2022-02-24,after
2022-07-25,1948.86,2024.7,1099.28,98.62000274658205,110.01000213623048,1313.27,-0.0053893499096672,-0.0038915483048886,-8.186506817531303e-05,0.0,0.0,0.0003427735713958,1979.3185714285717,2047.4057142857143,1099.4999999999998,2071.106333333333,2114.8196666666668,1105.9746666666665,1.0,1.0,0.0,0.0,1.0,1.0,-2.0,-2.0,russia_ukraine_war,international_geopolitics,2022-02-24,after
2022-07-26,1936.63,2015.01,1099.31,98.62000274658205,110.01000213623048,1308.33,-0.0062754636043634,-0.0047858942065491,2.7290590204565035e-05,0.0,0.0,-0.0037616027168823,1968.4071428571428,2039.2042857142856,1099.4442857142856,2064.6220000000003,2110.348,1104.8246666666666,0.0,0.0,0.0,0.0,1.0,1.0,0.0,0.0,russia_ukraine_war,international_geopolitics,2022-02-24,after
2022-07-27,1926.81,2006.74,1099.39,98.62000274658205,110.01000213623048,1313.14,-0.0050706639884748,-0.0041041979940545,7.277292119622913e-05,0.0,0.0,0.0036764424877517,1957.642857142857,2031.0257142857145,1099.4171428571428,2057.722333333333,2105.4726666666666,1103.6773333333333,0.0,0.0,0.0,0.0,0.0,0.0,0.0,0.0,russia_ukraine_war,international_geopolitics,2022-02-24,after
2022-07-28,1916.88,1998.46,1099.24,98.62000274658205,110.01000213623048,1299.69,-0.0051535958397558,-0.004126095059649,-0.0001364392981563,0.0,0.0,-0.0102426245487914,1947.2071428571428,2022.908571428572,1099.3685714285714,2050.375,2100.1466666666665,1102.5243333333333,0.0,0.0,0.0,0.0,0.0,0.0,0.0,0.0,russia_ukraine_war,international_geopolitics,2022-02-24,after
2022-07-29,1907.31,1991.04,1099.53,98.62000274658205,110.01000213623048,1299.08,-0.0049924877926631,-0.003712858901354,0.0002638186383319,0.0,0.0,-0.0004693426894106,1937.2157142857145,2015.0557142857144,1099.3614285714286,2042.5823333333333,2094.409666666667,1101.381666666667,0.0,0.0,0.0,0.0,0.0,0.0,0.0,0.0,russia_ukraine_war,international_geopolitics,2022-02-24,after
2022-07-30,1900.44,1985.32,1099.31,98.62000274658205,110.01000213623048,1299.08,-0.0036019315161142,-0.0028728704596593,-0.0002000854910735,0.0,0.0,0.0,1928.05,2007.697142857143,1099.347142857143,2034.4336666666663,2088.331666666667,1100.23,0.0,0.0,0.0,0.0,2.0,2.0,-1.5,-1.0,russia_ukraine_war,international_geopolitics,2022-02-24,after
2022-07-31,1897.27,1982.61,1099.32,98.62000274658205,110.01000213623048,1299.08,-0.0016680347708951,-0.0013650192412306,9.096615149584151e-06,0.0,0.0,0.0,1919.1714285714288,2000.5542857142857,1099.34,2026.7146666666667,2082.4953333333333,1100.0136666666665,0.0,0.0,0.0,0.0,0.0,0.0,0.0,0.0,russia_ukraine_war,international_geopolitics,2022-02-24,after
2022-08-01,1889.82,1976.46,1091.48,89.55000305175781,96.48999786376952,1350.18994140625,-0.0039266946718179,-0.0031019716434396,-0.007131681403049,-0.091969168953796,-0.1228979548215853,0.0393431824108214,1910.7371428571428,1993.662857142857,1098.2257142857145,2018.8836666666668,2076.531,1099.630666666667,0.0,0.0,0.0,0.0,0.0,0.0,0.0,0.0,russia_ukraine_war,international_geopolitics,2022-02-24,after
2022-08-02,1881.75,1969.64,1090.26,89.55000305175781,96.48999786376952,1304.89,-0.0042702479601232,-0.0034506137235258,-0.0011177483783486,0.0,0.0,-0.0335507916457066,1902.8971428571429,1987.1814285714288,1096.932857142857,2010.831,2070.3703333333333,1099.232,3.0,3.0,1.0,3.0,1.0,1.0,0.0,0.0,russia_ukraine_war,international_geopolitics,2022-02-24,after
2022-08-03,1874.05,1963.18,1089.76,89.55000305175781,96.48999786376952,1310.69,-0.0040919356981533,-0.0032797871692289,-0.0004586062040247,0.0,0.0,0.004444819103526,1895.36,1980.9585714285715,1095.5571428571427,2002.6133333333328,2064.0403333333334,1098.8436666666666,0.0,0.0,0.0,0.0,0.0,0.0,0.0,0.0,russia_ukraine_war,international_geopolitics,2022-02-24,after
2022-08-04,1866.41,1956.93,1089.39,89.55000305175781,96.48999786376952,1310.2,-0.0040767322109868,-0.0031836102649782,-0.0003395242989281,0.0,0.0,-0.0003738488887532,1888.15,1975.0257142857145,1094.15,1994.2543333333333,2057.578666666667,1098.4553333333336,1.0,1.0,6.0,6.0,0.0,0.0,0.0,0.0,russia_ukraine_war,international_geopolitics,2022-02-24,after
2022-08-05,1859.17,1950.56,1089.31,89.55000305175781,96.48999786376952,1298.22,-0.0038791048054821,-0.0032550985472142,-7.343559239592068e-05,0.0,0.0,-0.0091436421920317,1881.2728571428568,1969.242857142857,1092.69,1985.765,2050.9776666666667,1098.072,1.0,1.0,2.0,2.0,0.0,0.0,0.0,0.0,russia_ukraine_war,international_geopolitics,2022-02-24,after
2022-08-06,1852.0,1944.14,1089.06,89.55000305175781,96.48999786376952,1298.22,-0.0038565596475846,-0.0032913624805183,-0.0002295030799313,0.0,0.0,0.0,1874.3528571428571,1963.36,1091.2257142857145,1977.1996666666664,2044.2743333333333,1097.6873333333335,0.0,0.0,0.0,0.0,0.0,0.0,0.0,0.0,russia_ukraine_war,international_geopolitics,2022-02-24,after
2022-08-07,1848.83,1941.43,1089.04,89.55000305175781,96.48999786376952,1298.22,-0.0017116630669546,-0.0013939325357227,-1.8364461094821927e-05,0.0,0.0,0.0,1867.432857142857,1957.4771428571428,1089.7571428571428,1968.744333333333,2037.646,1097.314,0.0,0.0,0.0,0.0,0.0,0.0,0.0,0.0,russia_ukraine_war,international_geopolitics,2022-02-24,after
2022-08-08,1842.61,1935.96,1089.09,89.55000305175781,96.48999786376952,1306.11,-0.0033642898481742,-0.002817510803892,4.591199588621642e-05,0.0,0.0,0.0060775523408973,1860.6885714285715,1951.6914285714288,1089.4157142857143,1960.239,2030.9563333333333,1096.9433333333334,0.0,0.0,0.0,0.0,0.0,0.0,0.0,0.0,russia_ukraine_war,international_geopolitics,2022-02-24,after
2022-08-09,1834.04,1928.2,1088.98,89.55000305175781,96.48999786376952,1304.5,-0.0046510113371792,-0.0040083472799025,-0.0001010017537576,0.0,0.0,-0.0012326679988667,1853.872857142857,1945.7714285714287,1089.2328571428573,1951.519,2024.0683333333332,1096.573666666667,0.0,0.0,0.0,0.0,0.0,0.0,0.0,0.0,russia_ukraine_war,international_geopolitics,2022-02-24,after
2022-08-10,1825.12,1920.46,1088.9,89.55000305175781,96.48999786376952,1310.54,-0.0048635798564917,-0.0040141064204958,-7.346324083079558e-05,0.0,0.0,0.0046301264852433,1846.882857142857,1939.668571428572,1089.11,1942.6623333333328,2017.041,1096.2013333333334,1.0,1.0,2.0,2.0,0.0,0.0,0.0,0.0,russia_ukraine_war,international_geopolitics,2022-02-24,after
2022-08-11,1815.48,1911.58,1088.78,89.55000305175781,96.48999786376952,1302.72,-0.0052818444814586,-0.0046238921924955,-0.0001102029571128,0.0,0.0,-0.0059670059670059,1839.607142857143,1933.19,1089.0228571428572,1933.775,2009.9513333333332,1095.8346666666666,1.0,1.0,2.0,2.0,1.0,1.0,0.0,0.0,russia_ukraine_war,international_geopolitics,2022-02-24,after
2022-08-12,1805.86,1902.96,1088.8,89.55000305175781,96.48999786376952,1302.13,-0.0052988741269527,-0.004509358750353,1.836918385711428e-05,0.0,0.0,-0.0004528985507246,1831.9914285714283,1926.39,1088.95,1924.8666666666663,2002.8113333333336,1095.47,0.0,0.0,0.0,0.0,0.0,0.0,0.0,0.0,russia_ukraine_war,international_geopolitics,2022-02-24,after
2022-08-13,1797.86,1895.71,1088.71,89.55000305175781,96.48999786376952,1302.13,-0.0044300222608618,-0.0038098541219994,-8.265980896393632e-05,0.0,0.0,0.0,1824.2571428571428,1919.4714285714283,1088.9,1916.0683333333332,1995.703,1095.101,0.0,0.0,0.0,0.0,0.0,0.0,0.0,0.0,russia_ukraine_war,international_geopolitics,2022-02-24,after
2022-08-14,1794.06,1892.04,1088.52,89.55000305175781,96.48999786376952,1302.13,-0.0021136239751704,-0.0019359501189528,-0.0001745184668093,0.0,0.0,0.0,1816.4328571428573,1912.4157142857143,1088.8257142857144,1907.569,1988.7803333333331,1094.7233333333331,0.0,0.0,0.0,0.0,0.0,0.0,0.0,0.0,russia_ukraine_war,international_geopolitics,2022-02-24,after
2022-08-15,1789.04,1887.53,1088.65,89.55000305175781,96.48999786376952,1305.85,-0.0027981226937783,-0.0023836705355066,0.0001194282144563,0.0,0.0,0.002856857610223,1808.78,1905.4971428571428,1088.7628571428572,1899.2426666666663,1981.9553333333336,1094.354,0.0,0.0,0.0,0.0,1.0,1.0,0.0,0.0,russia_ukraine_war,international_geopolitics,2022-02-24,after
2022-08-16,1781.36,1880.12,1088.49,89.55000305175781,96.48999786376952,1308.54,-0.0042928050798193,-0.003925765418298,-0.0001469710191522,0.0,0.0,0.0020599609449785,1801.2542857142855,1898.6285714285716,1088.6928571428573,1890.8093333333331,1975.001,1093.984333333333,0.0,0.0,0.0,0.0,2.0,2.0,-1.5,0.0,russia_ukraine_war,international_geopolitics,2022-02-24,after
2022-08-17,1771.95,1870.89,1088.54,89.55000305175781,96.48999786376952,1310.16,-0.0052824808011855,-0.0049092611109927,4.593519462736673e-05,0.0,0.0,0.0012380210005045,1793.6585714285716,1891.547142857143,1088.6414285714286,1882.3326666666665,1967.9603333333332,1093.612,0.0,0.0,0.0,0.0,0.0,0.0,0.0,0.0,russia_ukraine_war,international_geopolitics,2022-02-24,after
2022-08-18,1764.38,1863.53,1088.51,89.55000305175781,96.48999786376952,1319.94,-0.0042721295747621,-0.0039339565661263,-2.7559850809266703e-05,0.0,0.0,0.0074647371313427,1786.3585714285714,1884.6828571428573,1088.6028571428571,1874.0450000000003,1960.9973333333328,1093.239,1.0,1.0,0.0,0.0,0.0,0.0,0.0,0.0,russia_ukraine_war,international_geopolitics,2022-02-24,after
2022-08-19,1757.86,1857.23,1088.43,89.55000305175781,96.48999786376952,1325.5,-0.0036953490744625,-0.0033806807510476,-7.34949610016189e-05,0.0,0.0,0.0042123126808792,1779.5014285714285,1878.15,1088.55,1865.9016666666664,1954.1053333333332,1092.8673333333331,0.0,0.0,0.0,0.0,0.0,0.0,0.0,0.0,russia_ukraine_war,international_geopolitics,2022-02-24,after
2022-08-20,1753.37,1852.84,1088.36,89.55000305175781,96.48999786376952,1325.5,-0.0025542420898138,-0.0023637352401156,-6.431281754470941e-05,0.0,0.0,0.0,1773.145714285714,1872.0257142857145,1088.5,1858.0163333333333,1947.3573333333331,1092.493333333333,0.0,0.0,0.0,0.0,0.0,0.0,0.0,0.0,russia_ukraine_war,international_geopolitics,2022-02-24,after
2022-08-21,1751.21,1850.59,1088.33,89.55000305175781,96.48999786376952,1325.5,-0.0012319134010504,-0.0012143520217612,-2.75644088353344e-05,0.0,0.0,0.0,1767.0242857142855,1866.1042857142857,1088.472857142857,1850.4816666666663,1940.8433333333328,1092.118333333333,0.0,0.0,0.0,0.0,0.0,0.0,0.0,0.0,russia_ukraine_war,international_geopolitics,2022-02-24,after
2022-08-22,1746.84,1846.57,1088.41,89.55000305175781,96.48999786376952,1339.4,-0.0024954174542174,-0.0021722801917226,7.350711640774499e-05,0.0,0.0,0.0104866088268578,1760.9957142857145,1860.2528571428568,1088.438571428571,1843.223,1934.5013333333327,1091.7516666666666,0.0,0.0,0.0,0.0,0.0,0.0,0.0,0.0,russia_ukraine_war,international_geopolitics,2022-02-24,after
2022-08-23,1742.37,1842.27,1088.33,89.55000305175781,96.48999786376952,1339.4,-0.0025589063680703,-0.002328641752005,-7.350171350883894e-05,0.0,0.0,0.0,1755.4257142857143,1854.8457142857144,1088.4157142857143,1835.988,1928.1566666666663,1091.3836666666668,0.0,0.0,0.0,0.0,0.0,0.0,0.0,0.0,russia_ukraine_war,international_geopolitics,2022-02-24,after
2022-08-24,1739.85,1839.79,1088.33,89.55000305175781,96.48999786376952,1342.05,-0.0014463058936965,-0.0013461653286435,0.0,0.0,0.0,0.0019784978348513,1750.84,1850.402857142857,1088.385714285714,1829.021,1921.993,1091.0186666666666,0.0,0.0,0.0,0.0,0.0,0.0,0.0,0.0,russia_ukraine_war,international_geopolitics,2022-02-24,after
2022-08-25,1738.54,1838.6,1088.34,89.55000305175781,96.48999786376952,1335.46,-0.0007529384717073,-0.0006468129514781,9.18838955099588e-06,0.0,0.0,-0.0049103982713013,1747.1485714285714,1846.8414285714284,1088.3614285714286,1822.418,1916.1126666666669,1090.653,1.0,1.0,0.0,0.0,0.0,0.0,0.0,0.0,russia_ukraine_war,international_geopolitics,2022-02-24,after
2022-08-26,1737.77,1838.58,1088.41,89.55000305175781,96.48999786376952,1331.17,-0.0004429003646737,-1.0877841836176572e-05,6.431813587681745e-05,0.0,0.0,-0.0032123762598654,1744.2785714285712,1844.1771428571428,1088.3585714285714,1816.1166666666663,1910.5073333333332,1090.287,1.0,1.0,0.0,0.0,0.0,0.0,0.0,0.0,russia_ukraine_war,international_geopolitics,2022-02-24,after
2022-08-27,1738.0,1838.82,1088.32,89.55000305175781,96.48999786376952,1331.17,0.0001323535335515,0.0001305355219789,-8.268942769740217e-05,0.0,0.0,0.0,1742.0828571428572,1842.1742857142856,1088.3528571428571,1810.154,1905.186,1089.923,0.0,0.0,0.0,0.0,0.0,0.0,0.0,0.0,russia_ukraine_war,international_geopolitics,2022-02-24,after
2022-08-28,1738.06,1839.07,1088.24,89.55000305175781,96.48999786376952,1331.17,3.452243958568246e-05,0.0001359567548753,-7.350779182591083e-05,0.0,0.0,0.0,1740.2042857142856,1840.5285714285712,1088.34,1804.512333333333,1900.1203333333333,1089.5466666666666,0.0,0.0,0.0,0.0,0.0,0.0,0.0,0.0,russia_ukraine_war,international_geopolitics,2022-02-24,after
2022-08-29,1738.53,1840.79,1088.37,89.55000305175781,96.48999786376952,1349.8,0.0002704164413196,0.0009352553192647,0.0001194589428801,0.0,0.0,0.0139952072237203,1739.0171428571427,1839.702857142857,1088.3342857142857,1799.1153333333334,1895.3026666666667,1089.182,0.0,0.0,0.0,0.0,0.0,0.0,0.0,0.0,russia_ukraine_war,international_geopolitics,2022-02-24,after
2022-08-30,1740.46,1845.33,1088.26,89.55000305175781,96.48999786376952,1346.37,0.0011101332735126,0.0024663323898976,-0.0001010685704309,0.0,0.0,-0.0025411172025485,1738.7442857142855,1840.14,1088.3242857142857,1793.888333333333,1890.7266666666665,1088.8133333333333,1.0,1.0,0.0,0.0,0.0,0.0,0.0,0.0,russia_ukraine_war,international_geopolitics,2022-02-24,after
2022-08-31,1741.71,1847.37,1088.36,89.55000305175781,96.48999786376952,1338.66,0.0007182009353849,0.0011054933263969,9.188980574492688e-05,0.0,0.0,-0.0057265090576883,1739.01,1841.222857142857,1088.3285714285714,1788.9513333333332,1886.4236666666663,1088.7093333333332,0.0,0.0,0.0,0.0,0.0,0.0,0.0,0.0,russia_ukraine_war,international_geopolitics,2022-02-24,after
2022-09-01,1742.51,1850.3,1057.6,79.48999786376953,87.95999908447266,1430.1700439453125,0.000459318715515,0.0015860385304513,-0.028262707192473,-0.1123395292591317,-0.0884029326162908,0.0683594370081368,1739.577142857143,1842.8942857142852,1083.9371428571428,1784.31,1882.4456666666667,1087.6206666666667,1.0,1.0,0.0,0.0,0.0,0.0,0.0,0.0,russia_ukraine_war,international_geopolitics,2022-02-24,after
2022-09-02,1742.01,1850.7,1053.89,79.48999786376953,87.95999908447266,1362.2,-0.0002869423991828,0.000216181159812,-0.0035079425113462,0.0,0.0,-0.0475258478759686,1740.1828571428573,1844.625714285714,1079.0057142857142,1779.9086666666667,1878.696333333333,1086.425,3.0,3.0,0.6666666666666666,1.0,0.0,0.0,0.0,0.0,russia_ukraine_war,international_geopolitics,2022-02-24,after
2022-09-03,1741.46,1850.67,1052.82,79.48999786376953,87.95999908447266,1362.2,-0.0003157272346312,-1.621008267138624e-05,-0.0010152862253177,0.0,0.0,0.0,1740.6771428571428,1846.3185714285717,1073.9342857142856,1775.7436666666665,1875.1543333333327,1085.206,0.0,0.0,0.0,0.0,0.0,0.0,0.0,0.0,russia_ukraine_war,international_geopolitics,2022-02-24,after
2022-09-04,1741.41,1850.76,1052.47,79.48999786376953,87.95999908447266,1362.2,-2.871154089090222e-05,4.86310363272402e-05,-0.0003324404931516,0.0,0.0,0.0,1741.1557142857143,1847.9885714285715,1068.8242857142857,1771.8183333333334,1871.8276666666668,1083.978,0.0,0.0,0.0,0.0,0.0,0.0,0.0,0.0,russia_ukraine_war,international_geopolitics,2022-02-24,after
2022-09-05,1741.49,1851.27,1051.97,79.48999786376953,87.95999908447266,1362.2,4.593978442746227e-05,0.0002755624716332,-0.0004750729236937,0.0,0.0,0.0,1741.5785714285714,1849.4857142857145,1063.6242857142856,1768.1346666666666,1868.732,1082.7416666666666,1.0,1.0,0.0,0.0,0.0,0.0,0.0,0.0,russia_ukraine_war,international_geopolitics,2022-02-24,after
2022-09-06,1741.42,1851.76,1052.66,79.48999786376953,87.95999908447266,1378.95,-4.019546480305003e-05,0.0002646831634498,0.0006559122408433,0.0,0.0,0.0122962854206429,1741.7157142857145,1850.4042857142856,1058.5385714285717,1764.5543333333333,1865.743,1081.529,3.0,3.0,0.0,0.0,2.0,2.0,0.0,0.0,russia_ukraine_war,international_geopolitics,2022-02-24,after
2022-09-07,1740.99,1852.57,1052.16,79.48999786376953,87.95999908447266,1383.72,-0.0002469249233384,0.000437421696116,-0.0004749871753462,0.0,0.0,0.003459153703905,1741.6128571428574,1851.1471428571429,1053.3671428571429,1761.167,1862.9633333333331,1080.298,0.0,0.0,0.0,0.0,0.0,0.0,0.0,0.0,russia_ukraine_war,international_geopolitics,2022-02-24,after
2022-09-08,1740.61,1853.89,1052.12,79.48999786376953,87.95999908447266,1380.51,-0.0002182666184182,0.0007125236833156,-3.801703163031078e-05,0.0,0.0,-0.0023198334923251,1741.3414285714284,1851.66,1052.5842857142857,1758.0526666666665,1860.4863333333333,1079.0693333333334,1.0,1.0,0.0,0.0,1.0,1.0,0.0,0.0,russia_ukraine_war,international_geopolitics,2022-02-24,after
2022-09-09,1740.42,1854.92,1051.77,79.48999786376953,87.95999908447266,1376.74,-0.0001091571345677,0.0005555885192756,-0.0003326616735732,0.0,0.0,-0.0027308748216239,1741.1142857142856,1852.2628571428568,1052.2814285714287,1755.2293333333334,1858.3016666666667,1077.8316666666665,1.0,1.0,0.0,0.0,0.0,0.0,0.0,0.0,russia_ukraine_war,international_geopolitics,2022-02-24,after
2022-09-10,1740.44,1855.39,1051.62,79.48999786376953,87.95999908447266,1376.74,1.1491479068315158e-05,0.0002533801996851,-0.000142616731795,0.0,0.0,0.0,1740.9685714285715,1852.937142857143,1052.11,1752.7279999999998,1856.428666666667,1076.593,0.0,0.0,0.0,0.0,0.0,0.0,0.0,0.0,russia_ukraine_war,international_geopolitics,2022-02-24,after
2022-09-11,1740.46,1855.82,1051.55,79.48999786376953,87.95999908447266,1376.74,1.1491347015724074e-05,0.0002317572046846,-6.656396797311004e-05,0.0,0.0,0.0,1740.8328571428574,1853.66,1051.9785714285715,1750.5479999999998,1854.8573333333331,1075.3513333333333,0.0,0.0,0.0,0.0,0.0,0.0,0.0,0.0,russia_ukraine_war,international_geopolitics,2022-02-24,after
2022-09-12,1740.15,1856.09,1051.65,79.48999786376953,87.95999908447266,1377.38,-0.0001781138319754,0.0001454882477827,9.509771290017176e-05,0.0,0.0,0.0004648662783097,1740.6414285714286,1854.3485714285712,1051.932857142857,1748.6243333333332,1853.5366666666664,1074.116,2.0,2.0,1.0,2.0,0.0,0.0,0.0,0.0,russia_ukraine_war,international_geopolitics,2022-02-24,after
2022-09-13,1740.54,1857.38,1051.48,79.48999786376953,87.95999908447266,1373.76,0.0002241186104645,0.0006950094014839,-0.0001616507393145,0.0,0.0,-0.0026281781353004,1740.515714285714,1855.1514285714288,1051.7642857142855,1746.840333333333,1852.3813333333333,1072.8813333333335,1.0,1.0,0.0,0.0,1.0,1.0,0.0,0.0,russia_ukraine_war,international_geopolitics,2022-02-24,after
2022-09-14,1740.38,1858.63,1051.49,79.48999786376953,87.95999908447266,1391.1,-9.192549438674646e-05,0.0006729909873046,9.510404382462312e-06,0.0,0.0,0.012622292103424,1740.428571428571,1856.0171428571427,1051.6685714285716,1745.2183333333332,1851.418,1071.6426666666666,1.0,1.0,3.0,3.0,0.0,0.0,0.0,0.0,russia_ukraine_war,international_geopolitics,2022-02-24,after
2022-09-15,1740.34,1860.41,1051.36,79.48999786376953,87.95999908447266,1393.93,-2.298348636520231e-05,0.0009576946460565,-0.0001236340811611,0.0,0.0,0.0020343612968156,1740.39,1856.9485714285715,1051.56,1743.851,1850.761,1070.405,2.0,2.0,1.5,3.0,0.0,0.0,0.0,0.0,russia_ukraine_war,international_geopolitics,2022-02-24,after
2022-09-16,1739.33,1860.74,1051.13,79.48999786376953,87.95999908447266,1384.48,-0.0005803463691003,0.0001773802548901,-0.0002187642672346,0.0,0.0,-0.0067793935133041,1740.234285714286,1857.78,1051.4685714285713,1742.7636666666667,1850.4226666666664,1069.158,5.0,5.0,0.6,3.0,0.0,0.0,0.0,0.0,russia_ukraine_war,international_geopolitics,2022-02-24,after
2022-09-17,1737.72,1859.89,1050.9,79.48999786376953,87.95999908447266,1384.48,-0.0009256437823759,-0.0004568075066908,-0.0002188121355113,0.0,0.0,0.0,1739.8457142857144,1858.422857142857,1051.3657142857144,1741.875,1850.301333333333,1067.9043333333332,0.0,0.0,0.0,0.0,0.0,0.0,0.0,0.0,russia_ukraine_war,international_geopolitics,2022-02-24,after
2022-09-18,1736.95,1859.21,1050.85,79.48999786376953,87.95999908447266,1384.48,-0.0004431093616923,-0.0003656130201248,-4.757826624812722e-05,0.0,0.0,0.0,1739.3442857142857,1858.9071428571428,1051.2657142857142,1741.178,1850.367333333333,1066.6516666666666,0.0,0.0,0.0,0.0,0.0,0.0,0.0,0.0,russia_ukraine_war,international_geopolitics,2022-02-24,after
2022-09-19,1735.73,1858.61,1050.93,79.48999786376953,87.95999908447266,1393.05,-0.0007023806096894,-0.0003227177134375,7.612884807550735e-05,0.0,0.0,0.0061900496937477,1738.712857142857,1859.267142857143,1051.162857142857,1740.59,1850.5596666666668,1065.404,0.0,0.0,0.0,0.0,0.0,0.0,0.0,0.0,russia_ukraine_war,international_geopolitics,2022-02-24,after
2022-09-20,1731.92,1855.12,1050.54,79.48999786376953,87.95999908447266,1389.86,-0.002195041855588,-0.0018777473488251,-0.0003710998829609,0.0,0.0,-0.0022899393417321,1737.4814285714288,1858.9442857142856,1051.0285714285717,1739.947,1850.7106666666664,1064.1443333333334,3.0,3.0,0.6666666666666666,2.0,0.0,0.0,0.0,0.0,russia_ukraine_war,international_geopolitics,2022-02-24,after
2022-09-21,1728.37,1852.35,1050.48,79.48999786376953,87.95999908447266,1395.92,-0.0020497482562705,-0.0014931648626503,-5.711348449366493e-05,0.0,0.0,0.0043601513821536,1735.765714285714,1858.0471428571425,1050.884285714286,1739.331333333333,1850.9033333333332,1062.88,3.0,3.0,2.0,6.0,0.0,0.0,0.0,0.0,russia_ukraine_war,international_geopolitics,2022-02-24,after
2022-09-22,1724.95,1849.76,1050.35,79.48999786376953,87.95999908447266,1412.29,-0.0019787429774873,-0.0013982238777768,-0.000123752951032,0.0,0.0,0.0117270330677974,1733.5671428571427,1856.525714285714,1050.74,1738.7506666666668,1851.153,1061.614,1.0,1.0,0.0,0.0,0.0,0.0,0.0,0.0,russia_ukraine_war,international_geopolitics,2022-02-24,after
2022-09-23,1721.16,1847.31,1050.24,79.48999786376953,87.95999908447266,1409.42,-0.0021971651352212,-0.001324496150852,-0.0001047269957632,0.0,0.0,-0.0020321605336013,1730.9714285714283,1854.607142857143,1050.6128571428571,1738.1276666666668,1851.4036666666664,1060.3443333333337,0.0,0.0,0.0,0.0,0.0,0.0,0.0,0.0,russia_ukraine_war,international_geopolitics,2022-02-24,after
2022-09-24,1717.19,1844.45,1050.02,79.48999786376953,87.95999908447266,1409.42,-0.0023065839317669,-0.0015481971082276,-0.0002094759293114,0.0,0.0,0.0,1728.0385714285717,1852.4014285714288,1050.4871428571428,1737.4160000000002,1851.5986666666663,1059.067,2.0,2.0,1.5,3.0,0.0,0.0,0.0,0.0,russia_ukraine_war,international_geopolitics,2022-02-24,after
2022-09-25,1715.25,1843.21,1049.92,79.48999786376953,87.95999908447266,1409.42,-0.0011297526773391,-0.0006722871316652,-9.5236281213551e-05,0.0,0.0,0.0,1724.938571428571,1850.115714285714,1050.354285714286,1736.6653333333334,1851.753,1057.784,0.0,0.0,0.0,0.0,0.0,0.0,0.0,0.0,russia_ukraine_war,international_geopolitics,2022-02-24,after
2022-09-26,1711.53,1841.0,1050.15,79.48999786376953,87.95999908447266,1432.47,-0.0021687800612155,-0.0011989952311456,0.0002190643096617,0.0,0.0,0.0163542450085849,1721.4814285714283,1847.6,1050.242857142857,1735.783,1851.8256666666664,1056.5116666666668,1.0,1.0,-1.0,-1.0,0.0,0.0,0.0,0.0,russia_ukraine_war,international_geopolitics,2022-02-24,after
2022-09-27,1705.43,1836.98,1050.02,79.48999786376953,87.95999908447266,1422.39,-0.0035640625639047,-0.0021835958718088,-0.0001237918392611,0.0,0.0,-0.0070367965821273,1717.6971428571428,1845.0085714285717,1050.1685714285716,1734.695333333333,1851.756,1055.2376666666669,0.0,0.0,0.0,0.0,0.0,0.0,0.0,0.0,russia_ukraine_war,international_geopolitics,2022-02-24,after
2022-09-28,1698.78,1832.33,1049.95,79.48999786376953,87.95999908447266,1440.5,-0.0038993098514744,-0.0025313285936701,-6.6665396849519e-05,0.0,0.0,0.01273209176105,1713.47,1842.1485714285716,1050.0928571428572,1733.3703333333333,1851.474,1053.957,0.0,0.0,0.0,0.0,0.0,0.0,0.0,0.0,russia_ukraine_war,international_geopolitics,2022-02-24,after
2022-09-29,1693.28,1828.79,1049.98,79.48999786376953,87.95999908447266,1439.15,-0.0032376175843841,-0.0019319664034316,2.85727891804477e-05,0.0,0.0,-0.0009371745921554,1708.9457142857143,1839.152857142857,1050.0400000000002,1731.7976666666666,1850.9226666666664,1052.681,2.0,2.0,3.5,5.0,0.0,0.0,0.0,0.0,russia_ukraine_war,international_geopolitics,2022-02-24,after
2022-09-30,1688.3,1826.08,1049.87,79.48999786376953,87.95999908447266,1431.67,-0.0029410375129925,-0.0014818541221245,-0.0001047639002649,0.0,0.0,-0.005197512420526,1704.2514285714285,1836.12,1049.9871428571428,1730.0173333333337,1850.213,1051.398,3.0,3.0,-0.3333333333333333,2.0,0.0,0.0,0.0,0.0,russia_ukraine_war,international_geopolitics,2022-02-24,after
2022-10-01,1682.04,1822.01,1049.81,86.52999877929688,94.83000183105467,1421.6500244140625,-0.003707871823728,-0.0022288180145447,-5.714993284877679e-05,0.0885646132182886,0.0781037155307879,-0.0069988025075174,1699.23,1832.9142857142856,1049.9571428571428,1728.0016666666668,1849.27,1051.138333333333,0.0,0.0,0.0,0.0,0.0,0.0,0.0,0.0,russia_ukraine_war,international_geopolitics,2022-02-24,after
2022-10-02,1679.84,1820.55,1049.56,86.52999877929688,94.83000183105467,1421.6500244140625,-0.0013079356020071,-0.0008013128358241,-0.000238138329793,0.0,0.0,0.0,1694.1714285714284,1829.6771428571428,1049.9057142857143,1725.9293333333333,1848.265,1050.994,0.0,0.0,0.0,0.0,0.0,0.0,0.0,0.0,russia_ukraine_war,international_geopolitics,2022-02-24,after
2022-10-03,1677.55,1820.83,1049.6,86.52999877929688,94.83000183105467,1434.83,-0.0013632250690541,0.0001537996759219,3.811120850638616e-05,0.0,0.0,0.0092709002634945,1689.3171428571427,1826.7957142857144,1049.827142857143,1723.799,1847.2703333333332,1050.8866666666663,0.0,0.0,0.0,0.0,0.0,0.0,0.0,0.0,russia_ukraine_war,international_geopolitics,2022-02-24,after
2022-10-04,1674.38,1817.56,1050.07,86.52999877929688,94.83000183105467,1425.75,-0.001889660516825,-0.001795884294525,0.0004477896341463,0.0,0.0,-0.0063282758236167,1684.8814285714286,1824.0214285714285,1049.8342857142857,1721.5646666666664,1846.1636666666668,1050.8066666666666,2.0,2.0,1.5,3.0,0.0,0.0,0.0,0.0,russia_ukraine_war,international_geopolitics,2022-02-24,after
2022-10-05,1670.62,1815.63,1049.63,86.52999877929688,94.83000183105467,1410.74,-0.0022456073292802,-0.0010618631571996,-0.0004190196844018,0.0,0.0,-0.0105277923899701,1680.8585714285714,1821.6357142857144,1049.7885714285717,1719.2023333333334,1844.9756666666667,1050.7286666666666,2.0,2.0,0.0,0.0,0.0,0.0,0.0,0.0,russia_ukraine_war,international_geopolitics,2022-02-24,after
2022-10-06,1667.41,1814.62,1049.53,86.52999877929688,94.83000183105467,1402.33,-0.0019214423387723,-0.0005562807400187,-9.52716671590581e-05,0.0,0.0,-0.0059614103236599,1677.162857142857,1819.6114285714284,1049.7242857142858,1716.7353333333333,1843.7376666666669,1050.6243333333334,1.0,1.0,3.0,3.0,1.0,1.0,0.0,0.0,russia_ukraine_war,international_geopolitics,2022-02-24,after
2022-10-07,1665.76,1814.91,1049.46,86.52999877929688,94.83000183105467,1412.54,-0.0009895586568391,0.0001598130738116,-6.669652129998038e-05,0.0,0.0,0.0072807399114331,1673.9428571428573,1818.0157142857145,1049.6657142857143,1714.227666666667,1842.4823333333331,1050.5343333333335,1.0,1.0,3.0,3.0,0.0,0.0,0.0,0.0,russia_ukraine_war,international_geopolitics,2022-02-24,after
2022-10-08,1665.86,1818.57,1049.3,86.52999877929688,94.83000183105467,1412.54,6.0032657765773934e-05,0.0020166289237482,-0.0001524593600519,0.0,0.0,0.0,1671.6314285714286,1817.5242857142855,1049.5928571428572,1711.736,1841.305,1050.4403333333332,0.0,0.0,0.0,0.0,0.0,0.0,0.0,0.0,russia_ukraine_war,international_geopolitics,2022-02-24,after
2022-10-09,1666.13,1819.99,1049.22,86.52999877929688,94.83000183105467,1412.54,0.0001620784459679,0.0007808332920922,-7.624130372618776e-05,0.0,0.0,0.0,1669.6728571428573,1817.4442857142856,1049.5442857142857,1709.2596666666664,1840.1406666666664,1050.3553333333334,0.0,0.0,0.0,0.0,0.0,0.0,0.0,0.0,russia_ukraine_war,international_geopolitics,2022-02-24,after
2022-10-10,1666.45,1821.74,1049.3,86.52999877929688,94.83000183105467,1412.54,0.0001920618439137,0.0009615437447458,7.624711690579211e-05,0.0,0.0,0.0,1668.087142857143,1817.5742857142857,1049.5014285714285,1706.7933333333335,1839.019,1050.278,1.0,1.0,0.0,0.0,0.0,0.0,0.0,0.0,russia_ukraine_war,international_geopolitics,2022-02-24,after
2022-10-11,1666.75,1824.45,1049.39,86.52999877929688,94.83000183105467,1435.36,0.0001800234030424,0.0014875887887404,8.577146669219715e-05,0.0,0.0,0.0161552947173178,1666.9971428571428,1818.5585714285717,1049.4042857142856,1704.3363333333334,1837.973333333333,1050.206,0.0,0.0,0.0,0.0,0.0,0.0,0.0,0.0,russia_ukraine_war,international_geopolitics,2022-02-24,after
2022-10-12,1666.94,1828.0,1049.35,86.52999877929688,94.83000183105467,1423.81,0.000113994300285,0.001945791882485,-3.81173824794967e-05,0.0,0.0,-0.0080467617879834,1666.4714285714283,1820.3257142857144,1049.3642857142856,1701.8960000000002,1837.037,1050.1293333333333,3.0,3.0,1.0,5.0,1.0,1.0,3.0,3.0,russia_ukraine_war,international_geopolitics,2022-02-24,after
2022-10-13,1666.38,1829.54,1049.43,86.52999877929688,94.83000183105467,1430.4,-0.0003359449050355,0.0008424507658644,7.623767093933864e-05,0.0,0.0,0.0046284265456768,1666.3242857142857,1822.457142857143,1049.35,1699.424,1836.109,1050.061,0.0,0.0,0.0,0.0,0.0,0.0,0.0,0.0,russia_ukraine_war,international_geopolitics,2022-02-24,after
2022-10-14,1666.05,1831.43,1049.35,86.52999877929688,94.83000183105467,1428.06,-0.0001980340618586,0.0010330465581511,-7.62318591999156e-05,0.0,0.0,-0.0016359060402685,1666.365714285714,1824.817142857143,1049.3342857142857,1696.9463333333335,1835.2023333333332,1049.9896666666668,1.0,1.0,0.0,0.0,0.0,0.0,0.0,0.0,russia_ukraine_war,international_geopolitics,2022-02-24,after
2022-10-15,1665.73,1833.69,1049.32,86.52999877929688,94.83000183105467,1428.06,-0.0001920710662944,0.0012340083978092,-2.858912660219648e-05,0.0,0.0,0.0,1666.347142857143,1826.9771428571428,1049.337142857143,1694.4593333333332,1834.311666666667,1049.9216666666666,0.0,0.0,0.0,0.0,0.0,0.0,0.0,0.0,russia_ukraine_war,international_geopolitics,2022-02-24,after
2022-10-16,1665.72,1834.59,1049.22,86.52999877929688,94.83000183105467,1428.06,-6.00337389611294e-06,0.0004908136053529,-9.529981321232396e-05,0.0,0.0,0.0,1666.2885714285717,1829.0628571428567,1049.337142857143,1692.005666666667,1833.44,1049.858,0.0,0.0,0.0,0.0,0.0,0.0,0.0,0.0,russia_ukraine_war,international_geopolitics,2022-02-24,after
2022-10-17,1665.72,1836.93,1049.48,86.52999877929688,94.83000183105467,1434.73,0.0,0.0012754893463935,0.0002478031299442,0.0,0.0,0.004670672100612,1666.1842857142856,1831.2328571428573,1049.3628571428571,1689.6056666666666,1832.6746666666663,1049.8106666666667,0.0,0.0,0.0,0.0,1.0,1.0,3.0,3.0,russia_ukraine_war,international_geopolitics,2022-02-24,after
2022-10-18,1665.76,1840.19,1049.42,86.52999877929688,94.83000183105467,1422.19,2.40136397473556e-05,0.001774700179103,-5.717117048442688e-05,0.0,0.0,-0.0087403204784175,1666.0428571428572,1833.4814285714288,1049.3671428571429,1687.2326666666663,1832.0406666666668,1049.763,1.0,1.0,2.0,2.0,3.0,3.0,0.0,3.0,russia_ukraine_war,international_geopolitics,2022-02-24,after
2022-10-19,1665.55,1842.9,1049.49,86.52999877929688,94.83000183105467,1426.07,-0.0001260685813082,0.0014726740173569,6.670351241622186e-05,0.0,0.0,0.0027281868104822,1665.8442857142857,1835.61,1049.3871428571429,1684.8933333333334,1831.517,1049.715,3.0,3.0,0.6666666666666666,2.0,1.0,1.0,3.0,3.0,russia_ukraine_war,international_geopolitics,2022-02-24,after
2022-10-20,1665.21,1845.5,1049.46,86.52999877929688,94.83000183105467,1431.63,-0.0002041367716369,0.001410819903413,-2.858531286620281e-05,0.0,0.0,0.0038988268458071,1665.6771428571428,1837.89,1049.3914285714286,1682.6696666666664,1831.196333333333,1049.679,0.0,0.0,0.0,0.0,1.0,1.0,0.0,0.0,russia_ukraine_war,international_geopolitics,2022-02-24,after
2022-10-21,1664.67,1848.77,1049.41,86.52999877929688,94.83000183105467,1440.31,-0.0003242834237122,0.0017718775399619,-4.7643550016185365e-05,0.0,0.0,0.0060630190761579,1665.48,1840.3671428571429,1049.4,1680.5463333333332,1831.077,1049.6433333333332,1.0,1.0,0.0,0.0,0.0,0.0,0.0,0.0,russia_ukraine_war,international_geopolitics,2022-02-24,after
2022-10-22,1664.21,1851.64,1049.4,86.52999877929688,94.83000183105467,1440.31,-0.0002763310445914,0.0015523834765818,-9.52916400642767e-06,0.0,0.0,0.0,1665.2628571428572,1842.9314285714288,1049.4114285714286,1678.5216666666668,1831.1396666666667,1049.611666666667,0.0,0.0,0.0,0.0,0.0,0.0,0.0,0.0,russia_ukraine_war,international_geopolitics,2022-02-24,after
2022-10-23,1664.02,1852.77,1049.28,86.52999877929688,94.83000183105467,1440.31,-0.0001141682840507,0.0006102698148666,-0.0001143510577473,0.0,0.0,0.0,1665.02,1845.5285714285717,1049.42,1676.617,1831.3216666666665,1049.5796666666668,1.0,1.0,1.0,1.0,0.0,0.0,0.0,0.0,russia_ukraine_war,international_geopolitics,2022-02-24,after
2022-10-24,1664.11,1855.46,1049.37,86.52999877929688,94.83000183105467,1439.14,5.408588839062034e-05,0.0014518801578178,8.577310155533091e-05,0.0,0.0,-0.0008123251244522,1664.7900000000002,1848.1757142857143,1049.4042857142856,1674.8476666666668,1831.688666666667,1049.558,0.0,0.0,0.0,0.0,0.0,0.0,0.0,0.0,russia_ukraine_war,international_geopolitics,2022-02-24,after
2022-10-25,1663.71,1857.96,1049.54,86.52999877929688,94.83000183105467,1432.46,-0.000240368725625,0.0013473747749883,0.0001620019630825,0.0,0.0,-0.0046416609919813,1664.4971428571428,1850.7142857142856,1049.4214285714286,1673.1296666666667,1832.1803333333332,1049.5453333333332,1.0,1.0,2.0,2.0,0.0,0.0,0.0,0.0,russia_ukraine_war,international_geopolitics,2022-02-24,after
2022-10-26,1663.17,1860.07,1049.62,86.52999877929688,94.83000183105467,1425.68,-0.0003245757974646,0.001135654158324,7.622386950467686e-05,0.0,0.0,-0.004733116457004,1664.1571428571428,1853.1671428571428,1049.44,1671.5176666666666,1832.816,1049.5276666666666,2.0,2.0,1.0,2.0,0.0,0.0,0.0,0.0,russia_ukraine_war,international_geopolitics,2022-02-24,after
2022-10-27,1662.31,1862.4,1049.6,86.52999877929688,94.83000183105467,1419.0,-0.0005170848440028,0.0012526410296387,-1.905451496730937e-05,0.0,0.0,-0.0046854834184389,1663.7428571428572,1855.5814285714284,1049.4599999999998,1670.0803333333336,1833.6633333333332,1049.5136666666667,1.0,1.0,0.0,0.0,0.0,0.0,0.0,0.0,russia_ukraine_war,international_geopolitics,2022-02-24,after
2022-10-28,1661.71,1864.82,1049.51,86.52999877929688,94.83000183105467,1421.67,-0.0003609435063254,0.0012993986254294,-8.574695121943421e-05,0.0,0.0,0.0018816067653277,1663.32,1857.8742857142856,1049.4742857142858,1668.8446666666669,1834.7463333333333,1049.499,0.0,0.0,0.0,0.0,0.0,0.0,0.0,0.0,russia_ukraine_war,international_geopolitics,2022-02-24,after
2022-10-29,1661.04,1866.42,1049.33,86.52999877929688,94.83000183105467,1421.67,-0.0004031991141655,0.0008579916560311,-0.0001715086087793,0.0,0.0,0.0,1662.8671428571429,1859.9857142857145,1049.4642857142856,1667.7700000000002,1836.0006666666668,1049.4773333333333,1.0,1.0,0.0,0.0,1.0,1.0,0.0,0.0,russia_ukraine_war,international_geopolitics,2022-02-24,after
2022-10-30,1660.71,1867.15,1049.25,86.52999877929688,94.83000183105467,1421.67,-0.0001986707123247,0.0003911231126969,-7.623912401244493e-05,0.0,0.0,0.0,1662.3942857142858,1862.04,1049.4599999999998,1666.8503333333333,1837.3696666666667,1049.4566666666665,0.0,0.0,0.0,0.0,0.0,0.0,0.0,0.0,russia_ukraine_war,international_geopolitics,2022-02-24,after
2022-10-31,1660.7,1869.29,1049.37,86.52999877929688,94.83000183105467,1424.6,-6.021520915777678e-06,0.0011461318051575,0.0001143674052894,0.0,0.0,0.0020609564807583,1661.9071428571428,1864.0157142857145,1049.4599999999998,1666.139,1838.9456666666667,1049.442,1.0,1.0,0.0,0.0,0.0,0.0,0.0,0.0,russia_ukraine_war,international_geopolitics,2022-02-24,after
2022-11-01,1659.88,1872.05,1037.21,80.55000305175781,85.43000030517578,1325.3699951171875,-0.0004937676883242,0.0014764964237758,-0.0115879051240266,-0.0691089311441182,-0.099124763728525,-0.0696546433264161,1661.36,1866.0285714285717,1047.6985714285713,1665.473666666667,1840.6623333333332,1049.0303333333334,2.0,2.0,3.0,6.0,1.0,1.0,0.0,0.0,russia_ukraine_war,international_geopolitics,2022-02-24,after
2022-11-02,1659.38,1874.01,1034.61,80.55000305175781,85.43000030517578,1418.31,-0.0003012265946935,0.0010469805827835,-0.0025067247712614,0.0,0.0,0.0701238184244503,1660.8185714285717,1868.02,1045.5542857142857,1664.868,1842.435,1048.5306666666668,0.0,0.0,0.0,0.0,0.0,0.0,0.0,0.0,russia_ukraine_war,international_geopolitics,2022-02-24,after
2022-11-03,1658.83,1875.9,1033.74,80.55000305175781,85.43000030517578,1423.99,-0.0003314490954453,0.0010085325051627,-0.0008408965697218,0.0,0.0,0.0040047662358724,1660.321428571429,1869.9485714285715,1043.2885714285717,1664.3496666666667,1844.379666666667,1047.9863333333333,0.0,0.0,0.0,0.0,0.0,0.0,0.0,0.0,russia_ukraine_war,international_geopolitics,2022-02-24,after
2022-11-04,1658.32,1877.64,1033.31,80.55000305175781,85.43000030517578,1423.99,-0.0003074456092546,0.0009275547737086,-0.0004159653297735,0.0,0.0,0.0,1659.837142857143,1871.78,1040.9742857142858,1663.9396666666669,1846.4466666666667,1047.4423333333334,0.0,0.0,0.0,0.0,0.0,0.0,0.0,0.0,russia_ukraine_war,international_geopolitics,2022-02-24,after
2022-11-05,1658.37,1879.39,1033.22,80.55000305175781,85.43000030517578,1423.99,3.015099618886019e-05,0.0009320210476981,-8.709874093926206e-05,0.0,0.0,0.0,1659.455714285714,1873.632857142857,1038.672857142857,1663.638333333333,1848.6056666666664,1046.8986666666667,1.0,1.0,0.0,0.0,0.0,0.0,0.0,0.0,russia_ukraine_war,international_geopolitics,2022-02-24,after
2022-11-06,1658.55,1880.35,1033.03,80.55000305175781,85.43000030517578,1423.99,0.0001085403136815,0.0005108040374801,-0.0001838911364472,0.0,0.0,0.0,1659.1471428571429,1875.5185714285712,1036.3557142857142,1663.398,1850.787,1046.351,0.0,0.0,0.0,0.0,0.0,0.0,0.0,0.0,russia_ukraine_war,international_geopolitics,2022-02-24,after
2022-11-07,1659.06,1882.5,1032.85,80.55000305175781,85.43000030517578,1402.05,0.0003074975128878,0.0011434041534821,-0.0001742446976371,0.0,0.0,-0.0154074115689014,1658.912857142857,1877.4057142857143,1033.9957142857145,1663.1713333333332,1852.918,1045.8026666666667,0.0,0.0,0.0,0.0,0.0,0.0,0.0,0.0,russia_ukraine_war,international_geopolitics,2022-02-24,after
2022-11-08,1659.71,1884.76,1032.83,80.55000305175781,85.43000030517578,1384.61,0.0003917881209842,0.0012005312084992,-1.936389601586708e-05,0.0,0.0,-0.0124389287115296,1658.8885714285714,1879.2214285714288,1033.37,1662.9573333333333,1855.077,1045.2563333333335,0.0,0.0,0.0,0.0,0.0,0.0,0.0,0.0,russia_ukraine_war,international_geopolitics,2022-02-24,after
2022-11-09,1660.32,1886.64,1032.64,80.55000305175781,85.43000030517578,1364.85,0.0003675340872801,0.0009974744795093,-0.0001839605743441,0.0,0.0,-0.0142711666100923,1659.0228571428572,1881.0257142857145,1033.0885714285712,1662.753,1857.2403333333332,1044.701,2.0,2.0,2.0,4.0,0.0,0.0,0.0,0.0,russia_ukraine_war,international_geopolitics,2022-02-24,after
2022-11-10,1660.34,1888.0,1032.41,80.55000305175781,85.43000030517578,1377.52,1.2045870675603254e-05,0.0007208582453461,-0.0002227300898667,0.0,0.0,0.0092830713997875,1659.2385714285713,1882.7542857142853,1032.8985714285714,1662.5393333333334,1859.3586666666667,1044.135,0.0,0.0,0.0,0.0,0.0,0.0,0.0,0.0,russia_ukraine_war,international_geopolitics,2022-02-24,after
2022-11-11,1660.1,1888.77,1032.31,80.55000305175781,85.43000030517578,1377.52,-0.0001445487068914,0.0004078389830508,-9.686074330950144e-05,0.0,0.0,0.0,1659.492857142857,1884.3442857142857,1032.7557142857142,1662.311333333333,1861.3843333333327,1043.567,1.0,1.0,0.0,0.0,0.0,0.0,0.0,0.0,russia_ukraine_war,international_geopolitics,2022-02-24,after
2022-11-12,1659.78,1888.93,1032.11,80.55000305175781,85.43000030517578,1377.52,-0.0001927594723208,8.471121417641392e-05,-0.0001937402524435,0.0,0.0,0.0,1659.6942857142858,1885.707142857143,1032.597142857143,1662.0913333333333,1863.364,1042.9896666666666,0.0,0.0,0.0,0.0,0.0,0.0,0.0,0.0,russia_ukraine_war,international_geopolitics,2022-02-24,after
2022-11-13,1659.71,1888.94,1032.02,80.55000305175781,85.43000030517578,1377.52,-4.217426405905833e-05,5.294002424660604e-06,-8.720000775108705e-05,0.0,0.0,0.0,1659.86,1886.9342857142856,1032.452857142857,1661.88,1865.281,1042.4119999999998,0.0,0.0,0.0,0.0,0.0,0.0,0.0,0.0,russia_ukraine_war,international_geopolitics,2022-02-24,after
2022-11-14,1659.64,1889.59,1032.03,80.55000305175781,85.43000030517578,1327.38,-4.217604280265519e-05,0.0003441083358919,9.689734695061958e-06,0.0,0.0,-0.036398745571752,1659.9428571428573,1887.947142857143,1032.3357142857142,1661.677,1867.1443333333327,1041.8356666666666,2.0,2.0,1.0,2.0,1.0,1.0,0.0,0.0,russia_ukraine_war,international_geopolitics,2022-02-24,after
2022-11-15,1659.03,1889.11,1031.97,80.55000305175781,85.43000030517578,1317.88,-0.0003675495890675,-0.0002540233595648,-5.81378448299974e-05,0.0,0.0,-0.0071569558076812,1659.8457142857144,1888.5685714285717,1032.212857142857,1661.4540000000002,1868.9616666666664,1041.2606666666666,1.0,1.0,0.0,0.0,0.0,0.0,0.0,0.0,russia_ukraine_war,international_geopolitics,2022-02-24,after
2022-11-16,1658.13,1888.55,1031.92,80.55000305175781,85.43000030517578,1326.46,-0.0005424856693367,-0.000296435887799,-4.845102086292741e-05,0.0,0.0,0.0065104561872098,1659.532857142857,1888.8414285714289,1032.11,1661.201,1870.6823333333332,1040.6753333333334,1.0,1.0,0.0,0.0,0.0,0.0,0.0,0.0,russia_ukraine_war,international_geopolitics,2022-02-24,after
2022-11-17,1656.78,1887.8,1031.77,80.55000305175781,85.43000030517578,1338.97,-0.0008141701796603,-0.0003971300733366,-0.0001453601054346,0.0,0.0,0.0094311174102499,1659.0242857142855,1888.8128571428567,1032.0185714285712,1660.9016666666669,1872.2693333333332,1040.087,1.0,1.0,0.0,0.0,0.0,0.0,0.0,0.0,russia_ukraine_war,international_geopolitics,2022-02-24,after
2022-11-18,1654.03,1885.62,1031.58,80.55000305175781,85.43000030517578,1339.61,-0.001659846207704,-0.0011547833456934,-0.0001841495682177,0.0,0.0,0.0004779793423301,1658.1571428571428,1888.3628571428571,1031.9142857142856,1660.5176666666666,1873.6933333333332,1039.49,0.0,0.0,0.0,0.0,1.0,1.0,0.0,0.0,russia_ukraine_war,international_geopolitics,2022-02-24,after
2022-11-19,1651.56,1883.82,1031.52,80.55000305175781,85.43000030517578,1339.61,-0.0014933223702109,-0.0009545931842046,-5.816320595586344e-05,0.0,0.0,0.0,1656.982857142857,1887.632857142857,1031.83,1660.062666666667,1874.9706666666668,1038.892,0.0,0.0,0.0,0.0,0.0,0.0,0.0,0.0,russia_ukraine_war,international_geopolitics,2022-02-24,after
2022-11-20,1650.45,1882.96,1031.37,80.55000305175781,85.43000030517578,1339.61,-0.0006720918404417,-0.0004565192003481,-0.0001454164727781,0.0,0.0,0.0,1655.66,1886.7785714285712,1031.7371428571428,1659.5886666666668,1876.1103333333333,1038.2906666666663,0.0,0.0,0.0,0.0,0.0,0.0,0.0,0.0,russia_ukraine_war,international_geopolitics,2022-02-24,after
2022-11-21,1648.35,1881.58,1031.3,80.55000305175781,85.43000030517578,1354.87,-0.0012723802599291,-0.0007328886434125,-6.787089017512571e-05,0.0,0.0,0.0113913751017087,1654.047142857143,1885.6342857142856,1031.6328571428571,1659.06,1877.1083333333331,1037.6873333333333,0.0,0.0,0.0,0.0,0.0,0.0,0.0,0.0,russia_ukraine_war,international_geopolitics,2022-02-24,after
2022-11-22,1644.75,1878.67,1031.49,80.55000305175781,85.43000030517578,1356.66,-0.0021840021840021,-0.0015465725613579,0.0001842334917094,0.0,0.0,0.0013211599636866,1652.007142857143,1884.142857142857,1031.5642857142857,1658.4176666666667,1877.9716666666668,1037.0943333333332,1.0,1.0,0.0,0.0,0.0,0.0,0.0,0.0,russia_ukraine_war,international_geopolitics,2022-02-24,after
2022-11-23,1641.01,1875.66,1031.4,80.55000305175781,85.43000030517578,1352.49,-0.0022739018087855,-0.0016021972991531,-8.72524212546244e-05,0.0,0.0,-0.0030737251780107,1649.561428571429,1882.3014285714285,1031.49,1657.6476666666667,1878.645,1036.4953333333333,1.0,1.0,2.0,2.0,1.0,1.0,4.0,4.0,russia_ukraine_war,international_geopolitics,2022-02-24,after
2022-11-24,1637.77,1872.86,1031.32,80.55000305175781,85.43000030517578,1352.49,-0.0019743938184411,-0.0014928078649649,-7.756447547035972e-05,0.0,0.0,0.0,1646.8457142857144,1880.1671428571428,1031.4257142857143,1656.783,1879.1416666666669,1035.888,2.0,2.0,0.0,0.0,1.0,1.0,0.0,0.0,russia_ukraine_war,international_geopolitics,2022-02-24,after
2022-11-25,1634.66,1870.27,1031.19,80.55000305175781,85.43000030517578,1325.22,-0.0018989235362718,-0.0013829116965495,-0.0001260520498,0.0,0.0,-0.0201628108156067,1644.0785714285714,1877.9742857142855,1031.37,1655.832666666667,1879.4816666666663,1035.2736666666667,0.0,0.0,0.0,0.0,0.0,0.0,0.0,0.0,russia_ukraine_war,international_geopolitics,2022-02-24,after
2022-11-26,1632.12,1867.75,1031.01,80.55000305175781,85.43000030517578,1325.22,-0.0015538399422511,-0.0013473990386414,-0.0001745556105082,0.0,0.0,0.0,1641.3014285714287,1875.6785714285716,1031.297142857143,1654.8263333333332,1879.66,1034.654,0.0,0.0,0.0,0.0,0.0,0.0,0.0,0.0,russia_ukraine_war,international_geopolitics,2022-02-24,after
2022-11-27,1630.83,1866.63,1031.05,80.55000305175781,85.43000030517578,1325.22,-0.000790383060069,-0.0005996519876856,3.879690788632928e-05,0.0,0.0,0.0,1638.4985714285715,1873.3457142857144,1031.2514285714285,1653.7969999999998,1879.7203333333332,1034.0386666666666,0.0,0.0,0.0,0.0,1.0,1.0,0.0,0.0,russia_ukraine_war,international_geopolitics,2022-02-24,after
2022-11-28,1628.36,1864.46,1031.23,80.55000305175781,85.43000030517578,1340.66,-0.0015145662024859,-0.0011625228352699,0.0001745793123515,0.0,0.0,0.0116508957003365,1635.642857142857,1870.9,1031.2414285714283,1652.7076666666665,1879.655,1033.4353333333331,1.0,1.0,0.0,0.0,4.0,4.0,3.5,10.0,russia_ukraine_war,international_geopolitics,2022-02-24,after
2022-11-29,1625.83,1861.7,1031.23,80.55000305175781,85.43000030517578,1327.24,-0.0015537104817116,-0.0014803213799169,0.0,0.0,0.0,-0.0100099950770516,1632.9399999999998,1868.4757142857145,1031.2042857142858,1651.5449999999998,1879.473333333333,1032.8346666666666,0.0,0.0,0.0,0.0,6.0,6.0,5.0,7.0,russia_ukraine_war,international_geopolitics,2022-02-24,after
2022-11-30,1623.9,1859.63,1031.18,80.55000305175781,85.43000030517578,1316.84,-0.0011870859806989,-0.0011118869850136,-4.848578881522237e-05,0.0,0.0,-0.007835809650101,1630.4957142857145,1866.1857142857143,1031.1728571428573,1650.3183333333334,1879.151333333333,1032.2283333333332,1.0,1.0,1.0,1.0,12.0,12.0,4.333333333333333,9.0,russia_ukraine_war,international_geopolitics,2022-02-24,after
2022-12-01,1622.12,1857.47,1024.27,80.26000213623047,85.91000366210938,1260.9100341796875,-0.0010961266087814,-0.0011615213779085,-0.0067010609204989,-0.0036002595225353,0.0056186744143615,-0.0424728636890681,1628.26,1863.9871428571428,1030.1657142857143,1649.0596666666663,1878.6653333333331,1031.797,0.0,0.0,0.0,0.0,7.0,7.0,3.142857142857143,6.0,russia_ukraine_war,international_geopolitics,2022-02-24,after
2022-12-02,1620.84,1855.96,1022.91,80.26000213623047,85.91000366210938,1300.5,-0.0007890908194214,-0.0008129337216751,-0.0013277749031017,0.0,0.0,0.0313979306589218,1626.2857142857142,1861.9428571428573,1028.9828571428573,1647.775,1878.0636666666664,1031.407,4.0,4.0,2.0,3.0,4.0,4.0,3.5,7.0,russia_ukraine_war,international_geopolitics,2022-02-24,after
2022-12-03,1619.61,1854.52,1022.32,80.26000213623047,85.91000366210938,1300.5,-0.0007588657733027,-0.0007758787904912,-0.000576785836486,0.0,0.0,0.0,1624.4985714285715,1860.052857142857,1027.7414285714287,1646.467666666667,1877.351,1031.0263333333337,3.0,3.0,1.6666666666666667,3.0,2.0,2.0,5.0,10.0,russia_ukraine_war,international_geopolitics,2022-02-24,after
2022-12-04,1618.48,1853.31,1022.19,80.26000213623047,85.91000366210938,1300.5,-0.0006976988287302,-0.0006524599357246,-0.0001271617497456,0.0,0.0,0.0,1622.7342857142855,1858.15,1026.4757142857145,1645.1396666666665,1876.54,1030.6556666666663,1.0,1.0,5.0,5.0,0.0,0.0,0.0,0.0,russia_ukraine_war,international_geopolitics,2022-02-24,after
2022-12-05,1615.99,1850.98,1022.13,80.26000213623047,85.91000366210938,1292.58,-0.0015384805496515,-0.0012572100727886,-5.869750242137872e-05,0.0,0.0,-0.0060899653979239,1620.9671428571426,1856.2242857142855,1025.1757142857143,1643.727,1875.593,1030.2859999999998,7.0,7.0,1.4285714285714286,3.0,6.0,6.0,5.0,7.0,russia_ukraine_war,international_geopolitics,2022-02-24,after
2022-12-06,1612.26,1847.19,1021.98,80.26000213623047,85.91000366210938,1319.31,-0.0023081826001398,-0.0020475639931279,-0.0001467523700507,0.0,0.0,0.0206795710903773,1619.0285714285712,1854.1514285714288,1023.8542857142857,1642.184,1874.4876666666669,1029.9176666666667,0.0,0.0,0.0,0.0,12.0,12.0,2.6666666666666665,7.0,russia_ukraine_war,international_geopolitics,2022-02-24,after
2022-12-07,1607.58,1842.17,1021.78,80.26000213623047,85.91000366210938,1322.23,-0.0029027576197387,-0.0027176413904362,-0.0001956985459597,0.0,0.0,0.002213278152974,1616.6971428571428,1851.6571428571428,1022.5114285714286,1640.468,1873.1433333333332,1029.5486666666666,1.0,1.0,1.0,1.0,1.0,1.0,1.0,1.0,russia_ukraine_war,international_geopolitics,2022-02-24,after
2022-12-08,1601.2,1835.07,1021.69,80.26000213623047,85.91000366210938,1317.56,-0.0039686982918423,-0.0038541502684334,-8.808158311957026e-05,0.0,0.0,-0.0035319119971564,1613.7085714285715,1848.457142857143,1022.1428571428572,1638.5176666666666,1871.487,1029.1773333333333,0.0,0.0,0.0,0.0,2.0,2.0,2.0,4.0,russia_ukraine_war,international_geopolitics,2022-02-24,after
2022-12-09,1593.8,1827.11,1021.57,80.26000213623047,85.91000366210938,1301.61,-0.0046215338496128,-0.0043377091882054,-0.0001174524562245,0.0,0.0,-0.012105710555876,1609.8457142857144,1844.3357142857144,1021.9514285714286,1636.3003333333334,1869.5026666666668,1028.8083333333334,3.0,3.0,0.3333333333333333,1.0,2.0,2.0,-4.0,0.0,russia_ukraine_war,international_geopolitics,2022-02-24,after
2022-12-10,1586.79,1818.45,1021.39,80.26000213623047,85.91000366210938,1301.61,-0.0043982933868741,-0.0047397255775513,-0.0001761993793867,0.0,0.0,0.0,1605.1571428571426,1839.1828571428573,1021.8185714285715,1633.8486666666663,1867.1843333333331,1028.441,0.0,0.0,0.0,0.0,0.0,0.0,0.0,0.0,russia_ukraine_war,international_geopolitics,2022-02-24,after
2022-12-11,1583.59,1814.71,1021.27,80.26000213623047,85.91000366210938,1301.61,-0.0020166499662841,-0.002056696637246,-0.0001174869540527,0.0,0.0,0.0,1600.172857142857,1833.668571428572,1021.6871428571428,1631.2983333333332,1864.7156666666667,1028.073,0.0,0.0,0.0,0.0,1.0,1.0,-2.0,-2.0,russia_ukraine_war,international_geopolitics,2022-02-24,after
2022-12-12,1576.99,1807.38,1021.3,80.26000213623047,85.91000366210938,1307.62,-0.0041677454391603,-0.0040392128769886,2.937518971468656e-05,0.0,0.0,0.0046173585021627,1594.6014285714284,1827.44,1021.5685714285712,1628.5386666666668,1861.9973333333328,1027.7126666666668,2.0,2.0,0.0,0.0,0.0,0.0,0.0,0.0,russia_ukraine_war,international_geopolitics,2022-02-24,after
2022-12-13,1567.85,1796.67,1021.27,80.26000213623047,85.91000366210938,1301.47,-0.0057958515906886,-0.0059257046110945,-2.937432683836061e-05,0.0,0.0,-0.0047032012358328,1588.2571428571428,1820.222857142857,1021.4671428571428,1625.4766666666667,1858.9216666666664,1027.3543333333334,0.0,0.0,0.0,0.0,0.0,0.0,0.0,0.0,russia_ukraine_war,international_geopolitics,2022-02-24,after
2022-12-14,1561.08,1787.99,1021.15,80.26000213623047,85.91000366210938,1294.79,-0.0043180151162419,-0.0048311598679779,-0.000117500758859,0.0,0.0,-0.0051326576870769,1581.6142857142856,1812.482857142857,1021.3771428571428,1622.1913333333334,1855.535,1026.9916666666666,0.0,0.0,0.0,0.0,0.0,0.0,0.0,0.0,russia_ukraine_war,international_geopolitics,2022-02-24,after
2022-12-15,1554.87,1779.25,1021.15,80.26000213623047,85.91000366210938,1302.91,-0.0039780152202322,-0.004888170515495,0.0,0.0,0.0,0.0062712872357679,1574.9957142857145,1804.5085714285717,1021.3,1618.7193333333332,1851.873,1026.631,0.0,0.0,0.0,0.0,0.0,0.0,0.0,0.0,russia_ukraine_war,international_geopolitics,2022-02-24,after
2022-12-16,1549.4,1771.37,1021.21,80.26000213623047,85.91000366210938,1307.73,-0.0035179789950283,-0.004428832373191,5.8757283454946574e-05,0.0,0.0,0.0036994113177426,1568.652857142857,1796.5457142857144,1021.2485714285716,1615.095,1847.967,1026.274,1.0,1.0,0.0,0.0,0.0,0.0,0.0,0.0,russia_ukraine_war,international_geopolitics,2022-02-24,after
2022-12-17,1545.18,1764.37,1021.03,80.26000213623047,85.91000366210938,1307.73,-0.0027236349554666,-0.0039517435657147,-0.0001762614937182,0.0,0.0,0.0,1562.7085714285713,1788.82,1021.1971428571428,1611.375,1843.852666666667,1025.916,0.0,0.0,0.0,0.0,0.0,0.0,0.0,0.0,russia_ukraine_war,international_geopolitics,2022-02-24,after
2022-12-18,1543.39,1761.56,1020.99,80.26000213623047,85.91000366210938,1307.73,-0.0011584410877696,-0.0015926364651405,-3.917612606874066e-05,0.0,0.0,0.0,1556.9657142857145,1781.2271428571426,1021.1571428571428,1607.687,1839.7173333333333,1025.563,0.0,0.0,0.0,0.0,0.0,0.0,0.0,0.0,russia_ukraine_war,international_geopolitics,2022-02-24,after
2022-12-19,1540.27,1756.43,1021.24,80.26000213623047,85.91000366210938,1302.29,-0.0020215240477132,-0.0029121914666544,0.0002448603806108,0.0,0.0,-0.0041598800975737,1551.72,1773.9485714285713,1021.1485714285716,1603.977333333333,1835.471,1025.2203333333334,2.0,2.0,4.0,8.0,3.0,3.0,-0.6666666666666666,2.0,russia_ukraine_war,international_geopolitics,2022-02-24,after
2022-12-20,1536.77,1751.89,1021.18,80.26000213623047,85.91000366210938,1290.41,-0.0022723288774045,-0.0025847884629617,-5.8752105283832456e-05,0.0,0.0,-0.0091223920939267,1547.2800000000002,1767.5514285714287,1021.1357142857142,1600.188,1831.102,1024.880666666667,1.0,1.0,-1.0,-1.0,0.0,0.0,0.0,0.0,russia_ukraine_war,international_geopolitics,2022-02-24,after
2022-12-21,1534.17,1745.51,1020.95,80.26000213623047,85.91000366210938,1284.7,-0.0016918602002901,-0.0036417811620593,-0.000225229636303,0.0,0.0,-0.0044249502096233,1543.4357142857143,1761.4828571428573,1021.1071428571428,1596.382,1826.5663333333328,1024.5356666666669,0.0,0.0,0.0,0.0,1.0,1.0,0.0,0.0,russia_ukraine_war,international_geopolitics,2022-02-24,after
2022-12-22,1531.87,1741.37,1020.87,80.26000213623047,85.91000366210938,1275.68,-0.0014991819681001,-0.0023717996459488,-7.835839169401115e-05,0.0,0.0,-0.0070210944189305,1540.15,1756.071428571429,1021.0671428571428,1592.619333333333,1821.9896666666668,1024.1816666666666,1.0,1.0,2.0,2.0,0.0,0.0,0.0,0.0,russia_ukraine_war,international_geopolitics,2022-02-24,after
2022-12-23,1530.29,1738.09,1021.11,80.26000213623047,85.91000366210938,1280.02,-0.0010314191151989,-0.0018835744270315,0.0002350935966382,0.0,0.0,0.0034021071115013,1537.42,1751.3171428571427,1021.0528571428572,1588.928666666667,1817.404,1023.8386666666668,1.0,1.0,3.0,3.0,0.0,0.0,0.0,0.0,russia_ukraine_war,international_geopolitics,2022-02-24,after
2022-12-24,1529.34,1735.31,1020.82,80.26000213623047,85.91000366210938,1280.02,-0.0006207973652053,-0.0015994568750754,-0.0002840046615937,0.0,0.0,0.0,1535.1571428571428,1747.1657142857143,1021.0228571428572,1585.3143333333333,1812.819,1023.4886666666666,0.0,0.0,0.0,0.0,0.0,0.0,0.0,0.0,russia_ukraine_war,international_geopolitics,2022-02-24,after
2022-12-25,1528.58,1733.82,1020.89,80.26000213623047,85.91000366210938,1280.02,-0.0004969463951769,-0.0008586362090923,6.857232420998116e-05,0.0,0.0,0.0,1533.0414285714287,1743.202857142857,1021.0085714285716,1581.7783333333332,1808.2706666666668,1023.1453333333334,0.0,0.0,0.0,0.0,0.0,0.0,0.0,0.0,russia_ukraine_war,international_geopolitics,2022-02-24,after
2022-12-26,1527.32,1731.44,1021.04,80.26000213623047,85.91000366210938,1280.02,-0.0008242944432087,-0.0013726915135364,0.0001469306193615,0.0,0.0,0.0,1531.1914285714286,1739.6328571428571,1020.98,1578.285,1803.727,1022.813,1.0,1.0,0.0,0.0,0.0,0.0,0.0,0.0,russia_ukraine_war,international_geopolitics,2022-02-24,after
2022-12-27,1526.31,1728.14,1021.0,80.26000213623047,85.91000366210938,1271.0,-0.0006612890553387,-0.0019059280136765,-3.917574238032629e-05,0.0,0.0,-0.0070467648942985,1529.6971428571428,1736.2399999999998,1020.9542857142858,1574.801,1799.1106666666667,1022.478,2.0,2.0,0.5,1.0,0.0,0.0,0.0,0.0,russia_ukraine_war,international_geopolitics,2022-02-24,after
2022-12-28,1526.05,1725.84,1020.96,80.26000213623047,85.91000366210938,1267.54,-0.0001703454737241,-0.0013309106901062,-3.9177277179169856e-05,0.0,0.0,-0.0027222659323368,1528.5371428571427,1733.4299999999998,1020.9557142857144,1571.390666666667,1794.49,1022.1356666666668,0.0,0.0,0.0,0.0,0.0,0.0,0.0,0.0,russia_ukraine_war,international_geopolitics,2022-02-24,after
2022-12-29,1526.34,1724.28,1020.7,80.26000213623047,85.91000366210938,1265.58,0.0001900330919695,-0.0009039076623557,-0.0002546622786396,0.0,0.0,-0.0015463022863183,1527.7471428571428,1730.9885714285715,1020.9314285714288,1568.0743333333332,1789.9093333333333,1021.7846666666668,1.0,1.0,-9.0,-9.0,0.0,0.0,0.0,0.0,russia_ukraine_war,international_geopolitics,2022-02-24,after
2022-12-30,1527.57,1722.77,1020.84,80.26000213623047,85.91000366210938,1260.18,0.0008058492865286,-0.0008757278400259,0.000137160772019,0.0,0.0,-0.0042668183757643,1527.3585714285712,1728.8,1020.8928571428572,1564.8633333333332,1785.3473333333336,1021.44,0.0,0.0,0.0,0.0,0.0,0.0,0.0,0.0,russia_ukraine_war,international_geopolitics,2022-02-24,after
2022-12-31,1530.7,1721.76,1020.93,80.26000213623047,85.91000366210938,1260.18,0.0020490059375348,-0.0005862651427642,8.816268954969786e-05,0.0,0.0,0.0,1527.552857142857,1726.8642857142856,1020.9085714285716,1561.816,1780.823666666667,1021.3286666666668,0.0,0.0,0.0,0.0,0.0,0.0,0.0,0.0,russia_ukraine_war,international_geopolitics,2022-02-24,after
2023-07-01,1569.79,1379.99,918.21,81.80000305175781,85.55999755859375,1272.3900146484375,-0.0005793595212326,-0.0008543481251402,-0.0436408328212392,0.1579841981672605,0.1423230415960896,-0.0344589356135699,1571.534285714286,1382.1257142857144,954.0285714285716,1579.7923333333335,1393.2886666666666,959.431,0.0,0.0,0.0,0.0,0.0,0.0,0.0,0.0,israel_hamas_middle_east_conflict,international_geopolitics,2023-10-07,before
2023-07-02,1569.52,1379.44,914.33,81.80000305175781,85.55999755859375,1272.3900146484375,-0.0001719975283318,-0.0003985536127073,-0.0042256128772285,0.0,0.0,0.0,1571.0728571428572,1381.5242857142855,947.5285714285716,1579.0003333333332,1392.179666666667,957.7773333333332,0.0,0.0,0.0,0.0,0.0,0.0,0.0,0.0,israel_hamas_middle_east_conflict,international_geopolitics,2023-10-07,before
2023-07-03,1569.43,1379.61,909.67,81.80000305175781,85.55999755859375,1308.37,-5.734237219012783e-05,0.0001232384155889,-0.0050966281320748,0.0,0.0,0.0282774816977038,1570.6014285714284,1380.9685714285715,940.3614285714286,1578.2736666666667,1391.1703333333332,956.006,0.0,0.0,0.0,0.0,0.0,0.0,0.0,0.0,israel_hamas_middle_east_conflict,international_geopolitics,2023-10-07,before
2023-07-04,1569.16,1379.09,907.22,81.80000305175781,85.55999755859375,1308.37,-0.0001720369815793,-0.0003769181145395,-0.0026932843778512,0.0,0.0,0.0,1570.1842857142856,1380.4242857142856,932.7914285714288,1577.5563333333334,1390.1846666666663,954.1653333333333,0.0,0.0,0.0,0.0,0.0,0.0,0.0,0.0,israel_hamas_middle_east_conflict,international_geopolitics,2023-10-07,before
2023-07-05,1569.0,1378.91,906.51,81.80000305175781,85.55999755859375,1298.74,-0.0001019653827526,-0.0001305208507057,-0.0007826106126408,0.0,0.0,-0.0073603032781246,1569.8185714285714,1379.967142857143,925.1442857142856,1576.8543333333334,1389.215333333333,952.3053333333334,9.0,9.0,5.666666666666667,8.0,0.0,0.0,0.0,0.0,israel_hamas_middle_east_conflict,international_geopolitics,2023-10-07,before
2023-07-06,1568.88,1378.61,906.22,81.80000305175781,85.55999755859375,1300.85,-7.648183556396848e-05,-0.0002175631477037,-0.0003199082194349,0.0,0.0,0.0016246515853826,1569.497142857143,1379.5457142857142,917.4671428571428,1576.1823333333334,1388.2949999999998,950.453,2.0,2.0,3.5,5.0,0.0,0.0,0.0,0.0,israel_hamas_middle_east_conflict,international_geopolitics,2023-10-07,before
2023-07-07,1569.23,1379.07,905.39,81.80000305175781,85.55999755859375,1304.89,0.0002230890826575,0.0003336694206483,-0.0009158923881618,0.0,0.0,0.003105661682746,1569.287142857143,1379.2457142857145,909.65,1575.5553333333337,1387.4366666666667,948.5736666666668,0.0,0.0,0.0,0.0,0.0,0.0,0.0,0.0,israel_hamas_middle_east_conflict,international_geopolitics,2023-10-07,before
2023-07-08,1569.71,1379.47,904.82,81.80000305175781,85.55999755859375,1304.89,0.0003058825028836,0.0002900505413068,-0.0006295629507725,0.0,0.0,0.0,1569.2757142857142,1379.1714285714284,907.7371428571428,1574.9873333333337,1386.659,946.688,0.0,0.0,0.0,0.0,0.0,0.0,0.0,0.0,israel_hamas_middle_east_conflict,international_geopolitics,2023-10-07,before
2023-07-09,1570.0,1379.53,904.58,81.80000305175781,85.55999755859375,1304.89,0.0001847475011307,4.349496545774656e-05,-0.0002652461263014,0.0,0.0,0.0,1569.3442857142857,1379.1842857142858,906.3442857142855,1574.46,1385.933,944.7966666666666,0.0,0.0,0.0,0.0,0.0,0.0,0.0,0.0,israel_hamas_middle_east_conflict,international_geopolitics,2023-10-07,before
2023-07-10,1571.07,1380.74,904.98,81.80000305175781,85.55999755859375,1306.45,0.0006815286624204,0.0008771103201814,0.0004421941674588,0.0,0.0,0.0011955030692241,1569.5785714285716,1379.3457142857144,905.6742857142856,1574.0026666666668,1385.301333333333,942.9283333333332,2.0,2.0,2.5,3.0,1.0,1.0,0.0,0.0,israel_hamas_middle_east_conflict,international_geopolitics,2023-10-07,before
2023-07-11,1572.03,1381.71,904.69,81.80000305175781,85.55999755859375,1293.64,0.0006110485210717,0.0007025218361169,-0.0003204490706976,0.0,0.0,-0.0098051972903669,1569.9885714285715,1379.7199999999998,905.3128571428572,1573.5883333333334,1384.7263333333333,941.0563333333334,0.0,0.0,0.0,0.0,0.0,0.0,0.0,0.0,israel_hamas_middle_east_conflict,international_geopolitics,2023-10-07,before
2023-07-12,1573.08,1383.34,904.75,81.80000305175781,85.55999755859375,1288.17,0.0006679261846147,0.0011796976210636,6.632106025272755e-05,0.0,0.0,-0.0042283788380075,1570.571428571429,1380.3528571428571,905.0614285714286,1573.2246666666665,1384.224333333333,939.184,0.0,0.0,0.0,0.0,0.0,0.0,0.0,0.0,israel_hamas_middle_east_conflict,international_geopolitics,2023-10-07,before
2023-07-13,1574.55,1384.8,904.34,81.80000305175781,85.55999755859375,1273.99,0.0009344724998092,0.0010554166004019,-0.0004531638574191,0.0,0.0,-0.0110078638688992,1571.3814285714286,1381.2371428571428,904.7928571428572,1572.957,1383.8336666666664,937.3076666666668,0.0,0.0,0.0,0.0,0.0,0.0,0.0,0.0,israel_hamas_middle_east_conflict,international_geopolitics,2023-10-07,before
2023-07-14,1576.89,1387.2,904.18,81.80000305175781,85.55999755859375,1266.28,0.0014861388968276,0.0017331022530329,-0.0001769246080015,0.0,0.0,-0.0060518528402891,1572.4757142857145,1382.3985714285714,904.62,1572.8196666666663,1383.5916666666667,935.4293333333334,0.0,0.0,0.0,0.0,0.0,0.0,0.0,0.0,israel_hamas_middle_east_conflict,international_geopolitics,2023-10-07,before
2023-07-15,1578.77,1389.39,904.11,81.80000305175781,85.55999755859375,1266.28,0.0011922201294953,0.0015787197231833,-7.741821318751896e-05,0.0,0.0,0.0,1573.77,1383.8157142857144,904.5185714285716,1572.7836666666667,1383.4720000000002,933.5473333333332,1.0,1.0,5.0,5.0,0.0,0.0,0.0,0.0,israel_hamas_middle_east_conflict,international_geopolitics,2023-10-07,before
2023-07-16,1579.82,1390.35,903.94,81.80000305175781,85.55999755859375,1266.28,0.0006650747100591,0.0006909507049854,-0.0001880302175619,0.0,0.0,0.0,1575.172857142857,1385.3614285714284,904.4271428571428,1572.8293333333334,1383.4409999999998,931.6613333333332,1.0,1.0,7.0,7.0,0.0,0.0,0.0,0.0,israel_hamas_middle_east_conflict,international_geopolitics,2023-10-07,before
2023-07-17,1581.74,1392.71,904.35,81.80000305175781,85.55999755859375,1267.02,0.0012153283285438,0.0016974143201353,0.0004535699272074,0.0,0.0,0.0005843889187224,1576.6971428571428,1387.071428571429,904.3371428571428,1572.967,1383.536,929.794,0.0,0.0,0.0,0.0,0.0,0.0,0.0,0.0,israel_hamas_middle_east_conflict,international_geopolitics,2023-10-07,before
2023-07-18,1583.72,1394.77,903.92,81.80000305175781,85.55999755859375,1260.87,0.0012517860078142,0.0014791306158496,-0.0004754796262509,0.0,0.0,-0.0048539091727045,1578.3671428571429,1388.937142857143,904.2271428571428,1573.18,1383.7220000000002,927.9126666666668,1.0,1.0,3.0,3.0,0.0,0.0,0.0,0.0,israel_hamas_middle_east_conflict,international_geopolitics,2023-10-07,before
2023-07-19,1585.45,1396.95,903.98,81.80000305175781,85.55999755859375,1265.76,0.0010923648119616,0.0015629817102462,6.63775555358459e-05,0.0,0.0,0.0038782745247329,1580.134285714286,1390.8814285714286,904.1171428571428,1573.4683333333337,1383.9876666666669,926.0343333333334,0.0,0.0,0.0,0.0,0.0,0.0,0.0,0.0,israel_hamas_middle_east_conflict,international_geopolitics,2023-10-07,before
2023-07-20,1587.55,1399.58,903.68,81.80000305175781,85.55999755859375,1269.26,0.0013245450818379,0.0018826729661045,-0.0003318657492422,0.0,0.0,0.0027651371508026,1581.9914285714283,1392.992857142857,904.0228571428572,1573.8626666666669,1384.383,924.1456666666668,0.0,0.0,0.0,0.0,1.0,1.0,0.0,0.0,israel_hamas_middle_east_conflict,international_geopolitics,2023-10-07,before
2023-07-21,1589.76,1402.1,904.0,81.80000305175781,85.55999755859375,1283.71,0.0013920821391453,0.0018005401620486,0.0003541076487252,0.0,0.0,0.0113845862943762,1583.83,1395.1214285714286,903.9971428571428,1574.358,1384.9046666666666,922.2713333333334,1.0,1.0,3.0,3.0,0.0,0.0,0.0,0.0,israel_hamas_middle_east_conflict,international_geopolitics,2023-10-07,before
2023-07-22,1591.77,1403.99,903.58,81.80000305175781,85.55999755859375,1283.71,0.0012643417874396,0.0013479780329506,-0.0004646017699114,0.0,0.0,0.0,1585.6871428571428,1397.2071428571428,903.9214285714286,1574.945333333333,1385.5143333333333,920.3866666666668,0.0,0.0,0.0,0.0,0.0,0.0,0.0,0.0,israel_hamas_middle_east_conflict,international_geopolitics,2023-10-07,before
2023-07-23,1592.85,1404.85,903.28,81.80000305175781,85.55999755859375,1283.71,0.0006784899828491,0.0006125399753558,-0.0003320126607495,0.0,0.0,0.0,1587.5485714285714,1399.2785714285717,903.827142857143,1575.5896666666663,1386.1719999999998,918.4876666666668,0.0,0.0,0.0,0.0,0.0,0.0,0.0,0.0,israel_hamas_middle_east_conflict,international_geopolitics,2023-10-07,before
2023-07-24,1595.36,1407.77,903.43,81.80000305175781,85.55999755859375,1280.54,0.0015757918196943,0.002078513720326,0.0001660614648835,0.0,0.0,-0.0024694050837027,1589.4942857142855,1401.43,903.6957142857144,1576.3359999999998,1386.962,916.605,0.0,0.0,0.0,0.0,0.0,0.0,0.0,0.0,israel_hamas_middle_east_conflict,international_geopolitics,2023-10-07,before
2023-07-25,1598.62,1411.16,903.81,81.80000305175781,85.55999755859375,1275.32,0.002043425935212,0.002408063817243,0.0004206191957318,0.0,0.0,-0.0040764052665281,1591.6228571428571,1403.7714285714285,903.68,1577.1983333333333,1387.879,914.7376666666668,0.0,0.0,0.0,0.0,0.0,0.0,0.0,0.0,israel_hamas_middle_east_conflict,international_geopolitics,2023-10-07,before
2023-07-26,1602.74,1415.32,903.74,81.80000305175781,85.55999755859375,1274.04,0.0025772228547122,0.0029479293630769,-7.744990650682126e-05,0.0,0.0,-0.0010036696672207,1594.0928571428572,1406.3957142857143,903.6457142857143,1578.198666666667,1388.9396666666664,912.8676666666668,0.0,0.0,0.0,0.0,0.0,0.0,0.0,0.0,israel_hamas_middle_east_conflict,international_geopolitics,2023-10-07,before
2023-07-27,1607.11,1419.93,903.74,81.80000305175781,85.55999755859375,1277.23,0.002726580730499,0.0032572139162876,0.0,0.0,0.0,0.0025038460330917,1596.887142857143,1409.3028571428572,903.6542857142856,1579.3663333333332,1390.1739999999998,910.9853333333332,0.0,0.0,0.0,0.0,1.0,1.0,0.0,0.0,israel_hamas_middle_east_conflict,international_geopolitics,2023-10-07,before
2023-07-28,1612.76,1425.59,903.61,81.80000305175781,85.55999755859375,1276.69,0.0035156274306054,0.0039861119914361,-0.0001438466815677,0.0,0.0,-0.0004227899438629,1600.172857142857,1412.6585714285716,903.5985714285716,1580.7396666666668,1391.6233333333332,909.1043333333332,0.0,0.0,0.0,0.0,0.0,0.0,0.0,0.0,israel_hamas_middle_east_conflict,international_geopolitics,2023-10-07,before
2023-07-29,1619.33,1431.45,903.64,81.80000305175781,85.55999755859375,1276.69,0.0040737617500432,0.0041105787779096,3.3200163787494574e-05,0.0,0.0,0.0,1604.11,1416.5814285714284,903.6071428571428,1582.3463333333334,1393.2863333333332,907.227,0.0,0.0,0.0,0.0,0.0,0.0,0.0,0.0,israel_hamas_middle_east_conflict,international_geopolitics,2023-10-07,before
2023-07-30,1622.78,1434.38,903.27,81.80000305175781,85.55999755859375,1276.69,0.0021305107667985,0.0020468755457752,-0.000409455092736,0.0,0.0,0.0,1608.385714285714,1420.8,903.6057142857144,1584.0823333333333,1395.0600000000002,905.3323333333334,0.0,0.0,0.0,0.0,0.0,0.0,0.0,0.0,israel_hamas_middle_east_conflict,international_geopolitics,2023-10-07,before
2023-07-31,1627.38,1439.18,903.7,81.80000305175781,85.55999755859375,1273.85,0.0028346417875497,0.0033463935637696,0.0004760481362162,0.0,0.0,-0.0022245024242377,1612.9600000000005,1425.287142857143,903.6442857142856,1586.002,1397.033,904.8486666666666,0.0,0.0,0.0,0.0,0.0,0.0,0.0,0.0,israel_hamas_middle_east_conflict,international_geopolitics,2023-10-07,before
2023-08-01,1638.23,1450.36,877.85,83.62999725341797,86.86000061035156,1323.030029296875,0.006667158254372,0.007768312511291,-0.0286046254287927,0.0223715664228307,0.0151940519968754,0.0386073943532403,1618.6185714285714,1430.8871428571426,899.9357142857142,1588.2923333333335,1399.3970000000002,903.6326666666666,0.0,0.0,0.0,0.0,1.0,1.0,0.0,0.0,israel_hamas_middle_east_conflict,international_geopolitics,2023-10-07,before
2023-08-02,1647.72,1460.58,873.85,83.62999725341797,86.86000061035156,1297.66,0.0057928373915749,0.0070465263796575,-0.0045565871162499,0.0,0.0,-0.0191757017868731,1625.0442857142857,1437.3528571428571,895.6657142857142,1590.9020000000005,1402.096,902.4386666666668,0.0,0.0,0.0,0.0,0.0,0.0,0.0,0.0,israel_hamas_middle_east_conflict,international_geopolitics,2023-10-07,before
2023-08-03,1658.01,1472.5,872.75,83.62999725341797,86.86000061035156,1298.54,0.0062449930813488,0.0081611414643498,-0.0012587972764204,0.0,0.0,0.0006781437356471,1632.3157142857142,1444.862857142857,891.2385714285714,1593.8636666666666,1405.2096666666666,901.2896666666668,2.0,2.0,4.0,5.0,0.0,0.0,0.0,0.0,israel_hamas_middle_east_conflict,international_geopolitics,2023-10-07,before
2023-08-04,1667.53,1484.58,872.19,83.62999725341797,86.86000061035156,1309.49,0.0057418230288115,0.0082037351443122,-0.0006416499570323,0.0,0.0,0.0084325473223774,1640.14,1453.2899999999995,886.75,1597.148,1408.732,900.1456666666667,0.0,0.0,0.0,0.0,1.0,1.0,0.0,0.0,israel_hamas_middle_east_conflict,international_geopolitics,2023-10-07,before
2023-08-05,1676.64,1496.74,871.6,83.62999725341797,86.86000061035156,1309.49,0.0054631700778997,0.0081908687979093,-0.0006764581111914,0.0,0.0,0.0,1648.327142857143,1462.6171428571429,882.1728571428572,1600.7400000000002,1412.6696666666664,898.9916666666668,1.0,1.0,3.0,3.0,0.0,0.0,0.0,0.0,israel_hamas_middle_east_conflict,international_geopolitics,2023-10-07,before
2023-08-06,1681.14,1502.55,871.26,83.62999725341797,86.86000061035156,1309.49,0.0026839393071858,0.0038817697128425,-0.0003900871959614,0.0,0.0,0.0,1656.6642857142858,1472.3557142857142,877.6,1604.4703333333334,1416.7856666666669,897.8539999999999,0.0,0.0,0.0,0.0,0.0,0.0,0.0,0.0,israel_hamas_middle_east_conflict,international_geopolitics,2023-10-07,before
2023-08-07,1687.86,1512.45,871.36,83.62999725341797,86.86000061035156,1305.94,0.0039972875548732,0.0065887990416293,0.0001147763009894,0.0,0.0,-0.0027109790834599,1665.3042857142857,1482.822857142857,872.9799999999999,1608.4086666666667,1421.2183333333332,896.7386666666666,1.0,1.0,6.0,6.0,0.0,0.0,0.0,0.0,israel_hamas_middle_east_conflict,international_geopolitics,2023-10-07,before
2023-08-08,1696.23,1527.48,870.86,83.62999725341797,86.86000061035156,1316.02,0.0049589420923537,0.009937518595656,-0.0005738156445097,0.0,0.0,0.0077185781888906,1673.59,1493.84,871.9814285714286,1612.6163333333332,1426.15,895.6146666666667,0.0,0.0,0.0,0.0,0.0,0.0,0.0,0.0,israel_hamas_middle_east_conflict,international_geopolitics,2023-10-07,before
2023-08-09,1702.56,1539.41,870.42,83.62999725341797,86.86000061035156,1315.45,0.0037318052386763,0.0078102495613689,-0.0005052476861953,0.0,0.0,-0.0004331241166547,1681.4242857142858,1505.1014285714286,871.4914285714286,1616.9993333333332,1431.439,894.4626666666667,0.0,0.0,0.0,0.0,0.0,0.0,0.0,0.0,israel_hamas_middle_east_conflict,international_geopolitics,2023-10-07,before
2023-08-10,1707.13,1548.16,869.96,83.62999725341797,86.86000061035156,1315.54,0.0026841932149235,0.005683995816579,-0.0005284805036648,0.0,0.0,6.841765175402692e-05,1688.4414285714286,1515.91,871.0928571428573,1621.5026666666668,1436.9873333333337,893.305,2.0,2.0,2.5,3.0,3.0,3.0,0.0,0.0,israel_hamas_middle_east_conflict,international_geopolitics,2023-10-07,before
2023-08-11,1712.63,1559.17,870.34,83.62999725341797,86.86000061035156,1324.17,0.0032217815866395,0.0071116680446465,0.0004368016920317,0.0,0.0,0.0065600437843016,1694.884285714286,1526.5657142857144,870.8285714285713,1626.1543333333332,1442.8483333333331,892.1579999999999,1.0,1.0,5.0,5.0,0.0,0.0,0.0,0.0,israel_hamas_middle_east_conflict,international_geopolitics,2023-10-07,before
2023-08-12,1717.67,1568.97,869.77,83.62999725341797,86.86000061035156,1324.17,0.0029428422951833,0.0062853954347505,-0.0006549164694258,0.0,0.0,0.0,1700.7457142857145,1536.884285714286,870.5671428571429,1630.925,1448.9873333333337,891.0056666666666,0.0,0.0,0.0,0.0,0.0,0.0,0.0,0.0,israel_hamas_middle_east_conflict,international_geopolitics,2023-10-07,before
2023-08-13,1720.21,1573.66,869.66,83.62999725341797,86.86000061035156,1324.17,0.0014787473728945,0.0029892222285958,-0.0001264702162641,0.0,0.0,0.0,1706.327142857143,1547.042857142857,870.3385714285714,1635.7023333333336,1455.2026666666668,889.8549999999999,1.0,1.0,5.0,5.0,0.0,0.0,0.0,0.0,israel_hamas_middle_east_conflict,international_geopolitics,2023-10-07,before
2023-08-14,1724.31,1581.61,870.0,83.62999725341797,86.86000061035156,1330.05,0.0023834299300666,0.0050519171866856,0.000390957385645,0.0,0.0,0.0044405174562178,1711.5342857142855,1556.9228571428573,870.1442857142857,1640.553666666667,1461.61,888.7180000000001,0.0,0.0,0.0,0.0,1.0,1.0,-3.0,-3.0,israel_hamas_middle_east_conflict,international_geopolitics,2023-10-07,before
2023-08-15,1728.56,1589.29,869.64,83.62999725341797,86.86000061035156,1335.0,0.002464754017549,0.0048558114832355,-0.0004137931034482,0.0,0.0,0.0037216645990751,1716.152857142857,1565.7528571428572,869.97,1645.5116666666663,1468.2413333333332,887.5746666666666,0.0,0.0,0.0,0.0,0.0,0.0,0.0,0.0,israel_hamas_middle_east_conflict,international_geopolitics,2023-10-07,before
2023-08-16,1731.34,1595.5,869.71,83.62999725341797,86.86000061035156,1336.84,0.0016082750960337,0.0039074051935141,8.049307759527835e-05,0.0,0.0,0.0013782771535579,1720.2642857142855,1573.7657142857145,869.8685714285714,1650.4983333333334,1475.001,886.4200000000001,2.0,2.0,5.0,5.0,0.0,0.0,0.0,0.0,israel_hamas_middle_east_conflict,international_geopolitics,2023-10-07,before
2023-08-17,1734.19,1601.41,869.76,83.62999725341797,86.86000061035156,1341.13,0.0016461238116141,0.0037041679724225,5.749042784364278e-05,0.0,0.0,0.0032090601717484,1724.13,1581.3728571428571,869.8399999999999,1655.514,1481.889,885.2813333333332,0.0,0.0,0.0,0.0,0.0,0.0,0.0,0.0,israel_hamas_middle_east_conflict,international_geopolitics,2023-10-07,before
2023-08-18,1736.09,1606.03,869.39,83.62999725341797,86.86000061035156,1337.99,0.0010956123608139,0.0028849576310874,-0.0004254047093451,0.0,0.0,-0.0023413091944852,1727.4814285714283,1588.0671428571427,869.7042857142857,1660.5353333333337,1488.8583333333331,884.1283333333333,0.0,0.0,0.0,0.0,0.0,0.0,0.0,0.0,israel_hamas_middle_east_conflict,international_geopolitics,2023-10-07,before
2023-08-19,1737.56,1609.58,869.47,83.62999725341797,86.86000061035156,1337.99,0.0008467302962404,0.0022104194815788,9.201854173612745e-05,0.0,0.0,0.0,1730.322857142857,1593.8685714285714,869.6614285714286,1665.5356666666669,1495.8583333333331,882.9879999999999,0.0,0.0,0.0,0.0,0.0,0.0,0.0,0.0,israel_hamas_middle_east_conflict,international_geopolitics,2023-10-07,before
2023-08-20,1738.29,1611.37,869.13,83.62999725341797,86.86000061035156,1337.99,0.0004201293768273,0.0011120913530238,-0.0003910428191887,0.0,0.0,0.0,1732.9057142857143,1599.2557142857145,869.5857142857143,1670.486666666667,1502.8339999999998,881.8256666666667,0.0,0.0,0.0,0.0,0.0,0.0,0.0,0.0,israel_hamas_middle_east_conflict,international_geopolitics,2023-10-07,before
2023-08-21,1739.72,1614.83,869.27,83.62999725341797,86.86000061035156,1342.45,0.0008226475444259,0.0021472411674539,0.0001610806208507,0.0,0.0,0.0033333582463246,1735.107142857143,1604.0014285714285,869.4814285714285,1675.4183333333335,1509.862,880.6820000000001,0.0,0.0,0.0,0.0,0.0,0.0,0.0,0.0,israel_hamas_middle_east_conflict,international_geopolitics,2023-10-07,before
2023-08-22,1741.16,1618.29,869.37,83.62999725341797,86.86000061035156,1335.06,0.0008277194031223,0.0021426404017761,0.0001150390557593,0.0,0.0,-0.0055048605162204,1736.9071428571426,1608.1442857142858,869.4428571428571,1680.362,1516.9766666666667,879.5516666666666,1.0,1.0,2.0,2.0,0.0,0.0,0.0,0.0,israel_hamas_middle_east_conflict,international_geopolitics,2023-10-07,before
2023-08-23,1742.16,1621.28,869.16,83.62999725341797,86.86000061035156,1339.12,0.0005743297571734,0.0018476292877049,-0.0002415542289244,0.0,0.0,0.0030410618249365,1738.4528571428568,1611.8271428571427,869.3642857142856,1685.2553333333335,1524.0936666666666,878.4093333333333,0.0,0.0,0.0,0.0,0.0,0.0,0.0,0.0,israel_hamas_middle_east_conflict,international_geopolitics,2023-10-07,before
2023-08-24,1742.59,1622.94,869.17,83.62999725341797,86.86000061035156,1321.07,0.0002468200394911,0.0010238823645514,1.1505361498409528e-05,0.0,0.0,-0.0134790011350737,1739.652857142857,1614.902857142857,869.2799999999999,1690.0543333333333,1531.153,877.2546666666666,0.0,0.0,0.0,0.0,0.0,0.0,0.0,0.0,israel_hamas_middle_east_conflict,international_geopolitics,2023-10-07,before
2023-08-25,1742.95,1624.63,869.54,83.62999725341797,86.86000061035156,1324.11,0.0002065890427467,0.0010413200734469,0.0004256934776856,0.0,0.0,0.0023011649647632,1740.6328571428571,1617.56,869.3014285714286,1694.728,1538.13,876.1146666666666,0.0,0.0,0.0,0.0,0.0,0.0,0.0,0.0,israel_hamas_middle_east_conflict,international_geopolitics,2023-10-07,before
2023-08-26,1743.29,1625.98,869.37,83.62999725341797,86.86000061035156,1324.11,0.0001950715740555,0.0008309584336125,-0.0001955056696644,0.0,0.0,0.0,1741.4514285714286,1619.902857142857,869.2871428571428,1699.2673333333337,1544.9983333333334,874.9689999999999,2.0,2.0,3.5,5.0,1.0,1.0,0.0,0.0,israel_hamas_middle_east_conflict,international_geopolitics,2023-10-07,before
2023-08-27,1743.57,1626.59,869.01,83.62999725341797,86.86000061035156,1324.11,0.0001606158470477,0.0003751583660314,-0.0004140929638704,0.0,0.0,0.0,1742.2057142857143,1622.0771428571427,869.2699999999999,1703.6276666666668,1551.6983333333333,873.8156666666667,0.0,0.0,0.0,0.0,0.0,0.0,0.0,0.0,israel_hamas_middle_east_conflict,international_geopolitics,2023-10-07,before
2023-08-28,1744.19,1628.23,869.42,83.62999725341797,86.86000061035156,1323.2,0.0003555922618536,0.0010082442410195,0.000471801245095,0.0,0.0,-0.0006872540800989,1742.8442857142857,1623.9914285714283,869.2914285714286,1707.7896666666666,1558.2576666666669,872.675,0.0,0.0,0.0,0.0,0.0,0.0,0.0,0.0,israel_hamas_middle_east_conflict,international_geopolitics,2023-10-07,before
2023-08-29,1745.23,1630.41,869.33,83.62999725341797,86.86000061035156,1321.87,0.0005962653151319,0.0013388771856557,-0.0001035172873868,0.0,0.0,-0.001005139056832,1743.4257142857143,1625.7228571428573,869.2857142857143,1711.8713333333333,1564.792,871.5436666666667,0.0,0.0,0.0,0.0,0.0,0.0,0.0,0.0,israel_hamas_middle_east_conflict,international_geopolitics,2023-10-07,before
2023-08-30,1745.65,1631.95,869.54,83.62999725341797,86.86000061035156,1323.42,0.0002406559593863,0.0009445476904581,0.0002415653434253,0.0,0.0,0.001172581267447,1743.9242857142856,1627.2471428571428,869.34,1715.813666666667,1571.217666666667,870.4050000000001,0.0,0.0,0.0,0.0,0.0,0.0,0.0,0.0,israel_hamas_middle_east_conflict,international_geopolitics,2023-10-07,before
2023-08-31,1746.07,1632.95,869.42,83.62999725341797,86.86000061035156,1322.43,0.0002405980580297,0.0006127638714421,-0.000138004002116,0.0,0.0,-0.0007480618397787,1744.4214285714286,1628.6771428571428,869.3757142857143,1719.4083333333333,1577.304,870.124,0.0,0.0,0.0,0.0,0.0,0.0,0.0,0.0,israel_hamas_middle_east_conflict,international_geopolitics,2023-10-07,before
2023-09-01,1747.13,1635.25,894.1,90.79000091552734,95.30999755859376,1351.9300537109375,0.0006070776085724,0.0014084938301845,0.0283867405856779,0.0856152564541277,0.0972829482945591,0.0223074595335386,1745.0185714285717,1630.1942857142858,872.8842857142857,1722.722,1583.1263333333334,870.7989999999999,0.0,0.0,0.0,0.0,0.0,0.0,0.0,0.0,israel_hamas_middle_east_conflict,international_geopolitics,2023-10-07,before
2023-09-02,1747.7,1636.43,895.21,90.79000091552734,95.30999755859376,1351.9300537109375,0.0003262493346229,0.0007216022014981,0.0012414718711553,0.0,0.0,0.0,1745.6485714285714,1631.687142857143,876.5757142857143,1725.7116666666668,1588.5906666666667,871.5476666666667,0.0,0.0,0.0,0.0,0.0,0.0,0.0,0.0,israel_hamas_middle_east_conflict,international_geopolitics,2023-10-07,before
2023-09-03,1748.15,1637.07,894.9,90.79000091552734,95.30999755859376,1351.9300537109375,0.000257481261086,0.0003910952500258,-0.0003462874632768,0.0,0.0,0.0,1746.302857142857,1633.1842857142858,880.2742857142857,1728.399,1593.6736666666666,872.3046666666667,0.0,0.0,0.0,0.0,0.0,0.0,0.0,0.0,israel_hamas_middle_east_conflict,international_geopolitics,2023-10-07,before
2023-09-04,1748.95,1638.62,895.25,90.79000091552734,95.30999755859376,1351.9300537109375,0.00045762663387,0.0009468135143884,0.0003911051514136,0.0,0.0,0.0,1746.9828571428573,1634.6685714285716,883.9642857142857,1730.8093333333334,1598.403,873.093,0.0,0.0,0.0,0.0,1.0,1.0,0.0,0.0,israel_hamas_middle_east_conflict,international_geopolitics,2023-10-07,before
2023-09-05,1749.9,1640.25,895.63,90.79000091552734,95.30999755859376,1330.16,0.0005431830526887,0.0009947394759004,0.000424462440659,0.0,0.0,-0.0161029438255184,1747.65,1636.0742857142857,887.7214285714286,1733.1013333333333,1602.993,873.9053333333334,0.0,0.0,0.0,0.0,0.0,0.0,0.0,0.0,israel_hamas_middle_east_conflict,international_geopolitics,2023-10-07,before
2023-09-06,1750.77,1642.31,895.57,90.79000091552734,95.30999755859376,1330.87,0.0004971712669294,0.001255906111873,-6.699194980064327e-05,0.0,0.0,0.0005337703734886,1748.3814285714286,1637.554285714286,891.4399999999999,1735.1983333333333,1607.3216666666667,874.7123333333333,0.0,0.0,0.0,0.0,0.0,0.0,0.0,0.0,israel_hamas_middle_east_conflict,international_geopolitics,2023-10-07,before
2023-09-07,1752.15,1644.66,895.42,90.79000091552734,95.30999755859376,1335.03,0.0007882246097432,0.0014309113382979,-0.0001674910950568,0.0,0.0,0.0031257748690707,1749.25,1639.2271428571428,895.1542857142857,1737.0623333333335,1611.227666666667,875.5310000000001,0.0,0.0,0.0,0.0,0.0,0.0,0.0,0.0,israel_hamas_middle_east_conflict,international_geopolitics,2023-10-07,before
2023-09-08,1753.64,1646.94,895.52,90.79000091552734,95.30999755859376,1332.83,0.0008503838141711,0.0013863047681588,0.0001116794353488,0.0,0.0,-0.0016479030433773,1750.18,1640.8971428571426,895.3571428571429,1738.765,1614.812,876.3676666666667,0.0,0.0,0.0,0.0,0.0,0.0,0.0,0.0,israel_hamas_middle_east_conflict,international_geopolitics,2023-10-07,before
2023-09-09,1755.1,1648.81,895.52,90.79000091552734,95.30999755859376,1332.83,0.0008325540019615,0.0011354390566746,0.0,0.0,0.0,0.0,1751.2371428571428,1642.6657142857143,895.4014285714285,1740.364,1618.167,877.2196666666666,0.0,0.0,0.0,0.0,0.0,0.0,0.0,0.0,israel_hamas_middle_east_conflict,international_geopolitics,2023-10-07,before
2023-09-10,1756.02,1649.9,895.47,90.79000091552734,95.30999755859376,1332.83,0.000524186656031,0.0006610828415645,-5.583348222260032e-05,0.0,0.0,0.0,1752.3614285714286,1644.4985714285715,895.4828571428571,1741.8103333333336,1621.1913333333334,878.0573333333334,0.0,0.0,0.0,0.0,0.0,0.0,0.0,0.0,israel_hamas_middle_east_conflict,international_geopolitics,2023-10-07,before
2023-09-11,1757.58,1652.38,895.47,90.79000091552734,95.30999755859376,1331.59,0.0008883725697885,0.001503121401297,0.0,0.0,0.0,-0.0009303512075808,1753.5942857142857,1646.4642857142858,895.5142857142857,1743.140666666667,1623.9716666666668,878.9140000000001,0.0,0.0,0.0,0.0,0.0,0.0,0.0,0.0,israel_hamas_middle_east_conflict,international_geopolitics,2023-10-07,before
2023-09-12,1759.4,1655.12,895.49,90.79000091552734,95.30999755859376,1327.29,0.001035514741861,0.001658214212227,2.2334639909749043e-05,0.0,0.0,-0.003229222208037,1754.9514285714286,1648.5885714285716,895.4942857142858,1744.447,1626.687,879.775,1.0,1.0,2.0,2.0,0.0,0.0,0.0,0.0,israel_hamas_middle_east_conflict,international_geopolitics,2023-10-07,before
2023-09-13,1761.41,1658.12,895.36,90.79000091552734,95.30999755859376,1329.7,0.0011424349209958,0.0018125573976508,-0.0001451719170509,0.0,0.0,0.0018157297952972,1756.4714285714283,1650.847142857143,895.4642857142857,1745.6836666666668,1629.2373333333333,880.6203333333334,0.0,0.0,0.0,0.0,0.0,0.0,0.0,0.0,israel_hamas_middle_east_conflict,international_geopolitics,2023-10-07,before
2023-09-14,1763.46,1660.96,895.42,90.79000091552734,95.30999755859376,1325.88,0.0011638403324609,0.0017127831520036,6.701215153670503e-05,0.0,0.0,-0.0028728284575467,1758.087142857143,1653.1757142857143,895.4642857142857,1746.8470000000002,1631.6263333333334,881.4796666666667,0.0,0.0,0.0,0.0,0.0,0.0,0.0,0.0,israel_hamas_middle_east_conflict,international_geopolitics,2023-10-07,before
2023-09-15,1766.4,1664.78,895.45,90.79000091552734,95.30999755859376,1325.89,0.0016671770269811,0.0022998747712166,3.350383060474193e-05,0.0,0.0,7.54216067822e-06,1759.91,1655.724285714286,895.4542857142858,1748.015666666667,1633.9356666666667,882.3376666666666,0.0,0.0,0.0,0.0,0.0,0.0,0.0,0.0,israel_hamas_middle_east_conflict,international_geopolitics,2023-10-07,before
2023-09-16,1769.09,1668.01,895.31,90.79000091552734,95.30999755859376,1325.89,0.0015228713768113,0.001940196302214,-0.0001563459712994,0.0,0.0,0.0,1761.9085714285716,1658.467142857143,895.4242857142857,1749.179,1636.1556666666663,883.1893333333334,0.0,0.0,0.0,0.0,0.0,0.0,0.0,0.0,israel_hamas_middle_east_conflict,international_geopolitics,2023-10-07,before
2023-09-17,1770.28,1669.35,895.36,90.79000091552734,95.30999755859376,1325.89,0.0006726622161676,0.0008033524978865,5.5846578280283055e-05,0.0,0.0,0.0,1763.9457142857143,1661.2457142857145,895.4085714285713,1750.3186666666666,1638.2663333333333,884.0550000000001,1.0,1.0,5.0,5.0,0.0,0.0,0.0,0.0,israel_hamas_middle_east_conflict,international_geopolitics,2023-10-07,before
2023-09-18,1772.99,1672.87,895.43,90.79000091552734,95.30999755859376,1323.99,0.0015308312809272,0.0021086051457153,7.818084345956322e-05,0.0,0.0,-0.0014329997209422,1766.1471428571429,1664.1728571428573,895.4028571428571,1751.4996666666666,1640.376,884.9203333333334,1.0,1.0,3.0,3.0,0.0,0.0,0.0,0.0,israel_hamas_middle_east_conflict,international_geopolitics,2023-10-07,before
2023-09-19,1776.84,1677.59,895.47,90.79000091552734,95.30999755859376,1328.13,0.0021714730483533,0.0028214983830183,4.467127525331627e-05,0.0,0.0,0.0031269118346815,1768.6385714285716,1667.3828571428571,895.4,1752.784666666667,1642.5833333333333,885.7983333333333,2.0,2.0,1.0,2.0,0.0,0.0,0.0,0.0,israel_hamas_middle_east_conflict,international_geopolitics,2023-10-07,before
2023-09-20,1779.75,1680.89,895.3,90.79000091552734,95.30999755859376,1330.34,0.0016377389072737,0.0019671075769407,-0.000189844439233,0.0,0.0,0.0016639937355529,1771.2585714285717,1670.6357142857144,895.3914285714285,1754.119,1644.7853333333333,886.6659999999999,0.0,0.0,0.0,0.0,0.0,0.0,0.0,0.0,israel_hamas_middle_east_conflict,international_geopolitics,2023-10-07,before
2023-09-21,1781.68,1683.28,895.66,90.79000091552734,95.30999755859376,1340.08,0.0010844219693777,0.0014218657972859,0.0004020998547973,0.0,0.0,0.0073214366252236,1773.8614285714286,1673.8242857142857,895.4257142857143,1755.4696666666669,1646.9516666666668,887.5423333333333,0.0,0.0,0.0,0.0,0.0,0.0,0.0,0.0,israel_hamas_middle_east_conflict,international_geopolitics,2023-10-07,before
2023-09-22,1783.61,1685.66,895.55,90.79000091552734,95.30999755859376,1336.58,0.0010832472722372,0.0014139061831661,-0.0001228144608445,0.0,0.0,-0.0026117843710823,1776.32,1676.8071428571427,895.4399999999999,1756.8513333333333,1649.0976666666668,888.422,0.0,0.0,0.0,0.0,0.0,0.0,0.0,0.0,israel_hamas_middle_east_conflict,international_geopolitics,2023-10-07,before
2023-09-23,1785.21,1687.48,895.52,90.79000091552734,95.30999755859376,1336.58,0.0008970570920774,0.0010796957868133,-3.349896711513089e-05,0.0,0.0,0.0,1778.6228571428571,1679.5885714285712,895.47,1758.2720000000002,1651.249,889.3003333333334,0.0,0.0,0.0,0.0,0.0,0.0,0.0,0.0,israel_hamas_middle_east_conflict,international_geopolitics,2023-10-07,before
2023-09-24,1786.26,1688.56,895.48,90.79000091552734,95.30999755859376,1336.58,0.0005881660981059,0.000640007585275,-4.4666785778080254e-05,0.0,0.0,0.0,1780.9057142857143,1682.3328571428572,895.4871428571429,1759.7156666666667,1653.38,890.1650000000001,0.0,0.0,0.0,0.0,0.0,0.0,0.0,0.0,israel_hamas_middle_east_conflict,international_geopolitics,2023-10-07,before
2023-09-25,1788.05,1690.88,895.66,90.79000091552734,95.30999755859376,1336.03,0.0010020937601469,0.0013739517695552,0.0002010095144502,0.0,0.0,-0.0004114980023641,1783.0571428571427,1684.9057142857143,895.5199999999999,1761.2076666666665,1655.5433333333333,891.0413333333333,0.0,0.0,0.0,0.0,0.0,0.0,0.0,0.0,israel_hamas_middle_east_conflict,international_geopolitics,2023-10-07,before
2023-09-26,1789.63,1692.69,895.86,90.79000091552734,95.30999755859376,1348.69,0.000883644193395,0.0010704485238455,0.0002232990197172,0.0,0.0,0.0094758351234629,1784.8842857142856,1687.062857142857,895.5757142857143,1762.743,1657.746666666667,891.9363333333333,0.0,0.0,0.0,0.0,0.0,0.0,0.0,0.0,israel_hamas_middle_east_conflict,international_geopolitics,2023-10-07,before
2023-09-27,1791.29,1694.8,895.96,90.79000091552734,95.30999755859376,1349.05,0.0009275660332022,0.0012465365778731,0.0001116245841985,0.0,0.0,0.0002669256834408,1786.532857142857,1689.05,895.67,1764.313,1659.9656666666667,892.821,0.0,0.0,0.0,0.0,0.0,0.0,0.0,0.0,israel_hamas_middle_east_conflict,international_geopolitics,2023-10-07,before
2023-09-28,1793.26,1696.81,896.06,90.79000091552734,95.30999755859376,1356.41,0.0010997660903595,0.001185980646684,0.0001116121255411,0.0,0.0,0.0054556910418444,1788.1871428571428,1690.982857142857,895.7271428571428,1765.914,1662.179,893.712,2.0,2.0,3.5,4.0,0.0,0.0,0.0,0.0,israel_hamas_middle_east_conflict,international_geopolitics,2023-10-07,before
2023-09-29,1794.41,1697.71,896.0,90.79000091552734,95.30999755859376,1347.86,0.0006412901642818,0.0005304070579499,-6.695980179893812e-05,0.0,0.0,-0.0063034038380727,1789.73,1692.7042857142858,895.7914285714286,1767.5393333333334,1664.371,894.5939999999999,1.0,1.0,2.0,2.0,0.0,0.0,0.0,0.0,israel_hamas_middle_east_conflict,international_geopolitics,2023-10-07,before
2023-09-30,1794.66,1698.02,895.99,90.79000091552734,95.30999755859376,1347.86,0.0001393215597327,0.0001825989126529,-1.1160714285751716e-05,0.0,0.0,0.0,1791.08,1694.2099999999998,895.8585714285715,1769.159,1666.5400000000002,895.4796666666666,0.0,0.0,0.0,0.0,0.0,0.0,0.0,0.0,israel_hamas_middle_east_conflict,international_geopolitics,2023-10-07,before
2023-10-01,1795.22,1698.67,934.05,90.79000091552734,95.30999755859376,1348.0699462890625,0.0003120368203448,0.000382798789178,0.0424781526579536,0.0,0.0,0.0001557626823724,1792.36,1695.6542857142856,901.3685714285714,1770.762,1668.654,896.8113333333333,0.0,0.0,0.0,0.0,0.0,0.0,0.0,0.0,israel_hamas_middle_east_conflict,international_geopolitics,2023-10-07,before
2023-10-02,1796.17,1699.64,937.82,90.79000091552734,95.30999755859376,1351.67,0.0005291830527736,0.0005710349861951,0.004036186499652,0.0,0.0,0.0026705244196325,1793.52,1696.9057142857143,907.3914285714288,1772.3776666666663,1670.761,898.2316666666666,0.0,0.0,0.0,0.0,0.0,0.0,0.0,0.0,israel_hamas_middle_east_conflict,international_geopolitics,2023-10-07,before
2023-10-03,1796.25,1699.92,938.81,90.79000091552734,95.30999755859376,1360.62,4.453921399427685e-05,0.0001647407686333,0.0010556396749907,0.0,0.0,0.0066214386647627,1794.465714285714,1697.9385714285715,913.5271428571428,1773.981,1672.856,899.6953333333333,0.0,0.0,0.0,0.0,0.0,0.0,0.0,0.0,israel_hamas_middle_east_conflict,international_geopolitics,2023-10-07,before
2023-10-04,1796.38,1701.16,940.23,90.79000091552734,95.30999755859376,1362.94,7.237299930418217e-05,0.0007294460915807,0.0015125531257655,0.0,0.0,0.0017051050256502,1795.1928571428573,1698.847142857143,919.8514285714284,1775.562,1674.9406666666666,901.1946666666666,0.0,0.0,0.0,0.0,1.0,1.0,0.0,0.0,israel_hamas_middle_east_conflict,international_geopolitics,2023-10-07,before
2023-10-05,1795.91,1701.32,940.64,90.79000091552734,95.30999755859376,1350.22,-0.0002616372927777,9.405346939717064e-05,0.0004360635163735,0.0,0.0,-0.0093327659324695,1795.571428571429,1699.4914285714287,926.22,1777.0956666666666,1676.9763333333333,902.695,1.0,1.0,5.0,5.0,1.0,1.0,0.0,0.0,israel_hamas_middle_east_conflict,international_geopolitics,2023-10-07,before
2023-10-06,1793.82,1700.21,940.74,90.79000091552734,95.30999755859376,1350.17,-0.0011637554220423,-0.0006524345802082,0.0001063105970402,0.0,0.0,-3.70310023551923e-05,1795.4871428571428,1699.8485714285712,932.6114285714286,1778.5306666666663,1678.9063333333334,904.2006666666668,0.0,0.0,0.0,0.0,0.0,0.0,0.0,0.0,israel_hamas_middle_east_conflict,international_geopolitics,2023-10-07,before
2023-10-07,1791.71,1698.57,940.43,90.79000091552734,95.30999755859376,1350.17,-0.0011762607173517,-0.0009645867275219,-0.0003295278185259,0.0,0.0,0.0,1795.0657142857144,1699.927142857143,938.96,1779.849333333333,1680.7033333333334,905.701,1.0,1.0,7.0,7.0,0.0,0.0,0.0,0.0,israel_hamas_middle_east_conflict,international_geopolitics,2023-10-07,after
2023-10-08,1790.73,1697.65,940.49,90.79000091552734,95.30999755859376,1350.17,-0.000546963515301,-0.0005416320787484,6.380060185251502e-05,0.0,0.0,0.0,1794.4242857142858,1699.7814285714287,939.88,1781.0856666666666,1682.3936666666668,907.2,8.0,8.0,4.125,8.0,0.0,0.0,0.0,0.0,israel_hamas_middle_east_conflict,international_geopolitics,2023-10-07,after
2023-10-09,1790.08,1697.4,940.38,90.79000091552734,95.30999755859376,1350.17,-0.0003629804604826,-0.0001472623921302,-0.0001169603079246,0.0,0.0,0.0,1793.5542857142857,1699.4614285714283,940.245714285714,1782.2516666666668,1684.013333333333,908.6953333333332,18.0,18.0,4.0,8.0,0.0,0.0,0.0,0.0,israel_hamas_middle_east_conflict,international_geopolitics,2023-10-07,after
2023-10-10,1789.18,1696.84,940.41,90.79000091552734,95.30999755859376,1349.79,-0.0005027708258847,-0.0003299163426417,3.1901997064931464e-05,0.0,0.0,-0.0002814460401283,1792.544285714286,1699.0214285714285,940.4742857142857,1783.357,1685.578,910.1933333333332,8.0,8.0,3.625,6.0,0.0,0.0,0.0,0.0,israel_hamas_middle_east_conflict,international_geopolitics,2023-10-07,after
2023-10-11,1786.89,1695.51,940.56,90.79000091552734,95.30999755859376,1339.31,-0.0012799159391453,-0.0007838099054713,0.0001595048968003,0.0,0.0,-0.0077641707228531,1791.188571428571,1698.2142857142858,940.5214285714284,1784.334,1687.015666666667,911.6963333333332,13.0,13.0,3.0,8.0,1.0,1.0,0.0,0.0,israel_hamas_middle_east_conflict,international_geopolitics,2023-10-07,after
2023-10-12,1784.72,1694.19,940.77,90.79000091552734,95.30999755859376,1338.21,-0.0012144004387512,-0.0007785268149406,0.0002232712426639,0.0,0.0,-0.0008213184400922,1789.59,1697.1957142857143,940.54,1785.178,1688.318,913.2056666666668,8.0,8.0,2.625,5.0,0.0,0.0,0.0,0.0,israel_hamas_middle_east_conflict,international_geopolitics,2023-10-07,after
2023-10-13,1781.79,1692.61,940.76,90.79000091552734,95.30999755859376,1349.65,-0.0016417141064144,-0.0009325990591374,-1.0629590654454011e-05,0.0,0.0,0.0085487330090194,1787.8714285714286,1696.11,940.5428571428572,1785.8573333333334,1689.467666666667,914.719,3.0,3.0,6.666666666666667,9.0,0.0,0.0,0.0,0.0,israel_hamas_middle_east_conflict,international_geopolitics,2023-10-07,after
2023-10-14,1779.47,1691.18,940.66,90.79000091552734,95.30999755859376,1349.65,-0.0013020614101548,-0.0008448490792325,-0.0001062970364386,0.0,0.0,0.0,1786.1228571428571,1695.0542857142857,940.5757142857144,1786.3909999999998,1690.475,916.227,0.0,0.0,0.0,0.0,0.0,0.0,0.0,0.0,israel_hamas_middle_east_conflict,international_geopolitics,2023-10-07,after
2023-10-15,1778.68,1690.63,940.65,90.79000091552734,95.30999755859376,1349.65,-0.000443952412797,-0.0003252167125912,-1.0630833669922346e-05,0.0,0.0,0.0,1784.4014285714286,1694.0514285714287,940.5985714285714,1786.8003333333331,1691.3366666666668,917.7336666666667,2.0,2.0,3.5,4.0,0.0,0.0,0.0,0.0,israel_hamas_middle_east_conflict,international_geopolitics,2023-10-07,after
2023-10-16,1777.56,1690.58,940.73,90.79000091552734,95.30999755859376,1353.67,-0.0006296804371781,-2.9574773900975515e-05,8.504757348637426e-05,0.0,0.0,0.002978549994443,1782.6128571428574,1693.077142857143,940.6485714285716,1787.082666666667,1692.089,919.2476666666666,9.0,9.0,3.4444444444444446,9.0,0.0,0.0,0.0,0.0,israel_hamas_middle_east_conflict,international_geopolitics,2023-10-07,after
2023-10-17,1775.06,1689.39,940.69,90.79000091552734,95.30999755859376,1353.6,-0.0014064222867301,-0.0007039004365364,-4.252017050587753e-05,0.0,0.0,-5.171127379655083e-05,1780.5957142857144,1692.0128571428572,940.6885714285714,1787.242,1692.7570000000003,920.7586666666666,6.0,6.0,3.333333333333333,7.0,0.0,0.0,0.0,0.0,israel_hamas_middle_east_conflict,international_geopolitics,2023-10-07,after
2023-10-18,1772.84,1688.47,940.65,90.79000091552734,95.30999755859376,1349.45,-0.0012506619494552,-0.000544575260893,-4.25219785477049e-05,0.0,0.0,-0.0030658983451535,1778.5885714285716,1691.0071428571428,940.7014285714286,1787.237,1693.2769999999998,922.266,6.0,6.0,4.5,8.0,0.0,0.0,0.0,0.0,israel_hamas_middle_east_conflict,international_geopolitics,2023-10-07,after
2023-10-19,1771.04,1687.55,940.67,90.79000091552734,95.30999755859376,1357.5,-0.0010153200514428,-0.0005448719846962,2.1261893371482543e-05,0.0,0.0,0.0059653933083849,1776.6342857142856,1690.0585714285714,940.6871428571428,1787.0436666666667,1693.6090000000002,923.7726666666666,2.0,2.0,2.5,5.0,0.0,0.0,0.0,0.0,israel_hamas_middle_east_conflict,international_geopolitics,2023-10-07,after
2023-10-20,1769.39,1686.94,940.75,90.79000091552734,95.30999755859376,1352.92,-0.0009316559761495,-0.0003614707712363,8.504576525236729e-05,0.0,0.0,-0.0033738489871085,1774.8628571428574,1689.2485714285715,940.6857142857144,1786.6983333333333,1693.810666666667,925.2876666666666,8.0,8.0,4.0,10.0,0.0,0.0,0.0,0.0,israel_hamas_middle_east_conflict,international_geopolitics,2023-10-07,after
2023-10-21,1767.74,1686.19,940.59,90.79000091552734,95.30999755859376,1352.92,-0.000932524768423,-0.0004445919831174,-0.0001700770661705,0.0,0.0,0.0,1773.1871428571428,1688.5357142857142,940.6757142857144,1786.2336666666667,1693.9076666666665,926.7853333333333,0.0,0.0,0.0,0.0,0.0,0.0,0.0,0.0,israel_hamas_middle_east_conflict,international_geopolitics,2023-10-07,after
2023-10-22,1767.17,1685.83,940.62,90.79000091552734,95.30999755859376,1352.92,-0.000322445608517,-0.0002134990718721,3.189487449373196e-05,0.0,0.0,0.0,1771.5428571428572,1687.85,940.6714285714286,1785.6856666666667,1693.9133333333334,928.2876666666666,1.0,1.0,3.0,3.0,0.0,0.0,0.0,0.0,israel_hamas_middle_east_conflict,international_geopolitics,2023-10-07,after
2023-10-23,1766.3,1685.87,940.49,90.79000091552734,95.30999755859376,1353.7,-0.0004923125675515,2.3727184828903347e-05,-0.00013820671472,0.0,0.0,0.0005765307630902,1769.9342857142856,1687.1771428571428,940.6371428571427,1785.0553333333337,1693.8596666666667,929.7866666666666,4.0,4.0,2.25,6.0,0.0,0.0,0.0,0.0,israel_hamas_middle_east_conflict,international_geopolitics,2023-10-07,after
2023-10-24,1764.26,1684.84,940.6,90.79000091552734,95.30999755859376,1342.68,-0.0011549566891241,-0.0006109605129694,0.0001169603079245,0.0,0.0,-0.0081406515476102,1768.3914285714286,1686.527142857143,940.6242857142856,1784.322,1693.7356666666667,931.2906666666664,3.0,3.0,1.6666666666666667,5.0,0.0,0.0,0.0,0.0,israel_hamas_middle_east_conflict,international_geopolitics,2023-10-07,after
2023-10-25,1761.55,1683.72,940.64,90.79000091552734,95.30999755859376,1349.07,-0.0015360547765068,-0.0006647515491084,4.252604720389464e-05,0.0,0.0,0.0047591384395386,1766.7785714285712,1685.8485714285714,940.6228571428572,1783.438666666667,1693.497,932.79,5.0,5.0,3.2,10.0,0.0,0.0,0.0,0.0,israel_hamas_middle_east_conflict,international_geopolitics,2023-10-07,after
2023-10-26,1758.33,1682.13,940.74,90.79000091552734,95.30999755859376,1359.32,-0.0018279356248758,-0.000944337538308,0.0001063105970402,0.0,0.0,0.0075978266509522,1764.962857142857,1685.0742857142857,940.6328571428572,1782.3953333333334,1693.145,934.286,2.0,2.0,4.0,5.0,0.0,0.0,0.0,0.0,israel_hamas_middle_east_conflict,international_geopolitics,2023-10-07,after
2023-10-27,1754.98,1680.56,940.62,90.79000091552734,95.30999755859376,1355.15,-0.0019052168819276,-0.0009333404671458,-0.0001275591555583,0.0,0.0,-0.003067710325751,1762.9042857142856,1684.162857142857,940.6142857142858,1781.1850000000002,1692.6703333333332,935.7746666666666,1.0,1.0,7.0,7.0,0.0,0.0,0.0,0.0,israel_hamas_middle_east_conflict,international_geopolitics,2023-10-07,after
2023-10-28,1752.31,1679.05,940.68,90.79000091552734,95.30999755859376,1355.15,-0.0015213848590867,-0.0008985100204693,6.378771448622977e-05,0.0,0.0,0.0,1760.7,1683.142857142857,940.6271428571428,1779.82,1692.0783333333334,937.262,0.0,0.0,0.0,0.0,0.0,0.0,0.0,0.0,israel_hamas_middle_east_conflict,international_geopolitics,2023-10-07,after
2023-10-29,1751.43,1678.57,940.7,90.79000091552734,95.30999755859376,1355.15,-0.0005021942464517,-0.0002858759417527,2.126121529122393e-05,0.0,0.0,0.0,1758.4514285714286,1682.1057142857142,940.6385714285716,1778.3873333333331,1691.4403333333332,938.752,0.0,0.0,0.0,0.0,0.0,0.0,0.0,0.0,israel_hamas_middle_east_conflict,international_geopolitics,2023-10-07,after
2023-10-30,1749.83,1678.22,940.66,90.79000091552734,95.30999755859376,1350.98,-0.0009135392222355,-0.0002085108157537,-4.252152652284291e-05,0.0,0.0,-0.0030771501309818,1756.0985714285714,1681.0128571428572,940.6628571428572,1776.893,1690.7803333333331,940.241,3.0,3.0,4.666666666666667,8.0,0.0,0.0,0.0,0.0,israel_hamas_middle_east_conflict,international_geopolitics,2023-10-07,after
2023-10-31,1747.06,1676.81,940.65,90.79000091552734,95.30999755859376,1351.03,-0.0015830109210609,-0.0008401759006566,-1.0630833669922346e-05,0.0,0.0,3.701017039481336e-05,1753.6414285714286,1679.865714285714,940.67,1775.2876666666668,1690.0516666666665,940.461,2.0,2.0,0.0,3.0,0.0,0.0,0.0,0.0,israel_hamas_middle_east_conflict,international_geopolitics,2023-10-07,after
2023-11-01,1742.31,1674.06,967.93,75.95999908447266,82.83000183105469,1288.3599853515625,-0.0027188533879775,-0.0016400188453075,0.0290012225588689,-0.1633439991354641,-0.1309410979668397,-0.0463868416307835,1750.892857142857,1678.4857142857145,944.5685714285712,1773.4923333333334,1689.199,941.4646666666667,1.0,1.0,8.0,8.0,0.0,0.0,0.0,0.0,israel_hamas_middle_east_conflict,international_geopolitics,2023-10-07,after
2023-11-02,1738.21,1671.9,969.49,75.95999908447266,82.83000183105469,1342.91,-0.0023531977661839,-0.0012902763341814,0.0016116867955326,0.0,0.0,0.0423406619800847,1748.0185714285717,1677.0242857142855,948.6757142857142,1771.5576666666668,1688.265,942.4873333333333,2.0,2.0,3.0,6.0,0.0,0.0,0.0,0.0,israel_hamas_middle_east_conflict,international_geopolitics,2023-10-07,after
2023-11-03,1733.97,1669.63,970.13,75.95999908447266,82.83000183105469,1322.04,-0.002439290994759,-0.0013577367067407,0.0006601408988231,0.0,0.0,-0.0155408776463055,1745.0171428571427,1675.462857142857,952.8914285714284,1769.4773333333333,1687.214,943.484,2.0,2.0,4.0,5.0,0.0,0.0,0.0,0.0,israel_hamas_middle_east_conflict,international_geopolitics,2023-10-07,after
2023-11-04,1730.38,1667.34,970.57,75.95999908447266,82.83000183105469,1322.04,-0.0020703933747411,-0.0013715613638951,0.0004535474627112,0.0,0.0,0.0,1741.884285714286,1673.7900000000002,957.1614285714284,1767.293,1686.081333333333,944.4816666666668,1.0,1.0,3.0,3.0,0.0,0.0,0.0,0.0,israel_hamas_middle_east_conflict,international_geopolitics,2023-10-07,after
2023-11-05,1728.69,1666.35,970.73,75.95999908447266,82.83000183105469,1322.04,-0.0009766640853454,-0.0005937601209111,0.00016485158206,0.0,0.0,0.0,1738.635714285714,1672.044285714286,961.4514285714286,1765.122,1684.9526666666668,945.4813333333332,0.0,0.0,0.0,0.0,0.0,0.0,0.0,0.0,israel_hamas_middle_east_conflict,international_geopolitics,2023-10-07,after
2023-11-06,1725.83,1665.02,970.81,75.95999908447266,82.83000183105469,1297.94,-0.0016544319687162,-0.0007981516488132,8.241220524762838e-05,0.0,0.0,-0.0182294030437807,1735.2071428571428,1670.1585714285711,965.7585714285714,1762.9260000000002,1683.8343333333332,946.494,1.0,1.0,3.0,3.0,1.0,1.0,-2.0,-2.0,israel_hamas_middle_east_conflict,international_geopolitics,2023-10-07,after
2023-11-07,1721.01,1662.3,970.86,75.95999908447266,82.83000183105469,1308.33,-0.0027928590880909,-0.0016336140106425,5.150338377246655e-05,0.0,0.0,0.008004992526619,1731.4857142857145,1668.0857142857144,970.0742857142858,1760.602,1682.656,947.5063333333334,1.0,1.0,3.0,3.0,0.0,0.0,0.0,0.0,israel_hamas_middle_east_conflict,international_geopolitics,2023-10-07,after
2023-11-08,1715.73,1659.13,970.94,75.95999908447266,82.83000183105469,1309.98,-0.0030679659037425,-0.0019069963303854,8.240117009661319e-05,0.0,0.0,0.0012611497099357,1727.688571428571,1665.952857142857,970.5042857142856,1758.1236666666666,1681.3803333333333,948.525,0.0,0.0,0.0,0.0,0.0,0.0,0.0,0.0,israel_hamas_middle_east_conflict,international_geopolitics,2023-10-07,after
2023-11-09,1709.48,1654.42,970.85,75.95999908447266,82.83000183105469,1309.89,-0.0036427643044069,-0.0028388372219175,-9.269367829112252e-05,0.0,0.0,-6.870333898223446e-05,1723.5842857142857,1663.4557142857143,970.6985714285714,1755.467,1679.9663333333333,949.5396666666668,1.0,1.0,5.0,5.0,0.0,0.0,0.0,0.0,israel_hamas_middle_east_conflict,international_geopolitics,2023-10-07,after
2023-11-10,1703.13,1649.54,970.74,75.95999908447266,82.83000183105469,1309.89,-0.0037145798722417,-0.0029496742060662,-0.000113302775918,0.0,0.0,0.0,1719.178571428571,1660.5857142857144,970.7857142857144,1752.675,1678.434,950.5456666666666,1.0,1.0,-1.0,-1.0,0.0,0.0,0.0,0.0,israel_hamas_middle_east_conflict,international_geopolitics,2023-10-07,after
2023-11-11,1697.77,1644.71,970.88,75.95999908447266,82.83000183105469,1309.89,-0.0031471467239729,-0.0029280890430058,0.0001442198734986,0.0,0.0,0.0,1714.52,1657.3528571428571,970.83,1749.7766666666664,1676.784666666667,951.5493333333332,0.0,0.0,0.0,0.0,0.0,0.0,0.0,0.0,israel_hamas_middle_east_conflict,international_geopolitics,2023-10-07,after
2023-11-12,1695.93,1642.9,970.96,75.95999908447266,82.83000183105469,1309.89,-0.0010837745984437,-0.0011004979601266,8.239947264332415e-05,0.0,0.0,0.0,1709.84,1654.002857142857,970.8628571428573,1746.9146666666666,1675.1276666666668,952.556,0.0,0.0,0.0,0.0,0.0,0.0,0.0,0.0,israel_hamas_middle_east_conflict,international_geopolitics,2023-10-07,after
2023-11-13,1691.87,1639.77,971.04,75.95999908447266,82.83000183105469,1324.97,-0.0023939667321175,-0.0019051676912776,8.239268352960849e-05,0.0,0.0,0.0115124170731892,1704.9885714285715,1650.3957142857143,970.8957142857143,1743.9946666666667,1673.4140000000002,953.5686666666668,0.0,0.0,0.0,0.0,0.0,0.0,0.0,0.0,israel_hamas_middle_east_conflict,international_geopolitics,2023-10-07,after
2023-11-14,1685.73,1634.11,971.04,75.95999908447266,82.83000183105469,1328.74,-0.0036291204406957,-0.003451703592577,0.0,0.0,0.0,0.0028453474418288,1699.9485714285715,1646.3685714285714,970.9214285714286,1740.8963333333334,1671.5299999999995,954.5816666666666,0.0,0.0,0.0,0.0,0.0,0.0,0.0,0.0,israel_hamas_middle_east_conflict,international_geopolitics,2023-10-07,after
2023-11-15,1680.63,1629.52,970.94,75.95999908447266,82.83000183105469,1300.34,-0.0030253955259738,-0.0028088684360293,-0.0001029823694183,0.0,0.0,-0.0213736321628009,1694.9342857142856,1642.1385714285716,970.9214285714288,1737.6653333333334,1669.4946666666667,955.5886666666668,1.0,1.0,3.0,3.0,0.0,0.0,0.0,0.0,israel_hamas_middle_east_conflict,international_geopolitics,2023-10-07,after
2023-11-16,1676.26,1625.31,970.97,75.95999908447266,82.83000183105469,1297.1,-0.0026002153954172,-0.0025835828955765,3.08978927636705e-05,0.0,0.0,-0.0024916560284233,1690.188571428571,1637.98,970.9385714285714,1734.372,1667.3586666666663,956.598,1.0,1.0,5.0,5.0,0.0,0.0,0.0,0.0,israel_hamas_middle_east_conflict,international_geopolitics,2023-10-07,after
2023-11-17,1672.3,1620.97,971.06,75.95999908447266,82.83000183105469,1296.21,-0.0023624020140073,-0.0026702598273559,9.269081434015725e-05,0.0,0.0,-0.0006861460180401,1685.7842857142855,1633.8985714285714,970.9842857142858,1731.0206666666668,1665.1086666666667,957.6116666666666,0.0,0.0,0.0,0.0,0.0,0.0,0.0,0.0,israel_hamas_middle_east_conflict,international_geopolitics,2023-10-07,after
2023-11-18,1668.84,1617.47,971.14,75.95999908447266,82.83000183105469,1296.21,-0.0020690067571608,-0.0021592009722573,8.238419871076097e-05,0.0,0.0,0.0,1681.6514285714286,1630.0071428571428,971.0214285714284,1727.6140000000005,1662.7726666666667,958.6273333333334,0.0,0.0,0.0,0.0,0.0,0.0,0.0,0.0,israel_hamas_middle_east_conflict,international_geopolitics,2023-10-07,after
2023-11-19,1667.51,1615.8,971.01,75.95999908447266,82.83000183105469,1296.21,-0.0007969607631648,-0.0010324766456256,-0.0001338632946845,0.0,0.0,0.0,1677.5914285714284,1626.1357142857144,971.0285714285714,1724.218,1660.401333333333,959.636,1.0,1.0,2.0,2.0,0.0,0.0,0.0,0.0,israel_hamas_middle_east_conflict,international_geopolitics,2023-10-07,after
2023-11-20,1664.78,1613.14,971.16,75.95999908447266,82.83000183105469,1291.48,-0.0016371715911748,-0.0016462433469487,0.0001544783266906,0.0,0.0,-0.0036491000686617,1673.7214285714288,1622.3314285714284,971.0457142857142,1720.7859999999998,1657.9663333333335,960.655,0.0,0.0,0.0,0.0,1.0,1.0,2.0,2.0,israel_hamas_middle_east_conflict,international_geopolitics,2023-10-07,after
2023-11-21,1659.12,1606.5,971.06,75.95999908447266,82.83000183105469,1289.34,-0.0033998486286477,-0.004116195742465,-0.0001029696445488,0.0,0.0,-0.0016570136587481,1669.9199999999998,1618.3871428571426,971.0485714285714,1717.1843333333334,1655.322,961.6696666666666,3.0,3.0,4.333333333333333,5.0,0.0,0.0,0.0,0.0,israel_hamas_middle_east_conflict,international_geopolitics,2023-10-07,after
2023-11-22,1656.54,1604.08,971.18,75.95999908447266,82.83000183105469,1300.06,-0.0015550412266743,-0.0015063803299097,0.000123576298066,0.0,0.0,0.0083143313633331,1666.4785714285715,1614.752857142857,971.082857142857,1713.525666666667,1652.5956666666666,962.6926666666666,0.0,0.0,0.0,0.0,1.0,1.0,0.0,0.0,israel_hamas_middle_east_conflict,international_geopolitics,2023-10-07,after
2023-11-23,1652.96,1599.59,971.26,75.95999908447266,82.83000183105469,1300.06,-0.0021611310321513,-0.0027991122637275,8.237401923438803e-05,0.0,0.0,0.0,1663.15,1611.0785714285714,971.1242857142856,1709.8156666666666,1649.754,963.7146666666667,0.0,0.0,0.0,0.0,0.0,0.0,0.0,0.0,israel_hamas_middle_east_conflict,international_geopolitics,2023-10-07,after
2023-11-24,1649.56,1595.82,971.4,75.95999908447266,82.83000183105469,1306.08,-0.0020569160778241,-0.0023568539438231,0.0001441426600499,0.0,0.0,0.0046305555128225,1659.9014285714288,1607.4857142857145,971.172857142857,1706.0826666666665,1646.824,964.74,0.0,0.0,0.0,0.0,0.0,0.0,0.0,0.0,israel_hamas_middle_east_conflict,international_geopolitics,2023-10-07,after
2023-11-25,1647.05,1592.69,971.16,75.95999908447266,82.83000183105469,1306.08,-0.0015216178859817,-0.0019613740898095,-0.0002470660901791,0.0,0.0,0.0,1656.7885714285717,1603.9457142857143,971.1757142857144,1702.3733333333332,1643.842666666667,965.754,0.0,0.0,0.0,0.0,0.0,0.0,0.0,0.0,israel_hamas_middle_east_conflict,international_geopolitics,2023-10-07,after
2023-11-26,1645.97,1590.93,971.15,75.95999908447266,82.83000183105469,1306.08,-0.0006557177984881,-0.0011050486912079,-1.029696445487005e-05,0.0,0.0,0.0,1653.7114285714283,1600.392857142857,971.1957142857144,1698.7396666666668,1640.8549999999998,966.7716666666668,0.0,0.0,0.0,0.0,0.0,0.0,0.0,0.0,israel_hamas_middle_east_conflict,international_geopolitics,2023-10-07,after
2023-11-27,1643.95,1588.73,971.2,75.95999908447266,82.83000183105469,1304.33,-0.0012272398646391,-0.0013828389684021,5.148535241739083e-05,0.0,0.0,-0.0013398872963371,1650.7357142857145,1596.9057142857143,971.2014285714286,1695.1276666666668,1637.8443333333337,967.789,0.0,0.0,0.0,0.0,0.0,0.0,0.0,0.0,israel_hamas_middle_east_conflict,international_geopolitics,2023-10-07,after
2023-11-28,1641.03,1584.98,971.31,75.95999908447266,82.83000183105469,1293.71,-0.001776209738739,-0.0023603758977296,0.0001132619439867,0.0,0.0,-0.0081421112755206,1648.1514285714288,1593.8314285714284,971.2371428571428,1691.4476666666667,1634.7246666666667,968.8093333333333,1.0,1.0,3.0,3.0,0.0,0.0,0.0,0.0,israel_hamas_middle_east_conflict,international_geopolitics,2023-10-07,after
2023-11-29,1638.49,1581.53,971.27,75.95999908447266,82.83000183105469,1292.74,-0.0015478083886339,-0.0021766836174589,-4.1181497153264246e-05,0.0,0.0,-0.0007497816357607,1645.5728571428572,1590.61,971.25,1687.7363333333335,1631.5016666666668,969.8296666666666,2.0,2.0,2.5,5.0,0.0,0.0,0.0,0.0,israel_hamas_middle_east_conflict,international_geopolitics,2023-10-07,after
2023-11-30,1636.75,1578.74,971.24,75.95999908447266,82.83000183105469,1289.95,-0.0010619533839083,-0.0017641144967215,-3.088739485412884e-05,0.0,0.0,-0.002158206599935,1643.257142857143,1587.6314285714286,971.2471428571428,1684.0593333333334,1628.2326666666668,970.8493333333332,2.0,2.0,0.0,3.0,0.0,0.0,0.0,0.0,israel_hamas_middle_east_conflict,international_geopolitics,2023-10-07,after
2023-12-01,1634.18,1575.3,971.19,71.6500015258789,77.04000091552734,1293.530029296875,-0.0015701848174736,-0.0021789528358058,-5.148058152459889e-05,-0.0567403582219734,-0.0699022188522583,0.0027753240799062,1641.0600000000002,1584.7000000000005,971.2171428571428,1680.4550000000002,1624.9406666666666,970.958,0.0,0.0,0.0,0.0,0.0,0.0,0.0,0.0,israel_hamas_middle_east_conflict,international_geopolitics,2023-10-07,after
2023-12-02,1632.42,1572.74,971.11,71.6500015258789,77.04000091552734,1293.530029296875,-0.0010769927425375,-0.0016250872849615,-8.237317105819209e-05,0.0,0.0,0.0,1638.97,1581.85,971.21,1676.928666666667,1621.6353333333332,971.012,0.0,0.0,0.0,0.0,0.0,0.0,0.0,0.0,israel_hamas_middle_east_conflict,international_geopolitics,2023-10-07,after
2023-12-03,1631.71,1571.37,971.08,71.6500015258789,77.04000091552734,1293.530029296875,-0.0004349370872692,-0.0008710912166028,-3.089248385867993e-05,0.0,0.0,0.0,1636.9328571428573,1579.0557142857142,971.2,1673.52,1618.36,971.0436666666668,0.0,0.0,0.0,0.0,0.0,0.0,0.0,0.0,israel_hamas_middle_east_conflict,international_geopolitics,2023-10-07,after
2023-12-04,1629.96,1568.98,971.45,71.6500015258789,77.04000091552734,1304.43,-0.0010724944996353,-0.0015209657814517,0.0003810190715491,0.0,0.0,0.0084265308545252,1634.9342857142858,1576.2342857142855,971.2357142857144,1670.1726666666666,1615.0813333333333,971.073,1.0,1.0,3.0,3.0,0.0,0.0,0.0,0.0,israel_hamas_middle_east_conflict,international_geopolitics,2023-10-07,after
2023-12-05,1626.7,1564.05,971.26,71.6500015258789,77.04000091552734,1311.47,-0.002000049080959,-0.0031421687975627,-0.0001955839209429,0.0,0.0,0.005396993322754,1632.887142857143,1573.2442857142858,971.2285714285716,1666.773,1611.6713333333332,971.0906666666668,0.0,0.0,0.0,0.0,0.0,0.0,0.0,0.0,israel_hamas_middle_east_conflict,international_geopolitics,2023-10-07,after
2023-12-06,1623.79,1559.64,971.23,71.6500015258789,77.04000091552734,1313.03,-0.0017888977684884,-0.0028196029538696,-3.088771286774428e-05,0.0,0.0,0.0011895049067076,1630.787142857143,1570.1171428571429,971.2228571428572,1663.3716666666664,1608.1586666666667,971.1046666666666,0.0,0.0,0.0,0.0,0.0,0.0,0.0,0.0,israel_hamas_middle_east_conflict,international_geopolitics,2023-10-07,after
2023-12-07,1620.78,1554.89,970.9,71.6500015258789,77.04000091552734,1325.27,-0.0018536879768935,-0.003045574619784,-0.0003397753364291,0.0,0.0,0.0093219499935264,1628.5057142857142,1566.7100000000005,971.1742857142856,1660.0306666666668,1604.5783333333334,971.106,0.0,0.0,0.0,0.0,0.0,0.0,0.0,0.0,israel_hamas_middle_east_conflict,international_geopolitics,2023-10-07,after
2023-12-08,1617.44,1550.0,970.9,71.6500015258789,77.04000091552734,1307.11,-0.0020607361887485,-0.0031449170037752,0.0,0.0,0.0,-0.0137028680948033,1626.114285714286,1563.0957142857146,971.1328571428572,1656.7543333333333,1600.9406666666666,971.1046666666666,0.0,0.0,0.0,0.0,0.0,0.0,0.0,0.0,israel_hamas_middle_east_conflict,international_geopolitics,2023-10-07,after
2023-12-09,1614.5,1545.93,970.8,71.6500015258789,77.04000091552734,1307.11,-0.0018176872094173,-0.0026258064516128,-0.0001029972190751,0.0,0.0,0.0,1623.554285714286,1559.265714285714,971.0885714285716,1653.5883333333334,1597.3243333333337,971.103,0.0,0.0,0.0,0.0,0.0,0.0,0.0,0.0,israel_hamas_middle_east_conflict,international_geopolitics,2023-10-07,after
2023-12-10,1613.41,1544.09,970.7,71.6500015258789,77.04000091552734,1307.11,-0.0006751316196964,-0.0011902220669759,-0.0001030078285948,0.0,0.0,0.0,1620.94,1555.3685714285714,971.0342857142858,1650.5976666666668,1593.8093333333334,971.1016666666668,1.0,1.0,5.0,5.0,0.0,0.0,0.0,0.0,israel_hamas_middle_east_conflict,international_geopolitics,2023-10-07,after
2023-12-11,1611.22,1540.52,970.66,71.6500015258789,77.04000091552734,1316.38,-0.0013573735132421,-0.0023120413965507,-4.120737612045566e-05,0.0,0.0,0.0070919815470773,1618.2628571428572,1551.3028571428572,970.9214285714286,1647.7126666666668,1590.3363333333334,971.0943333333332,0.0,0.0,0.0,0.0,0.0,0.0,0.0,0.0,israel_hamas_middle_east_conflict,international_geopolitics,2023-10-07,after
2023-12-12,1606.83,1534.59,970.71,71.6500015258789,77.04000091552734,1313.75,-0.0027246434378918,-0.003849349570275,5.151134279768321e-05,0.0,0.0,-0.0019979033409806,1615.4242857142858,1547.0942857142857,970.8428571428572,1644.7426666666663,1586.726,971.086,1.0,1.0,3.0,3.0,1.0,1.0,0.0,0.0,israel_hamas_middle_east_conflict,international_geopolitics,2023-10-07,after
2023-12-13,1602.56,1529.15,970.61,71.6500015258789,77.04000091552734,1319.76,-0.0026574061972952,-0.0035449207931759,-0.0001030173790318,0.0,0.0,0.0045746907706945,1612.3914285714286,1542.7385714285715,970.7542857142856,1641.765666666667,1583.0386666666666,971.0716666666666,0.0,0.0,0.0,0.0,0.0,0.0,0.0,0.0,israel_hamas_middle_east_conflict,international_geopolitics,2023-10-07,after
2023-12-14,1599.08,1524.42,970.56,71.6500015258789,77.04000091552734,1296.11,-0.0021715255591054,-0.0030932217244874,-5.15139963528366e-05,0.0,0.0,-0.0179199248348185,1609.2914285714287,1538.385714285714,970.7057142857144,1638.8773333333334,1579.3823333333337,971.0556666666668,1.0,1.0,3.0,3.0,0.0,0.0,0.0,0.0,israel_hamas_middle_east_conflict,international_geopolitics,2023-10-07,after
2023-12-15,1595.98,1520.04,970.66,71.6500015258789,77.04000091552734,1295.92,-0.0019386147034544,-0.0028732239146692,0.0001030333003626,0.0,0.0,-0.0001465924960071,1606.2257142857145,1534.1057142857146,970.6714285714286,1636.0556666666666,1575.733,971.0463333333332,0.0,0.0,0.0,0.0,0.0,0.0,0.0,0.0,israel_hamas_middle_east_conflict,international_geopolitics,2023-10-07,after
2023-12-16,1593.35,1516.46,970.64,71.6500015258789,77.04000091552734,1295.92,-0.0016478903244402,-0.0023552011789162,-2.060453711905108e-05,0.0,0.0,0.0,1603.2042857142858,1529.8957142857143,970.6485714285712,1633.292,1572.1046666666666,971.0353333333333,0.0,0.0,0.0,0.0,0.0,0.0,0.0,0.0,israel_hamas_middle_east_conflict,international_geopolitics,2023-10-07,after
2023-12-17,1592.5,1515.14,970.59,71.6500015258789,77.04000091552734,1295.92,-0.0005334672231461,-0.0008704482808645,-5.1512404186881966e-05,0.0,0.0,0.0,1600.217142857143,1525.76,970.632857142857,1630.632,1568.577,971.0196666666668,0.0,0.0,0.0,0.0,0.0,0.0,0.0,0.0,israel_hamas_middle_east_conflict,international_geopolitics,2023-10-07,after
2023-12-18,1590.61,1512.61,970.6,71.6500015258789,77.04000091552734,1297.63,-0.0011868131868132,-0.0016698126905765,1.0303011570345078e-05,0.0,0.0,0.0013195258966602,1597.2728571428568,1521.7728571428572,970.6242857142856,1628.0243333333333,1565.0816666666665,971.0016666666668,0.0,0.0,0.0,0.0,1.0,1.0,0.0,0.0,israel_hamas_middle_east_conflict,international_geopolitics,2023-10-07,after
2023-12-19,1587.97,1508.88,970.77,71.6500015258789,77.04000091552734,1307.95,-0.0016597406026618,-0.0024659363616529,0.0001751493921284,0.0,0.0,0.0079529603970314,1594.5785714285714,1518.1,970.6328571428572,1625.373,1561.5176666666669,970.9936666666666,0.0,0.0,0.0,0.0,0.0,0.0,0.0,0.0,israel_hamas_middle_east_conflict,international_geopolitics,2023-10-07,after
2023-12-20,1586.3,1506.42,970.6,71.6500015258789,77.04000091552734,1299.22,-0.0010516571471753,-0.00163034833784,-0.0001751187201911,0.0,0.0,-0.0066745670706066,1592.2557142857142,1514.8528571428574,970.6314285714286,1622.7570000000003,1557.9603333333332,970.975,0.0,0.0,0.0,0.0,0.0,0.0,0.0,0.0,israel_hamas_middle_east_conflict,international_geopolitics,2023-10-07,after
2023-12-21,1585.23,1504.71,970.69,71.6500015258789,77.04000091552734,1304.82,-0.0006745256256697,-0.0011351415939777,9.272614877398055e-05,0.0,0.0,0.004310278474777,1590.2771428571427,1512.037142857143,970.65,1620.294,1554.5673333333332,970.9626666666668,0.0,0.0,0.0,0.0,0.0,0.0,0.0,0.0,israel_hamas_middle_east_conflict,international_geopolitics,2023-10-07,after
2023-12-22,1584.81,1503.91,970.62,71.6500015258789,77.04000091552734,1302.54,-0.0002649457807384,-0.0005316639086601,-7.211365111425838e-05,0.0,0.0,-0.0017473674529819,1588.6814285714286,1509.732857142857,970.6442857142856,1617.9029999999998,1551.2283333333337,970.944,0.0,0.0,0.0,0.0,0.0,0.0,0.0,0.0,israel_hamas_middle_east_conflict,international_geopolitics,2023-10-07,after
2023-12-23,1584.02,1502.55,970.66,71.6500015258789,77.04000091552734,1302.54,-0.0004984824679299,-0.0009043094334103,4.1210772495858805e-05,0.0,0.0,0.0,1587.3485714285712,1507.7457142857145,970.647142857143,1615.605,1547.9936666666665,970.924,0.0,0.0,0.0,0.0,0.0,0.0,0.0,0.0,israel_hamas_middle_east_conflict,international_geopolitics,2023-10-07,after
2023-12-24,1583.69,1501.79,970.71,71.6500015258789,77.04000091552734,1302.54,-0.0002083307028951,-0.0005058067951149,5.151134279768321e-05,0.0,0.0,0.0,1586.09,1505.8385714285716,970.6642857142858,1613.4093333333335,1544.859333333333,970.901,0.0,0.0,0.0,0.0,0.0,0.0,0.0,0.0,israel_hamas_middle_east_conflict,international_geopolitics,2023-10-07,after
2023-12-25,1583.53,1501.33,970.73,71.6500015258789,77.04000091552734,1302.54,-0.0001010298732706,-0.0003063011472975,2.060347580634669e-05,0.0,0.0,0.0,1585.0785714285716,1504.2271428571428,970.6828571428572,1611.292,1541.814,970.8866666666668,0.0,0.0,0.0,0.0,1.0,1.0,0.0,0.0,israel_hamas_middle_east_conflict,international_geopolitics,2023-10-07,after
2023-12-26,1582.63,1500.25,970.91,71.6500015258789,77.04000091552734,1294.25,-0.000568350457522,-0.0007193621655464,0.0001854274618069,0.0,0.0,-0.0063644878468223,1584.3157142857142,1502.9942857142855,970.7028571428572,1609.1806666666666,1538.7913333333336,970.8786666666668,0.0,0.0,0.0,0.0,0.0,0.0,0.0,0.0,israel_hamas_middle_east_conflict,international_geopolitics,2023-10-07,after
2023-12-27,1581.89,1499.03,970.95,71.6500015258789,77.04000091552734,1293.38,-0.0004675761232884,-0.0008131978003665,4.119846329730947e-05,0.0,0.0,-0.0006722039791383,1583.6857142857143,1501.938571428571,970.7528571428572,1607.112,1535.801333333333,970.8703333333334,1.0,1.0,2.0,2.0,0.0,0.0,0.0,0.0,israel_hamas_middle_east_conflict,international_geopolitics,2023-10-07,after
2023-12-28,1581.22,1498.23,970.99,71.6500015258789,77.04000091552734,1288.45,-0.00042354398852,-0.0005336784453946,4.1196766053852585e-05,0.0,0.0,-0.0038117181338818,1583.1128571428574,1501.0128571428572,970.7957142857142,1605.118333333333,1532.9096666666665,970.8596666666668,1.0,1.0,2.0,2.0,0.0,0.0,0.0,0.0,israel_hamas_middle_east_conflict,international_geopolitics,2023-10-07,after
2023-12-29,1580.53,1497.25,970.74,71.6500015258789,77.04000091552734,1290.97,-0.0004363719153565,-0.0006541051774426,-0.000257469180939,0.0,0.0,0.0019558384104931,1582.5014285714285,1500.061428571429,970.8128571428572,1603.186333333333,1530.100333333333,970.842,0.0,0.0,0.0,0.0,0.0,0.0,0.0,0.0,israel_hamas_middle_east_conflict,international_geopolitics,2023-10-07,after
2023-12-30,1579.61,1495.66,970.65,71.6500015258789,77.04000091552734,1290.97,-0.0005820832252472,-0.0010619469026548,-9.271277582056924e-05,0.0,0.0,0.0,1581.8714285714286,1499.0771428571427,970.8114285714286,1601.2816666666663,1527.331,970.8223333333332,0.0,0.0,0.0,0.0,0.0,0.0,0.0,0.0,israel_hamas_middle_east_conflict,international_geopolitics,2023-10-07,after
2023-12-31,1579.31,1495.21,970.77,71.6500015258789,77.04000091552734,1290.97,-0.0001899202967821,-0.0003008705187007,0.0001236284963683,0.0,0.0,0.0,1581.2457142857145,1498.137142857143,970.82,1599.4526666666666,1524.6613333333332,970.8083333333332,0.0,0.0,0.0,0.0,0.0,0.0,0.0,0.0,israel_hamas_middle_east_conflict,international_geopolitics,2023-10-07,after
2024-01-01,1578.54,1493.91,970.83,75.8499984741211,81.70999908447266,1326.6199951171875,-0.0004875546916057,-0.0008694430882618,6.180660712629127e-05,0.0586182394807794,0.0606178363635516,0.0276148904445396,1580.532857142857,1497.077142857143,970.8342857142858,1597.6566666666663,1522.0336666666667,970.799,0.0,0.0,0.0,0.0,1.0,1.0,0.0,0.0,israel_hamas_middle_east_conflict,international_geopolitics,2023-10-07,after
2024-01-02,1577.46,1492.73,970.83,75.8499984741211,81.70999908447266,1300.52,-0.0006841765175414,-0.000789873553293,0.0,0.0,0.0,-0.0196740552782652,1579.794285714286,1496.0028571428572,970.8228571428572,1595.8483333333331,1519.4123333333332,970.7906666666664,3.0,3.0,1.3333333333333333,4.0,4.0,4.0,0.0,0.0,israel_hamas_middle_east_conflict,international_geopolitics,2023-10-07,after
2024-01-03,1575.89,1490.43,970.7,75.8499984741211,81.70999908447266,1305.1,-0.0009952708785008,-0.0015408010825802,-0.0001339060391624,0.0,0.0,0.0035216682557746,1578.9371428571428,1494.7742857142855,970.7871428571428,1594.0459999999998,1516.794,970.7656666666668,1.0,1.0,2.0,2.0,2.0,2.0,0.0,0.0,israel_hamas_middle_east_conflict,international_geopolitics,2023-10-07,after
2024-01-04,1574.52,1488.53,970.83,75.8499984741211,81.70999908447266,1310.39,-0.000869350018085,-0.0012747998899647,0.0001339239723909,0.0,0.0,0.0040533292468012,1577.98,1493.3885714285716,970.7642857142856,1592.3066666666666,1514.2766666666664,970.7513333333334,2.0,2.0,4.5,5.0,2.0,2.0,0.0,0.0,israel_hamas_middle_east_conflict,international_geopolitics,2023-10-07,after
2024-01-05,1573.43,1487.12,970.68,75.8499984741211,81.70999908447266,1315.62,-0.0006922744709497,-0.0009472432534111,-0.0001545069682643,0.0,0.0,0.0039911781988566,1576.965714285714,1491.9414285714286,970.7557142857142,1590.6280000000002,1511.859333333333,970.733,0.0,0.0,0.0,0.0,0.0,0.0,0.0,0.0,israel_hamas_middle_east_conflict,international_geopolitics,2023-10-07,after
2024-01-06,1572.33,1485.6,970.73,75.8499984741211,81.70999908447266,1315.62,-0.0006991095886058,-0.0010221098499112,5.151028145222725e-05,0.0,0.0,0.0,1575.9257142857143,1490.5042857142855,970.7671428571427,1589.013,1509.5496666666666,970.7273333333334,0.0,0.0,0.0,0.0,0.0,0.0,0.0,0.0,israel_hamas_middle_east_conflict,international_geopolitics,2023-10-07,after
2024-01-07,1572.02,1484.93,970.67,75.8499984741211,81.70999908447266,1315.62,-0.0001971596293398,-0.0004509962304791,-6.180915393572128e-05,0.0,0.0,0.0,1574.8842857142856,1489.0357142857142,970.7528571428572,1587.499,1507.380666666667,970.7196666666666,2.0,2.0,3.0,4.0,0.0,0.0,0.0,0.0,israel_hamas_middle_east_conflict,international_geopolitics,2023-10-07,after
2024-01-08,1571.71,1484.69,970.66,75.8499984741211,81.70999908447266,1315.58,-0.0001971985089247,-0.0001616237802455,-1.0302162423925232e-05,0.0,0.0,-3.040391602437964e-05,1573.9085714285716,1487.7185714285713,970.7285714285716,1586.0726666666667,1505.3393333333331,970.715,2.0,2.0,7.5,9.0,0.0,0.0,0.0,0.0,israel_hamas_middle_east_conflict,international_geopolitics,2023-10-07,after
2024-01-09,1570.46,1482.92,970.69,75.8499984741211,81.70999908447266,1315.92,-0.0007953121122853,-0.0011921680620197,3.0906805678743154e-05,0.0,0.0,0.0002584411438302,1572.9085714285716,1486.3171428571427,970.7085714285714,1584.6409999999998,1503.3003333333334,970.7146666666667,0.0,0.0,0.0,0.0,0.0,0.0,0.0,0.0,israel_hamas_middle_east_conflict,international_geopolitics,2023-10-07,after
2024-01-10,1569.02,1481.13,970.68,75.8499984741211,81.70999908447266,1320.42,-0.0009169287979318,-0.0012070779273325,-1.030195015927493e-05,0.0,0.0,0.0034196607696517,1571.9271428571428,1484.9885714285715,970.7057142857142,1583.234333333333,1501.3206666666665,970.7153333333332,1.0,1.0,5.0,5.0,0.0,0.0,0.0,0.0,israel_hamas_middle_east_conflict,international_geopolitics,2023-10-07,after
2024-01-11,1567.64,1479.42,970.67,75.8499984741211,81.70999908447266,1313.04,-0.000879529897643,-0.0011545239107978,-1.0302056290378836e-05,0.0,0.0,-0.005589130731131,1570.9442857142856,1483.6871428571428,970.6828571428572,1581.928,1499.4816666666668,970.714,8.0,8.0,5.125,9.0,0.0,0.0,0.0,0.0,israel_hamas_middle_east_conflict,international_geopolitics,2023-10-07,after
2024-01-12,1566.47,1477.97,970.55,75.8499984741211,81.70999908447266,1313.41,-0.0007463448240667,-0.0009801138283922,-0.0001236259490867,0.0,0.0,0.0002817888259307,1569.9500000000005,1482.38,970.6642857142858,1580.725,1497.775666666667,970.712,3.0,3.0,5.0,5.0,1.0,1.0,0.0,0.0,israel_hamas_middle_east_conflict,international_geopolitics,2023-10-07,after
2024-01-13,1565.39,1476.52,970.62,75.8499984741211,81.70999908447266,1313.41,-0.0006894482498865,-0.0009810753939525,7.212405337186922e-05,0.0,0.0,0.0,1568.9585714285713,1481.0828571428572,970.6485714285716,1579.602,1496.179,970.714,0.0,0.0,0.0,0.0,1.0,1.0,0.0,0.0,israel_hamas_middle_east_conflict,international_geopolitics,2023-10-07,after
2024-01-14,1565.13,1475.79,970.57,75.8499984741211,81.70999908447266,1313.41,-0.0001660927947667,-0.0004944057649066,-5.151346561982351e-05,0.0,0.0,0.0,1567.974285714286,1479.7771428571427,970.6342857142856,1578.573666666667,1494.7040000000002,970.711,1.0,1.0,5.0,5.0,0.0,0.0,0.0,0.0,israel_hamas_middle_east_conflict,international_geopolitics,2023-10-07,after
2024-01-15,1564.94,1475.69,970.63,75.8499984741211,81.70999908447266,1313.41,-0.0001213956668136,-6.776031820243666e-05,6.1819343272429e-05,0.0,0.0,0.0,1567.0071428571428,1478.4914285714287,970.63,1577.6266666666668,1493.3450000000005,970.7106666666666,2.0,2.0,4.0,5.0,0.0,0.0,0.0,0.0,israel_hamas_middle_east_conflict,international_geopolitics,2023-10-07,after
2024-01-16,1564.38,1474.92,970.54,75.8499984741211,81.70999908447266,1331.5,-0.0003578411951895,-0.0005217898068021,-9.27232828163982e-05,0.0,0.0,0.0137733076495534,1566.1385714285716,1477.3485714285714,970.6085714285716,1576.6893333333333,1492.0043333333335,970.709,2.0,2.0,4.0,5.0,0.0,0.0,0.0,0.0,israel_hamas_middle_east_conflict,international_geopolitics,2023-10-07,after
2024-01-17,1563.41,1473.81,970.52,75.8499984741211,81.70999908447266,1344.23,-0.0006200539510861,-0.0007525831909528,-2.0607084715740243e-05,0.0,0.0,0.0095606458880961,1565.337142857143,1476.302857142857,970.5857142857144,1575.7826666666667,1490.711,970.7063333333332,0.0,0.0,0.0,0.0,0.0,0.0,0.0,0.0,israel_hamas_middle_east_conflict,international_geopolitics,2023-10-07,after
2024-01-18,1563.03,1473.13,970.5,75.8499984741211,81.70999908447266,1338.73,-0.0002430584427629,-0.0004613891885655,-2.060750937638023e-05,0.0,0.0,-0.0040915617119093,1564.6785714285718,1475.4042857142856,970.5614285714286,1574.9513333333334,1489.5193333333334,970.6973333333334,0.0,0.0,0.0,0.0,0.0,0.0,0.0,0.0,israel_hamas_middle_east_conflict,international_geopolitics,2023-10-07,after
2024-01-19,1562.66,1472.88,970.54,75.8499984741211,81.70999908447266,1338.53,-0.000236719704676,-0.000169706678976,4.121586810912348e-05,0.0,0.0,-0.0001493953224325,1564.134285714286,1474.677142857143,970.56,1574.1633333333332,1488.4013333333337,970.6953333333332,0.0,0.0,0.0,0.0,0.0,0.0,0.0,0.0,israel_hamas_middle_east_conflict,international_geopolitics,2023-10-07,after
2024-01-20,1562.4,1472.23,970.44,75.8499984741211,81.70999908447266,1338.53,-0.0001663829623846,-0.0004413122589757,-0.0001030354235784,0.0,0.0,0.0,1563.707142857143,1474.064285714286,970.5342857142856,1573.4023333333332,1487.3186666666666,970.687,1.0,1.0,5.0,5.0,0.0,0.0,0.0,0.0,israel_hamas_middle_east_conflict,international_geopolitics,2023-10-07,after
2024-01-21,1562.41,1471.83,970.36,75.8499984741211,81.70999908447266,1338.53,6.400409626294845e-06,-0.0002716966778288,-8.243683277697755e-05,0.0,0.0,0.0,1563.3185714285714,1473.4985714285715,970.5042857142856,1572.6556666666668,1486.2493333333332,970.6783333333334,0.0,0.0,0.0,0.0,0.0,0.0,0.0,0.0,israel_hamas_middle_east_conflict,international_geopolitics,2023-10-07,after
2024-01-22,1562.78,1472.33,970.44,75.8499984741211,81.70999908447266,1338.25,0.0002368136404655,0.0003397131462192,8.244362916864922e-05,0.0,0.0,-0.0002091847026215,1563.0100000000002,1473.0185714285717,970.4771428571428,1571.9476666666667,1485.242,970.671,1.0,1.0,5.0,5.0,0.0,0.0,0.0,0.0,israel_hamas_middle_east_conflict,international_geopolitics,2023-10-07,after
2024-01-23,1563.3,1472.73,970.38,75.8499984741211,81.70999908447266,1333.76,0.0003327403729251,0.0002716782243112,-6.182762458273316e-05,0.0,0.0,-0.0033551279656267,1562.8557142857142,1472.7057142857143,970.4542857142858,1571.268,1484.2733333333333,970.66,0.0,0.0,0.0,0.0,0.0,0.0,0.0,0.0,israel_hamas_middle_east_conflict,international_geopolitics,2023-10-07,after
2024-01-24,1564.19,1473.44,970.32,75.8499984741211,81.70999908447266,1337.74,0.0005693085140408,0.0004820978726582,-6.183144747418101e-05,0.0,0.0,0.0029840451055662,1562.967142857143,1472.652857142857,970.4257142857142,1570.6233333333332,1483.3436666666666,970.6463333333334,0.0,0.0,0.0,0.0,0.0,0.0,0.0,0.0,israel_hamas_middle_east_conflict,international_geopolitics,2023-10-07,after
2024-01-25,1565.87,1474.84,970.32,75.8499984741211,81.70999908447266,1336.0,0.0010740383201528,0.0009501574546637,0.0,0.0,0.0,-0.0013007011825915,1563.372857142857,1472.8971428571429,970.4,1570.0646666666669,1482.496666666667,970.6266666666668,0.0,0.0,0.0,0.0,0.0,0.0,0.0,0.0,israel_hamas_middle_east_conflict,international_geopolitics,2023-10-07,after
2024-01-26,1567.91,1476.59,970.36,75.8499984741211,81.70999908447266,1336.08,0.0013027901422213,0.0011865693905779,4.1223513892241215e-05,0.0,0.0,5.988023952085975e-05,1564.1228571428571,1473.427142857143,970.374285714286,1569.5986666666663,1481.7486666666666,970.607,0.0,0.0,0.0,0.0,0.0,0.0,0.0,0.0,israel_hamas_middle_east_conflict,international_geopolitics,2023-10-07,after
2024-01-27,1570.95,1479.0,970.31,75.8499984741211,81.70999908447266,1336.08,0.0019388867983494,0.0016321389146616,-5.152726823043352e-05,0.0,0.0,0.0,1565.3442857142857,1474.3942857142854,970.3557142857144,1569.2563333333335,1481.1076666666663,970.5843333333336,0.0,0.0,0.0,0.0,0.0,0.0,0.0,0.0,israel_hamas_middle_east_conflict,international_geopolitics,2023-10-07,after
2024-01-28,1572.19,1479.93,970.34,75.8499984741211,81.70999908447266,1336.08,0.0007893312963493,0.0006288032454362,3.091795405607556e-05,0.0,0.0,0.0,1566.7414285714287,1475.5514285714285,970.3528571428571,1568.9783333333332,1480.5303333333331,970.571,0.0,0.0,0.0,0.0,0.0,0.0,0.0,0.0,israel_hamas_middle_east_conflict,international_geopolitics,2023-10-07,after
2024-01-29,1575.09,1482.78,970.4,75.8499984741211,81.70999908447266,1335.5,0.0018445607719168,0.0019257667592385,6.183399633119535e-05,0.0,0.0,-0.000434105742171,1568.5,1477.0442857142857,970.3471428571428,1568.8276666666668,1480.101,970.5626666666668,1.0,1.0,2.0,2.0,0.0,0.0,0.0,0.0,israel_hamas_middle_east_conflict,international_geopolitics,2023-10-07,after
2024-01-30,1578.88,1485.69,970.34,75.8499984741211,81.70999908447266,1328.93,0.0024062117085374,0.0019625298425929,-6.183017312444417e-05,0.0,0.0,-0.0049195058030699,1570.7257142857145,1478.8957142857143,970.3414285714284,1568.8133333333333,1479.7836666666667,970.5483333333334,1.0,1.0,5.0,5.0,0.0,0.0,0.0,0.0,israel_hamas_middle_east_conflict,international_geopolitics,2023-10-07,after
2024-01-31,1582.27,1488.71,970.38,75.8499984741211,81.70999908447266,1334.9,0.0021470916092418,0.0020327255349366,4.12226642207969e-05,0.0,0.0,0.0044923359394399,1573.3085714285714,1481.0771428571427,970.35,1568.937666666667,1479.6103333333333,970.5333333333332,1.0,1.0,5.0,5.0,0.0,0.0,0.0,0.0,israel_hamas_middle_east_conflict,international_geopolitics,2023-10-07,after
2024-02-01,1586.46,1492.46,970.67,78.26000213623047,83.62000274658203,1333.3800048828125,0.0026480941937849,0.0025189593675061,0.0002988519961251,0.0317732855714114,0.0233753969344043,-0.0011386584142539,1576.25,1483.5942857142857,970.4,1569.2376666666669,1479.6013333333333,970.528,1.0,1.0,-1.0,-1.0,0.0,0.0,0.0,0.0,israel_hamas_middle_east_conflict,international_geopolitics,2023-10-07,after
2024-02-02,1589.01,1494.65,970.54,78.26000213623047,83.62000274658203,1321.9,0.0016073522181461,0.0014673760100774,-0.0001339281115105,0.0,0.0,-0.0086097022909994,1579.2642857142855,1486.1742857142856,970.4257142857142,1569.6750000000002,1479.742,970.5226666666666,0.0,0.0,0.0,0.0,0.0,0.0,0.0,0.0,israel_hamas_middle_east_conflict,international_geopolitics,2023-10-07,after
2024-02-03,1591.03,1496.17,970.47,78.26000213623047,83.62000274658203,1321.9,0.0012712317732423,0.001016960492423,-7.212479650497983e-05,0.0,0.0,0.0,1582.1328571428571,1488.627142857143,970.4485714285714,1570.2253333333333,1479.996666666667,970.5106666666668,0.0,0.0,0.0,0.0,0.0,0.0,0.0,0.0,israel_hamas_middle_east_conflict,international_geopolitics,2023-10-07,after
2024-02-04,1592.01,1496.8,970.43,78.26000213623047,83.62000274658203,1321.9,0.0006159531875578,0.000421075145204,-4.121714220950423e-05,0.0,0.0,0.0,1584.9642857142858,1491.037142857143,970.4614285714288,1570.8446666666666,1480.3193333333334,970.5023333333334,0.0,0.0,0.0,0.0,0.0,0.0,0.0,0.0,israel_hamas_middle_east_conflict,international_geopolitics,2023-10-07,after
2024-02-05,1594.1,1498.8,970.51,78.26000213623047,83.62000274658203,1330.98,0.0013128058240838,0.0013361838588989,8.243768226456893e-05,0.0,0.0,0.0068689008245705,1587.68,1493.3257142857144,970.4771428571428,1571.570333333333,1480.7593333333332,970.495,0.0,0.0,0.0,0.0,0.0,0.0,0.0,0.0,israel_hamas_middle_east_conflict,international_geopolitics,2023-10-07,after
2024-02-06,1596.46,1501.49,970.12,78.26000213623047,83.62000274658203,1326.83,0.0014804591932753,0.0017947691486523,-0.0004018505734098,0.0,0.0,-0.0031180032757818,1590.1914285714286,1495.5828571428572,970.4457142857144,1572.385,1481.3113333333336,970.4766666666668,1.0,1.0,4.0,4.0,1.0,1.0,0.0,0.0,israel_hamas_middle_east_conflict,international_geopolitics,2023-10-07,after
2024-02-07,1598.37,1503.02,970.38,78.26000213623047,83.62000274658203,1327.37,0.0011963970284252,0.0010189878054465,0.0002680080814745,0.0,0.0,0.0004069850696772,1592.4914285714287,1497.627142857143,970.4457142857144,1573.2736666666667,1481.9223333333332,970.4673333333334,0.0,0.0,0.0,0.0,0.0,0.0,0.0,0.0,israel_hamas_middle_east_conflict,international_geopolitics,2023-10-07,after
2024-02-08,1600.73,1504.95,970.7,78.26000213623047,83.62000274658203,1328.07,0.0014765041886422,0.0012840813828158,0.0003297677198623,0.0,0.0,0.0005273586113894,1594.53,1499.4114285714284,970.45,1574.2826666666667,1482.6566666666668,970.4676666666668,1.0,1.0,5.0,5.0,0.0,0.0,0.0,0.0,israel_hamas_middle_east_conflict,international_geopolitics,2023-10-07,after
2024-02-09,1603.53,1507.24,970.65,78.26000213623047,83.62000274658203,1333.1,0.0017492019266209,0.0015216452373831,-5.150922015051407e-05,0.0,0.0,0.0037874509626751,1596.6042857142857,1501.2099999999998,970.4657142857144,1575.433,1483.5270000000005,970.4666666666668,0.0,0.0,0.0,0.0,0.0,0.0,0.0,0.0,israel_hamas_middle_east_conflict,international_geopolitics,2023-10-07,after
2024-02-10,1604.84,1508.21,970.7,78.26000213623047,83.62000274658203,1333.1,0.0008169476093369,0.0006435604150634,5.151187348695352e-05,0.0,0.0,0.0,1598.5771428571427,1502.93,970.4985714285714,1576.673,1484.486666666667,970.4676666666668,0.0,0.0,0.0,0.0,0.0,0.0,0.0,0.0,israel_hamas_middle_east_conflict,international_geopolitics,2023-10-07,after
2024-02-11,1605.81,1508.97,970.53,78.26000213623047,83.62000274658203,1333.1,0.0006044216245857,0.0005039086068916,-0.0001751313485114,0.0,0.0,0.0,1600.5485714285714,1504.6685714285716,970.5128571428572,1577.984333333333,1485.52,970.467,0.0,0.0,0.0,0.0,1.0,1.0,0.0,0.0,israel_hamas_middle_east_conflict,international_geopolitics,2023-10-07,after
2024-02-12,1606.65,1509.79,970.67,78.26000213623047,83.62000274658203,1331.37,0.0005231004913408,0.0005434170328104,0.0001442510793072,0.0,0.0,-0.0012977271022428,1602.3414285714284,1506.2385714285715,970.5357142857144,1579.3596666666667,1486.629,970.4686666666668,1.0,1.0,7.0,7.0,0.0,0.0,0.0,0.0,israel_hamas_middle_east_conflict,international_geopolitics,2023-10-07,after
2024-02-13,1608.44,1511.7,970.49,78.26000213623047,83.62000274658203,1327.88,0.001114119441073,0.001265076600057,-0.0001854389236299,0.0,0.0,-0.0026213599525299,1604.0528571428572,1507.6971428571428,970.5885714285714,1580.8033333333333,1487.826,970.466,2.0,2.0,3.5,5.0,0.0,0.0,0.0,0.0,israel_hamas_middle_east_conflict,international_geopolitics,2023-10-07,after
2024-02-14,1611.7,1514.78,970.66,78.26000213623047,83.62000274658203,1335.06,0.0020268085847157,0.0020374412912613,0.0001751692444023,0.0,0.0,0.0054071151007619,1605.9571428571428,1509.3771428571429,970.6285714285716,1582.362,1489.129,970.467,1.0,1.0,3.0,3.0,0.0,0.0,0.0,0.0,israel_hamas_middle_east_conflict,international_geopolitics,2023-10-07,after
2024-02-15,1614.9,1517.99,970.56,78.26000213623047,83.62000274658203,1333.84,0.0019854811689521,0.0021191196081278,-0.0001030226855953,0.0,0.0,-0.0009138166074933,1607.9814285714283,1511.24,970.6085714285712,1584.046,1490.5646666666669,970.4676666666668,0.0,0.0,0.0,0.0,0.0,0.0,0.0,0.0,israel_hamas_middle_east_conflict,international_geopolitics,2023-10-07,after
2024-02-16,1618.0,1521.15,970.77,78.26000213623047,83.62000274658203,1334.96,0.0019196235060994,0.0020817001429522,0.0002163699307615,0.0,0.0,0.00083968092125,1610.0485714285714,1513.2271428571428,970.6257142857144,1585.8656666666668,1492.1426666666666,970.476,1.0,1.0,3.0,3.0,0.0,0.0,0.0,0.0,israel_hamas_middle_east_conflict,international_geopolitics,2023-10-07,after
2024-02-17,1620.92,1523.81,970.58,78.26000213623047,83.62000274658203,1334.96,0.001804697156984,0.0017486769878052,-0.0001957209225665,0.0,0.0,0.0,1612.3457142857146,1515.4557142857143,970.6085714285716,1587.7953333333332,1493.832,970.4786666666666,0.0,0.0,0.0,0.0,0.0,0.0,0.0,0.0,israel_hamas_middle_east_conflict,international_geopolitics,2023-10-07,after
2024-02-18,1622.32,1524.81,970.56,78.26000213623047,83.62000274658203,1334.96,0.000863707030575,0.0006562497949218,-2.060623544697382e-05,0.0,0.0,0.0,1614.7042857142858,1517.7185714285715,970.612857142857,1589.784,1495.563,970.4793333333332,0.0,0.0,0.0,0.0,1.0,1.0,0.0,0.0,israel_hamas_middle_east_conflict,international_geopolitics,2023-10-07,after
2024-02-19,1625.02,1527.8,970.66,78.26000213623047,83.62000274658203,1334.96,0.0016642832486808,0.0019609000465632,0.0001030333003626,0.0,0.0,0.0,1617.3285714285714,1520.2914285714285,970.6114285714286,1591.8713333333333,1497.4153333333336,970.4866666666666,0.0,0.0,0.0,0.0,0.0,0.0,0.0,0.0,israel_hamas_middle_east_conflict,international_geopolitics,2023-10-07,after
2024-02-20,1627.74,1530.36,970.48,78.26000213623047,83.62000274658203,1337.25,0.0016738255529162,0.0016756119910983,-0.0001854408340715,0.0,0.0,0.0017154072032119,1620.0857142857142,1522.957142857143,970.61,1594.049,1499.3663333333332,970.4906666666668,0.0,0.0,0.0,0.0,0.0,0.0,0.0,0.0,israel_hamas_middle_east_conflict,international_geopolitics,2023-10-07,after
2024-02-21,1629.43,1531.75,970.58,78.26000213623047,83.62000274658203,1334.95,0.0010382493518621,0.0009082830183748,0.0001030417937515,0.0,0.0,-0.001719947653767,1622.6185714285714,1525.3814285714286,970.5985714285714,1596.2706666666668,1501.347,970.4953333333334,0.0,0.0,0.0,0.0,0.0,0.0,0.0,0.0,israel_hamas_middle_east_conflict,international_geopolitics,2023-10-07,after
2024-02-22,1630.89,1533.0,970.53,78.26000213623047,83.62000274658203,1328.71,0.0008960188532185,0.0008160600620206,-5.151558861715699e-05,0.0,0.0,-0.0046743323719989,1624.902857142857,1527.5257142857142,970.5942857142855,1598.5236666666667,1503.3559999999998,970.5003333333332,0.0,0.0,0.0,0.0,0.0,0.0,0.0,0.0,israel_hamas_middle_east_conflict,international_geopolitics,2023-10-07,after
2024-02-23,1632.41,1534.43,970.58,78.26000213623047,83.62000274658203,1328.71,0.0009320064504656,0.0009328114807567,5.151824260973825e-05,0.0,0.0,0.0,1626.9614285714283,1529.4228571428573,970.5671428571428,1600.7976666666666,1505.389,970.509,0.0,0.0,0.0,0.0,0.0,0.0,0.0,0.0,israel_hamas_middle_east_conflict,international_geopolitics,2023-10-07,after
2024-02-24,1633.29,1535.15,970.45,78.26000213623047,83.62000274658203,1328.71,0.0005390802555729,0.0004692296162092,-0.0001339405304044,0.0,0.0,0.0,1628.7285714285715,1531.042857142857,970.5485714285714,1603.0449999999998,1507.3993333333333,970.5133333333334,0.0,0.0,0.0,0.0,0.0,0.0,0.0,0.0,israel_hamas_middle_east_conflict,international_geopolitics,2023-10-07,after
2024-02-25,1633.74,1535.47,970.41,78.26000213623047,83.62000274658203,1328.71,0.0002755175137298,0.000208448685796,-4.121799165346385e-05,0.0,0.0,0.0,1630.36,1532.5657142857142,970.527142857143,1605.2393333333334,1509.362,970.515,0.0,0.0,0.0,0.0,0.0,0.0,0.0,0.0,israel_hamas_middle_east_conflict,international_geopolitics,2023-10-07,after
2024-02-26,1634.84,1536.69,970.49,78.26000213623047,83.62000274658203,1330.86,0.0006733017493603,0.0007945449927384,8.243938129237627e-05,0.0,0.0,0.0016181107991961,1631.7628571428572,1533.8357142857144,970.5028571428572,1607.369,1511.285,970.521,0.0,0.0,0.0,0.0,0.0,0.0,0.0,0.0,israel_hamas_middle_east_conflict,international_geopolitics,2023-10-07,after
2024-02-27,1635.57,1537.39,970.44,78.26000213623047,83.62000274658203,1330.86,0.0004465268772479,0.0004555245365038,-5.15203660006458e-05,0.0,0.0,0.0,1632.8814285714284,1534.84,970.4971428571428,1609.4816666666668,1513.2003333333334,970.5243333333332,1.0,1.0,0.0,0.0,0.0,0.0,0.0,0.0,israel_hamas_middle_east_conflict,international_geopolitics,2023-10-07,after
2024-02-28,1636.15,1537.92,970.47,78.26000213623047,83.62000274658203,1336.02,0.0003546164334147,0.0003447401114875,3.091381229136658e-05,0.0,0.0,0.0038771921915152,1633.8414285714289,1535.7214285714283,970.4814285714284,1611.517,1515.0383333333334,970.5266666666666,0.0,0.0,0.0,0.0,0.0,0.0,0.0,0.0,israel_hamas_middle_east_conflict,international_geopolitics,2023-10-07,after
2024-02-29,1636.72,1538.27,970.53,78.26000213623047,83.62000274658203,1336.19,0.0003483788161231,0.0002275801081981,6.18257133140343e-05,0.0,0.0,0.0001272436041377,1634.6742857142856,1536.4742857142858,970.4814285714286,1613.4450000000002,1516.7910000000002,970.533,1.0,1.0,5.0,5.0,0.0,0.0,0.0,0.0,israel_hamas_middle_east_conflict,international_geopolitics,2023-10-07,after
2024-03-01,1637.44,1538.71,970.39,83.16999816894531,87.4800033569336,1345.2900390625,0.0004399041986411,0.0002860356114335,-0.0001442510793071,0.0627395335891738,0.0461612112361398,0.0068104379336022,1635.392857142857,1537.0857142857144,970.4542857142858,1615.284,1518.457666666667,970.5333333333332,0.0,0.0,0.0,0.0,0.0,0.0,0.0,0.0,israel_hamas_middle_east_conflict,international_geopolitics,2023-10-07,after
2024-03-02,1637.74,1538.85,970.51,83.16999816894531,87.4800033569336,1345.2900390625,0.0001832128200116,9.0985305873037e-05,0.0001236616205855,0.0,0.0,0.0,1636.0285714285717,1537.6142857142856,970.4628571428572,1616.993333333333,1520.004,970.528,0.0,0.0,0.0,0.0,0.0,0.0,0.0,0.0,israel_hamas_middle_east_conflict,international_geopolitics,2023-10-07,after
2024-03-03,1638.1,1539.03,970.62,83.16999816894531,87.4800033569336,1345.2900390625,0.0002198151110677,0.0001169704649577,0.0001133424694232,0.0,0.0,0.0,1636.6514285714286,1538.1228571428571,970.4928571428572,1618.6296666666667,1521.4833333333331,970.5306666666668,0.0,0.0,0.0,0.0,0.0,0.0,0.0,0.0,israel_hamas_middle_east_conflict,international_geopolitics,2023-10-07,after
2024-03-04,1638.95,1540.04,970.47,83.16999816894531,87.4800033569336,1331.29,0.000518893840425,0.000656257512849,-0.0001545403968596,0.0,0.0,-0.0104067068483286,1637.2385714285715,1538.6014285714286,970.49,1620.227,1522.9456666666667,970.5306666666668,0.0,0.0,0.0,0.0,1.0,1.0,0.0,0.0,israel_hamas_middle_east_conflict,international_geopolitics,2023-10-07,after
2024-03-05,1639.39,1540.41,970.39,83.16999816894531,87.4800033569336,1336.51,0.000268464565728,0.000240253499909,-8.243428441889744e-05,0.0,0.0,0.00392100894621,1637.7842857142855,1539.032857142857,970.482857142857,1621.8063333333334,1524.3993333333333,970.5293333333332,0.0,0.0,0.0,0.0,0.0,0.0,0.0,0.0,israel_hamas_middle_east_conflict,international_geopolitics,2023-10-07,after
2024-03-06,1639.52,1540.52,970.37,83.16999816894531,87.4800033569336,1333.99,7.929778759163675e-05,7.140955979245689e-05,-2.0610270097587424e-05,0.0,0.0,-0.0018855077777195,1638.2657142857145,1539.404285714286,970.4685714285716,1623.320333333333,1525.7900000000002,970.5246666666668,0.0,0.0,0.0,0.0,1.0,1.0,0.0,0.0,israel_hamas_middle_east_conflict,international_geopolitics,2023-10-07,after
2024-03-07,1639.47,1540.55,970.34,83.16999816894531,87.4800033569336,1324.3,-3.0496730750395606e-05,1.947394386303536e-05,-3.091604233429468e-05,0.0,0.0,-0.0072639225181598,1638.6585714285716,1539.73,970.4414285714286,1624.754,1527.092,970.532,0.0,0.0,0.0,0.0,1.0,1.0,0.0,0.0,israel_hamas_middle_east_conflict,international_geopolitics,2023-10-07,after
2024-03-08,1639.52,1540.4,970.29,83.16999816894531,87.4800033569336,1319.28,3.049766082940941e-05,-9.736782317992798e-05,-5.152833027610715e-05,0.0,0.0,-0.003790681869667,1638.9557142857143,1539.9714285714283,970.4271428571428,1626.1256666666668,1528.338,970.529,1.0,1.0,8.0,8.0,0.0,0.0,0.0,0.0,israel_hamas_middle_east_conflict,international_geopolitics,2023-10-07,after
2024-03-09,1639.18,1540.0,970.3,83.16999816894531,87.4800033569336,1319.28,-0.000207377769103,-0.0002596728122565,1.0306197116394245e-05,0.0,0.0,0.0,1639.1614285714288,1540.1357142857144,970.3971428571429,1627.407333333333,1529.5063333333333,970.5156666666668,0.0,0.0,0.0,0.0,0.0,0.0,0.0,0.0,israel_hamas_middle_east_conflict,international_geopolitics,2023-10-07,after
2024-03-10,1639.26,1539.86,970.25,83.16999816894531,87.4800033569336,1319.28,4.880489025005375e-05,-9.090909090914144e-05,-5.153045449857174e-05,0.0,0.0,0.0,1639.3271428571427,1540.2542857142855,970.3442857142855,1628.5983333333336,1530.5936666666666,970.5023333333334,0.0,0.0,0.0,0.0,0.0,0.0,0.0,0.0,israel_hamas_middle_east_conflict,international_geopolitics,2023-10-07,after
2024-03-11,1639.59,1540.23,970.29,83.16999816894531,87.4800033569336,1312.55,0.0002013103473517,0.0002402815840401,4.12264880185198e-05,0.0,0.0,-0.0051012673579527,1639.4185714285716,1540.2814285714285,970.3185714285712,1629.756666666667,1531.661,970.4886666666666,1.0,1.0,5.0,5.0,0.0,0.0,0.0,0.0,israel_hamas_middle_east_conflict,international_geopolitics,2023-10-07,after
2024-03-12,1639.44,1539.94,970.09,83.16999816894531,87.4800033569336,1310.82,-9.148628620558874e-05,-0.0001882835680384,-0.0002061239423264,0.0,0.0,-0.0013180450268561,1639.4257142857143,1540.2142857142858,970.2757142857143,1630.8776666666668,1532.6933333333332,970.474,0.0,0.0,0.0,0.0,1.0,1.0,0.0,0.0,israel_hamas_middle_east_conflict,international_geopolitics,2023-10-07,after
2024-03-13,1638.99,1539.49,970.23,83.16999816894531,87.4800033569336,1314.67,-0.0002744839701361,-0.0002922191773705,0.0001443165067158,0.0,0.0,0.002937092812133,1639.35,1540.0671428571427,970.2557142857142,1631.9556666666665,1533.6833333333334,970.4593333333332,0.0,0.0,0.0,0.0,0.0,0.0,0.0,0.0,israel_hamas_middle_east_conflict,international_geopolitics,2023-10-07,after
2024-03-14,1638.5,1539.1,970.22,83.16999816894531,87.4800033569336,1318.2,-0.0002989646062514,-0.0002533306484615,-1.0306834461903946e-05,0.0,0.0,0.0026850844698669,1639.2114285714283,1539.86,970.2385714285714,1632.957666666667,1534.5966666666668,970.4503333333332,0.0,0.0,0.0,0.0,1.0,1.0,0.0,0.0,israel_hamas_middle_east_conflict,international_geopolitics,2023-10-07,after
2024-03-15,1638.33,1538.84,970.01,83.16999816894531,87.4800033569336,1329.35,-0.000103753433018,-0.0001689298940938,-0.0002164457545711,0.0,0.0,0.0084585040206341,1639.0414285714285,1539.6371428571426,970.1985714285712,1633.8453333333334,1535.3986666666667,970.4286666666668,0.0,0.0,0.0,0.0,0.0,0.0,0.0,0.0,israel_hamas_middle_east_conflict,international_geopolitics,2023-10-07,after
2024-03-16,1637.92,1538.4,969.99,83.16999816894531,87.4800033569336,1329.35,-0.0002502548326648,-0.0002859296613032,-2.0618344140799216e-05,0.0,0.0,0.0,1638.8614285714286,1539.4085714285716,970.1542857142856,1634.6126666666669,1536.079,970.4096666666668,0.0,0.0,0.0,0.0,0.0,0.0,0.0,0.0,israel_hamas_middle_east_conflict,international_geopolitics,2023-10-07,after
2024-03-17,1637.88,1538.09,970.03,83.16999816894531,87.4800033569336,1329.35,-2.4421217153403063e-05,-0.0002015080603224,4.12375385312469e-05,0.0,0.0,0.0,1638.6642857142858,1539.1557142857143,970.1228571428572,1635.2753333333333,1536.6436666666668,970.385,0.0,0.0,0.0,0.0,1.0,1.0,0.0,0.0,israel_hamas_middle_east_conflict,international_geopolitics,2023-10-07,after
2024-03-18,1638.22,1538.6,970.02,83.16999816894531,87.4800033569336,1333.59,0.0002075854152929,0.0003315800765884,-1.0308959516702744e-05,0.0,0.0,0.0031895287170422,1638.4685714285715,1538.922857142857,970.0842857142858,1635.852,1537.1366666666663,970.3663333333332,1.0,1.0,2.0,2.0,0.0,0.0,0.0,0.0,israel_hamas_middle_east_conflict,international_geopolitics,2023-10-07,after
2024-03-19,1637.78,1537.93,969.91,83.16999816894531,87.4800033569336,1338.28,-0.0002685841950409,-0.000435460808527,-0.000113399723717,0.0,0.0,0.0035168230115703,1638.2314285714288,1538.635714285714,970.0585714285714,1636.3673333333331,1537.574,970.3446666666666,0.0,0.0,0.0,0.0,0.0,0.0,0.0,0.0,israel_hamas_middle_east_conflict,international_geopolitics,2023-10-07,after
2024-03-20,1638.05,1538.1,969.96,83.16999816894531,87.4800033569336,1339.02,0.0001648573068422,0.0001105381909449,5.155117485133864e-05,0.0,0.0,0.0005529485608393,1638.097142857143,1538.4371428571428,970.02,1636.8016666666667,1537.917333333333,970.3213333333334,0.0,0.0,0.0,0.0,0.0,0.0,0.0,0.0,israel_hamas_middle_east_conflict,international_geopolitics,2023-10-07,after
2024-03-21,1638.31,1538.15,970.04,83.16999816894531,87.4800033569336,1322.11,0.000158725313635,3.250763929529832e-05,8.247762794333369e-05,0.0,0.0,-0.0126286388552823,1638.07,1538.3014285714285,969.9942857142858,1637.1539999999998,1538.177,970.3066666666668,0.0,0.0,0.0,0.0,2.0,2.0,0.0,0.0,israel_hamas_middle_east_conflict,international_geopolitics,2023-10-07,after
2024-03-22,1638.66,1538.3,970.01,83.16999816894531,87.4800033569336,1338.14,0.0002136347821841,9.75197477488532e-05,-3.092655972947167e-05,0.0,0.0,0.0121245584709293,1638.1171428571429,1538.224285714286,969.9942857142858,1637.4616666666666,1538.3953333333334,970.2876666666668,0.0,0.0,0.0,0.0,0.0,0.0,0.0,0.0,israel_hamas_middle_east_conflict,international_geopolitics,2023-10-07,after
2024-03-23,1638.43,1537.77,969.91,83.16999816894531,87.4800033569336,1338.14,-0.0001403585856736,-0.0003445361762984,-0.0001030917207038,0.0,0.0,0.0,1638.19,1538.1342857142856,969.9828571428573,1637.713,1538.5543333333335,970.267,0.0,0.0,0.0,0.0,0.0,0.0,0.0,0.0,israel_hamas_middle_east_conflict,international_geopolitics,2023-10-07,after
2024-03-24,1638.46,1537.6,969.92,83.16999816894531,87.4800033569336,1338.14,1.8310211604921637e-05,-0.0001105496920866,1.031023497022332e-05,0.0,0.0,0.0,1638.2728571428572,1538.0642857142857,969.9671428571428,1637.9146666666668,1538.66,970.245,0.0,0.0,0.0,0.0,0.0,0.0,0.0,0.0,israel_hamas_middle_east_conflict,international_geopolitics,2023-10-07,after
2024-03-25,1638.97,1538.26,970.0,83.16999816894531,87.4800033569336,1342.61,0.000311267897904,0.0004292403746097,8.248102936336821e-05,0.0,0.0,0.0033404576501709,1638.38,1538.0157142857145,969.9642857142856,1638.104,1538.7636666666667,970.23,0.0,0.0,0.0,0.0,0.0,0.0,0.0,0.0,israel_hamas_middle_east_conflict,international_geopolitics,2023-10-07,after
2024-03-26,1639.57,1538.26,969.96,83.16999816894531,87.4800033569336,1344.0,0.0003660835768806,0.0,-4.123711340198177e-05,0.0,0.0,0.0010352969216675,1638.635714285714,1538.0628571428572,969.9714285714286,1638.2983333333334,1538.8566666666666,970.215,1.0,1.0,5.0,5.0,0.0,0.0,0.0,0.0,israel_hamas_middle_east_conflict,international_geopolitics,2023-10-07,after
2024-03-27,1640.07,1538.43,970.2,83.16999816894531,87.4800033569336,1348.58,0.0003049580072824,0.0001105144773965,0.0002474328838302,0.0,0.0,0.0034077380952379,1638.9242857142856,1538.11,970.0057142857142,1638.4726666666668,1538.9146666666666,970.2053333333332,0.0,0.0,0.0,0.0,1.0,1.0,0.0,0.0,israel_hamas_middle_east_conflict,international_geopolitics,2023-10-07,after
2024-03-28,1640.44,1538.28,970.14,83.16999816894531,87.4800033569336,1346.01,0.0002256001268239,-9.75019987909942e-05,-6.184291898581051e-05,0.0,0.0,-0.0019057082264307,1639.2285714285715,1538.1285714285714,970.02,1638.635,1538.9443333333334,970.1953333333332,1.0,1.0,2.0,2.0,0.0,0.0,0.0,0.0,israel_hamas_middle_east_conflict,international_geopolitics,2023-10-07,after
2024-03-29,1641.08,1538.45,969.94,83.16999816894531,87.4800033569336,1347.08,0.000390139230938,0.0001105130405387,-0.0002061558125631,0.0,0.0,0.0007949420880972,1639.5742857142857,1538.15,970.01,1638.7993333333332,1538.962,970.1776666666668,0.0,0.0,0.0,0.0,0.0,0.0,0.0,0.0,israel_hamas_middle_east_conflict,international_geopolitics,2023-10-07,after
2024-03-30,1642.15,1538.7,969.9,83.16999816894531,87.4800033569336,1347.08,0.0006520096521802,0.0001625012187591,-4.123966430924497e-05,0.0,0.0,0.0,1640.1057142857142,1538.2828571428574,970.0085714285716,1638.9803333333332,1538.976333333333,970.1566666666664,0.0,0.0,0.0,0.0,0.0,0.0,0.0,0.0,israel_hamas_middle_east_conflict,international_geopolitics,2023-10-07,after
2024-03-31,1642.77,1538.86,969.94,83.16999816894531,87.4800033569336,1347.08,0.0003775538166428,0.0001039838824981,4.124136508920628e-05,0.0,0.0,0.0,1640.7214285714283,1538.462857142857,970.0114285714286,1639.158,1538.9813333333332,970.1416666666668,0.0,0.0,0.0,0.0,0.0,0.0,0.0,0.0,israel_hamas_middle_east_conflict,international_geopolitics,2023-10-07,after
2024-04-01,1644.42,1539.66,970.09,81.93000030517578,87.86000061035156,1374.6400146484375,0.001004401103015,0.0005198653548732,0.0001546487411592,-0.014909196718397,0.0043438184594886,0.0204590778932487,1641.5,1538.662857142857,970.0242857142856,1639.380666666667,1539.0083333333334,970.1276666666668,0.0,0.0,0.0,0.0,0.0,0.0,0.0,0.0,israel_hamas_middle_east_conflict,international_geopolitics,2023-10-07,after
2024-04-02,1645.97,1540.12,969.98,81.93000030517578,87.86000061035156,1351.37,0.0009425815789152,0.000298767260304,-0.0001133915409911,0.0,0.0,-0.0169280789155471,1642.4142857142858,1538.928571428571,970.027142857143,1639.643,1539.0446666666664,970.1063333333332,1.0,1.0,5.0,5.0,0.0,0.0,0.0,0.0,israel_hamas_middle_east_conflict,international_geopolitics,2023-10-07,after
2024-04-03,1648.7,1540.52,970.1,81.93000030517578,87.86000061035156,1348.5,0.0016585964507251,0.0002597200218166,0.0001237138910079,0.0,0.0,-0.0021237706919643,1643.6471428571429,1539.2271428571428,970.0128571428572,1639.968,1539.0606666666667,970.094,0.0,0.0,0.0,0.0,1.0,1.0,0.0,0.0,israel_hamas_middle_east_conflict,international_geopolitics,2023-10-07,after
2024-04-04,1652.94,1541.82,970.11,81.93000030517578,87.86000061035156,1346.87,0.0025717231758355,0.0008438709007347,1.0308215647958365e-05,0.0,0.0,-0.001208750463478,1645.4328571428573,1539.7328571428573,970.0085714285716,1640.419666666667,1539.1076666666668,970.0846666666667,1.0,1.0,0.0,0.0,0.0,0.0,0.0,0.0,israel_hamas_middle_east_conflict,international_geopolitics,2023-10-07,after
2024-04-05,1658.16,1543.91,970.2,81.93000030517578,87.86000061035156,1352.58,0.0031580093651313,0.0013555408543151,9.277298450705018e-05,0.0,0.0,0.004239458893583,1647.8728571428571,1540.5128571428572,970.0457142857144,1641.041,1539.2206666666666,970.079,1.0,1.0,5.0,5.0,0.0,0.0,0.0,0.0,israel_hamas_middle_east_conflict,international_geopolitics,2023-10-07,after
2024-04-06,1662.55,1545.69,970.28,81.93000030517578,87.86000061035156,1352.58,0.0026475129058713,0.0011529169446404,8.245722531419197e-05,0.0,0.0,0.0,1650.787142857143,1541.5114285714285,970.1,1641.8103333333336,1539.392,970.077,0.0,0.0,0.0,0.0,1.0,1.0,-3.0,-3.0,israel_hamas_middle_east_conflict,international_geopolitics,2023-10-07,after
2024-04-07,1665.23,1546.75,970.33,81.93000030517578,87.86000061035156,1352.58,0.0016119815945385,0.0006857778726652,5.1531516675584754e-05,0.0,0.0,0.0,1653.9957142857145,1542.6385714285716,970.1557142857145,1642.667333333333,1539.6036666666666,970.0783333333334,0.0,0.0,0.0,0.0,0.0,0.0,0.0,0.0,israel_hamas_middle_east_conflict,international_geopolitics,2023-10-07,after
2024-04-08,1669.72,1549.48,970.23,81.93000030517578,87.86000061035156,1353.2,0.0026963242314874,0.0017649911103927,-0.0001030577226304,0.0,0.0,0.0004583832379601,1657.61,1544.0414285714287,970.1757142857144,1643.6853333333331,1539.919666666667,970.076,0.0,0.0,0.0,0.0,1.0,1.0,0.0,0.0,israel_hamas_middle_east_conflict,international_geopolitics,2023-10-07,after
2024-04-09,1674.74,1552.18,970.06,81.93000030517578,87.86000061035156,1354.8,0.0030064921064609,0.0017425200712497,-0.0001752161858529,0.0,0.0,0.0011823825007388,1661.7199999999998,1545.7642857142855,970.1871428571428,1644.868,1540.3303333333336,970.0696666666666,2.0,2.0,4.0,5.0,0.0,0.0,0.0,0.0,israel_hamas_middle_east_conflict,international_geopolitics,2023-10-07,after
2024-04-10,1677.48,1553.7,970.12,81.93000030517578,87.86000061035156,1349.05,0.0016360748534101,0.0009792678684172,6.185184421592105e-05,0.0,0.0,-0.0042441688810156,1665.8314285714284,1547.6471428571426,970.19,1646.131,1540.7793333333332,970.064,3.0,3.0,3.6666666666666665,5.0,0.0,0.0,0.0,0.0,israel_hamas_middle_east_conflict,international_geopolitics,2023-10-07,after
2024-04-11,1679.08,1554.39,970.04,81.93000030517578,87.86000061035156,1364.19,0.0009538116698857,0.0004441011778335,-8.246402506906225e-05,0.0,0.0,0.0112227122790111,1669.5657142857142,1549.4428571428573,970.18,1647.4523333333334,1541.261,970.0623333333334,0.0,0.0,0.0,0.0,0.0,0.0,0.0,0.0,israel_hamas_middle_east_conflict,international_geopolitics,2023-10-07,after
2024-04-12,1682.28,1556.11,970.07,81.93000030517578,87.86000061035156,1374.74,0.0019058055601877,0.001106543402878,3.092655972958269e-05,0.0,0.0,0.0077335268547635,1673.0114285714285,1551.185714285714,970.1614285714286,1648.8953333333334,1541.8149999999998,970.057,2.0,2.0,4.5,7.0,0.0,0.0,0.0,0.0,israel_hamas_middle_east_conflict,international_geopolitics,2023-10-07,after
2024-04-13,1685.38,1557.37,970.09,81.93000030517578,87.86000061035156,1374.74,0.0018427372375586,0.0008097113957239,2.0617068871242598e-05,0.0,0.0,0.0,1676.2728571428572,1552.8542857142857,970.1342857142856,1650.458,1542.424,970.0526666666668,2.0,2.0,5.5,6.0,0.0,0.0,0.0,0.0,israel_hamas_middle_east_conflict,international_geopolitics,2023-10-07,after
2024-04-14,1687.39,1558.27,970.14,81.93000030517578,87.86000061035156,1374.74,0.0011926093818603,0.000577897352588,5.15416095412391e-05,0.0,0.0,0.0,1679.438571428571,1554.5,970.1071428571428,1652.0933333333332,1543.0716666666667,970.057,4.0,4.0,2.75,5.0,0.0,0.0,0.0,0.0,israel_hamas_middle_east_conflict,international_geopolitics,2023-10-07,after
2024-04-15,1691.52,1560.77,970.12,81.93000030517578,87.86000061035156,1383.63,0.0024475669525123,0.0016043432781225,-2.0615581256322457e-05,0.0,0.0,0.0064666773353507,1682.5528571428572,1556.112857142857,970.0914285714284,1653.88,1543.8173333333334,970.0613333333332,14.0,14.0,2.2857142857142856,9.0,0.0,0.0,0.0,0.0,israel_hamas_middle_east_conflict,international_geopolitics,2023-10-07,after
2024-04-16,1695.55,1562.85,969.98,81.93000030517578,87.86000061035156,1393.92,0.0023824725690502,0.001332675538356,-0.0001443120438708,0.0,0.0,0.0074369593027037,1685.5257142857142,1557.6371428571426,970.08,1655.8023333333335,1544.6426666666666,970.0596666666668,6.0,6.0,5.666666666666667,11.0,1.0,1.0,-3.0,-3.0,israel_hamas_middle_east_conflict,international_geopolitics,2023-10-07,after
2024-04-17,1699.1,1564.39,970.08,81.93000030517578,87.86000061035156,1385.88,0.0020937159033942,0.0009853792750424,0.0001030949091733,0.0,0.0,-0.0057679063360881,1688.614285714286,1559.1642857142858,970.0742857142858,1657.8316666666667,1545.5023333333334,970.0616666666668,4.0,4.0,5.25,10.0,2.0,2.0,0.0,0.0,israel_hamas_middle_east_conflict,international_geopolitics,2023-10-07,after
2024-04-18,1701.69,1565.48,969.97,81.93000030517578,87.86000061035156,1373.42,0.0015243364133954,0.0006967572024878,-0.0001133927098796,0.0,0.0,-0.0089906774035269,1691.8442857142857,1560.7485714285715,970.0642857142858,1659.962,1546.4206666666664,970.0636666666668,6.0,6.0,4.333333333333333,10.0,0.0,0.0,0.0,0.0,israel_hamas_middle_east_conflict,international_geopolitics,2023-10-07,after
2024-04-19,1704.14,1566.31,969.96,81.93000030517578,87.86000061035156,1376.72,0.0014397451944831,0.0005301888238751,-1.0309597204050114e-05,0.0,0.0,0.0024027609908112,1694.967142857143,1562.2057142857143,970.0485714285714,1662.165,1547.361,970.0636666666668,5.0,5.0,4.2,8.0,0.0,0.0,0.0,0.0,israel_hamas_middle_east_conflict,international_geopolitics,2023-10-07,after
2024-04-20,1705.67,1566.46,969.96,81.93000030517578,87.86000061035156,1376.72,0.0008978135599186,9.576648300790858e-05,0.0,0.0,0.0,0.0,1697.865714285714,1563.5042857142855,970.03,1664.4103333333337,1548.304666666667,970.061,2.0,2.0,6.0,7.0,0.0,0.0,0.0,0.0,israel_hamas_middle_east_conflict,international_geopolitics,2023-10-07,after
2024-04-21,1706.47,1566.61,970.0,81.93000030517578,87.86000061035156,1376.72,0.0004690239026305,9.575731266675548e-05,4.123881397166684e-05,0.0,0.0,0.0,1700.5914285714284,1564.695714285714,970.01,1666.6706666666666,1549.2483333333334,970.0606666666666,3.0,3.0,10.0,14.0,0.0,0.0,0.0,0.0,israel_hamas_middle_east_conflict,international_geopolitics,2023-10-07,after
2024-04-22,1707.25,1566.71,970.01,81.93000030517578,87.86000061035156,1381.84,0.0004570839217801,6.383209605465012e-05,1.0309278350550954e-05,0.0,0.0,0.0037189842524258,1702.8385714285712,1565.544285714286,969.994285714286,1668.9646666666667,1550.213,970.064,5.0,5.0,4.0,5.0,0.0,0.0,0.0,0.0,israel_hamas_middle_east_conflict,international_geopolitics,2023-10-07,after
2024-04-23,1708.08,1566.58,969.88,81.93000030517578,87.86000061035156,1379.27,0.0004861619563625,-8.297642831167629e-05,-0.000134019236915,0.0,0.0,-0.0018598390551727,1704.6285714285714,1566.077142857143,969.98,1671.2853333333333,1551.179,970.0626666666668,1.0,1.0,6.0,6.0,0.0,0.0,0.0,0.0,israel_hamas_middle_east_conflict,international_geopolitics,2023-10-07,after
2024-04-24,1709.56,1566.85,970.11,81.93000030517578,87.86000061035156,1369.86,0.0008664699545688,0.0001723499597849,0.0002371427393079,0.0,0.0,-0.0068224495566495,1706.1228571428571,1566.428571428571,969.9842857142858,1673.638333333333,1552.132,970.0663333333334,2.0,2.0,3.5,5.0,0.0,0.0,0.0,0.0,israel_hamas_middle_east_conflict,international_geopolitics,2023-10-07,after
2024-04-25,1710.47,1566.9,969.88,81.93000030517578,87.86000061035156,1369.86,0.0005323007089543,3.191115933254274e-05,-0.0002370865159621,0.0,0.0,0.0,1707.377142857143,1566.6314285714286,969.9714285714286,1676.0016666666666,1553.0866666666668,970.0636666666668,3.0,3.0,7.0,8.0,0.0,0.0,0.0,0.0,israel_hamas_middle_east_conflict,international_geopolitics,2023-10-07,after
2024-04-26,1711.28,1566.87,969.87,81.93000030517578,87.86000061035156,1375.1,0.000473554052395,-1.9146084625831783e-05,-1.0310553882897366e-05,0.0,0.0,0.0038252084154584,1708.3971428571426,1566.7114285714283,969.9585714285714,1678.3753333333334,1554.034666666667,970.0526666666668,0.0,0.0,0.0,0.0,0.0,0.0,0.0,0.0,israel_hamas_middle_east_conflict,international_geopolitics,2023-10-07,after
2024-04-27,1711.59,1566.52,970.07,81.93000030517578,87.86000061035156,1375.1,0.0001811509513347,-0.0002233752640614,0.0002062132038314,0.0,0.0,0.0,1709.242857142857,1566.72,969.9742857142857,1680.7469999999998,1554.976,970.0503333333334,0.0,0.0,0.0,0.0,0.0,0.0,0.0,0.0,israel_hamas_middle_east_conflict,international_geopolitics,2023-10-07,after
2024-04-28,1711.94,1566.42,970.01,81.93000030517578,87.86000061035156,1375.1,0.0002044882243996,-6.3835763348008e-05,-6.185120661406085e-05,0.0,0.0,0.0,1710.0242857142855,1566.6928571428573,969.9757142857144,1683.1090000000002,1555.9083333333333,970.0526666666666,0.0,0.0,0.0,0.0,0.0,0.0,0.0,0.0,israel_hamas_middle_east_conflict,international_geopolitics,2023-10-07,after
2024-04-29,1712.73,1566.79,970.2,81.93000030517578,87.86000061035156,1377.35,0.0004614647709615,0.0002362074028676,0.0001958742693375,0.0,0.0,0.0016362446367537,1710.8071428571427,1566.7042857142856,970.0028571428572,1685.4616666666666,1556.8446666666669,970.0626666666668,1.0,1.0,3.0,3.0,1.0,1.0,0.0,0.0,israel_hamas_middle_east_conflict,international_geopolitics,2023-10-07,after
2024-04-30,1712.97,1566.61,969.99,81.93000030517578,87.86000061035156,1381.92,0.0001401271654026,-0.0001148845729166,-0.0002164502164502,0.0,0.0,0.0033179656586925,1711.5057142857145,1566.7085714285713,970.0185714285716,1687.8016666666665,1557.7696666666668,970.0643333333334,1.0,1.0,-3.0,-3.0,0.0,0.0,0.0,0.0,israel_hamas_middle_east_conflict,international_geopolitics,2023-10-07,after
2024-05-01,1713.47,1565.91,970.04,76.98999786376953,81.62000274658203,1375.6199951171875,0.0002918906927733,-0.0004468246723816,5.154692316411413e-05,-0.0602954036739357,-0.071022055775337,-0.0045588781425933,1712.0642857142857,1566.5742857142857,970.0085714285714,1690.1033333333332,1558.6446666666666,970.0626666666668,0.0,0.0,0.0,0.0,0.0,0.0,0.0,0.0,israel_hamas_middle_east_conflict,international_geopolitics,2023-10-07,after
2024-05-02,1713.56,1565.53,969.92,76.98999786376953,81.62000274658203,1375.39,5.25249931424554e-05,-0.0002426703961275,-0.0001237062389179,0.0,0.0,-0.0001671937875312,1712.5057142857142,1566.3785714285714,970.0142857142856,1692.3563333333332,1559.4916666666666,970.0606666666666,1.0,1.0,4.0,4.0,0.0,0.0,0.0,0.0,israel_hamas_middle_east_conflict,international_geopolitics,2023-10-07,after
2024-05-03,1713.39,1564.75,970.26,76.98999786376953,81.62000274658203,1363.04,-9.920866500146008e-05,-0.0004982338249666,0.0003505443747937,0.0,0.0,-0.008979271333949,1712.8071428571427,1566.0757142857144,970.07,1694.5126666666663,1560.2993333333332,970.066,1.0,1.0,4.0,4.0,1.0,1.0,-9.0,-9.0,israel_hamas_middle_east_conflict,international_geopolitics,2023-10-07,after
2024-05-04,1712.67,1563.41,970.31,76.98999786376953,81.62000274658203,1363.04,-0.0004202195647226,-0.0008563668317621,5.153257889634055e-05,0.0,0.0,0.0,1712.9614285714288,1565.6314285714286,970.1042857142857,1696.5036666666667,1561.019,970.0726666666668,0.0,0.0,0.0,0.0,0.0,0.0,0.0,0.0,israel_hamas_middle_east_conflict,international_geopolitics,2023-10-07,after
2024-05-05,1712.64,1562.77,970.44,76.98999786376953,81.62000274658203,1363.04,-1.751650931003379e-05,-0.0004093615878113,0.000133977800909,0.0,0.0,0.0,1713.061428571429,1565.11,970.1657142857142,1698.3196666666668,1561.6476666666667,970.0806666666666,0.0,0.0,0.0,0.0,0.0,0.0,0.0,0.0,israel_hamas_middle_east_conflict,international_geopolitics,2023-10-07,after
2024-05-06,1712.71,1562.47,970.49,76.98999786376953,81.62000274658203,1358.81,4.087257100149344e-05,-0.000191966828132,5.152302048561097e-05,0.0,0.0,-0.0031033572015495,1713.0585714285717,1564.4928571428572,970.2071428571428,1699.9916666666666,1562.207,970.0876666666668,1.0,1.0,5.0,5.0,0.0,0.0,0.0,0.0,israel_hamas_middle_east_conflict,international_geopolitics,2023-10-07,after
2024-05-07,1712.2,1561.64,970.34,76.98999786376953,81.62000274658203,1359.45,-0.0002977737036625,-0.0005312101992357,-0.000154561098002,0.0,0.0,0.0004710003606096,1712.9485714285713,1563.782857142857,970.2571428571428,1701.5573333333334,1562.7033333333334,970.088,0.0,0.0,0.0,0.0,0.0,0.0,0.0,0.0,israel_hamas_middle_east_conflict,international_geopolitics,2023-10-07,after
2024-05-08,1711.12,1559.69,969.89,76.98999786376953,81.62000274658203,1359.45,-0.0006307674337111,-0.0012486872774775,-0.0004637549724839,0.0,0.0,0.0,1712.6128571428574,1562.8942857142858,970.2357142857144,1702.9373333333335,1563.0436666666667,970.0766666666666,0.0,0.0,0.0,0.0,0.0,0.0,0.0,0.0,israel_hamas_middle_east_conflict,international_geopolitics,2023-10-07,after
2024-05-09,1709.94,1557.31,969.91,76.98999786376953,81.62000274658203,1369.74,-0.0006896068072372,-0.0015259442581538,2.062089515297849e-05,0.0,0.0,0.007569237559307,1712.0957142857146,1561.7199999999998,970.2342857142858,1704.1106666666667,1563.2146666666663,970.0716666666666,0.0,0.0,0.0,0.0,1.0,1.0,0.0,0.0,israel_hamas_middle_east_conflict,international_geopolitics,2023-10-07,after
2024-05-10,1708.38,1555.02,969.9,76.98999786376953,81.62000274658203,1367.77,-0.0009123127127267,-0.0014704843608529,-1.031023497022332e-05,0.0,0.0,-0.0014382291529779,1711.38,1560.33,970.1828571428572,1705.140666666667,1563.2586666666668,970.0643333333334,1.0,1.0,1.0,1.0,0.0,0.0,0.0,0.0,israel_hamas_middle_east_conflict,international_geopolitics,2023-10-07,after
2024-05-11,1706.8,1552.59,969.88,76.98999786376953,81.62000274658203,1367.77,-0.0009248527845093,-0.0015626808658409,-2.062068254460314e-05,0.0,0.0,0.0,1710.5414285714285,1558.7842857142855,970.1214285714284,1706.0646666666669,1563.198666666667,970.059,0.0,0.0,0.0,0.0,0.0,0.0,0.0,0.0,israel_hamas_middle_east_conflict,international_geopolitics,2023-10-07,after
2024-05-12,1706.13,1551.45,969.86,76.98999786376953,81.62000274658203,1367.77,-0.0003925474572298,-0.0007342569512878,-2.0621107765905755e-05,0.0,0.0,0.0,1709.6114285714286,1557.1671428571428,970.0385714285716,1706.8596666666667,1563.0433333333335,970.052,0.0,0.0,0.0,0.0,0.0,0.0,0.0,0.0,israel_hamas_middle_east_conflict,international_geopolitics,2023-10-07,after
2024-05-13,1704.93,1549.4,969.94,76.98999786376953,81.62000274658203,1367.91,-0.0007033461694009,-0.0013213445486479,8.248613201899957e-05,0.0,0.0,0.0001023563903288,1708.5,1555.3,969.96,1707.5113333333334,1562.7776666666664,970.047,0.0,0.0,0.0,0.0,0.0,0.0,0.0,0.0,israel_hamas_middle_east_conflict,international_geopolitics,2023-10-07,after
2024-05-14,1702.6,1546.05,969.79,76.98999786376953,81.62000274658203,1368.77,-0.0013666250227283,-0.0021621272750742,-0.0001546487411593,0.0,0.0,0.0006286963323609,1707.1285714285716,1553.0728571428572,969.8814285714286,1708.0183333333334,1562.3703333333333,970.0353333333333,1.0,1.0,8.0,8.0,0.0,0.0,0.0,0.0,israel_hamas_middle_east_conflict,international_geopolitics,2023-10-07,after
2024-05-15,1701.02,1543.62,969.83,76.98999786376953,81.62000274658203,1360.15,-0.0009279924820861,-0.0015717473561657,4.1246042957743256e-05,0.0,0.0,-0.0062976248748876,1705.685714285714,1550.777142857143,969.8728571428572,1708.335,1561.7986666666666,970.0256666666668,0.0,0.0,0.0,0.0,0.0,0.0,0.0,0.0,israel_hamas_middle_east_conflict,international_geopolitics,2023-10-07,after
2024-05-16,1699.61,1541.71,969.81,76.98999786376953,81.62000274658203,1345.15,-0.0008289144160562,-0.0012373511615552,-2.0622170896045237e-05,0.0,0.0,-0.0110281954196228,1704.2100000000005,1548.5485714285714,969.8585714285716,1708.4703333333332,1561.094,970.02,0.0,0.0,0.0,0.0,0.0,0.0,0.0,0.0,israel_hamas_middle_east_conflict,international_geopolitics,2023-10-07,after
2024-05-17,1697.68,1539.03,969.74,76.98999786376953,81.62000274658203,1354.83,-0.0011355546272379,-0.0017383295172244,-7.217908662515704e-05,0.0,0.0,0.0071962234695013,1702.6814285714286,1546.2642857142855,969.8357142857144,1708.4229999999998,1560.2486666666666,970.0086666666666,0.0,0.0,0.0,0.0,1.0,1.0,0.0,0.0,israel_hamas_middle_east_conflict,international_geopolitics,2023-10-07,after
2024-05-18,1695.33,1535.89,969.86,76.98999786376953,81.62000274658203,1354.83,-0.0013842420244098,-0.0020402461290551,0.0001237445088373,0.0,0.0,0.0,1701.0428571428572,1543.8785714285714,969.8328571428572,1708.211,1559.2623333333331,970.005,0.0,0.0,0.0,0.0,0.0,0.0,0.0,0.0,israel_hamas_middle_east_conflict,international_geopolitics,2023-10-07,after
2024-05-19,1694.71,1534.76,969.84,76.98999786376953,81.62000274658203,1354.83,-0.0003657105106379,-0.0007357297723145,-2.062153300474989e-05,0.0,0.0,0.0,1699.4114285714284,1541.4942857142855,969.83,1707.8966666666668,1558.2106666666666,970.001,0.0,0.0,0.0,0.0,0.0,0.0,0.0,0.0,israel_hamas_middle_east_conflict,international_geopolitics,2023-10-07,after
2024-05-20,1693.51,1532.88,969.97,76.98999786376953,81.62000274658203,1356.0,-0.0007080857491842,-0.0012249472230184,0.0001340427286975,0.0,0.0,0.0008635769801377,1697.78,1539.134285714286,969.8342857142858,1707.4913333333332,1557.0913333333333,970.0013333333334,1.0,1.0,2.0,2.0,0.0,0.0,0.0,0.0,israel_hamas_middle_east_conflict,international_geopolitics,2023-10-07,after
2024-05-21,1691.17,1529.5,969.64,76.98999786376953,81.62000274658203,1363.54,-0.0013817456052812,-0.0022049997390533,-0.0003402167077333,0.0,0.0,0.005560471976401,1696.1471428571429,1536.7700000000002,969.8128571428572,1706.9813333333332,1555.8543333333332,969.9893333333332,0.0,0.0,0.0,0.0,0.0,0.0,0.0,0.0,israel_hamas_middle_east_conflict,international_geopolitics,2023-10-07,after
2024-05-22,1688.97,1526.39,969.86,76.98999786376953,81.62000274658203,1362.36,-0.0013008745424765,-0.0020333442301404,0.0002268883296894,0.0,0.0,-0.0008653944878771,1694.4257142857143,1534.3085714285714,969.8171428571428,1706.3719999999998,1554.5103333333332,969.9843333333334,0.0,0.0,0.0,0.0,0.0,0.0,0.0,0.0,israel_hamas_middle_east_conflict,international_geopolitics,2023-10-07,after
2024-05-23,1686.59,1523.07,969.8,76.98999786376953,81.62000274658203,1362.38,-0.0014091428503762,-0.0021750666605521,-6.18645990143607e-05,0.0,0.0,1.468040752827804e-05,1692.5657142857142,1531.6457142857143,969.8157142857144,1705.6556666666668,1553.06,969.9816666666668,1.0,1.0,5.0,5.0,1.0,1.0,0.0,0.0,israel_hamas_middle_east_conflict,international_geopolitics,2023-10-07,after
2024-05-24,1684.41,1520.09,969.79,76.98999786376953,81.62000274658203,1369.02,-0.0012925488707983,-0.0019565745500863,-1.0311404413321236e-05,0.0,0.0,0.0048738237496146,1690.6699999999998,1528.94,969.8228571428572,1704.8173333333332,1551.5013333333334,969.971,0.0,0.0,0.0,0.0,0.0,0.0,0.0,0.0,israel_hamas_middle_east_conflict,international_geopolitics,2023-10-07,after
2024-05-25,1682.55,1517.61,969.86,76.98999786376953,81.62000274658203,1369.02,-0.0011042442160756,-0.00163148234644,7.218057517621723e-05,0.0,0.0,0.0,1688.8442857142857,1526.3285714285716,969.8228571428572,1703.8866666666668,1549.8583333333331,969.9703333333332,0.0,0.0,0.0,0.0,2.0,2.0,-1.0,-1.0,israel_hamas_middle_east_conflict,international_geopolitics,2023-10-07,after
2024-05-26,1681.77,1516.36,969.85,76.98999786376953,81.62000274658203,1369.02,-0.0004635820629401,-0.0008236635235666,-1.0310766502374946e-05,0.0,0.0,0.0,1686.9957142857145,1523.7,969.8242857142858,1702.9029999999998,1548.1746666666668,969.9696666666666,0.0,0.0,0.0,0.0,0.0,0.0,0.0,0.0,israel_hamas_middle_east_conflict,international_geopolitics,2023-10-07,after
2024-05-27,1680.48,1514.7,969.94,76.98999786376953,81.62000274658203,1369.02,-0.0007670490019443,-0.0010947268458676,9.279785533844452e-05,0.0,0.0,0.0,1685.134285714286,1521.1028571428571,969.82,1701.8660000000002,1546.4473333333333,969.9653333333332,0.0,0.0,0.0,0.0,0.0,0.0,0.0,0.0,israel_hamas_middle_east_conflict,international_geopolitics,2023-10-07,after
2024-05-28,1678.28,1511.65,969.79,76.98999786376953,81.62000274658203,1357.65,-0.0013091497667333,-0.0020136000528157,-0.0001546487411593,0.0,0.0,-0.0083052110268658,1683.292857142857,1518.552857142857,969.8414285714288,1700.744,1544.621666666667,969.958,0.0,0.0,0.0,0.0,2.0,2.0,0.0,0.0,israel_hamas_middle_east_conflict,international_geopolitics,2023-10-07,after
2024-05-29,1676.54,1509.36,969.96,76.98999786376953,81.62000274658203,1365.07,-0.0010367757465976,-0.0015149009360633,0.0001752956825704,0.0,0.0,0.0054653261149779,1681.5171428571427,1516.12,969.8557142857144,1699.5376666666668,1542.7073333333333,969.95,1.0,1.0,5.0,5.0,0.0,0.0,0.0,0.0,israel_hamas_middle_east_conflict,international_geopolitics,2023-10-07,after
2024-05-30,1675.12,1507.42,969.93,76.98999786376953,81.62000274658203,1365.07,-0.0008469824758132,-0.0012853129803359,-3.0929110478861155e-05,0.0,0.0,0.0,1679.8785714285716,1513.884285714286,969.8742857142856,1698.276,1540.734333333333,969.948,0.0,0.0,0.0,0.0,0.0,0.0,0.0,0.0,israel_hamas_middle_east_conflict,international_geopolitics,2023-10-07,after
2024-05-31,1673.58,1505.54,969.94,76.98999786376953,81.62000274658203,1385.43,-0.0009193371221165,-0.0012471640286052,1.03100223729502e-05,0.0,0.0,0.0149149860446717,1678.3314285714284,1511.8057142857142,969.8957142857142,1696.946333333333,1538.7220000000002,969.9446666666666,0.0,0.0,0.0,0.0,0.0,0.0,0.0,0.0,israel_hamas_middle_east_conflict,international_geopolitics,2023-10-07,after
2024-06-01,1671.21,1502.62,969.97,81.54000091552734,86.41000366210938,1380.280029296875,-0.0014161259097263,-0.0019395034339838,3.0929748231711685e-05,0.0590986255098857,0.05868660566454,-0.0037172363115604,1676.7114285714283,1509.6642857142856,969.9114285714286,1695.534666666667,1536.625,969.9463333333332,0.0,0.0,0.0,0.0,0.0,0.0,0.0,0.0,israel_hamas_middle_east_conflict,international_geopolitics,2023-10-07,after
2024-06-02,1670.58,1501.7,969.9,81.54000091552734,86.41000366210938,1380.280029296875,-0.0003769723733104,-0.0006122639123663,-7.21671804283508e-05,0.0,0.0,0.0,1675.112857142857,1507.57,969.9185714285712,1694.1076666666668,1534.5233333333335,969.9343333333333,0.0,0.0,0.0,0.0,0.0,0.0,0.0,0.0,israel_hamas_middle_east_conflict,international_geopolitics,2023-10-07,after
2024-06-03,1669.55,1500.45,969.79,81.54000091552734,86.41000366210938,1375.91,-0.0006165523351171,-0.0008323899580475,-0.0001134137539953,0.0,0.0,-0.0031660454430403,1673.5514285714285,1505.5342857142855,969.8971428571429,1692.6703333333332,1532.4246666666666,969.917,0.0,0.0,0.0,0.0,0.0,0.0,0.0,0.0,israel_hamas_middle_east_conflict,international_geopolitics,2023-10-07,after
2024-06-04,1667.38,1497.91,969.17,81.54000091552734,86.41000366210938,1375.96,-0.0012997514300259,-0.0016928254856876,-0.0006393136658452,0.0,0.0,3.63395861646687e-05,1671.9942857142855,1503.571428571429,969.8085714285714,1691.1616666666666,1530.2626666666667,969.8746666666666,1.0,1.0,3.0,3.0,0.0,0.0,0.0,0.0,israel_hamas_middle_east_conflict,international_geopolitics,2023-10-07,after
2024-06-05,1664.71,1495.01,969.53,81.54000091552734,86.41000366210938,1372.58,-0.0016013146373352,-0.0019360308696785,0.0003714518608706,0.0,0.0,-0.0024564667577546,1670.3042857142857,1501.5214285714285,969.7471428571428,1689.5616666666667,1528.014,969.8426666666668,0.0,0.0,0.0,0.0,0.0,0.0,0.0,0.0,israel_hamas_middle_east_conflict,international_geopolitics,2023-10-07,after
2024-06-06,1662.43,1492.49,969.43,81.54000091552734,86.41000366210938,1365.45,-0.0013696079196977,-0.0016856074541307,-0.0001031427598939,0.0,0.0,-0.0051945970362382,1668.4914285714283,1499.3885714285714,969.6757142857142,1687.9026666666666,1525.709,969.8123333333332,0.0,0.0,0.0,0.0,0.0,0.0,0.0,0.0,israel_hamas_middle_east_conflict,international_geopolitics,2023-10-07,after
2024-06-07,1660.88,1490.85,969.47,81.54000091552734,86.41000366210938,1366.38,-0.0009323700847554,-0.0010988348330642,4.1261359768229866e-05,0.0,0.0,0.0006810941447874,1666.677142857143,1497.2900000000002,969.6085714285716,1686.2279999999998,1523.4143333333334,969.7983333333334,0.0,0.0,0.0,0.0,2.0,2.0,0.0,0.0,israel_hamas_middle_east_conflict,international_geopolitics,2023-10-07,after
2024-06-08,1658.98,1488.7,969.43,81.54000091552734,86.41000366210938,1366.38,-0.0011439718703338,-0.001442130328336,-4.125965733858816e-05,0.0,0.0,0.0,1664.93,1495.3014285714287,969.5314285714284,1684.5293333333332,1521.1273333333334,969.7823333333332,0.0,0.0,0.0,0.0,0.0,0.0,0.0,0.0,israel_hamas_middle_east_conflict,international_geopolitics,2023-10-07,after
2024-06-09,1658.24,1487.65,969.49,81.54000091552734,86.41000366210938,1366.38,-0.0004460572158796,-0.0007053133606501,6.189203965223378e-05,0.0,0.0,0.0,1663.1671428571428,1493.294285714286,969.4728571428572,1682.858,1518.881666666667,969.7686666666666,0.0,0.0,0.0,0.0,0.0,0.0,0.0,0.0,israel_hamas_middle_east_conflict,international_geopolitics,2023-10-07,after
2024-06-10,1657.02,1486.14,969.67,81.54000091552734,86.41000366210938,1375.71,-0.0007357197993053,-0.0010150236950895,0.000185664627794,0.0,0.0,0.0068282615377859,1661.377142857143,1491.25,969.4557142857144,1681.198666666667,1516.6666666666667,969.7616666666668,0.0,0.0,0.0,0.0,0.0,0.0,0.0,0.0,israel_hamas_middle_east_conflict,international_geopolitics,2023-10-07,after
2024-06-11,1654.69,1483.48,969.46,81.54000091552734,86.41000366210938,1375.71,-0.0014061387309748,-0.0017898717482875,-0.0002165685233119,0.0,0.0,0.0,1659.564285714286,1489.188571428571,969.4971428571428,1679.484,1514.401,969.7483333333332,0.0,0.0,0.0,0.0,1.0,1.0,0.0,0.0,israel_hamas_middle_east_conflict,international_geopolitics,2023-10-07,after
2024-06-12,1652.63,1481.37,969.6,81.54000091552734,86.41000366210938,1378.01,-0.0012449461832729,-0.0014223312751099,0.0001444102902645,0.0,0.0,0.0016718639829615,1657.8385714285716,1487.24,969.5071428571428,1677.7406666666668,1512.1333333333334,969.737,2.0,2.0,1.5,3.0,0.0,0.0,0.0,0.0,israel_hamas_middle_east_conflict,international_geopolitics,2023-10-07,after
2024-06-13,1651.2,1480.16,969.58,81.54000091552734,86.41000366210938,1376.11,-0.0008652874509116,-0.0008168114650626,-2.0627062706224383e-05,0.0,0.0,-0.0013787998635714,1656.234285714286,1485.4785714285715,969.5285714285714,1676.0273333333332,1509.937,969.73,0.0,0.0,0.0,0.0,0.0,0.0,0.0,0.0,israel_hamas_middle_east_conflict,international_geopolitics,2023-10-07,after
2024-06-14,1649.93,1479.12,969.6,81.54000091552734,86.41000366210938,1378.96,-0.0007691375968992,-0.0007026267430548,2.0627488190649856e-05,0.0,0.0,0.0020710553662135,1654.67,1483.802857142857,969.5471428571428,1674.3243333333332,1507.787,969.7223333333332,0.0,0.0,0.0,0.0,0.0,0.0,0.0,0.0,israel_hamas_middle_east_conflict,international_geopolitics,2023-10-07,after
2024-06-15,1649.44,1478.58,969.63,81.54000091552734,86.41000366210938,1378.96,-0.0002969822962186,-0.0003650819406133,3.094059405928107e-05,0.0,0.0,0.0,1653.3071428571427,1482.357142857143,969.5757142857144,1672.6520000000005,1505.6826666666666,969.7163333333332,0.0,0.0,0.0,0.0,0.0,0.0,0.0,0.0,israel_hamas_middle_east_conflict,international_geopolitics,2023-10-07,after
2024-06-16,1649.11,1478.02,969.46,81.54000091552734,86.41000366210938,1378.96,-0.0002000679018334,-0.0003787417657481,-0.0001753246083556,0.0,0.0,0.0,1652.0028571428572,1480.9814285714283,969.5714285714286,1671.033,1503.649,969.707,1.0,1.0,5.0,5.0,0.0,0.0,0.0,0.0,israel_hamas_middle_east_conflict,international_geopolitics,2023-10-07,after
2024-06-17,1648.75,1477.93,969.5,81.54000091552734,86.41000366210938,1380.5,-0.0002182995676455,-6.089227479999515e-05,4.126008293270367e-05,0.0,0.0,0.0011167836630503,1650.821428571429,1479.8085714285714,969.5471428571428,1669.4803333333334,1501.717,969.695,0.0,0.0,0.0,0.0,0.0,0.0,0.0,0.0,israel_hamas_middle_east_conflict,international_geopolitics,2023-10-07,after
2024-06-18,1648.3,1477.68,969.38,81.54000091552734,86.41000366210938,1380.88,-0.00027293404094,-0.0001691555080416,-0.0001237751418257,0.0,0.0,0.0002752625860196,1649.9085714285711,1478.98,969.5357142857144,1667.9333333333334,1499.8143333333333,969.6796666666668,1.0,1.0,0.0,0.0,1.0,1.0,0.0,0.0,israel_hamas_middle_east_conflict,international_geopolitics,2023-10-07,after
2024-06-19,1648.55,1478.0,969.55,81.54000091552734,86.41000366210938,1380.88,0.0001516714190377,0.0002165556818796,0.0001753698240112,0.0,0.0,0.0,1649.3257142857144,1478.4985714285715,969.5285714285716,1666.4346666666668,1497.985,969.6656666666664,0.0,0.0,0.0,0.0,0.0,0.0,0.0,0.0,israel_hamas_middle_east_conflict,international_geopolitics,2023-10-07,after
2024-06-20,1648.89,1478.52,969.49,81.54000091552734,86.41000366210938,1384.38,0.0002062418488975,0.0003518267929634,-6.188437935117364e-05,0.0,0.0,0.0025346156074388,1648.9957142857145,1478.2642857142855,969.5157142857144,1665.0253333333335,1496.2856666666669,969.6606666666668,2.0,2.0,3.5,7.0,0.0,0.0,0.0,0.0,israel_hamas_middle_east_conflict,international_geopolitics,2023-10-07,after
2024-06-21,1649.48,1479.38,969.56,81.54000091552734,86.41000366210938,1388.17,0.000357816470474,0.000581662743825,7.220291080867192e-05,0.0,0.0,0.0027376876291191,1648.9314285714283,1478.3014285714285,969.51,1663.709,1494.7186666666669,969.6506666666668,0.0,0.0,0.0,0.0,1.0,1.0,-1.0,-1.0,israel_hamas_middle_east_conflict,international_geopolitics,2023-10-07,after
2024-06-22,1650.95,1480.94,969.5,81.54000091552734,86.41000366210938,1388.17,0.0008911899507724,0.0010544958022955,-6.188374107840566e-05,0.0,0.0,0.0,1649.1471428571429,1478.6385714285714,969.4914285714284,1662.521,1493.3143333333333,969.6406666666668,0.0,0.0,0.0,0.0,0.0,0.0,0.0,0.0,israel_hamas_middle_east_conflict,international_geopolitics,2023-10-07,after
2024-06-23,1651.44,1481.58,969.56,81.54000091552734,86.41000366210938,1388.17,0.0002967988128046,0.000432157953732,6.188757091285524e-05,0.0,0.0,0.0,1649.48,1479.1471428571429,969.5057142857142,1661.422,1492.0306666666663,969.633,0.0,0.0,0.0,0.0,0.0,0.0,0.0,0.0,israel_hamas_middle_east_conflict,international_geopolitics,2023-10-07,after
2024-06-24,1653.06,1483.55,969.48,81.54000091552734,86.41000366210938,1389.17,0.0009809620694665,0.0013296615775051,-8.251165477113354e-05,0.0,0.0,0.0007203728649949,1650.0957142857144,1479.95,969.5028571428572,1660.439,1490.8953333333334,969.6203333333332,0.0,0.0,0.0,0.0,0.0,0.0,0.0,0.0,israel_hamas_middle_east_conflict,international_geopolitics,2023-10-07,after
2024-06-25,1654.9,1486.02,969.36,81.54000091552734,86.41000366210938,1387.16,0.0011130872442621,0.0016649253479827,-0.0001237776952592,0.0,0.0,-0.0014469071459936,1651.0385714285717,1481.1414285714286,969.5,1659.5433333333335,1489.8839999999998,969.604,0.0,0.0,0.0,0.0,0.0,0.0,0.0,0.0,israel_hamas_middle_east_conflict,international_geopolitics,2023-10-07,after
2024-06-26,1657.26,1488.69,969.42,81.54000091552734,86.41000366210938,1388.65,0.0014260680403648,0.001796745669641,6.189650903687394e-05,0.0,0.0,0.0010741370858444,1652.282857142857,1482.6685714285716,969.4814285714286,1658.7693333333334,1489.017,969.5866666666668,1.0,1.0,2.0,2.0,0.0,0.0,0.0,0.0,israel_hamas_middle_east_conflict,international_geopolitics,2023-10-07,after
2024-06-27,1660.17,1491.92,969.32,81.54000091552734,86.41000366210938,1385.76,0.0017559103580608,0.0021696928171748,-0.0001031544634935,0.0,0.0,-0.002081157959169,1653.8942857142858,1484.5828571428572,969.4571428571428,1658.1656666666668,1488.359333333333,969.571,0.0,0.0,0.0,0.0,0.0,0.0,0.0,0.0,israel_hamas_middle_east_conflict,international_geopolitics,2023-10-07,after
2024-06-28,1663.14,1495.18,969.43,81.54000091552734,86.41000366210938,1376.55,0.0017889734183849,0.0021851037589146,0.000113481615978,0.0,0.0,-0.0066461724974021,1655.8457142857146,1486.84,969.4385714285714,1657.719,1487.8866666666663,969.5533333333334,1.0,1.0,3.0,3.0,0.0,0.0,0.0,0.0,israel_hamas_middle_east_conflict,international_geopolitics,2023-10-07,after
2024-06-29,1667.38,1499.6,969.57,81.54000091552734,86.41000366210938,1376.55,0.0025493945188017,0.0029561658128116,0.0001444147591884,0.0,0.0,0.0,1658.1928571428573,1489.5057142857145,969.4485714285714,1657.461,1487.626,969.5413333333332,0.0,0.0,0.0,0.0,2.0,2.0,2.0,4.0,israel_hamas_middle_east_conflict,international_geopolitics,2023-10-07,after
2024-06-30,1670.76,1502.88,969.6,81.54000091552734,86.41000366210938,1376.55,0.0020271323873382,0.0021872499333157,3.094155140925814e-05,0.0,0.0,0.0,1660.952857142857,1492.5485714285714,969.4542857142858,1657.367,1487.5373333333332,969.53,0.0,0.0,0.0,0.0,3.0,3.0,0.0,1.0,israel_hamas_middle_east_conflict,international_geopolitics,2023-10-07,after
2021-10-01,1648.21,1443.14,981.18,83.56999969482422,84.37999725341797,1174.3800048828125,0.0013487323738297,0.0015893396259154,0.0003976386382404,0.1138211522653496,0.0746306783097527,-0.0078736125007919,1644.9485714285715,1439.5685714285717,980.7857142857144,1642.9083333333333,1437.3659999999998,980.639,0.0,0.0,0.0,0.0,0.0,0.0,0.0,0.0,fuel_tax_cut_start,domestic_policy,2021-11-12,before
2021-10-02,1649.52,1444.57,981.15,83.56999969482422,84.37999725341797,1174.3800048828125,0.000794801633287,0.000990894854276,-3.0575429584733804e-05,0.0,0.0,0.0,1645.8228571428572,1440.5314285714287,980.8471428571428,1643.1263333333334,1437.6,980.6803333333334,0.0,0.0,0.0,0.0,0.0,0.0,0.0,0.0,fuel_tax_cut_start,domestic_policy,2021-11-12,before
2021-10-03,1650.24,1445.08,981.19,83.56999969482422,84.37999725341797,1174.3800048828125,0.0004364906154517,0.0003530462352119,4.07684859604629e-05,0.0,0.0,0.0,1646.7785714285717,1441.56,980.9157142857142,1643.378333333333,1437.86,980.7096666666664,0.0,0.0,0.0,0.0,0.0,0.0,0.0,0.0,fuel_tax_cut_start,domestic_policy,2021-11-12,before
2021-10-04,1651.18,1446.28,981.28,83.56999969482422,84.37999725341797,1182.4,0.0005696141167346,0.0008304038530739,9.172535390700176e-05,0.0,0.0,0.0068291311873858,1647.814285714286,1442.672857142857,981.0071428571428,1643.6683333333335,1438.1709999999998,980.7313333333334,1.0,1.0,2.0,2.0,0.0,0.0,0.0,0.0,fuel_tax_cut_start,domestic_policy,2021-11-12,before
2021-10-05,1652.92,1448.18,981.21,83.56999969482422,84.37999725341797,1188.31,0.001053791833719,0.0013137151865476,-7.133539866288618e-05,0.0,0.0,0.0049983085250338,1649.0257142857142,1443.9799999999998,981.0814285714284,1644.0159999999998,1438.5503333333334,980.7523333333334,0.0,0.0,0.0,0.0,0.0,0.0,0.0,0.0,fuel_tax_cut_start,domestic_policy,2021-11-12,before
2021-10-06,1656.81,1452.28,981.23,83.56999969482422,84.37999725341797,1192.6,0.0023534109333784,0.0028311397754421,2.0382996504197948e-05,0.0,0.0,0.003610169063628,1650.6957142857143,1445.7685714285712,981.1471428571429,1644.495,1439.0626666666665,980.7696666666668,0.0,0.0,0.0,0.0,1.0,1.0,1.0,1.0,fuel_tax_cut_start,domestic_policy,2021-11-12,before
2021-10-07,1661.16,1456.8,981.27,83.56999969482422,84.37999725341797,1190.76,0.0026255273688595,0.003112347481202,4.0765162092393226e-05,0.0,0.0,-0.0015428475599529,1652.8628571428574,1448.047142857143,981.2157142857142,1645.1253333333334,1439.732,980.7926666666666,0.0,0.0,0.0,0.0,1.0,1.0,0.0,0.0,fuel_tax_cut_start,domestic_policy,2021-11-12,before
2021-10-08,1667.13,1462.87,981.17,83.56999969482422,84.37999725341797,1194.58,0.0035938741602254,0.0041666666666666,-0.0001019087509044,0.0,0.0,0.0032080352044072,1655.5657142857142,1450.865714285714,981.2142857142856,1645.9599999999998,1440.6103333333335,980.8083333333332,0.0,0.0,0.0,0.0,0.0,0.0,0.0,0.0,fuel_tax_cut_start,domestic_policy,2021-11-12,before
2021-10-09,1673.01,1468.94,981.24,83.56999969482422,84.37999725341797,1194.58,0.0035270194885821,0.0041493775933612,7.134339614944807e-05,0.0,0.0,0.0,1658.9214285714284,1454.347142857143,981.2271428571428,1646.9926666666663,1441.695333333333,980.8266666666666,0.0,0.0,0.0,0.0,0.0,0.0,0.0,0.0,fuel_tax_cut_start,domestic_policy,2021-11-12,before
2021-10-10,1676.42,1472.26,981.21,83.56999969482422,84.37999725341797,1194.58,0.0020382424492382,0.0022601331572424,-3.057355998525857e-05,0.0,0.0,0.0,1662.6614285714284,1458.2299999999998,981.23,1648.1409999999998,1442.891,980.8526666666666,0.0,0.0,0.0,0.0,0.0,0.0,0.0,0.0,fuel_tax_cut_start,domestic_policy,2021-11-12,before
2021-10-11,1680.13,1476.01,981.13,83.56999969482422,84.37999725341797,1194.58,0.0022130492358716,0.0025471044516593,-8.15319860173469e-05,0.0,0.0,0.0,1666.797142857143,1462.4771428571428,981.2085714285714,1649.4200000000003,1444.2183333333337,980.8716666666668,1.0,1.0,0.0,0.0,0.0,0.0,0.0,0.0,fuel_tax_cut_start,domestic_policy,2021-11-12,before
2021-10-12,1685.07,1481.2,981.21,83.56999969482422,84.37999725341797,1198.72,0.0029402486712337,0.0035162363398622,8.15386340240476e-05,0.0,0.0,0.0034656532002881,1671.39,1467.1942857142858,981.2085714285714,1650.8626666666669,1445.7246666666665,980.8936666666668,0.0,0.0,0.0,0.0,0.0,0.0,0.0,0.0,fuel_tax_cut_start,domestic_policy,2021-11-12,before
2021-10-13,1693.57,1490.26,981.24,83.56999969482422,84.37999725341797,1193.89,0.0050443008302325,0.0061166621658115,3.0574494756407944e-05,0.0,0.0,-0.0040292979177789,1676.6414285714286,1472.62,981.21,1652.5856666666666,1447.524,980.914,1.0,1.0,0.0,0.0,0.0,0.0,0.0,0.0,fuel_tax_cut_start,domestic_policy,2021-11-12,before
2021-10-14,1700.95,1498.15,981.2,83.56999969482422,84.37999725341797,1186.3,0.0043576586736893,0.0052943781621999,-4.076474664704843e-05,0.0,0.0,-0.0063573696069153,1682.3257142857144,1478.527142857143,981.2,1654.558,1449.59,980.9356666666666,1.0,1.0,2.0,2.0,0.0,0.0,0.0,0.0,fuel_tax_cut_start,domestic_policy,2021-11-12,before
2021-10-15,1709.17,1506.65,981.26,83.56999969482422,84.37999725341797,1182.34,0.0048325935506627,0.0056736641858292,6.114961271896924e-05,0.0,0.0,-0.0033381100901964,1688.331428571429,1484.7814285714285,981.2128571428572,1656.804,1451.936666666667,980.9563333333334,0.0,0.0,0.0,0.0,0.0,0.0,0.0,0.0,fuel_tax_cut_start,domestic_policy,2021-11-12,before
2021-10-16,1716.93,1514.39,981.31,83.56999969482422,84.37999725341797,1182.34,0.004540215426201,0.0051372249693026,5.095489472717318e-05,0.0,0.0,0.0,1694.6057142857146,1491.2742857142855,981.222857142857,1659.3073333333334,1454.5400000000002,980.9796666666668,0.0,0.0,0.0,0.0,0.0,0.0,0.0,0.0,fuel_tax_cut_start,domestic_policy,2021-11-12,before
2021-10-17,1720.83,1518.34,981.2,83.56999969482422,84.37999725341797,1182.34,0.0022714962170851,0.0026083109370769,-0.0001120950566079,0.0,0.0,0.0,1700.9500000000005,1497.857142857143,981.2214285714286,1661.9326666666666,1457.2673333333332,981.0003333333332,0.0,0.0,0.0,0.0,0.0,0.0,0.0,0.0,fuel_tax_cut_start,domestic_policy,2021-11-12,before
2021-10-18,1725.89,1523.77,981.31,83.56999969482422,84.37999725341797,1187.55,0.0029404415311216,0.0035762740888074,0.0001121076233183,0.0,0.0,0.0044065158922137,1707.4871428571428,1504.68,981.2471428571428,1664.7216666666668,1460.1706666666666,981.0216666666668,1.0,1.0,5.0,5.0,0.0,0.0,0.0,0.0,fuel_tax_cut_start,domestic_policy,2021-11-12,before
2021-10-19,1732.45,1530.43,981.38,83.56999969482422,84.37999725341797,1175.32,0.0038009374873253,0.0043707383660265,7.133321784147384e-05,0.0,0.0,-0.0102985137467895,1714.2557142857145,1511.712857142857,981.2714285714286,1667.724,1463.294666666667,981.0436666666668,1.0,1.0,4.0,4.0,1.0,1.0,0.0,0.0,fuel_tax_cut_start,domestic_policy,2021-11-12,before
2021-10-20,1739.15,1537.28,981.35,83.56999969482422,84.37999725341797,1175.05,0.0038673554792345,0.0044758662598092,-3.056919847554962e-05,0.0,0.0,-0.0002297246707279,1720.767142857143,1518.43,981.2871428571428,1670.9426666666666,1466.6413333333337,981.0646666666668,0.0,0.0,0.0,0.0,2.0,2.0,-4.0,-3.0,fuel_tax_cut_start,domestic_policy,2021-11-12,before
2021-10-21,1743.99,1542.25,981.3,83.56999969482422,84.37999725341797,1177.25,0.0027829686916021,0.003232982930891,-5.09502216334834e-05,0.0,0.0,0.0018722607548615,1726.9157142857143,1524.73,981.3014285714286,1674.3206666666667,1470.1523333333332,981.0833333333334,1.0,1.0,2.0,2.0,2.0,2.0,-2.5,0.0,fuel_tax_cut_start,domestic_policy,2021-11-12,before
2021-10-22,1748.7,1547.04,981.07,83.56999969482422,84.37999725341797,1176.85,0.00270070355908,0.0031058518398443,-0.0002343829613776,0.0,0.0,-0.0003397748991293,1732.5628571428572,1530.5,981.2742857142856,1677.861666666667,1473.8316666666667,981.0943333333332,0.0,0.0,0.0,0.0,0.0,0.0,0.0,0.0,fuel_tax_cut_start,domestic_policy,2021-11-12,before
2021-10-23,1753.22,1551.4,981.11,83.56999969482422,84.37999725341797,1176.85,0.0025847772631097,0.0028182852414935,4.077181037032141e-05,0.0,0.0,0.0,1737.7471428571428,1535.7871428571427,981.2457142857144,1681.5423333333335,1477.638,981.1063333333332,0.0,0.0,0.0,0.0,2.0,2.0,0.5,1.0,fuel_tax_cut_start,domestic_policy,2021-11-12,before
2021-10-24,1755.49,1553.43,981.13,83.56999969482422,84.37999725341797,1176.85,0.0012947604978268,0.0013084955524043,2.038507404877876e-05,0.0,0.0,0.0,1742.6985714285713,1540.7999999999995,981.2357142857144,1685.2856666666669,1481.4946666666665,981.1216666666668,0.0,0.0,0.0,0.0,3.0,3.0,0.0,0.0,fuel_tax_cut_start,domestic_policy,2021-11-12,before
2021-10-25,1758.42,1556.69,981.09,83.56999969482422,84.37999725341797,1167.59,0.0016690496670446,0.0020985818479106,-4.07693170120238e-05,0.0,0.0,-0.0078684624208692,1747.3457142857144,1545.5028571428572,981.2042857142858,1689.1196666666667,1485.4566666666665,981.134,0.0,0.0,0.0,0.0,1.0,1.0,0.0,0.0,fuel_tax_cut_start,domestic_policy,2021-11-12,before
2021-10-26,1762.66,1560.93,981.13,83.56999969482422,84.37999725341797,1167.58,0.0024112555589677,0.0027237279098599,4.077097921695305e-05,0.0,0.0,-8.564650262443685e-06,1751.6614285714284,1549.86,981.1685714285716,1693.09,1489.5583333333334,981.148,0.0,0.0,0.0,0.0,5.0,5.0,0.0,0.0,fuel_tax_cut_start,domestic_policy,2021-11-12,before
2021-10-27,1766.7,1564.79,981.2,83.56999969482422,84.37999725341797,1171.19,0.0022919905143363,0.0024728847546013,7.134630477101389e-05,0.0,0.0,0.0030918652255091,1755.597142857143,1553.7899999999995,981.147142857143,1697.1823333333334,1493.7683333333334,981.1666666666666,0.0,0.0,0.0,0.0,2.0,2.0,-1.5,0.0,fuel_tax_cut_start,domestic_policy,2021-11-12,before
2021-10-28,1770.89,1568.88,981.27,83.56999969482422,84.37999725341797,1167.34,0.0023716533650308,0.0026137692597729,7.134121483898248e-05,0.0,0.0,-0.0032872548433645,1759.44,1557.5942857142857,981.1428571428572,1701.3973333333336,1498.0966666666668,981.186,0.0,0.0,0.0,0.0,2.0,2.0,-1.0,1.0,fuel_tax_cut_start,domestic_policy,2021-11-12,before
2021-10-29,1774.44,1572.22,981.22,83.56999969482422,84.37999725341797,1174.94,0.0020046417338175,0.0021289072459333,-5.0954375452216816e-05,0.0,0.0,0.0065105282094335,1763.1171428571429,1561.1914285714286,981.1642857142858,1705.708,1502.512,981.201,1.0,1.0,2.0,2.0,0.0,0.0,0.0,0.0,fuel_tax_cut_start,domestic_policy,2021-11-12,before
2021-10-30,1778.82,1576.42,981.22,83.56999969482422,84.37999725341797,1174.94,0.0024683843916952,0.0026713818676775,0.0,0.0,0.0,0.0,1766.7742857142855,1564.765714285714,981.18,1710.1356666666666,1507.031,981.2153333333334,0.0,0.0,0.0,0.0,0.0,0.0,0.0,0.0,fuel_tax_cut_start,domestic_policy,2021-11-12,before
2021-10-31,1780.9,1578.31,981.36,83.56999969482422,84.37999725341797,1174.94,0.0011693144893807,0.0011989190697909,0.0001426795214121,0.0,0.0,0.0,1770.4042857142856,1568.3200000000002,981.2128571428572,1714.5586666666668,1511.5366666666669,981.2213333333334,0.0,0.0,0.0,0.0,0.0,0.0,0.0,0.0,fuel_tax_cut_start,domestic_policy,2021-11-12,before
2021-11-01,1784.53,1582.01,1069.22,66.18000030517578,70.56999969482422,1190.739990234375,0.0020382952439776,0.0023442796408816,0.0895288171517079,-0.2080890206192672,-0.1636643518382474,0.013447486879649,1774.134285714286,1571.937142857143,993.8028571428572,1719.059,1516.118,984.157,0.0,0.0,0.0,0.0,3.0,3.0,2.0,5.0,fuel_tax_cut_start,domestic_policy,2021-11-12,before
2021-11-02,1788.16,1585.36,1075.59,66.18000030517578,70.56999969482422,1177.04,0.0020341490476485,0.0021175593074631,0.0059576139615793,0.0,0.0,-0.0115054422852451,1777.777142857143,1575.4271428571428,1007.2971428571428,1723.6563333333334,1520.794,987.3036666666668,0.0,0.0,0.0,0.0,3.0,3.0,2.333333333333333,5.0,fuel_tax_cut_start,domestic_policy,2021-11-12,before
2021-11-03,1791.29,1588.34,1077.27,66.18000030517578,70.56999969482422,1184.56,0.0017504026485324,0.0018796992481202,0.0015619334504783,0.0,0.0,0.0063889077686398,1781.2900000000002,1578.7914285714287,1021.0214285714284,1728.3266666666668,1525.5293333333334,990.5033333333332,0.0,0.0,0.0,0.0,3.0,3.0,3.0,5.0,fuel_tax_cut_start,domestic_policy,2021-11-12,before
2021-11-04,1794.95,1591.63,1077.86,66.18000030517578,70.56999969482422,1186.77,0.0020432202490943,0.0020713449261493,0.0005476807114279,0.0,0.0,0.001865671641791,1784.7271428571428,1582.0414285714287,1034.82,1733.061,1530.311,993.725,0.0,0.0,0.0,0.0,6.0,6.0,3.6666666666666665,5.0,fuel_tax_cut_start,domestic_policy,2021-11-12,before
2021-11-05,1797.95,1594.42,1077.93,66.18000030517578,70.56999969482422,1183.28,0.0016713557480709,0.0017529199625541,6.49434991559783e-05,0.0,0.0,-0.0029407551589608,1788.0857142857144,1585.2128571428573,1048.6357142857144,1737.765666666667,1535.049,996.9483333333334,0.0,0.0,0.0,0.0,6.0,6.0,1.8333333333333333,5.0,fuel_tax_cut_start,domestic_policy,2021-11-12,before
2021-11-06,1801.25,1597.58,1078.08,66.18000030517578,70.56999969482422,1183.28,0.0018354236769653,0.0019819119178132,0.0001391556037959,0.0,0.0,0.0,1791.2900000000002,1588.2357142857145,1062.472857142857,1742.4353333333331,1539.7416666666666,1000.1753333333332,0.0,0.0,0.0,0.0,0.0,0.0,0.0,0.0,fuel_tax_cut_start,domestic_policy,2021-11-12,before
2021-11-07,1802.96,1598.84,1078.17,66.18000030517578,70.56999969482422,1183.28,0.0009493407356002,0.0007886928980083,8.348174532524233e-05,0.0,0.0,0.0,1794.4414285714286,1591.168571428571,1076.3028571428572,1746.9630000000002,1544.274,1003.4086666666668,0.0,0.0,0.0,0.0,5.0,5.0,2.6,5.0,fuel_tax_cut_start,domestic_policy,2021-11-12,before
2021-11-08,1805.18,1600.87,1078.24,66.18000030517578,70.56999969482422,1180.64,0.0012313085148867,0.0012696705111205,6.492482632602936e-05,0.0,0.0,-0.0022310864715028,1797.3914285714286,1593.862857142857,1077.5914285714284,1751.3686666666667,1548.6716666666666,1006.642,0.0,0.0,0.0,0.0,5.0,5.0,2.4,5.0,fuel_tax_cut_start,domestic_policy,2021-11-12,before
2021-11-09,1807.47,1602.98,1078.24,66.18000030517578,70.56999969482422,1178.64,0.0012685715551912,0.0013180333193827,0.0,0.0,0.0,-0.0016939964764873,1800.15,1596.38,1077.97,1755.737,1553.029,1009.8763333333334,1.0,1.0,2.0,2.0,2.0,2.0,3.5,5.0,fuel_tax_cut_start,domestic_policy,2021-11-12,before
2021-11-10,1809.12,1604.52,1078.27,66.18000030517578,70.56999969482422,1181.16,0.0009128782220451,0.0009607106763651,2.7823119157055487e-05,0.0,0.0,0.0021380574221137,1802.6971428571428,1598.6914285714286,1078.1128571428571,1760.0366666666666,1557.3126666666665,1013.1143333333332,0.0,0.0,0.0,0.0,0.0,0.0,0.0,0.0,fuel_tax_cut_start,domestic_policy,2021-11-12,before
2021-11-11,1810.16,1605.64,1078.3,66.18000030517578,70.56999969482422,1181.16,0.000574865127797,0.0006980280707002,2.78223450527193e-05,0.0,0.0,0.0,1804.87,1600.6928571428568,1078.1757142857143,1764.2063333333333,1561.4606666666666,1016.3506666666668,0.0,0.0,0.0,0.0,9.0,9.0,1.1111111111111112,6.0,fuel_tax_cut_start,domestic_policy,2021-11-12,before
2021-11-12,1767.74,1575.03,1047.87,66.18000030517578,70.56999969482422,1179.23,-0.0234343925398859,-0.0190640492264767,-0.0282203468422517,0.0,0.0,-0.0016339869281046,1800.5542857142857,1597.9228571428573,1073.8814285714286,1766.678666666667,1564.2863333333332,1018.5716666666666,0.0,0.0,0.0,0.0,2.0,2.0,2.0,5.0,fuel_tax_cut_start,domestic_policy,2021-11-12,after
2021-11-13,1751.17,1562.4,1043.87,66.18000030517578,70.56999969482422,1179.23,-0.0093735504089967,-0.0080188948781927,-0.0038172674091251,0.0,0.0,0.0,1793.4,1592.8971428571429,1068.9942857142858,1768.352666666667,1566.428,1020.6606666666668,0.0,0.0,0.0,0.0,0.0,0.0,0.0,0.0,fuel_tax_cut_start,domestic_policy,2021-11-12,after
2021-11-14,1742.5,1555.81,1043.0,66.18000030517578,70.56999969482422,1179.23,-0.0049509756334337,-0.0042178699436764,-0.0008334371138167,0.0,0.0,0.0,1784.7628571428572,1586.75,1063.97,1769.4636666666668,1568.0666666666666,1022.7186666666664,0.0,0.0,0.0,0.0,1.0,1.0,2.0,2.0,fuel_tax_cut_start,domestic_policy,2021-11-12,after
2021-11-15,1724.87,1542.16,1041.55,66.18000030517578,70.56999969482422,1181.61,-0.0101176470588235,-0.0087735648954563,-0.0013902205177372,0.0,0.0,0.0020182661567293,1773.2900000000002,1578.3628571428574,1058.7285714285713,1769.7283333333337,1568.9923333333331,1024.7266666666667,0.0,0.0,0.0,0.0,0.0,0.0,0.0,0.0,fuel_tax_cut_start,domestic_policy,2021-11-12,after
2021-11-16,1711.92,1531.96,1040.55,66.18000030517578,70.56999969482422,1183.3,-0.007507812182947,-0.0066140997043108,-0.0009601075320435,0.0,0.0,0.0014302519443809,1759.64,1568.217142857143,1053.3442857142857,1769.4313333333334,1569.446333333333,1026.7050000000002,0.0,0.0,0.0,0.0,0.0,0.0,0.0,0.0,fuel_tax_cut_start,domestic_policy,2021-11-12,after
2021-11-17,1704.62,1526.24,1040.07,66.18000030517578,70.56999969482422,1182.4,-0.0042642179541101,-0.003733778949842,-0.0004612945077122,0.0,0.0,-0.0007605848052056,1744.7114285714283,1557.0342857142855,1047.8871428571429,1768.7223333333336,1569.5286666666666,1028.6636666666666,0.0,0.0,0.0,0.0,1.0,1.0,-3.0,-3.0,fuel_tax_cut_start,domestic_policy,2021-11-12,after
2021-11-18,1699.1,1521.82,1039.59,66.18000030517578,70.56999969482422,1183.42,-0.0032382583801667,-0.0028960058706364,-0.0004615073985404,0.0,0.0,0.0008626522327468,1728.8457142857144,1545.06,1042.357142857143,1767.6106666666667,1569.2416666666666,1030.604,1.0,1.0,0.0,0.0,0.0,0.0,0.0,0.0,fuel_tax_cut_start,domestic_policy,2021-11-12,after
2021-11-19,1695.39,1518.74,1039.57,66.18000030517578,70.56999969482422,1184.93,-0.0021835089164851,-0.0020238924445729,-1.9238353581640943e-05,0.0,0.0,0.0012759628872252,1718.51,1537.0185714285712,1041.1714285714286,1766.1520000000005,1568.6236666666666,1032.544666666667,0.0,0.0,0.0,0.0,0.0,0.0,0.0,0.0,fuel_tax_cut_start,domestic_policy,2021-11-12,after
2021-11-20,1692.72,1516.5,1039.58,66.18000030517578,70.56999969482422,1184.93,-0.0015748588820272,-0.0014749068306623,9.619361851509469e-06,0.0,0.0,0.0,1710.16,1530.4614285714283,1040.5585714285714,1764.443,1567.7653333333333,1034.4873333333333,0.0,0.0,0.0,0.0,0.0,0.0,0.0,0.0,fuel_tax_cut_start,domestic_policy,2021-11-12,after
2021-11-21,1691.38,1515.15,1039.4,66.18000030517578,70.56999969482422,1184.93,-0.0007916253131055,-0.0008902077151334,-0.0001731468477652,0.0,0.0,0.0,1702.857142857143,1524.652857142857,1040.0442857142857,1762.532333333333,1566.7023333333334,1036.4316666666666,0.0,0.0,0.0,0.0,0.0,0.0,0.0,0.0,fuel_tax_cut_start,domestic_policy,2021-11-12,after
2021-11-22,1688.88,1513.22,1039.31,66.18000030517578,70.56999969482422,1185.33,-0.0014780829854911,-0.0012738012738012,-8.658841639419546e-05,0.0,0.0,0.0003375726836183,1697.7157142857145,1520.5185714285712,1039.7242857142858,1760.3876666666663,1565.429666666667,1038.371666666667,1.0,1.0,0.0,0.0,0.0,0.0,0.0,0.0,fuel_tax_cut_start,domestic_policy,2021-11-12,after
2021-11-23,1687.02,1511.62,1039.27,66.18000030517578,70.56999969482422,1190.31,-0.0011013215859031,-0.001057347907112,-3.8487073154236384e-05,0.0,0.0,0.0042013616461238,1694.1585714285716,1517.6128571428574,1039.5414285714285,1758.1053333333334,1564.036,1040.3096666666668,0.0,0.0,0.0,0.0,0.0,0.0,0.0,0.0,fuel_tax_cut_start,domestic_policy,2021-11-12,after
2021-11-24,1685.6,1510.35,1039.1,66.18000030517578,70.56999969482422,1186.01,-0.0008417209043165,-0.0008401582408277,-0.000163576356481,0.0,0.0,-0.003612504305601,1691.4414285714286,1515.3428571428572,1039.402857142857,1755.678,1562.4913333333332,1042.243333333333,1.0,1.0,0.0,0.0,1.0,1.0,5.0,5.0,fuel_tax_cut_start,domestic_policy,2021-11-12,after
2021-11-25,1684.46,1509.16,1039.07,66.18000030517578,70.56999969482422,1186.01,-0.0006763170384431,-0.000787896845102,-2.8871138485153654e-05,0.0,0.0,0.0,1689.35,1513.5342857142855,1039.3285714285714,1753.071333333333,1560.765666666667,1044.1746666666666,0.0,0.0,0.0,0.0,0.0,0.0,0.0,0.0,fuel_tax_cut_start,domestic_policy,2021-11-12,after
2021-11-26,1683.16,1508.23,1039.1,66.18000030517578,70.56999969482422,1194.43,-0.0007717606829488,-0.0006162368469877,2.88719720518138e-05,0.0,0.0,0.0070994342374854,1687.6028571428574,1512.0328571428574,1039.2614285714285,1750.2866666666669,1558.8803333333333,1046.1046666666666,1.0,1.0,-7.0,-7.0,0.0,0.0,0.0,0.0,fuel_tax_cut_start,domestic_policy,2021-11-12,after
2021-11-27,1681.57,1506.77,1038.9,66.18000030517578,70.56999969482422,1194.43,-0.0009446517265144,-0.0009680221186424,-0.0001924742565679,0.0,0.0,0.0,1686.01,1510.642857142857,1039.1642857142856,1747.3093333333334,1556.8100000000002,1048.025666666667,0.0,0.0,0.0,0.0,1.0,1.0,-3.0,-3.0,fuel_tax_cut_start,domestic_policy,2021-11-12,after
2021-11-28,1680.79,1505.83,1038.9,66.18000030517578,70.56999969482422,1194.43,-0.0004638522333295,-0.0006238510190673,0.0,0.0,0.0,0.0,1684.497142857143,1509.3114285714285,1039.0928571428572,1744.187666666667,1554.5970000000002,1049.9483333333333,0.0,0.0,0.0,0.0,0.0,0.0,0.0,0.0,fuel_tax_cut_start,domestic_policy,2021-11-12,after
2021-11-29,1679.52,1504.95,1039.02,66.18000030517578,70.56999969482422,1192.96,-0.0007555970704251,-0.0005843953168683,0.0001155067860236,0.0,0.0,-0.0012307125574542,1683.16,1508.13,1039.0514285714285,1740.8776666666668,1552.2146666666667,1051.875,0.0,0.0,0.0,0.0,1.0,1.0,0.0,0.0,fuel_tax_cut_start,domestic_policy,2021-11-12,after
2021-11-30,1678.25,1503.76,1038.97,66.18000030517578,70.56999969482422,1187.45,-0.0007561684290749,-0.0007907239443171,-4.812226906114603e-05,0.0,0.0,-0.0046187634120171,1681.9071428571426,1507.007142857143,1039.0085714285717,1737.456,1549.7296666666666,1053.7953333333332,0.0,0.0,0.0,0.0,0.0,0.0,0.0,0.0,fuel_tax_cut_start,domestic_policy,2021-11-12,after
2021-12-01,1675.88,1501.52,1083.78,75.20999908447266,77.77999877929688,1189.8900146484375,-0.0014121853120809,-0.0014895994041602,0.0431292530101927,0.136446037135945,0.1021680475506854,0.0020548356970293,1680.5185714285717,1505.7457142857145,1045.3914285714286,1733.8343333333332,1547.0466666666666,1054.2806666666663,1.0,1.0,3.0,3.0,0.0,0.0,0.0,0.0,fuel_tax_cut_start,domestic_policy,2021-11-12,after
2021-12-02,1673.98,1499.73,1086.39,75.20999908447266,77.77999877929688,1175.18,-0.0011337327254935,-0.0011921253130161,0.0024082378342469,0.0,0.0,-0.0123624994472986,1679.0214285714285,1504.3985714285716,1052.1514285714286,1730.0283333333332,1544.1923333333334,1054.640666666667,0.0,0.0,0.0,0.0,0.0,0.0,0.0,0.0,fuel_tax_cut_start,domestic_policy,2021-11-12,after
2021-12-03,1672.11,1497.83,1087.02,75.20999908447266,77.77999877929688,1179.84,-0.001117098173216,-0.0012668947077141,0.0005799022450501,0.0,0.0,0.0039653499889378,1677.4428571428573,1502.912857142857,1058.997142857143,1726.0556666666666,1541.1753333333331,1054.9656666666667,0.0,0.0,0.0,0.0,1.0,1.0,5.0,5.0,fuel_tax_cut_start,domestic_policy,2021-11-12,after
2021-12-04,1670.22,1495.88,1087.56,75.20999908447266,77.77999877929688,1179.84,-0.0011303084127239,-0.0013018833913059,0.0004967709885741,0.0,0.0,0.0,1675.821428571429,1501.357142857143,1065.9485714285715,1721.898,1537.9836666666667,1055.289,0.0,0.0,0.0,0.0,1.0,1.0,-3.0,-3.0,fuel_tax_cut_start,domestic_policy,2021-11-12,after
2021-12-05,1669.44,1494.93,1087.7,75.20999908447266,77.77999877929688,1179.84,-0.0004670043467327,-0.0006350776800277,0.0001287285299202,0.0,0.0,0.0,1674.2,1499.8,1072.9199999999998,1717.6143333333334,1534.6673333333335,1055.6146666666666,0.0,0.0,0.0,0.0,2.0,2.0,1.0,3.0,fuel_tax_cut_start,domestic_policy,2021-11-12,after
2021-12-06,1667.87,1493.43,1087.92,75.20999908447266,77.77999877929688,1182.29,-0.000940435115967,-0.0010033914631454,0.0002022616530292,0.0,0.0,0.0020765527529156,1672.5357142857142,1498.1542857142856,1079.9057142857143,1713.1683333333335,1531.1956666666667,1055.9426666666666,1.0,1.0,3.0,3.0,0.0,0.0,0.0,0.0,fuel_tax_cut_start,domestic_policy,2021-11-12,after
2021-12-07,1664.87,1489.98,1087.99,75.20999908447266,77.77999877929688,1179.24,-0.0017987013376342,-0.0023101183182339,6.434296639445947e-05,0.0,0.0,-0.0025797393194563,1670.624285714286,1496.185714285714,1086.9085714285711,1708.5653333333332,1527.5669999999998,1056.27,0.0,0.0,0.0,0.0,0.0,0.0,0.0,0.0,fuel_tax_cut_start,domestic_policy,2021-11-12,after
2021-12-08,1662.05,1486.87,1087.95,75.20999908447266,77.77999877929688,1175.19,-0.0016938259443679,-0.0020872763392798,-3.67650437963496e-05,0.0,0.0,-0.0034344153861809,1668.6485714285714,1494.0928571428572,1087.5042857142855,1703.794333333333,1523.767,1056.5936666666666,1.0,1.0,0.0,0.0,0.0,0.0,0.0,0.0,fuel_tax_cut_start,domestic_policy,2021-11-12,after
2021-12-09,1659.45,1483.64,1088.05,75.20999908447266,77.77999877929688,1173.59,-0.0015643332029722,-0.0021723486249637,9.191598878621754e-05,0.0,0.0,-0.0013614819731279,1666.5728571428572,1491.7942857142857,1087.7414285714283,1698.8603333333335,1519.789,1056.9206666666666,1.0,1.0,0.0,0.0,0.0,0.0,0.0,0.0,fuel_tax_cut_start,domestic_policy,2021-11-12,after
2021-12-10,1656.65,1480.84,1087.89,75.20999908447266,77.77999877929688,1180.99,-0.0016873060351321,-0.0018872502763475,-0.0001470520656218,0.0,0.0,0.006305438867066,1664.3642857142856,1489.3671428571429,1087.8657142857144,1693.778,1515.6663333333336,1057.2413333333332,0.0,0.0,0.0,0.0,1.0,1.0,0.0,0.0,fuel_tax_cut_start,domestic_policy,2021-11-12,after
2021-12-11,1654.4,1478.23,1087.97,75.20999908447266,77.77999877929688,1180.99,-0.0013581625569674,-0.0017625131682017,7.353684655608816e-05,0.0,0.0,0.0,1662.1042857142857,1486.8457142857144,1087.9242857142858,1688.5859999999998,1511.4193333333335,1057.563666666667,0.0,0.0,0.0,0.0,1.0,1.0,-5.0,-5.0,fuel_tax_cut_start,domestic_policy,2021-11-12,after
2021-12-12,1653.53,1477.06,1087.95,75.20999908447266,77.77999877929688,1180.99,-0.0005258704061896,-0.0007914871163486,-1.838285982147525e-05,0.0,0.0,0.0,1659.8314285714284,1484.2928571428572,1087.96,1684.7789999999998,1508.1536666666666,1058.8996666666667,0.0,0.0,0.0,0.0,0.0,0.0,0.0,0.0,fuel_tax_cut_start,domestic_policy,2021-11-12,after
2021-12-13,1651.59,1475.23,1087.94,75.20999908447266,77.77999877929688,1184.19,-0.0011732475370873,-0.0012389476392292,-9.191598878577343e-06,0.0,0.0,0.0027095911057672,1657.5057142857145,1481.6928571428573,1087.962857142857,1681.4596666666666,1505.248,1060.3686666666667,0.0,0.0,0.0,0.0,0.0,0.0,0.0,0.0,fuel_tax_cut_start,domestic_policy,2021-11-12,after
2021-12-14,1649.23,1472.46,1087.92,75.20999908447266,77.77999877929688,1182.7,-0.0014289260651856,-0.001877673311958,-1.838336672976837e-05,0.0,0.0,-0.0012582440317854,1655.2714285714285,1479.19,1087.952857142857,1678.3506666666667,1502.4696666666666,1061.866,0.0,0.0,0.0,0.0,0.0,0.0,0.0,0.0,fuel_tax_cut_start,domestic_policy,2021-11-12,after
2021-12-15,1646.71,1469.52,1087.76,75.20999908447266,77.77999877929688,1186.06,-0.0015279857873068,-0.0019966586528666,-0.0001470696374734,0.0,0.0,0.002840957131986,1653.0800000000002,1476.7114285714283,1087.9257142857143,1675.7453333333333,1500.0483333333334,1063.4063333333334,1.0,1.0,2.0,2.0,0.0,0.0,0.0,0.0,fuel_tax_cut_start,domestic_policy,2021-11-12,after
2021-12-16,1643.44,1466.11,1087.91,75.20999908447266,77.77999877929688,1183.59,-0.0019857777022062,-0.0023204856007403,0.0001378980657498,0.0,0.0,-0.0020825253359864,1650.792857142857,1474.207142857143,1087.9057142857143,1673.4626666666666,1497.8533333333332,1064.985,0.0,0.0,0.0,0.0,1.0,1.0,2.0,2.0,fuel_tax_cut_start,domestic_policy,2021-11-12,after
2021-12-17,1641.08,1463.39,1087.72,75.20999908447266,77.77999877929688,1181.03,-0.0014360122669523,-0.0018552496061003,-0.0001746467998272,0.0,0.0,-0.0021629111432167,1648.5685714285714,1471.7142857142858,1087.8814285714286,1671.3446666666666,1495.7583333333334,1066.5733333333333,0.0,0.0,0.0,0.0,0.0,0.0,0.0,0.0,fuel_tax_cut_start,domestic_policy,2021-11-12,after
2021-12-18,1639.44,1461.35,1087.63,75.20999908447266,77.77999877929688,1181.03,-0.0009993418967996,-0.0013940234660617,-8.274188210188882e-05,0.0,0.0,0.0,1646.4314285714286,1469.3028571428572,1087.8328571428572,1669.356,1493.7426666666663,1068.1746666666668,0.0,0.0,0.0,0.0,0.0,0.0,0.0,0.0,fuel_tax_cut_start,domestic_policy,2021-11-12,after
2021-12-19,1638.75,1460.26,1087.63,75.20999908447266,77.77999877929688,1181.03,-0.0004208754208754,-0.0007458856536763,0.0,0.0,0.0,0.0,1644.32,1466.902857142857,1087.787142857143,1667.468,1491.7933333333333,1069.7766666666666,0.0,0.0,0.0,0.0,1.0,1.0,-5.0,-5.0,fuel_tax_cut_start,domestic_policy,2021-11-12,after
2021-12-20,1636.81,1458.47,1087.65,75.20999908447266,77.77999877929688,1191.07,-0.0011838291380625,-0.0012258091024885,1.838860641933948e-05,0.0,0.0,0.0085010541645851,1642.2085714285713,1464.5085714285713,1087.7457142857145,1665.6043333333332,1489.859,1071.379,1.0,1.0,-1.0,-1.0,0.0,0.0,0.0,0.0,fuel_tax_cut_start,domestic_policy,2021-11-12,after
2021-12-21,1634.46,1455.64,1087.56,75.20999908447266,77.77999877929688,1192.35,-0.0014357194787421,-0.0019403895863472,-8.274720728185248e-05,0.0,0.0,0.001074663957618,1640.0985714285714,1462.1057142857146,1087.6942857142858,1663.707,1487.8753333333332,1072.984333333333,0.0,0.0,0.0,0.0,0.0,0.0,0.0,0.0,fuel_tax_cut_start,domestic_policy,2021-11-12,after
2021-12-22,1632.31,1453.08,1087.63,75.20999908447266,77.77999877929688,1190.21,-0.0013154191598448,-0.0017586765958617,6.436426496025938e-05,0.0,0.0,-0.0017947750241119,1638.0414285714285,1459.7571428571428,1087.6757142857143,1661.8213333333335,1485.8706666666665,1074.595,1.0,1.0,2.0,2.0,0.0,0.0,0.0,0.0,fuel_tax_cut_start,domestic_policy,2021-11-12,after
2021-12-23,1630.71,1451.15,1087.52,75.20999908447266,77.77999877929688,1187.59,-0.0009802059657785,-0.0013282131747734,-0.0001011373353071,0.0,0.0,-0.002201292208938,1636.2228571428573,1457.62,1087.62,1659.9443333333334,1483.855,1076.2033333333334,0.0,0.0,0.0,0.0,0.0,0.0,0.0,0.0,fuel_tax_cut_start,domestic_policy,2021-11-12,after
2021-12-24,1629.16,1449.37,1087.48,75.20999908447266,77.77999877929688,1187.59,-0.0009505062212165,-0.0012266133755988,-3.678093276437977e-05,0.0,0.0,0.0,1634.5200000000002,1455.6171428571429,1087.5857142857144,1658.063,1481.8223333333335,1077.816,0.0,0.0,0.0,0.0,0.0,0.0,0.0,0.0,fuel_tax_cut_start,domestic_policy,2021-11-12,after
2021-12-25,1628.1,1447.97,1087.59,75.20999908447266,77.77999877929688,1187.59,-0.0006506420486632,-0.0009659369243187,0.0001011512855408,0.0,0.0,0.0,1632.9,1453.7057142857143,1087.5800000000002,1656.1843333333334,1479.7826666666665,1079.4333333333334,0.0,0.0,0.0,0.0,0.0,0.0,0.0,0.0,fuel_tax_cut_start,domestic_policy,2021-11-12,after
2021-12-26,1627.82,1447.53,1087.57,75.20999908447266,77.77999877929688,1187.59,-0.0001719796081322,-0.0003038736990407,-1.838928272601681e-05,0.0,0.0,0.0,1631.3385714285716,1451.8871428571426,1087.571428571429,1654.3396666666663,1477.7593333333336,1081.049,0.0,0.0,0.0,0.0,0.0,0.0,0.0,0.0,fuel_tax_cut_start,domestic_policy,2021-11-12,after
2021-12-27,1627.07,1446.92,1087.65,75.20999908447266,77.77999877929688,1186.82,-0.0004607389023356,-0.0004214075010534,7.355848359202888e-05,0.0,0.0,-0.0006483719128654,1629.947142857143,1450.2371428571428,1087.571428571429,1652.523,1475.7643333333333,1082.674,0.0,0.0,0.0,0.0,0.0,0.0,0.0,0.0,fuel_tax_cut_start,domestic_policy,2021-11-12,after
2021-12-28,1626.06,1445.68,1087.7,75.20999908447266,77.77999877929688,1188.15,-0.0006207477244372,-0.0008569927846736,4.5970670712103257e-05,0.0,0.0,0.0011206417148348,1628.7471428571428,1448.814285714286,1087.5914285714289,1650.698666666667,1473.7593333333332,1084.3006666666668,0.0,0.0,0.0,0.0,0.0,0.0,0.0,0.0,fuel_tax_cut_start,domestic_policy,2021-11-12,after
2021-12-29,1625.31,1444.7,1087.7,75.20999908447266,77.77999877929688,1185.51,-0.0004612375927087,-0.0006778816888938,0.0,0.0,0.0,-0.0022219416740311,1627.7471428571428,1447.6171428571429,1087.6014285714286,1648.8916666666669,1471.751,1085.9233333333334,0.0,0.0,0.0,0.0,0.0,0.0,0.0,0.0,fuel_tax_cut_start,domestic_policy,2021-11-12,after
2021-12-30,1624.93,1444.0,1087.66,75.20999908447266,77.77999877929688,1188.59,-0.0002338015517039,-0.0004845296601371,-3.6774846005283024e-05,0.0,0.0,0.0025980379752172,1626.9214285714284,1446.5957142857144,1087.6214285714286,1647.1143333333334,1469.7589999999998,1087.5463333333337,0.0,0.0,0.0,0.0,0.0,0.0,0.0,0.0,fuel_tax_cut_start,domestic_policy,2021-11-12,after
2021-12-31,1624.47,1443.58,1087.51,75.20999908447266,77.77999877929688,1188.59,-0.000283089117685,-0.0002908587257618,-0.0001379107441664,0.0,0.0,0.0,1626.2514285714285,1445.7685714285717,1087.6257142857144,1645.400666666667,1467.8276666666668,1087.6706666666666,0.0,0.0,0.0,0.0,1.0,1.0,5.0,5.0,fuel_tax_cut_start,domestic_policy,2021-11-12,after
2022-01-01,1623.79,1442.42,1075.02,88.1500015258789,91.20999908447266,1207.7099609375,-0.0004185980658307,-0.0008035578215269,-0.0114849518625116,0.1720516234400242,0.1726665018764506,0.0160862542487316,1625.6357142857144,1444.9757142857145,1085.8300000000002,1643.727666666667,1465.917333333333,1087.2916666666667,0.0,0.0,0.0,0.0,1.0,1.0,1.0,1.0,fuel_tax_cut_start,domestic_policy,2021-11-12,after
2022-01-02,1623.4,1442.09,1074.42,88.1500015258789,91.20999908447266,1207.7099609375,-0.0002401788408599,-0.0002287821854939,-0.0005581291510854,0.0,0.0,0.0,1625.0042857142855,1444.1985714285715,1083.9514285714288,1642.104,1464.0593333333336,1086.871666666667,0.0,0.0,0.0,0.0,0.0,0.0,0.0,0.0,fuel_tax_cut_start,domestic_policy,2021-11-12,after
2022-01-03,1623.03,1441.82,1073.21,88.1500015258789,91.20999908447266,1191.39,-0.0002279167179993,-0.0001872282589852,-0.0011261890136073,0.0,0.0,-0.013513145925228,1624.4271428571428,1443.47,1081.8885714285714,1640.531,1462.2573333333337,1086.3933333333334,0.0,0.0,0.0,0.0,0.0,0.0,0.0,0.0,fuel_tax_cut_start,domestic_policy,2021-11-12,after
2022-01-04,1622.32,1440.91,1072.63,88.1500015258789,91.20999908447266,1193.77,-0.000437453405051,-0.000631146745086,-0.0005404347704549,0.0,0.0,0.0019976665911245,1623.892857142857,1442.7885714285717,1079.7357142857145,1638.9603333333334,1460.4566666666665,1085.891,0.0,0.0,0.0,0.0,1.0,1.0,0.0,0.0,fuel_tax_cut_start,domestic_policy,2021-11-12,after
2022-01-05,1621.79,1440.23,1072.31,88.1500015258789,91.20999908447266,1196.38,-0.000326692637704,-0.0004719239924769,-0.0002983321368973,0.0,0.0,0.002186350804594,1623.39,1442.15,1077.537142857143,1637.4243333333334,1458.6833333333334,1085.3706666666667,0.0,0.0,0.0,0.0,0.0,0.0,0.0,0.0,fuel_tax_cut_start,domestic_policy,2021-11-12,after
2022-01-06,1621.22,1439.42,1072.08,88.1500015258789,91.20999908447266,1205.02,-0.0003514635063724,-0.0005624101705976,-0.0002144902127183,0.0,0.0,0.0072217857202558,1622.86,1441.4957142857145,1075.311428571429,1635.9693333333332,1456.998,1084.840333333333,0.0,0.0,0.0,0.0,0.0,0.0,0.0,0.0,fuel_tax_cut_start,domestic_policy,2021-11-12,after
2022-01-07,1620.98,1439.13,1071.91,88.1500015258789,91.20999908447266,1200.78,-0.000148036663747,-0.0002014700365424,-0.0001585702559508,0.0,0.0,-0.0035186137989411,1622.3614285714284,1440.86,1073.0828571428572,1634.6003333333333,1455.4066666666663,1084.3056666666666,0.0,0.0,0.0,0.0,0.0,0.0,0.0,0.0,fuel_tax_cut_start,domestic_policy,2021-11-12,after
2022-01-08,1621.4,1439.46,1071.96,88.1500015258789,91.20999908447266,1200.78,0.0002591025182296,0.000229305205228,4.664570719548067e-05,0.0,0.0,0.0,1622.02,1440.4371428571428,1072.6457142857143,1633.332,1453.9340000000002,1083.7693333333334,0.0,0.0,0.0,0.0,0.0,0.0,0.0,0.0,fuel_tax_cut_start,domestic_policy,2021-11-12,after
2022-01-09,1621.3,1439.18,1071.86,88.1500015258789,91.20999908447266,1200.78,-6.167509559651396e-05,-0.000194517388465,-9.328706295019806e-05,0.0,0.0,0.0,1621.72,1440.0214285714285,1072.28,1632.1536666666664,1452.5453333333332,1083.235,0.0,0.0,0.0,0.0,0.0,0.0,0.0,0.0,fuel_tax_cut_start,domestic_policy,2021-11-12,after
2022-01-10,1621.45,1439.54,1071.82,88.1500015258789,91.20999908447266,1199.13,9.251834947265893e-05,0.0002501424422238,-3.7318306495226494e-05,0.0,0.0,-0.00137410683056,1621.4942857142855,1439.695714285714,1072.0814285714284,1631.0553333333337,1451.255666666667,1082.6966666666667,0.0,0.0,0.0,0.0,0.0,0.0,0.0,0.0,fuel_tax_cut_start,domestic_policy,2021-11-12,after
2022-01-11,1621.56,1439.59,1071.75,88.1500015258789,91.20999908447266,1194.62,6.784051312092032e-05,3.473331758763187e-05,-6.530947360561257e-05,0.0,0.0,-0.0037610601019073,1621.3857142857144,1439.5071428571428,1071.9557142857143,1629.9896666666668,1450.006666666667,1082.1566666666668,0.0,0.0,0.0,0.0,0.0,0.0,0.0,0.0,fuel_tax_cut_start,domestic_policy,2021-11-12,after
2022-01-12,1622.04,1439.93,1071.47,88.1500015258789,91.20999908447266,1187.34,0.0002960112484273,0.0002361783563376,-0.0002612549568462,0.0,0.0,-0.006093988046408,1621.4214285714284,1439.4642857142858,1071.8357142857144,1629.0046666666667,1448.8300000000002,1081.6076666666663,0.0,0.0,0.0,0.0,0.0,0.0,0.0,0.0,fuel_tax_cut_start,domestic_policy,2021-11-12,after
2022-01-13,1623.2,1441.22,1071.44,88.1500015258789,91.20999908447266,1187.95,0.0007151488249366,0.0008958768829039,-2.7998917375149368e-05,0.0,0.0,0.0005137534320414,1621.7042857142858,1439.7214285714288,1071.7442857142858,1628.1369999999995,1447.7886666666668,1081.0583333333334,0.0,0.0,0.0,0.0,0.0,0.0,0.0,0.0,fuel_tax_cut_start,domestic_policy,2021-11-12,after
2022-01-14,1624.78,1442.77,1071.34,88.1500015258789,91.20999908447266,1186.96,0.0009733859043863,0.0010754777202648,-9.33323377885209e-05,0.0,0.0,-0.0008333684077612,1622.2471428571428,1440.2414285714283,1071.662857142857,1627.406,1446.897,1080.511,0.0,0.0,0.0,0.0,1.0,1.0,0.0,0.0,fuel_tax_cut_start,domestic_policy,2021-11-12,after
2022-01-15,1626.33,1444.25,1071.37,88.1500015258789,91.20999908447266,1186.96,0.0009539753074261,0.0010258045287883,2.8002314857999977e-05,0.0,0.0,0.0,1622.9514285714286,1440.9257142857143,1071.5785714285714,1626.8356666666666,1446.1683333333335,1079.9596666666666,0.0,0.0,0.0,0.0,0.0,0.0,0.0,0.0,fuel_tax_cut_start,domestic_policy,2021-11-12,after
2022-01-16,1627.47,1445.13,1071.35,88.1500015258789,91.20999908447266,1186.96,0.0007009647488518,0.0006093127921067,-1.8667687166851188e-05,0.0,0.0,0.0,1623.8328571428572,1441.7757142857142,1071.5057142857142,1626.382,1445.5596666666663,1079.414,0.0,0.0,0.0,0.0,0.0,0.0,0.0,0.0,fuel_tax_cut_start,domestic_policy,2021-11-12,after
2022-01-17,1629.3,1447.28,1071.27,88.1500015258789,91.20999908447266,1186.96,0.0011244446902247,0.0014877554268473,-7.467214262368849e-05,0.0,0.0,0.0,1624.9542857142858,1442.8814285714284,1071.4271428571428,1626.044,1445.0906666666667,1078.8686666666665,0.0,0.0,0.0,0.0,0.0,0.0,0.0,0.0,fuel_tax_cut_start,domestic_policy,2021-11-12,after
2022-01-18,1631.44,1449.5,1071.38,88.1500015258789,91.20999908447266,1192.74,0.0013134474927882,0.00153391188989,0.0001026818635825,0.0,0.0,0.0048695827997573,1626.365714285714,1444.2971428571432,1071.3742857142856,1625.8003333333331,1444.7320000000002,1078.327,0.0,0.0,0.0,0.0,0.0,0.0,0.0,0.0,fuel_tax_cut_start,domestic_policy,2021-11-12,after
2022-01-19,1634.23,1452.22,1071.42,88.1500015258789,91.20999908447266,1188.51,0.0017101456382091,0.001876509141083,3.733502585445692e-05,0.0,0.0,-0.0035464560591579,1628.107142857143,1446.0528571428572,1071.3671428571429,1625.7143333333331,1444.5236666666667,1077.786,0.0,0.0,0.0,0.0,0.0,0.0,0.0,0.0,fuel_tax_cut_start,domestic_policy,2021-11-12,after
2022-01-20,1637.65,1455.85,1071.43,88.1500015258789,91.20999908447266,1191.96,0.0020927286856806,0.0024996212695045,9.333408000689047e-06,0.0,0.0,0.0029027942549915,1630.1714285714284,1448.142857142857,1071.3657142857144,1625.8206666666667,1444.5306666666668,1077.2483333333332,0.0,0.0,0.0,0.0,2.0,2.0,0.0,0.0,fuel_tax_cut_start,domestic_policy,2021-11-12,after
2022-01-21,1641.46,1459.98,1071.41,88.1500015258789,91.20999908447266,1193.87,0.002326504442341,0.0028368307174504,-1.8666641777742576e-05,0.0,0.0,0.0016024027651933,1632.554285714286,1450.6014285714286,1071.3757142857144,1626.1256666666666,1444.7606666666666,1076.707666666667,0.0,0.0,0.0,0.0,0.0,0.0,0.0,0.0,fuel_tax_cut_start,domestic_policy,2021-11-12,after
2022-01-22,1644.44,1462.91,1071.39,88.1500015258789,91.20999908447266,1193.87,0.0018154569712329,0.0020068768065315,-1.866699022778917e-05,0.0,0.0,0.0,1635.1414285714288,1453.267142857143,1071.3785714285716,1626.5833333333333,1445.1526666666666,1076.17,0.0,0.0,0.0,0.0,0.0,0.0,0.0,0.0,fuel_tax_cut_start,domestic_policy,2021-11-12,after
2022-01-23,1645.89,1464.12,1071.41,88.1500015258789,91.20999908447266,1193.87,0.0008817591398895,0.0008271185513804,1.866733869082537e-05,0.0,0.0,0.0,1637.7728571428572,1455.98,1071.387142857143,1627.141,1445.6443333333332,1075.6343333333334,0.0,0.0,0.0,0.0,0.0,0.0,0.0,0.0,fuel_tax_cut_start,domestic_policy,2021-11-12,after
2022-01-24,1648.45,1466.92,1071.45,88.1500015258789,91.20999908447266,1195.68,0.0015553894853239,0.0019124115509658,3.733398045557834e-05,0.0,0.0,0.0015160779649376,1640.5085714285717,1458.7857142857142,1071.412857142857,1627.8193333333334,1446.2760000000003,1075.0963333333334,1.0,1.0,2.0,2.0,0.0,0.0,0.0,0.0,fuel_tax_cut_start,domestic_policy,2021-11-12,after
2022-01-25,1650.81,1469.52,1071.41,88.1500015258789,91.20999908447266,1198.66,0.0014316479116744,0.0017724211272598,-3.733258668159323e-05,0.0,0.0,0.0024923056336143,1643.2757142857142,1461.6457142857143,1071.4171428571428,1628.5856666666666,1447.0089999999998,1074.5576666666668,0.0,0.0,0.0,0.0,0.0,0.0,0.0,0.0,fuel_tax_cut_start,domestic_policy,2021-11-12,after
2022-01-26,1653.39,1472.22,1071.25,88.1500015258789,91.20999908447266,1197.46,0.0015628691369691,0.0018373346398823,-0.0001493359218227,0.0,0.0,-0.0010011179150051,1646.0128571428572,1464.5028571428572,1071.392857142857,1629.4630000000002,1447.8523333333333,1074.011,1.0,1.0,2.0,2.0,1.0,1.0,3.0,3.0,fuel_tax_cut_start,domestic_policy,2021-11-12,after
2022-01-27,1656.26,1475.31,1071.3,88.1500015258789,91.20999908447266,1202.65,0.0017358276026828,0.0020988710926355,4.667444574102397e-05,0.0,0.0,0.0043341740016369,1648.6714285714286,1467.282857142857,1071.3742857142856,1630.4696666666666,1448.84,1073.4643333333331,0.0,0.0,0.0,0.0,0.0,0.0,0.0,0.0,fuel_tax_cut_start,domestic_policy,2021-11-12,after
2022-01-28,1659.44,1478.31,1071.43,88.1500015258789,91.20999908447266,1209.04,0.001919988407617,0.002033470931533,0.0001213478950807,0.0,0.0,0.0053132665363986,1651.24,1469.9014285714286,1071.3771428571429,1631.6073333333334,1449.9603333333334,1072.922,0.0,0.0,0.0,0.0,0.0,0.0,0.0,0.0,fuel_tax_cut_start,domestic_policy,2021-11-12,after
2022-01-29,1662.55,1481.21,1071.41,88.1500015258789,91.20999908447266,1209.04,0.0018741262112518,0.0019616995082223,-1.8666641777742576e-05,0.0,0.0,0.0,1653.8271428571427,1472.5157142857145,1071.38,1632.8613333333335,1451.2006666666668,1072.3803333333333,0.0,0.0,0.0,0.0,0.0,0.0,0.0,0.0,fuel_tax_cut_start,domestic_policy,2021-11-12,after
2022-01-30,1664.47,1483.0,1071.38,88.1500015258789,91.20999908447266,1209.04,0.0011548524856395,0.0012084714523936,-2.800048534168376e-05,0.0,0.0,0.0,1656.4814285714288,1475.2128571428573,1071.3757142857144,1634.1946666666663,1452.5146666666667,1071.842666666667,0.0,0.0,0.0,0.0,1.0,1.0,-1.0,-1.0,fuel_tax_cut_start,domestic_policy,2021-11-12,after
2022-01-31,1666.03,1484.35,1071.42,88.1500015258789,91.20999908447266,1206.78,0.0009372352760939,0.0009103169251516,3.733502585445692e-05,0.0,0.0,-0.0018692516376629,1658.992857142857,1477.7028571428568,1071.3714285714286,1635.602666666667,1453.9123333333334,1071.7226666666668,1.0,1.0,2.0,2.0,0.0,0.0,0.0,0.0,fuel_tax_cut_start,domestic_policy,2021-11-12,after
2022-05-01,1954.8,1908.76,1141.18,104.69000244140624,109.33999633789062,1236.1700439453125,-0.0101125700714513,-0.0061233415949847,-0.0195626959920958,0.0,0.0,-0.0156863019697002,1967.952857142857,1911.492857142857,1160.4342857142858,1975.1606666666669,1906.1456666666668,1162.6643333333334,0.0,0.0,0.0,0.0,0.0,0.0,0.0,0.0,fuel_tax_cut_expansion,domestic_policy,2022-07-01,before
2022-05-02,1944.63,1904.81,1138.0,104.69000244140624,109.33999633789062,1265.24,-0.0052025782688764,-0.0020694063161423,-0.0027865893198268,0.0,0.0,0.0235161466636977,1964.668571428572,1911.3,1156.7885714285717,1973.497,1905.8,1161.892,0.0,0.0,0.0,0.0,1.0,1.0,0.0,0.0,fuel_tax_cut_expansion,domestic_policy,2022-07-01,before
2022-05-03,1937.99,1903.93,1136.41,104.69000244140624,109.33999633789062,1267.82,-0.0034145312990132,-0.0004619883347944,-0.001397188049209,0.0,0.0,0.0020391388195124,1960.3528571428571,1910.705714285714,1152.9257142857143,1971.631,1905.4436666666663,1161.0526666666667,2.0,2.0,3.0,3.0,1.0,1.0,0.0,0.0,fuel_tax_cut_expansion,domestic_policy,2022-07-01,before
2022-05-04,1934.47,1906.66,1135.62,104.69000244140624,109.33999633789062,1265.22,-0.0018163148416658,0.0014338762454502,-0.0006951716369973,0.0,0.0,-0.0020507643040809,1955.457142857143,1910.2485714285715,1148.9357142857143,1969.7033333333331,1905.226,1160.154,3.0,3.0,3.333333333333333,5.0,0.0,0.0,0.0,0.0,fuel_tax_cut_expansion,domestic_policy,2022-07-01,before
2022-05-05,1932.2,1910.34,1135.13,104.69000244140624,109.33999633789062,1256.05,-0.0011734480245234,0.0019300766785896,-0.0004314823620575,0.0,0.0,-0.0072477513792068,1950.071428571429,1910.0385714285717,1144.8685714285716,1967.769,1905.1916666666664,1159.225,1.0,1.0,6.0,6.0,0.0,0.0,0.0,0.0,fuel_tax_cut_expansion,domestic_policy,2022-07-01,before
2022-05-06,1931.69,1914.2,1134.94,104.69000244140624,109.33999633789062,1272.58,-0.0002639478314874,0.0020205827234942,-0.0001673817095839,0.0,0.0,0.0131603041280203,1944.3642857142856,1909.8885714285716,1140.747142857143,1965.865,1905.3173333333332,1158.274666666667,0.0,0.0,0.0,0.0,0.0,0.0,0.0,0.0,fuel_tax_cut_expansion,domestic_policy,2022-07-01,before
2022-05-07,1933.32,1920.01,1134.73,104.69000244140624,109.33999633789062,1272.58,0.0008438206958671,0.0030352105318147,-0.0001850318078489,0.0,0.0,0.0,1938.4428571428568,1909.8157142857144,1136.5728571428572,1964.0743333333332,1905.6783333333333,1157.312333333333,2.0,2.0,4.0,5.0,0.0,0.0,0.0,0.0,fuel_tax_cut_expansion,domestic_policy,2022-07-01,before
2022-05-08,1935.93,1924.7,1134.65,104.69000244140624,109.33999633789062,1272.58,0.001350009310409,0.0024426956109604,-7.05013527446674e-05,0.0,0.0,0.0,1935.7471428571428,1912.0928571428572,1135.64,1962.443,1906.2396666666668,1156.3486666666663,2.0,2.0,3.5,5.0,0.0,0.0,0.0,0.0,fuel_tax_cut_expansion,domestic_policy,2022-07-01,before
2022-05-09,1938.49,1931.32,1134.55,104.69000244140624,109.33999633789062,1276.29,0.0013223618622573,0.0034394970644775,-8.813290442000188e-05,0.0,0.0,0.0029153373461785,1934.87,1915.88,1135.1471428571429,1960.9626666666663,1907.078,1155.379,0.0,0.0,0.0,0.0,1.0,1.0,0.0,0.0,fuel_tax_cut_expansion,domestic_policy,2022-07-01,before
2022-05-10,1943.79,1941.46,1134.41,104.69000244140624,109.33999633789062,1275.02,0.0027340868407883,0.0052502951349335,-0.0001233969415185,0.0,0.0,-0.0009950716529941,1935.6985714285715,1921.2414285714283,1134.8614285714286,1959.687,1908.2766666666664,1154.401,3.0,3.0,2.333333333333333,3.0,1.0,1.0,1.0,1.0,fuel_tax_cut_expansion,domestic_policy,2022-07-01,before
2022-05-11,1946.11,1947.59,1134.29,104.69000244140624,109.33999633789062,1275.04,0.0011935445701438,0.0031574176135484,-0.000105781860174,0.0,0.0,1.568602845436473e-05,1937.3614285714289,1927.0885714285712,1134.6714285714286,1958.5436666666667,1909.7116666666668,1153.4163333333331,0.0,0.0,0.0,0.0,4.0,4.0,0.0,0.0,fuel_tax_cut_expansion,domestic_policy,2022-07-01,before
2022-05-12,1948.69,1953.29,1134.3,104.69000244140624,109.33999633789062,1288.65,0.0013257215676401,0.0029266940167078,8.816087596619226e-06,0.0,0.0,0.0106741749278453,1939.7171428571423,1933.2242857142855,1134.5528571428572,1957.602,1911.4036666666664,1152.4306666666669,0.0,0.0,0.0,0.0,1.0,1.0,0.0,0.0,fuel_tax_cut_expansion,domestic_policy,2022-07-01,before
2022-05-13,1951.7,1959.24,1134.28,104.69000244140624,109.33999633789062,1283.51,0.0015446274163668,0.0030461426618679,-1.763201974780415e-05,0.0,0.0,-0.0039886703138944,1942.5757142857144,1939.658571428572,1134.4585714285715,1956.8516666666667,1913.3503333333333,1151.4446666666668,0.0,0.0,0.0,0.0,1.0,1.0,0.0,0.0,fuel_tax_cut_expansion,domestic_policy,2022-07-01,before
2022-05-14,1954.7,1964.02,1134.15,104.69000244140624,109.33999633789062,1283.51,0.0015371214838346,0.0024397215246727,-0.0001146101491693,0.0,0.0,0.0,1945.63,1945.945714285714,1134.3757142857144,1956.2663333333333,1915.4953333333333,1150.4530000000002,0.0,0.0,0.0,0.0,1.0,1.0,-1.0,-1.0,fuel_tax_cut_expansion,domestic_policy,2022-07-01,before
2022-05-15,1956.42,1966.48,1134.14,104.69000244140624,109.33999633789062,1283.51,0.000879930424106,0.001252533069928,-8.817175858544246e-06,0.0,0.0,0.0,1948.5571428571432,1951.9142857142856,1134.3028571428572,1955.7996666666668,1917.738,1149.4700000000005,0.0,0.0,0.0,0.0,2.0,2.0,1.5,3.0,fuel_tax_cut_expansion,domestic_policy,2022-07-01,before
2022-05-16,1958.73,1970.51,1134.22,104.69000244140624,109.33999633789062,1284.79,0.0011807280645259,0.0020493470566698,7.053802881462623e-05,0.0,0.0,0.0009972653115284,1951.4485714285715,1957.5128571428568,1134.2557142857142,1955.448666666667,1920.1273333333331,1148.4890000000005,1.0,1.0,2.0,2.0,0.0,0.0,0.0,0.0,fuel_tax_cut_expansion,domestic_policy,2022-07-01,before
2022-05-17,1963.26,1976.49,1134.14,104.69000244140624,109.33999633789062,1274.33,0.0023127230399289,0.0030347473496707,-7.053305355220196e-05,0.0,0.0,-0.0081414083235392,1954.23,1962.517142857143,1134.217142857143,1955.2623333333331,1922.723,1147.505,0.0,0.0,0.0,0.0,0.0,0.0,0.0,0.0,fuel_tax_cut_expansion,domestic_policy,2022-07-01,before
2022-05-18,1967.33,1981.61,1133.95,104.69000244140624,109.33999633789062,1266.36,0.0020730825260026,0.0025904507485492,-0.0001675278184352,0.0,0.0,-0.0062542669481218,1957.2614285714285,1967.3771428571429,1134.1685714285716,1955.227666666667,1925.4753333333333,1146.5173333333332,2.0,2.0,4.0,8.0,0.0,0.0,0.0,0.0,fuel_tax_cut_expansion,domestic_policy,2022-07-01,before
2022-05-19,1972.11,1986.76,1133.93,104.69000244140624,109.33999633789062,1276.91,0.0024296889693138,0.0025988968565964,-1.763746196925542e-05,0.0,0.0,0.0083309643387348,1960.607142857143,1972.1585714285716,1134.1157142857144,1955.371666666667,1928.3826666666664,1145.5326666666667,4.0,4.0,2.0,6.0,0.0,0.0,0.0,0.0,fuel_tax_cut_expansion,domestic_policy,2022-07-01,before
2022-05-20,1977.39,1990.99,1133.87,104.69000244140624,109.33999633789062,1267.87,0.0026773354427491,0.0021290946062937,-5.29133191644604e-05,0.0,0.0,-0.0070795905741204,1964.277142857143,1976.6942857142856,1134.057142857143,1955.708,1931.4076666666667,1144.5453333333332,0.0,0.0,0.0,0.0,0.0,0.0,0.0,0.0,fuel_tax_cut_expansion,domestic_policy,2022-07-01,before
2022-05-21,1982.53,1994.32,1133.87,104.69000244140624,109.33999633789062,1267.87,0.0025993860594015,0.0016725347691348,0.0,0.0,0.0,0.0,1968.252857142857,1981.0228571428568,1134.0171428571427,1956.2316666666668,1934.5283333333332,1143.5596666666668,0.0,0.0,0.0,0.0,0.0,0.0,0.0,0.0,fuel_tax_cut_expansion,domestic_policy,2022-07-01,before
2022-05-22,1985.07,1995.79,1133.88,104.69000244140624,109.33999633789062,1267.87,0.0012811912051771,0.0007370933451,8.81935318886029e-06,0.0,0.0,0.0,1972.345714285714,1985.21,1133.98,1956.846,1937.6663333333336,1142.5763333333334,0.0,0.0,0.0,0.0,0.0,0.0,0.0,0.0,fuel_tax_cut_expansion,domestic_policy,2022-07-01,before
2022-05-23,1988.77,1998.38,1133.91,104.69000244140624,109.33999633789062,1263.85,0.0018639141188976,0.0012977317252818,2.6457826225012585e-05,0.0,0.0,-0.0031706720720579,1976.6371428571424,1989.1914285714288,1133.9357142857143,1957.5883333333331,1940.868,1141.5933333333332,0.0,0.0,0.0,0.0,0.0,0.0,0.0,0.0,fuel_tax_cut_expansion,domestic_policy,2022-07-01,before
2022-05-24,1994.77,2000.93,1133.89,104.69000244140624,109.33999633789062,1265.97,0.0030169401187669,0.0012760335872055,-1.763808415122803e-05,0.0,0.0,0.0016774142501088,1981.1385714285716,1992.682857142857,1133.9,1958.5253333333333,1944.1426666666664,1140.61,0.0,0.0,0.0,0.0,0.0,0.0,0.0,0.0,fuel_tax_cut_expansion,domestic_policy,2022-07-01,before
2022-05-25,1998.59,2002.68,1133.86,104.69000244140624,109.33999633789062,1264.58,0.0019150077452538,0.0008745933141089,-2.6457592888329277e-05,0.0,0.0,-0.0010979723058208,1985.6042857142857,1995.6928571428573,1133.8871428571429,1959.5576666666664,1947.36,1139.6213333333333,1.0,1.0,3.0,3.0,1.0,1.0,0.0,0.0,fuel_tax_cut_expansion,domestic_policy,2022-07-01,before
2022-05-26,2001.53,2003.85,1133.83,104.69000244140624,109.33999633789062,1267.83,0.0014710370811421,0.0005842171490202,-2.645829291092472e-05,0.0,0.0,0.0025700232488257,1989.8071428571432,1998.1342857142856,1133.8728571428571,1960.6686666666667,1950.552,1138.6339999999998,0.0,0.0,0.0,0.0,1.0,1.0,0.0,0.0,fuel_tax_cut_expansion,domestic_policy,2022-07-01,before
2022-05-27,2004.55,2005.14,1133.8,104.69000244140624,109.33999633789062,1250.13,0.0015088457330141,0.000643760760536,-2.645899297071264e-05,0.0,0.0,-0.013960862260713,1993.6871428571428,2000.1557142857143,1133.8628571428571,1961.8623333333333,1953.728,1137.6423333333337,1.0,1.0,0.0,0.0,1.0,1.0,0.0,0.0,fuel_tax_cut_expansion,domestic_policy,2022-07-01,before
2022-05-28,2007.62,2005.62,1133.84,104.69000244140624,109.33999633789062,1250.13,0.0015315158015514,0.0002393847811124,3.5279590756776e-05,0.0,0.0,0.0,1997.2714285714285,2001.77,1133.8585714285714,1963.1196666666667,1956.855,1136.6503333333335,0.0,0.0,0.0,0.0,1.0,1.0,0.0,0.0,fuel_tax_cut_expansion,domestic_policy,2022-07-01,before
2022-05-29,2008.76,2006.09,1133.8,104.69000244140624,109.33999633789062,1250.13,0.0005678365427721,0.000234341500384,-3.527834615113523e-05,0.0,0.0,0.0,2000.655714285714,2003.2414285714287,1133.847142857143,1964.357,1959.883,1135.650666666667,0.0,0.0,0.0,0.0,0.0,0.0,0.0,0.0,fuel_tax_cut_expansion,domestic_policy,2022-07-01,before
2022-05-30,2010.45,2007.13,1133.96,104.69000244140624,109.33999633789062,1250.13,0.0008413150401243,0.0005184214068163,0.0001411183630271,0.0,0.0,0.0,2003.7528571428568,2004.4914285714287,1133.8542857142857,1965.5463333333328,1962.77,1134.651,3.0,3.0,3.333333333333333,5.0,0.0,0.0,0.0,0.0,fuel_tax_cut_expansion,domestic_policy,2022-07-01,before
2022-05-31,2012.69,2008.23,1133.89,104.69000244140624,109.33999633789062,1236.93,0.001114178417767,0.0005480462152425,-6.173057250691283e-05,0.0,0.0,-0.0105589018742051,2006.3128571428567,2005.534285714286,1133.8542857142857,1967.476,1966.0856666666664,1134.408,5.0,5.0,2.0,6.0,0.0,0.0,0.0,0.0,fuel_tax_cut_expansion,domestic_policy,2022-07-01,before
2022-06-01,2015.37,2009.47,1133.65,105.76000213623048,114.80999755859376,1301.72998046875,0.0013315513069571,0.0006174591555747,-0.0002116607431056,0.0102206482937385,0.0500274501912303,0.0523877506962802,2008.71,2006.5042857142855,1133.8242857142857,1969.834,1969.5743333333332,1134.263,2.0,2.0,2.5,3.0,0.0,0.0,0.0,0.0,fuel_tax_cut_expansion,domestic_policy,2022-07-01,before
2022-06-02,2017.79,2011.18,1133.8,105.76000213623048,114.80999755859376,1252.03,0.0012007720666677,0.0008509706539534,0.0001323159705375,0.0,0.0,-0.0381799460828682,2011.032857142857,2007.5514285714287,1133.82,1972.494,1973.1493333333333,1134.176,1.0,1.0,2.0,2.0,0.0,0.0,0.0,0.0,fuel_tax_cut_expansion,domestic_policy,2022-07-01,before
2022-06-03,2020.84,2013.43,1133.91,105.76000213623048,114.80999755859376,1242.23,0.0015115547207589,0.0011187462086934,9.701887458124504e-05,0.0,0.0,-0.0078272884835027,2013.36,2008.7357142857145,1133.8357142857144,1975.373,1976.7083333333333,1134.119,1.0,1.0,2.0,2.0,0.0,0.0,0.0,0.0,fuel_tax_cut_expansion,domestic_policy,2022-07-01,before
2022-06-04,2026.21,2018.44,1133.72,105.76000213623048,114.80999755859376,1242.23,0.0026573108212426,0.0024882911250949,-0.0001675617994374,0.0,0.0,0.0,2016.0157142857145,2010.5671428571427,1133.8185714285714,1978.506666666667,1980.311666666667,1134.072,0.0,0.0,0.0,0.0,0.0,0.0,0.0,0.0,fuel_tax_cut_expansion,domestic_policy,2022-07-01,before
2022-06-05,2029.29,2021.12,1133.79,105.76000213623048,114.80999755859376,1242.23,0.0015200793599874,0.001327758070589,6.174364040489877e-05,0.0,0.0,0.0,2018.9485714285715,2012.7142857142856,1133.817142857143,1981.76,1983.8756666666663,1134.0336666666667,0.0,0.0,0.0,0.0,0.0,0.0,0.0,0.0,fuel_tax_cut_expansion,domestic_policy,2022-07-01,before
2022-06-06,2032.04,2023.85,1133.89,105.76000213623048,114.80999755859376,1253.52,0.0013551537729945,0.0013507362254592,8.819975480478526e-05,0.0,0.0,0.0090884940791962,2022.032857142857,2015.1028571428571,1133.8071428571427,1985.0506666666663,1987.337,1134.005666666667,0.0,0.0,0.0,0.0,1.0,1.0,0.0,0.0,fuel_tax_cut_expansion,domestic_policy,2022-07-01,before
2022-06-07,2035.74,2027.96,1133.62,105.76000213623048,114.80999755859376,1255.32,0.0018208302986162,0.0020307829137535,-0.0002381183359939,0.0,0.0,0.001435956346927,2025.3257142857144,2017.9214285714288,1133.7685714285717,1988.3776666666668,1990.779,1133.9713333333334,0.0,0.0,0.0,0.0,1.0,1.0,3.0,3.0,fuel_tax_cut_expansion,domestic_policy,2022-07-01,before
2022-06-08,2042.04,2036.52,1133.57,105.76000213623048,114.80999755859376,1253.5,0.0030946977511863,0.0042209905520818,-4.410649071118211e-05,0.0,0.0,-0.0014498295255392,2029.1357142857144,2021.7857142857144,1133.7571428571428,1991.8293333333331,1994.2856666666669,1133.9386666666664,2.0,2.0,1.0,2.0,0.0,0.0,0.0,0.0,fuel_tax_cut_expansion,domestic_policy,2022-07-01,before
2022-06-09,2048.47,2044.4,1133.61,105.76000213623048,114.80999755859376,1256.91,0.0031488119723412,0.0038693457466658,3.5286748943486046e-05,0.0,0.0,0.0027203829278021,2033.5185714285712,2026.5314285714285,1133.73,1995.3186666666663,1997.717,1133.912,0.0,0.0,0.0,0.0,0.0,0.0,0.0,0.0,fuel_tax_cut_expansion,domestic_policy,2022-07-01,before
2022-06-10,2056.79,2054.37,1133.58,105.76000213623048,114.80999755859376,1268.01,0.0040615679018976,0.0048767364507922,-2.6464127874659127e-05,0.0,0.0,0.0088311812301595,2038.654285714286,2032.38,1133.682857142857,1999.008,2001.276333333333,1133.888333333333,1.0,1.0,3.0,3.0,1.0,1.0,2.0,2.0,fuel_tax_cut_expansion,domestic_policy,2022-07-01,before
2022-06-11,2064.59,2063.53,1133.6,105.76000213623048,114.80999755859376,1268.01,0.0037923171544009,0.004458787852237,1.7643218828800045e-05,0.0,0.0,0.0,2044.1371428571424,2038.821428571429,1133.665714285714,2002.8713333333333,2004.951,1133.865,1.0,1.0,5.0,5.0,0.0,0.0,0.0,0.0,fuel_tax_cut_expansion,domestic_policy,2022-07-01,before
2022-06-12,2068.6,2067.99,1133.58,105.76000213623048,114.80999755859376,1268.01,0.0019422742529993,0.00216134487989,-1.764290755112974e-05,0.0,0.0,0.0,2049.752857142857,2045.5171428571427,1133.635714285714,2006.768,2008.576,1133.8416666666667,0.0,0.0,0.0,0.0,0.0,0.0,0.0,0.0,fuel_tax_cut_expansion,domestic_policy,2022-07-01,before
2022-06-13,2074.3,2074.89,1133.66,105.76000213623048,114.80999755859376,1283.69,0.0027554868026686,0.0033365731942611,7.057287531542222e-05,0.0,0.0,0.0123658330770262,2055.79,2052.808571428571,1133.6028571428571,2010.7546666666667,2012.2716666666668,1133.8253333333332,2.0,2.0,4.0,5.0,0.0,0.0,0.0,0.0,fuel_tax_cut_expansion,domestic_policy,2022-07-01,before
2022-06-14,2081.98,2083.67,1133.57,105.76000213623048,114.80999755859376,1285.87,0.0037024538398495,0.0042315496243174,-7.93888820282973e-05,0.0,0.0,0.0016982293232787,2062.3957142857143,2060.7671428571425,1133.5957142857144,2014.94,2016.178,1133.8063333333332,1.0,1.0,6.0,6.0,1.0,1.0,0.0,0.0,fuel_tax_cut_expansion,domestic_policy,2022-07-01,before
2022-06-15,2087.61,2090.62,1133.69,105.76000213623048,114.80999755859376,1290.05,0.0027041566201404,0.0033354609895039,0.0001058602468309,0.0,0.0,0.0032507174131133,2068.905714285714,2068.4957142857143,1133.6128571428571,2019.236,2020.1816666666668,1133.7886666666666,1.0,1.0,2.0,2.0,0.0,0.0,0.0,0.0,fuel_tax_cut_expansion,domestic_policy,2022-07-01,before
2022-06-16,2092.2,2096.1,1133.66,105.76000213623048,114.80999755859376,1286.76,0.0021986865362781,0.0026212319790301,-2.6462260406256988e-05,0.0,0.0,-0.002550288748498,2075.152857142857,2075.8814285714284,1133.62,2023.534,2024.1686666666667,1133.7726666666667,0.0,0.0,0.0,0.0,0.0,0.0,0.0,0.0,fuel_tax_cut_expansion,domestic_policy,2022-07-01,before
2022-06-17,2098.45,2104.2,1133.68,105.76000213623048,114.80999755859376,1287.36,0.0029872861103144,0.0038643194504077,1.7641973784066067e-05,0.0,0.0,0.0004662874195653,2081.1042857142857,2082.9999999999995,1133.6342857142856,2027.9046666666663,2028.255,1133.7636666666667,0.0,0.0,0.0,0.0,0.0,0.0,0.0,0.0,fuel_tax_cut_expansion,domestic_policy,2022-07-01,before
2022-06-18,2104.63,2112.5,1133.69,105.76000213623048,114.80999755859376,1287.36,0.0029450308561083,0.0039444919684441,8.820831275180296e-06,0.0,0.0,0.0,2086.824285714285,2089.9957142857143,1133.6471428571429,2032.322,2032.446333333333,1133.755666666667,0.0,0.0,0.0,0.0,0.0,0.0,0.0,0.0,fuel_tax_cut_expansion,domestic_policy,2022-07-01,before
2022-06-19,2107.53,2115.96,1133.74,105.76000213623048,114.80999755859376,1287.36,0.0013779144077581,0.0016378698224852,4.4103767343761646e-05,0.0,0.0,0.0,2092.3857142857146,2096.848571428572,1133.67,2036.66,2036.612,1133.7513333333334,1.0,1.0,3.0,3.0,2.0,2.0,0.0,0.0,fuel_tax_cut_expansion,domestic_policy,2022-07-01,before
2022-06-20,2111.28,2120.85,1133.78,105.76000213623048,114.80999755859376,1287.36,0.0017793341020055,0.0023110077695229,3.52814578297167e-05,0.0,0.0,0.0,2097.668571428572,2103.4142857142856,1133.6871428571428,2040.9516666666664,2040.8296666666668,1133.7483333333334,2.0,2.0,6.5,8.0,2.0,2.0,0.0,0.0,fuel_tax_cut_expansion,domestic_policy,2022-07-01,before
2022-06-21,2116.35,2127.58,1133.76,105.76000213623048,114.80999755859376,1293.25,0.0024013868364214,0.0031732560058466,-1.764010654625725e-05,0.0,0.0,0.0045752547849864,2102.578571428571,2109.687142857143,1133.7142857142858,2045.3276666666668,2045.2226666666668,1133.744333333333,0.0,0.0,0.0,0.0,0.0,0.0,0.0,0.0,fuel_tax_cut_expansion,domestic_policy,2022-07-01,before
2022-06-22,2120.14,2133.25,1133.77,105.76000213623048,114.80999755859376,1297.21,0.0017908190989202,0.0026649996709877,8.820208862614365e-06,0.0,0.0,0.0030620529673304,2107.2257142857143,2115.7771428571427,1133.7257142857145,2049.706666666667,2049.718333333333,1133.7396666666668,1.0,1.0,2.0,2.0,0.0,0.0,0.0,0.0,fuel_tax_cut_expansion,domestic_policy,2022-07-01,before
2022-06-23,2123.61,2138.2,1133.79,105.76000213623048,114.80999755859376,1300.86,0.0016366843699002,0.0023204031407475,1.764026213435521e-05,0.0,0.0,0.0028137310073155,2111.712857142857,2121.791428571428,1133.7442857142858,2054.001333333333,2054.294,1133.7363333333335,2.0,2.0,2.5,3.0,0.0,0.0,0.0,0.0,fuel_tax_cut_expansion,domestic_policy,2022-07-01,before
2022-06-24,2126.71,2143.13,1133.76,105.76000213623048,114.80999755859376,1298.71,0.0014597783962215,0.0023056776728089,-2.645992644134676e-05,0.0,0.0,-0.0016527527943052,2115.75,2127.3528571428574,1133.7557142857142,2058.272,2058.9756666666667,1133.7330000000002,1.0,1.0,3.0,3.0,0.0,0.0,0.0,0.0,fuel_tax_cut_expansion,domestic_policy,2022-07-01,before
2022-06-25,2129.47,2147.06,1133.8,105.76000213623048,114.80999755859376,1298.71,0.0012977791988564,0.0018337665003989,3.5280835450235415e-05,0.0,0.0,0.0,2119.2985714285714,2132.29,1133.7714285714285,2062.536666666667,2063.749333333333,1133.732,0.0,0.0,0.0,0.0,1.0,1.0,3.0,3.0,fuel_tax_cut_expansion,domestic_policy,2022-07-01,before
2022-06-26,2131.16,2149.16,1133.81,105.76000213623048,114.80999755859376,1298.71,0.0007936247047388,0.0009780816558455,8.819897689082978e-06,0.0,0.0,0.0,2122.674285714286,2137.032857142857,1133.7814285714285,2066.757,2068.55,1133.7323333333331,1.0,1.0,4.0,4.0,0.0,0.0,0.0,0.0,fuel_tax_cut_expansion,domestic_policy,2022-07-01,before
2022-06-27,2133.8,2153.0,1133.81,105.76000213623048,114.80999755859376,1286.2,0.0012387619887761,0.0017867445885835,0.0,0.0,0.0,-0.0096326354613424,2125.8914285714286,2141.6257142857144,1133.7857142857142,2070.963,2073.462666666667,1133.7313333333334,1.0,1.0,0.0,0.0,2.0,2.0,0.5,1.0,fuel_tax_cut_expansion,domestic_policy,2022-07-01,before
2022-06-28,2137.3,2158.24,1133.83,105.76000213623048,114.80999755859376,1290.18,0.0016402661917704,0.0024338132837899,1.7639639798616713e-05,0.0,0.0,0.0030943865650754,2128.8842857142854,2146.005714285714,1133.7957142857142,2075.247666666666,2078.534333333333,1133.7323333333334,0.0,0.0,0.0,0.0,0.0,0.0,0.0,0.0,fuel_tax_cut_expansion,domestic_policy,2022-07-01,before
2022-06-29,2141.09,2163.15,1133.81,105.76000213623048,114.80999755859376,1298.39,0.0017732653347681,0.0022750018533621,-1.7639328647178765e-05,0.0,0.0,0.0063634531615743,2131.877142857142,2150.2771428571427,1133.8014285714285,2079.6023333333333,2083.735,1133.7273333333333,0.0,0.0,0.0,0.0,0.0,0.0,0.0,0.0,fuel_tax_cut_expansion,domestic_policy,2022-07-01,before
2022-06-30,2144.9,2167.66,1133.86,105.76000213623048,114.80999755859376,1298.95,0.0017794674675049,0.002084922451055,4.409909949631974e-05,0.0,0.0,0.0004313033834209,2134.918571428572,2154.485714285714,1133.811428571429,2084.0093333333334,2089.0493333333334,1133.7263333333333,2.0,2.0,5.5,6.0,1.0,1.0,0.0,0.0,fuel_tax_cut_expansion,domestic_policy,2022-07-01,before
2022-07-01,2128.84,2157.7,1105.81,98.62000274658205,110.01000213623048,1302.8699951171875,-0.0074875285561097,-0.0045948165302677,-0.0247385038717301,-0.0675113393100289,-0.0418081658778328,0.0030178183280245,2135.2228571428573,2156.567142857143,1129.8185714285714,2087.7916666666665,2093.990333333333,1132.7983333333332,2.0,2.0,2.5,3.0,2.0,2.0,-0.5,0.0,fuel_tax_cut_expansion,domestic_policy,2022-07-01,after
2022-07-02,2124.75,2155.39,1102.97,98.62000274658205,110.01000213623048,1302.8699951171875,-0.0019212340993217,-0.0010705844185938,-0.0025682531357104,0.0,0.0,0.0,2134.5485714285714,2157.7571428571428,1125.4142857142856,2091.357,2098.7973333333334,1131.7706666666668,0.0,0.0,0.0,0.0,0.0,0.0,0.0,0.0,fuel_tax_cut_expansion,domestic_policy,2022-07-01,after
2022-07-03,2123.33,2154.46,1102.22,98.62000274658205,110.01000213623048,1302.8699951171875,-0.0006683139192846,-0.0004314764381386,-0.0006799822297977,0.0,0.0,0.0,2133.4300000000003,2158.514285714285,1120.9014285714286,2094.773333333333,2103.498333333333,1130.7143333333331,0.0,0.0,0.0,0.0,0.0,0.0,0.0,0.0,fuel_tax_cut_expansion,domestic_policy,2022-07-01,after
2022-07-04,2120.58,2153.08,1101.41,98.62000274658205,110.01000213623048,1302.8699951171875,-0.0012951354711703,-0.0006405317341701,-0.0007348805138719,0.0,0.0,0.0,2131.5414285714287,2158.525714285714,1116.2728571428572,2097.9190000000003,2107.9863333333333,1129.6373333333331,2.0,2.0,1.5,3.0,1.0,1.0,1.0,1.0,fuel_tax_cut_expansion,domestic_policy,2022-07-01,after
2022-07-05,2117.18,2150.78,1101.04,98.62000274658205,110.01000213623048,1299.69,-0.0016033349366683,-0.0010682371300647,-0.0003359330312963,0.0,0.0,-0.0024407616485951,2128.667142857143,2157.46,1111.5885714285714,2100.8486666666668,2112.3083333333334,1128.5456666666666,2.0,2.0,0.0,0.0,0.0,0.0,0.0,0.0,fuel_tax_cut_expansion,domestic_policy,2022-07-01,after
2022-07-06,2113.85,2148.59,1100.81,98.62000274658205,110.01000213623048,1307.1,-0.0015728469001218,-0.0010182352448879,-0.000208893409867,0.0,0.0,0.0057013595549706,2124.7757142857145,2155.38,1106.8742857142856,2103.5756666666666,2116.4663333333333,1127.443,1.0,1.0,2.0,2.0,0.0,0.0,0.0,0.0,fuel_tax_cut_expansion,domestic_policy,2022-07-01,after
2022-07-07,2108.96,2145.24,1100.6,98.62000274658205,110.01000213623048,1299.51,-0.0023133145682048,-0.0015591620551154,-0.0001907686158374,0.0,0.0,-0.0058067477622216,2119.641428571428,2152.177142857143,1102.1228571428571,2106.016333333333,2120.3756666666663,1126.3423333333333,0.0,0.0,0.0,0.0,1.0,1.0,0.0,0.0,fuel_tax_cut_expansion,domestic_policy,2022-07-01,after
2022-07-08,2102.49,2140.28,1100.24,98.62000274658205,110.01000213623048,1299.51,-0.0030678628328656,-0.002312095616341,-0.0003270943121932,0.0,0.0,0.0,2115.877142857142,2149.688571428572,1101.327142857143,2108.0313333333334,2123.834333333333,1125.2313333333332,1.0,1.0,4.0,4.0,0.0,0.0,0.0,0.0,fuel_tax_cut_expansion,domestic_policy,2022-07-01,after
2022-07-09,2097.77,2136.65,1100.21,98.62000274658205,110.01000213623048,1299.51,-0.0022449571698318,-0.0016960397704973,-2.7266778157453157e-05,0.0,0.0,0.0,2112.022857142857,2147.0114285714285,1100.932857142857,2109.674666666667,2126.909333333333,1124.118,0.0,0.0,0.0,0.0,0.0,0.0,0.0,0.0,fuel_tax_cut_expansion,domestic_policy,2022-07-01,after
2022-07-10,2095.64,2134.84,1100.07,98.62000274658205,110.01000213623048,1299.51,-0.0010153639340824,-0.0008471204923594,-0.0001272484343899,0.0,0.0,0.0,2108.0671428571427,2144.208571428572,1100.625714285714,2110.969666666667,2129.5916666666667,1123.001,0.0,0.0,0.0,0.0,0.0,0.0,0.0,0.0,fuel_tax_cut_expansion,domestic_policy,2022-07-01,after
2022-07-11,2090.82,2131.28,1100.07,98.62000274658205,110.01000213623048,1308.9,-0.0023000133610733,-0.0016675722770792,0.0,0.0,0.0,0.0072258004940324,2103.8157142857144,2141.094285714286,1100.4342857142858,2111.844,2131.85,1121.8833333333334,1.0,1.0,0.0,0.0,0.0,0.0,0.0,0.0,fuel_tax_cut_expansion,domestic_policy,2022-07-01,after
2022-07-12,2082.1,2124.27,1099.78,98.62000274658205,110.01000213623048,1311.91,-0.0041706124869669,-0.0032891032618896,-0.0002636195878443,0.0,0.0,0.0022996409198563,2098.804285714286,2137.307142857143,1100.2542857142855,2112.294,2133.726,1120.756666666667,1.0,1.0,0.0,0.0,1.0,1.0,-2.0,-2.0,fuel_tax_cut_expansion,domestic_policy,2022-07-01,after
2022-07-13,2073.11,2117.16,1099.74,98.62000274658205,110.01000213623048,1306.65,-0.0043177561116179,-0.0033470321569292,-3.6370910545757695e-05,0.0,0.0,-0.0040094213779908,2092.9842857142858,2132.817142857143,1100.1014285714284,2112.2543333333333,2135.135,1119.626,2.0,2.0,0.0,0.0,1.0,1.0,0.0,0.0,fuel_tax_cut_expansion,domestic_policy,2022-07-01,after
2022-07-14,2061.81,2108.96,1099.78,98.62000274658205,110.01000213623048,1311.76,-0.0054507479101447,-0.0038731130382209,3.637223343688767e-05,0.0,0.0,0.0039107641679101,2086.248571428572,2127.634285714286,1099.9842857142855,2111.582,2135.978,1118.4996666666666,2.0,2.0,1.5,3.0,0.0,0.0,0.0,0.0,fuel_tax_cut_expansion,domestic_policy,2022-07-01,after
2022-07-15,2049.04,2099.72,1099.85,98.62000274658205,110.01000213623048,1321.15,-0.0061935871879561,-0.0043813064259161,6.364909345490943e-05,0.0,0.0,0.0071583216442032,2078.612857142857,2121.84,1099.928571428571,2110.296333333333,2136.2813333333334,1117.371666666667,1.0,1.0,0.0,0.0,0.0,0.0,0.0,0.0,fuel_tax_cut_expansion,domestic_policy,2022-07-01,after
2022-07-16,2038.83,2092.28,1099.73,98.62000274658205,110.01000213623048,1321.15,-0.0049828212235973,-0.0035433295868018,-0.0001091057871527,0.0,0.0,0.0,2070.192857142857,2115.5014285714287,1099.86,2108.5173333333337,2136.154,1116.2406666666668,1.0,1.0,2.0,2.0,0.0,0.0,0.0,0.0,fuel_tax_cut_expansion,domestic_policy,2022-07-01,after
2022-07-17,2034.36,2088.75,1099.58,98.62000274658205,110.01000213623048,1321.15,-0.0021924338959109,-0.0016871546829296,-0.0001363971156557,0.0,0.0,0.0,2061.438571428572,2108.917142857143,1099.7900000000002,2106.381,2135.639,1115.104,0.0,0.0,0.0,0.0,0.0,0.0,0.0,0.0,fuel_tax_cut_expansion,domestic_policy,2022-07-01,after
2022-07-18,2026.25,2082.11,1099.71,98.62000274658205,110.01000213623048,1316.7,-0.0039865117285042,-0.0031789347695989,0.0001182269593846,0.0,0.0,-0.0033682776369072,2052.214285714286,2101.8928571428573,1099.7385714285715,2103.768333333333,2134.626,1113.9713333333334,1.0,1.0,3.0,3.0,1.0,1.0,0.0,0.0,fuel_tax_cut_expansion,domestic_policy,2022-07-01,after
2022-07-19,2013.01,2072.42,1099.7,98.62000274658205,110.01000213623048,1313.52,-0.0065342381246144,-0.0046539327893339,-9.093306417184976e-06,0.0,0.0,-0.0024151287309182,2042.3442857142857,2094.485714285714,1099.7271428571428,2100.6176666666665,2133.174666666667,1112.8366666666666,0.0,0.0,0.0,0.0,0.0,0.0,0.0,0.0,fuel_tax_cut_expansion,domestic_policy,2022-07-01,after
2022-07-20,2002.16,2063.99,1099.58,98.62000274658205,110.01000213623048,1313.1,-0.0053899384503802,-0.0040677082830701,-0.0001091206692735,0.0,0.0,-0.0003197515074,2032.2085714285715,2086.8900000000003,1099.7042857142858,2096.9803333333334,2131.2793333333334,1111.6966666666665,0.0,0.0,0.0,0.0,0.0,0.0,0.0,0.0,fuel_tax_cut_expansion,domestic_policy,2022-07-01,after
2022-07-21,1989.93,2055.28,1099.58,98.62000274658205,110.01000213623048,1307.58,-0.0061084029248411,-0.0042199816859576,0.0,0.0,0.0,-0.0042037925519762,2021.9400000000005,2079.2214285714285,1099.6757142857143,2092.766333333333,2128.869333333333,1110.5573333333334,4.0,4.0,1.25,3.0,0.0,0.0,0.0,0.0,fuel_tax_cut_expansion,domestic_policy,2022-07-01,after
2022-07-22,1977.25,2046.01,1099.58,98.62000274658205,110.01000213623048,1312.82,-0.006372083440121,-0.0045103343583356,0.0,0.0,0.0,0.0040074029887273,2011.6842857142856,2071.5485714285714,1099.6371428571429,2088.003333333333,2125.9613333333336,1109.4176666666667,1.0,1.0,4.0,4.0,2.0,2.0,-1.5,0.0,fuel_tax_cut_expansion,domestic_policy,2022-07-01,after
2022-07-23,1964.6,2036.83,1099.41,98.62000274658205,110.01000213623048,1312.82,-0.0063977746870653,-0.0044867815895328,-0.0001546044853487,0.0,0.0,0.0,2001.08,2063.627142857142,1099.5914285714284,2082.703,2122.5823333333333,1108.2716666666663,0.0,0.0,0.0,0.0,0.0,0.0,0.0,0.0,fuel_tax_cut_expansion,domestic_policy,2022-07-01,after
2022-07-24,1959.42,2032.61,1099.37,98.62000274658205,110.01000213623048,1312.82,-0.002636669042044,-0.0020718469386252,-3.638315096299305e-05,0.0,0.0,0.0,1990.3742857142856,2055.6071428571427,1099.5614285714285,2077.1266666666666,2118.898333333333,1107.1253333333334,0.0,0.0,0.0,0.0,0.0,0.0,0.0,0.0,fuel_tax_cut_expansion,domestic_policy,2022-07-01,after
2022-07-25,1948.86,2024.7,1099.28,98.62000274658205,110.01000213623048,1313.27,-0.0053893499096672,-0.0038915483048886,-8.186506817531303e-05,0.0,0.0,0.0003427735713958,1979.3185714285717,2047.4057142857143,1099.4999999999998,2071.106333333333,2114.8196666666668,1105.9746666666665,1.0,1.0,0.0,0.0,1.0,1.0,-2.0,-2.0,fuel_tax_cut_expansion,domestic_policy,2022-07-01,after
2022-07-26,1936.63,2015.01,1099.31,98.62000274658205,110.01000213623048,1308.33,-0.0062754636043634,-0.0047858942065491,2.7290590204565035e-05,0.0,0.0,-0.0037616027168823,1968.4071428571428,2039.2042857142856,1099.4442857142856,2064.6220000000003,2110.348,1104.8246666666666,0.0,0.0,0.0,0.0,1.0,1.0,0.0,0.0,fuel_tax_cut_expansion,domestic_policy,2022-07-01,after
2022-07-27,1926.81,2006.74,1099.39,98.62000274658205,110.01000213623048,1313.14,-0.0050706639884748,-0.0041041979940545,7.277292119622913e-05,0.0,0.0,0.0036764424877517,1957.642857142857,2031.0257142857145,1099.4171428571428,2057.722333333333,2105.4726666666666,1103.6773333333333,0.0,0.0,0.0,0.0,0.0,0.0,0.0,0.0,fuel_tax_cut_expansion,domestic_policy,2022-07-01,after
2022-07-28,1916.88,1998.46,1099.24,98.62000274658205,110.01000213623048,1299.69,-0.0051535958397558,-0.004126095059649,-0.0001364392981563,0.0,0.0,-0.0102426245487914,1947.2071428571428,2022.908571428572,1099.3685714285714,2050.375,2100.1466666666665,1102.5243333333333,0.0,0.0,0.0,0.0,0.0,0.0,0.0,0.0,fuel_tax_cut_expansion,domestic_policy,2022-07-01,after
2022-07-29,1907.31,1991.04,1099.53,98.62000274658205,110.01000213623048,1299.08,-0.0049924877926631,-0.003712858901354,0.0002638186383319,0.0,0.0,-0.0004693426894106,1937.2157142857145,2015.0557142857144,1099.3614285714286,2042.5823333333333,2094.409666666667,1101.381666666667,0.0,0.0,0.0,0.0,0.0,0.0,0.0,0.0,fuel_tax_cut_expansion,domestic_policy,2022-07-01,after
2022-07-30,1900.44,1985.32,1099.31,98.62000274658205,110.01000213623048,1299.08,-0.0036019315161142,-0.0028728704596593,-0.0002000854910735,0.0,0.0,0.0,1928.05,2007.697142857143,1099.347142857143,2034.4336666666663,2088.331666666667,1100.23,0.0,0.0,0.0,0.0,2.0,2.0,-1.5,-1.0,fuel_tax_cut_expansion,domestic_policy,2022-07-01,after
2022-07-31,1897.27,1982.61,1099.32,98.62000274658205,110.01000213623048,1299.08,-0.0016680347708951,-0.0013650192412306,9.096615149584151e-06,0.0,0.0,0.0,1919.1714285714288,2000.5542857142857,1099.34,2026.7146666666667,2082.4953333333333,1100.0136666666665,0.0,0.0,0.0,0.0,0.0,0.0,0.0,0.0,fuel_tax_cut_expansion,domestic_policy,2022-07-01,after
2022-08-01,1889.82,1976.46,1091.48,89.55000305175781,96.48999786376952,1350.18994140625,-0.0039266946718179,-0.0031019716434396,-0.007131681403049,-0.091969168953796,-0.1228979548215853,0.0393431824108214,1910.7371428571428,1993.662857142857,1098.2257142857145,2018.8836666666668,2076.531,1099.630666666667,0.0,0.0,0.0,0.0,0.0,0.0,0.0,0.0,fuel_tax_cut_expansion,domestic_policy,2022-07-01,after
2022-08-02,1881.75,1969.64,1090.26,89.55000305175781,96.48999786376952,1304.89,-0.0042702479601232,-0.0034506137235258,-0.0011177483783486,0.0,0.0,-0.0335507916457066,1902.8971428571429,1987.1814285714288,1096.932857142857,2010.831,2070.3703333333333,1099.232,3.0,3.0,1.0,3.0,1.0,1.0,0.0,0.0,fuel_tax_cut_expansion,domestic_policy,2022-07-01,after
2022-08-03,1874.05,1963.18,1089.76,89.55000305175781,96.48999786376952,1310.69,-0.0040919356981533,-0.0032797871692289,-0.0004586062040247,0.0,0.0,0.004444819103526,1895.36,1980.9585714285715,1095.5571428571427,2002.6133333333328,2064.0403333333334,1098.8436666666666,0.0,0.0,0.0,0.0,0.0,0.0,0.0,0.0,fuel_tax_cut_expansion,domestic_policy,2022-07-01,after
2022-08-04,1866.41,1956.93,1089.39,89.55000305175781,96.48999786376952,1310.2,-0.0040767322109868,-0.0031836102649782,-0.0003395242989281,0.0,0.0,-0.0003738488887532,1888.15,1975.0257142857145,1094.15,1994.2543333333333,2057.578666666667,1098.4553333333336,1.0,1.0,6.0,6.0,0.0,0.0,0.0,0.0,fuel_tax_cut_expansion,domestic_policy,2022-07-01,after
2022-08-05,1859.17,1950.56,1089.31,89.55000305175781,96.48999786376952,1298.22,-0.0038791048054821,-0.0032550985472142,-7.343559239592068e-05,0.0,0.0,-0.0091436421920317,1881.2728571428568,1969.242857142857,1092.69,1985.765,2050.9776666666667,1098.072,1.0,1.0,2.0,2.0,0.0,0.0,0.0,0.0,fuel_tax_cut_expansion,domestic_policy,2022-07-01,after
2022-08-06,1852.0,1944.14,1089.06,89.55000305175781,96.48999786376952,1298.22,-0.0038565596475846,-0.0032913624805183,-0.0002295030799313,0.0,0.0,0.0,1874.3528571428571,1963.36,1091.2257142857145,1977.1996666666664,2044.2743333333333,1097.6873333333335,0.0,0.0,0.0,0.0,0.0,0.0,0.0,0.0,fuel_tax_cut_expansion,domestic_policy,2022-07-01,after
2022-08-07,1848.83,1941.43,1089.04,89.55000305175781,96.48999786376952,1298.22,-0.0017116630669546,-0.0013939325357227,-1.8364461094821927e-05,0.0,0.0,0.0,1867.432857142857,1957.4771428571428,1089.7571428571428,1968.744333333333,2037.646,1097.314,0.0,0.0,0.0,0.0,0.0,0.0,0.0,0.0,fuel_tax_cut_expansion,domestic_policy,2022-07-01,after
2022-08-08,1842.61,1935.96,1089.09,89.55000305175781,96.48999786376952,1306.11,-0.0033642898481742,-0.002817510803892,4.591199588621642e-05,0.0,0.0,0.0060775523408973,1860.6885714285715,1951.6914285714288,1089.4157142857143,1960.239,2030.9563333333333,1096.9433333333334,0.0,0.0,0.0,0.0,0.0,0.0,0.0,0.0,fuel_tax_cut_expansion,domestic_policy,2022-07-01,after
2022-08-09,1834.04,1928.2,1088.98,89.55000305175781,96.48999786376952,1304.5,-0.0046510113371792,-0.0040083472799025,-0.0001010017537576,0.0,0.0,-0.0012326679988667,1853.872857142857,1945.7714285714287,1089.2328571428573,1951.519,2024.0683333333332,1096.573666666667,0.0,0.0,0.0,0.0,0.0,0.0,0.0,0.0,fuel_tax_cut_expansion,domestic_policy,2022-07-01,after
2022-08-10,1825.12,1920.46,1088.9,89.55000305175781,96.48999786376952,1310.54,-0.0048635798564917,-0.0040141064204958,-7.346324083079558e-05,0.0,0.0,0.0046301264852433,1846.882857142857,1939.668571428572,1089.11,1942.6623333333328,2017.041,1096.2013333333334,1.0,1.0,2.0,2.0,0.0,0.0,0.0,0.0,fuel_tax_cut_expansion,domestic_policy,2022-07-01,after
2022-08-11,1815.48,1911.58,1088.78,89.55000305175781,96.48999786376952,1302.72,-0.0052818444814586,-0.0046238921924955,-0.0001102029571128,0.0,0.0,-0.0059670059670059,1839.607142857143,1933.19,1089.0228571428572,1933.775,2009.9513333333332,1095.8346666666666,1.0,1.0,2.0,2.0,1.0,1.0,0.0,0.0,fuel_tax_cut_expansion,domestic_policy,2022-07-01,after
2022-08-12,1805.86,1902.96,1088.8,89.55000305175781,96.48999786376952,1302.13,-0.0052988741269527,-0.004509358750353,1.836918385711428e-05,0.0,0.0,-0.0004528985507246,1831.9914285714283,1926.39,1088.95,1924.8666666666663,2002.8113333333336,1095.47,0.0,0.0,0.0,0.0,0.0,0.0,0.0,0.0,fuel_tax_cut_expansion,domestic_policy,2022-07-01,after
2022-08-13,1797.86,1895.71,1088.71,89.55000305175781,96.48999786376952,1302.13,-0.0044300222608618,-0.0038098541219994,-8.265980896393632e-05,0.0,0.0,0.0,1824.2571428571428,1919.4714285714283,1088.9,1916.0683333333332,1995.703,1095.101,0.0,0.0,0.0,0.0,0.0,0.0,0.0,0.0,fuel_tax_cut_expansion,domestic_policy,2022-07-01,after
2022-08-14,1794.06,1892.04,1088.52,89.55000305175781,96.48999786376952,1302.13,-0.0021136239751704,-0.0019359501189528,-0.0001745184668093,0.0,0.0,0.0,1816.4328571428573,1912.4157142857143,1088.8257142857144,1907.569,1988.7803333333331,1094.7233333333331,0.0,0.0,0.0,0.0,0.0,0.0,0.0,0.0,fuel_tax_cut_expansion,domestic_policy,2022-07-01,after
2022-08-15,1789.04,1887.53,1088.65,89.55000305175781,96.48999786376952,1305.85,-0.0027981226937783,-0.0023836705355066,0.0001194282144563,0.0,0.0,0.002856857610223,1808.78,1905.4971428571428,1088.7628571428572,1899.2426666666663,1981.9553333333336,1094.354,0.0,0.0,0.0,0.0,1.0,1.0,0.0,0.0,fuel_tax_cut_expansion,domestic_policy,2022-07-01,after
2022-08-16,1781.36,1880.12,1088.49,89.55000305175781,96.48999786376952,1308.54,-0.0042928050798193,-0.003925765418298,-0.0001469710191522,0.0,0.0,0.0020599609449785,1801.2542857142855,1898.6285714285716,1088.6928571428573,1890.8093333333331,1975.001,1093.984333333333,0.0,0.0,0.0,0.0,2.0,2.0,-1.5,0.0,fuel_tax_cut_expansion,domestic_policy,2022-07-01,after
2022-08-17,1771.95,1870.89,1088.54,89.55000305175781,96.48999786376952,1310.16,-0.0052824808011855,-0.0049092611109927,4.593519462736673e-05,0.0,0.0,0.0012380210005045,1793.6585714285716,1891.547142857143,1088.6414285714286,1882.3326666666665,1967.9603333333332,1093.612,0.0,0.0,0.0,0.0,0.0,0.0,0.0,0.0,fuel_tax_cut_expansion,domestic_policy,2022-07-01,after
2022-08-18,1764.38,1863.53,1088.51,89.55000305175781,96.48999786376952,1319.94,-0.0042721295747621,-0.0039339565661263,-2.7559850809266703e-05,0.0,0.0,0.0074647371313427,1786.3585714285714,1884.6828571428573,1088.6028571428571,1874.0450000000003,1960.9973333333328,1093.239,1.0,1.0,0.0,0.0,0.0,0.0,0.0,0.0,fuel_tax_cut_expansion,domestic_policy,2022-07-01,after
2022-08-19,1757.86,1857.23,1088.43,89.55000305175781,96.48999786376952,1325.5,-0.0036953490744625,-0.0033806807510476,-7.34949610016189e-05,0.0,0.0,0.0042123126808792,1779.5014285714285,1878.15,1088.55,1865.9016666666664,1954.1053333333332,1092.8673333333331,0.0,0.0,0.0,0.0,0.0,0.0,0.0,0.0,fuel_tax_cut_expansion,domestic_policy,2022-07-01,after
2022-08-20,1753.37,1852.84,1088.36,89.55000305175781,96.48999786376952,1325.5,-0.0025542420898138,-0.0023637352401156,-6.431281754470941e-05,0.0,0.0,0.0,1773.145714285714,1872.0257142857145,1088.5,1858.0163333333333,1947.3573333333331,1092.493333333333,0.0,0.0,0.0,0.0,0.0,0.0,0.0,0.0,fuel_tax_cut_expansion,domestic_policy,2022-07-01,after
2022-08-21,1751.21,1850.59,1088.33,89.55000305175781,96.48999786376952,1325.5,-0.0012319134010504,-0.0012143520217612,-2.75644088353344e-05,0.0,0.0,0.0,1767.0242857142855,1866.1042857142857,1088.472857142857,1850.4816666666663,1940.8433333333328,1092.118333333333,0.0,0.0,0.0,0.0,0.0,0.0,0.0,0.0,fuel_tax_cut_expansion,domestic_policy,2022-07-01,after
2022-08-22,1746.84,1846.57,1088.41,89.55000305175781,96.48999786376952,1339.4,-0.0024954174542174,-0.0021722801917226,7.350711640774499e-05,0.0,0.0,0.0104866088268578,1760.9957142857145,1860.2528571428568,1088.438571428571,1843.223,1934.5013333333327,1091.7516666666666,0.0,0.0,0.0,0.0,0.0,0.0,0.0,0.0,fuel_tax_cut_expansion,domestic_policy,2022-07-01,after
2022-08-23,1742.37,1842.27,1088.33,89.55000305175781,96.48999786376952,1339.4,-0.0025589063680703,-0.002328641752005,-7.350171350883894e-05,0.0,0.0,0.0,1755.4257142857143,1854.8457142857144,1088.4157142857143,1835.988,1928.1566666666663,1091.3836666666668,0.0,0.0,0.0,0.0,0.0,0.0,0.0,0.0,fuel_tax_cut_expansion,domestic_policy,2022-07-01,after
2022-08-24,1739.85,1839.79,1088.33,89.55000305175781,96.48999786376952,1342.05,-0.0014463058936965,-0.0013461653286435,0.0,0.0,0.0,0.0019784978348513,1750.84,1850.402857142857,1088.385714285714,1829.021,1921.993,1091.0186666666666,0.0,0.0,0.0,0.0,0.0,0.0,0.0,0.0,fuel_tax_cut_expansion,domestic_policy,2022-07-01,after
2022-08-25,1738.54,1838.6,1088.34,89.55000305175781,96.48999786376952,1335.46,-0.0007529384717073,-0.0006468129514781,9.18838955099588e-06,0.0,0.0,-0.0049103982713013,1747.1485714285714,1846.8414285714284,1088.3614285714286,1822.418,1916.1126666666669,1090.653,1.0,1.0,0.0,0.0,0.0,0.0,0.0,0.0,fuel_tax_cut_expansion,domestic_policy,2022-07-01,after
2022-08-26,1737.77,1838.58,1088.41,89.55000305175781,96.48999786376952,1331.17,-0.0004429003646737,-1.0877841836176572e-05,6.431813587681745e-05,0.0,0.0,-0.0032123762598654,1744.2785714285712,1844.1771428571428,1088.3585714285714,1816.1166666666663,1910.5073333333332,1090.287,1.0,1.0,0.0,0.0,0.0,0.0,0.0,0.0,fuel_tax_cut_expansion,domestic_policy,2022-07-01,after
2022-08-27,1738.0,1838.82,1088.32,89.55000305175781,96.48999786376952,1331.17,0.0001323535335515,0.0001305355219789,-8.268942769740217e-05,0.0,0.0,0.0,1742.0828571428572,1842.1742857142856,1088.3528571428571,1810.154,1905.186,1089.923,0.0,0.0,0.0,0.0,0.0,0.0,0.0,0.0,fuel_tax_cut_expansion,domestic_policy,2022-07-01,after
2022-08-28,1738.06,1839.07,1088.24,89.55000305175781,96.48999786376952,1331.17,3.452243958568246e-05,0.0001359567548753,-7.350779182591083e-05,0.0,0.0,0.0,1740.2042857142856,1840.5285714285712,1088.34,1804.512333333333,1900.1203333333333,1089.5466666666666,0.0,0.0,0.0,0.0,0.0,0.0,0.0,0.0,fuel_tax_cut_expansion,domestic_policy,2022-07-01,after
2022-08-29,1738.53,1840.79,1088.37,89.55000305175781,96.48999786376952,1349.8,0.0002704164413196,0.0009352553192647,0.0001194589428801,0.0,0.0,0.0139952072237203,1739.0171428571427,1839.702857142857,1088.3342857142857,1799.1153333333334,1895.3026666666667,1089.182,0.0,0.0,0.0,0.0,0.0,0.0,0.0,0.0,fuel_tax_cut_expansion,domestic_policy,2022-07-01,after
2022-08-30,1740.46,1845.33,1088.26,89.55000305175781,96.48999786376952,1346.37,0.0011101332735126,0.0024663323898976,-0.0001010685704309,0.0,0.0,-0.0025411172025485,1738.7442857142855,1840.14,1088.3242857142857,1793.888333333333,1890.7266666666665,1088.8133333333333,1.0,1.0,0.0,0.0,0.0,0.0,0.0,0.0,fuel_tax_cut_expansion,domestic_policy,2022-07-01,after
2022-08-31,1741.71,1847.37,1088.36,89.55000305175781,96.48999786376952,1338.66,0.0007182009353849,0.0011054933263969,9.188980574492688e-05,0.0,0.0,-0.0057265090576883,1739.01,1841.222857142857,1088.3285714285714,1788.9513333333332,1886.4236666666663,1088.7093333333332,0.0,0.0,0.0,0.0,0.0,0.0,0.0,0.0,fuel_tax_cut_expansion,domestic_policy,2022-07-01,after
2022-09-01,1742.51,1850.3,1057.6,79.48999786376953,87.95999908447266,1430.1700439453125,0.000459318715515,0.0015860385304513,-0.028262707192473,-0.1123395292591317,-0.0884029326162908,0.0683594370081368,1739.577142857143,1842.8942857142852,1083.9371428571428,1784.31,1882.4456666666667,1087.6206666666667,1.0,1.0,0.0,0.0,0.0,0.0,0.0,0.0,fuel_tax_cut_expansion,domestic_policy,2022-07-01,after
2022-09-02,1742.01,1850.7,1053.89,79.48999786376953,87.95999908447266,1362.2,-0.0002869423991828,0.000216181159812,-0.0035079425113462,0.0,0.0,-0.0475258478759686,1740.1828571428573,1844.625714285714,1079.0057142857142,1779.9086666666667,1878.696333333333,1086.425,3.0,3.0,0.6666666666666666,1.0,0.0,0.0,0.0,0.0,fuel_tax_cut_expansion,domestic_policy,2022-07-01,after
2022-09-03,1741.46,1850.67,1052.82,79.48999786376953,87.95999908447266,1362.2,-0.0003157272346312,-1.621008267138624e-05,-0.0010152862253177,0.0,0.0,0.0,1740.6771428571428,1846.3185714285717,1073.9342857142856,1775.7436666666665,1875.1543333333327,1085.206,0.0,0.0,0.0,0.0,0.0,0.0,0.0,0.0,fuel_tax_cut_expansion,domestic_policy,2022-07-01,after
2022-09-04,1741.41,1850.76,1052.47,79.48999786376953,87.95999908447266,1362.2,-2.871154089090222e-05,4.86310363272402e-05,-0.0003324404931516,0.0,0.0,0.0,1741.1557142857143,1847.9885714285715,1068.8242857142857,1771.8183333333334,1871.8276666666668,1083.978,0.0,0.0,0.0,0.0,0.0,0.0,0.0,0.0,fuel_tax_cut_expansion,domestic_policy,2022-07-01,after
2022-09-05,1741.49,1851.27,1051.97,79.48999786376953,87.95999908447266,1362.2,4.593978442746227e-05,0.0002755624716332,-0.0004750729236937,0.0,0.0,0.0,1741.5785714285714,1849.4857142857145,1063.6242857142856,1768.1346666666666,1868.732,1082.7416666666666,1.0,1.0,0.0,0.0,0.0,0.0,0.0,0.0,fuel_tax_cut_expansion,domestic_policy,2022-07-01,after
2022-09-06,1741.42,1851.76,1052.66,79.48999786376953,87.95999908447266,1378.95,-4.019546480305003e-05,0.0002646831634498,0.0006559122408433,0.0,0.0,0.0122962854206429,1741.7157142857145,1850.4042857142856,1058.5385714285717,1764.5543333333333,1865.743,1081.529,3.0,3.0,0.0,0.0,2.0,2.0,0.0,0.0,fuel_tax_cut_expansion,domestic_policy,2022-07-01,after
2022-09-07,1740.99,1852.57,1052.16,79.48999786376953,87.95999908447266,1383.72,-0.0002469249233384,0.000437421696116,-0.0004749871753462,0.0,0.0,0.003459153703905,1741.6128571428574,1851.1471428571429,1053.3671428571429,1761.167,1862.9633333333331,1080.298,0.0,0.0,0.0,0.0,0.0,0.0,0.0,0.0,fuel_tax_cut_expansion,domestic_policy,2022-07-01,after
2022-09-08,1740.61,1853.89,1052.12,79.48999786376953,87.95999908447266,1380.51,-0.0002182666184182,0.0007125236833156,-3.801703163031078e-05,0.0,0.0,-0.0023198334923251,1741.3414285714284,1851.66,1052.5842857142857,1758.0526666666665,1860.4863333333333,1079.0693333333334,1.0,1.0,0.0,0.0,1.0,1.0,0.0,0.0,fuel_tax_cut_expansion,domestic_policy,2022-07-01,after
2022-09-09,1740.42,1854.92,1051.77,79.48999786376953,87.95999908447266,1376.74,-0.0001091571345677,0.0005555885192756,-0.0003326616735732,0.0,0.0,-0.0027308748216239,1741.1142857142856,1852.2628571428568,1052.2814285714287,1755.2293333333334,1858.3016666666667,1077.8316666666665,1.0,1.0,0.0,0.0,0.0,0.0,0.0,0.0,fuel_tax_cut_expansion,domestic_policy,2022-07-01,after
2022-09-10,1740.44,1855.39,1051.62,79.48999786376953,87.95999908447266,1376.74,1.1491479068315158e-05,0.0002533801996851,-0.000142616731795,0.0,0.0,0.0,1740.9685714285715,1852.937142857143,1052.11,1752.7279999999998,1856.428666666667,1076.593,0.0,0.0,0.0,0.0,0.0,0.0,0.0,0.0,fuel_tax_cut_expansion,domestic_policy,2022-07-01,after
2022-09-11,1740.46,1855.82,1051.55,79.48999786376953,87.95999908447266,1376.74,1.1491347015724074e-05,0.0002317572046846,-6.656396797311004e-05,0.0,0.0,0.0,1740.8328571428574,1853.66,1051.9785714285715,1750.5479999999998,1854.8573333333331,1075.3513333333333,0.0,0.0,0.0,0.0,0.0,0.0,0.0,0.0,fuel_tax_cut_expansion,domestic_policy,2022-07-01,after
2022-09-12,1740.15,1856.09,1051.65,79.48999786376953,87.95999908447266,1377.38,-0.0001781138319754,0.0001454882477827,9.509771290017176e-05,0.0,0.0,0.0004648662783097,1740.6414285714286,1854.3485714285712,1051.932857142857,1748.6243333333332,1853.5366666666664,1074.116,2.0,2.0,1.0,2.0,0.0,0.0,0.0,0.0,fuel_tax_cut_expansion,domestic_policy,2022-07-01,after
2022-09-13,1740.54,1857.38,1051.48,79.48999786376953,87.95999908447266,1373.76,0.0002241186104645,0.0006950094014839,-0.0001616507393145,0.0,0.0,-0.0026281781353004,1740.515714285714,1855.1514285714288,1051.7642857142855,1746.840333333333,1852.3813333333333,1072.8813333333335,1.0,1.0,0.0,0.0,1.0,1.0,0.0,0.0,fuel_tax_cut_expansion,domestic_policy,2022-07-01,after
2022-09-14,1740.38,1858.63,1051.49,79.48999786376953,87.95999908447266,1391.1,-9.192549438674646e-05,0.0006729909873046,9.510404382462312e-06,0.0,0.0,0.012622292103424,1740.428571428571,1856.0171428571427,1051.6685714285716,1745.2183333333332,1851.418,1071.6426666666666,1.0,1.0,3.0,3.0,0.0,0.0,0.0,0.0,fuel_tax_cut_expansion,domestic_policy,2022-07-01,after
2022-09-15,1740.34,1860.41,1051.36,79.48999786376953,87.95999908447266,1393.93,-2.298348636520231e-05,0.0009576946460565,-0.0001236340811611,0.0,0.0,0.0020343612968156,1740.39,1856.9485714285715,1051.56,1743.851,1850.761,1070.405,2.0,2.0,1.5,3.0,0.0,0.0,0.0,0.0,fuel_tax_cut_expansion,domestic_policy,2022-07-01,after
2022-09-16,1739.33,1860.74,1051.13,79.48999786376953,87.95999908447266,1384.48,-0.0005803463691003,0.0001773802548901,-0.0002187642672346,0.0,0.0,-0.0067793935133041,1740.234285714286,1857.78,1051.4685714285713,1742.7636666666667,1850.4226666666664,1069.158,5.0,5.0,0.6,3.0,0.0,0.0,0.0,0.0,fuel_tax_cut_expansion,domestic_policy,2022-07-01,after
2022-09-17,1737.72,1859.89,1050.9,79.48999786376953,87.95999908447266,1384.48,-0.0009256437823759,-0.0004568075066908,-0.0002188121355113,0.0,0.0,0.0,1739.8457142857144,1858.422857142857,1051.3657142857144,1741.875,1850.301333333333,1067.9043333333332,0.0,0.0,0.0,0.0,0.0,0.0,0.0,0.0,fuel_tax_cut_expansion,domestic_policy,2022-07-01,after
2022-09-18,1736.95,1859.21,1050.85,79.48999786376953,87.95999908447266,1384.48,-0.0004431093616923,-0.0003656130201248,-4.757826624812722e-05,0.0,0.0,0.0,1739.3442857142857,1858.9071428571428,1051.2657142857142,1741.178,1850.367333333333,1066.6516666666666,0.0,0.0,0.0,0.0,0.0,0.0,0.0,0.0,fuel_tax_cut_expansion,domestic_policy,2022-07-01,after
2022-09-19,1735.73,1858.61,1050.93,79.48999786376953,87.95999908447266,1393.05,-0.0007023806096894,-0.0003227177134375,7.612884807550735e-05,0.0,0.0,0.0061900496937477,1738.712857142857,1859.267142857143,1051.162857142857,1740.59,1850.5596666666668,1065.404,0.0,0.0,0.0,0.0,0.0,0.0,0.0,0.0,fuel_tax_cut_expansion,domestic_policy,2022-07-01,after
2022-09-20,1731.92,1855.12,1050.54,79.48999786376953,87.95999908447266,1389.86,-0.002195041855588,-0.0018777473488251,-0.0003710998829609,0.0,0.0,-0.0022899393417321,1737.4814285714288,1858.9442857142856,1051.0285714285717,1739.947,1850.7106666666664,1064.1443333333334,3.0,3.0,0.6666666666666666,2.0,0.0,0.0,0.0,0.0,fuel_tax_cut_expansion,domestic_policy,2022-07-01,after
2022-09-21,1728.37,1852.35,1050.48,79.48999786376953,87.95999908447266,1395.92,-0.0020497482562705,-0.0014931648626503,-5.711348449366493e-05,0.0,0.0,0.0043601513821536,1735.765714285714,1858.0471428571425,1050.884285714286,1739.331333333333,1850.9033333333332,1062.88,3.0,3.0,2.0,6.0,0.0,0.0,0.0,0.0,fuel_tax_cut_expansion,domestic_policy,2022-07-01,after
2022-09-22,1724.95,1849.76,1050.35,79.48999786376953,87.95999908447266,1412.29,-0.0019787429774873,-0.0013982238777768,-0.000123752951032,0.0,0.0,0.0117270330677974,1733.5671428571427,1856.525714285714,1050.74,1738.7506666666668,1851.153,1061.614,1.0,1.0,0.0,0.0,0.0,0.0,0.0,0.0,fuel_tax_cut_expansion,domestic_policy,2022-07-01,after
2022-09-23,1721.16,1847.31,1050.24,79.48999786376953,87.95999908447266,1409.42,-0.0021971651352212,-0.001324496150852,-0.0001047269957632,0.0,0.0,-0.0020321605336013,1730.9714285714283,1854.607142857143,1050.6128571428571,1738.1276666666668,1851.4036666666664,1060.3443333333337,0.0,0.0,0.0,0.0,0.0,0.0,0.0,0.0,fuel_tax_cut_expansion,domestic_policy,2022-07-01,after
2022-09-24,1717.19,1844.45,1050.02,79.48999786376953,87.95999908447266,1409.42,-0.0023065839317669,-0.0015481971082276,-0.0002094759293114,0.0,0.0,0.0,1728.0385714285717,1852.4014285714288,1050.4871428571428,1737.4160000000002,1851.5986666666663,1059.067,2.0,2.0,1.5,3.0,0.0,0.0,0.0,0.0,fuel_tax_cut_expansion,domestic_policy,2022-07-01,after
2022-09-25,1715.25,1843.21,1049.92,79.48999786376953,87.95999908447266,1409.42,-0.0011297526773391,-0.0006722871316652,-9.5236281213551e-05,0.0,0.0,0.0,1724.938571428571,1850.115714285714,1050.354285714286,1736.6653333333334,1851.753,1057.784,0.0,0.0,0.0,0.0,0.0,0.0,0.0,0.0,fuel_tax_cut_expansion,domestic_policy,2022-07-01,after
2022-09-26,1711.53,1841.0,1050.15,79.48999786376953,87.95999908447266,1432.47,-0.0021687800612155,-0.0011989952311456,0.0002190643096617,0.0,0.0,0.0163542450085849,1721.4814285714283,1847.6,1050.242857142857,1735.783,1851.8256666666664,1056.5116666666668,1.0,1.0,-1.0,-1.0,0.0,0.0,0.0,0.0,fuel_tax_cut_expansion,domestic_policy,2022-07-01,after
2022-09-27,1705.43,1836.98,1050.02,79.48999786376953,87.95999908447266,1422.39,-0.0035640625639047,-0.0021835958718088,-0.0001237918392611,0.0,0.0,-0.0070367965821273,1717.6971428571428,1845.0085714285717,1050.1685714285716,1734.695333333333,1851.756,1055.2376666666669,0.0,0.0,0.0,0.0,0.0,0.0,0.0,0.0,fuel_tax_cut_expansion,domestic_policy,2022-07-01,after
2022-09-28,1698.78,1832.33,1049.95,79.48999786376953,87.95999908447266,1440.5,-0.0038993098514744,-0.0025313285936701,-6.6665396849519e-05,0.0,0.0,0.01273209176105,1713.47,1842.1485714285716,1050.0928571428572,1733.3703333333333,1851.474,1053.957,0.0,0.0,0.0,0.0,0.0,0.0,0.0,0.0,fuel_tax_cut_expansion,domestic_policy,2022-07-01,after
2022-09-29,1693.28,1828.79,1049.98,79.48999786376953,87.95999908447266,1439.15,-0.0032376175843841,-0.0019319664034316,2.85727891804477e-05,0.0,0.0,-0.0009371745921554,1708.9457142857143,1839.152857142857,1050.0400000000002,1731.7976666666666,1850.9226666666664,1052.681,2.0,2.0,3.5,5.0,0.0,0.0,0.0,0.0,fuel_tax_cut_expansion,domestic_policy,2022-07-01,after
2022-09-30,1688.3,1826.08,1049.87,79.48999786376953,87.95999908447266,1431.67,-0.0029410375129925,-0.0014818541221245,-0.0001047639002649,0.0,0.0,-0.005197512420526,1704.2514285714285,1836.12,1049.9871428571428,1730.0173333333337,1850.213,1051.398,3.0,3.0,-0.3333333333333333,2.0,0.0,0.0,0.0,0.0,fuel_tax_cut_expansion,domestic_policy,2022-07-01,after
2022-04-01,1996.11,1916.89,1155.89,104.69000244140624,109.33999633789062,1263.3800048828125,-0.0011409184393437,-0.0010162389777156,0.067116572346495,0.0439769018327891,0.0132517155708646,0.0427799140628224,1999.577142857143,1919.2814285714285,1093.5528571428572,1952.024,1845.65,1085.574,3.0,3.0,3.333333333333333,4.0,0.0,0.0,0.0,0.0,domestic_oil_price_peak,domestic_price,2022-06-30,before
2022-04-02,1994.54,1915.18,1161.17,104.69000244140624,109.33999633789062,1263.3800048828125,-0.0007865298004618,-0.0008920699674994,0.0045679087110364,0.0,0.0,0.0,1998.7042857142856,1918.7142857142856,1104.6814285714286,1959.369333333333,1856.082,1088.1946666666668,0.0,0.0,0.0,0.0,0.0,0.0,0.0,0.0,domestic_oil_price_peak,domestic_price,2022-06-30,before
2022-04-03,1993.97,1914.62,1161.59,104.69000244140624,109.33999633789062,1263.3800048828125,-0.0002857801798911,-0.0002924007142932,0.0003617041432346,0.0,0.0,0.0,1997.7214285714288,1918.0014285714285,1115.8714285714284,1966.3003333333331,1866.057,1090.8253333333334,0.0,0.0,0.0,0.0,0.0,0.0,0.0,0.0,domestic_oil_price_peak,domestic_price,2022-06-30,before
2022-04-04,1992.3,1913.19,1162.58,104.69000244140624,109.33999633789062,1214.72,-0.0008375251382919,-0.0007468844992739,0.0008522800643944,0.0,0.0,-0.0385157313672429,1996.457142857143,1916.9657142857145,1127.2185714285713,1972.6036666666664,1875.3303333333336,1093.4806666666668,0.0,0.0,0.0,0.0,1.0,1.0,1.0,1.0,domestic_oil_price_peak,domestic_price,2022-06-30,before
2022-04-05,1990.23,1911.37,1163.0,104.69000244140624,109.33999633789062,1212.55,-0.0010390001505796,-0.0009512907761383,0.0003612654613016,0.0,0.0,-0.0017864199157008,1994.9971428571428,1915.687142857143,1138.6371428571429,1978.5146666666667,1884.1756666666663,1096.148,3.0,3.0,3.0,3.0,4.0,4.0,0.5,2.0,domestic_oil_price_peak,domestic_price,2022-06-30,before
2022-04-06,1988.81,1910.43,1163.45,104.69000244140624,109.33999633789062,1212.55,-0.000713485376062,-0.0004917938442059,0.0003869303525365,0.0,0.0,0.0,1993.4785714285715,1914.36,1150.124285714286,1983.8636666666664,1892.3523333333333,1098.8243333333332,3.0,3.0,3.0,6.0,0.0,0.0,0.0,0.0,domestic_oil_price_peak,domestic_price,2022-06-30,before
2022-04-07,1987.04,1909.18,1163.6,104.69000244140624,109.33999633789062,1218.96,-0.0008899794349385,-0.0006543029579728,0.0001289268984485,0.0,0.0,0.0052863799430951,1991.857142857143,1912.98,1161.6114285714286,1988.078,1899.11,1101.5036666666667,3.0,3.0,1.6666666666666667,3.0,0.0,0.0,0.0,0.0,domestic_oil_price_peak,domestic_price,2022-06-30,before
2022-04-08,1984.87,1907.86,1163.56,104.69000244140624,109.33999633789062,1225.13,-0.0010920766567357,-0.0006913963062676,-3.4376074252273625e-05,0.0,0.0,0.0050616919341077,1990.2514285714285,1911.69,1162.7071428571428,1991.1603333333333,1904.367,1104.182,2.0,2.0,3.0,3.0,0.0,0.0,0.0,0.0,domestic_oil_price_peak,domestic_price,2022-06-30,before
2022-04-09,1982.9,1906.17,1163.64,104.69000244140624,109.33999633789062,1225.13,-0.0009925083254821,-0.0008858092312852,6.875451201504568e-05,0.0,0.0,0.0,1988.588571428572,1910.402857142857,1163.06,1993.466,1908.5113333333327,1106.8590000000002,1.0,1.0,0.0,0.0,0.0,0.0,0.0,0.0,domestic_oil_price_peak,domestic_price,2022-06-30,before
2022-04-10,1982.06,1905.5,1163.75,104.69000244140624,109.33999633789062,1225.13,-0.0004236219678249,-0.0003514901608986,9.453095459077689e-05,0.0,0.0,0.0,1986.8871428571424,1909.1,1163.3685714285714,1994.9023333333328,1911.413,1109.5400000000002,0.0,0.0,0.0,0.0,0.0,0.0,0.0,0.0,domestic_oil_price_peak,domestic_price,2022-06-30,before
2022-04-11,1980.41,1904.54,1163.83,104.69000244140624,109.33999633789062,1233.38,-0.0008324672310625,-0.0005038047756494,6.874328678829755e-05,0.0,0.0,0.0067339792511815,1985.1885714285715,1907.8642857142856,1163.547142857143,1995.415,1912.995,1112.2293333333332,1.0,1.0,2.0,2.0,0.0,0.0,0.0,0.0,domestic_oil_price_peak,domestic_price,2022-06-30,before
2022-04-12,1976.94,1902.53,1163.87,104.69000244140624,109.33999633789062,1236.03,-0.0017521624310117,-0.0010553729509488,3.436928073674572e-05,0.0,0.0,0.0021485673515055,1983.29,1906.6014285714284,1163.6714285714286,1995.467666666667,1913.991666666667,1114.919,2.0,2.0,4.0,6.0,0.0,0.0,0.0,0.0,domestic_oil_price_peak,domestic_price,2022-06-30,before
2022-04-13,1974.21,1900.84,1163.86,104.69000244140624,109.33999633789062,1227.17,-0.0013809220310176,-0.0008882908548091,-8.592024882458915e-06,0.0,0.0,-0.0071681108063719,1981.2042857142856,1905.2314285714283,1163.73,1995.006666666667,1914.272333333333,1117.607,0.0,0.0,0.0,0.0,0.0,0.0,0.0,0.0,domestic_oil_price_peak,domestic_price,2022-06-30,before
2022-04-14,1972.26,1899.67,1163.9,104.69000244140624,109.33999633789062,1224.18,-0.0009877368668986,-0.000615517350224,3.4368394824291215e-05,0.0,0.0,-0.0024365002403905,1979.0928571428567,1903.872857142857,1163.7728571428572,1994.0503333333331,1913.8566666666663,1120.2966666666666,2.0,2.0,3.0,3.0,0.0,0.0,0.0,0.0,domestic_oil_price_peak,domestic_price,2022-06-30,before
2022-04-15,1970.42,1899.2,1163.63,104.69000244140624,109.33999633789062,1227.97,-0.0009329398760812,-0.000247411392505,-0.0002319786923274,0.0,0.0,0.003095949942002,1977.0285714285712,1902.6357142857144,1163.7828571428572,1992.9233333333327,1913.2336666666667,1122.976,1.0,1.0,3.0,3.0,0.0,0.0,0.0,0.0,domestic_oil_price_peak,domestic_price,2022-06-30,before
2022-04-16,1969.26,1898.83,1163.65,104.69000244140624,109.33999633789062,1227.97,-0.0005887069761777,-0.0001948188711037,1.7187593994716366e-05,0.0,0.0,0.0,1975.08,1901.587142857143,1163.7842857142855,1991.784666666667,1912.6163333333327,1125.6576666666667,0.0,0.0,0.0,0.0,0.0,0.0,0.0,0.0,domestic_oil_price_peak,domestic_price,2022-06-30,before
2022-04-17,1968.85,1898.62,1163.66,104.69000244140624,109.33999633789062,1227.97,-0.0002082000345308,-0.0001105944186683,8.593649293064942e-06,0.0,0.0,0.0,1973.1928571428573,1900.6042857142857,1163.7714285714287,1990.661,1911.992,1128.3396666666667,0.0,0.0,0.0,0.0,1.0,1.0,-3.0,-3.0,domestic_oil_price_peak,domestic_price,2022-06-30,before
2022-04-18,1968.37,1899.04,1163.58,104.69000244140624,109.33999633789062,1233.73,-0.0002437971404627,0.0002212133022931,-6.874860354411094e-05,0.0,0.0,0.004690668338803,1971.4728571428573,1899.8185714285717,1163.7357142857145,1989.5356666666669,1911.3886666666667,1131.0186666666668,2.0,2.0,3.5,7.0,0.0,0.0,0.0,0.0,domestic_oil_price_peak,domestic_price,2022-06-30,before
2022-04-19,1967.79,1899.54,1163.47,104.69000244140624,109.33999633789062,1236.53,-0.0002946600486696,0.0002632909259414,-9.453582907914536e-05,0.0,0.0,0.0022695403370267,1970.1657142857143,1899.3914285714288,1163.678571428571,1988.3893333333333,1910.793666666667,1133.6926666666666,1.0,1.0,3.0,3.0,0.0,0.0,0.0,0.0,domestic_oil_price_peak,domestic_price,2022-06-30,before
2022-04-20,1967.3,1900.24,1163.49,104.69000244140624,109.33999633789062,1235.28,-0.0002490103110596,0.0003685102709076,1.718995762667319e-05,0.0,0.0,-0.0010108933871397,1969.1785714285716,1899.3057142857144,1163.6257142857144,1987.2286666666664,1910.207666666667,1136.3673333333334,1.0,1.0,2.0,2.0,0.0,0.0,0.0,0.0,domestic_oil_price_peak,domestic_price,2022-06-30,before
2022-04-21,1966.82,1900.7,1163.44,104.69000244140624,109.33999633789062,1238.13,-0.0002439892238093,0.0002420746853029,-4.297415534293414e-05,0.0,0.0,0.0023071692247913,1968.4014285714288,1899.452857142857,1163.56,1986.061333333333,1909.6346666666664,1139.0406666666663,1.0,1.0,2.0,2.0,0.0,0.0,0.0,0.0,domestic_oil_price_peak,domestic_price,2022-06-30,before
2022-04-22,1966.64,1901.65,1163.38,104.69000244140624,109.33999633789062,1239.66,-9.151828840459064e-05,0.0004998158573157,-5.157120264043247e-05,0.0,0.0,0.0012357345351456,1967.8614285714289,1899.802857142857,1163.5242857142855,1984.892,1909.081333333333,1141.7136666666668,2.0,2.0,2.5,3.0,0.0,0.0,0.0,0.0,domestic_oil_price_peak,domestic_price,2022-06-30,before
2022-04-23,1966.5,1902.33,1163.4,104.69000244140624,109.33999633789062,1239.66,-7.11874059309281e-05,0.0003575842031919,1.7191287455586846e-05,0.0,0.0,0.0,1967.467142857143,1900.302857142857,1163.4885714285715,1983.715,1908.5283333333327,1144.386,0.0,0.0,0.0,0.0,0.0,0.0,0.0,0.0,domestic_oil_price_peak,domestic_price,2022-06-30,before
2022-04-24,1966.66,1902.69,1163.39,104.69000244140624,109.33999633789062,1239.66,8.136282735837774e-05,0.000189241614231,-8.595495960106447e-06,0.0,0.0,0.0,1967.1542857142856,1900.8842857142856,1163.45,1982.5396666666668,1907.963,1147.0586666666668,0.0,0.0,0.0,0.0,0.0,0.0,0.0,0.0,domestic_oil_price_peak,domestic_price,2022-06-30,before
2022-04-25,1967.62,1906.16,1163.52,104.69000244140624,109.33999633789062,1249.87,0.0004881372479228,0.0018237337664044,0.0001117424079628,0.0,0.0,0.0082361292612489,1967.0471428571425,1901.9014285714288,1163.4414285714286,1981.438666666667,1907.53,1149.7336666666667,1.0,1.0,-4.0,-4.0,0.0,0.0,0.0,0.0,domestic_oil_price_peak,domestic_price,2022-06-30,before
2022-04-26,1968.2,1908.09,1163.45,104.69000244140624,109.33999633789062,1260.37,0.0002947723645827,0.0010125068199939,-6.016226622651555e-05,0.0,0.0,0.0084008736908638,1967.1057142857144,1903.122857142857,1163.4385714285715,1980.3503333333333,1907.146,1152.4066666666668,0.0,0.0,0.0,0.0,1.0,1.0,0.0,0.0,domestic_oil_price_peak,domestic_price,2022-06-30,before
2022-04-27,1968.74,1909.86,1163.55,104.69000244140624,109.33999633789062,1269.35,0.0002743623615486,0.0009276291998805,8.595126563237798e-05,0.0,0.0,0.0071248918968238,1967.311428571429,1904.4971428571428,1163.4471428571428,1979.27,1906.7933333333333,1155.0866666666666,1.0,1.0,3.0,3.0,0.0,0.0,0.0,0.0,domestic_oil_price_peak,domestic_price,2022-06-30,before
2022-04-28,1969.9,1911.81,1163.6,104.69000244140624,109.33999633789062,1271.5,0.0005892093420156,0.0010210172473374,4.297193932356613e-05,0.0,0.0,0.0016937802812464,1967.751428571429,1906.0842857142857,1163.47,1978.2516666666663,1906.5096666666664,1157.771,1.0,1.0,0.0,0.0,0.0,0.0,0.0,0.0,domestic_oil_price_peak,domestic_price,2022-06-30,before
2022-04-29,1971.64,1915.25,1163.79,104.69000244140624,109.33999633789062,1255.87,0.0008832935682014,0.0017993419848207,0.0001632863526985,0.0,0.0,-0.0122925678332679,1968.4657142857145,1908.027142857143,1163.5285714285717,1977.325,1906.3606666666667,1160.4626666666666,1.0,1.0,2.0,2.0,4.0,4.0,-2.25,0.0,domestic_oil_price_peak,domestic_price,2022-06-30,before
2022-04-30,1974.77,1920.52,1163.95,104.69000244140624,109.33999633789062,1255.87,0.0015875109046274,0.0027515990079622,0.0001374818480999,0.0,0.0,0.0,1969.6471428571429,1910.6257142857144,1163.607142857143,1976.5376666666668,1906.4166666666667,1163.1546666666668,0.0,0.0,0.0,0.0,1.0,1.0,3.0,3.0,domestic_oil_price_peak,domestic_price,2022-06-30,before
2022-05-01,1954.8,1908.76,1141.18,104.69000244140624,109.33999633789062,1236.1700439453125,-0.0101125700714513,-0.0061233415949847,-0.0195626959920958,0.0,0.0,-0.0156863019697002,1967.952857142857,1911.492857142857,1160.4342857142858,1975.1606666666669,1906.1456666666668,1162.6643333333334,0.0,0.0,0.0,0.0,0.0,0.0,0.0,0.0,domestic_oil_price_peak,domestic_price,2022-06-30,before
2022-05-02,1944.63,1904.81,1138.0,104.69000244140624,109.33999633789062,1265.24,-0.0052025782688764,-0.0020694063161423,-0.0027865893198268,0.0,0.0,0.0235161466636977,1964.668571428572,1911.3,1156.7885714285717,1973.497,1905.8,1161.892,0.0,0.0,0.0,0.0,1.0,1.0,0.0,0.0,domestic_oil_price_peak,domestic_price,2022-06-30,before
2022-05-03,1937.99,1903.93,1136.41,104.69000244140624,109.33999633789062,1267.82,-0.0034145312990132,-0.0004619883347944,-0.001397188049209,0.0,0.0,0.0020391388195124,1960.3528571428571,1910.705714285714,1152.9257142857143,1971.631,1905.4436666666663,1161.0526666666667,2.0,2.0,3.0,3.0,1.0,1.0,0.0,0.0,domestic_oil_price_peak,domestic_price,2022-06-30,before
2022-05-04,1934.47,1906.66,1135.62,104.69000244140624,109.33999633789062,1265.22,-0.0018163148416658,0.0014338762454502,-0.0006951716369973,0.0,0.0,-0.0020507643040809,1955.457142857143,1910.2485714285715,1148.9357142857143,1969.7033333333331,1905.226,1160.154,3.0,3.0,3.333333333333333,5.0,0.0,0.0,0.0,0.0,domestic_oil_price_peak,domestic_price,2022-06-30,before
2022-05-05,1932.2,1910.34,1135.13,104.69000244140624,109.33999633789062,1256.05,-0.0011734480245234,0.0019300766785896,-0.0004314823620575,0.0,0.0,-0.0072477513792068,1950.071428571429,1910.0385714285717,1144.8685714285716,1967.769,1905.1916666666664,1159.225,1.0,1.0,6.0,6.0,0.0,0.0,0.0,0.0,domestic_oil_price_peak,domestic_price,2022-06-30,before
2022-05-06,1931.69,1914.2,1134.94,104.69000244140624,109.33999633789062,1272.58,-0.0002639478314874,0.0020205827234942,-0.0001673817095839,0.0,0.0,0.0131603041280203,1944.3642857142856,1909.8885714285716,1140.747142857143,1965.865,1905.3173333333332,1158.274666666667,0.0,0.0,0.0,0.0,0.0,0.0,0.0,0.0,domestic_oil_price_peak,domestic_price,2022-06-30,before
2022-05-07,1933.32,1920.01,1134.73,104.69000244140624,109.33999633789062,1272.58,0.0008438206958671,0.0030352105318147,-0.0001850318078489,0.0,0.0,0.0,1938.4428571428568,1909.8157142857144,1136.5728571428572,1964.0743333333332,1905.6783333333333,1157.312333333333,2.0,2.0,4.0,5.0,0.0,0.0,0.0,0.0,domestic_oil_price_peak,domestic_price,2022-06-30,before
2022-05-08,1935.93,1924.7,1134.65,104.69000244140624,109.33999633789062,1272.58,0.001350009310409,0.0024426956109604,-7.05013527446674e-05,0.0,0.0,0.0,1935.7471428571428,1912.0928571428572,1135.64,1962.443,1906.2396666666668,1156.3486666666663,2.0,2.0,3.5,5.0,0.0,0.0,0.0,0.0,domestic_oil_price_peak,domestic_price,2022-06-30,before
2022-05-09,1938.49,1931.32,1134.55,104.69000244140624,109.33999633789062,1276.29,0.0013223618622573,0.0034394970644775,-8.813290442000188e-05,0.0,0.0,0.0029153373461785,1934.87,1915.88,1135.1471428571429,1960.9626666666663,1907.078,1155.379,0.0,0.0,0.0,0.0,1.0,1.0,0.0,0.0,domestic_oil_price_peak,domestic_price,2022-06-30,before
2022-05-10,1943.79,1941.46,1134.41,104.69000244140624,109.33999633789062,1275.02,0.0027340868407883,0.0052502951349335,-0.0001233969415185,0.0,0.0,-0.0009950716529941,1935.6985714285715,1921.2414285714283,1134.8614285714286,1959.687,1908.2766666666664,1154.401,3.0,3.0,2.333333333333333,3.0,1.0,1.0,1.0,1.0,domestic_oil_price_peak,domestic_price,2022-06-30,before
2022-05-11,1946.11,1947.59,1134.29,104.69000244140624,109.33999633789062,1275.04,0.0011935445701438,0.0031574176135484,-0.000105781860174,0.0,0.0,1.568602845436473e-05,1937.3614285714289,1927.0885714285712,1134.6714285714286,1958.5436666666667,1909.7116666666668,1153.4163333333331,0.0,0.0,0.0,0.0,4.0,4.0,0.0,0.0,domestic_oil_price_peak,domestic_price,2022-06-30,before
2022-05-12,1948.69,1953.29,1134.3,104.69000244140624,109.33999633789062,1288.65,0.0013257215676401,0.0029266940167078,8.816087596619226e-06,0.0,0.0,0.0106741749278453,1939.7171428571423,1933.2242857142855,1134.5528571428572,1957.602,1911.4036666666664,1152.4306666666669,0.0,0.0,0.0,0.0,1.0,1.0,0.0,0.0,domestic_oil_price_peak,domestic_price,2022-06-30,before
2022-05-13,1951.7,1959.24,1134.28,104.69000244140624,109.33999633789062,1283.51,0.0015446274163668,0.0030461426618679,-1.763201974780415e-05,0.0,0.0,-0.0039886703138944,1942.5757142857144,1939.658571428572,1134.4585714285715,1956.8516666666667,1913.3503333333333,1151.4446666666668,0.0,0.0,0.0,0.0,1.0,1.0,0.0,0.0,domestic_oil_price_peak,domestic_price,2022-06-30,before
2022-05-14,1954.7,1964.02,1134.15,104.69000244140624,109.33999633789062,1283.51,0.0015371214838346,0.0024397215246727,-0.0001146101491693,0.0,0.0,0.0,1945.63,1945.945714285714,1134.3757142857144,1956.2663333333333,1915.4953333333333,1150.4530000000002,0.0,0.0,0.0,0.0,1.0,1.0,-1.0,-1.0,domestic_oil_price_peak,domestic_price,2022-06-30,before
2022-05-15,1956.42,1966.48,1134.14,104.69000244140624,109.33999633789062,1283.51,0.000879930424106,0.001252533069928,-8.817175858544246e-06,0.0,0.0,0.0,1948.5571428571432,1951.9142857142856,1134.3028571428572,1955.7996666666668,1917.738,1149.4700000000005,0.0,0.0,0.0,0.0,2.0,2.0,1.5,3.0,domestic_oil_price_peak,domestic_price,2022-06-30,before
2022-05-16,1958.73,1970.51,1134.22,104.69000244140624,109.33999633789062,1284.79,0.0011807280645259,0.0020493470566698,7.053802881462623e-05,0.0,0.0,0.0009972653115284,1951.4485714285715,1957.5128571428568,1134.2557142857142,1955.448666666667,1920.1273333333331,1148.4890000000005,1.0,1.0,2.0,2.0,0.0,0.0,0.0,0.0,domestic_oil_price_peak,domestic_price,2022-06-30,before
2022-05-17,1963.26,1976.49,1134.14,104.69000244140624,109.33999633789062,1274.33,0.0023127230399289,0.0030347473496707,-7.053305355220196e-05,0.0,0.0,-0.0081414083235392,1954.23,1962.517142857143,1134.217142857143,1955.2623333333331,1922.723,1147.505,0.0,0.0,0.0,0.0,0.0,0.0,0.0,0.0,domestic_oil_price_peak,domestic_price,2022-06-30,before
2022-05-18,1967.33,1981.61,1133.95,104.69000244140624,109.33999633789062,1266.36,0.0020730825260026,0.0025904507485492,-0.0001675278184352,0.0,0.0,-0.0062542669481218,1957.2614285714285,1967.3771428571429,1134.1685714285716,1955.227666666667,1925.4753333333333,1146.5173333333332,2.0,2.0,4.0,8.0,0.0,0.0,0.0,0.0,domestic_oil_price_peak,domestic_price,2022-06-30,before
2022-05-19,1972.11,1986.76,1133.93,104.69000244140624,109.33999633789062,1276.91,0.0024296889693138,0.0025988968565964,-1.763746196925542e-05,0.0,0.0,0.0083309643387348,1960.607142857143,1972.1585714285716,1134.1157142857144,1955.371666666667,1928.3826666666664,1145.5326666666667,4.0,4.0,2.0,6.0,0.0,0.0,0.0,0.0,domestic_oil_price_peak,domestic_price,2022-06-30,before
2022-05-20,1977.39,1990.99,1133.87,104.69000244140624,109.33999633789062,1267.87,0.0026773354427491,0.0021290946062937,-5.29133191644604e-05,0.0,0.0,-0.0070795905741204,1964.277142857143,1976.6942857142856,1134.057142857143,1955.708,1931.4076666666667,1144.5453333333332,0.0,0.0,0.0,0.0,0.0,0.0,0.0,0.0,domestic_oil_price_peak,domestic_price,2022-06-30,before
2022-05-21,1982.53,1994.32,1133.87,104.69000244140624,109.33999633789062,1267.87,0.0025993860594015,0.0016725347691348,0.0,0.0,0.0,0.0,1968.252857142857,1981.0228571428568,1134.0171428571427,1956.2316666666668,1934.5283333333332,1143.5596666666668,0.0,0.0,0.0,0.0,0.0,0.0,0.0,0.0,domestic_oil_price_peak,domestic_price,2022-06-30,before
2022-05-22,1985.07,1995.79,1133.88,104.69000244140624,109.33999633789062,1267.87,0.0012811912051771,0.0007370933451,8.81935318886029e-06,0.0,0.0,0.0,1972.345714285714,1985.21,1133.98,1956.846,1937.6663333333336,1142.5763333333334,0.0,0.0,0.0,0.0,0.0,0.0,0.0,0.0,domestic_oil_price_peak,domestic_price,2022-06-30,before
2022-05-23,1988.77,1998.38,1133.91,104.69000244140624,109.33999633789062,1263.85,0.0018639141188976,0.0012977317252818,2.6457826225012585e-05,0.0,0.0,-0.0031706720720579,1976.6371428571424,1989.1914285714288,1133.9357142857143,1957.5883333333331,1940.868,1141.5933333333332,0.0,0.0,0.0,0.0,0.0,0.0,0.0,0.0,domestic_oil_price_peak,domestic_price,2022-06-30,before
2022-05-24,1994.77,2000.93,1133.89,104.69000244140624,109.33999633789062,1265.97,0.0030169401187669,0.0012760335872055,-1.763808415122803e-05,0.0,0.0,0.0016774142501088,1981.1385714285716,1992.682857142857,1133.9,1958.5253333333333,1944.1426666666664,1140.61,0.0,0.0,0.0,0.0,0.0,0.0,0.0,0.0,domestic_oil_price_peak,domestic_price,2022-06-30,before
2022-05-25,1998.59,2002.68,1133.86,104.69000244140624,109.33999633789062,1264.58,0.0019150077452538,0.0008745933141089,-2.6457592888329277e-05,0.0,0.0,-0.0010979723058208,1985.6042857142857,1995.6928571428573,1133.8871428571429,1959.5576666666664,1947.36,1139.6213333333333,1.0,1.0,3.0,3.0,1.0,1.0,0.0,0.0,domestic_oil_price_peak,domestic_price,2022-06-30,before
2022-05-26,2001.53,2003.85,1133.83,104.69000244140624,109.33999633789062,1267.83,0.0014710370811421,0.0005842171490202,-2.645829291092472e-05,0.0,0.0,0.0025700232488257,1989.8071428571432,1998.1342857142856,1133.8728571428571,1960.6686666666667,1950.552,1138.6339999999998,0.0,0.0,0.0,0.0,1.0,1.0,0.0,0.0,domestic_oil_price_peak,domestic_price,2022-06-30,before
2022-05-27,2004.55,2005.14,1133.8,104.69000244140624,109.33999633789062,1250.13,0.0015088457330141,0.000643760760536,-2.645899297071264e-05,0.0,0.0,-0.013960862260713,1993.6871428571428,2000.1557142857143,1133.8628571428571,1961.8623333333333,1953.728,1137.6423333333337,1.0,1.0,0.0,0.0,1.0,1.0,0.0,0.0,domestic_oil_price_peak,domestic_price,2022-06-30,before
2022-05-28,2007.62,2005.62,1133.84,104.69000244140624,109.33999633789062,1250.13,0.0015315158015514,0.0002393847811124,3.5279590756776e-05,0.0,0.0,0.0,1997.2714285714285,2001.77,1133.8585714285714,1963.1196666666667,1956.855,1136.6503333333335,0.0,0.0,0.0,0.0,1.0,1.0,0.0,0.0,domestic_oil_price_peak,domestic_price,2022-06-30,before
2022-05-29,2008.76,2006.09,1133.8,104.69000244140624,109.33999633789062,1250.13,0.0005678365427721,0.000234341500384,-3.527834615113523e-05,0.0,0.0,0.0,2000.655714285714,2003.2414285714287,1133.847142857143,1964.357,1959.883,1135.650666666667,0.0,0.0,0.0,0.0,0.0,0.0,0.0,0.0,domestic_oil_price_peak,domestic_price,2022-06-30,before
2022-05-30,2010.45,2007.13,1133.96,104.69000244140624,109.33999633789062,1250.13,0.0008413150401243,0.0005184214068163,0.0001411183630271,0.0,0.0,0.0,2003.7528571428568,2004.4914285714287,1133.8542857142857,1965.5463333333328,1962.77,1134.651,3.0,3.0,3.333333333333333,5.0,0.0,0.0,0.0,0.0,domestic_oil_price_peak,domestic_price,2022-06-30,before
2022-05-31,2012.69,2008.23,1133.89,104.69000244140624,109.33999633789062,1236.93,0.001114178417767,0.0005480462152425,-6.173057250691283e-05,0.0,0.0,-0.0105589018742051,2006.3128571428567,2005.534285714286,1133.8542857142857,1967.476,1966.0856666666664,1134.408,5.0,5.0,2.0,6.0,0.0,0.0,0.0,0.0,domestic_oil_price_peak,domestic_price,2022-06-30,before
2022-06-01,2015.37,2009.47,1133.65,105.76000213623048,114.80999755859376,1301.72998046875,0.0013315513069571,0.0006174591555747,-0.0002116607431056,0.0102206482937385,0.0500274501912303,0.0523877506962802,2008.71,2006.5042857142855,1133.8242857142857,1969.834,1969.5743333333332,1134.263,2.0,2.0,2.5,3.0,0.0,0.0,0.0,0.0,domestic_oil_price_peak,domestic_price,2022-06-30,before
2022-06-02,2017.79,2011.18,1133.8,105.76000213623048,114.80999755859376,1252.03,0.0012007720666677,0.0008509706539534,0.0001323159705375,0.0,0.0,-0.0381799460828682,2011.032857142857,2007.5514285714287,1133.82,1972.494,1973.1493333333333,1134.176,1.0,1.0,2.0,2.0,0.0,0.0,0.0,0.0,domestic_oil_price_peak,domestic_price,2022-06-30,before
2022-06-03,2020.84,2013.43,1133.91,105.76000213623048,114.80999755859376,1242.23,0.0015115547207589,0.0011187462086934,9.701887458124504e-05,0.0,0.0,-0.0078272884835027,2013.36,2008.7357142857145,1133.8357142857144,1975.373,1976.7083333333333,1134.119,1.0,1.0,2.0,2.0,0.0,0.0,0.0,0.0,domestic_oil_price_peak,domestic_price,2022-06-30,before
2022-06-04,2026.21,2018.44,1133.72,105.76000213623048,114.80999755859376,1242.23,0.0026573108212426,0.0024882911250949,-0.0001675617994374,0.0,0.0,0.0,2016.0157142857145,2010.5671428571427,1133.8185714285714,1978.506666666667,1980.311666666667,1134.072,0.0,0.0,0.0,0.0,0.0,0.0,0.0,0.0,domestic_oil_price_peak,domestic_price,2022-06-30,before
2022-06-05,2029.29,2021.12,1133.79,105.76000213623048,114.80999755859376,1242.23,0.0015200793599874,0.001327758070589,6.174364040489877e-05,0.0,0.0,0.0,2018.9485714285715,2012.7142857142856,1133.817142857143,1981.76,1983.8756666666663,1134.0336666666667,0.0,0.0,0.0,0.0,0.0,0.0,0.0,0.0,domestic_oil_price_peak,domestic_price,2022-06-30,before
2022-06-06,2032.04,2023.85,1133.89,105.76000213623048,114.80999755859376,1253.52,0.0013551537729945,0.0013507362254592,8.819975480478526e-05,0.0,0.0,0.0090884940791962,2022.032857142857,2015.1028571428571,1133.8071428571427,1985.0506666666663,1987.337,1134.005666666667,0.0,0.0,0.0,0.0,1.0,1.0,0.0,0.0,domestic_oil_price_peak,domestic_price,2022-06-30,before
2022-06-07,2035.74,2027.96,1133.62,105.76000213623048,114.80999755859376,1255.32,0.0018208302986162,0.0020307829137535,-0.0002381183359939,0.0,0.0,0.001435956346927,2025.3257142857144,2017.9214285714288,1133.7685714285717,1988.3776666666668,1990.779,1133.9713333333334,0.0,0.0,0.0,0.0,1.0,1.0,3.0,3.0,domestic_oil_price_peak,domestic_price,2022-06-30,before
2022-06-08,2042.04,2036.52,1133.57,105.76000213623048,114.80999755859376,1253.5,0.0030946977511863,0.0042209905520818,-4.410649071118211e-05,0.0,0.0,-0.0014498295255392,2029.1357142857144,2021.7857142857144,1133.7571428571428,1991.8293333333331,1994.2856666666669,1133.9386666666664,2.0,2.0,1.0,2.0,0.0,0.0,0.0,0.0,domestic_oil_price_peak,domestic_price,2022-06-30,before
2022-06-09,2048.47,2044.4,1133.61,105.76000213623048,114.80999755859376,1256.91,0.0031488119723412,0.0038693457466658,3.5286748943486046e-05,0.0,0.0,0.0027203829278021,2033.5185714285712,2026.5314285714285,1133.73,1995.3186666666663,1997.717,1133.912,0.0,0.0,0.0,0.0,0.0,0.0,0.0,0.0,domestic_oil_price_peak,domestic_price,2022-06-30,before
2022-06-10,2056.79,2054.37,1133.58,105.76000213623048,114.80999755859376,1268.01,0.0040615679018976,0.0048767364507922,-2.6464127874659127e-05,0.0,0.0,0.0088311812301595,2038.654285714286,2032.38,1133.682857142857,1999.008,2001.276333333333,1133.888333333333,1.0,1.0,3.0,3.0,1.0,1.0,2.0,2.0,domestic_oil_price_peak,domestic_price,2022-06-30,before
2022-06-11,2064.59,2063.53,1133.6,105.76000213623048,114.80999755859376,1268.01,0.0037923171544009,0.004458787852237,1.7643218828800045e-05,0.0,0.0,0.0,2044.1371428571424,2038.821428571429,1133.665714285714,2002.8713333333333,2004.951,1133.865,1.0,1.0,5.0,5.0,0.0,0.0,0.0,0.0,domestic_oil_price_peak,domestic_price,2022-06-30,before
2022-06-12,2068.6,2067.99,1133.58,105.76000213623048,114.80999755859376,1268.01,0.0019422742529993,0.00216134487989,-1.764290755112974e-05,0.0,0.0,0.0,2049.752857142857,2045.5171428571427,1133.635714285714,2006.768,2008.576,1133.8416666666667,0.0,0.0,0.0,0.0,0.0,0.0,0.0,0.0,domestic_oil_price_peak,domestic_price,2022-06-30,before
2022-06-13,2074.3,2074.89,1133.66,105.76000213623048,114.80999755859376,1283.69,0.0027554868026686,0.0033365731942611,7.057287531542222e-05,0.0,0.0,0.0123658330770262,2055.79,2052.808571428571,1133.6028571428571,2010.7546666666667,2012.2716666666668,1133.8253333333332,2.0,2.0,4.0,5.0,0.0,0.0,0.0,0.0,domestic_oil_price_peak,domestic_price,2022-06-30,before
2022-06-14,2081.98,2083.67,1133.57,105.76000213623048,114.80999755859376,1285.87,0.0037024538398495,0.0042315496243174,-7.93888820282973e-05,0.0,0.0,0.0016982293232787,2062.3957142857143,2060.7671428571425,1133.5957142857144,2014.94,2016.178,1133.8063333333332,1.0,1.0,6.0,6.0,1.0,1.0,0.0,0.0,domestic_oil_price_peak,domestic_price,2022-06-30,before
2022-06-15,2087.61,2090.62,1133.69,105.76000213623048,114.80999755859376,1290.05,0.0027041566201404,0.0033354609895039,0.0001058602468309,0.0,0.0,0.0032507174131133,2068.905714285714,2068.4957142857143,1133.6128571428571,2019.236,2020.1816666666668,1133.7886666666666,1.0,1.0,2.0,2.0,0.0,0.0,0.0,0.0,domestic_oil_price_peak,domestic_price,2022-06-30,before
2022-06-16,2092.2,2096.1,1133.66,105.76000213623048,114.80999755859376,1286.76,0.0021986865362781,0.0026212319790301,-2.6462260406256988e-05,0.0,0.0,-0.002550288748498,2075.152857142857,2075.8814285714284,1133.62,2023.534,2024.1686666666667,1133.7726666666667,0.0,0.0,0.0,0.0,0.0,0.0,0.0,0.0,domestic_oil_price_peak,domestic_price,2022-06-30,before
2022-06-17,2098.45,2104.2,1133.68,105.76000213623048,114.80999755859376,1287.36,0.0029872861103144,0.0038643194504077,1.7641973784066067e-05,0.0,0.0,0.0004662874195653,2081.1042857142857,2082.9999999999995,1133.6342857142856,2027.9046666666663,2028.255,1133.7636666666667,0.0,0.0,0.0,0.0,0.0,0.0,0.0,0.0,domestic_oil_price_peak,domestic_price,2022-06-30,before
2022-06-18,2104.63,2112.5,1133.69,105.76000213623048,114.80999755859376,1287.36,0.0029450308561083,0.0039444919684441,8.820831275180296e-06,0.0,0.0,0.0,2086.824285714285,2089.9957142857143,1133.6471428571429,2032.322,2032.446333333333,1133.755666666667,0.0,0.0,0.0,0.0,0.0,0.0,0.0,0.0,domestic_oil_price_peak,domestic_price,2022-06-30,before
2022-06-19,2107.53,2115.96,1133.74,105.76000213623048,114.80999755859376,1287.36,0.0013779144077581,0.0016378698224852,4.4103767343761646e-05,0.0,0.0,0.0,2092.3857142857146,2096.848571428572,1133.67,2036.66,2036.612,1133.7513333333334,1.0,1.0,3.0,3.0,2.0,2.0,0.0,0.0,domestic_oil_price_peak,domestic_price,2022-06-30,before
2022-06-20,2111.28,2120.85,1133.78,105.76000213623048,114.80999755859376,1287.36,0.0017793341020055,0.0023110077695229,3.52814578297167e-05,0.0,0.0,0.0,2097.668571428572,2103.4142857142856,1133.6871428571428,2040.9516666666664,2040.8296666666668,1133.7483333333334,2.0,2.0,6.5,8.0,2.0,2.0,0.0,0.0,domestic_oil_price_peak,domestic_price,2022-06-30,before
2022-06-21,2116.35,2127.58,1133.76,105.76000213623048,114.80999755859376,1293.25,0.0024013868364214,0.0031732560058466,-1.764010654625725e-05,0.0,0.0,0.0045752547849864,2102.578571428571,2109.687142857143,1133.7142857142858,2045.3276666666668,2045.2226666666668,1133.744333333333,0.0,0.0,0.0,0.0,0.0,0.0,0.0,0.0,domestic_oil_price_peak,domestic_price,2022-06-30,before
2022-06-22,2120.14,2133.25,1133.77,105.76000213623048,114.80999755859376,1297.21,0.0017908190989202,0.0026649996709877,8.820208862614365e-06,0.0,0.0,0.0030620529673304,2107.2257142857143,2115.7771428571427,1133.7257142857145,2049.706666666667,2049.718333333333,1133.7396666666668,1.0,1.0,2.0,2.0,0.0,0.0,0.0,0.0,domestic_oil_price_peak,domestic_price,2022-06-30,before
2022-06-23,2123.61,2138.2,1133.79,105.76000213623048,114.80999755859376,1300.86,0.0016366843699002,0.0023204031407475,1.764026213435521e-05,0.0,0.0,0.0028137310073155,2111.712857142857,2121.791428571428,1133.7442857142858,2054.001333333333,2054.294,1133.7363333333335,2.0,2.0,2.5,3.0,0.0,0.0,0.0,0.0,domestic_oil_price_peak,domestic_price,2022-06-30,before
2022-06-24,2126.71,2143.13,1133.76,105.76000213623048,114.80999755859376,1298.71,0.0014597783962215,0.0023056776728089,-2.645992644134676e-05,0.0,0.0,-0.0016527527943052,2115.75,2127.3528571428574,1133.7557142857142,2058.272,2058.9756666666667,1133.7330000000002,1.0,1.0,3.0,3.0,0.0,0.0,0.0,0.0,domestic_oil_price_peak,domestic_price,2022-06-30,before
2022-06-25,2129.47,2147.06,1133.8,105.76000213623048,114.80999755859376,1298.71,0.0012977791988564,0.0018337665003989,3.5280835450235415e-05,0.0,0.0,0.0,2119.2985714285714,2132.29,1133.7714285714285,2062.536666666667,2063.749333333333,1133.732,0.0,0.0,0.0,0.0,1.0,1.0,3.0,3.0,domestic_oil_price_peak,domestic_price,2022-06-30,before
2022-06-26,2131.16,2149.16,1133.81,105.76000213623048,114.80999755859376,1298.71,0.0007936247047388,0.0009780816558455,8.819897689082978e-06,0.0,0.0,0.0,2122.674285714286,2137.032857142857,1133.7814285714285,2066.757,2068.55,1133.7323333333331,1.0,1.0,4.0,4.0,0.0,0.0,0.0,0.0,domestic_oil_price_peak,domestic_price,2022-06-30,before
2022-06-27,2133.8,2153.0,1133.81,105.76000213623048,114.80999755859376,1286.2,0.0012387619887761,0.0017867445885835,0.0,0.0,0.0,-0.0096326354613424,2125.8914285714286,2141.6257142857144,1133.7857142857142,2070.963,2073.462666666667,1133.7313333333334,1.0,1.0,0.0,0.0,2.0,2.0,0.5,1.0,domestic_oil_price_peak,domestic_price,2022-06-30,before
2022-06-28,2137.3,2158.24,1133.83,105.76000213623048,114.80999755859376,1290.18,0.0016402661917704,0.0024338132837899,1.7639639798616713e-05,0.0,0.0,0.0030943865650754,2128.8842857142854,2146.005714285714,1133.7957142857142,2075.247666666666,2078.534333333333,1133.7323333333334,0.0,0.0,0.0,0.0,0.0,0.0,0.0,0.0,domestic_oil_price_peak,domestic_price,2022-06-30,before
2022-06-29,2141.09,2163.15,1133.81,105.76000213623048,114.80999755859376,1298.39,0.0017732653347681,0.0022750018533621,-1.7639328647178765e-05,0.0,0.0,0.0063634531615743,2131.877142857142,2150.2771428571427,1133.8014285714285,2079.6023333333333,2083.735,1133.7273333333333,0.0,0.0,0.0,0.0,0.0,0.0,0.0,0.0,domestic_oil_price_peak,domestic_price,2022-06-30,before
2022-06-30,2144.9,2167.66,1133.86,105.76000213623048,114.80999755859376,1298.95,0.0017794674675049,0.002084922451055,4.409909949631974e-05,0.0,0.0,0.0004313033834209,2134.918571428572,2154.485714285714,1133.811428571429,2084.0093333333334,2089.0493333333334,1133.7263333333333,2.0,2.0,5.5,6.0,1.0,1.0,0.0,0.0,domestic_oil_price_peak,domestic_price,2022-06-30,after
2022-07-01,2128.84,2157.7,1105.81,98.62000274658205,110.01000213623048,1302.8699951171875,-0.0074875285561097,-0.0045948165302677,-0.0247385038717301,-0.0675113393100289,-0.0418081658778328,0.0030178183280245,2135.2228571428573,2156.567142857143,1129.8185714285714,2087.7916666666665,2093.990333333333,1132.7983333333332,2.0,2.0,2.5,3.0,2.0,2.0,-0.5,0.0,domestic_oil_price_peak,domestic_price,2022-06-30,after
2022-07-02,2124.75,2155.39,1102.97,98.62000274658205,110.01000213623048,1302.8699951171875,-0.0019212340993217,-0.0010705844185938,-0.0025682531357104,0.0,0.0,0.0,2134.5485714285714,2157.7571428571428,1125.4142857142856,2091.357,2098.7973333333334,1131.7706666666668,0.0,0.0,0.0,0.0,0.0,0.0,0.0,0.0,domestic_oil_price_peak,domestic_price,2022-06-30,after
2022-07-03,2123.33,2154.46,1102.22,98.62000274658205,110.01000213623048,1302.8699951171875,-0.0006683139192846,-0.0004314764381386,-0.0006799822297977,0.0,0.0,0.0,2133.4300000000003,2158.514285714285,1120.9014285714286,2094.773333333333,2103.498333333333,1130.7143333333331,0.0,0.0,0.0,0.0,0.0,0.0,0.0,0.0,domestic_oil_price_peak,domestic_price,2022-06-30,after
2022-07-04,2120.58,2153.08,1101.41,98.62000274658205,110.01000213623048,1302.8699951171875,-0.0012951354711703,-0.0006405317341701,-0.0007348805138719,0.0,0.0,0.0,2131.5414285714287,2158.525714285714,1116.2728571428572,2097.9190000000003,2107.9863333333333,1129.6373333333331,2.0,2.0,1.5,3.0,1.0,1.0,1.0,1.0,domestic_oil_price_peak,domestic_price,2022-06-30,after
2022-07-05,2117.18,2150.78,1101.04,98.62000274658205,110.01000213623048,1299.69,-0.0016033349366683,-0.0010682371300647,-0.0003359330312963,0.0,0.0,-0.0024407616485951,2128.667142857143,2157.46,1111.5885714285714,2100.8486666666668,2112.3083333333334,1128.5456666666666,2.0,2.0,0.0,0.0,0.0,0.0,0.0,0.0,domestic_oil_price_peak,domestic_price,2022-06-30,after
2022-07-06,2113.85,2148.59,1100.81,98.62000274658205,110.01000213623048,1307.1,-0.0015728469001218,-0.0010182352448879,-0.000208893409867,0.0,0.0,0.0057013595549706,2124.7757142857145,2155.38,1106.8742857142856,2103.5756666666666,2116.4663333333333,1127.443,1.0,1.0,2.0,2.0,0.0,0.0,0.0,0.0,domestic_oil_price_peak,domestic_price,2022-06-30,after
2022-07-07,2108.96,2145.24,1100.6,98.62000274658205,110.01000213623048,1299.51,-0.0023133145682048,-0.0015591620551154,-0.0001907686158374,0.0,0.0,-0.0058067477622216,2119.641428571428,2152.177142857143,1102.1228571428571,2106.016333333333,2120.3756666666663,1126.3423333333333,0.0,0.0,0.0,0.0,1.0,1.0,0.0,0.0,domestic_oil_price_peak,domestic_price,2022-06-30,after
2022-07-08,2102.49,2140.28,1100.24,98.62000274658205,110.01000213623048,1299.51,-0.0030678628328656,-0.002312095616341,-0.0003270943121932,0.0,0.0,0.0,2115.877142857142,2149.688571428572,1101.327142857143,2108.0313333333334,2123.834333333333,1125.2313333333332,1.0,1.0,4.0,4.0,0.0,0.0,0.0,0.0,domestic_oil_price_peak,domestic_price,2022-06-30,after
2022-07-09,2097.77,2136.65,1100.21,98.62000274658205,110.01000213623048,1299.51,-0.0022449571698318,-0.0016960397704973,-2.7266778157453157e-05,0.0,0.0,0.0,2112.022857142857,2147.0114285714285,1100.932857142857,2109.674666666667,2126.909333333333,1124.118,0.0,0.0,0.0,0.0,0.0,0.0,0.0,0.0,domestic_oil_price_peak,domestic_price,2022-06-30,after
2022-07-10,2095.64,2134.84,1100.07,98.62000274658205,110.01000213623048,1299.51,-0.0010153639340824,-0.0008471204923594,-0.0001272484343899,0.0,0.0,0.0,2108.0671428571427,2144.208571428572,1100.625714285714,2110.969666666667,2129.5916666666667,1123.001,0.0,0.0,0.0,0.0,0.0,0.0,0.0,0.0,domestic_oil_price_peak,domestic_price,2022-06-30,after
2022-07-11,2090.82,2131.28,1100.07,98.62000274658205,110.01000213623048,1308.9,-0.0023000133610733,-0.0016675722770792,0.0,0.0,0.0,0.0072258004940324,2103.8157142857144,2141.094285714286,1100.4342857142858,2111.844,2131.85,1121.8833333333334,1.0,1.0,0.0,0.0,0.0,0.0,0.0,0.0,domestic_oil_price_peak,domestic_price,2022-06-30,after
2022-07-12,2082.1,2124.27,1099.78,98.62000274658205,110.01000213623048,1311.91,-0.0041706124869669,-0.0032891032618896,-0.0002636195878443,0.0,0.0,0.0022996409198563,2098.804285714286,2137.307142857143,1100.2542857142855,2112.294,2133.726,1120.756666666667,1.0,1.0,0.0,0.0,1.0,1.0,-2.0,-2.0,domestic_oil_price_peak,domestic_price,2022-06-30,after
2022-07-13,2073.11,2117.16,1099.74,98.62000274658205,110.01000213623048,1306.65,-0.0043177561116179,-0.0033470321569292,-3.6370910545757695e-05,0.0,0.0,-0.0040094213779908,2092.9842857142858,2132.817142857143,1100.1014285714284,2112.2543333333333,2135.135,1119.626,2.0,2.0,0.0,0.0,1.0,1.0,0.0,0.0,domestic_oil_price_peak,domestic_price,2022-06-30,after
2022-07-14,2061.81,2108.96,1099.78,98.62000274658205,110.01000213623048,1311.76,-0.0054507479101447,-0.0038731130382209,3.637223343688767e-05,0.0,0.0,0.0039107641679101,2086.248571428572,2127.634285714286,1099.9842857142855,2111.582,2135.978,1118.4996666666666,2.0,2.0,1.5,3.0,0.0,0.0,0.0,0.0,domestic_oil_price_peak,domestic_price,2022-06-30,after
2022-07-15,2049.04,2099.72,1099.85,98.62000274658205,110.01000213623048,1321.15,-0.0061935871879561,-0.0043813064259161,6.364909345490943e-05,0.0,0.0,0.0071583216442032,2078.612857142857,2121.84,1099.928571428571,2110.296333333333,2136.2813333333334,1117.371666666667,1.0,1.0,0.0,0.0,0.0,0.0,0.0,0.0,domestic_oil_price_peak,domestic_price,2022-06-30,after
2022-07-16,2038.83,2092.28,1099.73,98.62000274658205,110.01000213623048,1321.15,-0.0049828212235973,-0.0035433295868018,-0.0001091057871527,0.0,0.0,0.0,2070.192857142857,2115.5014285714287,1099.86,2108.5173333333337,2136.154,1116.2406666666668,1.0,1.0,2.0,2.0,0.0,0.0,0.0,0.0,domestic_oil_price_peak,domestic_price,2022-06-30,after
2022-07-17,2034.36,2088.75,1099.58,98.62000274658205,110.01000213623048,1321.15,-0.0021924338959109,-0.0016871546829296,-0.0001363971156557,0.0,0.0,0.0,2061.438571428572,2108.917142857143,1099.7900000000002,2106.381,2135.639,1115.104,0.0,0.0,0.0,0.0,0.0,0.0,0.0,0.0,domestic_oil_price_peak,domestic_price,2022-06-30,after
2022-07-18,2026.25,2082.11,1099.71,98.62000274658205,110.01000213623048,1316.7,-0.0039865117285042,-0.0031789347695989,0.0001182269593846,0.0,0.0,-0.0033682776369072,2052.214285714286,2101.8928571428573,1099.7385714285715,2103.768333333333,2134.626,1113.9713333333334,1.0,1.0,3.0,3.0,1.0,1.0,0.0,0.0,domestic_oil_price_peak,domestic_price,2022-06-30,after
2022-07-19,2013.01,2072.42,1099.7,98.62000274658205,110.01000213623048,1313.52,-0.0065342381246144,-0.0046539327893339,-9.093306417184976e-06,0.0,0.0,-0.0024151287309182,2042.3442857142857,2094.485714285714,1099.7271428571428,2100.6176666666665,2133.174666666667,1112.8366666666666,0.0,0.0,0.0,0.0,0.0,0.0,0.0,0.0,domestic_oil_price_peak,domestic_price,2022-06-30,after
2022-07-20,2002.16,2063.99,1099.58,98.62000274658205,110.01000213623048,1313.1,-0.0053899384503802,-0.0040677082830701,-0.0001091206692735,0.0,0.0,-0.0003197515074,2032.2085714285715,2086.8900000000003,1099.7042857142858,2096.9803333333334,2131.2793333333334,1111.6966666666665,0.0,0.0,0.0,0.0,0.0,0.0,0.0,0.0,domestic_oil_price_peak,domestic_price,2022-06-30,after
2022-07-21,1989.93,2055.28,1099.58,98.62000274658205,110.01000213623048,1307.58,-0.0061084029248411,-0.0042199816859576,0.0,0.0,0.0,-0.0042037925519762,2021.9400000000005,2079.2214285714285,1099.6757142857143,2092.766333333333,2128.869333333333,1110.5573333333334,4.0,4.0,1.25,3.0,0.0,0.0,0.0,0.0,domestic_oil_price_peak,domestic_price,2022-06-30,after
2022-07-22,1977.25,2046.01,1099.58,98.62000274658205,110.01000213623048,1312.82,-0.006372083440121,-0.0045103343583356,0.0,0.0,0.0,0.0040074029887273,2011.6842857142856,2071.5485714285714,1099.6371428571429,2088.003333333333,2125.9613333333336,1109.4176666666667,1.0,1.0,4.0,4.0,2.0,2.0,-1.5,0.0,domestic_oil_price_peak,domestic_price,2022-06-30,after
2022-07-23,1964.6,2036.83,1099.41,98.62000274658205,110.01000213623048,1312.82,-0.0063977746870653,-0.0044867815895328,-0.0001546044853487,0.0,0.0,0.0,2001.08,2063.627142857142,1099.5914285714284,2082.703,2122.5823333333333,1108.2716666666663,0.0,0.0,0.0,0.0,0.0,0.0,0.0,0.0,domestic_oil_price_peak,domestic_price,2022-06-30,after
2022-07-24,1959.42,2032.61,1099.37,98.62000274658205,110.01000213623048,1312.82,-0.002636669042044,-0.0020718469386252,-3.638315096299305e-05,0.0,0.0,0.0,1990.3742857142856,2055.6071428571427,1099.5614285714285,2077.1266666666666,2118.898333333333,1107.1253333333334,0.0,0.0,0.0,0.0,0.0,0.0,0.0,0.0,domestic_oil_price_peak,domestic_price,2022-06-30,after
2022-07-25,1948.86,2024.7,1099.28,98.62000274658205,110.01000213623048,1313.27,-0.0053893499096672,-0.0038915483048886,-8.186506817531303e-05,0.0,0.0,0.0003427735713958,1979.3185714285717,2047.4057142857143,1099.4999999999998,2071.106333333333,2114.8196666666668,1105.9746666666665,1.0,1.0,0.0,0.0,1.0,1.0,-2.0,-2.0,domestic_oil_price_peak,domestic_price,2022-06-30,after
2022-07-26,1936.63,2015.01,1099.31,98.62000274658205,110.01000213623048,1308.33,-0.0062754636043634,-0.0047858942065491,2.7290590204565035e-05,0.0,0.0,-0.0037616027168823,1968.4071428571428,2039.2042857142856,1099.4442857142856,2064.6220000000003,2110.348,1104.8246666666666,0.0,0.0,0.0,0.0,1.0,1.0,0.0,0.0,domestic_oil_price_peak,domestic_price,2022-06-30,after
2022-07-27,1926.81,2006.74,1099.39,98.62000274658205,110.01000213623048,1313.14,-0.0050706639884748,-0.0041041979940545,7.277292119622913e-05,0.0,0.0,0.0036764424877517,1957.642857142857,2031.0257142857145,1099.4171428571428,2057.722333333333,2105.4726666666666,1103.6773333333333,0.0,0.0,0.0,0.0,0.0,0.0,0.0,0.0,domestic_oil_price_peak,domestic_price,2022-06-30,after
2022-07-28,1916.88,1998.46,1099.24,98.62000274658205,110.01000213623048,1299.69,-0.0051535958397558,-0.004126095059649,-0.0001364392981563,0.0,0.0,-0.0102426245487914,1947.2071428571428,2022.908571428572,1099.3685714285714,2050.375,2100.1466666666665,1102.5243333333333,0.0,0.0,0.0,0.0,0.0,0.0,0.0,0.0,domestic_oil_price_peak,domestic_price,2022-06-30,after
2022-07-29,1907.31,1991.04,1099.53,98.62000274658205,110.01000213623048,1299.08,-0.0049924877926631,-0.003712858901354,0.0002638186383319,0.0,0.0,-0.0004693426894106,1937.2157142857145,2015.0557142857144,1099.3614285714286,2042.5823333333333,2094.409666666667,1101.381666666667,0.0,0.0,0.0,0.0,0.0,0.0,0.0,0.0,domestic_oil_price_peak,domestic_price,2022-06-30,after
2022-07-30,1900.44,1985.32,1099.31,98.62000274658205,110.01000213623048,1299.08,-0.0036019315161142,-0.0028728704596593,-0.0002000854910735,0.0,0.0,0.0,1928.05,2007.697142857143,1099.347142857143,2034.4336666666663,2088.331666666667,1100.23,0.0,0.0,0.0,0.0,2.0,2.0,-1.5,-1.0,domestic_oil_price_peak,domestic_price,2022-06-30,after
2022-07-31,1897.27,1982.61,1099.32,98.62000274658205,110.01000213623048,1299.08,-0.0016680347708951,-0.0013650192412306,9.096615149584151e-06,0.0,0.0,0.0,1919.1714285714288,2000.5542857142857,1099.34,2026.7146666666667,2082.4953333333333,1100.0136666666665,0.0,0.0,0.0,0.0,0.0,0.0,0.0,0.0,domestic_oil_price_peak,domestic_price,2022-06-30,after
2022-08-01,1889.82,1976.46,1091.48,89.55000305175781,96.48999786376952,1350.18994140625,-0.0039266946718179,-0.0031019716434396,-0.007131681403049,-0.091969168953796,-0.1228979548215853,0.0393431824108214,1910.7371428571428,1993.662857142857,1098.2257142857145,2018.8836666666668,2076.531,1099.630666666667,0.0,0.0,0.0,0.0,0.0,0.0,0.0,0.0,domestic_oil_price_peak,domestic_price,2022-06-30,after
2022-08-02,1881.75,1969.64,1090.26,89.55000305175781,96.48999786376952,1304.89,-0.0042702479601232,-0.0034506137235258,-0.0011177483783486,0.0,0.0,-0.0335507916457066,1902.8971428571429,1987.1814285714288,1096.932857142857,2010.831,2070.3703333333333,1099.232,3.0,3.0,1.0,3.0,1.0,1.0,0.0,0.0,domestic_oil_price_peak,domestic_price,2022-06-30,after
2022-08-03,1874.05,1963.18,1089.76,89.55000305175781,96.48999786376952,1310.69,-0.0040919356981533,-0.0032797871692289,-0.0004586062040247,0.0,0.0,0.004444819103526,1895.36,1980.9585714285715,1095.5571428571427,2002.6133333333328,2064.0403333333334,1098.8436666666666,0.0,0.0,0.0,0.0,0.0,0.0,0.0,0.0,domestic_oil_price_peak,domestic_price,2022-06-30,after
2022-08-04,1866.41,1956.93,1089.39,89.55000305175781,96.48999786376952,1310.2,-0.0040767322109868,-0.0031836102649782,-0.0003395242989281,0.0,0.0,-0.0003738488887532,1888.15,1975.0257142857145,1094.15,1994.2543333333333,2057.578666666667,1098.4553333333336,1.0,1.0,6.0,6.0,0.0,0.0,0.0,0.0,domestic_oil_price_peak,domestic_price,2022-06-30,after
2022-08-05,1859.17,1950.56,1089.31,89.55000305175781,96.48999786376952,1298.22,-0.0038791048054821,-0.0032550985472142,-7.343559239592068e-05,0.0,0.0,-0.0091436421920317,1881.2728571428568,1969.242857142857,1092.69,1985.765,2050.9776666666667,1098.072,1.0,1.0,2.0,2.0,0.0,0.0,0.0,0.0,domestic_oil_price_peak,domestic_price,2022-06-30,after
2022-08-06,1852.0,1944.14,1089.06,89.55000305175781,96.48999786376952,1298.22,-0.0038565596475846,-0.0032913624805183,-0.0002295030799313,0.0,0.0,0.0,1874.3528571428571,1963.36,1091.2257142857145,1977.1996666666664,2044.2743333333333,1097.6873333333335,0.0,0.0,0.0,0.0,0.0,0.0,0.0,0.0,domestic_oil_price_peak,domestic_price,2022-06-30,after
2022-08-07,1848.83,1941.43,1089.04,89.55000305175781,96.48999786376952,1298.22,-0.0017116630669546,-0.0013939325357227,-1.8364461094821927e-05,0.0,0.0,0.0,1867.432857142857,1957.4771428571428,1089.7571428571428,1968.744333333333,2037.646,1097.314,0.0,0.0,0.0,0.0,0.0,0.0,0.0,0.0,domestic_oil_price_peak,domestic_price,2022-06-30,after
2022-08-08,1842.61,1935.96,1089.09,89.55000305175781,96.48999786376952,1306.11,-0.0033642898481742,-0.002817510803892,4.591199588621642e-05,0.0,0.0,0.0060775523408973,1860.6885714285715,1951.6914285714288,1089.4157142857143,1960.239,2030.9563333333333,1096.9433333333334,0.0,0.0,0.0,0.0,0.0,0.0,0.0,0.0,domestic_oil_price_peak,domestic_price,2022-06-30,after
2022-08-09,1834.04,1928.2,1088.98,89.55000305175781,96.48999786376952,1304.5,-0.0046510113371792,-0.0040083472799025,-0.0001010017537576,0.0,0.0,-0.0012326679988667,1853.872857142857,1945.7714285714287,1089.2328571428573,1951.519,2024.0683333333332,1096.573666666667,0.0,0.0,0.0,0.0,0.0,0.0,0.0,0.0,domestic_oil_price_peak,domestic_price,2022-06-30,after
2022-08-10,1825.12,1920.46,1088.9,89.55000305175781,96.48999786376952,1310.54,-0.0048635798564917,-0.0040141064204958,-7.346324083079558e-05,0.0,0.0,0.0046301264852433,1846.882857142857,1939.668571428572,1089.11,1942.6623333333328,2017.041,1096.2013333333334,1.0,1.0,2.0,2.0,0.0,0.0,0.0,0.0,domestic_oil_price_peak,domestic_price,2022-06-30,after
2022-08-11,1815.48,1911.58,1088.78,89.55000305175781,96.48999786376952,1302.72,-0.0052818444814586,-0.0046238921924955,-0.0001102029571128,0.0,0.0,-0.0059670059670059,1839.607142857143,1933.19,1089.0228571428572,1933.775,2009.9513333333332,1095.8346666666666,1.0,1.0,2.0,2.0,1.0,1.0,0.0,0.0,domestic_oil_price_peak,domestic_price,2022-06-30,after
2022-08-12,1805.86,1902.96,1088.8,89.55000305175781,96.48999786376952,1302.13,-0.0052988741269527,-0.004509358750353,1.836918385711428e-05,0.0,0.0,-0.0004528985507246,1831.9914285714283,1926.39,1088.95,1924.8666666666663,2002.8113333333336,1095.47,0.0,0.0,0.0,0.0,0.0,0.0,0.0,0.0,domestic_oil_price_peak,domestic_price,2022-06-30,after
2022-08-13,1797.86,1895.71,1088.71,89.55000305175781,96.48999786376952,1302.13,-0.0044300222608618,-0.0038098541219994,-8.265980896393632e-05,0.0,0.0,0.0,1824.2571428571428,1919.4714285714283,1088.9,1916.0683333333332,1995.703,1095.101,0.0,0.0,0.0,0.0,0.0,0.0,0.0,0.0,domestic_oil_price_peak,domestic_price,2022-06-30,after
2022-08-14,1794.06,1892.04,1088.52,89.55000305175781,96.48999786376952,1302.13,-0.0021136239751704,-0.0019359501189528,-0.0001745184668093,0.0,0.0,0.0,1816.4328571428573,1912.4157142857143,1088.8257142857144,1907.569,1988.7803333333331,1094.7233333333331,0.0,0.0,0.0,0.0,0.0,0.0,0.0,0.0,domestic_oil_price_peak,domestic_price,2022-06-30,after
2022-08-15,1789.04,1887.53,1088.65,89.55000305175781,96.48999786376952,1305.85,-0.0027981226937783,-0.0023836705355066,0.0001194282144563,0.0,0.0,0.002856857610223,1808.78,1905.4971428571428,1088.7628571428572,1899.2426666666663,1981.9553333333336,1094.354,0.0,0.0,0.0,0.0,1.0,1.0,0.0,0.0,domestic_oil_price_peak,domestic_price,2022-06-30,after
2022-08-16,1781.36,1880.12,1088.49,89.55000305175781,96.48999786376952,1308.54,-0.0042928050798193,-0.003925765418298,-0.0001469710191522,0.0,0.0,0.0020599609449785,1801.2542857142855,1898.6285714285716,1088.6928571428573,1890.8093333333331,1975.001,1093.984333333333,0.0,0.0,0.0,0.0,2.0,2.0,-1.5,0.0,domestic_oil_price_peak,domestic_price,2022-06-30,after
2022-08-17,1771.95,1870.89,1088.54,89.55000305175781,96.48999786376952,1310.16,-0.0052824808011855,-0.0049092611109927,4.593519462736673e-05,0.0,0.0,0.0012380210005045,1793.6585714285716,1891.547142857143,1088.6414285714286,1882.3326666666665,1967.9603333333332,1093.612,0.0,0.0,0.0,0.0,0.0,0.0,0.0,0.0,domestic_oil_price_peak,domestic_price,2022-06-30,after
2022-08-18,1764.38,1863.53,1088.51,89.55000305175781,96.48999786376952,1319.94,-0.0042721295747621,-0.0039339565661263,-2.7559850809266703e-05,0.0,0.0,0.0074647371313427,1786.3585714285714,1884.6828571428573,1088.6028571428571,1874.0450000000003,1960.9973333333328,1093.239,1.0,1.0,0.0,0.0,0.0,0.0,0.0,0.0,domestic_oil_price_peak,domestic_price,2022-06-30,after
2022-08-19,1757.86,1857.23,1088.43,89.55000305175781,96.48999786376952,1325.5,-0.0036953490744625,-0.0033806807510476,-7.34949610016189e-05,0.0,0.0,0.0042123126808792,1779.5014285714285,1878.15,1088.55,1865.9016666666664,1954.1053333333332,1092.8673333333331,0.0,0.0,0.0,0.0,0.0,0.0,0.0,0.0,domestic_oil_price_peak,domestic_price,2022-06-30,after
2022-08-20,1753.37,1852.84,1088.36,89.55000305175781,96.48999786376952,1325.5,-0.0025542420898138,-0.0023637352401156,-6.431281754470941e-05,0.0,0.0,0.0,1773.145714285714,1872.0257142857145,1088.5,1858.0163333333333,1947.3573333333331,1092.493333333333,0.0,0.0,0.0,0.0,0.0,0.0,0.0,0.0,domestic_oil_price_peak,domestic_price,2022-06-30,after
2022-08-21,1751.21,1850.59,1088.33,89.55000305175781,96.48999786376952,1325.5,-0.0012319134010504,-0.0012143520217612,-2.75644088353344e-05,0.0,0.0,0.0,1767.0242857142855,1866.1042857142857,1088.472857142857,1850.4816666666663,1940.8433333333328,1092.118333333333,0.0,0.0,0.0,0.0,0.0,0.0,0.0,0.0,domestic_oil_price_peak,domestic_price,2022-06-30,after
2022-08-22,1746.84,1846.57,1088.41,89.55000305175781,96.48999786376952,1339.4,-0.0024954174542174,-0.0021722801917226,7.350711640774499e-05,0.0,0.0,0.0104866088268578,1760.9957142857145,1860.2528571428568,1088.438571428571,1843.223,1934.5013333333327,1091.7516666666666,0.0,0.0,0.0,0.0,0.0,0.0,0.0,0.0,domestic_oil_price_peak,domestic_price,2022-06-30,after
2022-08-23,1742.37,1842.27,1088.33,89.55000305175781,96.48999786376952,1339.4,-0.0025589063680703,-0.002328641752005,-7.350171350883894e-05,0.0,0.0,0.0,1755.4257142857143,1854.8457142857144,1088.4157142857143,1835.988,1928.1566666666663,1091.3836666666668,0.0,0.0,0.0,0.0,0.0,0.0,0.0,0.0,domestic_oil_price_peak,domestic_price,2022-06-30,after
2022-08-24,1739.85,1839.79,1088.33,89.55000305175781,96.48999786376952,1342.05,-0.0014463058936965,-0.0013461653286435,0.0,0.0,0.0,0.0019784978348513,1750.84,1850.402857142857,1088.385714285714,1829.021,1921.993,1091.0186666666666,0.0,0.0,0.0,0.0,0.0,0.0,0.0,0.0,domestic_oil_price_peak,domestic_price,2022-06-30,after
2022-08-25,1738.54,1838.6,1088.34,89.55000305175781,96.48999786376952,1335.46,-0.0007529384717073,-0.0006468129514781,9.18838955099588e-06,0.0,0.0,-0.0049103982713013,1747.1485714285714,1846.8414285714284,1088.3614285714286,1822.418,1916.1126666666669,1090.653,1.0,1.0,0.0,0.0,0.0,0.0,0.0,0.0,domestic_oil_price_peak,domestic_price,2022-06-30,after
2022-08-26,1737.77,1838.58,1088.41,89.55000305175781,96.48999786376952,1331.17,-0.0004429003646737,-1.0877841836176572e-05,6.431813587681745e-05,0.0,0.0,-0.0032123762598654,1744.2785714285712,1844.1771428571428,1088.3585714285714,1816.1166666666663,1910.5073333333332,1090.287,1.0,1.0,0.0,0.0,0.0,0.0,0.0,0.0,domestic_oil_price_peak,domestic_price,2022-06-30,after
2022-08-27,1738.0,1838.82,1088.32,89.55000305175781,96.48999786376952,1331.17,0.0001323535335515,0.0001305355219789,-8.268942769740217e-05,0.0,0.0,0.0,1742.0828571428572,1842.1742857142856,1088.3528571428571,1810.154,1905.186,1089.923,0.0,0.0,0.0,0.0,0.0,0.0,0.0,0.0,domestic_oil_price_peak,domestic_price,2022-06-30,after
2022-08-28,1738.06,1839.07,1088.24,89.55000305175781,96.48999786376952,1331.17,3.452243958568246e-05,0.0001359567548753,-7.350779182591083e-05,0.0,0.0,0.0,1740.2042857142856,1840.5285714285712,1088.34,1804.512333333333,1900.1203333333333,1089.5466666666666,0.0,0.0,0.0,0.0,0.0,0.0,0.0,0.0,domestic_oil_price_peak,domestic_price,2022-06-30,after
2022-08-29,1738.53,1840.79,1088.37,89.55000305175781,96.48999786376952,1349.8,0.0002704164413196,0.0009352553192647,0.0001194589428801,0.0,0.0,0.0139952072237203,1739.0171428571427,1839.702857142857,1088.3342857142857,1799.1153333333334,1895.3026666666667,1089.182,0.0,0.0,0.0,0.0,0.0,0.0,0.0,0.0,domestic_oil_price_peak,domestic_price,2022-06-30,after
2022-08-30,1740.46,1845.33,1088.26,89.55000305175781,96.48999786376952,1346.37,0.0011101332735126,0.0024663323898976,-0.0001010685704309,0.0,0.0,-0.0025411172025485,1738.7442857142855,1840.14,1088.3242857142857,1793.888333333333,1890.7266666666665,1088.8133333333333,1.0,1.0,0.0,0.0,0.0,0.0,0.0,0.0,domestic_oil_price_peak,domestic_price,2022-06-30,after
2022-08-31,1741.71,1847.37,1088.36,89.55000305175781,96.48999786376952,1338.66,0.0007182009353849,0.0011054933263969,9.188980574492688e-05,0.0,0.0,-0.0057265090576883,1739.01,1841.222857142857,1088.3285714285714,1788.9513333333332,1886.4236666666663,1088.7093333333332,0.0,0.0,0.0,0.0,0.0,0.0,0.0,0.0,domestic_oil_price_peak,domestic_price,2022-06-30,after
2020-03-01,1523.52,1342.68,874.7,44.7599983215332,50.52000045776367,1222.699951171875,-0.0009901444561746,-0.0016358336803283,5.716572343228421e-05,0.0,0.0,0.0064036736343751,1527.857142857143,1348.3671428571429,874.6728571428572,1544.5653333333332,1368.9483333333333,874.4889999999999,0.0,0.0,0.0,0.0,0.0,0.0,0.0,0.0,domestic_oil_price_low_after_covid,domestic_price,2020-05-15,before
2020-03-02,1521.76,1340.72,874.64,44.7599983215332,50.52000045776367,1190.89,-0.0011552194917033,-0.001459767033098,-6.859494683897349e-05,0.0,0.0,-0.0260161547740205,1526.4328571428573,1346.5585714285714,874.6600000000001,1543.0753333333334,1367.1436666666666,874.6893333333334,1.0,1.0,2.0,2.0,0.0,0.0,0.0,0.0,domestic_oil_price_low_after_covid,domestic_price,2020-05-15,before
2020-03-03,1519.5,1337.92,874.44,44.7599983215332,50.52000045776367,1194.66,-0.0014851224897487,-0.0020884300972611,-0.0002286655080946,0.0,0.0,0.0031656996028179,1524.8485714285714,1344.5842857142857,874.6171428571428,1541.5279999999998,1365.271,874.7990000000001,1.0,1.0,2.0,2.0,0.0,0.0,0.0,0.0,domestic_oil_price_low_after_covid,domestic_price,2020-05-15,before
2020-03-04,1517.3,1335.41,874.45,44.7599983215332,50.52000045776367,1187.54,-0.0014478446857518,-0.0018760464003826,1.143589039842574e-05,0.0,0.0,-0.0059598546866892,1523.112857142857,1342.4485714285713,874.592857142857,1539.9416666666666,1363.3453333333334,874.8493333333334,1.0,1.0,0.0,0.0,0.0,0.0,0.0,0.0,domestic_oil_price_low_after_covid,domestic_price,2020-05-15,before
2020-03-05,1515.36,1333.15,874.32,44.7599983215332,50.52000045776367,1181.11,-0.0012785869636855,-0.0016923641428474,-0.0001486648750643,0.0,0.0,-0.005414554457113,1521.2942857142857,1340.2214285714288,874.5457142857143,1538.3436666666669,1361.4083333333333,874.864,1.0,1.0,0.0,0.0,0.0,0.0,0.0,0.0,domestic_oil_price_low_after_covid,domestic_price,2020-05-15,before
2020-03-06,1513.55,1330.82,874.51,44.7599983215332,50.52000045776367,1192.0,-0.0011944356456551,-0.0017477403142933,0.0002173117394088,0.0,0.0,0.0092201403764256,1519.4314285714286,1337.94,874.53,1536.731,1359.445,874.8673333333334,1.0,1.0,0.0,0.0,0.0,0.0,0.0,0.0,domestic_oil_price_low_after_covid,domestic_price,2020-05-15,before
2020-03-07,1511.7,1328.48,874.48,44.7599983215332,50.52000045776367,1192.0,-0.0012222919626043,-0.0017583144226867,-3.4304925043748824e-05,0.0,0.0,0.0,1517.527142857143,1335.597142857143,874.5057142857142,1535.11,1357.4636666666663,874.8583333333333,0.0,0.0,0.0,0.0,0.0,0.0,0.0,0.0,domestic_oil_price_low_after_covid,domestic_price,2020-05-15,before
2020-03-08,1510.79,1327.27,874.51,44.7599983215332,50.52000045776367,1192.0,-0.0006019712906,-0.0009108153679393,3.4306101911907305e-05,0.0,0.0,0.0,1515.7085714285713,1333.3957142857143,874.4785714285715,1533.511,1355.5046666666667,874.8516666666668,1.0,1.0,0.0,0.0,0.0,0.0,0.0,0.0,domestic_oil_price_low_after_covid,domestic_price,2020-05-15,before
2020-03-09,1508.65,1324.82,874.37,44.7599983215332,50.52000045776367,1203.75,-0.0014164774720509,-0.0018458942038922,-0.000160089650204,0.0,0.0,0.0098573825503356,1513.8357142857142,1331.1242857142856,874.4400000000002,1531.8826666666666,1353.5153333333333,874.8356666666666,8.0,8.0,0.375,3.0,0.0,0.0,0.0,0.0,domestic_oil_price_low_after_covid,domestic_price,2020-05-15,before
2020-03-10,1505.06,1320.52,874.36,44.7599983215332,50.52000045776367,1193.1,-0.0023796109104167,-0.0032457239474041,-1.1436805928854987e-05,0.0,0.0,-0.0088473520249221,1511.7728571428572,1328.6385714285714,874.4285714285714,1530.155,1351.4093333333333,874.811,3.0,3.0,0.0,3.0,0.0,0.0,0.0,0.0,domestic_oil_price_low_after_covid,domestic_price,2020-05-15,before
2020-03-11,1499.7,1314.23,874.21,44.7599983215332,50.52000045776367,1194.16,-0.0035613198144923,-0.0047632750734558,-0.0001715540509629,0.0,0.0,0.0008884418741095,1509.2585714285713,1325.6128571428574,874.3942857142857,1528.2946666666664,1349.1376666666667,874.783,4.0,4.0,-1.75,2.0,0.0,0.0,0.0,0.0,domestic_oil_price_low_after_covid,domestic_price,2020-05-15,before
2020-03-12,1494.89,1308.62,874.35,44.7599983215332,50.52000045776367,1206.19,-0.0032073081282922,-0.0042686592149016,0.0001601445876848,0.0,0.0,0.0100740269310644,1506.3342857142857,1322.1085714285714,874.3985714285715,1526.369,1346.782333333333,874.7556666666666,0.0,0.0,0.0,0.0,0.0,0.0,0.0,0.0,domestic_oil_price_low_after_covid,domestic_price,2020-05-15,before
2020-03-13,1490.23,1303.35,874.31,44.7599983215332,50.52000045776367,1211.7,-0.0031172862217287,-0.0040271430973085,-4.574827014358629e-05,0.0,0.0,0.0045681028693655,1503.0028571428572,1318.1842857142856,874.37,1524.367,1344.3466666666668,874.7253333333333,4.0,4.0,-0.25,5.0,0.0,0.0,0.0,0.0,domestic_oil_price_low_after_covid,domestic_price,2020-05-15,before
2020-03-14,1486.01,1298.25,874.32,44.7599983215332,50.52000045776367,1211.7,-0.0028317776450614,-0.0039129934399815,1.1437590786034235e-05,0.0,0.0,0.0,1499.3328571428572,1313.865714285714,874.3471428571429,1522.3163333333332,1341.8456666666668,874.6996666666666,0.0,0.0,0.0,0.0,0.0,0.0,0.0,0.0,domestic_oil_price_low_after_covid,domestic_price,2020-05-15,before
2020-03-15,1484.04,1295.73,874.33,44.7599983215332,50.52000045776367,1211.7,-0.0013256976736361,-0.0019410745233968,1.1437459968899333e-05,0.0,0.0,0.0,1495.5114285714285,1309.36,874.3214285714286,1520.284,1339.3573333333334,874.6736666666668,0.0,0.0,0.0,0.0,0.0,0.0,0.0,0.0,domestic_oil_price_low_after_covid,domestic_price,2020-05-15,before
2020-03-16,1480.14,1291.56,874.44,44.7599983215332,50.52000045776367,1225.33,-0.0026279615104712,-0.0032182630640643,0.0001258106207038,0.0,0.0,0.0112486589089708,1491.4385714285715,1304.6085714285714,874.3314285714285,1518.1899999999998,1336.8213333333335,874.65,2.0,2.0,0.0,0.0,0.0,0.0,0.0,0.0,domestic_oil_price_low_after_covid,domestic_price,2020-05-15,before
2020-03-17,1473.72,1284.17,874.38,44.7599983215332,50.52000045776367,1240.98,-0.0043374275406381,-0.0057217628294464,-6.861534239066547e-05,0.0,0.0,0.0127720695649335,1486.9614285714283,1299.4157142857143,874.3342857142858,1515.9156666666668,1334.0846666666666,874.6276666666668,2.0,2.0,0.0,3.0,0.0,0.0,0.0,0.0,domestic_oil_price_low_after_covid,domestic_price,2020-05-15,before
2020-03-18,1465.4,1275.15,874.38,44.7599983215332,50.52000045776367,1245.19,-0.0056455771788398,-0.0070239921505719,0.0,0.0,0.0,0.0033924801366662,1482.061428571429,1293.8328571428572,874.3585714285715,1513.4163333333331,1331.1113333333335,874.602,1.0,1.0,0.0,0.0,0.0,0.0,0.0,0.0,domestic_oil_price_low_after_covid,domestic_price,2020-05-15,before
2020-03-19,1457.94,1266.95,874.31,44.7599983215332,50.52000045776367,1250.86,-0.0050907602019926,-0.00643061600596,-8.005672590871704e-05,0.0,0.0,0.004553521952473,1476.782857142857,1287.88,874.352857142857,1510.736666666667,1327.9446666666663,874.5736666666667,3.0,3.0,-1.0,0.0,0.0,0.0,0.0,0.0,domestic_oil_price_low_after_covid,domestic_price,2020-05-15,before
2020-03-20,1450.71,1259.24,874.23,44.7599983215332,50.52000045776367,1250.55,-0.0049590518128318,-0.006085480879277,-9.15007262869416e-05,0.0,0.0,-0.0002478294933085,1471.137142857143,1281.5785714285714,874.3414285714287,1507.8726666666666,1324.596,874.5403333333333,5.0,5.0,-2.2,3.0,0.0,0.0,0.0,0.0,domestic_oil_price_low_after_covid,domestic_price,2020-05-15,before
2020-03-21,1445.02,1253.06,874.18,44.7599983215332,50.52000045776367,1250.55,-0.0039222173969987,-0.004907722118103,-5.7193187147586144e-05,0.0,0.0,0.0,1465.2814285714285,1275.1228571428571,874.3214285714286,1504.8676666666663,1321.1066666666668,874.5093333333333,1.0,1.0,0.0,0.0,0.0,0.0,0.0,0.0,domestic_oil_price_low_after_covid,domestic_price,2020-05-15,before
2020-03-22,1442.55,1250.05,874.24,44.7599983215332,50.52000045776367,1250.55,-0.0017093189021605,-0.0024021196111917,6.863575007431955e-05,0.0,0.0,0.0,1459.354285714286,1268.597142857143,874.3085714285714,1501.8216666666667,1317.5693333333334,874.4796666666667,1.0,1.0,-2.0,-2.0,0.0,0.0,0.0,0.0,domestic_oil_price_low_after_covid,domestic_price,2020-05-15,before
2020-03-23,1437.38,1244.7,874.24,44.7599983215332,50.52000045776367,1267.25,-0.0035839312328861,-0.0042798288068476,0.0,0.0,0.0,0.0133541241853585,1453.2457142857145,1261.902857142857,874.28,1498.6339999999998,1313.8976666666667,874.4523333333333,3.0,3.0,-2.333333333333333,-1.0,0.0,0.0,0.0,0.0,domestic_oil_price_low_after_covid,domestic_price,2020-05-15,before
2020-03-24,1430.25,1236.94,874.21,44.7599983215332,50.52000045776367,1249.88,-0.0049604140867411,-0.0062344340001606,-3.4315519765737434e-05,0.0,0.0,-0.013706845531663,1447.0357142857142,1255.1557142857143,874.2557142857142,1495.2216666666666,1309.9893333333334,874.4306666666668,4.0,4.0,0.0,2.0,0.0,0.0,0.0,0.0,domestic_oil_price_low_after_covid,domestic_price,2020-05-15,before
2020-03-25,1423.96,1230.81,874.14,44.7599983215332,50.52000045776367,1228.15,-0.0043978325467575,-0.004955777968212,-8.007229384254799e-05,0.0,0.0,-0.0173856690242263,1441.1157142857144,1248.821428571429,874.2214285714286,1491.6293333333333,1305.9036666666666,874.4110000000001,3.0,3.0,1.0,3.0,0.0,0.0,0.0,0.0,domestic_oil_price_low_after_covid,domestic_price,2020-05-15,before
2020-03-26,1418.18,1224.52,874.2,44.7599983215332,50.52000045776367,1233.47,-0.004059102783786,-0.0051104557161544,6.863889079555818e-05,0.0,0.0,0.0043317184383013,1435.4357142857143,1242.76,874.2057142857142,1487.8823333333332,1301.663,874.393,2.0,2.0,0.0,0.0,0.0,0.0,0.0,0.0,domestic_oil_price_low_after_covid,domestic_price,2020-05-15,before
2020-03-27,1411.92,1218.12,874.14,44.7599983215332,50.52000045776367,1210.49,-0.0044141082232156,-0.0052265377454023,-6.86341798216139e-05,0.0,0.0,-0.0186303679862501,1429.8942857142858,1236.8857142857144,874.1928571428572,1483.9646666666667,1297.255,874.3770000000001,4.0,4.0,-3.0,0.0,0.0,0.0,0.0,0.0,domestic_oil_price_low_after_covid,domestic_price,2020-05-15,before
2020-03-28,1406.63,1212.81,874.11,44.7599983215332,50.52000045776367,1210.49,-0.0037466711995013,-0.004359176435819,-3.431944539777909e-05,0.0,0.0,0.0,1424.41,1231.1357142857144,874.1828571428571,1479.9160000000002,1292.724,874.3589999999999,1.0,1.0,0.0,0.0,0.0,0.0,0.0,0.0,domestic_oil_price_low_after_covid,domestic_price,2020-05-15,before
2020-03-29,1403.83,1209.9,874.14,44.7599983215332,50.52000045776367,1210.49,-0.0019905732139938,-0.0023993865485936,3.432062326247376e-05,0.0,0.0,0.0,1418.8785714285714,1225.4,874.1685714285715,1475.824,1288.161,874.3430000000001,1.0,1.0,-6.0,-6.0,0.0,0.0,0.0,0.0,domestic_oil_price_low_after_covid,domestic_price,2020-05-15,before
2020-03-30,1398.93,1205.16,874.03,44.7599983215332,50.52000045776367,1224.11,-0.0034904511229991,-0.003917679147037,-0.0001258379664584,0.0,0.0,0.0112516418970829,1413.3857142857144,1219.7514285714285,874.1385714285715,1471.6206666666667,1283.5036666666667,874.3223333333334,8.0,8.0,-1.0,2.0,0.0,0.0,0.0,0.0,domestic_oil_price_low_after_covid,domestic_price,2020-05-15,before
2020-03-31,1393.03,1199.27,874.16,44.7599983215332,50.52000045776367,1218.92,-0.0042175090962378,-0.0048873178665074,0.0001487363133989,0.0,0.0,-0.0042398150493009,1408.0685714285717,1214.37,874.1314285714286,1467.2710000000002,1278.7233333333336,874.3043333333334,4.0,4.0,-0.5,2.0,0.0,0.0,0.0,0.0,domestic_oil_price_low_after_covid,domestic_price,2020-05-15,before
2020-04-01,1384.29,1190.5,828.46,18.84000015258789,25.270000457763672,1210.7900390625,-0.0062740931638227,-0.0073127819423483,-0.0522787590372471,-0.5790884526569717,-0.4998020540619314,-0.0066698068269451,1402.4014285714286,1208.6114285714286,867.6057142857143,1462.688666666667,1273.716,872.765,6.0,6.0,0.3333333333333333,3.0,0.0,0.0,0.0,0.0,domestic_oil_price_low_after_covid,domestic_price,2020-05-15,before
2020-04-02,1377.9,1184.19,822.74,18.84000015258789,25.270000457763672,1229.89,-0.0046160847799231,-0.00530029399412,-0.0069043767955001,0.0,0.0,0.0157747919303077,1396.6471428571426,1202.85,860.2542857142856,1457.9686666666669,1268.5916666666667,871.0416666666666,5.0,5.0,-0.2,3.0,0.0,0.0,0.0,0.0,domestic_oil_price_low_after_covid,domestic_price,2020-05-15,before
2020-04-03,1372.03,1178.65,821.1,18.84000015258789,25.270000457763672,1230.56,-0.0042601059583424,-0.0046783033128129,-0.0019933393295573,0.0,0.0,0.0005447641659008,1390.9485714285713,1197.2114285714288,852.6771428571428,1453.1263333333334,1263.3663333333332,869.2633333333332,0.0,0.0,0.0,0.0,0.0,0.0,0.0,0.0,domestic_oil_price_low_after_covid,domestic_price,2020-05-15,before
2020-04-04,1367.91,1174.57,820.44,18.84000015258789,25.270000457763672,1230.56,-0.0030028497919141,-0.0034615874093243,-0.0008037997807818,0.0,0.0,0.0,1385.4171428571428,1191.7485714285715,845.01,1448.2113333333332,1258.080333333333,867.4673333333334,3.0,3.0,-0.3333333333333333,2.0,0.0,0.0,0.0,0.0,domestic_oil_price_low_after_covid,domestic_price,2020-05-15,before
2020-04-05,1366.27,1172.64,820.18,18.84000015258789,25.270000457763672,1230.56,-0.0011989092849676,-0.0016431545161206,-0.0003169031251525,0.0,0.0,0.0,1380.0514285714287,1186.4257142857143,837.3014285714286,1443.302,1252.8076666666666,865.6563333333335,2.0,2.0,4.0,5.0,0.0,0.0,0.0,0.0,domestic_oil_price_low_after_covid,domestic_price,2020-05-15,before
2020-04-06,1362.9,1169.74,819.86,18.84000015258789,25.270000457763672,1224.6,-0.0024665695653127,-0.0024730522581526,-0.0003901582579433,0.0,0.0,-0.004843323364972,1374.9042857142856,1181.365714285714,829.5628571428571,1438.342,1247.5163333333337,863.8356666666666,5.0,5.0,0.0,3.0,0.0,0.0,0.0,0.0,domestic_oil_price_low_after_covid,domestic_price,2020-05-15,before
2020-04-07,1357.79,1164.68,819.16,18.84000015258789,25.270000457763672,1220.43,-0.0037493579866462,-0.0043257476020311,-0.0008538043080525,0.0,0.0,-0.0034051935325819,1369.87,1176.4242857142858,821.7057142857144,1433.2419999999995,1242.0966666666668,861.9906666666666,0.0,0.0,0.0,0.0,0.0,0.0,0.0,0.0,domestic_oil_price_low_after_covid,domestic_price,2020-05-15,before
2020-04-08,1352.04,1159.16,819.16,18.84000015258789,25.270000457763672,1220.77,-0.0042348227634612,-0.0047394992615997,0.0,0.0,0.0,0.0002785903329154,1365.2628571428572,1171.947142857143,820.3771428571429,1428.0216666666668,1236.5746666666666,860.1503333333333,2.0,2.0,1.0,2.0,0.0,0.0,0.0,0.0,domestic_oil_price_low_after_covid,domestic_price,2020-05-15,before
2020-04-09,1347.54,1154.71,818.71,18.84000015258789,25.270000457763672,1219.71,-0.0033283038963344,-0.0038389868525484,-0.0005493432296498,0.0,0.0,-0.0008683044308099,1360.9257142857143,1167.7357142857145,819.8014285714287,1422.771,1231.0476666666666,858.2953333333334,4.0,4.0,0.25,2.0,0.0,0.0,0.0,0.0,domestic_oil_price_low_after_covid,domestic_price,2020-05-15,before
2020-04-10,1343.57,1151.07,818.26,18.84000015258789,25.270000457763672,1211.71,-0.0029461092064058,-0.0031523066397624,-0.0005496451735047,0.0,0.0,-0.006558936140558,1356.86,1163.7957142857144,819.3957142857142,1417.5666666666666,1225.609,856.4303333333334,1.0,1.0,2.0,2.0,0.0,0.0,0.0,0.0,domestic_oil_price_low_after_covid,domestic_price,2020-05-15,before
2020-04-11,1339.93,1147.46,818.13,18.84000015258789,25.270000457763672,1211.71,-0.0027092001161085,-0.0031362123936857,-0.0001588737076234,0.0,0.0,0.0,1352.8628571428574,1159.922857142857,819.0657142857143,1412.4013333333337,1220.237,854.5563333333334,0.0,0.0,0.0,0.0,0.0,0.0,0.0,0.0,domestic_oil_price_low_after_covid,domestic_price,2020-05-15,before
2020-04-12,1338.46,1145.88,817.95,18.84000015258789,25.270000457763672,1211.71,-0.0010970722351167,-0.0013769543164903,-0.0002200139342157,0.0,0.0,0.0,1348.89,1156.1,818.7471428571428,1407.3423333333333,1214.988,852.6776666666667,3.0,3.0,1.3333333333333333,2.0,0.0,0.0,0.0,0.0,domestic_oil_price_low_after_covid,domestic_price,2020-05-15,before
2020-04-13,1335.31,1143.12,817.81,18.84000015258789,25.270000457763672,1217.72,-0.0023534509809781,-0.00240862917583,-0.000171159606333,0.0,0.0,0.0049599326571538,1344.9485714285713,1152.297142857143,818.4542857142858,1402.3190000000002,1209.8169999999998,850.794,2.0,2.0,0.0,0.0,0.0,0.0,0.0,0.0,domestic_oil_price_low_after_covid,domestic_price,2020-05-15,before
2020-04-14,1331.1,1139.03,817.72,18.84000015258789,25.270000457763672,1216.85,-0.0031528259355505,-0.0035779270767722,-0.0001100500116162,0.0,0.0,-0.0007144499556549,1341.1357142857144,1148.6328571428571,818.2485714285715,1397.2210000000002,1204.5936666666669,848.9069999999999,4.0,4.0,0.0,3.0,0.0,0.0,0.0,0.0,domestic_oil_price_low_after_covid,domestic_price,2020-05-15,before
2020-04-15,1326.56,1134.87,817.56,18.84000015258789,25.270000457763672,1224.55,-0.0034107129441814,-0.0036522304065741,-0.0001956659981412,0.0,0.0,0.0063278136171263,1337.4957142857145,1145.162857142857,818.0199999999999,1392.1016666666667,1199.3706666666665,847.0110000000001,3.0,3.0,0.6666666666666666,2.0,0.0,0.0,0.0,0.0,domestic_oil_price_low_after_covid,domestic_price,2020-05-15,before
2020-04-16,1322.62,1131.51,817.72,18.84000015258789,25.270000457763672,1228.21,-0.0029700880472802,-0.0029606915329508,0.0001957042908167,0.0,0.0,0.0029888530480586,1333.935714285714,1141.8485714285714,817.8785714285714,1387.065,1194.282,845.1223333333332,1.0,1.0,2.0,2.0,0.0,0.0,0.0,0.0,domestic_oil_price_low_after_covid,domestic_price,2020-05-15,before
2020-04-17,1317.95,1127.11,817.42,18.84000015258789,25.270000457763672,1217.81,-0.0035308705448275,-0.0038886090268757,-0.0003668737465147,0.0,0.0,-0.0084676073309939,1330.2757142857142,1138.4257142857143,817.7585714285715,1382.15,1189.3473333333334,843.2236666666668,1.0,1.0,-3.0,-3.0,0.0,0.0,0.0,0.0,domestic_oil_price_low_after_covid,domestic_price,2020-05-15,before
2020-04-18,1313.53,1123.01,817.2,18.84000015258789,25.270000457763672,1217.81,-0.003353693235707,-0.0036376218825135,-0.0002691394876561,0.0,0.0,0.0,1326.5042857142855,1134.932857142857,817.6257142857143,1377.3363333333332,1184.5493333333334,841.32,1.0,1.0,-3.0,-3.0,0.0,0.0,0.0,0.0,domestic_oil_price_low_after_covid,domestic_price,2020-05-15,before
2020-04-19,1311.41,1120.79,817.04,18.84000015258789,25.270000457763672,1217.81,-0.0016139715118801,-0.0019768301261787,-0.0001957905041606,0.0,0.0,0.0,1322.64,1131.3485714285714,817.4957142857144,1372.693,1179.9343333333334,839.4136666666667,2.0,2.0,0.0,0.0,0.0,0.0,0.0,0.0,domestic_oil_price_low_after_covid,domestic_price,2020-05-15,before
2020-04-20,1307.26,1117.33,817.24,18.84000015258789,25.270000457763672,1217.29,-0.0031645328310749,-0.0030871082004657,0.0002447860569863,0.0,0.0,-0.0004269960010182,1318.6328571428571,1127.6642857142856,817.4142857142857,1368.101,1175.41,837.5156666666667,11.0,11.0,-0.2727272727272727,4.0,0.0,0.0,0.0,0.0,domestic_oil_price_low_after_covid,domestic_price,2020-05-15,before
2020-04-21,1301.62,1111.91,817.07,18.84000015258789,25.270000457763672,1229.28,-0.0043143674555942,-0.0048508497937045,-0.0002080172287209,0.0,0.0,0.0098497482111903,1314.4214285714286,1123.79,817.3214285714286,1363.4033333333332,1170.8053333333337,835.61,7.0,7.0,-1.0,2.0,0.0,0.0,0.0,0.0,domestic_oil_price_low_after_covid,domestic_price,2020-05-15,before
2020-04-22,1296.7,1107.16,817.22,18.84000015258789,25.270000457763672,1234.79,-0.0037799050414097,-0.0042719284834203,0.0001835828019631,0.0,0.0,0.0044822985812833,1310.1557142857143,1119.8314285714284,817.2728571428571,1358.7140000000002,1166.2206666666666,833.7093333333335,1.0,1.0,0.0,0.0,0.0,0.0,0.0,0.0,domestic_oil_price_low_after_covid,domestic_price,2020-05-15,before
2020-04-23,1292.03,1102.66,816.94,18.84000015258789,25.270000457763672,1229.04,-0.0036014498341945,-0.0040644531955634,-0.0003426249969408,0.0,0.0,-0.0046566622664582,1305.7857142857142,1115.7099999999998,817.1614285714286,1354.1066666666668,1161.7446666666667,831.8003333333332,7.0,7.0,-0.5714285714285714,2.0,0.0,0.0,0.0,0.0,domestic_oil_price_low_after_covid,domestic_price,2020-05-15,before
2020-04-24,1287.36,1098.28,816.97,18.84000015258789,25.270000457763672,1233.88,-0.0036144671563353,-0.0039722126494114,3.6722403113920166e-05,0.0,0.0,0.0039380329362754,1301.4157142857143,1111.5914285714289,817.0971428571429,1349.5533333333335,1157.327,829.8946666666667,1.0,1.0,0.0,0.0,0.0,0.0,0.0,0.0,domestic_oil_price_low_after_covid,domestic_price,2020-05-15,before
2020-04-25,1283.83,1094.84,816.79,18.84000015258789,25.270000457763672,1233.88,-0.0027420457370121,-0.0031321703026551,-0.0002203263277722,0.0,0.0,0.0,1297.172857142857,1107.5671428571427,817.0385714285715,1345.075,1153.0043333333333,827.9809999999999,3.0,3.0,0.6666666666666666,2.0,0.0,0.0,0.0,0.0,domestic_oil_price_low_after_covid,domestic_price,2020-05-15,before
2020-04-26,1282.05,1092.88,816.73,18.84000015258789,25.270000457763672,1233.88,-0.001386476402639,-0.001790215921961,-7.345829405347448e-05,0.0,0.0,0.0,1292.9785714285715,1103.58,816.9942857142858,1340.746,1148.8296666666668,826.0673333333333,1.0,1.0,0.0,0.0,0.0,0.0,0.0,0.0,domestic_oil_price_low_after_covid,domestic_price,2020-05-15,before
2020-04-27,1278.85,1090.09,816.75,18.84000015258789,25.270000457763672,1224.16,-0.0024960024960025,-0.0025528877827393,2.448789685693953e-05,0.0,0.0,-0.0078775893928096,1288.92,1099.688571428571,816.9242857142857,1336.486666666667,1144.739,824.1553333333335,2.0,2.0,0.5,2.0,0.0,0.0,0.0,0.0,domestic_oil_price_low_after_covid,domestic_price,2020-05-15,before
2020-04-28,1274.4,1085.57,816.89,18.84000015258789,25.270000457763672,1224.83,-0.0034796887828907,-0.0041464466236732,0.000171411080502,0.0,0.0,0.0005473140765912,1285.0314285714285,1095.9257142857143,816.8985714285715,1332.1723333333332,1140.5946666666666,822.247,0.0,0.0,0.0,0.0,0.0,0.0,0.0,0.0,domestic_oil_price_low_after_covid,domestic_price,2020-05-15,before
2020-04-29,1270.26,1081.5,817.0,18.84000015258789,25.270000457763672,1219.2,-0.0032485875706215,-0.0037491824571422,0.0001346570529692,0.0,0.0,-0.0045965562567865,1281.2542857142855,1092.26,816.8671428571428,1327.8833333333334,1136.4726666666668,820.346,5.0,5.0,-0.2,2.0,0.0,0.0,0.0,0.0,domestic_oil_price_low_after_covid,domestic_price,2020-05-15,before
2020-04-30,1267.24,1078.54,816.65,18.84000015258789,25.270000457763672,1203.95,-0.0023774660305764,-0.0027369394359686,-0.0004283965728274,0.0,0.0,-0.0125082020997375,1277.712857142857,1088.814285714286,816.8257142857143,1323.6903333333332,1132.4483333333333,818.429,6.0,6.0,0.8333333333333334,3.0,0.0,0.0,0.0,0.0,domestic_oil_price_low_after_covid,domestic_price,2020-05-15,before
2020-05-01,1264.02,1075.28,745.43,35.4900016784668,35.33000183105469,1230.27001953125,-0.0025409551466178,-0.0030226046321879,-0.0872099430600624,0.8837580356172043,0.3981005615771682,0.0218613892032475,1274.3785714285714,1085.5285714285717,806.6057142857143,1319.6813333333332,1128.6076666666663,815.6613333333333,1.0,1.0,0.0,0.0,0.0,0.0,0.0,0.0,domestic_oil_price_low_after_covid,domestic_price,2020-05-15,before
2020-05-02,1262.63,1073.84,737.57,35.4900016784668,35.33000183105469,1230.27001953125,-0.0010996661445229,-0.0013391860724648,-0.0105442496277314,0.0,0.0,0.0,1271.35,1082.5285714285717,795.2885714285713,1315.839,1124.9293333333333,812.8223333333333,0.0,0.0,0.0,0.0,0.0,0.0,0.0,0.0,domestic_oil_price_low_after_covid,domestic_price,2020-05-15,before
2020-05-03,1261.66,1072.7,734.13,35.4900016784668,35.33000183105469,1230.27001953125,-0.0007682377260163,-0.0010616106682558,-0.0046639640983229,0.0,0.0,0.0,1268.4371428571428,1079.645714285714,783.4885714285714,1312.16,1121.3976666666667,809.9233333333334,0.0,0.0,0.0,0.0,0.0,0.0,0.0,0.0,domestic_oil_price_low_after_covid,domestic_price,2020-05-15,before
2020-05-04,1259.87,1071.05,731.27,35.4900016784668,35.33000183105469,1228.81,-0.0014187657530556,-0.0015381746993567,-0.0038957677795485,0.0,0.0,-0.001186747224651,1265.7257142857145,1076.9257142857143,771.277142857143,1308.5586666666668,1117.947,806.9509999999999,0.0,0.0,0.0,0.0,0.0,0.0,0.0,0.0,domestic_oil_price_low_after_covid,domestic_price,2020-05-15,before
2020-05-05,1257.33,1068.43,729.47,35.4900016784668,35.33000183105469,1220.13,-0.0020160810242326,-0.0024461976565052,-0.0024614711392508,0.0,0.0,-0.0070637445984325,1263.287142857143,1074.4771428571428,758.7885714285713,1304.9273333333333,1114.4733333333331,803.9273333333333,0.0,0.0,0.0,0.0,0.0,0.0,0.0,0.0,domestic_oil_price_low_after_covid,domestic_price,2020-05-15,before
2020-05-06,1256.15,1067.27,727.86,35.4900016784668,35.33000183105469,1222.03,-0.0009384966556114,-0.0010857051936018,-0.0022070818539488,0.0,0.0,0.001557211116848,1261.2714285714285,1072.4442857142858,746.0542857142857,1301.3689999999997,1111.0576666666668,800.8606666666667,0.0,0.0,0.0,0.0,0.0,0.0,0.0,0.0,domestic_oil_price_low_after_covid,domestic_price,2020-05-15,before
2020-05-07,1253.91,1065.07,726.72,35.4900016784668,35.33000183105469,1224.76,-0.0017832265254945,-0.0020613340579235,-0.0015662352650235,0.0,0.0,0.002233987708976,1259.3671428571429,1070.52,733.2071428571429,1297.9063333333334,1107.7373333333337,797.7793333333334,0.0,0.0,0.0,0.0,0.0,0.0,0.0,0.0,domestic_oil_price_low_after_covid,domestic_price,2020-05-15,before
2020-05-08,1252.46,1063.74,726.2,35.4900016784668,35.33000183105469,1216.47,-0.0011563828344937,-0.0012487442139952,-0.000715543813298,0.0,0.0,-0.0067686730461478,1257.7157142857145,1068.8714285714284,730.46,1294.587,1104.5566666666668,794.6806666666668,0.0,0.0,0.0,0.0,0.0,0.0,0.0,0.0,domestic_oil_price_low_after_covid,domestic_price,2020-05-15,before
2020-05-09,1251.41,1062.51,725.07,35.4900016784668,35.33000183105469,1216.47,-0.0008383501269501,-0.0011562975915166,-0.0015560451666207,0.0,0.0,0.0,1256.1128571428574,1067.2528571428572,728.6742857142857,1291.3826666666669,1101.4833333333331,791.5593333333333,0.0,0.0,0.0,0.0,0.0,0.0,0.0,0.0,domestic_oil_price_low_after_covid,domestic_price,2020-05-15,before
2020-05-10,1251.08,1062.18,724.71,35.4900016784668,35.33000183105469,1216.47,-0.000263702543531,-0.0003105853121381,-0.0004965037858414,0.0,0.0,0.0,1254.6014285714286,1065.75,727.3285714285714,1288.2996666666666,1098.5203333333334,788.441,0.0,0.0,0.0,0.0,0.0,0.0,0.0,0.0,domestic_oil_price_low_after_covid,domestic_price,2020-05-15,before
2020-05-11,1250.1,1061.41,724.51,35.4900016784668,35.33000183105469,1220.2,-0.0007833232087476,-0.0007249242124687,-0.0002759724579487,0.0,0.0,0.0030662490649173,1253.205714285714,1064.3728571428571,726.3628571428571,1285.3053333333337,1095.6519999999998,785.3203333333333,0.0,0.0,0.0,0.0,0.0,0.0,0.0,0.0,domestic_oil_price_low_after_covid,domestic_price,2020-05-15,before
2020-05-12,1249.18,1060.35,724.04,35.4900016784668,35.33000183105469,1222.0,-0.0007359411247098,-0.0009986715783723,-0.0006487143034603,0.0,0.0,0.0014751680052449,1252.0414285714285,1063.2185714285715,725.5871428571429,1282.3293333333336,1092.801,782.1899999999999,1.0,1.0,-3.0,-3.0,0.0,0.0,0.0,0.0,domestic_oil_price_low_after_covid,domestic_price,2020-05-15,before
2020-05-13,1248.34,1059.55,723.75,35.4900016784668,35.33000183105469,1223.86,-0.0006724411213757,-0.0007544678643843,-0.0004005303574388,0.0,0.0,0.0015220949263501,1250.9257142857143,1062.115714285714,725.0,1279.4303333333332,1090.0153333333333,779.0546666666667,0.0,0.0,0.0,0.0,0.0,0.0,0.0,0.0,domestic_oil_price_low_after_covid,domestic_price,2020-05-15,before
2020-05-14,1247.95,1059.16,723.23,35.4900016784668,35.33000183105469,1227.76,-0.0003124148869697,-0.000368080789014,-0.0007184801381692,0.0,0.0,0.0031866389946564,1250.0742857142857,1061.2714285714285,724.5014285714286,1276.6586666666665,1087.353,775.9050000000001,1.0,1.0,-3.0,-3.0,0.0,0.0,0.0,0.0,domestic_oil_price_low_after_covid,domestic_price,2020-05-15,before
2020-05-15,1247.58,1058.75,722.99,35.4900016784668,35.33000183105469,1230.71,-0.0002964862374295,-0.0003870992106953,-0.0003318446414003,0.0,0.0,0.0024027497230729,1249.3771428571429,1060.5585714285714,724.0428571428572,1274.026,1084.8156666666666,772.7526666666666,2.0,2.0,0.0,0.0,0.0,0.0,0.0,0.0,domestic_oil_price_low_after_covid,domestic_price,2020-05-15,after
2020-05-16,1247.73,1059.02,722.71,35.4900016784668,35.33000183105469,1230.71,0.0001202327706439,0.000255017709563,-0.0003872805986251,0.0,0.0,0.0,1248.8514285714286,1060.06,723.7057142857144,1271.5296666666666,1082.3993333333333,769.5856666666666,1.0,1.0,0.0,0.0,0.0,0.0,0.0,0.0,domestic_oil_price_low_after_covid,domestic_price,2020-05-15,after
2020-05-17,1247.91,1059.12,722.51,35.4900016784668,35.33000183105469,1230.71,0.0001442619797553,9.442692300409838e-05,-0.0002767361735689,0.0,0.0,0.0,1248.3985714285716,1059.6228571428571,723.3914285714285,1269.195,1080.133,766.422,0.0,0.0,0.0,0.0,0.0,0.0,0.0,0.0,domestic_oil_price_low_after_covid,domestic_price,2020-05-15,after
2020-05-18,1248.13,1059.5,722.73,35.4900016784668,35.33000183105469,1232.32,0.0001762947648469,0.000358788428129,0.0003044940554457,0.0,0.0,0.0013081879565453,1248.1171428571429,1059.35,723.1371428571429,1267.015,1078.016,763.2729999999999,0.0,0.0,0.0,0.0,0.0,0.0,0.0,0.0,domestic_oil_price_low_after_covid,domestic_price,2020-05-15,after
2020-05-19,1248.66,1059.77,722.35,35.4900016784668,35.33000183105469,1225.19,0.0004246352543404,0.0002548371873525,-0.0005257841794307,0.0,0.0,-0.0057858348480913,1248.042857142857,1059.267142857143,722.8957142857143,1264.9233333333332,1075.982,760.1166666666667,0.0,0.0,0.0,0.0,0.0,0.0,0.0,0.0,domestic_oil_price_low_after_covid,domestic_price,2020-05-15,after
2020-05-20,1249.29,1060.26,722.0,35.4900016784668,35.33000183105469,1230.02,0.0005045408678101,0.0004623644753107,-0.0004845296601371,0.0,0.0,0.0039422456925046,1248.178571428571,1059.3685714285714,722.6457142857143,1262.9909999999998,1074.0796666666668,756.9419999999999,0.0,0.0,0.0,0.0,0.0,0.0,0.0,0.0,domestic_oil_price_low_after_covid,domestic_price,2020-05-15,after
2020-05-21,1250.29,1061.27,721.91,35.4900016784668,35.33000183105469,1230.53,0.0008004546582458,0.0009525965329257,-0.0001246537396122,0.0,0.0,0.0004146274044325,1248.5128571428572,1059.67,722.4571428571429,1261.28,1072.3916666666669,753.77,0.0,0.0,0.0,0.0,0.0,0.0,0.0,0.0,domestic_oil_price_low_after_covid,domestic_price,2020-05-15,after
2020-05-22,1251.66,1062.7,721.89,35.4900016784668,35.33000183105469,1236.53,0.0010957457869775,0.0013474422154589,-2.7704284467522378e-05,0.0,0.0,0.0048759477623463,1249.0957142857144,1060.2342857142858,722.3,1259.7786666666666,1070.909666666667,750.5923333333334,0.0,0.0,0.0,0.0,0.0,0.0,0.0,0.0,domestic_oil_price_low_after_covid,domestic_price,2020-05-15,after
2020-05-23,1253.38,1063.99,721.59,35.4900016784668,35.33000183105469,1236.53,0.0013741750954732,0.0012138891502775,-0.0004155757802434,0.0,0.0,0.0,1249.902857142857,1060.9442857142856,722.14,1258.4903333333334,1069.6206666666667,747.4140000000001,0.0,0.0,0.0,0.0,0.0,0.0,0.0,0.0,domestic_oil_price_low_after_covid,domestic_price,2020-05-15,after
2020-05-24,1254.16,1064.54,721.58,35.4900016784668,35.33000183105469,1236.53,0.0006223172541448,0.0005169221515239,-1.3858285175749607e-05,0.0,0.0,0.0,1250.7957142857144,1061.7185714285713,722.0071428571429,1257.3836666666664,1068.496,744.2343333333333,0.0,0.0,0.0,0.0,0.0,0.0,0.0,0.0,domestic_oil_price_low_after_covid,domestic_price,2020-05-15,after
2020-05-25,1255.48,1065.87,721.85,35.4900016784668,35.33000183105469,1236.53,0.001052497289022,0.0012493659233094,0.000374178885224,0.0,0.0,0.0,1251.8457142857144,1062.6285714285714,721.8814285714286,1256.438666666667,1067.5303333333334,741.0696666666666,0.0,0.0,0.0,0.0,0.0,0.0,0.0,0.0,domestic_oil_price_low_after_covid,domestic_price,2020-05-15,after
2020-05-26,1258.57,1068.51,721.6,35.4900016784668,35.33000183105469,1234.24,0.0024612100551182,0.0024768498972671,-0.0003463323405139,0.0,0.0,-0.00185195668524,1253.2614285714285,1063.8771428571429,721.7742857142857,1255.656,1066.7179999999998,737.8986666666666,0.0,0.0,0.0,0.0,0.0,0.0,0.0,0.0,domestic_oil_price_low_after_covid,domestic_price,2020-05-15,after
2020-05-27,1261.22,1070.81,721.43,35.4900016784668,35.33000183105469,1238.03,0.0021055642514917,0.0021525301588192,-0.0002355875831486,0.0,0.0,0.0030707155820586,1254.9657142857145,1065.384285714286,721.6928571428571,1255.0683333333334,1066.0753333333332,734.7213333333333,0.0,0.0,0.0,0.0,0.0,0.0,0.0,0.0,domestic_oil_price_low_after_covid,domestic_price,2020-05-15,after
2020-05-28,1263.74,1073.05,721.4,35.4900016784668,35.33000183105469,1239.28,0.0019980653652811,0.0020918743754727,-4.158407607113279e-05,0.0,0.0,0.0010096685863831,1256.8871428571426,1067.0671428571427,721.62,1254.713,1065.658,731.5383333333333,2.0,2.0,0.5,4.0,0.0,0.0,0.0,0.0,domestic_oil_price_low_after_covid,domestic_price,2020-05-15,after
2020-05-29,1266.16,1075.16,721.4,35.4900016784668,35.33000183105469,1236.61,0.0019149508601452,0.0019663575788642,0.0,0.0,0.0,-0.0021544767929766,1258.9585714285715,1068.847142857143,721.5500000000001,1254.5763333333334,1065.4466666666665,728.3516666666667,0.0,0.0,0.0,0.0,0.0,0.0,0.0,0.0,domestic_oil_price_low_after_covid,domestic_price,2020-05-15,after
2020-05-30,1268.42,1077.12,721.19,35.4900016784668,35.33000183105469,1236.61,0.0017849244961143,0.0018229844860297,-0.0002911006376489,0.0,0.0,0.0,1261.107142857143,1070.722857142857,721.4928571428571,1254.6156666666668,1065.3993333333333,725.1696666666667,0.0,0.0,0.0,0.0,0.0,0.0,0.0,0.0,domestic_oil_price_low_after_covid,domestic_price,2020-05-15,after
2020-05-31,1269.84,1078.2,721.09,35.4900016784668,35.33000183105469,1236.61,0.0011195030037367,0.0010026737967916,-0.000138659715193,0.0,0.0,0.0,1263.347142857143,1072.6742857142858,721.4228571428572,1254.8096666666668,1065.496666666667,724.3583333333333,0.0,0.0,0.0,0.0,0.0,0.0,0.0,0.0,domestic_oil_price_low_after_covid,domestic_price,2020-05-15,after
2020-06-01,1273.49,1081.82,748.16,39.27000045776367,41.150001525878906,1198.489990234375,0.002874377874378,0.0033574475978481,0.0375403902425492,0.1065088363067154,0.1647325047605432,-0.030826218262528,1265.92,1074.952857142857,725.1814285714285,1255.1716666666666,1065.7626666666663,724.7113333333333,0.0,0.0,0.0,0.0,0.0,0.0,0.0,0.0,domestic_oil_price_low_after_covid,domestic_price,2020-05-15,after
2020-06-02,1276.04,1084.15,749.15,39.27000045776367,41.150001525878906,1225.07,0.0020023714359751,0.0021537778928104,0.0013232463644139,0.0,0.0,0.022177915528879,1268.4157142857143,1077.1871428571428,729.117142857143,1255.6510000000003,1066.1443333333334,725.212,0.0,0.0,0.0,0.0,0.0,0.0,0.0,0.0,domestic_oil_price_low_after_covid,domestic_price,2020-05-15,after
2020-06-03,1279.03,1086.91,749.31,39.27000045776367,41.150001525878906,1216.08,0.0023431867339582,0.0025457731863671,0.0002135753854368,0.0,0.0,-0.0073383561755654,1270.9599999999998,1079.487142857143,733.1,1256.2896666666668,1066.673,725.8133333333334,0.0,0.0,0.0,0.0,0.0,0.0,0.0,0.0,domestic_oil_price_low_after_covid,domestic_price,2020-05-15,after
2020-06-04,1282.23,1089.92,749.39,39.27000045776367,41.150001525878906,1218.77,0.0025018959680382,0.0027693185268329,0.0001067648903658,0.0,0.0,0.0022120255246365,1273.6014285714284,1081.8971428571429,737.0985714285714,1257.1196666666665,1067.3893333333333,726.4773333333334,0.0,0.0,0.0,0.0,0.0,0.0,0.0,0.0,domestic_oil_price_low_after_covid,domestic_price,2020-05-15,after
2020-06-05,1286.85,1094.27,749.62,39.27000045776367,41.150001525878906,1202.79,0.0036030977281766,0.00399111861421,0.0003069162919173,0.0,0.0,-0.0131115797074099,1276.5571428571427,1084.6271428571429,741.13,1258.143,1068.2893333333334,727.2026666666667,0.0,0.0,0.0,0.0,0.0,0.0,0.0,0.0,domestic_oil_price_low_after_covid,domestic_price,2020-05-15,after
2020-06-06,1292.21,1099.12,749.4,39.27000045776367,41.150001525878906,1202.79,0.004165209620391,0.0044321785299787,-0.0002934820308957,0.0,0.0,0.0,1279.9557142857143,1087.77,745.16,1259.419666666667,1069.4243333333334,727.9586666666668,0.0,0.0,0.0,0.0,0.0,0.0,0.0,0.0,domestic_oil_price_low_after_covid,domestic_price,2020-05-15,after
2020-06-07,1294.67,1101.38,749.33,39.27000045776367,41.150001525878906,1202.79,0.0019037153403858,0.0020561904068712,-9.340805978108602e-05,0.0,0.0,0.0,1283.5028571428572,1091.0814285714284,749.1942857142858,1260.8266666666668,1070.679,728.7296666666666,0.0,0.0,0.0,0.0,0.0,0.0,0.0,0.0,domestic_oil_price_low_after_covid,domestic_price,2020-05-15,after
2020-06-08,1299.39,1105.88,749.57,39.27000045776367,41.150001525878906,1197.84,0.0036457166691126,0.0040857832900542,0.0003202861222693,0.0,0.0,-0.00411543162148,1287.202857142857,1094.5185714285717,749.3957142857143,1262.426,1072.1246666666668,729.5463333333333,1.0,1.0,2.0,2.0,0.0,0.0,0.0,0.0,domestic_oil_price_low_after_covid,domestic_price,2020-05-15,after
2020-06-09,1306.08,1112.2,749.67,39.27000045776367,41.150001525878906,1197.04,0.0051485697134807,0.0057149057763952,0.000133409821631,0.0,0.0,-0.0006678688305616,1291.4942857142858,1098.5257142857142,749.47,1264.2593333333336,1073.792,730.3783333333334,0.0,0.0,0.0,0.0,0.0,0.0,0.0,0.0,domestic_oil_price_low_after_covid,domestic_price,2020-05-15,after
2020-06-10,1311.63,1117.3,749.7,39.27000045776367,41.150001525878906,1189.9,0.0042493568540979,0.0045855062039201,4.001760774752228e-05,0.0,0.0,-0.0059647129586312,1296.1514285714286,1102.8671428571429,749.5257142857143,1266.3103333333331,1075.655,731.2180000000001,0.0,0.0,0.0,0.0,0.0,0.0,0.0,0.0,domestic_oil_price_low_after_covid,domestic_price,2020-05-15,after
2020-06-11,1316.17,1121.52,749.49,39.27000045776367,41.150001525878906,1196.34,0.0034613419943123,0.0037769623198782,-0.0002801120448179,0.0,0.0,0.0054122195142447,1301.0,1107.3814285714286,749.54,1268.5433333333333,1077.694,732.0663333333334,0.0,0.0,0.0,0.0,0.0,0.0,0.0,0.0,domestic_oil_price_low_after_covid,domestic_price,2020-05-15,after
2020-06-12,1319.99,1125.19,749.47,39.27000045776367,41.150001525878906,1204.52,0.0029023606373035,0.0032723446750839,-2.668481233902842e-05,0.0,0.0,0.00683752110604,1305.7342857142855,1111.7985714285714,749.5185714285715,1270.9316666666668,1079.882,732.9236666666668,1.0,1.0,0.0,0.0,0.0,0.0,0.0,0.0,domestic_oil_price_low_after_covid,domestic_price,2020-05-15,after
2020-06-13,1322.91,1127.84,749.4,39.27000045776367,41.150001525878906,1204.52,0.0022121379707422,0.0023551577955722,-9.33993355305418e-05,0.0,0.0,0.0,1310.12,1115.9014285714286,749.5185714285715,1273.4303333333337,1082.1713333333332,733.7959999999999,0.0,0.0,0.0,0.0,0.0,0.0,0.0,0.0,domestic_oil_price_low_after_covid,domestic_price,2020-05-15,after
2020-06-14,1324.22,1128.99,749.13,39.27000045776367,41.150001525878906,1204.52,0.0009902412106643,0.0010196481770463,-0.0003602882305844,0.0,0.0,0.0,1314.3414285714289,1119.8457142857144,749.4899999999999,1275.985,1084.5126666666667,734.6673333333333,0.0,0.0,0.0,0.0,0.0,0.0,0.0,0.0,domestic_oil_price_low_after_covid,domestic_price,2020-05-15,after
2020-06-15,1327.02,1131.65,749.34,39.27000045776367,41.150001525878906,1212.21,0.0021144522813429,0.002356088185015,0.0002803251772056,0.0,0.0,0.0063842858566067,1318.2885714285717,1123.527142857143,749.4571428571428,1278.628,1086.9336666666666,735.5550000000001,0.0,0.0,0.0,0.0,0.0,0.0,0.0,0.0,domestic_oil_price_low_after_covid,domestic_price,2020-05-15,after
2020-06-16,1330.09,1134.37,749.54,39.27000045776367,41.150001525878906,1207.26,0.0023134542056637,0.0024035700083946,0.0002669015400218,0.0,0.0,-0.0040834508872225,1321.7185714285715,1126.6942857142856,749.4385714285714,1281.3673333333334,1089.442,736.456,0.0,0.0,0.0,0.0,0.0,0.0,0.0,0.0,domestic_oil_price_low_after_covid,domestic_price,2020-05-15,after
2020-06-17,1332.86,1137.11,749.46,39.27000045776367,41.150001525878906,1215.02,0.0020825658414092,0.0024154376438023,-0.0001067321290389,0.0,0.0,0.0064277786060997,1324.7514285714285,1129.5242857142855,749.4042857142857,1284.1916666666666,1092.029,737.347,1.0,1.0,-6.0,-6.0,0.0,0.0,0.0,0.0,domestic_oil_price_low_after_covid,domestic_price,2020-05-15,after
2020-06-18,1335.47,1139.58,749.63,39.27000045776367,41.150001525878906,1211.65,0.0019581951592817,0.0021721733165656,0.0002268299842553,0.0,0.0,-0.002773616895195,1327.5085714285713,1132.1042857142857,749.4242857142857,1287.0853333333334,1094.6893333333333,738.2563333333334,0.0,0.0,0.0,0.0,0.0,0.0,0.0,0.0,domestic_oil_price_low_after_covid,domestic_price,2020-05-15,after
2020-06-19,1337.95,1142.0,749.73,39.27000045776367,41.150001525878906,1208.38,0.0018570241188495,0.0021235893925832,0.0001333991435774,0.0,0.0,-0.0026987991581727,1330.0742857142857,1134.5057142857142,749.4614285714285,1290.0406666666668,1097.414,739.1806666666668,0.0,0.0,0.0,0.0,0.0,0.0,0.0,0.0,domestic_oil_price_low_after_covid,domestic_price,2020-05-15,after
2020-06-20,1340.67,1144.35,749.63,39.27000045776367,41.150001525878906,1208.38,0.0020329608729774,0.0020577933450087,-0.0001333813506195,0.0,0.0,0.0,1332.6114285714284,1136.8642857142856,749.4942857142858,1293.0533333333333,1100.1833333333334,740.1046666666667,0.0,0.0,0.0,0.0,0.0,0.0,0.0,0.0,domestic_oil_price_low_after_covid,domestic_price,2020-05-15,after
2020-06-21,1341.84,1145.5,749.58,39.27000045776367,41.150001525878906,1208.38,0.0008726979793685,0.001004937300651,-6.669957178873087e-05,0.0,0.0,0.0,1335.1285714285714,1139.222857142857,749.5585714285714,1296.0593333333336,1102.9433333333334,741.0276666666666,0.0,0.0,0.0,0.0,0.0,0.0,0.0,0.0,domestic_oil_price_low_after_covid,domestic_price,2020-05-15,after
2020-06-22,1344.18,1147.87,749.74,39.27000045776367,41.150001525878906,1210.73,0.0017438740833484,0.0020689655172412,0.0002134528669388,0.0,0.0,0.0019447524785249,1337.58,1141.5399999999995,749.6157142857144,1299.086,1105.7393333333334,741.966,0.0,0.0,0.0,0.0,0.0,0.0,0.0,0.0,domestic_oil_price_low_after_covid,domestic_price,2020-05-15,after
2020-06-23,1346.77,1150.24,749.63,39.27000045776367,41.150001525878906,1206.43,0.0019268252763766,0.0020646937370958,-0.0001467175287432,0.0,0.0,-0.0035515763217232,1339.962857142857,1143.8071428571427,749.6285714285715,1302.173,1108.596,742.901,1.0,1.0,-3.0,-3.0,0.0,0.0,0.0,0.0,domestic_oil_price_low_after_covid,domestic_price,2020-05-15,after
2020-06-24,1348.54,1151.92,749.68,39.27000045776367,41.150001525878906,1199.55,0.0013142555892988,0.001460564751704,6.669957178861985e-05,0.0,0.0,-0.0057027759588207,1342.202857142857,1145.922857142857,749.66,1305.275,1111.4643333333331,743.8286666666667,0.0,0.0,0.0,0.0,0.0,0.0,0.0,0.0,domestic_oil_price_low_after_covid,domestic_price,2020-05-15,after
2020-06-25,1350.05,1153.36,749.51,39.27000045776367,41.150001525878906,1203.59,0.0011197294852209,0.0012500868115838,-0.0002267634190586,0.0,0.0,0.0033679296402817,1344.2857142857142,1147.8914285714286,749.6428571428571,1308.3243333333337,1114.2926666666667,744.759,0.0,0.0,0.0,0.0,0.0,0.0,0.0,0.0,domestic_oil_price_low_after_covid,domestic_price,2020-05-15,after
2020-06-26,1351.31,1154.71,749.67,39.27000045776367,41.150001525878906,1203.44,0.0009332987667123,0.001170493167788,0.0002134728022307,0.0,0.0,-0.0001246271570882,1346.1942857142858,1149.7071428571428,749.6342857142857,1311.3273333333334,1117.0893333333331,745.7003333333333,0.0,0.0,0.0,0.0,0.0,0.0,0.0,0.0,domestic_oil_price_low_after_covid,domestic_price,2020-05-15,after
2020-06-27,1352.59,1155.94,749.57,39.27000045776367,41.150001525878906,1203.44,0.0009472289852068,0.0010652025183812,-0.0001333920258246,0.0,0.0,0.0,1347.8971428571426,1151.3628571428574,749.6257142857143,1314.289,1119.8523333333333,746.6393333333333,0.0,0.0,0.0,0.0,0.0,0.0,0.0,0.0,domestic_oil_price_low_after_covid,domestic_price,2020-05-15,after
2020-06-28,1353.19,1156.35,749.49,39.27000045776367,41.150001525878906,1203.44,0.0004435934022875,0.0003546896897761,-0.0001067278573049,0.0,0.0,0.0,1349.5185714285712,1152.912857142857,749.612857142857,1317.1899999999998,1122.5586666666668,747.5756666666667,0.0,0.0,0.0,0.0,0.0,0.0,0.0,0.0,domestic_oil_price_low_after_covid,domestic_price,2020-05-15,after
2020-06-29,1354.24,1157.44,749.9,39.27000045776367,41.150001525878906,1200.91,0.000775944250253,0.0009426211787089,0.0005470386529506,0.0,0.0,-0.0021023067207338,1350.955714285714,1154.2800000000002,749.6357142857142,1320.0506666666663,1125.236,748.5326666666666,0.0,0.0,0.0,0.0,0.0,0.0,0.0,0.0,domestic_oil_price_low_after_covid,domestic_price,2020-05-15,after
2020-06-30,1355.2,1158.25,750.06,39.27000045776367,41.150001525878906,1200.5,0.0007088846880907,0.0006998202930605,0.0002133617815709,0.0,0.0,-0.0003414077657777,1352.16,1155.4242857142856,749.6971428571427,1322.8960000000002,1127.9043333333332,749.4983333333333,1.0,1.0,0.0,0.0,0.0,0.0,0.0,0.0,domestic_oil_price_low_after_covid,domestic_price,2020-05-15,after
2020-07-01,1356.73,1159.77,758.94,40.27000045776367,43.29999923706055,1189.56005859375,0.0011289846517119,0.0013123246276709,0.0118390528757701,0.0254647310502462,0.0522478160743087,-0.0091128208298625,1353.33,1156.5457142857142,751.0200000000001,1325.6706666666664,1130.5026666666668,749.8576666666667,2.0,2.0,0.0,0.0,0.0,0.0,0.0,0.0,domestic_oil_price_low_after_covid,domestic_price,2020-05-15,after
2020-07-02,1357.49,1160.4,759.79,40.27000045776367,43.29999923706055,1199.84,0.0005601704097351,0.0005432111539358,0.0011199831343715,0.0,0.0,0.0086418010860271,1354.392857142857,1157.5514285714287,752.4885714285714,1328.3856666666666,1133.0443333333335,750.2123333333333,2.0,2.0,1.0,2.0,0.0,0.0,0.0,0.0,domestic_oil_price_low_after_covid,domestic_price,2020-05-15,after
2020-07-03,1358.04,1161.04,760.31,40.27000045776367,43.29999923706055,1199.84,0.0004051595223537,0.0005515339538089,0.0006843996367416,0.0,0.0,0.0,1355.3542857142857,1158.4557142857143,754.0085714285714,1331.0193333333332,1135.5153333333335,750.579,0.0,0.0,0.0,0.0,0.0,0.0,0.0,0.0,domestic_oil_price_low_after_covid,domestic_price,2020-05-15,after
2020-07-04,1358.36,1161.3,760.02,40.27000045776367,43.29999923706055,1199.84,0.0002356337074018,0.0002239371597878,-0.0003814233667845,0.0,0.0,0.0,1356.178571428571,1159.2214285714283,755.5014285714286,1333.557,1137.8946666666666,750.9333333333333,0.0,0.0,0.0,0.0,0.0,0.0,0.0,0.0,domestic_oil_price_low_after_covid,domestic_price,2020-05-15,after
2020-07-05,1358.73,1161.47,759.87,40.27000045776367,43.29999923706055,1199.84,0.0002723872905563,0.0001463876689917,-0.0001973632272834,0.0,0.0,0.0,1356.9699999999998,1159.952857142857,756.9842857142858,1335.9530000000002,1140.1346666666666,751.275,0.0,0.0,0.0,0.0,0.0,0.0,0.0,0.0,domestic_oil_price_low_after_covid,domestic_price,2020-05-15,after
2020-07-06,1359.06,1161.97,760.13,40.27000045776367,43.29999923706055,1192.66,0.0002428738601487,0.0004304889493487,0.0003421637911746,0.0,0.0,-0.0059841312174955,1357.6585714285716,1160.6,758.4457142857143,1338.1813333333332,1142.2296666666666,751.6326666666666,1.0,1.0,2.0,2.0,0.0,0.0,0.0,0.0,domestic_oil_price_low_after_covid,domestic_price,2020-05-15,after
2020-07-07,1359.49,1162.36,760.08,40.27000045776367,43.29999923706055,1194.43,0.0003163951554752,0.0003356368925186,-6.577822214615114e-05,0.0,0.0,0.0014840776080358,1358.2714285714285,1161.1871428571428,759.8771428571429,1340.342,1144.2623333333331,751.991,0.0,0.0,0.0,0.0,0.0,0.0,0.0,0.0,domestic_oil_price_low_after_covid,domestic_price,2020-05-15,after
2020-07-08,1359.68,1162.63,760.04,40.27000045776367,43.29999923706055,1194.63,0.0001397582917124,0.0002322860387489,-5.262603936440069e-05,0.0,0.0,0.000167443885368,1358.6928571428573,1161.5957142857144,760.0342857142857,1342.3516666666667,1146.1539999999998,752.34,0.0,0.0,0.0,0.0,0.0,0.0,0.0,0.0,domestic_oil_price_low_after_covid,domestic_price,2020-05-15,after
2020-07-09,1359.95,1162.83,760.04,40.27000045776367,43.29999923706055,1197.84,0.0001985761355614,0.0001720237736853,0.0,0.0,0.0,0.0026870244343435,1359.0442857142857,1161.9428571428573,760.0699999999999,1344.147333333333,1147.8416666666667,752.6856666666666,0.0,0.0,0.0,0.0,0.0,0.0,0.0,0.0,domestic_oil_price_low_after_covid,domestic_price,2020-05-15,after
2020-07-10,1360.16,1162.92,760.05,40.27000045776367,43.29999923706055,1204.34,0.0001544174418177,7.739738396850271e-05,1.3157202252589428e-05,0.0,0.0,0.0054264342483136,1359.347142857143,1162.2114285714283,760.0328571428572,1345.765,1149.3623333333333,753.0306666666668,1.0,1.0,2.0,2.0,0.0,0.0,0.0,0.0,domestic_oil_price_low_after_covid,domestic_price,2020-05-15,after
2020-07-11,1360.4,1163.23,760.08,40.27000045776367,43.29999923706055,1204.34,0.0001764498294318,0.0002665703573763,3.947108742852201e-05,0.0,0.0,0.0,1359.6385714285716,1162.4871428571428,760.0414285714286,1347.2393333333334,1150.7526666666668,753.3836666666666,0.0,0.0,0.0,0.0,0.0,0.0,0.0,0.0,domestic_oil_price_low_after_covid,domestic_price,2020-05-15,after
2020-07-12,1360.51,1163.15,759.9,40.27000045776367,43.29999923706055,1204.34,8.085857100836868e-05,-6.877401717619858e-05,-0.0002368171771393,0.0,0.0,0.0,1359.892857142857,1162.7271428571428,760.0457142857142,1348.59,1152.0179999999998,753.7313333333333,0.0,0.0,0.0,0.0,0.0,0.0,0.0,0.0,domestic_oil_price_low_after_covid,domestic_price,2020-05-15,after
2020-07-13,1360.72,1163.34,760.09,40.27000045776367,43.29999923706055,1200.13,0.0001543538820001,0.0001633495249966,0.0002500328990657,0.0,0.0,-0.0034956905857148,1360.13,1162.922857142857,760.04,1349.8503333333333,1153.2013333333334,754.0876666666667,0.0,0.0,0.0,0.0,0.0,0.0,0.0,0.0,domestic_oil_price_low_after_covid,domestic_price,2020-05-15,after
2020-07-14,1360.8,1163.45,760.06,40.27000045776367,43.29999923706055,1205.24,5.879240402140162e-05,9.455533206126354e-05,-3.946901024887151e-05,0.0,0.0,0.0042578720638597,1360.317142857143,1163.0785714285714,760.0371428571428,1351.0696666666663,1154.35,754.452,1.0,1.0,0.0,0.0,0.0,0.0,0.0,0.0,domestic_oil_price_low_after_covid,domestic_price,2020-05-15,after
2020-07-15,1360.91,1163.56,760.0,40.27000045776367,43.29999923706055,1201.97,8.083480305720592e-05,9.454639219552696e-05,-7.894113622597398e-05,0.0,0.0,-0.0027131525671235,1360.4928571428572,1163.2114285714283,760.0314285714286,1352.1993333333337,1155.4136666666668,754.8073333333334,0.0,0.0,0.0,0.0,0.0,0.0,0.0,0.0,domestic_oil_price_low_after_covid,domestic_price,2020-05-15,after
2020-07-16,1361.03,1163.62,760.09,40.27000045776367,43.29999923706055,1202.97,8.81762938034214e-05,5.15658840110067e-05,0.0001184210526317,0.0,0.0,0.0008319675199879,1360.6471428571429,1163.3242857142857,760.0385714285715,1353.2306666666666,1156.3886666666665,755.159,0.0,0.0,0.0,0.0,0.0,0.0,0.0,0.0,domestic_oil_price_low_after_covid,domestic_price,2020-05-15,after
2020-07-17,1361.04,1163.74,759.96,40.27000045776367,43.29999923706055,1203.86,7.347376619115664e-06,0.0001031264502158,-0.0001710323777447,0.0,0.0,0.0007398355736218,1360.7728571428572,1163.4414285714286,760.0257142857143,1354.1699999999998,1157.2763333333337,755.509,0.0,0.0,0.0,0.0,0.0,0.0,0.0,0.0,domestic_oil_price_low_after_covid,domestic_price,2020-05-15,after
2020-07-18,1361.15,1163.67,759.87,40.27000045776367,43.29999923706055,1203.86,8.082054899194446e-05,-6.015089281108388e-05,-0.0001184272856467,0.0,0.0,0.0,1360.88,1163.5042857142855,759.9957142857144,1355.026,1158.0793333333336,755.8503333333333,0.0,0.0,0.0,0.0,0.0,0.0,0.0,0.0,domestic_oil_price_low_after_covid,domestic_price,2020-05-15,after
2020-07-19,1361.22,1163.62,759.66,40.27000045776367,43.29999923706055,1203.86,5.142710208283496e-05,-4.296750797061488e-05,-0.0002763630621027,0.0,0.0,0.0,1360.9814285714283,1163.571428571429,759.9614285714287,1355.8016666666667,1158.8,756.1813333333333,0.0,0.0,0.0,0.0,0.0,0.0,0.0,0.0,domestic_oil_price_low_after_covid,domestic_price,2020-05-15,after
2020-07-20,1361.18,1163.65,759.83,40.27000045776367,43.29999923706055,1202.26,-2.9385404269666186e-05,2.5781612554176547e-05,0.0002237843245662,0.0,0.0,-0.0013290581961357,1361.047142857143,1163.615714285714,759.9242857142857,1356.4853333333335,1159.4433333333332,756.5213333333334,0.0,0.0,0.0,0.0,0.0,0.0,0.0,0.0,domestic_oil_price_low_after_covid,domestic_price,2020-05-15,after
2020-07-21,1361.13,1163.6,759.78,40.27000045776367,43.29999923706055,1194.64,-3.673283474625588e-05,-4.2968246465990845e-05,-6.580419304325069e-05,0.0,0.0,-0.0063380633140917,1361.0942857142857,1163.6371428571429,759.8842857142856,1357.128333333333,1160.0466666666664,756.8613333333334,0.0,0.0,0.0,0.0,0.0,0.0,0.0,0.0,domestic_oil_price_low_after_covid,domestic_price,2020-05-15,after
2020-07-22,1361.07,1163.52,759.92,40.27000045776367,43.29999923706055,1194.83,-4.40810209165754e-05,-6.875214850454725e-05,0.0001842638658557,0.0,0.0,0.0001590437286544,1361.1171428571429,1163.6314285714284,759.8728571428571,1357.6913333333332,1160.5683333333334,757.2006666666665,0.0,0.0,0.0,0.0,0.0,0.0,0.0,0.0,domestic_oil_price_low_after_covid,domestic_price,2020-05-15,after
2020-07-23,1361.01,1163.45,759.91,40.27000045776367,43.29999923706055,1198.91,-4.408296413849211e-05,-6.016226622651555e-05,-1.3159279924179756e-05,0.0,0.0,0.0034147117163112,1361.1142857142856,1163.607142857143,759.8471428571429,1358.1660000000002,1161.0086666666664,757.5433333333334,0.0,0.0,0.0,0.0,0.0,0.0,0.0,0.0,domestic_oil_price_low_after_covid,domestic_price,2020-05-15,after
2020-07-24,1361.04,1163.46,760.0,40.27000045776367,43.29999923706055,1203.17,2.204245376602465e-05,8.59512656314898e-06,0.0001184350778382,0.0,0.0,0.0035532275149927,1361.1142857142856,1163.5671428571427,759.852857142857,1358.582666666667,1161.3933333333332,757.8873333333335,0.0,0.0,0.0,0.0,0.0,0.0,0.0,0.0,domestic_oil_price_low_after_covid,domestic_price,2020-05-15,after
2020-07-25,1361.04,1163.49,759.97,40.27000045776367,43.29999923706055,1203.17,0.0,2.5785158062952007e-05,-3.9473684210533655e-05,0.0,0.0,0.0,1361.0985714285714,1163.5414285714285,759.8671428571428,1358.9489999999998,1161.731,758.236,0.0,0.0,0.0,0.0,0.0,0.0,0.0,0.0,domestic_oil_price_low_after_covid,domestic_price,2020-05-15,after
2020-07-26,1361.1,1163.48,759.73,40.27000045776367,43.29999923706055,1203.17,4.408393581378789e-05,-8.594831068631237e-06,-0.0003158019395502,0.0,0.0,0.0,1361.0814285714284,1163.5214285714285,759.8771428571428,1359.2753333333335,1162.0233333333333,758.5713333333333,0.0,0.0,0.0,0.0,0.0,0.0,0.0,0.0,domestic_oil_price_low_after_covid,domestic_price,2020-05-15,after
2020-07-27,1361.01,1163.49,759.88,40.27000045776367,43.29999923706055,1195.94,-6.61229887590764e-05,8.594904940428805e-06,0.0001974385637002,0.0,0.0,-0.0060091258924341,1361.0571428571427,1163.4985714285715,759.8842857142856,1359.556,1162.275,758.9150000000001,0.0,0.0,0.0,0.0,0.0,0.0,0.0,0.0,domestic_oil_price_low_after_covid,domestic_price,2020-05-15,after
2020-07-28,1361.04,1163.47,759.95,40.27000045776367,43.29999923706055,1198.15,2.204245376602465e-05,-1.718966213715145e-05,9.21198083909669e-05,0.0,0.0,0.0018479187919127,1361.0442857142857,1163.48,759.9085714285715,1359.8176666666666,1162.5123333333331,759.2636666666666,1.0,1.0,-1.0,-1.0,0.0,0.0,0.0,0.0,domestic_oil_price_low_after_covid,domestic_price,2020-05-15,after
2020-07-29,1360.99,1163.46,759.94,40.27000045776367,43.29999923706055,1192.98,-3.6736613178156574e-05,-8.594978813336596e-06,-1.3158760444720308e-05,0.0,0.0,-0.0043149856028044,1361.032857142857,1163.4714285714283,759.9114285714286,1360.042666666667,1162.7130000000002,759.5983333333334,0.0,0.0,0.0,0.0,0.0,0.0,0.0,0.0,domestic_oil_price_low_after_covid,domestic_price,2020-05-15,after
2020-07-30,1360.93,1163.42,759.95,40.27000045776367,43.29999923706055,1196.3,-4.4085555367723295e-05,-3.4380210750639684e-05,1.3158933600099232e-05,0.0,0.0,0.0027829469060671,1361.0214285714285,1163.467142857143,759.9171428571428,1360.2336666666663,1162.8853333333334,759.928,2.0,2.0,-1.5,0.0,0.0,0.0,0.0,0.0,domestic_oil_price_low_after_covid,domestic_price,2020-05-15,after
2020-07-31,1360.83,1163.34,759.96,40.27000045776367,43.29999923706055,1192.68,-7.347916498290363e-05,-6.876278558054505e-05,1.315876044483133e-05,0.0,0.0,-0.0030259968235391,1360.9914285714283,1163.45,759.9114285714286,1360.3703333333333,1163.0043333333333,759.962,0.0,0.0,0.0,0.0,0.0,0.0,0.0,0.0,domestic_oil_price_low_after_covid,domestic_price,2020-05-15,after
2022-11-01,1659.88,1872.05,1037.21,80.55000305175781,85.43000030517578,1325.3699951171875,-0.0004937676883242,0.0014764964237758,-0.0115879051240266,-0.0691089311441182,-0.099124763728525,-0.0696546433264161,1661.36,1866.0285714285717,1047.6985714285713,1665.473666666667,1840.6623333333332,1049.0303333333334,2.0,2.0,3.0,6.0,1.0,1.0,0.0,0.0,truckers_strike_supply_risk,domestic_supply_risk,2022-11-24,before
2022-11-02,1659.38,1874.01,1034.61,80.55000305175781,85.43000030517578,1418.31,-0.0003012265946935,0.0010469805827835,-0.0025067247712614,0.0,0.0,0.0701238184244503,1660.8185714285717,1868.02,1045.5542857142857,1664.868,1842.435,1048.5306666666668,0.0,0.0,0.0,0.0,0.0,0.0,0.0,0.0,truckers_strike_supply_risk,domestic_supply_risk,2022-11-24,before
2022-11-03,1658.83,1875.9,1033.74,80.55000305175781,85.43000030517578,1423.99,-0.0003314490954453,0.0010085325051627,-0.0008408965697218,0.0,0.0,0.0040047662358724,1660.321428571429,1869.9485714285715,1043.2885714285717,1664.3496666666667,1844.379666666667,1047.9863333333333,0.0,0.0,0.0,0.0,0.0,0.0,0.0,0.0,truckers_strike_supply_risk,domestic_supply_risk,2022-11-24,before
2022-11-04,1658.32,1877.64,1033.31,80.55000305175781,85.43000030517578,1423.99,-0.0003074456092546,0.0009275547737086,-0.0004159653297735,0.0,0.0,0.0,1659.837142857143,1871.78,1040.9742857142858,1663.9396666666669,1846.4466666666667,1047.4423333333334,0.0,0.0,0.0,0.0,0.0,0.0,0.0,0.0,truckers_strike_supply_risk,domestic_supply_risk,2022-11-24,before
2022-11-05,1658.37,1879.39,1033.22,80.55000305175781,85.43000030517578,1423.99,3.015099618886019e-05,0.0009320210476981,-8.709874093926206e-05,0.0,0.0,0.0,1659.455714285714,1873.632857142857,1038.672857142857,1663.638333333333,1848.6056666666664,1046.8986666666667,1.0,1.0,0.0,0.0,0.0,0.0,0.0,0.0,truckers_strike_supply_risk,domestic_supply_risk,2022-11-24,before
2022-11-06,1658.55,1880.35,1033.03,80.55000305175781,85.43000030517578,1423.99,0.0001085403136815,0.0005108040374801,-0.0001838911364472,0.0,0.0,0.0,1659.1471428571429,1875.5185714285712,1036.3557142857142,1663.398,1850.787,1046.351,0.0,0.0,0.0,0.0,0.0,0.0,0.0,0.0,truckers_strike_supply_risk,domestic_supply_risk,2022-11-24,before
2022-11-07,1659.06,1882.5,1032.85,80.55000305175781,85.43000030517578,1402.05,0.0003074975128878,0.0011434041534821,-0.0001742446976371,0.0,0.0,-0.0154074115689014,1658.912857142857,1877.4057142857143,1033.9957142857145,1663.1713333333332,1852.918,1045.8026666666667,0.0,0.0,0.0,0.0,0.0,0.0,0.0,0.0,truckers_strike_supply_risk,domestic_supply_risk,2022-11-24,before
2022-11-08,1659.71,1884.76,1032.83,80.55000305175781,85.43000030517578,1384.61,0.0003917881209842,0.0012005312084992,-1.936389601586708e-05,0.0,0.0,-0.0124389287115296,1658.8885714285714,1879.2214285714288,1033.37,1662.9573333333333,1855.077,1045.2563333333335,0.0,0.0,0.0,0.0,0.0,0.0,0.0,0.0,truckers_strike_supply_risk,domestic_supply_risk,2022-11-24,before
2022-11-09,1660.32,1886.64,1032.64,80.55000305175781,85.43000030517578,1364.85,0.0003675340872801,0.0009974744795093,-0.0001839605743441,0.0,0.0,-0.0142711666100923,1659.0228571428572,1881.0257142857145,1033.0885714285712,1662.753,1857.2403333333332,1044.701,2.0,2.0,2.0,4.0,0.0,0.0,0.0,0.0,truckers_strike_supply_risk,domestic_supply_risk,2022-11-24,before
2022-11-10,1660.34,1888.0,1032.41,80.55000305175781,85.43000030517578,1377.52,1.2045870675603254e-05,0.0007208582453461,-0.0002227300898667,0.0,0.0,0.0092830713997875,1659.2385714285713,1882.7542857142853,1032.8985714285714,1662.5393333333334,1859.3586666666667,1044.135,0.0,0.0,0.0,0.0,0.0,0.0,0.0,0.0,truckers_strike_supply_risk,domestic_supply_risk,2022-11-24,before
2022-11-11,1660.1,1888.77,1032.31,80.55000305175781,85.43000030517578,1377.52,-0.0001445487068914,0.0004078389830508,-9.686074330950144e-05,0.0,0.0,0.0,1659.492857142857,1884.3442857142857,1032.7557142857142,1662.311333333333,1861.3843333333327,1043.567,1.0,1.0,0.0,0.0,0.0,0.0,0.0,0.0,truckers_strike_supply_risk,domestic_supply_risk,2022-11-24,before
2022-11-12,1659.78,1888.93,1032.11,80.55000305175781,85.43000030517578,1377.52,-0.0001927594723208,8.471121417641392e-05,-0.0001937402524435,0.0,0.0,0.0,1659.6942857142858,1885.707142857143,1032.597142857143,1662.0913333333333,1863.364,1042.9896666666666,0.0,0.0,0.0,0.0,0.0,0.0,0.0,0.0,truckers_strike_supply_risk,domestic_supply_risk,2022-11-24,before
2022-11-13,1659.71,1888.94,1032.02,80.55000305175781,85.43000030517578,1377.52,-4.217426405905833e-05,5.294002424660604e-06,-8.720000775108705e-05,0.0,0.0,0.0,1659.86,1886.9342857142856,1032.452857142857,1661.88,1865.281,1042.4119999999998,0.0,0.0,0.0,0.0,0.0,0.0,0.0,0.0,truckers_strike_supply_risk,domestic_supply_risk,2022-11-24,before
2022-11-14,1659.64,1889.59,1032.03,80.55000305175781,85.43000030517578,1327.38,-4.217604280265519e-05,0.0003441083358919,9.689734695061958e-06,0.0,0.0,-0.036398745571752,1659.9428571428573,1887.947142857143,1032.3357142857142,1661.677,1867.1443333333327,1041.8356666666666,2.0,2.0,1.0,2.0,1.0,1.0,0.0,0.0,truckers_strike_supply_risk,domestic_supply_risk,2022-11-24,before
2022-11-15,1659.03,1889.11,1031.97,80.55000305175781,85.43000030517578,1317.88,-0.0003675495890675,-0.0002540233595648,-5.81378448299974e-05,0.0,0.0,-0.0071569558076812,1659.8457142857144,1888.5685714285717,1032.212857142857,1661.4540000000002,1868.9616666666664,1041.2606666666666,1.0,1.0,0.0,0.0,0.0,0.0,0.0,0.0,truckers_strike_supply_risk,domestic_supply_risk,2022-11-24,before
2022-11-16,1658.13,1888.55,1031.92,80.55000305175781,85.43000030517578,1326.46,-0.0005424856693367,-0.000296435887799,-4.845102086292741e-05,0.0,0.0,0.0065104561872098,1659.532857142857,1888.8414285714289,1032.11,1661.201,1870.6823333333332,1040.6753333333334,1.0,1.0,0.0,0.0,0.0,0.0,0.0,0.0,truckers_strike_supply_risk,domestic_supply_risk,2022-11-24,before
2022-11-17,1656.78,1887.8,1031.77,80.55000305175781,85.43000030517578,1338.97,-0.0008141701796603,-0.0003971300733366,-0.0001453601054346,0.0,0.0,0.0094311174102499,1659.0242857142855,1888.8128571428567,1032.0185714285712,1660.9016666666669,1872.2693333333332,1040.087,1.0,1.0,0.0,0.0,0.0,0.0,0.0,0.0,truckers_strike_supply_risk,domestic_supply_risk,2022-11-24,before
2022-11-18,1654.03,1885.62,1031.58,80.55000305175781,85.43000030517578,1339.61,-0.001659846207704,-0.0011547833456934,-0.0001841495682177,0.0,0.0,0.0004779793423301,1658.1571428571428,1888.3628571428571,1031.9142857142856,1660.5176666666666,1873.6933333333332,1039.49,0.0,0.0,0.0,0.0,1.0,1.0,0.0,0.0,truckers_strike_supply_risk,domestic_supply_risk,2022-11-24,before
2022-11-19,1651.56,1883.82,1031.52,80.55000305175781,85.43000030517578,1339.61,-0.0014933223702109,-0.0009545931842046,-5.816320595586344e-05,0.0,0.0,0.0,1656.982857142857,1887.632857142857,1031.83,1660.062666666667,1874.9706666666668,1038.892,0.0,0.0,0.0,0.0,0.0,0.0,0.0,0.0,truckers_strike_supply_risk,domestic_supply_risk,2022-11-24,before
2022-11-20,1650.45,1882.96,1031.37,80.55000305175781,85.43000030517578,1339.61,-0.0006720918404417,-0.0004565192003481,-0.0001454164727781,0.0,0.0,0.0,1655.66,1886.7785714285712,1031.7371428571428,1659.5886666666668,1876.1103333333333,1038.2906666666663,0.0,0.0,0.0,0.0,0.0,0.0,0.0,0.0,truckers_strike_supply_risk,domestic_supply_risk,2022-11-24,before
2022-11-21,1648.35,1881.58,1031.3,80.55000305175781,85.43000030517578,1354.87,-0.0012723802599291,-0.0007328886434125,-6.787089017512571e-05,0.0,0.0,0.0113913751017087,1654.047142857143,1885.6342857142856,1031.6328571428571,1659.06,1877.1083333333331,1037.6873333333333,0.0,0.0,0.0,0.0,0.0,0.0,0.0,0.0,truckers_strike_supply_risk,domestic_supply_risk,2022-11-24,before
2022-11-22,1644.75,1878.67,1031.49,80.55000305175781,85.43000030517578,1356.66,-0.0021840021840021,-0.0015465725613579,0.0001842334917094,0.0,0.0,0.0013211599636866,1652.007142857143,1884.142857142857,1031.5642857142857,1658.4176666666667,1877.9716666666668,1037.0943333333332,1.0,1.0,0.0,0.0,0.0,0.0,0.0,0.0,truckers_strike_supply_risk,domestic_supply_risk,2022-11-24,before
2022-11-23,1641.01,1875.66,1031.4,80.55000305175781,85.43000030517578,1352.49,-0.0022739018087855,-0.0016021972991531,-8.72524212546244e-05,0.0,0.0,-0.0030737251780107,1649.561428571429,1882.3014285714285,1031.49,1657.6476666666667,1878.645,1036.4953333333333,1.0,1.0,2.0,2.0,1.0,1.0,4.0,4.0,truckers_strike_supply_risk,domestic_supply_risk,2022-11-24,before
2022-11-24,1637.77,1872.86,1031.32,80.55000305175781,85.43000030517578,1352.49,-0.0019743938184411,-0.0014928078649649,-7.756447547035972e-05,0.0,0.0,0.0,1646.8457142857144,1880.1671428571428,1031.4257142857143,1656.783,1879.1416666666669,1035.888,2.0,2.0,0.0,0.0,1.0,1.0,0.0,0.0,truckers_strike_supply_risk,domestic_supply_risk,2022-11-24,after
2022-11-25,1634.66,1870.27,1031.19,80.55000305175781,85.43000030517578,1325.22,-0.0018989235362718,-0.0013829116965495,-0.0001260520498,0.0,0.0,-0.0201628108156067,1644.0785714285714,1877.9742857142855,1031.37,1655.832666666667,1879.4816666666663,1035.2736666666667,0.0,0.0,0.0,0.0,0.0,0.0,0.0,0.0,truckers_strike_supply_risk,domestic_supply_risk,2022-11-24,after
2022-11-26,1632.12,1867.75,1031.01,80.55000305175781,85.43000030517578,1325.22,-0.0015538399422511,-0.0013473990386414,-0.0001745556105082,0.0,0.0,0.0,1641.3014285714287,1875.6785714285716,1031.297142857143,1654.8263333333332,1879.66,1034.654,0.0,0.0,0.0,0.0,0.0,0.0,0.0,0.0,truckers_strike_supply_risk,domestic_supply_risk,2022-11-24,after
2022-11-27,1630.83,1866.63,1031.05,80.55000305175781,85.43000030517578,1325.22,-0.000790383060069,-0.0005996519876856,3.879690788632928e-05,0.0,0.0,0.0,1638.4985714285715,1873.3457142857144,1031.2514285714285,1653.7969999999998,1879.7203333333332,1034.0386666666666,0.0,0.0,0.0,0.0,1.0,1.0,0.0,0.0,truckers_strike_supply_risk,domestic_supply_risk,2022-11-24,after
2022-11-28,1628.36,1864.46,1031.23,80.55000305175781,85.43000030517578,1340.66,-0.0015145662024859,-0.0011625228352699,0.0001745793123515,0.0,0.0,0.0116508957003365,1635.642857142857,1870.9,1031.2414285714283,1652.7076666666665,1879.655,1033.4353333333331,1.0,1.0,0.0,0.0,4.0,4.0,3.5,10.0,truckers_strike_supply_risk,domestic_supply_risk,2022-11-24,after
2022-11-29,1625.83,1861.7,1031.23,80.55000305175781,85.43000030517578,1327.24,-0.0015537104817116,-0.0014803213799169,0.0,0.0,0.0,-0.0100099950770516,1632.9399999999998,1868.4757142857145,1031.2042857142858,1651.5449999999998,1879.473333333333,1032.8346666666666,0.0,0.0,0.0,0.0,6.0,6.0,5.0,7.0,truckers_strike_supply_risk,domestic_supply_risk,2022-11-24,after
2022-11-30,1623.9,1859.63,1031.18,80.55000305175781,85.43000030517578,1316.84,-0.0011870859806989,-0.0011118869850136,-4.848578881522237e-05,0.0,0.0,-0.007835809650101,1630.4957142857145,1866.1857142857143,1031.1728571428573,1650.3183333333334,1879.151333333333,1032.2283333333332,1.0,1.0,1.0,1.0,12.0,12.0,4.333333333333333,9.0,truckers_strike_supply_risk,domestic_supply_risk,2022-11-24,after
2022-12-01,1622.12,1857.47,1024.27,80.26000213623047,85.91000366210938,1260.9100341796875,-0.0010961266087814,-0.0011615213779085,-0.0067010609204989,-0.0036002595225353,0.0056186744143615,-0.0424728636890681,1628.26,1863.9871428571428,1030.1657142857143,1649.0596666666663,1878.6653333333331,1031.797,0.0,0.0,0.0,0.0,7.0,7.0,3.142857142857143,6.0,truckers_strike_supply_risk,domestic_supply_risk,2022-11-24,after
2022-12-02,1620.84,1855.96,1022.91,80.26000213623047,85.91000366210938,1300.5,-0.0007890908194214,-0.0008129337216751,-0.0013277749031017,0.0,0.0,0.0313979306589218,1626.2857142857142,1861.9428571428573,1028.9828571428573,1647.775,1878.0636666666664,1031.407,4.0,4.0,2.0,3.0,4.0,4.0,3.5,7.0,truckers_strike_supply_risk,domestic_supply_risk,2022-11-24,after
2022-12-03,1619.61,1854.52,1022.32,80.26000213623047,85.91000366210938,1300.5,-0.0007588657733027,-0.0007758787904912,-0.000576785836486,0.0,0.0,0.0,1624.4985714285715,1860.052857142857,1027.7414285714287,1646.467666666667,1877.351,1031.0263333333337,3.0,3.0,1.6666666666666667,3.0,2.0,2.0,5.0,10.0,truckers_strike_supply_risk,domestic_supply_risk,2022-11-24,after
2022-12-04,1618.48,1853.31,1022.19,80.26000213623047,85.91000366210938,1300.5,-0.0006976988287302,-0.0006524599357246,-0.0001271617497456,0.0,0.0,0.0,1622.7342857142855,1858.15,1026.4757142857145,1645.1396666666665,1876.54,1030.6556666666663,1.0,1.0,5.0,5.0,0.0,0.0,0.0,0.0,truckers_strike_supply_risk,domestic_supply_risk,2022-11-24,after
2022-12-05,1615.99,1850.98,1022.13,80.26000213623047,85.91000366210938,1292.58,-0.0015384805496515,-0.0012572100727886,-5.869750242137872e-05,0.0,0.0,-0.0060899653979239,1620.9671428571426,1856.2242857142855,1025.1757142857143,1643.727,1875.593,1030.2859999999998,7.0,7.0,1.4285714285714286,3.0,6.0,6.0,5.0,7.0,truckers_strike_supply_risk,domestic_supply_risk,2022-11-24,after
2022-12-06,1612.26,1847.19,1021.98,80.26000213623047,85.91000366210938,1319.31,-0.0023081826001398,-0.0020475639931279,-0.0001467523700507,0.0,0.0,0.0206795710903773,1619.0285714285712,1854.1514285714288,1023.8542857142857,1642.184,1874.4876666666669,1029.9176666666667,0.0,0.0,0.0,0.0,12.0,12.0,2.6666666666666665,7.0,truckers_strike_supply_risk,domestic_supply_risk,2022-11-24,after
2022-12-07,1607.58,1842.17,1021.78,80.26000213623047,85.91000366210938,1322.23,-0.0029027576197387,-0.0027176413904362,-0.0001956985459597,0.0,0.0,0.002213278152974,1616.6971428571428,1851.6571428571428,1022.5114285714286,1640.468,1873.1433333333332,1029.5486666666666,1.0,1.0,1.0,1.0,1.0,1.0,1.0,1.0,truckers_strike_supply_risk,domestic_supply_risk,2022-11-24,after
2022-12-08,1601.2,1835.07,1021.69,80.26000213623047,85.91000366210938,1317.56,-0.0039686982918423,-0.0038541502684334,-8.808158311957026e-05,0.0,0.0,-0.0035319119971564,1613.7085714285715,1848.457142857143,1022.1428571428572,1638.5176666666666,1871.487,1029.1773333333333,0.0,0.0,0.0,0.0,2.0,2.0,2.0,4.0,truckers_strike_supply_risk,domestic_supply_risk,2022-11-24,after
2022-12-09,1593.8,1827.11,1021.57,80.26000213623047,85.91000366210938,1301.61,-0.0046215338496128,-0.0043377091882054,-0.0001174524562245,0.0,0.0,-0.012105710555876,1609.8457142857144,1844.3357142857144,1021.9514285714286,1636.3003333333334,1869.5026666666668,1028.8083333333334,3.0,3.0,0.3333333333333333,1.0,2.0,2.0,-4.0,0.0,truckers_strike_supply_risk,domestic_supply_risk,2022-11-24,after
2022-12-10,1586.79,1818.45,1021.39,80.26000213623047,85.91000366210938,1301.61,-0.0043982933868741,-0.0047397255775513,-0.0001761993793867,0.0,0.0,0.0,1605.1571428571426,1839.1828571428573,1021.8185714285715,1633.8486666666663,1867.1843333333331,1028.441,0.0,0.0,0.0,0.0,0.0,0.0,0.0,0.0,truckers_strike_supply_risk,domestic_supply_risk,2022-11-24,after
2022-12-11,1583.59,1814.71,1021.27,80.26000213623047,85.91000366210938,1301.61,-0.0020166499662841,-0.002056696637246,-0.0001174869540527,0.0,0.0,0.0,1600.172857142857,1833.668571428572,1021.6871428571428,1631.2983333333332,1864.7156666666667,1028.073,0.0,0.0,0.0,0.0,1.0,1.0,-2.0,-2.0,truckers_strike_supply_risk,domestic_supply_risk,2022-11-24,after
2022-12-12,1576.99,1807.38,1021.3,80.26000213623047,85.91000366210938,1307.62,-0.0041677454391603,-0.0040392128769886,2.937518971468656e-05,0.0,0.0,0.0046173585021627,1594.6014285714284,1827.44,1021.5685714285712,1628.5386666666668,1861.9973333333328,1027.7126666666668,2.0,2.0,0.0,0.0,0.0,0.0,0.0,0.0,truckers_strike_supply_risk,domestic_supply_risk,2022-11-24,after
2022-12-13,1567.85,1796.67,1021.27,80.26000213623047,85.91000366210938,1301.47,-0.0057958515906886,-0.0059257046110945,-2.937432683836061e-05,0.0,0.0,-0.0047032012358328,1588.2571428571428,1820.222857142857,1021.4671428571428,1625.4766666666667,1858.9216666666664,1027.3543333333334,0.0,0.0,0.0,0.0,0.0,0.0,0.0,0.0,truckers_strike_supply_risk,domestic_supply_risk,2022-11-24,after
2022-12-14,1561.08,1787.99,1021.15,80.26000213623047,85.91000366210938,1294.79,-0.0043180151162419,-0.0048311598679779,-0.000117500758859,0.0,0.0,-0.0051326576870769,1581.6142857142856,1812.482857142857,1021.3771428571428,1622.1913333333334,1855.535,1026.9916666666666,0.0,0.0,0.0,0.0,0.0,0.0,0.0,0.0,truckers_strike_supply_risk,domestic_supply_risk,2022-11-24,after
2022-12-15,1554.87,1779.25,1021.15,80.26000213623047,85.91000366210938,1302.91,-0.0039780152202322,-0.004888170515495,0.0,0.0,0.0,0.0062712872357679,1574.9957142857145,1804.5085714285717,1021.3,1618.7193333333332,1851.873,1026.631,0.0,0.0,0.0,0.0,0.0,0.0,0.0,0.0,truckers_strike_supply_risk,domestic_supply_risk,2022-11-24,after
2022-12-16,1549.4,1771.37,1021.21,80.26000213623047,85.91000366210938,1307.73,-0.0035179789950283,-0.004428832373191,5.8757283454946574e-05,0.0,0.0,0.0036994113177426,1568.652857142857,1796.5457142857144,1021.2485714285716,1615.095,1847.967,1026.274,1.0,1.0,0.0,0.0,0.0,0.0,0.0,0.0,truckers_strike_supply_risk,domestic_supply_risk,2022-11-24,after
2022-12-17,1545.18,1764.37,1021.03,80.26000213623047,85.91000366210938,1307.73,-0.0027236349554666,-0.0039517435657147,-0.0001762614937182,0.0,0.0,0.0,1562.7085714285713,1788.82,1021.1971428571428,1611.375,1843.852666666667,1025.916,0.0,0.0,0.0,0.0,0.0,0.0,0.0,0.0,truckers_strike_supply_risk,domestic_supply_risk,2022-11-24,after
2022-12-18,1543.39,1761.56,1020.99,80.26000213623047,85.91000366210938,1307.73,-0.0011584410877696,-0.0015926364651405,-3.917612606874066e-05,0.0,0.0,0.0,1556.9657142857145,1781.2271428571426,1021.1571428571428,1607.687,1839.7173333333333,1025.563,0.0,0.0,0.0,0.0,0.0,0.0,0.0,0.0,truckers_strike_supply_risk,domestic_supply_risk,2022-11-24,after
2022-12-19,1540.27,1756.43,1021.24,80.26000213623047,85.91000366210938,1302.29,-0.0020215240477132,-0.0029121914666544,0.0002448603806108,0.0,0.0,-0.0041598800975737,1551.72,1773.9485714285713,1021.1485714285716,1603.977333333333,1835.471,1025.2203333333334,2.0,2.0,4.0,8.0,3.0,3.0,-0.6666666666666666,2.0,truckers_strike_supply_risk,domestic_supply_risk,2022-11-24,after
2022-12-20,1536.77,1751.89,1021.18,80.26000213623047,85.91000366210938,1290.41,-0.0022723288774045,-0.0025847884629617,-5.8752105283832456e-05,0.0,0.0,-0.0091223920939267,1547.2800000000002,1767.5514285714287,1021.1357142857142,1600.188,1831.102,1024.880666666667,1.0,1.0,-1.0,-1.0,0.0,0.0,0.0,0.0,truckers_strike_supply_risk,domestic_supply_risk,2022-11-24,after
2022-12-21,1534.17,1745.51,1020.95,80.26000213623047,85.91000366210938,1284.7,-0.0016918602002901,-0.0036417811620593,-0.000225229636303,0.0,0.0,-0.0044249502096233,1543.4357142857143,1761.4828571428573,1021.1071428571428,1596.382,1826.5663333333328,1024.5356666666669,0.0,0.0,0.0,0.0,1.0,1.0,0.0,0.0,truckers_strike_supply_risk,domestic_supply_risk,2022-11-24,after
2022-12-22,1531.87,1741.37,1020.87,80.26000213623047,85.91000366210938,1275.68,-0.0014991819681001,-0.0023717996459488,-7.835839169401115e-05,0.0,0.0,-0.0070210944189305,1540.15,1756.071428571429,1021.0671428571428,1592.619333333333,1821.9896666666668,1024.1816666666666,1.0,1.0,2.0,2.0,0.0,0.0,0.0,0.0,truckers_strike_supply_risk,domestic_supply_risk,2022-11-24,after
2022-12-23,1530.29,1738.09,1021.11,80.26000213623047,85.91000366210938,1280.02,-0.0010314191151989,-0.0018835744270315,0.0002350935966382,0.0,0.0,0.0034021071115013,1537.42,1751.3171428571427,1021.0528571428572,1588.928666666667,1817.404,1023.8386666666668,1.0,1.0,3.0,3.0,0.0,0.0,0.0,0.0,truckers_strike_supply_risk,domestic_supply_risk,2022-11-24,after
2022-12-24,1529.34,1735.31,1020.82,80.26000213623047,85.91000366210938,1280.02,-0.0006207973652053,-0.0015994568750754,-0.0002840046615937,0.0,0.0,0.0,1535.1571428571428,1747.1657142857143,1021.0228571428572,1585.3143333333333,1812.819,1023.4886666666666,0.0,0.0,0.0,0.0,0.0,0.0,0.0,0.0,truckers_strike_supply_risk,domestic_supply_risk,2022-11-24,after
2022-12-25,1528.58,1733.82,1020.89,80.26000213623047,85.91000366210938,1280.02,-0.0004969463951769,-0.0008586362090923,6.857232420998116e-05,0.0,0.0,0.0,1533.0414285714287,1743.202857142857,1021.0085714285716,1581.7783333333332,1808.2706666666668,1023.1453333333334,0.0,0.0,0.0,0.0,0.0,0.0,0.0,0.0,truckers_strike_supply_risk,domestic_supply_risk,2022-11-24,after
2022-12-26,1527.32,1731.44,1021.04,80.26000213623047,85.91000366210938,1280.02,-0.0008242944432087,-0.0013726915135364,0.0001469306193615,0.0,0.0,0.0,1531.1914285714286,1739.6328571428571,1020.98,1578.285,1803.727,1022.813,1.0,1.0,0.0,0.0,0.0,0.0,0.0,0.0,truckers_strike_supply_risk,domestic_supply_risk,2022-11-24,after
2022-12-27,1526.31,1728.14,1021.0,80.26000213623047,85.91000366210938,1271.0,-0.0006612890553387,-0.0019059280136765,-3.917574238032629e-05,0.0,0.0,-0.0070467648942985,1529.6971428571428,1736.2399999999998,1020.9542857142858,1574.801,1799.1106666666667,1022.478,2.0,2.0,0.5,1.0,0.0,0.0,0.0,0.0,truckers_strike_supply_risk,domestic_supply_risk,2022-11-24,after
2022-12-28,1526.05,1725.84,1020.96,80.26000213623047,85.91000366210938,1267.54,-0.0001703454737241,-0.0013309106901062,-3.9177277179169856e-05,0.0,0.0,-0.0027222659323368,1528.5371428571427,1733.4299999999998,1020.9557142857144,1571.390666666667,1794.49,1022.1356666666668,0.0,0.0,0.0,0.0,0.0,0.0,0.0,0.0,truckers_strike_supply_risk,domestic_supply_risk,2022-11-24,after
2022-12-29,1526.34,1724.28,1020.7,80.26000213623047,85.91000366210938,1265.58,0.0001900330919695,-0.0009039076623557,-0.0002546622786396,0.0,0.0,-0.0015463022863183,1527.7471428571428,1730.9885714285715,1020.9314285714288,1568.0743333333332,1789.9093333333333,1021.7846666666668,1.0,1.0,-9.0,-9.0,0.0,0.0,0.0,0.0,truckers_strike_supply_risk,domestic_supply_risk,2022-11-24,after
2022-12-30,1527.57,1722.77,1020.84,80.26000213623047,85.91000366210938,1260.18,0.0008058492865286,-0.0008757278400259,0.000137160772019,0.0,0.0,-0.0042668183757643,1527.3585714285712,1728.8,1020.8928571428572,1564.8633333333332,1785.3473333333336,1021.44,0.0,0.0,0.0,0.0,0.0,0.0,0.0,0.0,truckers_strike_supply_risk,domestic_supply_risk,2022-11-24,after
2022-12-31,1530.7,1721.76,1020.93,80.26000213623047,85.91000366210938,1260.18,0.0020490059375348,-0.0005862651427642,8.816268954969786e-05,0.0,0.0,0.0,1527.552857142857,1726.8642857142856,1020.9085714285716,1561.816,1780.823666666667,1021.3286666666668,0.0,0.0,0.0,0.0,0.0,0.0,0.0,0.0,truckers_strike_supply_risk,domestic_supply_risk,2022-11-24,after
2021-10-01,1648.21,1443.14,981.18,83.56999969482422,84.37999725341797,1174.3800048828125,0.0013487323738297,0.0015893396259154,0.0003976386382404,0.1138211522653496,0.0746306783097527,-0.0078736125007919,1644.9485714285715,1439.5685714285717,980.7857142857144,1642.9083333333333,1437.3659999999998,980.639,0.0,0.0,0.0,0.0,0.0,0.0,0.0,0.0,urea_solution_crisis,domestic_supply_risk,2021-11-01,before
2021-10-02,1649.52,1444.57,981.15,83.56999969482422,84.37999725341797,1174.3800048828125,0.000794801633287,0.000990894854276,-3.0575429584733804e-05,0.0,0.0,0.0,1645.8228571428572,1440.5314285714287,980.8471428571428,1643.1263333333334,1437.6,980.6803333333334,0.0,0.0,0.0,0.0,0.0,0.0,0.0,0.0,urea_solution_crisis,domestic_supply_risk,2021-11-01,before
2021-10-03,1650.24,1445.08,981.19,83.56999969482422,84.37999725341797,1174.3800048828125,0.0004364906154517,0.0003530462352119,4.07684859604629e-05,0.0,0.0,0.0,1646.7785714285717,1441.56,980.9157142857142,1643.378333333333,1437.86,980.7096666666664,0.0,0.0,0.0,0.0,0.0,0.0,0.0,0.0,urea_solution_crisis,domestic_supply_risk,2021-11-01,before
2021-10-04,1651.18,1446.28,981.28,83.56999969482422,84.37999725341797,1182.4,0.0005696141167346,0.0008304038530739,9.172535390700176e-05,0.0,0.0,0.0068291311873858,1647.814285714286,1442.672857142857,981.0071428571428,1643.6683333333335,1438.1709999999998,980.7313333333334,1.0,1.0,2.0,2.0,0.0,0.0,0.0,0.0,urea_solution_crisis,domestic_supply_risk,2021-11-01,before
2021-10-05,1652.92,1448.18,981.21,83.56999969482422,84.37999725341797,1188.31,0.001053791833719,0.0013137151865476,-7.133539866288618e-05,0.0,0.0,0.0049983085250338,1649.0257142857142,1443.9799999999998,981.0814285714284,1644.0159999999998,1438.5503333333334,980.7523333333334,0.0,0.0,0.0,0.0,0.0,0.0,0.0,0.0,urea_solution_crisis,domestic_supply_risk,2021-11-01,before
2021-10-06,1656.81,1452.28,981.23,83.56999969482422,84.37999725341797,1192.6,0.0023534109333784,0.0028311397754421,2.0382996504197948e-05,0.0,0.0,0.003610169063628,1650.6957142857143,1445.7685714285712,981.1471428571429,1644.495,1439.0626666666665,980.7696666666668,0.0,0.0,0.0,0.0,1.0,1.0,1.0,1.0,urea_solution_crisis,domestic_supply_risk,2021-11-01,before
2021-10-07,1661.16,1456.8,981.27,83.56999969482422,84.37999725341797,1190.76,0.0026255273688595,0.003112347481202,4.0765162092393226e-05,0.0,0.0,-0.0015428475599529,1652.8628571428574,1448.047142857143,981.2157142857142,1645.1253333333334,1439.732,980.7926666666666,0.0,0.0,0.0,0.0,1.0,1.0,0.0,0.0,urea_solution_crisis,domestic_supply_risk,2021-11-01,before
2021-10-08,1667.13,1462.87,981.17,83.56999969482422,84.37999725341797,1194.58,0.0035938741602254,0.0041666666666666,-0.0001019087509044,0.0,0.0,0.0032080352044072,1655.5657142857142,1450.865714285714,981.2142857142856,1645.9599999999998,1440.6103333333335,980.8083333333332,0.0,0.0,0.0,0.0,0.0,0.0,0.0,0.0,urea_solution_crisis,domestic_supply_risk,2021-11-01,before
2021-10-09,1673.01,1468.94,981.24,83.56999969482422,84.37999725341797,1194.58,0.0035270194885821,0.0041493775933612,7.134339614944807e-05,0.0,0.0,0.0,1658.9214285714284,1454.347142857143,981.2271428571428,1646.9926666666663,1441.695333333333,980.8266666666666,0.0,0.0,0.0,0.0,0.0,0.0,0.0,0.0,urea_solution_crisis,domestic_supply_risk,2021-11-01,before
2021-10-10,1676.42,1472.26,981.21,83.56999969482422,84.37999725341797,1194.58,0.0020382424492382,0.0022601331572424,-3.057355998525857e-05,0.0,0.0,0.0,1662.6614285714284,1458.2299999999998,981.23,1648.1409999999998,1442.891,980.8526666666666,0.0,0.0,0.0,0.0,0.0,0.0,0.0,0.0,urea_solution_crisis,domestic_supply_risk,2021-11-01,before
2021-10-11,1680.13,1476.01,981.13,83.56999969482422,84.37999725341797,1194.58,0.0022130492358716,0.0025471044516593,-8.15319860173469e-05,0.0,0.0,0.0,1666.797142857143,1462.4771428571428,981.2085714285714,1649.4200000000003,1444.2183333333337,980.8716666666668,1.0,1.0,0.0,0.0,0.0,0.0,0.0,0.0,urea_solution_crisis,domestic_supply_risk,2021-11-01,before
2021-10-12,1685.07,1481.2,981.21,83.56999969482422,84.37999725341797,1198.72,0.0029402486712337,0.0035162363398622,8.15386340240476e-05,0.0,0.0,0.0034656532002881,1671.39,1467.1942857142858,981.2085714285714,1650.8626666666669,1445.7246666666665,980.8936666666668,0.0,0.0,0.0,0.0,0.0,0.0,0.0,0.0,urea_solution_crisis,domestic_supply_risk,2021-11-01,before
2021-10-13,1693.57,1490.26,981.24,83.56999969482422,84.37999725341797,1193.89,0.0050443008302325,0.0061166621658115,3.0574494756407944e-05,0.0,0.0,-0.0040292979177789,1676.6414285714286,1472.62,981.21,1652.5856666666666,1447.524,980.914,1.0,1.0,0.0,0.0,0.0,0.0,0.0,0.0,urea_solution_crisis,domestic_supply_risk,2021-11-01,before
2021-10-14,1700.95,1498.15,981.2,83.56999969482422,84.37999725341797,1186.3,0.0043576586736893,0.0052943781621999,-4.076474664704843e-05,0.0,0.0,-0.0063573696069153,1682.3257142857144,1478.527142857143,981.2,1654.558,1449.59,980.9356666666666,1.0,1.0,2.0,2.0,0.0,0.0,0.0,0.0,urea_solution_crisis,domestic_supply_risk,2021-11-01,before
2021-10-15,1709.17,1506.65,981.26,83.56999969482422,84.37999725341797,1182.34,0.0048325935506627,0.0056736641858292,6.114961271896924e-05,0.0,0.0,-0.0033381100901964,1688.331428571429,1484.7814285714285,981.2128571428572,1656.804,1451.936666666667,980.9563333333334,0.0,0.0,0.0,0.0,0.0,0.0,0.0,0.0,urea_solution_crisis,domestic_supply_risk,2021-11-01,before
2021-10-16,1716.93,1514.39,981.31,83.56999969482422,84.37999725341797,1182.34,0.004540215426201,0.0051372249693026,5.095489472717318e-05,0.0,0.0,0.0,1694.6057142857146,1491.2742857142855,981.222857142857,1659.3073333333334,1454.5400000000002,980.9796666666668,0.0,0.0,0.0,0.0,0.0,0.0,0.0,0.0,urea_solution_crisis,domestic_supply_risk,2021-11-01,before
2021-10-17,1720.83,1518.34,981.2,83.56999969482422,84.37999725341797,1182.34,0.0022714962170851,0.0026083109370769,-0.0001120950566079,0.0,0.0,0.0,1700.9500000000005,1497.857142857143,981.2214285714286,1661.9326666666666,1457.2673333333332,981.0003333333332,0.0,0.0,0.0,0.0,0.0,0.0,0.0,0.0,urea_solution_crisis,domestic_supply_risk,2021-11-01,before
2021-10-18,1725.89,1523.77,981.31,83.56999969482422,84.37999725341797,1187.55,0.0029404415311216,0.0035762740888074,0.0001121076233183,0.0,0.0,0.0044065158922137,1707.4871428571428,1504.68,981.2471428571428,1664.7216666666668,1460.1706666666666,981.0216666666668,1.0,1.0,5.0,5.0,0.0,0.0,0.0,0.0,urea_solution_crisis,domestic_supply_risk,2021-11-01,before
2021-10-19,1732.45,1530.43,981.38,83.56999969482422,84.37999725341797,1175.32,0.0038009374873253,0.0043707383660265,7.133321784147384e-05,0.0,0.0,-0.0102985137467895,1714.2557142857145,1511.712857142857,981.2714285714286,1667.724,1463.294666666667,981.0436666666668,1.0,1.0,4.0,4.0,1.0,1.0,0.0,0.0,urea_solution_crisis,domestic_supply_risk,2021-11-01,before
2021-10-20,1739.15,1537.28,981.35,83.56999969482422,84.37999725341797,1175.05,0.0038673554792345,0.0044758662598092,-3.056919847554962e-05,0.0,0.0,-0.0002297246707279,1720.767142857143,1518.43,981.2871428571428,1670.9426666666666,1466.6413333333337,981.0646666666668,0.0,0.0,0.0,0.0,2.0,2.0,-4.0,-3.0,urea_solution_crisis,domestic_supply_risk,2021-11-01,before
2021-10-21,1743.99,1542.25,981.3,83.56999969482422,84.37999725341797,1177.25,0.0027829686916021,0.003232982930891,-5.09502216334834e-05,0.0,0.0,0.0018722607548615,1726.9157142857143,1524.73,981.3014285714286,1674.3206666666667,1470.1523333333332,981.0833333333334,1.0,1.0,2.0,2.0,2.0,2.0,-2.5,0.0,urea_solution_crisis,domestic_supply_risk,2021-11-01,before
2021-10-22,1748.7,1547.04,981.07,83.56999969482422,84.37999725341797,1176.85,0.00270070355908,0.0031058518398443,-0.0002343829613776,0.0,0.0,-0.0003397748991293,1732.5628571428572,1530.5,981.2742857142856,1677.861666666667,1473.8316666666667,981.0943333333332,0.0,0.0,0.0,0.0,0.0,0.0,0.0,0.0,urea_solution_crisis,domestic_supply_risk,2021-11-01,before
2021-10-23,1753.22,1551.4,981.11,83.56999969482422,84.37999725341797,1176.85,0.0025847772631097,0.0028182852414935,4.077181037032141e-05,0.0,0.0,0.0,1737.7471428571428,1535.7871428571427,981.2457142857144,1681.5423333333335,1477.638,981.1063333333332,0.0,0.0,0.0,0.0,2.0,2.0,0.5,1.0,urea_solution_crisis,domestic_supply_risk,2021-11-01,before
2021-10-24,1755.49,1553.43,981.13,83.56999969482422,84.37999725341797,1176.85,0.0012947604978268,0.0013084955524043,2.038507404877876e-05,0.0,0.0,0.0,1742.6985714285713,1540.7999999999995,981.2357142857144,1685.2856666666669,1481.4946666666665,981.1216666666668,0.0,0.0,0.0,0.0,3.0,3.0,0.0,0.0,urea_solution_crisis,domestic_supply_risk,2021-11-01,before
2021-10-25,1758.42,1556.69,981.09,83.56999969482422,84.37999725341797,1167.59,0.0016690496670446,0.0020985818479106,-4.07693170120238e-05,0.0,0.0,-0.0078684624208692,1747.3457142857144,1545.5028571428572,981.2042857142858,1689.1196666666667,1485.4566666666665,981.134,0.0,0.0,0.0,0.0,1.0,1.0,0.0,0.0,urea_solution_crisis,domestic_supply_risk,2021-11-01,before
2021-10-26,1762.66,1560.93,981.13,83.56999969482422,84.37999725341797,1167.58,0.0024112555589677,0.0027237279098599,4.077097921695305e-05,0.0,0.0,-8.564650262443685e-06,1751.6614285714284,1549.86,981.1685714285716,1693.09,1489.5583333333334,981.148,0.0,0.0,0.0,0.0,5.0,5.0,0.0,0.0,urea_solution_crisis,domestic_supply_risk,2021-11-01,before
2021-10-27,1766.7,1564.79,981.2,83.56999969482422,84.37999725341797,1171.19,0.0022919905143363,0.0024728847546013,7.134630477101389e-05,0.0,0.0,0.0030918652255091,1755.597142857143,1553.7899999999995,981.147142857143,1697.1823333333334,1493.7683333333334,981.1666666666666,0.0,0.0,0.0,0.0,2.0,2.0,-1.5,0.0,urea_solution_crisis,domestic_supply_risk,2021-11-01,before
2021-10-28,1770.89,1568.88,981.27,83.56999969482422,84.37999725341797,1167.34,0.0023716533650308,0.0026137692597729,7.134121483898248e-05,0.0,0.0,-0.0032872548433645,1759.44,1557.5942857142857,981.1428571428572,1701.3973333333336,1498.0966666666668,981.186,0.0,0.0,0.0,0.0,2.0,2.0,-1.0,1.0,urea_solution_crisis,domestic_supply_risk,2021-11-01,before
2021-10-29,1774.44,1572.22,981.22,83.56999969482422,84.37999725341797,1174.94,0.0020046417338175,0.0021289072459333,-5.0954375452216816e-05,0.0,0.0,0.0065105282094335,1763.1171428571429,1561.1914285714286,981.1642857142858,1705.708,1502.512,981.201,1.0,1.0,2.0,2.0,0.0,0.0,0.0,0.0,urea_solution_crisis,domestic_supply_risk,2021-11-01,before
2021-10-30,1778.82,1576.42,981.22,83.56999969482422,84.37999725341797,1174.94,0.0024683843916952,0.0026713818676775,0.0,0.0,0.0,0.0,1766.7742857142855,1564.765714285714,981.18,1710.1356666666666,1507.031,981.2153333333334,0.0,0.0,0.0,0.0,0.0,0.0,0.0,0.0,urea_solution_crisis,domestic_supply_risk,2021-11-01,before
2021-10-31,1780.9,1578.31,981.36,83.56999969482422,84.37999725341797,1174.94,0.0011693144893807,0.0011989190697909,0.0001426795214121,0.0,0.0,0.0,1770.4042857142856,1568.3200000000002,981.2128571428572,1714.5586666666668,1511.5366666666669,981.2213333333334,0.0,0.0,0.0,0.0,0.0,0.0,0.0,0.0,urea_solution_crisis,domestic_supply_risk,2021-11-01,before
2021-11-01,1784.53,1582.01,1069.22,66.18000030517578,70.56999969482422,1190.739990234375,0.0020382952439776,0.0023442796408816,0.0895288171517079,-0.2080890206192672,-0.1636643518382474,0.013447486879649,1774.134285714286,1571.937142857143,993.8028571428572,1719.059,1516.118,984.157,0.0,0.0,0.0,0.0,3.0,3.0,2.0,5.0,urea_solution_crisis,domestic_supply_risk,2021-11-01,after
2021-11-02,1788.16,1585.36,1075.59,66.18000030517578,70.56999969482422,1177.04,0.0020341490476485,0.0021175593074631,0.0059576139615793,0.0,0.0,-0.0115054422852451,1777.777142857143,1575.4271428571428,1007.2971428571428,1723.6563333333334,1520.794,987.3036666666668,0.0,0.0,0.0,0.0,3.0,3.0,2.333333333333333,5.0,urea_solution_crisis,domestic_supply_risk,2021-11-01,after
2021-11-03,1791.29,1588.34,1077.27,66.18000030517578,70.56999969482422,1184.56,0.0017504026485324,0.0018796992481202,0.0015619334504783,0.0,0.0,0.0063889077686398,1781.2900000000002,1578.7914285714287,1021.0214285714284,1728.3266666666668,1525.5293333333334,990.5033333333332,0.0,0.0,0.0,0.0,3.0,3.0,3.0,5.0,urea_solution_crisis,domestic_supply_risk,2021-11-01,after
2021-11-04,1794.95,1591.63,1077.86,66.18000030517578,70.56999969482422,1186.77,0.0020432202490943,0.0020713449261493,0.0005476807114279,0.0,0.0,0.001865671641791,1784.7271428571428,1582.0414285714287,1034.82,1733.061,1530.311,993.725,0.0,0.0,0.0,0.0,6.0,6.0,3.6666666666666665,5.0,urea_solution_crisis,domestic_supply_risk,2021-11-01,after
2021-11-05,1797.95,1594.42,1077.93,66.18000030517578,70.56999969482422,1183.28,0.0016713557480709,0.0017529199625541,6.49434991559783e-05,0.0,0.0,-0.0029407551589608,1788.0857142857144,1585.2128571428573,1048.6357142857144,1737.765666666667,1535.049,996.9483333333334,0.0,0.0,0.0,0.0,6.0,6.0,1.8333333333333333,5.0,urea_solution_crisis,domestic_supply_risk,2021-11-01,after
2021-11-06,1801.25,1597.58,1078.08,66.18000030517578,70.56999969482422,1183.28,0.0018354236769653,0.0019819119178132,0.0001391556037959,0.0,0.0,0.0,1791.2900000000002,1588.2357142857145,1062.472857142857,1742.4353333333331,1539.7416666666666,1000.1753333333332,0.0,0.0,0.0,0.0,0.0,0.0,0.0,0.0,urea_solution_crisis,domestic_supply_risk,2021-11-01,after
2021-11-07,1802.96,1598.84,1078.17,66.18000030517578,70.56999969482422,1183.28,0.0009493407356002,0.0007886928980083,8.348174532524233e-05,0.0,0.0,0.0,1794.4414285714286,1591.168571428571,1076.3028571428572,1746.9630000000002,1544.274,1003.4086666666668,0.0,0.0,0.0,0.0,5.0,5.0,2.6,5.0,urea_solution_crisis,domestic_supply_risk,2021-11-01,after
2021-11-08,1805.18,1600.87,1078.24,66.18000030517578,70.56999969482422,1180.64,0.0012313085148867,0.0012696705111205,6.492482632602936e-05,0.0,0.0,-0.0022310864715028,1797.3914285714286,1593.862857142857,1077.5914285714284,1751.3686666666667,1548.6716666666666,1006.642,0.0,0.0,0.0,0.0,5.0,5.0,2.4,5.0,urea_solution_crisis,domestic_supply_risk,2021-11-01,after
2021-11-09,1807.47,1602.98,1078.24,66.18000030517578,70.56999969482422,1178.64,0.0012685715551912,0.0013180333193827,0.0,0.0,0.0,-0.0016939964764873,1800.15,1596.38,1077.97,1755.737,1553.029,1009.8763333333334,1.0,1.0,2.0,2.0,2.0,2.0,3.5,5.0,urea_solution_crisis,domestic_supply_risk,2021-11-01,after
2021-11-10,1809.12,1604.52,1078.27,66.18000030517578,70.56999969482422,1181.16,0.0009128782220451,0.0009607106763651,2.7823119157055487e-05,0.0,0.0,0.0021380574221137,1802.6971428571428,1598.6914285714286,1078.1128571428571,1760.0366666666666,1557.3126666666665,1013.1143333333332,0.0,0.0,0.0,0.0,0.0,0.0,0.0,0.0,urea_solution_crisis,domestic_supply_risk,2021-11-01,after
2021-11-11,1810.16,1605.64,1078.3,66.18000030517578,70.56999969482422,1181.16,0.000574865127797,0.0006980280707002,2.78223450527193e-05,0.0,0.0,0.0,1804.87,1600.6928571428568,1078.1757142857143,1764.2063333333333,1561.4606666666666,1016.3506666666668,0.0,0.0,0.0,0.0,9.0,9.0,1.1111111111111112,6.0,urea_solution_crisis,domestic_supply_risk,2021-11-01,after
2021-11-12,1767.74,1575.03,1047.87,66.18000030517578,70.56999969482422,1179.23,-0.0234343925398859,-0.0190640492264767,-0.0282203468422517,0.0,0.0,-0.0016339869281046,1800.5542857142857,1597.9228571428573,1073.8814285714286,1766.678666666667,1564.2863333333332,1018.5716666666666,0.0,0.0,0.0,0.0,2.0,2.0,2.0,5.0,urea_solution_crisis,domestic_supply_risk,2021-11-01,after
2021-11-13,1751.17,1562.4,1043.87,66.18000030517578,70.56999969482422,1179.23,-0.0093735504089967,-0.0080188948781927,-0.0038172674091251,0.0,0.0,0.0,1793.4,1592.8971428571429,1068.9942857142858,1768.352666666667,1566.428,1020.6606666666668,0.0,0.0,0.0,0.0,0.0,0.0,0.0,0.0,urea_solution_crisis,domestic_supply_risk,2021-11-01,after
2021-11-14,1742.5,1555.81,1043.0,66.18000030517578,70.56999969482422,1179.23,-0.0049509756334337,-0.0042178699436764,-0.0008334371138167,0.0,0.0,0.0,1784.7628571428572,1586.75,1063.97,1769.4636666666668,1568.0666666666666,1022.7186666666664,0.0,0.0,0.0,0.0,1.0,1.0,2.0,2.0,urea_solution_crisis,domestic_supply_risk,2021-11-01,after
2021-11-15,1724.87,1542.16,1041.55,66.18000030517578,70.56999969482422,1181.61,-0.0101176470588235,-0.0087735648954563,-0.0013902205177372,0.0,0.0,0.0020182661567293,1773.2900000000002,1578.3628571428574,1058.7285714285713,1769.7283333333337,1568.9923333333331,1024.7266666666667,0.0,0.0,0.0,0.0,0.0,0.0,0.0,0.0,urea_solution_crisis,domestic_supply_risk,2021-11-01,after
2021-11-16,1711.92,1531.96,1040.55,66.18000030517578,70.56999969482422,1183.3,-0.007507812182947,-0.0066140997043108,-0.0009601075320435,0.0,0.0,0.0014302519443809,1759.64,1568.217142857143,1053.3442857142857,1769.4313333333334,1569.446333333333,1026.7050000000002,0.0,0.0,0.0,0.0,0.0,0.0,0.0,0.0,urea_solution_crisis,domestic_supply_risk,2021-11-01,after
2021-11-17,1704.62,1526.24,1040.07,66.18000030517578,70.56999969482422,1182.4,-0.0042642179541101,-0.003733778949842,-0.0004612945077122,0.0,0.0,-0.0007605848052056,1744.7114285714283,1557.0342857142855,1047.8871428571429,1768.7223333333336,1569.5286666666666,1028.6636666666666,0.0,0.0,0.0,0.0,1.0,1.0,-3.0,-3.0,urea_solution_crisis,domestic_supply_risk,2021-11-01,after
2021-11-18,1699.1,1521.82,1039.59,66.18000030517578,70.56999969482422,1183.42,-0.0032382583801667,-0.0028960058706364,-0.0004615073985404,0.0,0.0,0.0008626522327468,1728.8457142857144,1545.06,1042.357142857143,1767.6106666666667,1569.2416666666666,1030.604,1.0,1.0,0.0,0.0,0.0,0.0,0.0,0.0,urea_solution_crisis,domestic_supply_risk,2021-11-01,after
2021-11-19,1695.39,1518.74,1039.57,66.18000030517578,70.56999969482422,1184.93,-0.0021835089164851,-0.0020238924445729,-1.9238353581640943e-05,0.0,0.0,0.0012759628872252,1718.51,1537.0185714285712,1041.1714285714286,1766.1520000000005,1568.6236666666666,1032.544666666667,0.0,0.0,0.0,0.0,0.0,0.0,0.0,0.0,urea_solution_crisis,domestic_supply_risk,2021-11-01,after
2021-11-20,1692.72,1516.5,1039.58,66.18000030517578,70.56999969482422,1184.93,-0.0015748588820272,-0.0014749068306623,9.619361851509469e-06,0.0,0.0,0.0,1710.16,1530.4614285714283,1040.5585714285714,1764.443,1567.7653333333333,1034.4873333333333,0.0,0.0,0.0,0.0,0.0,0.0,0.0,0.0,urea_solution_crisis,domestic_supply_risk,2021-11-01,after
2021-11-21,1691.38,1515.15,1039.4,66.18000030517578,70.56999969482422,1184.93,-0.0007916253131055,-0.0008902077151334,-0.0001731468477652,0.0,0.0,0.0,1702.857142857143,1524.652857142857,1040.0442857142857,1762.532333333333,1566.7023333333334,1036.4316666666666,0.0,0.0,0.0,0.0,0.0,0.0,0.0,0.0,urea_solution_crisis,domestic_supply_risk,2021-11-01,after
2021-11-22,1688.88,1513.22,1039.31,66.18000030517578,70.56999969482422,1185.33,-0.0014780829854911,-0.0012738012738012,-8.658841639419546e-05,0.0,0.0,0.0003375726836183,1697.7157142857145,1520.5185714285712,1039.7242857142858,1760.3876666666663,1565.429666666667,1038.371666666667,1.0,1.0,0.0,0.0,0.0,0.0,0.0,0.0,urea_solution_crisis,domestic_supply_risk,2021-11-01,after
2021-11-23,1687.02,1511.62,1039.27,66.18000030517578,70.56999969482422,1190.31,-0.0011013215859031,-0.001057347907112,-3.8487073154236384e-05,0.0,0.0,0.0042013616461238,1694.1585714285716,1517.6128571428574,1039.5414285714285,1758.1053333333334,1564.036,1040.3096666666668,0.0,0.0,0.0,0.0,0.0,0.0,0.0,0.0,urea_solution_crisis,domestic_supply_risk,2021-11-01,after
2021-11-24,1685.6,1510.35,1039.1,66.18000030517578,70.56999969482422,1186.01,-0.0008417209043165,-0.0008401582408277,-0.000163576356481,0.0,0.0,-0.003612504305601,1691.4414285714286,1515.3428571428572,1039.402857142857,1755.678,1562.4913333333332,1042.243333333333,1.0,1.0,0.0,0.0,1.0,1.0,5.0,5.0,urea_solution_crisis,domestic_supply_risk,2021-11-01,after
2021-11-25,1684.46,1509.16,1039.07,66.18000030517578,70.56999969482422,1186.01,-0.0006763170384431,-0.000787896845102,-2.8871138485153654e-05,0.0,0.0,0.0,1689.35,1513.5342857142855,1039.3285714285714,1753.071333333333,1560.765666666667,1044.1746666666666,0.0,0.0,0.0,0.0,0.0,0.0,0.0,0.0,urea_solution_crisis,domestic_supply_risk,2021-11-01,after
2021-11-26,1683.16,1508.23,1039.1,66.18000030517578,70.56999969482422,1194.43,-0.0007717606829488,-0.0006162368469877,2.88719720518138e-05,0.0,0.0,0.0070994342374854,1687.6028571428574,1512.0328571428574,1039.2614285714285,1750.2866666666669,1558.8803333333333,1046.1046666666666,1.0,1.0,-7.0,-7.0,0.0,0.0,0.0,0.0,urea_solution_crisis,domestic_supply_risk,2021-11-01,after
2021-11-27,1681.57,1506.77,1038.9,66.18000030517578,70.56999969482422,1194.43,-0.0009446517265144,-0.0009680221186424,-0.0001924742565679,0.0,0.0,0.0,1686.01,1510.642857142857,1039.1642857142856,1747.3093333333334,1556.8100000000002,1048.025666666667,0.0,0.0,0.0,0.0,1.0,1.0,-3.0,-3.0,urea_solution_crisis,domestic_supply_risk,2021-11-01,after
2021-11-28,1680.79,1505.83,1038.9,66.18000030517578,70.56999969482422,1194.43,-0.0004638522333295,-0.0006238510190673,0.0,0.0,0.0,0.0,1684.497142857143,1509.3114285714285,1039.0928571428572,1744.187666666667,1554.5970000000002,1049.9483333333333,0.0,0.0,0.0,0.0,0.0,0.0,0.0,0.0,urea_solution_crisis,domestic_supply_risk,2021-11-01,after
2021-11-29,1679.52,1504.95,1039.02,66.18000030517578,70.56999969482422,1192.96,-0.0007555970704251,-0.0005843953168683,0.0001155067860236,0.0,0.0,-0.0012307125574542,1683.16,1508.13,1039.0514285714285,1740.8776666666668,1552.2146666666667,1051.875,0.0,0.0,0.0,0.0,1.0,1.0,0.0,0.0,urea_solution_crisis,domestic_supply_risk,2021-11-01,after
2021-11-30,1678.25,1503.76,1038.97,66.18000030517578,70.56999969482422,1187.45,-0.0007561684290749,-0.0007907239443171,-4.812226906114603e-05,0.0,0.0,-0.0046187634120171,1681.9071428571426,1507.007142857143,1039.0085714285717,1737.456,1549.7296666666666,1053.7953333333332,0.0,0.0,0.0,0.0,0.0,0.0,0.0,0.0,urea_solution_crisis,domestic_supply_risk,2021-11-01,after
2021-12-01,1675.88,1501.52,1083.78,75.20999908447266,77.77999877929688,1189.8900146484375,-0.0014121853120809,-0.0014895994041602,0.0431292530101927,0.136446037135945,0.1021680475506854,0.0020548356970293,1680.5185714285717,1505.7457142857145,1045.3914285714286,1733.8343333333332,1547.0466666666666,1054.2806666666663,1.0,1.0,3.0,3.0,0.0,0.0,0.0,0.0,urea_solution_crisis,domestic_supply_risk,2021-11-01,after
2021-12-02,1673.98,1499.73,1086.39,75.20999908447266,77.77999877929688,1175.18,-0.0011337327254935,-0.0011921253130161,0.0024082378342469,0.0,0.0,-0.0123624994472986,1679.0214285714285,1504.3985714285716,1052.1514285714286,1730.0283333333332,1544.1923333333334,1054.640666666667,0.0,0.0,0.0,0.0,0.0,0.0,0.0,0.0,urea_solution_crisis,domestic_supply_risk,2021-11-01,after
2021-12-03,1672.11,1497.83,1087.02,75.20999908447266,77.77999877929688,1179.84,-0.001117098173216,-0.0012668947077141,0.0005799022450501,0.0,0.0,0.0039653499889378,1677.4428571428573,1502.912857142857,1058.997142857143,1726.0556666666666,1541.1753333333331,1054.9656666666667,0.0,0.0,0.0,0.0,1.0,1.0,5.0,5.0,urea_solution_crisis,domestic_supply_risk,2021-11-01,after
2021-12-04,1670.22,1495.88,1087.56,75.20999908447266,77.77999877929688,1179.84,-0.0011303084127239,-0.0013018833913059,0.0004967709885741,0.0,0.0,0.0,1675.821428571429,1501.357142857143,1065.9485714285715,1721.898,1537.9836666666667,1055.289,0.0,0.0,0.0,0.0,1.0,1.0,-3.0,-3.0,urea_solution_crisis,domestic_supply_risk,2021-11-01,after
2021-12-05,1669.44,1494.93,1087.7,75.20999908447266,77.77999877929688,1179.84,-0.0004670043467327,-0.0006350776800277,0.0001287285299202,0.0,0.0,0.0,1674.2,1499.8,1072.9199999999998,1717.6143333333334,1534.6673333333335,1055.6146666666666,0.0,0.0,0.0,0.0,2.0,2.0,1.0,3.0,urea_solution_crisis,domestic_supply_risk,2021-11-01,after
2021-12-06,1667.87,1493.43,1087.92,75.20999908447266,77.77999877929688,1182.29,-0.000940435115967,-0.0010033914631454,0.0002022616530292,0.0,0.0,0.0020765527529156,1672.5357142857142,1498.1542857142856,1079.9057142857143,1713.1683333333335,1531.1956666666667,1055.9426666666666,1.0,1.0,3.0,3.0,0.0,0.0,0.0,0.0,urea_solution_crisis,domestic_supply_risk,2021-11-01,after
2021-12-07,1664.87,1489.98,1087.99,75.20999908447266,77.77999877929688,1179.24,-0.0017987013376342,-0.0023101183182339,6.434296639445947e-05,0.0,0.0,-0.0025797393194563,1670.624285714286,1496.185714285714,1086.9085714285711,1708.5653333333332,1527.5669999999998,1056.27,0.0,0.0,0.0,0.0,0.0,0.0,0.0,0.0,urea_solution_crisis,domestic_supply_risk,2021-11-01,after
2021-12-08,1662.05,1486.87,1087.95,75.20999908447266,77.77999877929688,1175.19,-0.0016938259443679,-0.0020872763392798,-3.67650437963496e-05,0.0,0.0,-0.0034344153861809,1668.6485714285714,1494.0928571428572,1087.5042857142855,1703.794333333333,1523.767,1056.5936666666666,1.0,1.0,0.0,0.0,0.0,0.0,0.0,0.0,urea_solution_crisis,domestic_supply_risk,2021-11-01,after
2021-12-09,1659.45,1483.64,1088.05,75.20999908447266,77.77999877929688,1173.59,-0.0015643332029722,-0.0021723486249637,9.191598878621754e-05,0.0,0.0,-0.0013614819731279,1666.5728571428572,1491.7942857142857,1087.7414285714283,1698.8603333333335,1519.789,1056.9206666666666,1.0,1.0,0.0,0.0,0.0,0.0,0.0,0.0,urea_solution_crisis,domestic_supply_risk,2021-11-01,after
2021-12-10,1656.65,1480.84,1087.89,75.20999908447266,77.77999877929688,1180.99,-0.0016873060351321,-0.0018872502763475,-0.0001470520656218,0.0,0.0,0.006305438867066,1664.3642857142856,1489.3671428571429,1087.8657142857144,1693.778,1515.6663333333336,1057.2413333333332,0.0,0.0,0.0,0.0,1.0,1.0,0.0,0.0,urea_solution_crisis,domestic_supply_risk,2021-11-01,after
2021-12-11,1654.4,1478.23,1087.97,75.20999908447266,77.77999877929688,1180.99,-0.0013581625569674,-0.0017625131682017,7.353684655608816e-05,0.0,0.0,0.0,1662.1042857142857,1486.8457142857144,1087.9242857142858,1688.5859999999998,1511.4193333333335,1057.563666666667,0.0,0.0,0.0,0.0,1.0,1.0,-5.0,-5.0,urea_solution_crisis,domestic_supply_risk,2021-11-01,after
2021-12-12,1653.53,1477.06,1087.95,75.20999908447266,77.77999877929688,1180.99,-0.0005258704061896,-0.0007914871163486,-1.838285982147525e-05,0.0,0.0,0.0,1659.8314285714284,1484.2928571428572,1087.96,1684.7789999999998,1508.1536666666666,1058.8996666666667,0.0,0.0,0.0,0.0,0.0,0.0,0.0,0.0,urea_solution_crisis,domestic_supply_risk,2021-11-01,after
2021-12-13,1651.59,1475.23,1087.94,75.20999908447266,77.77999877929688,1184.19,-0.0011732475370873,-0.0012389476392292,-9.191598878577343e-06,0.0,0.0,0.0027095911057672,1657.5057142857145,1481.6928571428573,1087.962857142857,1681.4596666666666,1505.248,1060.3686666666667,0.0,0.0,0.0,0.0,0.0,0.0,0.0,0.0,urea_solution_crisis,domestic_supply_risk,2021-11-01,after
2021-12-14,1649.23,1472.46,1087.92,75.20999908447266,77.77999877929688,1182.7,-0.0014289260651856,-0.001877673311958,-1.838336672976837e-05,0.0,0.0,-0.0012582440317854,1655.2714285714285,1479.19,1087.952857142857,1678.3506666666667,1502.4696666666666,1061.866,0.0,0.0,0.0,0.0,0.0,0.0,0.0,0.0,urea_solution_crisis,domestic_supply_risk,2021-11-01,after
2021-12-15,1646.71,1469.52,1087.76,75.20999908447266,77.77999877929688,1186.06,-0.0015279857873068,-0.0019966586528666,-0.0001470696374734,0.0,0.0,0.002840957131986,1653.0800000000002,1476.7114285714283,1087.9257142857143,1675.7453333333333,1500.0483333333334,1063.4063333333334,1.0,1.0,2.0,2.0,0.0,0.0,0.0,0.0,urea_solution_crisis,domestic_supply_risk,2021-11-01,after
2021-12-16,1643.44,1466.11,1087.91,75.20999908447266,77.77999877929688,1183.59,-0.0019857777022062,-0.0023204856007403,0.0001378980657498,0.0,0.0,-0.0020825253359864,1650.792857142857,1474.207142857143,1087.9057142857143,1673.4626666666666,1497.8533333333332,1064.985,0.0,0.0,0.0,0.0,1.0,1.0,2.0,2.0,urea_solution_crisis,domestic_supply_risk,2021-11-01,after
2021-12-17,1641.08,1463.39,1087.72,75.20999908447266,77.77999877929688,1181.03,-0.0014360122669523,-0.0018552496061003,-0.0001746467998272,0.0,0.0,-0.0021629111432167,1648.5685714285714,1471.7142857142858,1087.8814285714286,1671.3446666666666,1495.7583333333334,1066.5733333333333,0.0,0.0,0.0,0.0,0.0,0.0,0.0,0.0,urea_solution_crisis,domestic_supply_risk,2021-11-01,after
2021-12-18,1639.44,1461.35,1087.63,75.20999908447266,77.77999877929688,1181.03,-0.0009993418967996,-0.0013940234660617,-8.274188210188882e-05,0.0,0.0,0.0,1646.4314285714286,1469.3028571428572,1087.8328571428572,1669.356,1493.7426666666663,1068.1746666666668,0.0,0.0,0.0,0.0,0.0,0.0,0.0,0.0,urea_solution_crisis,domestic_supply_risk,2021-11-01,after
2021-12-19,1638.75,1460.26,1087.63,75.20999908447266,77.77999877929688,1181.03,-0.0004208754208754,-0.0007458856536763,0.0,0.0,0.0,0.0,1644.32,1466.902857142857,1087.787142857143,1667.468,1491.7933333333333,1069.7766666666666,0.0,0.0,0.0,0.0,1.0,1.0,-5.0,-5.0,urea_solution_crisis,domestic_supply_risk,2021-11-01,after
2021-12-20,1636.81,1458.47,1087.65,75.20999908447266,77.77999877929688,1191.07,-0.0011838291380625,-0.0012258091024885,1.838860641933948e-05,0.0,0.0,0.0085010541645851,1642.2085714285713,1464.5085714285713,1087.7457142857145,1665.6043333333332,1489.859,1071.379,1.0,1.0,-1.0,-1.0,0.0,0.0,0.0,0.0,urea_solution_crisis,domestic_supply_risk,2021-11-01,after
2021-12-21,1634.46,1455.64,1087.56,75.20999908447266,77.77999877929688,1192.35,-0.0014357194787421,-0.0019403895863472,-8.274720728185248e-05,0.0,0.0,0.001074663957618,1640.0985714285714,1462.1057142857146,1087.6942857142858,1663.707,1487.8753333333332,1072.984333333333,0.0,0.0,0.0,0.0,0.0,0.0,0.0,0.0,urea_solution_crisis,domestic_supply_risk,2021-11-01,after
2021-12-22,1632.31,1453.08,1087.63,75.20999908447266,77.77999877929688,1190.21,-0.0013154191598448,-0.0017586765958617,6.436426496025938e-05,0.0,0.0,-0.0017947750241119,1638.0414285714285,1459.7571428571428,1087.6757142857143,1661.8213333333335,1485.8706666666665,1074.595,1.0,1.0,2.0,2.0,0.0,0.0,0.0,0.0,urea_solution_crisis,domestic_supply_risk,2021-11-01,after
2021-12-23,1630.71,1451.15,1087.52,75.20999908447266,77.77999877929688,1187.59,-0.0009802059657785,-0.0013282131747734,-0.0001011373353071,0.0,0.0,-0.002201292208938,1636.2228571428573,1457.62,1087.62,1659.9443333333334,1483.855,1076.2033333333334,0.0,0.0,0.0,0.0,0.0,0.0,0.0,0.0,urea_solution_crisis,domestic_supply_risk,2021-11-01,after
2021-12-24,1629.16,1449.37,1087.48,75.20999908447266,77.77999877929688,1187.59,-0.0009505062212165,-0.0012266133755988,-3.678093276437977e-05,0.0,0.0,0.0,1634.5200000000002,1455.6171428571429,1087.5857142857144,1658.063,1481.8223333333335,1077.816,0.0,0.0,0.0,0.0,0.0,0.0,0.0,0.0,urea_solution_crisis,domestic_supply_risk,2021-11-01,after
2021-12-25,1628.1,1447.97,1087.59,75.20999908447266,77.77999877929688,1187.59,-0.0006506420486632,-0.0009659369243187,0.0001011512855408,0.0,0.0,0.0,1632.9,1453.7057142857143,1087.5800000000002,1656.1843333333334,1479.7826666666665,1079.4333333333334,0.0,0.0,0.0,0.0,0.0,0.0,0.0,0.0,urea_solution_crisis,domestic_supply_risk,2021-11-01,after
2021-12-26,1627.82,1447.53,1087.57,75.20999908447266,77.77999877929688,1187.59,-0.0001719796081322,-0.0003038736990407,-1.838928272601681e-05,0.0,0.0,0.0,1631.3385714285716,1451.8871428571426,1087.571428571429,1654.3396666666663,1477.7593333333336,1081.049,0.0,0.0,0.0,0.0,0.0,0.0,0.0,0.0,urea_solution_crisis,domestic_supply_risk,2021-11-01,after
2021-12-27,1627.07,1446.92,1087.65,75.20999908447266,77.77999877929688,1186.82,-0.0004607389023356,-0.0004214075010534,7.355848359202888e-05,0.0,0.0,-0.0006483719128654,1629.947142857143,1450.2371428571428,1087.571428571429,1652.523,1475.7643333333333,1082.674,0.0,0.0,0.0,0.0,0.0,0.0,0.0,0.0,urea_solution_crisis,domestic_supply_risk,2021-11-01,after
2021-12-28,1626.06,1445.68,1087.7,75.20999908447266,77.77999877929688,1188.15,-0.0006207477244372,-0.0008569927846736,4.5970670712103257e-05,0.0,0.0,0.0011206417148348,1628.7471428571428,1448.814285714286,1087.5914285714289,1650.698666666667,1473.7593333333332,1084.3006666666668,0.0,0.0,0.0,0.0,0.0,0.0,0.0,0.0,urea_solution_crisis,domestic_supply_risk,2021-11-01,after
2021-12-29,1625.31,1444.7,1087.7,75.20999908447266,77.77999877929688,1185.51,-0.0004612375927087,-0.0006778816888938,0.0,0.0,0.0,-0.0022219416740311,1627.7471428571428,1447.6171428571429,1087.6014285714286,1648.8916666666669,1471.751,1085.9233333333334,0.0,0.0,0.0,0.0,0.0,0.0,0.0,0.0,urea_solution_crisis,domestic_supply_risk,2021-11-01,after
2021-12-30,1624.93,1444.0,1087.66,75.20999908447266,77.77999877929688,1188.59,-0.0002338015517039,-0.0004845296601371,-3.6774846005283024e-05,0.0,0.0,0.0025980379752172,1626.9214285714284,1446.5957142857144,1087.6214285714286,1647.1143333333334,1469.7589999999998,1087.5463333333337,0.0,0.0,0.0,0.0,0.0,0.0,0.0,0.0,urea_solution_crisis,domestic_supply_risk,2021-11-01,after
2021-12-31,1624.47,1443.58,1087.51,75.20999908447266,77.77999877929688,1188.59,-0.000283089117685,-0.0002908587257618,-0.0001379107441664,0.0,0.0,0.0,1626.2514285714285,1445.7685714285717,1087.6257142857144,1645.400666666667,1467.8276666666668,1087.6706666666666,0.0,0.0,0.0,0.0,1.0,1.0,5.0,5.0,urea_solution_crisis,domestic_supply_risk,2021-11-01,after
2022-01-01,1623.79,1442.42,1075.02,88.1500015258789,91.20999908447266,1207.7099609375,-0.0004185980658307,-0.0008035578215269,-0.0114849518625116,0.1720516234400242,0.1726665018764506,0.0160862542487316,1625.6357142857144,1444.9757142857145,1085.8300000000002,1643.727666666667,1465.917333333333,1087.2916666666667,0.0,0.0,0.0,0.0,1.0,1.0,1.0,1.0,urea_solution_crisis,domestic_supply_risk,2021-11-01,after
2022-01-02,1623.4,1442.09,1074.42,88.1500015258789,91.20999908447266,1207.7099609375,-0.0002401788408599,-0.0002287821854939,-0.0005581291510854,0.0,0.0,0.0,1625.0042857142855,1444.1985714285715,1083.9514285714288,1642.104,1464.0593333333336,1086.871666666667,0.0,0.0,0.0,0.0,0.0,0.0,0.0,0.0,urea_solution_crisis,domestic_supply_risk,2021-11-01,after
2022-01-03,1623.03,1441.82,1073.21,88.1500015258789,91.20999908447266,1191.39,-0.0002279167179993,-0.0001872282589852,-0.0011261890136073,0.0,0.0,-0.013513145925228,1624.4271428571428,1443.47,1081.8885714285714,1640.531,1462.2573333333337,1086.3933333333334,0.0,0.0,0.0,0.0,0.0,0.0,0.0,0.0,urea_solution_crisis,domestic_supply_risk,2021-11-01,after
2022-01-04,1622.32,1440.91,1072.63,88.1500015258789,91.20999908447266,1193.77,-0.000437453405051,-0.000631146745086,-0.0005404347704549,0.0,0.0,0.0019976665911245,1623.892857142857,1442.7885714285717,1079.7357142857145,1638.9603333333334,1460.4566666666665,1085.891,0.0,0.0,0.0,0.0,1.0,1.0,0.0,0.0,urea_solution_crisis,domestic_supply_risk,2021-11-01,after
2022-01-05,1621.79,1440.23,1072.31,88.1500015258789,91.20999908447266,1196.38,-0.000326692637704,-0.0004719239924769,-0.0002983321368973,0.0,0.0,0.002186350804594,1623.39,1442.15,1077.537142857143,1637.4243333333334,1458.6833333333334,1085.3706666666667,0.0,0.0,0.0,0.0,0.0,0.0,0.0,0.0,urea_solution_crisis,domestic_supply_risk,2021-11-01,after
2022-01-06,1621.22,1439.42,1072.08,88.1500015258789,91.20999908447266,1205.02,-0.0003514635063724,-0.0005624101705976,-0.0002144902127183,0.0,0.0,0.0072217857202558,1622.86,1441.4957142857145,1075.311428571429,1635.9693333333332,1456.998,1084.840333333333,0.0,0.0,0.0,0.0,0.0,0.0,0.0,0.0,urea_solution_crisis,domestic_supply_risk,2021-11-01,after
2022-01-07,1620.98,1439.13,1071.91,88.1500015258789,91.20999908447266,1200.78,-0.000148036663747,-0.0002014700365424,-0.0001585702559508,0.0,0.0,-0.0035186137989411,1622.3614285714284,1440.86,1073.0828571428572,1634.6003333333333,1455.4066666666663,1084.3056666666666,0.0,0.0,0.0,0.0,0.0,0.0,0.0,0.0,urea_solution_crisis,domestic_supply_risk,2021-11-01,after
2022-01-08,1621.4,1439.46,1071.96,88.1500015258789,91.20999908447266,1200.78,0.0002591025182296,0.000229305205228,4.664570719548067e-05,0.0,0.0,0.0,1622.02,1440.4371428571428,1072.6457142857143,1633.332,1453.9340000000002,1083.7693333333334,0.0,0.0,0.0,0.0,0.0,0.0,0.0,0.0,urea_solution_crisis,domestic_supply_risk,2021-11-01,after
2022-01-09,1621.3,1439.18,1071.86,88.1500015258789,91.20999908447266,1200.78,-6.167509559651396e-05,-0.000194517388465,-9.328706295019806e-05,0.0,0.0,0.0,1621.72,1440.0214285714285,1072.28,1632.1536666666664,1452.5453333333332,1083.235,0.0,0.0,0.0,0.0,0.0,0.0,0.0,0.0,urea_solution_crisis,domestic_supply_risk,2021-11-01,after
2022-01-10,1621.45,1439.54,1071.82,88.1500015258789,91.20999908447266,1199.13,9.251834947265893e-05,0.0002501424422238,-3.7318306495226494e-05,0.0,0.0,-0.00137410683056,1621.4942857142855,1439.695714285714,1072.0814285714284,1631.0553333333337,1451.255666666667,1082.6966666666667,0.0,0.0,0.0,0.0,0.0,0.0,0.0,0.0,urea_solution_crisis,domestic_supply_risk,2021-11-01,after
2022-01-11,1621.56,1439.59,1071.75,88.1500015258789,91.20999908447266,1194.62,6.784051312092032e-05,3.473331758763187e-05,-6.530947360561257e-05,0.0,0.0,-0.0037610601019073,1621.3857142857144,1439.5071428571428,1071.9557142857143,1629.9896666666668,1450.006666666667,1082.1566666666668,0.0,0.0,0.0,0.0,0.0,0.0,0.0,0.0,urea_solution_crisis,domestic_supply_risk,2021-11-01,after
2022-01-12,1622.04,1439.93,1071.47,88.1500015258789,91.20999908447266,1187.34,0.0002960112484273,0.0002361783563376,-0.0002612549568462,0.0,0.0,-0.006093988046408,1621.4214285714284,1439.4642857142858,1071.8357142857144,1629.0046666666667,1448.8300000000002,1081.6076666666663,0.0,0.0,0.0,0.0,0.0,0.0,0.0,0.0,urea_solution_crisis,domestic_supply_risk,2021-11-01,after
2022-01-13,1623.2,1441.22,1071.44,88.1500015258789,91.20999908447266,1187.95,0.0007151488249366,0.0008958768829039,-2.7998917375149368e-05,0.0,0.0,0.0005137534320414,1621.7042857142858,1439.7214285714288,1071.7442857142858,1628.1369999999995,1447.7886666666668,1081.0583333333334,0.0,0.0,0.0,0.0,0.0,0.0,0.0,0.0,urea_solution_crisis,domestic_supply_risk,2021-11-01,after
2022-01-14,1624.78,1442.77,1071.34,88.1500015258789,91.20999908447266,1186.96,0.0009733859043863,0.0010754777202648,-9.33323377885209e-05,0.0,0.0,-0.0008333684077612,1622.2471428571428,1440.2414285714283,1071.662857142857,1627.406,1446.897,1080.511,0.0,0.0,0.0,0.0,1.0,1.0,0.0,0.0,urea_solution_crisis,domestic_supply_risk,2021-11-01,after
2022-01-15,1626.33,1444.25,1071.37,88.1500015258789,91.20999908447266,1186.96,0.0009539753074261,0.0010258045287883,2.8002314857999977e-05,0.0,0.0,0.0,1622.9514285714286,1440.9257142857143,1071.5785714285714,1626.8356666666666,1446.1683333333335,1079.9596666666666,0.0,0.0,0.0,0.0,0.0,0.0,0.0,0.0,urea_solution_crisis,domestic_supply_risk,2021-11-01,after
2022-01-16,1627.47,1445.13,1071.35,88.1500015258789,91.20999908447266,1186.96,0.0007009647488518,0.0006093127921067,-1.8667687166851188e-05,0.0,0.0,0.0,1623.8328571428572,1441.7757142857142,1071.5057142857142,1626.382,1445.5596666666663,1079.414,0.0,0.0,0.0,0.0,0.0,0.0,0.0,0.0,urea_solution_crisis,domestic_supply_risk,2021-11-01,after
2022-01-17,1629.3,1447.28,1071.27,88.1500015258789,91.20999908447266,1186.96,0.0011244446902247,0.0014877554268473,-7.467214262368849e-05,0.0,0.0,0.0,1624.9542857142858,1442.8814285714284,1071.4271428571428,1626.044,1445.0906666666667,1078.8686666666665,0.0,0.0,0.0,0.0,0.0,0.0,0.0,0.0,urea_solution_crisis,domestic_supply_risk,2021-11-01,after
2022-01-18,1631.44,1449.5,1071.38,88.1500015258789,91.20999908447266,1192.74,0.0013134474927882,0.00153391188989,0.0001026818635825,0.0,0.0,0.0048695827997573,1626.365714285714,1444.2971428571432,1071.3742857142856,1625.8003333333331,1444.7320000000002,1078.327,0.0,0.0,0.0,0.0,0.0,0.0,0.0,0.0,urea_solution_crisis,domestic_supply_risk,2021-11-01,after
2022-01-19,1634.23,1452.22,1071.42,88.1500015258789,91.20999908447266,1188.51,0.0017101456382091,0.001876509141083,3.733502585445692e-05,0.0,0.0,-0.0035464560591579,1628.107142857143,1446.0528571428572,1071.3671428571429,1625.7143333333331,1444.5236666666667,1077.786,0.0,0.0,0.0,0.0,0.0,0.0,0.0,0.0,urea_solution_crisis,domestic_supply_risk,2021-11-01,after
2022-01-20,1637.65,1455.85,1071.43,88.1500015258789,91.20999908447266,1191.96,0.0020927286856806,0.0024996212695045,9.333408000689047e-06,0.0,0.0,0.0029027942549915,1630.1714285714284,1448.142857142857,1071.3657142857144,1625.8206666666667,1444.5306666666668,1077.2483333333332,0.0,0.0,0.0,0.0,2.0,2.0,0.0,0.0,urea_solution_crisis,domestic_supply_risk,2021-11-01,after
2022-01-21,1641.46,1459.98,1071.41,88.1500015258789,91.20999908447266,1193.87,0.002326504442341,0.0028368307174504,-1.8666641777742576e-05,0.0,0.0,0.0016024027651933,1632.554285714286,1450.6014285714286,1071.3757142857144,1626.1256666666666,1444.7606666666666,1076.707666666667,0.0,0.0,0.0,0.0,0.0,0.0,0.0,0.0,urea_solution_crisis,domestic_supply_risk,2021-11-01,after
2022-01-22,1644.44,1462.91,1071.39,88.1500015258789,91.20999908447266,1193.87,0.0018154569712329,0.0020068768065315,-1.866699022778917e-05,0.0,0.0,0.0,1635.1414285714288,1453.267142857143,1071.3785714285716,1626.5833333333333,1445.1526666666666,1076.17,0.0,0.0,0.0,0.0,0.0,0.0,0.0,0.0,urea_solution_crisis,domestic_supply_risk,2021-11-01,after
2022-01-23,1645.89,1464.12,1071.41,88.1500015258789,91.20999908447266,1193.87,0.0008817591398895,0.0008271185513804,1.866733869082537e-05,0.0,0.0,0.0,1637.7728571428572,1455.98,1071.387142857143,1627.141,1445.6443333333332,1075.6343333333334,0.0,0.0,0.0,0.0,0.0,0.0,0.0,0.0,urea_solution_crisis,domestic_supply_risk,2021-11-01,after
2022-01-24,1648.45,1466.92,1071.45,88.1500015258789,91.20999908447266,1195.68,0.0015553894853239,0.0019124115509658,3.733398045557834e-05,0.0,0.0,0.0015160779649376,1640.5085714285717,1458.7857142857142,1071.412857142857,1627.8193333333334,1446.2760000000003,1075.0963333333334,1.0,1.0,2.0,2.0,0.0,0.0,0.0,0.0,urea_solution_crisis,domestic_supply_risk,2021-11-01,after
2022-01-25,1650.81,1469.52,1071.41,88.1500015258789,91.20999908447266,1198.66,0.0014316479116744,0.0017724211272598,-3.733258668159323e-05,0.0,0.0,0.0024923056336143,1643.2757142857142,1461.6457142857143,1071.4171428571428,1628.5856666666666,1447.0089999999998,1074.5576666666668,0.0,0.0,0.0,0.0,0.0,0.0,0.0,0.0,urea_solution_crisis,domestic_supply_risk,2021-11-01,after
2022-01-26,1653.39,1472.22,1071.25,88.1500015258789,91.20999908447266,1197.46,0.0015628691369691,0.0018373346398823,-0.0001493359218227,0.0,0.0,-0.0010011179150051,1646.0128571428572,1464.5028571428572,1071.392857142857,1629.4630000000002,1447.8523333333333,1074.011,1.0,1.0,2.0,2.0,1.0,1.0,3.0,3.0,urea_solution_crisis,domestic_supply_risk,2021-11-01,after
2022-01-27,1656.26,1475.31,1071.3,88.1500015258789,91.20999908447266,1202.65,0.0017358276026828,0.0020988710926355,4.667444574102397e-05,0.0,0.0,0.0043341740016369,1648.6714285714286,1467.282857142857,1071.3742857142856,1630.4696666666666,1448.84,1073.4643333333331,0.0,0.0,0.0,0.0,0.0,0.0,0.0,0.0,urea_solution_crisis,domestic_supply_risk,2021-11-01,after
2022-01-28,1659.44,1478.31,1071.43,88.1500015258789,91.20999908447266,1209.04,0.001919988407617,0.002033470931533,0.0001213478950807,0.0,0.0,0.0053132665363986,1651.24,1469.9014285714286,1071.3771428571429,1631.6073333333334,1449.9603333333334,1072.922,0.0,0.0,0.0,0.0,0.0,0.0,0.0,0.0,urea_solution_crisis,domestic_supply_risk,2021-11-01,after
2022-01-29,1662.55,1481.21,1071.41,88.1500015258789,91.20999908447266,1209.04,0.0018741262112518,0.0019616995082223,-1.8666641777742576e-05,0.0,0.0,0.0,1653.8271428571427,1472.5157142857145,1071.38,1632.8613333333335,1451.2006666666668,1072.3803333333333,0.0,0.0,0.0,0.0,0.0,0.0,0.0,0.0,urea_solution_crisis,domestic_supply_risk,2021-11-01,after
2022-01-30,1664.47,1483.0,1071.38,88.1500015258789,91.20999908447266,1209.04,0.0011548524856395,0.0012084714523936,-2.800048534168376e-05,0.0,0.0,0.0,1656.4814285714288,1475.2128571428573,1071.3757142857144,1634.1946666666663,1452.5146666666667,1071.842666666667,0.0,0.0,0.0,0.0,1.0,1.0,-1.0,-1.0,urea_solution_crisis,domestic_supply_risk,2021-11-01,after
2022-01-31,1666.03,1484.35,1071.42,88.1500015258789,91.20999908447266,1206.78,0.0009372352760939,0.0009103169251516,3.733502585445692e-05,0.0,0.0,-0.0018692516376629,1658.992857142857,1477.7028571428568,1071.3714285714286,1635.602666666667,1453.9123333333334,1071.7226666666668,1.0,1.0,2.0,2.0,0.0,0.0,0.0,0.0,urea_solution_crisis,domestic_supply_risk,2021-11-01,after
2022-02-01,1667.71,1485.89,1056.23,95.72000122070312,100.98999786376952,1197.5899658203125,0.0010083852031477,0.0010374911577459,-0.0141774467529074,0.0858763421870369,0.1072250726615979,-0.0076153351726805,1661.4071428571428,1480.0414285714287,1069.2028571428573,1637.0796666666668,1455.3723333333332,1071.1163333333334,1.0,1.0,0.0,0.0,0.0,0.0,0.0,0.0,urea_solution_crisis,domestic_supply_risk,2021-11-01,after
2022-02-02,1668.81,1487.05,1054.52,95.72000122070312,100.98999786376952,1201.7,0.0006595870984762,0.0007806769007125,-0.0016189655662119,0.0,0.0,0.0034319210222109,1663.61,1482.16,1066.8128571428572,1638.6056666666666,1456.88,1070.493333333333,1.0,1.0,2.0,2.0,0.0,0.0,0.0,0.0,urea_solution_crisis,domestic_supply_risk,2021-11-01,after
2022-02-03,1671.13,1489.71,1052.99,95.72000122070312,100.98999786376952,1206.35,0.0013902121871274,0.0017887764365691,-0.0014508970906194,0.0,0.0,0.0038695181825745,1665.7342857142855,1484.217142857143,1064.197142857143,1640.2326666666663,1458.506666666667,1069.8386666666668,0.0,0.0,0.0,0.0,1.0,1.0,-2.0,-2.0,urea_solution_crisis,domestic_supply_risk,2021-11-01,after
2022-02-04,1674.67,1493.54,1052.28,95.72000122070312,100.98999786376952,1199.43,0.0021183271199727,0.0025709701888285,-0.0006742704109251,0.0,0.0,-0.0057363120155841,1667.91,1486.392857142857,1061.4614285714283,1641.9953333333333,1460.2836666666667,1069.171,2.0,2.0,3.0,3.0,0.0,0.0,0.0,0.0,urea_solution_crisis,domestic_supply_risk,2021-11-01,after
2022-02-05,1680.26,1499.0,1051.72,95.72000122070312,100.98999786376952,1199.43,0.0033379710629557,0.0036557440711331,-0.0005321777473675,0.0,0.0,0.0,1670.44,1488.9342857142856,1058.6485714285716,1643.9633333333334,1462.2696666666668,1068.4923333333334,0.0,0.0,0.0,0.0,0.0,0.0,0.0,0.0,urea_solution_crisis,domestic_supply_risk,2021-11-01,after
2022-02-06,1682.78,1501.32,1051.55,95.72000122070312,100.98999786376952,1199.43,0.0014997678930641,0.0015476984656437,-0.0001616399802228,0.0,0.0,0.0,1673.0557142857142,1491.5514285714285,1055.8157142857142,1646.0233333333333,1464.342666666667,1067.813666666667,0.0,0.0,0.0,0.0,2.0,2.0,-1.5,0.0,urea_solution_crisis,domestic_supply_risk,2021-11-01,after
2022-02-07,1686.54,1505.56,1051.42,95.72000122070312,100.98999786376952,1198.64,0.0022343978416667,0.0028241813870459,-0.0001236270267699,0.0,0.0,-0.0006586461902736,1675.9857142857145,1494.5814285714284,1052.9585714285715,1648.1946666666663,1466.5459999999998,1067.129,0.0,0.0,0.0,0.0,0.0,0.0,0.0,0.0,urea_solution_crisis,domestic_supply_risk,2021-11-01,after
2022-02-08,1691.81,1511.18,1050.92,95.72000122070312,100.98999786376952,1198.05,0.0031247405931671,0.003732830308988,-0.0004755473550056,0.0,0.0,-0.000492224521124,1679.428571428571,1498.1942857142856,1052.2,1650.5450000000003,1468.946,1066.431,0.0,0.0,0.0,0.0,0.0,0.0,0.0,0.0,urea_solution_crisis,domestic_supply_risk,2021-11-01,after
2022-02-09,1697.01,1516.69,1050.7,95.72000122070312,100.98999786376952,1196.36,0.003073631199721,0.0036461573075345,-0.00020934038747,0.0,0.0,-0.0014106255999333,1683.457142857143,1502.428571428571,1051.6542857142856,1653.0636666666664,1471.5176666666669,1065.727,0.0,0.0,0.0,0.0,0.0,0.0,0.0,0.0,urea_solution_crisis,domestic_supply_risk,2021-11-01,after
2022-02-10,1700.89,1521.1,1050.58,95.72000122070312,100.98999786376952,1196.31,0.0022863742700396,0.0029076475746525,-0.0001142095745694,0.0,0.0,-4.179344010157848e-05,1687.7085714285713,1506.912857142857,1051.31,1655.708,1474.2346666666667,1065.0213333333334,2.0,2.0,0.0,0.0,0.0,0.0,0.0,0.0,urea_solution_crisis,domestic_supply_risk,2021-11-01,after
2022-02-11,1704.32,1524.75,1050.12,95.72000122070312,100.98999786376952,1198.72,0.0020165913139591,0.0023995792518571,-0.0004378533762302,0.0,0.0,0.0020145280069547,1691.9442857142858,1511.3714285714286,1051.0014285714285,1658.4506666666668,1477.062,1064.3096666666668,0.0,0.0,0.0,0.0,1.0,1.0,0.0,0.0,urea_solution_crisis,domestic_supply_risk,2021-11-01,after
2022-02-12,1708.23,1528.91,1049.96,95.72000122070312,100.98999786376952,1198.72,0.0022941701088998,0.0027283161173963,-0.0001523635394048,0.0,0.0,0.0,1695.94,1515.6442857142858,1050.75,1661.285,1479.985,1063.5936666666666,1.0,1.0,2.0,2.0,0.0,0.0,0.0,0.0,urea_solution_crisis,domestic_supply_risk,2021-11-01,after
2022-02-13,1710.46,1531.22,1049.93,95.72000122070312,100.98999786376952,1198.72,0.0013054448171498,0.0015108803003447,-2.857251704824204e-05,0.0,0.0,0.0,1699.8942857142858,1519.9157142857143,1050.5185714285717,1664.1409999999998,1482.9333333333334,1062.88,0.0,0.0,0.0,0.0,1.0,1.0,0.0,0.0,urea_solution_crisis,domestic_supply_risk,2021-11-01,after
2022-02-14,1714.12,1535.33,1049.9,95.72000122070312,100.98999786376952,1196.21,0.0021397752651333,0.0026841342197723,-2.857333346029112e-05,0.0,0.0,-0.0020939001601708,1703.8342857142857,1524.168571428571,1050.3014285714287,1667.0673333333334,1485.9693333333337,1062.1643333333334,1.0,1.0,6.0,6.0,0.0,0.0,0.0,0.0,urea_solution_crisis,domestic_supply_risk,2021-11-01,after
2022-02-15,1718.64,1540.24,1049.96,95.72000122070312,100.98999786376952,1199.78,0.0026369215690851,0.0031980095484358,5.714829983793912e-05,0.0,0.0,0.0029844258115212,1707.6671428571428,1528.3200000000002,1050.1642857142858,1670.1063333333334,1489.1396666666667,1061.4513333333334,1.0,1.0,0.0,0.0,0.0,0.0,0.0,0.0,urea_solution_crisis,domestic_supply_risk,2021-11-01,after
2022-02-16,1722.69,1545.08,1049.77,95.72000122070312,100.98999786376952,1197.51,0.0023565144532886,0.0031423674232586,-0.0001809592746391,0.0,0.0,-0.0018920135358149,1711.3357142857142,1532.3757142857144,1050.0314285714287,1673.2193333333337,1492.3996666666667,1060.7346666666667,1.0,1.0,2.0,2.0,0.0,0.0,0.0,0.0,urea_solution_crisis,domestic_supply_risk,2021-11-01,after
2022-02-17,1726.09,1549.04,1049.85,95.72000122070312,100.98999786376952,1197.39,0.0019736574775495,0.0025629740854842,7.620716918932402e-05,0.0,0.0,-0.0001002079314577,1714.935714285714,1536.3671428571429,1049.9271428571428,1676.3743333333334,1495.717666666667,1060.017,0.0,0.0,0.0,0.0,0.0,0.0,0.0,0.0,urea_solution_crisis,domestic_supply_risk,2021-11-01,after
2022-02-18,1729.39,1552.79,1049.97,95.72000122070312,100.98999786376952,1195.4,0.0019118354199376,0.0024208542064763,0.0001143020431491,0.0,0.0,-0.0016619480703864,1718.517142857143,1540.3728571428571,1049.9057142857143,1679.5463333333332,1499.0700000000002,1059.302,0.0,0.0,0.0,0.0,1.0,1.0,0.0,0.0,urea_solution_crisis,domestic_supply_risk,2021-11-01,after
2022-02-19,1732.31,1555.98,1049.85,95.72000122070312,100.98999786376952,1195.4,0.0016884566234336,0.0020543666561481,-0.0001142889796852,0.0,0.0,0.0,1721.957142857143,1544.24,1049.89,1682.7016666666668,1502.4076666666665,1058.582666666667,0.0,0.0,0.0,0.0,0.0,0.0,0.0,0.0,urea_solution_crisis,domestic_supply_risk,2021-11-01,after
2022-02-20,1733.84,1557.47,1049.68,95.72000122070312,100.98999786376952,1195.4,0.0008832137434986,0.0009575958559879,-0.000161927894461,0.0,0.0,0.0,1725.297142857143,1547.99,1049.854285714286,1685.781,1505.657333333333,1057.8583333333331,0.0,0.0,0.0,0.0,0.0,0.0,0.0,0.0,urea_solution_crisis,domestic_supply_risk,2021-11-01,after
2022-02-21,1736.48,1560.65,1049.76,95.72000122070312,100.98999786376952,1195.4,0.0015226318460759,0.0020417728752399,7.621370322374865e-05,0.0,0.0,0.0,1728.4914285714287,1551.607142857143,1049.8342857142857,1688.849,1508.9153333333334,1057.1373333333331,0.0,0.0,0.0,0.0,0.0,0.0,0.0,0.0,urea_solution_crisis,domestic_supply_risk,2021-11-01,after
2022-02-22,1739.36,1563.99,1049.64,95.72000122070312,100.98999786376952,1192.07,0.0016585275960563,0.0021401339185596,-0.0001143118427068,0.0,0.0,-0.0027856784339971,1731.4514285714286,1555.0,1049.7885714285717,1691.9646666666663,1512.244333333333,1056.4116666666666,4.0,4.0,3.75,6.0,0.0,0.0,0.0,0.0,urea_solution_crisis,domestic_supply_risk,2021-11-01,after
2022-02-23,1743.05,1568.31,1049.64,95.72000122070312,100.98999786376952,1193.42,0.0021214699659646,0.0027621659985037,0.0,0.0,0.0,0.0011324838306476,1734.36,1558.3185714285717,1049.77,1695.118,1515.6239999999998,1055.6846666666668,5.0,5.0,4.6,6.0,1.0,1.0,-1.0,-1.0,urea_solution_crisis,domestic_supply_risk,2021-11-01,after
2022-02-24,1746.2,1572.03,1049.72,95.72000122070312,100.98999786376952,1202.34,0.0018071770746679,0.0023719800294583,7.62166075987114e-05,0.0,0.0,0.0074743175076668,1737.2328571428573,1561.6028571428571,1049.7514285714285,1698.2976666666666,1519.0410000000002,1054.9616666666666,12.0,12.0,3.75,6.0,1.0,1.0,0.0,0.0,urea_solution_crisis,domestic_supply_risk,2021-11-01,after
2022-02-25,1750.84,1577.05,1049.88,95.72000122070312,100.98999786376952,1201.93,0.0026571984881456,0.0031933232826344,0.0001524215981405,0.0,0.0,-0.0003410017133255,1740.297142857143,1565.0685714285717,1049.7385714285715,1701.5459999999998,1522.5353333333333,1054.2493333333334,3.0,3.0,3.6666666666666665,6.0,0.0,0.0,0.0,0.0,urea_solution_crisis,domestic_supply_risk,2021-11-01,after
2022-02-26,1754.75,1581.41,1049.82,95.72000122070312,100.98999786376952,1201.93,0.0022332137716754,0.0027646555277258,-5.714938850165385e-05,0.0,0.0,0.0,1743.5028571428572,1568.7014285714286,1049.7342857142858,1704.8290000000002,1526.072,1053.5333333333333,0.0,0.0,0.0,0.0,0.0,0.0,0.0,0.0,urea_solution_crisis,domestic_supply_risk,2021-11-01,after
2022-02-27,1756.31,1582.87,1049.77,95.72000122070312,100.98999786376952,1201.93,0.0008890155292775,0.0009232267406933,-4.762721228401823e-05,0.0,0.0,0.0,1746.712857142857,1572.33,1049.7471428571428,1708.058,1529.5573333333332,1052.811333333333,1.0,1.0,6.0,6.0,0.0,0.0,0.0,0.0,urea_solution_crisis,domestic_supply_risk,2021-11-01,after
2022-02-28,1758.87,1585.96,1049.91,95.72000122070312,100.98999786376952,1202.28,0.0014576014484914,0.0019521502081663,0.0001333625460815,0.0,0.0,0.0002911983226976,1749.9114285714284,1575.9457142857143,1049.7685714285717,1711.2686666666666,1533.0489999999998,1052.0946666666666,4.0,4.0,3.75,7.0,0.0,0.0,0.0,0.0,urea_solution_crisis,domestic_supply_risk,2021-11-01,after
2026-03-15,1840.09,1841.17,1011.95,65.20999908447266,70.69000244140625,1498.88,-0.002828792994131,-0.003647363778539,-4.940711462442238e-05,0.0,0.0,0.0,1880.3071428571427,1895.1828571428573,1012.0228571428572,1763.3596666666667,1708.477,1004.7543333333332,3.0,3.0,4.0,5.0,8.0,8.0,1.125,5.0,iran_hormuz_strait_risk,international_geopolitics,2026-04-19,before
2026-03-16,1832.7,1831.8,1011.99,65.20999908447266,70.69000244140625,1493.01,-0.0040161079077652,-0.0050891552654019,3.9527644646542015e-05,0.0,0.0,-0.0039162574722459,1870.3114285714285,1881.66,1011.9871428571428,1768.1956666666667,1716.6566666666663,1005.219,3.0,3.0,1.0,5.0,8.0,8.0,1.0,4.0,iran_hormuz_strait_risk,international_geopolitics,2026-04-19,before
2026-03-17,1827.5,1825.61,1011.99,65.20999908447266,70.69000244140625,1488.68,-0.0028373438096797,-0.0033791898678895,0.0,0.0,0.0,-0.0029001815125149,1858.9614285714283,1866.515714285714,1011.9928571428572,1772.8466666666668,1724.611666666667,1005.6806666666668,9.0,9.0,3.7777777777777777,9.0,5.0,5.0,2.2,4.0,iran_hormuz_strait_risk,international_geopolitics,2026-04-19,before
2026-03-18,1824.35,1821.77,1011.99,65.20999908447266,70.69000244140625,1500.19,-0.0017236662106703,-0.0021034065326109,0.0,0.0,0.0,0.0077316817583361,1847.542857142857,1851.4142857142856,1011.9914285714286,1777.3826666666666,1732.4173333333335,1006.141,7.0,7.0,1.8571428571428568,5.0,2.0,2.0,2.5,4.0,iran_hormuz_strait_risk,international_geopolitics,2026-04-19,before
2026-03-19,1822.05,1819.46,1012.02,65.20999908447266,70.69000244140625,1495.88,-0.0012607229972319,-0.0012679976067231,2.9644561705177708e-05,0.0,0.0,-0.0028729694238729,1836.5814285714284,1837.1985714285715,1011.9785714285714,1781.8366666666666,1740.1456666666668,1006.609,3.0,3.0,5.333333333333333,7.0,2.0,2.0,0.5,1.0,iran_hormuz_strait_risk,international_geopolitics,2026-04-19,before
2026-03-20,1820.38,1817.68,1011.85,65.20999908447266,70.69000244140625,1504.15,-0.0009165500397902,-0.0009783122464906,-0.0001679808699432,0.0,0.0,0.0055285183303472,1830.34,1829.3428571428567,1011.97,1786.2376666666669,1747.817,1007.0693333333332,3.0,3.0,3.6666666666666665,5.0,2.0,2.0,1.0,3.0,iran_hormuz_strait_risk,international_geopolitics,2026-04-19,before
2026-03-21,1819.83,1816.81,1011.83,65.20999908447266,70.69000244140625,1504.15,-0.0003021347191246,-0.0004786321024603,-1.976577555962145e-05,0.0,0.0,0.0,1826.7,1824.9,1011.9457142857144,1790.623,1755.4366666666667,1007.5286666666668,2.0,2.0,-1.0,3.0,5.0,5.0,1.8,2.0,iran_hormuz_strait_risk,international_geopolitics,2026-04-19,before
2026-03-22,1819.66,1816.26,1011.85,65.20999908447266,70.69000244140625,1504.15,-9.341531901319032e-05,-0.0003027284085842,1.9766166253099016e-05,0.0,0.0,0.0,1823.7814285714285,1821.3414285714284,1011.9314285714288,1794.9786666666666,1762.9826666666668,1007.9926666666668,0.0,0.0,0.0,0.0,0.0,0.0,0.0,0.0,iran_hormuz_strait_risk,international_geopolitics,2026-04-19,before
2026-03-23,1819.26,1816.04,1011.89,65.20999908447266,70.69000244140625,1492.07,-0.000219821285295,-0.0001211280323302,3.953155111924289e-05,0.0,0.0,-0.0080311139181599,1821.8614285714289,1819.09,1011.9171428571428,1799.2976666666666,1770.4846666666667,1008.4603333333332,7.0,7.0,2.4285714285714284,5.0,6.0,6.0,0.3333333333333333,3.0,iran_hormuz_strait_risk,international_geopolitics,2026-04-19,before
2026-03-24,1818.92,1815.53,1011.69,65.20999908447266,70.69000244140625,1496.95,-0.0001868891747193,-0.0002808308187044,-0.0001976499421872,0.0,0.0,0.0032706240323845,1820.6357142857144,1817.65,1011.874285714286,1803.591,1777.9573333333333,1008.924,4.0,4.0,2.25,5.0,1.0,1.0,5.0,5.0,iran_hormuz_strait_risk,international_geopolitics,2026-04-19,before
2026-03-25,1818.94,1815.24,1011.74,65.20999908447266,70.69000244140625,1500.32,1.0995535812519108e-05,-0.0001597329705375,4.942225385251575e-05,0.0,0.0,0.0022512441965327,1819.8628571428571,1816.717142857143,1011.8385714285714,1807.8576666666663,1785.3576666666663,1009.3813333333331,4.0,4.0,3.25,5.0,3.0,3.0,1.0,4.0,iran_hormuz_strait_risk,international_geopolitics,2026-04-19,before
2026-03-26,1819.35,1815.8,1011.68,65.20999908447266,70.69000244140625,1504.57,0.0002254060056956,0.0003084991516273,-5.930377369689488e-05,0.0,0.0,0.0028327290178096,1819.4771428571428,1816.1942857142856,1011.79,1812.1226666666664,1792.7436666666665,1009.848,6.0,6.0,1.8333333333333333,5.0,17.0,17.0,4.352941176470588,7.0,iran_hormuz_strait_risk,international_geopolitics,2026-04-19,before
2026-03-27,1838.79,1834.56,1011.5,65.20999908447266,70.69000244140625,1509.86,0.0106851348008905,0.0103315343099459,-0.0001779218725288,0.0,0.0,0.0035159547246057,1822.107142857143,1818.6057142857144,1011.74,1817.0243333333333,1800.722,1010.3023333333332,4.0,4.0,2.75,5.0,17.0,17.0,5.0588235294117645,7.0,iran_hormuz_strait_risk,international_geopolitics,2026-04-19,before
2026-03-28,1855.86,1849.96,1011.58,65.20999908447266,70.69000244140625,1509.86,0.009283278677826,0.0083943833943833,7.909045971343787e-05,0.0,0.0,0.0,1827.2542857142855,1823.3414285714284,1011.7042857142858,1822.4836666666667,1809.179666666667,1010.756,2.0,2.0,1.5,5.0,11.0,11.0,3.5454545454545454,6.0,iran_hormuz_strait_risk,international_geopolitics,2026-04-19,before
2026-03-29,1864.76,1857.93,1011.51,65.20999908447266,70.69000244140625,1509.86,0.0047956203592944,0.0043082012584056,-6.919867929378043e-05,0.0,0.0,0.0,1833.697142857143,1829.294285714286,1011.6557142857142,1828.223,1817.869333333333,1011.2123333333332,4.0,4.0,3.25,5.0,6.0,6.0,2.5,6.0,iran_hormuz_strait_risk,international_geopolitics,2026-04-19,before
2026-03-30,1881.09,1873.23,1011.64,65.20999908447266,70.69000244140625,1518.7,0.0087571590982216,0.0082349711776008,0.0001285207264387,0.0,0.0,0.0058548474693018,1842.53,1837.4642857142856,1011.62,1834.4963333333333,1827.0483333333332,1011.6776666666668,3.0,3.0,4.0,7.0,6.0,6.0,4.5,12.0,iran_hormuz_strait_risk,international_geopolitics,2026-04-19,before
2026-03-31,1894.96,1886.23,1011.47,65.20999908447266,70.69000244140625,1523.5,0.0073733845802168,0.0069398845843808,-0.00016804396821,0.0,0.0,0.0031605978797655,1853.392857142857,1847.5642857142852,1011.5885714285714,1841.132,1836.561,1011.838,3.0,3.0,4.333333333333333,5.0,0.0,0.0,0.0,0.0,iran_hormuz_strait_risk,international_geopolitics,2026-04-19,before
2026-04-01,1909.78,1901.66,1032.47,105.06999969482422,114.01000213623048,1487.3800048828125,0.0078207455566343,0.0081803385589245,0.020761861449178,0.6112559602817529,0.6128164973644108,-0.0237085625974319,1866.37,1859.91,1014.55,1848.0556666666669,1846.37,1012.5746666666668,5.0,5.0,2.2,3.0,0.0,0.0,0.0,0.0,iran_hormuz_strait_risk,international_geopolitics,2026-04-19,before
2026-04-02,1921.28,1912.76,1037.04,105.06999969482422,114.01000213623048,1509.54,0.006021635999958,0.0058370055635601,0.0044262787296482,0.0,0.0,0.014898677570251,1880.9314285714288,1873.7614285714285,1018.172857142857,1854.6636666666668,1855.6413333333333,1013.4406666666667,1.0,1.0,7.0,7.0,3.0,3.0,2.333333333333333,6.0,iran_hormuz_strait_risk,international_geopolitics,2026-04-19,before
2026-04-03,1931.84,1923.11,1037.8,105.06999969482422,114.01000213623048,1510.17,0.0054963357761492,0.0054110290888558,0.0007328550489855,0.0,0.0,0.000417345681466,1894.2242857142855,1886.4114285714288,1021.93,1859.809,1862.119333333333,1014.2953333333334,4.0,4.0,4.0,8.0,5.0,5.0,4.0,6.0,iran_hormuz_strait_risk,international_geopolitics,2026-04-19,before
2026-04-04,1942.44,1933.48,1038.2,105.06999969482422,114.01000213623048,1510.17,0.0054869968527415,0.0053923072523154,0.0003854307188284,0.0,0.0,0.0,1906.5928571428567,1898.3428571428567,1025.732857142857,1863.4143333333332,1865.5603333333331,1015.1546666666668,0.0,0.0,0.0,0.0,1.0,1.0,0.0,0.0,iran_hormuz_strait_risk,international_geopolitics,2026-04-19,before
2026-04-05,1948.4,1939.17,1038.48,105.06999969482422,114.01000213623048,1510.17,0.0030683058421367,0.0029428801952955,0.0002696975534579,0.0,0.0,0.0,1918.5414285714285,1909.9485714285715,1029.5857142857144,1865.967,1867.2883333333332,1016.0166666666668,1.0,1.0,5.0,5.0,4.0,4.0,1.0,3.0,iran_hormuz_strait_risk,international_geopolitics,2026-04-19,before
2026-04-06,1958.37,1949.21,1038.78,105.06999969482422,114.01000213623048,1507.55,0.0051170190925886,0.0051774728363165,0.0002888837531775,0.0,0.0,-0.0017349040174285,1929.5814285714284,1920.8028571428567,1033.462857142857,1868.266,1868.577,1016.907,3.0,3.0,1.6666666666666667,5.0,5.0,5.0,2.8,4.0,iran_hormuz_strait_risk,international_geopolitics,2026-04-19,before
2026-04-07,1968.38,1959.82,1038.85,105.06999969482422,114.01000213623048,1501.86,0.0051113936590123,0.0054432308473688,6.738674213968565e-05,0.0,0.0,-0.0037743358429239,1940.07,1931.3157142857144,1037.3742857142856,1870.7013333333332,1869.98,1017.8,11.0,11.0,3.727272727272727,8.0,8.0,8.0,1.625,3.0,iran_hormuz_strait_risk,international_geopolitics,2026-04-19,before
2026-04-08,1977.77,1969.58,1039.08,105.06999969482422,114.01000213623048,1477.1,0.0047704203456648,0.0049800491881908,0.0002213986619821,0.0,0.0,-0.0164862237492176,1949.782857142857,1941.0185714285717,1038.3185714285714,1873.2046666666668,1871.417333333333,1018.6946666666666,3.0,3.0,2.6666666666666665,6.0,6.0,6.0,2.333333333333333,5.0,iran_hormuz_strait_risk,international_geopolitics,2026-04-19,before
2026-04-09,1984.96,1977.8,1039.21,105.06999969482422,114.01000213623048,1472.92,0.0036354075549736,0.0041734786096527,0.0001251106748278,0.0,0.0,-0.0028298693385686,1958.88,1950.31,1038.6285714285716,1875.805,1872.9566666666667,1019.6033333333332,2.0,2.0,1.5,3.0,3.0,3.0,1.0,3.0,iran_hormuz_strait_risk,international_geopolitics,2026-04-19,before
2026-04-10,1988.93,1982.68,1039.27,105.06999969482422,114.01000213623048,1483.9,0.002000040303079,0.0024673880068764,5.773616497140033e-05,0.0,0.0,0.0074545800179235,1967.0357142857144,1958.82,1038.8385714285714,1878.6266666666663,1874.7966666666664,1020.5123333333332,2.0,2.0,1.0,2.0,6.0,6.0,3.5,6.0,iran_hormuz_strait_risk,international_geopolitics,2026-04-19,before
2026-04-11,1991.54,1985.2,1039.37,105.06999969482422,114.01000213623048,1483.9,0.0013122633777959,0.0012710069199266,9.622138616527388e-05,0.0,0.0,0.0,1974.05,1966.2085714285715,1039.0057142857142,1881.7186666666664,1877.0043333333333,1021.421,1.0,1.0,2.0,2.0,2.0,2.0,2.5,5.0,iran_hormuz_strait_risk,international_geopolitics,2026-04-19,before
2026-04-12,1992.69,1986.25,1039.4,105.06999969482422,114.01000213623048,1483.9,0.0005774425821223,0.0005289139633286,2.886363855036933e-05,0.0,0.0,0.0,1980.3771428571429,1972.9342857142856,1039.1371428571429,1886.006,1880.7903333333331,1022.3373333333332,2.0,2.0,0.5,3.0,0.0,0.0,0.0,0.0,iran_hormuz_strait_risk,international_geopolitics,2026-04-19,before
2026-04-13,1994.92,1988.8,1039.48,105.06999969482422,114.01000213623048,1486.94,0.0011190902749549,0.0012838263058527,7.696748123908748e-05,0.0,0.0,0.0020486555697822,1985.5985714285716,1978.59,1039.2371428571428,1890.993,1885.486666666667,1023.2533333333332,6.0,6.0,1.6666666666666667,5.0,1.0,1.0,2.0,2.0,iran_hormuz_strait_risk,international_geopolitics,2026-04-19,before
2026-04-14,1996.72,1990.7,1039.44,105.06999969482422,114.01000213623048,1471.51,0.0009022918212258,0.0009553499597747,-3.848077885093559e-05,0.0,0.0,-0.0103770158849718,1989.6471428571429,1983.0014285714285,1039.321428571429,1896.214,1890.471,1024.169666666667,1.0,1.0,-1.0,-1.0,4.0,4.0,2.5,4.0,iran_hormuz_strait_risk,international_geopolitics,2026-04-19,before
2026-04-15,1998.06,1992.05,1039.56,105.06999969482422,114.01000213623048,1474.41,0.0006711006049922,0.0006781534133721,0.0001154467790347,0.0,0.0,0.0019707647246707,1992.5457142857144,1986.2114285714283,1039.39,1901.726,1895.812666666667,1025.0886666666668,0.0,0.0,0.0,0.0,1.0,1.0,3.0,3.0,iran_hormuz_strait_risk,international_geopolitics,2026-04-19,before
2026-04-16,1999.06,1993.12,1039.57,105.06999969482422,114.01000213623048,1478.19,0.0005004854709067,0.0005371351120704,9.619454384601768e-06,0.0,0.0,0.0025637373593505,1994.56,1988.4,1039.4414285714286,1907.4446666666668,1901.3963333333331,1026.008,1.0,1.0,5.0,5.0,2.0,2.0,-0.5,0.0,iran_hormuz_strait_risk,international_geopolitics,2026-04-19,before
2026-04-17,1999.9,1994.22,1039.48,105.06999969482422,114.01000213623048,1461.66,0.0004201974928217,0.0005518985309465,-8.657425666369623e-05,0.0,0.0,-0.0111825949302863,1996.1271428571429,1990.0485714285717,1039.4714285714283,1913.2963333333328,1907.1446666666664,1026.9243333333334,7.0,7.0,3.142857142857143,5.0,4.0,4.0,0.0,0.0,iran_hormuz_strait_risk,international_geopolitics,2026-04-19,before
2026-04-18,2001.51,1995.27,1039.57,105.06999969482422,114.01000213623048,1461.66,0.0008050402520125,0.0005265216475613,8.658175241449406e-05,0.0,0.0,0.0,1997.5514285714285,1991.4871428571428,1039.5,1919.2783333333327,1913.005,1027.842666666667,2.0,2.0,1.5,3.0,0.0,0.0,0.0,0.0,iran_hormuz_strait_risk,international_geopolitics,2026-04-19,before
2026-04-19,2001.93,1995.67,1039.59,105.06999969482422,114.01000213623048,1461.66,0.000209841569615,0.0002004741212968,1.923872370301893e-05,0.0,0.0,0.0,1998.8714285714289,1992.8328571428567,1039.5271428571427,1925.33,1918.938,1028.7673333333337,6.0,6.0,3.5,7.0,1.0,1.0,0.0,0.0,iran_hormuz_strait_risk,international_geopolitics,2026-04-19,after
2026-04-20,2002.84,1996.55,1039.65,105.06999969482422,114.01000213623048,1470.31,0.0004545613482989,0.0004409546668537,5.77150607452559e-05,0.0,0.0,0.0059179289301205,2000.0028571428568,1993.94,1039.5514285714287,1931.4303333333332,1924.9293333333333,1029.6946666666668,6.0,6.0,3.5,8.0,2.0,2.0,3.0,3.0,iran_hormuz_strait_risk,international_geopolitics,2026-04-19,after
2026-04-21,2003.81,1997.69,1039.55,105.06999969482422,114.01000213623048,1478.52,0.0004843122765672,0.0005709849490371,-9.61862165153038e-05,0.0,0.0,0.0055838564656434,2001.015714285714,1994.9385714285715,1039.5671428571427,1937.5686666666663,1930.977,1030.618,4.0,4.0,4.75,7.0,7.0,7.0,0.5714285714285714,3.0,iran_hormuz_strait_risk,international_geopolitics,2026-04-19,after
2026-04-22,2004.76,1998.88,1039.61,105.06999969482422,114.01000213623048,1480.61,0.0004740968455092,0.0005956880196626,5.771728151593436e-05,0.0,0.0,0.0014135757378999,2001.972857142857,1995.9142857142856,1039.5742857142857,1943.752,1937.0716666666667,1031.542,2.0,2.0,0.5,5.0,0.0,0.0,0.0,0.0,iran_hormuz_strait_risk,international_geopolitics,2026-04-19,after
2026-04-23,2005.76,1999.84,1039.59,105.06999969482422,114.01000213623048,1479.19,0.0004988128254752,0.0004802689506122,-1.923798347458483e-05,0.0,0.0,-0.0009590641694976,2002.93,1996.8742857142856,1039.577142857143,1949.98,1943.215333333333,1032.472,6.0,6.0,1.0,5.0,5.0,5.0,3.4,5.0,iran_hormuz_strait_risk,international_geopolitics,2026-04-19,after
2026-04-24,2006.47,2000.54,1039.52,105.06999969482422,114.01000213623048,1476.47,0.0003539805360561,0.0003500280022401,-6.733423753590984e-05,0.0,0.0,-0.0018388442323163,2003.868571428572,1997.777142857143,1039.5828571428572,1956.231,1949.392,1033.398,0.0,0.0,0.0,0.0,2.0,2.0,3.0,3.0,iran_hormuz_strait_risk,international_geopolitics,2026-04-19,after
2026-04-25,2007.37,2001.54,1039.63,105.06999969482422,114.01000213623048,1476.47,0.0004485489441654,0.00049986503644,0.0001058180698785,0.0,0.0,0.0,2004.7057142857143,1998.672857142857,1039.5914285714289,1962.4983333333332,1955.5833333333333,1034.3296666666668,0.0,0.0,0.0,0.0,1.0,1.0,3.0,3.0,iran_hormuz_strait_risk,international_geopolitics,2026-04-19,after
2026-04-26,2007.65,2001.7,1039.59,105.06999969482422,114.01000213623048,1476.47,0.0001394859941117,7.993844739551115e-05,-3.847522676359017e-05,0.0,0.0,0.0,2005.5228571428568,1999.5342857142855,1039.5914285714284,1968.127,1961.1546666666663,1035.266,1.0,1.0,5.0,5.0,2.0,2.0,6.5,7.0,iran_hormuz_strait_risk,international_geopolitics,2026-04-19,after
2026-04-27,2008.26,2002.39,1039.68,105.06999969482422,114.01000213623048,1473.4,0.000303837820337,0.0003447069990507,8.657259111788385e-05,0.0,0.0,-0.0020792836969257,2006.297142857143,2000.3685714285716,1039.5957142857144,1973.207,1966.2356666666667,1036.2026666666666,1.0,1.0,2.0,2.0,4.0,4.0,3.0,6.0,iran_hormuz_strait_risk,international_geopolitics,2026-04-19,after
2026-04-28,2008.65,2002.95,1039.61,105.06999969482422,114.01000213623048,1472.37,0.0001941979624153,0.0002796657993697,-6.732840874135171e-05,0.0,0.0,-0.0006990633907969,2006.9885714285715,2001.12,1039.6042857142857,1978.003333333333,1971.0696666666668,1037.1393333333333,9.0,9.0,2.111111111111111,8.0,0.0,0.0,0.0,0.0,iran_hormuz_strait_risk,international_geopolitics,2026-04-19,after
2026-04-29,2009.02,2003.25,1039.75,105.06999969482422,114.01000213623048,1487.69,0.0001842033206382,0.0001497790758631,0.0001346658843222,0.0,0.0,0.0104049933101055,2007.597142857143,2001.7442857142855,1039.6242857142856,1982.2676666666669,1975.4036666666664,1038.0763333333334,9.0,9.0,2.2222222222222223,7.0,0.0,0.0,0.0,0.0,iran_hormuz_strait_risk,international_geopolitics,2026-04-19,after
2026-04-30,2009.45,2003.79,1040.0,105.06999969482422,114.01000213623048,1477.93,0.0002140347034873,0.000269561961812,0.0002404424140418,0.0,0.0,-0.0065605065571456,2008.1242857142856,2002.3085714285717,1039.6828571428573,1986.084,1979.3223333333333,1039.0273333333332,8.0,8.0,2.75,7.0,0.0,0.0,0.0,0.0,iran_hormuz_strait_risk,international_geopolitics,2026-04-19,after
2026-05-01,2010.03,2004.23,1081.91,96.5999984741211,103.54000091552734,1504.4000244140625,0.0002886361939833,0.0002195838885312,0.0402980769230769,-0.0806129365689943,-0.0918340586310361,0.0179102017105428,2008.632857142857,2002.8357142857144,1045.7385714285715,1989.4256666666663,1982.7413333333327,1040.6753333333334,4.0,4.0,4.0,7.0,0.0,0.0,0.0,0.0,iran_hormuz_strait_risk,international_geopolitics,2026-04-19,after
2026-05-02,2010.42,2004.54,1085.41,96.5999984741211,103.54000091552734,1504.4000244140625,0.0001940269548215,0.0001546728668864,0.0032350195487609,0.0,0.0,0.0,2009.0685714285717,2003.2642857142855,1052.2785714285717,1992.397,1985.8006666666663,1042.2876666666666,1.0,1.0,0.0,0.0,2.0,2.0,3.5,4.0,iran_hormuz_strait_risk,international_geopolitics,2026-04-19,after
2026-05-03,2010.64,2004.7,1086.4,96.5999984741211,103.54000091552734,1504.4000244140625,0.0001094298703754,7.981881129848212e-05,0.0009120977326539,0.0,0.0,0.0,2009.4957142857145,2003.6928571428573,1058.9657142857145,1995.0236666666667,1988.5203333333332,1043.9076666666667,2.0,2.0,2.5,5.0,0.0,0.0,0.0,0.0,iran_hormuz_strait_risk,international_geopolitics,2026-04-19,after
2026-05-04,2011.04,2005.21,1088.31,96.5999984741211,103.54000091552734,1476.01,0.0001989416305254,0.0002544021549359,0.0017581001472752,0.0,0.0,-0.0188713267437761,2009.892857142857,2004.0957142857144,1065.912857142857,1997.3103333333331,1990.9113333333332,1045.578,3.0,3.0,3.6666666666666665,5.0,0.0,0.0,0.0,0.0,iran_hormuz_strait_risk,international_geopolitics,2026-04-19,after
2026-05-05,2011.29,2005.43,1089.02,96.5999984741211,103.54000091552734,1478.41,0.0001243137878907,0.0001097141945232,0.000652387646902,0.0,0.0,0.001626005243867,2010.27,2004.45,1072.9714285714288,1999.4066666666663,1993.12,1047.2626666666663,7.0,7.0,1.7142857142857142,6.0,0.0,0.0,0.0,0.0,iran_hormuz_strait_risk,international_geopolitics,2026-04-19,after
2026-05-06,2011.42,2005.74,1089.13,96.5999984741211,103.54000091552734,1447.01,6.463513466492543e-05,0.0001545803144462,0.000101008245946,0.0,0.0,-0.0212390338268816,2010.6128571428571,2004.8057142857144,1080.0257142857142,2001.175,1995.0043333333333,1048.941,6.0,6.0,1.1666666666666667,8.0,2.0,2.0,0.5,3.0,iran_hormuz_strait_risk,international_geopolitics,2026-04-19,after
2026-05-07,2011.7,2006.12,1089.29,96.5999984741211,103.54000091552734,1453.85,0.0001392051386581,0.0001894562605322,0.0001469062462697,0.0,0.0,0.0047269887561245,2010.9342857142856,2005.138571428572,1087.067142857143,2002.619,1996.5476666666664,1050.6223333333337,4.0,4.0,3.0,4.0,0.0,0.0,0.0,0.0,iran_hormuz_strait_risk,international_geopolitics,2026-04-19,after
2026-05-08,2011.71,2006.22,1089.52,96.5999984741211,103.54000091552734,1461.06,4.970920117308708e-06,4.984746675185114e-05,0.0002111467102423,0.0,0.0,0.0049592461395604,2011.1742857142856,2005.4228571428573,1088.1542857142856,2003.7503333333332,1997.769,1052.303666666667,3.0,3.0,2.333333333333333,5.0,1.0,1.0,2.0,2.0,iran_hormuz_strait_risk,international_geopolitics,2026-04-19,after
2026-05-09,2011.76,2006.16,1089.73,96.5999984741211,103.54000091552734,1461.06,2.485447703692856e-05,-2.9906989263417397e-05,0.0001927454291799,0.0,0.0,0.0,2011.3657142857144,2005.6542857142856,1088.7714285714285,2004.6436666666668,1998.7143333333331,1053.9876666666669,0.0,0.0,0.0,0.0,3.0,3.0,0.3333333333333333,1.0,iran_hormuz_strait_risk,international_geopolitics,2026-04-19,after
2026-05-10,2011.9,2006.07,1089.81,96.5999984741211,103.54000091552734,1461.06,6.959080606039336e-05,-4.486182557728036e-05,7.341268020510938e-05,0.0,0.0,0.0,2011.5457142857144,2005.85,1089.2585714285717,2005.4093333333333,1999.494,1055.6723333333332,3.0,3.0,3.6666666666666665,5.0,0.0,0.0,0.0,0.0,iran_hormuz_strait_risk,international_geopolitics,2026-04-19,after
2026-05-11,2011.9,2006.41,1089.85,96.5999984741211,103.54000091552734,1469.91,0.0,0.0001694856111702,3.670364558949757e-05,0.0,0.0,0.0060572461089893,2011.668571428572,2006.0214285714285,1089.4785714285715,2006.088,2000.201,1057.355,3.0,3.0,3.333333333333333,5.0,1.0,1.0,1.0,1.0,iran_hormuz_strait_risk,international_geopolitics,2026-04-19,after
2026-05-12,2011.85,2006.25,1089.6,96.5999984741211,103.54000091552734,1490.32,-2.485212982761276e-05,-7.974441913671804e-05,-0.0002293893655089,0.0,0.0,0.0138852038560182,2011.7485714285715,2006.1385714285716,1089.5614285714285,2006.7266666666667,2000.8676666666663,1059.0283333333332,0.0,0.0,0.0,0.0,1.0,1.0,-4.0,-4.0,iran_hormuz_strait_risk,international_geopolitics,2026-04-19,after
2026-05-13,2011.61,2006.05,1089.98,96.5999984741211,103.54000091552734,1490.11,-0.0001192931878619,-9.968847352026522e-05,0.000348751835536,0.0,0.0,-0.0001409093349079,2011.7757142857145,2006.1828571428573,1089.682857142857,2007.283,2001.4426666666664,1060.7116666666666,0.0,0.0,0.0,0.0,1.0,1.0,0.0,0.0,iran_hormuz_strait_risk,international_geopolitics,2026-04-19,after
2026-05-14,2011.52,2006.19,1090.12,96.5999984741211,103.54000091552734,1491.75,-4.47402826591059e-05,6.978888861208787e-05,0.0001284427237195,0.0,0.0,0.001100589889337,2011.75,2006.1928571428568,1089.8014285714287,2007.7763333333332,2001.959,1062.401,0.0,0.0,0.0,0.0,2.0,2.0,2.0,6.0,iran_hormuz_strait_risk,international_geopolitics,2026-04-19,after
2026-05-15,2011.44,2006.17,1090.16,96.5999984741211,103.54000091552734,1499.61,-3.977091950357892e-05,-9.969145494670428e-06,3.66932080873017e-05,0.0,0.0,0.0052689793866262,2011.7114285714283,2006.185714285714,1089.892857142857,2008.2223333333336,2002.429666666667,1064.0876666666668,2.0,2.0,5.5,8.0,1.0,1.0,3.0,3.0,iran_hormuz_strait_risk,international_geopolitics,2026-04-19,after
2026-05-16,2011.32,2005.9,1090.21,96.5999984741211,103.54000091552734,1499.61,-5.965875193891801e-05,-0.0001345848058739,4.586482718127449e-05,0.0,0.0,0.0,2011.6485714285716,2006.148571428572,1089.9614285714283,2008.631,2002.8556666666668,1065.775666666667,1.0,1.0,3.0,3.0,2.0,2.0,-4.0,-2.0,iran_hormuz_strait_risk,international_geopolitics,2026-04-19,after
2026-05-17,2011.38,2005.75,1090.37,96.5999984741211,103.54000091552734,1499.61,2.983115565902139e-05,-7.477940076783263e-05,0.0001467607158252,0.0,0.0,0.0,2011.5742857142857,2006.1028571428571,1090.0414285714285,2009.0136666666667,2003.24,1067.472,0.0,0.0,0.0,0.0,0.0,0.0,0.0,0.0,iran_hormuz_strait_risk,international_geopolitics,2026-04-19,after
2026-05-18,2011.4,2005.93,1090.34,96.5999984741211,103.54000091552734,1499.61,9.943421929170526e-06,8.974199177358422e-05,-2.751359630215333e-05,0.0,0.0,0.0,2011.5028571428568,2006.034285714286,1090.1114285714286,2009.3433333333332,2003.5953333333332,1069.1643333333334,1.0,1.0,2.0,2.0,1.0,1.0,3.0,3.0,iran_hormuz_strait_risk,international_geopolitics,2026-04-19,after
2026-05-19,2011.31,2006.01,1090.1,96.5999984741211,103.54000091552734,1499.61,-4.4744953763609097e-05,3.988175060931631e-05,-0.0002201148265679,0.0,0.0,0.0,2011.4257142857143,2006.0,1090.182857142857,2009.656,2003.94,1070.8480000000002,0.0,0.0,0.0,0.0,0.0,0.0,0.0,0.0,iran_hormuz_strait_risk,international_geopolitics,2026-04-19,after
2026-05-20,2011.37,2005.86,1090.38,96.5999984741211,103.54000091552734,1499.61,2.9831303975935697e-05,-7.4775300222929e-05,0.0002568571690673,0.0,0.0,0.0,2011.3914285714288,2005.972857142857,1090.24,2009.9403333333328,2004.2503333333327,1072.539,2.0,2.0,3.0,3.0,2.0,2.0,0.5,4.0,iran_hormuz_strait_risk,international_geopolitics,2026-04-19,after
2026-05-21,2011.19,2005.92,1090.37,96.5999984741211,103.54000091552734,1499.61,-8.949124228752048e-05,2.991235679461468e-05,-9.171114657480215e-06,0.0,0.0,0.0,2011.3442857142857,2005.9342857142856,1090.2757142857142,2010.186333333333,2004.524666666667,1074.233,1.0,1.0,-1.0,-1.0,0.0,0.0,0.0,0.0,iran_hormuz_strait_risk,international_geopolitics,2026-04-19,after
2026-05-22,2011.19,2005.89,1090.28,96.5999984741211,103.54000091552734,1499.61,0.0,-1.4955731036159214e-05,-8.254078890646e-05,0.0,0.0,0.0,2011.3085714285717,2005.8942857142852,1090.292857142857,2010.400666666667,2004.7583333333332,1075.922,0.0,0.0,0.0,0.0,5.0,5.0,-0.6,2.0,iran_hormuz_strait_risk,international_geopolitics,2026-04-19,after
2026-05-23,2011.15,2005.8,1090.42,96.6,100.21,1499.61,-1.9888722597061204e-05,-4.486786414015232e-05,0.0001284073815901,1.5795848185007344e-08,-0.032161492042521,0.0,2011.284285714286,2005.88,1090.322857142857,2010.5803333333336,2004.957,1077.6163333333332,0.0,0.0,0.0,0.0,6.0,6.0,-1.1666666666666667,1.0,iran_hormuz_strait_risk,international_geopolitics,2026-04-19,after
2026-05-24,2011.21,2005.6,1090.42,96.6,100.21,1520.53,2.9833677249291316e-05,-9.971083856818996e-05,0.0,0.0,0.0,0.0139502937430397,2011.26,2005.8585714285716,1090.33,2010.7383333333332,2005.1256666666663,1079.313,1.0,1.0,-1.0,-1.0,1.0,1.0,-1.0,-1.0,iran_hormuz_strait_risk,international_geopolitics,2026-04-19,after
