Date,gasoline_price,diesel_price,lpg_price,domestic_price,wti,brent,exchange
2008-04-15,1681.33,1546.8236,907.9182000000001,1681.33,127.3499984741211,127.77999877929688,1028.0999755859375
2008-04-16,1692.15,1556.7780000000002,913.7610000000001,1692.15,127.3499984741211,127.77999877929688,1028.0999755859375
2008-04-17,1686.56,1551.6352,910.7424,1686.56,127.3499984741211,127.77999877929688,1028.0999755859375
2008-04-18,1689.68,1554.5056000000002,912.4272000000001,1689.68,127.3499984741211,127.77999877929688,1028.0999755859375
2008-04-19,1692.91,1557.4772,914.1714000000001,1692.91,127.3499984741211,127.77999877929688,1028.0999755859375
2008-04-20,1693.99,1558.4708,914.7546000000001,1693.99,127.3499984741211,127.77999877929688,1028.0999755859375
2008-04-21,1695.54,1559.8968,915.5916000000001,1695.54,127.3499984741211,127.77999877929688,1028.0999755859375
2008-04-22,1698.21,1562.3532,917.0334,1698.21,127.3499984741211,127.77999877929688,1028.0999755859375
2008-04-23,1703.35,1567.0819999999999,919.809,1703.35,127.3499984741211,127.77999877929688,1028.0999755859375
2008-04-24,1713.37,1576.3004,925.2198,1713.37,127.3499984741211,127.77999877929688,1028.0999755859375
2008-04-25,1719.99,1582.3908000000001,928.7946000000001,1719.99,127.3499984741211,127.77999877929688,1028.0999755859375
2008-04-26,1725.55,1587.506,931.797,1725.55,127.3499984741211,127.77999877929688,1028.0999755859375
2008-04-27,1723.25,1585.39,930.5550000000001,1723.25,127.3499984741211,127.77999877929688,1028.0999755859375
2008-04-28,1726.5,1588.38,932.3100000000001,1726.5,127.3499984741211,127.77999877929688,1028.0999755859375
2008-04-29,1728.43,1590.1556,933.3522000000002,1728.43,127.3499984741211,127.77999877929688,1028.0999755859375
2008-04-30,1731.16,1592.6672,934.8264000000001,1731.16,127.3499984741211,127.77999877929688,1028.0999755859375
2008-05-01,1737.77,1598.7484,938.3958,1737.77,127.3499984741211,127.77999877929688,1028.0999755859375
2008-05-02,1741.17,1601.8764,940.2318000000001,1741.17,127.3499984741211,127.77999877929688,1028.0999755859375
2008-05-03,1743.8,1604.296,941.652,1743.8,127.3499984741211,127.77999877929688,1028.0999755859375
2008-05-04,1744.12,1604.5904,941.8248,1744.12,127.3499984741211,127.77999877929688,1028.0999755859375
2008-05-05,1744.77,1605.1884,942.1758000000001,1744.77,127.3499984741211,127.77999877929688,1028.0999755859375
2008-05-06,1745.55,1605.906,942.5970000000001,1745.55,127.3499984741211,127.77999877929688,1028.0999755859375
2008-05-07,1746.78,1607.0376,943.2612,1746.78,127.3499984741211,127.77999877929688,1028.0999755859375
2008-05-08,1748.73,1608.8316,944.3142,1748.73,127.3499984741211,127.77999877929688,1028.0999755859375
2008-05-09,1751.05,1610.9660000000001,945.567,1751.05,127.3499984741211,127.77999877929688,1028.0999755859375
2008-05-10,1753.34,1613.0728,946.8036000000001,1753.34,127.3499984741211,127.77999877929688,1028.0999755859375
2008-05-11,1754.64,1614.2688,947.5056000000001,1754.64,127.3499984741211,127.77999877929688,1028.0999755859375
2008-05-12,1755.29,1614.8668,947.8566000000001,1755.29,127.3499984741211,127.77999877929688,1028.0999755859375
2008-05-13,1757.1,1616.532,948.8340000000001,1757.1,127.3499984741211,127.77999877929688,1028.0999755859375
2008-05-14,1763.15,1622.0980000000002,952.1010000000001,1763.15,127.3499984741211,127.77999877929688,1028.0999755859375
2008-05-15,1780.73,1638.2716,961.5942000000001,1780.73,127.3499984741211,127.77999877929688,1028.0999755859375
2008-05-16,1790.21,1646.9932000000001,966.7134000000001,1790.21,127.3499984741211,127.77999877929688,1028.0999755859375
2008-05-17,1795.26,1651.6392,969.4404000000001,1795.26,127.3499984741211,127.77999877929688,1028.0999755859375
2008-05-18,1797.04,1653.2768,970.4016,1797.04,127.3499984741211,127.77999877929688,1028.0999755859375
2008-05-19,1798.83,1654.9236,971.3682,1798.83,127.3499984741211,127.77999877929688,1028.0999755859375
2008-05-20,1802.92,1658.6864,973.5768,1802.92,127.3499984741211,127.77999877929688,1028.0999755859375
2008-05-21,1813.93,1668.8156000000001,979.5222000000001,1813.93,127.3499984741211,127.77999877929688,1028.0999755859375
2008-05-22,1841.37,1694.0604,994.3398,1841.37,127.3499984741211,127.77999877929688,1028.0999755859375
2008-05-23,1853.25,1704.99,1000.7550000000001,1853.25,127.3499984741211,127.77999877929688,1028.0999755859375
2008-05-24,1858.09,1709.4428,1003.3686,1858.09,127.3499984741211,127.77999877929688,1028.0999755859375
2008-05-25,1859.91,1711.1172000000001,1004.3514000000001,1859.91,127.3499984741211,127.77999877929688,1028.0999755859375
2008-05-26,1862.44,1713.4448000000002,1005.7176000000001,1862.44,127.3499984741211,127.77999877929688,1028.0999755859375
2008-05-27,1865.19,1715.9748000000002,1007.2026000000001,1865.19,127.3499984741211,127.77999877929688,1028.0999755859375
2008-05-28,1870.48,1720.8416000000002,1010.0592,1870.48,127.3499984741211,127.77999877929688,1028.0999755859375
2008-05-29,1888.4,1737.3280000000002,1019.7360000000001,1888.4,127.3499984741211,127.77999877929688,1028.0999755859375
2008-05-30,1896.98,1745.2216,1024.3692,1896.98,127.3499984741211,127.77999877929688,1028.0999755859375
2008-05-31,1900.78,1748.7176,1026.4212,1900.78,127.3499984741211,127.77999877929688,1028.0999755859375
2008-06-01,1903.36,1751.0912,1027.8144,1903.36,127.3499984741211,127.77999877929688,1046.0
2008-06-02,1905.4,1752.968,1028.9160000000002,1905.4,127.3499984741211,127.77999877929688,1046.0
2008-06-03,1907.45,1754.854,1030.0230000000001,1907.45,127.3499984741211,127.77999877929688,1046.0
2008-06-04,1908.22,1755.5624,1030.4388000000001,1908.22,127.3499984741211,127.77999877929688,1046.0
2008-06-05,1907.84,1755.2128,1030.2336,1907.84,127.3499984741211,127.77999877929688,1046.0
2008-06-06,1907.76,1755.1392,1030.1904,1907.76,127.3499984741211,127.77999877929688,1046.0
2008-06-07,1907.97,1755.3324,1030.3038000000001,1907.97,127.3499984741211,127.77999877929688,1046.0
2008-06-08,1907.99,1755.3508000000002,1030.3146000000002,1907.99,127.3499984741211,127.77999877929688,1046.0
2008-06-09,1907.33,1754.7436,1029.9582,1907.33,127.3499984741211,127.77999877929688,1046.0
2008-06-10,1907.56,1754.9552,1030.0824,1907.56,127.3499984741211,127.77999877929688,1046.0
2008-06-11,1907.23,1754.6516000000001,1029.9042000000002,1907.23,127.3499984741211,127.77999877929688,1046.0
2008-06-12,1905.84,1753.3728,1029.1536,1905.84,127.3499984741211,127.77999877929688,1046.0
2008-06-13,1905.6,1753.152,1029.0240000000001,1905.6,127.3499984741211,127.77999877929688,1046.0
2008-06-14,1905.11,1752.7012,1028.7594,1905.11,127.3499984741211,127.77999877929688,1046.0
2008-06-15,1904.76,1752.3792,1028.5704,1904.76,127.3499984741211,127.77999877929688,1046.0
2008-06-16,1904.21,1751.8732,1028.2734,1904.21,127.3499984741211,127.77999877929688,1046.0
2008-06-17,1904.58,1752.2136,1028.4732000000001,1904.58,127.3499984741211,127.77999877929688,1046.0
2008-06-18,1905.3,1752.876,1028.862,1905.3,127.3499984741211,127.77999877929688,1046.0
2008-06-19,1906.99,1754.4308,1029.7746,1906.99,127.3499984741211,127.77999877929688,1046.0
2008-06-20,1907.95,1755.314,1030.2930000000001,1907.95,127.3499984741211,127.77999877929688,1046.0
2008-06-21,1907.91,1755.2772000000002,1030.2714,1907.91,127.3499984741211,127.77999877929688,1046.0
2008-06-22,1907.87,1755.2404,1030.2498,1907.87,127.3499984741211,127.77999877929688,1046.0
2008-06-23,1906.78,1754.2376000000002,1029.6612,1906.78,127.3499984741211,127.77999877929688,1046.0
2008-06-24,1907.11,1754.5412,1029.8394,1907.11,127.3499984741211,127.77999877929688,1046.0
2008-06-25,1906.75,1754.21,1029.645,1906.75,127.3499984741211,127.77999877929688,1046.0
2008-06-26,1907.17,1754.5964000000001,1029.8718000000001,1907.17,127.3499984741211,127.77999877929688,1046.0
2008-06-27,1907.09,1754.5228,1029.8286,1907.09,127.3499984741211,127.77999877929688,1046.0
2008-06-28,1907.13,1754.5596000000003,1029.8502,1907.13,127.3499984741211,127.77999877929688,1046.0
2008-06-29,1907.04,1754.4768000000001,1029.8016,1907.04,127.3499984741211,127.77999877929688,1046.0
2008-06-30,1905.92,1753.4464,1029.1968000000002,1905.92,127.3499984741211,127.77999877929688,1046.0
2008-07-01,1906.78,1754.2376000000002,1029.6612,1906.78,124.08000183105469,123.9800033569336,1010.7000122070312
2008-07-02,1908.18,1755.5256000000002,1030.4172,1908.18,124.08000183105469,123.9800033569336,1010.7000122070312
2008-07-03,1911.05,1758.166,1031.967,1911.05,124.08000183105469,123.9800033569336,1010.7000122070312
2008-07-04,1912.72,1759.7024000000001,1032.8688000000002,1912.72,124.08000183105469,123.9800033569336,1010.7000122070312
2008-07-05,1914.13,1760.9996,1033.6302,1914.13,124.08000183105469,123.9800033569336,1010.7000122070312
2008-07-06,1915.32,1762.0944,1034.2728,1915.32,124.08000183105469,123.9800033569336,1010.7000122070312
2008-07-07,1915.09,1761.8828,1034.1486,1915.09,124.08000183105469,123.9800033569336,1010.7000122070312
2008-07-08,1919.74,1766.1608,1036.6596000000002,1919.74,124.08000183105469,123.9800033569336,1010.7000122070312
2008-07-09,1924.53,1770.5676,1039.2462,1924.53,124.08000183105469,123.9800033569336,1010.7000122070312
2008-07-10,1935.23,1780.4116000000001,1045.0242,1935.23,124.08000183105469,123.9800033569336,1010.7000122070312
2008-07-11,1941.25,1785.95,1048.275,1941.25,124.08000183105469,123.9800033569336,1010.7000122070312
2008-07-12,1945.39,1789.7588,1050.5106,1945.39,124.08000183105469,123.9800033569336,1010.7000122070312
2008-07-13,1947.1,1791.332,1051.434,1947.1,124.08000183105469,123.9800033569336,1010.7000122070312
2008-07-14,1947.74,1791.9208,1051.7796,1947.74,124.08000183105469,123.9800033569336,1010.7000122070312
2008-07-15,1949.9,1793.9080000000001,1052.9460000000001,1949.9,124.08000183105469,123.9800033569336,1010.7000122070312
2008-07-16,1950.02,1794.0184000000002,1053.0108,1950.02,124.08000183105469,123.9800033569336,1010.7000122070312
2008-07-17,1948.04,1792.1968,1051.9416,1948.04,124.08000183105469,123.9800033569336,1010.7000122070312
2008-07-18,1947.0,1791.24,1051.38,1947.0,124.08000183105469,123.9800033569336,1010.7000122070312
2008-07-19,1946.11,1790.4212,1050.8994,1946.11,124.08000183105469,123.9800033569336,1010.7000122070312
2008-07-20,1945.74,1790.0808000000002,1050.6996000000001,1945.74,124.08000183105469,123.9800033569336,1010.7000122070312
2008-07-21,1943.12,1787.6704,1049.2848,1943.12,124.08000183105469,123.9800033569336,1010.7000122070312
2008-07-22,1941.85,1786.502,1048.599,1941.85,124.08000183105469,123.9800033569336,1010.7000122070312
2008-07-23,1937.76,1782.7392,1046.3904,1937.76,124.08000183105469,123.9800033569336,1010.7000122070312
2008-07-24,1925.29,1771.2668,1039.6566,1925.29,124.08000183105469,123.9800033569336,1010.7000122070312
2008-07-25,1916.11,1762.8212,1034.6994,1916.11,124.08000183105469,123.9800033569336,1010.7000122070312
2008-07-26,1911.88,1758.9296000000002,1032.4152000000001,1911.88,124.08000183105469,123.9800033569336,1010.7000122070312
2008-07-27,1909.41,1756.6572,1031.0814,1909.41,124.08000183105469,123.9800033569336,1010.7000122070312
2008-07-28,1905.19,1752.7748000000001,1028.8026,1905.19,124.08000183105469,123.9800033569336,1010.7000122070312
2008-07-29,1902.25,1750.0700000000002,1027.2150000000001,1902.25,124.08000183105469,123.9800033569336,1010.7000122070312
2008-07-30,1896.66,1744.9272,1024.1964,1896.66,124.08000183105469,123.9800033569336,1010.7000122070312
2008-07-31,1883.48,1732.8016,1017.0792000000001,1883.48,124.08000183105469,123.9800033569336,1010.7000122070312
2008-08-01,1871.95,1722.1940000000002,1010.8530000000001,1871.95,115.45999908447266,114.05000305175781,1086.5
2008-08-02,1867.32,1717.9344,1008.3528,1867.32,115.45999908447266,114.05000305175781,1086.5
2008-08-03,1865.13,1715.9196000000002,1007.1702000000001,1865.13,115.45999908447266,114.05000305175781,1086.5
2008-08-04,1860.3,1711.476,1004.562,1860.3,115.45999908447266,114.05000305175781,1086.5
2008-08-05,1856.72,1708.1824000000001,1002.6288000000001,1856.72,115.45999908447266,114.05000305175781,1086.5
2008-08-06,1850.85,1702.782,999.4590000000001,1850.85,115.45999908447266,114.05000305175781,1086.5
2008-08-07,1838.99,1691.8708000000001,993.0546,1838.99,115.45999908447266,114.05000305175781,1086.5
2008-08-08,1829.67,1683.2964000000002,988.0218000000001,1829.67,115.45999908447266,114.05000305175781,1086.5
2008-08-09,1823.12,1677.2703999999999,984.4848,1823.12,115.45999908447266,114.05000305175781,1086.5
2008-08-10,1820.32,1674.6944,982.9728,1820.32,115.45999908447266,114.05000305175781,1086.5
2008-08-11,1813.37,1668.3004,979.2198,1813.37,115.45999908447266,114.05000305175781,1086.5
2008-08-12,1808.12,1663.4704,976.3848,1808.12,115.45999908447266,114.05000305175781,1086.5
2008-08-13,1800.32,1656.2944,972.1728,1800.32,115.45999908447266,114.05000305175781,1086.5
2008-08-14,1786.99,1644.0308,964.9746000000001,1786.99,115.45999908447266,114.05000305175781,1086.5
2008-08-15,1779.24,1636.9008000000001,960.7896000000001,1779.24,115.45999908447266,114.05000305175781,1086.5
2008-08-16,1774.34,1632.3928,958.1436,1774.34,115.45999908447266,114.05000305175781,1086.5
2008-08-17,1771.53,1629.8076,956.6262,1771.53,115.45999908447266,114.05000305175781,1086.5
2008-08-18,1765.24,1624.0208,953.2296000000001,1765.24,115.45999908447266,114.05000305175781,1086.5
2008-08-19,1760.84,1619.9728,950.8536,1760.84,115.45999908447266,114.05000305175781,1086.5
2008-08-20,1755.77,1615.3084000000001,948.1158,1755.77,115.45999908447266,114.05000305175781,1086.5
2008-08-21,1745.69,1606.0348000000001,942.6726000000001,1745.69,115.45999908447266,114.05000305175781,1086.5
2008-08-22,1738.64,1599.5488000000003,938.8656000000001,1738.64,115.45999908447266,114.05000305175781,1086.5
2008-08-23,1734.35,1595.602,936.549,1734.35,115.45999908447266,114.05000305175781,1086.5
2008-08-24,1732.42,1593.8264000000001,935.5068000000001,1732.42,115.45999908447266,114.05000305175781,1086.5
2008-08-25,1727.71,1589.4932000000001,932.9634000000001,1727.71,115.45999908447266,114.05000305175781,1086.5
2008-08-26,1724.91,1586.9172,931.4514000000001,1724.91,115.45999908447266,114.05000305175781,1086.5
2008-08-27,1722.46,1584.6632000000002,930.1284,1722.46,115.45999908447266,114.05000305175781,1086.5
2008-08-28,1719.66,1582.0872000000002,928.6164000000001,1719.66,115.45999908447266,114.05000305175781,1086.5
2008-08-29,1718.02,1580.5784,927.7308,1718.02,115.45999908447266,114.05000305175781,1086.5
2008-08-30,1716.57,1579.2444,926.9478,1716.57,115.45999908447266,114.05000305175781,1086.5
2008-08-31,1716.23,1578.9316000000001,926.7642000000001,1716.23,115.45999908447266,114.05000305175781,1086.5
2008-09-01,1713.8,1576.6960000000001,925.452,1713.8,100.63999938964844,98.16999816894531,1204.800048828125
2008-09-02,1713.62,1576.5303999999999,925.3548,1713.62,100.63999938964844,98.16999816894531,1204.800048828125
2008-09-03,1713.81,1576.7052,925.4574,1713.81,100.63999938964844,98.16999816894531,1204.800048828125
2008-09-04,1717.18,1579.8056000000001,927.2772000000001,1717.18,100.63999938964844,98.16999816894531,1204.800048828125
2008-09-05,1718.42,1580.9464,927.9468,1718.42,100.63999938964844,98.16999816894531,1204.800048828125
2008-09-06,1719.45,1581.894,928.503,1719.45,100.63999938964844,98.16999816894531,1204.800048828125
2008-09-07,1720.11,1582.5012,928.8594,1720.11,100.63999938964844,98.16999816894531,1204.800048828125
2008-09-08,1721.39,1583.6788000000001,929.5506000000001,1721.39,100.63999938964844,98.16999816894531,1204.800048828125
2008-09-09,1721.2,1583.5040000000001,929.4480000000001,1721.2,100.63999938964844,98.16999816894531,1204.800048828125
2008-09-10,1721.9,1584.1480000000001,929.8260000000001,1721.9,100.63999938964844,98.16999816894531,1204.800048828125
2008-09-11,1722.11,1584.3412,929.9394,1722.11,100.63999938964844,98.16999816894531,1204.800048828125
2008-09-12,1724.16,1586.2272,931.0464000000001,1724.16,100.63999938964844,98.16999816894531,1204.800048828125
2008-09-13,1725.01,1587.0092,931.5054,1725.01,100.63999938964844,98.16999816894531,1204.800048828125
2008-09-14,1724.8,1586.816,931.392,1724.8,100.63999938964844,98.16999816894531,1204.800048828125
2008-09-15,1725.0,1587.0,931.5000000000001,1725.0,100.63999938964844,98.16999816894531,1204.800048828125
2008-09-16,1723.79,1585.8868,930.8466000000001,1723.79,100.63999938964844,98.16999816894531,1204.800048828125
2008-09-17,1723.14,1585.2888000000003,930.4956000000001,1723.14,100.63999938964844,98.16999816894531,1204.800048828125
2008-09-18,1715.9,1578.6280000000002,926.5860000000001,1715.9,100.63999938964844,98.16999816894531,1204.800048828125
2008-09-19,1711.22,1574.3224,924.0588,1711.22,100.63999938964844,98.16999816894531,1204.800048828125
2008-09-20,1709.24,1572.5008,922.9896000000001,1709.24,100.63999938964844,98.16999816894531,1204.800048828125
2008-09-21,1708.47,1571.7924,922.5738000000001,1708.47,100.63999938964844,98.16999816894531,1204.800048828125
2008-09-22,1707.62,1571.0104,922.1148,1707.62,100.63999938964844,98.16999816894531,1204.800048828125
2008-09-23,1706.35,1569.8419999999999,921.429,1706.35,100.63999938964844,98.16999816894531,1204.800048828125
2008-09-24,1705.74,1569.2808,921.0996,1705.74,100.63999938964844,98.16999816894531,1204.800048828125
2008-09-25,1705.45,1569.0140000000001,920.9430000000001,1705.45,100.63999938964844,98.16999816894531,1204.800048828125
2008-09-26,1705.88,1569.4096000000002,921.1752000000001,1705.88,100.63999938964844,98.16999816894531,1204.800048828125
2008-09-27,1705.85,1569.382,921.159,1705.85,100.63999938964844,98.16999816894531,1204.800048828125
2008-09-28,1705.72,1569.2624,921.0888000000001,1705.72,100.63999938964844,98.16999816894531,1204.800048828125
2008-09-29,1704.92,1568.5264000000002,920.6568000000001,1704.92,100.63999938964844,98.16999816894531,1204.800048828125
2008-09-30,1705.65,1569.198,921.0510000000002,1705.65,100.63999938964844,98.16999816894531,1204.800048828125
2008-10-01,1707.53,1570.9276,922.0662000000001,1707.53,67.80999755859375,65.31999969482422,1289.199951171875
2008-10-02,1713.18,1576.1256,925.1172000000001,1713.18,67.80999755859375,65.31999969482422,1289.199951171875
2008-10-03,1715.4,1578.1680000000001,926.3160000000001,1715.4,67.80999755859375,65.31999969482422,1289.199951171875
2008-10-04,1716.21,1578.9132000000002,926.7534,1716.21,67.80999755859375,65.31999969482422,1289.199951171875
2008-10-05,1716.71,1579.3732,927.0234,1716.71,67.80999755859375,65.31999969482422,1289.199951171875
2008-10-06,1716.05,1578.766,926.667,1716.05,67.80999755859375,65.31999969482422,1289.199951171875
2008-10-07,1716.71,1579.3732,927.0234,1716.71,67.80999755859375,65.31999969482422,1289.199951171875
2008-10-08,1715.18,1577.9656000000002,926.1972000000001,1715.18,67.80999755859375,65.31999969482422,1289.199951171875
2008-10-09,1710.06,1573.2552,923.4324,1710.06,67.80999755859375,65.31999969482422,1289.199951171875
2008-10-10,1705.72,1569.2624,921.0888000000001,1705.72,67.80999755859375,65.31999969482422,1289.199951171875
2008-10-11,1703.82,1567.5144,920.0628,1703.82,67.80999755859375,65.31999969482422,1289.199951171875
2008-10-12,1703.36,1567.0912,919.8144,1703.36,67.80999755859375,65.31999969482422,1289.199951171875
2008-10-13,1702.06,1565.8952,919.1124,1702.06,67.80999755859375,65.31999969482422,1289.199951171875
2008-10-14,1701.49,1565.3708000000001,918.8046,1701.49,67.80999755859375,65.31999969482422,1289.199951171875
2008-10-15,1701.44,1565.3248,918.7776000000001,1701.44,67.80999755859375,65.31999969482422,1289.199951171875
2008-10-16,1701.55,1565.426,918.837,1701.55,67.80999755859375,65.31999969482422,1289.199951171875
2008-10-17,1700.87,1564.8003999999999,918.4698,1700.87,67.80999755859375,65.31999969482422,1289.199951171875
2008-10-18,1699.85,1563.862,917.919,1699.85,67.80999755859375,65.31999969482422,1289.199951171875
2008-10-19,1699.27,1563.3284,917.6058,1699.27,67.80999755859375,65.31999969482422,1289.199951171875
2008-10-20,1697.15,1561.3780000000002,916.4610000000001,1697.15,67.80999755859375,65.31999969482422,1289.199951171875
2008-10-21,1696.23,1560.5316,915.9642000000001,1696.23,67.80999755859375,65.31999969482422,1289.199951171875
2008-10-22,1692.24,1556.8608000000002,913.8096,1692.24,67.80999755859375,65.31999969482422,1289.199951171875
2008-10-23,1673.01,1539.1692,903.4254000000001,1673.01,67.80999755859375,65.31999969482422,1289.199951171875
2008-10-24,1655.08,1522.6736,893.7432,1655.08,67.80999755859375,65.31999969482422,1289.199951171875
2008-10-25,1645.46,1513.8232,888.5484000000001,1645.46,67.80999755859375,65.31999969482422,1289.199951171875
2008-10-26,1641.33,1510.0236,886.3182,1641.33,67.80999755859375,65.31999969482422,1289.199951171875
2008-10-27,1633.57,1502.8844,882.1278,1633.57,67.80999755859375,65.31999969482422,1289.199951171875
2008-10-28,1627.81,1497.5852,879.0174000000001,1627.81,67.80999755859375,65.31999969482422,1289.199951171875
2008-10-29,1622.58,1492.7736,876.1932,1622.58,67.80999755859375,65.31999969482422,1289.199951171875
2008-10-30,1613.85,1484.742,871.479,1613.85,67.80999755859375,65.31999969482422,1289.199951171875
2008-10-31,1607.24,1478.6608,867.9096000000001,1607.24,67.80999755859375,65.31999969482422,1289.199951171875
2008-11-01,1601.98,1473.8216,865.0692,1601.98,54.43000030517578,53.4900016784668,1462.4000244140625
2008-11-02,1599.94,1471.9448000000002,863.9676000000001,1599.94,54.43000030517578,53.4900016784668,1462.4000244140625
2008-11-03,1595.59,1467.9428,861.6186,1595.59,54.43000030517578,53.4900016784668,1462.4000244140625
2008-11-04,1591.48,1464.1616000000001,859.3992000000001,1591.48,54.43000030517578,53.4900016784668,1462.4000244140625
2008-11-05,1587.07,1460.1044,857.0178,1587.07,54.43000030517578,53.4900016784668,1462.4000244140625
2008-11-06,1576.82,1450.6744,851.4828,1576.82,54.43000030517578,53.4900016784668,1462.4000244140625
2008-11-07,1567.3,1441.916,846.342,1567.3,54.43000030517578,53.4900016784668,1462.4000244140625
2008-11-08,1561.59,1436.6628,843.2586,1561.59,54.43000030517578,53.4900016784668,1462.4000244140625
2008-11-09,1559.42,1434.6664,842.0868,1559.42,54.43000030517578,53.4900016784668,1462.4000244140625
2008-11-10,1554.24,1429.9008000000001,839.2896000000001,1554.24,54.43000030517578,53.4900016784668,1462.4000244140625
2008-11-11,1548.75,1424.8500000000001,836.325,1548.75,54.43000030517578,53.4900016784668,1462.4000244140625
2008-11-12,1542.1,1418.732,832.734,1542.1,54.43000030517578,53.4900016784668,1462.4000244140625
2008-11-13,1529.95,1407.554,826.1730000000001,1529.95,54.43000030517578,53.4900016784668,1462.4000244140625
2008-11-14,1514.12,1392.9904,817.6248,1514.12,54.43000030517578,53.4900016784668,1462.4000244140625
2008-11-15,1505.54,1385.0968,812.9916000000001,1505.54,54.43000030517578,53.4900016784668,1462.4000244140625
2008-11-16,1504.59,1384.2228,812.4786,1504.59,54.43000030517578,53.4900016784668,1462.4000244140625
2008-11-17,1493.45,1373.9740000000002,806.4630000000001,1493.45,54.43000030517578,53.4900016784668,1462.4000244140625
2008-11-18,1486.25,1367.3500000000001,802.575,1486.25,54.43000030517578,53.4900016784668,1462.4000244140625
2008-11-19,1479.43,1361.0756000000001,798.8922000000001,1479.43,54.43000030517578,53.4900016784668,1462.4000244140625
2008-11-20,1467.96,1350.5232,792.6984000000001,1467.96,54.43000030517578,53.4900016784668,1462.4000244140625
2008-11-21,1455.72,1339.2624,786.0888000000001,1455.72,54.43000030517578,53.4900016784668,1462.4000244140625
2008-11-22,1448.27,1332.4084,782.0658000000001,1448.27,54.43000030517578,53.4900016784668,1462.4000244140625
2008-11-23,1444.36,1328.8111999999999,779.9544,1444.36,54.43000030517578,53.4900016784668,1462.4000244140625
2008-11-24,1438.23,1323.1716000000001,776.6442000000001,1438.23,54.43000030517578,53.4900016784668,1462.4000244140625
2008-11-25,1432.53,1317.9276,773.5662,1432.53,54.43000030517578,53.4900016784668,1462.4000244140625
2008-11-26,1426.08,1311.9936,770.0832,1426.08,54.43000030517578,53.4900016784668,1462.4000244140625
2008-11-27,1416.02,1302.7384,764.6508,1416.02,54.43000030517578,53.4900016784668,1462.4000244140625
2008-11-28,1406.21,1293.7132000000001,759.3534000000001,1406.21,54.43000030517578,53.4900016784668,1462.4000244140625
2008-11-29,1400.01,1288.0092,756.0054,1400.01,54.43000030517578,53.4900016784668,1462.4000244140625
2008-11-30,1396.87,1285.1204,754.3098,1396.87,54.43000030517578,53.4900016784668,1462.4000244140625
2008-12-01,1389.29,1278.1468,750.2166000000001,1389.29,44.599998474121094,45.59000015258789,1242.199951171875
2008-12-02,1383.49,1272.8108,747.0846,1383.49,44.599998474121094,45.59000015258789,1242.199951171875
2008-12-03,1379.65,1269.2780000000002,745.0110000000001,1379.65,44.599998474121094,45.59000015258789,1242.199951171875
2008-12-04,1376.01,1265.9292,743.0454000000001,1376.01,44.599998474121094,45.59000015258789,1242.199951171875
2008-12-05,1372.36,1262.5711999999999,741.0744,1372.36,44.599998474121094,45.59000015258789,1242.199951171875
2008-12-06,1370.19,1260.5748,739.9026000000001,1370.19,44.599998474121094,45.59000015258789,1242.199951171875
2008-12-07,1369.01,1259.4892,739.2654,1369.01,44.599998474121094,45.59000015258789,1242.199951171875
2008-12-08,1366.51,1257.1892,737.9154000000001,1366.51,44.599998474121094,45.59000015258789,1242.199951171875
2008-12-09,1364.31,1255.1652,736.7274,1364.31,44.599998474121094,45.59000015258789,1242.199951171875
2008-12-10,1360.54,1251.6968,734.6916,1360.54,44.599998474121094,45.59000015258789,1242.199951171875
2008-12-11,1347.82,1239.9944,727.8228,1347.82,44.599998474121094,45.59000015258789,1242.199951171875
2008-12-12,1334.42,1227.6664,720.5868,1334.42,44.599998474121094,45.59000015258789,1242.199951171875
2008-12-13,1325.41,1219.3772000000001,715.7214000000001,1325.41,44.599998474121094,45.59000015258789,1242.199951171875
2008-12-14,1321.98,1216.2216,713.8692000000001,1321.98,44.599998474121094,45.59000015258789,1242.199951171875
2008-12-15,1315.92,1210.6464,710.5968,1315.92,44.599998474121094,45.59000015258789,1242.199951171875
2008-12-16,1311.67,1206.7364000000002,708.3018000000001,1311.67,44.599998474121094,45.59000015258789,1242.199951171875
2008-12-17,1308.11,1203.4612,706.3794,1308.11,44.599998474121094,45.59000015258789,1242.199951171875
2008-12-18,1304.51,1200.1492,704.4354000000001,1304.51,44.599998474121094,45.59000015258789,1242.199951171875
2008-12-19,1301.08,1196.9936,702.5832,1301.08,44.599998474121094,45.59000015258789,1242.199951171875
2008-12-20,1298.15,1194.2980000000002,701.0010000000001,1298.15,44.599998474121094,45.59000015258789,1242.199951171875
2008-12-21,1296.86,1193.1112,700.3044,1296.86,44.599998474121094,45.59000015258789,1242.199951171875
2008-12-22,1294.29,1190.7468000000001,698.9166,1294.29,44.599998474121094,45.59000015258789,1242.199951171875
2008-12-23,1292.39,1188.9988,697.8906000000001,1292.39,44.599998474121094,45.59000015258789,1242.199951171875
2008-12-24,1290.87,1187.6004,697.0698,1290.87,44.599998474121094,45.59000015258789,1242.199951171875
2008-12-25,1290.12,1186.9104,696.6648,1290.12,44.599998474121094,45.59000015258789,1242.199951171875
2008-12-26,1289.27,1186.1284,696.2058000000001,1289.27,44.599998474121094,45.59000015258789,1242.199951171875
2008-12-27,1288.53,1185.4476,695.8062,1288.53,44.599998474121094,45.59000015258789,1242.199951171875
2008-12-28,1288.31,1185.2452,695.6874,1288.31,44.599998474121094,45.59000015258789,1242.199951171875
2008-12-29,1287.63,1184.6196000000002,695.3202000000001,1287.63,44.599998474121094,45.59000015258789,1242.199951171875
2008-12-30,1287.45,1184.4540000000002,695.2230000000001,1287.45,44.599998474121094,45.59000015258789,1242.199951171875
2008-12-31,1288.1,1185.052,695.574,1288.1,44.599998474121094,45.59000015258789,1242.199951171875
2009-01-01,1298.89,1194.9788,701.4006,1298.89,41.68000030517578,45.880001068115234,1356.800048828125
2009-01-02,1299.86,1195.8712,701.9244,1299.86,41.68000030517578,45.880001068115234,1356.800048828125
2009-01-03,1300.34,1196.3128,702.1836,1300.34,41.68000030517578,45.880001068115234,1356.800048828125
2009-01-04,1300.39,1196.3588000000002,702.2106000000001,1300.39,41.68000030517578,45.880001068115234,1356.800048828125
2009-01-05,1299.99,1195.9908,701.9946000000001,1299.99,41.68000030517578,45.880001068115234,1356.800048828125
2009-01-06,1300.79,1196.7268,702.4266,1300.79,41.68000030517578,45.880001068115234,1356.800048828125
2009-01-07,1302.2,1198.0240000000001,703.1880000000001,1302.2,41.68000030517578,45.880001068115234,1356.800048828125
2009-01-08,1309.06,1204.3352,706.8924000000001,1309.06,41.68000030517578,45.880001068115234,1356.800048828125
2009-01-09,1312.43,1207.4356,708.7122,1312.43,41.68000030517578,45.880001068115234,1356.800048828125
2009-01-10,1315.46,1210.2232000000001,710.3484000000001,1315.46,41.68000030517578,45.880001068115234,1356.800048828125
2009-01-11,1316.63,1211.2996,710.9802000000001,1316.63,41.68000030517578,45.880001068115234,1356.800048828125
2009-01-12,1317.75,1212.3300000000002,711.585,1317.75,41.68000030517578,45.880001068115234,1356.800048828125
2009-01-13,1319.0,1213.48,712.26,1319.0,41.68000030517578,45.880001068115234,1356.800048828125
2009-01-14,1322.43,1216.6356,714.1122,1322.43,41.68000030517578,45.880001068115234,1356.800048828125
2009-01-15,1331.31,1224.8052,718.9074,1331.31,41.68000030517578,45.880001068115234,1356.800048828125
2009-01-16,1338.27,1231.2084,722.6658,1338.27,41.68000030517578,45.880001068115234,1356.800048828125
2009-01-17,1344.54,1236.9768,726.0516,1344.54,41.68000030517578,45.880001068115234,1356.800048828125
2009-01-18,1346.96,1239.2032000000002,727.3584000000001,1346.96,41.68000030517578,45.880001068115234,1356.800048828125
2009-01-19,1350.55,1242.506,729.297,1350.55,41.68000030517578,45.880001068115234,1356.800048828125
2009-01-20,1356.22,1247.7224,732.3588000000001,1356.22,41.68000030517578,45.880001068115234,1356.800048828125
2009-01-21,1365.38,1256.1496000000002,737.3052000000001,1365.38,41.68000030517578,45.880001068115234,1356.800048828125
2009-01-22,1384.36,1273.6112,747.5544,1384.36,41.68000030517578,45.880001068115234,1356.800048828125
2009-01-23,1401.9,1289.748,757.0260000000001,1401.9,41.68000030517578,45.880001068115234,1356.800048828125
2009-01-24,1415.74,1302.4808,764.4996000000001,1415.74,41.68000030517578,45.880001068115234,1356.800048828125
2009-01-25,1417.57,1304.1644,765.4878,1417.57,41.68000030517578,45.880001068115234,1356.800048828125
2009-01-26,1419.96,1306.3632,766.7784,1419.96,41.68000030517578,45.880001068115234,1356.800048828125
2009-01-27,1420.92,1307.2464000000002,767.2968000000001,1420.92,41.68000030517578,45.880001068115234,1356.800048828125
2009-01-28,1423.3,1309.436,768.582,1423.3,41.68000030517578,45.880001068115234,1356.800048828125
2009-01-29,1431.45,1316.9340000000002,772.9830000000001,1431.45,41.68000030517578,45.880001068115234,1356.800048828125
2009-01-30,1437.68,1322.6656,776.3472,1437.68,41.68000030517578,45.880001068115234,1356.800048828125
2009-01-31,1442.07,1326.7044,778.7178,1442.07,41.68000030517578,45.880001068115234,1356.800048828125
2009-02-01,1444.57,1329.0044,780.0678,1444.57,41.68000030517578,45.880001068115234,1530.300048828125
2009-02-02,1447.03,1331.2676000000001,781.3962,1447.03,41.68000030517578,45.880001068115234,1530.300048828125
2009-02-03,1449.44,1333.4848000000002,782.6976000000001,1449.44,41.68000030517578,45.880001068115234,1530.300048828125
2009-02-04,1452.42,1336.2264,784.3068000000001,1452.42,41.68000030517578,45.880001068115234,1530.300048828125
2009-02-05,1458.61,1341.9212,787.6494,1458.61,41.68000030517578,45.880001068115234,1530.300048828125
2009-02-06,1466.14,1348.8488000000002,791.7156000000001,1466.14,41.68000030517578,45.880001068115234,1530.300048828125
2009-02-07,1470.41,1352.7772000000002,794.0214000000001,1470.41,41.68000030517578,45.880001068115234,1530.300048828125
2009-02-08,1472.81,1354.9852,795.3174,1472.81,41.68000030517578,45.880001068115234,1530.300048828125
2009-02-09,1474.88,1356.8896000000002,796.4352000000001,1474.88,41.68000030517578,45.880001068115234,1530.300048828125
2009-02-10,1478.35,1360.0819999999999,798.309,1478.35,41.68000030517578,45.880001068115234,1530.300048828125
2009-02-11,1480.25,1361.8300000000002,799.335,1480.25,41.68000030517578,45.880001068115234,1530.300048828125
2009-02-12,1483.55,1364.866,801.1170000000001,1483.55,41.68000030517578,45.880001068115234,1530.300048828125
2009-02-13,1487.52,1368.5184000000002,803.2608,1487.52,41.68000030517578,45.880001068115234,1530.300048828125
2009-02-14,1490.85,1371.5819999999999,805.059,1490.85,41.68000030517578,45.880001068115234,1530.300048828125
2009-02-15,1492.51,1373.1092,805.9554,1492.51,41.68000030517578,45.880001068115234,1530.300048828125
2009-02-16,1494.08,1374.5536,806.8032000000001,1494.08,41.68000030517578,45.880001068115234,1530.300048828125
2009-02-17,1496.42,1376.7064,808.0668000000001,1496.42,41.68000030517578,45.880001068115234,1530.300048828125
2009-02-18,1498.85,1378.942,809.379,1498.85,41.68000030517578,45.880001068115234,1530.300048828125
2009-02-19,1505.63,1385.1796000000002,813.0402000000001,1505.63,41.68000030517578,45.880001068115234,1530.300048828125
2009-02-20,1510.62,1389.7703999999999,815.7348,1510.62,41.68000030517578,45.880001068115234,1530.300048828125
2009-02-21,1514.56,1393.3952,817.8624,1514.56,41.68000030517578,45.880001068115234,1530.300048828125
2009-02-22,1516.61,1395.2812,818.9694,1516.61,41.68000030517578,45.880001068115234,1530.300048828125
2009-02-23,1518.37,1396.9004,819.9198,1518.37,41.68000030517578,45.880001068115234,1530.300048828125
2009-02-24,1520.16,1398.5472000000002,820.8864000000001,1520.16,41.68000030517578,45.880001068115234,1530.300048828125
2009-02-25,1520.86,1399.1912,821.2644,1520.86,41.68000030517578,45.880001068115234,1530.300048828125
2009-02-26,1520.83,1399.1636,821.2482,1520.83,41.68000030517578,45.880001068115234,1530.300048828125
2009-02-27,1521.35,1399.642,821.529,1521.35,41.68000030517578,45.880001068115234,1530.300048828125
2009-02-28,1522.37,1400.5804,822.0798,1522.37,41.68000030517578,45.880001068115234,1530.300048828125
2009-03-01,1523.22,1401.3624,822.5388,1523.22,41.68000030517578,45.880001068115234,1375.0999755859375
2009-03-02,1523.7,1401.804,822.7980000000001,1523.7,41.68000030517578,45.880001068115234,1375.0999755859375
2009-03-03,1524.33,1402.3836,823.1382,1524.33,41.68000030517578,45.880001068115234,1375.0999755859375
2009-03-04,1524.9,1402.9080000000001,823.4460000000001,1524.9,41.68000030517578,45.880001068115234,1375.0999755859375
2009-03-05,1528.03,1405.7876,825.1362,1528.03,41.68000030517578,45.880001068115234,1375.0999755859375
2009-03-06,1530.42,1407.9864000000002,826.4268000000001,1530.42,41.68000030517578,45.880001068115234,1375.0999755859375
2009-03-07,1531.83,1409.2836,827.1882,1531.83,41.68000030517578,45.880001068115234,1375.0999755859375
2009-03-08,1532.74,1410.1208000000001,827.6796,1532.74,41.68000030517578,45.880001068115234,1375.0999755859375
2009-03-09,1533.16,1410.5072000000002,827.9064000000001,1533.16,41.68000030517578,45.880001068115234,1375.0999755859375
2009-03-10,1533.73,1411.0316,828.2142000000001,1533.73,41.68000030517578,45.880001068115234,1375.0999755859375
2009-03-11,1534.24,1411.5008,828.4896000000001,1534.24,41.68000030517578,45.880001068115234,1375.0999755859375
2009-03-12,1534.31,1411.5652,828.5274000000001,1534.31,41.68000030517578,45.880001068115234,1375.0999755859375
2009-03-13,1535.41,1412.5772000000002,829.1214000000001,1535.41,41.68000030517578,45.880001068115234,1375.0999755859375
2009-03-14,1535.66,1412.8072000000002,829.2564000000001,1535.66,41.68000030517578,45.880001068115234,1375.0999755859375
2009-03-15,1536.0,1413.1200000000001,829.44,1536.0,41.68000030517578,45.880001068115234,1375.0999755859375
2009-03-16,1535.88,1413.0096,829.3752000000001,1535.88,41.68000030517578,45.880001068115234,1375.0999755859375
2009-03-17,1536.08,1413.1936,829.4832,1536.08,41.68000030517578,45.880001068115234,1375.0999755859375
2009-03-18,1535.66,1412.8072000000002,829.2564000000001,1535.66,41.68000030517578,45.880001068115234,1375.0999755859375
2009-03-19,1531.65,1409.1180000000002,827.0910000000001,1531.65,41.68000030517578,45.880001068115234,1375.0999755859375
2009-03-20,1530.09,1407.6828,826.2486,1530.09,41.68000030517578,45.880001068115234,1375.0999755859375
2009-03-21,1528.54,1406.2568,825.4116,1528.54,41.68000030517578,45.880001068115234,1375.0999755859375
2009-03-22,1526.09,1404.0028,824.0886,1526.09,41.68000030517578,45.880001068115234,1375.0999755859375
2009-03-23,1527.49,1405.2908,824.8446,1527.49,41.68000030517578,45.880001068115234,1375.0999755859375
2009-03-24,1527.28,1405.0976,824.7312000000001,1527.28,41.68000030517578,45.880001068115234,1375.0999755859375
2009-03-25,1527.8,1405.576,825.0120000000001,1527.8,41.68000030517578,45.880001068115234,1375.0999755859375
2009-03-26,1534.44,1411.6848000000002,828.5976,1534.44,41.68000030517578,45.880001068115234,1375.0999755859375
2009-03-27,1537.2,1414.2240000000002,830.0880000000001,1537.2,41.68000030517578,45.880001068115234,1375.0999755859375
2009-03-28,1539.94,1416.7448000000002,831.5676000000001,1539.94,41.68000030517578,45.880001068115234,1375.0999755859375
2009-03-29,1541.07,1417.7844,832.1778,1541.07,41.68000030517578,45.880001068115234,1375.0999755859375
2009-03-30,1542.09,1418.7228,832.7286,1542.09,41.68000030517578,45.880001068115234,1375.0999755859375
2009-03-31,1543.45,1419.9740000000002,833.4630000000001,1543.45,41.68000030517578,45.880001068115234,1375.0999755859375
2009-04-01,1545.65,1421.998,834.6510000000001,1545.65,51.119998931884766,51.959999084472656,1278.0999755859375
2009-04-02,1547.56,1423.7552,835.6824,1547.56,51.119998931884766,51.959999084472656,1278.0999755859375
2009-04-03,1550.27,1426.2484,837.1458,1550.27,51.119998931884766,51.959999084472656,1278.0999755859375
2009-04-04,1552.05,1427.886,838.1070000000001,1552.05,51.119998931884766,51.959999084472656,1278.0999755859375
2009-04-05,1552.63,1428.4196000000002,838.4202000000001,1552.63,51.119998931884766,51.959999084472656,1278.0999755859375
2009-04-06,1553.3,1429.036,838.782,1553.3,51.119998931884766,51.959999084472656,1278.0999755859375
2009-04-07,1553.78,1429.4776,839.0412,1553.78,51.119998931884766,51.959999084472656,1278.0999755859375
2009-04-08,1553.7,1429.404,838.998,1553.7,51.119998931884766,51.959999084472656,1278.0999755859375
2009-04-09,1552.89,1428.6588000000002,838.5606000000001,1552.89,51.119998931884766,51.959999084472656,1278.0999755859375
2009-04-10,1553.33,1429.0636,838.7982000000001,1553.33,51.119998931884766,51.959999084472656,1278.0999755859375
2009-04-11,1553.3,1429.036,838.782,1553.3,51.119998931884766,51.959999084472656,1278.0999755859375
2009-04-12,1553.49,1429.2108,838.8846000000001,1553.49,51.119998931884766,51.959999084472656,1278.0999755859375
2009-04-13,1553.28,1429.0176000000001,838.7712,1553.28,51.119998931884766,51.959999084472656,1278.0999755859375
2009-04-14,1553.39,1429.1188000000002,838.8306000000001,1553.39,51.119998931884766,51.959999084472656,1278.0999755859375
2009-04-15,1553.66,1429.3672000000001,838.9764000000001,1553.66,51.119998931884766,51.959999084472656,1278.0999755859375
2009-04-16,1553.86,1429.5511999999999,839.0844,1553.86,51.119998931884766,51.959999084472656,1278.0999755859375
2009-04-17,1554.57,1430.2044,839.4678,1554.57,51.119998931884766,51.959999084472656,1278.0999755859375
2009-04-18,1554.68,1430.3056000000001,839.5272000000001,1554.68,51.119998931884766,51.959999084472656,1278.0999755859375
2009-04-19,1554.86,1430.4712,839.6244,1554.86,51.119998931884766,51.959999084472656,1278.0999755859375
2009-04-20,1554.7,1430.324,839.5380000000001,1554.7,51.119998931884766,51.959999084472656,1278.0999755859375
2009-04-21,1555.37,1430.9404,839.8998,1555.37,51.119998931884766,51.959999084472656,1278.0999755859375
2009-04-22,1554.56,1430.1952,839.4624,1554.56,51.119998931884766,51.959999084472656,1278.0999755859375
2009-04-23,1553.92,1429.6064000000001,839.1168000000001,1553.92,51.119998931884766,51.959999084472656,1278.0999755859375
2009-04-24,1554.0,1429.68,839.1600000000001,1554.0,51.119998931884766,51.959999084472656,1278.0999755859375
2009-04-25,1553.95,1429.634,839.133,1553.95,51.119998931884766,51.959999084472656,1278.0999755859375
2009-04-26,1553.99,1429.6708,839.1546000000001,1553.99,51.119998931884766,51.959999084472656,1278.0999755859375
2009-04-27,1549.97,1425.9724,836.9838000000001,1549.97,51.119998931884766,51.959999084472656,1278.0999755859375
2009-04-28,1552.93,1428.6956,838.5822000000001,1552.93,51.119998931884766,51.959999084472656,1278.0999755859375
2009-04-29,1552.14,1427.9688,838.1556000000002,1552.14,51.119998931884766,51.959999084472656,1278.0999755859375
2009-04-30,1550.98,1426.9016000000001,837.5292000000001,1550.98,51.119998931884766,51.959999084472656,1278.0999755859375
2009-05-01,1548.07,1424.2244,835.9578,1548.07,66.30999755859375,65.5199966430664,1253.300048828125
2009-05-02,1546.84,1423.0928,835.2936,1546.84,66.30999755859375,65.5199966430664,1253.300048828125
2009-05-03,1546.25,1422.55,834.975,1546.25,66.30999755859375,65.5199966430664,1253.300048828125
2009-05-04,1544.86,1421.2712,834.2244,1544.86,66.30999755859375,65.5199966430664,1253.300048828125
2009-05-05,1542.33,1418.9436,832.8582,1542.33,66.30999755859375,65.5199966430664,1253.300048828125
2009-05-06,1540.34,1417.1127999999999,831.7836,1540.34,66.30999755859375,65.5199966430664,1253.300048828125
2009-05-07,1537.8,1414.776,830.412,1537.8,66.30999755859375,65.5199966430664,1253.300048828125
2009-05-08,1536.76,1413.8192000000001,829.8504,1536.76,66.30999755859375,65.5199966430664,1253.300048828125
2009-05-09,1536.45,1413.534,829.6830000000001,1536.45,66.30999755859375,65.5199966430664,1253.300048828125
2009-05-10,1536.34,1413.4328,829.6236,1536.34,66.30999755859375,65.5199966430664,1253.300048828125
2009-05-11,1536.19,1413.2948000000001,829.5426000000001,1536.19,66.30999755859375,65.5199966430664,1253.300048828125
2009-05-12,1538.32,1415.2544,830.6928,1538.32,66.30999755859375,65.5199966430664,1253.300048828125
2009-05-13,1539.61,1416.4412,831.3894,1539.61,66.30999755859375,65.5199966430664,1253.300048828125
2009-05-14,1539.9,1416.708,831.546,1539.9,66.30999755859375,65.5199966430664,1253.300048828125
2009-05-15,1541.05,1417.766,832.167,1541.05,66.30999755859375,65.5199966430664,1253.300048828125
2009-05-16,1541.76,1418.4192,832.5504000000001,1541.76,66.30999755859375,65.5199966430664,1253.300048828125
2009-05-17,1541.86,1418.5112,832.6044,1541.86,66.30999755859375,65.5199966430664,1253.300048828125
2009-05-18,1541.81,1418.4652,832.5774,1541.81,66.30999755859375,65.5199966430664,1253.300048828125
2009-05-19,1542.64,1419.2288,833.0256,1542.64,66.30999755859375,65.5199966430664,1253.300048828125
2009-05-20,1543.16,1419.7072,833.3064,1543.16,66.30999755859375,65.5199966430664,1253.300048828125
2009-05-21,1543.55,1420.066,833.517,1543.55,66.30999755859375,65.5199966430664,1253.300048828125
2009-05-22,1543.99,1420.4708,833.7546000000001,1543.99,66.30999755859375,65.5199966430664,1253.300048828125
2009-05-23,1545.06,1421.4552,834.3324,1545.06,66.30999755859375,65.5199966430664,1253.300048828125
2009-05-24,1545.45,1421.814,834.5430000000001,1545.45,66.30999755859375,65.5199966430664,1253.300048828125
2009-05-25,1545.9,1422.228,834.7860000000001,1545.9,66.30999755859375,65.5199966430664,1253.300048828125
2009-05-26,1548.11,1424.2612,835.9794,1548.11,66.30999755859375,65.5199966430664,1253.300048828125
2009-05-27,1549.86,1425.8712,836.9244,1549.86,66.30999755859375,65.5199966430664,1253.300048828125
2009-05-28,1550.47,1426.4324000000001,837.2538000000001,1550.47,66.30999755859375,65.5199966430664,1253.300048828125
2009-05-29,1551.62,1427.4904,837.8748,1551.62,66.30999755859375,65.5199966430664,1253.300048828125
2009-05-30,1552.27,1428.0884,838.2258,1552.27,66.30999755859375,65.5199966430664,1253.300048828125
2009-05-31,1552.86,1428.6312,838.5444,1552.86,66.30999755859375,65.5199966430664,1253.300048828125
2009-06-01,1553.62,1429.3304,838.9548,1553.62,69.88999938964844,69.30000305175781,1272.5999755859375
2009-06-02,1558.72,1434.0224,841.7088000000001,1558.72,69.88999938964844,69.30000305175781,1272.5999755859375
2009-06-03,1560.24,1435.4208,842.5296000000001,1560.24,69.88999938964844,69.30000305175781,1272.5999755859375
2009-06-04,1563.76,1438.6592,844.4304000000001,1563.76,69.88999938964844,69.30000305175781,1272.5999755859375
2009-06-05,1568.18,1442.7256000000002,846.8172000000001,1568.18,69.88999938964844,69.30000305175781,1272.5999755859375
2009-06-06,1572.63,1446.8196000000003,849.2202000000001,1572.63,69.88999938964844,69.30000305175781,1272.5999755859375
2009-06-07,1575.17,1449.1564,850.5918000000001,1575.17,69.88999938964844,69.30000305175781,1272.5999755859375
2009-06-08,1578.53,1452.2476000000001,852.4062,1578.53,69.88999938964844,69.30000305175781,1272.5999755859375
2009-06-09,1589.69,1462.5148000000002,858.4326000000001,1589.69,69.88999938964844,69.30000305175781,1272.5999755859375
2009-06-10,1600.51,1472.4692,864.2754000000001,1600.51,69.88999938964844,69.30000305175781,1272.5999755859375
2009-06-11,1607.76,1479.1392,868.1904000000001,1607.76,69.88999938964844,69.30000305175781,1272.5999755859375
2009-06-12,1615.95,1486.6740000000002,872.613,1615.95,69.88999938964844,69.30000305175781,1272.5999755859375
2009-06-13,1622.22,1492.4424000000001,875.9988000000001,1622.22,69.88999938964844,69.30000305175781,1272.5999755859375
2009-06-14,1623.51,1493.6292,876.6954000000001,1623.51,69.88999938964844,69.30000305175781,1272.5999755859375
2009-06-15,1626.1,1496.012,878.094,1626.1,69.88999938964844,69.30000305175781,1272.5999755859375
2009-06-16,1631.03,1500.5476,880.7562,1631.03,69.88999938964844,69.30000305175781,1272.5999755859375
2009-06-17,1634.87,1504.0804,882.8298,1634.87,69.88999938964844,69.30000305175781,1272.5999755859375
2009-06-18,1637.37,1506.3804,884.1798,1637.37,69.88999938964844,69.30000305175781,1272.5999755859375
2009-06-19,1640.46,1509.2232000000001,885.8484000000001,1640.46,69.88999938964844,69.30000305175781,1272.5999755859375
2009-06-20,1642.54,1511.1368,886.9716000000001,1642.54,69.88999938964844,69.30000305175781,1272.5999755859375
2009-06-21,1643.51,1512.0292,887.4954,1643.51,69.88999938964844,69.30000305175781,1272.5999755859375
2009-06-22,1644.75,1513.17,888.1650000000001,1644.75,69.88999938964844,69.30000305175781,1272.5999755859375
2009-06-23,1647.79,1515.9668,889.8066,1647.79,69.88999938964844,69.30000305175781,1272.5999755859375
2009-06-24,1650.13,1518.1196000000002,891.0702000000001,1650.13,69.88999938964844,69.30000305175781,1272.5999755859375
2009-06-25,1651.36,1519.2512,891.7344,1651.36,69.88999938964844,69.30000305175781,1272.5999755859375
2009-06-26,1652.36,1520.1712,892.2744,1652.36,69.88999938964844,69.30000305175781,1272.5999755859375
2009-06-27,1653.78,1521.4776,893.0412,1653.78,69.88999938964844,69.30000305175781,1272.5999755859375
2009-06-28,1654.33,1521.9836,893.3382,1654.33,69.88999938964844,69.30000305175781,1272.5999755859375
2009-06-29,1654.58,1522.2136,893.4732,1654.58,69.88999938964844,69.30000305175781,1272.5999755859375
2009-06-30,1654.35,1522.002,893.349,1654.35,69.88999938964844,69.30000305175781,1272.5999755859375
2009-07-01,1654.27,1521.9284,893.3058000000001,1654.27,69.44999694824219,71.69999694824219,1223.0999755859375
2009-07-02,1653.59,1521.3028,892.9386000000001,1653.59,69.44999694824219,71.69999694824219,1223.0999755859375
2009-07-03,1654.12,1521.7903999999999,893.2248,1654.12,69.44999694824219,71.69999694824219,1223.0999755859375
2009-07-04,1653.97,1521.6524000000002,893.1438,1653.97,69.44999694824219,71.69999694824219,1223.0999755859375
2009-07-05,1654.06,1521.7352,893.1924,1654.06,69.44999694824219,71.69999694824219,1223.0999755859375
2009-07-06,1653.75,1521.45,893.0250000000001,1653.75,69.44999694824219,71.69999694824219,1223.0999755859375
2009-07-07,1654.36,1522.0112,893.3544,1654.36,69.44999694824219,71.69999694824219,1223.0999755859375
2009-07-08,1653.71,1521.4132000000002,893.0034,1653.71,69.44999694824219,71.69999694824219,1223.0999755859375
2009-07-09,1653.15,1520.8980000000001,892.7010000000001,1653.15,69.44999694824219,71.69999694824219,1223.0999755859375
2009-07-10,1652.38,1520.1896000000002,892.2852000000001,1652.38,69.44999694824219,71.69999694824219,1223.0999755859375
2009-07-11,1651.51,1519.3892,891.8154000000001,1651.51,69.44999694824219,71.69999694824219,1223.0999755859375
2009-07-12,1651.55,1519.426,891.837,1651.55,69.44999694824219,71.69999694824219,1223.0999755859375
2009-07-13,1649.83,1517.8436,890.9082,1649.83,69.44999694824219,71.69999694824219,1223.0999755859375
2009-07-14,1645.11,1513.5012,888.3594,1645.11,69.44999694824219,71.69999694824219,1223.0999755859375
2009-07-15,1640.67,1509.4164,885.9618000000002,1640.67,69.44999694824219,71.69999694824219,1223.0999755859375
2009-07-16,1637.3,1506.316,884.142,1637.3,69.44999694824219,71.69999694824219,1223.0999755859375
2009-07-17,1632.41,1501.8172000000002,881.5014000000001,1632.41,69.44999694824219,71.69999694824219,1223.0999755859375
2009-07-18,1629.54,1499.1768,879.9516,1629.54,69.44999694824219,71.69999694824219,1223.0999755859375
2009-07-19,1628.02,1497.7784000000001,879.1308,1628.02,69.44999694824219,71.69999694824219,1223.0999755859375
2009-07-20,1624.86,1494.8712,877.4244,1624.86,69.44999694824219,71.69999694824219,1223.0999755859375
2009-07-21,1622.24,1492.4608,876.0096000000001,1622.24,69.44999694824219,71.69999694824219,1223.0999755859375
2009-07-22,1620.45,1490.814,875.0430000000001,1620.45,69.44999694824219,71.69999694824219,1223.0999755859375
2009-07-23,1618.83,1489.3236,874.1682000000001,1618.83,69.44999694824219,71.69999694824219,1223.0999755859375
2009-07-24,1618.44,1488.9648000000002,873.9576000000001,1618.44,69.44999694824219,71.69999694824219,1223.0999755859375
2009-07-25,1617.87,1488.4404,873.6498,1617.87,69.44999694824219,71.69999694824219,1223.0999755859375
2009-07-26,1617.65,1488.238,873.5310000000001,1617.65,69.44999694824219,71.69999694824219,1223.0999755859375
2009-07-27,1617.04,1487.6768,873.2016,1617.04,69.44999694824219,71.69999694824219,1223.0999755859375
2009-07-28,1621.19,1491.4948000000002,875.4426000000001,1621.19,69.44999694824219,71.69999694824219,1223.0999755859375
2009-07-29,1622.29,1492.5068,876.0366,1622.29,69.44999694824219,71.69999694824219,1223.0999755859375
2009-07-30,1623.05,1493.2060000000001,876.447,1623.05,69.44999694824219,71.69999694824219,1223.0999755859375
2009-07-31,1625.08,1495.0736,877.5432000000001,1625.08,69.44999694824219,71.69999694824219,1223.0999755859375
2009-08-01,1626.58,1496.4536,878.3532,1626.58,69.95999908447266,69.6500015258789,1249.5
2009-08-02,1627.48,1497.2816,878.8392000000001,1627.48,69.95999908447266,69.6500015258789,1249.5
2009-08-03,1628.57,1498.2844,879.4278,1628.57,69.95999908447266,69.6500015258789,1249.5
2009-08-04,1632.88,1502.2496,881.7552000000002,1632.88,69.95999908447266,69.6500015258789,1249.5
2009-08-05,1637.53,1506.5276000000001,884.2662,1637.53,69.95999908447266,69.6500015258789,1249.5
2009-08-06,1639.28,1508.1376,885.2112000000001,1639.28,69.95999908447266,69.6500015258789,1249.5
2009-08-07,1642.74,1511.3208,887.0796,1642.74,69.95999908447266,69.6500015258789,1249.5
2009-08-08,1646.46,1514.7432000000001,889.0884000000001,1646.46,69.95999908447266,69.6500015258789,1249.5
2009-08-09,1648.86,1516.9512,890.3844,1648.86,69.95999908447266,69.6500015258789,1249.5
2009-08-10,1651.95,1519.794,892.0530000000001,1651.95,69.95999908447266,69.6500015258789,1249.5
2009-08-11,1661.05,1528.166,896.967,1661.05,69.95999908447266,69.6500015258789,1249.5
2009-08-12,1666.74,1533.4008000000001,900.0396000000001,1666.74,69.95999908447266,69.6500015258789,1249.5
2009-08-13,1670.71,1537.0532,902.1834000000001,1670.71,69.95999908447266,69.6500015258789,1249.5
2009-08-14,1675.51,1541.4692,904.7754000000001,1675.51,69.95999908447266,69.6500015258789,1249.5
2009-08-15,1677.97,1543.7324,906.1038000000001,1677.97,69.95999908447266,69.6500015258789,1249.5
2009-08-16,1679.38,1545.0296,906.8652000000001,1679.38,69.95999908447266,69.6500015258789,1249.5
2009-08-17,1680.58,1546.1336,907.5132,1680.58,69.95999908447266,69.6500015258789,1249.5
2009-08-18,1683.99,1549.2708,909.3546000000001,1683.99,69.95999908447266,69.6500015258789,1249.5
2009-08-19,1685.41,1550.5772000000002,910.1214000000001,1685.41,69.95999908447266,69.6500015258789,1249.5
2009-08-20,1686.42,1551.5064000000002,910.6668000000001,1686.42,69.95999908447266,69.6500015258789,1249.5
2009-08-21,1688.65,1553.5580000000002,911.8710000000001,1688.65,69.95999908447266,69.6500015258789,1249.5
2009-08-22,1690.45,1555.2140000000002,912.8430000000001,1690.45,69.95999908447266,69.6500015258789,1249.5
2009-08-23,1691.5,1556.18,913.4100000000001,1691.5,69.95999908447266,69.6500015258789,1249.5
2009-08-24,1691.93,1556.5756000000001,913.6422000000001,1691.93,69.95999908447266,69.6500015258789,1249.5
2009-08-25,1692.33,1556.9436,913.8582,1692.33,69.95999908447266,69.6500015258789,1249.5
2009-08-26,1692.82,1557.3944,914.1228,1692.82,69.95999908447266,69.6500015258789,1249.5
2009-08-27,1692.69,1557.2748000000001,914.0526000000001,1692.69,69.95999908447266,69.6500015258789,1249.5
2009-08-28,1693.61,1558.1212,914.5494,1693.61,69.95999908447266,69.6500015258789,1249.5
2009-08-29,1694.0,1558.48,914.7600000000001,1694.0,69.95999908447266,69.6500015258789,1249.5
2009-08-30,1694.29,1558.7468000000001,914.9166,1694.29,69.95999908447266,69.6500015258789,1249.5
2009-08-31,1694.28,1558.7376,914.9112,1694.28,69.95999908447266,69.6500015258789,1249.5
2009-09-01,1696.6,1560.872,916.164,1696.6,70.61000061035156,69.06999969482422,1173.699951171875
2009-09-02,1697.21,1561.4332000000002,916.4934000000001,1697.21,70.61000061035156,69.06999969482422,1173.699951171875
2009-09-03,1696.85,1561.102,916.299,1696.85,70.61000061035156,69.06999969482422,1173.699951171875
2009-09-04,1697.2,1561.4240000000002,916.488,1697.2,70.61000061035156,69.06999969482422,1173.699951171875
2009-09-05,1696.92,1561.1664,916.3368000000002,1696.92,70.61000061035156,69.06999969482422,1173.699951171875
2009-09-06,1697.07,1561.3044,916.4178,1697.07,70.61000061035156,69.06999969482422,1173.699951171875
2009-09-07,1696.23,1560.5316,915.9642000000001,1696.23,70.61000061035156,69.06999969482422,1173.699951171875
2009-09-08,1694.65,1559.0780000000002,915.1110000000001,1694.65,70.61000061035156,69.06999969482422,1173.699951171875
2009-09-09,1692.99,1557.5508,914.2146,1692.99,70.61000061035156,69.06999969482422,1173.699951171875
2009-09-10,1691.43,1556.1156,913.3722000000001,1691.43,70.61000061035156,69.06999969482422,1173.699951171875
2009-09-11,1690.34,1555.1127999999999,912.7836,1690.34,70.61000061035156,69.06999969482422,1173.699951171875
2009-09-12,1689.29,1554.1468,912.2166000000001,1689.29,70.61000061035156,69.06999969482422,1173.699951171875
2009-09-13,1688.88,1553.7696,911.9952000000001,1688.88,70.61000061035156,69.06999969482422,1173.699951171875
2009-09-14,1687.13,1552.1596000000002,911.0502000000001,1687.13,70.61000061035156,69.06999969482422,1173.699951171875
2009-09-15,1684.28,1549.5376,909.5112,1684.28,70.61000061035156,69.06999969482422,1173.699951171875
2009-09-16,1681.48,1546.9616,907.9992000000001,1681.48,70.61000061035156,69.06999969482422,1173.699951171875
2009-09-17,1679.19,1544.8548,906.7626000000001,1679.19,70.61000061035156,69.06999969482422,1173.699951171875
2009-09-18,1677.58,1543.3736,905.8932,1677.58,70.61000061035156,69.06999969482422,1173.699951171875
2009-09-19,1676.33,1542.2236,905.2182,1676.33,70.61000061035156,69.06999969482422,1173.699951171875
2009-09-20,1675.73,1541.6716000000001,904.8942000000001,1675.73,70.61000061035156,69.06999969482422,1173.699951171875
2009-09-21,1674.26,1540.3192000000001,904.1004,1674.26,70.61000061035156,69.06999969482422,1173.699951171875
2009-09-22,1672.12,1538.3504,902.9448,1672.12,70.61000061035156,69.06999969482422,1173.699951171875
2009-09-23,1670.11,1536.5012,901.8594,1670.11,70.61000061035156,69.06999969482422,1173.699951171875
2009-09-24,1668.02,1534.5784,900.7308,1668.02,70.61000061035156,69.06999969482422,1173.699951171875
2009-09-25,1666.3,1532.996,899.802,1666.3,70.61000061035156,69.06999969482422,1173.699951171875
2009-09-26,1664.53,1531.3676,898.8462000000001,1664.53,70.61000061035156,69.06999969482422,1173.699951171875
2009-09-27,1663.63,1530.5396,898.3602000000001,1663.63,70.61000061035156,69.06999969482422,1173.699951171875
2009-09-28,1661.07,1528.1844,896.9778,1661.07,70.61000061035156,69.06999969482422,1173.699951171875
2009-09-29,1655.42,1522.9864000000002,893.9268000000001,1655.42,70.61000061035156,69.06999969482422,1173.699951171875
2009-09-30,1651.04,1518.9568,891.5616,1651.04,70.61000061035156,69.06999969482422,1173.699951171875
2009-10-01,1646.6,1514.872,889.164,1646.6,77.0,75.19999694824219,1162.800048828125
2009-10-02,1645.29,1513.6668,888.4566000000001,1645.29,77.0,75.19999694824219,1162.800048828125
2009-10-03,1644.53,1512.9676,888.0462,1644.53,77.0,75.19999694824219,1162.800048828125
2009-10-04,1643.73,1512.2316,887.6142000000001,1643.73,77.0,75.19999694824219,1162.800048828125
2009-10-05,1640.94,1509.6648,886.1076,1640.94,77.0,75.19999694824219,1162.800048828125
2009-10-06,1635.99,1505.1108000000002,883.4346,1635.99,77.0,75.19999694824219,1162.800048828125
2009-10-07,1631.78,1501.2376,881.1612,1631.78,77.0,75.19999694824219,1162.800048828125
2009-10-08,1628.19,1497.9348000000002,879.2226,1628.19,77.0,75.19999694824219,1162.800048828125
2009-10-09,1624.77,1494.7884000000001,877.3758,1624.77,77.0,75.19999694824219,1162.800048828125
2009-10-10,1622.37,1492.5804,876.0798,1622.37,77.0,75.19999694824219,1162.800048828125
2009-10-11,1620.97,1491.2924,875.3238000000001,1620.97,77.0,75.19999694824219,1162.800048828125
2009-10-12,1618.03,1488.5876,873.7362,1618.03,77.0,75.19999694824219,1162.800048828125
2009-10-13,1615.42,1486.1864,872.3268,1615.42,77.0,75.19999694824219,1162.800048828125
2009-10-14,1611.76,1482.8192000000001,870.3504,1611.76,77.0,75.19999694824219,1162.800048828125
2009-10-15,1611.48,1482.5616,870.1992,1611.48,77.0,75.19999694824219,1162.800048828125
2009-10-16,1611.07,1482.1844,869.9778,1611.07,77.0,75.19999694824219,1162.800048828125
2009-10-17,1610.65,1481.7980000000002,869.7510000000001,1610.65,77.0,75.19999694824219,1162.800048828125
2009-10-18,1610.49,1481.6508000000001,869.6646000000001,1610.49,77.0,75.19999694824219,1162.800048828125
2009-10-19,1610.16,1481.3472000000002,869.4864000000001,1610.16,77.0,75.19999694824219,1162.800048828125
2009-10-20,1613.65,1484.5580000000002,871.3710000000001,1613.65,77.0,75.19999694824219,1162.800048828125
2009-10-21,1615.17,1485.9564,872.1918000000001,1615.17,77.0,75.19999694824219,1162.800048828125
2009-10-22,1616.56,1487.2352,872.9424,1616.56,77.0,75.19999694824219,1162.800048828125
2009-10-23,1620.12,1490.5104,874.8648,1620.12,77.0,75.19999694824219,1162.800048828125
2009-10-24,1624.71,1494.7332000000001,877.3434000000001,1624.71,77.0,75.19999694824219,1162.800048828125
2009-10-25,1627.34,1497.1528,878.7636,1627.34,77.0,75.19999694824219,1162.800048828125
2009-10-26,1630.2,1499.784,880.3080000000001,1630.2,77.0,75.19999694824219,1162.800048828125
2009-10-27,1638.94,1507.8248,885.0276000000001,1638.94,77.0,75.19999694824219,1162.800048828125
2009-10-28,1643.09,1511.6428,887.2686,1643.09,77.0,75.19999694824219,1162.800048828125
2009-10-29,1644.55,1512.986,888.057,1644.55,77.0,75.19999694824219,1162.800048828125
2009-10-30,1646.16,1514.4672,888.9264000000001,1646.16,77.0,75.19999694824219,1162.800048828125
2009-10-31,1647.18,1515.4056,889.4772,1647.18,77.0,75.19999694824219,1162.800048828125
2009-11-01,1648.2,1516.344,890.0280000000001,1648.2,77.0,75.19999694824219,1160.5999755859375
2009-11-02,1648.45,1516.574,890.1630000000001,1648.45,77.0,75.19999694824219,1160.5999755859375
2009-11-03,1650.91,1518.8372000000002,891.4914000000001,1650.91,77.0,75.19999694824219,1160.5999755859375
2009-11-04,1651.65,1519.5180000000003,891.8910000000001,1651.65,77.0,75.19999694824219,1160.5999755859375
2009-11-05,1652.49,1520.2908,892.3446,1652.49,77.0,75.19999694824219,1160.5999755859375
2009-11-06,1653.58,1521.2936,892.9332,1653.58,77.0,75.19999694824219,1160.5999755859375
2009-11-07,1654.76,1522.3792,893.5704000000001,1654.76,77.0,75.19999694824219,1160.5999755859375
2009-11-08,1655.44,1523.0048000000002,893.9376000000001,1655.44,77.0,75.19999694824219,1160.5999755859375
2009-11-09,1655.52,1523.0784,893.9808,1655.52,77.0,75.19999694824219,1160.5999755859375
2009-11-10,1656.23,1523.7316,894.3642000000001,1656.23,77.0,75.19999694824219,1160.5999755859375
2009-11-11,1656.82,1524.2744,894.6828,1656.82,77.0,75.19999694824219,1160.5999755859375
2009-11-12,1656.62,1524.0904,894.5748,1656.62,77.0,75.19999694824219,1160.5999755859375
2009-11-13,1657.42,1524.8264000000001,895.0068000000001,1657.42,77.0,75.19999694824219,1160.5999755859375
2009-11-14,1657.73,1525.1116000000002,895.1742,1657.73,77.0,75.19999694824219,1160.5999755859375
2009-11-15,1658.1,1525.452,895.374,1658.1,77.0,75.19999694824219,1160.5999755859375
2009-11-16,1658.04,1525.3968,895.3416000000001,1658.04,77.0,75.19999694824219,1160.5999755859375
2009-11-17,1657.22,1524.6424000000002,894.8988,1657.22,77.0,75.19999694824219,1160.5999755859375
2009-11-18,1657.52,1524.9184,895.0608000000001,1657.52,77.0,75.19999694824219,1160.5999755859375
2009-11-19,1656.74,1524.2008,894.6396000000001,1656.74,77.0,75.19999694824219,1160.5999755859375
2009-11-20,1657.14,1524.5688000000002,894.8556000000001,1657.14,77.0,75.19999694824219,1160.5999755859375
2009-11-21,1656.88,1524.3296000000003,894.7152000000001,1656.88,77.0,75.19999694824219,1160.5999755859375
2009-11-22,1656.91,1524.3572000000001,894.7314000000001,1656.91,77.0,75.19999694824219,1160.5999755859375
2009-11-23,1656.74,1524.2008,894.6396000000001,1656.74,77.0,75.19999694824219,1160.5999755859375
2009-11-24,1656.33,1523.8236,894.4182000000001,1656.33,77.0,75.19999694824219,1160.5999755859375
2009-11-25,1656.65,1524.1180000000002,894.5910000000001,1656.65,77.0,75.19999694824219,1160.5999755859375
2009-11-26,1655.65,1523.198,894.0510000000002,1655.65,77.0,75.19999694824219,1160.5999755859375
2009-11-27,1655.46,1523.0232,893.9484000000001,1655.46,77.0,75.19999694824219,1160.5999755859375
2009-11-28,1655.17,1522.7564000000002,893.7918000000001,1655.17,77.0,75.19999694824219,1160.5999755859375
2009-11-29,1655.18,1522.7656000000002,893.7972000000001,1655.18,77.0,75.19999694824219,1160.5999755859375
2009-11-30,1654.6,1522.232,893.484,1654.6,77.0,75.19999694824219,1160.5999755859375
2009-12-01,1653.08,1520.8336,892.6632000000001,1653.08,79.36000061035156,77.93000030517578,1151.0999755859375
2009-12-02,1652.34,1520.1528,892.2636,1652.34,79.36000061035156,77.93000030517578,1151.0999755859375
2009-12-03,1651.26,1519.1592,891.6804000000001,1651.26,79.36000061035156,77.93000030517578,1151.0999755859375
2009-12-04,1651.62,1519.4904,891.8748,1651.62,79.36000061035156,77.93000030517578,1151.0999755859375
2009-12-05,1651.44,1519.3248,891.7776000000001,1651.44,79.36000061035156,77.93000030517578,1151.0999755859375
2009-12-06,1651.33,1519.2236,891.7182,1651.33,79.36000061035156,77.93000030517578,1151.0999755859375
2009-12-07,1651.13,1519.0396,891.6102000000001,1651.13,79.36000061035156,77.93000030517578,1151.0999755859375
2009-12-08,1651.77,1519.6284,891.9558000000001,1651.77,79.36000061035156,77.93000030517578,1151.0999755859375
2009-12-09,1652.36,1520.1712,892.2744,1652.36,79.36000061035156,77.93000030517578,1151.0999755859375
2009-12-10,1652.01,1519.8492,892.0854,1652.01,79.36000061035156,77.93000030517578,1151.0999755859375
2009-12-11,1651.92,1519.7664000000002,892.0368000000001,1651.92,79.36000061035156,77.93000030517578,1151.0999755859375
2009-12-12,1651.61,1519.4812,891.8694,1651.61,79.36000061035156,77.93000030517578,1151.0999755859375
2009-12-13,1651.58,1519.4536,891.8532,1651.58,79.36000061035156,77.93000030517578,1151.0999755859375
2009-12-14,1650.92,1518.8464000000001,891.4968000000001,1650.92,79.36000061035156,77.93000030517578,1151.0999755859375
2009-12-15,1648.24,1516.3808000000001,890.0496,1648.24,79.36000061035156,77.93000030517578,1151.0999755859375
2009-12-16,1647.51,1515.7092,889.6554000000001,1647.51,79.36000061035156,77.93000030517578,1151.0999755859375
2009-12-17,1645.89,1514.2188,888.7806000000002,1645.89,79.36000061035156,77.93000030517578,1151.0999755859375
2009-12-18,1645.51,1513.8692,888.5754000000001,1645.51,79.36000061035156,77.93000030517578,1151.0999755859375
2009-12-19,1646.97,1515.2124000000001,889.3638000000001,1646.97,79.36000061035156,77.93000030517578,1151.0999755859375
2009-12-20,1646.61,1514.8812,889.1694,1646.61,79.36000061035156,77.93000030517578,1151.0999755859375
2009-12-21,1643.17,1511.7164,887.3118000000001,1643.17,79.36000061035156,77.93000030517578,1151.0999755859375
2009-12-22,1640.8,1509.536,886.032,1640.8,79.36000061035156,77.93000030517578,1151.0999755859375
2009-12-23,1639.67,1508.4964000000002,885.4218000000001,1639.67,79.36000061035156,77.93000030517578,1151.0999755859375
2009-12-24,1638.38,1507.3096000000003,884.7252000000001,1638.38,79.36000061035156,77.93000030517578,1151.0999755859375
2009-12-25,1638.03,1506.9876,884.5362,1638.03,79.36000061035156,77.93000030517578,1151.0999755859375
2009-12-26,1637.74,1506.7208,884.3796000000001,1637.74,79.36000061035156,77.93000030517578,1151.0999755859375
2009-12-27,1637.73,1506.7116,884.3742000000001,1637.73,79.36000061035156,77.93000030517578,1151.0999755859375
2009-12-28,1637.17,1506.1964,884.0718,1637.17,79.36000061035156,77.93000030517578,1151.0999755859375
2009-12-29,1639.39,1508.2388,885.2706000000001,1639.39,79.36000061035156,77.93000030517578,1151.0999755859375
2009-12-30,1640.3,1509.076,885.7620000000001,1640.3,79.36000061035156,77.93000030517578,1151.0999755859375
2009-12-31,1640.55,1509.306,885.897,1640.55,79.36000061035156,77.93000030517578,1151.0999755859375
2010-01-01,1641.2,1509.904,886.248,1641.2,72.88999938964844,71.45999908447266,1147.699951171875
2010-01-02,1641.12,1509.8304,886.2048,1641.12,72.88999938964844,71.45999908447266,1147.699951171875
2010-01-03,1641.03,1509.7476000000001,886.1562,1641.03,72.88999938964844,71.45999908447266,1147.699951171875
2010-01-04,1641.28,1509.9776,886.2912,1641.28,72.88999938964844,71.45999908447266,1147.699951171875
2010-01-05,1644.89,1513.2988000000003,888.2406000000001,1644.89,72.88999938964844,71.45999908447266,1147.699951171875
2010-01-06,1647.25,1515.47,889.5150000000001,1647.25,72.88999938964844,71.45999908447266,1147.699951171875
2010-01-07,1649.43,1517.4756000000002,890.6922000000001,1649.43,72.88999938964844,71.45999908447266,1147.699951171875
2010-01-08,1651.81,1519.6652,891.9774,1651.81,72.88999938964844,71.45999908447266,1147.699951171875
2010-01-09,1654.95,1522.554,893.6730000000001,1654.95,72.88999938964844,71.45999908447266,1147.699951171875
2010-01-10,1656.53,1524.0076000000001,894.5262,1656.53,72.88999938964844,71.45999908447266,1147.699951171875
2010-01-11,1658.43,1525.7556000000002,895.5522000000001,1658.43,72.88999938964844,71.45999908447266,1147.699951171875
2010-01-12,1661.09,1528.2028,896.9886,1661.09,72.88999938964844,71.45999908447266,1147.699951171875
2010-01-13,1664.77,1531.5884,898.9758,1664.77,72.88999938964844,71.45999908447266,1147.699951171875
2010-01-14,1666.68,1533.3456,900.0072000000001,1666.68,72.88999938964844,71.45999908447266,1147.699951171875
2010-01-15,1668.68,1535.1856,901.0872,1668.68,72.88999938964844,71.45999908447266,1147.699951171875
2010-01-16,1669.92,1536.3264000000001,901.7568000000001,1669.92,72.88999938964844,71.45999908447266,1147.699951171875
2010-01-17,1670.71,1537.0532,902.1834000000001,1670.71,72.88999938964844,71.45999908447266,1147.699951171875
2010-01-18,1671.13,1537.4396000000002,902.4102000000001,1671.13,72.88999938964844,71.45999908447266,1147.699951171875
2010-01-19,1670.62,1536.9704,902.1348,1670.62,72.88999938964844,71.45999908447266,1147.699951171875
2010-01-20,1670.85,1537.182,902.259,1670.85,72.88999938964844,71.45999908447266,1147.699951171875
2010-01-21,1670.36,1536.7312,901.9944,1670.36,72.88999938964844,71.45999908447266,1147.699951171875
2010-01-22,1670.69,1537.0348000000001,902.1726000000001,1670.69,72.88999938964844,71.45999908447266,1147.699951171875
2010-01-23,1670.49,1536.8508000000002,902.0646,1670.49,72.88999938964844,71.45999908447266,1147.699951171875
2010-01-24,1670.68,1537.0256000000002,902.1672000000001,1670.68,72.88999938964844,71.45999908447266,1147.699951171875
2010-01-25,1670.31,1536.6852000000001,901.9674,1670.31,72.88999938964844,71.45999908447266,1147.699951171875
2010-01-26,1668.29,1534.8268,900.8766,1668.29,72.88999938964844,71.45999908447266,1147.699951171875
2010-01-27,1667.67,1534.2564000000002,900.5418000000001,1667.67,72.88999938964844,71.45999908447266,1147.699951171875
2010-01-28,1666.48,1533.1616000000001,899.8992000000001,1666.48,72.88999938964844,71.45999908447266,1147.699951171875
2010-01-29,1665.98,1532.7016,899.6292000000001,1665.98,72.88999938964844,71.45999908447266,1147.699951171875
2010-01-30,1665.33,1532.1036,899.2782,1665.33,72.88999938964844,71.45999908447266,1147.699951171875
2010-01-31,1664.97,1531.7724,899.0838000000001,1664.97,72.88999938964844,71.45999908447266,1147.699951171875
2010-02-01,1663.69,1530.5948,898.3926000000001,1663.69,79.66000366210938,77.58999633789062,1133.5999755859375
2010-02-02,1662.76,1529.7392,897.8904,1662.76,79.66000366210938,77.58999633789062,1133.5999755859375
2010-02-03,1662.63,1529.6196000000002,897.8202000000001,1662.63,79.66000366210938,77.58999633789062,1133.5999755859375
2010-02-04,1662.11,1529.1412,897.5394,1662.11,79.66000366210938,77.58999633789062,1133.5999755859375
2010-02-05,1662.51,1529.5092,897.7554,1662.51,79.66000366210938,77.58999633789062,1133.5999755859375
2010-02-06,1662.73,1529.7116,897.8742000000001,1662.73,79.66000366210938,77.58999633789062,1133.5999755859375
2010-02-07,1663.08,1530.0336,898.0632,1663.08,79.66000366210938,77.58999633789062,1133.5999755859375
2010-02-08,1662.46,1529.4632000000001,897.7284000000001,1662.46,79.66000366210938,77.58999633789062,1133.5999755859375
2010-02-09,1662.98,1529.9416,898.0092000000001,1662.98,79.66000366210938,77.58999633789062,1133.5999755859375
2010-02-10,1663.26,1530.1992,898.1604000000001,1663.26,79.66000366210938,77.58999633789062,1133.5999755859375
2010-02-11,1663.45,1530.374,898.263,1663.45,79.66000366210938,77.58999633789062,1133.5999755859375
2010-02-12,1663.86,1530.7512,898.4844,1663.86,79.66000366210938,77.58999633789062,1133.5999755859375
2010-02-13,1664.19,1531.0548000000001,898.6626000000001,1664.19,79.66000366210938,77.58999633789062,1133.5999755859375
2010-02-14,1664.66,1531.4872,898.9164000000001,1664.66,79.66000366210938,77.58999633789062,1133.5999755859375
2010-02-15,1664.25,1531.1100000000001,898.695,1664.25,79.66000366210938,77.58999633789062,1133.5999755859375
2010-02-16,1663.73,1530.6316000000002,898.4142,1663.73,79.66000366210938,77.58999633789062,1133.5999755859375
2010-02-17,1662.82,1529.7944,897.9228,1662.82,79.66000366210938,77.58999633789062,1133.5999755859375
2010-02-18,1661.81,1528.8652,897.3774000000001,1661.81,79.66000366210938,77.58999633789062,1133.5999755859375
2010-02-19,1662.05,1529.086,897.5070000000001,1662.05,79.66000366210938,77.58999633789062,1133.5999755859375
2010-02-20,1662.17,1529.1964,897.5718,1662.17,79.66000366210938,77.58999633789062,1133.5999755859375
2010-02-21,1662.26,1529.2792,897.6204,1662.26,79.66000366210938,77.58999633789062,1133.5999755859375
2010-02-22,1662.26,1529.2792,897.6204,1662.26,79.66000366210938,77.58999633789062,1133.5999755859375
2010-02-23,1664.24,1531.1008000000002,898.6896,1664.24,79.66000366210938,77.58999633789062,1133.5999755859375
2010-02-24,1665.32,1532.0944,899.2728000000001,1665.32,79.66000366210938,77.58999633789062,1133.5999755859375
2010-02-25,1665.58,1532.3336,899.4132000000001,1665.58,79.66000366210938,77.58999633789062,1133.5999755859375
2010-02-26,1666.58,1533.2536,899.9532,1666.58,79.66000366210938,77.58999633789062,1133.5999755859375
2010-02-27,1667.11,1533.7412,900.2394,1667.11,79.66000366210938,77.58999633789062,1133.5999755859375
2010-02-28,1667.7,1534.284,900.5580000000001,1667.7,79.66000366210938,77.58999633789062,1133.5999755859375
2010-03-01,1668.22,1534.7624,900.8388000000001,1668.22,83.76000213623047,82.69999694824219,1131.5999755859375
2010-03-02,1669.96,1536.3632,901.7784,1669.96,83.76000213623047,82.69999694824219,1131.5999755859375
2010-03-03,1671.91,1538.1572,902.8314000000001,1671.91,83.76000213623047,82.69999694824219,1131.5999755859375
2010-03-04,1674.07,1540.1444,903.9978,1674.07,83.76000213623047,82.69999694824219,1131.5999755859375
2010-03-05,1675.76,1541.6992,904.9104000000001,1675.76,83.76000213623047,82.69999694824219,1131.5999755859375
2010-03-06,1677.25,1543.0700000000002,905.715,1677.25,83.76000213623047,82.69999694824219,1131.5999755859375
2010-03-07,1678.23,1543.9716,906.2442000000001,1678.23,83.76000213623047,82.69999694824219,1131.5999755859375
2010-03-08,1679.13,1544.7996,906.7302000000001,1679.13,83.76000213623047,82.69999694824219,1131.5999755859375
2010-03-09,1680.77,1546.3084000000001,907.6158,1680.77,83.76000213623047,82.69999694824219,1131.5999755859375
2010-03-10,1682.54,1547.9368,908.5716,1682.54,83.76000213623047,82.69999694824219,1131.5999755859375
2010-03-11,1683.33,1548.6636,908.9982,1683.33,83.76000213623047,82.69999694824219,1131.5999755859375
2010-03-12,1685.31,1550.4852,910.0674,1685.31,83.76000213623047,82.69999694824219,1131.5999755859375
2010-03-13,1687.7,1552.6840000000002,911.3580000000001,1687.7,83.76000213623047,82.69999694824219,1131.5999755859375
2010-03-14,1688.62,1553.5303999999999,911.8548,1688.62,83.76000213623047,82.69999694824219,1131.5999755859375
2010-03-15,1689.96,1554.7632,912.5784000000001,1689.96,83.76000213623047,82.69999694824219,1131.5999755859375
2010-03-16,1693.25,1557.79,914.355,1693.25,83.76000213623047,82.69999694824219,1131.5999755859375
2010-03-17,1695.99,1560.3108,915.8346,1695.99,83.76000213623047,82.69999694824219,1131.5999755859375
2010-03-18,1697.2,1561.4240000000002,916.488,1697.2,83.76000213623047,82.69999694824219,1131.5999755859375
2010-03-19,1698.95,1563.034,917.4330000000001,1698.95,83.76000213623047,82.69999694824219,1131.5999755859375
2010-03-20,1700.25,1564.23,918.1350000000001,1700.25,83.76000213623047,82.69999694824219,1131.5999755859375
2010-03-21,1701.15,1565.0580000000002,918.6210000000001,1701.15,83.76000213623047,82.69999694824219,1131.5999755859375
2010-03-22,1701.8,1565.656,918.972,1701.8,83.76000213623047,82.69999694824219,1131.5999755859375
2010-03-23,1702.46,1566.2632,919.3284000000001,1702.46,83.76000213623047,82.69999694824219,1131.5999755859375
2010-03-24,1703.77,1567.4684,920.0358,1703.77,83.76000213623047,82.69999694824219,1131.5999755859375
2010-03-25,1704.13,1567.7996,920.2302000000001,1704.13,83.76000213623047,82.69999694824219,1131.5999755859375
2010-03-26,1704.94,1568.5448000000001,920.6676000000001,1704.94,83.76000213623047,82.69999694824219,1131.5999755859375
2010-03-27,1705.85,1569.382,921.159,1705.85,83.76000213623047,82.69999694824219,1131.5999755859375
2010-03-28,1706.32,1569.8144,921.4128000000001,1706.32,83.76000213623047,82.69999694824219,1131.5999755859375
2010-03-29,1706.4,1569.8880000000001,921.4560000000001,1706.4,83.76000213623047,82.69999694824219,1131.5999755859375
2010-03-30,1706.08,1569.5936,921.2832,1706.08,83.76000213623047,82.69999694824219,1131.5999755859375
2010-03-31,1706.59,1570.0628,921.5586000000001,1706.59,83.76000213623047,82.69999694824219,1131.5999755859375
2010-04-01,1706.15,1569.6580000000001,921.3210000000001,1706.15,86.1500015258789,87.44000244140625,1107.9000244140625
2010-04-02,1707.18,1570.6056,921.8772000000001,1707.18,86.1500015258789,87.44000244140625,1107.9000244140625
2010-04-03,1707.49,1570.8908000000001,922.0446000000001,1707.49,86.1500015258789,87.44000244140625,1107.9000244140625
2010-04-04,1707.91,1571.2772000000002,922.2714000000001,1707.91,86.1500015258789,87.44000244140625,1107.9000244140625
2010-04-05,1708.04,1571.3968,922.3416000000001,1708.04,86.1500015258789,87.44000244140625,1107.9000244140625
2010-04-06,1709.68,1572.9056,923.2272,1709.68,86.1500015258789,87.44000244140625,1107.9000244140625
2010-04-07,1711.15,1574.2580000000003,924.0210000000001,1711.15,86.1500015258789,87.44000244140625,1107.9000244140625
2010-04-08,1711.95,1574.9940000000001,924.4530000000001,1711.95,86.1500015258789,87.44000244140625,1107.9000244140625
2010-04-09,1714.05,1576.926,925.587,1714.05,86.1500015258789,87.44000244140625,1107.9000244140625
2010-04-10,1715.69,1578.4348000000002,926.4726,1715.69,86.1500015258789,87.44000244140625,1107.9000244140625
2010-04-11,1716.84,1579.4928,927.0936,1716.84,86.1500015258789,87.44000244140625,1107.9000244140625
2010-04-12,1718.13,1580.6796000000002,927.7902000000001,1718.13,86.1500015258789,87.44000244140625,1107.9000244140625
2010-04-13,1722.45,1584.6540000000002,930.123,1722.45,86.1500015258789,87.44000244140625,1107.9000244140625
2010-04-14,1726.16,1588.0672000000002,932.1264000000001,1726.16,86.1500015258789,87.44000244140625,1107.9000244140625
2010-04-15,1728.67,1590.3764,933.4818000000001,1728.67,86.1500015258789,87.44000244140625,1107.9000244140625
2010-04-16,1730.97,1592.4924,934.7238000000001,1730.97,86.1500015258789,87.44000244140625,1107.9000244140625
2010-04-17,1732.74,1594.1208000000001,935.6796,1732.74,86.1500015258789,87.44000244140625,1107.9000244140625
2010-04-18,1733.63,1594.9396000000002,936.1602000000001,1733.63,86.1500015258789,87.44000244140625,1107.9000244140625
2010-04-19,1734.41,1595.6572,936.5814000000001,1734.41,86.1500015258789,87.44000244140625,1107.9000244140625
2010-04-20,1734.48,1595.7216,936.6192000000001,1734.48,86.1500015258789,87.44000244140625,1107.9000244140625
2010-04-21,1735.38,1596.5496000000003,937.1052000000001,1735.38,86.1500015258789,87.44000244140625,1107.9000244140625
2010-04-22,1735.43,1596.5956,937.1322000000001,1735.43,86.1500015258789,87.44000244140625,1107.9000244140625
2010-04-23,1736.05,1597.166,937.467,1736.05,86.1500015258789,87.44000244140625,1107.9000244140625
2010-04-24,1736.38,1597.4696000000001,937.6452000000002,1736.38,86.1500015258789,87.44000244140625,1107.9000244140625
2010-04-25,1736.75,1597.8100000000002,937.845,1736.75,86.1500015258789,87.44000244140625,1107.9000244140625
2010-04-26,1736.68,1597.7456000000002,937.8072000000001,1736.68,86.1500015258789,87.44000244140625,1107.9000244140625
2010-04-27,1735.85,1596.982,937.359,1735.85,86.1500015258789,87.44000244140625,1107.9000244140625
2010-04-28,1735.69,1596.8348,937.2726000000001,1735.69,86.1500015258789,87.44000244140625,1107.9000244140625
2010-04-29,1735.53,1596.6876,937.1862000000001,1735.53,86.1500015258789,87.44000244140625,1107.9000244140625
2010-04-30,1735.53,1596.6876,937.1862000000001,1735.53,86.1500015258789,87.44000244140625,1107.9000244140625
2010-05-01,1735.98,1597.1016000000002,937.4292,1735.98,73.97000122070312,74.0199966430664,1200.0
2010-05-02,1736.08,1597.1936,937.4832,1736.08,73.97000122070312,74.0199966430664,1200.0
2010-05-03,1736.01,1597.1292,937.4454000000001,1736.01,73.97000122070312,74.0199966430664,1200.0
2010-05-04,1737.28,1598.2976,938.1312,1737.28,73.97000122070312,74.0199966430664,1200.0
2010-05-05,1738.02,1598.9784,938.5308,1738.02,73.97000122070312,74.0199966430664,1200.0
2010-05-06,1738.01,1598.9692,938.5254000000001,1738.01,73.97000122070312,74.0199966430664,1200.0
2010-05-07,1738.08,1599.0336,938.5632,1738.08,73.97000122070312,74.0199966430664,1200.0
2010-05-08,1738.28,1599.2176,938.6712,1738.28,73.97000122070312,74.0199966430664,1200.0
2010-05-09,1738.46,1599.3832000000002,938.7684,1738.46,73.97000122070312,74.0199966430664,1200.0
2010-05-10,1738.23,1599.1716000000001,938.6442000000001,1738.23,73.97000122070312,74.0199966430664,1200.0
2010-05-11,1737.68,1598.6656,938.3472,1737.68,73.97000122070312,74.0199966430664,1200.0
2010-05-12,1737.82,1598.7944,938.4228,1737.82,73.97000122070312,74.0199966430664,1200.0
2010-05-13,1737.43,1598.4356,938.2122,1737.43,73.97000122070312,74.0199966430664,1200.0
2010-05-14,1737.21,1598.2332000000001,938.0934000000001,1737.21,73.97000122070312,74.0199966430664,1200.0
2010-05-15,1736.99,1598.0308,937.9746000000001,1736.99,73.97000122070312,74.0199966430664,1200.0
2010-05-16,1737.07,1598.1044,938.0178000000001,1737.07,73.97000122070312,74.0199966430664,1200.0
2010-05-17,1736.7,1597.7640000000001,937.8180000000001,1736.7,73.97000122070312,74.0199966430664,1200.0
2010-05-18,1734.87,1596.0804,936.8298,1734.87,73.97000122070312,74.0199966430664,1200.0
2010-05-19,1733.19,1594.5348000000001,935.9226000000001,1733.19,73.97000122070312,74.0199966430664,1200.0
2010-05-20,1732.46,1593.8632,935.5284,1732.46,73.97000122070312,74.0199966430664,1200.0
2010-05-21,1731.83,1593.2836,935.1882,1731.83,73.97000122070312,74.0199966430664,1200.0
2010-05-22,1731.62,1593.0904,935.0748,1731.62,73.97000122070312,74.0199966430664,1200.0
2010-05-23,1731.37,1592.8604,934.9398,1731.37,73.97000122070312,74.0199966430664,1200.0
2010-05-24,1730.66,1592.2072,934.5564,1730.66,73.97000122070312,74.0199966430664,1200.0
2010-05-25,1727.69,1589.4748000000002,932.9526000000001,1727.69,73.97000122070312,74.0199966430664,1200.0
2010-05-26,1725.26,1587.2392,931.6404,1725.26,73.97000122070312,74.0199966430664,1200.0
2010-05-27,1722.92,1585.0864000000001,930.3768000000001,1722.92,73.97000122070312,74.0199966430664,1200.0
2010-05-28,1720.6,1582.952,929.124,1720.6,73.97000122070312,74.0199966430664,1200.0
2010-05-29,1718.71,1581.2132000000001,928.1034000000001,1718.71,73.97000122070312,74.0199966430664,1200.0
2010-05-30,1717.78,1580.3576,927.6012000000001,1717.78,73.97000122070312,74.0199966430664,1200.0
2010-05-31,1716.34,1579.0328,926.8236,1716.34,73.97000122070312,74.0199966430664,1200.0
2010-06-01,1714.62,1577.4504,925.8948,1714.62,75.62999725341797,75.01000213623047,1227.199951171875
2010-06-02,1713.45,1576.374,925.263,1713.45,75.62999725341797,75.01000213623047,1227.199951171875
2010-06-03,1712.39,1575.3988000000002,924.6906000000001,1712.39,75.62999725341797,75.01000213623047,1227.199951171875
2010-06-04,1711.47,1574.5524,924.1938000000001,1711.47,75.62999725341797,75.01000213623047,1227.199951171875
2010-06-05,1710.74,1573.8808000000001,923.7996,1710.74,75.62999725341797,75.01000213623047,1227.199951171875
2010-06-06,1710.49,1573.6508000000001,923.6646000000001,1710.49,75.62999725341797,75.01000213623047,1227.199951171875
2010-06-07,1709.87,1573.0804,923.3298,1709.87,75.62999725341797,75.01000213623047,1227.199951171875
2010-06-08,1710.49,1573.6508000000001,923.6646000000001,1710.49,75.62999725341797,75.01000213623047,1227.199951171875
2010-06-09,1710.25,1573.43,923.5350000000001,1710.25,75.62999725341797,75.01000213623047,1227.199951171875
2010-06-10,1710.08,1573.2736,923.4432,1710.08,75.62999725341797,75.01000213623047,1227.199951171875
2010-06-11,1710.14,1573.3288000000002,923.4756000000001,1710.14,75.62999725341797,75.01000213623047,1227.199951171875
2010-06-12,1710.25,1573.43,923.5350000000001,1710.25,75.62999725341797,75.01000213623047,1227.199951171875
2010-06-13,1710.33,1573.5036,923.5782,1710.33,75.62999725341797,75.01000213623047,1227.199951171875
2010-06-14,1710.49,1573.6508000000001,923.6646000000001,1710.49,75.62999725341797,75.01000213623047,1227.199951171875
2010-06-15,1711.59,1574.6628,924.2586,1711.59,75.62999725341797,75.01000213623047,1227.199951171875
2010-06-16,1712.16,1575.1872,924.5664000000002,1712.16,75.62999725341797,75.01000213623047,1227.199951171875
2010-06-17,1712.48,1575.4816,924.7392000000001,1712.48,75.62999725341797,75.01000213623047,1227.199951171875
2010-06-18,1712.93,1575.8956,924.9822000000001,1712.93,75.62999725341797,75.01000213623047,1227.199951171875
2010-06-19,1713.46,1576.3832000000002,925.2684,1713.46,75.62999725341797,75.01000213623047,1227.199951171875
2010-06-20,1713.7,1576.604,925.3980000000001,1713.7,75.62999725341797,75.01000213623047,1227.199951171875
2010-06-21,1714.46,1577.3032,925.8084000000001,1714.46,75.62999725341797,75.01000213623047,1227.199951171875
2010-06-22,1717.78,1580.3576,927.6012000000001,1717.78,75.62999725341797,75.01000213623047,1227.199951171875
2010-06-23,1719.77,1582.1884,928.6758000000001,1719.77,75.62999725341797,75.01000213623047,1227.199951171875
2010-06-24,1721.12,1583.4304,929.4048,1721.12,75.62999725341797,75.01000213623047,1227.199951171875
2010-06-25,1722.31,1584.5252,930.0474,1722.31,75.62999725341797,75.01000213623047,1227.199951171875
2010-06-26,1723.29,1585.4268,930.5766,1723.29,75.62999725341797,75.01000213623047,1227.199951171875
2010-06-27,1723.79,1585.8868,930.8466000000001,1723.79,75.62999725341797,75.01000213623047,1227.199951171875
2010-06-28,1724.58,1586.6136,931.2732,1724.58,75.62999725341797,75.01000213623047,1227.199951171875
2010-06-29,1724.64,1586.6688000000001,931.3056000000001,1724.64,75.62999725341797,75.01000213623047,1227.199951171875
2010-06-30,1725.05,1587.046,931.527,1725.05,75.62999725341797,75.01000213623047,1227.199951171875
2010-07-01,1726.0,1587.92,932.0400000000001,1726.0,78.94999694824219,78.18000030517578,1184.0999755859375
2010-07-02,1726.36,1588.2512,932.2344,1726.36,78.94999694824219,78.18000030517578,1184.0999755859375
2010-07-03,1726.62,1588.4904,932.3748,1726.62,78.94999694824219,78.18000030517578,1184.0999755859375
2010-07-04,1726.72,1588.5824,932.4288,1726.72,78.94999694824219,78.18000030517578,1184.0999755859375
2010-07-05,1726.8,1588.656,932.472,1726.8,78.94999694824219,78.18000030517578,1184.0999755859375
2010-07-06,1726.35,1588.242,932.229,1726.35,78.94999694824219,78.18000030517578,1184.0999755859375
2010-07-07,1725.96,1587.8832000000002,932.0184,1725.96,78.94999694824219,78.18000030517578,1184.0999755859375
2010-07-08,1725.75,1587.69,931.9050000000001,1725.75,78.94999694824219,78.18000030517578,1184.0999755859375
2010-07-09,1725.43,1587.3956,931.7322000000001,1725.43,78.94999694824219,78.18000030517578,1184.0999755859375
2010-07-10,1725.24,1587.2208,931.6296000000001,1725.24,78.94999694824219,78.18000030517578,1184.0999755859375
2010-07-11,1725.13,1587.1196000000002,931.5702000000001,1725.13,78.94999694824219,78.18000030517578,1184.0999755859375
2010-07-12,1724.93,1586.9356,931.4622,1724.93,78.94999694824219,78.18000030517578,1184.0999755859375
2010-07-13,1723.72,1585.8224,930.8088,1723.72,78.94999694824219,78.18000030517578,1184.0999755859375
2010-07-14,1722.99,1585.1508000000001,930.4146000000001,1722.99,78.94999694824219,78.18000030517578,1184.0999755859375
2010-07-15,1722.44,1584.6448,930.1176,1722.44,78.94999694824219,78.18000030517578,1184.0999755859375
2010-07-16,1721.97,1584.2124000000001,929.8638000000001,1721.97,78.94999694824219,78.18000030517578,1184.0999755859375
2010-07-17,1721.55,1583.826,929.6370000000001,1721.55,78.94999694824219,78.18000030517578,1184.0999755859375
2010-07-18,1721.27,1583.5684,929.4858,1721.27,78.94999694824219,78.18000030517578,1184.0999755859375
2010-07-19,1720.65,1582.998,929.1510000000001,1720.65,78.94999694824219,78.18000030517578,1184.0999755859375
2010-07-20,1720.54,1582.8968,929.0916000000001,1720.54,78.94999694824219,78.18000030517578,1184.0999755859375
2010-07-21,1720.16,1582.5472000000002,928.8864000000001,1720.16,78.94999694824219,78.18000030517578,1184.0999755859375
2010-07-22,1719.76,1582.1792,928.6704000000001,1719.76,78.94999694824219,78.18000030517578,1184.0999755859375
2010-07-23,1719.45,1581.894,928.503,1719.45,78.94999694824219,78.18000030517578,1184.0999755859375
2010-07-24,1719.28,1581.7376000000002,928.4112,1719.28,78.94999694824219,78.18000030517578,1184.0999755859375
2010-07-25,1719.11,1581.5812,928.3194,1719.11,78.94999694824219,78.18000030517578,1184.0999755859375
2010-07-26,1718.9,1581.3880000000001,928.2060000000001,1718.9,78.94999694824219,78.18000030517578,1184.0999755859375
2010-07-27,1718.89,1581.3788000000002,928.2006000000001,1718.89,78.94999694824219,78.18000030517578,1184.0999755859375
2010-07-28,1718.64,1581.1488000000002,928.0656000000001,1718.64,78.94999694824219,78.18000030517578,1184.0999755859375
2010-07-29,1718.4,1580.928,927.9360000000001,1718.4,78.94999694824219,78.18000030517578,1184.0999755859375
2010-07-30,1718.21,1580.7532,927.8334000000001,1718.21,78.94999694824219,78.18000030517578,1184.0999755859375
2010-07-31,1718.04,1580.5968,927.7416000000001,1718.04,78.94999694824219,78.18000030517578,1184.0999755859375
2010-08-01,1717.78,1580.3576,927.6012000000001,1717.78,78.94999694824219,78.18000030517578,1193.0999755859375
2010-08-02,1717.42,1580.0264000000002,927.4068000000001,1717.42,78.94999694824219,78.18000030517578,1193.0999755859375
2010-08-03,1716.93,1579.5756000000001,927.1422000000001,1716.93,78.94999694824219,78.18000030517578,1193.0999755859375
2010-08-04,1716.66,1579.3272000000002,926.9964000000001,1716.66,78.94999694824219,78.18000030517578,1193.0999755859375
2010-08-05,1716.51,1579.1892,926.9154000000001,1716.51,78.94999694824219,78.18000030517578,1193.0999755859375
2010-08-06,1716.89,1579.5388000000003,927.1206000000001,1716.89,78.94999694824219,78.18000030517578,1193.0999755859375
2010-08-07,1716.9,1579.5480000000002,927.1260000000001,1716.9,78.94999694824219,78.18000030517578,1193.0999755859375
2010-08-08,1716.96,1579.6032,927.1584,1716.96,78.94999694824219,78.18000030517578,1193.0999755859375
2010-08-09,1717.11,1579.7412,927.2394,1717.11,78.94999694824219,78.18000030517578,1193.0999755859375
2010-08-10,1718.16,1580.7072,927.8064,1718.16,78.94999694824219,78.18000030517578,1193.0999755859375
2010-08-11,1718.63,1581.1396000000002,928.0602000000001,1718.63,78.94999694824219,78.18000030517578,1193.0999755859375
2010-08-12,1719.07,1581.5444,928.2978,1719.07,78.94999694824219,78.18000030517578,1193.0999755859375
2010-08-13,1719.18,1581.6456,928.3572000000001,1719.18,78.94999694824219,78.18000030517578,1193.0999755859375
2010-08-14,1719.27,1581.7284,928.4058,1719.27,78.94999694824219,78.18000030517578,1193.0999755859375
2010-08-15,1719.26,1581.7192,928.4004000000001,1719.26,78.94999694824219,78.18000030517578,1193.0999755859375
2010-08-16,1719.25,1581.71,928.3950000000001,1719.25,78.94999694824219,78.18000030517578,1193.0999755859375
2010-08-17,1718.17,1580.7164000000002,927.8118000000001,1718.17,78.94999694824219,78.18000030517578,1193.0999755859375
2010-08-18,1717.29,1579.9068,927.3366000000001,1717.29,78.94999694824219,78.18000030517578,1193.0999755859375
2010-08-19,1716.87,1579.5203999999999,927.1098,1716.87,78.94999694824219,78.18000030517578,1193.0999755859375
2010-08-20,1716.55,1579.226,926.937,1716.55,78.94999694824219,78.18000030517578,1193.0999755859375
2010-08-21,1716.22,1578.9224000000002,926.7588000000001,1716.22,78.94999694824219,78.18000030517578,1193.0999755859375
2010-08-22,1716.03,1578.7476000000001,926.6562,1716.03,78.94999694824219,78.18000030517578,1193.0999755859375
2010-08-23,1715.62,1578.3704,926.4348,1715.62,78.94999694824219,78.18000030517578,1193.0999755859375
2010-08-24,1713.94,1576.8248,925.5276000000001,1713.94,78.94999694824219,78.18000030517578,1193.0999755859375
2010-08-25,1712.95,1575.9140000000002,924.993,1712.95,78.94999694824219,78.18000030517578,1193.0999755859375
2010-08-26,1712.18,1575.2056000000002,924.5772000000001,1712.18,78.94999694824219,78.18000030517578,1193.0999755859375
2010-08-27,1711.43,1574.5156000000002,924.1722000000001,1711.43,78.94999694824219,78.18000030517578,1193.0999755859375
2010-08-28,1710.76,1573.8992,923.8104000000001,1710.76,78.94999694824219,78.18000030517578,1193.0999755859375
2010-08-29,1710.35,1573.522,923.589,1710.35,78.94999694824219,78.18000030517578,1193.0999755859375
2010-08-30,1709.56,1572.7952,923.1624,1709.56,78.94999694824219,78.18000030517578,1193.0999755859375
2010-08-31,1707.74,1571.1208000000001,922.1796,1707.74,78.94999694824219,78.18000030517578,1193.0999755859375
2010-09-01,1705.45,1569.0140000000001,920.9430000000001,1705.45,79.97000122070312,82.30999755859375,1139.199951171875
2010-09-02,1704.11,1567.7812,920.2194,1704.11,79.97000122070312,82.30999755859375,1139.199951171875
2010-09-03,1703.17,1566.9164,919.7118000000002,1703.17,79.97000122070312,82.30999755859375,1139.199951171875
2010-09-04,1702.49,1566.2908,919.3446,1702.49,79.97000122070312,82.30999755859375,1139.199951171875
2010-09-05,1702.18,1566.0056000000002,919.1772000000001,1702.18,79.97000122070312,82.30999755859375,1139.199951171875
2010-09-06,1701.74,1565.6008000000002,918.9396,1701.74,79.97000122070312,82.30999755859375,1139.199951171875
2010-09-07,1702.18,1566.0056000000002,919.1772000000001,1702.18,79.97000122070312,82.30999755859375,1139.199951171875
2010-09-08,1701.87,1565.7204,919.0098,1701.87,79.97000122070312,82.30999755859375,1139.199951171875
2010-09-09,1701.42,1565.3064000000002,918.7668000000001,1701.42,79.97000122070312,82.30999755859375,1139.199951171875
2010-09-10,1701.16,1565.0672000000002,918.6264000000001,1701.16,79.97000122070312,82.30999755859375,1139.199951171875
2010-09-11,1701.01,1564.9292,918.5454000000001,1701.01,79.97000122070312,82.30999755859375,1139.199951171875
2010-09-12,1700.84,1564.7728,918.4536,1700.84,79.97000122070312,82.30999755859375,1139.199951171875
2010-09-13,1700.7,1564.644,918.378,1700.7,79.97000122070312,82.30999755859375,1139.199951171875
2010-09-14,1700.27,1564.2484,918.1458,1700.27,79.97000122070312,82.30999755859375,1139.199951171875
2010-09-15,1699.77,1563.7884000000001,917.8758,1699.77,79.97000122070312,82.30999755859375,1139.199951171875
2010-09-16,1699.64,1563.6688000000001,917.8056000000001,1699.64,79.97000122070312,82.30999755859375,1139.199951171875
2010-09-17,1699.6,1563.632,917.784,1699.6,79.97000122070312,82.30999755859375,1139.199951171875
2010-09-18,1699.51,1563.5492000000002,917.7354,1699.51,79.97000122070312,82.30999755859375,1139.199951171875
2010-09-19,1699.41,1563.4572,917.6814,1699.41,79.97000122070312,82.30999755859375,1139.199951171875
2010-09-20,1699.41,1563.4572,917.6814,1699.41,79.97000122070312,82.30999755859375,1139.199951171875
2010-09-21,1699.48,1563.5216,917.7192000000001,1699.48,79.97000122070312,82.30999755859375,1139.199951171875
2010-09-22,1699.44,1563.4848000000002,917.6976000000001,1699.44,79.97000122070312,82.30999755859375,1139.199951171875
2010-09-23,1699.49,1563.5308,917.7246,1699.49,79.97000122070312,82.30999755859375,1139.199951171875
2010-09-24,1699.38,1563.4296000000002,917.6652000000001,1699.38,79.97000122070312,82.30999755859375,1139.199951171875
2010-09-25,1699.16,1563.2272,917.5464000000001,1699.16,79.97000122070312,82.30999755859375,1139.199951171875
2010-09-26,1699.1,1563.172,917.514,1699.1,79.97000122070312,82.30999755859375,1139.199951171875
2010-09-27,1698.74,1562.8408000000002,917.3196,1698.74,79.97000122070312,82.30999755859375,1139.199951171875
2010-09-28,1697.65,1561.8380000000002,916.7310000000001,1697.65,79.97000122070312,82.30999755859375,1139.199951171875
2010-09-29,1696.9,1561.1480000000001,916.3260000000001,1696.9,79.97000122070312,82.30999755859375,1139.199951171875
2010-09-30,1696.36,1560.6512,916.0344,1696.36,79.97000122070312,82.30999755859375,1139.199951171875
2010-10-01,1695.32,1559.6944,915.4728,1695.32,81.43000030517578,83.1500015258789,1132.4000244140625
2010-10-02,1694.86,1559.2712,915.2244000000001,1694.86,81.43000030517578,83.1500015258789,1132.4000244140625
2010-10-03,1694.67,1559.0964000000001,915.1218000000001,1694.67,81.43000030517578,83.1500015258789,1132.4000244140625
2010-10-04,1694.38,1558.8296000000003,914.9652000000001,1694.38,81.43000030517578,83.1500015258789,1132.4000244140625
2010-10-05,1694.44,1558.8848,914.9976,1694.44,81.43000030517578,83.1500015258789,1132.4000244140625
2010-10-06,1694.08,1558.5536,914.8032000000001,1694.08,81.43000030517578,83.1500015258789,1132.4000244140625
2010-10-07,1693.85,1558.3419999999999,914.679,1693.85,81.43000030517578,83.1500015258789,1132.4000244140625
2010-10-08,1693.69,1558.1948000000002,914.5926000000001,1693.69,81.43000030517578,83.1500015258789,1132.4000244140625
2010-10-09,1693.62,1558.1304,914.5548,1693.62,81.43000030517578,83.1500015258789,1132.4000244140625
2010-10-10,1693.73,1558.2316,914.6142000000001,1693.73,81.43000030517578,83.1500015258789,1132.4000244140625
2010-10-11,1693.87,1558.3604,914.6898,1693.87,81.43000030517578,83.1500015258789,1132.4000244140625
2010-10-12,1695.74,1560.0808000000002,915.6996,1695.74,81.43000030517578,83.1500015258789,1132.4000244140625
2010-10-13,1696.79,1561.0468,916.2666,1696.79,81.43000030517578,83.1500015258789,1132.4000244140625
2010-10-14,1697.33,1561.5436,916.5582,1697.33,81.43000030517578,83.1500015258789,1132.4000244140625
2010-10-15,1698.06,1562.2152,916.9524,1698.06,81.43000030517578,83.1500015258789,1132.4000244140625
2010-10-16,1698.87,1562.9604,917.3898,1698.87,81.43000030517578,83.1500015258789,1132.4000244140625
2010-10-17,1699.36,1563.4112,917.6544,1699.36,81.43000030517578,83.1500015258789,1132.4000244140625
2010-10-18,1700.16,1564.1472,918.0864000000001,1700.16,81.43000030517578,83.1500015258789,1132.4000244140625
2010-10-19,1701.75,1565.6100000000001,918.945,1701.75,81.43000030517578,83.1500015258789,1132.4000244140625
2010-10-20,1702.82,1566.5944,919.5228000000001,1702.82,81.43000030517578,83.1500015258789,1132.4000244140625
2010-10-21,1703.64,1567.3488000000002,919.9656000000001,1703.64,81.43000030517578,83.1500015258789,1132.4000244140625
2010-10-22,1704.27,1567.9284,920.3058000000001,1704.27,81.43000030517578,83.1500015258789,1132.4000244140625
2010-10-23,1704.81,1568.4252,920.5974,1704.81,81.43000030517578,83.1500015258789,1132.4000244140625
2010-10-24,1705.17,1568.7564000000002,920.7918000000001,1705.17,81.43000030517578,83.1500015258789,1132.4000244140625
2010-10-25,1705.71,1569.2532,921.0834000000001,1705.71,81.43000030517578,83.1500015258789,1132.4000244140625
2010-10-26,1705.8,1569.336,921.1320000000001,1705.8,81.43000030517578,83.1500015258789,1132.4000244140625
2010-10-27,1706.08,1569.5936,921.2832,1706.08,81.43000030517578,83.1500015258789,1132.4000244140625
2010-10-28,1706.39,1569.8788000000002,921.4506000000001,1706.39,81.43000030517578,83.1500015258789,1132.4000244140625
2010-10-29,1706.59,1570.0628,921.5586000000001,1706.59,81.43000030517578,83.1500015258789,1132.4000244140625
2010-10-30,1706.72,1570.1824000000001,921.6288000000001,1706.72,81.43000030517578,83.1500015258789,1132.4000244140625
2010-10-31,1706.77,1570.2284,921.6558,1706.77,81.43000030517578,83.1500015258789,1132.4000244140625
2010-11-01,1707.06,1570.4952,921.8124,1707.06,84.11000061035156,85.91999816894531,1163.0
2010-11-02,1707.23,1570.6516000000001,921.9042000000001,1707.23,84.11000061035156,85.91999816894531,1163.0
2010-11-03,1707.28,1570.6976,921.9312,1707.28,84.11000061035156,85.91999816894531,1163.0
2010-11-04,1707.32,1570.7344,921.9528,1707.32,84.11000061035156,85.91999816894531,1163.0
2010-11-05,1707.42,1570.8264000000001,922.0068000000001,1707.42,84.11000061035156,85.91999816894531,1163.0
2010-11-06,1707.51,1570.9092,922.0554000000001,1707.51,84.11000061035156,85.91999816894531,1163.0
2010-11-07,1707.62,1571.0104,922.1148,1707.62,84.11000061035156,85.91999816894531,1163.0
2010-11-08,1707.79,1571.1668,922.2066000000001,1707.79,84.11000061035156,85.91999816894531,1163.0
2010-11-09,1708.46,1571.7832,922.5684000000001,1708.46,84.11000061035156,85.91999816894531,1163.0
2010-11-10,1708.86,1572.1512,922.7844,1708.86,84.11000061035156,85.91999816894531,1163.0
2010-11-11,1709.31,1572.5652,923.0274000000001,1709.31,84.11000061035156,85.91999816894531,1163.0
2010-11-12,1710.37,1573.5403999999999,923.5998,1710.37,84.11000061035156,85.91999816894531,1163.0
2010-11-13,1711.23,1574.3316,924.0642,1711.23,84.11000061035156,85.91999816894531,1163.0
2010-11-14,1711.67,1574.7364000000002,924.3018000000001,1711.67,84.11000061035156,85.91999816894531,1163.0
2010-11-15,1712.54,1575.5368,924.7716,1712.54,84.11000061035156,85.91999816894531,1163.0
2010-11-16,1715.68,1578.4256,926.4672,1715.68,84.11000061035156,85.91999816894531,1163.0
2010-11-17,1718.1,1580.652,927.774,1718.1,84.11000061035156,85.91999816894531,1163.0
2010-11-18,1719.81,1582.2252,928.6974,1719.81,84.11000061035156,85.91999816894531,1163.0
2010-11-19,1720.95,1583.2740000000001,929.3130000000001,1720.95,84.11000061035156,85.91999816894531,1163.0
2010-11-20,1721.93,1584.1756,929.8422,1721.93,84.11000061035156,85.91999816894531,1163.0
2010-11-21,1722.4,1584.6080000000002,930.0960000000001,1722.4,84.11000061035156,85.91999816894531,1163.0
2010-11-22,1723.21,1585.3532,930.5334,1723.21,84.11000061035156,85.91999816894531,1163.0
2010-11-23,1724.27,1586.3284,931.1058,1724.27,84.11000061035156,85.91999816894531,1163.0
2010-11-24,1725.1,1587.092,931.554,1725.1,84.11000061035156,85.91999816894531,1163.0
2010-11-25,1726.01,1587.9292,932.0454000000001,1726.01,84.11000061035156,85.91999816894531,1163.0
2010-11-26,1726.81,1588.6652,932.4774,1726.81,84.11000061035156,85.91999816894531,1163.0
2010-11-27,1727.36,1589.1712,932.7744,1727.36,84.11000061035156,85.91999816894531,1163.0
2010-11-28,1727.8,1589.576,933.0120000000001,1727.8,84.11000061035156,85.91999816894531,1163.0
2010-11-29,1728.34,1590.0728,933.3036000000001,1728.34,84.11000061035156,85.91999816894531,1163.0
2010-11-30,1728.94,1590.6248,933.6276000000001,1728.94,84.11000061035156,85.91999816894531,1163.0
2010-12-01,1730.03,1591.6276,934.2162000000001,1730.03,91.37999725341797,94.75,1127.0999755859375
2010-12-02,1730.65,1592.198,934.5510000000002,1730.65,91.37999725341797,94.75,1127.0999755859375
2010-12-03,1731.63,1593.0996000000002,935.0802000000001,1731.63,91.37999725341797,94.75,1127.0999755859375
2010-12-04,1732.34,1593.7528,935.4636,1732.34,91.37999725341797,94.75,1127.0999755859375
2010-12-05,1732.65,1594.0380000000002,935.6310000000001,1732.65,91.37999725341797,94.75,1127.0999755859375
2010-12-06,1733.76,1595.0592000000001,936.2304,1733.76,91.37999725341797,94.75,1127.0999755859375
2010-12-07,1740.42,1601.1864,939.8268,1740.42,91.37999725341797,94.75,1127.0999755859375
2010-12-08,1745.96,1606.2832,942.8184000000001,1745.96,91.37999725341797,94.75,1127.0999755859375
2010-12-09,1750.41,1610.3772000000001,945.2214000000001,1750.41,91.37999725341797,94.75,1127.0999755859375
2010-12-10,1755.05,1614.646,947.7270000000001,1755.05,91.37999725341797,94.75,1127.0999755859375
2010-12-11,1758.44,1617.7648000000002,949.5576000000001,1758.44,91.37999725341797,94.75,1127.0999755859375
2010-12-12,1760.21,1619.3932000000002,950.5134,1760.21,91.37999725341797,94.75,1127.0999755859375
2010-12-13,1762.88,1621.8496000000002,951.9552000000001,1762.88,91.37999725341797,94.75,1127.0999755859375
2010-12-14,1767.91,1626.4772,954.6714000000001,1767.91,91.37999725341797,94.75,1127.0999755859375
2010-12-15,1771.59,1629.8628,956.6586,1771.59,91.37999725341797,94.75,1127.0999755859375
2010-12-16,1775.45,1633.4140000000002,958.743,1775.45,91.37999725341797,94.75,1127.0999755859375
2010-12-17,1778.39,1636.1188000000002,960.3306000000001,1778.39,91.37999725341797,94.75,1127.0999755859375
2010-12-18,1780.64,1638.1888000000001,961.5456000000001,1780.64,91.37999725341797,94.75,1127.0999755859375
2010-12-19,1782.12,1639.5504,962.3448,1782.12,91.37999725341797,94.75,1127.0999755859375
2010-12-20,1784.06,1641.3352,963.3924000000001,1784.06,91.37999725341797,94.75,1127.0999755859375
2010-12-21,1786.94,1643.9848000000002,964.9476000000001,1786.94,91.37999725341797,94.75,1127.0999755859375
2010-12-22,1789.76,1646.5792000000001,966.4704,1789.76,91.37999725341797,94.75,1127.0999755859375
2010-12-23,1792.84,1649.4128,968.1336,1792.84,91.37999725341797,94.75,1127.0999755859375
2010-12-24,1795.58,1651.9336,969.6132,1795.58,91.37999725341797,94.75,1127.0999755859375
2010-12-25,1797.84,1654.0128,970.8336,1797.84,91.37999725341797,94.75,1127.0999755859375
2010-12-26,1798.97,1655.0524,971.4438000000001,1798.97,91.37999725341797,94.75,1127.0999755859375
2010-12-27,1801.04,1656.9568,972.5616,1801.04,91.37999725341797,94.75,1127.0999755859375
2010-12-28,1805.42,1660.9864000000002,974.9268000000001,1805.42,91.37999725341797,94.75,1127.0999755859375
2010-12-29,1808.27,1663.6084,976.4658000000001,1808.27,91.37999725341797,94.75,1127.0999755859375
2010-12-30,1810.71,1665.8532,977.7834,1810.71,91.37999725341797,94.75,1127.0999755859375
2010-12-31,1812.65,1667.6380000000001,978.8310000000001,1812.65,91.37999725341797,94.75,1127.0999755859375
2011-01-01,1814.57,1669.4044000000001,979.8678,1814.57,92.19000244140625,101.01000213623047,1117.4000244140625
2011-01-02,1815.24,1670.0208,980.2296000000001,1815.24,92.19000244140625,101.01000213623047,1117.4000244140625
2011-01-03,1816.15,1670.8580000000002,980.7210000000001,1816.15,92.19000244140625,101.01000213623047,1117.4000244140625
2011-01-04,1817.48,1672.0816,981.4392,1817.48,92.19000244140625,101.01000213623047,1117.4000244140625
2011-01-05,1818.53,1673.0476,982.0062,1818.53,92.19000244140625,101.01000213623047,1117.4000244140625
2011-01-06,1819.44,1673.8848,982.4976000000001,1819.44,92.19000244140625,101.01000213623047,1117.4000244140625
2011-01-07,1820.66,1675.0072000000002,983.1564000000001,1820.66,92.19000244140625,101.01000213623047,1117.4000244140625
2011-01-08,1821.42,1675.7064,983.5668000000001,1821.42,92.19000244140625,101.01000213623047,1117.4000244140625
2011-01-09,1821.76,1676.0192,983.7504,1821.76,92.19000244140625,101.01000213623047,1117.4000244140625
2011-01-10,1822.35,1676.562,984.069,1822.35,92.19000244140625,101.01000213623047,1117.4000244140625
2011-01-11,1822.67,1676.8564000000001,984.2418000000001,1822.67,92.19000244140625,101.01000213623047,1117.4000244140625
2011-01-12,1823.22,1677.3624000000002,984.5388,1823.22,92.19000244140625,101.01000213623047,1117.4000244140625
2011-01-13,1823.81,1677.9052,984.8574,1823.81,92.19000244140625,101.01000213623047,1117.4000244140625
2011-01-14,1824.36,1678.4112,985.1544,1824.36,92.19000244140625,101.01000213623047,1117.4000244140625
2011-01-15,1824.58,1678.6136,985.2732,1824.58,92.19000244140625,101.01000213623047,1117.4000244140625
2011-01-16,1824.75,1678.77,985.365,1824.75,92.19000244140625,101.01000213623047,1117.4000244140625
2011-01-17,1825.26,1679.2392,985.6404000000001,1825.26,92.19000244140625,101.01000213623047,1117.4000244140625
2011-01-18,1826.64,1680.5088,986.3856000000001,1826.64,92.19000244140625,101.01000213623047,1117.4000244140625
2011-01-19,1827.39,1681.1988000000001,986.7906000000002,1827.39,92.19000244140625,101.01000213623047,1117.4000244140625
2011-01-20,1828.05,1681.806,987.147,1828.05,92.19000244140625,101.01000213623047,1117.4000244140625
2011-01-21,1828.58,1682.2936,987.4332,1828.58,92.19000244140625,101.01000213623047,1117.4000244140625
2011-01-22,1829.07,1682.7444,987.6978,1829.07,92.19000244140625,101.01000213623047,1117.4000244140625
2011-01-23,1829.3,1682.9560000000001,987.822,1829.3,92.19000244140625,101.01000213623047,1117.4000244140625
2011-01-24,1829.69,1683.3148,988.0326000000001,1829.69,92.19000244140625,101.01000213623047,1117.4000244140625
2011-01-25,1830.89,1684.4188000000001,988.6806000000001,1830.89,92.19000244140625,101.01000213623047,1117.4000244140625
2011-01-26,1831.61,1685.0812,989.0694,1831.61,92.19000244140625,101.01000213623047,1117.4000244140625
2011-01-27,1832.5,1685.9,989.5500000000001,1832.5,92.19000244140625,101.01000213623047,1117.4000244140625
2011-01-28,1833.39,1686.7188,990.0306000000002,1833.39,92.19000244140625,101.01000213623047,1117.4000244140625
2011-01-29,1834.21,1687.4732000000001,990.4734000000001,1834.21,92.19000244140625,101.01000213623047,1117.4000244140625
2011-01-30,1834.62,1687.8504,990.6948,1834.62,92.19000244140625,101.01000213623047,1117.4000244140625
2011-01-31,1835.48,1688.6416000000002,991.1592,1835.48,92.19000244140625,101.01000213623047,1117.4000244140625
2011-02-01,1836.57,1689.6444,991.7478,1836.57,96.97000122070312,111.80000305175781,1127.0999755859375
2011-02-02,1837.34,1690.3528,992.1636,1837.34,96.97000122070312,111.80000305175781,1127.0999755859375
2011-02-03,1837.61,1690.6012,992.3094,1837.61,96.97000122070312,111.80000305175781,1127.0999755859375
2011-02-04,1837.94,1690.9048,992.4876,1837.94,96.97000122070312,111.80000305175781,1127.0999755859375
2011-02-05,1838.18,1691.1256,992.6172000000001,1838.18,96.97000122070312,111.80000305175781,1127.0999755859375
2011-02-06,1838.34,1691.2728,992.7036,1838.34,96.97000122070312,111.80000305175781,1127.0999755859375
2011-02-07,1839.01,1691.8892,993.0654000000001,1839.01,96.97000122070312,111.80000305175781,1127.0999755859375
2011-02-08,1842.0,1694.64,994.6800000000001,1842.0,96.97000122070312,111.80000305175781,1127.0999755859375
2011-02-09,1844.45,1696.894,996.003,1844.45,96.97000122070312,111.80000305175781,1127.0999755859375
2011-02-10,1846.41,1698.6972,997.0614000000002,1846.41,96.97000122070312,111.80000305175781,1127.0999755859375
2011-02-11,1847.81,1699.9852,997.8174,1847.81,96.97000122070312,111.80000305175781,1127.0999755859375
2011-02-12,1848.82,1700.9144000000001,998.3628,1848.82,96.97000122070312,111.80000305175781,1127.0999755859375
2011-02-13,1849.26,1701.3192000000001,998.6004,1849.26,96.97000122070312,111.80000305175781,1127.0999755859375
2011-02-14,1849.95,1701.9540000000002,998.9730000000001,1849.95,96.97000122070312,111.80000305175781,1127.0999755859375
2011-02-15,1850.25,1702.23,999.1350000000001,1850.25,96.97000122070312,111.80000305175781,1127.0999755859375
2011-02-16,1850.77,1702.7084,999.4158000000001,1850.77,96.97000122070312,111.80000305175781,1127.0999755859375
2011-02-17,1851.25,1703.15,999.6750000000001,1851.25,96.97000122070312,111.80000305175781,1127.0999755859375
2011-02-18,1851.89,1703.7388,1000.0206000000002,1851.89,96.97000122070312,111.80000305175781,1127.0999755859375
2011-02-19,1852.51,1704.3092000000001,1000.3554,1852.51,96.97000122070312,111.80000305175781,1127.0999755859375
2011-02-20,1852.87,1704.6404,1000.5498,1852.87,96.97000122070312,111.80000305175781,1127.0999755859375
2011-02-21,1853.59,1705.3028,1000.9386000000001,1853.59,96.97000122070312,111.80000305175781,1127.0999755859375
2011-02-22,1856.39,1707.8788000000002,1002.4506000000001,1856.39,96.97000122070312,111.80000305175781,1127.0999755859375
2011-02-23,1858.95,1710.2340000000002,1003.8330000000001,1858.95,96.97000122070312,111.80000305175781,1127.0999755859375
2011-02-24,1861.79,1712.8468,1005.3666000000001,1861.79,96.97000122070312,111.80000305175781,1127.0999755859375
2011-02-25,1864.57,1715.4044000000001,1006.8678,1864.57,96.97000122070312,111.80000305175781,1127.0999755859375
2011-02-26,1866.6,1717.272,1007.964,1866.6,96.97000122070312,111.80000305175781,1127.0999755859375
2011-02-27,1867.5,1718.1000000000001,1008.45,1867.5,96.97000122070312,111.80000305175781,1127.0999755859375
2011-02-28,1869.75,1720.17,1009.6650000000001,1869.75,96.97000122070312,111.80000305175781,1127.0999755859375
2011-03-01,1877.24,1727.0608,1013.7096,1877.24,106.72000122070312,117.36000061035156,1098.300048828125
2011-03-02,1886.0,1735.1200000000001,1018.44,1886.0,106.72000122070312,117.36000061035156,1098.300048828125
2011-03-03,1891.78,1740.4376,1021.5612000000001,1891.78,106.72000122070312,117.36000061035156,1098.300048828125
2011-03-04,1897.1,1745.3319999999999,1024.434,1897.1,106.72000122070312,117.36000061035156,1098.300048828125
2011-03-05,1901.83,1749.6836,1026.9882,1901.83,106.72000122070312,117.36000061035156,1098.300048828125
2011-03-06,1904.1,1751.772,1028.214,1904.1,106.72000122070312,117.36000061035156,1098.300048828125
2011-03-07,1908.06,1755.4152,1030.3524,1908.06,106.72000122070312,117.36000061035156,1098.300048828125
2011-03-08,1916.81,1763.4652,1035.0774000000001,1916.81,106.72000122070312,117.36000061035156,1098.300048828125
2011-03-09,1923.71,1769.8132,1038.8034,1923.71,106.72000122070312,117.36000061035156,1098.300048828125
2011-03-10,1930.22,1775.8024,1042.3188,1930.22,106.72000122070312,117.36000061035156,1098.300048828125
2011-03-11,1935.47,1780.6324000000002,1045.1538,1935.47,106.72000122070312,117.36000061035156,1098.300048828125
2011-03-12,1939.45,1784.294,1047.303,1939.45,106.72000122070312,117.36000061035156,1098.300048828125
2011-03-13,1941.03,1785.7476000000001,1048.1562000000001,1941.03,106.72000122070312,117.36000061035156,1098.300048828125
2011-03-14,1943.63,1788.1396000000002,1049.5602000000001,1943.63,106.72000122070312,117.36000061035156,1098.300048828125
2011-03-15,1946.71,1790.9732000000001,1051.2234,1946.71,106.72000122070312,117.36000061035156,1098.300048828125
2011-03-16,1949.07,1793.1444000000001,1052.4978,1949.07,106.72000122070312,117.36000061035156,1098.300048828125
2011-03-17,1951.28,1795.1776,1053.6912,1951.28,106.72000122070312,117.36000061035156,1098.300048828125
2011-03-18,1953.45,1797.1740000000002,1054.863,1953.45,106.72000122070312,117.36000061035156,1098.300048828125
2011-03-19,1955.29,1798.8668,1055.8566,1955.29,106.72000122070312,117.36000061035156,1098.300048828125
2011-03-20,1956.27,1799.7684000000002,1056.3858,1956.27,106.72000122070312,117.36000061035156,1098.300048828125
2011-03-21,1957.93,1801.2956000000001,1057.2822,1957.93,106.72000122070312,117.36000061035156,1098.300048828125
2011-03-22,1959.15,1802.4180000000001,1057.941,1959.15,106.72000122070312,117.36000061035156,1098.300048828125
2011-03-23,1960.24,1803.4208,1058.5296,1960.24,106.72000122070312,117.36000061035156,1098.300048828125
2011-03-24,1961.44,1804.5248000000001,1059.1776000000002,1961.44,106.72000122070312,117.36000061035156,1098.300048828125
2011-03-25,1962.76,1805.7392,1059.8904,1962.76,106.72000122070312,117.36000061035156,1098.300048828125
2011-03-26,1963.67,1806.5764000000001,1060.3818,1963.67,106.72000122070312,117.36000061035156,1098.300048828125
2011-03-27,1964.15,1807.0180000000003,1060.641,1964.15,106.72000122070312,117.36000061035156,1098.300048828125
2011-03-28,1965.12,1807.9104,1061.1648,1965.12,106.72000122070312,117.36000061035156,1098.300048828125
2011-03-29,1968.1,1810.652,1062.7740000000001,1968.1,106.72000122070312,117.36000061035156,1098.300048828125
2011-03-30,1969.17,1811.6364,1063.3518000000001,1969.17,106.72000122070312,117.36000061035156,1098.300048828125
2011-03-31,1969.79,1812.2068000000002,1063.6866,1969.79,106.72000122070312,117.36000061035156,1098.300048828125
2011-04-01,1970.48,1812.8416000000002,1064.0592000000001,1970.48,113.93000030517578,125.88999938964844,1068.800048828125
2011-04-02,1970.9,1813.228,1064.286,1970.9,113.93000030517578,125.88999938964844,1068.800048828125
2011-04-03,1971.06,1813.3752,1064.3724,1971.06,113.93000030517578,125.88999938964844,1068.800048828125
2011-04-04,1971.28,1813.5776,1064.4912000000002,1971.28,113.93000030517578,125.88999938964844,1068.800048828125
2011-04-05,1971.37,1813.6604,1064.5398,1971.37,113.93000030517578,125.88999938964844,1068.800048828125
2011-04-06,1970.92,1813.2464000000002,1064.2968,1970.92,113.93000030517578,125.88999938964844,1068.800048828125
2011-04-07,1955.8,1799.336,1056.132,1955.8,113.93000030517578,125.88999938964844,1068.800048828125
2011-04-08,1949.64,1793.6688000000001,1052.8056000000001,1949.64,113.93000030517578,125.88999938964844,1068.800048828125
2011-04-09,1946.93,1791.1756,1051.3422,1946.93,113.93000030517578,125.88999938964844,1068.800048828125
2011-04-10,1945.99,1790.3108000000002,1050.8346000000001,1945.99,113.93000030517578,125.88999938964844,1068.800048828125
2011-04-11,1943.65,1788.1580000000001,1049.5710000000001,1943.65,113.93000030517578,125.88999938964844,1068.800048828125
2011-04-12,1945.13,1789.5196,1050.3702,1945.13,113.93000030517578,125.88999938964844,1068.800048828125
2011-04-13,1944.77,1789.1884,1050.1758,1944.77,113.93000030517578,125.88999938964844,1068.800048828125
2011-04-14,1944.59,1789.0228,1050.0786,1944.59,113.93000030517578,125.88999938964844,1068.800048828125
2011-04-15,1944.45,1788.8940000000002,1050.0030000000002,1944.45,113.93000030517578,125.88999938964844,1068.800048828125
2011-04-16,1944.53,1788.9676,1050.0462,1944.53,113.93000030517578,125.88999938964844,1068.800048828125
2011-04-17,1944.61,1789.0412,1050.0894,1944.61,113.93000030517578,125.88999938964844,1068.800048828125
2011-04-18,1944.69,1789.1148,1050.1326000000001,1944.69,113.93000030517578,125.88999938964844,1068.800048828125
2011-04-19,1945.97,1790.2924,1050.8238000000001,1945.97,113.93000030517578,125.88999938964844,1068.800048828125
2011-04-20,1946.5,1790.78,1051.1100000000001,1946.5,113.93000030517578,125.88999938964844,1068.800048828125
2011-04-21,1946.76,1791.0192000000002,1051.2504000000001,1946.76,113.93000030517578,125.88999938964844,1068.800048828125
2011-04-22,1946.91,1791.1572,1051.3314,1946.91,113.93000030517578,125.88999938964844,1068.800048828125
2011-04-23,1946.85,1791.102,1051.299,1946.85,113.93000030517578,125.88999938964844,1068.800048828125
2011-04-24,1946.94,1791.1848000000002,1051.3476,1946.94,113.93000030517578,125.88999938964844,1068.800048828125
2011-04-25,1946.88,1791.1296000000002,1051.3152000000002,1946.88,113.93000030517578,125.88999938964844,1068.800048828125
2011-04-26,1946.84,1791.0928,1051.2936,1946.84,113.93000030517578,125.88999938964844,1068.800048828125
2011-04-27,1946.58,1790.8536,1051.1532,1946.58,113.93000030517578,125.88999938964844,1068.800048828125
2011-04-28,1946.2,1790.5040000000001,1050.948,1946.2,113.93000030517578,125.88999938964844,1068.800048828125
2011-04-29,1946.05,1790.366,1050.867,1946.05,113.93000030517578,125.88999938964844,1068.800048828125
2011-04-30,1945.94,1790.2648000000002,1050.8076,1945.94,113.93000030517578,125.88999938964844,1068.800048828125
2011-05-01,1945.74,1790.0808000000002,1050.6996000000001,1945.74,113.93000030517578,125.88999938964844,1075.300048828125
2011-05-02,1945.82,1790.1544000000001,1050.7428,1945.82,113.93000030517578,125.88999938964844,1075.300048828125
2011-05-03,1949.37,1793.4204,1052.6598,1949.37,113.93000030517578,125.88999938964844,1075.300048828125
2011-05-04,1950.58,1794.5336,1053.3132,1950.58,113.93000030517578,125.88999938964844,1075.300048828125
2011-05-05,1951.16,1795.0672000000002,1053.6264,1951.16,113.93000030517578,125.88999938964844,1075.300048828125
2011-05-06,1951.6,1795.472,1053.864,1951.6,113.93000030517578,125.88999938964844,1075.300048828125
2011-05-07,1951.96,1795.8032,1054.0584000000001,1951.96,113.93000030517578,125.88999938964844,1075.300048828125
2011-05-08,1952.16,1795.9872000000003,1054.1664,1952.16,113.93000030517578,125.88999938964844,1075.300048828125
2011-05-09,1952.32,1796.1344,1054.2528,1952.32,113.93000030517578,125.88999938964844,1075.300048828125
2011-05-10,1951.04,1794.9568000000002,1053.5616,1951.04,113.93000030517578,125.88999938964844,1075.300048828125
2011-05-11,1950.52,1794.4784,1053.2808,1950.52,113.93000030517578,125.88999938964844,1075.300048828125
2011-05-12,1949.56,1793.5952,1052.7624,1949.56,113.93000030517578,125.88999938964844,1075.300048828125
2011-05-13,1948.15,1792.2980000000002,1052.0010000000002,1948.15,113.93000030517578,125.88999938964844,1075.300048828125
2011-05-14,1947.39,1791.5988000000002,1051.5906000000002,1947.39,113.93000030517578,125.88999938964844,1075.300048828125
2011-05-15,1947.04,1791.2768,1051.4016000000001,1947.04,113.93000030517578,125.88999938964844,1075.300048828125
2011-05-16,1946.29,1790.5868,1050.9966,1946.29,113.93000030517578,125.88999938964844,1075.300048828125
2011-05-17,1943.59,1788.1028000000001,1049.5386,1943.59,113.93000030517578,125.88999938964844,1075.300048828125
2011-05-18,1940.11,1784.9012,1047.6594,1940.11,113.93000030517578,125.88999938964844,1075.300048828125
2011-05-19,1937.5,1782.5,1046.25,1937.5,113.93000030517578,125.88999938964844,1075.300048828125
2011-05-20,1935.06,1780.2552,1044.9324000000001,1935.06,113.93000030517578,125.88999938964844,1075.300048828125
2011-05-21,1933.35,1778.682,1044.009,1933.35,113.93000030517578,125.88999938964844,1075.300048828125
2011-05-22,1932.62,1778.0104,1043.6148,1932.62,113.93000030517578,125.88999938964844,1075.300048828125
2011-05-23,1930.91,1776.4372,1042.6914000000002,1930.91,113.93000030517578,125.88999938964844,1075.300048828125
2011-05-24,1926.55,1772.426,1040.337,1926.55,113.93000030517578,125.88999938964844,1075.300048828125
2011-05-25,1923.19,1769.3348,1038.5226,1923.19,113.93000030517578,125.88999938964844,1075.300048828125
2011-05-26,1920.47,1766.8324,1037.0538000000001,1920.47,113.93000030517578,125.88999938964844,1075.300048828125
2011-05-27,1918.41,1764.9372,1035.9414000000002,1918.41,113.93000030517578,125.88999938964844,1075.300048828125
2011-05-28,1917.16,1763.7872000000002,1035.2664000000002,1917.16,113.93000030517578,125.88999938964844,1075.300048828125
2011-05-29,1916.54,1763.2168000000001,1034.9316000000001,1916.54,113.93000030517578,125.88999938964844,1075.300048828125
2011-05-30,1915.35,1762.122,1034.289,1915.35,113.93000030517578,125.88999938964844,1075.300048828125
2011-05-31,1915.01,1761.8092000000001,1034.1054000000001,1915.01,113.93000030517578,125.88999938964844,1075.300048828125
2011-06-01,1913.48,1760.4016000000001,1033.2792000000002,1913.48,95.41999816894531,112.4800033569336,1068.9000244140625
2011-06-02,1912.61,1759.6012,1032.8094,1912.61,95.41999816894531,112.4800033569336,1068.9000244140625
2011-06-03,1912.19,1759.2148000000002,1032.5826000000002,1912.19,95.41999816894531,112.4800033569336,1068.9000244140625
2011-06-04,1911.84,1758.8928,1032.3936,1911.84,95.41999816894531,112.4800033569336,1068.9000244140625
2011-06-05,1911.62,1758.6904,1032.2748,1911.62,95.41999816894531,112.4800033569336,1068.9000244140625
2011-06-06,1911.53,1758.6076,1032.2262,1911.53,95.41999816894531,112.4800033569336,1068.9000244140625
2011-06-07,1911.26,1758.3592,1032.0804,1911.26,95.41999816894531,112.4800033569336,1068.9000244140625
2011-06-08,1910.95,1758.074,1031.913,1910.95,95.41999816894531,112.4800033569336,1068.9000244140625
2011-06-09,1910.86,1757.9912,1031.8644,1910.86,95.41999816894531,112.4800033569336,1068.9000244140625
2011-06-10,1910.72,1757.8624000000002,1031.7888,1910.72,95.41999816894531,112.4800033569336,1068.9000244140625
2011-06-11,1910.82,1757.9544,1031.8428000000001,1910.82,95.41999816894531,112.4800033569336,1068.9000244140625
2011-06-12,1910.89,1758.0188,1031.8806000000002,1910.89,95.41999816894531,112.4800033569336,1068.9000244140625
2011-06-13,1910.99,1758.1108000000002,1031.9346,1910.99,95.41999816894531,112.4800033569336,1068.9000244140625
2011-06-14,1912.0,1759.04,1032.48,1912.0,95.41999816894531,112.4800033569336,1068.9000244140625
2011-06-15,1912.99,1759.9508,1033.0146,1912.99,95.41999816894531,112.4800033569336,1068.9000244140625
2011-06-16,1913.79,1760.6868,1033.4466,1913.79,95.41999816894531,112.4800033569336,1068.9000244140625
2011-06-17,1914.77,1761.5884,1033.9758000000002,1914.77,95.41999816894531,112.4800033569336,1068.9000244140625
2011-06-18,1915.75,1762.49,1034.505,1915.75,95.41999816894531,112.4800033569336,1068.9000244140625
2011-06-19,1916.22,1762.9224000000002,1034.7588,1916.22,95.41999816894531,112.4800033569336,1068.9000244140625
2011-06-20,1917.21,1763.8332,1035.2934,1917.21,95.41999816894531,112.4800033569336,1068.9000244140625
2011-06-21,1918.73,1765.2316,1036.1142,1918.73,95.41999816894531,112.4800033569336,1068.9000244140625
2011-06-22,1919.87,1766.2803999999999,1036.7298,1919.87,95.41999816894531,112.4800033569336,1068.9000244140625
2011-06-23,1920.75,1767.0900000000001,1037.2050000000002,1920.75,95.41999816894531,112.4800033569336,1068.9000244140625
2011-06-24,1921.39,1767.6788000000001,1037.5506,1921.39,95.41999816894531,112.4800033569336,1068.9000244140625
2011-06-25,1921.84,1768.0928,1037.7936,1921.84,95.41999816894531,112.4800033569336,1068.9000244140625
2011-06-26,1922.05,1768.286,1037.9070000000002,1922.05,95.41999816894531,112.4800033569336,1068.9000244140625
2011-06-27,1922.47,1768.6724000000002,1038.1338,1922.47,95.41999816894531,112.4800033569336,1068.9000244140625
2011-06-28,1921.8,1768.056,1037.772,1921.8,95.41999816894531,112.4800033569336,1068.9000244140625
2011-06-29,1921.57,1767.8444,1037.6478,1921.57,95.41999816894531,112.4800033569336,1068.9000244140625
2011-06-30,1921.43,1767.7156000000002,1037.5722,1921.43,95.41999816894531,112.4800033569336,1068.9000244140625
2011-07-01,1921.22,1767.5224,1037.4588,1921.22,95.69999694824219,116.73999786376953,1049.0
2011-07-02,1921.46,1767.7432000000001,1037.5884,1921.46,95.69999694824219,116.73999786376953,1049.0
2011-07-03,1921.63,1767.8996000000002,1037.6802000000002,1921.63,95.69999694824219,116.73999786376953,1049.0
2011-07-04,1921.62,1767.8904,1037.6748,1921.62,95.69999694824219,116.73999786376953,1049.0
2011-07-05,1921.5,1767.78,1037.6100000000001,1921.5,95.69999694824219,116.73999786376953,1049.0
2011-07-06,1921.86,1768.1112,1037.8044,1921.86,95.69999694824219,116.73999786376953,1049.0
2011-07-07,1919.33,1765.7836,1036.4382,1919.33,95.69999694824219,116.73999786376953,1049.0
2011-07-08,1920.5,1766.8600000000001,1037.0700000000002,1920.5,95.69999694824219,116.73999786376953,1049.0
2011-07-09,1921.61,1767.8812,1037.6694,1921.61,95.69999694824219,116.73999786376953,1049.0
2011-07-10,1922.07,1768.3044,1037.9178,1922.07,95.69999694824219,116.73999786376953,1049.0
2011-07-11,1923.2,1769.344,1038.528,1923.2,95.69999694824219,116.73999786376953,1049.0
2011-07-12,1928.16,1773.9072,1041.2064,1928.16,95.69999694824219,116.73999786376953,1049.0
2011-07-13,1931.04,1776.5568,1042.7616,1931.04,95.69999694824219,116.73999786376953,1049.0
2011-07-14,1932.89,1778.2588,1043.7606,1932.89,95.69999694824219,116.73999786376953,1049.0
2011-07-15,1934.8,1780.016,1044.7920000000001,1934.8,95.69999694824219,116.73999786376953,1049.0
2011-07-16,1936.27,1781.3684,1045.5858,1936.27,95.69999694824219,116.73999786376953,1049.0
2011-07-17,1937.18,1782.2056000000002,1046.0772000000002,1937.18,95.69999694824219,116.73999786376953,1049.0
2011-07-18,1938.52,1783.4384,1046.8008,1938.52,95.69999694824219,116.73999786376953,1049.0
2011-07-19,1940.56,1785.3152,1047.9024,1940.56,95.69999694824219,116.73999786376953,1049.0
2011-07-20,1942.0,1786.64,1048.68,1942.0,95.69999694824219,116.73999786376953,1049.0
2011-07-21,1943.28,1787.8176,1049.3712,1943.28,95.69999694824219,116.73999786376953,1049.0
2011-07-22,1944.41,1788.8572000000001,1049.9814000000001,1944.41,95.69999694824219,116.73999786376953,1049.0
2011-07-23,1945.33,1789.7036,1050.4782,1945.33,95.69999694824219,116.73999786376953,1049.0
2011-07-24,1945.8,1790.136,1050.732,1945.8,95.69999694824219,116.73999786376953,1049.0
2011-07-25,1946.74,1791.0008,1051.2396,1946.74,95.69999694824219,116.73999786376953,1049.0
2011-07-26,1947.38,1791.5896000000002,1051.5852000000002,1947.38,95.69999694824219,116.73999786376953,1049.0
2011-07-27,1948.06,1792.2152,1051.9524000000001,1948.06,95.69999694824219,116.73999786376953,1049.0
2011-07-28,1948.79,1792.8868,1052.3466,1948.79,95.69999694824219,116.73999786376953,1049.0
2011-07-29,1949.58,1793.6136,1052.7732,1949.58,95.69999694824219,116.73999786376953,1049.0
2011-07-30,1950.25,1794.23,1053.135,1950.25,95.69999694824219,116.73999786376953,1049.0
2011-07-31,1950.68,1794.6256,1053.3672000000001,1950.68,95.69999694824219,116.73999786376953,1049.0
2011-08-01,1951.48,1795.3616000000002,1053.7992000000002,1951.48,88.80999755859375,114.8499984741211,1071.800048828125
2011-08-02,1952.44,1796.2448000000002,1054.3176,1952.44,88.80999755859375,114.8499984741211,1071.800048828125
2011-08-03,1953.18,1796.9256,1054.7172,1953.18,88.80999755859375,114.8499984741211,1071.800048828125
2011-08-04,1953.76,1797.4592,1055.0304,1953.76,88.80999755859375,114.8499984741211,1071.800048828125
2011-08-05,1954.02,1797.6984,1055.1708,1954.02,88.80999755859375,114.8499984741211,1071.800048828125
2011-08-06,1954.12,1797.7904,1055.2248,1954.12,88.80999755859375,114.8499984741211,1071.800048828125
2011-08-07,1954.23,1797.8916000000002,1055.2842,1954.23,88.80999755859375,114.8499984741211,1071.800048828125
2011-08-08,1954.13,1797.7996000000003,1055.2302000000002,1954.13,88.80999755859375,114.8499984741211,1071.800048828125
2011-08-09,1952.93,1796.6956000000002,1054.5822,1952.93,88.80999755859375,114.8499984741211,1071.800048828125
2011-08-10,1951.6,1795.472,1053.864,1951.6,88.80999755859375,114.8499984741211,1071.800048828125
2011-08-11,1950.64,1794.5888000000002,1053.3456,1950.64,88.80999755859375,114.8499984741211,1071.800048828125
2011-08-12,1949.51,1793.5492000000002,1052.7354,1949.51,88.80999755859375,114.8499984741211,1071.800048828125
2011-08-13,1949.02,1793.0984,1052.4708,1949.02,88.80999755859375,114.8499984741211,1071.800048828125
2011-08-14,1948.83,1792.9236,1052.3682000000001,1948.83,88.80999755859375,114.8499984741211,1071.800048828125
2011-08-15,1948.63,1792.7396,1052.2602000000002,1948.63,88.80999755859375,114.8499984741211,1071.800048828125
2011-08-16,1947.61,1791.8011999999999,1051.7094,1947.61,88.80999755859375,114.8499984741211,1071.800048828125
2011-08-17,1946.15,1790.458,1050.921,1946.15,88.80999755859375,114.8499984741211,1071.800048828125
2011-08-18,1944.66,1789.0872000000002,1050.1164,1944.66,88.80999755859375,114.8499984741211,1071.800048828125
2011-08-19,1943.23,1787.7716,1049.3442,1943.23,88.80999755859375,114.8499984741211,1071.800048828125
2011-08-20,1942.03,1786.6676,1048.6962,1942.03,88.80999755859375,114.8499984741211,1071.800048828125
2011-08-21,1941.39,1786.0788000000002,1048.3506000000002,1941.39,88.80999755859375,114.8499984741211,1071.800048828125
2011-08-22,1940.0,1784.8000000000002,1047.6000000000001,1940.0,88.80999755859375,114.8499984741211,1071.800048828125
2011-08-23,1938.99,1783.8708000000001,1047.0546000000002,1938.99,88.80999755859375,114.8499984741211,1071.800048828125
2011-08-24,1937.69,1782.6748000000002,1046.3526000000002,1937.69,88.80999755859375,114.8499984741211,1071.800048828125
2011-08-25,1936.5,1781.5800000000002,1045.71,1936.5,88.80999755859375,114.8499984741211,1071.800048828125
2011-08-26,1935.49,1780.6508000000001,1045.1646,1935.49,88.80999755859375,114.8499984741211,1071.800048828125
2011-08-27,1934.78,1779.9976000000001,1044.7812000000001,1934.78,88.80999755859375,114.8499984741211,1071.800048828125
2011-08-28,1934.6,1779.832,1044.684,1934.6,88.80999755859375,114.8499984741211,1071.800048828125
2011-08-29,1933.96,1779.2432000000001,1044.3384,1933.96,88.80999755859375,114.8499984741211,1071.800048828125
2011-08-30,1934.09,1779.3628,1044.4086,1934.09,88.80999755859375,114.8499984741211,1071.800048828125
2011-08-31,1934.04,1779.3168,1044.3816000000002,1934.04,88.80999755859375,114.8499984741211,1071.800048828125
2011-09-01,1933.36,1778.6912,1044.0144,1933.36,79.19999694824219,102.76000213623047,1177.0
2011-09-02,1933.32,1778.6544000000001,1043.9928,1933.32,79.19999694824219,102.76000213623047,1177.0
2011-09-03,1933.22,1778.5624,1043.9388000000001,1933.22,79.19999694824219,102.76000213623047,1177.0
2011-09-04,1933.21,1778.5532,1043.9334000000001,1933.21,79.19999694824219,102.76000213623047,1177.0
2011-09-05,1933.23,1778.5716,1043.9442000000001,1933.23,79.19999694824219,102.76000213623047,1177.0
2011-09-06,1935.78,1780.9176,1045.3212,1935.78,79.19999694824219,102.76000213623047,1177.0
2011-09-07,1937.02,1782.0584000000001,1045.9908,1937.02,79.19999694824219,102.76000213623047,1177.0
2011-09-08,1937.95,1782.9140000000002,1046.4930000000002,1937.95,79.19999694824219,102.76000213623047,1177.0
2011-09-09,1939.12,1783.9904,1047.1248,1939.12,79.19999694824219,102.76000213623047,1177.0
2011-09-10,1940.59,1785.3428,1047.9186,1940.59,79.19999694824219,102.76000213623047,1177.0
2011-09-11,1941.35,1786.042,1048.329,1941.35,79.19999694824219,102.76000213623047,1177.0
2011-09-12,1941.89,1786.5388000000003,1048.6206000000002,1941.89,79.19999694824219,102.76000213623047,1177.0
2011-09-13,1942.47,1787.0724,1048.9338,1942.47,79.19999694824219,102.76000213623047,1177.0
2011-09-14,1943.22,1787.7624,1049.3388,1943.22,79.19999694824219,102.76000213623047,1177.0
2011-09-15,1943.46,1787.9832000000001,1049.4684000000002,1943.46,79.19999694824219,102.76000213623047,1177.0
2011-09-16,1943.94,1788.4248000000002,1049.7276000000002,1943.94,79.19999694824219,102.76000213623047,1177.0
2011-09-17,1944.66,1789.0872000000002,1050.1164,1944.66,79.19999694824219,102.76000213623047,1177.0
2011-09-18,1945.1,1789.492,1050.354,1945.1,79.19999694824219,102.76000213623047,1177.0
2011-09-19,1945.66,1790.0072000000002,1050.6564,1945.66,79.19999694824219,102.76000213623047,1177.0
2011-09-20,1946.81,1791.0652,1051.2774,1946.81,79.19999694824219,102.76000213623047,1177.0
2011-09-21,1947.98,1792.1416000000002,1051.9092,1947.98,79.19999694824219,102.76000213623047,1177.0
2011-09-22,1948.77,1792.8684,1052.3358,1948.77,79.19999694824219,102.76000213623047,1177.0
2011-09-23,1949.96,1793.9632000000001,1052.9784000000002,1949.96,79.19999694824219,102.76000213623047,1177.0
2011-09-24,1951.3,1795.1960000000001,1053.702,1951.3,79.19999694824219,102.76000213623047,1177.0
2011-09-25,1952.07,1795.9044000000001,1054.1178,1952.07,79.19999694824219,102.76000213623047,1177.0
2011-09-26,1953.36,1797.0912,1054.8144,1953.36,79.19999694824219,102.76000213623047,1177.0
2011-09-27,1956.5,1799.98,1056.51,1956.5,79.19999694824219,102.76000213623047,1177.0
2011-09-28,1958.59,1801.9028,1057.6386,1958.59,79.19999694824219,102.76000213623047,1177.0
2011-09-29,1960.21,1803.3932000000002,1058.5134,1960.21,79.19999694824219,102.76000213623047,1177.0
2011-09-30,1961.38,1804.4696000000001,1059.1452000000002,1961.38,79.19999694824219,102.76000213623047,1177.0
2011-10-01,1963.15,1806.0980000000002,1060.101,1963.15,93.19000244140625,109.55999755859375,1104.0
2011-10-02,1963.82,1806.7144,1060.4628,1963.82,93.19000244140625,109.55999755859375,1104.0
2011-10-03,1964.46,1807.3032,1060.8084000000001,1964.46,93.19000244140625,109.55999755859375,1104.0
2011-10-04,1965.1,1807.892,1061.154,1965.1,93.19000244140625,109.55999755859375,1104.0
2011-10-05,1965.77,1808.5084000000002,1061.5158000000001,1965.77,93.19000244140625,109.55999755859375,1104.0
2011-10-06,1966.44,1809.1248,1061.8776,1966.44,93.19000244140625,109.55999755859375,1104.0
2011-10-07,1967.3,1809.916,1062.342,1967.3,93.19000244140625,109.55999755859375,1104.0
2011-10-08,1967.95,1810.5140000000001,1062.693,1967.95,93.19000244140625,109.55999755859375,1104.0
2011-10-09,1968.33,1810.8636,1062.8982,1968.33,93.19000244140625,109.55999755859375,1104.0
2011-10-10,1968.9,1811.3880000000001,1063.2060000000001,1968.9,93.19000244140625,109.55999755859375,1104.0
2011-10-11,1969.88,1812.2896000000003,1063.7352,1969.88,93.19000244140625,109.55999755859375,1104.0
2011-10-12,1970.88,1813.2096000000001,1064.2752,1970.88,93.19000244140625,109.55999755859375,1104.0
2011-10-13,1971.94,1814.1848000000002,1064.8476,1971.94,93.19000244140625,109.55999755859375,1104.0
2011-10-14,1973.1,1815.252,1065.474,1973.1,93.19000244140625,109.55999755859375,1104.0
2011-10-15,1974.46,1816.5032,1066.2084,1974.46,93.19000244140625,109.55999755859375,1104.0
2011-10-16,1975.28,1817.2576000000001,1066.6512,1975.28,93.19000244140625,109.55999755859375,1104.0
2011-10-17,1976.88,1818.7296000000001,1067.5152,1976.88,93.19000244140625,109.55999755859375,1104.0
2011-10-18,1981.36,1822.8512,1069.9344,1981.36,93.19000244140625,109.55999755859375,1104.0
2011-10-19,1984.45,1825.6940000000002,1071.603,1984.45,93.19000244140625,109.55999755859375,1104.0
2011-10-20,1986.16,1827.2672000000002,1072.5264000000002,1986.16,93.19000244140625,109.55999755859375,1104.0
2011-10-21,1987.99,1828.9508,1073.5146,1987.99,93.19000244140625,109.55999755859375,1104.0
2011-10-22,1989.45,1830.294,1074.303,1989.45,93.19000244140625,109.55999755859375,1104.0
2011-10-23,1990.15,1830.938,1074.681,1990.15,93.19000244140625,109.55999755859375,1104.0
2011-10-24,1990.89,1831.6188000000002,1075.0806000000002,1990.89,93.19000244140625,109.55999755859375,1104.0
2011-10-25,1991.34,1832.0328,1075.3236,1991.34,93.19000244140625,109.55999755859375,1104.0
2011-10-26,1991.96,1832.6032,1075.6584,1991.96,93.19000244140625,109.55999755859375,1104.0
2011-10-27,1992.44,1833.0448000000001,1075.9176,1992.44,93.19000244140625,109.55999755859375,1104.0
2011-10-28,1992.8,1833.376,1076.112,1992.8,93.19000244140625,109.55999755859375,1104.0
2011-10-29,1993.05,1833.606,1076.247,1993.05,93.19000244140625,109.55999755859375,1104.0
2011-10-30,1993.14,1833.6888000000001,1076.2956000000001,1993.14,93.19000244140625,109.55999755859375,1104.0
2011-10-31,1993.17,1833.7164000000002,1076.3118000000002,1993.17,93.19000244140625,109.55999755859375,1104.0
2011-11-01,1992.55,1833.146,1075.977,1992.55,100.36000061035156,110.81999969482422,1140.300048828125
2011-11-02,1992.01,1832.6492,1075.6854,1992.01,100.36000061035156,110.81999969482422,1140.300048828125
2011-11-03,1991.49,1832.1708,1075.4046,1991.49,100.36000061035156,110.81999969482422,1140.300048828125
2011-11-04,1990.98,1831.7016,1075.1292,1990.98,100.36000061035156,110.81999969482422,1140.300048828125
2011-11-05,1990.49,1831.2508,1074.8646,1990.49,100.36000061035156,110.81999969482422,1140.300048828125
2011-11-06,1990.3,1831.076,1074.762,1990.3,100.36000061035156,110.81999969482422,1140.300048828125
2011-11-07,1989.9,1830.708,1074.546,1989.9,100.36000061035156,110.81999969482422,1140.300048828125
2011-11-08,1987.4,1828.4080000000001,1073.1960000000001,1987.4,100.36000061035156,110.81999969482422,1140.300048828125
2011-11-09,1985.92,1827.0464000000002,1072.3968000000002,1985.92,100.36000061035156,110.81999969482422,1140.300048828125
2011-11-10,1984.87,1826.0804,1071.8298,1984.87,100.36000061035156,110.81999969482422,1140.300048828125
2011-11-11,1984.11,1825.3812,1071.4194,1984.11,100.36000061035156,110.81999969482422,1140.300048828125
2011-11-12,1983.69,1824.9948000000002,1071.1926,1983.69,100.36000061035156,110.81999969482422,1140.300048828125
2011-11-13,1983.53,1824.8476,1071.1062,1983.53,100.36000061035156,110.81999969482422,1140.300048828125
2011-11-14,1983.3,1824.636,1070.982,1983.3,100.36000061035156,110.81999969482422,1140.300048828125
2011-11-15,1983.33,1824.6636,1070.9982,1983.33,100.36000061035156,110.81999969482422,1140.300048828125
2011-11-16,1983.01,1824.3692,1070.8254000000002,1983.01,100.36000061035156,110.81999969482422,1140.300048828125
2011-11-17,1982.32,1823.7344,1070.4528,1982.32,100.36000061035156,110.81999969482422,1140.300048828125
2011-11-18,1981.74,1823.2008,1070.1396,1981.74,100.36000061035156,110.81999969482422,1140.300048828125
2011-11-19,1981.31,1822.8052,1069.9074,1981.31,100.36000061035156,110.81999969482422,1140.300048828125
2011-11-20,1981.07,1822.5844,1069.7778,1981.07,100.36000061035156,110.81999969482422,1140.300048828125
2011-11-21,1980.69,1822.2348000000002,1069.5726000000002,1980.69,100.36000061035156,110.81999969482422,1140.300048828125
2011-11-22,1978.58,1820.2936,1068.4332,1978.58,100.36000061035156,110.81999969482422,1140.300048828125
2011-11-23,1976.54,1818.4168,1067.3316,1976.54,100.36000061035156,110.81999969482422,1140.300048828125
2011-11-24,1974.57,1816.6044,1066.2678,1974.57,100.36000061035156,110.81999969482422,1140.300048828125
2011-11-25,1972.22,1814.4424000000001,1064.9988,1972.22,100.36000061035156,110.81999969482422,1140.300048828125
2011-11-26,1970.21,1812.5932,1063.9134000000001,1970.21,100.36000061035156,110.81999969482422,1140.300048828125
2011-11-27,1969.25,1811.71,1063.395,1969.25,100.36000061035156,110.81999969482422,1140.300048828125
2011-11-28,1967.92,1810.4864000000002,1062.6768000000002,1967.92,100.36000061035156,110.81999969482422,1140.300048828125
2011-11-29,1965.22,1808.0024,1061.2188,1965.22,100.36000061035156,110.81999969482422,1140.300048828125
2011-11-30,1962.27,1805.2884000000001,1059.6258,1962.27,100.36000061035156,110.81999969482422,1140.300048828125
2011-12-01,1960.28,1803.4576,1058.5512,1960.28,98.83000183105469,107.37999725341797,1155.4000244140625
2011-12-02,1957.59,1800.9828,1057.0986,1957.59,98.83000183105469,107.37999725341797,1155.4000244140625
2011-12-03,1955.25,1798.8300000000002,1055.835,1955.25,98.83000183105469,107.37999725341797,1155.4000244140625
2011-12-04,1954.23,1797.8916000000002,1055.2842,1954.23,98.83000183105469,107.37999725341797,1155.4000244140625
2011-12-05,1952.9,1796.6680000000001,1054.566,1952.9,98.83000183105469,107.37999725341797,1155.4000244140625
2011-12-06,1951.72,1795.5824,1053.9288000000001,1951.72,98.83000183105469,107.37999725341797,1155.4000244140625
2011-12-07,1950.44,1794.4048,1053.2376000000002,1950.44,98.83000183105469,107.37999725341797,1155.4000244140625
2011-12-08,1949.0,1793.0800000000002,1052.46,1949.0,98.83000183105469,107.37999725341797,1155.4000244140625
2011-12-09,1947.93,1792.0956,1051.8822,1947.93,98.83000183105469,107.37999725341797,1155.4000244140625
2011-12-10,1946.94,1791.1848000000002,1051.3476,1946.94,98.83000183105469,107.37999725341797,1155.4000244140625
2011-12-11,1946.5,1790.78,1051.1100000000001,1946.5,98.83000183105469,107.37999725341797,1155.4000244140625
2011-12-12,1945.73,1790.0716,1050.6942000000001,1945.73,98.83000183105469,107.37999725341797,1155.4000244140625
2011-12-13,1944.28,1788.7376000000002,1049.9112,1944.28,98.83000183105469,107.37999725341797,1155.4000244140625
2011-12-14,1943.13,1787.6796000000002,1049.2902000000001,1943.13,98.83000183105469,107.37999725341797,1155.4000244140625
2011-12-15,1942.01,1786.6492,1048.6854,1942.01,98.83000183105469,107.37999725341797,1155.4000244140625
2011-12-16,1940.86,1785.5912,1048.0644,1940.86,98.83000183105469,107.37999725341797,1155.4000244140625
2011-12-17,1939.96,1784.7632,1047.5784,1939.96,98.83000183105469,107.37999725341797,1155.4000244140625
2011-12-18,1939.56,1784.3952,1047.3624,1939.56,98.83000183105469,107.37999725341797,1155.4000244140625
2011-12-19,1938.79,1783.6868,1046.9466,1938.79,98.83000183105469,107.37999725341797,1155.4000244140625
2011-12-20,1938.41,1783.3372000000002,1046.7414,1938.41,98.83000183105469,107.37999725341797,1155.4000244140625
2011-12-21,1937.69,1782.6748000000002,1046.3526000000002,1937.69,98.83000183105469,107.37999725341797,1155.4000244140625
2011-12-22,1937.02,1782.0584000000001,1045.9908,1937.02,98.83000183105469,107.37999725341797,1155.4000244140625
2011-12-23,1936.44,1781.5248000000001,1045.6776000000002,1936.44,98.83000183105469,107.37999725341797,1155.4000244140625
2011-12-24,1936.05,1781.166,1045.467,1936.05,98.83000183105469,107.37999725341797,1155.4000244140625
2011-12-25,1935.82,1780.9544,1045.3428000000001,1935.82,98.83000183105469,107.37999725341797,1155.4000244140625
2011-12-26,1935.51,1780.6692,1045.1754,1935.51,98.83000183105469,107.37999725341797,1155.4000244140625
2011-12-27,1935.23,1780.4116000000001,1045.0242,1935.23,98.83000183105469,107.37999725341797,1155.4000244140625
2011-12-28,1934.8,1780.016,1044.7920000000001,1934.8,98.83000183105469,107.37999725341797,1155.4000244140625
2011-12-29,1934.57,1779.8044,1044.6678,1934.57,98.83000183105469,107.37999725341797,1155.4000244140625
2011-12-30,1934.19,1779.4548000000002,1044.4626,1934.19,98.83000183105469,107.37999725341797,1155.4000244140625
2011-12-31,1934.08,1779.3536,1044.4032,1934.08,98.83000183105469,107.37999725341797,1155.4000244140625
2012-01-01,1933.73,1779.0316,1044.2142000000001,1933.73,98.83000183105469,107.37999725341797,1125.699951171875
2012-01-02,1933.15,1778.498,1043.901,1933.15,98.83000183105469,107.37999725341797,1125.699951171875
2012-01-03,1933.68,1778.9856000000002,1044.1872,1933.68,98.83000183105469,107.37999725341797,1125.699951171875
2012-01-04,1933.43,1778.7556000000002,1044.0522,1933.43,98.83000183105469,107.37999725341797,1125.699951171875
2012-01-05,1933.3,1778.636,1043.982,1933.3,98.83000183105469,107.37999725341797,1125.699951171875
2012-01-06,1933.51,1778.8292000000001,1044.0954000000002,1933.51,98.83000183105469,107.37999725341797,1125.699951171875
2012-01-07,1934.28,1779.5376,1044.5112000000001,1934.28,98.83000183105469,107.37999725341797,1125.699951171875
2012-01-08,1934.64,1779.8688000000002,1044.7056000000002,1934.64,98.83000183105469,107.37999725341797,1125.699951171875
2012-01-09,1935.02,1780.2184,1044.9108,1935.02,98.83000183105469,107.37999725341797,1125.699951171875
2012-01-10,1938.94,1783.8248,1047.0276000000001,1938.94,98.83000183105469,107.37999725341797,1125.699951171875
2012-01-11,1941.98,1786.6216000000002,1048.6692,1941.98,98.83000183105469,107.37999725341797,1125.699951171875
2012-01-12,1945.0,1789.4,1050.3000000000002,1945.0,98.83000183105469,107.37999725341797,1125.699951171875
2012-01-13,1947.5,1791.7,1051.65,1947.5,98.83000183105469,107.37999725341797,1125.699951171875
2012-01-14,1950.61,1794.5612,1053.3294,1950.61,98.83000183105469,107.37999725341797,1125.699951171875
2012-01-15,1952.13,1795.9596000000001,1054.1502,1952.13,98.83000183105469,107.37999725341797,1125.699951171875
2012-01-16,1954.21,1797.8732000000002,1055.2734,1954.21,98.83000183105469,107.37999725341797,1125.699951171875
2012-01-17,1958.03,1801.3876,1057.3362,1958.03,98.83000183105469,107.37999725341797,1125.699951171875
2012-01-18,1961.44,1804.5248000000001,1059.1776000000002,1961.44,98.83000183105469,107.37999725341797,1125.699951171875
2012-01-19,1964.31,1807.1652000000001,1060.7274,1964.31,98.83000183105469,107.37999725341797,1125.699951171875
2012-01-20,1967.61,1810.2012,1062.5094,1967.61,98.83000183105469,107.37999725341797,1125.699951171875
2012-01-21,1970.11,1812.5012,1063.8594,1970.11,98.83000183105469,107.37999725341797,1125.699951171875
2012-01-22,1972.0,1814.24,1064.88,1972.0,98.83000183105469,107.37999725341797,1125.699951171875
2012-01-23,1972.81,1814.9852,1065.3174000000001,1972.81,98.83000183105469,107.37999725341797,1125.699951171875
2012-01-24,1973.35,1815.482,1065.609,1973.35,98.83000183105469,107.37999725341797,1125.699951171875
2012-01-25,1974.25,1816.3100000000002,1066.095,1974.25,98.83000183105469,107.37999725341797,1125.699951171875
2012-01-26,1975.34,1817.3128,1066.6836,1975.34,98.83000183105469,107.37999725341797,1125.699951171875
2012-01-27,1976.24,1818.1408000000001,1067.1696000000002,1976.24,98.83000183105469,107.37999725341797,1125.699951171875
2012-01-28,1976.99,1818.8308000000002,1067.5746000000001,1976.99,98.83000183105469,107.37999725341797,1125.699951171875
2012-01-29,1977.31,1819.1252,1067.7474,1977.31,98.83000183105469,107.37999725341797,1125.699951171875
2012-01-30,1977.59,1819.3828,1067.8986,1977.59,98.83000183105469,107.37999725341797,1125.699951171875
2012-01-31,1977.96,1819.7232000000001,1068.0984,1977.96,98.83000183105469,107.37999725341797,1125.699951171875
2012-02-01,1978.2,1819.9440000000002,1068.228,1978.2,107.06999969482422,122.66000366210938,1124.5999755859375
2012-02-02,1978.44,1820.1648000000002,1068.3576,1978.44,107.06999969482422,122.66000366210938,1124.5999755859375
2012-02-03,1978.51,1820.2292,1068.3954,1978.51,107.06999969482422,122.66000366210938,1124.5999755859375
2012-02-04,1978.86,1820.5511999999999,1068.5844,1978.86,107.06999969482422,122.66000366210938,1124.5999755859375
2012-02-05,1978.9,1820.5880000000002,1068.6060000000002,1978.9,107.06999969482422,122.66000366210938,1124.5999755859375
2012-02-06,1978.99,1820.6708,1068.6546,1978.99,107.06999969482422,122.66000366210938,1124.5999755859375
2012-02-07,1979.42,1821.0664000000002,1068.8868000000002,1979.42,107.06999969482422,122.66000366210938,1124.5999755859375
2012-02-08,1979.7,1821.324,1069.038,1979.7,107.06999969482422,122.66000366210938,1124.5999755859375
2012-02-09,1980.03,1821.6276,1069.2162,1980.03,107.06999969482422,122.66000366210938,1124.5999755859375
2012-02-10,1980.42,1821.9864000000002,1069.4268000000002,1980.42,107.06999969482422,122.66000366210938,1124.5999755859375
2012-02-11,1980.98,1822.5016,1069.7292,1980.98,107.06999969482422,122.66000366210938,1124.5999755859375
2012-02-12,1981.32,1822.8144,1069.9128,1981.32,107.06999969482422,122.66000366210938,1124.5999755859375
2012-02-13,1981.61,1823.0812,1070.0694,1981.61,107.06999969482422,122.66000366210938,1124.5999755859375
2012-02-14,1983.41,1824.7372000000003,1071.0414,1983.41,107.06999969482422,122.66000366210938,1124.5999755859375
2012-02-15,1984.44,1825.6848000000002,1071.5976,1984.44,107.06999969482422,122.66000366210938,1124.5999755859375
2012-02-16,1984.65,1825.8780000000002,1071.711,1984.65,107.06999969482422,122.66000366210938,1124.5999755859375
2012-02-17,1985.37,1826.5404,1072.0998,1985.37,107.06999969482422,122.66000366210938,1124.5999755859375
2012-02-18,1986.26,1827.3592,1072.5804,1986.26,107.06999969482422,122.66000366210938,1124.5999755859375
2012-02-19,1986.68,1827.7456000000002,1072.8072000000002,1986.68,107.06999969482422,122.66000366210938,1124.5999755859375
2012-02-20,1987.15,1828.178,1073.0610000000001,1987.15,107.06999969482422,122.66000366210938,1124.5999755859375
2012-02-21,1989.51,1830.3492,1074.3354000000002,1989.51,107.06999969482422,122.66000366210938,1124.5999755859375
2012-02-22,1991.58,1832.2536,1075.4532,1991.58,107.06999969482422,122.66000366210938,1124.5999755859375
2012-02-23,1993.82,1834.3144,1076.6628,1993.82,107.06999969482422,122.66000366210938,1124.5999755859375
2012-02-24,1995.74,1836.0808000000002,1077.6996000000001,1995.74,107.06999969482422,122.66000366210938,1124.5999755859375
2012-02-25,1998.35,1838.482,1079.109,1998.35,107.06999969482422,122.66000366210938,1124.5999755859375
2012-02-26,1999.55,1839.586,1079.757,1999.55,107.06999969482422,122.66000366210938,1124.5999755859375
2012-02-27,2001.07,1840.9844,1080.5778,2001.07,107.06999969482422,122.66000366210938,1124.5999755859375
2012-02-28,2003.99,1843.6708,1082.1546,2003.99,107.06999969482422,122.66000366210938,1124.5999755859375
2012-02-29,2006.14,1845.6488000000002,1083.3156000000001,2006.14,107.06999969482422,122.66000366210938,1124.5999755859375
2012-03-01,2009.76,1848.9792,1085.2704,2009.76,103.0199966430664,122.87999725341797,1130.699951171875
2012-03-02,2011.89,1850.9388000000001,1086.4206000000001,2011.89,103.0199966430664,122.87999725341797,1130.699951171875
2012-03-03,2013.49,1852.4108,1087.2846000000002,2013.49,103.0199966430664,122.87999725341797,1130.699951171875
2012-03-04,2014.21,1853.0732,1087.6734000000001,2014.21,103.0199966430664,122.87999725341797,1130.699951171875
2012-03-05,2015.65,1854.3980000000001,1088.451,2015.65,103.0199966430664,122.87999725341797,1130.699951171875
2012-03-06,2017.96,1856.5232,1089.6984,2017.96,103.0199966430664,122.87999725341797,1130.699951171875
2012-03-07,2019.59,1858.0228,1090.5786,2019.59,103.0199966430664,122.87999725341797,1130.699951171875
2012-03-08,2021.08,1859.3936,1091.3832,2021.08,103.0199966430664,122.87999725341797,1130.699951171875
2012-03-09,2022.2,1860.4240000000002,1091.988,2022.2,103.0199966430664,122.87999725341797,1130.699951171875
2012-03-10,2023.51,1861.6292,1092.6954,2023.51,103.0199966430664,122.87999725341797,1130.699951171875
2012-03-11,2024.28,1862.3376,1093.1112,2024.28,103.0199966430664,122.87999725341797,1130.699951171875
2012-03-12,2025.15,1863.1380000000001,1093.5810000000001,2025.15,103.0199966430664,122.87999725341797,1130.699951171875
2012-03-13,2026.35,1864.242,1094.229,2026.35,103.0199966430664,122.87999725341797,1130.699951171875
2012-03-14,2027.43,1865.2356000000002,1094.8122,2027.43,103.0199966430664,122.87999725341797,1130.699951171875
2012-03-15,2028.61,1866.3212,1095.4494,2028.61,103.0199966430664,122.87999725341797,1130.699951171875
2012-03-16,2029.77,1867.3884,1096.0758,2029.77,103.0199966430664,122.87999725341797,1130.699951171875
2012-03-17,2031.19,1868.6948000000002,1096.8426000000002,2031.19,103.0199966430664,122.87999725341797,1130.699951171875
2012-03-18,2031.95,1869.3940000000002,1097.2530000000002,2031.95,103.0199966430664,122.87999725341797,1130.699951171875
2012-03-19,2032.84,1870.2128,1097.7336,2032.84,103.0199966430664,122.87999725341797,1130.699951171875
2012-03-20,2035.4,1872.5680000000002,1099.1160000000002,2035.4,103.0199966430664,122.87999725341797,1130.699951171875
2012-03-21,2037.53,1874.5276000000001,1100.2662,2037.53,103.0199966430664,122.87999725341797,1130.699951171875
2012-03-22,2039.12,1875.9904,1101.1248,2039.12,103.0199966430664,122.87999725341797,1130.699951171875
2012-03-23,2040.34,1877.1128,1101.7836,2040.34,103.0199966430664,122.87999725341797,1130.699951171875
2012-03-24,2041.43,1878.1156,1102.3722,2041.43,103.0199966430664,122.87999725341797,1130.699951171875
2012-03-25,2042.05,1878.6860000000001,1102.707,2042.05,103.0199966430664,122.87999725341797,1130.699951171875
2012-03-26,2042.74,1879.3208000000002,1103.0796,2042.74,103.0199966430664,122.87999725341797,1130.699951171875
2012-03-27,2043.69,1880.1948000000002,1103.5926000000002,2043.69,103.0199966430664,122.87999725341797,1130.699951171875
2012-03-28,2044.62,1881.0504,1104.0948,2044.62,103.0199966430664,122.87999725341797,1130.699951171875
2012-03-29,2045.45,1881.814,1104.5430000000001,2045.45,103.0199966430664,122.87999725341797,1130.699951171875
2012-03-30,2046.02,1882.3384,1104.8508000000002,2046.02,103.0199966430664,122.87999725341797,1130.699951171875
2012-03-31,2047.01,1883.2492,1105.3854000000001,2047.01,103.0199966430664,122.87999725341797,1130.699951171875
2012-04-01,2048.0,1884.16,1105.92,2048.0,103.0199966430664,122.87999725341797,1131.699951171875
2012-04-02,2048.62,1884.7304,1106.2548,2048.62,103.0199966430664,122.87999725341797,1131.699951171875
2012-04-03,2050.73,1886.6716000000001,1107.3942000000002,2050.73,103.0199966430664,122.87999725341797,1131.699951171875
2012-04-04,2052.28,1888.0976000000003,1108.2312000000002,2052.28,103.0199966430664,122.87999725341797,1131.699951171875
2012-04-05,2053.9,1889.5880000000002,1109.1060000000002,2053.9,103.0199966430664,122.87999725341797,1131.699951171875
2012-04-06,2055.09,1890.6828000000003,1109.7486000000001,2055.09,103.0199966430664,122.87999725341797,1131.699951171875
2012-04-07,2056.4,1891.8880000000001,1110.4560000000001,2056.4,103.0199966430664,122.87999725341797,1131.699951171875
2012-04-08,2057.02,1892.4584,1110.7908,2057.02,103.0199966430664,122.87999725341797,1131.699951171875
2012-04-09,2057.78,1893.1576000000002,1111.2012000000002,2057.78,103.0199966430664,122.87999725341797,1131.699951171875
2012-04-10,2058.71,1894.0132,1111.7034,2058.71,103.0199966430664,122.87999725341797,1131.699951171875
2012-04-11,2059.66,1894.8872,1112.2164,2059.66,103.0199966430664,122.87999725341797,1131.699951171875
2012-04-12,2060.26,1895.4392000000003,1112.5404,2060.26,103.0199966430664,122.87999725341797,1131.699951171875
2012-04-13,2060.61,1895.7612000000001,1112.7294000000002,2060.61,103.0199966430664,122.87999725341797,1131.699951171875
2012-04-14,2061.35,1896.442,1113.1290000000001,2061.35,103.0199966430664,122.87999725341797,1131.699951171875
2012-04-15,2061.83,1896.8836000000001,1113.3882,2061.83,103.0199966430664,122.87999725341797,1131.699951171875
2012-04-16,2062.28,1897.2976000000003,1113.6312000000003,2062.28,103.0199966430664,122.87999725341797,1131.699951171875
2012-04-17,2062.31,1897.3252,1113.6474,2062.31,103.0199966430664,122.87999725341797,1131.699951171875
2012-04-18,2062.55,1897.5460000000003,1113.7770000000003,2062.55,103.0199966430664,122.87999725341797,1131.699951171875
2012-04-19,2062.44,1897.4448000000002,1113.7176000000002,2062.44,103.0199966430664,122.87999725341797,1131.699951171875
2012-04-20,2062.39,1897.3988,1113.6906,2062.39,103.0199966430664,122.87999725341797,1131.699951171875
2012-04-21,2062.37,1897.3804,1113.6798000000001,2062.37,103.0199966430664,122.87999725341797,1131.699951171875
2012-04-22,2062.42,1897.4264,1113.7068000000002,2062.42,103.0199966430664,122.87999725341797,1131.699951171875
2012-04-23,2062.35,1897.362,1113.669,2062.35,103.0199966430664,122.87999725341797,1131.699951171875
2012-04-24,2061.93,1896.9756,1113.4422,2061.93,103.0199966430664,122.87999725341797,1131.699951171875
2012-04-25,2061.06,1896.1752000000001,1112.9724,2061.06,103.0199966430664,122.87999725341797,1131.699951171875
2012-04-26,2060.52,1895.6784,1112.6808,2060.52,103.0199966430664,122.87999725341797,1131.699951171875
2012-04-27,2060.14,1895.3288,1112.4756,2060.14,103.0199966430664,122.87999725341797,1131.699951171875
2012-04-28,2059.59,1894.8228000000001,1112.1786000000002,2059.59,103.0199966430664,122.87999725341797,1131.699951171875
2012-04-29,2059.44,1894.6848000000002,1112.0976,2059.44,103.0199966430664,122.87999725341797,1131.699951171875
2012-04-30,2059.02,1894.2984000000001,1111.8708000000001,2059.02,103.0199966430664,122.87999725341797,1131.699951171875
2012-05-01,2058.35,1893.682,1111.509,2058.35,86.52999877929688,101.87000274658203,1179.699951171875
2012-05-02,2057.68,1893.0656,1111.1471999999999,2057.68,86.52999877929688,101.87000274658203,1179.699951171875
2012-05-03,2056.86,1892.3112,1110.7044,2056.86,86.52999877929688,101.87000274658203,1179.699951171875
2012-05-04,2056.03,1891.5476000000003,1110.2562000000003,2056.03,86.52999877929688,101.87000274658203,1179.699951171875
2012-05-05,2055.53,1891.0876000000003,1109.9862000000003,2055.53,86.52999877929688,101.87000274658203,1179.699951171875
2012-05-06,2055.3,1890.8760000000002,1109.862,2055.3,86.52999877929688,101.87000274658203,1179.699951171875
2012-05-07,2054.86,1890.4712000000002,1109.6244000000002,2054.86,86.52999877929688,101.87000274658203,1179.699951171875
2012-05-08,2053.52,1889.2384,1108.9008000000001,2053.52,86.52999877929688,101.87000274658203,1179.699951171875
2012-05-09,2052.34,1888.1528000000003,1108.2636000000002,2052.34,86.52999877929688,101.87000274658203,1179.699951171875
2012-05-10,2051.06,1886.9752,1107.5724,2051.06,86.52999877929688,101.87000274658203,1179.699951171875
2012-05-11,2049.3,1885.3560000000002,1106.622,2049.3,86.52999877929688,101.87000274658203,1179.699951171875
2012-05-12,2048.09,1884.2428000000002,1105.9686000000002,2048.09,86.52999877929688,101.87000274658203,1179.699951171875
2012-05-13,2047.16,1883.3872000000001,1105.4664,2047.16,86.52999877929688,101.87000274658203,1179.699951171875
2012-05-14,2046.26,1882.5592000000001,1104.9804000000001,2046.26,86.52999877929688,101.87000274658203,1179.699951171875
2012-05-15,2042.73,1879.3116,1103.0742,2042.73,86.52999877929688,101.87000274658203,1179.699951171875
2012-05-16,2039.52,1876.3584,1101.3408000000002,2039.52,86.52999877929688,101.87000274658203,1179.699951171875
2012-05-17,2036.4,1873.488,1099.6560000000002,2036.4,86.52999877929688,101.87000274658203,1179.699951171875
2012-05-18,2033.29,1870.6268,1097.9766,2033.29,86.52999877929688,101.87000274658203,1179.699951171875
2012-05-19,2030.53,1868.0876,1096.4862,2030.53,86.52999877929688,101.87000274658203,1179.699951171875
2012-05-20,2029.21,1866.8732000000002,1095.7734,2029.21,86.52999877929688,101.87000274658203,1179.699951171875
2012-05-21,2026.89,1864.7388,1094.5206,2026.89,86.52999877929688,101.87000274658203,1179.699951171875
2012-05-22,2023.18,1861.3256000000001,1092.5172,2023.18,86.52999877929688,101.87000274658203,1179.699951171875
2012-05-23,2020.01,1858.4092,1090.8054,2020.01,86.52999877929688,101.87000274658203,1179.699951171875
2012-05-24,2017.1,1855.732,1089.234,2017.1,86.52999877929688,101.87000274658203,1179.699951171875
2012-05-25,2014.51,1853.3492,1087.8354000000002,2014.51,86.52999877929688,101.87000274658203,1179.699951171875
2012-05-26,2012.39,1851.3988000000002,1086.6906000000001,2012.39,86.52999877929688,101.87000274658203,1179.699951171875
2012-05-27,2011.42,1850.5064000000002,1086.1668000000002,2011.42,86.52999877929688,101.87000274658203,1179.699951171875
2012-05-28,2010.65,1849.7980000000002,1085.7510000000002,2010.65,86.52999877929688,101.87000274658203,1179.699951171875
2012-05-29,2009.05,1848.326,1084.887,2009.05,86.52999877929688,101.87000274658203,1179.699951171875
2012-05-30,2007.16,1846.5872000000002,1083.8664,2007.16,86.52999877929688,101.87000274658203,1179.699951171875
2012-05-31,2005.67,1845.2164000000002,1083.0618000000002,2005.67,86.52999877929688,101.87000274658203,1179.699951171875
2012-06-01,2002.84,1842.6128,1081.5336,2002.84,84.95999908447266,97.80000305175781,1114.0
2012-06-02,2000.72,1840.6624000000002,1080.3888000000002,2000.72,84.95999908447266,97.80000305175781,1114.0
2012-06-03,1999.62,1839.6504,1079.7948000000001,1999.62,84.95999908447266,97.80000305175781,1114.0
2012-06-04,1998.1,1838.252,1078.974,1998.1,84.95999908447266,97.80000305175781,1114.0
2012-06-05,1995.49,1835.8508000000002,1077.5646000000002,1995.49,84.95999908447266,97.80000305175781,1114.0
2012-06-06,1993.23,1833.7716,1076.3442,1993.23,84.95999908447266,97.80000305175781,1114.0
2012-06-07,1991.54,1832.2168000000001,1075.4316000000001,1991.54,84.95999908447266,97.80000305175781,1114.0
2012-06-08,1989.34,1830.1928,1074.2436,1989.34,84.95999908447266,97.80000305175781,1114.0
2012-06-09,1987.85,1828.822,1073.439,1987.85,84.95999908447266,97.80000305175781,1114.0
2012-06-10,1987.03,1828.0676,1072.9962,1987.03,84.95999908447266,97.80000305175781,1114.0
2012-06-11,1985.72,1826.8624000000002,1072.2888,1985.72,84.95999908447266,97.80000305175781,1114.0
2012-06-12,1981.97,1823.4124000000002,1070.2638000000002,1981.97,84.95999908447266,97.80000305175781,1114.0
2012-06-13,1978.77,1820.4684,1068.5358,1978.77,84.95999908447266,97.80000305175781,1114.0
2012-06-14,1975.58,1817.5336,1066.8132,1975.58,84.95999908447266,97.80000305175781,1114.0
2012-06-15,1972.6,1814.792,1065.204,1972.6,84.95999908447266,97.80000305175781,1114.0
2012-06-16,1970.02,1812.4184,1063.8108,1970.02,84.95999908447266,97.80000305175781,1114.0
2012-06-17,1968.82,1811.3144,1063.1628,1968.82,84.95999908447266,97.80000305175781,1114.0
2012-06-18,1966.95,1809.594,1062.153,1966.95,84.95999908447266,97.80000305175781,1114.0
2012-06-19,1963.28,1806.2176,1060.1712,1963.28,84.95999908447266,97.80000305175781,1114.0
2012-06-20,1960.24,1803.4208,1058.5296,1960.24,84.95999908447266,97.80000305175781,1114.0
2012-06-21,1956.97,1800.4124000000002,1056.7638000000002,1956.97,84.95999908447266,97.80000305175781,1114.0
2012-06-22,1953.6,1797.312,1054.944,1953.6,84.95999908447266,97.80000305175781,1114.0
2012-06-23,1950.08,1794.0736,1053.0432,1950.08,84.95999908447266,97.80000305175781,1114.0
2012-06-24,1948.6,1792.712,1052.244,1948.6,84.95999908447266,97.80000305175781,1114.0
2012-06-25,1946.37,1790.6604,1051.0398,1946.37,84.95999908447266,97.80000305175781,1114.0
2012-06-26,1940.22,1785.0024,1047.7188,1940.22,84.95999908447266,97.80000305175781,1114.0
2012-06-27,1935.15,1780.3380000000002,1044.9810000000002,1935.15,84.95999908447266,97.80000305175781,1114.0
2012-06-28,1927.89,1773.6588000000002,1041.0606,1927.89,84.95999908447266,97.80000305175781,1114.0
2012-06-29,1922.16,1768.3872000000001,1037.9664,1922.16,84.95999908447266,97.80000305175781,1114.0
2012-06-30,1918.54,1765.0568,1036.0116,1918.54,84.95999908447266,97.80000305175781,1114.0
2012-07-01,1914.96,1761.7632,1034.0784,1914.96,84.95999908447266,97.80000305175781,1136.5999755859375
2012-07-02,1911.17,1758.2764000000002,1032.0318000000002,1911.17,84.95999908447266,97.80000305175781,1136.5999755859375
2012-07-03,1906.42,1753.9064,1029.4668000000001,1906.42,84.95999908447266,97.80000305175781,1136.5999755859375
2012-07-04,1902.37,1750.1804,1027.2798,1902.37,84.95999908447266,97.80000305175781,1136.5999755859375
2012-07-05,1899.65,1747.678,1025.8110000000001,1899.65,84.95999908447266,97.80000305175781,1136.5999755859375
2012-07-06,1897.71,1745.8932000000002,1024.7634,1897.71,84.95999908447266,97.80000305175781,1136.5999755859375
2012-07-07,1895.97,1744.2924,1023.8238000000001,1895.97,84.95999908447266,97.80000305175781,1136.5999755859375
2012-07-08,1894.99,1743.3908000000001,1023.2946000000001,1894.99,84.95999908447266,97.80000305175781,1136.5999755859375
2012-07-09,1894.12,1742.5904,1022.8248,1894.12,84.95999908447266,97.80000305175781,1136.5999755859375
2012-07-10,1893.78,1742.2776000000001,1022.6412,1893.78,84.95999908447266,97.80000305175781,1136.5999755859375
2012-07-11,1893.14,1741.6888000000001,1022.2956000000001,1893.14,84.95999908447266,97.80000305175781,1136.5999755859375
2012-07-12,1892.73,1741.3116,1022.0742000000001,1892.73,84.95999908447266,97.80000305175781,1136.5999755859375
2012-07-13,1892.34,1740.9528,1021.8636,1892.34,84.95999908447266,97.80000305175781,1136.5999755859375
2012-07-14,1892.13,1740.7596,1021.7502000000002,1892.13,84.95999908447266,97.80000305175781,1136.5999755859375
2012-07-15,1891.99,1740.6308000000001,1021.6746,1891.99,84.95999908447266,97.80000305175781,1136.5999755859375
2012-07-16,1891.86,1740.5112,1021.6044,1891.86,84.95999908447266,97.80000305175781,1136.5999755859375
2012-07-17,1892.18,1740.8056000000001,1021.7772000000001,1892.18,84.95999908447266,97.80000305175781,1136.5999755859375
2012-07-18,1892.48,1741.0816,1021.9392,1892.48,84.95999908447266,97.80000305175781,1136.5999755859375
2012-07-19,1893.07,1741.6244,1022.2578000000001,1893.07,84.95999908447266,97.80000305175781,1136.5999755859375
2012-07-20,1894.16,1742.6272000000001,1022.8464000000001,1894.16,84.95999908447266,97.80000305175781,1136.5999755859375
2012-07-21,1896.21,1744.5132,1023.9534000000001,1896.21,84.95999908447266,97.80000305175781,1136.5999755859375
2012-07-22,1897.42,1745.6264,1024.6068,1897.42,84.95999908447266,97.80000305175781,1136.5999755859375
2012-07-23,1898.88,1746.9696000000001,1025.3952000000002,1898.88,84.95999908447266,97.80000305175781,1136.5999755859375
2012-07-24,1903.11,1750.8612,1027.6794,1903.11,84.95999908447266,97.80000305175781,1136.5999755859375
2012-07-25,1906.83,1754.2836,1029.6882,1906.83,84.95999908447266,97.80000305175781,1136.5999755859375
2012-07-26,1910.53,1757.6876,1031.6862,1910.53,84.95999908447266,97.80000305175781,1136.5999755859375
2012-07-27,1914.48,1761.3216,1033.8192000000001,1914.48,84.95999908447266,97.80000305175781,1136.5999755859375
2012-07-28,1917.87,1764.4404,1035.6498,1917.87,84.95999908447266,97.80000305175781,1136.5999755859375
2012-07-29,1919.63,1766.0596000000003,1036.6002,1919.63,84.95999908447266,97.80000305175781,1136.5999755859375
2012-07-30,1921.46,1767.7432000000001,1037.5884,1921.46,84.95999908447266,97.80000305175781,1136.5999755859375
2012-07-31,1924.06,1770.1352,1038.9924,1924.06,84.95999908447266,97.80000305175781,1136.5999755859375
2012-08-01,1927.38,1773.1896000000002,1040.7852,1927.38,96.47000122070312,114.56999969482422,1133.5999755859375
2012-08-02,1929.91,1775.5172000000002,1042.1514000000002,1929.91,96.47000122070312,114.56999969482422,1133.5999755859375
2012-08-03,1932.11,1777.5412,1043.3394,1932.11,96.47000122070312,114.56999969482422,1133.5999755859375
2012-08-04,1934.23,1779.4916,1044.4842,1934.23,96.47000122070312,114.56999969482422,1133.5999755859375
2012-08-05,1935.13,1780.3196000000003,1044.9702000000002,1935.13,96.47000122070312,114.56999969482422,1133.5999755859375
2012-08-06,1936.31,1781.4052,1045.6074,1936.31,96.47000122070312,114.56999969482422,1133.5999755859375
2012-08-07,1938.7,1783.604,1046.8980000000001,1938.7,96.47000122070312,114.56999969482422,1133.5999755859375
2012-08-08,1940.63,1785.3796000000002,1047.9402000000002,1940.63,96.47000122070312,114.56999969482422,1133.5999755859375
2012-08-09,1942.74,1787.3208000000002,1049.0796,1942.74,96.47000122070312,114.56999969482422,1133.5999755859375
2012-08-10,1945.71,1790.0532,1050.6834000000001,1945.71,96.47000122070312,114.56999969482422,1133.5999755859375
2012-08-11,1948.71,1792.8132,1052.3034,1948.71,96.47000122070312,114.56999969482422,1133.5999755859375
2012-08-12,1950.21,1794.1932000000002,1053.1134000000002,1950.21,96.47000122070312,114.56999969482422,1133.5999755859375
2012-08-13,1952.21,1796.0332,1054.1934,1952.21,96.47000122070312,114.56999969482422,1133.5999755859375
2012-08-14,1959.25,1802.51,1057.9950000000001,1959.25,96.47000122070312,114.56999969482422,1133.5999755859375
2012-08-15,1964.99,1807.7908,1061.0946000000001,1964.99,96.47000122070312,114.56999969482422,1133.5999755859375
2012-08-16,1968.88,1811.3696000000002,1063.1952,1968.88,96.47000122070312,114.56999969482422,1133.5999755859375
2012-08-17,1973.95,1816.034,1065.933,1973.95,96.47000122070312,114.56999969482422,1133.5999755859375
2012-08-18,1978.91,1820.5972000000002,1068.6114,1978.91,96.47000122070312,114.56999969482422,1133.5999755859375
2012-08-19,1981.32,1822.8144,1069.9128,1981.32,96.47000122070312,114.56999969482422,1133.5999755859375
2012-08-20,1984.43,1825.6756,1071.5922,1984.43,96.47000122070312,114.56999969482422,1133.5999755859375
2012-08-21,1990.88,1831.6096000000002,1075.0752000000002,1990.88,96.47000122070312,114.56999969482422,1133.5999755859375
2012-08-22,1995.77,1836.1084,1077.7158000000002,1995.77,96.47000122070312,114.56999969482422,1133.5999755859375
2012-08-23,2000.11,1840.1012,1080.0594,2000.11,96.47000122070312,114.56999969482422,1133.5999755859375
2012-08-24,2003.71,1843.4132000000002,1082.0034,2003.71,96.47000122070312,114.56999969482422,1133.5999755859375
2012-08-25,2007.36,1846.7712,1083.9744,2007.36,96.47000122070312,114.56999969482422,1133.5999755859375
2012-08-26,2009.48,1848.7216,1085.1192,2009.48,96.47000122070312,114.56999969482422,1133.5999755859375
2012-08-27,2012.08,1851.1136,1086.5232,2012.08,96.47000122070312,114.56999969482422,1133.5999755859375
2012-08-28,2014.4,1853.2480000000003,1087.776,2014.4,96.47000122070312,114.56999969482422,1133.5999755859375
2012-08-29,2016.67,1855.3364000000001,1089.0018,2016.67,96.47000122070312,114.56999969482422,1133.5999755859375
2012-08-30,2018.56,1857.0752,1090.0224,2018.56,96.47000122070312,114.56999969482422,1133.5999755859375
2012-08-31,2020.05,1858.4460000000001,1090.827,2020.05,96.47000122070312,114.56999969482422,1133.5999755859375
2012-09-01,2022.52,1860.7184,1092.1608,2022.52,92.19000244140625,112.38999938964844,1096.5999755859375
2012-09-02,2023.63,1861.7396,1092.7602000000002,2023.63,92.19000244140625,112.38999938964844,1096.5999755859375
2012-09-03,2024.73,1862.7516,1093.3542,2024.73,92.19000244140625,112.38999938964844,1096.5999755859375
2012-09-04,2025.43,1863.3956,1093.7322000000001,2025.43,92.19000244140625,112.38999938964844,1096.5999755859375
2012-09-05,2025.9,1863.8280000000002,1093.986,2025.9,92.19000244140625,112.38999938964844,1096.5999755859375
2012-09-06,2026.29,1864.1868,1094.1966,2026.29,92.19000244140625,112.38999938964844,1096.5999755859375
2012-09-07,2026.27,1864.1684,1094.1858,2026.27,92.19000244140625,112.38999938964844,1096.5999755859375
2012-09-08,2026.59,1864.4628,1094.3586,2026.59,92.19000244140625,112.38999938964844,1096.5999755859375
2012-09-09,2026.76,1864.6192,1094.4504000000002,2026.76,92.19000244140625,112.38999938964844,1096.5999755859375
2012-09-10,2026.85,1864.702,1094.499,2026.85,92.19000244140625,112.38999938964844,1096.5999755859375
2012-09-11,2026.27,1864.1684,1094.1858,2026.27,92.19000244140625,112.38999938964844,1096.5999755859375
2012-09-12,2025.99,1863.9108,1094.0346000000002,2025.99,92.19000244140625,112.38999938964844,1096.5999755859375
2012-09-13,2025.81,1863.7452,1093.9374,2025.81,92.19000244140625,112.38999938964844,1096.5999755859375
2012-09-14,2025.79,1863.7268000000001,1093.9266,2025.79,92.19000244140625,112.38999938964844,1096.5999755859375
2012-09-15,2025.91,1863.8372000000002,1093.9914,2025.91,92.19000244140625,112.38999938964844,1096.5999755859375
2012-09-16,2025.99,1863.9108,1094.0346000000002,2025.99,92.19000244140625,112.38999938964844,1096.5999755859375
2012-09-17,2025.96,1863.8832000000002,1094.0184000000002,2025.96,92.19000244140625,112.38999938964844,1096.5999755859375
2012-09-18,2026.51,1864.3892,1094.3154,2026.51,92.19000244140625,112.38999938964844,1096.5999755859375
2012-09-19,2026.62,1864.4904,1094.3748,2026.62,92.19000244140625,112.38999938964844,1096.5999755859375
2012-09-20,2026.56,1864.4352000000001,1094.3424,2026.56,92.19000244140625,112.38999938964844,1096.5999755859375
2012-09-21,2025.97,1863.8924000000002,1094.0238000000002,2025.97,92.19000244140625,112.38999938964844,1096.5999755859375
2012-09-22,2025.34,1863.3128,1093.6836,2025.34,92.19000244140625,112.38999938964844,1096.5999755859375
2012-09-23,2024.64,1862.6688000000001,1093.3056000000001,2024.64,92.19000244140625,112.38999938964844,1096.5999755859375
2012-09-24,2024.66,1862.6872,1093.3164000000002,2024.66,92.19000244140625,112.38999938964844,1096.5999755859375
2012-09-25,2023.0,1861.16,1092.42,2023.0,92.19000244140625,112.38999938964844,1096.5999755859375
2012-09-26,2021.63,1859.8996000000002,1091.6802000000002,2021.63,92.19000244140625,112.38999938964844,1096.5999755859375
2012-09-27,2020.12,1858.5104,1090.8648,2020.12,92.19000244140625,112.38999938964844,1096.5999755859375
2012-09-28,2018.98,1857.4616,1090.2492,2018.98,92.19000244140625,112.38999938964844,1096.5999755859375
2012-09-29,2018.09,1856.6428,1089.7686,2018.09,92.19000244140625,112.38999938964844,1096.5999755859375
2012-09-30,2017.78,1856.3576,1089.6012,2017.78,92.19000244140625,112.38999938964844,1096.5999755859375
2012-10-01,2017.18,1855.8056000000001,1089.2772,2017.18,86.23999786376953,108.69999694824219,1090.300048828125
2012-10-02,2016.46,1855.1432000000002,1088.8884,2016.46,86.23999786376953,108.69999694824219,1090.300048828125
2012-10-03,2015.78,1854.5176000000001,1088.5212000000001,2015.78,86.23999786376953,108.69999694824219,1090.300048828125
2012-10-04,2014.89,1853.6988000000001,1088.0406,2014.89,86.23999786376953,108.69999694824219,1090.300048828125
2012-10-05,2013.57,1852.4844,1087.3278,2013.57,86.23999786376953,108.69999694824219,1090.300048828125
2012-10-06,2012.39,1851.3988000000002,1086.6906000000001,2012.39,86.23999786376953,108.69999694824219,1090.300048828125
2012-10-07,2011.81,1850.8652,1086.3774,2011.81,86.23999786376953,108.69999694824219,1090.300048828125
2012-10-08,2010.9,1850.0280000000002,1085.8860000000002,2010.9,86.23999786376953,108.69999694824219,1090.300048828125
2012-10-09,2009.8,1849.016,1085.2920000000001,2009.8,86.23999786376953,108.69999694824219,1090.300048828125
2012-10-10,2008.77,1848.0684,1084.7358000000002,2008.77,86.23999786376953,108.69999694824219,1090.300048828125
2012-10-11,2007.91,1847.2772000000002,1084.2714,2007.91,86.23999786376953,108.69999694824219,1090.300048828125
2012-10-12,2007.58,1846.9736,1084.0932,2007.58,86.23999786376953,108.69999694824219,1090.300048828125
2012-10-13,2007.15,1846.5780000000002,1083.861,2007.15,86.23999786376953,108.69999694824219,1090.300048828125
2012-10-14,2006.93,1846.3756,1083.7422000000001,2006.93,86.23999786376953,108.69999694824219,1090.300048828125
2012-10-15,2006.69,1846.1548,1083.6126000000002,2006.69,86.23999786376953,108.69999694824219,1090.300048828125
2012-10-16,2006.6,1846.072,1083.564,2006.6,86.23999786376953,108.69999694824219,1090.300048828125
2012-10-17,2006.39,1845.8788000000002,1083.4506000000001,2006.39,86.23999786376953,108.69999694824219,1090.300048828125
2012-10-18,2006.19,1845.6948000000002,1083.3426000000002,2006.19,86.23999786376953,108.69999694824219,1090.300048828125
2012-10-19,2006.04,1845.5568,1083.2616,2006.04,86.23999786376953,108.69999694824219,1090.300048828125
2012-10-20,2005.66,1845.2072,1083.0564000000002,2005.66,86.23999786376953,108.69999694824219,1090.300048828125
2012-10-21,2005.63,1845.1796000000002,1083.0402000000001,2005.63,86.23999786376953,108.69999694824219,1090.300048828125
2012-10-22,2005.31,1844.8852,1082.8674,2005.31,86.23999786376953,108.69999694824219,1090.300048828125
2012-10-23,2004.16,1843.8272000000002,1082.2464000000002,2004.16,86.23999786376953,108.69999694824219,1090.300048828125
2012-10-24,2002.98,1842.7416,1081.6092,2002.98,86.23999786376953,108.69999694824219,1090.300048828125
2012-10-25,2001.27,1841.1684,1080.6858,2001.27,86.23999786376953,108.69999694824219,1090.300048828125
2012-10-26,1999.11,1839.1812,1079.5194,1999.11,86.23999786376953,108.69999694824219,1090.300048828125
2012-10-27,1996.95,1837.1940000000002,1078.353,1996.95,86.23999786376953,108.69999694824219,1090.300048828125
2012-10-28,1995.96,1836.2832,1077.8184,1995.96,86.23999786376953,108.69999694824219,1090.300048828125
2012-10-29,1994.26,1834.7192,1076.9004,1994.26,86.23999786376953,108.69999694824219,1090.300048828125
2012-10-30,1990.25,1831.03,1074.7350000000001,1990.25,86.23999786376953,108.69999694824219,1090.300048828125
2012-10-31,1986.67,1827.7364000000002,1072.8018000000002,1986.67,86.23999786376953,108.69999694824219,1090.300048828125
2012-11-01,1981.73,1823.1916,1070.1342000000002,1981.73,88.91000366210938,111.2300033569336,1082.0999755859375
2012-11-02,1978.47,1820.1924000000001,1068.3738,1978.47,88.91000366210938,111.2300033569336,1082.0999755859375
2012-11-03,1976.1,1818.012,1067.094,1976.1,88.91000366210938,111.2300033569336,1082.0999755859375
2012-11-04,1974.91,1816.9172,1066.4514000000001,1974.91,88.91000366210938,111.2300033569336,1082.0999755859375
2012-11-05,1973.32,1815.4544,1065.5928000000001,1973.32,88.91000366210938,111.2300033569336,1082.0999755859375
2012-11-06,1970.32,1812.6944,1063.9728,1970.32,88.91000366210938,111.2300033569336,1082.0999755859375
2012-11-07,1967.84,1810.4128,1062.6336000000001,1967.84,88.91000366210938,111.2300033569336,1082.0999755859375
2012-11-08,1965.36,1808.1312,1061.2944,1965.36,88.91000366210938,111.2300033569336,1082.0999755859375
2012-11-09,1962.8,1805.776,1059.912,1962.8,88.91000366210938,111.2300033569336,1082.0999755859375
2012-11-10,1961.07,1804.1844,1058.9778000000001,1961.07,88.91000366210938,111.2300033569336,1082.0999755859375
2012-11-11,1960.36,1803.5312,1058.5944,1960.36,88.91000366210938,111.2300033569336,1082.0999755859375
2012-11-12,1959.23,1802.4916,1057.9842,1959.23,88.91000366210938,111.2300033569336,1082.0999755859375
2012-11-13,1957.47,1800.8724000000002,1057.0338000000002,1957.47,88.91000366210938,111.2300033569336,1082.0999755859375
2012-11-14,1955.81,1799.3452,1056.1374,1955.81,88.91000366210938,111.2300033569336,1082.0999755859375
2012-11-15,1954.44,1798.0848,1055.3976,1954.44,88.91000366210938,111.2300033569336,1082.0999755859375
2012-11-16,1952.79,1796.5668,1054.5066000000002,1952.79,88.91000366210938,111.2300033569336,1082.0999755859375
2012-11-17,1951.23,1795.1316000000002,1053.6642000000002,1951.23,88.91000366210938,111.2300033569336,1082.0999755859375
2012-11-18,1950.44,1794.4048,1053.2376000000002,1950.44,88.91000366210938,111.2300033569336,1082.0999755859375
2012-11-19,1949.39,1793.4388000000001,1052.6706000000001,1949.39,88.91000366210938,111.2300033569336,1082.0999755859375
2012-11-20,1947.85,1792.022,1051.839,1947.85,88.91000366210938,111.2300033569336,1082.0999755859375
2012-11-21,1946.63,1790.8996000000002,1051.1802000000002,1946.63,88.91000366210938,111.2300033569336,1082.0999755859375
2012-11-22,1945.59,1789.9428,1050.6186,1945.59,88.91000366210938,111.2300033569336,1082.0999755859375
2012-11-23,1944.39,1788.8388000000002,1049.9706,1944.39,88.91000366210938,111.2300033569336,1082.0999755859375
2012-11-24,1943.66,1788.1672,1049.5764000000001,1943.66,88.91000366210938,111.2300033569336,1082.0999755859375
2012-11-25,1943.25,1787.7900000000002,1049.355,1943.25,88.91000366210938,111.2300033569336,1082.0999755859375
2012-11-26,1942.74,1787.3208000000002,1049.0796,1942.74,88.91000366210938,111.2300033569336,1082.0999755859375
2012-11-27,1942.34,1786.9528,1048.8636000000001,1942.34,88.91000366210938,111.2300033569336,1082.0999755859375
2012-11-28,1941.71,1786.3732000000002,1048.5234,1941.71,88.91000366210938,111.2300033569336,1082.0999755859375
2012-11-29,1941.23,1785.9316000000001,1048.2642,1941.23,88.91000366210938,111.2300033569336,1082.0999755859375
2012-11-30,1940.83,1785.5636,1048.0482,1940.83,88.91000366210938,111.2300033569336,1082.0999755859375
2012-12-01,1940.23,1785.0116,1047.7242,1940.23,91.81999969482422,111.11000061035156,1038.0999755859375
2012-12-02,1939.91,1784.7172,1047.5514,1939.91,91.81999969482422,111.11000061035156,1038.0999755859375
2012-12-03,1939.62,1784.4504,1047.3948,1939.62,91.81999969482422,111.11000061035156,1038.0999755859375
2012-12-04,1939.37,1784.2204,1047.2598,1939.37,91.81999969482422,111.11000061035156,1038.0999755859375
2012-12-05,1939.13,1783.9996,1047.1302,1939.13,91.81999969482422,111.11000061035156,1038.0999755859375
2012-12-06,1939.0,1783.88,1047.0600000000002,1939.0,91.81999969482422,111.11000061035156,1038.0999755859375
2012-12-07,1939.26,1784.1192,1047.2004000000002,1939.26,91.81999969482422,111.11000061035156,1038.0999755859375
2012-12-08,1939.18,1784.0456000000001,1047.1572,1939.18,91.81999969482422,111.11000061035156,1038.0999755859375
2012-12-09,1939.01,1783.8892,1047.0654,1939.01,91.81999969482422,111.11000061035156,1038.0999755859375
2012-12-10,1938.98,1783.8616000000002,1047.0492000000002,1938.98,91.81999969482422,111.11000061035156,1038.0999755859375
2012-12-11,1938.52,1783.4384,1046.8008,1938.52,91.81999969482422,111.11000061035156,1038.0999755859375
2012-12-12,1937.88,1782.8496000000002,1046.4552,1937.88,91.81999969482422,111.11000061035156,1038.0999755859375
2012-12-13,1937.66,1782.6472,1046.3364000000001,1937.66,91.81999969482422,111.11000061035156,1038.0999755859375
2012-12-14,1937.27,1782.2884000000001,1046.1258,1937.27,91.81999969482422,111.11000061035156,1038.0999755859375
2012-12-15,1936.87,1781.9204,1045.9098,1936.87,91.81999969482422,111.11000061035156,1038.0999755859375
2012-12-16,1936.46,1781.5432,1045.6884,1936.46,91.81999969482422,111.11000061035156,1038.0999755859375
2012-12-17,1936.12,1781.2304,1045.5048,1936.12,91.81999969482422,111.11000061035156,1038.0999755859375
2012-12-18,1934.99,1780.1908,1044.8946,1934.99,91.81999969482422,111.11000061035156,1038.0999755859375
2012-12-19,1934.41,1779.6572,1044.5814,1934.41,91.81999969482422,111.11000061035156,1038.0999755859375
2012-12-20,1933.78,1779.0776,1044.2412000000002,1933.78,91.81999969482422,111.11000061035156,1038.0999755859375
2012-12-21,1933.21,1778.5532,1043.9334000000001,1933.21,91.81999969482422,111.11000061035156,1038.0999755859375
2012-12-22,1932.98,1778.3416000000002,1043.8092000000001,1932.98,91.81999969482422,111.11000061035156,1038.0999755859375
2012-12-23,1932.77,1778.1484,1043.6958,1932.77,91.81999969482422,111.11000061035156,1038.0999755859375
2012-12-24,1932.22,1777.6424000000002,1043.3988000000002,1932.22,91.81999969482422,111.11000061035156,1038.0999755859375
2012-12-25,1931.76,1777.2192,1043.1504,1931.76,91.81999969482422,111.11000061035156,1038.0999755859375
2012-12-26,1931.55,1777.026,1043.037,1931.55,91.81999969482422,111.11000061035156,1038.0999755859375
2012-12-27,1931.58,1777.0536,1043.0532,1931.58,91.81999969482422,111.11000061035156,1038.0999755859375
2012-12-28,1931.03,1776.5476,1042.7562,1931.03,91.81999969482422,111.11000061035156,1038.0999755859375
2012-12-29,1930.72,1776.2624,1042.5888,1930.72,91.81999969482422,111.11000061035156,1038.0999755859375
2012-12-30,1930.48,1776.0416,1042.4592,1930.48,91.81999969482422,111.11000061035156,1038.0999755859375
2012-12-31,1930.17,1775.7564000000002,1042.2918000000002,1930.17,91.81999969482422,111.11000061035156,1038.0999755859375
2013-01-01,1929.69,1775.3148,1042.0326,1929.69,97.48999786376953,115.55000305175781,1085.4000244140625
2013-01-02,1929.12,1774.7903999999999,1041.7248,1929.12,97.48999786376953,115.55000305175781,1085.4000244140625
2013-01-03,1928.76,1774.4592,1041.5304,1928.76,97.48999786376953,115.55000305175781,1085.4000244140625
2013-01-04,1928.74,1774.4408,1041.5196,1928.74,97.48999786376953,115.55000305175781,1085.4000244140625
2013-01-05,1928.23,1773.9716,1041.2442,1928.23,97.48999786376953,115.55000305175781,1085.4000244140625
2013-01-06,1927.91,1773.6772,1041.0714,1927.91,97.48999786376953,115.55000305175781,1085.4000244140625
2013-01-07,1927.39,1773.1988000000001,1040.7906,1927.39,97.48999786376953,115.55000305175781,1085.4000244140625
2013-01-08,1927.53,1773.3276,1040.8662000000002,1927.53,97.48999786376953,115.55000305175781,1085.4000244140625
2013-01-09,1927.17,1772.9964000000002,1040.6718,1927.17,97.48999786376953,115.55000305175781,1085.4000244140625
2013-01-10,1926.68,1772.5456000000001,1040.4072,1926.68,97.48999786376953,115.55000305175781,1085.4000244140625
2013-01-11,1926.42,1772.3064000000002,1040.2668,1926.42,97.48999786376953,115.55000305175781,1085.4000244140625
2013-01-12,1926.11,1772.0212,1040.0994,1926.11,97.48999786376953,115.55000305175781,1085.4000244140625
2013-01-13,1925.98,1771.9016000000001,1040.0292000000002,1925.98,97.48999786376953,115.55000305175781,1085.4000244140625
2013-01-14,1925.78,1771.7176,1039.9212,1925.78,97.48999786376953,115.55000305175781,1085.4000244140625
2013-01-15,1925.35,1771.322,1039.689,1925.35,97.48999786376953,115.55000305175781,1085.4000244140625
2013-01-16,1924.96,1770.9632000000001,1039.4784000000002,1924.96,97.48999786376953,115.55000305175781,1085.4000244140625
2013-01-17,1924.62,1770.6504,1039.2948000000001,1924.62,97.48999786376953,115.55000305175781,1085.4000244140625
2013-01-18,1923.91,1769.9972000000002,1038.9114000000002,1923.91,97.48999786376953,115.55000305175781,1085.4000244140625
2013-01-19,1923.78,1769.8776,1038.8412,1923.78,97.48999786376953,115.55000305175781,1085.4000244140625
2013-01-20,1923.59,1769.7028,1038.7386000000001,1923.59,97.48999786376953,115.55000305175781,1085.4000244140625
2013-01-21,1923.3,1769.436,1038.582,1923.3,97.48999786376953,115.55000305175781,1085.4000244140625
2013-01-22,1922.63,1768.8196000000003,1038.2202000000002,1922.63,97.48999786376953,115.55000305175781,1085.4000244140625
2013-01-23,1921.94,1768.1848000000002,1037.8476,1921.94,97.48999786376953,115.55000305175781,1085.4000244140625
2013-01-24,1921.46,1767.7432000000001,1037.5884,1921.46,97.48999786376953,115.55000305175781,1085.4000244140625
2013-01-25,1920.96,1767.2832,1037.3184,1920.96,97.48999786376953,115.55000305175781,1085.4000244140625
2013-01-26,1920.68,1767.0256000000002,1037.1672,1920.68,97.48999786376953,115.55000305175781,1085.4000244140625
2013-01-27,1920.5,1766.8600000000001,1037.0700000000002,1920.5,97.48999786376953,115.55000305175781,1085.4000244140625
2013-01-28,1920.3,1766.676,1036.962,1920.3,97.48999786376953,115.55000305175781,1085.4000244140625
2013-01-29,1920.29,1766.6668,1036.9566,1920.29,97.48999786376953,115.55000305175781,1085.4000244140625
2013-01-30,1920.24,1766.6208000000001,1036.9296000000002,1920.24,97.48999786376953,115.55000305175781,1085.4000244140625
2013-01-31,1920.1,1766.492,1036.854,1920.1,97.48999786376953,115.55000305175781,1085.4000244140625
2013-02-01,1920.06,1766.4552,1036.8324,1920.06,92.05000305175781,111.37999725341797,1083.9000244140625
2013-02-02,1920.27,1766.6484,1036.9458,1920.27,92.05000305175781,111.37999725341797,1083.9000244140625
2013-02-03,1920.34,1766.7128,1036.9836,1920.34,92.05000305175781,111.37999725341797,1083.9000244140625
2013-02-04,1920.59,1766.9428,1037.1186,1920.59,92.05000305175781,111.37999725341797,1083.9000244140625
2013-02-05,1922.81,1768.9852,1038.3174000000001,1922.81,92.05000305175781,111.37999725341797,1083.9000244140625
2013-02-06,1924.07,1770.1444,1038.9978,1924.07,92.05000305175781,111.37999725341797,1083.9000244140625
2013-02-07,1925.85,1771.782,1039.959,1925.85,92.05000305175781,111.37999725341797,1083.9000244140625
2013-02-08,1929.65,1775.2780000000002,1042.0110000000002,1929.65,92.05000305175781,111.37999725341797,1083.9000244140625
2013-02-09,1934.03,1779.3076,1044.3762000000002,1934.03,92.05000305175781,111.37999725341797,1083.9000244140625
2013-02-10,1935.59,1780.7428,1045.2186,1935.59,92.05000305175781,111.37999725341797,1083.9000244140625
2013-02-11,1936.8,1781.856,1045.872,1936.8,92.05000305175781,111.37999725341797,1083.9000244140625
2013-02-12,1939.28,1784.1376,1047.2112,1939.28,92.05000305175781,111.37999725341797,1083.9000244140625
2013-02-13,1942.78,1787.3576,1049.1012,1942.78,92.05000305175781,111.37999725341797,1083.9000244140625
2013-02-14,1946.78,1791.0376,1051.2612000000001,1946.78,92.05000305175781,111.37999725341797,1083.9000244140625
2013-02-15,1952.08,1795.9136,1054.1232,1952.08,92.05000305175781,111.37999725341797,1083.9000244140625
2013-02-16,1957.42,1800.8264000000001,1057.0068,1957.42,92.05000305175781,111.37999725341797,1083.9000244140625
2013-02-17,1959.65,1802.8780000000002,1058.211,1959.65,92.05000305175781,111.37999725341797,1083.9000244140625
2013-02-18,1962.71,1805.6932000000002,1059.8634000000002,1962.71,92.05000305175781,111.37999725341797,1083.9000244140625
2013-02-19,1967.6,1810.192,1062.5040000000001,1967.6,92.05000305175781,111.37999725341797,1083.9000244140625
2013-02-20,1972.34,1814.5528,1065.0636,1972.34,92.05000305175781,111.37999725341797,1083.9000244140625
2013-02-21,1976.12,1818.0303999999999,1067.1048,1976.12,92.05000305175781,111.37999725341797,1083.9000244140625
2013-02-22,1979.89,1821.4988,1069.1406000000002,1979.89,92.05000305175781,111.37999725341797,1083.9000244140625
2013-02-23,1983.26,1824.5992,1070.9604000000002,1983.26,92.05000305175781,111.37999725341797,1083.9000244140625
2013-02-24,1985.4,1826.5680000000002,1072.1160000000002,1985.4,92.05000305175781,111.37999725341797,1083.9000244140625
2013-02-25,1986.5,1827.5800000000002,1072.71,1986.5,92.05000305175781,111.37999725341797,1083.9000244140625
2013-02-26,1988.83,1829.7236,1073.9682,1988.83,92.05000305175781,111.37999725341797,1083.9000244140625
2013-02-27,1990.04,1830.8368,1074.6216,1990.04,92.05000305175781,111.37999725341797,1083.9000244140625
2013-02-28,1990.95,1831.6740000000002,1075.113,1990.95,92.05000305175781,111.37999725341797,1083.9000244140625
2013-03-01,1991.73,1832.3916000000002,1075.5342,1991.73,97.2300033569336,110.0199966430664,1090.0
2013-03-02,1992.85,1833.422,1076.1390000000001,1992.85,97.2300033569336,110.0199966430664,1090.0
2013-03-03,1993.17,1833.7164000000002,1076.3118000000002,1993.17,97.2300033569336,110.0199966430664,1090.0
2013-03-04,1993.87,1834.3604,1076.6898,1993.87,97.2300033569336,110.0199966430664,1090.0
2013-03-05,1993.96,1834.4432000000002,1076.7384000000002,1993.96,97.2300033569336,110.0199966430664,1090.0
2013-03-06,1994.13,1834.5996000000002,1076.8302,1994.13,97.2300033569336,110.0199966430664,1090.0
2013-03-07,1994.04,1834.5168,1076.7816,1994.04,97.2300033569336,110.0199966430664,1090.0
2013-03-08,1993.62,1834.1304,1076.5548000000001,1993.62,97.2300033569336,110.0199966430664,1090.0
2013-03-09,1993.44,1833.9648000000002,1076.4576000000002,1993.44,97.2300033569336,110.0199966430664,1090.0
2013-03-10,1993.35,1833.882,1076.409,1993.35,97.2300033569336,110.0199966430664,1090.0
2013-03-11,1993.21,1833.7532,1076.3334,1993.21,97.2300033569336,110.0199966430664,1090.0
2013-03-12,1992.67,1833.2564000000002,1076.0418000000002,1992.67,97.2300033569336,110.0199966430664,1090.0
2013-03-13,1991.89,1832.5388000000003,1075.6206000000002,1991.89,97.2300033569336,110.0199966430664,1090.0
2013-03-14,1991.07,1831.7844,1075.1778,1991.07,97.2300033569336,110.0199966430664,1090.0
2013-03-15,1989.44,1830.2848000000001,1074.2976,1989.44,97.2300033569336,110.0199966430664,1090.0
2013-03-16,1988.37,1829.3004,1073.7198,1988.37,97.2300033569336,110.0199966430664,1090.0
2013-03-17,1987.8,1828.776,1073.412,1987.8,97.2300033569336,110.0199966430664,1090.0
2013-03-18,1986.98,1828.0216,1072.9692,1986.98,97.2300033569336,110.0199966430664,1090.0
2013-03-19,1985.55,1826.7060000000001,1072.1970000000001,1985.55,97.2300033569336,110.0199966430664,1090.0
2013-03-20,1984.34,1825.5928,1071.5436,1984.34,97.2300033569336,110.0199966430664,1090.0
2013-03-21,1983.04,1824.3968,1070.8416,1983.04,97.2300033569336,110.0199966430664,1090.0
2013-03-22,1981.91,1823.3572000000001,1070.2314000000001,1981.91,97.2300033569336,110.0199966430664,1090.0
2013-03-23,1981.01,1822.5292000000002,1069.7454,1981.01,97.2300033569336,110.0199966430664,1090.0
2013-03-24,1980.55,1822.106,1069.497,1980.55,97.2300033569336,110.0199966430664,1090.0
2013-03-25,1979.64,1821.2688000000003,1069.0056000000002,1979.64,97.2300033569336,110.0199966430664,1090.0
2013-03-26,1978.29,1820.0268,1068.2766000000001,1978.29,97.2300033569336,110.0199966430664,1090.0
2013-03-27,1976.94,1818.7848000000001,1067.5476,1976.94,97.2300033569336,110.0199966430664,1090.0
2013-03-28,1975.66,1817.6072000000001,1066.8564000000001,1975.66,97.2300033569336,110.0199966430664,1090.0
2013-03-29,1974.42,1816.4664000000002,1066.1868000000002,1974.42,97.2300033569336,110.0199966430664,1090.0
2013-03-30,1973.37,1815.5004,1065.6198,1973.37,97.2300033569336,110.0199966430664,1090.0
2013-03-31,1972.9,1815.0680000000002,1065.3660000000002,1972.9,97.2300033569336,110.0199966430664,1090.0
2013-04-01,1971.41,1813.6972,1064.5614,1971.41,93.45999908447266,102.37000274658203,1103.199951171875
2013-04-02,1970.71,1813.0532,1064.1834000000001,1970.71,93.45999908447266,102.37000274658203,1103.199951171875
2013-04-03,1969.55,1811.986,1063.557,1969.55,93.45999908447266,102.37000274658203,1103.199951171875
2013-04-04,1968.28,1810.8176,1062.8712,1968.28,93.45999908447266,102.37000274658203,1103.199951171875
2013-04-05,1967.17,1809.7964000000002,1062.2718000000002,1967.17,93.45999908447266,102.37000274658203,1103.199951171875
2013-04-06,1966.24,1808.9408,1061.7696,1966.24,93.45999908447266,102.37000274658203,1103.199951171875
2013-04-07,1965.89,1808.6188000000002,1061.5806000000002,1965.89,93.45999908447266,102.37000274658203,1103.199951171875
2013-04-08,1965.08,1807.8736000000001,1061.1432,1965.08,93.45999908447266,102.37000274658203,1103.199951171875
2013-04-09,1963.53,1806.4476,1060.3062,1963.53,93.45999908447266,102.37000274658203,1103.199951171875
2013-04-10,1962.52,1805.5184000000002,1059.7608,1962.52,93.45999908447266,102.37000274658203,1103.199951171875
2013-04-11,1961.34,1804.4328,1059.1236000000001,1961.34,93.45999908447266,102.37000274658203,1103.199951171875
2013-04-12,1960.41,1803.5772000000002,1058.6214000000002,1960.41,93.45999908447266,102.37000274658203,1103.199951171875
2013-04-13,1959.54,1802.7768,1058.1516000000001,1959.54,93.45999908447266,102.37000274658203,1103.199951171875
2013-04-14,1959.16,1802.4272,1057.9464,1959.16,93.45999908447266,102.37000274658203,1103.199951171875
2013-04-15,1958.23,1801.5716,1057.4442000000001,1958.23,93.45999908447266,102.37000274658203,1103.199951171875
2013-04-16,1955.59,1799.1428,1056.0186,1955.59,93.45999908447266,102.37000274658203,1103.199951171875
2013-04-17,1952.44,1796.2448000000002,1054.3176,1952.44,93.45999908447266,102.37000274658203,1103.199951171875
2013-04-18,1949.26,1793.3192000000001,1052.6004,1949.26,93.45999908447266,102.37000274658203,1103.199951171875
2013-04-19,1945.61,1789.9612,1050.6294,1945.61,93.45999908447266,102.37000274658203,1103.199951171875
2013-04-20,1942.62,1787.2104,1049.0148,1942.62,93.45999908447266,102.37000274658203,1103.199951171875
2013-04-21,1941.4,1786.0880000000002,1048.3560000000002,1941.4,93.45999908447266,102.37000274658203,1103.199951171875
2013-04-22,1939.18,1784.0456000000001,1047.1572,1939.18,93.45999908447266,102.37000274658203,1103.199951171875
2013-04-23,1934.74,1779.9608,1044.7596,1934.74,93.45999908447266,102.37000274658203,1103.199951171875
2013-04-24,1930.73,1776.2716,1042.5942,1930.73,93.45999908447266,102.37000274658203,1103.199951171875
2013-04-25,1926.59,1772.4628,1040.3586,1926.59,93.45999908447266,102.37000274658203,1103.199951171875
2013-04-26,1923.12,1769.2703999999999,1038.4848,1923.12,93.45999908447266,102.37000274658203,1103.199951171875
2013-04-27,1920.57,1766.9244,1037.1078,1920.57,93.45999908447266,102.37000274658203,1103.199951171875
2013-04-28,1919.41,1765.8572000000001,1036.4814000000001,1919.41,93.45999908447266,102.37000274658203,1103.199951171875
2013-04-29,1917.81,1764.3852,1035.6174,1917.81,93.45999908447266,102.37000274658203,1103.199951171875
2013-04-30,1915.66,1762.4072,1034.4564,1915.66,93.45999908447266,102.37000274658203,1103.199951171875
2013-05-01,1912.51,1759.5092,1032.7554,1912.51,91.97000122070312,100.38999938964844,1127.5999755859375
2013-05-02,1910.58,1757.7336,1031.7132,1910.58,91.97000122070312,100.38999938964844,1127.5999755859375
2013-05-03,1908.98,1756.2616,1030.8492,1908.98,91.97000122070312,100.38999938964844,1127.5999755859375
2013-05-04,1907.5,1754.9,1030.05,1907.5,91.97000122070312,100.38999938964844,1127.5999755859375
2013-05-05,1906.65,1754.1180000000002,1029.5910000000001,1906.65,91.97000122070312,100.38999938964844,1127.5999755859375
2013-05-06,1905.8,1753.336,1029.132,1905.8,91.97000122070312,100.38999938964844,1127.5999755859375
2013-05-07,1904.12,1751.7903999999999,1028.2248,1904.12,91.97000122070312,100.38999938964844,1127.5999755859375
2013-05-08,1902.91,1750.6772,1027.5714,1902.91,91.97000122070312,100.38999938964844,1127.5999755859375
2013-05-09,1901.68,1749.5456000000001,1026.9072,1901.68,91.97000122070312,100.38999938964844,1127.5999755859375
2013-05-10,1900.83,1748.7636,1026.4482,1900.83,91.97000122070312,100.38999938964844,1127.5999755859375
2013-05-11,1899.94,1747.9448000000002,1025.9676000000002,1899.94,91.97000122070312,100.38999938964844,1127.5999755859375
2013-05-12,1899.49,1747.5308,1025.7246,1899.49,91.97000122070312,100.38999938964844,1127.5999755859375
2013-05-13,1898.79,1746.8868,1025.3466,1898.79,91.97000122070312,100.38999938964844,1127.5999755859375
2013-05-14,1898.02,1746.1784,1024.9308,1898.02,91.97000122070312,100.38999938964844,1127.5999755859375
2013-05-15,1897.54,1745.7368000000001,1024.6716000000001,1897.54,91.97000122070312,100.38999938964844,1127.5999755859375
2013-05-16,1896.94,1745.1848000000002,1024.3476,1896.94,91.97000122070312,100.38999938964844,1127.5999755859375
2013-05-17,1896.38,1744.6696000000002,1024.0452,1896.38,91.97000122070312,100.38999938964844,1127.5999755859375
2013-05-18,1896.38,1744.6696000000002,1024.0452,1896.38,91.97000122070312,100.38999938964844,1127.5999755859375
2013-05-19,1896.28,1744.5776,1023.9912,1896.28,91.97000122070312,100.38999938964844,1127.5999755859375
2013-05-20,1896.15,1744.458,1023.9210000000002,1896.15,91.97000122070312,100.38999938964844,1127.5999755859375
2013-05-21,1896.12,1744.4304,1023.9048,1896.12,91.97000122070312,100.38999938964844,1127.5999755859375
2013-05-22,1896.45,1744.7340000000002,1024.083,1896.45,91.97000122070312,100.38999938964844,1127.5999755859375
2013-05-23,1897.01,1745.2492,1024.3854000000001,1897.01,91.97000122070312,100.38999938964844,1127.5999755859375
2013-05-24,1896.8,1745.056,1024.272,1896.8,91.97000122070312,100.38999938964844,1127.5999755859375
2013-05-25,1896.57,1744.8444,1024.1478,1896.57,91.97000122070312,100.38999938964844,1127.5999755859375
2013-05-26,1896.49,1744.7708,1024.1046000000001,1896.49,91.97000122070312,100.38999938964844,1127.5999755859375
2013-05-27,1896.48,1744.7616,1024.0992,1896.48,91.97000122070312,100.38999938964844,1127.5999755859375
2013-05-28,1896.63,1744.8996000000002,1024.1802,1896.63,91.97000122070312,100.38999938964844,1127.5999755859375
2013-05-29,1896.48,1744.7616,1024.0992,1896.48,91.97000122070312,100.38999938964844,1127.5999755859375
2013-05-30,1896.5,1744.78,1024.1100000000001,1896.5,91.97000122070312,100.38999938964844,1127.5999755859375
2013-05-31,1896.39,1744.6788000000001,1024.0506,1896.39,91.97000122070312,100.38999938964844,1127.5999755859375
2013-06-01,1896.48,1744.7616,1024.0992,1896.48,96.55999755859375,102.16000366210938,1122.0999755859375
2013-06-02,1896.36,1744.6512,1024.0344,1896.36,96.55999755859375,102.16000366210938,1122.0999755859375
2013-06-03,1896.22,1744.5224,1023.9588000000001,1896.22,96.55999755859375,102.16000366210938,1122.0999755859375
2013-06-04,1896.47,1744.7524,1024.0938,1896.47,96.55999755859375,102.16000366210938,1122.0999755859375
2013-06-05,1896.84,1745.0928,1024.2936,1896.84,96.55999755859375,102.16000366210938,1122.0999755859375
2013-06-06,1897.08,1745.3136,1024.4232,1897.08,96.55999755859375,102.16000366210938,1122.0999755859375
2013-06-07,1897.12,1745.3504,1024.4448,1897.12,96.55999755859375,102.16000366210938,1122.0999755859375
2013-06-08,1897.3,1745.516,1024.5420000000001,1897.3,96.55999755859375,102.16000366210938,1122.0999755859375
2013-06-09,1897.42,1745.6264,1024.6068,1897.42,96.55999755859375,102.16000366210938,1122.0999755859375
2013-06-10,1897.56,1745.7552,1024.6824000000001,1897.56,96.55999755859375,102.16000366210938,1122.0999755859375
2013-06-11,1898.1,1746.252,1024.974,1898.1,96.55999755859375,102.16000366210938,1122.0999755859375
2013-06-12,1898.46,1746.5832,1025.1684,1898.46,96.55999755859375,102.16000366210938,1122.0999755859375
2013-06-13,1898.94,1747.0248000000001,1025.4276,1898.94,96.55999755859375,102.16000366210938,1122.0999755859375
2013-06-14,1899.29,1747.3468,1025.6166,1899.29,96.55999755859375,102.16000366210938,1122.0999755859375
2013-06-15,1899.75,1747.77,1025.865,1899.75,96.55999755859375,102.16000366210938,1122.0999755859375
2013-06-16,1899.93,1747.9356,1025.9622000000002,1899.93,96.55999755859375,102.16000366210938,1122.0999755859375
2013-06-17,1900.28,1748.2576000000001,1026.1512,1900.28,96.55999755859375,102.16000366210938,1122.0999755859375
2013-06-18,1901.61,1749.4812,1026.8694,1901.61,96.55999755859375,102.16000366210938,1122.0999755859375
2013-06-19,1903.12,1750.8704,1027.6848,1903.12,96.55999755859375,102.16000366210938,1122.0999755859375
2013-06-20,1904.12,1751.7903999999999,1028.2248,1904.12,96.55999755859375,102.16000366210938,1122.0999755859375
2013-06-21,1905.14,1752.7288,1028.7756000000002,1905.14,96.55999755859375,102.16000366210938,1122.0999755859375
2013-06-22,1906.01,1753.5292000000002,1029.2454,1906.01,96.55999755859375,102.16000366210938,1122.0999755859375
2013-06-23,1906.44,1753.9248000000002,1029.4776000000002,1906.44,96.55999755859375,102.16000366210938,1122.0999755859375
2013-06-24,1907.05,1754.486,1029.807,1907.05,96.55999755859375,102.16000366210938,1122.0999755859375
2013-06-25,1908.54,1755.8568,1030.6116,1908.54,96.55999755859375,102.16000366210938,1122.0999755859375
2013-06-26,1909.71,1756.9332000000002,1031.2434,1909.71,96.55999755859375,102.16000366210938,1122.0999755859375
2013-06-27,1910.57,1757.7244,1031.7078000000001,1910.57,96.55999755859375,102.16000366210938,1122.0999755859375
2013-06-28,1911.29,1758.3868,1032.0966,1911.29,96.55999755859375,102.16000366210938,1122.0999755859375
2013-06-29,1912.14,1759.1688000000001,1032.5556000000001,1912.14,96.55999755859375,102.16000366210938,1122.0999755859375
2013-06-30,1912.44,1759.4448000000002,1032.7176000000002,1912.44,96.55999755859375,102.16000366210938,1122.0999755859375
2013-07-01,1913.34,1760.2728,1033.2036,1913.34,105.02999877929688,107.69999694824219,1113.300048828125
2013-07-02,1914.64,1761.4688,1033.9056,1914.64,105.02999877929688,107.69999694824219,1113.300048828125
2013-07-03,1915.44,1762.2048000000002,1034.3376,1915.44,105.02999877929688,107.69999694824219,1113.300048828125
2013-07-04,1916.36,1763.0511999999999,1034.8344,1916.36,105.02999877929688,107.69999694824219,1113.300048828125
2013-07-05,1917.52,1764.1184,1035.4608,1917.52,105.02999877929688,107.69999694824219,1113.300048828125
2013-07-06,1918.69,1765.1948000000002,1036.0926000000002,1918.69,105.02999877929688,107.69999694824219,1113.300048828125
2013-07-07,1919.31,1765.7652,1036.4274,1919.31,105.02999877929688,107.69999694824219,1113.300048828125
2013-07-08,1919.95,1766.354,1036.7730000000001,1919.95,105.02999877929688,107.69999694824219,1113.300048828125
2013-07-09,1921.49,1767.7708,1037.6046000000001,1921.49,105.02999877929688,107.69999694824219,1113.300048828125
2013-07-10,1922.75,1768.93,1038.285,1922.75,105.02999877929688,107.69999694824219,1113.300048828125
2013-07-11,1924.08,1770.1536,1039.0032,1924.08,105.02999877929688,107.69999694824219,1113.300048828125
2013-07-12,1925.39,1771.3588000000002,1039.7106,1925.39,105.02999877929688,107.69999694824219,1113.300048828125
2013-07-13,1927.11,1772.9412,1040.6394,1927.11,105.02999877929688,107.69999694824219,1113.300048828125
2013-07-14,1928.01,1773.7692,1041.1254000000001,1928.01,105.02999877929688,107.69999694824219,1113.300048828125
2013-07-15,1929.1,1774.772,1041.714,1929.1,105.02999877929688,107.69999694824219,1113.300048828125
2013-07-16,1932.36,1777.7712,1043.4744,1932.36,105.02999877929688,107.69999694824219,1113.300048828125
2013-07-17,1935.48,1780.6416000000002,1045.1592,1935.48,105.02999877929688,107.69999694824219,1113.300048828125
2013-07-18,1937.7,1782.6840000000002,1046.3580000000002,1937.7,105.02999877929688,107.69999694824219,1113.300048828125
2013-07-19,1939.81,1784.6252,1047.4974,1939.81,105.02999877929688,107.69999694824219,1113.300048828125
2013-07-20,1941.85,1786.502,1048.599,1941.85,105.02999877929688,107.69999694824219,1113.300048828125
2013-07-21,1942.85,1787.422,1049.1390000000001,1942.85,105.02999877929688,107.69999694824219,1113.300048828125
2013-07-22,1944.44,1788.8848,1049.9976000000001,1944.44,105.02999877929688,107.69999694824219,1113.300048828125
2013-07-23,1946.07,1790.3844,1050.8778,1946.07,105.02999877929688,107.69999694824219,1113.300048828125
2013-07-24,1947.26,1791.4792,1051.5204,1947.26,105.02999877929688,107.69999694824219,1113.300048828125
2013-07-25,1948.14,1792.2888000000003,1051.9956000000002,1948.14,105.02999877929688,107.69999694824219,1113.300048828125
2013-07-26,1948.86,1792.9512,1052.3844,1948.86,105.02999877929688,107.69999694824219,1113.300048828125
2013-07-27,1949.73,1793.7516,1052.8542,1949.73,105.02999877929688,107.69999694824219,1113.300048828125
2013-07-28,1949.92,1793.9264,1052.9568000000002,1949.92,105.02999877929688,107.69999694824219,1113.300048828125
2013-07-29,1950.25,1794.23,1053.135,1950.25,105.02999877929688,107.69999694824219,1113.300048828125
2013-07-30,1950.3,1794.276,1053.162,1950.3,105.02999877929688,107.69999694824219,1113.300048828125
2013-07-31,1950.2,1794.1840000000002,1053.1080000000002,1950.2,105.02999877929688,107.69999694824219,1113.300048828125
2013-08-01,1950.4,1794.3680000000002,1053.2160000000001,1950.4,107.6500015258789,114.01000213623047,1086.0
2013-08-02,1950.44,1794.4048,1053.2376000000002,1950.44,107.6500015258789,114.01000213623047,1086.0
2013-08-03,1950.6,1794.552,1053.324,1950.6,107.6500015258789,114.01000213623047,1086.0
2013-08-04,1950.62,1794.5704,1053.3348,1950.62,107.6500015258789,114.01000213623047,1086.0
2013-08-05,1950.5,1794.46,1053.27,1950.5,107.6500015258789,114.01000213623047,1086.0
2013-08-06,1950.36,1794.3312,1053.1944,1950.36,107.6500015258789,114.01000213623047,1086.0
2013-08-07,1950.23,1794.2116,1053.1242,1950.23,107.6500015258789,114.01000213623047,1086.0
2013-08-08,1950.05,1794.046,1053.027,1950.05,107.6500015258789,114.01000213623047,1086.0
2013-08-09,1949.61,1793.6412,1052.7894000000001,1949.61,107.6500015258789,114.01000213623047,1086.0
2013-08-10,1949.44,1793.4848000000002,1052.6976000000002,1949.44,107.6500015258789,114.01000213623047,1086.0
2013-08-11,1949.38,1793.4296000000002,1052.6652000000001,1949.38,107.6500015258789,114.01000213623047,1086.0
2013-08-12,1949.33,1793.3836000000001,1052.6382,1949.33,107.6500015258789,114.01000213623047,1086.0
2013-08-13,1949.07,1793.1444000000001,1052.4978,1949.07,107.6500015258789,114.01000213623047,1086.0
2013-08-14,1948.9,1792.988,1052.4060000000002,1948.9,107.6500015258789,114.01000213623047,1086.0
2013-08-15,1948.65,1792.7580000000003,1052.2710000000002,1948.65,107.6500015258789,114.01000213623047,1086.0
2013-08-16,1948.35,1792.482,1052.109,1948.35,107.6500015258789,114.01000213623047,1086.0
2013-08-17,1948.19,1792.3348,1052.0226,1948.19,107.6500015258789,114.01000213623047,1086.0
2013-08-18,1948.04,1792.1968,1051.9416,1948.04,107.6500015258789,114.01000213623047,1086.0
2013-08-19,1947.78,1791.9576,1051.8012,1947.78,107.6500015258789,114.01000213623047,1086.0
2013-08-20,1947.53,1791.7276000000002,1051.6662000000001,1947.53,107.6500015258789,114.01000213623047,1086.0
2013-08-21,1947.34,1791.5528,1051.5636,1947.34,107.6500015258789,114.01000213623047,1086.0
2013-08-22,1946.85,1791.102,1051.299,1946.85,107.6500015258789,114.01000213623047,1086.0
2013-08-23,1946.37,1790.6604,1051.0398,1946.37,107.6500015258789,114.01000213623047,1086.0
2013-08-24,1945.62,1789.9704,1050.6348,1945.62,107.6500015258789,114.01000213623047,1086.0
2013-08-25,1945.42,1789.7864000000002,1050.5268,1945.42,107.6500015258789,114.01000213623047,1086.0
2013-08-26,1944.92,1789.3264000000001,1050.2568,1944.92,107.6500015258789,114.01000213623047,1086.0
2013-08-27,1944.33,1788.7836,1049.9382,1944.33,107.6500015258789,114.01000213623047,1086.0
2013-08-28,1943.59,1788.1028000000001,1049.5386,1943.59,107.6500015258789,114.01000213623047,1086.0
2013-08-29,1942.87,1787.4404,1049.1498,1942.87,107.6500015258789,114.01000213623047,1086.0
2013-08-30,1942.39,1786.9988,1048.8906000000002,1942.39,107.6500015258789,114.01000213623047,1086.0
2013-08-31,1942.11,1786.7412,1048.7394,1942.11,107.6500015258789,114.01000213623047,1086.0
2013-09-01,1941.85,1786.502,1048.599,1941.85,107.6500015258789,114.01000213623047,1075.800048828125
2013-09-02,1941.38,1786.0696000000003,1048.3452000000002,1941.38,107.6500015258789,114.01000213623047,1075.800048828125
2013-09-03,1941.66,1786.3272000000002,1048.4964000000002,1941.66,107.6500015258789,114.01000213623047,1075.800048828125
2013-09-04,1941.43,1786.1156,1048.3722,1941.43,107.6500015258789,114.01000213623047,1075.800048828125
2013-09-05,1941.09,1785.8028,1048.1886,1941.09,107.6500015258789,114.01000213623047,1075.800048828125
2013-09-06,1940.49,1785.2508,1047.8646,1940.49,107.6500015258789,114.01000213623047,1075.800048828125
2013-09-07,1940.12,1784.9104,1047.6648,1940.12,107.6500015258789,114.01000213623047,1075.800048828125
2013-09-08,1939.96,1784.7632,1047.5784,1939.96,107.6500015258789,114.01000213623047,1075.800048828125
2013-09-09,1939.62,1784.4504,1047.3948,1939.62,107.6500015258789,114.01000213623047,1075.800048828125
2013-09-10,1939.17,1784.0364000000002,1047.1518,1939.17,107.6500015258789,114.01000213623047,1075.800048828125
2013-09-11,1938.75,1783.65,1046.9250000000002,1938.75,107.6500015258789,114.01000213623047,1075.800048828125
2013-09-12,1938.13,1783.0796000000003,1046.5902,1938.13,107.6500015258789,114.01000213623047,1075.800048828125
2013-09-13,1937.16,1782.1872,1046.0664000000002,1937.16,107.6500015258789,114.01000213623047,1075.800048828125
2013-09-14,1936.5,1781.5800000000002,1045.71,1936.5,107.6500015258789,114.01000213623047,1075.800048828125
2013-09-15,1936.1,1781.212,1045.494,1936.1,107.6500015258789,114.01000213623047,1075.800048828125
2013-09-16,1935.69,1780.8348,1045.2726,1935.69,107.6500015258789,114.01000213623047,1075.800048828125
2013-09-17,1934.41,1779.6572,1044.5814,1934.41,107.6500015258789,114.01000213623047,1075.800048828125
2013-09-18,1933.66,1778.9672,1044.1764,1933.66,107.6500015258789,114.01000213623047,1075.800048828125
2013-09-19,1933.41,1778.7372000000003,1044.0414,1933.41,107.6500015258789,114.01000213623047,1075.800048828125
2013-09-20,1933.36,1778.6912,1044.0144,1933.36,107.6500015258789,114.01000213623047,1075.800048828125
2013-09-21,1932.97,1778.3324,1043.8038000000001,1932.97,107.6500015258789,114.01000213623047,1075.800048828125
2013-09-22,1932.77,1778.1484,1043.6958,1932.77,107.6500015258789,114.01000213623047,1075.800048828125
2013-09-23,1931.88,1777.3296000000003,1043.2152,1931.88,107.6500015258789,114.01000213623047,1075.800048828125
2013-09-24,1930.35,1775.922,1042.3890000000001,1930.35,107.6500015258789,114.01000213623047,1075.800048828125
2013-09-25,1928.44,1774.1648,1041.3576,1928.44,107.6500015258789,114.01000213623047,1075.800048828125
2013-09-26,1926.46,1772.3432,1040.2884000000001,1926.46,107.6500015258789,114.01000213623047,1075.800048828125
2013-09-27,1924.65,1770.678,1039.3110000000001,1924.65,107.6500015258789,114.01000213623047,1075.800048828125
2013-09-28,1923.21,1769.3532,1038.5334,1923.21,107.6500015258789,114.01000213623047,1075.800048828125
2013-09-29,1922.52,1768.7184,1038.1608,1922.52,107.6500015258789,114.01000213623047,1075.800048828125
2013-09-30,1921.53,1767.8076,1037.6262000000002,1921.53,107.6500015258789,114.01000213623047,1075.800048828125
2013-10-01,1918.64,1765.1488000000002,1036.0656000000001,1918.64,96.37999725341797,108.83999633789062,1058.199951171875
2013-10-02,1916.6,1763.272,1034.964,1916.6,96.37999725341797,108.83999633789062,1058.199951171875
2013-10-03,1914.87,1761.6804,1034.0298,1914.87,96.37999725341797,108.83999633789062,1058.199951171875
2013-10-04,1913.7,1760.604,1033.3980000000001,1913.7,96.37999725341797,108.83999633789062,1058.199951171875
2013-10-05,1912.16,1759.1872,1032.5664000000002,1912.16,96.37999725341797,108.83999633789062,1058.199951171875
2013-10-06,1911.46,1758.5432,1032.1884,1911.46,96.37999725341797,108.83999633789062,1058.199951171875
2013-10-07,1910.46,1757.6232,1031.6484,1910.46,96.37999725341797,108.83999633789062,1058.199951171875
2013-10-08,1908.79,1756.0868,1030.7466,1908.79,96.37999725341797,108.83999633789062,1058.199951171875
2013-10-09,1907.55,1754.9460000000001,1030.077,1907.55,96.37999725341797,108.83999633789062,1058.199951171875
2013-10-10,1906.55,1754.026,1029.537,1906.55,96.37999725341797,108.83999633789062,1058.199951171875
2013-10-11,1905.15,1752.738,1028.7810000000002,1905.15,96.37999725341797,108.83999633789062,1058.199951171875
2013-10-12,1904.16,1751.8272000000002,1028.2464000000002,1904.16,96.37999725341797,108.83999633789062,1058.199951171875
2013-10-13,1903.74,1751.4408,1028.0196,1903.74,96.37999725341797,108.83999633789062,1058.199951171875
2013-10-14,1903.16,1750.9072,1027.7064,1903.16,96.37999725341797,108.83999633789062,1058.199951171875
2013-10-15,1902.33,1750.1436,1027.2582,1902.33,96.37999725341797,108.83999633789062,1058.199951171875
2013-10-16,1902.27,1750.0884,1027.2258000000002,1902.27,96.37999725341797,108.83999633789062,1058.199951171875
2013-10-17,1901.7,1749.564,1026.9180000000001,1901.7,96.37999725341797,108.83999633789062,1058.199951171875
2013-10-18,1900.92,1748.8464000000001,1026.4968000000001,1900.92,96.37999725341797,108.83999633789062,1058.199951171875
2013-10-19,1900.5,1748.46,1026.27,1900.5,96.37999725341797,108.83999633789062,1058.199951171875
2013-10-20,1900.25,1748.23,1026.135,1900.25,96.37999725341797,108.83999633789062,1058.199951171875
2013-10-21,1899.81,1747.8252,1025.8974,1899.81,96.37999725341797,108.83999633789062,1058.199951171875
2013-10-22,1899.23,1747.2916,1025.5842,1899.23,96.37999725341797,108.83999633789062,1058.199951171875
2013-10-23,1898.57,1746.6844,1025.2278000000001,1898.57,96.37999725341797,108.83999633789062,1058.199951171875
2013-10-24,1897.59,1745.7828,1024.6986,1897.59,96.37999725341797,108.83999633789062,1058.199951171875
2013-10-25,1896.65,1744.9180000000001,1024.191,1896.65,96.37999725341797,108.83999633789062,1058.199951171875
2013-10-26,1895.78,1744.1176,1023.7212000000001,1895.78,96.37999725341797,108.83999633789062,1058.199951171875
2013-10-27,1895.42,1743.7864000000002,1023.5268000000001,1895.42,96.37999725341797,108.83999633789062,1058.199951171875
2013-10-28,1894.89,1743.2988000000003,1023.2406000000001,1894.89,96.37999725341797,108.83999633789062,1058.199951171875
2013-10-29,1893.6,1742.112,1022.544,1893.6,96.37999725341797,108.83999633789062,1058.199951171875
2013-10-30,1892.41,1741.0172000000002,1021.9014000000001,1892.41,96.37999725341797,108.83999633789062,1058.199951171875
2013-10-31,1891.55,1740.226,1021.437,1891.55,96.37999725341797,108.83999633789062,1058.199951171875
2013-11-01,1889.44,1738.2848000000001,1020.2976000000001,1889.44,92.72000122070312,109.69000244140625,1057.0999755859375
2013-11-02,1888.43,1737.3556,1019.7522000000001,1888.43,92.72000122070312,109.69000244140625,1057.0999755859375
2013-11-03,1888.01,1736.9692,1019.5254000000001,1888.01,92.72000122070312,109.69000244140625,1057.0999755859375
2013-11-04,1887.15,1736.178,1019.0610000000001,1887.15,92.72000122070312,109.69000244140625,1057.0999755859375
2013-11-05,1886.13,1735.2396,1018.5102000000002,1886.13,92.72000122070312,109.69000244140625,1057.0999755859375
2013-11-06,1885.17,1734.3564000000001,1017.9918000000001,1885.17,92.72000122070312,109.69000244140625,1057.0999755859375
2013-11-07,1883.99,1733.2708,1017.3546000000001,1883.99,92.72000122070312,109.69000244140625,1057.0999755859375
2013-11-08,1882.99,1732.3508000000002,1016.8146,1882.99,92.72000122070312,109.69000244140625,1057.0999755859375
2013-11-09,1882.24,1731.6608,1016.4096000000001,1882.24,92.72000122070312,109.69000244140625,1057.0999755859375
2013-11-10,1881.95,1731.394,1016.253,1881.95,92.72000122070312,109.69000244140625,1057.0999755859375
2013-11-11,1881.39,1730.8788000000002,1015.9506000000001,1881.39,92.72000122070312,109.69000244140625,1057.0999755859375
2013-11-12,1880.31,1729.8852,1015.3674000000001,1880.31,92.72000122070312,109.69000244140625,1057.0999755859375
2013-11-13,1879.36,1729.0112,1014.8544,1879.36,92.72000122070312,109.69000244140625,1057.0999755859375
2013-11-14,1878.7,1728.4040000000002,1014.498,1878.7,92.72000122070312,109.69000244140625,1057.0999755859375
2013-11-15,1877.95,1727.7140000000002,1014.0930000000001,1877.95,92.72000122070312,109.69000244140625,1057.0999755859375
2013-11-16,1877.66,1727.4472,1013.9364000000002,1877.66,92.72000122070312,109.69000244140625,1057.0999755859375
2013-11-17,1877.41,1727.2172,1013.8014000000001,1877.41,92.72000122070312,109.69000244140625,1057.0999755859375
2013-11-18,1877.02,1726.8584,1013.5908000000001,1877.02,92.72000122070312,109.69000244140625,1057.0999755859375
2013-11-19,1877.31,1727.1252,1013.7474000000001,1877.31,92.72000122070312,109.69000244140625,1057.0999755859375
2013-11-20,1877.23,1727.0516,1013.7042000000001,1877.23,92.72000122070312,109.69000244140625,1057.0999755859375
2013-11-21,1877.04,1726.8768,1013.6016000000001,1877.04,92.72000122070312,109.69000244140625,1057.0999755859375
2013-11-22,1876.73,1726.5916000000002,1013.4342,1876.73,92.72000122070312,109.69000244140625,1057.0999755859375
2013-11-23,1876.74,1726.6008000000002,1013.4396,1876.74,92.72000122070312,109.69000244140625,1057.0999755859375
2013-11-24,1876.65,1726.5180000000003,1013.3910000000001,1876.65,92.72000122070312,109.69000244140625,1057.0999755859375
2013-11-25,1876.46,1726.3432,1013.2884000000001,1876.46,92.72000122070312,109.69000244140625,1057.0999755859375
2013-11-26,1876.24,1726.1408000000001,1013.1696000000001,1876.24,92.72000122070312,109.69000244140625,1057.0999755859375
2013-11-27,1875.87,1725.8004,1012.9698,1875.87,92.72000122070312,109.69000244140625,1057.0999755859375
2013-11-28,1875.71,1725.6532000000002,1012.8834,1875.71,92.72000122070312,109.69000244140625,1057.0999755859375
2013-11-29,1875.62,1725.5704,1012.8348,1875.62,92.72000122070312,109.69000244140625,1057.0999755859375
2013-11-30,1875.65,1725.5980000000002,1012.8510000000001,1875.65,92.72000122070312,109.69000244140625,1057.0999755859375
2013-12-01,1875.59,1725.5428,1012.8186000000001,1875.59,92.72000122070312,109.69000244140625,1054.300048828125
2013-12-02,1875.48,1725.4416,1012.7592000000001,1875.48,92.72000122070312,109.69000244140625,1054.300048828125
2013-12-03,1876.59,1726.4628,1013.3586,1876.59,92.72000122070312,109.69000244140625,1054.300048828125
2013-12-04,1876.99,1726.8308000000002,1013.5746,1876.99,92.72000122070312,109.69000244140625,1054.300048828125
2013-12-05,1877.43,1727.2356000000002,1013.8122000000001,1877.43,92.72000122070312,109.69000244140625,1054.300048828125
2013-12-06,1877.75,1727.53,1013.985,1877.75,92.72000122070312,109.69000244140625,1054.300048828125
2013-12-07,1878.39,1728.1188000000002,1014.3306000000001,1878.39,92.72000122070312,109.69000244140625,1054.300048828125
2013-12-08,1878.7,1728.4040000000002,1014.498,1878.7,92.72000122070312,109.69000244140625,1054.300048828125
2013-12-09,1879.01,1728.6892,1014.6654000000001,1879.01,92.72000122070312,109.69000244140625,1054.300048828125
2013-12-10,1879.85,1729.462,1015.119,1879.85,92.72000122070312,109.69000244140625,1054.300048828125
2013-12-11,1880.33,1729.9036,1015.3782,1880.33,92.72000122070312,109.69000244140625,1054.300048828125
2013-12-12,1880.74,1730.2808,1015.5996000000001,1880.74,92.72000122070312,109.69000244140625,1054.300048828125
2013-12-13,1880.89,1730.4188000000001,1015.6806000000001,1880.89,92.72000122070312,109.69000244140625,1054.300048828125
2013-12-14,1881.38,1730.8696000000002,1015.9452000000001,1881.38,92.72000122070312,109.69000244140625,1054.300048828125
2013-12-15,1881.53,1731.0076000000001,1016.0262,1881.53,92.72000122070312,109.69000244140625,1054.300048828125
2013-12-16,1881.77,1731.2284,1016.1558000000001,1881.77,92.72000122070312,109.69000244140625,1054.300048828125
2013-12-17,1881.9,1731.3480000000002,1016.2260000000001,1881.9,92.72000122070312,109.69000244140625,1054.300048828125
2013-12-18,1882.02,1731.4584,1016.2908000000001,1882.02,92.72000122070312,109.69000244140625,1054.300048828125
2013-12-19,1882.2,1731.624,1016.3880000000001,1882.2,92.72000122070312,109.69000244140625,1054.300048828125
2013-12-20,1882.81,1732.1852000000001,1016.7174,1882.81,92.72000122070312,109.69000244140625,1054.300048828125
2013-12-21,1883.1,1732.452,1016.874,1883.1,92.72000122070312,109.69000244140625,1054.300048828125
2013-12-22,1883.26,1732.5992,1016.9604,1883.26,92.72000122070312,109.69000244140625,1054.300048828125
2013-12-23,1883.34,1732.6728,1017.0036,1883.34,92.72000122070312,109.69000244140625,1054.300048828125
2013-12-24,1883.57,1732.8844,1017.1278,1883.57,92.72000122070312,109.69000244140625,1054.300048828125
2013-12-25,1883.75,1733.0500000000002,1017.225,1883.75,92.72000122070312,109.69000244140625,1054.300048828125
2013-12-26,1884.09,1733.3628,1017.4086,1884.09,92.72000122070312,109.69000244140625,1054.300048828125
2013-12-27,1884.3,1733.556,1017.522,1884.3,92.72000122070312,109.69000244140625,1054.300048828125
2013-12-28,1884.64,1733.8688000000002,1017.7056000000001,1884.64,92.72000122070312,109.69000244140625,1054.300048828125
2013-12-29,1884.83,1734.0436,1017.8082,1884.83,92.72000122070312,109.69000244140625,1054.300048828125
2013-12-30,1885.06,1734.2552,1017.9324,1885.06,92.72000122070312,109.69000244140625,1054.300048828125
2013-12-31,1886.98,1736.0216,1018.9692000000001,1886.98,92.72000122070312,109.69000244140625,1054.300048828125
2014-01-01,1887.37,1736.3804,1019.1798,1887.37,97.48999786376953,106.4000015258789,1079.300048828125
2014-01-02,1887.56,1736.5552,1019.2824,1887.56,97.48999786376953,106.4000015258789,1079.300048828125
2014-01-03,1888.51,1737.4292,1019.7954000000001,1888.51,97.48999786376953,106.4000015258789,1079.300048828125
2014-01-04,1888.98,1737.8616000000002,1020.0492,1888.98,97.48999786376953,106.4000015258789,1079.300048828125
2014-01-05,1889.11,1737.9812,1020.1194,1889.11,97.48999786376953,106.4000015258789,1079.300048828125
2014-01-06,1889.14,1738.0088,1020.1356000000001,1889.14,97.48999786376953,106.4000015258789,1079.300048828125
2014-01-07,1889.15,1738.0180000000003,1020.1410000000001,1889.15,97.48999786376953,106.4000015258789,1079.300048828125
2014-01-08,1889.16,1738.0272000000002,1020.1464000000001,1889.16,97.48999786376953,106.4000015258789,1079.300048828125
2014-01-09,1889.13,1737.9996,1020.1302000000002,1889.13,97.48999786376953,106.4000015258789,1079.300048828125
2014-01-10,1888.66,1737.5672000000002,1019.8764000000001,1888.66,97.48999786376953,106.4000015258789,1079.300048828125
2014-01-11,1888.51,1737.4292,1019.7954000000001,1888.51,97.48999786376953,106.4000015258789,1079.300048828125
2014-01-12,1888.39,1737.3188000000002,1019.7306000000001,1888.39,97.48999786376953,106.4000015258789,1079.300048828125
2014-01-13,1888.27,1737.2084,1019.6658000000001,1888.27,97.48999786376953,106.4000015258789,1079.300048828125
2014-01-14,1887.64,1736.6288000000002,1019.3256000000001,1887.64,97.48999786376953,106.4000015258789,1079.300048828125
2014-01-15,1887.23,1736.2516,1019.1042000000001,1887.23,97.48999786376953,106.4000015258789,1079.300048828125
2014-01-16,1886.88,1735.9296000000002,1018.9152000000001,1886.88,97.48999786376953,106.4000015258789,1079.300048828125
2014-01-17,1886.39,1735.4788,1018.6506000000002,1886.39,97.48999786376953,106.4000015258789,1079.300048828125
2014-01-18,1886.06,1735.1752000000001,1018.4724,1886.06,97.48999786376953,106.4000015258789,1079.300048828125
2014-01-19,1885.83,1734.9636,1018.3482,1885.83,97.48999786376953,106.4000015258789,1079.300048828125
2014-01-20,1885.54,1734.6968,1018.1916,1885.54,97.48999786376953,106.4000015258789,1079.300048828125
2014-01-21,1885.24,1734.4208,1018.0296000000001,1885.24,97.48999786376953,106.4000015258789,1079.300048828125
2014-01-22,1884.91,1734.1172000000001,1017.8514000000001,1884.91,97.48999786376953,106.4000015258789,1079.300048828125
2014-01-23,1884.54,1733.7768,1017.6516,1884.54,97.48999786376953,106.4000015258789,1079.300048828125
2014-01-24,1884.02,1733.2984000000001,1017.3708,1884.02,97.48999786376953,106.4000015258789,1079.300048828125
2014-01-25,1883.73,1733.0316,1017.2142000000001,1883.73,97.48999786376953,106.4000015258789,1079.300048828125
2014-01-26,1883.55,1732.866,1017.1170000000001,1883.55,97.48999786376953,106.4000015258789,1079.300048828125
2014-01-27,1883.49,1732.8108,1017.0846,1883.49,97.48999786376953,106.4000015258789,1079.300048828125
2014-01-28,1883.21,1732.5532,1016.9334000000001,1883.21,97.48999786376953,106.4000015258789,1079.300048828125
2014-01-29,1883.07,1732.4244,1016.8578,1883.07,97.48999786376953,106.4000015258789,1079.300048828125
2014-01-30,1882.83,1732.2036,1016.7282,1882.83,97.48999786376953,106.4000015258789,1079.300048828125
2014-01-31,1882.89,1732.2588,1016.7606000000001,1882.89,97.48999786376953,106.4000015258789,1079.300048828125
2014-02-01,1882.84,1732.2128,1016.7336,1882.84,102.58999633789062,109.06999969482422,1068.699951171875
2014-02-02,1882.63,1732.0196,1016.6202000000002,1882.63,102.58999633789062,109.06999969482422,1068.699951171875
2014-02-03,1882.25,1731.67,1016.4150000000001,1882.25,102.58999633789062,109.06999969482422,1068.699951171875
2014-02-04,1882.22,1731.6424000000002,1016.3988,1882.22,102.58999633789062,109.06999969482422,1068.699951171875
2014-02-05,1881.94,1731.3848,1016.2476000000001,1881.94,102.58999633789062,109.06999969482422,1068.699951171875
2014-02-06,1881.8,1731.256,1016.172,1881.8,102.58999633789062,109.06999969482422,1068.699951171875
2014-02-07,1881.48,1730.9616,1015.9992000000001,1881.48,102.58999633789062,109.06999969482422,1068.699951171875
2014-02-08,1881.13,1730.6396000000002,1015.8102000000001,1881.13,102.58999633789062,109.06999969482422,1068.699951171875
2014-02-09,1881.0,1730.52,1015.7400000000001,1881.0,102.58999633789062,109.06999969482422,1068.699951171875
2014-02-10,1880.85,1730.382,1015.659,1880.85,102.58999633789062,109.06999969482422,1068.699951171875
2014-02-11,1880.37,1729.9404,1015.3998,1880.37,102.58999633789062,109.06999969482422,1068.699951171875
2014-02-12,1880.18,1729.7656000000002,1015.2972000000001,1880.18,102.58999633789062,109.06999969482422,1068.699951171875
2014-02-13,1880.08,1729.6736,1015.2432,1880.08,102.58999633789062,109.06999969482422,1068.699951171875
2014-02-14,1879.89,1729.4988,1015.1406000000002,1879.89,102.58999633789062,109.06999969482422,1068.699951171875
2014-02-15,1879.81,1729.4252000000001,1015.0974,1879.81,102.58999633789062,109.06999969482422,1068.699951171875
2014-02-16,1879.62,1729.2504,1014.9948,1879.62,102.58999633789062,109.06999969482422,1068.699951171875
2014-02-17,1879.59,1729.2228,1014.9786,1879.59,102.58999633789062,109.06999969482422,1068.699951171875
2014-02-18,1880.49,1730.0508,1015.4646,1880.49,102.58999633789062,109.06999969482422,1068.699951171875
2014-02-19,1880.43,1729.9956000000002,1015.4322000000001,1880.43,102.58999633789062,109.06999969482422,1068.699951171875
2014-02-20,1880.46,1730.0232,1015.4484000000001,1880.46,102.58999633789062,109.06999969482422,1068.699951171875
2014-02-21,1880.32,1729.8944,1015.3728,1880.32,102.58999633789062,109.06999969482422,1068.699951171875
2014-02-22,1880.29,1729.8668,1015.3566000000001,1880.29,102.58999633789062,109.06999969482422,1068.699951171875
2014-02-23,1880.23,1729.8116,1015.3242000000001,1880.23,102.58999633789062,109.06999969482422,1068.699951171875
2014-02-24,1880.29,1729.8668,1015.3566000000001,1880.29,102.58999633789062,109.06999969482422,1068.699951171875
2014-02-25,1880.5,1730.0600000000002,1015.47,1880.5,102.58999633789062,109.06999969482422,1068.699951171875
2014-02-26,1880.55,1730.106,1015.4970000000001,1880.55,102.58999633789062,109.06999969482422,1068.699951171875
2014-02-27,1880.49,1730.0508,1015.4646,1880.49,102.58999633789062,109.06999969482422,1068.699951171875
2014-02-28,1880.43,1729.9956000000002,1015.4322000000001,1880.43,102.58999633789062,109.06999969482422,1068.699951171875
2014-03-01,1880.52,1730.0784,1015.4808,1880.52,101.58000183105469,107.76000213623047,1066.550048828125
2014-03-02,1880.52,1730.0784,1015.4808,1880.52,101.58000183105469,107.76000213623047,1066.550048828125
2014-03-03,1880.59,1730.1428,1015.5186,1880.59,101.58000183105469,107.76000213623047,1066.550048828125
2014-03-04,1880.89,1730.4188000000001,1015.6806000000001,1880.89,101.58000183105469,107.76000213623047,1066.550048828125
2014-03-05,1881.03,1730.5476,1015.7562,1881.03,101.58000183105469,107.76000213623047,1066.550048828125
2014-03-06,1881.2,1730.7040000000002,1015.8480000000001,1881.2,101.58000183105469,107.76000213623047,1066.550048828125
2014-03-07,1881.57,1731.0444,1016.0478,1881.57,101.58000183105469,107.76000213623047,1066.550048828125
2014-03-08,1881.68,1731.1456,1016.1072000000001,1881.68,101.58000183105469,107.76000213623047,1066.550048828125
2014-03-09,1881.68,1731.1456,1016.1072000000001,1881.68,101.58000183105469,107.76000213623047,1066.550048828125
2014-03-10,1881.83,1731.2836,1016.1882,1881.83,101.58000183105469,107.76000213623047,1066.550048828125
2014-03-11,1881.9,1731.3480000000002,1016.2260000000001,1881.9,101.58000183105469,107.76000213623047,1066.550048828125
2014-03-12,1882.04,1731.4768000000001,1016.3016,1882.04,101.58000183105469,107.76000213623047,1066.550048828125
2014-03-13,1882.1,1731.532,1016.3340000000001,1882.1,101.58000183105469,107.76000213623047,1066.550048828125
2014-03-14,1881.87,1731.3204,1016.2098,1881.87,101.58000183105469,107.76000213623047,1066.550048828125
2014-03-15,1881.8,1731.256,1016.172,1881.8,101.58000183105469,107.76000213623047,1066.550048828125
2014-03-16,1881.77,1731.2284,1016.1558000000001,1881.77,101.58000183105469,107.76000213623047,1066.550048828125
2014-03-17,1881.8,1731.256,1016.172,1881.8,101.58000183105469,107.76000213623047,1066.550048828125
2014-03-18,1881.66,1731.1272000000001,1016.0964000000001,1881.66,101.58000183105469,107.76000213623047,1066.550048828125
2014-03-19,1881.47,1730.9524000000001,1015.9938000000001,1881.47,101.58000183105469,107.76000213623047,1066.550048828125
2014-03-20,1881.27,1730.7684000000002,1015.8858,1881.27,101.58000183105469,107.76000213623047,1066.550048828125
2014-03-21,1880.8,1730.336,1015.6320000000001,1880.8,101.58000183105469,107.76000213623047,1066.550048828125
2014-03-22,1880.6,1730.152,1015.524,1880.6,101.58000183105469,107.76000213623047,1066.550048828125
2014-03-23,1880.46,1730.0232,1015.4484000000001,1880.46,101.58000183105469,107.76000213623047,1066.550048828125
2014-03-24,1880.33,1729.9036,1015.3782,1880.33,101.58000183105469,107.76000213623047,1066.550048828125
2014-03-25,1880.02,1729.6184,1015.2108000000001,1880.02,101.58000183105469,107.76000213623047,1066.550048828125
2014-03-26,1879.79,1729.4068,1015.0866000000001,1879.79,101.58000183105469,107.76000213623047,1066.550048828125
2014-03-27,1879.51,1729.1492,1014.9354000000001,1879.51,101.58000183105469,107.76000213623047,1066.550048828125
2014-03-28,1879.34,1728.9928,1014.8436,1879.34,101.58000183105469,107.76000213623047,1066.550048828125
2014-03-29,1879.13,1728.7996000000003,1014.7302000000001,1879.13,101.58000183105469,107.76000213623047,1066.550048828125
2014-03-30,1879.02,1728.6984,1014.6708000000001,1879.02,101.58000183105469,107.76000213623047,1066.550048828125
2014-03-31,1878.94,1728.6248,1014.6276000000001,1878.94,101.58000183105469,107.76000213623047,1066.550048828125
2014-04-01,1878.66,1728.3672000000001,1014.4764000000001,1878.66,99.73999786376953,108.06999969482422,1029.43994140625
2014-04-02,1878.42,1728.1464,1014.3468000000001,1878.42,99.73999786376953,108.06999969482422,1029.43994140625
2014-04-03,1878.43,1728.1556,1014.3522000000002,1878.43,99.73999786376953,108.06999969482422,1029.43994140625
2014-04-04,1878.3,1728.036,1014.282,1878.3,99.73999786376953,108.06999969482422,1029.43994140625
2014-04-05,1878.16,1727.9072,1014.2064000000001,1878.16,99.73999786376953,108.06999969482422,1029.43994140625
2014-04-06,1878.08,1727.8336,1014.1632000000001,1878.08,99.73999786376953,108.06999969482422,1029.43994140625
2014-04-07,1877.99,1727.7508,1014.1146000000001,1877.99,99.73999786376953,108.06999969482422,1029.43994140625
2014-04-08,1877.71,1727.4932000000001,1013.9634000000001,1877.71,99.73999786376953,108.06999969482422,1029.43994140625
2014-04-09,1877.47,1727.2724,1013.8338000000001,1877.47,99.73999786376953,108.06999969482422,1029.43994140625
2014-04-10,1877.19,1727.0148000000002,1013.6826000000001,1877.19,99.73999786376953,108.06999969482422,1029.43994140625
2014-04-11,1876.74,1726.6008000000002,1013.4396,1876.74,99.73999786376953,108.06999969482422,1029.43994140625
2014-04-12,1876.56,1726.4352000000001,1013.3424,1876.56,99.73999786376953,108.06999969482422,1029.43994140625
2014-04-13,1876.4,1726.2880000000002,1013.2560000000001,1876.4,99.73999786376953,108.06999969482422,1029.43994140625
2014-04-14,1876.29,1726.1868,1013.1966000000001,1876.29,99.73999786376953,108.06999969482422,1029.43994140625
2014-04-15,1876.08,1725.9936,1013.0832,1876.08,99.73999786376953,108.06999969482422,1029.43994140625
2014-04-16,1876.0,1725.92,1013.0400000000001,1876.0,99.73999786376953,108.06999969482422,1029.43994140625
2014-04-17,1875.81,1725.7452,1012.9374,1875.81,99.73999786376953,108.06999969482422,1029.43994140625
2014-04-18,1875.46,1725.4232000000002,1012.7484000000001,1875.46,99.73999786376953,108.06999969482422,1029.43994140625
2014-04-19,1875.24,1725.2208,1012.6296000000001,1875.24,99.73999786376953,108.06999969482422,1029.43994140625
2014-04-20,1875.18,1725.1656,1012.5972000000002,1875.18,99.73999786376953,108.06999969482422,1029.43994140625
2014-04-21,1875.0,1725.0,1012.5000000000001,1875.0,99.73999786376953,108.06999969482422,1029.43994140625
2014-04-22,1874.74,1724.7608,1012.3596000000001,1874.74,99.73999786376953,108.06999969482422,1029.43994140625
2014-04-23,1874.35,1724.402,1012.149,1874.35,99.73999786376953,108.06999969482422,1029.43994140625
2014-04-24,1874.04,1724.1168,1011.9816000000001,1874.04,99.73999786376953,108.06999969482422,1029.43994140625
2014-04-25,1873.72,1723.8224,1011.8088000000001,1873.72,99.73999786376953,108.06999969482422,1029.43994140625
2014-04-26,1873.59,1723.7028,1011.7386,1873.59,99.73999786376953,108.06999969482422,1029.43994140625
2014-04-27,1873.38,1723.5096,1011.6252000000002,1873.38,99.73999786376953,108.06999969482422,1029.43994140625
2014-04-28,1873.29,1723.4268,1011.5766000000001,1873.29,99.73999786376953,108.06999969482422,1029.43994140625
2014-04-29,1873.17,1723.3164000000002,1011.5118000000001,1873.17,99.73999786376953,108.06999969482422,1029.43994140625
2014-04-30,1873.05,1723.2060000000001,1011.447,1873.05,99.73999786376953,108.06999969482422,1029.43994140625
2014-05-01,1872.63,1722.8196000000003,1011.2202000000001,1872.63,102.70999908447266,109.41000366210938,1019.7999877929688
2014-05-02,1872.51,1722.7092,1011.1554000000001,1872.51,102.70999908447266,109.41000366210938,1019.7999877929688
2014-05-03,1872.47,1722.6724000000002,1011.1338000000001,1872.47,102.70999908447266,109.41000366210938,1019.7999877929688
2014-05-04,1872.5,1722.7,1011.1500000000001,1872.5,102.70999908447266,109.41000366210938,1019.7999877929688
2014-05-05,1872.61,1722.8011999999999,1011.2094,1872.61,102.70999908447266,109.41000366210938,1019.7999877929688
2014-05-06,1872.78,1722.9576,1011.3012000000001,1872.78,102.70999908447266,109.41000366210938,1019.7999877929688
2014-05-07,1872.44,1722.6448,1011.1176000000002,1872.44,102.70999908447266,109.41000366210938,1019.7999877929688
2014-05-08,1872.1,1722.3319999999999,1010.934,1872.1,102.70999908447266,109.41000366210938,1019.7999877929688
2014-05-09,1871.77,1722.0284000000001,1010.7558,1871.77,102.70999908447266,109.41000366210938,1019.7999877929688
2014-05-10,1871.48,1721.7616,1010.5992000000001,1871.48,102.70999908447266,109.41000366210938,1019.7999877929688
2014-05-11,1871.4,1721.688,1010.5560000000002,1871.4,102.70999908447266,109.41000366210938,1019.7999877929688
2014-05-12,1871.18,1721.4856000000002,1010.4372000000001,1871.18,102.70999908447266,109.41000366210938,1019.7999877929688
2014-05-13,1870.64,1720.9888,1010.1456000000002,1870.64,102.70999908447266,109.41000366210938,1019.7999877929688
2014-05-14,1870.18,1720.5656000000001,1009.8972000000001,1870.18,102.70999908447266,109.41000366210938,1019.7999877929688
2014-05-15,1869.67,1720.0964000000001,1009.6218000000001,1869.67,102.70999908447266,109.41000366210938,1019.7999877929688
2014-05-16,1869.3,1719.756,1009.422,1869.3,102.70999908447266,109.41000366210938,1019.7999877929688
2014-05-17,1868.87,1719.3604,1009.1898,1868.87,102.70999908447266,109.41000366210938,1019.7999877929688
2014-05-18,1868.74,1719.2408,1009.1196000000001,1868.74,102.70999908447266,109.41000366210938,1019.7999877929688
2014-05-19,1868.57,1719.0844,1009.0278000000001,1868.57,102.70999908447266,109.41000366210938,1019.7999877929688
2014-05-20,1868.39,1718.9188000000001,1008.9306000000001,1868.39,102.70999908447266,109.41000366210938,1019.7999877929688
2014-05-21,1868.12,1718.6704,1008.7848,1868.12,102.70999908447266,109.41000366210938,1019.7999877929688
2014-05-22,1867.9,1718.468,1008.6660000000002,1867.9,102.70999908447266,109.41000366210938,1019.7999877929688
2014-05-23,1867.68,1718.2656000000002,1008.5472000000001,1867.68,102.70999908447266,109.41000366210938,1019.7999877929688
2014-05-24,1867.37,1717.9804,1008.3798,1867.37,102.70999908447266,109.41000366210938,1019.7999877929688
2014-05-25,1867.17,1717.7964000000002,1008.2718000000001,1867.17,102.70999908447266,109.41000366210938,1019.7999877929688
2014-05-26,1866.91,1717.5572000000002,1008.1314000000001,1866.91,102.70999908447266,109.41000366210938,1019.7999877929688
2014-05-27,1866.71,1717.3732,1008.0234,1866.71,102.70999908447266,109.41000366210938,1019.7999877929688
2014-05-28,1866.42,1717.1064000000001,1007.8668000000001,1866.42,102.70999908447266,109.41000366210938,1019.7999877929688
2014-05-29,1866.22,1716.9224000000002,1007.7588000000001,1866.22,102.70999908447266,109.41000366210938,1019.7999877929688
2014-05-30,1866.03,1716.7476000000001,1007.6562,1866.03,102.70999908447266,109.41000366210938,1019.7999877929688
2014-05-31,1865.86,1716.5912,1007.5644,1865.86,102.70999908447266,109.41000366210938,1019.7999877929688
2014-06-01,1865.59,1716.3428,1007.4186,1865.59,102.70999908447266,109.41000366210938,1013.2999877929688
2014-06-02,1865.21,1715.9932000000001,1007.2134000000001,1865.21,102.70999908447266,109.41000366210938,1013.2999877929688
2014-06-03,1865.13,1715.9196000000002,1007.1702000000001,1865.13,102.70999908447266,109.41000366210938,1013.2999877929688
2014-06-04,1864.94,1715.7448000000002,1007.0676000000001,1864.94,102.70999908447266,109.41000366210938,1013.2999877929688
2014-06-05,1864.72,1715.5424,1006.9488000000001,1864.72,102.70999908447266,109.41000366210938,1013.2999877929688
2014-06-06,1864.27,1715.1284,1006.7058000000001,1864.27,102.70999908447266,109.41000366210938,1013.2999877929688
2014-06-07,1864.21,1715.0732,1006.6734000000001,1864.21,102.70999908447266,109.41000366210938,1013.2999877929688
2014-06-08,1864.0,1714.88,1006.5600000000001,1864.0,102.70999908447266,109.41000366210938,1013.2999877929688
2014-06-09,1863.82,1714.7144,1006.4628,1863.82,102.70999908447266,109.41000366210938,1013.2999877929688
2014-06-10,1863.04,1713.9968000000001,1006.0416,1863.04,102.70999908447266,109.41000366210938,1013.2999877929688
2014-06-11,1862.34,1713.3528,1005.6636,1862.34,102.70999908447266,109.41000366210938,1013.2999877929688
2014-06-12,1861.66,1712.7272,1005.2964000000001,1861.66,102.70999908447266,109.41000366210938,1013.2999877929688
2014-06-13,1861.04,1712.1568,1004.9616000000001,1861.04,102.70999908447266,109.41000366210938,1013.2999877929688
2014-06-14,1860.63,1711.7796,1004.7402000000001,1860.63,102.70999908447266,109.41000366210938,1013.2999877929688
2014-06-15,1860.45,1711.614,1004.6430000000001,1860.45,102.70999908447266,109.41000366210938,1013.2999877929688
2014-06-16,1860.12,1711.3104,1004.4648,1860.12,102.70999908447266,109.41000366210938,1013.2999877929688
2014-06-17,1859.85,1711.062,1004.3190000000001,1859.85,102.70999908447266,109.41000366210938,1013.2999877929688
2014-06-18,1859.62,1710.8504,1004.1948,1859.62,102.70999908447266,109.41000366210938,1013.2999877929688
2014-06-19,1859.28,1710.5376,1004.0112,1859.28,102.70999908447266,109.41000366210938,1013.2999877929688
2014-06-20,1859.11,1710.3812,1003.9194,1859.11,102.70999908447266,109.41000366210938,1013.2999877929688
2014-06-21,1859.0,1710.28,1003.86,1859.0,102.70999908447266,109.41000366210938,1013.2999877929688
2014-06-22,1858.9,1710.188,1003.8060000000002,1858.9,102.70999908447266,109.41000366210938,1013.2999877929688
2014-06-23,1858.95,1710.2340000000002,1003.8330000000001,1858.95,102.70999908447266,109.41000366210938,1013.2999877929688
2014-06-24,1859.29,1710.5468,1004.0166,1859.29,102.70999908447266,109.41000366210938,1013.2999877929688
2014-06-25,1859.25,1710.51,1003.9950000000001,1859.25,102.70999908447266,109.41000366210938,1013.2999877929688
2014-06-26,1859.25,1710.51,1003.9950000000001,1859.25,102.70999908447266,109.41000366210938,1013.2999877929688
2014-06-27,1859.25,1710.51,1003.9950000000001,1859.25,102.70999908447266,109.41000366210938,1013.2999877929688
2014-06-28,1859.25,1710.51,1003.9950000000001,1859.25,102.70999908447266,109.41000366210938,1013.2999877929688
2014-06-29,1859.22,1710.4824,1003.9788000000001,1859.22,102.70999908447266,109.41000366210938,1013.2999877929688
2014-06-30,1859.23,1710.4916,1003.9842000000001,1859.23,102.70999908447266,109.41000366210938,1013.2999877929688
2014-07-01,1859.21,1710.4732000000001,1003.9734000000001,1859.21,98.16999816894531,106.0199966430664,1023.5999755859375
2014-07-02,1859.27,1710.5284000000001,1004.0058,1859.27,98.16999816894531,106.0199966430664,1023.5999755859375
2014-07-03,1859.29,1710.5468,1004.0166,1859.29,98.16999816894531,106.0199966430664,1023.5999755859375
2014-07-04,1859.36,1710.6112,1004.0544,1859.36,98.16999816894531,106.0199966430664,1023.5999755859375
2014-07-05,1859.35,1710.602,1004.049,1859.35,98.16999816894531,106.0199966430664,1023.5999755859375
2014-07-06,1859.27,1710.5284000000001,1004.0058,1859.27,98.16999816894531,106.0199966430664,1023.5999755859375
2014-07-07,1859.11,1710.3812,1003.9194,1859.11,98.16999816894531,106.0199966430664,1023.5999755859375
2014-07-08,1858.67,1709.9764000000002,1003.6818000000001,1858.67,98.16999816894531,106.0199966430664,1023.5999755859375
2014-07-09,1858.5,1709.8200000000002,1003.59,1858.5,98.16999816894531,106.0199966430664,1023.5999755859375
2014-07-10,1858.3,1709.636,1003.4820000000001,1858.3,98.16999816894531,106.0199966430664,1023.5999755859375
2014-07-11,1858.02,1709.3784,1003.3308000000001,1858.02,98.16999816894531,106.0199966430664,1023.5999755859375
2014-07-12,1857.83,1709.2036,1003.2282,1857.83,98.16999816894531,106.0199966430664,1023.5999755859375
2014-07-13,1857.68,1709.0656000000001,1003.1472000000001,1857.68,98.16999816894531,106.0199966430664,1023.5999755859375
2014-07-14,1857.36,1708.7712,1002.9744000000001,1857.36,98.16999816894531,106.0199966430664,1023.5999755859375
2014-07-15,1857.0,1708.44,1002.7800000000001,1857.0,98.16999816894531,106.0199966430664,1023.5999755859375
2014-07-16,1856.66,1708.1272000000001,1002.5964000000001,1856.66,98.16999816894531,106.0199966430664,1023.5999755859375
2014-07-17,1856.3,1707.796,1002.402,1856.3,98.16999816894531,106.0199966430664,1023.5999755859375
2014-07-18,1856.08,1707.5936,1002.2832000000001,1856.08,98.16999816894531,106.0199966430664,1023.5999755859375
2014-07-19,1855.86,1707.3912,1002.1644,1855.86,98.16999816894531,106.0199966430664,1023.5999755859375
2014-07-20,1855.82,1707.3544,1002.1428000000001,1855.82,98.16999816894531,106.0199966430664,1023.5999755859375
2014-07-21,1855.74,1707.2808,1002.0996000000001,1855.74,98.16999816894531,106.0199966430664,1023.5999755859375
2014-07-22,1855.47,1707.0324,1001.9538000000001,1855.47,98.16999816894531,106.0199966430664,1023.5999755859375
2014-07-23,1855.13,1706.7196000000001,1001.7702000000002,1855.13,98.16999816894531,106.0199966430664,1023.5999755859375
2014-07-24,1854.92,1706.5264000000002,1001.6568000000001,1854.92,98.16999816894531,106.0199966430664,1023.5999755859375
2014-07-25,1854.56,1706.1952,1001.4624,1854.56,98.16999816894531,106.0199966430664,1023.5999755859375
2014-07-26,1854.28,1705.9376,1001.3112000000001,1854.28,98.16999816894531,106.0199966430664,1023.5999755859375
2014-07-27,1854.14,1705.8088000000002,1001.2356000000001,1854.14,98.16999816894531,106.0199966430664,1023.5999755859375
2014-07-28,1853.99,1705.6708,1001.1546000000001,1853.99,98.16999816894531,106.0199966430664,1023.5999755859375
2014-07-29,1853.53,1705.2476000000001,1000.9062,1853.53,98.16999816894531,106.0199966430664,1023.5999755859375
2014-07-30,1853.12,1704.8704,1000.6848,1853.12,98.16999816894531,106.0199966430664,1023.5999755859375
2014-07-31,1852.8,1704.576,1000.5120000000001,1852.8,98.16999816894531,106.0199966430664,1023.5999755859375
2014-08-01,1851.68,1703.5456000000001,999.9072000000001,1851.68,95.95999908447266,103.19000244140625,1012.9000244140625
2014-08-02,1851.26,1703.1592,999.6804000000001,1851.26,95.95999908447266,103.19000244140625,1012.9000244140625
2014-08-03,1851.11,1703.0212,999.5994000000001,1851.11,95.95999908447266,103.19000244140625,1012.9000244140625
2014-08-04,1850.83,1702.7636,999.4482,1850.83,95.95999908447266,103.19000244140625,1012.9000244140625
2014-08-05,1850.28,1702.2576000000001,999.1512,1850.28,95.95999908447266,103.19000244140625,1012.9000244140625
2014-08-06,1849.5,1701.54,998.73,1849.5,95.95999908447266,103.19000244140625,1012.9000244140625
2014-08-07,1848.89,1700.9788,998.4006000000002,1848.89,95.95999908447266,103.19000244140625,1012.9000244140625
2014-08-08,1848.13,1700.2796,997.9902000000001,1848.13,95.95999908447266,103.19000244140625,1012.9000244140625
2014-08-09,1847.58,1699.7736,997.6932,1847.58,95.95999908447266,103.19000244140625,1012.9000244140625
2014-08-10,1847.22,1699.4424000000001,997.4988000000001,1847.22,95.95999908447266,103.19000244140625,1012.9000244140625
2014-08-11,1847.14,1699.3688000000002,997.4556000000001,1847.14,95.95999908447266,103.19000244140625,1012.9000244140625
2014-08-12,1846.58,1698.8536,997.1532,1846.58,95.95999908447266,103.19000244140625,1012.9000244140625
2014-08-13,1845.23,1697.6116000000002,996.4242,1845.23,95.95999908447266,103.19000244140625,1012.9000244140625
2014-08-14,1844.55,1696.986,996.057,1844.55,95.95999908447266,103.19000244140625,1012.9000244140625
2014-08-15,1843.91,1696.3972,995.7114000000001,1843.91,95.95999908447266,103.19000244140625,1012.9000244140625
2014-08-16,1843.41,1695.9372,995.4414000000002,1843.41,95.95999908447266,103.19000244140625,1012.9000244140625
2014-08-17,1843.1,1695.652,995.274,1843.1,95.95999908447266,103.19000244140625,1012.9000244140625
2014-08-18,1842.48,1695.0816,994.9392,1842.48,95.95999908447266,103.19000244140625,1012.9000244140625
2014-08-19,1841.5,1694.18,994.4100000000001,1841.5,95.95999908447266,103.19000244140625,1012.9000244140625
2014-08-20,1840.42,1693.1864,993.8268,1840.42,95.95999908447266,103.19000244140625,1012.9000244140625
2014-08-21,1839.21,1692.0732,993.1734000000001,1839.21,95.95999908447266,103.19000244140625,1012.9000244140625
2014-08-22,1837.81,1690.7852,992.4174,1837.81,95.95999908447266,103.19000244140625,1012.9000244140625
2014-08-23,1836.63,1689.6996000000001,991.7802000000001,1836.63,95.95999908447266,103.19000244140625,1012.9000244140625
2014-08-24,1836.12,1689.2304,991.5048,1836.12,95.95999908447266,103.19000244140625,1012.9000244140625
2014-08-25,1835.33,1688.5036,991.0782,1835.33,95.95999908447266,103.19000244140625,1012.9000244140625
2014-08-26,1833.72,1687.0224,990.2088000000001,1833.72,95.95999908447266,103.19000244140625,1012.9000244140625
2014-08-27,1832.54,1685.9368,989.5716,1832.54,95.95999908447266,103.19000244140625,1012.9000244140625
2014-08-28,1831.21,1684.7132000000001,988.8534000000001,1831.21,95.95999908447266,103.19000244140625,1012.9000244140625
2014-08-29,1830.07,1683.6644000000001,988.2378,1830.07,95.95999908447266,103.19000244140625,1012.9000244140625
2014-08-30,1829.08,1682.7536,987.7032,1829.08,95.95999908447266,103.19000244140625,1012.9000244140625
2014-08-31,1828.67,1682.3764,987.4818000000001,1828.67,95.95999908447266,103.19000244140625,1012.9000244140625
2014-09-01,1826.99,1680.8308000000002,986.5746,1826.99,91.16000366210938,94.66999816894531,1052.199951171875
2014-09-02,1825.72,1679.6624000000002,985.8888000000001,1825.72,91.16000366210938,94.66999816894531,1052.199951171875
2014-09-03,1824.81,1678.8252,985.3974000000001,1824.81,91.16000366210938,94.66999816894531,1052.199951171875
2014-09-04,1823.95,1678.034,984.9330000000001,1823.95,91.16000366210938,94.66999816894531,1052.199951171875
2014-09-05,1822.88,1677.0496000000003,984.3552000000001,1822.88,91.16000366210938,94.66999816894531,1052.199951171875
2014-09-06,1822.01,1676.2492,983.8854,1822.01,91.16000366210938,94.66999816894531,1052.199951171875
2014-09-07,1821.46,1675.7432000000001,983.5884000000001,1821.46,91.16000366210938,94.66999816894531,1052.199951171875
2014-09-08,1821.26,1675.5592000000001,983.4804,1821.26,91.16000366210938,94.66999816894531,1052.199951171875
2014-09-09,1821.11,1675.4212,983.3994,1821.11,91.16000366210938,94.66999816894531,1052.199951171875
2014-09-10,1820.53,1674.8876,983.0862000000001,1820.53,91.16000366210938,94.66999816894531,1052.199951171875
2014-09-11,1819.61,1674.0412,982.5894,1819.61,91.16000366210938,94.66999816894531,1052.199951171875
2014-09-12,1818.49,1673.0108,981.9846000000001,1818.49,91.16000366210938,94.66999816894531,1052.199951171875
2014-09-13,1817.51,1672.1092,981.4554,1817.51,91.16000366210938,94.66999816894531,1052.199951171875
2014-09-14,1817.03,1671.6676,981.1962000000001,1817.03,91.16000366210938,94.66999816894531,1052.199951171875
2014-09-15,1816.09,1670.8028,980.6886000000001,1816.09,91.16000366210938,94.66999816894531,1052.199951171875
2014-09-16,1814.82,1669.6344,980.0028,1814.82,91.16000366210938,94.66999816894531,1052.199951171875
2014-09-17,1813.37,1668.3004,979.2198,1813.37,91.16000366210938,94.66999816894531,1052.199951171875
2014-09-18,1812.1,1667.132,978.534,1812.1,91.16000366210938,94.66999816894531,1052.199951171875
2014-09-19,1810.92,1666.0464000000002,977.8968000000001,1810.92,91.16000366210938,94.66999816894531,1052.199951171875
2014-09-20,1809.86,1665.0712,977.3244,1809.86,91.16000366210938,94.66999816894531,1052.199951171875
2014-09-21,1809.38,1664.6296000000002,977.0652000000001,1809.38,91.16000366210938,94.66999816894531,1052.199951171875
2014-09-22,1808.64,1663.9488000000001,976.6656000000002,1808.64,91.16000366210938,94.66999816894531,1052.199951171875
2014-09-23,1807.4,1662.8080000000002,975.9960000000001,1807.4,91.16000366210938,94.66999816894531,1052.199951171875
2014-09-24,1806.22,1661.7224,975.3588000000001,1806.22,91.16000366210938,94.66999816894531,1052.199951171875
2014-09-25,1805.04,1660.6368,974.7216000000001,1805.04,91.16000366210938,94.66999816894531,1052.199951171875
2014-09-26,1803.73,1659.4316000000001,974.0142000000001,1803.73,91.16000366210938,94.66999816894531,1052.199951171875
2014-09-27,1802.81,1658.5852,973.5174000000001,1802.81,91.16000366210938,94.66999816894531,1052.199951171875
2014-09-28,1802.44,1658.2448000000002,973.3176000000001,1802.44,91.16000366210938,94.66999816894531,1052.199951171875
2014-09-29,1801.95,1657.794,973.0530000000001,1801.95,91.16000366210938,94.66999816894531,1052.199951171875
2014-09-30,1801.05,1656.9660000000001,972.567,1801.05,91.16000366210938,94.66999816894531,1052.199951171875
2014-10-01,1798.85,1654.942,971.379,1798.85,80.54000091552734,85.86000061035156,1053.800048828125
2014-10-02,1797.55,1653.746,970.677,1797.55,80.54000091552734,85.86000061035156,1053.800048828125
2014-10-03,1796.9,1653.1480000000001,970.3260000000001,1796.9,80.54000091552734,85.86000061035156,1053.800048828125
2014-10-04,1796.31,1652.6052,970.0074000000001,1796.31,80.54000091552734,85.86000061035156,1053.800048828125
2014-10-05,1795.92,1652.2464000000002,969.7968000000001,1795.92,80.54000091552734,85.86000061035156,1053.800048828125
2014-10-06,1795.18,1651.5656000000001,969.3972000000001,1795.18,80.54000091552734,85.86000061035156,1053.800048828125
2014-10-07,1793.86,1650.3512,968.6844,1793.86,80.54000091552734,85.86000061035156,1053.800048828125
2014-10-08,1792.86,1649.4312,968.1444,1792.86,80.54000091552734,85.86000061035156,1053.800048828125
2014-10-09,1791.83,1648.4836,967.5882,1791.83,80.54000091552734,85.86000061035156,1053.800048828125
2014-10-10,1791.12,1647.8304,967.2048,1791.12,80.54000091552734,85.86000061035156,1053.800048828125
2014-10-11,1790.3,1647.076,966.7620000000001,1790.3,80.54000091552734,85.86000061035156,1053.800048828125
2014-10-12,1789.77,1646.5884,966.4758,1789.77,80.54000091552734,85.86000061035156,1053.800048828125
2014-10-13,1789.03,1645.9076,966.0762000000001,1789.03,80.54000091552734,85.86000061035156,1053.800048828125
2014-10-14,1787.57,1644.5644,965.2878000000001,1787.57,80.54000091552734,85.86000061035156,1053.800048828125
2014-10-15,1786.12,1643.2304,964.5048,1786.12,80.54000091552734,85.86000061035156,1053.800048828125
2014-10-16,1784.35,1641.602,963.549,1784.35,80.54000091552734,85.86000061035156,1053.800048828125
2014-10-17,1782.73,1640.1116000000002,962.6742,1782.73,80.54000091552734,85.86000061035156,1053.800048828125
2014-10-18,1781.07,1638.5844,961.7778000000001,1781.07,80.54000091552734,85.86000061035156,1053.800048828125
2014-10-19,1780.4,1637.968,961.4160000000002,1780.4,80.54000091552734,85.86000061035156,1053.800048828125
2014-10-20,1779.44,1637.0848,960.8976000000001,1779.44,80.54000091552734,85.86000061035156,1053.800048828125
2014-10-21,1776.83,1634.6836,959.4882,1776.83,80.54000091552734,85.86000061035156,1053.800048828125
2014-10-22,1774.31,1632.3652,958.1274000000001,1774.31,80.54000091552734,85.86000061035156,1053.800048828125
2014-10-23,1771.4,1629.688,956.5560000000002,1771.4,80.54000091552734,85.86000061035156,1053.800048828125
2014-10-24,1768.43,1626.9556000000002,954.9522000000001,1768.43,80.54000091552734,85.86000061035156,1053.800048828125
2014-10-25,1766.03,1624.7476000000001,953.6562,1766.03,80.54000091552734,85.86000061035156,1053.800048828125
2014-10-26,1764.97,1623.7724,953.0838000000001,1764.97,80.54000091552734,85.86000061035156,1053.800048828125
2014-10-27,1763.15,1622.0980000000002,952.1010000000001,1763.15,80.54000091552734,85.86000061035156,1053.800048828125
2014-10-28,1760.6,1619.752,950.724,1760.6,80.54000091552734,85.86000061035156,1053.800048828125
2014-10-29,1758.33,1617.6636,949.4982,1758.33,80.54000091552734,85.86000061035156,1053.800048828125
2014-10-30,1756.45,1615.9340000000002,948.4830000000001,1756.45,80.54000091552734,85.86000061035156,1053.800048828125
2014-10-31,1754.86,1614.4712,947.6244,1754.86,80.54000091552734,85.86000061035156,1053.800048828125
2014-11-01,1751.53,1611.4076,945.8262000000001,1751.53,66.1500015258789,70.1500015258789,1088.5999755859375
2014-11-02,1750.4,1610.3680000000002,945.2160000000001,1750.4,66.1500015258789,70.1500015258789,1088.5999755859375
2014-11-03,1748.84,1608.9328,944.3736,1748.84,66.1500015258789,70.1500015258789,1088.5999755859375
2014-11-04,1746.81,1607.0652,943.2774000000001,1746.81,66.1500015258789,70.1500015258789,1088.5999755859375
2014-11-05,1744.8,1605.2160000000001,942.192,1744.8,66.1500015258789,70.1500015258789,1088.5999755859375
2014-11-06,1742.7,1603.284,941.0580000000001,1742.7,66.1500015258789,70.1500015258789,1088.5999755859375
2014-11-07,1740.94,1601.6648,940.1076,1740.94,66.1500015258789,70.1500015258789,1088.5999755859375
2014-11-08,1739.24,1600.1008000000002,939.1896,1739.24,66.1500015258789,70.1500015258789,1088.5999755859375
2014-11-09,1738.52,1599.4384,938.8008000000001,1738.52,66.1500015258789,70.1500015258789,1088.5999755859375
2014-11-10,1737.51,1598.5092,938.2554,1737.51,66.1500015258789,70.1500015258789,1088.5999755859375
2014-11-11,1735.53,1596.6876,937.1862000000001,1735.53,66.1500015258789,70.1500015258789,1088.5999755859375
2014-11-12,1734.03,1595.3076,936.3762,1734.03,66.1500015258789,70.1500015258789,1088.5999755859375
2014-11-13,1733.15,1594.498,935.9010000000001,1733.15,66.1500015258789,70.1500015258789,1088.5999755859375
2014-11-14,1732.0,1593.44,935.2800000000001,1732.0,66.1500015258789,70.1500015258789,1088.5999755859375
2014-11-15,1731.01,1592.5292000000002,934.7454,1731.01,66.1500015258789,70.1500015258789,1088.5999755859375
2014-11-16,1730.41,1591.9772,934.4214000000001,1730.41,66.1500015258789,70.1500015258789,1088.5999755859375
2014-11-17,1729.41,1591.0572000000002,933.8814000000001,1729.41,66.1500015258789,70.1500015258789,1088.5999755859375
2014-11-18,1727.85,1589.622,933.039,1727.85,66.1500015258789,70.1500015258789,1088.5999755859375
2014-11-19,1726.19,1588.0948,932.1426000000001,1726.19,66.1500015258789,70.1500015258789,1088.5999755859375
2014-11-20,1724.82,1586.8344,931.4028000000001,1724.82,66.1500015258789,70.1500015258789,1088.5999755859375
2014-11-21,1723.2,1585.344,930.5280000000001,1723.2,66.1500015258789,70.1500015258789,1088.5999755859375
2014-11-22,1721.69,1583.9548000000002,929.7126000000001,1721.69,66.1500015258789,70.1500015258789,1088.5999755859375
2014-11-23,1720.94,1583.2648000000002,929.3076000000001,1720.94,66.1500015258789,70.1500015258789,1088.5999755859375
2014-11-24,1719.61,1582.0412,928.5894,1719.61,66.1500015258789,70.1500015258789,1088.5999755859375
2014-11-25,1717.5,1580.1000000000001,927.45,1717.5,66.1500015258789,70.1500015258789,1088.5999755859375
2014-11-26,1715.39,1578.1588000000002,926.3106000000001,1715.39,66.1500015258789,70.1500015258789,1088.5999755859375
2014-11-27,1713.51,1576.4292,925.2954000000001,1713.51,66.1500015258789,70.1500015258789,1088.5999755859375
2014-11-28,1711.74,1574.8008,924.3396,1711.74,66.1500015258789,70.1500015258789,1088.5999755859375
2014-11-29,1709.95,1573.1540000000002,923.373,1709.95,66.1500015258789,70.1500015258789,1088.5999755859375
2014-11-30,1708.88,1572.1696000000002,922.7952000000001,1708.88,66.1500015258789,70.1500015258789,1088.5999755859375
2014-12-01,1705.98,1569.5016,921.2292000000001,1705.98,53.27000045776367,57.33000183105469,1095.300048828125
2014-12-02,1702.39,1566.1988000000001,919.2906000000002,1702.39,53.27000045776367,57.33000183105469,1095.300048828125
2014-12-03,1700.12,1564.1104,918.0648,1700.12,53.27000045776367,57.33000183105469,1095.300048828125
2014-12-04,1697.66,1561.8472000000002,916.7364000000001,1697.66,53.27000045776367,57.33000183105469,1095.300048828125
2014-12-05,1695.18,1559.5656000000001,915.3972000000001,1695.18,53.27000045776367,57.33000183105469,1095.300048828125
2014-12-06,1693.09,1557.6428,914.2686,1693.09,53.27000045776367,57.33000183105469,1095.300048828125
2014-12-07,1692.0,1556.64,913.6800000000001,1692.0,53.27000045776367,57.33000183105469,1095.300048828125
2014-12-08,1690.34,1555.1127999999999,912.7836,1690.34,53.27000045776367,57.33000183105469,1095.300048828125
2014-12-09,1686.76,1551.8192000000001,910.8504,1686.76,53.27000045776367,57.33000183105469,1095.300048828125
2014-12-10,1682.24,1547.6608,908.4096000000001,1682.24,53.27000045776367,57.33000183105469,1095.300048828125
2014-12-11,1677.6,1543.392,905.904,1677.6,53.27000045776367,57.33000183105469,1095.300048828125
2014-12-12,1672.28,1538.4976000000001,903.0312,1672.28,53.27000045776367,57.33000183105469,1095.300048828125
2014-12-13,1667.95,1534.5140000000001,900.6930000000001,1667.95,53.27000045776367,57.33000183105469,1095.300048828125
2014-12-14,1665.67,1532.4164,899.4618000000002,1665.67,53.27000045776367,57.33000183105469,1095.300048828125
2014-12-15,1662.06,1529.0952,897.5124000000001,1662.06,53.27000045776367,57.33000183105469,1095.300048828125
2014-12-16,1656.51,1523.9892,894.5154,1656.51,53.27000045776367,57.33000183105469,1095.300048828125
2014-12-17,1651.12,1519.0303999999999,891.6048,1651.12,53.27000045776367,57.33000183105469,1095.300048828125
2014-12-18,1644.85,1513.262,888.219,1644.85,53.27000045776367,57.33000183105469,1095.300048828125
2014-12-19,1638.69,1507.5948,884.8926000000001,1638.69,53.27000045776367,57.33000183105469,1095.300048828125
2014-12-20,1633.6,1502.912,882.144,1633.6,53.27000045776367,57.33000183105469,1095.300048828125
2014-12-21,1631.15,1500.6580000000001,880.8210000000001,1631.15,53.27000045776367,57.33000183105469,1095.300048828125
2014-12-22,1627.1,1496.932,878.634,1627.1,53.27000045776367,57.33000183105469,1095.300048828125
2014-12-23,1620.94,1491.2648000000002,875.3076000000001,1620.94,53.27000045776367,57.33000183105469,1095.300048828125
2014-12-24,1615.01,1485.8092000000001,872.1054,1615.01,53.27000045776367,57.33000183105469,1095.300048828125
2014-12-25,1610.86,1481.9912,869.8644,1610.86,53.27000045776367,57.33000183105469,1095.300048828125
2014-12-26,1607.5,1478.9,868.0500000000001,1607.5,53.27000045776367,57.33000183105469,1095.300048828125
2014-12-27,1603.84,1475.5328,866.0736,1603.84,53.27000045776367,57.33000183105469,1095.300048828125
2014-12-28,1601.86,1473.7112,865.0044,1601.86,53.27000045776367,57.33000183105469,1095.300048828125
2014-12-29,1598.94,1471.0248000000001,863.4276000000001,1598.94,53.27000045776367,57.33000183105469,1095.300048828125
2014-12-30,1594.85,1467.262,861.219,1594.85,53.27000045776367,57.33000183105469,1095.300048828125
2014-12-31,1591.98,1464.6216000000002,859.6692,1591.98,53.27000045776367,57.33000183105469,1095.300048828125
2015-01-01,1587.31,1460.3252,857.1474000000001,1587.31,48.2400016784668,52.9900016784668,1101.0
2015-01-02,1583.94,1457.2248000000002,855.3276000000001,1583.94,48.2400016784668,52.9900016784668,1101.0
2015-01-03,1580.04,1453.6368,853.2216000000001,1580.04,48.2400016784668,52.9900016784668,1101.0
2015-01-04,1576.8,1450.656,851.472,1576.8,48.2400016784668,52.9900016784668,1101.0
2015-01-05,1574.43,1448.4756000000002,850.1922000000001,1574.43,48.2400016784668,52.9900016784668,1101.0
2015-01-06,1569.7,1444.124,847.638,1569.7,48.2400016784668,52.9900016784668,1101.0
2015-01-07,1564.04,1438.9168,844.5816,1564.04,48.2400016784668,52.9900016784668,1101.0
2015-01-08,1558.9,1434.188,841.8060000000002,1558.9,48.2400016784668,52.9900016784668,1101.0
2015-01-09,1553.5,1429.22,838.8900000000001,1553.5,48.2400016784668,52.9900016784668,1101.0
2015-01-10,1547.42,1423.6264,835.6068000000001,1547.42,48.2400016784668,52.9900016784668,1101.0
2015-01-11,1544.35,1420.802,833.949,1544.35,48.2400016784668,52.9900016784668,1101.0
2015-01-12,1540.37,1417.1404,831.7998,1540.37,48.2400016784668,52.9900016784668,1101.0
2015-01-13,1532.39,1409.7988000000003,827.4906000000001,1532.39,48.2400016784668,52.9900016784668,1101.0
2015-01-14,1524.05,1402.126,822.9870000000001,1524.05,48.2400016784668,52.9900016784668,1101.0
2015-01-15,1514.91,1393.7172,818.0514000000001,1514.91,48.2400016784668,52.9900016784668,1101.0
2015-01-16,1504.89,1384.4988,812.6406000000001,1504.89,48.2400016784668,52.9900016784668,1101.0
2015-01-17,1496.7,1376.9640000000002,808.2180000000001,1496.7,48.2400016784668,52.9900016784668,1101.0
2015-01-18,1493.03,1373.5876,806.2362,1493.03,48.2400016784668,52.9900016784668,1101.0
2015-01-19,1487.27,1368.2884000000001,803.1258,1487.27,48.2400016784668,52.9900016784668,1101.0
2015-01-20,1477.8,1359.576,798.0120000000001,1477.8,48.2400016784668,52.9900016784668,1101.0
2015-01-21,1468.93,1351.4156,793.2222,1468.93,48.2400016784668,52.9900016784668,1101.0
2015-01-22,1461.23,1344.3316,789.0642,1461.23,48.2400016784668,52.9900016784668,1101.0
2015-01-23,1453.69,1337.3948,784.9926,1453.69,48.2400016784668,52.9900016784668,1101.0
2015-01-24,1447.97,1332.1324000000002,781.9038,1447.97,48.2400016784668,52.9900016784668,1101.0
2015-01-25,1444.92,1329.3264000000001,780.2568000000001,1444.92,48.2400016784668,52.9900016784668,1101.0
2015-01-26,1440.86,1325.5912,778.0644,1440.86,48.2400016784668,52.9900016784668,1101.0
2015-01-27,1434.8,1320.016,774.792,1434.8,48.2400016784668,52.9900016784668,1101.0
2015-01-28,1430.24,1315.8208,772.3296,1430.24,48.2400016784668,52.9900016784668,1101.0
2015-01-29,1425.61,1311.5611999999999,769.8294,1425.61,48.2400016784668,52.9900016784668,1101.0
2015-01-30,1422.01,1308.2492,767.8854,1422.01,48.2400016784668,52.9900016784668,1101.0
2015-01-31,1419.11,1305.5811999999999,766.3194,1419.11,48.2400016784668,52.9900016784668,1101.0
2015-02-01,1416.41,1303.0972000000002,764.8614000000001,1416.41,48.2400016784668,52.9900016784668,1101.0
2015-02-02,1413.88,1300.7696,763.4952000000001,1413.88,48.2400016784668,52.9900016784668,1101.0
2015-02-03,1411.25,1298.3500000000001,762.075,1411.25,48.2400016784668,52.9900016784668,1101.0
2015-02-04,1410.11,1297.3011999999999,761.4594,1410.11,48.2400016784668,52.9900016784668,1101.0
2015-02-05,1409.74,1296.9608,761.2596000000001,1409.74,48.2400016784668,52.9900016784668,1101.0
2015-02-06,1409.82,1297.0344,761.3028,1409.82,48.2400016784668,52.9900016784668,1101.0
2015-02-07,1410.59,1297.7428,761.7186,1410.59,48.2400016784668,52.9900016784668,1101.0
2015-02-08,1410.96,1298.0832,761.9184,1410.96,48.2400016784668,52.9900016784668,1101.0
2015-02-09,1411.86,1298.9112,762.4044,1411.86,48.2400016784668,52.9900016784668,1101.0
2015-02-10,1415.54,1302.2968,764.3916,1415.54,48.2400016784668,52.9900016784668,1101.0
2015-02-11,1420.67,1307.0164000000002,767.1618000000001,1420.67,48.2400016784668,52.9900016784668,1101.0
2015-02-12,1424.82,1310.8344,769.4028000000001,1424.82,48.2400016784668,52.9900016784668,1101.0
2015-02-13,1428.39,1314.1188000000002,771.3306000000001,1428.39,48.2400016784668,52.9900016784668,1101.0
2015-02-14,1433.49,1318.8108,774.0846,1433.49,48.2400016784668,52.9900016784668,1101.0
2015-02-15,1436.24,1321.3408000000002,775.5696,1436.24,48.2400016784668,52.9900016784668,1101.0
2015-02-16,1440.21,1324.9932000000001,777.7134000000001,1440.21,48.2400016784668,52.9900016784668,1101.0
2015-02-17,1448.15,1332.2980000000002,782.0010000000001,1448.15,48.2400016784668,52.9900016784668,1101.0
2015-02-18,1455.67,1339.2164,786.0618000000001,1455.67,48.2400016784668,52.9900016784668,1101.0
2015-02-19,1458.18,1341.5256000000002,787.4172000000001,1458.18,48.2400016784668,52.9900016784668,1101.0
2015-02-20,1460.06,1343.2552,788.4324,1460.06,48.2400016784668,52.9900016784668,1101.0
2015-02-21,1462.04,1345.0768,789.5016,1462.04,48.2400016784668,52.9900016784668,1101.0
2015-02-22,1463.26,1346.1992,790.1604000000001,1463.26,48.2400016784668,52.9900016784668,1101.0
2015-02-23,1465.55,1348.306,791.397,1465.55,48.2400016784668,52.9900016784668,1101.0
2015-02-24,1470.24,1352.6208000000001,793.9296,1470.24,48.2400016784668,52.9900016784668,1101.0
2015-02-25,1473.61,1355.7212,795.7494,1473.61,48.2400016784668,52.9900016784668,1101.0
2015-02-26,1476.36,1358.2512,797.2344,1476.36,48.2400016784668,52.9900016784668,1101.0
2015-02-27,1479.16,1360.8272000000002,798.7464000000001,1479.16,48.2400016784668,52.9900016784668,1101.0
2015-02-28,1481.31,1362.8052,799.9074,1481.31,48.2400016784668,52.9900016784668,1101.0
2015-03-01,1484.13,1365.3996000000002,801.4302000000001,1484.13,48.2400016784668,52.9900016784668,1105.5
2015-03-02,1486.66,1367.7272,802.7964000000001,1486.66,48.2400016784668,52.9900016784668,1105.5
2015-03-03,1489.48,1370.3216,804.3192,1489.48,48.2400016784668,52.9900016784668,1105.5
2015-03-04,1492.65,1373.238,806.0310000000001,1492.65,48.2400016784668,52.9900016784668,1105.5
2015-03-05,1495.4,1375.7680000000003,807.5160000000001,1495.4,48.2400016784668,52.9900016784668,1105.5
2015-03-06,1497.2,1377.4240000000002,808.488,1497.2,48.2400016784668,52.9900016784668,1105.5
2015-03-07,1499.25,1379.3100000000002,809.595,1499.25,48.2400016784668,52.9900016784668,1105.5
2015-03-08,1500.31,1380.2852,810.1674,1500.31,48.2400016784668,52.9900016784668,1105.5
2015-03-09,1503.27,1383.0084,811.7658,1503.27,48.2400016784668,52.9900016784668,1105.5
2015-03-10,1506.29,1385.7868,813.3966,1506.29,48.2400016784668,52.9900016784668,1105.5
2015-03-11,1509.65,1388.8780000000002,815.2110000000001,1509.65,48.2400016784668,52.9900016784668,1105.5
2015-03-12,1511.76,1390.8192000000001,816.3504,1511.76,48.2400016784668,52.9900016784668,1105.5
2015-03-13,1513.36,1392.2912,817.2144,1513.36,48.2400016784668,52.9900016784668,1105.5
2015-03-14,1514.6,1393.432,817.884,1514.6,48.2400016784668,52.9900016784668,1105.5
2015-03-15,1515.06,1393.8552,818.1324000000001,1515.06,48.2400016784668,52.9900016784668,1105.5
2015-03-16,1515.93,1394.6556,818.6022,1515.93,48.2400016784668,52.9900016784668,1105.5
2015-03-17,1516.46,1395.1432000000002,818.8884,1516.46,48.2400016784668,52.9900016784668,1105.5
2015-03-18,1516.49,1395.1708,818.9046000000001,1516.49,48.2400016784668,52.9900016784668,1105.5
2015-03-19,1516.22,1394.9224000000002,818.7588000000001,1516.22,48.2400016784668,52.9900016784668,1105.5
2015-03-20,1515.78,1394.5176000000001,818.5212,1515.78,48.2400016784668,52.9900016784668,1105.5
2015-03-21,1515.35,1394.122,818.289,1515.35,48.2400016784668,52.9900016784668,1105.5
2015-03-22,1515.11,1393.9012,818.1594,1515.11,48.2400016784668,52.9900016784668,1105.5
2015-03-23,1514.7,1393.5240000000001,817.9380000000001,1514.7,48.2400016784668,52.9900016784668,1105.5
2015-03-24,1513.74,1392.6408000000001,817.4196000000001,1513.74,48.2400016784668,52.9900016784668,1105.5
2015-03-25,1512.95,1391.9140000000002,816.993,1512.95,48.2400016784668,52.9900016784668,1105.5
2015-03-26,1512.06,1391.0952,816.5124000000001,1512.06,48.2400016784668,52.9900016784668,1105.5
2015-03-27,1511.57,1390.6444,816.2478,1511.57,48.2400016784668,52.9900016784668,1105.5
2015-03-28,1511.21,1390.3132,816.0534000000001,1511.21,48.2400016784668,52.9900016784668,1105.5
2015-03-29,1511.02,1390.1384,815.9508000000001,1511.02,48.2400016784668,52.9900016784668,1105.5
2015-03-30,1510.7,1389.844,815.7780000000001,1510.7,48.2400016784668,52.9900016784668,1105.5
2015-03-31,1510.53,1389.6876,815.6862,1510.53,48.2400016784668,52.9900016784668,1105.5
2015-04-01,1510.64,1389.7888000000003,815.7456000000001,1510.64,59.630001068115234,66.77999877929688,1068.969970703125
2015-04-02,1510.14,1389.3288000000002,815.4756000000001,1510.14,59.630001068115234,66.77999877929688,1068.969970703125
2015-04-03,1509.8,1389.016,815.292,1509.8,59.630001068115234,66.77999877929688,1068.969970703125
2015-04-04,1509.23,1388.4916,814.9842000000001,1509.23,59.630001068115234,66.77999877929688,1068.969970703125
2015-04-05,1508.95,1388.2340000000002,814.8330000000001,1508.95,59.630001068115234,66.77999877929688,1068.969970703125
2015-04-06,1508.84,1388.1328,814.7736,1508.84,59.630001068115234,66.77999877929688,1068.969970703125
2015-04-07,1508.26,1387.5992,814.4604,1508.26,59.630001068115234,66.77999877929688,1068.969970703125
2015-04-08,1507.73,1387.1116000000002,814.1742,1507.73,59.630001068115234,66.77999877929688,1068.969970703125
2015-04-09,1507.46,1386.8632,814.0284,1507.46,59.630001068115234,66.77999877929688,1068.969970703125
2015-04-10,1507.05,1386.486,813.807,1507.05,59.630001068115234,66.77999877929688,1068.969970703125
2015-04-11,1506.57,1386.0444,813.5478,1506.57,59.630001068115234,66.77999877929688,1068.969970703125
2015-04-12,1506.45,1385.9340000000002,813.4830000000001,1506.45,59.630001068115234,66.77999877929688,1068.969970703125
2015-04-13,1506.32,1385.8144,813.4128000000001,1506.32,59.630001068115234,66.77999877929688,1068.969970703125
2015-04-14,1505.82,1385.3544,813.1428,1505.82,59.630001068115234,66.77999877929688,1068.969970703125
2015-04-15,1505.4,1384.968,812.916,1505.4,59.630001068115234,66.77999877929688,1068.969970703125
2015-04-16,1505.08,1384.6736,812.7432,1505.08,59.630001068115234,66.77999877929688,1068.969970703125
2015-04-17,1504.86,1384.4712,812.6244,1504.86,59.630001068115234,66.77999877929688,1068.969970703125
2015-04-18,1504.72,1384.3424,812.5488,1504.72,59.630001068115234,66.77999877929688,1068.969970703125
2015-04-19,1504.61,1384.2412,812.4894,1504.61,59.630001068115234,66.77999877929688,1068.969970703125
2015-04-20,1504.77,1384.3884,812.5758000000001,1504.77,59.630001068115234,66.77999877929688,1068.969970703125
2015-04-21,1506.01,1385.5292,813.2454,1506.01,59.630001068115234,66.77999877929688,1068.969970703125
2015-04-22,1506.59,1386.0628,813.5586,1506.59,59.630001068115234,66.77999877929688,1068.969970703125
2015-04-23,1506.86,1386.3111999999999,813.7044,1506.86,59.630001068115234,66.77999877929688,1068.969970703125
2015-04-24,1507.29,1386.7068,813.9366,1507.29,59.630001068115234,66.77999877929688,1068.969970703125
2015-04-25,1507.56,1386.9552,814.0824,1507.56,59.630001068115234,66.77999877929688,1068.969970703125
2015-04-26,1507.82,1387.1944,814.2228,1507.82,59.630001068115234,66.77999877929688,1068.969970703125
2015-04-27,1508.22,1387.5624,814.4388,1508.22,59.630001068115234,66.77999877929688,1068.969970703125
2015-04-28,1509.45,1388.6940000000002,815.1030000000001,1509.45,59.630001068115234,66.77999877929688,1068.969970703125
2015-04-29,1510.16,1389.3472000000002,815.4864000000001,1510.16,59.630001068115234,66.77999877929688,1068.969970703125
2015-04-30,1510.71,1389.8532,815.7834,1510.71,59.630001068115234,66.77999877929688,1068.969970703125
2015-05-01,1512.19,1391.2148000000002,816.5826000000001,1512.19,60.29999923706055,65.55999755859375,1107.0
2015-05-02,1513.22,1392.1624000000002,817.1388000000001,1513.22,60.29999923706055,65.55999755859375,1107.0
2015-05-03,1513.62,1392.5303999999999,817.3548,1513.62,60.29999923706055,65.55999755859375,1107.0
2015-05-04,1514.4,1393.248,817.7760000000001,1514.4,60.29999923706055,65.55999755859375,1107.0
2015-05-05,1516.14,1394.8488000000002,818.7156000000001,1516.14,60.29999923706055,65.55999755859375,1107.0
2015-05-06,1517.43,1396.0356000000002,819.4122000000001,1517.43,60.29999923706055,65.55999755859375,1107.0
2015-05-07,1519.81,1398.2252,820.6974,1519.81,60.29999923706055,65.55999755859375,1107.0
2015-05-08,1522.99,1401.1508000000001,822.4146000000001,1522.99,60.29999923706055,65.55999755859375,1107.0
2015-05-09,1525.62,1403.5704,823.8348,1525.62,60.29999923706055,65.55999755859375,1107.0
2015-05-10,1526.8,1404.656,824.472,1526.8,60.29999923706055,65.55999755859375,1107.0
2015-05-11,1528.95,1406.634,825.633,1528.95,60.29999923706055,65.55999755859375,1107.0
2015-05-12,1532.2,1409.624,827.388,1532.2,60.29999923706055,65.55999755859375,1107.0
2015-05-13,1535.0,1412.2,828.9000000000001,1535.0,60.29999923706055,65.55999755859375,1107.0
2015-05-14,1537.9,1414.8680000000002,830.4660000000001,1537.9,60.29999923706055,65.55999755859375,1107.0
2015-05-15,1540.82,1417.5544,832.0428,1540.82,60.29999923706055,65.55999755859375,1107.0
2015-05-16,1543.96,1420.4432000000002,833.7384000000001,1543.96,60.29999923706055,65.55999755859375,1107.0
2015-05-17,1545.39,1421.7588,834.5106000000001,1545.39,60.29999923706055,65.55999755859375,1107.0
2015-05-18,1548.11,1424.2612,835.9794,1548.11,60.29999923706055,65.55999755859375,1107.0
2015-05-19,1551.36,1427.2512,837.7344,1551.36,60.29999923706055,65.55999755859375,1107.0
2015-05-20,1553.77,1429.4684,839.0358,1553.77,60.29999923706055,65.55999755859375,1107.0
2015-05-21,1555.96,1431.4832000000001,840.2184000000001,1555.96,60.29999923706055,65.55999755859375,1107.0
2015-05-22,1558.21,1433.5532,841.4334000000001,1558.21,60.29999923706055,65.55999755859375,1107.0
2015-05-23,1560.62,1435.7703999999999,842.7348,1560.62,60.29999923706055,65.55999755859375,1107.0
2015-05-24,1561.72,1436.7824,843.3288000000001,1561.72,60.29999923706055,65.55999755859375,1107.0
2015-05-25,1563.01,1437.9692,844.0254000000001,1563.01,60.29999923706055,65.55999755859375,1107.0
2015-05-26,1564.95,1439.7540000000001,845.0730000000001,1564.95,60.29999923706055,65.55999755859375,1107.0
2015-05-27,1566.68,1441.3456,846.0072000000001,1566.68,60.29999923706055,65.55999755859375,1107.0
2015-05-28,1567.87,1442.4404,846.6498,1567.87,60.29999923706055,65.55999755859375,1107.0
2015-05-29,1568.81,1443.3052,847.1574,1568.81,60.29999923706055,65.55999755859375,1107.0
2015-05-30,1569.63,1444.0596000000003,847.6002000000001,1569.63,60.29999923706055,65.55999755859375,1107.0
2015-05-31,1570.18,1444.5656000000001,847.8972000000001,1570.18,60.29999923706055,65.55999755859375,1107.0
2015-06-01,1571.55,1445.826,848.6370000000001,1571.55,59.470001220703125,63.59000015258789,1118.219970703125
2015-06-02,1572.4,1446.6080000000002,849.0960000000001,1572.4,59.470001220703125,63.59000015258789,1118.219970703125
2015-06-03,1573.51,1447.6292,849.6954000000001,1573.51,59.470001220703125,63.59000015258789,1118.219970703125
2015-06-04,1574.42,1448.4664,850.1868000000001,1574.42,59.470001220703125,63.59000015258789,1118.219970703125
2015-06-05,1575.14,1449.1288000000002,850.5756000000001,1575.14,59.470001220703125,63.59000015258789,1118.219970703125
2015-06-06,1575.56,1449.5152,850.8024,1575.56,59.470001220703125,63.59000015258789,1118.219970703125
2015-06-07,1575.86,1449.7912,850.9644,1575.86,59.470001220703125,63.59000015258789,1118.219970703125
2015-06-08,1576.18,1450.0856,851.1372000000001,1576.18,59.470001220703125,63.59000015258789,1118.219970703125
2015-06-09,1576.8,1450.656,851.472,1576.8,59.470001220703125,63.59000015258789,1118.219970703125
2015-06-10,1577.23,1451.0516,851.7042,1577.23,59.470001220703125,63.59000015258789,1118.219970703125
2015-06-11,1577.63,1451.4196000000002,851.9202000000001,1577.63,59.470001220703125,63.59000015258789,1118.219970703125
2015-06-12,1578.28,1452.0176000000001,852.2712,1578.28,59.470001220703125,63.59000015258789,1118.219970703125
2015-06-13,1578.92,1452.6064000000001,852.6168000000001,1578.92,59.470001220703125,63.59000015258789,1118.219970703125
2015-06-14,1579.21,1452.8732,852.7734,1579.21,59.470001220703125,63.59000015258789,1118.219970703125
2015-06-15,1579.67,1453.2964000000002,853.0218000000001,1579.67,59.470001220703125,63.59000015258789,1118.219970703125
2015-06-16,1581.36,1454.8512,853.9344,1581.36,59.470001220703125,63.59000015258789,1118.219970703125
2015-06-17,1582.09,1455.5228,854.3286,1582.09,59.470001220703125,63.59000015258789,1118.219970703125
2015-06-18,1582.68,1456.0656000000001,854.6472000000001,1582.68,59.470001220703125,63.59000015258789,1118.219970703125
2015-06-19,1583.28,1456.6176,854.9712000000001,1583.28,59.470001220703125,63.59000015258789,1118.219970703125
2015-06-20,1583.69,1456.9948000000002,855.1926000000001,1583.69,59.470001220703125,63.59000015258789,1118.219970703125
2015-06-21,1583.73,1457.0316,855.2142000000001,1583.73,59.470001220703125,63.59000015258789,1118.219970703125
2015-06-22,1584.09,1457.3627999999999,855.4086,1584.09,59.470001220703125,63.59000015258789,1118.219970703125
2015-06-23,1584.35,1457.602,855.549,1584.35,59.470001220703125,63.59000015258789,1118.219970703125
2015-06-24,1584.58,1457.8136,855.6732000000001,1584.58,59.470001220703125,63.59000015258789,1118.219970703125
2015-06-25,1584.71,1457.9332000000002,855.7434000000001,1584.71,59.470001220703125,63.59000015258789,1118.219970703125
2015-06-26,1584.84,1458.0528,855.8136000000001,1584.84,59.470001220703125,63.59000015258789,1118.219970703125
2015-06-27,1584.8,1458.016,855.792,1584.8,59.470001220703125,63.59000015258789,1118.219970703125
2015-06-28,1584.76,1457.9792,855.7704,1584.76,59.470001220703125,63.59000015258789,1118.219970703125
2015-06-29,1584.88,1458.0896000000002,855.8352000000001,1584.88,59.470001220703125,63.59000015258789,1118.219970703125
2015-06-30,1584.68,1457.9056,855.7272,1584.68,59.470001220703125,63.59000015258789,1118.219970703125
2015-07-01,1584.5,1457.74,855.6300000000001,1584.5,47.119998931884766,52.209999084472656,1170.77001953125
2015-07-02,1584.36,1457.6112,855.5544,1584.36,47.119998931884766,52.209999084472656,1170.77001953125
2015-07-03,1584.2,1457.4640000000002,855.4680000000001,1584.2,47.119998931884766,52.209999084472656,1170.77001953125
2015-07-04,1583.95,1457.2340000000002,855.3330000000001,1583.95,47.119998931884766,52.209999084472656,1170.77001953125
2015-07-05,1583.87,1457.1604,855.2898,1583.87,47.119998931884766,52.209999084472656,1170.77001953125
2015-07-06,1583.79,1457.0868,855.2466000000001,1583.79,47.119998931884766,52.209999084472656,1170.77001953125
2015-07-07,1583.38,1456.7096000000001,855.0252000000002,1583.38,47.119998931884766,52.209999084472656,1170.77001953125
2015-07-08,1582.89,1456.2588,854.7606000000001,1582.89,47.119998931884766,52.209999084472656,1170.77001953125
2015-07-09,1582.36,1455.7712,854.4744,1582.36,47.119998931884766,52.209999084472656,1170.77001953125
2015-07-10,1581.57,1455.0444,854.0478,1581.57,47.119998931884766,52.209999084472656,1170.77001953125
2015-07-11,1580.71,1454.2532,853.5834000000001,1580.71,47.119998931884766,52.209999084472656,1170.77001953125
2015-07-12,1580.41,1453.9772,853.4214000000001,1580.41,47.119998931884766,52.209999084472656,1170.77001953125
2015-07-13,1580.03,1453.6276,853.2162000000001,1580.03,47.119998931884766,52.209999084472656,1170.77001953125
2015-07-14,1579.08,1452.7536,852.7032,1579.08,47.119998931884766,52.209999084472656,1170.77001953125
2015-07-15,1578.23,1451.9716,852.2442000000001,1578.23,47.119998931884766,52.209999084472656,1170.77001953125
2015-07-16,1577.4,1451.208,851.796,1577.4,47.119998931884766,52.209999084472656,1170.77001953125
2015-07-17,1575.89,1449.8188000000002,850.9806000000001,1575.89,47.119998931884766,52.209999084472656,1170.77001953125
2015-07-18,1574.77,1448.7884000000001,850.3758,1574.77,47.119998931884766,52.209999084472656,1170.77001953125
2015-07-19,1574.28,1448.3376,850.1112,1574.28,47.119998931884766,52.209999084472656,1170.77001953125
2015-07-20,1573.6,1447.712,849.744,1573.6,47.119998931884766,52.209999084472656,1170.77001953125
2015-07-21,1572.66,1446.8472000000002,849.2364000000001,1572.66,47.119998931884766,52.209999084472656,1170.77001953125
2015-07-22,1571.76,1446.0192,848.7504,1571.76,47.119998931884766,52.209999084472656,1170.77001953125
2015-07-23,1570.57,1444.9244,848.1078,1570.57,47.119998931884766,52.209999084472656,1170.77001953125
2015-07-24,1569.63,1444.0596000000003,847.6002000000001,1569.63,47.119998931884766,52.209999084472656,1170.77001953125
2015-07-25,1568.59,1443.1028,847.0386,1568.59,47.119998931884766,52.209999084472656,1170.77001953125
2015-07-26,1568.14,1442.6888000000001,846.7956000000001,1568.14,47.119998931884766,52.209999084472656,1170.77001953125
2015-07-27,1567.45,1442.054,846.4230000000001,1567.45,47.119998931884766,52.209999084472656,1170.77001953125
2015-07-28,1566.15,1440.8580000000002,845.7210000000001,1566.15,47.119998931884766,52.209999084472656,1170.77001953125
2015-07-29,1564.98,1439.7816,845.0892000000001,1564.98,47.119998931884766,52.209999084472656,1170.77001953125
2015-07-30,1564.12,1438.9904,844.6248,1564.12,47.119998931884766,52.209999084472656,1170.77001953125
2015-07-31,1563.34,1438.2728,844.2036,1563.34,47.119998931884766,52.209999084472656,1170.77001953125
2015-08-01,1561.97,1437.0124,843.4638000000001,1561.97,49.20000076293945,54.150001525878906,1177.5999755859375
2015-08-02,1561.53,1436.6076,843.2262000000001,1561.53,49.20000076293945,54.150001525878906,1177.5999755859375
2015-08-03,1560.91,1436.0372000000002,842.8914000000001,1560.91,49.20000076293945,54.150001525878906,1177.5999755859375
2015-08-04,1559.64,1434.8688000000002,842.2056000000001,1559.64,49.20000076293945,54.150001525878906,1177.5999755859375
2015-08-05,1558.65,1433.958,841.671,1558.65,49.20000076293945,54.150001525878906,1177.5999755859375
2015-08-06,1557.68,1433.0656000000001,841.1472000000001,1557.68,49.20000076293945,54.150001525878906,1177.5999755859375
2015-08-07,1556.66,1432.1272000000001,840.5964000000001,1556.66,49.20000076293945,54.150001525878906,1177.5999755859375
2015-08-08,1555.54,1431.0968,839.9916000000001,1555.54,49.20000076293945,54.150001525878906,1177.5999755859375
2015-08-09,1554.97,1430.5724,839.6838,1554.97,49.20000076293945,54.150001525878906,1177.5999755859375
2015-08-10,1554.09,1429.7628,839.2086,1554.09,49.20000076293945,54.150001525878906,1177.5999755859375
2015-08-11,1552.43,1428.2356000000002,838.3122000000001,1552.43,49.20000076293945,54.150001525878906,1177.5999755859375
2015-08-12,1551.12,1427.0303999999999,837.6048,1551.12,49.20000076293945,54.150001525878906,1177.5999755859375
2015-08-13,1549.67,1425.6964,836.8218,1549.67,49.20000076293945,54.150001525878906,1177.5999755859375
2015-08-14,1548.01,1424.1692,835.9254000000001,1548.01,49.20000076293945,54.150001525878906,1177.5999755859375
2015-08-15,1547.37,1423.5804,835.5798,1547.37,49.20000076293945,54.150001525878906,1177.5999755859375
2015-08-16,1546.78,1423.0376,835.2612,1546.78,49.20000076293945,54.150001525878906,1177.5999755859375
2015-08-17,1545.61,1421.9612,834.6294,1545.61,49.20000076293945,54.150001525878906,1177.5999755859375
2015-08-18,1543.86,1420.3512,833.6844,1543.86,49.20000076293945,54.150001525878906,1177.5999755859375
2015-08-19,1542.11,1418.7412,832.7394,1542.11,49.20000076293945,54.150001525878906,1177.5999755859375
2015-08-20,1540.47,1417.2324,831.8538000000001,1540.47,49.20000076293945,54.150001525878906,1177.5999755859375
2015-08-21,1538.62,1415.5303999999999,830.8548,1538.62,49.20000076293945,54.150001525878906,1177.5999755859375
2015-08-22,1536.83,1413.8836,829.8882,1536.83,49.20000076293945,54.150001525878906,1177.5999755859375
2015-08-23,1535.99,1413.1108000000002,829.4346,1535.99,49.20000076293945,54.150001525878906,1177.5999755859375
2015-08-24,1534.64,1411.8688000000002,828.7056000000001,1534.64,49.20000076293945,54.150001525878906,1177.5999755859375
2015-08-25,1532.13,1409.5596000000003,827.3502000000001,1532.13,49.20000076293945,54.150001525878906,1177.5999755859375
2015-08-26,1529.74,1407.3608000000002,826.0596,1529.74,49.20000076293945,54.150001525878906,1177.5999755859375
2015-08-27,1527.31,1405.1252,824.7474,1527.31,49.20000076293945,54.150001525878906,1177.5999755859375
2015-08-28,1525.2,1403.1840000000002,823.6080000000001,1525.2,49.20000076293945,54.150001525878906,1177.5999755859375
2015-08-29,1523.83,1401.9236,822.8682,1523.83,49.20000076293945,54.150001525878906,1177.5999755859375
2015-08-30,1523.31,1401.4452,822.5874,1523.31,49.20000076293945,54.150001525878906,1177.5999755859375
2015-08-31,1522.64,1400.8288000000002,822.2256000000001,1522.64,49.20000076293945,54.150001525878906,1177.5999755859375
2015-09-01,1520.29,1398.6668,820.9566,1520.29,45.09000015258789,48.369998931884766,1194.1600341796875
2015-09-02,1519.15,1397.6180000000002,820.3410000000001,1519.15,45.09000015258789,48.369998931884766,1194.1600341796875
2015-09-03,1518.04,1396.5968,819.7416000000001,1518.04,45.09000015258789,48.369998931884766,1194.1600341796875
2015-09-04,1517.06,1395.6952,819.2124,1517.06,45.09000015258789,48.369998931884766,1194.1600341796875
2015-09-05,1516.11,1394.8211999999999,818.6994,1516.11,45.09000015258789,48.369998931884766,1194.1600341796875
2015-09-06,1515.75,1394.49,818.5050000000001,1515.75,45.09000015258789,48.369998931884766,1194.1600341796875
2015-09-07,1515.28,1394.0576,818.2512,1515.28,45.09000015258789,48.369998931884766,1194.1600341796875
2015-09-08,1515.27,1394.0484000000001,818.2458,1515.27,45.09000015258789,48.369998931884766,1194.1600341796875
2015-09-09,1514.76,1393.5792000000001,817.9704,1514.76,45.09000015258789,48.369998931884766,1194.1600341796875
2015-09-10,1514.26,1393.1192,817.7004000000001,1514.26,45.09000015258789,48.369998931884766,1194.1600341796875
2015-09-11,1513.75,1392.65,817.4250000000001,1513.75,45.09000015258789,48.369998931884766,1194.1600341796875
2015-09-12,1513.27,1392.2084,817.1658,1513.27,45.09000015258789,48.369998931884766,1194.1600341796875
2015-09-13,1513.1,1392.052,817.074,1513.1,45.09000015258789,48.369998931884766,1194.1600341796875
2015-09-14,1512.85,1391.822,816.939,1512.85,45.09000015258789,48.369998931884766,1194.1600341796875
2015-09-15,1512.54,1391.5368,816.7716,1512.54,45.09000015258789,48.369998931884766,1194.1600341796875
2015-09-16,1511.89,1390.9388000000001,816.4206000000001,1511.89,45.09000015258789,48.369998931884766,1194.1600341796875
2015-09-17,1511.22,1390.3224,816.0588,1511.22,45.09000015258789,48.369998931884766,1194.1600341796875
2015-09-18,1510.21,1389.3932000000002,815.5134,1510.21,45.09000015258789,48.369998931884766,1194.1600341796875
2015-09-19,1509.6,1388.8319999999999,815.184,1509.6,45.09000015258789,48.369998931884766,1194.1600341796875
2015-09-20,1509.17,1388.4364,814.9518,1509.17,45.09000015258789,48.369998931884766,1194.1600341796875
2015-09-21,1508.82,1388.1144,814.7628,1508.82,45.09000015258789,48.369998931884766,1194.1600341796875
2015-09-22,1508.07,1387.4244,814.3578,1508.07,45.09000015258789,48.369998931884766,1194.1600341796875
2015-09-23,1507.12,1386.5503999999999,813.8448,1507.12,45.09000015258789,48.369998931884766,1194.1600341796875
2015-09-24,1506.39,1385.8788000000002,813.4506000000001,1506.39,45.09000015258789,48.369998931884766,1194.1600341796875
2015-09-25,1505.75,1385.29,813.105,1505.75,45.09000015258789,48.369998931884766,1194.1600341796875
2015-09-26,1505.21,1384.7932,812.8134000000001,1505.21,45.09000015258789,48.369998931884766,1194.1600341796875
2015-09-27,1505.04,1384.6368,812.7216000000001,1505.04,45.09000015258789,48.369998931884766,1194.1600341796875
2015-09-28,1504.96,1384.5632,812.6784000000001,1504.96,45.09000015258789,48.369998931884766,1194.1600341796875
2015-09-29,1505.03,1384.6276,812.7162000000001,1505.03,45.09000015258789,48.369998931884766,1194.1600341796875
2015-09-30,1504.76,1384.3792,812.5704000000001,1504.76,45.09000015258789,48.369998931884766,1194.1600341796875
2015-10-01,1503.91,1383.5972000000002,812.1114000000001,1503.91,46.59000015258789,49.560001373291016,1194.1600341796875
2015-10-02,1503.71,1383.4132000000002,812.0034,1503.71,46.59000015258789,49.560001373291016,1194.1600341796875
2015-10-03,1503.08,1382.8336,811.6632,1503.08,46.59000015258789,49.560001373291016,1194.1600341796875
2015-10-04,1502.84,1382.6127999999999,811.5336,1502.84,46.59000015258789,49.560001373291016,1194.1600341796875
2015-10-05,1502.49,1382.2908,811.3446,1502.49,46.59000015258789,49.560001373291016,1194.1600341796875
2015-10-06,1502.15,1381.978,811.1610000000001,1502.15,46.59000015258789,49.560001373291016,1194.1600341796875
2015-10-07,1501.64,1381.5088,810.8856000000001,1501.64,46.59000015258789,49.560001373291016,1194.1600341796875
2015-10-08,1501.45,1381.334,810.7830000000001,1501.45,46.59000015258789,49.560001373291016,1194.1600341796875
2015-10-09,1501.19,1381.0948,810.6426000000001,1501.19,46.59000015258789,49.560001373291016,1194.1600341796875
2015-10-10,1501.22,1381.1224000000002,810.6588,1501.22,46.59000015258789,49.560001373291016,1194.1600341796875
2015-10-11,1501.25,1381.15,810.6750000000001,1501.25,46.59000015258789,49.560001373291016,1194.1600341796875
2015-10-12,1501.37,1381.2604,810.7398,1501.37,46.59000015258789,49.560001373291016,1194.1600341796875
2015-10-13,1501.4,1381.2880000000002,810.7560000000001,1501.4,46.59000015258789,49.560001373291016,1194.1600341796875
2015-10-14,1501.27,1381.1684,810.6858000000001,1501.27,46.59000015258789,49.560001373291016,1194.1600341796875
2015-10-15,1501.02,1380.9384,810.5508000000001,1501.02,46.59000015258789,49.560001373291016,1194.1600341796875
2015-10-16,1500.68,1380.6256,810.3672000000001,1500.68,46.59000015258789,49.560001373291016,1194.1600341796875
2015-10-17,1500.22,1380.2024000000001,810.1188000000001,1500.22,46.59000015258789,49.560001373291016,1194.1600341796875
2015-10-18,1500.13,1380.1196000000002,810.0702000000001,1500.13,46.59000015258789,49.560001373291016,1194.1600341796875
2015-10-19,1500.06,1380.0552,810.0324,1500.06,46.59000015258789,49.560001373291016,1194.1600341796875
2015-10-20,1499.36,1379.4112,809.6544,1499.36,46.59000015258789,49.560001373291016,1194.1600341796875
2015-10-21,1498.61,1378.7212,809.2494,1498.61,46.59000015258789,49.560001373291016,1194.1600341796875
2015-10-22,1497.57,1377.7644,808.6878,1497.57,46.59000015258789,49.560001373291016,1194.1600341796875
2015-10-23,1496.3,1376.596,808.0020000000001,1496.3,46.59000015258789,49.560001373291016,1194.1600341796875
2015-10-24,1495.18,1375.5656000000001,807.3972000000001,1495.18,46.59000015258789,49.560001373291016,1194.1600341796875
2015-10-25,1494.74,1375.1608,807.1596000000001,1494.74,46.59000015258789,49.560001373291016,1194.1600341796875
2015-10-26,1494.14,1374.6088000000002,806.8356000000001,1494.14,46.59000015258789,49.560001373291016,1194.1600341796875
2015-10-27,1492.85,1373.422,806.139,1492.85,46.59000015258789,49.560001373291016,1194.1600341796875
2015-10-28,1491.5,1372.18,805.4100000000001,1491.5,46.59000015258789,49.560001373291016,1194.1600341796875
2015-10-29,1490.09,1370.8828,804.6486,1490.09,46.59000015258789,49.560001373291016,1194.1600341796875
2015-10-30,1489.15,1370.0180000000003,804.1410000000001,1489.15,46.59000015258789,49.560001373291016,1194.1600341796875
2015-10-31,1488.27,1369.2084,803.6658,1488.27,46.59000015258789,49.560001373291016,1194.1600341796875
2015-11-01,1487.32,1368.3344,803.1528000000001,1487.32,46.59000015258789,49.560001373291016,1154.8299560546875
2015-11-02,1486.62,1367.6904,802.7748,1486.62,46.59000015258789,49.560001373291016,1154.8299560546875
2015-11-03,1485.8,1366.936,802.332,1485.8,46.59000015258789,49.560001373291016,1154.8299560546875
2015-11-04,1484.88,1366.0896000000002,801.8352000000001,1484.88,46.59000015258789,49.560001373291016,1154.8299560546875
2015-11-05,1483.82,1365.1144,801.2628,1483.82,46.59000015258789,49.560001373291016,1154.8299560546875
2015-11-06,1482.93,1364.2956000000001,800.7822000000001,1482.93,46.59000015258789,49.560001373291016,1154.8299560546875
2015-11-07,1481.57,1363.0444,800.0478,1481.57,46.59000015258789,49.560001373291016,1154.8299560546875
2015-11-08,1481.3,1362.796,799.902,1481.3,46.59000015258789,49.560001373291016,1154.8299560546875
2015-11-09,1480.63,1362.1796000000002,799.5402000000001,1480.63,46.59000015258789,49.560001373291016,1154.8299560546875
2015-11-10,1479.73,1361.3516000000002,799.0542,1479.73,46.59000015258789,49.560001373291016,1154.8299560546875
2015-11-11,1478.81,1360.5052,798.5574,1478.81,46.59000015258789,49.560001373291016,1154.8299560546875
2015-11-12,1477.75,1359.53,797.985,1477.75,46.59000015258789,49.560001373291016,1154.8299560546875
2015-11-13,1476.76,1358.6192,797.4504000000001,1476.76,46.59000015258789,49.560001373291016,1154.8299560546875
2015-11-14,1475.88,1357.8096,796.9752000000001,1475.88,46.59000015258789,49.560001373291016,1154.8299560546875
2015-11-15,1475.32,1357.2944,796.6728,1475.32,46.59000015258789,49.560001373291016,1154.8299560546875
2015-11-16,1474.51,1356.5492000000002,796.2354,1474.51,46.59000015258789,49.560001373291016,1154.8299560546875
2015-11-17,1473.35,1355.482,795.609,1473.35,46.59000015258789,49.560001373291016,1154.8299560546875
2015-11-18,1472.28,1354.4976,795.0312,1472.28,46.59000015258789,49.560001373291016,1154.8299560546875
2015-11-19,1470.98,1353.3016,794.3292,1470.98,46.59000015258789,49.560001373291016,1154.8299560546875
2015-11-20,1469.3,1351.756,793.422,1469.3,46.59000015258789,49.560001373291016,1154.8299560546875
2015-11-21,1467.88,1350.4496000000001,792.6552000000001,1467.88,46.59000015258789,49.560001373291016,1154.8299560546875
2015-11-22,1467.21,1349.8332,792.2934,1467.21,46.59000015258789,49.560001373291016,1154.8299560546875
2015-11-23,1466.33,1349.0236,791.8182,1466.33,46.59000015258789,49.560001373291016,1154.8299560546875
2015-11-24,1464.51,1347.3492,790.8354,1464.51,46.59000015258789,49.560001373291016,1154.8299560546875
2015-11-25,1462.86,1345.8311999999999,789.9444,1462.86,46.59000015258789,49.560001373291016,1154.8299560546875
2015-11-26,1461.49,1344.5708,789.2046,1461.49,46.59000015258789,49.560001373291016,1154.8299560546875
2015-11-27,1460.49,1343.6508000000001,788.6646000000001,1460.49,46.59000015258789,49.560001373291016,1154.8299560546875
2015-11-28,1459.49,1342.7308,788.1246000000001,1459.49,46.59000015258789,49.560001373291016,1154.8299560546875
2015-11-29,1458.99,1342.2708,787.8546,1458.99,46.59000015258789,49.560001373291016,1154.8299560546875
2015-11-30,1458.46,1341.7832,787.5684000000001,1458.46,46.59000015258789,49.560001373291016,1154.8299560546875
2015-12-01,1456.21,1339.7132000000001,786.3534000000001,1456.21,37.040000915527344,37.279998779296875,1175.43994140625
2015-12-02,1455.41,1338.9772,785.9214000000001,1455.41,37.040000915527344,37.279998779296875,1175.43994140625
2015-12-03,1454.21,1337.8732,785.2734,1454.21,37.040000915527344,37.279998779296875,1175.43994140625
2015-12-04,1453.02,1336.7784000000001,784.6308,1453.02,37.040000915527344,37.279998779296875,1175.43994140625
2015-12-05,1451.82,1335.6744,783.9828,1451.82,37.040000915527344,37.279998779296875,1175.43994140625
2015-12-06,1451.08,1334.9936,783.5832,1451.08,37.040000915527344,37.279998779296875,1175.43994140625
2015-12-07,1450.18,1334.1656,783.0972,1450.18,37.040000915527344,37.279998779296875,1175.43994140625
2015-12-08,1448.33,1332.4636,782.0982,1448.33,37.040000915527344,37.279998779296875,1175.43994140625
2015-12-09,1446.49,1330.7708,781.1046,1446.49,37.040000915527344,37.279998779296875,1175.43994140625
2015-12-10,1444.38,1328.8296000000003,779.9652000000001,1444.38,37.040000915527344,37.279998779296875,1175.43994140625
2015-12-11,1442.33,1326.9436,778.8582,1442.33,37.040000915527344,37.279998779296875,1175.43994140625
2015-12-12,1439.86,1324.6712,777.5244,1439.86,37.040000915527344,37.279998779296875,1175.43994140625
2015-12-13,1438.91,1323.7972000000002,777.0114000000001,1438.91,37.040000915527344,37.279998779296875,1175.43994140625
2015-12-14,1437.21,1322.2332000000001,776.0934000000001,1437.21,37.040000915527344,37.279998779296875,1175.43994140625
2015-12-15,1434.88,1320.0896000000002,774.8352000000001,1434.88,37.040000915527344,37.279998779296875,1175.43994140625
2015-12-16,1432.55,1317.946,773.577,1432.55,37.040000915527344,37.279998779296875,1175.43994140625
2015-12-17,1430.53,1316.0876,772.4862,1430.53,37.040000915527344,37.279998779296875,1175.43994140625
2015-12-18,1428.59,1314.3028,771.4386,1428.59,37.040000915527344,37.279998779296875,1175.43994140625
2015-12-19,1426.59,1312.4628,770.3586,1426.59,37.040000915527344,37.279998779296875,1175.43994140625
2015-12-20,1425.65,1311.5980000000002,769.8510000000001,1425.65,37.040000915527344,37.279998779296875,1175.43994140625
2015-12-21,1423.95,1310.034,768.9330000000001,1423.95,37.040000915527344,37.279998779296875,1175.43994140625
2015-12-22,1421.65,1307.9180000000001,767.6910000000001,1421.65,37.040000915527344,37.279998779296875,1175.43994140625
2015-12-23,1419.48,1305.9216000000001,766.5192000000001,1419.48,37.040000915527344,37.279998779296875,1175.43994140625
2015-12-24,1417.55,1304.146,765.477,1417.55,37.040000915527344,37.279998779296875,1175.43994140625
2015-12-25,1415.77,1302.5084,764.5158,1415.77,37.040000915527344,37.279998779296875,1175.43994140625
2015-12-26,1414.95,1301.7540000000001,764.0730000000001,1414.95,37.040000915527344,37.279998779296875,1175.43994140625
2015-12-27,1414.27,1301.1284,763.7058000000001,1414.27,37.040000915527344,37.279998779296875,1175.43994140625
2015-12-28,1413.21,1300.1532000000002,763.1334,1413.21,37.040000915527344,37.279998779296875,1175.43994140625
2015-12-29,1411.53,1298.6076,762.2262000000001,1411.53,37.040000915527344,37.279998779296875,1175.43994140625
2015-12-30,1410.19,1297.3748,761.5026,1410.19,37.040000915527344,37.279998779296875,1175.43994140625
2015-12-31,1409.35,1296.6019999999999,761.049,1409.35,37.040000915527344,37.279998779296875,1175.43994140625
2016-01-01,1407.15,1294.5780000000002,759.8610000000001,1407.15,33.619998931884766,34.7400016784668,1175.43994140625
2016-01-02,1405.98,1293.5016,759.2292000000001,1405.98,33.619998931884766,34.7400016784668,1175.43994140625
2016-01-03,1405.33,1292.9036,758.8782,1405.33,33.619998931884766,34.7400016784668,1175.43994140625
2016-01-04,1403.84,1291.5328,758.0736,1403.84,33.619998931884766,34.7400016784668,1175.43994140625
2016-01-05,1402.25,1290.0700000000002,757.215,1402.25,33.619998931884766,34.7400016784668,1175.43994140625
2016-01-06,1400.78,1288.7176,756.4212,1400.78,33.619998931884766,34.7400016784668,1175.43994140625
2016-01-07,1399.15,1287.218,755.541,1399.15,33.619998931884766,34.7400016784668,1175.43994140625
2016-01-08,1397.36,1285.5711999999999,754.5744,1397.36,33.619998931884766,34.7400016784668,1175.43994140625
2016-01-09,1395.62,1283.9704,753.6348,1395.62,33.619998931884766,34.7400016784668,1175.43994140625
2016-01-10,1394.79,1283.2068,753.1866,1394.79,33.619998931884766,34.7400016784668,1175.43994140625
2016-01-11,1393.53,1282.0476,752.5062,1393.53,33.619998931884766,34.7400016784668,1175.43994140625
2016-01-12,1391.91,1280.5572000000002,751.6314000000001,1391.91,33.619998931884766,34.7400016784668,1175.43994140625
2016-01-13,1390.32,1279.0944,750.7728,1390.32,33.619998931884766,34.7400016784668,1175.43994140625
2016-01-14,1388.78,1277.6776,749.9412,1388.78,33.619998931884766,34.7400016784668,1175.43994140625
2016-01-15,1387.16,1276.1872,749.0664,1387.16,33.619998931884766,34.7400016784668,1175.43994140625
2016-01-16,1384.83,1274.0436,747.8082,1384.83,33.619998931884766,34.7400016784668,1175.43994140625
2016-01-17,1383.82,1273.1144,747.2628,1383.82,33.619998931884766,34.7400016784668,1175.43994140625
2016-01-18,1382.41,1271.8172000000002,746.5014000000001,1382.41,33.619998931884766,34.7400016784668,1175.43994140625
2016-01-19,1379.99,1269.5908000000002,745.1946,1379.99,33.619998931884766,34.7400016784668,1175.43994140625
2016-01-20,1378.33,1268.0636,744.2982000000001,1378.33,33.619998931884766,34.7400016784668,1175.43994140625
2016-01-21,1376.56,1266.4352,743.3424,1376.56,33.619998931884766,34.7400016784668,1175.43994140625
2016-01-22,1374.76,1264.7792,742.3704,1374.76,33.619998931884766,34.7400016784668,1175.43994140625
2016-01-23,1373.35,1263.482,741.609,1373.35,33.619998931884766,34.7400016784668,1175.43994140625
2016-01-24,1372.69,1262.8748,741.2526,1372.69,33.619998931884766,34.7400016784668,1175.43994140625
2016-01-25,1371.97,1262.2124000000001,740.8638000000001,1371.97,33.619998931884766,34.7400016784668,1175.43994140625
2016-01-26,1370.04,1260.4368,739.8216,1370.04,33.619998931884766,34.7400016784668,1175.43994140625
2016-01-27,1368.42,1258.9464,738.9468,1368.42,33.619998931884766,34.7400016784668,1175.43994140625
2016-01-28,1366.94,1257.5848,738.1476000000001,1366.94,33.619998931884766,34.7400016784668,1175.43994140625
2016-01-29,1365.79,1256.5268,737.5266,1365.79,33.619998931884766,34.7400016784668,1175.43994140625
2016-01-30,1364.86,1255.6712,737.0244,1364.86,33.619998931884766,34.7400016784668,1175.43994140625
2016-01-31,1364.37,1255.2204,736.7598,1364.37,33.619998931884766,34.7400016784668,1175.43994140625
2016-02-01,1363.04,1253.9968000000001,736.0416,1363.04,33.75,35.970001220703125,1241.1300048828125
2016-02-02,1362.19,1253.2148000000002,735.5826000000001,1362.19,33.75,35.970001220703125,1241.1300048828125
2016-02-03,1361.18,1252.2856000000002,735.0372000000001,1361.18,33.75,35.970001220703125,1241.1300048828125
2016-02-04,1360.25,1251.43,734.5350000000001,1360.25,33.75,35.970001220703125,1241.1300048828125
2016-02-05,1359.75,1250.97,734.2650000000001,1359.75,33.75,35.970001220703125,1241.1300048828125
2016-02-06,1359.05,1250.326,733.8870000000001,1359.05,33.75,35.970001220703125,1241.1300048828125
2016-02-07,1358.65,1249.958,733.671,1358.65,33.75,35.970001220703125,1241.1300048828125
2016-02-08,1358.5,1249.8200000000002,733.59,1358.5,33.75,35.970001220703125,1241.1300048828125
2016-02-09,1358.41,1249.7372,733.5414000000001,1358.41,33.75,35.970001220703125,1241.1300048828125
2016-02-10,1358.06,1249.4152,733.3524,1358.06,33.75,35.970001220703125,1241.1300048828125
2016-02-11,1356.99,1248.4308,732.7746000000001,1356.99,33.75,35.970001220703125,1241.1300048828125
2016-02-12,1355.48,1247.0416,731.9592,1355.48,33.75,35.970001220703125,1241.1300048828125
2016-02-13,1354.01,1245.6892,731.1654000000001,1354.01,33.75,35.970001220703125,1241.1300048828125
2016-02-14,1353.17,1244.9164,730.7118,1353.17,33.75,35.970001220703125,1241.1300048828125
2016-02-15,1352.28,1244.0976,730.2312000000001,1352.28,33.75,35.970001220703125,1241.1300048828125
2016-02-16,1350.34,1242.3128,729.1836,1350.34,33.75,35.970001220703125,1241.1300048828125
2016-02-17,1348.76,1240.8592,728.3304,1348.76,33.75,35.970001220703125,1241.1300048828125
2016-02-18,1347.55,1239.746,727.677,1347.55,33.75,35.970001220703125,1241.1300048828125
2016-02-19,1346.59,1238.8627999999999,727.1586,1346.59,33.75,35.970001220703125,1241.1300048828125
2016-02-20,1345.74,1238.0808,726.6996,1345.74,33.75,35.970001220703125,1241.1300048828125
2016-02-21,1345.43,1237.7956000000001,726.5322000000001,1345.43,33.75,35.970001220703125,1241.1300048828125
2016-02-22,1344.98,1237.3816000000002,726.2892,1344.98,33.75,35.970001220703125,1241.1300048828125
2016-02-23,1344.25,1236.71,725.8950000000001,1344.25,33.75,35.970001220703125,1241.1300048828125
2016-02-24,1343.66,1236.1672,725.5764,1343.66,33.75,35.970001220703125,1241.1300048828125
2016-02-25,1343.08,1235.6336,725.2632,1343.08,33.75,35.970001220703125,1241.1300048828125
2016-02-26,1342.29,1234.9068,724.8366,1342.29,33.75,35.970001220703125,1241.1300048828125
2016-02-27,1341.76,1234.4192,724.5504000000001,1341.76,33.75,35.970001220703125,1241.1300048828125
2016-02-28,1341.4,1234.0880000000002,724.3560000000001,1341.4,33.75,35.970001220703125,1241.1300048828125
2016-02-29,1341.37,1234.0603999999998,724.3398,1341.37,33.75,35.970001220703125,1241.1300048828125
2016-03-01,1340.74,1233.4808,723.9996000000001,1340.74,38.34000015258789,39.599998474121094,1140.22998046875
2016-03-02,1340.27,1233.0484000000001,723.7458,1340.27,38.34000015258789,39.599998474121094,1140.22998046875
2016-03-03,1340.13,1232.9196000000002,723.6702000000001,1340.13,38.34000015258789,39.599998474121094,1140.22998046875
2016-03-04,1339.83,1232.6435999999999,723.5082,1339.83,38.34000015258789,39.599998474121094,1140.22998046875
2016-03-05,1339.72,1232.5424,723.4488,1339.72,38.34000015258789,39.599998474121094,1140.22998046875
2016-03-06,1339.69,1232.5148000000002,723.4326000000001,1339.69,38.34000015258789,39.599998474121094,1140.22998046875
2016-03-07,1339.72,1232.5424,723.4488,1339.72,38.34000015258789,39.599998474121094,1140.22998046875
2016-03-08,1340.13,1232.9196000000002,723.6702000000001,1340.13,38.34000015258789,39.599998474121094,1140.22998046875
2016-03-09,1341.06,1233.7752,724.1724,1341.06,38.34000015258789,39.599998474121094,1140.22998046875
2016-03-10,1341.53,1234.2076,724.4262,1341.53,38.34000015258789,39.599998474121094,1140.22998046875
2016-03-11,1342.6,1235.192,725.004,1342.6,38.34000015258789,39.599998474121094,1140.22998046875
2016-03-12,1343.85,1236.3419999999999,725.679,1343.85,38.34000015258789,39.599998474121094,1140.22998046875
2016-03-13,1344.49,1236.9308,726.0246000000001,1344.49,38.34000015258789,39.599998474121094,1140.22998046875
2016-03-14,1345.83,1238.1636,726.7482,1345.83,38.34000015258789,39.599998474121094,1140.22998046875
2016-03-15,1348.46,1240.5832,728.1684,1348.46,38.34000015258789,39.599998474121094,1140.22998046875
2016-03-16,1350.27,1242.2484,729.1458,1350.27,38.34000015258789,39.599998474121094,1140.22998046875
2016-03-17,1351.52,1243.3984,729.8208000000001,1351.52,38.34000015258789,39.599998474121094,1140.22998046875
2016-03-18,1352.76,1244.5392,730.4904,1352.76,38.34000015258789,39.599998474121094,1140.22998046875
2016-03-19,1354.35,1246.002,731.349,1354.35,38.34000015258789,39.599998474121094,1140.22998046875
2016-03-20,1355.09,1246.6828,731.7486,1355.09,38.34000015258789,39.599998474121094,1140.22998046875
2016-03-21,1356.32,1247.8144,732.4128000000001,1356.32,38.34000015258789,39.599998474121094,1140.22998046875
2016-03-22,1357.61,1249.0012,733.1094,1357.61,38.34000015258789,39.599998474121094,1140.22998046875
2016-03-23,1358.65,1249.958,733.671,1358.65,38.34000015258789,39.599998474121094,1140.22998046875
2016-03-24,1359.53,1250.7676000000001,734.1462,1359.53,38.34000015258789,39.599998474121094,1140.22998046875
2016-03-25,1360.12,1251.3103999999998,734.4648,1360.12,38.34000015258789,39.599998474121094,1140.22998046875
2016-03-26,1360.72,1251.8624,734.7888,1360.72,38.34000015258789,39.599998474121094,1140.22998046875
2016-03-27,1361.01,1252.1292,734.9454000000001,1361.01,38.34000015258789,39.599998474121094,1140.22998046875
2016-03-28,1361.44,1252.5248000000001,735.1776000000001,1361.44,38.34000015258789,39.599998474121094,1140.22998046875
2016-03-29,1361.96,1253.0032,735.4584000000001,1361.96,38.34000015258789,39.599998474121094,1140.22998046875
2016-03-30,1362.26,1253.2792,735.6204,1362.26,38.34000015258789,39.599998474121094,1140.22998046875
2016-03-31,1362.41,1253.4172,735.7014000000001,1362.41,38.34000015258789,39.599998474121094,1140.22998046875
2016-04-01,1362.75,1253.73,735.8850000000001,1362.75,45.91999816894531,48.130001068115234,1143.0
2016-04-02,1362.9,1253.8680000000002,735.9660000000001,1362.9,45.91999816894531,48.130001068115234,1143.0
2016-04-03,1362.81,1253.7852,735.9174,1362.81,45.91999816894531,48.130001068115234,1143.0
2016-04-04,1362.84,1253.8128,735.9336,1362.84,45.91999816894531,48.130001068115234,1143.0
2016-04-05,1362.58,1253.5736,735.7932,1362.58,45.91999816894531,48.130001068115234,1143.0
2016-04-06,1362.4,1253.4080000000001,735.6960000000001,1362.4,45.91999816894531,48.130001068115234,1143.0
2016-04-07,1362.24,1253.2608,735.6096,1362.24,45.91999816894531,48.130001068115234,1143.0
2016-04-08,1362.09,1253.1227999999999,735.5286,1362.09,45.91999816894531,48.130001068115234,1143.0
2016-04-09,1361.78,1252.8376,735.3612,1361.78,45.91999816894531,48.130001068115234,1143.0
2016-04-10,1361.75,1252.81,735.345,1361.75,45.91999816894531,48.130001068115234,1143.0
2016-04-11,1361.61,1252.6812,735.2694,1361.61,45.91999816894531,48.130001068115234,1143.0
2016-04-12,1361.38,1252.4696000000001,735.1452000000002,1361.38,45.91999816894531,48.130001068115234,1143.0
2016-04-13,1361.19,1252.2948000000001,735.0426000000001,1361.19,45.91999816894531,48.130001068115234,1143.0
2016-04-14,1361.15,1252.258,735.0210000000001,1361.15,45.91999816894531,48.130001068115234,1143.0
2016-04-15,1361.3,1252.396,735.102,1361.3,45.91999816894531,48.130001068115234,1143.0
2016-04-16,1361.59,1252.6628,735.2586,1361.59,45.91999816894531,48.130001068115234,1143.0
2016-04-17,1361.59,1252.6628,735.2586,1361.59,45.91999816894531,48.130001068115234,1143.0
2016-04-18,1361.44,1252.5248000000001,735.1776000000001,1361.44,45.91999816894531,48.130001068115234,1143.0
2016-04-19,1361.56,1252.6352,735.2424,1361.56,45.91999816894531,48.130001068115234,1143.0
2016-04-20,1361.42,1252.5064000000002,735.1668000000001,1361.42,45.91999816894531,48.130001068115234,1143.0
2016-04-21,1361.3,1252.396,735.102,1361.3,45.91999816894531,48.130001068115234,1143.0
2016-04-22,1361.23,1252.3316,735.0642,1361.23,45.91999816894531,48.130001068115234,1143.0
2016-04-23,1361.25,1252.3500000000001,735.075,1361.25,45.91999816894531,48.130001068115234,1143.0
2016-04-24,1361.21,1252.3132,735.0534000000001,1361.21,45.91999816894531,48.130001068115234,1143.0
2016-04-25,1361.16,1252.2672000000002,735.0264000000001,1361.16,45.91999816894531,48.130001068115234,1143.0
2016-04-26,1361.03,1252.1476,734.9562000000001,1361.03,45.91999816894531,48.130001068115234,1143.0
2016-04-27,1360.93,1252.0556000000001,734.9022000000001,1360.93,45.91999816894531,48.130001068115234,1143.0
2016-04-28,1361.33,1252.4236,735.1182,1361.33,45.91999816894531,48.130001068115234,1143.0
2016-04-29,1361.77,1252.8284,735.3558,1361.77,45.91999816894531,48.130001068115234,1143.0
2016-04-30,1362.67,1253.6564,735.8418,1362.67,45.91999816894531,48.130001068115234,1143.0
2016-05-01,1363.29,1254.2268,736.1766,1363.29,45.91999816894531,48.130001068115234,1198.449951171875
2016-05-02,1363.37,1254.3003999999999,736.2198,1363.37,45.91999816894531,48.130001068115234,1198.449951171875
2016-05-03,1367.44,1258.0448000000001,738.4176000000001,1367.44,45.91999816894531,48.130001068115234,1198.449951171875
2016-05-04,1369.3,1259.756,739.422,1369.3,45.91999816894531,48.130001068115234,1198.449951171875
2016-05-05,1371.12,1261.4304,740.4048,1371.12,45.91999816894531,48.130001068115234,1198.449951171875
2016-05-06,1372.22,1262.4424000000001,740.9988000000001,1372.22,45.91999816894531,48.130001068115234,1198.449951171875
2016-05-07,1373.11,1263.2612,741.4793999999999,1373.11,45.91999816894531,48.130001068115234,1198.449951171875
2016-05-08,1373.62,1263.7304,741.7548,1373.62,45.91999816894531,48.130001068115234,1198.449951171875
2016-05-09,1374.28,1264.3376,742.1112,1374.28,45.91999816894531,48.130001068115234,1198.449951171875
2016-05-10,1375.3,1265.276,742.662,1375.3,45.91999816894531,48.130001068115234,1198.449951171875
2016-05-11,1376.37,1266.2604,743.2398,1376.37,45.91999816894531,48.130001068115234,1198.449951171875
2016-05-12,1378.2,1267.9440000000002,744.2280000000001,1378.2,45.91999816894531,48.130001068115234,1198.449951171875
2016-05-13,1380.08,1269.6736,745.2432,1380.08,45.91999816894531,48.130001068115234,1198.449951171875
2016-05-14,1381.95,1271.394,746.253,1381.95,45.91999816894531,48.130001068115234,1198.449951171875
2016-05-15,1382.69,1272.0748,746.6526000000001,1382.69,45.91999816894531,48.130001068115234,1198.449951171875
2016-05-16,1384.07,1273.3444,747.3978,1384.07,45.91999816894531,48.130001068115234,1198.449951171875
2016-05-17,1386.72,1275.7824,748.8288000000001,1386.72,45.91999816894531,48.130001068115234,1198.449951171875
2016-05-18,1389.21,1278.0732,750.1734,1389.21,45.91999816894531,48.130001068115234,1198.449951171875
2016-05-19,1391.74,1280.4008000000001,751.5396000000001,1391.74,45.91999816894531,48.130001068115234,1198.449951171875
2016-05-20,1394.34,1282.7928,752.9436000000001,1394.34,45.91999816894531,48.130001068115234,1198.449951171875
2016-05-21,1396.84,1285.0928,754.2936,1396.84,45.91999816894531,48.130001068115234,1198.449951171875
2016-05-22,1398.06,1286.2152,754.9524,1398.06,45.91999816894531,48.130001068115234,1198.449951171875
2016-05-23,1399.86,1287.8712,755.9244,1399.86,45.91999816894531,48.130001068115234,1198.449951171875
2016-05-24,1404.27,1291.9284,758.3058000000001,1404.27,45.91999816894531,48.130001068115234,1198.449951171875
2016-05-25,1407.38,1294.7896,759.9852000000001,1407.38,45.91999816894531,48.130001068115234,1198.449951171875
2016-05-26,1410.44,1297.6048,761.6376000000001,1410.44,45.91999816894531,48.130001068115234,1198.449951171875
2016-05-27,1413.54,1300.4568,763.3116,1413.54,45.91999816894531,48.130001068115234,1198.449951171875
2016-05-28,1415.85,1302.5819999999999,764.559,1415.85,45.91999816894531,48.130001068115234,1198.449951171875
2016-05-29,1416.79,1303.4468,765.0666,1416.79,45.91999816894531,48.130001068115234,1198.449951171875
2016-05-30,1418.34,1304.8727999999999,765.9036,1418.34,45.91999816894531,48.130001068115234,1198.449951171875
2016-05-31,1420.46,1306.8232,767.0484,1420.46,45.91999816894531,48.130001068115234,1198.449951171875
2016-06-01,1424.12,1310.1904,769.0248,1424.12,48.33000183105469,49.68000030517578,1152.1500244140625
2016-06-02,1425.85,1311.782,769.959,1425.85,48.33000183105469,49.68000030517578,1152.1500244140625
2016-06-03,1427.54,1313.3368,770.8716000000001,1427.54,48.33000183105469,49.68000030517578,1152.1500244140625
2016-06-04,1429.27,1314.9284,771.8058000000001,1429.27,48.33000183105469,49.68000030517578,1152.1500244140625
2016-06-05,1430.04,1315.6368,772.2216000000001,1430.04,48.33000183105469,49.68000030517578,1152.1500244140625
2016-06-06,1430.79,1316.3268,772.6266,1430.79,48.33000183105469,49.68000030517578,1152.1500244140625
2016-06-07,1431.82,1317.2744,773.1828,1431.82,48.33000183105469,49.68000030517578,1152.1500244140625
2016-06-08,1433.14,1318.4888,773.8956000000001,1433.14,48.33000183105469,49.68000030517578,1152.1500244140625
2016-06-09,1434.56,1319.7952,774.6624,1434.56,48.33000183105469,49.68000030517578,1152.1500244140625
2016-06-10,1435.99,1321.1108000000002,775.4346,1435.99,48.33000183105469,49.68000030517578,1152.1500244140625
2016-06-11,1437.02,1322.0584000000001,775.9908,1437.02,48.33000183105469,49.68000030517578,1152.1500244140625
2016-06-12,1437.52,1322.5184,776.2608,1437.52,48.33000183105469,49.68000030517578,1152.1500244140625
2016-06-13,1438.34,1323.2728,776.7036,1438.34,48.33000183105469,49.68000030517578,1152.1500244140625
2016-06-14,1439.75,1324.5700000000002,777.465,1439.75,48.33000183105469,49.68000030517578,1152.1500244140625
2016-06-15,1440.58,1325.3336,777.9132,1440.58,48.33000183105469,49.68000030517578,1152.1500244140625
2016-06-16,1441.06,1325.7752,778.1724,1441.06,48.33000183105469,49.68000030517578,1152.1500244140625
2016-06-17,1441.35,1326.042,778.329,1441.35,48.33000183105469,49.68000030517578,1152.1500244140625
2016-06-18,1441.47,1326.1524000000002,778.3938,1441.47,48.33000183105469,49.68000030517578,1152.1500244140625
2016-06-19,1441.66,1326.3272000000002,778.4964000000001,1441.66,48.33000183105469,49.68000030517578,1152.1500244140625
2016-06-20,1441.74,1326.4008000000001,778.5396000000001,1441.74,48.33000183105469,49.68000030517578,1152.1500244140625
2016-06-21,1441.91,1326.5572000000002,778.6314000000001,1441.91,48.33000183105469,49.68000030517578,1152.1500244140625
2016-06-22,1442.11,1326.7412,778.7394,1442.11,48.33000183105469,49.68000030517578,1152.1500244140625
2016-06-23,1442.25,1326.8700000000001,778.815,1442.25,48.33000183105469,49.68000030517578,1152.1500244140625
2016-06-24,1442.36,1326.9712,778.8744,1442.36,48.33000183105469,49.68000030517578,1152.1500244140625
2016-06-25,1442.42,1327.0264000000002,778.9068000000001,1442.42,48.33000183105469,49.68000030517578,1152.1500244140625
2016-06-26,1442.37,1326.9804,778.8798,1442.37,48.33000183105469,49.68000030517578,1152.1500244140625
2016-06-27,1442.56,1327.1552,778.9824,1442.56,48.33000183105469,49.68000030517578,1152.1500244140625
2016-06-28,1442.54,1327.1368,778.9716000000001,1442.54,48.33000183105469,49.68000030517578,1152.1500244140625
2016-06-29,1442.63,1327.2196000000001,779.0202000000002,1442.63,48.33000183105469,49.68000030517578,1152.1500244140625
2016-06-30,1442.66,1327.2472,779.0364000000001,1442.66,48.33000183105469,49.68000030517578,1152.1500244140625
2016-07-01,1442.78,1327.3576,779.1012000000001,1442.78,41.599998474121094,42.459999084472656,1152.1500244140625
2016-07-02,1442.69,1327.2748000000001,779.0526000000001,1442.69,41.599998474121094,42.459999084472656,1152.1500244140625
2016-07-03,1442.7,1327.284,779.0580000000001,1442.7,41.599998474121094,42.459999084472656,1152.1500244140625
2016-07-04,1442.58,1327.1736,778.9932,1442.58,41.599998474121094,42.459999084472656,1152.1500244140625
2016-07-05,1442.61,1327.2012,779.0094,1442.61,41.599998474121094,42.459999084472656,1152.1500244140625
2016-07-06,1442.32,1326.9344,778.8528,1442.32,41.599998474121094,42.459999084472656,1152.1500244140625
2016-07-07,1442.17,1326.7964000000002,778.7718000000001,1442.17,41.599998474121094,42.459999084472656,1152.1500244140625
2016-07-08,1441.92,1326.5664000000002,778.6368000000001,1441.92,41.599998474121094,42.459999084472656,1152.1500244140625
2016-07-09,1441.65,1326.3180000000002,778.4910000000001,1441.65,41.599998474121094,42.459999084472656,1152.1500244140625
2016-07-10,1441.53,1326.2076,778.4262,1441.53,41.599998474121094,42.459999084472656,1152.1500244140625
2016-07-11,1441.24,1325.9408,778.2696000000001,1441.24,41.599998474121094,42.459999084472656,1152.1500244140625
2016-07-12,1440.68,1325.4256,777.9672,1440.68,41.599998474121094,42.459999084472656,1152.1500244140625
2016-07-13,1440.31,1325.0852,777.7674000000001,1440.31,41.599998474121094,42.459999084472656,1152.1500244140625
2016-07-14,1439.83,1324.6435999999999,777.5082,1439.83,41.599998474121094,42.459999084472656,1152.1500244140625
2016-07-15,1439.19,1324.0548000000001,777.1626000000001,1439.19,41.599998474121094,42.459999084472656,1152.1500244140625
2016-07-16,1438.53,1323.4476,776.8062,1438.53,41.599998474121094,42.459999084472656,1152.1500244140625
2016-07-17,1438.33,1323.2636,776.6982,1438.33,41.599998474121094,42.459999084472656,1152.1500244140625
2016-07-18,1437.68,1322.6656,776.3472,1437.68,41.599998474121094,42.459999084472656,1152.1500244140625
2016-07-19,1436.74,1321.8008,775.8396,1436.74,41.599998474121094,42.459999084472656,1152.1500244140625
2016-07-20,1435.79,1320.9268,775.3266,1435.79,41.599998474121094,42.459999084472656,1152.1500244140625
2016-07-21,1435.11,1320.3011999999999,774.9594,1435.11,41.599998474121094,42.459999084472656,1152.1500244140625
2016-07-22,1434.37,1319.6204,774.5598,1434.37,41.599998474121094,42.459999084472656,1152.1500244140625
2016-07-23,1433.31,1318.6452,773.9874,1433.31,41.599998474121094,42.459999084472656,1152.1500244140625
2016-07-24,1432.93,1318.2956000000001,773.7822000000001,1432.93,41.599998474121094,42.459999084472656,1152.1500244140625
2016-07-25,1432.16,1317.5872000000002,773.3664000000001,1432.16,41.599998474121094,42.459999084472656,1152.1500244140625
2016-07-26,1431.05,1316.566,772.767,1431.05,41.599998474121094,42.459999084472656,1152.1500244140625
2016-07-27,1430.01,1315.6092,772.2054,1430.01,41.599998474121094,42.459999084472656,1152.1500244140625
2016-07-28,1429.05,1314.726,771.687,1429.05,41.599998474121094,42.459999084472656,1152.1500244140625
2016-07-29,1428.22,1313.9624000000001,771.2388000000001,1428.22,41.599998474121094,42.459999084472656,1152.1500244140625
2016-07-30,1427.4,1313.208,770.796,1427.4,41.599998474121094,42.459999084472656,1152.1500244140625
2016-07-31,1426.97,1312.8124,770.5638,1426.97,41.599998474121094,42.459999084472656,1152.1500244140625
2016-08-01,1425.7,1311.644,769.878,1425.7,44.70000076293945,47.040000915527344,1118.3800048828125
2016-08-02,1423.66,1309.7672000000002,768.7764000000001,1423.66,44.70000076293945,47.040000915527344,1118.3800048828125
2016-08-03,1422.19,1308.4148,767.9826,1422.19,44.70000076293945,47.040000915527344,1118.3800048828125
2016-08-04,1420.84,1307.1728,767.2536,1420.84,44.70000076293945,47.040000915527344,1118.3800048828125
2016-08-05,1419.47,1305.9124000000002,766.5138000000001,1419.47,44.70000076293945,47.040000915527344,1118.3800048828125
2016-08-06,1418.33,1304.8636,765.8982,1418.33,44.70000076293945,47.040000915527344,1118.3800048828125
2016-08-07,1417.72,1304.3024,765.5688,1417.72,44.70000076293945,47.040000915527344,1118.3800048828125
2016-08-08,1416.63,1303.2996,764.9802000000001,1416.63,44.70000076293945,47.040000915527344,1118.3800048828125
2016-08-09,1414.73,1301.5516,763.9542,1414.73,44.70000076293945,47.040000915527344,1118.3800048828125
2016-08-10,1413.51,1300.4292,763.2954000000001,1413.51,44.70000076293945,47.040000915527344,1118.3800048828125
2016-08-11,1412.32,1299.3344,762.6528000000001,1412.32,44.70000076293945,47.040000915527344,1118.3800048828125
2016-08-12,1411.29,1298.3868,762.0966000000001,1411.29,44.70000076293945,47.040000915527344,1118.3800048828125
2016-08-13,1410.28,1297.4576,761.5512,1410.28,44.70000076293945,47.040000915527344,1118.3800048828125
2016-08-14,1409.94,1297.1448,761.3676,1409.94,44.70000076293945,47.040000915527344,1118.3800048828125
2016-08-15,1409.44,1296.6848,761.0976,1409.44,44.70000076293945,47.040000915527344,1118.3800048828125
2016-08-16,1408.53,1295.8476,760.6062000000001,1408.53,44.70000076293945,47.040000915527344,1118.3800048828125
2016-08-17,1407.67,1295.0564000000002,760.1418000000001,1407.67,44.70000076293945,47.040000915527344,1118.3800048828125
2016-08-18,1406.95,1294.394,759.753,1406.95,44.70000076293945,47.040000915527344,1118.3800048828125
2016-08-19,1406.6,1294.072,759.564,1406.6,44.70000076293945,47.040000915527344,1118.3800048828125
2016-08-20,1406.56,1294.0352,759.5424,1406.56,44.70000076293945,47.040000915527344,1118.3800048828125
2016-08-21,1406.5,1293.98,759.5100000000001,1406.5,44.70000076293945,47.040000915527344,1118.3800048828125
2016-08-22,1406.34,1293.8328,759.4236,1406.34,44.70000076293945,47.040000915527344,1118.3800048828125
2016-08-23,1406.87,1294.3204,759.7098,1406.87,44.70000076293945,47.040000915527344,1118.3800048828125
2016-08-24,1406.92,1294.3664,759.7368000000001,1406.92,44.70000076293945,47.040000915527344,1118.3800048828125
2016-08-25,1406.92,1294.3664,759.7368000000001,1406.92,44.70000076293945,47.040000915527344,1118.3800048828125
2016-08-26,1407.15,1294.5780000000002,759.8610000000001,1407.15,44.70000076293945,47.040000915527344,1118.3800048828125
2016-08-27,1407.43,1294.8356,760.0122000000001,1407.43,44.70000076293945,47.040000915527344,1118.3800048828125
2016-08-28,1407.55,1294.946,760.077,1407.55,44.70000076293945,47.040000915527344,1118.3800048828125
2016-08-29,1407.76,1295.1392,760.1904000000001,1407.76,44.70000076293945,47.040000915527344,1118.3800048828125
2016-08-30,1408.15,1295.498,760.4010000000001,1408.15,44.70000076293945,47.040000915527344,1118.3800048828125
2016-08-31,1408.54,1295.8568,760.6116000000001,1408.54,44.70000076293945,47.040000915527344,1118.3800048828125
2016-09-01,1408.72,1296.0224,760.7088000000001,1408.72,48.2400016784668,49.060001373291016,1101.6199951171875
2016-09-02,1408.6,1295.912,760.644,1408.6,48.2400016784668,49.060001373291016,1101.6199951171875
2016-09-03,1408.51,1295.8292000000001,760.5954,1408.51,48.2400016784668,49.060001373291016,1101.6199951171875
2016-09-04,1408.46,1295.7832,760.5684000000001,1408.46,48.2400016784668,49.060001373291016,1101.6199951171875
2016-09-05,1408.52,1295.8384,760.6008,1408.52,48.2400016784668,49.060001373291016,1101.6199951171875
2016-09-06,1408.3,1295.636,760.482,1408.3,48.2400016784668,49.060001373291016,1101.6199951171875
2016-09-07,1408.19,1295.5348000000001,760.4226000000001,1408.19,48.2400016784668,49.060001373291016,1101.6199951171875
2016-09-08,1408.12,1295.4704,760.3848,1408.12,48.2400016784668,49.060001373291016,1101.6199951171875
2016-09-09,1408.26,1295.5992,760.4604,1408.26,48.2400016784668,49.060001373291016,1101.6199951171875
2016-09-10,1408.38,1295.7096000000001,760.5252000000002,1408.38,48.2400016784668,49.060001373291016,1101.6199951171875
2016-09-11,1408.33,1295.6636,760.4982,1408.33,48.2400016784668,49.060001373291016,1101.6199951171875
2016-09-12,1408.6,1295.912,760.644,1408.6,48.2400016784668,49.060001373291016,1101.6199951171875
2016-09-13,1408.78,1296.0776,760.7412,1408.78,48.2400016784668,49.060001373291016,1101.6199951171875
2016-09-14,1408.92,1296.2064,760.8168000000001,1408.92,48.2400016784668,49.060001373291016,1101.6199951171875
2016-09-15,1409.06,1296.3352,760.8924000000001,1409.06,48.2400016784668,49.060001373291016,1101.6199951171875
2016-09-16,1409.0,1296.28,760.86,1409.0,48.2400016784668,49.060001373291016,1101.6199951171875
2016-09-17,1408.91,1296.1972,760.8114,1408.91,48.2400016784668,49.060001373291016,1101.6199951171875
2016-09-18,1408.81,1296.1052,760.7574000000001,1408.81,48.2400016784668,49.060001373291016,1101.6199951171875
2016-09-19,1408.84,1296.1328,760.7736,1408.84,48.2400016784668,49.060001373291016,1101.6199951171875
2016-09-20,1408.52,1295.8384,760.6008,1408.52,48.2400016784668,49.060001373291016,1101.6199951171875
2016-09-21,1408.21,1295.5532,760.4334000000001,1408.21,48.2400016784668,49.060001373291016,1101.6199951171875
2016-09-22,1407.97,1295.3324,760.3038,1407.97,48.2400016784668,49.060001373291016,1101.6199951171875
2016-09-23,1407.83,1295.2036,760.2282,1407.83,48.2400016784668,49.060001373291016,1101.6199951171875
2016-09-24,1407.49,1294.8908000000001,760.0446000000001,1407.49,48.2400016784668,49.060001373291016,1101.6199951171875
2016-09-25,1407.49,1294.8908000000001,760.0446000000001,1407.49,48.2400016784668,49.060001373291016,1101.6199951171875
2016-09-26,1407.36,1294.7712,759.9744,1407.36,48.2400016784668,49.060001373291016,1101.6199951171875
2016-09-27,1407.21,1294.6332,759.8934,1407.21,48.2400016784668,49.060001373291016,1101.6199951171875
2016-09-28,1406.94,1294.3848,759.7476,1406.94,48.2400016784668,49.060001373291016,1101.6199951171875
2016-09-29,1406.86,1294.3111999999999,759.7044,1406.86,48.2400016784668,49.060001373291016,1101.6199951171875
2016-09-30,1406.79,1294.2468000000001,759.6666,1406.79,48.2400016784668,49.060001373291016,1101.6199951171875
2016-10-01,1406.78,1294.2376,759.6612,1406.78,46.86000061035156,48.29999923706055,1146.699951171875
2016-10-02,1406.77,1294.2284,759.6558,1406.77,46.86000061035156,48.29999923706055,1146.699951171875
2016-10-03,1406.78,1294.2376,759.6612,1406.78,46.86000061035156,48.29999923706055,1146.699951171875
2016-10-04,1406.71,1294.1732000000002,759.6234000000001,1406.71,46.86000061035156,48.29999923706055,1146.699951171875
2016-10-05,1406.62,1294.0904,759.5748,1406.62,46.86000061035156,48.29999923706055,1146.699951171875
2016-10-06,1406.82,1294.2744,759.6828,1406.82,46.86000061035156,48.29999923706055,1146.699951171875
2016-10-07,1407.26,1294.6792,759.9204000000001,1407.26,46.86000061035156,48.29999923706055,1146.699951171875
2016-10-08,1407.8,1295.176,760.212,1407.8,46.86000061035156,48.29999923706055,1146.699951171875
2016-10-09,1408.11,1295.4612,760.3794,1408.11,46.86000061035156,48.29999923706055,1146.699951171875
2016-10-10,1408.67,1295.9764,760.6818000000001,1408.67,46.86000061035156,48.29999923706055,1146.699951171875
2016-10-11,1411.26,1298.3592,762.0804,1411.26,46.86000061035156,48.29999923706055,1146.699951171875
2016-10-12,1412.68,1299.6656,762.8472,1412.68,46.86000061035156,48.29999923706055,1146.699951171875
2016-10-13,1413.89,1300.7788,763.5006000000001,1413.89,46.86000061035156,48.29999923706055,1146.699951171875
2016-10-14,1414.86,1301.6712,764.0244,1414.86,46.86000061035156,48.29999923706055,1146.699951171875
2016-10-15,1415.71,1302.4532000000002,764.4834000000001,1415.71,46.86000061035156,48.29999923706055,1146.699951171875
2016-10-16,1416.26,1302.9592,764.7804000000001,1416.26,46.86000061035156,48.29999923706055,1146.699951171875
2016-10-17,1417.09,1303.7228,765.2286,1417.09,46.86000061035156,48.29999923706055,1146.699951171875
2016-10-18,1418.95,1305.4340000000002,766.2330000000001,1418.95,46.86000061035156,48.29999923706055,1146.699951171875
2016-10-19,1419.89,1306.2988000000003,766.7406000000001,1419.89,46.86000061035156,48.29999923706055,1146.699951171875
2016-10-20,1420.88,1307.2096000000001,767.2752000000002,1420.88,46.86000061035156,48.29999923706055,1146.699951171875
2016-10-21,1421.9,1308.1480000000001,767.8260000000001,1421.9,46.86000061035156,48.29999923706055,1146.699951171875
2016-10-22,1422.82,1308.9944,768.3228,1422.82,46.86000061035156,48.29999923706055,1146.699951171875
2016-10-23,1423.33,1309.4636,768.5982,1423.33,46.86000061035156,48.29999923706055,1146.699951171875
2016-10-24,1424.17,1310.2364000000002,769.0518000000001,1424.17,46.86000061035156,48.29999923706055,1146.699951171875
2016-10-25,1425.4,1311.3680000000002,769.7160000000001,1425.4,46.86000061035156,48.29999923706055,1146.699951171875
2016-10-26,1426.18,1312.0856,770.1372000000001,1426.18,46.86000061035156,48.29999923706055,1146.699951171875
2016-10-27,1426.75,1312.6100000000001,770.445,1426.75,46.86000061035156,48.29999923706055,1146.699951171875
2016-10-28,1427.18,1313.0056000000002,770.6772000000001,1427.18,46.86000061035156,48.29999923706055,1146.699951171875
2016-10-29,1427.45,1313.2540000000001,770.8230000000001,1427.45,46.86000061035156,48.29999923706055,1146.699951171875
2016-10-30,1427.64,1313.4288000000001,770.9256000000001,1427.64,46.86000061035156,48.29999923706055,1146.699951171875
2016-10-31,1428.0,1313.76,771.12,1428.0,46.86000061035156,48.29999923706055,1146.699951171875
2016-11-01,1428.72,1314.4224000000002,771.5088000000001,1428.72,49.439998626708984,50.470001220703125,1167.8599853515625
2016-11-02,1428.98,1314.6616000000001,771.6492000000001,1428.98,49.439998626708984,50.470001220703125,1167.8599853515625
2016-11-03,1429.12,1314.7903999999999,771.7248,1429.12,49.439998626708984,50.470001220703125,1167.8599853515625
2016-11-04,1429.26,1314.9192,771.8004000000001,1429.26,49.439998626708984,50.470001220703125,1167.8599853515625
2016-11-05,1429.27,1314.9284,771.8058000000001,1429.27,49.439998626708984,50.470001220703125,1167.8599853515625
2016-11-06,1429.37,1315.0203999999999,771.8598,1429.37,49.439998626708984,50.470001220703125,1167.8599853515625
2016-11-07,1429.45,1315.094,771.903,1429.45,49.439998626708984,50.470001220703125,1167.8599853515625
2016-11-08,1428.99,1314.6708,771.6546000000001,1428.99,49.439998626708984,50.470001220703125,1167.8599853515625
2016-11-09,1428.81,1314.5052,771.5574,1428.81,49.439998626708984,50.470001220703125,1167.8599853515625
2016-11-10,1428.61,1314.3211999999999,771.4494,1428.61,49.439998626708984,50.470001220703125,1167.8599853515625
2016-11-11,1428.44,1314.1648,771.3576,1428.44,49.439998626708984,50.470001220703125,1167.8599853515625
2016-11-12,1428.2,1313.9440000000002,771.2280000000001,1428.2,49.439998626708984,50.470001220703125,1167.8599853515625
2016-11-13,1428.15,1313.8980000000001,771.2010000000001,1428.15,49.439998626708984,50.470001220703125,1167.8599853515625
2016-11-14,1428.08,1313.8336,771.1632,1428.08,49.439998626708984,50.470001220703125,1167.8599853515625
2016-11-15,1427.23,1313.0516,770.7042,1427.23,49.439998626708984,50.470001220703125,1167.8599853515625
2016-11-16,1426.72,1312.5824,770.4288,1426.72,49.439998626708984,50.470001220703125,1167.8599853515625
2016-11-17,1426.43,1312.3156000000001,770.2722000000001,1426.43,49.439998626708984,50.470001220703125,1167.8599853515625
2016-11-18,1426.06,1311.9752,770.0724,1426.06,49.439998626708984,50.470001220703125,1167.8599853515625
2016-11-19,1425.64,1311.5888000000002,769.8456000000001,1425.64,49.439998626708984,50.470001220703125,1167.8599853515625
2016-11-20,1425.33,1311.3036,769.6782000000001,1425.33,49.439998626708984,50.470001220703125,1167.8599853515625
2016-11-21,1424.99,1310.9908,769.4946000000001,1424.99,49.439998626708984,50.470001220703125,1167.8599853515625
2016-11-22,1424.75,1310.77,769.365,1424.75,49.439998626708984,50.470001220703125,1167.8599853515625
2016-11-23,1424.62,1310.6504,769.2948,1424.62,49.439998626708984,50.470001220703125,1167.8599853515625
2016-11-24,1424.49,1310.5308,769.2246,1424.49,49.439998626708984,50.470001220703125,1167.8599853515625
2016-11-25,1424.51,1310.5492000000002,769.2354,1424.51,49.439998626708984,50.470001220703125,1167.8599853515625
2016-11-26,1424.41,1310.4572,769.1814,1424.41,49.439998626708984,50.470001220703125,1167.8599853515625
2016-11-27,1424.44,1310.4848000000002,769.1976000000001,1424.44,49.439998626708984,50.470001220703125,1167.8599853515625
2016-11-28,1424.49,1310.5308,769.2246,1424.49,49.439998626708984,50.470001220703125,1167.8599853515625
2016-11-29,1425.31,1311.2852,769.6674,1425.31,49.439998626708984,50.470001220703125,1167.8599853515625
2016-11-30,1425.53,1311.4876,769.7862,1425.53,49.439998626708984,50.470001220703125,1167.8599853515625
2016-12-01,1425.98,1311.9016000000001,770.0292000000001,1425.98,53.720001220703125,56.130001068115234,1206.260009765625
2016-12-02,1428.26,1313.9992,771.2604,1428.26,53.720001220703125,56.130001068115234,1206.260009765625
2016-12-03,1429.71,1315.3332,772.0434,1429.71,53.720001220703125,56.130001068115234,1206.260009765625
2016-12-04,1430.46,1316.0232,772.4484000000001,1430.46,53.720001220703125,56.130001068115234,1206.260009765625
2016-12-05,1431.78,1317.2376,773.1612,1431.78,53.720001220703125,56.130001068115234,1206.260009765625
2016-12-06,1433.59,1318.9028,774.1386,1433.59,53.720001220703125,56.130001068115234,1206.260009765625
2016-12-07,1435.25,1320.43,775.0350000000001,1435.25,53.720001220703125,56.130001068115234,1206.260009765625
2016-12-08,1437.46,1322.4632000000001,776.2284000000001,1437.46,53.720001220703125,56.130001068115234,1206.260009765625
2016-12-09,1439.12,1323.9904,777.1247999999999,1439.12,53.720001220703125,56.130001068115234,1206.260009765625
2016-12-10,1440.56,1325.3152,777.9024000000001,1440.56,53.720001220703125,56.130001068115234,1206.260009765625
2016-12-11,1441.54,1326.2168,778.4316,1441.54,53.720001220703125,56.130001068115234,1206.260009765625
2016-12-12,1443.66,1328.1672,779.5764000000001,1443.66,53.720001220703125,56.130001068115234,1206.260009765625
2016-12-13,1448.27,1332.4084,782.0658000000001,1448.27,53.720001220703125,56.130001068115234,1206.260009765625
2016-12-14,1452.27,1336.0884,784.2258,1452.27,53.720001220703125,56.130001068115234,1206.260009765625
2016-12-15,1455.06,1338.6552,785.7324,1455.06,53.720001220703125,56.130001068115234,1206.260009765625
2016-12-16,1457.55,1340.946,787.077,1457.55,53.720001220703125,56.130001068115234,1206.260009765625
2016-12-17,1459.79,1343.0068,788.2866,1459.79,53.720001220703125,56.130001068115234,1206.260009765625
2016-12-18,1460.66,1343.8072000000002,788.7564000000001,1460.66,53.720001220703125,56.130001068115234,1206.260009765625
2016-12-19,1462.22,1345.2424,789.5988000000001,1462.22,53.720001220703125,56.130001068115234,1206.260009765625
2016-12-20,1464.25,1347.1100000000001,790.695,1464.25,53.720001220703125,56.130001068115234,1206.260009765625
2016-12-21,1466.0,1348.72,791.6400000000001,1466.0,53.720001220703125,56.130001068115234,1206.260009765625
2016-12-22,1467.29,1349.9068,792.3366,1467.29,53.720001220703125,56.130001068115234,1206.260009765625
2016-12-23,1468.86,1351.3512,793.1844,1468.86,53.720001220703125,56.130001068115234,1206.260009765625
2016-12-24,1470.58,1352.9336,794.1132,1470.58,53.720001220703125,56.130001068115234,1206.260009765625
2016-12-25,1471.47,1353.7524,794.5938000000001,1471.47,53.720001220703125,56.130001068115234,1206.260009765625
2016-12-26,1472.98,1355.1416000000002,795.4092,1472.98,53.720001220703125,56.130001068115234,1206.260009765625
2016-12-27,1475.47,1357.4324000000001,796.7538000000001,1475.47,53.720001220703125,56.130001068115234,1206.260009765625
2016-12-28,1477.59,1359.3828,797.8986,1477.59,53.720001220703125,56.130001068115234,1206.260009765625
2016-12-29,1479.72,1361.3424,799.0488,1479.72,53.720001220703125,56.130001068115234,1206.260009765625
2016-12-30,1481.74,1363.2008,800.1396000000001,1481.74,53.720001220703125,56.130001068115234,1206.260009765625
2016-12-31,1483.7,1365.0040000000001,801.1980000000001,1483.7,53.720001220703125,56.130001068115234,1206.260009765625
2017-01-01,1486.06,1367.1752,802.4724,1486.06,53.720001220703125,56.130001068115234,1169.2099609375
2017-01-02,1487.92,1368.8864,803.4768000000001,1487.92,53.720001220703125,56.130001068115234,1169.2099609375
2017-01-03,1492.17,1372.7964000000002,805.7718000000001,1492.17,53.720001220703125,56.130001068115234,1169.2099609375
2017-01-04,1495.37,1375.7404,807.4998,1495.37,53.720001220703125,56.130001068115234,1169.2099609375
2017-01-05,1497.7,1377.884,808.758,1497.7,53.720001220703125,56.130001068115234,1169.2099609375
2017-01-06,1499.65,1379.678,809.8110000000001,1499.65,53.720001220703125,56.130001068115234,1169.2099609375
2017-01-07,1501.37,1381.2604,810.7398,1501.37,53.720001220703125,56.130001068115234,1169.2099609375
2017-01-08,1502.44,1382.2448000000002,811.3176000000001,1502.44,53.720001220703125,56.130001068115234,1169.2099609375
2017-01-09,1503.96,1383.6432000000002,812.1384,1503.96,53.720001220703125,56.130001068115234,1169.2099609375
2017-01-10,1505.91,1385.4372,813.1914,1505.91,53.720001220703125,56.130001068115234,1169.2099609375
2017-01-11,1507.16,1386.5872000000002,813.8664000000001,1507.16,53.720001220703125,56.130001068115234,1169.2099609375
2017-01-12,1508.2,1387.544,814.4280000000001,1508.2,53.720001220703125,56.130001068115234,1169.2099609375
2017-01-13,1509.01,1388.2892000000002,814.8654,1509.01,53.720001220703125,56.130001068115234,1169.2099609375
2017-01-14,1509.85,1389.062,815.319,1509.85,53.720001220703125,56.130001068115234,1169.2099609375
2017-01-15,1510.29,1389.4668,815.5566,1510.29,53.720001220703125,56.130001068115234,1169.2099609375
2017-01-16,1511.05,1390.166,815.967,1511.05,53.720001220703125,56.130001068115234,1169.2099609375
2017-01-17,1511.69,1390.7548000000002,816.3126000000001,1511.69,53.720001220703125,56.130001068115234,1169.2099609375
2017-01-18,1512.3,1391.316,816.642,1512.3,53.720001220703125,56.130001068115234,1169.2099609375
2017-01-19,1512.71,1391.6932000000002,816.8634000000001,1512.71,53.720001220703125,56.130001068115234,1169.2099609375
2017-01-20,1513.06,1392.0152,817.0524,1513.06,53.720001220703125,56.130001068115234,1169.2099609375
2017-01-21,1513.41,1392.3372000000002,817.2414000000001,1513.41,53.720001220703125,56.130001068115234,1169.2099609375
2017-01-22,1513.65,1392.5580000000002,817.3710000000001,1513.65,53.720001220703125,56.130001068115234,1169.2099609375
2017-01-23,1514.03,1392.9076,817.5762000000001,1514.03,53.720001220703125,56.130001068115234,1169.2099609375
2017-01-24,1514.43,1393.2756000000002,817.7922000000001,1514.43,53.720001220703125,56.130001068115234,1169.2099609375
2017-01-25,1514.77,1393.5884,817.9758,1514.77,53.720001220703125,56.130001068115234,1169.2099609375
2017-01-26,1515.4,1394.1680000000001,818.3160000000001,1515.4,53.720001220703125,56.130001068115234,1169.2099609375
2017-01-27,1515.85,1394.5819999999999,818.559,1515.85,53.720001220703125,56.130001068115234,1169.2099609375
2017-01-28,1516.05,1394.766,818.667,1516.05,53.720001220703125,56.130001068115234,1169.2099609375
2017-01-29,1516.15,1394.8580000000002,818.7210000000001,1516.15,53.720001220703125,56.130001068115234,1169.2099609375
2017-01-30,1516.26,1394.9592,818.7804000000001,1516.26,53.720001220703125,56.130001068115234,1169.2099609375
2017-01-31,1516.5,1395.18,818.9100000000001,1516.5,53.720001220703125,56.130001068115234,1169.2099609375
2017-02-01,1516.7,1395.364,819.018,1516.7,54.0099983215332,55.59000015258789,1133.93994140625
2017-02-02,1516.87,1395.5203999999999,819.1098,1516.87,54.0099983215332,55.59000015258789,1133.93994140625
2017-02-03,1516.95,1395.594,819.1530000000001,1516.95,54.0099983215332,55.59000015258789,1133.93994140625
2017-02-04,1516.99,1395.6308000000001,819.1746,1516.99,54.0099983215332,55.59000015258789,1133.93994140625
2017-02-05,1516.99,1395.6308000000001,819.1746,1516.99,54.0099983215332,55.59000015258789,1133.93994140625
2017-02-06,1517.18,1395.8056000000001,819.2772000000001,1517.18,54.0099983215332,55.59000015258789,1133.93994140625
2017-02-07,1517.29,1395.9068,819.3366000000001,1517.29,54.0099983215332,55.59000015258789,1133.93994140625
2017-02-08,1517.31,1395.9252,819.3474,1517.31,54.0099983215332,55.59000015258789,1133.93994140625
2017-02-09,1517.2,1395.824,819.2880000000001,1517.2,54.0099983215332,55.59000015258789,1133.93994140625
2017-02-10,1517.09,1395.7228,819.2286,1517.09,54.0099983215332,55.59000015258789,1133.93994140625
2017-02-11,1517.05,1395.686,819.207,1517.05,54.0099983215332,55.59000015258789,1133.93994140625
2017-02-12,1517.01,1395.6492,819.1854000000001,1517.01,54.0099983215332,55.59000015258789,1133.93994140625
2017-02-13,1517.02,1395.6584,819.1908000000001,1517.02,54.0099983215332,55.59000015258789,1133.93994140625
2017-02-14,1516.94,1395.5848,819.1476000000001,1516.94,54.0099983215332,55.59000015258789,1133.93994140625
2017-02-15,1516.79,1395.4468,819.0666,1516.79,54.0099983215332,55.59000015258789,1133.93994140625
2017-02-16,1516.79,1395.4468,819.0666,1516.79,54.0099983215332,55.59000015258789,1133.93994140625
2017-02-17,1516.69,1395.3548,819.0126000000001,1516.69,54.0099983215332,55.59000015258789,1133.93994140625
2017-02-18,1516.55,1395.226,818.937,1516.55,54.0099983215332,55.59000015258789,1133.93994140625
2017-02-19,1516.55,1395.226,818.937,1516.55,54.0099983215332,55.59000015258789,1133.93994140625
2017-02-20,1516.55,1395.226,818.937,1516.55,54.0099983215332,55.59000015258789,1133.93994140625
2017-02-21,1516.54,1395.2168,818.9316,1516.54,54.0099983215332,55.59000015258789,1133.93994140625
2017-02-22,1516.4,1395.0880000000002,818.8560000000001,1516.4,54.0099983215332,55.59000015258789,1133.93994140625
2017-02-23,1516.29,1394.9868000000001,818.7966,1516.29,54.0099983215332,55.59000015258789,1133.93994140625
2017-02-24,1516.11,1394.8211999999999,818.6994,1516.11,54.0099983215332,55.59000015258789,1133.93994140625
2017-02-25,1515.75,1394.49,818.5050000000001,1515.75,54.0099983215332,55.59000015258789,1133.93994140625
2017-02-26,1515.59,1394.3428,818.4186,1515.59,54.0099983215332,55.59000015258789,1133.93994140625
2017-02-27,1515.58,1394.3336,818.4132,1515.58,54.0099983215332,55.59000015258789,1133.93994140625
2017-02-28,1515.39,1394.1588000000002,818.3106000000001,1515.39,54.0099983215332,55.59000015258789,1133.93994140625
2017-03-01,1515.14,1393.9288000000001,818.1756000000001,1515.14,50.599998474121094,52.83000183105469,1117.02001953125
2017-03-02,1514.91,1393.7172,818.0514000000001,1514.91,50.599998474121094,52.83000183105469,1117.02001953125
2017-03-03,1514.75,1393.5700000000002,817.965,1514.75,50.599998474121094,52.83000183105469,1117.02001953125
2017-03-04,1514.44,1393.2848000000001,817.7976000000001,1514.44,50.599998474121094,52.83000183105469,1117.02001953125
2017-03-05,1514.28,1393.1376,817.7112000000001,1514.28,50.599998474121094,52.83000183105469,1117.02001953125
2017-03-06,1514.09,1392.9628,817.6086,1514.09,50.599998474121094,52.83000183105469,1117.02001953125
2017-03-07,1513.59,1392.5028,817.3386,1513.59,50.599998474121094,52.83000183105469,1117.02001953125
2017-03-08,1513.2,1392.144,817.128,1513.2,50.599998474121094,52.83000183105469,1117.02001953125
2017-03-09,1512.76,1391.7392,816.8904,1512.76,50.599998474121094,52.83000183105469,1117.02001953125
2017-03-10,1512.17,1391.1964,816.5718,1512.17,50.599998474121094,52.83000183105469,1117.02001953125
2017-03-11,1511.66,1390.7272,816.2964000000001,1511.66,50.599998474121094,52.83000183105469,1117.02001953125
2017-03-12,1511.54,1390.6168,816.2316000000001,1511.54,50.599998474121094,52.83000183105469,1117.02001953125
2017-03-13,1511.22,1390.3224,816.0588,1511.22,50.599998474121094,52.83000183105469,1117.02001953125
2017-03-14,1510.48,1389.6416000000002,815.6592,1510.48,50.599998474121094,52.83000183105469,1117.02001953125
2017-03-15,1509.7,1388.9240000000002,815.238,1509.7,50.599998474121094,52.83000183105469,1117.02001953125
2017-03-16,1508.75,1388.05,814.725,1508.75,50.599998474121094,52.83000183105469,1117.02001953125
2017-03-17,1507.81,1387.1852000000001,814.2174,1507.81,50.599998474121094,52.83000183105469,1117.02001953125
2017-03-18,1506.89,1386.3388000000002,813.7206000000001,1506.89,50.599998474121094,52.83000183105469,1117.02001953125
2017-03-19,1506.49,1385.9708,813.5046000000001,1506.49,50.599998474121094,52.83000183105469,1117.02001953125
2017-03-20,1505.73,1385.2716,813.0942000000001,1505.73,50.599998474121094,52.83000183105469,1117.02001953125
2017-03-21,1504.17,1383.8364000000001,812.2518000000001,1504.17,50.599998474121094,52.83000183105469,1117.02001953125
2017-03-22,1502.85,1382.622,811.539,1502.85,50.599998474121094,52.83000183105469,1117.02001953125
2017-03-23,1501.53,1381.4076,810.8262000000001,1501.53,50.599998474121094,52.83000183105469,1117.02001953125
2017-03-24,1500.27,1380.2484,810.1458,1500.27,50.599998474121094,52.83000183105469,1117.02001953125
2017-03-25,1499.1,1379.172,809.514,1499.1,50.599998474121094,52.83000183105469,1117.02001953125
2017-03-26,1498.66,1378.7672000000002,809.2764000000001,1498.66,50.599998474121094,52.83000183105469,1117.02001953125
2017-03-27,1497.82,1377.9944,808.8228,1497.82,50.599998474121094,52.83000183105469,1117.02001953125
2017-03-28,1496.23,1376.5316,807.9642000000001,1496.23,50.599998474121094,52.83000183105469,1117.02001953125
2017-03-29,1494.77,1375.1884,807.1758000000001,1494.77,50.599998474121094,52.83000183105469,1117.02001953125
2017-03-30,1493.63,1374.1396000000002,806.5602000000001,1493.63,50.599998474121094,52.83000183105469,1117.02001953125
2017-03-31,1492.8,1373.376,806.1120000000001,1492.8,50.599998474121094,52.83000183105469,1117.02001953125
2017-04-01,1490.96,1371.6832000000002,805.1184000000001,1490.96,49.33000183105469,51.72999954223633,1135.6400146484375
2017-04-02,1490.48,1371.2416,804.8592000000001,1490.48,49.33000183105469,51.72999954223633,1135.6400146484375
2017-04-03,1489.82,1370.6344,804.5028,1489.82,49.33000183105469,51.72999954223633,1135.6400146484375
2017-04-04,1488.87,1369.7604,803.9898,1488.87,49.33000183105469,51.72999954223633,1135.6400146484375
2017-04-05,1488.06,1369.0152,803.5524,1488.06,49.33000183105469,51.72999954223633,1135.6400146484375
2017-04-06,1487.51,1368.5092,803.2554,1487.51,49.33000183105469,51.72999954223633,1135.6400146484375
2017-04-07,1486.94,1367.9848000000002,802.9476000000001,1486.94,49.33000183105469,51.72999954223633,1135.6400146484375
2017-04-08,1486.51,1367.5892000000001,802.7154,1486.51,49.33000183105469,51.72999954223633,1135.6400146484375
2017-04-09,1486.39,1367.4788,802.6506,1486.39,49.33000183105469,51.72999954223633,1135.6400146484375
2017-04-10,1486.3,1367.396,802.602,1486.3,49.33000183105469,51.72999954223633,1135.6400146484375
2017-04-11,1486.64,1367.7088,802.7856000000002,1486.64,49.33000183105469,51.72999954223633,1135.6400146484375
2017-04-12,1486.7,1367.7640000000001,802.8180000000001,1486.7,49.33000183105469,51.72999954223633,1135.6400146484375
2017-04-13,1486.69,1367.7548000000002,802.8126000000001,1486.69,49.33000183105469,51.72999954223633,1135.6400146484375
2017-04-14,1486.73,1367.7916,802.8342,1486.73,49.33000183105469,51.72999954223633,1135.6400146484375
2017-04-15,1486.78,1367.8376,802.8612,1486.78,49.33000183105469,51.72999954223633,1135.6400146484375
2017-04-16,1486.8,1367.856,802.8720000000001,1486.8,49.33000183105469,51.72999954223633,1135.6400146484375
2017-04-17,1486.89,1367.9388000000001,802.9206000000001,1486.89,49.33000183105469,51.72999954223633,1135.6400146484375
2017-04-18,1487.6,1368.5919999999999,803.304,1487.6,49.33000183105469,51.72999954223633,1135.6400146484375
2017-04-19,1487.86,1368.8312,803.4444,1487.86,49.33000183105469,51.72999954223633,1135.6400146484375
2017-04-20,1487.91,1368.8772000000001,803.4714000000001,1487.91,49.33000183105469,51.72999954223633,1135.6400146484375
2017-04-21,1487.9,1368.8680000000002,803.4660000000001,1487.9,49.33000183105469,51.72999954223633,1135.6400146484375
2017-04-22,1487.73,1368.7116,803.3742000000001,1487.73,49.33000183105469,51.72999954223633,1135.6400146484375
2017-04-23,1487.7,1368.6840000000002,803.3580000000001,1487.7,49.33000183105469,51.72999954223633,1135.6400146484375
2017-04-24,1487.78,1368.7576000000001,803.4012,1487.78,49.33000183105469,51.72999954223633,1135.6400146484375
2017-04-25,1487.54,1368.5368,803.2716,1487.54,49.33000183105469,51.72999954223633,1135.6400146484375
2017-04-26,1487.35,1368.362,803.169,1487.35,49.33000183105469,51.72999954223633,1135.6400146484375
2017-04-27,1487.3,1368.316,803.142,1487.3,49.33000183105469,51.72999954223633,1135.6400146484375
2017-04-28,1487.09,1368.1228,803.0286,1487.09,49.33000183105469,51.72999954223633,1135.6400146484375
2017-04-29,1486.76,1367.8192000000001,802.8504,1486.76,49.33000183105469,51.72999954223633,1135.6400146484375
2017-04-30,1486.67,1367.7364000000002,802.8018000000001,1486.67,49.33000183105469,51.72999954223633,1135.6400146484375
2017-05-01,1486.55,1367.626,802.7370000000001,1486.55,48.31999969482422,50.310001373291016,1123.9000244140625
2017-05-02,1486.12,1367.2304,802.5048,1486.12,48.31999969482422,50.310001373291016,1123.9000244140625
2017-05-03,1485.78,1366.9176,802.3212000000001,1485.78,48.31999969482422,50.310001373291016,1123.9000244140625
2017-05-04,1485.76,1366.8992,802.3104000000001,1485.76,48.31999969482422,50.310001373291016,1123.9000244140625
2017-05-05,1485.5,1366.66,802.1700000000001,1485.5,48.31999969482422,50.310001373291016,1123.9000244140625
2017-05-06,1485.32,1366.4944,802.0728,1485.32,48.31999969482422,50.310001373291016,1123.9000244140625
2017-05-07,1485.29,1366.4668,802.0566,1485.29,48.31999969482422,50.310001373291016,1123.9000244140625
2017-05-08,1485.13,1366.3196000000003,801.9702000000001,1485.13,48.31999969482422,50.310001373291016,1123.9000244140625
2017-05-09,1484.34,1365.5928,801.5436,1484.34,48.31999969482422,50.310001373291016,1123.9000244140625
2017-05-10,1483.94,1365.2248000000002,801.3276000000001,1483.94,48.31999969482422,50.310001373291016,1123.9000244140625
2017-05-11,1483.26,1364.5992,800.9604,1483.26,48.31999969482422,50.310001373291016,1123.9000244140625
2017-05-12,1482.5,1363.9,800.5500000000001,1482.5,48.31999969482422,50.310001373291016,1123.9000244140625
2017-05-13,1481.94,1363.3848,800.2476,1481.94,48.31999969482422,50.310001373291016,1123.9000244140625
2017-05-14,1481.67,1363.1364,800.1018000000001,1481.67,48.31999969482422,50.310001373291016,1123.9000244140625
2017-05-15,1481.35,1362.8419999999999,799.929,1481.35,48.31999969482422,50.310001373291016,1123.9000244140625
2017-05-16,1480.75,1362.29,799.605,1480.75,48.31999969482422,50.310001373291016,1123.9000244140625
2017-05-17,1480.29,1361.8668,799.3566000000001,1480.29,48.31999969482422,50.310001373291016,1123.9000244140625
2017-05-18,1479.88,1361.4896,799.1352000000002,1479.88,48.31999969482422,50.310001373291016,1123.9000244140625
2017-05-19,1479.43,1361.0756000000001,798.8922000000001,1479.43,48.31999969482422,50.310001373291016,1123.9000244140625
2017-05-20,1478.91,1360.5972000000002,798.6114000000001,1478.91,48.31999969482422,50.310001373291016,1123.9000244140625
2017-05-21,1478.77,1360.4684,798.5358,1478.77,48.31999969482422,50.310001373291016,1123.9000244140625
2017-05-22,1478.6,1360.312,798.444,1478.6,48.31999969482422,50.310001373291016,1123.9000244140625
2017-05-23,1478.36,1360.0912,798.3144,1478.36,48.31999969482422,50.310001373291016,1123.9000244140625
2017-05-24,1478.11,1359.8612,798.1794,1478.11,48.31999969482422,50.310001373291016,1123.9000244140625
2017-05-25,1477.75,1359.53,797.985,1477.75,48.31999969482422,50.310001373291016,1123.9000244140625
2017-05-26,1477.55,1359.346,797.8770000000001,1477.55,48.31999969482422,50.310001373291016,1123.9000244140625
2017-05-27,1477.15,1358.978,797.6610000000001,1477.15,48.31999969482422,50.310001373291016,1123.9000244140625
2017-05-28,1477.0,1358.8400000000001,797.58,1477.0,48.31999969482422,50.310001373291016,1123.9000244140625
2017-05-29,1476.82,1358.6744,797.4828,1476.82,48.31999969482422,50.310001373291016,1123.9000244140625
2017-05-30,1476.53,1358.4076,797.3262000000001,1476.53,48.31999969482422,50.310001373291016,1123.9000244140625
2017-05-31,1476.19,1358.0948,797.1426000000001,1476.19,48.31999969482422,50.310001373291016,1123.9000244140625
2017-06-01,1475.24,1357.2208,796.6296000000001,1475.24,46.040000915527344,47.91999816894531,1146.1400146484375
2017-06-02,1474.51,1356.5492000000002,796.2354,1474.51,46.040000915527344,47.91999816894531,1146.1400146484375
2017-06-03,1473.86,1355.9512,795.8844,1473.86,46.040000915527344,47.91999816894531,1146.1400146484375
2017-06-04,1473.71,1355.8132,795.8034000000001,1473.71,46.040000915527344,47.91999816894531,1146.1400146484375
2017-06-05,1473.3,1355.436,795.582,1473.3,46.040000915527344,47.91999816894531,1146.1400146484375
2017-06-06,1472.6,1354.792,795.204,1472.6,46.040000915527344,47.91999816894531,1146.1400146484375
2017-06-07,1472.05,1354.286,794.907,1472.05,46.040000915527344,47.91999816894531,1146.1400146484375
2017-06-08,1471.13,1353.4396000000002,794.4102000000001,1471.13,46.040000915527344,47.91999816894531,1146.1400146484375
2017-06-09,1470.03,1352.4276,793.8162,1470.03,46.040000915527344,47.91999816894531,1146.1400146484375
2017-06-10,1468.87,1351.3604,793.1898,1468.87,46.040000915527344,47.91999816894531,1146.1400146484375
2017-06-11,1468.37,1350.9004,792.9198,1468.37,46.040000915527344,47.91999816894531,1146.1400146484375
2017-06-12,1467.61,1350.2012,792.5094,1467.61,46.040000915527344,47.91999816894531,1146.1400146484375
2017-06-13,1466.07,1348.7844,791.6778,1466.07,46.040000915527344,47.91999816894531,1146.1400146484375
2017-06-14,1464.71,1347.5332,790.9434000000001,1464.71,46.040000915527344,47.91999816894531,1146.1400146484375
2017-06-15,1463.29,1346.2268,790.1766,1463.29,46.040000915527344,47.91999816894531,1146.1400146484375
2017-06-16,1461.75,1344.81,789.345,1461.75,46.040000915527344,47.91999816894531,1146.1400146484375
2017-06-17,1460.28,1343.4576,788.5512,1460.28,46.040000915527344,47.91999816894531,1146.1400146484375
2017-06-18,1459.69,1342.9148,788.2326,1459.69,46.040000915527344,47.91999816894531,1146.1400146484375
2017-06-19,1458.78,1342.0776,787.7412,1458.78,46.040000915527344,47.91999816894531,1146.1400146484375
2017-06-20,1457.15,1340.5780000000002,786.8610000000001,1457.15,46.040000915527344,47.91999816894531,1146.1400146484375
2017-06-21,1455.31,1338.8852,785.8674,1455.31,46.040000915527344,47.91999816894531,1146.1400146484375
2017-06-22,1453.61,1337.3211999999999,784.9494,1453.61,46.040000915527344,47.91999816894531,1146.1400146484375
2017-06-23,1452.03,1335.8676,784.0962000000001,1452.03,46.040000915527344,47.91999816894531,1146.1400146484375
2017-06-24,1450.76,1334.6992,783.4104000000001,1450.76,46.040000915527344,47.91999816894531,1146.1400146484375
2017-06-25,1450.14,1334.1288000000002,783.0756000000001,1450.14,46.040000915527344,47.91999816894531,1146.1400146484375
2017-06-26,1449.24,1333.3008,782.5896,1449.24,46.040000915527344,47.91999816894531,1146.1400146484375
2017-06-27,1447.56,1331.7552,781.6824,1447.56,46.040000915527344,47.91999816894531,1146.1400146484375
2017-06-28,1446.23,1330.5316,780.9642,1446.23,46.040000915527344,47.91999816894531,1146.1400146484375
2017-06-29,1444.98,1329.3816000000002,780.2892,1444.98,46.040000915527344,47.91999816894531,1146.1400146484375
2017-06-30,1444.1,1328.572,779.814,1444.1,46.040000915527344,47.91999816894531,1146.1400146484375
2017-07-01,1442.37,1326.9804,778.8798,1442.37,50.16999816894531,52.650001525878906,1124.050048828125
2017-07-02,1441.8,1326.456,778.572,1441.8,50.16999816894531,52.650001525878906,1124.050048828125
2017-07-03,1441.16,1325.8672000000001,778.2264000000001,1441.16,50.16999816894531,52.650001525878906,1124.050048828125
2017-07-04,1440.41,1325.1772,777.8214,1440.41,50.16999816894531,52.650001525878906,1124.050048828125
2017-07-05,1439.67,1324.4964000000002,777.4218000000001,1439.67,50.16999816894531,52.650001525878906,1124.050048828125
2017-07-06,1439.24,1324.1008000000002,777.1896,1439.24,50.16999816894531,52.650001525878906,1124.050048828125
2017-07-07,1438.93,1323.8156000000001,777.0222000000001,1438.93,50.16999816894531,52.650001525878906,1124.050048828125
2017-07-08,1438.51,1323.4292,776.7954000000001,1438.51,50.16999816894531,52.650001525878906,1124.050048828125
2017-07-09,1438.33,1323.2636,776.6982,1438.33,50.16999816894531,52.650001525878906,1124.050048828125
2017-07-10,1438.21,1323.1532000000002,776.6334,1438.21,50.16999816894531,52.650001525878906,1124.050048828125
2017-07-11,1438.76,1323.6592,776.9304000000001,1438.76,50.16999816894531,52.650001525878906,1124.050048828125
2017-07-12,1438.42,1323.3464000000001,776.7468000000001,1438.42,50.16999816894531,52.650001525878906,1124.050048828125
2017-07-13,1438.22,1323.1624000000002,776.6388000000001,1438.22,50.16999816894531,52.650001525878906,1124.050048828125
2017-07-14,1438.05,1323.006,776.547,1438.05,50.16999816894531,52.650001525878906,1124.050048828125
2017-07-15,1437.96,1322.9232000000002,776.4984000000001,1437.96,50.16999816894531,52.650001525878906,1124.050048828125
2017-07-16,1437.97,1322.9324000000001,776.5038000000001,1437.97,50.16999816894531,52.650001525878906,1124.050048828125
2017-07-17,1438.0,1322.96,776.5200000000001,1438.0,50.16999816894531,52.650001525878906,1124.050048828125
2017-07-18,1437.89,1322.8588000000002,776.4606000000001,1437.89,50.16999816894531,52.650001525878906,1124.050048828125
2017-07-19,1437.75,1322.73,776.3850000000001,1437.75,50.16999816894531,52.650001525878906,1124.050048828125
2017-07-20,1437.78,1322.7576000000001,776.4012,1437.78,50.16999816894531,52.650001525878906,1124.050048828125
2017-07-21,1437.68,1322.6656,776.3472,1437.68,50.16999816894531,52.650001525878906,1124.050048828125
2017-07-22,1437.64,1322.6288000000002,776.3256000000001,1437.64,50.16999816894531,52.650001525878906,1124.050048828125
2017-07-23,1437.58,1322.5736,776.2932,1437.58,50.16999816894531,52.650001525878906,1124.050048828125
2017-07-24,1437.59,1322.5828,776.2986,1437.59,50.16999816894531,52.650001525878906,1124.050048828125
2017-07-25,1437.7,1322.6840000000002,776.3580000000001,1437.7,50.16999816894531,52.650001525878906,1124.050048828125
2017-07-26,1437.85,1322.822,776.439,1437.85,50.16999816894531,52.650001525878906,1124.050048828125
2017-07-27,1438.02,1322.9784,776.5308,1438.02,50.16999816894531,52.650001525878906,1124.050048828125
2017-07-28,1438.2,1323.144,776.628,1438.2,50.16999816894531,52.650001525878906,1124.050048828125
2017-07-29,1438.31,1323.2452,776.6874,1438.31,50.16999816894531,52.650001525878906,1124.050048828125
2017-07-30,1438.48,1323.4016000000001,776.7792000000001,1438.48,50.16999816894531,52.650001525878906,1124.050048828125
2017-07-31,1438.87,1323.7604,776.9898,1438.87,50.16999816894531,52.650001525878906,1124.050048828125
2017-08-01,1439.43,1324.2756000000002,777.2922000000001,1439.43,47.22999954223633,52.380001068115234,1123.3299560546875
2017-08-02,1439.82,1324.6344,777.5028,1439.82,47.22999954223633,52.380001068115234,1123.3299560546875
2017-08-03,1440.31,1325.0852,777.7674000000001,1440.31,47.22999954223633,52.380001068115234,1123.3299560546875
2017-08-04,1440.98,1325.7016,778.1292000000001,1440.98,47.22999954223633,52.380001068115234,1123.3299560546875
2017-08-05,1441.5,1326.18,778.4100000000001,1441.5,47.22999954223633,52.380001068115234,1123.3299560546875
2017-08-06,1441.89,1326.5388,778.6206000000001,1441.89,47.22999954223633,52.380001068115234,1123.3299560546875
2017-08-07,1442.77,1327.3484,779.0958,1442.77,47.22999954223633,52.380001068115234,1123.3299560546875
2017-08-08,1444.78,1329.1976,780.1812,1444.78,47.22999954223633,52.380001068115234,1123.3299560546875
2017-08-09,1446.06,1330.3752,780.8724,1446.06,47.22999954223633,52.380001068115234,1123.3299560546875
2017-08-10,1447.55,1331.746,781.677,1447.55,47.22999954223633,52.380001068115234,1123.3299560546875
2017-08-11,1448.48,1332.6016,782.1792,1448.48,47.22999954223633,52.380001068115234,1123.3299560546875
2017-08-12,1449.53,1333.5676,782.7462,1449.53,47.22999954223633,52.380001068115234,1123.3299560546875
2017-08-13,1450.09,1334.0828,783.0486,1450.09,47.22999954223633,52.380001068115234,1123.3299560546875
2017-08-14,1450.81,1334.7452,783.4374,1450.81,47.22999954223633,52.380001068115234,1123.3299560546875
2017-08-15,1452.62,1336.4104,784.4148,1452.62,47.22999954223633,52.380001068115234,1123.3299560546875
2017-08-16,1453.26,1336.9992,784.7604,1453.26,47.22999954223633,52.380001068115234,1123.3299560546875
2017-08-17,1454.28,1337.9376,785.3112,1454.28,47.22999954223633,52.380001068115234,1123.3299560546875
2017-08-18,1455.01,1338.6092,785.7054,1455.01,47.22999954223633,52.380001068115234,1123.3299560546875
2017-08-19,1455.6,1339.152,786.024,1455.6,47.22999954223633,52.380001068115234,1123.3299560546875
2017-08-20,1455.99,1339.5108,786.2346,1455.99,47.22999954223633,52.380001068115234,1123.3299560546875
2017-08-21,1456.62,1340.0904,786.5748,1456.62,47.22999954223633,52.380001068115234,1123.3299560546875
2017-08-22,1457.27,1340.6884,786.9258000000001,1457.27,47.22999954223633,52.380001068115234,1123.3299560546875
2017-08-23,1457.81,1341.1852,787.2174,1457.81,47.22999954223633,52.380001068115234,1123.3299560546875
2017-08-24,1458.37,1341.7004,787.5198,1458.37,47.22999954223633,52.380001068115234,1123.3299560546875
2017-08-25,1458.81,1342.1052,787.7574000000001,1458.81,47.22999954223633,52.380001068115234,1123.3299560546875
2017-08-26,1459.66,1342.8872000000001,788.2164000000001,1459.66,47.22999954223633,52.380001068115234,1123.3299560546875
2017-08-27,1460.09,1343.2828,788.4486,1460.09,47.22999954223633,52.380001068115234,1123.3299560546875
2017-08-28,1460.66,1343.8072000000002,788.7564000000001,1460.66,47.22999954223633,52.380001068115234,1123.3299560546875
2017-08-29,1461.6,1344.672,789.264,1461.6,47.22999954223633,52.380001068115234,1123.3299560546875
2017-08-30,1462.3,1345.316,789.642,1462.3,47.22999954223633,52.380001068115234,1123.3299560546875
2017-08-31,1462.61,1345.6012,789.8094,1462.61,47.22999954223633,52.380001068115234,1123.3299560546875
2017-09-01,1463.76,1346.6592,790.4304000000001,1463.76,51.66999816894531,57.540000915527344,1123.3299560546875
2017-09-02,1464.34,1347.1928,790.7436,1464.34,51.66999816894531,57.540000915527344,1123.3299560546875
2017-09-03,1464.73,1347.5516,790.9542,1464.73,51.66999816894531,57.540000915527344,1123.3299560546875
2017-09-04,1465.35,1348.122,791.289,1465.35,51.66999816894531,57.540000915527344,1123.3299560546875
2017-09-05,1466.28,1348.9776,791.7912,1466.28,51.66999816894531,57.540000915527344,1123.3299560546875
2017-09-06,1466.99,1349.6308000000001,792.1746,1466.99,51.66999816894531,57.540000915527344,1123.3299560546875
2017-09-07,1467.98,1350.5416,792.7092,1467.98,51.66999816894531,57.540000915527344,1123.3299560546875
2017-09-08,1469.35,1351.802,793.449,1469.35,51.66999816894531,57.540000915527344,1123.3299560546875
2017-09-09,1470.74,1353.0808,794.1996,1470.74,51.66999816894531,57.540000915527344,1123.3299560546875
2017-09-10,1471.63,1353.8996000000002,794.6802000000001,1471.63,51.66999816894531,57.540000915527344,1123.3299560546875
2017-09-11,1472.94,1355.1048,795.3876000000001,1472.94,51.66999816894531,57.540000915527344,1123.3299560546875
2017-09-12,1475.32,1357.2944,796.6728,1475.32,51.66999816894531,57.540000915527344,1123.3299560546875
2017-09-13,1477.01,1358.8492,797.5854,1477.01,51.66999816894531,57.540000915527344,1123.3299560546875
2017-09-14,1478.52,1360.2384,798.4008,1478.52,51.66999816894531,57.540000915527344,1123.3299560546875
2017-09-15,1480.04,1361.6368,799.2216000000001,1480.04,51.66999816894531,57.540000915527344,1123.3299560546875
2017-09-16,1481.65,1363.1180000000002,800.0910000000001,1481.65,51.66999816894531,57.540000915527344,1123.3299560546875
2017-09-17,1482.53,1363.9276,800.5662000000001,1482.53,51.66999816894531,57.540000915527344,1123.3299560546875
2017-09-18,1483.77,1365.0684,801.2358,1483.77,51.66999816894531,57.540000915527344,1123.3299560546875
2017-09-19,1485.17,1366.3564000000001,801.9918000000001,1485.17,51.66999816894531,57.540000915527344,1123.3299560546875
2017-09-20,1486.11,1367.2212,802.4994,1486.11,51.66999816894531,57.540000915527344,1123.3299560546875
2017-09-21,1487.25,1368.27,803.115,1487.25,51.66999816894531,57.540000915527344,1123.3299560546875
2017-09-22,1488.24,1369.1808,803.6496000000001,1488.24,51.66999816894531,57.540000915527344,1123.3299560546875
2017-09-23,1489.15,1370.0180000000003,804.1410000000001,1489.15,51.66999816894531,57.540000915527344,1123.3299560546875
2017-09-24,1489.69,1370.5148000000002,804.4326000000001,1489.69,51.66999816894531,57.540000915527344,1123.3299560546875
2017-09-25,1490.52,1371.2784000000001,804.8808,1490.52,51.66999816894531,57.540000915527344,1123.3299560546875
2017-09-26,1491.59,1372.2628,805.4586,1491.59,51.66999816894531,57.540000915527344,1123.3299560546875
2017-09-27,1492.61,1373.2012,806.0094,1492.61,51.66999816894531,57.540000915527344,1123.3299560546875
2017-09-28,1493.88,1374.3696000000002,806.6952000000001,1493.88,51.66999816894531,57.540000915527344,1123.3299560546875
2017-09-29,1495.49,1375.8508000000002,807.5646,1495.49,51.66999816894531,57.540000915527344,1123.3299560546875
2017-09-30,1497.04,1377.2768,808.4016,1497.04,51.66999816894531,57.540000915527344,1123.3299560546875
2017-10-01,1498.61,1378.7212,809.2494,1498.61,51.66999816894531,57.540000915527344,1123.449951171875
2017-10-02,1499.74,1379.7608,809.8596000000001,1499.74,51.66999816894531,57.540000915527344,1123.449951171875
2017-10-03,1500.86,1380.7912,810.4644,1500.86,51.66999816894531,57.540000915527344,1123.449951171875
2017-10-04,1501.29,1381.1868,810.6966,1501.29,51.66999816894531,57.540000915527344,1123.449951171875
2017-10-05,1501.73,1381.5916,810.9342,1501.73,51.66999816894531,57.540000915527344,1123.449951171875
2017-10-06,1502.14,1381.9688,811.1556000000002,1502.14,51.66999816894531,57.540000915527344,1123.449951171875
2017-10-07,1502.37,1382.1804,811.2798,1502.37,51.66999816894531,57.540000915527344,1123.449951171875
2017-10-08,1502.52,1382.3184,811.3608,1502.52,51.66999816894531,57.540000915527344,1123.449951171875
2017-10-09,1502.79,1382.5668,811.5066,1502.79,51.66999816894531,57.540000915527344,1123.449951171875
2017-10-10,1503.0,1382.76,811.62,1503.0,51.66999816894531,57.540000915527344,1123.449951171875
2017-10-11,1503.39,1383.1188000000002,811.8306000000001,1503.39,51.66999816894531,57.540000915527344,1123.449951171875
2017-10-12,1503.75,1383.45,812.0250000000001,1503.75,51.66999816894531,57.540000915527344,1123.449951171875
2017-10-13,1504.14,1383.8088000000002,812.2356000000001,1504.14,51.66999816894531,57.540000915527344,1123.449951171875
2017-10-14,1504.48,1384.1216000000002,812.4192,1504.48,51.66999816894531,57.540000915527344,1123.449951171875
2017-10-15,1504.73,1384.3516000000002,812.5542,1504.73,51.66999816894531,57.540000915527344,1123.449951171875
2017-10-16,1505.13,1384.7196000000001,812.7702000000002,1505.13,51.66999816894531,57.540000915527344,1123.449951171875
2017-10-17,1505.46,1385.0232,812.9484000000001,1505.46,51.66999816894531,57.540000915527344,1123.449951171875
2017-10-18,1505.53,1385.0876,812.9862,1505.53,51.66999816894531,57.540000915527344,1123.449951171875
2017-10-19,1505.79,1385.3268,813.1266,1505.79,51.66999816894531,57.540000915527344,1123.449951171875
2017-10-20,1506.0,1385.52,813.24,1506.0,51.66999816894531,57.540000915527344,1123.449951171875
2017-10-21,1506.18,1385.6856,813.3372,1506.18,51.66999816894531,57.540000915527344,1123.449951171875
2017-10-22,1506.32,1385.8144,813.4128000000001,1506.32,51.66999816894531,57.540000915527344,1123.449951171875
2017-10-23,1506.44,1385.9248,813.4776,1506.44,51.66999816894531,57.540000915527344,1123.449951171875
2017-10-24,1506.61,1386.0812,813.5694,1506.61,51.66999816894531,57.540000915527344,1123.449951171875
2017-10-25,1506.74,1386.2008,813.6396000000001,1506.74,51.66999816894531,57.540000915527344,1123.449951171875
2017-10-26,1506.88,1386.3296000000003,813.7152000000001,1506.88,51.66999816894531,57.540000915527344,1123.449951171875
2017-10-27,1507.0,1386.44,813.7800000000001,1507.0,51.66999816894531,57.540000915527344,1123.449951171875
2017-10-28,1507.12,1386.5503999999999,813.8448,1507.12,51.66999816894531,57.540000915527344,1123.449951171875
2017-10-29,1507.24,1386.6608,813.9096000000001,1507.24,51.66999816894531,57.540000915527344,1123.449951171875
2017-10-30,1507.5,1386.9,814.0500000000001,1507.5,51.66999816894531,57.540000915527344,1123.449951171875
2017-10-31,1507.71,1387.0932,814.1634,1507.71,51.66999816894531,57.540000915527344,1123.449951171875
2017-11-01,1508.62,1387.9304,814.6548,1508.62,57.400001525878906,63.56999969482422,1080.6600341796875
2017-11-02,1508.95,1388.2340000000002,814.8330000000001,1508.95,57.400001525878906,63.56999969482422,1080.6600341796875
2017-11-03,1509.35,1388.602,815.049,1509.35,57.400001525878906,63.56999969482422,1080.6600341796875
2017-11-04,1509.82,1389.0344,815.3028,1509.82,57.400001525878906,63.56999969482422,1080.6600341796875
2017-11-05,1510.06,1389.2552,815.4324,1510.06,57.400001525878906,63.56999969482422,1080.6600341796875
2017-11-06,1510.48,1389.6416000000002,815.6592,1510.48,57.400001525878906,63.56999969482422,1080.6600341796875
2017-11-07,1512.06,1391.0952,816.5124000000001,1512.06,57.400001525878906,63.56999969482422,1080.6600341796875
2017-11-08,1513.34,1392.2728,817.2036,1513.34,57.400001525878906,63.56999969482422,1080.6600341796875
2017-11-09,1514.43,1393.2756000000002,817.7922000000001,1514.43,57.400001525878906,63.56999969482422,1080.6600341796875
2017-11-10,1515.57,1394.3244,818.4078000000001,1515.57,57.400001525878906,63.56999969482422,1080.6600341796875
2017-11-11,1516.76,1395.4192,819.0504000000001,1516.76,57.400001525878906,63.56999969482422,1080.6600341796875
2017-11-12,1517.56,1396.1552,819.4824,1517.56,57.400001525878906,63.56999969482422,1080.6600341796875
2017-11-13,1518.65,1397.1580000000001,820.0710000000001,1518.65,57.400001525878906,63.56999969482422,1080.6600341796875
2017-11-14,1520.74,1399.0808000000002,821.1996,1520.74,57.400001525878906,63.56999969482422,1080.6600341796875
2017-11-15,1521.86,1400.1112,821.8044,1521.86,57.400001525878906,63.56999969482422,1080.6600341796875
2017-11-16,1522.81,1400.9852,822.3174,1522.81,57.400001525878906,63.56999969482422,1080.6600341796875
2017-11-17,1523.72,1401.8224,822.8088,1523.72,57.400001525878906,63.56999969482422,1080.6600341796875
2017-11-18,1524.64,1402.6688000000001,823.3056000000001,1524.64,57.400001525878906,63.56999969482422,1080.6600341796875
2017-11-19,1525.2,1403.1840000000002,823.6080000000001,1525.2,57.400001525878906,63.56999969482422,1080.6600341796875
2017-11-20,1525.97,1403.8924000000002,824.0238,1525.97,57.400001525878906,63.56999969482422,1080.6600341796875
2017-11-21,1526.88,1404.7296000000001,824.5152000000002,1526.88,57.400001525878906,63.56999969482422,1080.6600341796875
2017-11-22,1527.6,1405.392,824.904,1527.6,57.400001525878906,63.56999969482422,1080.6600341796875
2017-11-23,1528.28,1406.0176000000001,825.2712,1528.28,57.400001525878906,63.56999969482422,1080.6600341796875
2017-11-24,1529.12,1406.7903999999999,825.7248,1529.12,57.400001525878906,63.56999969482422,1080.6600341796875
2017-11-25,1529.99,1407.5908000000002,826.1946,1529.99,57.400001525878906,63.56999969482422,1080.6600341796875
2017-11-26,1530.41,1407.9772,826.4214000000001,1530.41,57.400001525878906,63.56999969482422,1080.6600341796875
2017-11-27,1531.27,1408.7684000000002,826.8858,1531.27,57.400001525878906,63.56999969482422,1080.6600341796875
2017-11-28,1532.2,1409.624,827.388,1532.2,57.400001525878906,63.56999969482422,1080.6600341796875
2017-11-29,1533.11,1410.4612,827.8794,1533.11,57.400001525878906,63.56999969482422,1080.6600341796875
2017-11-30,1533.76,1411.0592000000001,828.2304,1533.76,57.400001525878906,63.56999969482422,1080.6600341796875
2017-12-01,1534.92,1412.1264,828.8568000000001,1534.92,60.41999816894531,66.5999984741211,1066.3800048828125
2017-12-02,1535.66,1412.8072000000002,829.2564000000001,1535.66,60.41999816894531,66.5999984741211,1066.3800048828125
2017-12-03,1536.08,1413.1936,829.4832,1536.08,60.41999816894531,66.5999984741211,1066.3800048828125
2017-12-04,1536.55,1413.626,829.7370000000001,1536.55,60.41999816894531,66.5999984741211,1066.3800048828125
2017-12-05,1536.83,1413.8836,829.8882,1536.83,60.41999816894531,66.5999984741211,1066.3800048828125
2017-12-06,1537.35,1414.362,830.169,1537.35,60.41999816894531,66.5999984741211,1066.3800048828125
2017-12-07,1537.85,1414.822,830.439,1537.85,60.41999816894531,66.5999984741211,1066.3800048828125
2017-12-08,1538.13,1415.0796000000003,830.5902000000001,1538.13,60.41999816894531,66.5999984741211,1066.3800048828125
2017-12-09,1538.36,1415.2912,830.7144,1538.36,60.41999816894531,66.5999984741211,1066.3800048828125
2017-12-10,1538.55,1415.4660000000001,830.817,1538.55,60.41999816894531,66.5999984741211,1066.3800048828125
2017-12-11,1538.86,1415.7512,830.9844,1538.86,60.41999816894531,66.5999984741211,1066.3800048828125
2017-12-12,1539.28,1416.1376,831.2112000000001,1539.28,60.41999816894531,66.5999984741211,1066.3800048828125
2017-12-13,1539.47,1416.3124,831.3138,1539.47,60.41999816894531,66.5999984741211,1066.3800048828125
2017-12-14,1539.97,1416.7724,831.5838000000001,1539.97,60.41999816894531,66.5999984741211,1066.3800048828125
2017-12-15,1540.38,1417.1496000000002,831.8052000000001,1540.38,60.41999816894531,66.5999984741211,1066.3800048828125
2017-12-16,1540.66,1417.4072,831.9564000000001,1540.66,60.41999816894531,66.5999984741211,1066.3800048828125
2017-12-17,1540.85,1417.5819999999999,832.059,1540.85,60.41999816894531,66.5999984741211,1066.3800048828125
2017-12-18,1541.12,1417.8304,832.2048,1541.12,60.41999816894531,66.5999984741211,1066.3800048828125
2017-12-19,1541.55,1418.226,832.437,1541.55,60.41999816894531,66.5999984741211,1066.3800048828125
2017-12-20,1541.76,1418.4192,832.5504000000001,1541.76,60.41999816894531,66.5999984741211,1066.3800048828125
2017-12-21,1541.99,1418.6308000000001,832.6746,1541.99,60.41999816894531,66.5999984741211,1066.3800048828125
2017-12-22,1542.3,1418.916,832.842,1542.3,60.41999816894531,66.5999984741211,1066.3800048828125
2017-12-23,1542.58,1419.1736,832.9932,1542.58,60.41999816894531,66.5999984741211,1066.3800048828125
2017-12-24,1542.77,1419.3484,833.0958,1542.77,60.41999816894531,66.5999984741211,1066.3800048828125
2017-12-25,1542.87,1419.4404,833.1498,1542.87,60.41999816894531,66.5999984741211,1066.3800048828125
2017-12-26,1542.99,1419.5508,833.2146,1542.99,60.41999816894531,66.5999984741211,1066.3800048828125
2017-12-27,1543.24,1419.7808,833.3496,1543.24,60.41999816894531,66.5999984741211,1066.3800048828125
2017-12-28,1543.52,1420.0384000000001,833.5008,1543.52,60.41999816894531,66.5999984741211,1066.3800048828125
2017-12-29,1543.74,1420.2408,833.6196000000001,1543.74,60.41999816894531,66.5999984741211,1066.3800048828125
2017-12-30,1543.99,1420.4708,833.7546000000001,1543.99,60.41999816894531,66.5999984741211,1066.3800048828125
2017-12-31,1544.11,1420.5812,833.8194,1544.11,60.41999816894531,66.5999984741211,1066.3800048828125
2018-01-01,1544.62,1421.0503999999999,834.0948,1544.62,64.7300033569336,69.05000305175781,1072.5400390625
2018-01-02,1544.93,1421.3356,834.2622000000001,1544.93,64.7300033569336,69.05000305175781,1072.5400390625
2018-01-03,1545.28,1421.6576,834.4512000000001,1545.28,64.7300033569336,69.05000305175781,1072.5400390625
2018-01-04,1545.57,1421.9244,834.6078,1545.57,64.7300033569336,69.05000305175781,1072.5400390625
2018-01-05,1546.36,1422.6512,835.0344,1546.36,64.7300033569336,69.05000305175781,1072.5400390625
2018-01-06,1546.89,1423.1388000000002,835.3206000000001,1546.89,64.7300033569336,69.05000305175781,1072.5400390625
2018-01-07,1547.13,1423.3596000000002,835.4502000000001,1547.13,64.7300033569336,69.05000305175781,1072.5400390625
2018-01-08,1547.49,1423.6908,835.6446000000001,1547.49,64.7300033569336,69.05000305175781,1072.5400390625
2018-01-09,1547.8,1423.976,835.812,1547.8,64.7300033569336,69.05000305175781,1072.5400390625
2018-01-10,1548.16,1424.3072000000002,836.0064000000001,1548.16,64.7300033569336,69.05000305175781,1072.5400390625
2018-01-11,1548.67,1424.7764000000002,836.2818000000001,1548.67,64.7300033569336,69.05000305175781,1072.5400390625
2018-01-12,1549.23,1425.2916,836.5842,1549.23,64.7300033569336,69.05000305175781,1072.5400390625
2018-01-13,1549.76,1425.7792,836.8704,1549.76,64.7300033569336,69.05000305175781,1072.5400390625
2018-01-14,1550.16,1426.1472,837.0864000000001,1550.16,64.7300033569336,69.05000305175781,1072.5400390625
2018-01-15,1550.69,1426.6348,837.3726,1550.69,64.7300033569336,69.05000305175781,1072.5400390625
2018-01-16,1551.58,1427.4536,837.8532,1551.58,64.7300033569336,69.05000305175781,1072.5400390625
2018-01-17,1552.16,1427.9872,838.1664000000001,1552.16,64.7300033569336,69.05000305175781,1072.5400390625
2018-01-18,1552.73,1428.5116,838.4742000000001,1552.73,64.7300033569336,69.05000305175781,1072.5400390625
2018-01-19,1553.32,1429.0544,838.7928,1553.32,64.7300033569336,69.05000305175781,1072.5400390625
2018-01-20,1553.92,1429.6064000000001,839.1168000000001,1553.92,64.7300033569336,69.05000305175781,1072.5400390625
2018-01-21,1554.19,1429.8548,839.2626000000001,1554.19,64.7300033569336,69.05000305175781,1072.5400390625
2018-01-22,1554.73,1430.3516000000002,839.5542,1554.73,64.7300033569336,69.05000305175781,1072.5400390625
2018-01-23,1555.27,1430.8484,839.8458,1555.27,64.7300033569336,69.05000305175781,1072.5400390625
2018-01-24,1555.85,1431.382,840.159,1555.85,64.7300033569336,69.05000305175781,1072.5400390625
2018-01-25,1556.44,1431.9248,840.4776,1556.44,64.7300033569336,69.05000305175781,1072.5400390625
2018-01-26,1557.14,1432.5688000000002,840.8556000000001,1557.14,64.7300033569336,69.05000305175781,1072.5400390625
2018-01-27,1557.76,1433.1392,841.1904000000001,1557.76,64.7300033569336,69.05000305175781,1072.5400390625
2018-01-28,1558.12,1433.4704,841.3848,1558.12,64.7300033569336,69.05000305175781,1072.5400390625
2018-01-29,1558.67,1433.9764000000002,841.6818000000001,1558.67,64.7300033569336,69.05000305175781,1072.5400390625
2018-01-30,1559.63,1434.8596000000002,842.2002000000001,1559.63,64.7300033569336,69.05000305175781,1072.5400390625
2018-01-31,1560.34,1435.5128,842.5836,1560.34,64.7300033569336,69.05000305175781,1072.5400390625
2018-02-01,1561.4,1436.488,843.1560000000001,1561.4,61.63999938964844,65.77999877929688,1079.3900146484375
2018-02-02,1562.05,1437.086,843.5070000000001,1562.05,61.63999938964844,65.77999877929688,1079.3900146484375
2018-02-03,1562.6,1437.5919999999999,843.804,1562.6,61.63999938964844,65.77999877929688,1079.3900146484375
2018-02-04,1562.8,1437.776,843.912,1562.8,61.63999938964844,65.77999877929688,1079.3900146484375
2018-02-05,1563.14,1438.0888000000002,844.0956000000001,1563.14,61.63999938964844,65.77999877929688,1079.3900146484375
2018-02-06,1563.9,1438.7880000000002,844.5060000000001,1563.9,61.63999938964844,65.77999877929688,1079.3900146484375
2018-02-07,1564.38,1439.2296000000001,844.7652000000002,1564.38,61.63999938964844,65.77999877929688,1079.3900146484375
2018-02-08,1564.8,1439.616,844.9920000000001,1564.8,61.63999938964844,65.77999877929688,1079.3900146484375
2018-02-09,1565.11,1439.9012,845.1594,1565.11,61.63999938964844,65.77999877929688,1079.3900146484375
2018-02-10,1565.31,1440.0852,845.2674000000001,1565.31,61.63999938964844,65.77999877929688,1079.3900146484375
2018-02-11,1565.34,1440.1127999999999,845.2836,1565.34,61.63999938964844,65.77999877929688,1079.3900146484375
2018-02-12,1565.47,1440.2324,845.3538000000001,1565.47,61.63999938964844,65.77999877929688,1079.3900146484375
2018-02-13,1565.51,1440.2692,845.3754,1565.51,61.63999938964844,65.77999877929688,1079.3900146484375
2018-02-14,1565.72,1440.4624000000001,845.4888000000001,1565.72,61.63999938964844,65.77999877929688,1079.3900146484375
2018-02-15,1565.98,1440.7016,845.6292000000001,1565.98,61.63999938964844,65.77999877929688,1079.3900146484375
2018-02-16,1566.02,1440.7384,845.6508,1566.02,61.63999938964844,65.77999877929688,1079.3900146484375
2018-02-17,1565.99,1440.7108,845.6346000000001,1565.99,61.63999938964844,65.77999877929688,1079.3900146484375
2018-02-18,1565.95,1440.6740000000002,845.613,1565.95,61.63999938964844,65.77999877929688,1079.3900146484375
2018-02-19,1565.76,1440.4992,845.5104,1565.76,61.63999938964844,65.77999877929688,1079.3900146484375
2018-02-20,1565.46,1440.2232000000001,845.3484000000001,1565.46,61.63999938964844,65.77999877929688,1079.3900146484375
2018-02-21,1565.06,1439.8552,845.1324000000001,1565.06,61.63999938964844,65.77999877929688,1079.3900146484375
2018-02-22,1564.67,1439.4964000000002,844.9218000000001,1564.67,61.63999938964844,65.77999877929688,1079.3900146484375
2018-02-23,1564.48,1439.3216,844.8192,1564.48,61.63999938964844,65.77999877929688,1079.3900146484375
2018-02-24,1564.3,1439.156,844.722,1564.3,61.63999938964844,65.77999877929688,1079.3900146484375
2018-02-25,1564.23,1439.0916,844.6842,1564.23,61.63999938964844,65.77999877929688,1079.3900146484375
2018-02-26,1564.17,1439.0364000000002,844.6518000000001,1564.17,61.63999938964844,65.77999877929688,1079.3900146484375
2018-02-27,1564.07,1438.9444,844.5978,1564.07,61.63999938964844,65.77999877929688,1079.3900146484375
2018-02-28,1563.88,1438.7696,844.4952000000001,1563.88,61.63999938964844,65.77999877929688,1079.3900146484375
2018-03-01,1563.68,1438.5856,844.3872000000001,1563.68,64.94000244140625,70.2699966430664,1059.9000244140625
2018-03-02,1563.46,1438.3832,844.2684,1563.46,64.94000244140625,70.2699966430664,1059.9000244140625
2018-03-03,1563.15,1438.0980000000002,844.1010000000001,1563.15,64.94000244140625,70.2699966430664,1059.9000244140625
2018-03-04,1562.95,1437.9140000000002,843.993,1562.95,64.94000244140625,70.2699966430664,1059.9000244140625
2018-03-05,1562.76,1437.7392,843.8904,1562.76,64.94000244140625,70.2699966430664,1059.9000244140625
2018-03-06,1562.75,1437.73,843.8850000000001,1562.75,64.94000244140625,70.2699966430664,1059.9000244140625
2018-03-07,1562.37,1437.3804,843.6798,1562.37,64.94000244140625,70.2699966430664,1059.9000244140625
2018-03-08,1562.02,1437.0584000000001,843.4908,1562.02,64.94000244140625,70.2699966430664,1059.9000244140625
2018-03-09,1561.53,1436.6076,843.2262000000001,1561.53,64.94000244140625,70.2699966430664,1059.9000244140625
2018-03-10,1561.12,1436.2304,843.0048,1561.12,64.94000244140625,70.2699966430664,1059.9000244140625
2018-03-11,1560.89,1436.0188,842.8806000000001,1560.89,64.94000244140625,70.2699966430664,1059.9000244140625
2018-03-12,1560.6,1435.752,842.724,1560.6,64.94000244140625,70.2699966430664,1059.9000244140625
2018-03-13,1560.02,1435.2184,842.4108,1560.02,64.94000244140625,70.2699966430664,1059.9000244140625
2018-03-14,1559.27,1434.5284000000001,842.0058,1559.27,64.94000244140625,70.2699966430664,1059.9000244140625
2018-03-15,1558.55,1433.866,841.6170000000001,1558.55,64.94000244140625,70.2699966430664,1059.9000244140625
2018-03-16,1557.87,1433.2404,841.2498,1557.87,64.94000244140625,70.2699966430664,1059.9000244140625
2018-03-17,1557.16,1432.5872000000002,840.8664000000001,1557.16,64.94000244140625,70.2699966430664,1059.9000244140625
2018-03-18,1556.94,1432.3848,840.7476,1556.94,64.94000244140625,70.2699966430664,1059.9000244140625
2018-03-19,1556.44,1431.9248,840.4776,1556.44,64.94000244140625,70.2699966430664,1059.9000244140625
2018-03-20,1555.54,1431.0968,839.9916000000001,1555.54,64.94000244140625,70.2699966430664,1059.9000244140625
2018-03-21,1554.72,1430.3424,839.5488,1554.72,64.94000244140625,70.2699966430664,1059.9000244140625
2018-03-22,1554.2,1429.864,839.268,1554.2,64.94000244140625,70.2699966430664,1059.9000244140625
2018-03-23,1553.67,1429.3764,838.9818000000001,1553.67,64.94000244140625,70.2699966430664,1059.9000244140625
2018-03-24,1553.36,1429.0912,838.8144,1553.36,64.94000244140625,70.2699966430664,1059.9000244140625
2018-03-25,1553.23,1428.9716,838.7442000000001,1553.23,64.94000244140625,70.2699966430664,1059.9000244140625
2018-03-26,1552.94,1428.7048000000002,838.5876000000001,1552.94,64.94000244140625,70.2699966430664,1059.9000244140625
2018-03-27,1553.03,1428.7876,838.6362,1553.03,64.94000244140625,70.2699966430664,1059.9000244140625
2018-03-28,1552.76,1428.5392000000002,838.4904,1552.76,64.94000244140625,70.2699966430664,1059.9000244140625
2018-03-29,1552.41,1428.2172,838.3014000000001,1552.41,64.94000244140625,70.2699966430664,1059.9000244140625
2018-03-30,1552.09,1427.9228,838.1286,1552.09,64.94000244140625,70.2699966430664,1059.9000244140625
2018-03-31,1551.86,1427.7112,838.0044,1551.86,64.94000244140625,70.2699966430664,1059.9000244140625
2018-04-01,1551.62,1427.4904,837.8748,1551.62,64.94000244140625,70.2699966430664,1067.5999755859375
2018-04-02,1551.29,1427.1868,837.6966,1551.29,64.94000244140625,70.2699966430664,1067.5999755859375
2018-04-03,1551.29,1427.1868,837.6966,1551.29,64.94000244140625,70.2699966430664,1067.5999755859375
2018-04-04,1551.1,1427.012,837.594,1551.1,64.94000244140625,70.2699966430664,1067.5999755859375
2018-04-05,1550.91,1426.8372000000002,837.4914000000001,1550.91,64.94000244140625,70.2699966430664,1067.5999755859375
2018-04-06,1550.69,1426.6348,837.3726,1550.69,64.94000244140625,70.2699966430664,1067.5999755859375
2018-04-07,1550.52,1426.4784,837.2808,1550.52,64.94000244140625,70.2699966430664,1067.5999755859375
2018-04-08,1550.45,1426.4140000000002,837.243,1550.45,64.94000244140625,70.2699966430664,1067.5999755859375
2018-04-09,1550.34,1426.3128,837.1836,1550.34,64.94000244140625,70.2699966430664,1067.5999755859375
2018-04-10,1550.04,1426.0368,837.0216,1550.04,64.94000244140625,70.2699966430664,1067.5999755859375
2018-04-11,1549.73,1425.7516,836.8542000000001,1549.73,64.94000244140625,70.2699966430664,1067.5999755859375
2018-04-12,1549.69,1425.7148000000002,836.8326000000001,1549.69,64.94000244140625,70.2699966430664,1067.5999755859375
2018-04-13,1549.64,1425.6688000000001,836.8056000000001,1549.64,64.94000244140625,70.2699966430664,1067.5999755859375
2018-04-14,1549.65,1425.678,836.8110000000001,1549.65,64.94000244140625,70.2699966430664,1067.5999755859375
2018-04-15,1549.68,1425.7056000000002,836.8272000000001,1549.68,64.94000244140625,70.2699966430664,1067.5999755859375
2018-04-16,1549.72,1425.7424,836.8488000000001,1549.72,64.94000244140625,70.2699966430664,1067.5999755859375
2018-04-17,1550.0,1426.0,837.0,1550.0,64.94000244140625,70.2699966430664,1067.5999755859375
2018-04-18,1550.11,1426.1012,837.0594,1550.11,64.94000244140625,70.2699966430664,1067.5999755859375
2018-04-19,1550.39,1426.3588000000002,837.2106000000001,1550.39,64.94000244140625,70.2699966430664,1067.5999755859375
2018-04-20,1550.83,1426.7636,837.4482,1550.83,64.94000244140625,70.2699966430664,1067.5999755859375
2018-04-21,1551.2,1427.104,837.648,1551.2,64.94000244140625,70.2699966430664,1067.5999755859375
2018-04-22,1551.34,1427.2328,837.7236,1551.34,64.94000244140625,70.2699966430664,1067.5999755859375
2018-04-23,1551.69,1427.5548000000001,837.9126000000001,1551.69,64.94000244140625,70.2699966430664,1067.5999755859375
2018-04-24,1552.22,1428.0424,838.1988000000001,1552.22,64.94000244140625,70.2699966430664,1067.5999755859375
2018-04-25,1552.76,1428.5392000000002,838.4904,1552.76,64.94000244140625,70.2699966430664,1067.5999755859375
2018-04-26,1553.33,1429.0636,838.7982000000001,1553.33,64.94000244140625,70.2699966430664,1067.5999755859375
2018-04-27,1554.15,1429.8180000000002,839.2410000000001,1554.15,64.94000244140625,70.2699966430664,1067.5999755859375
2018-04-28,1554.78,1430.3976,839.5812000000001,1554.78,64.94000244140625,70.2699966430664,1067.5999755859375
2018-04-29,1555.14,1430.7288,839.7756,1555.14,64.94000244140625,70.2699966430664,1067.5999755859375
2018-04-30,1555.65,1431.198,840.0510000000002,1555.65,64.94000244140625,70.2699966430664,1067.5999755859375
2018-05-01,1557.66,1433.0472000000002,841.1364000000001,1557.66,67.04000091552734,77.58999633789062,1075.030029296875
2018-05-02,1558.46,1433.7832,841.5684000000001,1558.46,67.04000091552734,77.58999633789062,1075.030029296875
2018-05-03,1559.37,1434.6204,842.0598,1559.37,67.04000091552734,77.58999633789062,1075.030029296875
2018-05-04,1560.3,1435.476,842.562,1560.3,67.04000091552734,77.58999633789062,1075.030029296875
2018-05-05,1561.55,1436.626,843.2370000000001,1561.55,67.04000091552734,77.58999633789062,1075.030029296875
2018-05-06,1562.08,1437.1136,843.5232,1562.08,67.04000091552734,77.58999633789062,1075.030029296875
2018-05-07,1562.73,1437.7116,843.8742000000001,1562.73,67.04000091552734,77.58999633789062,1075.030029296875
2018-05-08,1563.59,1438.5028,844.3386,1563.59,67.04000091552734,77.58999633789062,1075.030029296875
2018-05-09,1565.32,1440.0944,845.2728000000001,1565.32,67.04000091552734,77.58999633789062,1075.030029296875
2018-05-10,1567.32,1441.9344,846.3528,1567.32,67.04000091552734,77.58999633789062,1075.030029296875
2018-05-11,1569.89,1444.2988000000003,847.7406000000001,1569.89,67.04000091552734,77.58999633789062,1075.030029296875
2018-05-12,1572.13,1446.3596000000002,848.9502000000001,1572.13,67.04000091552734,77.58999633789062,1075.030029296875
2018-05-13,1573.17,1447.3164000000002,849.5118000000001,1573.17,67.04000091552734,77.58999633789062,1075.030029296875
2018-05-14,1574.67,1448.6964,850.3218,1574.67,67.04000091552734,77.58999633789062,1075.030029296875
2018-05-15,1577.27,1451.0884,851.7258,1577.27,67.04000091552734,77.58999633789062,1075.030029296875
2018-05-16,1579.46,1453.1032,852.9084,1579.46,67.04000091552734,77.58999633789062,1075.030029296875
2018-05-17,1581.16,1454.6672,853.8264000000001,1581.16,67.04000091552734,77.58999633789062,1075.030029296875
2018-05-18,1583.01,1456.3692,854.8254000000001,1583.01,67.04000091552734,77.58999633789062,1075.030029296875
2018-05-19,1584.92,1458.1264,855.8568000000001,1584.92,67.04000091552734,77.58999633789062,1075.030029296875
2018-05-20,1585.9,1459.0280000000002,856.3860000000001,1585.9,67.04000091552734,77.58999633789062,1075.030029296875
2018-05-21,1587.43,1460.4356,857.2122,1587.43,67.04000091552734,77.58999633789062,1075.030029296875
2018-05-22,1590.2,1462.9840000000002,858.7080000000001,1590.2,67.04000091552734,77.58999633789062,1075.030029296875
2018-05-23,1591.97,1464.6124,859.6638,1591.97,67.04000091552734,77.58999633789062,1075.030029296875
2018-05-24,1595.13,1467.5196,861.3702000000001,1595.13,67.04000091552734,77.58999633789062,1075.030029296875
2018-05-25,1598.38,1470.5096,863.1252000000001,1598.38,67.04000091552734,77.58999633789062,1075.030029296875
2018-05-26,1600.91,1472.8372000000002,864.4914000000001,1600.91,67.04000091552734,77.58999633789062,1075.030029296875
2018-05-27,1602.06,1473.8952,865.1124,1602.06,67.04000091552734,77.58999633789062,1075.030029296875
2018-05-28,1603.52,1475.2384,865.9008,1603.52,67.04000091552734,77.58999633789062,1075.030029296875
2018-05-29,1605.58,1477.1336,867.0132,1605.58,67.04000091552734,77.58999633789062,1075.030029296875
2018-05-30,1606.68,1478.1456,867.6072000000001,1606.68,67.04000091552734,77.58999633789062,1075.030029296875
2018-05-31,1607.24,1478.6608,867.9096000000001,1607.24,67.04000091552734,77.58999633789062,1075.030029296875
2018-06-01,1608.43,1479.7556000000002,868.5522000000001,1608.43,74.1500015258789,79.44000244140625,1120.5400390625
2018-06-02,1608.89,1480.1788000000001,868.8006000000001,1608.89,74.1500015258789,79.44000244140625,1120.5400390625
2018-06-03,1609.16,1480.4272,868.9464000000002,1609.16,74.1500015258789,79.44000244140625,1120.5400390625
2018-06-04,1609.5,1480.74,869.1300000000001,1609.5,74.1500015258789,79.44000244140625,1120.5400390625
2018-06-05,1609.7,1480.9240000000002,869.238,1609.7,74.1500015258789,79.44000244140625,1120.5400390625
2018-06-06,1609.97,1481.1724000000002,869.3838000000001,1609.97,74.1500015258789,79.44000244140625,1120.5400390625
2018-06-07,1610.24,1481.4208,869.5296000000001,1610.24,74.1500015258789,79.44000244140625,1120.5400390625
2018-06-08,1610.24,1481.4208,869.5296000000001,1610.24,74.1500015258789,79.44000244140625,1120.5400390625
2018-06-09,1610.19,1481.3748,869.5026000000001,1610.19,74.1500015258789,79.44000244140625,1120.5400390625
2018-06-10,1610.14,1481.3288000000002,869.4756000000001,1610.14,74.1500015258789,79.44000244140625,1120.5400390625
2018-06-11,1610.26,1481.4392,869.5404000000001,1610.26,74.1500015258789,79.44000244140625,1120.5400390625
2018-06-12,1610.18,1481.3656,869.4972000000001,1610.18,74.1500015258789,79.44000244140625,1120.5400390625
2018-06-13,1610.03,1481.2276,869.4162,1610.03,74.1500015258789,79.44000244140625,1120.5400390625
2018-06-14,1609.97,1481.1724000000002,869.3838000000001,1609.97,74.1500015258789,79.44000244140625,1120.5400390625
2018-06-15,1609.74,1480.9608,869.2596000000001,1609.74,74.1500015258789,79.44000244140625,1120.5400390625
2018-06-16,1609.59,1480.8228,869.1786,1609.59,74.1500015258789,79.44000244140625,1120.5400390625
2018-06-17,1609.55,1480.786,869.157,1609.55,74.1500015258789,79.44000244140625,1120.5400390625
2018-06-18,1609.32,1480.5744,869.0328000000001,1609.32,74.1500015258789,79.44000244140625,1120.5400390625
2018-06-19,1609.16,1480.4272,868.9464000000002,1609.16,74.1500015258789,79.44000244140625,1120.5400390625
2018-06-20,1608.89,1480.1788000000001,868.8006000000001,1608.89,74.1500015258789,79.44000244140625,1120.5400390625
2018-06-21,1608.58,1479.8936,868.6332,1608.58,74.1500015258789,79.44000244140625,1120.5400390625
2018-06-22,1608.32,1479.6544,868.4928,1608.32,74.1500015258789,79.44000244140625,1120.5400390625
2018-06-23,1608.12,1479.4704,868.3848,1608.12,74.1500015258789,79.44000244140625,1120.5400390625
2018-06-24,1608.06,1479.4152,868.3524,1608.06,74.1500015258789,79.44000244140625,1120.5400390625
2018-06-25,1608.02,1479.3784,868.3308000000001,1608.02,74.1500015258789,79.44000244140625,1120.5400390625
2018-06-26,1607.73,1479.1116000000002,868.1742,1607.73,74.1500015258789,79.44000244140625,1120.5400390625
2018-06-27,1607.61,1479.0012,868.1094,1607.61,74.1500015258789,79.44000244140625,1120.5400390625
2018-06-28,1607.56,1478.9552,868.0824,1607.56,74.1500015258789,79.44000244140625,1120.5400390625
2018-06-29,1607.6,1478.992,868.104,1607.6,74.1500015258789,79.44000244140625,1120.5400390625
2018-06-30,1607.63,1479.0196,868.1202000000001,1607.63,74.1500015258789,79.44000244140625,1120.5400390625
2018-07-01,1607.66,1479.0472000000002,868.1364000000001,1607.66,74.1500015258789,79.44000244140625,1116.6700439453125
2018-07-02,1607.83,1479.2036,868.2282,1607.83,74.1500015258789,79.44000244140625,1116.6700439453125
2018-07-03,1608.19,1479.5348000000001,868.4226000000001,1608.19,74.1500015258789,79.44000244140625,1116.6700439453125
2018-07-04,1608.49,1479.8108,868.5846,1608.49,74.1500015258789,79.44000244140625,1116.6700439453125
2018-07-05,1608.67,1479.9764000000002,868.6818000000001,1608.67,74.1500015258789,79.44000244140625,1116.6700439453125
2018-07-06,1608.89,1480.1788000000001,868.8006000000001,1608.89,74.1500015258789,79.44000244140625,1116.6700439453125
2018-07-07,1609.18,1480.4456,868.9572000000001,1609.18,74.1500015258789,79.44000244140625,1116.6700439453125
2018-07-08,1609.27,1480.5284000000001,869.0058,1609.27,74.1500015258789,79.44000244140625,1116.6700439453125
2018-07-09,1609.44,1480.6848000000002,869.0976,1609.44,74.1500015258789,79.44000244140625,1116.6700439453125
2018-07-10,1609.85,1481.062,869.319,1609.85,74.1500015258789,79.44000244140625,1116.6700439453125
2018-07-11,1610.24,1481.4208,869.5296000000001,1610.24,74.1500015258789,79.44000244140625,1116.6700439453125
2018-07-12,1610.57,1481.7244,869.7078,1610.57,74.1500015258789,79.44000244140625,1116.6700439453125
2018-07-13,1610.76,1481.8992,869.8104000000001,1610.76,74.1500015258789,79.44000244140625,1116.6700439453125
2018-07-14,1610.99,1482.1108000000002,869.9346,1610.99,74.1500015258789,79.44000244140625,1116.6700439453125
2018-07-15,1611.22,1482.3224,870.0588,1611.22,74.1500015258789,79.44000244140625,1116.6700439453125
2018-07-16,1611.42,1482.5064000000002,870.1668000000001,1611.42,74.1500015258789,79.44000244140625,1116.6700439453125
2018-07-17,1611.64,1482.7088,870.2856000000002,1611.64,74.1500015258789,79.44000244140625,1116.6700439453125
2018-07-18,1611.69,1482.7548000000002,870.3126000000001,1611.69,74.1500015258789,79.44000244140625,1116.6700439453125
2018-07-19,1611.79,1482.8468,870.3666000000001,1611.79,74.1500015258789,79.44000244140625,1116.6700439453125
2018-07-20,1611.82,1482.8744,870.3828,1611.82,74.1500015258789,79.44000244140625,1116.6700439453125
2018-07-21,1611.93,1482.9756000000002,870.4422000000001,1611.93,74.1500015258789,79.44000244140625,1116.6700439453125
2018-07-22,1611.97,1483.0124,870.4638000000001,1611.97,74.1500015258789,79.44000244140625,1116.6700439453125
2018-07-23,1612.09,1483.1228,870.5286,1612.09,74.1500015258789,79.44000244140625,1116.6700439453125
2018-07-24,1612.21,1483.2332000000001,870.5934000000001,1612.21,74.1500015258789,79.44000244140625,1116.6700439453125
2018-07-25,1612.29,1483.3068,870.6366,1612.29,74.1500015258789,79.44000244140625,1116.6700439453125
2018-07-26,1612.47,1483.4724,870.7338000000001,1612.47,74.1500015258789,79.44000244140625,1116.6700439453125
2018-07-27,1612.59,1483.5828,870.7986,1612.59,74.1500015258789,79.44000244140625,1116.6700439453125
2018-07-28,1612.86,1483.8312,870.9444,1612.86,74.1500015258789,79.44000244140625,1116.6700439453125
2018-07-29,1613.03,1483.9876,871.0362,1613.03,74.1500015258789,79.44000244140625,1116.6700439453125
2018-07-30,1613.2,1484.144,871.128,1613.2,74.1500015258789,79.44000244140625,1116.6700439453125
2018-07-31,1613.82,1484.7144,871.4628,1613.82,74.1500015258789,79.44000244140625,1116.6700439453125
2018-08-01,1614.67,1485.4964000000002,871.9218000000001,1614.67,69.80000305175781,77.41999816894531,1115.449951171875
2018-08-02,1615.04,1485.8368,872.1216000000001,1615.04,69.80000305175781,77.41999816894531,1115.449951171875
2018-08-03,1615.31,1486.0852,872.2674000000001,1615.31,69.80000305175781,77.41999816894531,1115.449951171875
2018-08-04,1615.62,1486.3704,872.4348,1615.62,69.80000305175781,77.41999816894531,1115.449951171875
2018-08-05,1615.84,1486.5728,872.5536,1615.84,69.80000305175781,77.41999816894531,1115.449951171875
2018-08-06,1615.97,1486.6924000000001,872.6238000000001,1615.97,69.80000305175781,77.41999816894531,1115.449951171875
2018-08-07,1616.6,1487.272,872.964,1616.6,69.80000305175781,77.41999816894531,1115.449951171875
2018-08-08,1616.88,1487.5296,873.1152000000001,1616.88,69.80000305175781,77.41999816894531,1115.449951171875
2018-08-09,1617.17,1487.7964000000002,873.2718000000001,1617.17,69.80000305175781,77.41999816894531,1115.449951171875
2018-08-10,1617.37,1487.9804,873.3798,1617.37,69.80000305175781,77.41999816894531,1115.449951171875
2018-08-11,1617.58,1488.1736,873.4932,1617.58,69.80000305175781,77.41999816894531,1115.449951171875
2018-08-12,1617.82,1488.3944,873.6228,1617.82,69.80000305175781,77.41999816894531,1115.449951171875
2018-08-13,1618.03,1488.5876,873.7362,1618.03,69.80000305175781,77.41999816894531,1115.449951171875
2018-08-14,1618.46,1488.9832000000001,873.9684000000001,1618.46,69.80000305175781,77.41999816894531,1115.449951171875
2018-08-15,1618.68,1489.1856,874.0872,1618.68,69.80000305175781,77.41999816894531,1115.449951171875
2018-08-16,1618.9,1489.3880000000001,874.2060000000001,1618.9,69.80000305175781,77.41999816894531,1115.449951171875
2018-08-17,1619.02,1489.4984,874.2708,1619.02,69.80000305175781,77.41999816894531,1115.449951171875
2018-08-18,1619.08,1489.5536,874.3032000000001,1619.08,69.80000305175781,77.41999816894531,1115.449951171875
2018-08-19,1619.18,1489.6456,874.3572000000001,1619.18,69.80000305175781,77.41999816894531,1115.449951171875
2018-08-20,1619.34,1489.7928,874.4436000000001,1619.34,69.80000305175781,77.41999816894531,1115.449951171875
2018-08-21,1619.46,1489.9032000000002,874.5084,1619.46,69.80000305175781,77.41999816894531,1115.449951171875
2018-08-22,1619.51,1489.9492,874.5354000000001,1619.51,69.80000305175781,77.41999816894531,1115.449951171875
2018-08-23,1619.69,1490.1148,874.6326000000001,1619.69,69.80000305175781,77.41999816894531,1115.449951171875
2018-08-24,1619.75,1490.17,874.6650000000001,1619.75,69.80000305175781,77.41999816894531,1115.449951171875
2018-08-25,1619.82,1490.2344,874.7028,1619.82,69.80000305175781,77.41999816894531,1115.449951171875
2018-08-26,1619.91,1490.3172000000002,874.7514000000001,1619.91,69.80000305175781,77.41999816894531,1115.449951171875
2018-08-27,1620.05,1490.446,874.827,1620.05,69.80000305175781,77.41999816894531,1115.449951171875
2018-08-28,1620.35,1490.722,874.989,1620.35,69.80000305175781,77.41999816894531,1115.449951171875
2018-08-29,1620.52,1490.8784,875.0808000000001,1620.52,69.80000305175781,77.41999816894531,1115.449951171875
2018-08-30,1620.72,1491.0624,875.1888000000001,1620.72,69.80000305175781,77.41999816894531,1115.449951171875
2018-08-31,1620.87,1491.2004,875.2698,1620.87,69.80000305175781,77.41999816894531,1115.449951171875
2018-09-01,1621.68,1491.9456,875.7072000000001,1621.68,73.25,82.72000122070312,1109.1600341796875
2018-09-02,1621.97,1492.2124000000001,875.8638000000001,1621.97,73.25,82.72000122070312,1109.1600341796875
2018-09-03,1622.48,1492.6816000000001,876.1392000000001,1622.48,73.25,82.72000122070312,1109.1600341796875
2018-09-04,1623.19,1493.3348,876.5226000000001,1623.19,73.25,82.72000122070312,1109.1600341796875
2018-09-05,1624.11,1494.1812,877.0194,1624.11,73.25,82.72000122070312,1109.1600341796875
2018-09-06,1625.25,1495.23,877.6350000000001,1625.25,73.25,82.72000122070312,1109.1600341796875
2018-09-07,1626.47,1496.3524,878.2938,1626.47,73.25,82.72000122070312,1109.1600341796875
2018-09-08,1627.25,1497.0700000000002,878.715,1627.25,73.25,82.72000122070312,1109.1600341796875
2018-09-09,1627.74,1497.5208,878.9796000000001,1627.74,73.25,82.72000122070312,1109.1600341796875
2018-09-10,1628.48,1498.2016,879.3792000000001,1628.48,73.25,82.72000122070312,1109.1600341796875
2018-09-11,1630.11,1499.7012,880.2594,1630.11,73.25,82.72000122070312,1109.1600341796875
2018-09-12,1631.5,1500.98,881.0100000000001,1631.5,73.25,82.72000122070312,1109.1600341796875
2018-09-13,1633.36,1502.6912,882.0144,1633.36,73.25,82.72000122070312,1109.1600341796875
2018-09-14,1635.32,1504.4944,883.0728,1635.32,73.25,82.72000122070312,1109.1600341796875
2018-09-15,1637.02,1506.0584000000001,883.9908,1637.02,73.25,82.72000122070312,1109.1600341796875
2018-09-16,1637.9,1506.8680000000002,884.4660000000001,1637.9,73.25,82.72000122070312,1109.1600341796875
2018-09-17,1639.2,1508.064,885.1680000000001,1639.2,73.25,82.72000122070312,1109.1600341796875
2018-09-18,1640.92,1509.6464,886.0968000000001,1640.92,73.25,82.72000122070312,1109.1600341796875
2018-09-19,1642.42,1511.0264000000002,886.9068000000001,1642.42,73.25,82.72000122070312,1109.1600341796875
2018-09-20,1644.0,1512.48,887.7600000000001,1644.0,73.25,82.72000122070312,1109.1600341796875
2018-09-21,1645.7,1514.044,888.6780000000001,1645.7,73.25,82.72000122070312,1109.1600341796875
2018-09-22,1647.81,1515.9852,889.8174,1647.81,73.25,82.72000122070312,1109.1600341796875
2018-09-23,1649.04,1517.1168,890.4816000000001,1649.04,73.25,82.72000122070312,1109.1600341796875
2018-09-24,1649.62,1517.6504,890.7948,1649.62,73.25,82.72000122070312,1109.1600341796875
2018-09-25,1650.2,1518.1840000000002,891.1080000000001,1650.2,73.25,82.72000122070312,1109.1600341796875
2018-09-26,1650.45,1518.4140000000002,891.243,1650.45,73.25,82.72000122070312,1109.1600341796875
2018-09-27,1651.41,1519.2972000000002,891.7614000000001,1651.41,73.25,82.72000122070312,1109.1600341796875
2018-09-28,1652.82,1520.5944,892.5228000000001,1652.82,73.25,82.72000122070312,1109.1600341796875
2018-09-29,1654.25,1521.91,893.2950000000001,1654.25,73.25,82.72000122070312,1109.1600341796875
2018-09-30,1655.0,1522.6000000000001,893.7,1655.0,73.25,82.72000122070312,1109.1600341796875
2018-10-01,1657.1,1524.532,894.8340000000001,1657.1,65.30999755859375,75.47000122070312,1137.699951171875
2018-10-02,1659.87,1527.0804,896.3298,1659.87,65.30999755859375,75.47000122070312,1137.699951171875
2018-10-03,1661.85,1528.902,897.399,1661.85,65.30999755859375,75.47000122070312,1137.699951171875
2018-10-04,1663.86,1530.7512,898.4844,1663.86,65.30999755859375,75.47000122070312,1137.699951171875
2018-10-05,1666.77,1533.4284,900.0558000000001,1666.77,65.30999755859375,75.47000122070312,1137.699951171875
2018-10-06,1669.15,1535.6180000000002,901.3410000000001,1669.15,65.30999755859375,75.47000122070312,1137.699951171875
2018-10-07,1670.38,1536.7496,902.0052000000002,1670.38,65.30999755859375,75.47000122070312,1137.699951171875
2018-10-08,1672.36,1538.5711999999999,903.0744,1672.36,65.30999755859375,75.47000122070312,1137.699951171875
2018-10-09,1675.17,1541.1564,904.5918000000001,1675.17,65.30999755859375,75.47000122070312,1137.699951171875
2018-10-10,1677.03,1542.8676,905.5962000000001,1677.03,65.30999755859375,75.47000122070312,1137.699951171875
2018-10-11,1679.67,1545.2964000000002,907.0218000000001,1679.67,65.30999755859375,75.47000122070312,1137.699951171875
2018-10-12,1681.55,1547.026,908.037,1681.55,65.30999755859375,75.47000122070312,1137.699951171875
2018-10-13,1683.13,1548.4796000000001,908.8902000000002,1683.13,65.30999755859375,75.47000122070312,1137.699951171875
2018-10-14,1684.0,1549.28,909.36,1684.0,65.30999755859375,75.47000122070312,1137.699951171875
2018-10-15,1685.11,1550.3011999999999,909.9594,1685.11,65.30999755859375,75.47000122070312,1137.699951171875
2018-10-16,1686.39,1551.4788,910.6506000000002,1686.39,65.30999755859375,75.47000122070312,1137.699951171875
2018-10-17,1687.47,1552.4724,911.2338000000001,1687.47,65.30999755859375,75.47000122070312,1137.699951171875
2018-10-18,1688.25,1553.19,911.6550000000001,1688.25,65.30999755859375,75.47000122070312,1137.699951171875
2018-10-19,1688.74,1553.6408000000001,911.9196000000001,1688.74,65.30999755859375,75.47000122070312,1137.699951171875
2018-10-20,1689.15,1554.0180000000003,912.1410000000001,1689.15,65.30999755859375,75.47000122070312,1137.699951171875
2018-10-21,1689.48,1554.3216,912.3192,1689.48,65.30999755859375,75.47000122070312,1137.699951171875
2018-10-22,1689.76,1554.5792000000001,912.4704,1689.76,65.30999755859375,75.47000122070312,1137.699951171875
2018-10-23,1689.71,1554.5332,912.4434000000001,1689.71,65.30999755859375,75.47000122070312,1137.699951171875
2018-10-24,1689.73,1554.5516,912.4542,1689.73,65.30999755859375,75.47000122070312,1137.699951171875
2018-10-25,1689.78,1554.5976,912.4812000000001,1689.78,65.30999755859375,75.47000122070312,1137.699951171875
2018-10-26,1689.64,1554.4688,912.4056000000002,1689.64,65.30999755859375,75.47000122070312,1137.699951171875
2018-10-27,1689.69,1554.5148000000002,912.4326000000001,1689.69,65.30999755859375,75.47000122070312,1137.699951171875
2018-10-28,1689.84,1554.6528,912.5136,1689.84,65.30999755859375,75.47000122070312,1137.699951171875
2018-10-29,1689.86,1554.6712,912.5244,1689.86,65.30999755859375,75.47000122070312,1137.699951171875
2018-10-30,1690.11,1554.9012,912.6594,1690.11,65.30999755859375,75.47000122070312,1137.699951171875
2018-10-31,1690.14,1554.9288000000001,912.6756000000001,1690.14,65.30999755859375,75.47000122070312,1137.699951171875
2018-11-01,1690.24,1555.0208,912.7296000000001,1690.24,50.93000030517578,58.709999084472656,1117.02001953125
2018-11-02,1690.21,1554.9932000000001,912.7134000000001,1690.21,50.93000030517578,58.709999084472656,1117.02001953125
2018-11-03,1690.19,1554.9748000000002,912.7026000000001,1690.19,50.93000030517578,58.709999084472656,1117.02001953125
2018-11-04,1690.31,1555.0852,912.7674000000001,1690.31,50.93000030517578,58.709999084472656,1117.02001953125
2018-11-05,1690.3,1555.076,912.7620000000001,1690.3,50.93000030517578,58.709999084472656,1117.02001953125
2018-11-06,1665.5,1532.26,899.37,1665.5,50.93000030517578,58.709999084472656,1117.02001953125
2018-11-07,1640.7,1509.4440000000002,885.9780000000001,1640.7,50.93000030517578,58.709999084472656,1117.02001953125
2018-11-08,1615.0,1485.8,872.1,1615.0,50.93000030517578,58.709999084472656,1117.02001953125
2018-11-09,1598.67,1470.7764000000002,863.2818000000001,1598.67,50.93000030517578,58.709999084472656,1117.02001953125
2018-11-10,1589.25,1462.1100000000001,858.195,1589.25,50.93000030517578,58.709999084472656,1117.02001953125
2018-11-11,1585.66,1458.8072000000002,856.2564000000001,1585.66,50.93000030517578,58.709999084472656,1117.02001953125
2018-11-12,1580.32,1453.8944,853.3728,1580.32,50.93000030517578,58.709999084472656,1117.02001953125
2018-11-13,1574.73,1448.7516,850.3542000000001,1574.73,50.93000030517578,58.709999084472656,1117.02001953125
2018-11-14,1569.96,1444.3632,847.7784,1569.96,50.93000030517578,58.709999084472656,1117.02001953125
2018-11-15,1565.07,1439.8644,845.1378,1565.07,50.93000030517578,58.709999084472656,1117.02001953125
2018-11-16,1560.28,1435.4576,842.5512,1560.28,50.93000030517578,58.709999084472656,1117.02001953125
2018-11-17,1556.81,1432.2652,840.6774,1556.81,50.93000030517578,58.709999084472656,1117.02001953125
2018-11-18,1555.15,1430.738,839.7810000000001,1555.15,50.93000030517578,58.709999084472656,1117.02001953125
2018-11-19,1551.91,1427.7572000000002,838.0314000000001,1551.91,50.93000030517578,58.709999084472656,1117.02001953125
2018-11-20,1547.21,1423.4332000000002,835.4934000000001,1547.21,50.93000030517578,58.709999084472656,1117.02001953125
2018-11-21,1541.69,1418.3548,832.5126000000001,1541.69,50.93000030517578,58.709999084472656,1117.02001953125
2018-11-22,1536.76,1413.8192000000001,829.8504,1536.76,50.93000030517578,58.709999084472656,1117.02001953125
2018-11-23,1531.65,1409.1180000000002,827.0910000000001,1531.65,50.93000030517578,58.709999084472656,1117.02001953125
2018-11-24,1527.85,1405.622,825.039,1527.85,50.93000030517578,58.709999084472656,1117.02001953125
2018-11-25,1526.19,1404.0948,824.1426000000001,1526.19,50.93000030517578,58.709999084472656,1117.02001953125
2018-11-26,1522.79,1400.9668,822.3066,1522.79,50.93000030517578,58.709999084472656,1117.02001953125
2018-11-27,1516.55,1395.226,818.937,1516.55,50.93000030517578,58.709999084472656,1117.02001953125
2018-11-28,1510.85,1389.982,815.859,1510.85,50.93000030517578,58.709999084472656,1117.02001953125
2018-11-29,1505.23,1384.8116,812.8242,1505.23,50.93000030517578,58.709999084472656,1117.02001953125
2018-11-30,1500.24,1380.2208,810.1296000000001,1500.24,50.93000030517578,58.709999084472656,1117.02001953125
2018-12-01,1493.32,1373.8544,806.3928,1493.32,45.40999984741211,53.79999923706055,1116.300048828125
2018-12-02,1490.73,1371.4716,804.9942000000001,1490.73,45.40999984741211,53.79999923706055,1116.300048828125
2018-12-03,1486.92,1367.9664,802.9368000000001,1486.92,45.40999984741211,53.79999923706055,1116.300048828125
2018-12-04,1481.24,1362.7408,799.8696000000001,1481.24,45.40999984741211,53.79999923706055,1116.300048828125
2018-12-05,1475.39,1357.3588000000002,796.7106000000001,1475.39,45.40999984741211,53.79999923706055,1116.300048828125
2018-12-06,1470.45,1352.814,794.0430000000001,1470.45,45.40999984741211,53.79999923706055,1116.300048828125
2018-12-07,1465.39,1348.1588000000002,791.3106000000001,1465.39,45.40999984741211,53.79999923706055,1116.300048828125
2018-12-08,1461.3,1344.396,789.102,1461.3,45.40999984741211,53.79999923706055,1116.300048828125
2018-12-09,1459.79,1343.0068,788.2866,1459.79,45.40999984741211,53.79999923706055,1116.300048828125
2018-12-10,1456.49,1339.9708,786.5046000000001,1456.49,45.40999984741211,53.79999923706055,1116.300048828125
2018-12-11,1451.67,1335.5364000000002,783.9018000000001,1451.67,45.40999984741211,53.79999923706055,1116.300048828125
2018-12-12,1447.47,1331.6724000000002,781.6338000000001,1447.47,45.40999984741211,53.79999923706055,1116.300048828125
2018-12-13,1443.21,1327.7532,779.3334000000001,1443.21,45.40999984741211,53.79999923706055,1116.300048828125
2018-12-14,1439.29,1324.1468,777.2166000000001,1439.29,45.40999984741211,53.79999923706055,1116.300048828125
2018-12-15,1435.85,1320.982,775.359,1435.85,45.40999984741211,53.79999923706055,1116.300048828125
2018-12-16,1434.31,1319.5652,774.5274000000001,1434.31,45.40999984741211,53.79999923706055,1116.300048828125
2018-12-17,1431.21,1316.7132000000001,772.8534000000001,1431.21,45.40999984741211,53.79999923706055,1116.300048828125
2018-12-18,1426.88,1312.7296000000001,770.5152000000002,1426.88,45.40999984741211,53.79999923706055,1116.300048828125
2018-12-19,1422.55,1308.746,768.177,1422.55,45.40999984741211,53.79999923706055,1116.300048828125
2018-12-20,1417.46,1304.0632,765.4284000000001,1417.46,45.40999984741211,53.79999923706055,1116.300048828125
2018-12-21,1412.04,1299.0768,762.5016,1412.04,45.40999984741211,53.79999923706055,1116.300048828125
2018-12-22,1407.88,1295.2496,760.2552000000001,1407.88,45.40999984741211,53.79999923706055,1116.300048828125
2018-12-23,1405.51,1293.0692000000001,758.9754,1405.51,45.40999984741211,53.79999923706055,1116.300048828125
2018-12-24,1401.56,1289.4352,756.8424,1401.56,45.40999984741211,53.79999923706055,1116.300048828125
2018-12-25,1397.44,1285.6448,754.6176,1397.44,45.40999984741211,53.79999923706055,1116.300048828125
2018-12-26,1393.36,1281.8912,752.4144,1393.36,45.40999984741211,53.79999923706055,1116.300048828125
2018-12-27,1389.05,1277.926,750.087,1389.05,45.40999984741211,53.79999923706055,1116.300048828125
2018-12-28,1385.9,1275.0280000000002,748.3860000000001,1385.9,45.40999984741211,53.79999923706055,1116.300048828125
2018-12-29,1383.03,1272.3876,746.8362000000001,1383.03,45.40999984741211,53.79999923706055,1116.300048828125
2018-12-30,1381.66,1271.1272000000001,746.0964000000001,1381.66,45.40999984741211,53.79999923706055,1116.300048828125
2018-12-31,1379.77,1269.3884,745.0758000000001,1379.77,45.40999984741211,53.79999923706055,1116.300048828125
2019-01-01,1375.08,1265.0736,742.5432,1375.08,53.790000915527344,61.88999938964844,1109.0
2019-01-02,1371.58,1261.8536,740.6532,1371.58,53.790000915527344,61.88999938964844,1109.0
2019-01-03,1367.67,1258.2564000000002,738.5418000000001,1367.67,53.790000915527344,61.88999938964844,1109.0
2019-01-04,1363.93,1254.8156000000001,736.5222000000001,1363.93,53.790000915527344,61.88999938964844,1109.0
2019-01-05,1361.02,1252.1384,734.9508000000001,1361.02,53.790000915527344,61.88999938964844,1109.0
2019-01-06,1359.6,1250.8319999999999,734.184,1359.6,53.790000915527344,61.88999938964844,1109.0
2019-01-07,1357.21,1248.6332,732.8934,1357.21,53.790000915527344,61.88999938964844,1109.0
2019-01-08,1354.46,1246.1032,731.4084,1354.46,53.790000915527344,61.88999938964844,1109.0
2019-01-09,1352.61,1244.4012,730.4094,1352.61,53.790000915527344,61.88999938964844,1109.0
2019-01-10,1351.2,1243.104,729.648,1351.2,53.790000915527344,61.88999938964844,1109.0
2019-01-11,1350.06,1242.0552,729.0324,1350.06,53.790000915527344,61.88999938964844,1109.0
2019-01-12,1349.44,1241.4848000000002,728.6976000000001,1349.44,53.790000915527344,61.88999938964844,1109.0
2019-01-13,1349.16,1241.2272,728.5464000000001,1349.16,53.790000915527344,61.88999938964844,1109.0
2019-01-14,1348.54,1240.6568,728.2116,1348.54,53.790000915527344,61.88999938964844,1109.0
2019-01-15,1347.96,1240.1232,727.8984,1347.96,53.790000915527344,61.88999938964844,1109.0
2019-01-16,1347.39,1239.5988000000002,727.5906000000001,1347.39,53.790000915527344,61.88999938964844,1109.0
2019-01-17,1346.77,1239.0284000000001,727.2558,1346.77,53.790000915527344,61.88999938964844,1109.0
2019-01-18,1346.19,1238.4948000000002,726.9426000000001,1346.19,53.790000915527344,61.88999938964844,1109.0
2019-01-19,1345.82,1238.1544,726.7428,1345.82,53.790000915527344,61.88999938964844,1109.0
2019-01-20,1345.6,1237.952,726.624,1345.6,53.790000915527344,61.88999938964844,1109.0
2019-01-21,1345.57,1237.9244,726.6078,1345.57,53.790000915527344,61.88999938964844,1109.0
2019-01-22,1345.59,1237.9428,726.6186,1345.59,53.790000915527344,61.88999938964844,1109.0
2019-01-23,1345.48,1237.8416,726.5592,1345.48,53.790000915527344,61.88999938964844,1109.0
2019-01-24,1345.35,1237.722,726.489,1345.35,53.790000915527344,61.88999938964844,1109.0
2019-01-25,1345.27,1237.6484,726.4458000000001,1345.27,53.790000915527344,61.88999938964844,1109.0
2019-01-26,1344.93,1237.3356,726.2622000000001,1344.93,53.790000915527344,61.88999938964844,1109.0
2019-01-27,1344.94,1237.3448,726.2676000000001,1344.94,53.790000915527344,61.88999938964844,1109.0
2019-01-28,1344.93,1237.3356,726.2622000000001,1344.93,53.790000915527344,61.88999938964844,1109.0
2019-01-29,1344.76,1237.1792,726.1704000000001,1344.76,53.790000915527344,61.88999938964844,1109.0
2019-01-30,1344.49,1236.9308,726.0246000000001,1344.49,53.790000915527344,61.88999938964844,1109.0
2019-01-31,1344.35,1236.802,725.949,1344.35,53.790000915527344,61.88999938964844,1109.0
2019-02-01,1344.15,1236.6180000000002,725.8410000000001,1344.15,57.220001220703125,66.02999877929688,1115.0999755859375
2019-02-02,1344.21,1236.6732000000002,725.8734000000001,1344.21,57.220001220703125,66.02999877929688,1115.0999755859375
2019-02-03,1344.16,1236.6272000000001,725.8464000000001,1344.16,57.220001220703125,66.02999877929688,1115.0999755859375
2019-02-04,1344.12,1236.5904,725.8248,1344.12,57.220001220703125,66.02999877929688,1115.0999755859375
2019-02-05,1344.13,1236.5996000000002,725.8302000000001,1344.13,57.220001220703125,66.02999877929688,1115.0999755859375
2019-02-06,1343.85,1236.3419999999999,725.679,1343.85,57.220001220703125,66.02999877929688,1115.0999755859375
2019-02-07,1343.8,1236.296,725.652,1343.8,57.220001220703125,66.02999877929688,1115.0999755859375
2019-02-08,1343.48,1236.0016,725.4792000000001,1343.48,57.220001220703125,66.02999877929688,1115.0999755859375
2019-02-09,1343.19,1235.7348000000002,725.3226000000001,1343.19,57.220001220703125,66.02999877929688,1115.0999755859375
2019-02-10,1343.13,1235.6796000000002,725.2902000000001,1343.13,57.220001220703125,66.02999877929688,1115.0999755859375
2019-02-11,1342.93,1235.4956000000002,725.1822000000001,1342.93,57.220001220703125,66.02999877929688,1115.0999755859375
2019-02-12,1342.66,1235.2472,725.0364000000001,1342.66,57.220001220703125,66.02999877929688,1115.0999755859375
2019-02-13,1342.5,1235.1000000000001,724.95,1342.5,57.220001220703125,66.02999877929688,1115.0999755859375
2019-02-14,1342.34,1234.9528,724.8636,1342.34,57.220001220703125,66.02999877929688,1115.0999755859375
2019-02-15,1342.24,1234.8608000000002,724.8096,1342.24,57.220001220703125,66.02999877929688,1115.0999755859375
2019-02-16,1342.55,1235.146,724.977,1342.55,57.220001220703125,66.02999877929688,1115.0999755859375
2019-02-17,1342.62,1235.2104,725.0148,1342.62,57.220001220703125,66.02999877929688,1115.0999755859375
2019-02-18,1342.75,1235.3300000000002,725.085,1342.75,57.220001220703125,66.02999877929688,1115.0999755859375
2019-02-19,1342.87,1235.4404,725.1498,1342.87,57.220001220703125,66.02999877929688,1115.0999755859375
2019-02-20,1342.97,1235.5324,725.2038000000001,1342.97,57.220001220703125,66.02999877929688,1115.0999755859375
2019-02-21,1343.19,1235.7348000000002,725.3226000000001,1343.19,57.220001220703125,66.02999877929688,1115.0999755859375
2019-02-22,1343.7,1236.2040000000002,725.5980000000001,1343.7,57.220001220703125,66.02999877929688,1115.0999755859375
2019-02-23,1344.3,1236.756,725.922,1344.3,57.220001220703125,66.02999877929688,1115.0999755859375
2019-02-24,1344.64,1237.0688000000002,726.1056000000001,1344.64,57.220001220703125,66.02999877929688,1115.0999755859375
2019-02-25,1345.21,1237.5932,726.4134,1345.21,57.220001220703125,66.02999877929688,1115.0999755859375
2019-02-26,1345.97,1238.2924,726.8238000000001,1345.97,57.220001220703125,66.02999877929688,1115.0999755859375
2019-02-27,1346.57,1238.8444,727.1478,1346.57,57.220001220703125,66.02999877929688,1115.0999755859375
2019-02-28,1347.17,1239.3964,727.4718000000001,1347.17,57.220001220703125,66.02999877929688,1115.0999755859375
2019-03-01,1348.52,1240.6384,728.2008000000001,1348.52,60.13999938964844,68.38999938964844,1135.9000244140625
2019-03-02,1349.01,1241.0892000000001,728.4654,1349.01,60.13999938964844,68.38999938964844,1135.9000244140625
2019-03-03,1349.18,1241.2456000000002,728.5572000000001,1349.18,60.13999938964844,68.38999938964844,1135.9000244140625
2019-03-04,1349.54,1241.5768,728.7516,1349.54,60.13999938964844,68.38999938964844,1135.9000244140625
2019-03-05,1350.21,1242.1932000000002,729.1134000000001,1350.21,60.13999938964844,68.38999938964844,1135.9000244140625
2019-03-06,1350.83,1242.7636,729.4482,1350.83,60.13999938964844,68.38999938964844,1135.9000244140625
2019-03-07,1351.77,1243.6284,729.9558000000001,1351.77,60.13999938964844,68.38999938964844,1135.9000244140625
2019-03-08,1353.58,1245.2936,730.9332,1353.58,60.13999938964844,68.38999938964844,1135.9000244140625
2019-03-09,1354.89,1246.4988,731.6406000000001,1354.89,60.13999938964844,68.38999938964844,1135.9000244140625
2019-03-10,1355.69,1247.2348000000002,732.0726000000001,1355.69,60.13999938964844,68.38999938964844,1135.9000244140625
2019-03-11,1356.86,1248.3111999999999,732.7044,1356.86,60.13999938964844,68.38999938964844,1135.9000244140625
2019-03-12,1358.93,1250.2156000000002,733.8222000000001,1358.93,60.13999938964844,68.38999938964844,1135.9000244140625
2019-03-13,1361.38,1252.4696000000001,735.1452000000002,1361.38,60.13999938964844,68.38999938964844,1135.9000244140625
2019-03-14,1363.69,1254.5948,736.3926000000001,1363.69,60.13999938964844,68.38999938964844,1135.9000244140625
2019-03-15,1366.83,1257.4836,738.0882,1366.83,60.13999938964844,68.38999938964844,1135.9000244140625
2019-03-16,1369.55,1259.986,739.557,1369.55,60.13999938964844,68.38999938964844,1135.9000244140625
2019-03-17,1370.93,1261.2556000000002,740.3022000000001,1370.93,60.13999938964844,68.38999938964844,1135.9000244140625
2019-03-18,1372.96,1263.1232,741.3984,1372.96,60.13999938964844,68.38999938964844,1135.9000244140625
2019-03-19,1375.77,1265.7084,742.9158,1375.77,60.13999938964844,68.38999938964844,1135.9000244140625
2019-03-20,1378.03,1267.7876,744.1362,1378.03,60.13999938964844,68.38999938964844,1135.9000244140625
2019-03-21,1379.83,1269.4436,745.1082,1379.83,60.13999938964844,68.38999938964844,1135.9000244140625
2019-03-22,1381.85,1271.302,746.199,1381.85,60.13999938964844,68.38999938964844,1135.9000244140625
2019-03-23,1383.83,1273.1236,747.2682,1383.83,60.13999938964844,68.38999938964844,1135.9000244140625
2019-03-24,1384.72,1273.9424000000001,747.7488000000001,1384.72,60.13999938964844,68.38999938964844,1135.9000244140625
2019-03-25,1386.32,1275.4144,748.6128,1386.32,60.13999938964844,68.38999938964844,1135.9000244140625
2019-03-26,1388.31,1277.2452,749.6874,1388.31,60.13999938964844,68.38999938964844,1135.9000244140625
2019-03-27,1389.97,1278.7724,750.5838000000001,1389.97,60.13999938964844,68.38999938964844,1135.9000244140625
2019-03-28,1391.43,1280.1156,751.3722000000001,1391.43,60.13999938964844,68.38999938964844,1135.9000244140625
2019-03-29,1392.77,1281.3484,752.0958,1392.77,60.13999938964844,68.38999938964844,1135.9000244140625
2019-03-30,1393.96,1282.4432000000002,752.7384000000001,1393.96,60.13999938964844,68.38999938964844,1135.9000244140625
2019-03-31,1394.19,1282.6548,752.8626,1394.19,60.13999938964844,68.38999938964844,1135.9000244140625
2019-04-01,1396.21,1284.5132,753.9534000000001,1396.21,63.90999984741211,72.80000305175781,1158.7900390625
2019-04-02,1398.26,1286.3992,755.0604000000001,1398.26,63.90999984741211,72.80000305175781,1158.7900390625
2019-04-03,1399.91,1287.9172,755.9514000000001,1399.91,63.90999984741211,72.80000305175781,1158.7900390625
2019-04-04,1401.33,1289.2236,756.7182,1401.33,63.90999984741211,72.80000305175781,1158.7900390625
2019-04-05,1402.73,1290.5116,757.4742000000001,1402.73,63.90999984741211,72.80000305175781,1158.7900390625
2019-04-06,1404.24,1291.9008000000001,758.2896000000001,1404.24,63.90999984741211,72.80000305175781,1158.7900390625
2019-04-07,1405.01,1292.6092,758.7054,1405.01,63.90999984741211,72.80000305175781,1158.7900390625
2019-04-08,1406.37,1293.8604,759.4398,1406.37,63.90999984741211,72.80000305175781,1158.7900390625
2019-04-09,1408.14,1295.4888,760.3956000000001,1408.14,63.90999984741211,72.80000305175781,1158.7900390625
2019-04-10,1409.99,1297.1908,761.3946000000001,1409.99,63.90999984741211,72.80000305175781,1158.7900390625
2019-04-11,1411.96,1299.0032,762.4584000000001,1411.96,63.90999984741211,72.80000305175781,1158.7900390625
2019-04-12,1414.21,1301.0732,763.6734,1414.21,63.90999984741211,72.80000305175781,1158.7900390625
2019-04-13,1416.7,1303.364,765.018,1416.7,63.90999984741211,72.80000305175781,1158.7900390625
2019-04-14,1417.96,1304.5232,765.6984000000001,1417.96,63.90999984741211,72.80000305175781,1158.7900390625
2019-04-15,1420.05,1306.446,766.827,1420.05,63.90999984741211,72.80000305175781,1158.7900390625
2019-04-16,1423.2,1309.344,768.528,1423.2,63.90999984741211,72.80000305175781,1158.7900390625
2019-04-17,1425.97,1311.8924000000002,770.0238,1425.97,63.90999984741211,72.80000305175781,1158.7900390625
2019-04-18,1428.32,1314.0544,771.2928,1428.32,63.90999984741211,72.80000305175781,1158.7900390625
2019-04-19,1431.07,1316.5844,772.7778000000001,1431.07,63.90999984741211,72.80000305175781,1158.7900390625
2019-04-20,1433.69,1318.9948000000002,774.1926000000001,1433.69,63.90999984741211,72.80000305175781,1158.7900390625
2019-04-21,1435.18,1320.3656,774.9972000000001,1435.18,63.90999984741211,72.80000305175781,1158.7900390625
2019-04-22,1437.68,1322.6656,776.3472,1437.68,63.90999984741211,72.80000305175781,1158.7900390625
2019-04-23,1440.95,1325.6740000000002,778.113,1440.95,63.90999984741211,72.80000305175781,1158.7900390625
2019-04-24,1444.26,1328.7192,779.9004,1444.26,63.90999984741211,72.80000305175781,1158.7900390625
2019-04-25,1447.0,1331.24,781.38,1447.0,63.90999984741211,72.80000305175781,1158.7900390625
2019-04-26,1449.65,1333.678,782.8110000000001,1449.65,63.90999984741211,72.80000305175781,1158.7900390625
2019-04-27,1452.3,1336.116,784.2420000000001,1452.3,63.90999984741211,72.80000305175781,1158.7900390625
2019-04-28,1453.81,1337.5052,785.0574,1453.81,63.90999984741211,72.80000305175781,1158.7900390625
2019-04-29,1456.22,1339.7224,786.3588000000001,1456.22,63.90999984741211,72.80000305175781,1158.7900390625
2019-04-30,1459.4,1342.6480000000001,788.0760000000001,1459.4,63.90999984741211,72.80000305175781,1158.7900390625
2019-05-01,1463.79,1346.6868,790.4466,1463.79,53.5,64.48999786376953,1188.3800048828125
2019-05-02,1466.64,1349.3088000000002,791.9856000000001,1466.64,53.5,64.48999786376953,1188.3800048828125
2019-05-03,1469.8,1352.2160000000001,793.692,1469.8,53.5,64.48999786376953,1188.3800048828125
2019-05-04,1472.95,1355.114,795.393,1472.95,53.5,64.48999786376953,1188.3800048828125
2019-05-05,1475.12,1357.1104,796.5648,1475.12,53.5,64.48999786376953,1188.3800048828125
2019-05-06,1477.24,1359.0608,797.7096,1477.24,53.5,64.48999786376953,1188.3800048828125
2019-05-07,1500.12,1380.1104,810.0648,1500.12,53.5,64.48999786376953,1188.3800048828125
2019-05-08,1511.97,1391.0124,816.4638000000001,1511.97,53.5,64.48999786376953,1188.3800048828125
2019-05-09,1517.31,1395.9252,819.3474,1517.31,53.5,64.48999786376953,1188.3800048828125
2019-05-10,1520.01,1398.4092,820.8054000000001,1520.01,53.5,64.48999786376953,1188.3800048828125
2019-05-11,1522.23,1400.4516,822.0042000000001,1522.23,53.5,64.48999786376953,1188.3800048828125
2019-05-12,1523.16,1401.3072000000002,822.5064000000001,1523.16,53.5,64.48999786376953,1188.3800048828125
2019-05-13,1524.45,1402.4940000000001,823.2030000000001,1524.45,53.5,64.48999786376953,1188.3800048828125
2019-05-14,1525.75,1403.69,823.9050000000001,1525.75,53.5,64.48999786376953,1188.3800048828125
2019-05-15,1526.59,1404.4628,824.3586,1526.59,53.5,64.48999786376953,1188.3800048828125
2019-05-16,1527.6,1405.392,824.904,1527.6,53.5,64.48999786376953,1188.3800048828125
2019-05-17,1528.69,1406.3948,825.4926,1528.69,53.5,64.48999786376953,1188.3800048828125
2019-05-18,1529.81,1407.4252,826.0974,1529.81,53.5,64.48999786376953,1188.3800048828125
2019-05-19,1530.36,1407.9312,826.3944,1530.36,53.5,64.48999786376953,1188.3800048828125
2019-05-20,1531.06,1408.5752,826.7724000000001,1531.06,53.5,64.48999786376953,1188.3800048828125
2019-05-21,1532.46,1409.8632,827.5284,1532.46,53.5,64.48999786376953,1188.3800048828125
2019-05-22,1533.5,1410.8200000000002,828.09,1533.5,53.5,64.48999786376953,1188.3800048828125
2019-05-23,1534.24,1411.5008,828.4896000000001,1534.24,53.5,64.48999786376953,1188.3800048828125
2019-05-24,1534.9,1412.1080000000002,828.8460000000001,1534.9,53.5,64.48999786376953,1188.3800048828125
2019-05-25,1535.24,1412.4208,829.0296000000001,1535.24,53.5,64.48999786376953,1188.3800048828125
2019-05-26,1535.43,1412.5956,829.1322000000001,1535.43,53.5,64.48999786376953,1188.3800048828125
2019-05-27,1535.83,1412.9636,829.3482,1535.83,53.5,64.48999786376953,1188.3800048828125
2019-05-28,1536.22,1413.3224,829.5588,1536.22,53.5,64.48999786376953,1188.3800048828125
2019-05-29,1536.97,1414.0124,829.9638000000001,1536.97,53.5,64.48999786376953,1188.3800048828125
2019-05-30,1537.08,1414.1136,830.0232,1537.08,53.5,64.48999786376953,1188.3800048828125
2019-05-31,1536.98,1414.0216,829.9692000000001,1536.98,53.5,64.48999786376953,1188.3800048828125
2019-06-01,1536.66,1413.7272,829.7964000000001,1536.66,58.470001220703125,66.55000305175781,1155.510009765625
2019-06-02,1536.53,1413.6076,829.7262000000001,1536.53,58.470001220703125,66.55000305175781,1155.510009765625
2019-06-03,1536.17,1413.2764000000002,829.5318000000001,1536.17,58.470001220703125,66.55000305175781,1155.510009765625
2019-06-04,1535.22,1412.4024000000002,829.0188,1535.22,58.470001220703125,66.55000305175781,1155.510009765625
2019-06-05,1534.24,1411.5008,828.4896000000001,1534.24,58.470001220703125,66.55000305175781,1155.510009765625
2019-06-06,1533.18,1410.5256000000002,827.9172000000001,1533.18,58.470001220703125,66.55000305175781,1155.510009765625
2019-06-07,1532.57,1409.9644,827.5878,1532.57,58.470001220703125,66.55000305175781,1155.510009765625
2019-06-08,1531.58,1409.0536,827.0532000000001,1531.58,58.470001220703125,66.55000305175781,1155.510009765625
2019-06-09,1531.0,1408.52,826.74,1531.0,58.470001220703125,66.55000305175781,1155.510009765625
2019-06-10,1530.06,1407.6552,826.2324,1530.06,58.470001220703125,66.55000305175781,1155.510009765625
2019-06-11,1528.0,1405.76,825.12,1528.0,58.470001220703125,66.55000305175781,1155.510009765625
2019-06-12,1525.89,1403.8188000000002,823.9806000000001,1525.89,58.470001220703125,66.55000305175781,1155.510009765625
2019-06-13,1523.36,1401.4912,822.6144,1523.36,58.470001220703125,66.55000305175781,1155.510009765625
2019-06-14,1520.9,1399.228,821.2860000000001,1520.9,58.470001220703125,66.55000305175781,1155.510009765625
2019-06-15,1518.33,1396.8636,819.8982,1518.33,58.470001220703125,66.55000305175781,1155.510009765625
2019-06-16,1517.3,1395.916,819.342,1517.3,58.470001220703125,66.55000305175781,1155.510009765625
2019-06-17,1515.21,1393.9932000000001,818.2134000000001,1515.21,58.470001220703125,66.55000305175781,1155.510009765625
2019-06-18,1512.45,1391.4540000000002,816.7230000000001,1512.45,58.470001220703125,66.55000305175781,1155.510009765625
2019-06-19,1509.96,1389.1632000000002,815.3784,1509.96,58.470001220703125,66.55000305175781,1155.510009765625
2019-06-20,1507.74,1387.1208000000001,814.1796,1507.74,58.470001220703125,66.55000305175781,1155.510009765625
2019-06-21,1505.8,1385.336,813.1320000000001,1505.8,58.470001220703125,66.55000305175781,1155.510009765625
2019-06-22,1504.13,1383.7996,812.2302000000001,1504.13,58.470001220703125,66.55000305175781,1155.510009765625
2019-06-23,1503.57,1383.2844,811.9278,1503.57,58.470001220703125,66.55000305175781,1155.510009765625
2019-06-24,1502.41,1382.2172,811.3014000000001,1502.41,58.470001220703125,66.55000305175781,1155.510009765625
2019-06-25,1500.87,1380.8003999999999,810.4698,1500.87,58.470001220703125,66.55000305175781,1155.510009765625
2019-06-26,1499.9,1379.9080000000001,809.9460000000001,1499.9,58.470001220703125,66.55000305175781,1155.510009765625
2019-06-27,1499.14,1379.2088,809.5356000000002,1499.14,58.470001220703125,66.55000305175781,1155.510009765625
2019-06-28,1498.68,1378.7856000000002,809.2872000000001,1498.68,58.470001220703125,66.55000305175781,1155.510009765625
2019-06-29,1497.86,1378.0312,808.8444,1497.86,58.470001220703125,66.55000305175781,1155.510009765625
2019-06-30,1497.59,1377.7828,808.6986,1497.59,58.470001220703125,66.55000305175781,1155.510009765625
2019-07-01,1496.52,1376.7984000000001,808.1208,1496.52,58.58000183105469,65.16999816894531,1180.6500244140625
2019-07-02,1495.58,1375.9336,807.6132,1495.58,58.58000183105469,65.16999816894531,1180.6500244140625
2019-07-03,1494.75,1375.17,807.1650000000001,1494.75,58.58000183105469,65.16999816894531,1180.6500244140625
2019-07-04,1493.81,1374.3052,806.6574,1493.81,58.58000183105469,65.16999816894531,1180.6500244140625
2019-07-05,1492.88,1373.4496000000001,806.1552000000001,1492.88,58.58000183105469,65.16999816894531,1180.6500244140625
2019-07-06,1492.26,1372.8792,805.8204000000001,1492.26,58.58000183105469,65.16999816894531,1180.6500244140625
2019-07-07,1491.97,1372.6124,805.6638,1491.97,58.58000183105469,65.16999816894531,1180.6500244140625
2019-07-08,1491.59,1372.2628,805.4586,1491.59,58.58000183105469,65.16999816894531,1180.6500244140625
2019-07-09,1491.02,1371.7384,805.1508,1491.02,58.58000183105469,65.16999816894531,1180.6500244140625
2019-07-10,1490.56,1371.3152,804.9024000000001,1490.56,58.58000183105469,65.16999816894531,1180.6500244140625
2019-07-11,1490.29,1371.0668,804.7566,1490.29,58.58000183105469,65.16999816894531,1180.6500244140625
2019-07-12,1490.07,1370.8644,804.6378,1490.07,58.58000183105469,65.16999816894531,1180.6500244140625
2019-07-13,1489.97,1370.7724,804.5838000000001,1489.97,58.58000183105469,65.16999816894531,1180.6500244140625
2019-07-14,1490.08,1370.8736,804.6432,1490.08,58.58000183105469,65.16999816894531,1180.6500244140625
2019-07-15,1490.25,1371.03,804.735,1490.25,58.58000183105469,65.16999816894531,1180.6500244140625
2019-07-16,1490.43,1371.1956,804.8322000000001,1490.43,58.58000183105469,65.16999816894531,1180.6500244140625
2019-07-17,1490.47,1371.2324,804.8538000000001,1490.47,58.58000183105469,65.16999816894531,1180.6500244140625
2019-07-18,1490.48,1371.2416,804.8592000000001,1490.48,58.58000183105469,65.16999816894531,1180.6500244140625
2019-07-19,1490.49,1371.2508,804.8646000000001,1490.49,58.58000183105469,65.16999816894531,1180.6500244140625
2019-07-20,1490.44,1371.2048000000002,804.8376000000001,1490.44,58.58000183105469,65.16999816894531,1180.6500244140625
2019-07-21,1490.43,1371.1956,804.8322000000001,1490.43,58.58000183105469,65.16999816894531,1180.6500244140625
2019-07-22,1490.51,1371.2692,804.8754,1490.51,58.58000183105469,65.16999816894531,1180.6500244140625
2019-07-23,1490.55,1371.306,804.897,1490.55,58.58000183105469,65.16999816894531,1180.6500244140625
2019-07-24,1490.5,1371.26,804.87,1490.5,58.58000183105469,65.16999816894531,1180.6500244140625
2019-07-25,1490.75,1371.49,805.0050000000001,1490.75,58.58000183105469,65.16999816894531,1180.6500244140625
2019-07-26,1491.01,1371.7292,805.1454,1491.01,58.58000183105469,65.16999816894531,1180.6500244140625
2019-07-27,1491.19,1371.8948,805.2426,1491.19,58.58000183105469,65.16999816894531,1180.6500244140625
2019-07-28,1491.37,1372.0604,805.3398,1491.37,58.58000183105469,65.16999816894531,1180.6500244140625
2019-07-29,1491.57,1372.2444,805.4478,1491.57,58.58000183105469,65.16999816894531,1180.6500244140625
2019-07-30,1492.1,1372.732,805.734,1492.1,58.58000183105469,65.16999816894531,1180.6500244140625
2019-07-31,1492.4,1373.008,805.8960000000001,1492.4,58.58000183105469,65.16999816894531,1180.6500244140625
2019-08-01,1492.91,1373.4772,806.1714000000001,1492.91,55.099998474121094,60.43000030517578,1207.1600341796875
2019-08-02,1493.52,1374.0384000000001,806.5008,1493.52,55.099998474121094,60.43000030517578,1207.1600341796875
2019-08-03,1493.7,1374.2040000000002,806.5980000000001,1493.7,55.099998474121094,60.43000030517578,1207.1600341796875
2019-08-04,1493.82,1374.3144,806.6628000000001,1493.82,55.099998474121094,60.43000030517578,1207.1600341796875
2019-08-05,1493.98,1374.4616,806.7492000000001,1493.98,55.099998474121094,60.43000030517578,1207.1600341796875
2019-08-06,1494.13,1374.5996000000002,806.8302000000001,1494.13,55.099998474121094,60.43000030517578,1207.1600341796875
2019-08-07,1494.12,1374.5904,806.8248,1494.12,55.099998474121094,60.43000030517578,1207.1600341796875
2019-08-08,1494.04,1374.5168,806.7816,1494.04,55.099998474121094,60.43000030517578,1207.1600341796875
2019-08-09,1493.77,1374.2684000000002,806.6358,1493.77,55.099998474121094,60.43000030517578,1207.1600341796875
2019-08-10,1493.63,1374.1396000000002,806.5602000000001,1493.63,55.099998474121094,60.43000030517578,1207.1600341796875
2019-08-11,1493.53,1374.0476,806.5062,1493.53,55.099998474121094,60.43000030517578,1207.1600341796875
2019-08-12,1493.54,1374.0568,806.5116,1493.54,55.099998474121094,60.43000030517578,1207.1600341796875
2019-08-13,1493.54,1374.0568,806.5116,1493.54,55.099998474121094,60.43000030517578,1207.1600341796875
2019-08-14,1493.45,1373.9740000000002,806.4630000000001,1493.45,55.099998474121094,60.43000030517578,1207.1600341796875
2019-08-15,1493.42,1373.9464,806.4468,1493.42,55.099998474121094,60.43000030517578,1207.1600341796875
2019-08-16,1493.31,1373.8452,806.3874000000001,1493.31,55.099998474121094,60.43000030517578,1207.1600341796875
2019-08-17,1493.17,1373.7164,806.3118000000001,1493.17,55.099998474121094,60.43000030517578,1207.1600341796875
2019-08-18,1493.16,1373.7072,806.3064,1493.16,55.099998474121094,60.43000030517578,1207.1600341796875
2019-08-19,1493.15,1373.698,806.3010000000002,1493.15,55.099998474121094,60.43000030517578,1207.1600341796875
2019-08-20,1493.12,1373.6704,806.2848,1493.12,55.099998474121094,60.43000030517578,1207.1600341796875
2019-08-21,1492.94,1373.5048000000002,806.1876000000001,1492.94,55.099998474121094,60.43000030517578,1207.1600341796875
2019-08-22,1493.06,1373.6152,806.2524000000001,1493.06,55.099998474121094,60.43000030517578,1207.1600341796875
2019-08-23,1493.3,1373.836,806.3820000000001,1493.3,55.099998474121094,60.43000030517578,1207.1600341796875
2019-08-24,1493.32,1373.8544,806.3928,1493.32,55.099998474121094,60.43000030517578,1207.1600341796875
2019-08-25,1493.42,1373.9464,806.4468,1493.42,55.099998474121094,60.43000030517578,1207.1600341796875
2019-08-26,1493.73,1374.2316,806.6142000000001,1493.73,55.099998474121094,60.43000030517578,1207.1600341796875
2019-08-27,1493.94,1374.4248,806.7276,1493.94,55.099998474121094,60.43000030517578,1207.1600341796875
2019-08-28,1494.18,1374.6456,806.8572,1494.18,55.099998474121094,60.43000030517578,1207.1600341796875
2019-08-29,1494.52,1374.9584,807.0408,1494.52,55.099998474121094,60.43000030517578,1207.1600341796875
2019-08-30,1495.13,1375.5196,807.3702000000001,1495.13,55.099998474121094,60.43000030517578,1207.1600341796875
2019-08-31,1496.68,1376.9456,808.2072000000001,1496.68,55.099998474121094,60.43000030517578,1207.1600341796875
2019-09-01,1509.16,1388.4272,814.9464000000002,1509.16,55.099998474121094,60.43000030517578,1201.9100341796875
2019-09-02,1515.3,1394.076,818.2620000000001,1515.3,55.099998474121094,60.43000030517578,1201.9100341796875
2019-09-03,1518.61,1397.1212,820.0494,1518.61,55.099998474121094,60.43000030517578,1201.9100341796875
2019-09-04,1520.36,1398.7312,820.9944,1520.36,55.099998474121094,60.43000030517578,1201.9100341796875
2019-09-05,1521.11,1399.4212,821.3994,1521.11,55.099998474121094,60.43000030517578,1201.9100341796875
2019-09-06,1522.03,1400.2676000000001,821.8962,1522.03,55.099998474121094,60.43000030517578,1201.9100341796875
2019-09-07,1522.3,1400.516,822.042,1522.3,55.099998474121094,60.43000030517578,1201.9100341796875
2019-09-08,1522.62,1400.8104,822.2148,1522.62,55.099998474121094,60.43000030517578,1201.9100341796875
2019-09-09,1522.87,1401.0403999999999,822.3498,1522.87,55.099998474121094,60.43000030517578,1201.9100341796875
2019-09-10,1523.24,1401.3808000000001,822.5496,1523.24,55.099998474121094,60.43000030517578,1201.9100341796875
2019-09-11,1523.9,1401.988,822.9060000000001,1523.9,55.099998474121094,60.43000030517578,1201.9100341796875
2019-09-12,1524.7,1402.7240000000002,823.3380000000001,1524.7,55.099998474121094,60.43000030517578,1201.9100341796875
2019-09-13,1525.07,1403.0644,823.5378000000001,1525.07,55.099998474121094,60.43000030517578,1201.9100341796875
2019-09-14,1525.13,1403.1196000000002,823.5702000000001,1525.13,55.099998474121094,60.43000030517578,1201.9100341796875
2019-09-15,1525.21,1403.1932000000002,823.6134000000001,1525.21,55.099998474121094,60.43000030517578,1201.9100341796875
2019-09-16,1526.28,1404.1776,824.1912000000001,1526.28,55.099998474121094,60.43000030517578,1201.9100341796875
2019-09-17,1529.08,1406.7536,825.7032,1529.08,55.099998474121094,60.43000030517578,1201.9100341796875
2019-09-18,1531.55,1409.026,827.037,1531.55,55.099998474121094,60.43000030517578,1201.9100341796875
2019-09-19,1533.21,1410.5532,827.9334000000001,1533.21,55.099998474121094,60.43000030517578,1201.9100341796875
2019-09-20,1534.79,1412.0068,828.7866,1534.79,55.099998474121094,60.43000030517578,1201.9100341796875
2019-09-21,1536.13,1413.2396,829.5102000000002,1536.13,55.099998474121094,60.43000030517578,1201.9100341796875
2019-09-22,1536.66,1413.7272,829.7964000000001,1536.66,55.099998474121094,60.43000030517578,1201.9100341796875
2019-09-23,1537.63,1414.6196000000002,830.3202000000001,1537.63,55.099998474121094,60.43000030517578,1201.9100341796875
2019-09-24,1538.93,1415.8156000000001,831.0222000000001,1538.93,55.099998474121094,60.43000030517578,1201.9100341796875
2019-09-25,1540.36,1417.1312,831.7944,1540.36,55.099998474121094,60.43000030517578,1201.9100341796875
2019-09-26,1541.37,1418.0604,832.3398,1541.37,55.099998474121094,60.43000030517578,1201.9100341796875
2019-09-27,1541.97,1418.6124,832.6638,1541.97,55.099998474121094,60.43000030517578,1201.9100341796875
2019-09-28,1542.43,1419.0356000000002,832.9122000000001,1542.43,55.099998474121094,60.43000030517578,1201.9100341796875
2019-09-29,1542.69,1419.2748000000001,833.0526000000001,1542.69,55.099998474121094,60.43000030517578,1201.9100341796875
2019-09-30,1543.09,1419.6428,833.2686,1543.09,55.099998474121094,60.43000030517578,1201.9100341796875
2019-10-01,1543.54,1420.0568,833.5116,1543.54,54.18000030517578,60.22999954223633,1163.699951171875
2019-10-02,1543.49,1420.0108,833.4846000000001,1543.49,54.18000030517578,60.22999954223633,1163.699951171875
2019-10-03,1543.55,1420.066,833.517,1543.55,54.18000030517578,60.22999954223633,1163.699951171875
2019-10-04,1543.25,1419.79,833.355,1543.25,54.18000030517578,60.22999954223633,1163.699951171875
2019-10-05,1543.0,1419.5600000000002,833.22,1543.0,54.18000030517578,60.22999954223633,1163.699951171875
2019-10-06,1543.0,1419.5600000000002,833.22,1543.0,54.18000030517578,60.22999954223633,1163.699951171875
2019-10-07,1542.95,1419.5140000000001,833.1930000000001,1542.95,54.18000030517578,60.22999954223633,1163.699951171875
2019-10-08,1542.75,1419.3300000000002,833.085,1542.75,54.18000030517578,60.22999954223633,1163.699951171875
2019-10-09,1542.51,1419.1092,832.9554,1542.51,54.18000030517578,60.22999954223633,1163.699951171875
2019-10-10,1542.27,1418.8884,832.8258000000001,1542.27,54.18000030517578,60.22999954223633,1163.699951171875
2019-10-11,1541.98,1418.6216000000002,832.6692,1541.98,54.18000030517578,60.22999954223633,1163.699951171875
2019-10-12,1541.72,1418.3824000000002,832.5288,1541.72,54.18000030517578,60.22999954223633,1163.699951171875
2019-10-13,1541.73,1418.3916000000002,832.5342,1541.73,54.18000030517578,60.22999954223633,1163.699951171875
2019-10-14,1541.6,1418.272,832.464,1541.6,54.18000030517578,60.22999954223633,1163.699951171875
2019-10-15,1541.4,1418.0880000000002,832.3560000000001,1541.4,54.18000030517578,60.22999954223633,1163.699951171875
2019-10-16,1541.03,1417.7476000000001,832.1562,1541.03,54.18000030517578,60.22999954223633,1163.699951171875
2019-10-17,1540.69,1417.4348000000002,831.9726,1540.69,54.18000030517578,60.22999954223633,1163.699951171875
2019-10-18,1539.96,1416.7632,831.5784000000001,1539.96,54.18000030517578,60.22999954223633,1163.699951171875
2019-10-19,1539.59,1416.4228,831.3786,1539.59,54.18000030517578,60.22999954223633,1163.699951171875
2019-10-20,1539.51,1416.3492,831.3354,1539.51,54.18000030517578,60.22999954223633,1163.699951171875
2019-10-21,1539.27,1416.1284,831.2058000000001,1539.27,54.18000030517578,60.22999954223633,1163.699951171875
2019-10-22,1538.83,1415.7236,830.9682,1538.83,54.18000030517578,60.22999954223633,1163.699951171875
2019-10-23,1538.44,1415.3648,830.7576000000001,1538.44,54.18000030517578,60.22999954223633,1163.699951171875
2019-10-24,1538.06,1415.0152,830.5524,1538.06,54.18000030517578,60.22999954223633,1163.699951171875
2019-10-25,1537.72,1414.7024000000001,830.3688000000001,1537.72,54.18000030517578,60.22999954223633,1163.699951171875
2019-10-26,1537.45,1414.4540000000002,830.2230000000001,1537.45,54.18000030517578,60.22999954223633,1163.699951171875
2019-10-27,1537.42,1414.4264,830.2068,1537.42,54.18000030517578,60.22999954223633,1163.699951171875
2019-10-28,1537.26,1414.2792,830.1204,1537.26,54.18000030517578,60.22999954223633,1163.699951171875
2019-10-29,1536.99,1414.0308,829.9746,1536.99,54.18000030517578,60.22999954223633,1163.699951171875
2019-10-30,1536.81,1413.8652,829.8774000000001,1536.81,54.18000030517578,60.22999954223633,1163.699951171875
2019-10-31,1536.62,1413.6904,829.7748,1536.62,54.18000030517578,60.22999954223633,1163.699951171875
2019-11-01,1536.09,1413.2028,829.4886,1536.09,55.16999816894531,62.43000030517578,1181.5699462890625
2019-11-02,1535.8,1412.936,829.332,1535.8,55.16999816894531,62.43000030517578,1181.5699462890625
2019-11-03,1535.75,1412.89,829.3050000000001,1535.75,55.16999816894531,62.43000030517578,1181.5699462890625
2019-11-04,1535.6,1412.752,829.224,1535.6,55.16999816894531,62.43000030517578,1181.5699462890625
2019-11-05,1535.12,1412.3104,828.9648,1535.12,55.16999816894531,62.43000030517578,1181.5699462890625
2019-11-06,1534.76,1411.9792,828.7704,1534.76,55.16999816894531,62.43000030517578,1181.5699462890625
2019-11-07,1534.42,1411.6664,828.5868,1534.42,55.16999816894531,62.43000030517578,1181.5699462890625
2019-11-08,1534.33,1411.5836,828.5382,1534.33,55.16999816894531,62.43000030517578,1181.5699462890625
2019-11-09,1534.22,1411.4824,828.4788000000001,1534.22,55.16999816894531,62.43000030517578,1181.5699462890625
2019-11-10,1534.23,1411.4916,828.4842000000001,1534.23,55.16999816894531,62.43000030517578,1181.5699462890625
2019-11-11,1534.28,1411.5376,828.5112,1534.28,55.16999816894531,62.43000030517578,1181.5699462890625
2019-11-12,1534.38,1411.6296000000002,828.5652000000001,1534.38,55.16999816894531,62.43000030517578,1181.5699462890625
2019-11-13,1534.43,1411.6756,828.5922,1534.43,55.16999816894531,62.43000030517578,1181.5699462890625
2019-11-14,1534.64,1411.8688000000002,828.7056000000001,1534.64,55.16999816894531,62.43000030517578,1181.5699462890625
2019-11-15,1534.8,1412.016,828.792,1534.8,55.16999816894531,62.43000030517578,1181.5699462890625
2019-11-16,1535.02,1412.2184,828.9108,1535.02,55.16999816894531,62.43000030517578,1181.5699462890625
2019-11-17,1535.14,1412.3288000000002,828.9756000000001,1535.14,55.16999816894531,62.43000030517578,1181.5699462890625
2019-11-18,1535.3,1412.476,829.062,1535.3,55.16999816894531,62.43000030517578,1181.5699462890625
2019-11-19,1535.36,1412.5312,829.0944,1535.36,55.16999816894531,62.43000030517578,1181.5699462890625
2019-11-20,1535.46,1412.6232,829.1484,1535.46,55.16999816894531,62.43000030517578,1181.5699462890625
2019-11-21,1535.76,1412.8992,829.3104000000001,1535.76,55.16999816894531,62.43000030517578,1181.5699462890625
2019-11-22,1536.04,1413.1568,829.4616000000001,1536.04,55.16999816894531,62.43000030517578,1181.5699462890625
2019-11-23,1536.34,1413.4328,829.6236,1536.34,55.16999816894531,62.43000030517578,1181.5699462890625
2019-11-24,1536.62,1413.6904,829.7748,1536.62,55.16999816894531,62.43000030517578,1181.5699462890625
2019-11-25,1536.84,1413.8928,829.8936,1536.84,55.16999816894531,62.43000030517578,1181.5699462890625
2019-11-26,1537.09,1414.1228,830.0286,1537.09,55.16999816894531,62.43000030517578,1181.5699462890625
2019-11-27,1537.4,1414.4080000000001,830.1960000000001,1537.4,55.16999816894531,62.43000030517578,1181.5699462890625
2019-11-28,1537.75,1414.73,830.3850000000001,1537.75,55.16999816894531,62.43000030517578,1181.5699462890625
2019-11-29,1538.07,1415.0244,830.5578,1538.07,55.16999816894531,62.43000030517578,1181.5699462890625
2019-11-30,1538.41,1415.3372000000002,830.7414000000001,1538.41,55.16999816894531,62.43000030517578,1181.5699462890625
2019-12-01,1538.9,1415.7880000000002,831.0060000000001,1538.9,55.16999816894531,62.43000030517578,1156.3499755859375
2019-12-02,1539.22,1416.0824,831.1788,1539.22,55.16999816894531,62.43000030517578,1156.3499755859375
2019-12-03,1539.85,1416.662,831.519,1539.85,55.16999816894531,62.43000030517578,1156.3499755859375
2019-12-04,1540.18,1416.9656000000002,831.6972000000001,1540.18,55.16999816894531,62.43000030517578,1156.3499755859375
2019-12-05,1540.71,1417.4532000000002,831.9834000000001,1540.71,55.16999816894531,62.43000030517578,1156.3499755859375
2019-12-06,1541.4,1418.0880000000002,832.3560000000001,1541.4,55.16999816894531,62.43000030517578,1156.3499755859375
2019-12-07,1542.28,1418.8976,832.8312000000001,1542.28,55.16999816894531,62.43000030517578,1156.3499755859375
2019-12-08,1542.64,1419.2288,833.0256,1542.64,55.16999816894531,62.43000030517578,1156.3499755859375
2019-12-09,1543.34,1419.8728,833.4036,1543.34,55.16999816894531,62.43000030517578,1156.3499755859375
2019-12-10,1544.07,1420.5444,833.7978,1544.07,55.16999816894531,62.43000030517578,1156.3499755859375
2019-12-11,1544.93,1421.3356,834.2622000000001,1544.93,55.16999816894531,62.43000030517578,1156.3499755859375
2019-12-12,1545.71,1422.0532,834.6834000000001,1545.71,55.16999816894531,62.43000030517578,1156.3499755859375
2019-12-13,1546.42,1422.7064,835.0668000000001,1546.42,55.16999816894531,62.43000030517578,1156.3499755859375
2019-12-14,1547.22,1423.4424000000001,835.4988000000001,1547.22,55.16999816894531,62.43000030517578,1156.3499755859375
2019-12-15,1547.67,1423.8564000000001,835.7418000000001,1547.67,55.16999816894531,62.43000030517578,1156.3499755859375
2019-12-16,1548.42,1424.5464000000002,836.1468000000001,1548.42,55.16999816894531,62.43000030517578,1156.3499755859375
2019-12-17,1549.25,1425.3100000000002,836.595,1549.25,55.16999816894531,62.43000030517578,1156.3499755859375
2019-12-18,1549.87,1425.8804,836.9298,1549.87,55.16999816894531,62.43000030517578,1156.3499755859375
2019-12-19,1550.57,1426.5244,837.3078,1550.57,55.16999816894531,62.43000030517578,1156.3499755859375
2019-12-20,1551.3,1427.196,837.702,1551.3,55.16999816894531,62.43000030517578,1156.3499755859375
2019-12-21,1552.04,1427.8768,838.1016000000001,1552.04,55.16999816894531,62.43000030517578,1156.3499755859375
2019-12-22,1552.58,1428.3736,838.3932,1552.58,55.16999816894531,62.43000030517578,1156.3499755859375
2019-12-23,1553.15,1428.8980000000001,838.7010000000001,1553.15,55.16999816894531,62.43000030517578,1156.3499755859375
2019-12-24,1554.23,1429.8916000000002,839.2842,1554.23,55.16999816894531,62.43000030517578,1156.3499755859375
2019-12-25,1554.82,1430.4344,839.6028,1554.82,55.16999816894531,62.43000030517578,1156.3499755859375
2019-12-26,1555.46,1431.0232,839.9484000000001,1555.46,55.16999816894531,62.43000030517578,1156.3499755859375
2019-12-27,1556.18,1431.6856,840.3372,1556.18,55.16999816894531,62.43000030517578,1156.3499755859375
2019-12-28,1556.8,1432.256,840.672,1556.8,55.16999816894531,62.43000030517578,1156.3499755859375
2019-12-29,1557.19,1432.6148,840.8826000000001,1557.19,55.16999816894531,62.43000030517578,1156.3499755859375
2019-12-30,1557.74,1433.1208000000001,841.1796,1557.74,55.16999816894531,62.43000030517578,1156.3499755859375
2019-12-31,1558.44,1433.7648000000002,841.5576000000001,1558.44,55.16999816894531,62.43000030517578,1156.3499755859375
2020-01-01,1559.6,1434.8319999999999,842.184,1559.6,51.560001373291016,58.15999984741211,1187.1199951171875
2020-01-02,1560.36,1435.5312,842.5944,1560.36,51.560001373291016,58.15999984741211,1187.1199951171875
2020-01-03,1561.05,1436.166,842.967,1561.05,51.560001373291016,58.15999984741211,1187.1199951171875
2020-01-04,1561.87,1436.9204,843.4098,1561.87,51.560001373291016,58.15999984741211,1187.1199951171875
2020-01-05,1562.34,1437.3528,843.6636,1562.34,51.560001373291016,58.15999984741211,1187.1199951171875
2020-01-06,1563.32,1438.2544,844.1928,1563.32,51.560001373291016,58.15999984741211,1187.1199951171875
2020-01-07,1565.06,1439.8552,845.1324000000001,1565.06,51.560001373291016,58.15999984741211,1187.1199951171875
2020-01-08,1566.54,1441.2168,845.9316,1566.54,51.560001373291016,58.15999984741211,1187.1199951171875
2020-01-09,1568.19,1442.7348000000002,846.8226000000001,1568.19,51.560001373291016,58.15999984741211,1187.1199951171875
2020-01-10,1569.25,1443.71,847.3950000000001,1569.25,51.560001373291016,58.15999984741211,1187.1199951171875
2020-01-11,1570.06,1444.4552,847.8324,1570.06,51.560001373291016,58.15999984741211,1187.1199951171875
2020-01-12,1570.36,1444.7312,847.9944,1570.36,51.560001373291016,58.15999984741211,1187.1199951171875
2020-01-13,1570.97,1445.2924,848.3238000000001,1570.97,51.560001373291016,58.15999984741211,1187.1199951171875
2020-01-14,1571.34,1445.6328,848.5236,1571.34,51.560001373291016,58.15999984741211,1187.1199951171875
2020-01-15,1571.46,1445.7432000000001,848.5884000000001,1571.46,51.560001373291016,58.15999984741211,1187.1199951171875
2020-01-16,1571.56,1445.8352,848.6424000000001,1571.56,51.560001373291016,58.15999984741211,1187.1199951171875
2020-01-17,1571.45,1445.7340000000002,848.5830000000001,1571.45,51.560001373291016,58.15999984741211,1187.1199951171875
2020-01-18,1571.27,1445.5684,848.4858,1571.27,51.560001373291016,58.15999984741211,1187.1199951171875
2020-01-19,1571.22,1445.5224,848.4588000000001,1571.22,51.560001373291016,58.15999984741211,1187.1199951171875
2020-01-20,1571.26,1445.5592000000001,848.4804,1571.26,51.560001373291016,58.15999984741211,1187.1199951171875
2020-01-21,1571.17,1445.4764000000002,848.4318000000001,1571.17,51.560001373291016,58.15999984741211,1187.1199951171875
2020-01-22,1571.06,1445.3752,848.3724,1571.06,51.560001373291016,58.15999984741211,1187.1199951171875
2020-01-23,1571.06,1445.3752,848.3724,1571.06,51.560001373291016,58.15999984741211,1187.1199951171875
2020-01-24,1570.99,1445.3108,848.3346,1570.99,51.560001373291016,58.15999984741211,1187.1199951171875
2020-01-25,1571.01,1445.3292000000001,848.3454,1571.01,51.560001373291016,58.15999984741211,1187.1199951171875
2020-01-26,1570.91,1445.2372,848.2914000000001,1570.91,51.560001373291016,58.15999984741211,1187.1199951171875
2020-01-27,1570.53,1444.8876,848.0862000000001,1570.53,51.560001373291016,58.15999984741211,1187.1199951171875
2020-01-28,1570.26,1444.6392,847.9404000000001,1570.26,51.560001373291016,58.15999984741211,1187.1199951171875
2020-01-29,1569.66,1444.0872000000002,847.6164000000001,1569.66,51.560001373291016,58.15999984741211,1187.1199951171875
2020-01-30,1568.76,1443.2592,847.1304,1568.76,51.560001373291016,58.15999984741211,1187.1199951171875
2020-01-31,1567.8,1442.376,846.6120000000001,1567.8,51.560001373291016,58.15999984741211,1187.1199951171875
2020-02-01,1566.46,1441.1432000000002,845.8884,1566.46,44.7599983215332,50.52000045776367,1200.0999755859375
2020-02-02,1565.92,1440.6464,845.5968000000001,1565.92,44.7599983215332,50.52000045776367,1200.0999755859375
2020-02-03,1564.89,1439.6988000000001,845.0406000000002,1564.89,44.7599983215332,50.52000045776367,1200.0999755859375
2020-02-04,1563.3,1438.236,844.182,1563.3,44.7599983215332,50.52000045776367,1200.0999755859375
2020-02-05,1561.93,1436.9756000000002,843.4422000000001,1561.93,44.7599983215332,50.52000045776367,1200.0999755859375
2020-02-06,1560.33,1435.5036,842.5782,1560.33,44.7599983215332,50.52000045776367,1200.0999755859375
2020-02-07,1558.76,1434.0592000000001,841.7304,1558.76,44.7599983215332,50.52000045776367,1200.0999755859375
2020-02-08,1557.5,1432.9,841.0500000000001,1557.5,44.7599983215332,50.52000045776367,1200.0999755859375
2020-02-09,1556.89,1432.3388000000002,840.7206000000001,1556.89,44.7599983215332,50.52000045776367,1200.0999755859375
2020-02-10,1555.51,1431.0692000000001,839.9754,1555.51,44.7599983215332,50.52000045776367,1200.0999755859375
2020-02-11,1552.66,1428.4472,838.4364,1552.66,44.7599983215332,50.52000045776367,1200.0999755859375
2020-02-12,1550.29,1426.2668,837.1566,1550.29,44.7599983215332,50.52000045776367,1200.0999755859375
2020-02-13,1547.53,1423.7276,835.6662,1547.53,44.7599983215332,50.52000045776367,1200.0999755859375
2020-02-14,1545.01,1421.4092,834.3054000000001,1545.01,44.7599983215332,50.52000045776367,1200.0999755859375
2020-02-15,1542.96,1419.5232,833.1984000000001,1542.96,44.7599983215332,50.52000045776367,1200.0999755859375
2020-02-16,1541.95,1418.594,832.6530000000001,1541.95,44.7599983215332,50.52000045776367,1200.0999755859375
2020-02-17,1540.38,1417.1496000000002,831.8052000000001,1540.38,44.7599983215332,50.52000045776367,1200.0999755859375
2020-02-18,1538.33,1415.2636,830.6982,1538.33,44.7599983215332,50.52000045776367,1200.0999755859375
2020-02-19,1536.63,1413.6996000000001,829.7802000000001,1536.63,44.7599983215332,50.52000045776367,1200.0999755859375
2020-02-20,1535.17,1412.3564000000001,828.9918000000001,1535.17,44.7599983215332,50.52000045776367,1200.0999755859375
2020-02-21,1533.93,1411.2156000000002,828.3222000000001,1533.93,44.7599983215332,50.52000045776367,1200.0999755859375
2020-02-22,1533.01,1410.3692,827.8254000000001,1533.01,44.7599983215332,50.52000045776367,1200.0999755859375
2020-02-23,1532.62,1410.0104,827.6148,1532.62,44.7599983215332,50.52000045776367,1200.0999755859375
2020-02-24,1531.73,1409.1916,827.1342000000001,1531.73,44.7599983215332,50.52000045776367,1200.0999755859375
2020-02-25,1530.59,1408.1428,826.5186,1530.59,44.7599983215332,50.52000045776367,1200.0999755859375
2020-02-26,1529.45,1407.094,825.9030000000001,1529.45,44.7599983215332,50.52000045776367,1200.0999755859375
2020-02-27,1528.09,1405.8428,825.1686,1528.09,44.7599983215332,50.52000045776367,1200.0999755859375
2020-02-28,1526.59,1404.4628,824.3586,1526.59,44.7599983215332,50.52000045776367,1200.0999755859375
2020-02-29,1525.03,1403.0276000000001,823.5162,1525.03,44.7599983215332,50.52000045776367,1200.0999755859375
2020-03-01,1523.52,1401.6384,822.7008000000001,1523.52,44.7599983215332,50.52000045776367,1222.699951171875
2020-03-02,1521.76,1400.0192,821.7504,1521.76,44.7599983215332,50.52000045776367,1222.699951171875
2020-03-03,1519.5,1397.94,820.5300000000001,1519.5,44.7599983215332,50.52000045776367,1222.699951171875
2020-03-04,1517.3,1395.916,819.342,1517.3,44.7599983215332,50.52000045776367,1222.699951171875
2020-03-05,1515.36,1394.1312,818.2944,1515.36,44.7599983215332,50.52000045776367,1222.699951171875
2020-03-06,1513.55,1392.4660000000001,817.317,1513.55,44.7599983215332,50.52000045776367,1222.699951171875
2020-03-07,1511.7,1390.7640000000001,816.3180000000001,1511.7,44.7599983215332,50.52000045776367,1222.699951171875
2020-03-08,1510.79,1389.9268,815.8266,1510.79,44.7599983215332,50.52000045776367,1222.699951171875
2020-03-09,1508.65,1387.958,814.671,1508.65,44.7599983215332,50.52000045776367,1222.699951171875
2020-03-10,1505.06,1384.6552,812.7324,1505.06,44.7599983215332,50.52000045776367,1222.699951171875
2020-03-11,1499.7,1379.7240000000002,809.8380000000001,1499.7,44.7599983215332,50.52000045776367,1222.699951171875
2020-03-12,1494.89,1375.2988000000003,807.2406000000001,1494.89,44.7599983215332,50.52000045776367,1222.699951171875
2020-03-13,1490.23,1371.0116,804.7242000000001,1490.23,44.7599983215332,50.52000045776367,1222.699951171875
2020-03-14,1486.01,1367.1292,802.4454000000001,1486.01,44.7599983215332,50.52000045776367,1222.699951171875
2020-03-15,1484.04,1365.3168,801.3816,1484.04,44.7599983215332,50.52000045776367,1222.699951171875
2020-03-16,1480.14,1361.7288,799.2756,1480.14,44.7599983215332,50.52000045776367,1222.699951171875
2020-03-17,1473.72,1355.8224,795.8088,1473.72,44.7599983215332,50.52000045776367,1222.699951171875
2020-03-18,1465.4,1348.1680000000001,791.3160000000001,1465.4,44.7599983215332,50.52000045776367,1222.699951171875
2020-03-19,1457.94,1341.3048000000001,787.2876000000001,1457.94,44.7599983215332,50.52000045776367,1222.699951171875
2020-03-20,1450.71,1334.6532000000002,783.3834,1450.71,44.7599983215332,50.52000045776367,1222.699951171875
2020-03-21,1445.02,1329.4184,780.3108000000001,1445.02,44.7599983215332,50.52000045776367,1222.699951171875
2020-03-22,1442.55,1327.146,778.977,1442.55,44.7599983215332,50.52000045776367,1222.699951171875
2020-03-23,1437.38,1322.3896000000002,776.1852000000001,1437.38,44.7599983215332,50.52000045776367,1222.699951171875
2020-03-24,1430.25,1315.8300000000002,772.335,1430.25,44.7599983215332,50.52000045776367,1222.699951171875
2020-03-25,1423.96,1310.0432,768.9384000000001,1423.96,44.7599983215332,50.52000045776367,1222.699951171875
2020-03-26,1418.18,1304.7256000000002,765.8172000000001,1418.18,44.7599983215332,50.52000045776367,1222.699951171875
2020-03-27,1411.92,1298.9664,762.4368000000001,1411.92,44.7599983215332,50.52000045776367,1222.699951171875
2020-03-28,1406.63,1294.0996000000002,759.5802000000001,1406.63,44.7599983215332,50.52000045776367,1222.699951171875
2020-03-29,1403.83,1291.5236,758.0682,1403.83,44.7599983215332,50.52000045776367,1222.699951171875
2020-03-30,1398.93,1287.0156000000002,755.4222000000001,1398.93,44.7599983215332,50.52000045776367,1222.699951171875
2020-03-31,1393.03,1281.5876,752.2362,1393.03,44.7599983215332,50.52000045776367,1222.699951171875
2020-04-01,1384.29,1273.5468,747.5166,1384.29,18.84000015258789,25.270000457763672,1210.7900390625
2020-04-02,1377.9,1267.6680000000001,744.0660000000001,1377.9,18.84000015258789,25.270000457763672,1210.7900390625
2020-04-03,1372.03,1262.2676000000001,740.8962,1372.03,18.84000015258789,25.270000457763672,1210.7900390625
2020-04-04,1367.91,1258.4772,738.6714000000001,1367.91,18.84000015258789,25.270000457763672,1210.7900390625
2020-04-05,1366.27,1256.9684,737.7858,1366.27,18.84000015258789,25.270000457763672,1210.7900390625
2020-04-06,1362.9,1253.8680000000002,735.9660000000001,1362.9,18.84000015258789,25.270000457763672,1210.7900390625
2020-04-07,1357.79,1249.1668,733.2066,1357.79,18.84000015258789,25.270000457763672,1210.7900390625
2020-04-08,1352.04,1243.8768,730.1016000000001,1352.04,18.84000015258789,25.270000457763672,1210.7900390625
2020-04-09,1347.54,1239.7368000000001,727.6716,1347.54,18.84000015258789,25.270000457763672,1210.7900390625
2020-04-10,1343.57,1236.0844,725.5278,1343.57,18.84000015258789,25.270000457763672,1210.7900390625
2020-04-11,1339.93,1232.7356000000002,723.5622000000001,1339.93,18.84000015258789,25.270000457763672,1210.7900390625
2020-04-12,1338.46,1231.3832,722.7684,1338.46,18.84000015258789,25.270000457763672,1210.7900390625
2020-04-13,1335.31,1228.4852,721.0674,1335.31,18.84000015258789,25.270000457763672,1210.7900390625
2020-04-14,1331.1,1224.612,718.794,1331.1,18.84000015258789,25.270000457763672,1210.7900390625
2020-04-15,1326.56,1220.4352,716.3424,1326.56,18.84000015258789,25.270000457763672,1210.7900390625
2020-04-16,1322.62,1216.8103999999998,714.2148,1322.62,18.84000015258789,25.270000457763672,1210.7900390625
2020-04-17,1317.95,1212.5140000000001,711.6930000000001,1317.95,18.84000015258789,25.270000457763672,1210.7900390625
2020-04-18,1313.53,1208.4476,709.3062,1313.53,18.84000015258789,25.270000457763672,1210.7900390625
2020-04-19,1311.41,1206.4972,708.1614000000001,1311.41,18.84000015258789,25.270000457763672,1210.7900390625
2020-04-20,1307.26,1202.6792,705.9204000000001,1307.26,18.84000015258789,25.270000457763672,1210.7900390625
2020-04-21,1301.62,1197.4904,702.8747999999999,1301.62,18.84000015258789,25.270000457763672,1210.7900390625
2020-04-22,1296.7,1192.9640000000002,700.2180000000001,1296.7,18.84000015258789,25.270000457763672,1210.7900390625
2020-04-23,1292.03,1188.6676,697.6962,1292.03,18.84000015258789,25.270000457763672,1210.7900390625
2020-04-24,1287.36,1184.3712,695.1744,1287.36,18.84000015258789,25.270000457763672,1210.7900390625
2020-04-25,1283.83,1181.1236,693.2682,1283.83,18.84000015258789,25.270000457763672,1210.7900390625
2020-04-26,1282.05,1179.486,692.307,1282.05,18.84000015258789,25.270000457763672,1210.7900390625
2020-04-27,1278.85,1176.542,690.579,1278.85,18.84000015258789,25.270000457763672,1210.7900390625
2020-04-28,1274.4,1172.448,688.176,1274.4,18.84000015258789,25.270000457763672,1210.7900390625
2020-04-29,1270.26,1168.6392,685.9404000000001,1270.26,18.84000015258789,25.270000457763672,1210.7900390625
2020-04-30,1267.24,1165.8608000000002,684.3096,1267.24,18.84000015258789,25.270000457763672,1210.7900390625
2020-05-01,1264.02,1162.8984,682.5708000000001,1264.02,35.4900016784668,35.33000183105469,1230.27001953125
2020-05-02,1262.63,1161.6196000000002,681.8202000000001,1262.63,35.4900016784668,35.33000183105469,1230.27001953125
2020-05-03,1261.66,1160.7272,681.2964000000001,1261.66,35.4900016784668,35.33000183105469,1230.27001953125
2020-05-04,1259.87,1159.0804,680.3298,1259.87,35.4900016784668,35.33000183105469,1230.27001953125
2020-05-05,1257.33,1156.7436,678.9582,1257.33,35.4900016784668,35.33000183105469,1230.27001953125
2020-05-06,1256.15,1155.6580000000001,678.3210000000001,1256.15,35.4900016784668,35.33000183105469,1230.27001953125
2020-05-07,1253.91,1153.5972000000002,677.1114000000001,1253.91,35.4900016784668,35.33000183105469,1230.27001953125
2020-05-08,1252.46,1152.2632,676.3284000000001,1252.46,35.4900016784668,35.33000183105469,1230.27001953125
2020-05-09,1251.41,1151.2972000000002,675.7614000000001,1251.41,35.4900016784668,35.33000183105469,1230.27001953125
2020-05-10,1251.08,1150.9936,675.5832,1251.08,35.4900016784668,35.33000183105469,1230.27001953125
2020-05-11,1250.1,1150.0919999999999,675.054,1250.1,35.4900016784668,35.33000183105469,1230.27001953125
2020-05-12,1249.18,1149.2456000000002,674.5572000000001,1249.18,35.4900016784668,35.33000183105469,1230.27001953125
2020-05-13,1248.34,1148.4728,674.1036,1248.34,35.4900016784668,35.33000183105469,1230.27001953125
2020-05-14,1247.95,1148.114,673.893,1247.95,35.4900016784668,35.33000183105469,1230.27001953125
2020-05-15,1247.58,1147.7736,673.6932,1247.58,35.4900016784668,35.33000183105469,1230.27001953125
2020-05-16,1247.73,1147.9116000000001,673.7742000000001,1247.73,35.4900016784668,35.33000183105469,1230.27001953125
2020-05-17,1247.91,1148.0772000000002,673.8714000000001,1247.91,35.4900016784668,35.33000183105469,1230.27001953125
2020-05-18,1248.13,1148.2796,673.9902000000001,1248.13,35.4900016784668,35.33000183105469,1230.27001953125
2020-05-19,1248.66,1148.7672000000002,674.2764000000001,1248.66,35.4900016784668,35.33000183105469,1230.27001953125
2020-05-20,1249.29,1149.3468,674.6166000000001,1249.29,35.4900016784668,35.33000183105469,1230.27001953125
2020-05-21,1250.29,1150.2668,675.1566,1250.29,35.4900016784668,35.33000183105469,1230.27001953125
2020-05-22,1251.66,1151.5272000000002,675.8964000000001,1251.66,35.4900016784668,35.33000183105469,1230.27001953125
2020-05-23,1253.38,1153.1096000000002,676.8252000000001,1253.38,35.4900016784668,35.33000183105469,1230.27001953125
2020-05-24,1254.16,1153.8272000000002,677.2464000000001,1254.16,35.4900016784668,35.33000183105469,1230.27001953125
2020-05-25,1255.48,1155.0416,677.9592,1255.48,35.4900016784668,35.33000183105469,1230.27001953125
2020-05-26,1258.57,1157.8844,679.6278,1258.57,35.4900016784668,35.33000183105469,1230.27001953125
2020-05-27,1261.22,1160.3224,681.0588,1261.22,35.4900016784668,35.33000183105469,1230.27001953125
2020-05-28,1263.74,1162.6408000000001,682.4196000000001,1263.74,35.4900016784668,35.33000183105469,1230.27001953125
2020-05-29,1266.16,1164.8672000000001,683.7264000000001,1266.16,35.4900016784668,35.33000183105469,1230.27001953125
2020-05-30,1268.42,1166.9464,684.9468,1268.42,35.4900016784668,35.33000183105469,1230.27001953125
2020-05-31,1269.84,1168.2528,685.7136,1269.84,35.4900016784668,35.33000183105469,1230.27001953125
2020-06-01,1273.49,1171.6108000000002,687.6846,1273.49,39.27000045776367,41.150001525878906,1198.489990234375
2020-06-02,1276.04,1173.9568,689.0616,1276.04,39.27000045776367,41.150001525878906,1198.489990234375
2020-06-03,1279.03,1176.7076,690.6762,1279.03,39.27000045776367,41.150001525878906,1198.489990234375
2020-06-04,1282.23,1179.6516000000001,692.4042000000001,1282.23,39.27000045776367,41.150001525878906,1198.489990234375
2020-06-05,1286.85,1183.902,694.899,1286.85,39.27000045776367,41.150001525878906,1198.489990234375
2020-06-06,1292.21,1188.8332,697.7934,1292.21,39.27000045776367,41.150001525878906,1198.489990234375
2020-06-07,1294.67,1191.0964000000001,699.1218000000001,1294.67,39.27000045776367,41.150001525878906,1198.489990234375
2020-06-08,1299.39,1195.4388000000001,701.6706000000001,1299.39,39.27000045776367,41.150001525878906,1198.489990234375
2020-06-09,1306.08,1201.5936,705.2832,1306.08,39.27000045776367,41.150001525878906,1198.489990234375
2020-06-10,1311.63,1206.6996000000001,708.2802000000001,1311.63,39.27000045776367,41.150001525878906,1198.489990234375
2020-06-11,1316.17,1210.8764,710.7318000000001,1316.17,39.27000045776367,41.150001525878906,1198.489990234375
2020-06-12,1319.99,1214.3908000000001,712.7946000000001,1319.99,39.27000045776367,41.150001525878906,1198.489990234375
2020-06-13,1322.91,1217.0772000000002,714.3714000000001,1322.91,39.27000045776367,41.150001525878906,1198.489990234375
2020-06-14,1324.22,1218.2824,715.0788000000001,1324.22,39.27000045776367,41.150001525878906,1198.489990234375
2020-06-15,1327.02,1220.8584,716.5908000000001,1327.02,39.27000045776367,41.150001525878906,1198.489990234375
2020-06-16,1330.09,1223.6828,718.2486,1330.09,39.27000045776367,41.150001525878906,1198.489990234375
2020-06-17,1332.86,1226.2312,719.7444,1332.86,39.27000045776367,41.150001525878906,1198.489990234375
2020-06-18,1335.47,1228.6324000000002,721.1538,1335.47,39.27000045776367,41.150001525878906,1198.489990234375
2020-06-19,1337.95,1230.914,722.493,1337.95,39.27000045776367,41.150001525878906,1198.489990234375
2020-06-20,1340.67,1233.4164,723.9618,1340.67,39.27000045776367,41.150001525878906,1198.489990234375
2020-06-21,1341.84,1234.4928,724.5936,1341.84,39.27000045776367,41.150001525878906,1198.489990234375
2020-06-22,1344.18,1236.6456,725.8572,1344.18,39.27000045776367,41.150001525878906,1198.489990234375
2020-06-23,1346.77,1239.0284000000001,727.2558,1346.77,39.27000045776367,41.150001525878906,1198.489990234375
2020-06-24,1348.54,1240.6568,728.2116,1348.54,39.27000045776367,41.150001525878906,1198.489990234375
2020-06-25,1350.05,1242.046,729.027,1350.05,39.27000045776367,41.150001525878906,1198.489990234375
2020-06-26,1351.31,1243.2052,729.7074,1351.31,39.27000045776367,41.150001525878906,1198.489990234375
2020-06-27,1352.59,1244.3828,730.3986,1352.59,39.27000045776367,41.150001525878906,1198.489990234375
2020-06-28,1353.19,1244.9348,730.7226,1353.19,39.27000045776367,41.150001525878906,1198.489990234375
2020-06-29,1354.24,1245.9008000000001,731.2896000000001,1354.24,39.27000045776367,41.150001525878906,1198.489990234375
2020-06-30,1355.2,1246.784,731.8080000000001,1355.2,39.27000045776367,41.150001525878906,1198.489990234375
2020-07-01,1356.73,1248.1916,732.6342000000001,1356.73,40.27000045776367,43.29999923706055,1189.56005859375
2020-07-02,1357.49,1248.8908000000001,733.0446000000001,1357.49,40.27000045776367,43.29999923706055,1189.56005859375
2020-07-03,1358.04,1249.3968,733.3416000000001,1358.04,40.27000045776367,43.29999923706055,1189.56005859375
2020-07-04,1358.36,1249.6912,733.5144,1358.36,40.27000045776367,43.29999923706055,1189.56005859375
2020-07-05,1358.73,1250.0316,733.7142,1358.73,40.27000045776367,43.29999923706055,1189.56005859375
2020-07-06,1359.06,1250.3352,733.8924000000001,1359.06,40.27000045776367,43.29999923706055,1189.56005859375
2020-07-07,1359.49,1250.7308,734.1246000000001,1359.49,40.27000045776367,43.29999923706055,1189.56005859375
2020-07-08,1359.68,1250.9056,734.2272,1359.68,40.27000045776367,43.29999923706055,1189.56005859375
2020-07-09,1359.95,1251.154,734.373,1359.95,40.27000045776367,43.29999923706055,1189.56005859375
2020-07-10,1360.16,1251.3472000000002,734.4864000000001,1360.16,40.27000045776367,43.29999923706055,1189.56005859375
2020-07-11,1360.4,1251.5680000000002,734.6160000000001,1360.4,40.27000045776367,43.29999923706055,1189.56005859375
2020-07-12,1360.51,1251.6692,734.6754000000001,1360.51,40.27000045776367,43.29999923706055,1189.56005859375
2020-07-13,1360.72,1251.8624,734.7888,1360.72,40.27000045776367,43.29999923706055,1189.56005859375
2020-07-14,1360.8,1251.936,734.832,1360.8,40.27000045776367,43.29999923706055,1189.56005859375
2020-07-15,1360.91,1252.0372000000002,734.8914000000001,1360.91,40.27000045776367,43.29999923706055,1189.56005859375
2020-07-16,1361.03,1252.1476,734.9562000000001,1361.03,40.27000045776367,43.29999923706055,1189.56005859375
2020-07-17,1361.04,1252.1568,734.9616,1361.04,40.27000045776367,43.29999923706055,1189.56005859375
2020-07-18,1361.15,1252.258,735.0210000000001,1361.15,40.27000045776367,43.29999923706055,1189.56005859375
2020-07-19,1361.22,1252.3224,735.0588,1361.22,40.27000045776367,43.29999923706055,1189.56005859375
2020-07-20,1361.18,1252.2856000000002,735.0372000000001,1361.18,40.27000045776367,43.29999923706055,1189.56005859375
2020-07-21,1361.13,1252.2396,735.0102,1361.13,40.27000045776367,43.29999923706055,1189.56005859375
2020-07-22,1361.07,1252.1844,734.9778,1361.07,40.27000045776367,43.29999923706055,1189.56005859375
2020-07-23,1361.01,1252.1292,734.9454000000001,1361.01,40.27000045776367,43.29999923706055,1189.56005859375
2020-07-24,1361.04,1252.1568,734.9616,1361.04,40.27000045776367,43.29999923706055,1189.56005859375
2020-07-25,1361.04,1252.1568,734.9616,1361.04,40.27000045776367,43.29999923706055,1189.56005859375
2020-07-26,1361.1,1252.212,734.994,1361.1,40.27000045776367,43.29999923706055,1189.56005859375
2020-07-27,1361.01,1252.1292,734.9454000000001,1361.01,40.27000045776367,43.29999923706055,1189.56005859375
2020-07-28,1361.04,1252.1568,734.9616,1361.04,40.27000045776367,43.29999923706055,1189.56005859375
2020-07-29,1360.99,1252.1108000000002,734.9346,1360.99,40.27000045776367,43.29999923706055,1189.56005859375
2020-07-30,1360.93,1252.0556000000001,734.9022000000001,1360.93,40.27000045776367,43.29999923706055,1189.56005859375
2020-07-31,1360.83,1251.9636,734.8482,1360.83,40.27000045776367,43.29999923706055,1189.56005859375
2020-08-01,1361.07,1252.1844,734.9778,1361.07,42.61000061035156,45.279998779296875,1179.5899658203125
2020-08-02,1361.2,1252.304,735.0480000000001,1361.2,42.61000061035156,45.279998779296875,1179.5899658203125
2020-08-03,1361.31,1252.4052,735.1074,1361.31,42.61000061035156,45.279998779296875,1179.5899658203125
2020-08-04,1361.25,1252.3500000000001,735.075,1361.25,42.61000061035156,45.279998779296875,1179.5899658203125
2020-08-05,1361.12,1252.2304,735.0048,1361.12,42.61000061035156,45.279998779296875,1179.5899658203125
2020-08-06,1361.07,1252.1844,734.9778,1361.07,42.61000061035156,45.279998779296875,1179.5899658203125
2020-08-07,1360.99,1252.1108000000002,734.9346,1360.99,42.61000061035156,45.279998779296875,1179.5899658203125
2020-08-08,1361.0,1252.1200000000001,734.94,1361.0,42.61000061035156,45.279998779296875,1179.5899658203125
2020-08-09,1361.03,1252.1476,734.9562000000001,1361.03,42.61000061035156,45.279998779296875,1179.5899658203125
2020-08-10,1361.07,1252.1844,734.9778,1361.07,42.61000061035156,45.279998779296875,1179.5899658203125
2020-08-11,1361.06,1252.1752,734.9724,1361.06,42.61000061035156,45.279998779296875,1179.5899658203125
2020-08-12,1361.04,1252.1568,734.9616,1361.04,42.61000061035156,45.279998779296875,1179.5899658203125
2020-08-13,1361.08,1252.1936,734.9832,1361.08,42.61000061035156,45.279998779296875,1179.5899658203125
2020-08-14,1361.12,1252.2304,735.0048,1361.12,42.61000061035156,45.279998779296875,1179.5899658203125
2020-08-15,1361.18,1252.2856000000002,735.0372000000001,1361.18,42.61000061035156,45.279998779296875,1179.5899658203125
2020-08-16,1361.23,1252.3316,735.0642,1361.23,42.61000061035156,45.279998779296875,1179.5899658203125
2020-08-17,1361.25,1252.3500000000001,735.075,1361.25,42.61000061035156,45.279998779296875,1179.5899658203125
2020-08-18,1361.24,1252.3408000000002,735.0696,1361.24,42.61000061035156,45.279998779296875,1179.5899658203125
2020-08-19,1361.21,1252.3132,735.0534000000001,1361.21,42.61000061035156,45.279998779296875,1179.5899658203125
2020-08-20,1361.27,1252.3684,735.0858000000001,1361.27,42.61000061035156,45.279998779296875,1179.5899658203125
2020-08-21,1361.25,1252.3500000000001,735.075,1361.25,42.61000061035156,45.279998779296875,1179.5899658203125
2020-08-22,1361.28,1252.3776,735.0912000000001,1361.28,42.61000061035156,45.279998779296875,1179.5899658203125
2020-08-23,1361.2,1252.304,735.0480000000001,1361.2,42.61000061035156,45.279998779296875,1179.5899658203125
2020-08-24,1361.19,1252.2948000000001,735.0426000000001,1361.19,42.61000061035156,45.279998779296875,1179.5899658203125
2020-08-25,1361.19,1252.2948000000001,735.0426000000001,1361.19,42.61000061035156,45.279998779296875,1179.5899658203125
2020-08-26,1361.09,1252.2028,734.9886,1361.09,42.61000061035156,45.279998779296875,1179.5899658203125
2020-08-27,1361.02,1252.1384,734.9508000000001,1361.02,42.61000061035156,45.279998779296875,1179.5899658203125
2020-08-28,1360.88,1252.0096,734.8752000000001,1360.88,42.61000061035156,45.279998779296875,1179.5899658203125
2020-08-29,1360.74,1251.8808000000001,734.7996,1360.74,42.61000061035156,45.279998779296875,1179.5899658203125
2020-08-30,1360.78,1251.9176,734.8212000000001,1360.78,42.61000061035156,45.279998779296875,1179.5899658203125
2020-08-31,1360.66,1251.8072000000002,734.7564000000001,1360.66,42.61000061035156,45.279998779296875,1179.5899658203125
2020-09-01,1360.37,1251.5403999999999,734.5998,1360.37,40.220001220703125,40.95000076293945,1167.8599853515625
2020-09-02,1360.3,1251.476,734.562,1360.3,40.220001220703125,40.95000076293945,1167.8599853515625
2020-09-03,1360.33,1251.5036,734.5782,1360.33,40.220001220703125,40.95000076293945,1167.8599853515625
2020-09-04,1360.22,1251.4024000000002,734.5188,1360.22,40.220001220703125,40.95000076293945,1167.8599853515625
2020-09-05,1360.18,1251.3656,734.4972000000001,1360.18,40.220001220703125,40.95000076293945,1167.8599853515625
2020-09-06,1360.11,1251.3011999999999,734.4594,1360.11,40.220001220703125,40.95000076293945,1167.8599853515625
2020-09-07,1359.89,1251.0988000000002,734.3406000000001,1359.89,40.220001220703125,40.95000076293945,1167.8599853515625
2020-09-08,1359.35,1250.6019999999999,734.049,1359.35,40.220001220703125,40.95000076293945,1167.8599853515625
2020-09-09,1358.5,1249.8200000000002,733.59,1358.5,40.220001220703125,40.95000076293945,1167.8599853515625
2020-09-10,1357.59,1248.9828,733.0986,1357.59,40.220001220703125,40.95000076293945,1167.8599853515625
2020-09-11,1356.76,1248.2192,732.6504,1356.76,40.220001220703125,40.95000076293945,1167.8599853515625
2020-09-12,1356.16,1247.6672,732.3264000000001,1356.16,40.220001220703125,40.95000076293945,1167.8599853515625
2020-09-13,1355.88,1247.4096000000002,732.1752000000001,1355.88,40.220001220703125,40.95000076293945,1167.8599853515625
2020-09-14,1355.34,1246.9128,731.8836,1355.34,40.220001220703125,40.95000076293945,1167.8599853515625
2020-09-15,1354.26,1245.9192,731.3004000000001,1354.26,40.220001220703125,40.95000076293945,1167.8599853515625
2020-09-16,1352.8,1244.576,730.5120000000001,1352.8,40.220001220703125,40.95000076293945,1167.8599853515625
2020-09-17,1351.53,1243.4076,729.8262000000001,1351.53,40.220001220703125,40.95000076293945,1167.8599853515625
2020-09-18,1350.33,1242.3036,729.1782000000001,1350.33,40.220001220703125,40.95000076293945,1167.8599853515625
2020-09-19,1349.55,1241.586,728.7570000000001,1349.55,40.220001220703125,40.95000076293945,1167.8599853515625
2020-09-20,1349.23,1241.2916,728.5842,1349.23,40.220001220703125,40.95000076293945,1167.8599853515625
2020-09-21,1348.45,1240.574,728.1630000000001,1348.45,40.220001220703125,40.95000076293945,1167.8599853515625
2020-09-22,1347.37,1239.5804,727.5798,1347.37,40.220001220703125,40.95000076293945,1167.8599853515625
2020-09-23,1346.26,1238.5592000000001,726.9804,1346.26,40.220001220703125,40.95000076293945,1167.8599853515625
2020-09-24,1345.28,1237.6576,726.4512000000001,1345.28,40.220001220703125,40.95000076293945,1167.8599853515625
2020-09-25,1344.43,1236.8756,725.9922000000001,1344.43,40.220001220703125,40.95000076293945,1167.8599853515625
2020-09-26,1343.87,1236.3604,725.6898,1343.87,40.220001220703125,40.95000076293945,1167.8599853515625
2020-09-27,1343.59,1236.1028,725.5386,1343.59,40.220001220703125,40.95000076293945,1167.8599853515625
2020-09-28,1343.1,1235.652,725.274,1343.1,40.220001220703125,40.95000076293945,1167.8599853515625
2020-09-29,1342.21,1234.8332,724.7934,1342.21,40.220001220703125,40.95000076293945,1167.8599853515625
2020-09-30,1341.81,1234.4652,724.5774,1341.81,40.220001220703125,40.95000076293945,1167.8599853515625
2020-10-01,1341.59,1234.2628,724.4586,1341.59,35.790000915527344,37.459999084472656,1129.52001953125
2020-10-02,1341.24,1233.9408,724.2696000000001,1341.24,35.790000915527344,37.459999084472656,1129.52001953125
2020-10-03,1340.62,1233.3704,723.9348,1340.62,35.790000915527344,37.459999084472656,1129.52001953125
2020-10-04,1340.17,1232.9564,723.6918000000001,1340.17,35.790000915527344,37.459999084472656,1129.52001953125
2020-10-05,1339.39,1232.2388,723.2706000000001,1339.39,35.790000915527344,37.459999084472656,1129.52001953125
2020-10-06,1338.26,1231.1992,722.6604000000001,1338.26,35.790000915527344,37.459999084472656,1129.52001953125
2020-10-07,1337.44,1230.4448000000002,722.2176000000001,1337.44,35.790000915527344,37.459999084472656,1129.52001953125
2020-10-08,1336.68,1229.7456000000002,721.8072000000001,1336.68,35.790000915527344,37.459999084472656,1129.52001953125
2020-10-09,1336.07,1229.1844,721.4778,1336.07,35.790000915527344,37.459999084472656,1129.52001953125
2020-10-10,1335.8,1228.936,721.332,1335.8,35.790000915527344,37.459999084472656,1129.52001953125
2020-10-11,1335.61,1228.7612,721.2293999999999,1335.61,35.790000915527344,37.459999084472656,1129.52001953125
2020-10-12,1335.25,1228.43,721.0350000000001,1335.25,35.790000915527344,37.459999084472656,1129.52001953125
2020-10-13,1334.67,1227.8964,720.7218,1334.67,35.790000915527344,37.459999084472656,1129.52001953125
2020-10-14,1334.08,1227.3536,720.4032,1334.08,35.790000915527344,37.459999084472656,1129.52001953125
2020-10-15,1333.55,1226.866,720.1170000000001,1333.55,35.790000915527344,37.459999084472656,1129.52001953125
2020-10-16,1332.97,1226.3324,719.8038,1332.97,35.790000915527344,37.459999084472656,1129.52001953125
2020-10-17,1332.52,1225.9184,719.5608000000001,1332.52,35.790000915527344,37.459999084472656,1129.52001953125
2020-10-18,1332.4,1225.8080000000002,719.4960000000001,1332.4,35.790000915527344,37.459999084472656,1129.52001953125
2020-10-19,1332.0,1225.44,719.2800000000001,1332.0,35.790000915527344,37.459999084472656,1129.52001953125
2020-10-20,1331.42,1224.9064,718.9668,1331.42,35.790000915527344,37.459999084472656,1129.52001953125
2020-10-21,1330.73,1224.2716,718.5942,1330.73,35.790000915527344,37.459999084472656,1129.52001953125
2020-10-22,1330.19,1223.7748000000001,718.3026000000001,1330.19,35.790000915527344,37.459999084472656,1129.52001953125
2020-10-23,1329.67,1223.2964000000002,718.0218000000001,1329.67,35.790000915527344,37.459999084472656,1129.52001953125
2020-10-24,1329.22,1222.8824000000002,717.7788,1329.22,35.790000915527344,37.459999084472656,1129.52001953125
2020-10-25,1329.04,1222.7168,717.6816,1329.04,35.790000915527344,37.459999084472656,1129.52001953125
2020-10-26,1328.62,1222.3304,717.4548,1328.62,35.790000915527344,37.459999084472656,1129.52001953125
2020-10-27,1327.99,1221.7508,717.1146,1327.99,35.790000915527344,37.459999084472656,1129.52001953125
2020-10-28,1327.4,1221.208,716.796,1327.4,35.790000915527344,37.459999084472656,1129.52001953125
2020-10-29,1326.72,1220.5824,716.4288,1326.72,35.790000915527344,37.459999084472656,1129.52001953125
2020-10-30,1325.75,1219.69,715.9050000000001,1325.75,35.790000915527344,37.459999084472656,1129.52001953125
2020-10-31,1325.11,1219.1012,715.5594,1325.11,35.790000915527344,37.459999084472656,1129.52001953125
2020-11-01,1324.32,1218.3744,715.1328,1324.32,35.790000915527344,37.459999084472656,1104.3299560546875
2020-11-02,1323.37,1217.5004,714.6197999999999,1323.37,35.790000915527344,37.459999084472656,1104.3299560546875
2020-11-03,1322.14,1216.3688000000002,713.9556000000001,1322.14,35.790000915527344,37.459999084472656,1104.3299560546875
2020-11-04,1321.08,1215.3935999999999,713.3832,1321.08,35.790000915527344,37.459999084472656,1104.3299560546875
2020-11-05,1320.29,1214.6668,712.9566,1320.29,35.790000915527344,37.459999084472656,1104.3299560546875
2020-11-06,1319.71,1214.1332,712.6434,1319.71,35.790000915527344,37.459999084472656,1104.3299560546875
2020-11-07,1319.26,1213.7192,712.4004,1319.26,35.790000915527344,37.459999084472656,1104.3299560546875
2020-11-08,1319.1,1213.572,712.314,1319.1,35.790000915527344,37.459999084472656,1104.3299560546875
2020-11-09,1318.67,1213.1764,712.0818,1318.67,35.790000915527344,37.459999084472656,1104.3299560546875
2020-11-10,1318.14,1212.6888000000001,711.7956000000001,1318.14,35.790000915527344,37.459999084472656,1104.3299560546875
2020-11-11,1317.87,1212.4404,711.6498,1317.87,35.790000915527344,37.459999084472656,1104.3299560546875
2020-11-12,1317.69,1212.2748000000001,711.5526000000001,1317.69,35.790000915527344,37.459999084472656,1104.3299560546875
2020-11-13,1317.62,1212.2104,711.5148,1317.62,35.790000915527344,37.459999084472656,1104.3299560546875
2020-11-14,1317.55,1212.146,711.477,1317.55,35.790000915527344,37.459999084472656,1104.3299560546875
2020-11-15,1317.55,1212.146,711.477,1317.55,35.790000915527344,37.459999084472656,1104.3299560546875
2020-11-16,1317.49,1212.0908000000002,711.4446,1317.49,35.790000915527344,37.459999084472656,1104.3299560546875
2020-11-17,1317.44,1212.0448000000001,711.4176000000001,1317.44,35.790000915527344,37.459999084472656,1104.3299560546875
2020-11-18,1317.11,1211.7412,711.2394,1317.11,35.790000915527344,37.459999084472656,1104.3299560546875
2020-11-19,1317.35,1211.962,711.369,1317.35,35.790000915527344,37.459999084472656,1104.3299560546875
2020-11-20,1317.62,1212.2104,711.5148,1317.62,35.790000915527344,37.459999084472656,1104.3299560546875
2020-11-21,1317.88,1212.4496000000001,711.6552000000001,1317.88,35.790000915527344,37.459999084472656,1104.3299560546875
2020-11-22,1317.96,1212.5232,711.6984000000001,1317.96,35.790000915527344,37.459999084472656,1104.3299560546875
2020-11-23,1318.08,1212.6336,711.7632,1318.08,35.790000915527344,37.459999084472656,1104.3299560546875
2020-11-24,1318.35,1212.882,711.909,1318.35,35.790000915527344,37.459999084472656,1104.3299560546875
2020-11-25,1319.01,1213.4892,712.2654,1319.01,35.790000915527344,37.459999084472656,1104.3299560546875
2020-11-26,1320.47,1214.8324,713.0538,1320.47,35.790000915527344,37.459999084472656,1104.3299560546875
2020-11-27,1322.21,1216.4332000000002,713.9934000000001,1322.21,35.790000915527344,37.459999084472656,1104.3299560546875
2020-11-28,1323.49,1217.6108000000002,714.6846,1323.49,35.790000915527344,37.459999084472656,1104.3299560546875
2020-11-29,1324.04,1218.1168,714.9816000000001,1324.04,35.790000915527344,37.459999084472656,1104.3299560546875
2020-11-30,1324.99,1218.9908,715.4946000000001,1324.99,35.790000915527344,37.459999084472656,1104.3299560546875
2020-12-01,1327.25,1221.0700000000002,716.715,1327.25,48.52000045776367,51.79999923706055,1086.4200439453125
2020-12-02,1328.51,1222.2292,717.3954,1328.51,48.52000045776367,51.79999923706055,1086.4200439453125
2020-12-03,1329.96,1223.5632,718.1784,1329.96,48.52000045776367,51.79999923706055,1086.4200439453125
2020-12-04,1331.81,1225.2652,719.1774,1331.81,48.52000045776367,51.79999923706055,1086.4200439453125
2020-12-05,1333.91,1227.1972,720.3114,1333.91,48.52000045776367,51.79999923706055,1086.4200439453125
2020-12-06,1335.02,1228.2184,720.9108,1335.02,48.52000045776367,51.79999923706055,1086.4200439453125
2020-12-07,1336.8,1229.856,721.8720000000001,1336.8,48.52000045776367,51.79999923706055,1086.4200439453125
2020-12-08,1339.3,1232.156,723.222,1339.3,48.52000045776367,51.79999923706055,1086.4200439453125
2020-12-09,1341.26,1233.9592,724.2804,1341.26,48.52000045776367,51.79999923706055,1086.4200439453125
2020-12-10,1343.28,1235.8176,725.3712,1343.28,48.52000045776367,51.79999923706055,1086.4200439453125
2020-12-11,1346.54,1238.8168,727.1316,1346.54,48.52000045776367,51.79999923706055,1086.4200439453125
2020-12-12,1349.88,1241.8896000000002,728.9352000000001,1349.88,48.52000045776367,51.79999923706055,1086.4200439453125
2020-12-13,1351.6,1243.472,729.864,1351.6,48.52000045776367,51.79999923706055,1086.4200439453125
2020-12-14,1354.08,1245.7536,731.2032,1354.08,48.52000045776367,51.79999923706055,1086.4200439453125
2020-12-15,1357.25,1248.67,732.9150000000001,1357.25,48.52000045776367,51.79999923706055,1086.4200439453125
2020-12-16,1360.73,1251.8716000000002,734.7942,1360.73,48.52000045776367,51.79999923706055,1086.4200439453125
2020-12-17,1364.87,1255.6804,737.0298,1364.87,48.52000045776367,51.79999923706055,1086.4200439453125
2020-12-18,1370.74,1261.0808,740.1996,1370.74,48.52000045776367,51.79999923706055,1086.4200439453125
2020-12-19,1376.91,1266.7572000000002,743.5314000000001,1376.91,48.52000045776367,51.79999923706055,1086.4200439453125
2020-12-20,1380.09,1269.6828,745.2486,1380.09,48.52000045776367,51.79999923706055,1086.4200439453125
2020-12-21,1384.58,1273.8136,747.6732000000001,1384.58,48.52000045776367,51.79999923706055,1086.4200439453125
2020-12-22,1389.87,1278.6804,750.5298,1389.87,48.52000045776367,51.79999923706055,1086.4200439453125
2020-12-23,1394.09,1282.5628,752.8086,1394.09,48.52000045776367,51.79999923706055,1086.4200439453125
2020-12-24,1398.43,1286.5556000000001,755.1522000000001,1398.43,48.52000045776367,51.79999923706055,1086.4200439453125
2020-12-25,1402.7,1290.4840000000002,757.4580000000001,1402.7,48.52000045776367,51.79999923706055,1086.4200439453125
2020-12-26,1405.23,1292.8116,758.8242,1405.23,48.52000045776367,51.79999923706055,1086.4200439453125
2020-12-27,1406.84,1294.2928,759.6936000000001,1406.84,48.52000045776367,51.79999923706055,1086.4200439453125
2020-12-28,1409.68,1296.9056,761.2272,1409.68,48.52000045776367,51.79999923706055,1086.4200439453125
2020-12-29,1413.82,1300.7144,763.4628,1413.82,48.52000045776367,51.79999923706055,1086.4200439453125
2020-12-30,1417.11,1303.7412,765.2394,1417.11,48.52000045776367,51.79999923706055,1086.4200439453125
2020-12-31,1419.7,1306.124,766.638,1419.7,48.52000045776367,51.79999923706055,1086.4200439453125
2021-01-01,1424.0,1310.0800000000002,768.96,1424.0,52.20000076293945,55.880001068115234,1117.4300537109375
2021-01-02,1425.64,1311.5888000000002,769.8456000000001,1425.64,52.20000076293945,55.880001068115234,1117.4300537109375
2021-01-03,1426.62,1312.4904,770.3747999999999,1426.62,52.20000076293945,55.880001068115234,1117.4300537109375
2021-01-04,1428.43,1314.1556,771.3522,1428.43,52.20000076293945,55.880001068115234,1117.4300537109375
2021-01-05,1430.42,1315.9864000000002,772.4268000000001,1430.42,52.20000076293945,55.880001068115234,1117.4300537109375
2021-01-06,1431.84,1317.2928,773.1936000000001,1431.84,52.20000076293945,55.880001068115234,1117.4300537109375
2021-01-07,1433.41,1318.7372,774.0414000000001,1433.41,52.20000076293945,55.880001068115234,1117.4300537109375
2021-01-08,1434.78,1319.9976,774.7812,1434.78,52.20000076293945,55.880001068115234,1117.4300537109375
2021-01-09,1436.05,1321.166,775.467,1436.05,52.20000076293945,55.880001068115234,1117.4300537109375
2021-01-10,1436.73,1321.7916,775.8342,1436.73,52.20000076293945,55.880001068115234,1117.4300537109375
2021-01-11,1437.89,1322.8588000000002,776.4606000000001,1437.89,52.20000076293945,55.880001068115234,1117.4300537109375
2021-01-12,1439.25,1324.1100000000001,777.195,1439.25,52.20000076293945,55.880001068115234,1117.4300537109375
2021-01-13,1440.44,1325.2048000000002,777.8376000000001,1440.44,52.20000076293945,55.880001068115234,1117.4300537109375
2021-01-14,1441.94,1326.5848,778.6476000000001,1441.94,52.20000076293945,55.880001068115234,1117.4300537109375
2021-01-15,1443.47,1327.9924,779.4738000000001,1443.47,52.20000076293945,55.880001068115234,1117.4300537109375
2021-01-16,1444.83,1329.2436,780.2082,1444.83,52.20000076293945,55.880001068115234,1117.4300537109375
2021-01-17,1445.38,1329.7496,780.5052000000001,1445.38,52.20000076293945,55.880001068115234,1117.4300537109375
2021-01-18,1446.25,1330.55,780.975,1446.25,52.20000076293945,55.880001068115234,1117.4300537109375
2021-01-19,1447.27,1331.4884,781.5258,1447.27,52.20000076293945,55.880001068115234,1117.4300537109375
2021-01-20,1448.04,1332.1968,781.9416,1448.04,52.20000076293945,55.880001068115234,1117.4300537109375
2021-01-21,1448.83,1332.9236,782.3682,1448.83,52.20000076293945,55.880001068115234,1117.4300537109375
2021-01-22,1449.36,1333.4112,782.6544,1449.36,52.20000076293945,55.880001068115234,1117.4300537109375
2021-01-23,1449.76,1333.7792,782.8704,1449.76,52.20000076293945,55.880001068115234,1117.4300537109375
2021-01-24,1449.89,1333.8988000000002,782.9406000000001,1449.89,52.20000076293945,55.880001068115234,1117.4300537109375
2021-01-25,1450.32,1334.2944,783.1728,1450.32,52.20000076293945,55.880001068115234,1117.4300537109375
2021-01-26,1450.49,1334.4508,783.2646000000001,1450.49,52.20000076293945,55.880001068115234,1117.4300537109375
2021-01-27,1450.73,1334.6716000000001,783.3942000000001,1450.73,52.20000076293945,55.880001068115234,1117.4300537109375
2021-01-28,1450.89,1334.8188000000002,783.4806000000001,1450.89,52.20000076293945,55.880001068115234,1117.4300537109375
2021-01-29,1451.3,1335.196,783.702,1451.3,52.20000076293945,55.880001068115234,1117.4300537109375
2021-01-30,1451.43,1335.3156000000001,783.7722000000001,1451.43,52.20000076293945,55.880001068115234,1117.4300537109375
2021-01-31,1451.48,1335.3616000000002,783.7992,1451.48,52.20000076293945,55.880001068115234,1117.4300537109375
2021-02-01,1451.94,1335.7848000000001,784.0476000000001,1451.94,61.5,66.12999725341797,1123.3699951171875
2021-02-02,1451.99,1335.8308,784.0746,1451.99,61.5,66.12999725341797,1123.3699951171875
2021-02-03,1452.13,1335.9596000000001,784.1502000000002,1452.13,61.5,66.12999725341797,1123.3699951171875
2021-02-04,1452.42,1336.2264,784.3068000000001,1452.42,61.5,66.12999725341797,1123.3699951171875
2021-02-05,1452.85,1336.622,784.539,1452.85,61.5,66.12999725341797,1123.3699951171875
2021-02-06,1453.46,1337.1832000000002,784.8684000000001,1453.46,61.5,66.12999725341797,1123.3699951171875
2021-02-07,1453.65,1337.3580000000002,784.9710000000001,1453.65,61.5,66.12999725341797,1123.3699951171875
2021-02-08,1454.26,1337.9192,785.3004000000001,1454.26,61.5,66.12999725341797,1123.3699951171875
2021-02-09,1455.63,1339.1796000000002,786.0402000000001,1455.63,61.5,66.12999725341797,1123.3699951171875
2021-02-10,1457.21,1340.6332,786.8934,1457.21,61.5,66.12999725341797,1123.3699951171875
2021-02-11,1458.76,1342.0592000000001,787.7304,1458.76,61.5,66.12999725341797,1123.3699951171875
2021-02-12,1459.28,1342.5376,788.0112,1459.28,61.5,66.12999725341797,1123.3699951171875
2021-02-13,1459.61,1342.8412,788.1894,1459.61,61.5,66.12999725341797,1123.3699951171875
2021-02-14,1459.89,1343.0988000000002,788.3406000000001,1459.89,61.5,66.12999725341797,1123.3699951171875
2021-02-15,1461.06,1344.1752,788.9724,1461.06,61.5,66.12999725341797,1123.3699951171875
2021-02-16,1463.32,1346.2544,790.1928,1463.32,61.5,66.12999725341797,1123.3699951171875
2021-02-17,1464.89,1347.6988000000001,791.0406000000002,1464.89,61.5,66.12999725341797,1123.3699951171875
2021-02-18,1466.59,1349.2628,791.9586,1466.59,61.5,66.12999725341797,1123.3699951171875
2021-02-19,1468.46,1350.9832000000001,792.9684000000001,1468.46,61.5,66.12999725341797,1123.3699951171875
2021-02-20,1469.88,1352.2896,793.7352000000001,1469.88,61.5,66.12999725341797,1123.3699951171875
2021-02-21,1470.6,1352.952,794.124,1470.6,61.5,66.12999725341797,1123.3699951171875
2021-02-22,1471.83,1354.0836,794.7882,1471.83,61.5,66.12999725341797,1123.3699951171875
2021-02-23,1473.21,1355.3532,795.5334,1473.21,61.5,66.12999725341797,1123.3699951171875
2021-02-24,1474.79,1356.8068,796.3866,1474.79,61.5,66.12999725341797,1123.3699951171875
2021-02-25,1476.11,1358.0212,797.0994,1476.11,61.5,66.12999725341797,1123.3699951171875
2021-02-26,1477.54,1359.3368,797.8716000000001,1477.54,61.5,66.12999725341797,1123.3699951171875
2021-02-27,1479.1,1360.772,798.714,1479.1,61.5,66.12999725341797,1123.3699951171875
2021-02-28,1479.89,1361.4988,799.1406000000001,1479.89,61.5,66.12999725341797,1123.3699951171875
2021-03-01,1481.76,1363.2192,800.1504000000001,1481.76,59.15999984741211,63.540000915527344,1132.3199462890625
2021-03-02,1483.1,1364.452,800.874,1483.1,59.15999984741211,63.540000915527344,1132.3199462890625
2021-03-03,1484.45,1365.6940000000002,801.6030000000001,1484.45,59.15999984741211,63.540000915527344,1132.3199462890625
2021-03-04,1485.71,1366.8532,802.2834,1485.71,59.15999984741211,63.540000915527344,1132.3199462890625
2021-03-05,1487.79,1368.7668,803.4066,1487.79,59.15999984741211,63.540000915527344,1132.3199462890625
2021-03-06,1490.69,1371.4348000000002,804.9726,1490.69,59.15999984741211,63.540000915527344,1132.3199462890625
2021-03-07,1492.4,1373.008,805.8960000000001,1492.4,59.15999984741211,63.540000915527344,1132.3199462890625
2021-03-08,1495.18,1375.5656000000001,807.3972000000001,1495.18,59.15999984741211,63.540000915527344,1132.3199462890625
2021-03-09,1498.95,1379.034,809.4330000000001,1498.95,59.15999984741211,63.540000915527344,1132.3199462890625
2021-03-10,1501.95,1381.794,811.0530000000001,1501.95,59.15999984741211,63.540000915527344,1132.3199462890625
2021-03-11,1504.22,1383.8824000000002,812.2788,1504.22,59.15999984741211,63.540000915527344,1132.3199462890625
2021-03-12,1506.7,1386.1640000000002,813.618,1506.7,59.15999984741211,63.540000915527344,1132.3199462890625
2021-03-13,1509.97,1389.1724000000002,815.3838000000001,1509.97,59.15999984741211,63.540000915527344,1132.3199462890625
2021-03-14,1511.68,1390.7456000000002,816.3072000000001,1511.68,59.15999984741211,63.540000915527344,1132.3199462890625
2021-03-15,1514.35,1393.202,817.749,1514.35,59.15999984741211,63.540000915527344,1132.3199462890625
2021-03-16,1517.64,1396.2288,819.5256,1517.64,59.15999984741211,63.540000915527344,1132.3199462890625
2021-03-17,1520.36,1398.7312,820.9944,1520.36,59.15999984741211,63.540000915527344,1132.3199462890625
2021-03-18,1522.81,1400.9852,822.3174,1522.81,59.15999984741211,63.540000915527344,1132.3199462890625
2021-03-19,1524.98,1402.9816,823.4892000000001,1524.98,59.15999984741211,63.540000915527344,1132.3199462890625
2021-03-20,1526.53,1404.4076,824.3262000000001,1526.53,59.15999984741211,63.540000915527344,1132.3199462890625
2021-03-21,1527.4,1405.208,824.796,1527.4,59.15999984741211,63.540000915527344,1132.3199462890625
2021-03-22,1528.75,1406.45,825.5250000000001,1528.75,59.15999984741211,63.540000915527344,1132.3199462890625
2021-03-23,1530.34,1407.9128,826.3836,1530.34,59.15999984741211,63.540000915527344,1132.3199462890625
2021-03-24,1531.33,1408.8236,826.9182000000001,1531.33,59.15999984741211,63.540000915527344,1132.3199462890625
2021-03-25,1531.9,1409.3480000000002,827.2260000000001,1531.9,59.15999984741211,63.540000915527344,1132.3199462890625
2021-03-26,1532.48,1409.8816000000002,827.5392,1532.48,59.15999984741211,63.540000915527344,1132.3199462890625
2021-03-27,1532.94,1410.3048000000001,827.7876000000001,1532.94,59.15999984741211,63.540000915527344,1132.3199462890625
2021-03-28,1533.22,1410.5624,827.9388,1533.22,59.15999984741211,63.540000915527344,1132.3199462890625
2021-03-29,1533.5,1410.8200000000002,828.09,1533.5,59.15999984741211,63.540000915527344,1132.3199462890625
2021-03-30,1534.04,1411.3168,828.3816,1534.04,59.15999984741211,63.540000915527344,1132.3199462890625
2021-03-31,1534.27,1411.5284000000001,828.5058,1534.27,59.15999984741211,63.540000915527344,1132.3199462890625
2021-04-01,1534.52,1411.7584,828.6408,1534.52,63.58000183105469,67.25,1106.6300048828125
2021-04-02,1534.68,1411.9056,828.7272,1534.68,63.58000183105469,67.25,1106.6300048828125
2021-04-03,1534.84,1412.0528,828.8136000000001,1534.84,63.58000183105469,67.25,1106.6300048828125
2021-04-04,1534.93,1412.1356,828.8622000000001,1534.93,63.58000183105469,67.25,1106.6300048828125
2021-04-05,1535.02,1412.2184,828.9108,1535.02,63.58000183105469,67.25,1106.6300048828125
2021-04-06,1535.07,1412.2644,828.9378,1535.07,63.58000183105469,67.25,1106.6300048828125
2021-04-07,1535.05,1412.246,828.927,1535.05,63.58000183105469,67.25,1106.6300048828125
2021-04-08,1535.04,1412.2368000000001,828.9216,1535.04,63.58000183105469,67.25,1106.6300048828125
2021-04-09,1534.99,1412.1908,828.8946000000001,1534.99,63.58000183105469,67.25,1106.6300048828125
2021-04-10,1534.9,1412.1080000000002,828.8460000000001,1534.9,63.58000183105469,67.25,1106.6300048828125
2021-04-11,1534.95,1412.154,828.873,1534.95,63.58000183105469,67.25,1106.6300048828125
2021-04-12,1534.97,1412.1724000000002,828.8838000000001,1534.97,63.58000183105469,67.25,1106.6300048828125
2021-04-13,1534.9,1412.1080000000002,828.8460000000001,1534.9,63.58000183105469,67.25,1106.6300048828125
2021-04-14,1534.79,1412.0068,828.7866,1534.79,63.58000183105469,67.25,1106.6300048828125
2021-04-15,1534.71,1411.9332000000002,828.7434000000001,1534.71,63.58000183105469,67.25,1106.6300048828125
2021-04-16,1534.64,1411.8688000000002,828.7056000000001,1534.64,63.58000183105469,67.25,1106.6300048828125
2021-04-17,1534.38,1411.6296000000002,828.5652000000001,1534.38,63.58000183105469,67.25,1106.6300048828125
2021-04-18,1534.35,1411.602,828.549,1534.35,63.58000183105469,67.25,1106.6300048828125
2021-04-19,1534.33,1411.5836,828.5382,1534.33,63.58000183105469,67.25,1106.6300048828125
2021-04-20,1534.26,1411.5192,828.5004,1534.26,63.58000183105469,67.25,1106.6300048828125
2021-04-21,1534.25,1411.51,828.495,1534.25,63.58000183105469,67.25,1106.6300048828125
2021-04-22,1534.21,1411.4732000000001,828.4734000000001,1534.21,63.58000183105469,67.25,1106.6300048828125
2021-04-23,1534.11,1411.3812,828.4194,1534.11,63.58000183105469,67.25,1106.6300048828125
2021-04-24,1534.04,1411.3168,828.3816,1534.04,63.58000183105469,67.25,1106.6300048828125
2021-04-25,1534.03,1411.3076,828.3762,1534.03,63.58000183105469,67.25,1106.6300048828125
2021-04-26,1534.03,1411.3076,828.3762,1534.03,63.58000183105469,67.25,1106.6300048828125
2021-04-27,1533.96,1411.2432000000001,828.3384000000001,1533.96,63.58000183105469,67.25,1106.6300048828125
2021-04-28,1533.93,1411.2156000000002,828.3222000000001,1533.93,63.58000183105469,67.25,1106.6300048828125
2021-04-29,1533.92,1411.2064,828.3168000000001,1533.92,63.58000183105469,67.25,1106.6300048828125
2021-04-30,1533.93,1411.2156000000002,828.3222000000001,1533.93,63.58000183105469,67.25,1106.6300048828125
2021-05-01,1534.19,1411.4548000000002,828.4626000000001,1534.19,66.31999969482422,69.62999725341797,1112.8499755859375
2021-05-02,1534.27,1411.5284000000001,828.5058,1534.27,66.31999969482422,69.62999725341797,1112.8499755859375
2021-05-03,1534.27,1411.5284000000001,828.5058,1534.27,66.31999969482422,69.62999725341797,1112.8499755859375
2021-05-04,1534.28,1411.5376,828.5112,1534.28,66.31999969482422,69.62999725341797,1112.8499755859375
2021-05-05,1534.36,1411.6112,828.5544,1534.36,66.31999969482422,69.62999725341797,1112.8499755859375
2021-05-06,1534.55,1411.786,828.657,1534.55,66.31999969482422,69.62999725341797,1112.8499755859375
2021-05-07,1534.9,1412.1080000000002,828.8460000000001,1534.9,66.31999969482422,69.62999725341797,1112.8499755859375
2021-05-08,1535.33,1412.5036,829.0782,1535.33,66.31999969482422,69.62999725341797,1112.8499755859375
2021-05-09,1535.53,1412.6876,829.1862,1535.53,66.31999969482422,69.62999725341797,1112.8499755859375
2021-05-10,1536.1,1413.212,829.494,1536.1,66.31999969482422,69.62999725341797,1112.8499755859375
2021-05-11,1537.02,1414.0584000000001,829.9908,1537.02,66.31999969482422,69.62999725341797,1112.8499755859375
2021-05-12,1537.73,1414.7116,830.3742000000001,1537.73,66.31999969482422,69.62999725341797,1112.8499755859375
2021-05-13,1538.82,1415.7144,830.9628,1538.82,66.31999969482422,69.62999725341797,1112.8499755859375
2021-05-14,1539.99,1416.7908,831.5946,1539.99,66.31999969482422,69.62999725341797,1112.8499755859375
2021-05-15,1540.53,1417.2876,831.8862,1540.53,66.31999969482422,69.62999725341797,1112.8499755859375
2021-05-16,1540.93,1417.6556,832.1022,1540.93,66.31999969482422,69.62999725341797,1112.8499755859375
2021-05-17,1541.67,1418.3364000000001,832.5018000000001,1541.67,66.31999969482422,69.62999725341797,1112.8499755859375
2021-05-18,1542.6,1419.192,833.004,1542.6,66.31999969482422,69.62999725341797,1112.8499755859375
2021-05-19,1543.52,1420.0384000000001,833.5008,1543.52,66.31999969482422,69.62999725341797,1112.8499755859375
2021-05-20,1544.19,1420.6548,833.8626,1544.19,66.31999969482422,69.62999725341797,1112.8499755859375
2021-05-21,1544.88,1421.2896,834.2352000000001,1544.88,66.31999969482422,69.62999725341797,1112.8499755859375
2021-05-22,1545.57,1421.9244,834.6078,1545.57,66.31999969482422,69.62999725341797,1112.8499755859375
2021-05-23,1545.86,1422.1912,834.7644,1545.86,66.31999969482422,69.62999725341797,1112.8499755859375
2021-05-24,1546.47,1422.7524,835.0938000000001,1546.47,66.31999969482422,69.62999725341797,1112.8499755859375
2021-05-25,1547.36,1423.5711999999999,835.5744,1547.36,66.31999969482422,69.62999725341797,1112.8499755859375
2021-05-26,1548.28,1424.4176,836.0712000000001,1548.28,66.31999969482422,69.62999725341797,1112.8499755859375
2021-05-27,1549.28,1425.3376,836.6112,1549.28,66.31999969482422,69.62999725341797,1112.8499755859375
2021-05-28,1550.19,1426.1748,837.1026,1550.19,66.31999969482422,69.62999725341797,1112.8499755859375
2021-05-29,1551.04,1426.9568,837.5616,1551.04,66.31999969482422,69.62999725341797,1112.8499755859375
2021-05-30,1551.52,1427.3984,837.8208000000001,1551.52,66.31999969482422,69.62999725341797,1112.8499755859375
2021-05-31,1552.23,1428.0516,838.2042,1552.23,66.31999969482422,69.62999725341797,1112.8499755859375
2021-06-01,1554.21,1429.8732,839.2734,1554.21,73.47000122070312,75.12999725341797,1130.510009765625
2021-06-02,1555.59,1431.1428,840.0186,1555.59,73.47000122070312,75.12999725341797,1130.510009765625
2021-06-03,1556.98,1432.4216000000001,840.7692000000001,1556.98,73.47000122070312,75.12999725341797,1130.510009765625
2021-06-04,1558.6,1433.912,841.644,1558.6,73.47000122070312,75.12999725341797,1130.510009765625
2021-06-05,1560.26,1435.4392,842.5404000000001,1560.26,73.47000122070312,75.12999725341797,1130.510009765625
2021-06-06,1561.13,1436.2396,843.0102000000002,1561.13,73.47000122070312,75.12999725341797,1130.510009765625
2021-06-07,1562.72,1437.7024000000001,843.8688000000001,1562.72,73.47000122070312,75.12999725341797,1130.510009765625
2021-06-08,1564.59,1439.4228,844.8786,1564.59,73.47000122070312,75.12999725341797,1130.510009765625
2021-06-09,1566.31,1441.0052,845.8074,1566.31,73.47000122070312,75.12999725341797,1130.510009765625
2021-06-10,1567.97,1442.5324,846.7038000000001,1567.97,73.47000122070312,75.12999725341797,1130.510009765625
2021-06-11,1569.83,1444.2436,847.7082,1569.83,73.47000122070312,75.12999725341797,1130.510009765625
2021-06-12,1571.61,1445.8812,848.6694,1571.61,73.47000122070312,75.12999725341797,1130.510009765625
2021-06-13,1572.53,1446.7276,849.1662,1572.53,73.47000122070312,75.12999725341797,1130.510009765625
2021-06-14,1574.22,1448.2824,850.0788000000001,1574.22,73.47000122070312,75.12999725341797,1130.510009765625
2021-06-15,1576.08,1449.9936,851.0832,1576.08,73.47000122070312,75.12999725341797,1130.510009765625
2021-06-16,1578.16,1451.9072,852.2064000000001,1578.16,73.47000122070312,75.12999725341797,1130.510009765625
2021-06-17,1580.15,1453.738,853.2810000000001,1580.15,73.47000122070312,75.12999725341797,1130.510009765625
2021-06-18,1581.71,1455.1732000000002,854.1234000000001,1581.71,73.47000122070312,75.12999725341797,1130.510009765625
2021-06-19,1583.18,1456.5256000000002,854.9172000000001,1583.18,73.47000122070312,75.12999725341797,1130.510009765625
2021-06-20,1583.95,1457.2340000000002,855.3330000000001,1583.95,73.47000122070312,75.12999725341797,1130.510009765625
2021-06-21,1585.42,1458.5864000000001,856.1268000000001,1585.42,73.47000122070312,75.12999725341797,1130.510009765625
2021-06-22,1587.57,1460.5644,857.2878000000001,1587.57,73.47000122070312,75.12999725341797,1130.510009765625
2021-06-23,1589.45,1462.294,858.3030000000001,1589.45,73.47000122070312,75.12999725341797,1130.510009765625
2021-06-24,1591.42,1464.1064000000001,859.3668000000001,1591.42,73.47000122070312,75.12999725341797,1130.510009765625
2021-06-25,1593.5,1466.02,860.49,1593.5,73.47000122070312,75.12999725341797,1130.510009765625
2021-06-26,1595.56,1467.9152,861.6024,1595.56,73.47000122070312,75.12999725341797,1130.510009765625
2021-06-27,1596.67,1468.9364,862.2018,1596.67,73.47000122070312,75.12999725341797,1130.510009765625
2021-06-28,1598.52,1470.6384,863.2008000000001,1598.52,73.47000122070312,75.12999725341797,1130.510009765625
2021-06-29,1601.06,1472.9752,864.5724,1601.06,73.47000122070312,75.12999725341797,1130.510009765625
2021-06-30,1602.75,1474.53,865.485,1602.75,73.47000122070312,75.12999725341797,1130.510009765625
2021-07-01,1605.96,1477.4832000000001,867.2184000000001,1605.96,73.94999694824219,76.33000183105469,1150.6300048828125
2021-07-02,1607.97,1479.3324,868.3038,1607.97,73.94999694824219,76.33000183105469,1150.6300048828125
2021-07-03,1609.95,1481.154,869.373,1609.95,73.94999694824219,76.33000183105469,1150.6300048828125
2021-07-04,1610.79,1481.9268,869.8266,1610.79,73.94999694824219,76.33000183105469,1150.6300048828125
2021-07-05,1612.37,1483.3804,870.6798,1612.37,73.94999694824219,76.33000183105469,1150.6300048828125
2021-07-06,1615.07,1485.8644,872.1378,1615.07,73.94999694824219,76.33000183105469,1150.6300048828125
2021-07-07,1617.77,1488.3484,873.5958,1617.77,73.94999694824219,76.33000183105469,1150.6300048828125
2021-07-08,1619.82,1490.2344,874.7028,1619.82,73.94999694824219,76.33000183105469,1150.6300048828125
2021-07-09,1621.64,1491.9088000000002,875.6856000000001,1621.64,73.94999694824219,76.33000183105469,1150.6300048828125
2021-07-10,1623.62,1493.7304,876.7548,1623.62,73.94999694824219,76.33000183105469,1150.6300048828125
2021-07-11,1624.6,1494.632,877.284,1624.6,73.94999694824219,76.33000183105469,1150.6300048828125
2021-07-12,1626.18,1496.0856,878.1372000000001,1626.18,73.94999694824219,76.33000183105469,1150.6300048828125
2021-07-13,1628.33,1498.0636,879.2982000000001,1628.33,73.94999694824219,76.33000183105469,1150.6300048828125
2021-07-14,1630.21,1499.7932,880.3134000000001,1630.21,73.94999694824219,76.33000183105469,1150.6300048828125
2021-07-15,1631.74,1501.2008,881.1396000000001,1631.74,73.94999694824219,76.33000183105469,1150.6300048828125
2021-07-16,1633.5,1502.8200000000002,882.09,1633.5,73.94999694824219,76.33000183105469,1150.6300048828125
2021-07-17,1634.76,1503.9792,882.7704000000001,1634.76,73.94999694824219,76.33000183105469,1150.6300048828125
2021-07-18,1635.4,1504.5680000000002,883.1160000000001,1635.4,73.94999694824219,76.33000183105469,1150.6300048828125
2021-07-19,1636.67,1505.7364000000002,883.8018000000001,1636.67,73.94999694824219,76.33000183105469,1150.6300048828125
2021-07-20,1637.56,1506.5552,884.2824,1637.56,73.94999694824219,76.33000183105469,1150.6300048828125
2021-07-21,1638.06,1507.0152,884.5524,1638.06,73.94999694824219,76.33000183105469,1150.6300048828125
2021-07-22,1638.63,1507.5396,884.8602000000001,1638.63,73.94999694824219,76.33000183105469,1150.6300048828125
2021-07-23,1639.13,1507.9996,885.1302000000002,1639.13,73.94999694824219,76.33000183105469,1150.6300048828125
2021-07-24,1639.68,1508.5056000000002,885.4272000000001,1639.68,73.94999694824219,76.33000183105469,1150.6300048828125
2021-07-25,1640.03,1508.8276,885.6162,1640.03,73.94999694824219,76.33000183105469,1150.6300048828125
2021-07-26,1640.59,1509.3428,885.9186,1640.59,73.94999694824219,76.33000183105469,1150.6300048828125
2021-07-27,1641.11,1509.8211999999999,886.1994,1641.11,73.94999694824219,76.33000183105469,1150.6300048828125
2021-07-28,1641.55,1510.226,886.437,1641.55,73.94999694824219,76.33000183105469,1150.6300048828125
2021-07-29,1642.03,1510.6676,886.6962000000001,1642.03,73.94999694824219,76.33000183105469,1150.6300048828125
2021-07-30,1642.56,1511.1552,886.9824,1642.56,73.94999694824219,76.33000183105469,1150.6300048828125
2021-07-31,1643.05,1511.606,887.2470000000001,1643.05,73.94999694824219,76.33000183105469,1150.6300048828125
2021-08-01,1643.95,1512.4340000000002,887.7330000000001,1643.95,73.94999694824219,76.33000183105469,1165.510009765625
2021-08-02,1644.6,1513.032,888.0840000000001,1644.6,73.94999694824219,76.33000183105469,1165.510009765625
2021-08-03,1645.23,1513.6116000000002,888.4242,1645.23,73.94999694824219,76.33000183105469,1165.510009765625
2021-08-04,1645.75,1514.0900000000001,888.705,1645.75,73.94999694824219,76.33000183105469,1165.510009765625
2021-08-05,1646.09,1514.4028,888.8886,1646.09,73.94999694824219,76.33000183105469,1165.510009765625
2021-08-06,1646.72,1514.9824,889.2288000000001,1646.72,73.94999694824219,76.33000183105469,1165.510009765625
2021-08-07,1647.01,1515.2492,889.3854,1647.01,73.94999694824219,76.33000183105469,1165.510009765625
2021-08-08,1647.13,1515.3596000000002,889.4502000000001,1647.13,73.94999694824219,76.33000183105469,1165.510009765625
2021-08-09,1647.32,1515.5344,889.5528,1647.32,73.94999694824219,76.33000183105469,1165.510009765625
2021-08-10,1647.35,1515.562,889.569,1647.35,73.94999694824219,76.33000183105469,1165.510009765625
2021-08-11,1647.32,1515.5344,889.5528,1647.32,73.94999694824219,76.33000183105469,1165.510009765625
2021-08-12,1647.34,1515.5528,889.5636000000001,1647.34,73.94999694824219,76.33000183105469,1165.510009765625
2021-08-13,1647.35,1515.562,889.569,1647.35,73.94999694824219,76.33000183105469,1165.510009765625
2021-08-14,1647.28,1515.4976000000001,889.5312,1647.28,73.94999694824219,76.33000183105469,1165.510009765625
2021-08-15,1647.25,1515.47,889.5150000000001,1647.25,73.94999694824219,76.33000183105469,1165.510009765625
2021-08-16,1647.35,1515.562,889.569,1647.35,73.94999694824219,76.33000183105469,1165.510009765625
2021-08-17,1647.22,1515.4424000000001,889.4988000000001,1647.22,73.94999694824219,76.33000183105469,1165.510009765625
2021-08-18,1647.0,1515.24,889.3800000000001,1647.0,73.94999694824219,76.33000183105469,1165.510009765625
2021-08-19,1646.4,1514.688,889.0560000000002,1646.4,73.94999694824219,76.33000183105469,1165.510009765625
2021-08-20,1645.98,1514.3016,888.8292,1645.98,73.94999694824219,76.33000183105469,1165.510009765625
2021-08-21,1645.55,1513.906,888.597,1645.55,73.94999694824219,76.33000183105469,1165.510009765625
2021-08-22,1645.36,1513.7312,888.4944,1645.36,73.94999694824219,76.33000183105469,1165.510009765625
2021-08-23,1645.14,1513.5288,888.3756000000001,1645.14,73.94999694824219,76.33000183105469,1165.510009765625
2021-08-24,1644.81,1513.2252,888.1974,1644.81,73.94999694824219,76.33000183105469,1165.510009765625
2021-08-25,1644.52,1512.9584,888.0408000000001,1644.52,73.94999694824219,76.33000183105469,1165.510009765625
2021-08-26,1644.28,1512.7376,887.9112,1644.28,73.94999694824219,76.33000183105469,1165.510009765625
2021-08-27,1644.07,1512.5444,887.7978,1644.07,73.94999694824219,76.33000183105469,1165.510009765625
2021-08-28,1643.84,1512.3328,887.6736,1643.84,73.94999694824219,76.33000183105469,1165.510009765625
2021-08-29,1643.71,1512.2132000000001,887.6034000000001,1643.71,73.94999694824219,76.33000183105469,1165.510009765625
2021-08-30,1643.66,1512.1672,887.5764000000001,1643.66,73.94999694824219,76.33000183105469,1165.510009765625
2021-08-31,1643.51,1512.0292,887.4954,1643.51,73.94999694824219,76.33000183105469,1165.510009765625
2021-09-01,1643.23,1511.7716,887.3442000000001,1643.23,75.02999877929688,78.5199966430664,1187.4300537109375
2021-09-02,1642.98,1511.5416,887.2092000000001,1642.98,75.02999877929688,78.5199966430664,1187.4300537109375
2021-09-03,1642.68,1511.2656000000002,887.0472000000001,1642.68,75.02999877929688,78.5199966430664,1187.4300537109375
2021-09-04,1642.48,1511.0816,886.9392,1642.48,75.02999877929688,78.5199966430664,1187.4300537109375
2021-09-05,1642.49,1511.0908000000002,886.9446,1642.49,75.02999877929688,78.5199966430664,1187.4300537109375
2021-09-06,1642.44,1511.0448000000001,886.9176000000001,1642.44,75.02999877929688,78.5199966430664,1187.4300537109375
2021-09-07,1642.25,1510.8700000000001,886.815,1642.25,75.02999877929688,78.5199966430664,1187.4300537109375
2021-09-08,1642.09,1510.7228,886.7286,1642.09,75.02999877929688,78.5199966430664,1187.4300537109375
2021-09-09,1642.03,1510.6676,886.6962000000001,1642.03,75.02999877929688,78.5199966430664,1187.4300537109375
2021-09-10,1641.97,1510.6124,886.6638,1641.97,75.02999877929688,78.5199966430664,1187.4300537109375
2021-09-11,1641.76,1510.4192,886.5504000000001,1641.76,75.02999877929688,78.5199966430664,1187.4300537109375
2021-09-12,1641.79,1510.4468,886.5666,1641.79,75.02999877929688,78.5199966430664,1187.4300537109375
2021-09-13,1641.88,1510.5296,886.6152000000001,1641.88,75.02999877929688,78.5199966430664,1187.4300537109375
2021-09-14,1641.78,1510.4376,886.5612000000001,1641.78,75.02999877929688,78.5199966430664,1187.4300537109375
2021-09-15,1641.79,1510.4468,886.5666,1641.79,75.02999877929688,78.5199966430664,1187.4300537109375
2021-09-16,1641.83,1510.4836,886.5882,1641.83,75.02999877929688,78.5199966430664,1187.4300537109375
2021-09-17,1642.07,1510.7044,886.7178,1642.07,75.02999877929688,78.5199966430664,1187.4300537109375
2021-09-18,1642.22,1510.8424,886.7988,1642.22,75.02999877929688,78.5199966430664,1187.4300537109375
2021-09-19,1642.38,1510.9896,886.8852000000002,1642.38,75.02999877929688,78.5199966430664,1187.4300537109375
2021-09-20,1642.59,1511.1828,886.9986,1642.59,75.02999877929688,78.5199966430664,1187.4300537109375
2021-09-21,1642.65,1511.238,887.0310000000001,1642.65,75.02999877929688,78.5199966430664,1187.4300537109375
2021-09-22,1642.47,1511.0724,886.9338,1642.47,75.02999877929688,78.5199966430664,1187.4300537109375
2021-09-23,1642.8,1511.376,887.1120000000001,1642.8,75.02999877929688,78.5199966430664,1187.4300537109375
2021-09-24,1643.19,1511.7348000000002,887.3226000000001,1643.19,75.02999877929688,78.5199966430664,1187.4300537109375
2021-09-25,1643.4,1511.928,887.4360000000001,1643.4,75.02999877929688,78.5199966430664,1187.4300537109375
2021-09-26,1643.55,1512.066,887.517,1643.55,75.02999877929688,78.5199966430664,1187.4300537109375
2021-09-27,1643.93,1512.4156,887.7222,1643.93,75.02999877929688,78.5199966430664,1187.4300537109375
2021-09-28,1644.44,1512.8848,887.9976,1644.44,75.02999877929688,78.5199966430664,1187.4300537109375
2021-09-29,1645.12,1513.5104,888.3648,1645.12,75.02999877929688,78.5199966430664,1187.4300537109375
2021-09-30,1645.99,1514.3108,888.8346,1645.99,75.02999877929688,78.5199966430664,1187.4300537109375
2021-10-01,1648.21,1516.3532,890.0334,1648.21,83.56999969482422,84.37999725341797,1174.3800048828125
2021-10-02,1649.52,1517.5584000000001,890.7408,1649.52,83.56999969482422,84.37999725341797,1174.3800048828125
2021-10-03,1650.24,1518.2208,891.1296000000001,1650.24,83.56999969482422,84.37999725341797,1174.3800048828125
2021-10-04,1651.18,1519.0856,891.6372000000001,1651.18,83.56999969482422,84.37999725341797,1174.3800048828125
2021-10-05,1652.92,1520.6864,892.5768,1652.92,83.56999969482422,84.37999725341797,1174.3800048828125
2021-10-06,1656.81,1524.2652,894.6774,1656.81,83.56999969482422,84.37999725341797,1174.3800048828125
2021-10-07,1661.16,1528.2672000000002,897.0264000000001,1661.16,83.56999969482422,84.37999725341797,1174.3800048828125
2021-10-08,1667.13,1533.7596,900.2502000000001,1667.13,83.56999969482422,84.37999725341797,1174.3800048828125
2021-10-09,1673.01,1539.1692,903.4254000000001,1673.01,83.56999969482422,84.37999725341797,1174.3800048828125
2021-10-10,1676.42,1542.3064000000002,905.2668000000001,1676.42,83.56999969482422,84.37999725341797,1174.3800048828125
2021-10-11,1680.13,1545.7196000000001,907.2702000000002,1680.13,83.56999969482422,84.37999725341797,1174.3800048828125
2021-10-12,1685.07,1550.2644,909.9378,1685.07,83.56999969482422,84.37999725341797,1174.3800048828125
2021-10-13,1693.57,1558.0844,914.5278000000001,1693.57,83.56999969482422,84.37999725341797,1174.3800048828125
2021-10-14,1700.95,1564.874,918.513,1700.95,83.56999969482422,84.37999725341797,1174.3800048828125
2021-10-15,1709.17,1572.4364,922.9518,1709.17,83.56999969482422,84.37999725341797,1174.3800048828125
2021-10-16,1716.93,1579.5756000000001,927.1422000000001,1716.93,83.56999969482422,84.37999725341797,1174.3800048828125
2021-10-17,1720.83,1583.1636,929.2482,1720.83,83.56999969482422,84.37999725341797,1174.3800048828125
2021-10-18,1725.89,1587.8188000000002,931.9806000000001,1725.89,83.56999969482422,84.37999725341797,1174.3800048828125
2021-10-19,1732.45,1593.854,935.5230000000001,1732.45,83.56999969482422,84.37999725341797,1174.3800048828125
2021-10-20,1739.15,1600.0180000000003,939.1410000000001,1739.15,83.56999969482422,84.37999725341797,1174.3800048828125
2021-10-21,1743.99,1604.4708,941.7546000000001,1743.99,83.56999969482422,84.37999725341797,1174.3800048828125
2021-10-22,1748.7,1608.804,944.2980000000001,1748.7,83.56999969482422,84.37999725341797,1174.3800048828125
2021-10-23,1753.22,1612.9624000000001,946.7388000000001,1753.22,83.56999969482422,84.37999725341797,1174.3800048828125
2021-10-24,1755.49,1615.0508,947.9646,1755.49,83.56999969482422,84.37999725341797,1174.3800048828125
2021-10-25,1758.42,1617.7464000000002,949.5468000000001,1758.42,83.56999969482422,84.37999725341797,1174.3800048828125
2021-10-26,1762.66,1621.6472,951.8364000000001,1762.66,83.56999969482422,84.37999725341797,1174.3800048828125
2021-10-27,1766.7,1625.364,954.0180000000001,1766.7,83.56999969482422,84.37999725341797,1174.3800048828125
2021-10-28,1770.89,1629.2188,956.2806000000002,1770.89,83.56999969482422,84.37999725341797,1174.3800048828125
2021-10-29,1774.44,1632.4848000000002,958.1976000000001,1774.44,83.56999969482422,84.37999725341797,1174.3800048828125
2021-10-30,1778.82,1636.5144,960.5628,1778.82,83.56999969482422,84.37999725341797,1174.3800048828125
2021-10-31,1780.9,1638.428,961.6860000000001,1780.9,83.56999969482422,84.37999725341797,1174.3800048828125
2021-11-01,1784.53,1641.7676000000001,963.6462,1784.53,66.18000030517578,70.56999969482422,1190.739990234375
2021-11-02,1788.16,1645.1072000000001,965.6064000000001,1788.16,66.18000030517578,70.56999969482422,1190.739990234375
2021-11-03,1791.29,1647.9868000000001,967.2966,1791.29,66.18000030517578,70.56999969482422,1190.739990234375
2021-11-04,1794.95,1651.354,969.2730000000001,1794.95,66.18000030517578,70.56999969482422,1190.739990234375
2021-11-05,1797.95,1654.114,970.8930000000001,1797.95,66.18000030517578,70.56999969482422,1190.739990234375
2021-11-06,1801.25,1657.15,972.6750000000001,1801.25,66.18000030517578,70.56999969482422,1190.739990234375
2021-11-07,1802.96,1658.7232000000001,973.5984000000001,1802.96,66.18000030517578,70.56999969482422,1190.739990234375
2021-11-08,1805.18,1660.7656000000002,974.7972000000001,1805.18,66.18000030517578,70.56999969482422,1190.739990234375
2021-11-09,1807.47,1662.8724000000002,976.0338,1807.47,66.18000030517578,70.56999969482422,1190.739990234375
2021-11-10,1809.12,1664.3904,976.9248,1809.12,66.18000030517578,70.56999969482422,1190.739990234375
2021-11-11,1810.16,1665.3472000000002,977.4864000000001,1810.16,66.18000030517578,70.56999969482422,1190.739990234375
2021-11-12,1767.74,1626.3208000000002,954.5796,1767.74,66.18000030517578,70.56999969482422,1190.739990234375
2021-11-13,1751.17,1611.0764000000001,945.6318000000001,1751.17,66.18000030517578,70.56999969482422,1190.739990234375
2021-11-14,1742.5,1603.1000000000001,940.95,1742.5,66.18000030517578,70.56999969482422,1190.739990234375
2021-11-15,1724.87,1586.8804,931.4298,1724.87,66.18000030517578,70.56999969482422,1190.739990234375
2021-11-16,1711.92,1574.9664000000002,924.4368000000001,1711.92,66.18000030517578,70.56999969482422,1190.739990234375
2021-11-17,1704.62,1568.2504,920.4948,1704.62,66.18000030517578,70.56999969482422,1190.739990234375
2021-11-18,1699.1,1563.172,917.514,1699.1,66.18000030517578,70.56999969482422,1190.739990234375
2021-11-19,1695.39,1559.7588,915.5106000000001,1695.39,66.18000030517578,70.56999969482422,1190.739990234375
2021-11-20,1692.72,1557.3024,914.0688000000001,1692.72,66.18000030517578,70.56999969482422,1190.739990234375
2021-11-21,1691.38,1556.0696000000003,913.3452000000001,1691.38,66.18000030517578,70.56999969482422,1190.739990234375
2021-11-22,1688.88,1553.7696,911.9952000000001,1688.88,66.18000030517578,70.56999969482422,1190.739990234375
2021-11-23,1687.02,1552.0584000000001,910.9908,1687.02,66.18000030517578,70.56999969482422,1190.739990234375
2021-11-24,1685.6,1550.752,910.224,1685.6,66.18000030517578,70.56999969482422,1190.739990234375
2021-11-25,1684.46,1549.7032000000002,909.6084000000001,1684.46,66.18000030517578,70.56999969482422,1190.739990234375
2021-11-26,1683.16,1548.5072000000002,908.9064000000001,1683.16,66.18000030517578,70.56999969482422,1190.739990234375
2021-11-27,1681.57,1547.0444,908.0478,1681.57,66.18000030517578,70.56999969482422,1190.739990234375
2021-11-28,1680.79,1546.3268,907.6266,1680.79,66.18000030517578,70.56999969482422,1190.739990234375
2021-11-29,1679.52,1545.1584,906.9408000000001,1679.52,66.18000030517578,70.56999969482422,1190.739990234375
2021-11-30,1678.25,1543.99,906.2550000000001,1678.25,66.18000030517578,70.56999969482422,1190.739990234375
2021-12-01,1675.88,1541.8096000000003,904.9752000000001,1675.88,75.20999908447266,77.77999877929688,1189.8900146484375
2021-12-02,1673.98,1540.0616,903.9492,1673.98,75.20999908447266,77.77999877929688,1189.8900146484375
2021-12-03,1672.11,1538.3412,902.9394,1672.11,75.20999908447266,77.77999877929688,1189.8900146484375
2021-12-04,1670.22,1536.6024,901.9188,1670.22,75.20999908447266,77.77999877929688,1189.8900146484375
2021-12-05,1669.44,1535.8848,901.4976,1669.44,75.20999908447266,77.77999877929688,1189.8900146484375
2021-12-06,1667.87,1534.4404,900.6498,1667.87,75.20999908447266,77.77999877929688,1189.8900146484375
2021-12-07,1664.87,1531.6804,899.0298,1664.87,75.20999908447266,77.77999877929688,1189.8900146484375
2021-12-08,1662.05,1529.086,897.5070000000001,1662.05,75.20999908447266,77.77999877929688,1189.8900146484375
2021-12-09,1659.45,1526.6940000000002,896.1030000000001,1659.45,75.20999908447266,77.77999877929688,1189.8900146484375
2021-12-10,1656.65,1524.1180000000002,894.5910000000001,1656.65,75.20999908447266,77.77999877929688,1189.8900146484375
2021-12-11,1654.4,1522.0480000000002,893.3760000000001,1654.4,75.20999908447266,77.77999877929688,1189.8900146484375
2021-12-12,1653.53,1521.2476000000001,892.9062,1653.53,75.20999908447266,77.77999877929688,1189.8900146484375
2021-12-13,1651.59,1519.4628,891.8586,1651.59,75.20999908447266,77.77999877929688,1189.8900146484375
2021-12-14,1649.23,1517.2916,890.5842000000001,1649.23,75.20999908447266,77.77999877929688,1189.8900146484375
2021-12-15,1646.71,1514.9732000000001,889.2234000000001,1646.71,75.20999908447266,77.77999877929688,1189.8900146484375
2021-12-16,1643.44,1511.9648000000002,887.4576000000001,1643.44,75.20999908447266,77.77999877929688,1189.8900146484375
2021-12-17,1641.08,1509.7936,886.1832,1641.08,75.20999908447266,77.77999877929688,1189.8900146484375
2021-12-18,1639.44,1508.2848000000001,885.2976000000001,1639.44,75.20999908447266,77.77999877929688,1189.8900146484375
2021-12-19,1638.75,1507.65,884.9250000000001,1638.75,75.20999908447266,77.77999877929688,1189.8900146484375
2021-12-20,1636.81,1505.8652,883.8774000000001,1636.81,75.20999908447266,77.77999877929688,1189.8900146484375
2021-12-21,1634.46,1503.7032000000002,882.6084000000001,1634.46,75.20999908447266,77.77999877929688,1189.8900146484375
2021-12-22,1632.31,1501.7252,881.4474,1632.31,75.20999908447266,77.77999877929688,1189.8900146484375
2021-12-23,1630.71,1500.2532,880.5834000000001,1630.71,75.20999908447266,77.77999877929688,1189.8900146484375
2021-12-24,1629.16,1498.8272000000002,879.7464000000001,1629.16,75.20999908447266,77.77999877929688,1189.8900146484375
2021-12-25,1628.1,1497.852,879.174,1628.1,75.20999908447266,77.77999877929688,1189.8900146484375
2021-12-26,1627.82,1497.5944,879.0228000000001,1627.82,75.20999908447266,77.77999877929688,1189.8900146484375
2021-12-27,1627.07,1496.9044,878.6178,1627.07,75.20999908447266,77.77999877929688,1189.8900146484375
2021-12-28,1626.06,1495.9752,878.0724,1626.06,75.20999908447266,77.77999877929688,1189.8900146484375
2021-12-29,1625.31,1495.2852,877.6674,1625.31,75.20999908447266,77.77999877929688,1189.8900146484375
2021-12-30,1624.93,1494.9356,877.4622,1624.93,75.20999908447266,77.77999877929688,1189.8900146484375
2021-12-31,1624.47,1494.5124,877.2138000000001,1624.47,75.20999908447266,77.77999877929688,1189.8900146484375
2022-01-01,1623.79,1493.8868,876.8466000000001,1623.79,88.1500015258789,91.20999908447266,1207.7099609375
2022-01-02,1623.4,1493.5280000000002,876.6360000000001,1623.4,88.1500015258789,91.20999908447266,1207.7099609375
2022-01-03,1623.03,1493.1876,876.4362000000001,1623.03,88.1500015258789,91.20999908447266,1207.7099609375
2022-01-04,1622.32,1492.5344,876.0528,1622.32,88.1500015258789,91.20999908447266,1207.7099609375
2022-01-05,1621.79,1492.0468,875.7666,1621.79,88.1500015258789,91.20999908447266,1207.7099609375
2022-01-06,1621.22,1491.5224,875.4588000000001,1621.22,88.1500015258789,91.20999908447266,1207.7099609375
2022-01-07,1620.98,1491.3016,875.3292,1620.98,88.1500015258789,91.20999908447266,1207.7099609375
2022-01-08,1621.4,1491.688,875.5560000000002,1621.4,88.1500015258789,91.20999908447266,1207.7099609375
2022-01-09,1621.3,1491.596,875.5020000000001,1621.3,88.1500015258789,91.20999908447266,1207.7099609375
2022-01-10,1621.45,1491.7340000000002,875.5830000000001,1621.45,88.1500015258789,91.20999908447266,1207.7099609375
2022-01-11,1621.56,1491.8352,875.6424000000001,1621.56,88.1500015258789,91.20999908447266,1207.7099609375
2022-01-12,1622.04,1492.2768,875.9016,1622.04,88.1500015258789,91.20999908447266,1207.7099609375
2022-01-13,1623.2,1493.344,876.5280000000001,1623.2,88.1500015258789,91.20999908447266,1207.7099609375
2022-01-14,1624.78,1494.7976,877.3812,1624.78,88.1500015258789,91.20999908447266,1207.7099609375
2022-01-15,1626.33,1496.2236,878.2182,1626.33,88.1500015258789,91.20999908447266,1207.7099609375
2022-01-16,1627.47,1497.2724,878.8338000000001,1627.47,88.1500015258789,91.20999908447266,1207.7099609375
2022-01-17,1629.3,1498.9560000000001,879.822,1629.3,88.1500015258789,91.20999908447266,1207.7099609375
2022-01-18,1631.44,1500.9248,880.9776,1631.44,88.1500015258789,91.20999908447266,1207.7099609375
2022-01-19,1634.23,1503.4916,882.4842000000001,1634.23,88.1500015258789,91.20999908447266,1207.7099609375
2022-01-20,1637.65,1506.6380000000001,884.3310000000001,1637.65,88.1500015258789,91.20999908447266,1207.7099609375
2022-01-21,1641.46,1510.1432000000002,886.3884,1641.46,88.1500015258789,91.20999908447266,1207.7099609375
2022-01-22,1644.44,1512.8848,887.9976,1644.44,88.1500015258789,91.20999908447266,1207.7099609375
2022-01-23,1645.89,1514.2188,888.7806000000002,1645.89,88.1500015258789,91.20999908447266,1207.7099609375
2022-01-24,1648.45,1516.574,890.1630000000001,1648.45,88.1500015258789,91.20999908447266,1207.7099609375
2022-01-25,1650.81,1518.7452,891.4374,1650.81,88.1500015258789,91.20999908447266,1207.7099609375
2022-01-26,1653.39,1521.1188000000002,892.8306000000001,1653.39,88.1500015258789,91.20999908447266,1207.7099609375
2022-01-27,1656.26,1523.7592,894.3804,1656.26,88.1500015258789,91.20999908447266,1207.7099609375
2022-01-28,1659.44,1526.6848000000002,896.0976,1659.44,88.1500015258789,91.20999908447266,1207.7099609375
2022-01-29,1662.55,1529.546,897.777,1662.55,88.1500015258789,91.20999908447266,1207.7099609375
2022-01-30,1664.47,1531.3124,898.8138000000001,1664.47,88.1500015258789,91.20999908447266,1207.7099609375
2022-01-31,1666.03,1532.7476000000001,899.6562,1666.03,88.1500015258789,91.20999908447266,1207.7099609375
2022-02-01,1667.71,1534.2932,900.5634000000001,1667.71,95.72000122070312,100.98999786376953,1197.5899658203125
2022-02-02,1668.81,1535.3052,901.1574,1668.81,95.72000122070312,100.98999786376953,1197.5899658203125
2022-02-03,1671.13,1537.4396000000002,902.4102000000001,1671.13,95.72000122070312,100.98999786376953,1197.5899658203125
2022-02-04,1674.67,1540.6964,904.3218,1674.67,95.72000122070312,100.98999786376953,1197.5899658203125
2022-02-05,1680.26,1545.8392000000001,907.3404,1680.26,95.72000122070312,100.98999786376953,1197.5899658203125
2022-02-06,1682.78,1548.1576,908.7012000000001,1682.78,95.72000122070312,100.98999786376953,1197.5899658203125
2022-02-07,1686.54,1551.6168,910.7316000000001,1686.54,95.72000122070312,100.98999786376953,1197.5899658203125
2022-02-08,1691.81,1556.4652,913.5774,1691.81,95.72000122070312,100.98999786376953,1197.5899658203125
2022-02-09,1697.01,1561.2492,916.3854,1697.01,95.72000122070312,100.98999786376953,1197.5899658203125
2022-02-10,1700.89,1564.8188000000002,918.4806000000001,1700.89,95.72000122070312,100.98999786376953,1197.5899658203125
2022-02-11,1704.32,1567.9744,920.3328,1704.32,95.72000122070312,100.98999786376953,1197.5899658203125
2022-02-12,1708.23,1571.5716,922.4442,1708.23,95.72000122070312,100.98999786376953,1197.5899658203125
2022-02-13,1710.46,1573.6232,923.6484,1710.46,95.72000122070312,100.98999786376953,1197.5899658203125
2022-02-14,1714.12,1576.9904,925.6248,1714.12,95.72000122070312,100.98999786376953,1197.5899658203125
2022-02-15,1718.64,1581.1488000000002,928.0656000000001,1718.64,95.72000122070312,100.98999786376953,1197.5899658203125
2022-02-16,1722.69,1584.8748,930.2526000000001,1722.69,95.72000122070312,100.98999786376953,1197.5899658203125
2022-02-17,1726.09,1588.0028,932.0886,1726.09,95.72000122070312,100.98999786376953,1197.5899658203125
2022-02-18,1729.39,1591.0388000000003,933.8706000000001,1729.39,95.72000122070312,100.98999786376953,1197.5899658203125
2022-02-19,1732.31,1593.7252,935.4474,1732.31,95.72000122070312,100.98999786376953,1197.5899658203125
2022-02-20,1733.84,1595.1328,936.2736,1733.84,95.72000122070312,100.98999786376953,1197.5899658203125
2022-02-21,1736.48,1597.5616,937.6992,1736.48,95.72000122070312,100.98999786376953,1197.5899658203125
2022-02-22,1739.36,1600.2112,939.2544,1739.36,95.72000122070312,100.98999786376953,1197.5899658203125
2022-02-23,1743.05,1603.606,941.2470000000001,1743.05,95.72000122070312,100.98999786376953,1197.5899658203125
2022-02-24,1746.2,1606.5040000000001,942.9480000000001,1746.2,95.72000122070312,100.98999786376953,1197.5899658203125
2022-02-25,1750.84,1610.7728,945.4536,1750.84,95.72000122070312,100.98999786376953,1197.5899658203125
2022-02-26,1754.75,1614.3700000000001,947.565,1754.75,95.72000122070312,100.98999786376953,1197.5899658203125
2022-02-27,1756.31,1615.8052,948.4074,1756.31,95.72000122070312,100.98999786376953,1197.5899658203125
2022-02-28,1758.87,1618.1604,949.7898,1758.87,95.72000122070312,100.98999786376953,1197.5899658203125
2022-03-01,1763.32,1622.2544,952.1928,1763.32,100.27999877929688,107.91000366210938,1210.43994140625
2022-03-02,1767.09,1625.7228,954.2286,1767.09,100.27999877929688,107.91000366210938,1210.43994140625
2022-03-03,1774.18,1632.2456000000002,958.0572000000001,1774.18,100.27999877929688,107.91000366210938,1210.43994140625
2022-03-04,1786.04,1643.1568,964.4616000000001,1786.04,100.27999877929688,107.91000366210938,1210.43994140625
2022-03-05,1803.2,1658.9440000000002,973.7280000000001,1803.2,100.27999877929688,107.91000366210938,1210.43994140625
2022-03-06,1812.9,1667.8680000000002,978.9660000000001,1812.9,100.27999877929688,107.91000366210938,1210.43994140625
2022-03-07,1828.34,1682.0728,987.3036000000001,1828.34,100.27999877929688,107.91000366210938,1210.43994140625
2022-03-08,1860.61,1711.7612,1004.7294,1860.61,100.27999877929688,107.91000366210938,1210.43994140625
2022-03-09,1892.4,1741.0080000000003,1021.8960000000001,1892.4,100.27999877929688,107.91000366210938,1210.43994140625
2022-03-10,1913.73,1760.6316000000002,1033.4142000000002,1913.73,100.27999877929688,107.91000366210938,1210.43994140625
2022-03-11,1938.97,1783.8524000000002,1047.0438000000001,1938.97,100.27999877929688,107.91000366210938,1210.43994140625
2022-03-12,1965.03,1807.8276,1061.1162000000002,1965.03,100.27999877929688,107.91000366210938,1210.43994140625
2022-03-13,1975.36,1817.3312,1066.6944,1975.36,100.27999877929688,107.91000366210938,1210.43994140625
2022-03-14,1988.04,1828.9968000000001,1073.5416,1988.04,100.27999877929688,107.91000366210938,1210.43994140625
2022-03-15,2000.95,1840.874,1080.5130000000001,2000.95,100.27999877929688,107.91000366210938,1210.43994140625
2022-03-16,2004.23,1843.8916000000002,1082.2842,2004.23,100.27999877929688,107.91000366210938,1210.43994140625
2022-03-17,2003.42,1843.1464,1081.8468,2003.42,100.27999877929688,107.91000366210938,1210.43994140625
2022-03-18,2002.56,1842.3552,1081.3824,2002.56,100.27999877929688,107.91000366210938,1210.43994140625
2022-03-19,2002.13,1841.9596000000001,1081.1502,2002.13,100.27999877929688,107.91000366210938,1210.43994140625
2022-03-20,2002.18,1842.0056000000002,1081.1772,2002.18,100.27999877929688,107.91000366210938,1210.43994140625
2022-03-21,2002.12,1841.9504,1081.1448,2002.12,100.27999877929688,107.91000366210938,1210.43994140625
2022-03-22,2001.84,1841.6928,1080.9936,2001.84,100.27999877929688,107.91000366210938,1210.43994140625
2022-03-23,2001.72,1841.5824,1080.9288000000001,2001.72,100.27999877929688,107.91000366210938,1210.43994140625
2022-03-24,2001.81,1841.6652000000001,1080.9774,2001.81,100.27999877929688,107.91000366210938,1210.43994140625
2022-03-25,2001.92,1841.7664000000002,1081.0368,2001.92,100.27999877929688,107.91000366210938,1210.43994140625
2022-03-26,2000.65,1840.5980000000002,1080.351,2000.65,100.27999877929688,107.91000366210938,1210.43994140625
2022-03-27,2000.85,1840.782,1080.459,2000.85,100.27999877929688,107.91000366210938,1210.43994140625
2022-03-28,2001.15,1841.0580000000002,1080.621,2001.15,100.27999877929688,107.91000366210938,1210.43994140625
2022-03-29,2000.45,1840.4140000000002,1080.2430000000002,2000.45,100.27999877929688,107.91000366210938,1210.43994140625
2022-03-30,1999.44,1839.4848000000002,1079.6976000000002,1999.44,100.27999877929688,107.91000366210938,1210.43994140625
2022-03-31,1998.39,1838.5188000000003,1079.1306000000002,1998.39,100.27999877929688,107.91000366210938,1210.43994140625
2022-04-01,1996.11,1836.4212,1077.8994,1996.11,104.69000244140625,109.33999633789062,1263.3800048828125
2022-04-02,1994.54,1834.9768000000001,1077.0516,1994.54,104.69000244140625,109.33999633789062,1263.3800048828125
2022-04-03,1993.97,1834.4524000000001,1076.7438000000002,1993.97,104.69000244140625,109.33999633789062,1263.3800048828125
2022-04-04,1992.3,1832.916,1075.842,1992.3,104.69000244140625,109.33999633789062,1263.3800048828125
2022-04-05,1990.23,1831.0116,1074.7242,1990.23,104.69000244140625,109.33999633789062,1263.3800048828125
2022-04-06,1988.81,1829.7052,1073.9574,1988.81,104.69000244140625,109.33999633789062,1263.3800048828125
2022-04-07,1987.04,1828.0768,1073.0016,1987.04,104.69000244140625,109.33999633789062,1263.3800048828125
2022-04-08,1984.87,1826.0804,1071.8298,1984.87,104.69000244140625,109.33999633789062,1263.3800048828125
2022-04-09,1982.9,1824.2680000000003,1070.766,1982.9,104.69000244140625,109.33999633789062,1263.3800048828125
2022-04-10,1982.06,1823.4952,1070.3124,1982.06,104.69000244140625,109.33999633789062,1263.3800048828125
2022-04-11,1980.41,1821.9772000000003,1069.4214000000002,1980.41,104.69000244140625,109.33999633789062,1263.3800048828125
2022-04-12,1976.94,1818.7848000000001,1067.5476,1976.94,104.69000244140625,109.33999633789062,1263.3800048828125
2022-04-13,1974.21,1816.2732,1066.0734,1974.21,104.69000244140625,109.33999633789062,1263.3800048828125
2022-04-14,1972.26,1814.4792,1065.0204,1972.26,104.69000244140625,109.33999633789062,1263.3800048828125
2022-04-15,1970.42,1812.7864000000002,1064.0268,1970.42,104.69000244140625,109.33999633789062,1263.3800048828125
2022-04-16,1969.26,1811.7192,1063.4004,1969.26,104.69000244140625,109.33999633789062,1263.3800048828125
2022-04-17,1968.85,1811.342,1063.179,1968.85,104.69000244140625,109.33999633789062,1263.3800048828125
2022-04-18,1968.37,1810.9004,1062.9198000000001,1968.37,104.69000244140625,109.33999633789062,1263.3800048828125
2022-04-19,1967.79,1810.3668,1062.6066,1967.79,104.69000244140625,109.33999633789062,1263.3800048828125
2022-04-20,1967.3,1809.916,1062.342,1967.3,104.69000244140625,109.33999633789062,1263.3800048828125
2022-04-21,1966.82,1809.4744,1062.0828000000001,1966.82,104.69000244140625,109.33999633789062,1263.3800048828125
2022-04-22,1966.64,1809.3088000000002,1061.9856000000002,1966.64,104.69000244140625,109.33999633789062,1263.3800048828125
2022-04-23,1966.5,1809.18,1061.91,1966.5,104.69000244140625,109.33999633789062,1263.3800048828125
2022-04-24,1966.66,1809.3272000000002,1061.9964000000002,1966.66,104.69000244140625,109.33999633789062,1263.3800048828125
2022-04-25,1967.62,1810.2104,1062.5148,1967.62,104.69000244140625,109.33999633789062,1263.3800048828125
2022-04-26,1968.2,1810.7440000000001,1062.8280000000002,1968.2,104.69000244140625,109.33999633789062,1263.3800048828125
2022-04-27,1968.74,1811.2408,1063.1196,1968.74,104.69000244140625,109.33999633789062,1263.3800048828125
2022-04-28,1969.9,1812.3080000000002,1063.746,1969.9,104.69000244140625,109.33999633789062,1263.3800048828125
2022-04-29,1971.64,1813.9088000000002,1064.6856,1971.64,104.69000244140625,109.33999633789062,1263.3800048828125
2022-04-30,1974.77,1816.7884000000001,1066.3758,1974.77,104.69000244140625,109.33999633789062,1263.3800048828125
2022-05-01,1954.8,1798.416,1055.592,1954.8,104.69000244140625,109.33999633789062,1236.1700439453125
2022-05-02,1944.63,1789.0596000000003,1050.1002,1944.63,104.69000244140625,109.33999633789062,1236.1700439453125
2022-05-03,1937.99,1782.9508,1046.5146,1937.99,104.69000244140625,109.33999633789062,1236.1700439453125
2022-05-04,1934.47,1779.7124000000001,1044.6138,1934.47,104.69000244140625,109.33999633789062,1236.1700439453125
2022-05-05,1932.2,1777.624,1043.3880000000001,1932.2,104.69000244140625,109.33999633789062,1236.1700439453125
2022-05-06,1931.69,1777.1548,1043.1126000000002,1931.69,104.69000244140625,109.33999633789062,1236.1700439453125
2022-05-07,1933.32,1778.6544000000001,1043.9928,1933.32,104.69000244140625,109.33999633789062,1236.1700439453125
2022-05-08,1935.93,1781.0556000000001,1045.4022,1935.93,104.69000244140625,109.33999633789062,1236.1700439453125
2022-05-09,1938.49,1783.4108,1046.7846000000002,1938.49,104.69000244140625,109.33999633789062,1236.1700439453125
2022-05-10,1943.79,1788.2868,1049.6466,1943.79,104.69000244140625,109.33999633789062,1236.1700439453125
2022-05-11,1946.11,1790.4212,1050.8994,1946.11,104.69000244140625,109.33999633789062,1236.1700439453125
2022-05-12,1948.69,1792.7948000000001,1052.2926,1948.69,104.69000244140625,109.33999633789062,1236.1700439453125
2022-05-13,1951.7,1795.564,1053.9180000000001,1951.7,104.69000244140625,109.33999633789062,1236.1700439453125
2022-05-14,1954.7,1798.324,1055.538,1954.7,104.69000244140625,109.33999633789062,1236.1700439453125
2022-05-15,1956.42,1799.9064,1056.4668000000001,1956.42,104.69000244140625,109.33999633789062,1236.1700439453125
2022-05-16,1958.73,1802.0316,1057.7142000000001,1958.73,104.69000244140625,109.33999633789062,1236.1700439453125
2022-05-17,1963.26,1806.1992,1060.1604,1963.26,104.69000244140625,109.33999633789062,1236.1700439453125
2022-05-18,1967.33,1809.9436,1062.3582000000001,1967.33,104.69000244140625,109.33999633789062,1236.1700439453125
2022-05-19,1972.11,1814.3412,1064.9394,1972.11,104.69000244140625,109.33999633789062,1236.1700439453125
2022-05-20,1977.39,1819.1988000000001,1067.7906,1977.39,104.69000244140625,109.33999633789062,1236.1700439453125
2022-05-21,1982.53,1823.9276,1070.5662,1982.53,104.69000244140625,109.33999633789062,1236.1700439453125
2022-05-22,1985.07,1826.2644,1071.9378,1985.07,104.69000244140625,109.33999633789062,1236.1700439453125
2022-05-23,1988.77,1829.6684,1073.9358,1988.77,104.69000244140625,109.33999633789062,1236.1700439453125
2022-05-24,1994.77,1835.1884,1077.1758,1994.77,104.69000244140625,109.33999633789062,1236.1700439453125
2022-05-25,1998.59,1838.7028,1079.2386000000001,1998.59,104.69000244140625,109.33999633789062,1236.1700439453125
2022-05-26,2001.53,1841.4076,1080.8262,2001.53,104.69000244140625,109.33999633789062,1236.1700439453125
2022-05-27,2004.55,1844.1860000000001,1082.457,2004.55,104.69000244140625,109.33999633789062,1236.1700439453125
2022-05-28,2007.62,1847.0104,1084.1148,2007.62,104.69000244140625,109.33999633789062,1236.1700439453125
2022-05-29,2008.76,1848.0592000000001,1084.7304000000001,2008.76,104.69000244140625,109.33999633789062,1236.1700439453125
2022-05-30,2010.45,1849.614,1085.643,2010.45,104.69000244140625,109.33999633789062,1236.1700439453125
2022-05-31,2012.69,1851.6748000000002,1086.8526000000002,2012.69,104.69000244140625,109.33999633789062,1236.1700439453125
2022-06-01,2015.37,1854.1404,1088.2998,2015.37,105.76000213623047,114.80999755859375,1301.72998046875
2022-06-02,2017.79,1856.3668,1089.6066,2017.79,105.76000213623047,114.80999755859375,1301.72998046875
2022-06-03,2020.84,1859.1728,1091.2536,2020.84,105.76000213623047,114.80999755859375,1301.72998046875
2022-06-04,2026.21,1864.1132,1094.1534000000001,2026.21,105.76000213623047,114.80999755859375,1301.72998046875
2022-06-05,2029.29,1866.9468,1095.8166,2029.29,105.76000213623047,114.80999755859375,1301.72998046875
2022-06-06,2032.04,1869.4768000000001,1097.3016,2032.04,105.76000213623047,114.80999755859375,1301.72998046875
2022-06-07,2035.74,1872.8808000000001,1099.2996,2035.74,105.76000213623047,114.80999755859375,1301.72998046875
2022-06-08,2042.04,1878.6768,1102.7016,2042.04,105.76000213623047,114.80999755859375,1301.72998046875
2022-06-09,2048.47,1884.5924,1106.1738,2048.47,105.76000213623047,114.80999755859375,1301.72998046875
2022-06-10,2056.79,1892.2468000000001,1110.6666,2056.79,105.76000213623047,114.80999755859375,1301.72998046875
2022-06-11,2064.59,1899.4228000000003,1114.8786000000002,2064.59,105.76000213623047,114.80999755859375,1301.72998046875
2022-06-12,2068.6,1903.112,1117.044,2068.6,105.76000213623047,114.80999755859375,1301.72998046875
2022-06-13,2074.3,1908.3560000000002,1120.122,2074.3,105.76000213623047,114.80999755859375,1301.72998046875
2022-06-14,2081.98,1915.4216000000001,1124.2692000000002,2081.98,105.76000213623047,114.80999755859375,1301.72998046875
2022-06-15,2087.61,1920.6012000000003,1127.3094,2087.61,105.76000213623047,114.80999755859375,1301.72998046875
2022-06-16,2092.2,1924.8239999999998,1129.788,2092.2,105.76000213623047,114.80999755859375,1301.72998046875
2022-06-17,2098.45,1930.5739999999998,1133.163,2098.45,105.76000213623047,114.80999755859375,1301.72998046875
2022-06-18,2104.63,1936.2596,1136.5002000000002,2104.63,105.76000213623047,114.80999755859375,1301.72998046875
2022-06-19,2107.53,1938.9276000000002,1138.0662000000002,2107.53,105.76000213623047,114.80999755859375,1301.72998046875
2022-06-20,2111.28,1942.3776000000003,1140.0912,2111.28,105.76000213623047,114.80999755859375,1301.72998046875
2022-06-21,2116.35,1947.042,1142.829,2116.35,105.76000213623047,114.80999755859375,1301.72998046875
2022-06-22,2120.14,1950.5288,1144.8756,2120.14,105.76000213623047,114.80999755859375,1301.72998046875
2022-06-23,2123.61,1953.7212000000002,1146.7494000000002,2123.61,105.76000213623047,114.80999755859375,1301.72998046875
2022-06-24,2126.71,1956.5732,1148.4234000000001,2126.71,105.76000213623047,114.80999755859375,1301.72998046875
2022-06-25,2129.47,1959.1124,1149.9138,2129.47,105.76000213623047,114.80999755859375,1301.72998046875
2022-06-26,2131.16,1960.6671999999999,1150.8264,2131.16,105.76000213623047,114.80999755859375,1301.72998046875
2022-06-27,2133.8,1963.0960000000002,1152.2520000000002,2133.8,105.76000213623047,114.80999755859375,1301.72998046875
2022-06-28,2137.3,1966.3160000000003,1154.1420000000003,2137.3,105.76000213623047,114.80999755859375,1301.72998046875
2022-06-29,2141.09,1969.8028000000002,1156.1886000000002,2141.09,105.76000213623047,114.80999755859375,1301.72998046875
2022-06-30,2144.9,1973.3080000000002,1158.246,2144.9,105.76000213623047,114.80999755859375,1301.72998046875
2022-07-01,2128.84,1958.5328000000002,1149.5736000000002,2128.84,98.62000274658203,110.01000213623047,1302.8699951171875
2022-07-02,2124.75,1954.77,1147.365,2124.75,98.62000274658203,110.01000213623047,1302.8699951171875
2022-07-03,2123.33,1953.4636,1146.5982000000001,2123.33,98.62000274658203,110.01000213623047,1302.8699951171875
2022-07-04,2120.58,1950.9336,1145.1132,2120.58,98.62000274658203,110.01000213623047,1302.8699951171875
2022-07-05,2117.18,1947.8056,1143.2772,2117.18,98.62000274658203,110.01000213623047,1302.8699951171875
2022-07-06,2113.85,1944.742,1141.479,2113.85,98.62000274658203,110.01000213623047,1302.8699951171875
2022-07-07,2108.96,1940.2432000000001,1138.8384,2108.96,98.62000274658203,110.01000213623047,1302.8699951171875
2022-07-08,2102.49,1934.2908,1135.3446,2102.49,98.62000274658203,110.01000213623047,1302.8699951171875
2022-07-09,2097.77,1929.9484,1132.7958,2097.77,98.62000274658203,110.01000213623047,1302.8699951171875
2022-07-10,2095.64,1927.9887999999999,1131.6456,2095.64,98.62000274658203,110.01000213623047,1302.8699951171875
2022-07-11,2090.82,1923.5544000000002,1129.0428000000002,2090.82,98.62000274658203,110.01000213623047,1302.8699951171875
2022-07-12,2082.1,1915.532,1124.334,2082.1,98.62000274658203,110.01000213623047,1302.8699951171875
2022-07-13,2073.11,1907.2612000000001,1119.4794000000002,2073.11,98.62000274658203,110.01000213623047,1302.8699951171875
2022-07-14,2061.81,1896.8652,1113.3774,2061.81,98.62000274658203,110.01000213623047,1302.8699951171875
2022-07-15,2049.04,1885.1168,1106.4816,2049.04,98.62000274658203,110.01000213623047,1302.8699951171875
2022-07-16,2038.83,1875.7236,1100.9682,2038.83,98.62000274658203,110.01000213623047,1302.8699951171875
2022-07-17,2034.36,1871.6112,1098.5544,2034.36,98.62000274658203,110.01000213623047,1302.8699951171875
2022-07-18,2026.25,1864.15,1094.1750000000002,2026.25,98.62000274658203,110.01000213623047,1302.8699951171875
2022-07-19,2013.01,1851.9692,1087.0254,2013.01,98.62000274658203,110.01000213623047,1302.8699951171875
2022-07-20,2002.16,1841.9872000000003,1081.1664,2002.16,98.62000274658203,110.01000213623047,1302.8699951171875
2022-07-21,1989.93,1830.7356000000002,1074.5622,1989.93,98.62000274658203,110.01000213623047,1302.8699951171875
2022-07-22,1977.25,1819.0700000000002,1067.7150000000001,1977.25,98.62000274658203,110.01000213623047,1302.8699951171875
2022-07-23,1964.6,1807.432,1060.884,1964.6,98.62000274658203,110.01000213623047,1302.8699951171875
2022-07-24,1959.42,1802.6664,1058.0868,1959.42,98.62000274658203,110.01000213623047,1302.8699951171875
2022-07-25,1948.86,1792.9512,1052.3844,1948.86,98.62000274658203,110.01000213623047,1302.8699951171875
2022-07-26,1936.63,1781.6996000000001,1045.7802000000001,1936.63,98.62000274658203,110.01000213623047,1302.8699951171875
2022-07-27,1926.81,1772.6652,1040.4774,1926.81,98.62000274658203,110.01000213623047,1302.8699951171875
2022-07-28,1916.88,1763.5296,1035.1152000000002,1916.88,98.62000274658203,110.01000213623047,1302.8699951171875
2022-07-29,1907.31,1754.7252,1029.9474,1907.31,98.62000274658203,110.01000213623047,1302.8699951171875
2022-07-30,1900.44,1748.4048,1026.2376000000002,1900.44,98.62000274658203,110.01000213623047,1302.8699951171875
2022-07-31,1897.27,1745.4884,1024.5258000000001,1897.27,98.62000274658203,110.01000213623047,1302.8699951171875
2022-08-01,1889.82,1738.6344,1020.5028,1889.82,89.55000305175781,96.48999786376953,1350.18994140625
2022-08-02,1881.75,1731.21,1016.1450000000001,1881.75,89.55000305175781,96.48999786376953,1350.18994140625
2022-08-03,1874.05,1724.126,1011.9870000000001,1874.05,89.55000305175781,96.48999786376953,1350.18994140625
2022-08-04,1866.41,1717.0972000000002,1007.8614000000001,1866.41,89.55000305175781,96.48999786376953,1350.18994140625
2022-08-05,1859.17,1710.4364,1003.9518000000002,1859.17,89.55000305175781,96.48999786376953,1350.18994140625
2022-08-06,1852.0,1703.8400000000001,1000.08,1852.0,89.55000305175781,96.48999786376953,1350.18994140625
2022-08-07,1848.83,1700.9236,998.3682,1848.83,89.55000305175781,96.48999786376953,1350.18994140625
2022-08-08,1842.61,1695.2012,995.0094,1842.61,89.55000305175781,96.48999786376953,1350.18994140625
2022-08-09,1834.04,1687.3168,990.3816,1834.04,89.55000305175781,96.48999786376953,1350.18994140625
2022-08-10,1825.12,1679.1104,985.5648,1825.12,89.55000305175781,96.48999786376953,1350.18994140625
2022-08-11,1815.48,1670.2416,980.3592000000001,1815.48,89.55000305175781,96.48999786376953,1350.18994140625
2022-08-12,1805.86,1661.3912,975.1644,1805.86,89.55000305175781,96.48999786376953,1350.18994140625
2022-08-13,1797.86,1654.0312,970.8444000000001,1797.86,89.55000305175781,96.48999786376953,1350.18994140625
2022-08-14,1794.06,1650.5352,968.7924,1794.06,89.55000305175781,96.48999786376953,1350.18994140625
2022-08-15,1789.04,1645.9168,966.0816000000001,1789.04,89.55000305175781,96.48999786376953,1350.18994140625
2022-08-16,1781.36,1638.8512,961.9344,1781.36,89.55000305175781,96.48999786376953,1350.18994140625
2022-08-17,1771.95,1630.1940000000002,956.8530000000001,1771.95,89.55000305175781,96.48999786376953,1350.18994140625
2022-08-18,1764.38,1623.2296000000001,952.7652000000002,1764.38,89.55000305175781,96.48999786376953,1350.18994140625
2022-08-19,1757.86,1617.2312,949.2444,1757.86,89.55000305175781,96.48999786376953,1350.18994140625
2022-08-20,1753.37,1613.1004,946.8198,1753.37,89.55000305175781,96.48999786376953,1350.18994140625
2022-08-21,1751.21,1611.1132,945.6534,1751.21,89.55000305175781,96.48999786376953,1350.18994140625
2022-08-22,1746.84,1607.0928,943.2936,1746.84,89.55000305175781,96.48999786376953,1350.18994140625
2022-08-23,1742.37,1602.9804,940.8798,1742.37,89.55000305175781,96.48999786376953,1350.18994140625
2022-08-24,1739.85,1600.662,939.519,1739.85,89.55000305175781,96.48999786376953,1350.18994140625
2022-08-25,1738.54,1599.4568,938.8116,1738.54,89.55000305175781,96.48999786376953,1350.18994140625
2022-08-26,1737.77,1598.7484,938.3958,1737.77,89.55000305175781,96.48999786376953,1350.18994140625
2022-08-27,1738.0,1598.96,938.5200000000001,1738.0,89.55000305175781,96.48999786376953,1350.18994140625
2022-08-28,1738.06,1599.0152,938.5524,1738.06,89.55000305175781,96.48999786376953,1350.18994140625
2022-08-29,1738.53,1599.4476,938.8062000000001,1738.53,89.55000305175781,96.48999786376953,1350.18994140625
2022-08-30,1740.46,1601.2232000000001,939.8484000000001,1740.46,89.55000305175781,96.48999786376953,1350.18994140625
2022-08-31,1741.71,1602.3732,940.5234,1741.71,89.55000305175781,96.48999786376953,1350.18994140625
2022-09-01,1742.51,1603.1092,940.9554,1742.51,79.48999786376953,87.95999908447266,1430.1700439453125
2022-09-02,1742.01,1602.6492,940.6854000000001,1742.01,79.48999786376953,87.95999908447266,1430.1700439453125
2022-09-03,1741.46,1602.1432000000002,940.3884,1741.46,79.48999786376953,87.95999908447266,1430.1700439453125
2022-09-04,1741.41,1602.0972000000002,940.3614000000001,1741.41,79.48999786376953,87.95999908447266,1430.1700439453125
2022-09-05,1741.49,1602.1708,940.4046000000001,1741.49,79.48999786376953,87.95999908447266,1430.1700439453125
2022-09-06,1741.42,1602.1064000000001,940.3668000000001,1741.42,79.48999786376953,87.95999908447266,1430.1700439453125
2022-09-07,1740.99,1601.7108,940.1346000000001,1740.99,79.48999786376953,87.95999908447266,1430.1700439453125
2022-09-08,1740.61,1601.3612,939.9294,1740.61,79.48999786376953,87.95999908447266,1430.1700439453125
2022-09-09,1740.42,1601.1864,939.8268,1740.42,79.48999786376953,87.95999908447266,1430.1700439453125
2022-09-10,1740.44,1601.2048000000002,939.8376000000001,1740.44,79.48999786376953,87.95999908447266,1430.1700439453125
2022-09-11,1740.46,1601.2232000000001,939.8484000000001,1740.46,79.48999786376953,87.95999908447266,1430.1700439453125
2022-09-12,1740.15,1600.938,939.6810000000002,1740.15,79.48999786376953,87.95999908447266,1430.1700439453125
2022-09-13,1740.54,1601.2968,939.8916,1740.54,79.48999786376953,87.95999908447266,1430.1700439453125
2022-09-14,1740.38,1601.1496000000002,939.8052000000001,1740.38,79.48999786376953,87.95999908447266,1430.1700439453125
2022-09-15,1740.34,1601.1128,939.7836,1740.34,79.48999786376953,87.95999908447266,1430.1700439453125
2022-09-16,1739.33,1600.1836,939.2382,1739.33,79.48999786376953,87.95999908447266,1430.1700439453125
2022-09-17,1737.72,1598.7024000000001,938.3688000000001,1737.72,79.48999786376953,87.95999908447266,1430.1700439453125
2022-09-18,1736.95,1597.9940000000001,937.9530000000001,1736.95,79.48999786376953,87.95999908447266,1430.1700439453125
2022-09-19,1735.73,1596.8716000000002,937.2942,1735.73,79.48999786376953,87.95999908447266,1430.1700439453125
2022-09-20,1731.92,1593.3664,935.2368000000001,1731.92,79.48999786376953,87.95999908447266,1430.1700439453125
2022-09-21,1728.37,1590.1004,933.3198,1728.37,79.48999786376953,87.95999908447266,1430.1700439453125
2022-09-22,1724.95,1586.9540000000002,931.4730000000001,1724.95,79.48999786376953,87.95999908447266,1430.1700439453125
2022-09-23,1721.16,1583.4672,929.4264000000001,1721.16,79.48999786376953,87.95999908447266,1430.1700439453125
2022-09-24,1717.19,1579.8148,927.2826000000001,1717.19,79.48999786376953,87.95999908447266,1430.1700439453125
2022-09-25,1715.25,1578.03,926.235,1715.25,79.48999786376953,87.95999908447266,1430.1700439453125
2022-09-26,1711.53,1574.6076,924.2262000000001,1711.53,79.48999786376953,87.95999908447266,1430.1700439453125
2022-09-27,1705.43,1568.9956000000002,920.9322000000001,1705.43,79.48999786376953,87.95999908447266,1430.1700439453125
2022-09-28,1698.78,1562.8776,917.3412000000001,1698.78,79.48999786376953,87.95999908447266,1430.1700439453125
2022-09-29,1693.28,1557.8176,914.3712,1693.28,79.48999786376953,87.95999908447266,1430.1700439453125
2022-09-30,1688.3,1553.236,911.682,1688.3,79.48999786376953,87.95999908447266,1430.1700439453125
2022-10-01,1682.04,1547.4768000000001,908.3016,1682.04,86.52999877929688,94.83000183105469,1421.6500244140625
2022-10-02,1679.84,1545.4528,907.1136,1679.84,86.52999877929688,94.83000183105469,1421.6500244140625
2022-10-03,1677.55,1543.346,905.8770000000001,1677.55,86.52999877929688,94.83000183105469,1421.6500244140625
2022-10-04,1674.38,1540.4296000000002,904.1652000000001,1674.38,86.52999877929688,94.83000183105469,1421.6500244140625
2022-10-05,1670.62,1536.9704,902.1348,1670.62,86.52999877929688,94.83000183105469,1421.6500244140625
2022-10-06,1667.41,1534.0172000000002,900.4014000000001,1667.41,86.52999877929688,94.83000183105469,1421.6500244140625
2022-10-07,1665.76,1532.4992,899.5104,1665.76,86.52999877929688,94.83000183105469,1421.6500244140625
2022-10-08,1665.86,1532.5912,899.5644,1665.86,86.52999877929688,94.83000183105469,1421.6500244140625
2022-10-09,1666.13,1532.8396000000002,899.7102000000001,1666.13,86.52999877929688,94.83000183105469,1421.6500244140625
2022-10-10,1666.45,1533.134,899.883,1666.45,86.52999877929688,94.83000183105469,1421.6500244140625
2022-10-11,1666.75,1533.41,900.0450000000001,1666.75,86.52999877929688,94.83000183105469,1421.6500244140625
2022-10-12,1666.94,1533.5848,900.1476000000001,1666.94,86.52999877929688,94.83000183105469,1421.6500244140625
2022-10-13,1666.38,1533.0696000000003,899.8452000000001,1666.38,86.52999877929688,94.83000183105469,1421.6500244140625
2022-10-14,1666.05,1532.766,899.667,1666.05,86.52999877929688,94.83000183105469,1421.6500244140625
2022-10-15,1665.73,1532.4716,899.4942000000001,1665.73,86.52999877929688,94.83000183105469,1421.6500244140625
2022-10-16,1665.72,1532.4624000000001,899.4888000000001,1665.72,86.52999877929688,94.83000183105469,1421.6500244140625
2022-10-17,1665.72,1532.4624000000001,899.4888000000001,1665.72,86.52999877929688,94.83000183105469,1421.6500244140625
2022-10-18,1665.76,1532.4992,899.5104,1665.76,86.52999877929688,94.83000183105469,1421.6500244140625
2022-10-19,1665.55,1532.306,899.397,1665.55,86.52999877929688,94.83000183105469,1421.6500244140625
2022-10-20,1665.21,1531.9932000000001,899.2134000000001,1665.21,86.52999877929688,94.83000183105469,1421.6500244140625
2022-10-21,1664.67,1531.4964000000002,898.9218000000001,1664.67,86.52999877929688,94.83000183105469,1421.6500244140625
2022-10-22,1664.21,1531.0732,898.6734000000001,1664.21,86.52999877929688,94.83000183105469,1421.6500244140625
2022-10-23,1664.02,1530.8984,898.5708000000001,1664.02,86.52999877929688,94.83000183105469,1421.6500244140625
2022-10-24,1664.11,1530.9812,898.6194,1664.11,86.52999877929688,94.83000183105469,1421.6500244140625
2022-10-25,1663.71,1530.6132,898.4034,1663.71,86.52999877929688,94.83000183105469,1421.6500244140625
2022-10-26,1663.17,1530.1164,898.1118000000001,1663.17,86.52999877929688,94.83000183105469,1421.6500244140625
2022-10-27,1662.31,1529.3252,897.6474000000001,1662.31,86.52999877929688,94.83000183105469,1421.6500244140625
2022-10-28,1661.71,1528.7732,897.3234000000001,1661.71,86.52999877929688,94.83000183105469,1421.6500244140625
2022-10-29,1661.04,1528.1568,896.9616000000001,1661.04,86.52999877929688,94.83000183105469,1421.6500244140625
2022-10-30,1660.71,1527.8532,896.7834,1660.71,86.52999877929688,94.83000183105469,1421.6500244140625
2022-10-31,1660.7,1527.844,896.7780000000001,1660.7,86.52999877929688,94.83000183105469,1421.6500244140625
2022-11-01,1659.88,1527.0896000000002,896.3352000000001,1659.88,80.55000305175781,85.43000030517578,1325.3699951171875
2022-11-02,1659.38,1526.6296000000002,896.0652000000001,1659.38,80.55000305175781,85.43000030517578,1325.3699951171875
2022-11-03,1658.83,1526.1236,895.7682,1658.83,80.55000305175781,85.43000030517578,1325.3699951171875
2022-11-04,1658.32,1525.6544,895.4928,1658.32,80.55000305175781,85.43000030517578,1325.3699951171875
2022-11-05,1658.37,1525.7004,895.5198,1658.37,80.55000305175781,85.43000030517578,1325.3699951171875
2022-11-06,1658.55,1525.866,895.6170000000001,1658.55,80.55000305175781,85.43000030517578,1325.3699951171875
2022-11-07,1659.06,1526.3352,895.8924000000001,1659.06,80.55000305175781,85.43000030517578,1325.3699951171875
2022-11-08,1659.71,1526.9332000000002,896.2434000000001,1659.71,80.55000305175781,85.43000030517578,1325.3699951171875
2022-11-09,1660.32,1527.4944,896.5728,1660.32,80.55000305175781,85.43000030517578,1325.3699951171875
2022-11-10,1660.34,1527.5128,896.5836,1660.34,80.55000305175781,85.43000030517578,1325.3699951171875
2022-11-11,1660.1,1527.292,896.4540000000001,1660.1,80.55000305175781,85.43000030517578,1325.3699951171875
2022-11-12,1659.78,1526.9976000000001,896.2812,1659.78,80.55000305175781,85.43000030517578,1325.3699951171875
2022-11-13,1659.71,1526.9332000000002,896.2434000000001,1659.71,80.55000305175781,85.43000030517578,1325.3699951171875
2022-11-14,1659.64,1526.8688000000002,896.2056000000001,1659.64,80.55000305175781,85.43000030517578,1325.3699951171875
2022-11-15,1659.03,1526.3076,895.8762,1659.03,80.55000305175781,85.43000030517578,1325.3699951171875
2022-11-16,1658.13,1525.4796000000001,895.3902000000002,1658.13,80.55000305175781,85.43000030517578,1325.3699951171875
2022-11-17,1656.78,1524.2376,894.6612,1656.78,80.55000305175781,85.43000030517578,1325.3699951171875
2022-11-18,1654.03,1521.7076,893.1762,1654.03,80.55000305175781,85.43000030517578,1325.3699951171875
2022-11-19,1651.56,1519.4352000000001,891.8424,1651.56,80.55000305175781,85.43000030517578,1325.3699951171875
2022-11-20,1650.45,1518.4140000000002,891.243,1650.45,80.55000305175781,85.43000030517578,1325.3699951171875
2022-11-21,1648.35,1516.482,890.109,1648.35,80.55000305175781,85.43000030517578,1325.3699951171875
2022-11-22,1644.75,1513.17,888.1650000000001,1644.75,80.55000305175781,85.43000030517578,1325.3699951171875
2022-11-23,1641.01,1509.7292,886.1454000000001,1641.01,80.55000305175781,85.43000030517578,1325.3699951171875
2022-11-24,1637.77,1506.7484,884.3958,1637.77,80.55000305175781,85.43000030517578,1325.3699951171875
2022-11-25,1634.66,1503.8872000000001,882.7164000000001,1634.66,80.55000305175781,85.43000030517578,1325.3699951171875
2022-11-26,1632.12,1501.5503999999999,881.3448,1632.12,80.55000305175781,85.43000030517578,1325.3699951171875
2022-11-27,1630.83,1500.3636,880.6482,1630.83,80.55000305175781,85.43000030517578,1325.3699951171875
2022-11-28,1628.36,1498.0912,879.3144,1628.36,80.55000305175781,85.43000030517578,1325.3699951171875
2022-11-29,1625.83,1495.7636,877.9482,1625.83,80.55000305175781,85.43000030517578,1325.3699951171875
2022-11-30,1623.9,1493.988,876.9060000000001,1623.9,80.55000305175781,85.43000030517578,1325.3699951171875
2022-12-01,1622.12,1492.3504,875.9448,1622.12,80.26000213623047,85.91000366210938,1260.9100341796875
2022-12-02,1620.84,1491.1728,875.2536,1620.84,80.26000213623047,85.91000366210938,1260.9100341796875
2022-12-03,1619.61,1490.0412,874.5894,1619.61,80.26000213623047,85.91000366210938,1260.9100341796875
2022-12-04,1618.48,1489.0016,873.9792000000001,1618.48,80.26000213623047,85.91000366210938,1260.9100341796875
2022-12-05,1615.99,1486.7108,872.6346000000001,1615.99,80.26000213623047,85.91000366210938,1260.9100341796875
2022-12-06,1612.26,1483.2792,870.6204,1612.26,80.26000213623047,85.91000366210938,1260.9100341796875
2022-12-07,1607.58,1478.9736,868.0932,1607.58,80.26000213623047,85.91000366210938,1260.9100341796875
2022-12-08,1601.2,1473.104,864.6480000000001,1601.2,80.26000213623047,85.91000366210938,1260.9100341796875
2022-12-09,1593.8,1466.296,860.652,1593.8,80.26000213623047,85.91000366210938,1260.9100341796875
2022-12-10,1586.79,1459.8468,856.8666000000001,1586.79,80.26000213623047,85.91000366210938,1260.9100341796875
2022-12-11,1583.59,1456.9028,855.1386,1583.59,80.26000213623047,85.91000366210938,1260.9100341796875
2022-12-12,1576.99,1450.8308000000002,851.5746,1576.99,80.26000213623047,85.91000366210938,1260.9100341796875
2022-12-13,1567.85,1442.422,846.639,1567.85,80.26000213623047,85.91000366210938,1260.9100341796875
2022-12-14,1561.08,1436.1936,842.9832,1561.08,80.26000213623047,85.91000366210938,1260.9100341796875
2022-12-15,1554.87,1430.4804,839.6298,1554.87,80.26000213623047,85.91000366210938,1260.9100341796875
2022-12-16,1549.4,1425.448,836.6760000000002,1549.4,80.26000213623047,85.91000366210938,1260.9100341796875
2022-12-17,1545.18,1421.5656000000001,834.3972000000001,1545.18,80.26000213623047,85.91000366210938,1260.9100341796875
2022-12-18,1543.39,1419.9188000000001,833.4306000000001,1543.39,80.26000213623047,85.91000366210938,1260.9100341796875
2022-12-19,1540.27,1417.0484000000001,831.7458,1540.27,80.26000213623047,85.91000366210938,1260.9100341796875
2022-12-20,1536.77,1413.8284,829.8558,1536.77,80.26000213623047,85.91000366210938,1260.9100341796875
2022-12-21,1534.17,1411.4364,828.4518,1534.17,80.26000213623047,85.91000366210938,1260.9100341796875
2022-12-22,1531.87,1409.3204,827.2098,1531.87,80.26000213623047,85.91000366210938,1260.9100341796875
2022-12-23,1530.29,1407.8668,826.3566000000001,1530.29,80.26000213623047,85.91000366210938,1260.9100341796875
2022-12-24,1529.34,1406.9928,825.8436,1529.34,80.26000213623047,85.91000366210938,1260.9100341796875
2022-12-25,1528.58,1406.2936,825.4332,1528.58,80.26000213623047,85.91000366210938,1260.9100341796875
2022-12-26,1527.32,1405.1344,824.7528,1527.32,80.26000213623047,85.91000366210938,1260.9100341796875
2022-12-27,1526.31,1404.2052,824.2074,1526.31,80.26000213623047,85.91000366210938,1260.9100341796875
2022-12-28,1526.05,1403.9660000000001,824.067,1526.05,80.26000213623047,85.91000366210938,1260.9100341796875
2022-12-29,1526.34,1404.2328,824.2236,1526.34,80.26000213623047,85.91000366210938,1260.9100341796875
2022-12-30,1527.57,1405.3644,824.8878,1527.57,80.26000213623047,85.91000366210938,1260.9100341796875
2022-12-31,1530.7,1408.2440000000001,826.5780000000001,1530.7,80.26000213623047,85.91000366210938,1260.9100341796875
2023-01-01,1541.67,1418.3364000000001,832.5018000000001,1541.67,80.26000213623047,85.91000366210938,1231.5
2023-01-02,1550.17,1426.1564,837.0918000000001,1550.17,80.26000213623047,85.91000366210938,1231.5
2023-01-03,1555.82,1431.3544,840.1428,1555.82,80.26000213623047,85.91000366210938,1231.5
2023-01-04,1558.81,1434.1052,841.7574000000001,1558.81,80.26000213623047,85.91000366210938,1231.5
2023-01-05,1561.29,1436.3868,843.0966000000001,1561.29,80.26000213623047,85.91000366210938,1231.5
2023-01-06,1561.45,1436.534,843.1830000000001,1561.45,80.26000213623047,85.91000366210938,1231.5
2023-01-07,1561.87,1436.9204,843.4098,1561.87,80.26000213623047,85.91000366210938,1231.5
2023-01-08,1562.86,1437.8312,843.9444,1562.86,80.26000213623047,85.91000366210938,1231.5
2023-01-09,1563.17,1438.1164,844.1118000000001,1563.17,80.26000213623047,85.91000366210938,1231.5
2023-01-10,1562.41,1437.4172,843.7014000000001,1562.41,80.26000213623047,85.91000366210938,1231.5
2023-01-11,1561.36,1436.4512,843.1344,1561.36,80.26000213623047,85.91000366210938,1231.5
2023-01-12,1560.23,1435.4116000000001,842.5242000000001,1560.23,80.26000213623047,85.91000366210938,1231.5
2023-01-13,1559.72,1434.9424000000001,842.2488000000001,1559.72,80.26000213623047,85.91000366210938,1231.5
2023-01-14,1559.31,1434.5652,842.0274000000001,1559.31,80.26000213623047,85.91000366210938,1231.5
2023-01-15,1559.37,1434.6204,842.0598,1559.37,80.26000213623047,85.91000366210938,1231.5
2023-01-16,1559.83,1435.0436,842.3082,1559.83,80.26000213623047,85.91000366210938,1231.5
2023-01-17,1560.0,1435.2,842.4000000000001,1560.0,80.26000213623047,85.91000366210938,1231.5
2023-01-18,1560.4,1435.5680000000002,842.6160000000001,1560.4,80.26000213623047,85.91000366210938,1231.5
2023-01-19,1561.19,1436.2948000000001,843.0426000000001,1561.19,80.26000213623047,85.91000366210938,1231.5
2023-01-20,1562.93,1437.8956,843.9822,1562.93,80.26000213623047,85.91000366210938,1231.5
2023-01-21,1564.54,1439.3768,844.8516000000001,1564.54,80.26000213623047,85.91000366210938,1231.5
2023-01-22,1565.65,1440.3980000000001,845.4510000000001,1565.65,80.26000213623047,85.91000366210938,1231.5
2023-01-23,1566.33,1441.0236,845.8182,1566.33,80.26000213623047,85.91000366210938,1231.5
2023-01-24,1567.01,1441.6492,846.1854000000001,1567.01,80.26000213623047,85.91000366210938,1231.5
2023-01-25,1568.09,1442.6428,846.7686,1568.09,80.26000213623047,85.91000366210938,1231.5
2023-01-26,1569.67,1444.0964000000001,847.6218000000001,1569.67,80.26000213623047,85.91000366210938,1231.5
2023-01-27,1571.2,1445.5040000000001,848.4480000000001,1571.2,80.26000213623047,85.91000366210938,1231.5
2023-01-28,1572.25,1446.47,849.0150000000001,1572.25,80.26000213623047,85.91000366210938,1231.5
2023-01-29,1572.77,1446.9484,849.2958000000001,1572.77,80.26000213623047,85.91000366210938,1231.5
2023-01-30,1574.35,1448.402,850.149,1574.35,80.26000213623047,85.91000366210938,1231.5
2023-01-31,1575.41,1449.3772000000001,850.7214000000001,1575.41,80.26000213623047,85.91000366210938,1231.5
2023-02-01,1577.03,1450.8676,851.5962000000001,1577.03,77.05000305175781,83.88999938964844,1318.3499755859375
2023-02-02,1578.42,1452.1464,852.3468000000001,1578.42,77.05000305175781,83.88999938964844,1318.3499755859375
2023-02-03,1579.34,1452.9928,852.8436,1579.34,77.05000305175781,83.88999938964844,1318.3499755859375
2023-02-04,1579.56,1453.1952,852.9624,1579.56,77.05000305175781,83.88999938964844,1318.3499755859375
2023-02-05,1579.58,1453.2136,852.9732,1579.58,77.05000305175781,83.88999938964844,1318.3499755859375
2023-02-06,1579.69,1453.3148,853.0326000000001,1579.69,77.05000305175781,83.88999938964844,1318.3499755859375
2023-02-07,1578.96,1452.6432000000002,852.6384,1578.96,77.05000305175781,83.88999938964844,1318.3499755859375
2023-02-08,1577.74,1451.5208,851.9796,1577.74,77.05000305175781,83.88999938964844,1318.3499755859375
2023-02-09,1577.06,1450.8952,851.6124,1577.06,77.05000305175781,83.88999938964844,1318.3499755859375
2023-02-10,1576.84,1450.6928,851.4936,1576.84,77.05000305175781,83.88999938964844,1318.3499755859375
2023-02-11,1576.6,1450.472,851.364,1576.6,77.05000305175781,83.88999938964844,1318.3499755859375
2023-02-12,1576.72,1450.5824,851.4288,1576.72,77.05000305175781,83.88999938964844,1318.3499755859375
2023-02-13,1577.0,1450.8400000000001,851.58,1577.0,77.05000305175781,83.88999938964844,1318.3499755859375
2023-02-14,1577.33,1451.1436,851.7582,1577.33,77.05000305175781,83.88999938964844,1318.3499755859375
2023-02-15,1577.6,1451.392,851.904,1577.6,77.05000305175781,83.88999938964844,1318.3499755859375
2023-02-16,1577.98,1451.7416,852.1092000000001,1577.98,77.05000305175781,83.88999938964844,1318.3499755859375
2023-02-17,1578.47,1452.1924000000001,852.3738000000001,1578.47,77.05000305175781,83.88999938964844,1318.3499755859375
2023-02-18,1578.51,1452.2292,852.3954,1578.51,77.05000305175781,83.88999938964844,1318.3499755859375
2023-02-19,1578.56,1452.2752,852.4224,1578.56,77.05000305175781,83.88999938964844,1318.3499755859375
2023-02-20,1579.06,1452.7352,852.6924,1579.06,77.05000305175781,83.88999938964844,1318.3499755859375
2023-02-21,1579.09,1452.7628,852.7086,1579.09,77.05000305175781,83.88999938964844,1318.3499755859375
2023-02-22,1579.2,1452.864,852.768,1579.2,77.05000305175781,83.88999938964844,1318.3499755859375
2023-02-23,1579.33,1452.9836,852.8382,1579.33,77.05000305175781,83.88999938964844,1318.3499755859375
2023-02-24,1579.35,1453.002,852.849,1579.35,77.05000305175781,83.88999938964844,1318.3499755859375
2023-02-25,1579.33,1452.9836,852.8382,1579.33,77.05000305175781,83.88999938964844,1318.3499755859375
2023-02-26,1579.53,1453.1676,852.9462000000001,1579.53,77.05000305175781,83.88999938964844,1318.3499755859375
2023-02-27,1579.96,1453.5632,853.1784000000001,1579.96,77.05000305175781,83.88999938964844,1318.3499755859375
2023-02-28,1580.09,1453.6828,853.2486,1580.09,77.05000305175781,83.88999938964844,1318.3499755859375
2023-03-01,1580.36,1453.9312,853.3944,1580.36,75.66999816894531,79.7699966430664,1296.5
2023-03-02,1580.84,1454.3728,853.6536,1580.84,75.66999816894531,79.7699966430664,1296.5
2023-03-03,1582.39,1455.7988000000003,854.4906000000001,1582.39,75.66999816894531,79.7699966430664,1296.5
2023-03-04,1582.59,1455.9828,854.5986,1582.59,75.66999816894531,79.7699966430664,1296.5
2023-03-05,1583.16,1456.5072000000002,854.9064000000001,1583.16,75.66999816894531,79.7699966430664,1296.5
2023-03-06,1584.47,1457.7124000000001,855.6138000000001,1584.47,75.66999816894531,79.7699966430664,1296.5
2023-03-07,1586.94,1459.9848000000002,856.9476000000001,1586.94,75.66999816894531,79.7699966430664,1296.5
2023-03-08,1589.09,1461.9628,858.1086,1589.09,75.66999816894531,79.7699966430664,1296.5
2023-03-09,1591.2,1463.904,859.248,1591.2,75.66999816894531,79.7699966430664,1296.5
2023-03-10,1592.73,1465.3116,860.0742,1592.73,75.66999816894531,79.7699966430664,1296.5
2023-03-11,1593.93,1466.4156,860.7222,1593.93,75.66999816894531,79.7699966430664,1296.5
2023-03-12,1594.55,1466.986,861.057,1594.55,75.66999816894531,79.7699966430664,1296.5
2023-03-13,1595.77,1468.1084,861.7158000000001,1595.77,75.66999816894531,79.7699966430664,1296.5
2023-03-14,1597.32,1469.5344,862.5528,1597.32,75.66999816894531,79.7699966430664,1296.5
2023-03-15,1598.08,1470.2336,862.9632,1598.08,75.66999816894531,79.7699966430664,1296.5
2023-03-16,1598.27,1470.4084,863.0658000000001,1598.27,75.66999816894531,79.7699966430664,1296.5
2023-03-17,1598.36,1470.4912,863.1144,1598.36,75.66999816894531,79.7699966430664,1296.5
2023-03-18,1597.43,1469.6356,862.6122000000001,1597.43,75.66999816894531,79.7699966430664,1296.5
2023-03-19,1597.4,1469.6080000000002,862.5960000000001,1597.4,75.66999816894531,79.7699966430664,1296.5
2023-03-20,1597.36,1469.5711999999999,862.5744,1597.36,75.66999816894531,79.7699966430664,1296.5
2023-03-21,1596.54,1468.8168,862.1316,1596.54,75.66999816894531,79.7699966430664,1296.5
2023-03-22,1595.59,1467.9428,861.6186,1595.59,75.66999816894531,79.7699966430664,1296.5
2023-03-23,1594.91,1467.3172000000002,861.2514000000001,1594.91,75.66999816894531,79.7699966430664,1296.5
2023-03-24,1594.43,1466.8756,860.9922000000001,1594.43,75.66999816894531,79.7699966430664,1296.5
2023-03-25,1593.95,1466.4340000000002,860.7330000000001,1593.95,75.66999816894531,79.7699966430664,1296.5
2023-03-26,1593.76,1466.2592,860.6304,1593.76,75.66999816894531,79.7699966430664,1296.5
2023-03-27,1593.79,1466.2868,860.6466,1593.79,75.66999816894531,79.7699966430664,1296.5
2023-03-28,1593.51,1466.0292,860.4954,1593.51,75.66999816894531,79.7699966430664,1296.5
2023-03-29,1593.48,1466.0016,860.4792000000001,1593.48,75.66999816894531,79.7699966430664,1296.5
2023-03-30,1593.51,1466.0292,860.4954,1593.51,75.66999816894531,79.7699966430664,1296.5
2023-03-31,1594.02,1466.4984,860.7708,1594.02,75.66999816894531,79.7699966430664,1296.5
2023-04-01,1594.59,1467.0228,861.0786,1594.59,76.77999877929688,79.54000091552734,1337.3199462890625
2023-04-02,1594.97,1467.3724000000002,861.2838,1594.97,76.77999877929688,79.54000091552734,1337.3199462890625
2023-04-03,1596.33,1468.6236,862.0182,1596.33,76.77999877929688,79.54000091552734,1337.3199462890625
2023-04-04,1599.92,1471.9264,863.9568,1599.92,76.77999877929688,79.54000091552734,1337.3199462890625
2023-04-05,1604.38,1476.0296,866.3652000000001,1604.38,76.77999877929688,79.54000091552734,1337.3199462890625
2023-04-06,1608.84,1480.1328,868.7736,1608.84,76.77999877929688,79.54000091552734,1337.3199462890625
2023-04-07,1613.75,1484.65,871.4250000000001,1613.75,76.77999877929688,79.54000091552734,1337.3199462890625
2023-04-08,1618.2,1488.7440000000001,873.8280000000001,1618.2,76.77999877929688,79.54000091552734,1337.3199462890625
2023-04-09,1620.69,1491.0348000000001,875.1726000000001,1620.69,76.77999877929688,79.54000091552734,1337.3199462890625
2023-04-10,1625.25,1495.23,877.6350000000001,1625.25,76.77999877929688,79.54000091552734,1337.3199462890625
2023-04-11,1631.53,1501.0076000000001,881.0262,1631.53,76.77999877929688,79.54000091552734,1337.3199462890625
2023-04-12,1636.56,1505.6352,883.7424,1636.56,76.77999877929688,79.54000091552734,1337.3199462890625
2023-04-13,1641.57,1510.2444,886.4478,1641.57,76.77999877929688,79.54000091552734,1337.3199462890625
2023-04-14,1646.78,1515.0376,889.2612,1646.78,76.77999877929688,79.54000091552734,1337.3199462890625
2023-04-15,1650.95,1518.874,891.513,1650.95,76.77999877929688,79.54000091552734,1337.3199462890625
2023-04-16,1652.99,1520.7508,892.6146000000001,1652.99,76.77999877929688,79.54000091552734,1337.3199462890625
2023-04-17,1656.9,1524.3480000000002,894.7260000000001,1656.9,76.77999877929688,79.54000091552734,1337.3199462890625
2023-04-18,1661.02,1528.1384,896.9508000000001,1661.02,76.77999877929688,79.54000091552734,1337.3199462890625
2023-04-19,1663.28,1530.2176,898.1712,1663.28,76.77999877929688,79.54000091552734,1337.3199462890625
2023-04-20,1664.69,1531.5148000000002,898.9326000000001,1664.69,76.77999877929688,79.54000091552734,1337.3199462890625
2023-04-21,1665.11,1531.9012,899.1594,1665.11,76.77999877929688,79.54000091552734,1337.3199462890625
2023-04-22,1665.21,1531.9932000000001,899.2134000000001,1665.21,76.77999877929688,79.54000091552734,1337.3199462890625
2023-04-23,1665.32,1532.0944,899.2728000000001,1665.32,76.77999877929688,79.54000091552734,1337.3199462890625
2023-04-24,1665.63,1532.3796000000002,899.4402000000001,1665.63,76.77999877929688,79.54000091552734,1337.3199462890625
2023-04-25,1665.4,1532.1680000000001,899.3160000000001,1665.4,76.77999877929688,79.54000091552734,1337.3199462890625
2023-04-26,1664.85,1531.662,899.019,1664.85,76.77999877929688,79.54000091552734,1337.3199462890625
2023-04-27,1664.38,1531.2296000000001,898.7652000000002,1664.38,76.77999877929688,79.54000091552734,1337.3199462890625
2023-04-28,1663.56,1530.4752,898.3224,1663.56,76.77999877929688,79.54000091552734,1337.3199462890625
2023-04-29,1662.9,1529.8680000000002,897.9660000000001,1662.9,76.77999877929688,79.54000091552734,1337.3199462890625
2023-04-30,1662.79,1529.7668,897.9066,1662.79,76.77999877929688,79.54000091552734,1337.3199462890625
2023-05-01,1662.48,1529.4816,897.7392000000001,1662.48,68.08999633789062,72.66000366210938,1319.7900390625
2023-05-02,1662.0,1529.04,897.48,1662.0,68.08999633789062,72.66000366210938,1319.7900390625
2023-05-03,1660.3,1527.476,896.562,1660.3,68.08999633789062,72.66000366210938,1319.7900390625
2023-05-04,1658.41,1525.7372,895.5414000000001,1658.41,68.08999633789062,72.66000366210938,1319.7900390625
2023-05-05,1655.88,1523.4096000000002,894.1752000000001,1655.88,68.08999633789062,72.66000366210938,1319.7900390625
2023-05-06,1654.75,1522.3700000000001,893.565,1654.75,68.08999633789062,72.66000366210938,1319.7900390625
2023-05-07,1654.1,1521.772,893.214,1654.1,68.08999633789062,72.66000366210938,1319.7900390625
2023-05-08,1652.65,1520.438,892.4310000000002,1652.65,68.08999633789062,72.66000366210938,1319.7900390625
2023-05-09,1649.47,1517.5124,890.7138000000001,1649.47,68.08999633789062,72.66000366210938,1319.7900390625
2023-05-10,1646.12,1514.4304,888.9048,1646.12,68.08999633789062,72.66000366210938,1319.7900390625
2023-05-11,1642.41,1511.0172000000002,886.9014000000001,1642.41,68.08999633789062,72.66000366210938,1319.7900390625
2023-05-12,1638.59,1507.5028,884.8386,1638.59,68.08999633789062,72.66000366210938,1319.7900390625
2023-05-13,1635.28,1504.4576,883.0512,1635.28,68.08999633789062,72.66000366210938,1319.7900390625
2023-05-14,1634.13,1503.3996000000002,882.4302000000001,1634.13,68.08999633789062,72.66000366210938,1319.7900390625
2023-05-15,1631.17,1500.6764,880.8318,1631.17,68.08999633789062,72.66000366210938,1319.7900390625
2023-05-16,1627.13,1496.9596000000001,878.6502000000002,1627.13,68.08999633789062,72.66000366210938,1319.7900390625
2023-05-17,1623.64,1493.7488,876.7656000000001,1623.64,68.08999633789062,72.66000366210938,1319.7900390625
2023-05-18,1620.7,1491.044,875.1780000000001,1620.7,68.08999633789062,72.66000366210938,1319.7900390625
2023-05-19,1617.2,1487.824,873.2880000000001,1617.2,68.08999633789062,72.66000366210938,1319.7900390625
2023-05-20,1614.67,1485.4964000000002,871.9218000000001,1614.67,68.08999633789062,72.66000366210938,1319.7900390625
2023-05-21,1613.79,1484.6868,871.4466,1613.79,68.08999633789062,72.66000366210938,1319.7900390625
2023-05-22,1611.88,1482.9296000000002,870.4152000000001,1611.88,68.08999633789062,72.66000366210938,1319.7900390625
2023-05-23,1609.41,1480.6572,869.0814000000001,1609.41,68.08999633789062,72.66000366210938,1319.7900390625
2023-05-24,1607.22,1478.6424000000002,867.8988,1607.22,68.08999633789062,72.66000366210938,1319.7900390625
2023-05-25,1605.29,1476.8668,866.8566000000001,1605.29,68.08999633789062,72.66000366210938,1319.7900390625
2023-05-26,1603.52,1475.2384,865.9008,1603.52,68.08999633789062,72.66000366210938,1319.7900390625
2023-05-27,1601.7,1473.564,864.9180000000001,1601.7,68.08999633789062,72.66000366210938,1319.7900390625
2023-05-28,1601.16,1473.0672000000002,864.6264000000001,1601.16,68.08999633789062,72.66000366210938,1319.7900390625
2023-05-29,1600.67,1472.6164,864.3618000000001,1600.67,68.08999633789062,72.66000366210938,1319.7900390625
2023-05-30,1599.59,1471.6228,863.7786,1599.59,68.08999633789062,72.66000366210938,1319.7900390625
2023-05-31,1598.1,1470.252,862.974,1598.1,68.08999633789062,72.66000366210938,1319.7900390625
2023-06-01,1595.29,1467.6668,861.4566,1595.29,70.63999938964844,74.9000015258789,1323.0699462890625
2023-06-02,1593.28,1465.8176,860.3712,1593.28,70.63999938964844,74.9000015258789,1323.0699462890625
2023-06-03,1591.23,1463.9316000000001,859.2642000000001,1591.23,70.63999938964844,74.9000015258789,1323.0699462890625
2023-06-04,1590.68,1463.4256,858.9672,1590.68,70.63999938964844,74.9000015258789,1323.0699462890625
2023-06-05,1590.06,1462.8552,858.6324000000001,1590.06,70.63999938964844,74.9000015258789,1323.0699462890625
2023-06-06,1589.04,1461.9168,858.0816,1589.04,70.63999938964844,74.9000015258789,1323.0699462890625
2023-06-07,1588.04,1460.9968000000001,857.5416,1588.04,70.63999938964844,74.9000015258789,1323.0699462890625
2023-06-08,1586.75,1459.8100000000002,856.845,1586.75,70.63999938964844,74.9000015258789,1323.0699462890625
2023-06-09,1585.82,1458.9544,856.3428,1585.82,70.63999938964844,74.9000015258789,1323.0699462890625
2023-06-10,1584.79,1458.0068,855.7866,1584.79,70.63999938964844,74.9000015258789,1323.0699462890625
2023-06-11,1584.46,1457.7032000000002,855.6084000000001,1584.46,70.63999938964844,74.9000015258789,1323.0699462890625
2023-06-12,1583.99,1457.2708,855.3546,1583.99,70.63999938964844,74.9000015258789,1323.0699462890625
2023-06-13,1582.58,1455.9736,854.5932,1582.58,70.63999938964844,74.9000015258789,1323.0699462890625
2023-06-14,1581.01,1454.5292,853.7454,1581.01,70.63999938964844,74.9000015258789,1323.0699462890625
2023-06-15,1579.85,1453.462,853.119,1579.85,70.63999938964844,74.9000015258789,1323.0699462890625
2023-06-16,1578.45,1452.1740000000002,852.363,1578.45,70.63999938964844,74.9000015258789,1323.0699462890625
2023-06-17,1577.61,1451.4012,851.9094,1577.61,70.63999938964844,74.9000015258789,1323.0699462890625
2023-06-18,1577.33,1451.1436,851.7582,1577.33,70.63999938964844,74.9000015258789,1323.0699462890625
2023-06-19,1576.8,1450.656,851.472,1576.8,70.63999938964844,74.9000015258789,1323.0699462890625
2023-06-20,1575.72,1449.6624000000002,850.8888000000001,1575.72,70.63999938964844,74.9000015258789,1323.0699462890625
2023-06-21,1574.9,1448.9080000000001,850.4460000000001,1574.9,70.63999938964844,74.9000015258789,1323.0699462890625
2023-06-22,1574.15,1448.218,850.041,1574.15,70.63999938964844,74.9000015258789,1323.0699462890625
2023-06-23,1573.52,1447.6384,849.7008000000001,1573.52,70.63999938964844,74.9000015258789,1323.0699462890625
2023-06-24,1572.97,1447.1324000000002,849.4038,1572.97,70.63999938964844,74.9000015258789,1323.0699462890625
2023-06-25,1572.75,1446.93,849.2850000000001,1572.75,70.63999938964844,74.9000015258789,1323.0699462890625
2023-06-26,1572.73,1446.9116000000001,849.2742000000001,1572.73,70.63999938964844,74.9000015258789,1323.0699462890625
2023-06-27,1572.08,1446.3136,848.9232000000001,1572.08,70.63999938964844,74.9000015258789,1323.0699462890625
2023-06-28,1571.56,1445.8352,848.6424000000001,1571.56,70.63999938964844,74.9000015258789,1323.0699462890625
2023-06-29,1571.13,1445.4396000000002,848.4102000000001,1571.13,70.63999938964844,74.9000015258789,1323.0699462890625
2023-06-30,1570.7,1445.044,848.1780000000001,1570.7,70.63999938964844,74.9000015258789,1323.0699462890625
2023-07-01,1569.79,1444.2068,847.6866,1569.79,81.80000305175781,85.55999755859375,1272.3900146484375
2023-07-02,1569.52,1443.9584,847.5408,1569.52,81.80000305175781,85.55999755859375,1272.3900146484375
2023-07-03,1569.43,1443.8756,847.4922000000001,1569.43,81.80000305175781,85.55999755859375,1272.3900146484375
2023-07-04,1569.16,1443.6272000000001,847.3464000000001,1569.16,81.80000305175781,85.55999755859375,1272.3900146484375
2023-07-05,1569.0,1443.48,847.2600000000001,1569.0,81.80000305175781,85.55999755859375,1272.3900146484375
2023-07-06,1568.88,1443.3696000000002,847.1952000000001,1568.88,81.80000305175781,85.55999755859375,1272.3900146484375
2023-07-07,1569.23,1443.6916,847.3842000000001,1569.23,81.80000305175781,85.55999755859375,1272.3900146484375
2023-07-08,1569.71,1444.1332,847.6434,1569.71,81.80000305175781,85.55999755859375,1272.3900146484375
2023-07-09,1570.0,1444.4,847.8000000000001,1570.0,81.80000305175781,85.55999755859375,1272.3900146484375
2023-07-10,1571.07,1445.3844,848.3778,1571.07,81.80000305175781,85.55999755859375,1272.3900146484375
2023-07-11,1572.03,1446.2676000000001,848.8962,1572.03,81.80000305175781,85.55999755859375,1272.3900146484375
2023-07-12,1573.08,1447.2336,849.4632,1573.08,81.80000305175781,85.55999755859375,1272.3900146484375
2023-07-13,1574.55,1448.586,850.2570000000001,1574.55,81.80000305175781,85.55999755859375,1272.3900146484375
2023-07-14,1576.89,1450.7388,851.5206000000001,1576.89,81.80000305175781,85.55999755859375,1272.3900146484375
2023-07-15,1578.77,1452.4684,852.5358,1578.77,81.80000305175781,85.55999755859375,1272.3900146484375
2023-07-16,1579.82,1453.4344,853.1028,1579.82,81.80000305175781,85.55999755859375,1272.3900146484375
2023-07-17,1581.74,1455.2008,854.1396000000001,1581.74,81.80000305175781,85.55999755859375,1272.3900146484375
2023-07-18,1583.72,1457.0224,855.2088000000001,1583.72,81.80000305175781,85.55999755859375,1272.3900146484375
2023-07-19,1585.45,1458.614,856.143,1585.45,81.80000305175781,85.55999755859375,1272.3900146484375
2023-07-20,1587.55,1460.546,857.277,1587.55,81.80000305175781,85.55999755859375,1272.3900146484375
2023-07-21,1589.76,1462.5792000000001,858.4704,1589.76,81.80000305175781,85.55999755859375,1272.3900146484375
2023-07-22,1591.77,1464.4284,859.5558000000001,1591.77,81.80000305175781,85.55999755859375,1272.3900146484375
2023-07-23,1592.85,1465.422,860.139,1592.85,81.80000305175781,85.55999755859375,1272.3900146484375
2023-07-24,1595.36,1467.7312,861.4944,1595.36,81.80000305175781,85.55999755859375,1272.3900146484375
2023-07-25,1598.62,1470.7304,863.2548,1598.62,81.80000305175781,85.55999755859375,1272.3900146484375
2023-07-26,1602.74,1474.5208,865.4796000000001,1602.74,81.80000305175781,85.55999755859375,1272.3900146484375
2023-07-27,1607.11,1478.5412,867.8394,1607.11,81.80000305175781,85.55999755859375,1272.3900146484375
2023-07-28,1612.76,1483.7392,870.8904,1612.76,81.80000305175781,85.55999755859375,1272.3900146484375
2023-07-29,1619.33,1489.7836,874.4382,1619.33,81.80000305175781,85.55999755859375,1272.3900146484375
2023-07-30,1622.78,1492.9576,876.3012,1622.78,81.80000305175781,85.55999755859375,1272.3900146484375
2023-07-31,1627.38,1497.1896000000002,878.7852000000001,1627.38,81.80000305175781,85.55999755859375,1272.3900146484375
2023-08-01,1638.23,1507.1716000000001,884.6442000000001,1638.23,83.62999725341797,86.86000061035156,1323.030029296875
2023-08-02,1647.72,1515.9024000000002,889.7688,1647.72,83.62999725341797,86.86000061035156,1323.030029296875
2023-08-03,1658.01,1525.3692,895.3254000000001,1658.01,83.62999725341797,86.86000061035156,1323.030029296875
2023-08-04,1667.53,1534.1276,900.4662000000001,1667.53,83.62999725341797,86.86000061035156,1323.030029296875
2023-08-05,1676.64,1542.5088,905.3856000000001,1676.64,83.62999725341797,86.86000061035156,1323.030029296875
2023-08-06,1681.14,1546.6488000000002,907.8156000000001,1681.14,83.62999725341797,86.86000061035156,1323.030029296875
2023-08-07,1687.86,1552.8312,911.4444,1687.86,83.62999725341797,86.86000061035156,1323.030029296875
2023-08-08,1696.23,1560.5316,915.9642000000001,1696.23,83.62999725341797,86.86000061035156,1323.030029296875
2023-08-09,1702.56,1566.3552,919.3824000000001,1702.56,83.62999725341797,86.86000061035156,1323.030029296875
2023-08-10,1707.13,1570.5596000000003,921.8502000000001,1707.13,83.62999725341797,86.86000061035156,1323.030029296875
2023-08-11,1712.63,1575.6196000000002,924.8202000000001,1712.63,83.62999725341797,86.86000061035156,1323.030029296875
2023-08-12,1717.67,1580.2564000000002,927.5418000000001,1717.67,83.62999725341797,86.86000061035156,1323.030029296875
2023-08-13,1720.21,1582.5932,928.9134,1720.21,83.62999725341797,86.86000061035156,1323.030029296875
2023-08-14,1724.31,1586.3652,931.1274000000001,1724.31,83.62999725341797,86.86000061035156,1323.030029296875
2023-08-15,1728.56,1590.2752,933.4224,1728.56,83.62999725341797,86.86000061035156,1323.030029296875
2023-08-16,1731.34,1592.8328,934.9236,1731.34,83.62999725341797,86.86000061035156,1323.030029296875
2023-08-17,1734.19,1595.4548000000002,936.4626000000001,1734.19,83.62999725341797,86.86000061035156,1323.030029296875
2023-08-18,1736.09,1597.2028,937.4886,1736.09,83.62999725341797,86.86000061035156,1323.030029296875
2023-08-19,1737.56,1598.5552,938.2824,1737.56,83.62999725341797,86.86000061035156,1323.030029296875
2023-08-20,1738.29,1599.2268000000001,938.6766,1738.29,83.62999725341797,86.86000061035156,1323.030029296875
2023-08-21,1739.72,1600.5424,939.4488000000001,1739.72,83.62999725341797,86.86000061035156,1323.030029296875
2023-08-22,1741.16,1601.8672000000001,940.2264000000001,1741.16,83.62999725341797,86.86000061035156,1323.030029296875
2023-08-23,1742.16,1602.7872000000002,940.7664000000001,1742.16,83.62999725341797,86.86000061035156,1323.030029296875
2023-08-24,1742.59,1603.1828,940.9986,1742.59,83.62999725341797,86.86000061035156,1323.030029296875
2023-08-25,1742.95,1603.5140000000001,941.1930000000001,1742.95,83.62999725341797,86.86000061035156,1323.030029296875
2023-08-26,1743.29,1603.8268,941.3766,1743.29,83.62999725341797,86.86000061035156,1323.030029296875
2023-08-27,1743.57,1604.0844,941.5278000000001,1743.57,83.62999725341797,86.86000061035156,1323.030029296875
2023-08-28,1744.19,1604.6548,941.8626,1744.19,83.62999725341797,86.86000061035156,1323.030029296875
2023-08-29,1745.23,1605.6116000000002,942.4242,1745.23,83.62999725341797,86.86000061035156,1323.030029296875
2023-08-30,1745.65,1605.998,942.6510000000001,1745.65,83.62999725341797,86.86000061035156,1323.030029296875
2023-08-31,1746.07,1606.3844,942.8778,1746.07,83.62999725341797,86.86000061035156,1323.030029296875
2023-09-01,1747.13,1607.3596000000002,943.4502000000001,1747.13,90.79000091552734,95.30999755859375,1351.9300537109375
2023-09-02,1747.7,1607.884,943.758,1747.7,90.79000091552734,95.30999755859375,1351.9300537109375
2023-09-03,1748.15,1608.2980000000002,944.0010000000001,1748.15,90.79000091552734,95.30999755859375,1351.9300537109375
2023-09-04,1748.95,1609.034,944.4330000000001,1748.95,90.79000091552734,95.30999755859375,1351.9300537109375
2023-09-05,1749.9,1609.9080000000001,944.9460000000001,1749.9,90.79000091552734,95.30999755859375,1351.9300537109375
2023-09-06,1750.77,1610.7084,945.4158000000001,1750.77,90.79000091552734,95.30999755859375,1351.9300537109375
2023-09-07,1752.15,1611.978,946.1610000000001,1752.15,90.79000091552734,95.30999755859375,1351.9300537109375
2023-09-08,1753.64,1613.3488000000002,946.9656000000001,1753.64,90.79000091552734,95.30999755859375,1351.9300537109375
2023-09-09,1755.1,1614.692,947.754,1755.1,90.79000091552734,95.30999755859375,1351.9300537109375
2023-09-10,1756.02,1615.5384000000001,948.2508,1756.02,90.79000091552734,95.30999755859375,1351.9300537109375
2023-09-11,1757.58,1616.9736,949.0932,1757.58,90.79000091552734,95.30999755859375,1351.9300537109375
2023-09-12,1759.4,1618.6480000000001,950.0760000000001,1759.4,90.79000091552734,95.30999755859375,1351.9300537109375
2023-09-13,1761.41,1620.4972000000002,951.1614000000001,1761.41,90.79000091552734,95.30999755859375,1351.9300537109375
2023-09-14,1763.46,1622.3832000000002,952.2684,1763.46,90.79000091552734,95.30999755859375,1351.9300537109375
2023-09-15,1766.4,1625.0880000000002,953.8560000000001,1766.4,90.79000091552734,95.30999755859375,1351.9300537109375
2023-09-16,1769.09,1627.5628,955.3086000000001,1769.09,90.79000091552734,95.30999755859375,1351.9300537109375
2023-09-17,1770.28,1628.6576,955.9512000000001,1770.28,90.79000091552734,95.30999755859375,1351.9300537109375
2023-09-18,1772.99,1631.1508000000001,957.4146000000001,1772.99,90.79000091552734,95.30999755859375,1351.9300537109375
2023-09-19,1776.84,1634.6928,959.4936,1776.84,90.79000091552734,95.30999755859375,1351.9300537109375
2023-09-20,1779.75,1637.3700000000001,961.065,1779.75,90.79000091552734,95.30999755859375,1351.9300537109375
2023-09-21,1781.68,1639.1456,962.1072000000001,1781.68,90.79000091552734,95.30999755859375,1351.9300537109375
2023-09-22,1783.61,1640.9212,963.1494,1783.61,90.79000091552734,95.30999755859375,1351.9300537109375
2023-09-23,1785.21,1642.3932000000002,964.0134,1785.21,90.79000091552734,95.30999755859375,1351.9300537109375
2023-09-24,1786.26,1643.3592,964.5804,1786.26,90.79000091552734,95.30999755859375,1351.9300537109375
2023-09-25,1788.05,1645.006,965.547,1788.05,90.79000091552734,95.30999755859375,1351.9300537109375
2023-09-26,1789.63,1646.4596000000001,966.4002000000002,1789.63,90.79000091552734,95.30999755859375,1351.9300537109375
2023-09-27,1791.29,1647.9868000000001,967.2966,1791.29,90.79000091552734,95.30999755859375,1351.9300537109375
2023-09-28,1793.26,1649.7992000000002,968.3604,1793.26,90.79000091552734,95.30999755859375,1351.9300537109375
2023-09-29,1794.41,1650.8572000000001,968.9814000000001,1794.41,90.79000091552734,95.30999755859375,1351.9300537109375
2023-09-30,1794.66,1651.0872000000002,969.1164000000001,1794.66,90.79000091552734,95.30999755859375,1351.9300537109375
2023-10-01,1795.22,1651.6024,969.4188,1795.22,90.79000091552734,95.30999755859375,1348.0699462890625
2023-10-02,1796.17,1652.4764000000002,969.9318000000001,1796.17,90.79000091552734,95.30999755859375,1348.0699462890625
2023-10-03,1796.25,1652.5500000000002,969.975,1796.25,90.79000091552734,95.30999755859375,1348.0699462890625
2023-10-04,1796.38,1652.6696000000002,970.0452000000001,1796.38,90.79000091552734,95.30999755859375,1348.0699462890625
2023-10-05,1795.91,1652.2372000000003,969.7914000000001,1795.91,90.79000091552734,95.30999755859375,1348.0699462890625
2023-10-06,1793.82,1650.3144,968.6628000000001,1793.82,90.79000091552734,95.30999755859375,1348.0699462890625
2023-10-07,1791.71,1648.3732,967.5234,1791.71,90.79000091552734,95.30999755859375,1348.0699462890625
2023-10-08,1790.73,1647.4716,966.9942000000001,1790.73,90.79000091552734,95.30999755859375,1348.0699462890625
2023-10-09,1790.08,1646.8736,966.6432,1790.08,90.79000091552734,95.30999755859375,1348.0699462890625
2023-10-10,1789.18,1646.0456000000001,966.1572000000001,1789.18,90.79000091552734,95.30999755859375,1348.0699462890625
2023-10-11,1786.89,1643.9388000000001,964.9206000000001,1786.89,90.79000091552734,95.30999755859375,1348.0699462890625
2023-10-12,1784.72,1641.9424000000001,963.7488000000001,1784.72,90.79000091552734,95.30999755859375,1348.0699462890625
2023-10-13,1781.79,1639.2468000000001,962.1666,1781.79,90.79000091552734,95.30999755859375,1348.0699462890625
2023-10-14,1779.47,1637.1124000000002,960.9138,1779.47,90.79000091552734,95.30999755859375,1348.0699462890625
2023-10-15,1778.68,1636.3856,960.4872000000001,1778.68,90.79000091552734,95.30999755859375,1348.0699462890625
2023-10-16,1777.56,1635.3552,959.8824000000001,1777.56,90.79000091552734,95.30999755859375,1348.0699462890625
2023-10-17,1775.06,1633.0552,958.5324,1775.06,90.79000091552734,95.30999755859375,1348.0699462890625
2023-10-18,1772.84,1631.0128,957.3336,1772.84,90.79000091552734,95.30999755859375,1348.0699462890625
2023-10-19,1771.04,1629.3568,956.3616000000001,1771.04,90.79000091552734,95.30999755859375,1348.0699462890625
2023-10-20,1769.39,1627.8388000000002,955.4706000000001,1769.39,90.79000091552734,95.30999755859375,1348.0699462890625
2023-10-21,1767.74,1626.3208000000002,954.5796,1767.74,90.79000091552734,95.30999755859375,1348.0699462890625
2023-10-22,1767.17,1625.7964000000002,954.2718000000001,1767.17,90.79000091552734,95.30999755859375,1348.0699462890625
2023-10-23,1766.3,1624.996,953.802,1766.3,90.79000091552734,95.30999755859375,1348.0699462890625
2023-10-24,1764.26,1623.1192,952.7004000000001,1764.26,90.79000091552734,95.30999755859375,1348.0699462890625
2023-10-25,1761.55,1620.626,951.2370000000001,1761.55,90.79000091552734,95.30999755859375,1348.0699462890625
2023-10-26,1758.33,1617.6636,949.4982,1758.33,90.79000091552734,95.30999755859375,1348.0699462890625
2023-10-27,1754.98,1614.5816,947.6892,1754.98,90.79000091552734,95.30999755859375,1348.0699462890625
2023-10-28,1752.31,1612.1252,946.2474000000001,1752.31,90.79000091552734,95.30999755859375,1348.0699462890625
2023-10-29,1751.43,1611.3156000000001,945.7722000000001,1751.43,90.79000091552734,95.30999755859375,1348.0699462890625
2023-10-30,1749.83,1609.8436,944.9082000000001,1749.83,90.79000091552734,95.30999755859375,1348.0699462890625
2023-10-31,1747.06,1607.2952,943.4124,1747.06,90.79000091552734,95.30999755859375,1348.0699462890625
2023-11-01,1742.31,1602.9252000000001,940.8474,1742.31,75.95999908447266,82.83000183105469,1288.3599853515625
2023-11-02,1738.21,1599.1532000000002,938.6334,1738.21,75.95999908447266,82.83000183105469,1288.3599853515625
2023-11-03,1733.97,1595.2524,936.3438000000001,1733.97,75.95999908447266,82.83000183105469,1288.3599853515625
2023-11-04,1730.38,1591.9496000000001,934.4052000000001,1730.38,75.95999908447266,82.83000183105469,1288.3599853515625
2023-11-05,1728.69,1590.3948,933.4926,1728.69,75.95999908447266,82.83000183105469,1288.3599853515625
2023-11-06,1725.83,1587.7636,931.9482,1725.83,75.95999908447266,82.83000183105469,1288.3599853515625
2023-11-07,1721.01,1583.3292000000001,929.3454,1721.01,75.95999908447266,82.83000183105469,1288.3599853515625
2023-11-08,1715.73,1578.4716,926.4942000000001,1715.73,75.95999908447266,82.83000183105469,1288.3599853515625
2023-11-09,1709.48,1572.7216,923.1192000000001,1709.48,75.95999908447266,82.83000183105469,1288.3599853515625
2023-11-10,1703.13,1566.8796000000002,919.6902000000001,1703.13,75.95999908447266,82.83000183105469,1288.3599853515625
2023-11-11,1697.77,1561.9484,916.7958000000001,1697.77,75.95999908447266,82.83000183105469,1288.3599853515625
2023-11-12,1695.93,1560.2556000000002,915.8022000000001,1695.93,75.95999908447266,82.83000183105469,1288.3599853515625
2023-11-13,1691.87,1556.5203999999999,913.6098,1691.87,75.95999908447266,82.83000183105469,1288.3599853515625
2023-11-14,1685.73,1550.8716000000002,910.2942,1685.73,75.95999908447266,82.83000183105469,1288.3599853515625
2023-11-15,1680.63,1546.1796000000002,907.5402000000001,1680.63,75.95999908447266,82.83000183105469,1288.3599853515625
2023-11-16,1676.26,1542.1592,905.1804000000001,1676.26,75.95999908447266,82.83000183105469,1288.3599853515625
2023-11-17,1672.3,1538.516,903.042,1672.3,75.95999908447266,82.83000183105469,1288.3599853515625
2023-11-18,1668.84,1535.3328,901.1736,1668.84,75.95999908447266,82.83000183105469,1288.3599853515625
2023-11-19,1667.51,1534.1092,900.4554,1667.51,75.95999908447266,82.83000183105469,1288.3599853515625
2023-11-20,1664.78,1531.5976,898.9812000000001,1664.78,75.95999908447266,82.83000183105469,1288.3599853515625
2023-11-21,1659.12,1526.3904,895.9248,1659.12,75.95999908447266,82.83000183105469,1288.3599853515625
2023-11-22,1656.54,1524.0168,894.5316,1656.54,75.95999908447266,82.83000183105469,1288.3599853515625
2023-11-23,1652.96,1520.7232000000001,892.5984000000001,1652.96,75.95999908447266,82.83000183105469,1288.3599853515625
2023-11-24,1649.56,1517.5952,890.7624000000001,1649.56,75.95999908447266,82.83000183105469,1288.3599853515625
2023-11-25,1647.05,1515.286,889.407,1647.05,75.95999908447266,82.83000183105469,1288.3599853515625
2023-11-26,1645.97,1514.2924,888.8238000000001,1645.97,75.95999908447266,82.83000183105469,1288.3599853515625
2023-11-27,1643.95,1512.4340000000002,887.7330000000001,1643.95,75.95999908447266,82.83000183105469,1288.3599853515625
2023-11-28,1641.03,1509.7476000000001,886.1562,1641.03,75.95999908447266,82.83000183105469,1288.3599853515625
2023-11-29,1638.49,1507.4108,884.7846000000001,1638.49,75.95999908447266,82.83000183105469,1288.3599853515625
2023-11-30,1636.75,1505.8100000000002,883.845,1636.75,75.95999908447266,82.83000183105469,1288.3599853515625
2023-12-01,1634.18,1503.4456,882.4572000000001,1634.18,71.6500015258789,77.04000091552734,1293.530029296875
2023-12-02,1632.42,1501.8264000000001,881.5068000000001,1632.42,71.6500015258789,77.04000091552734,1293.530029296875
2023-12-03,1631.71,1501.1732000000002,881.1234000000001,1631.71,71.6500015258789,77.04000091552734,1293.530029296875
2023-12-04,1629.96,1499.5632,880.1784000000001,1629.96,71.6500015258789,77.04000091552734,1293.530029296875
2023-12-05,1626.7,1496.564,878.4180000000001,1626.7,71.6500015258789,77.04000091552734,1293.530029296875
2023-12-06,1623.79,1493.8868,876.8466000000001,1623.79,71.6500015258789,77.04000091552734,1293.530029296875
2023-12-07,1620.78,1491.1176,875.2212000000001,1620.78,71.6500015258789,77.04000091552734,1293.530029296875
2023-12-08,1617.44,1488.0448000000001,873.4176000000001,1617.44,71.6500015258789,77.04000091552734,1293.530029296875
2023-12-09,1614.5,1485.3400000000001,871.83,1614.5,71.6500015258789,77.04000091552734,1293.530029296875
2023-12-10,1613.41,1484.3372000000002,871.2414000000001,1613.41,71.6500015258789,77.04000091552734,1293.530029296875
2023-12-11,1611.22,1482.3224,870.0588,1611.22,71.6500015258789,77.04000091552734,1293.530029296875
2023-12-12,1606.83,1478.2836,867.6882,1606.83,71.6500015258789,77.04000091552734,1293.530029296875
2023-12-13,1602.56,1474.3552,865.3824000000001,1602.56,71.6500015258789,77.04000091552734,1293.530029296875
2023-12-14,1599.08,1471.1536,863.5032,1599.08,71.6500015258789,77.04000091552734,1293.530029296875
2023-12-15,1595.98,1468.3016,861.8292,1595.98,71.6500015258789,77.04000091552734,1293.530029296875
2023-12-16,1593.35,1465.882,860.409,1593.35,71.6500015258789,77.04000091552734,1293.530029296875
2023-12-17,1592.5,1465.1000000000001,859.95,1592.5,71.6500015258789,77.04000091552734,1293.530029296875
2023-12-18,1590.61,1463.3612,858.9294,1590.61,71.6500015258789,77.04000091552734,1293.530029296875
2023-12-19,1587.97,1460.9324000000001,857.5038000000001,1587.97,71.6500015258789,77.04000091552734,1293.530029296875
2023-12-20,1586.3,1459.396,856.602,1586.3,71.6500015258789,77.04000091552734,1293.530029296875
2023-12-21,1585.23,1458.4116000000001,856.0242000000001,1585.23,71.6500015258789,77.04000091552734,1293.530029296875
2023-12-22,1584.81,1458.0252,855.7974,1584.81,71.6500015258789,77.04000091552734,1293.530029296875
2023-12-23,1584.02,1457.2984000000001,855.3708,1584.02,71.6500015258789,77.04000091552734,1293.530029296875
2023-12-24,1583.69,1456.9948000000002,855.1926000000001,1583.69,71.6500015258789,77.04000091552734,1293.530029296875
2023-12-25,1583.53,1456.8476,855.1062000000001,1583.53,71.6500015258789,77.04000091552734,1293.530029296875
2023-12-26,1582.63,1456.0196,854.6202000000001,1582.63,71.6500015258789,77.04000091552734,1293.530029296875
2023-12-27,1581.89,1455.3388000000002,854.2206000000001,1581.89,71.6500015258789,77.04000091552734,1293.530029296875
2023-12-28,1581.22,1454.7224,853.8588000000001,1581.22,71.6500015258789,77.04000091552734,1293.530029296875
2023-12-29,1580.53,1454.0876,853.4862,1580.53,71.6500015258789,77.04000091552734,1293.530029296875
2023-12-30,1579.61,1453.2412,852.9894,1579.61,71.6500015258789,77.04000091552734,1293.530029296875
2023-12-31,1579.31,1452.9652,852.8274,1579.31,71.6500015258789,77.04000091552734,1293.530029296875
2024-01-01,1578.54,1452.2568,852.4116,1578.54,75.8499984741211,81.70999908447266,1326.6199951171875
2024-01-02,1577.46,1451.2632,851.8284000000001,1577.46,75.8499984741211,81.70999908447266,1326.6199951171875
2024-01-03,1575.89,1449.8188000000002,850.9806000000001,1575.89,75.8499984741211,81.70999908447266,1326.6199951171875
2024-01-04,1574.52,1448.5584000000001,850.2408,1574.52,75.8499984741211,81.70999908447266,1326.6199951171875
2024-01-05,1573.43,1447.5556000000001,849.6522000000001,1573.43,75.8499984741211,81.70999908447266,1326.6199951171875
2024-01-06,1572.33,1446.5436,849.0582,1572.33,75.8499984741211,81.70999908447266,1326.6199951171875
2024-01-07,1572.02,1446.2584,848.8908,1572.02,75.8499984741211,81.70999908447266,1326.6199951171875
2024-01-08,1571.71,1445.9732000000001,848.7234000000001,1571.71,75.8499984741211,81.70999908447266,1326.6199951171875
2024-01-09,1570.46,1444.8232,848.0484000000001,1570.46,75.8499984741211,81.70999908447266,1326.6199951171875
2024-01-10,1569.02,1443.4984,847.2708,1569.02,75.8499984741211,81.70999908447266,1326.6199951171875
2024-01-11,1567.64,1442.2288,846.5256,1567.64,75.8499984741211,81.70999908447266,1326.6199951171875
2024-01-12,1566.47,1441.1524000000002,845.8938,1566.47,75.8499984741211,81.70999908447266,1326.6199951171875
2024-01-13,1565.39,1440.1588000000002,845.3106000000001,1565.39,75.8499984741211,81.70999908447266,1326.6199951171875
2024-01-14,1565.13,1439.9196000000002,845.1702000000001,1565.13,75.8499984741211,81.70999908447266,1326.6199951171875
2024-01-15,1564.94,1439.7448000000002,845.0676000000001,1564.94,75.8499984741211,81.70999908447266,1326.6199951171875
2024-01-16,1564.38,1439.2296000000001,844.7652000000002,1564.38,75.8499984741211,81.70999908447266,1326.6199951171875
2024-01-17,1563.41,1438.3372000000002,844.2414000000001,1563.41,75.8499984741211,81.70999908447266,1326.6199951171875
2024-01-18,1563.03,1437.9876,844.0362,1563.03,75.8499984741211,81.70999908447266,1326.6199951171875
2024-01-19,1562.66,1437.6472,843.8364000000001,1562.66,75.8499984741211,81.70999908447266,1326.6199951171875
2024-01-20,1562.4,1437.4080000000001,843.6960000000001,1562.4,75.8499984741211,81.70999908447266,1326.6199951171875
2024-01-21,1562.41,1437.4172,843.7014000000001,1562.41,75.8499984741211,81.70999908447266,1326.6199951171875
2024-01-22,1562.78,1437.7576000000001,843.9012,1562.78,75.8499984741211,81.70999908447266,1326.6199951171875
2024-01-23,1563.3,1438.236,844.182,1563.3,75.8499984741211,81.70999908447266,1326.6199951171875
2024-01-24,1564.19,1439.0548000000001,844.6626000000001,1564.19,75.8499984741211,81.70999908447266,1326.6199951171875
2024-01-25,1565.87,1440.6004,845.5698,1565.87,75.8499984741211,81.70999908447266,1326.6199951171875
2024-01-26,1567.91,1442.4772,846.6714000000001,1567.91,75.8499984741211,81.70999908447266,1326.6199951171875
2024-01-27,1570.95,1445.2740000000001,848.3130000000001,1570.95,75.8499984741211,81.70999908447266,1326.6199951171875
2024-01-28,1572.19,1446.4148,848.9826,1572.19,75.8499984741211,81.70999908447266,1326.6199951171875
2024-01-29,1575.09,1449.0828,850.5486,1575.09,75.8499984741211,81.70999908447266,1326.6199951171875
2024-01-30,1578.88,1452.5696000000003,852.5952000000001,1578.88,75.8499984741211,81.70999908447266,1326.6199951171875
2024-01-31,1582.27,1455.6884,854.4258000000001,1582.27,75.8499984741211,81.70999908447266,1326.6199951171875
2024-02-01,1586.46,1459.5432,856.6884000000001,1586.46,78.26000213623047,83.62000274658203,1333.3800048828125
2024-02-02,1589.01,1461.8892,858.0654000000001,1589.01,78.26000213623047,83.62000274658203,1333.3800048828125
2024-02-03,1591.03,1463.7476000000001,859.1562,1591.03,78.26000213623047,83.62000274658203,1333.3800048828125
2024-02-04,1592.01,1464.6492,859.6854000000001,1592.01,78.26000213623047,83.62000274658203,1333.3800048828125
2024-02-05,1594.1,1466.572,860.814,1594.1,78.26000213623047,83.62000274658203,1333.3800048828125
2024-02-06,1596.46,1468.7432000000001,862.0884000000001,1596.46,78.26000213623047,83.62000274658203,1333.3800048828125
2024-02-07,1598.37,1470.5004,863.1197999999999,1598.37,78.26000213623047,83.62000274658203,1333.3800048828125
2024-02-08,1600.73,1472.6716000000001,864.3942000000001,1600.73,78.26000213623047,83.62000274658203,1333.3800048828125
2024-02-09,1603.53,1475.2476000000001,865.9062,1603.53,78.26000213623047,83.62000274658203,1333.3800048828125
2024-02-10,1604.84,1476.4528,866.6136,1604.84,78.26000213623047,83.62000274658203,1333.3800048828125
2024-02-11,1605.81,1477.3452,867.1374000000001,1605.81,78.26000213623047,83.62000274658203,1333.3800048828125
2024-02-12,1606.65,1478.1180000000002,867.5910000000001,1606.65,78.26000213623047,83.62000274658203,1333.3800048828125
2024-02-13,1608.44,1479.7648000000002,868.5576000000001,1608.44,78.26000213623047,83.62000274658203,1333.3800048828125
2024-02-14,1611.7,1482.7640000000001,870.3180000000001,1611.7,78.26000213623047,83.62000274658203,1333.3800048828125
2024-02-15,1614.9,1485.708,872.0460000000002,1614.9,78.26000213623047,83.62000274658203,1333.3800048828125
2024-02-16,1618.0,1488.5600000000002,873.72,1618.0,78.26000213623047,83.62000274658203,1333.3800048828125
2024-02-17,1620.92,1491.2464000000002,875.2968000000001,1620.92,78.26000213623047,83.62000274658203,1333.3800048828125
2024-02-18,1622.32,1492.5344,876.0528,1622.32,78.26000213623047,83.62000274658203,1333.3800048828125
2024-02-19,1625.02,1495.0184000000002,877.5108,1625.02,78.26000213623047,83.62000274658203,1333.3800048828125
2024-02-20,1627.74,1497.5208,878.9796000000001,1627.74,78.26000213623047,83.62000274658203,1333.3800048828125
2024-02-21,1629.43,1499.0756000000001,879.8922000000001,1629.43,78.26000213623047,83.62000274658203,1333.3800048828125
2024-02-22,1630.89,1500.4188000000001,880.6806000000001,1630.89,78.26000213623047,83.62000274658203,1333.3800048828125
2024-02-23,1632.41,1501.8172000000002,881.5014000000001,1632.41,78.26000213623047,83.62000274658203,1333.3800048828125
2024-02-24,1633.29,1502.6268,881.9766000000001,1633.29,78.26000213623047,83.62000274658203,1333.3800048828125
2024-02-25,1633.74,1503.0408,882.2196,1633.74,78.26000213623047,83.62000274658203,1333.3800048828125
2024-02-26,1634.84,1504.0528,882.8136000000001,1634.84,78.26000213623047,83.62000274658203,1333.3800048828125
2024-02-27,1635.57,1504.7244,883.2078,1635.57,78.26000213623047,83.62000274658203,1333.3800048828125
2024-02-28,1636.15,1505.258,883.5210000000001,1636.15,78.26000213623047,83.62000274658203,1333.3800048828125
2024-02-29,1636.72,1505.7824,883.8288000000001,1636.72,78.26000213623047,83.62000274658203,1333.3800048828125
2024-03-01,1637.44,1506.4448000000002,884.2176000000001,1637.44,83.16999816894531,87.4800033569336,1345.2900390625
2024-03-02,1637.74,1506.7208,884.3796000000001,1637.74,83.16999816894531,87.4800033569336,1345.2900390625
2024-03-03,1638.1,1507.052,884.574,1638.1,83.16999816894531,87.4800033569336,1345.2900390625
2024-03-04,1638.95,1507.834,885.0330000000001,1638.95,83.16999816894531,87.4800033569336,1345.2900390625
2024-03-05,1639.39,1508.2388,885.2706000000001,1639.39,83.16999816894531,87.4800033569336,1345.2900390625
2024-03-06,1639.52,1508.3584,885.3408000000001,1639.52,83.16999816894531,87.4800033569336,1345.2900390625
2024-03-07,1639.47,1508.3124,885.3138000000001,1639.47,83.16999816894531,87.4800033569336,1345.2900390625
2024-03-08,1639.52,1508.3584,885.3408000000001,1639.52,83.16999816894531,87.4800033569336,1345.2900390625
2024-03-09,1639.18,1508.0456000000001,885.1572000000001,1639.18,83.16999816894531,87.4800033569336,1345.2900390625
2024-03-10,1639.26,1508.1192,885.2004000000001,1639.26,83.16999816894531,87.4800033569336,1345.2900390625
2024-03-11,1639.59,1508.4228,885.3786,1639.59,83.16999816894531,87.4800033569336,1345.2900390625
2024-03-12,1639.44,1508.2848000000001,885.2976000000001,1639.44,83.16999816894531,87.4800033569336,1345.2900390625
2024-03-13,1638.99,1507.8708000000001,885.0546,1638.99,83.16999816894531,87.4800033569336,1345.2900390625
2024-03-14,1638.5,1507.42,884.7900000000001,1638.5,83.16999816894531,87.4800033569336,1345.2900390625
2024-03-15,1638.33,1507.2636,884.6982,1638.33,83.16999816894531,87.4800033569336,1345.2900390625
2024-03-16,1637.92,1506.8864,884.4768000000001,1637.92,83.16999816894531,87.4800033569336,1345.2900390625
2024-03-17,1637.88,1506.8496000000002,884.4552000000001,1637.88,83.16999816894531,87.4800033569336,1345.2900390625
2024-03-18,1638.22,1507.1624000000002,884.6388000000001,1638.22,83.16999816894531,87.4800033569336,1345.2900390625
2024-03-19,1637.78,1506.7576000000001,884.4012,1637.78,83.16999816894531,87.4800033569336,1345.2900390625
2024-03-20,1638.05,1507.006,884.547,1638.05,83.16999816894531,87.4800033569336,1345.2900390625
2024-03-21,1638.31,1507.2452,884.6874,1638.31,83.16999816894531,87.4800033569336,1345.2900390625
2024-03-22,1638.66,1507.5672000000002,884.8764000000001,1638.66,83.16999816894531,87.4800033569336,1345.2900390625
2024-03-23,1638.43,1507.3556,884.7522000000001,1638.43,83.16999816894531,87.4800033569336,1345.2900390625
2024-03-24,1638.46,1507.3832,884.7684,1638.46,83.16999816894531,87.4800033569336,1345.2900390625
2024-03-25,1638.97,1507.8524,885.0438,1638.97,83.16999816894531,87.4800033569336,1345.2900390625
2024-03-26,1639.57,1508.4044,885.3678,1639.57,83.16999816894531,87.4800033569336,1345.2900390625
2024-03-27,1640.07,1508.8644,885.6378,1640.07,83.16999816894531,87.4800033569336,1345.2900390625
2024-03-28,1640.44,1509.2048000000002,885.8376000000001,1640.44,83.16999816894531,87.4800033569336,1345.2900390625
2024-03-29,1641.08,1509.7936,886.1832,1641.08,83.16999816894531,87.4800033569336,1345.2900390625
2024-03-30,1642.15,1510.7780000000002,886.7610000000001,1642.15,83.16999816894531,87.4800033569336,1345.2900390625
2024-03-31,1642.77,1511.3484,887.0958,1642.77,83.16999816894531,87.4800033569336,1345.2900390625
2024-04-01,1644.42,1512.8664,887.9868000000001,1644.42,81.93000030517578,87.86000061035156,1374.6400146484375
2024-04-02,1645.97,1514.2924,888.8238000000001,1645.97,81.93000030517578,87.86000061035156,1374.6400146484375
2024-04-03,1648.7,1516.804,890.2980000000001,1648.7,81.93000030517578,87.86000061035156,1374.6400146484375
2024-04-04,1652.94,1520.7048000000002,892.5876000000001,1652.94,81.93000030517578,87.86000061035156,1374.6400146484375
2024-04-05,1658.16,1525.5072000000002,895.4064000000001,1658.16,81.93000030517578,87.86000061035156,1374.6400146484375
2024-04-06,1662.55,1529.546,897.777,1662.55,81.93000030517578,87.86000061035156,1374.6400146484375
2024-04-07,1665.23,1532.0116,899.2242000000001,1665.23,81.93000030517578,87.86000061035156,1374.6400146484375
2024-04-08,1669.72,1536.1424000000002,901.6488,1669.72,81.93000030517578,87.86000061035156,1374.6400146484375
2024-04-09,1674.74,1540.7608,904.3596000000001,1674.74,81.93000030517578,87.86000061035156,1374.6400146484375
2024-04-10,1677.48,1543.2816,905.8392000000001,1677.48,81.93000030517578,87.86000061035156,1374.6400146484375
2024-04-11,1679.08,1544.7536,906.7032,1679.08,81.93000030517578,87.86000061035156,1374.6400146484375
2024-04-12,1682.28,1547.6976,908.4312,1682.28,81.93000030517578,87.86000061035156,1374.6400146484375
2024-04-13,1685.38,1550.5496,910.1052000000001,1685.38,81.93000030517578,87.86000061035156,1374.6400146484375
2024-04-14,1687.39,1552.3988000000002,911.1906000000001,1687.39,81.93000030517578,87.86000061035156,1374.6400146484375
2024-04-15,1691.52,1556.1984,913.4208000000001,1691.52,81.93000030517578,87.86000061035156,1374.6400146484375
2024-04-16,1695.55,1559.906,915.597,1695.55,81.93000030517578,87.86000061035156,1374.6400146484375
2024-04-17,1699.1,1563.172,917.514,1699.1,81.93000030517578,87.86000061035156,1374.6400146484375
2024-04-18,1701.69,1565.5548000000001,918.9126000000001,1701.69,81.93000030517578,87.86000061035156,1374.6400146484375
2024-04-19,1704.14,1567.8088000000002,920.2356000000001,1704.14,81.93000030517578,87.86000061035156,1374.6400146484375
2024-04-20,1705.67,1569.2164,921.0618000000001,1705.67,81.93000030517578,87.86000061035156,1374.6400146484375
2024-04-21,1706.47,1569.9524000000001,921.4938000000001,1706.47,81.93000030517578,87.86000061035156,1374.6400146484375
2024-04-22,1707.25,1570.67,921.9150000000001,1707.25,81.93000030517578,87.86000061035156,1374.6400146484375
2024-04-23,1708.08,1571.4336,922.3632,1708.08,81.93000030517578,87.86000061035156,1374.6400146484375
2024-04-24,1709.56,1572.7952,923.1624,1709.56,81.93000030517578,87.86000061035156,1374.6400146484375
2024-04-25,1710.47,1573.6324000000002,923.6538,1710.47,81.93000030517578,87.86000061035156,1374.6400146484375
2024-04-26,1711.28,1574.3776,924.0912000000001,1711.28,81.93000030517578,87.86000061035156,1374.6400146484375
2024-04-27,1711.59,1574.6628,924.2586,1711.59,81.93000030517578,87.86000061035156,1374.6400146484375
2024-04-28,1711.94,1574.9848000000002,924.4476000000001,1711.94,81.93000030517578,87.86000061035156,1374.6400146484375
2024-04-29,1712.73,1575.7116,924.8742000000001,1712.73,81.93000030517578,87.86000061035156,1374.6400146484375
2024-04-30,1712.97,1575.9324000000001,925.0038000000001,1712.97,81.93000030517578,87.86000061035156,1374.6400146484375
2024-05-01,1713.47,1576.3924000000002,925.2738,1713.47,76.98999786376953,81.62000274658203,1375.6199951171875
2024-05-02,1713.56,1576.4752,925.3224,1713.56,76.98999786376953,81.62000274658203,1375.6199951171875
2024-05-03,1713.39,1576.3188000000002,925.2306000000001,1713.39,76.98999786376953,81.62000274658203,1375.6199951171875
2024-05-04,1712.67,1575.6564,924.8418000000001,1712.67,76.98999786376953,81.62000274658203,1375.6199951171875
2024-05-05,1712.64,1575.6288000000002,924.8256000000001,1712.64,76.98999786376953,81.62000274658203,1375.6199951171875
2024-05-06,1712.71,1575.6932000000002,924.8634000000001,1712.71,76.98999786376953,81.62000274658203,1375.6199951171875
2024-05-07,1712.2,1575.2240000000002,924.5880000000001,1712.2,76.98999786376953,81.62000274658203,1375.6199951171875
2024-05-08,1711.12,1574.2304,924.0048,1711.12,76.98999786376953,81.62000274658203,1375.6199951171875
2024-05-09,1709.94,1573.1448,923.3676,1709.94,76.98999786376953,81.62000274658203,1375.6199951171875
2024-05-10,1708.38,1571.7096000000001,922.5252000000002,1708.38,76.98999786376953,81.62000274658203,1375.6199951171875
2024-05-11,1706.8,1570.256,921.672,1706.8,76.98999786376953,81.62000274658203,1375.6199951171875
2024-05-12,1706.13,1569.6396000000002,921.3102000000001,1706.13,76.98999786376953,81.62000274658203,1375.6199951171875
2024-05-13,1704.93,1568.5356000000002,920.6622000000001,1704.93,76.98999786376953,81.62000274658203,1375.6199951171875
2024-05-14,1702.6,1566.392,919.404,1702.6,76.98999786376953,81.62000274658203,1375.6199951171875
2024-05-15,1701.02,1564.9384,918.5508000000001,1701.02,76.98999786376953,81.62000274658203,1375.6199951171875
2024-05-16,1699.61,1563.6412,917.7894,1699.61,76.98999786376953,81.62000274658203,1375.6199951171875
2024-05-17,1697.68,1561.8656,916.7472000000001,1697.68,76.98999786376953,81.62000274658203,1375.6199951171875
2024-05-18,1695.33,1559.7036,915.4782,1695.33,76.98999786376953,81.62000274658203,1375.6199951171875
2024-05-19,1694.71,1559.1332,915.1434,1694.71,76.98999786376953,81.62000274658203,1375.6199951171875
2024-05-20,1693.51,1558.0292,914.4954,1693.51,76.98999786376953,81.62000274658203,1375.6199951171875
2024-05-21,1691.17,1555.8764,913.2318000000001,1691.17,76.98999786376953,81.62000274658203,1375.6199951171875
2024-05-22,1688.97,1553.8524,912.0438,1688.97,76.98999786376953,81.62000274658203,1375.6199951171875
2024-05-23,1686.59,1551.6628,910.7586,1686.59,76.98999786376953,81.62000274658203,1375.6199951171875
2024-05-24,1684.41,1549.6572,909.5814000000001,1684.41,76.98999786376953,81.62000274658203,1375.6199951171875
2024-05-25,1682.55,1547.946,908.577,1682.55,76.98999786376953,81.62000274658203,1375.6199951171875
2024-05-26,1681.77,1547.2284,908.1558,1681.77,76.98999786376953,81.62000274658203,1375.6199951171875
2024-05-27,1680.48,1546.0416,907.4592000000001,1680.48,76.98999786376953,81.62000274658203,1375.6199951171875
2024-05-28,1678.28,1544.0176000000001,906.2712,1678.28,76.98999786376953,81.62000274658203,1375.6199951171875
2024-05-29,1676.54,1542.4168,905.3316000000001,1676.54,76.98999786376953,81.62000274658203,1375.6199951171875
2024-05-30,1675.12,1541.1104,904.5648,1675.12,76.98999786376953,81.62000274658203,1375.6199951171875
2024-05-31,1673.58,1539.6936,903.7332,1673.58,76.98999786376953,81.62000274658203,1375.6199951171875
2024-06-01,1671.21,1537.5132,902.4534000000001,1671.21,81.54000091552734,86.41000366210938,1380.280029296875
2024-06-02,1670.58,1536.9336,902.1132,1670.58,81.54000091552734,86.41000366210938,1380.280029296875
2024-06-03,1669.55,1535.986,901.557,1669.55,81.54000091552734,86.41000366210938,1380.280029296875
2024-06-04,1667.38,1533.9896,900.3852000000002,1667.38,81.54000091552734,86.41000366210938,1380.280029296875
2024-06-05,1664.71,1531.5332,898.9434000000001,1664.71,81.54000091552734,86.41000366210938,1380.280029296875
2024-06-06,1662.43,1529.4356,897.7122,1662.43,81.54000091552734,86.41000366210938,1380.280029296875
2024-06-07,1660.88,1528.0096,896.8752000000001,1660.88,81.54000091552734,86.41000366210938,1380.280029296875
2024-06-08,1658.98,1526.2616,895.8492000000001,1658.98,81.54000091552734,86.41000366210938,1380.280029296875
2024-06-09,1658.24,1525.5808000000002,895.4496,1658.24,81.54000091552734,86.41000366210938,1380.280029296875
2024-06-10,1657.02,1524.4584,894.7908000000001,1657.02,81.54000091552734,86.41000366210938,1380.280029296875
2024-06-11,1654.69,1522.3148,893.5326000000001,1654.69,81.54000091552734,86.41000366210938,1380.280029296875
2024-06-12,1652.63,1520.4196000000002,892.4202000000001,1652.63,81.54000091552734,86.41000366210938,1380.280029296875
2024-06-13,1651.2,1519.104,891.6480000000001,1651.2,81.54000091552734,86.41000366210938,1380.280029296875
2024-06-14,1649.93,1517.9356,890.9622,1649.93,81.54000091552734,86.41000366210938,1380.280029296875
2024-06-15,1649.44,1517.4848000000002,890.6976000000001,1649.44,81.54000091552734,86.41000366210938,1380.280029296875
2024-06-16,1649.11,1517.1812,890.5194,1649.11,81.54000091552734,86.41000366210938,1380.280029296875
2024-06-17,1648.75,1516.8500000000001,890.325,1648.75,81.54000091552734,86.41000366210938,1380.280029296875
2024-06-18,1648.3,1516.436,890.082,1648.3,81.54000091552734,86.41000366210938,1380.280029296875
2024-06-19,1648.55,1516.666,890.217,1648.55,81.54000091552734,86.41000366210938,1380.280029296875
2024-06-20,1648.89,1516.9788,890.4006000000002,1648.89,81.54000091552734,86.41000366210938,1380.280029296875
2024-06-21,1649.48,1517.5216,890.7192000000001,1649.48,81.54000091552734,86.41000366210938,1380.280029296875
2024-06-22,1650.95,1518.874,891.513,1650.95,81.54000091552734,86.41000366210938,1380.280029296875
2024-06-23,1651.44,1519.3248,891.7776000000001,1651.44,81.54000091552734,86.41000366210938,1380.280029296875
2024-06-24,1653.06,1520.8152,892.6524000000001,1653.06,81.54000091552734,86.41000366210938,1380.280029296875
2024-06-25,1654.9,1522.508,893.6460000000001,1654.9,81.54000091552734,86.41000366210938,1380.280029296875
2024-06-26,1657.26,1524.6792,894.9204000000001,1657.26,81.54000091552734,86.41000366210938,1380.280029296875
2024-06-27,1660.17,1527.3564000000001,896.4918000000001,1660.17,81.54000091552734,86.41000366210938,1380.280029296875
2024-06-28,1663.14,1530.0888000000002,898.0956000000001,1663.14,81.54000091552734,86.41000366210938,1380.280029296875
2024-06-29,1667.38,1533.9896,900.3852000000002,1667.38,81.54000091552734,86.41000366210938,1380.280029296875
2024-06-30,1670.76,1537.0992,902.2104,1670.76,81.54000091552734,86.41000366210938,1380.280029296875
2024-07-01,1679.05,1544.726,906.687,1679.05,77.91000366210938,80.72000122070312,1383.5
2024-07-02,1683.42,1548.7464000000002,909.0468000000001,1683.42,77.91000366210938,80.72000122070312,1383.5
2024-07-03,1686.19,1551.2948000000001,910.5426000000001,1686.19,77.91000366210938,80.72000122070312,1383.5
2024-07-04,1691.72,1556.3824000000002,913.5288,1691.72,77.91000366210938,80.72000122070312,1383.5
2024-07-05,1695.76,1560.0992,915.7104,1695.76,77.91000366210938,80.72000122070312,1383.5
2024-07-06,1699.45,1563.4940000000001,917.7030000000001,1699.45,77.91000366210938,80.72000122070312,1383.5
2024-07-07,1701.08,1564.9936,918.5832,1701.08,77.91000366210938,80.72000122070312,1383.5
2024-07-08,1704.71,1568.3332,920.5434000000001,1704.71,77.91000366210938,80.72000122070312,1383.5
2024-07-09,1707.74,1571.1208000000001,922.1796,1707.74,77.91000366210938,80.72000122070312,1383.5
2024-07-10,1709.16,1572.4272,922.9464000000002,1709.16,77.91000366210938,80.72000122070312,1383.5
2024-07-11,1710.1,1573.292,923.4540000000001,1710.1,77.91000366210938,80.72000122070312,1383.5
2024-07-12,1710.92,1574.0464000000002,923.8968000000001,1710.92,77.91000366210938,80.72000122070312,1383.5
2024-07-13,1711.48,1574.5616,924.1992,1711.48,77.91000366210938,80.72000122070312,1383.5
2024-07-14,1711.93,1574.9756000000002,924.4422000000001,1711.93,77.91000366210938,80.72000122070312,1383.5
2024-07-15,1713.04,1575.9968000000001,925.0416,1713.04,77.91000366210938,80.72000122070312,1383.5
2024-07-16,1713.32,1576.2544,925.1928,1713.32,77.91000366210938,80.72000122070312,1383.5
2024-07-17,1713.46,1576.3832000000002,925.2684,1713.46,77.91000366210938,80.72000122070312,1383.5
2024-07-18,1713.56,1576.4752,925.3224,1713.56,77.91000366210938,80.72000122070312,1383.5
2024-07-19,1713.91,1576.7972000000002,925.5114000000001,1713.91,77.91000366210938,80.72000122070312,1383.5
2024-07-20,1713.64,1576.5488000000003,925.3656000000001,1713.64,77.91000366210938,80.72000122070312,1383.5
2024-07-21,1713.63,1576.5396,925.3602000000001,1713.63,77.91000366210938,80.72000122070312,1383.5
2024-07-22,1714.01,1576.8892,925.5654000000001,1714.01,77.91000366210938,80.72000122070312,1383.5
2024-07-23,1713.9,1576.7880000000002,925.5060000000001,1713.9,77.91000366210938,80.72000122070312,1383.5
2024-07-24,1713.33,1576.2636,925.1982,1713.33,77.91000366210938,80.72000122070312,1383.5
2024-07-25,1712.92,1575.8864,924.9768000000001,1712.92,77.91000366210938,80.72000122070312,1383.5
2024-07-26,1712.45,1575.4540000000002,924.7230000000001,1712.45,77.91000366210938,80.72000122070312,1383.5
2024-07-27,1711.89,1574.9388000000001,924.4206000000001,1711.89,77.91000366210938,80.72000122070312,1383.5
2024-07-28,1711.75,1574.8100000000002,924.345,1711.75,77.91000366210938,80.72000122070312,1383.5
2024-07-29,1711.52,1574.5984,924.2208,1711.52,77.91000366210938,80.72000122070312,1383.5
2024-07-30,1711.32,1574.4144000000001,924.1128,1711.32,77.91000366210938,80.72000122070312,1383.5
2024-07-31,1710.71,1573.8532,923.7834,1710.71,77.91000366210938,80.72000122070312,1383.5
2024-08-01,1709.9,1573.1080000000002,923.3460000000001,1709.9,73.55000305175781,78.80000305175781,1336.5699462890625
2024-08-02,1709.8,1573.016,923.292,1709.8,73.55000305175781,78.80000305175781,1336.5699462890625
2024-08-03,1708.9,1572.188,922.8060000000002,1708.9,73.55000305175781,78.80000305175781,1336.5699462890625
2024-08-04,1708.66,1571.9672,922.6764000000001,1708.66,73.55000305175781,78.80000305175781,1336.5699462890625
2024-08-05,1708.43,1571.7556000000002,922.5522000000001,1708.43,73.55000305175781,78.80000305175781,1336.5699462890625
2024-08-06,1707.01,1570.4492,921.7854000000001,1707.01,73.55000305175781,78.80000305175781,1336.5699462890625
2024-08-07,1705.17,1568.7564000000002,920.7918000000001,1705.17,73.55000305175781,78.80000305175781,1336.5699462890625
2024-08-08,1703.51,1567.2292,919.8954000000001,1703.51,73.55000305175781,78.80000305175781,1336.5699462890625
2024-08-09,1702.03,1565.8676,919.0962000000001,1702.03,73.55000305175781,78.80000305175781,1336.5699462890625
2024-08-10,1700.22,1564.2024000000001,918.1188000000001,1700.22,73.55000305175781,78.80000305175781,1336.5699462890625
2024-08-11,1699.52,1563.5584000000001,917.7408,1699.52,73.55000305175781,78.80000305175781,1336.5699462890625
2024-08-12,1698.17,1562.3164000000002,917.0118000000001,1698.17,73.55000305175781,78.80000305175781,1336.5699462890625
2024-08-13,1696.48,1560.7616,916.0992000000001,1696.48,73.55000305175781,78.80000305175781,1336.5699462890625
2024-08-14,1695.28,1559.6576,915.4512000000001,1695.28,73.55000305175781,78.80000305175781,1336.5699462890625
2024-08-15,1694.46,1558.9032000000002,915.0084,1694.46,73.55000305175781,78.80000305175781,1336.5699462890625
2024-08-16,1693.88,1558.3696000000002,914.6952000000001,1693.88,73.55000305175781,78.80000305175781,1336.5699462890625
2024-08-17,1692.92,1557.4864000000002,914.1768000000001,1692.92,73.55000305175781,78.80000305175781,1336.5699462890625
2024-08-18,1692.56,1557.1552,913.9824,1692.56,73.55000305175781,78.80000305175781,1336.5699462890625
2024-08-19,1691.89,1556.5388000000003,913.6206000000001,1691.89,73.55000305175781,78.80000305175781,1336.5699462890625
2024-08-20,1689.69,1554.5148000000002,912.4326000000001,1689.69,73.55000305175781,78.80000305175781,1336.5699462890625
2024-08-21,1687.0,1552.04,910.98,1687.0,73.55000305175781,78.80000305175781,1336.5699462890625
2024-08-22,1683.62,1548.9304,909.1548,1683.62,73.55000305175781,78.80000305175781,1336.5699462890625
2024-08-23,1680.07,1545.6644000000001,907.2378,1680.07,73.55000305175781,78.80000305175781,1336.5699462890625
2024-08-24,1677.52,1543.3184,905.8608,1677.52,73.55000305175781,78.80000305175781,1336.5699462890625
2024-08-25,1676.6,1542.472,905.364,1676.6,73.55000305175781,78.80000305175781,1336.5699462890625
2024-08-26,1674.86,1540.8712,904.4244,1674.86,73.55000305175781,78.80000305175781,1336.5699462890625
2024-08-27,1672.19,1538.4148,902.9826,1672.19,73.55000305175781,78.80000305175781,1336.5699462890625
2024-08-28,1670.5,1536.8600000000001,902.07,1670.5,73.55000305175781,78.80000305175781,1336.5699462890625
2024-08-29,1668.4,1534.928,900.9360000000001,1668.4,73.55000305175781,78.80000305175781,1336.5699462890625
2024-08-30,1666.35,1533.042,899.8290000000001,1666.35,73.55000305175781,78.80000305175781,1336.5699462890625
2024-08-31,1664.38,1531.2296000000001,898.7652000000002,1664.38,73.55000305175781,78.80000305175781,1336.5699462890625
2024-09-01,1663.28,1530.2176,898.1712,1663.28,73.55000305175781,78.80000305175781,1309.300048828125
2024-09-02,1661.54,1528.6168,897.2316000000001,1661.54,73.55000305175781,78.80000305175781,1309.300048828125
2024-09-03,1659.18,1526.4456,895.9572000000001,1659.18,73.55000305175781,78.80000305175781,1309.300048828125
2024-09-04,1656.06,1523.5752,894.2724000000001,1656.06,73.55000305175781,78.80000305175781,1309.300048828125
2024-09-05,1652.29,1520.1068,892.2366000000001,1652.29,73.55000305175781,78.80000305175781,1309.300048828125
2024-09-06,1648.95,1517.034,890.4330000000001,1648.95,73.55000305175781,78.80000305175781,1309.300048828125
2024-09-07,1645.75,1514.0900000000001,888.705,1645.75,73.55000305175781,78.80000305175781,1309.300048828125
2024-09-08,1644.44,1512.8848,887.9976,1644.44,73.55000305175781,78.80000305175781,1309.300048828125
2024-09-09,1641.48,1510.1616000000001,886.3992000000001,1641.48,73.55000305175781,78.80000305175781,1309.300048828125
2024-09-10,1636.82,1505.8744,883.8828,1636.82,73.55000305175781,78.80000305175781,1309.300048828125
2024-09-11,1631.27,1500.7684000000002,880.8858,1631.27,73.55000305175781,78.80000305175781,1309.300048828125
2024-09-12,1626.47,1496.3524,878.2938,1626.47,73.55000305175781,78.80000305175781,1309.300048828125
2024-09-13,1622.46,1492.6632000000002,876.1284,1622.46,73.55000305175781,78.80000305175781,1309.300048828125
2024-09-14,1618.98,1489.4616,874.2492000000001,1618.98,73.55000305175781,78.80000305175781,1309.300048828125
2024-09-15,1617.72,1488.3024,873.5688000000001,1617.72,73.55000305175781,78.80000305175781,1309.300048828125
2024-09-16,1616.39,1487.0788000000002,872.8506000000001,1616.39,73.55000305175781,78.80000305175781,1309.300048828125
2024-09-17,1615.3,1486.076,872.2620000000001,1615.3,73.55000305175781,78.80000305175781,1309.300048828125
2024-09-18,1614.27,1485.1284,871.7058000000001,1614.27,73.55000305175781,78.80000305175781,1309.300048828125
2024-09-19,1611.76,1482.8192000000001,870.3504,1611.76,73.55000305175781,78.80000305175781,1309.300048828125
2024-09-20,1608.25,1479.5900000000001,868.455,1608.25,73.55000305175781,78.80000305175781,1309.300048828125
2024-09-21,1606.02,1477.5384000000001,867.2508,1606.02,73.55000305175781,78.80000305175781,1309.300048828125
2024-09-22,1604.98,1476.5816,866.6892,1604.98,73.55000305175781,78.80000305175781,1309.300048828125
2024-09-23,1602.88,1474.6496000000002,865.5552000000001,1602.88,73.55000305175781,78.80000305175781,1309.300048828125
2024-09-24,1600.13,1472.1196000000002,864.0702000000001,1600.13,73.55000305175781,78.80000305175781,1309.300048828125
2024-09-25,1597.91,1470.0772000000002,862.8714000000001,1597.91,73.55000305175781,78.80000305175781,1309.300048828125
2024-09-26,1595.91,1468.2372,861.7914000000001,1595.91,73.55000305175781,78.80000305175781,1309.300048828125
2024-09-27,1593.9,1466.3880000000001,860.7060000000001,1593.9,73.55000305175781,78.80000305175781,1309.300048828125
2024-09-28,1591.38,1464.0696000000003,859.3452000000001,1591.38,73.55000305175781,78.80000305175781,1309.300048828125
2024-09-29,1590.6,1463.352,858.924,1590.6,73.55000305175781,78.80000305175781,1309.300048828125
2024-09-30,1589.6,1462.432,858.384,1589.6,73.55000305175781,78.80000305175781,1309.300048828125
2024-10-01,1587.24,1460.2608,857.1096000000001,1587.24,69.26000213623047,73.16000366210938,1378.5699462890625
2024-10-02,1585.87,1459.0004,856.3697999999999,1585.87,69.26000213623047,73.16000366210938,1378.5699462890625
2024-10-03,1584.75,1457.97,855.7650000000001,1584.75,69.26000213623047,73.16000366210938,1378.5699462890625
2024-10-04,1584.19,1457.4548000000002,855.4626000000001,1584.19,69.26000213623047,73.16000366210938,1378.5699462890625
2024-10-05,1583.9,1457.188,855.3060000000002,1583.9,69.26000213623047,73.16000366210938,1378.5699462890625
2024-10-06,1583.75,1457.05,855.225,1583.75,69.26000213623047,73.16000366210938,1378.5699462890625
2024-10-07,1584.15,1457.4180000000001,855.4410000000001,1584.15,69.26000213623047,73.16000366210938,1378.5699462890625
2024-10-08,1585.44,1458.6048,856.1376000000001,1585.44,69.26000213623047,73.16000366210938,1378.5699462890625
2024-10-09,1586.52,1459.5984,856.7208,1586.52,69.26000213623047,73.16000366210938,1378.5699462890625
2024-10-10,1587.36,1460.3712,857.1744,1587.36,69.26000213623047,73.16000366210938,1378.5699462890625
2024-10-11,1588.27,1461.2084,857.6658,1588.27,69.26000213623047,73.16000366210938,1378.5699462890625
2024-10-12,1588.8,1461.696,857.952,1588.8,69.26000213623047,73.16000366210938,1378.5699462890625
2024-10-13,1589.69,1462.5148000000002,858.4326000000001,1589.69,69.26000213623047,73.16000366210938,1378.5699462890625
2024-10-14,1591.36,1464.0511999999999,859.3344,1591.36,69.26000213623047,73.16000366210938,1378.5699462890625
2024-10-15,1592.27,1464.8884,859.8258000000001,1592.27,69.26000213623047,73.16000366210938,1378.5699462890625
2024-10-16,1592.29,1464.9068,859.8366000000001,1592.29,69.26000213623047,73.16000366210938,1378.5699462890625
2024-10-17,1592.35,1464.962,859.869,1592.35,69.26000213623047,73.16000366210938,1378.5699462890625
2024-10-18,1592.28,1464.8976,859.8312000000001,1592.28,69.26000213623047,73.16000366210938,1378.5699462890625
2024-10-19,1591.96,1464.6032,859.6584,1591.96,69.26000213623047,73.16000366210938,1378.5699462890625
2024-10-20,1592.0,1464.64,859.6800000000001,1592.0,69.26000213623047,73.16000366210938,1378.5699462890625
2024-10-21,1592.82,1465.3944,860.1228,1592.82,69.26000213623047,73.16000366210938,1378.5699462890625
2024-10-22,1592.9,1465.468,860.166,1592.9,69.26000213623047,73.16000366210938,1378.5699462890625
2024-10-23,1593.43,1465.9556000000002,860.4522000000001,1593.43,69.26000213623047,73.16000366210938,1378.5699462890625
2024-10-24,1594.15,1466.6180000000002,860.8410000000001,1594.15,69.26000213623047,73.16000366210938,1378.5699462890625
2024-10-25,1595.75,1468.0900000000001,861.705,1595.75,69.26000213623047,73.16000366210938,1378.5699462890625
2024-10-26,1597.45,1469.654,862.623,1597.45,69.26000213623047,73.16000366210938,1378.5699462890625
2024-10-27,1598.18,1470.3256000000001,863.0172000000001,1598.18,69.26000213623047,73.16000366210938,1378.5699462890625
2024-10-28,1599.57,1471.6044,863.7678,1599.57,69.26000213623047,73.16000366210938,1378.5699462890625
2024-10-29,1600.38,1472.3496000000002,864.2052000000001,1600.38,69.26000213623047,73.16000366210938,1378.5699462890625
2024-10-30,1601.02,1472.9384,864.5508000000001,1601.02,69.26000213623047,73.16000366210938,1378.5699462890625
2024-10-31,1601.58,1473.4536,864.8532,1601.58,69.26000213623047,73.16000366210938,1378.5699462890625
2024-11-01,1605.74,1477.2808,867.0996,1605.74,68.0,72.94000244140625,1399.8599853515625
2024-11-02,1607.55,1478.946,868.077,1607.55,68.0,72.94000244140625,1399.8599853515625
2024-11-03,1608.57,1479.8844,868.6278,1608.57,68.0,72.94000244140625,1399.8599853515625
2024-11-04,1610.41,1481.5772000000002,869.6214000000001,1610.41,68.0,72.94000244140625,1399.8599853515625
2024-11-05,1612.75,1483.73,870.8850000000001,1612.75,68.0,72.94000244140625,1399.8599853515625
2024-11-06,1615.96,1486.6832000000002,872.6184000000001,1615.96,68.0,72.94000244140625,1399.8599853515625
2024-11-07,1618.77,1489.2684000000002,874.1358,1618.77,68.0,72.94000244140625,1399.8599853515625
2024-11-08,1621.59,1491.8627999999999,875.6586,1621.59,68.0,72.94000244140625,1399.8599853515625
2024-11-09,1624.42,1494.4664,877.1868000000001,1624.42,68.0,72.94000244140625,1399.8599853515625
2024-11-10,1625.43,1495.3956,877.7322000000001,1625.43,68.0,72.94000244140625,1399.8599853515625
2024-11-11,1627.94,1497.7048000000002,879.0876000000001,1627.94,68.0,72.94000244140625,1399.8599853515625
2024-11-12,1629.52,1499.1584,879.9408000000001,1629.52,68.0,72.94000244140625,1399.8599853515625
2024-11-13,1630.95,1500.4740000000002,880.7130000000001,1630.95,68.0,72.94000244140625,1399.8599853515625
2024-11-14,1631.71,1501.1732000000002,881.1234000000001,1631.71,68.0,72.94000244140625,1399.8599853515625
2024-11-15,1632.4,1501.8080000000002,881.4960000000001,1632.4,68.0,72.94000244140625,1399.8599853515625
2024-11-16,1632.44,1501.8448,881.5176000000001,1632.44,68.0,72.94000244140625,1399.8599853515625
2024-11-17,1632.54,1501.9368,881.5716,1632.54,68.0,72.94000244140625,1399.8599853515625
2024-11-18,1633.54,1502.8568,882.1116000000001,1633.54,68.0,72.94000244140625,1399.8599853515625
2024-11-19,1633.97,1503.2524,882.3438000000001,1633.97,68.0,72.94000244140625,1399.8599853515625
2024-11-20,1634.5,1503.74,882.6300000000001,1634.5,68.0,72.94000244140625,1399.8599853515625
2024-11-21,1635.03,1504.2276,882.9162,1635.03,68.0,72.94000244140625,1399.8599853515625
2024-11-22,1635.78,1504.9176,883.3212000000001,1635.78,68.0,72.94000244140625,1399.8599853515625
2024-11-23,1636.06,1505.1752,883.4724,1636.06,68.0,72.94000244140625,1399.8599853515625
2024-11-24,1636.51,1505.5892000000001,883.7154,1636.51,68.0,72.94000244140625,1399.8599853515625
2024-11-25,1637.7,1506.6840000000002,884.3580000000001,1637.7,68.0,72.94000244140625,1399.8599853515625
2024-11-26,1638.57,1507.4844,884.8278,1638.57,68.0,72.94000244140625,1399.8599853515625
2024-11-27,1639.05,1507.926,885.087,1639.05,68.0,72.94000244140625,1399.8599853515625
2024-11-28,1639.5,1508.3400000000001,885.33,1639.5,68.0,72.94000244140625,1399.8599853515625
2024-11-29,1640.0,1508.8,885.6,1640.0,68.0,72.94000244140625,1399.8599853515625
2024-11-30,1640.07,1508.8644,885.6378,1640.07,68.0,72.94000244140625,1399.8599853515625
2024-12-01,1640.39,1509.1588000000002,885.8106000000001,1640.39,68.0,72.94000244140625,1467.3900146484375
2024-12-02,1641.41,1510.0972000000002,886.3614000000001,1641.41,68.0,72.94000244140625,1467.3900146484375
2024-12-03,1641.84,1510.4928,886.5936,1641.84,68.0,72.94000244140625,1467.3900146484375
2024-12-04,1642.55,1511.146,886.9770000000001,1642.55,68.0,72.94000244140625,1467.3900146484375
2024-12-05,1643.23,1511.7716,887.3442000000001,1643.23,68.0,72.94000244140625,1467.3900146484375
2024-12-06,1644.11,1512.5812,887.8194,1644.11,68.0,72.94000244140625,1467.3900146484375
2024-12-07,1644.43,1512.8756,887.9922000000001,1644.43,68.0,72.94000244140625,1467.3900146484375
2024-12-08,1644.51,1512.9492,888.0354000000001,1644.51,68.0,72.94000244140625,1467.3900146484375
2024-12-09,1645.36,1513.7312,888.4944,1645.36,68.0,72.94000244140625,1467.3900146484375
2024-12-10,1646.21,1514.5132,888.9534000000001,1646.21,68.0,72.94000244140625,1467.3900146484375
2024-12-11,1646.87,1515.1204,889.3098,1646.87,68.0,72.94000244140625,1467.3900146484375
2024-12-12,1647.92,1516.0864000000001,889.8768000000001,1647.92,68.0,72.94000244140625,1467.3900146484375
2024-12-13,1648.96,1517.0432,890.4384000000001,1648.96,68.0,72.94000244140625,1467.3900146484375
2024-12-14,1649.5,1517.54,890.73,1649.5,68.0,72.94000244140625,1467.3900146484375
2024-12-15,1650.18,1518.1656,891.0972,1650.18,68.0,72.94000244140625,1467.3900146484375
2024-12-16,1651.81,1519.6652,891.9774,1651.81,68.0,72.94000244140625,1467.3900146484375
2024-12-17,1653.23,1520.9716,892.7442000000001,1653.23,68.0,72.94000244140625,1467.3900146484375
2024-12-18,1654.68,1522.3056000000001,893.5272000000001,1654.68,68.0,72.94000244140625,1467.3900146484375
2024-12-19,1656.12,1523.6304,894.3048,1656.12,68.0,72.94000244140625,1467.3900146484375
2024-12-20,1657.79,1525.1668,895.2066000000001,1657.79,68.0,72.94000244140625,1467.3900146484375
2024-12-21,1658.73,1526.0316,895.7142000000001,1658.73,68.0,72.94000244140625,1467.3900146484375
2024-12-22,1659.43,1526.6756,896.0922,1659.43,68.0,72.94000244140625,1467.3900146484375
2024-12-23,1660.93,1528.0556000000001,896.9022000000001,1660.93,68.0,72.94000244140625,1467.3900146484375
2024-12-24,1662.5,1529.5,897.7500000000001,1662.5,68.0,72.94000244140625,1467.3900146484375
2024-12-25,1663.56,1530.4752,898.3224,1663.56,68.0,72.94000244140625,1467.3900146484375
2024-12-26,1664.74,1531.5608,898.9596,1664.74,68.0,72.94000244140625,1467.3900146484375
2024-12-27,1666.46,1533.1432000000002,899.8884,1666.46,68.0,72.94000244140625,1467.3900146484375
2024-12-28,1667.32,1533.9344,900.3528,1667.32,68.0,72.94000244140625,1467.3900146484375
2024-12-29,1667.92,1534.4864000000002,900.6768000000001,1667.92,68.0,72.94000244140625,1467.3900146484375
2024-12-30,1669.37,1535.8204,901.4598,1669.37,68.0,72.94000244140625,1467.3900146484375
2024-12-31,1670.65,1536.998,902.1510000000001,1670.65,68.0,72.94000244140625,1467.3900146484375
2025-01-01,1672.68,1538.8656,903.2472000000001,1672.68,72.52999877929688,76.76000213623047,1441.6600341796875
2025-01-02,1674.44,1540.4848000000002,904.1976000000001,1674.44,72.52999877929688,76.76000213623047,1441.6600341796875
2025-01-03,1676.64,1542.5088,905.3856000000001,1676.64,72.52999877929688,76.76000213623047,1441.6600341796875
2025-01-04,1679.07,1544.7444,906.6978,1679.07,72.52999877929688,76.76000213623047,1441.6600341796875
2025-01-05,1680.56,1546.1152,907.5024000000001,1680.56,72.52999877929688,76.76000213623047,1441.6600341796875
2025-01-06,1683.43,1548.7556000000002,909.0522000000001,1683.43,72.52999877929688,76.76000213623047,1441.6600341796875
2025-01-07,1686.97,1552.0124,910.9638000000001,1686.97,72.52999877929688,76.76000213623047,1441.6600341796875
2025-01-08,1689.66,1554.4872,912.4164000000001,1689.66,72.52999877929688,76.76000213623047,1441.6600341796875
2025-01-09,1692.8,1557.376,914.1120000000001,1692.8,72.52999877929688,76.76000213623047,1441.6600341796875
2025-01-10,1695.07,1559.4644,915.3378,1695.07,72.52999877929688,76.76000213623047,1441.6600341796875
2025-01-11,1697.11,1561.3412,916.4394,1697.11,72.52999877929688,76.76000213623047,1441.6600341796875
2025-01-12,1698.93,1563.0156000000002,917.4222000000001,1698.93,72.52999877929688,76.76000213623047,1441.6600341796875
2025-01-13,1702.29,1566.1068,919.2366000000001,1702.29,72.52999877929688,76.76000213623047,1441.6600341796875
2025-01-14,1705.76,1569.2992000000002,921.1104,1705.76,72.52999877929688,76.76000213623047,1441.6600341796875
2025-01-15,1709.76,1572.9792,923.2704000000001,1709.76,72.52999877929688,76.76000213623047,1441.6600341796875
2025-01-16,1713.63,1576.5396,925.3602000000001,1713.63,72.52999877929688,76.76000213623047,1441.6600341796875
2025-01-17,1717.37,1579.9804,927.3798,1717.37,72.52999877929688,76.76000213623047,1441.6600341796875
2025-01-18,1720.01,1582.4092,928.8054000000001,1720.01,72.52999877929688,76.76000213623047,1441.6600341796875
2025-01-19,1721.33,1583.6236,929.5182,1721.33,72.52999877929688,76.76000213623047,1441.6600341796875
2025-01-20,1724.1,1586.172,931.014,1724.1,72.52999877929688,76.76000213623047,1441.6600341796875
2025-01-21,1726.61,1588.4812,932.3694,1726.61,72.52999877929688,76.76000213623047,1441.6600341796875
2025-01-22,1728.88,1590.5696000000003,933.5952000000001,1728.88,72.52999877929688,76.76000213623047,1441.6600341796875
2025-01-23,1730.09,1591.6828,934.2486,1730.09,72.52999877929688,76.76000213623047,1441.6600341796875
2025-01-24,1731.15,1592.6580000000001,934.8210000000001,1731.15,72.52999877929688,76.76000213623047,1441.6600341796875
2025-01-25,1731.96,1593.4032000000002,935.2584,1731.96,72.52999877929688,76.76000213623047,1441.6600341796875
2025-01-26,1732.12,1593.5504,935.3448,1732.12,72.52999877929688,76.76000213623047,1441.6600341796875
2025-01-27,1733.26,1594.5992,935.9604,1733.26,72.52999877929688,76.76000213623047,1441.6600341796875
2025-01-28,1733.48,1594.8016,936.0792000000001,1733.48,72.52999877929688,76.76000213623047,1441.6600341796875
2025-01-29,1733.36,1594.6912,936.0144,1733.36,72.52999877929688,76.76000213623047,1441.6600341796875
2025-01-30,1733.32,1594.6544000000001,935.9928,1733.32,72.52999877929688,76.76000213623047,1441.6600341796875
2025-01-31,1733.41,1594.7372000000003,936.0414000000001,1733.41,72.52999877929688,76.76000213623047,1441.6600341796875
2025-02-01,1733.2,1594.544,935.9280000000001,1733.2,69.76000213623047,73.18000030517578,1449.8599853515625
2025-02-02,1733.05,1594.406,935.8470000000001,1733.05,69.76000213623047,73.18000030517578,1449.8599853515625
2025-02-03,1733.33,1594.6636,935.9982,1733.33,69.76000213623047,73.18000030517578,1449.8599853515625
2025-02-04,1733.2,1594.544,935.9280000000001,1733.2,69.76000213623047,73.18000030517578,1449.8599853515625
2025-02-05,1732.99,1594.3508000000002,935.8146,1732.99,69.76000213623047,73.18000030517578,1449.8599853515625
2025-02-06,1732.74,1594.1208000000001,935.6796,1732.74,69.76000213623047,73.18000030517578,1449.8599853515625
2025-02-07,1732.48,1593.8816000000002,935.5392,1732.48,69.76000213623047,73.18000030517578,1449.8599853515625
2025-02-08,1731.79,1593.2468000000001,935.1666,1731.79,69.76000213623047,73.18000030517578,1449.8599853515625
2025-02-09,1731.66,1593.1272000000001,935.0964000000001,1731.66,69.76000213623047,73.18000030517578,1449.8599853515625
2025-02-10,1731.75,1593.21,935.1450000000001,1731.75,69.76000213623047,73.18000030517578,1449.8599853515625
2025-02-11,1730.97,1592.4924,934.7238000000001,1730.97,69.76000213623047,73.18000030517578,1449.8599853515625
2025-02-12,1730.42,1591.9864000000002,934.4268000000001,1730.42,69.76000213623047,73.18000030517578,1449.8599853515625
2025-02-13,1729.75,1591.3700000000001,934.065,1729.75,69.76000213623047,73.18000030517578,1449.8599853515625
2025-02-14,1729.18,1590.8456,933.7572000000001,1729.18,69.76000213623047,73.18000030517578,1449.8599853515625
2025-02-15,1728.28,1590.0176000000001,933.2712,1728.28,69.76000213623047,73.18000030517578,1449.8599853515625
2025-02-16,1727.69,1589.4748000000002,932.9526000000001,1727.69,69.76000213623047,73.18000030517578,1449.8599853515625
2025-02-17,1727.83,1589.6036,933.0282,1727.83,69.76000213623047,73.18000030517578,1449.8599853515625
2025-02-18,1727.07,1588.9044000000001,932.6178,1727.07,69.76000213623047,73.18000030517578,1449.8599853515625
2025-02-19,1726.26,1588.1592,932.1804000000001,1726.26,69.76000213623047,73.18000030517578,1449.8599853515625
2025-02-20,1725.47,1587.4324000000001,931.7538000000001,1725.47,69.76000213623047,73.18000030517578,1449.8599853515625
2025-02-21,1724.89,1586.8988000000002,931.4406000000001,1724.89,69.76000213623047,73.18000030517578,1449.8599853515625
2025-02-22,1723.75,1585.8500000000001,930.825,1723.75,69.76000213623047,73.18000030517578,1449.8599853515625
2025-02-23,1723.89,1585.9788,930.9006000000002,1723.89,69.76000213623047,73.18000030517578,1449.8599853515625
2025-02-24,1723.64,1585.7488,930.7656000000001,1723.64,69.76000213623047,73.18000030517578,1449.8599853515625
2025-02-25,1723.03,1585.1876,930.4362000000001,1723.03,69.76000213623047,73.18000030517578,1449.8599853515625
2025-02-26,1722.06,1584.2952,929.9124,1722.06,69.76000213623047,73.18000030517578,1449.8599853515625
2025-02-27,1720.98,1583.3016,929.3292,1720.98,69.76000213623047,73.18000030517578,1449.8599853515625
2025-02-28,1719.92,1582.3264000000001,928.7568000000001,1719.92,69.76000213623047,73.18000030517578,1449.8599853515625
2025-03-01,1718.21,1580.7532,927.8334000000001,1718.21,71.4800033569336,74.73999786376953,1469.4100341796875
2025-03-02,1717.82,1580.3944,927.6228,1717.82,71.4800033569336,74.73999786376953,1469.4100341796875
2025-03-03,1717.6,1580.192,927.504,1717.6,71.4800033569336,74.73999786376953,1469.4100341796875
2025-03-04,1716.53,1579.2076,926.9262,1716.53,71.4800033569336,74.73999786376953,1469.4100341796875
2025-03-05,1714.8,1577.616,925.9920000000001,1714.8,71.4800033569336,74.73999786376953,1469.4100341796875
2025-03-06,1712.37,1575.3804,924.6798,1712.37,71.4800033569336,74.73999786376953,1469.4100341796875
2025-03-07,1709.75,1572.97,923.2650000000001,1709.75,71.4800033569336,74.73999786376953,1469.4100341796875
2025-03-08,1706.36,1569.8512,921.4344,1706.36,71.4800033569336,74.73999786376953,1469.4100341796875
2025-03-09,1705.81,1569.3452,921.1374000000001,1705.81,71.4800033569336,74.73999786376953,1469.4100341796875
2025-03-10,1704.26,1567.9192,920.3004000000001,1704.26,71.4800033569336,74.73999786376953,1469.4100341796875
2025-03-11,1700.14,1564.1288000000002,918.0756000000001,1700.14,71.4800033569336,74.73999786376953,1469.4100341796875
2025-03-12,1696.42,1560.7064,916.0668000000001,1696.42,71.4800033569336,74.73999786376953,1469.4100341796875
2025-03-13,1692.86,1557.4312,914.1444,1692.86,71.4800033569336,74.73999786376953,1469.4100341796875
2025-03-14,1689.68,1554.5056000000002,912.4272000000001,1689.68,71.4800033569336,74.73999786376953,1469.4100341796875
2025-03-15,1687.05,1552.086,911.0070000000001,1687.05,71.4800033569336,74.73999786376953,1469.4100341796875
2025-03-16,1685.99,1551.1108000000002,910.4346,1685.99,71.4800033569336,74.73999786376953,1469.4100341796875
2025-03-17,1684.07,1549.3444,909.3978000000001,1684.07,71.4800033569336,74.73999786376953,1469.4100341796875
2025-03-18,1681.64,1547.1088000000002,908.0856000000001,1681.64,71.4800033569336,74.73999786376953,1469.4100341796875
2025-03-19,1679.27,1544.9284,906.8058000000001,1679.27,71.4800033569336,74.73999786376953,1469.4100341796875
2025-03-20,1677.14,1542.9688,905.6556000000002,1677.14,71.4800033569336,74.73999786376953,1469.4100341796875
2025-03-21,1675.1,1541.0919999999999,904.554,1675.1,71.4800033569336,74.73999786376953,1469.4100341796875
2025-03-22,1673.09,1539.2428,903.4686,1673.09,71.4800033569336,74.73999786376953,1469.4100341796875
2025-03-23,1672.41,1538.6172000000001,903.1014000000001,1672.41,71.4800033569336,74.73999786376953,1469.4100341796875
2025-03-24,1671.57,1537.8444,902.6478000000001,1671.57,71.4800033569336,74.73999786376953,1469.4100341796875
2025-03-25,1669.69,1536.1148,901.6326000000001,1669.69,71.4800033569336,74.73999786376953,1469.4100341796875
2025-03-26,1668.2,1534.7440000000001,900.8280000000001,1668.2,71.4800033569336,74.73999786376953,1469.4100341796875
2025-03-27,1667.12,1533.7504,900.2448,1667.12,71.4800033569336,74.73999786376953,1469.4100341796875
2025-03-28,1666.43,1533.1156,899.8722000000001,1666.43,71.4800033569336,74.73999786376953,1469.4100341796875
2025-03-29,1664.95,1531.7540000000001,899.0730000000001,1664.95,71.4800033569336,74.73999786376953,1469.4100341796875
2025-03-30,1665.07,1531.8644,899.1378,1665.07,71.4800033569336,74.73999786376953,1469.4100341796875
2025-03-31,1665.28,1532.0576,899.2512,1665.28,71.4800033569336,74.73999786376953,1469.4100341796875
2025-04-01,1665.07,1531.8644,899.1378,1665.07,58.209999084472656,63.119998931884766,1431.1600341796875
2025-04-02,1665.01,1531.8092000000001,899.1054,1665.01,58.209999084472656,63.119998931884766,1431.1600341796875
2025-04-03,1665.1,1531.892,899.154,1665.1,58.209999084472656,63.119998931884766,1431.1600341796875
2025-04-04,1664.71,1531.5332,898.9434000000001,1664.71,58.209999084472656,63.119998931884766,1431.1600341796875
2025-04-05,1663.17,1530.1164,898.1118000000001,1663.17,58.209999084472656,63.119998931884766,1431.1600341796875
2025-04-06,1662.54,1529.5368,897.7716,1662.54,58.209999084472656,63.119998931884766,1431.1600341796875
2025-04-07,1661.51,1528.5892000000001,897.2154,1661.51,58.209999084472656,63.119998931884766,1431.1600341796875
2025-04-08,1659.1,1526.372,895.914,1659.1,58.209999084472656,63.119998931884766,1431.1600341796875
2025-04-09,1656.28,1523.7776000000001,894.3912,1656.28,58.209999084472656,63.119998931884766,1431.1600341796875
2025-04-10,1653.64,1521.3488000000002,892.9656000000001,1653.64,58.209999084472656,63.119998931884766,1431.1600341796875
2025-04-11,1651.13,1519.0396,891.6102000000001,1651.13,58.209999084472656,63.119998931884766,1431.1600341796875
2025-04-12,1648.82,1516.9144000000001,890.3628,1648.82,58.209999084472656,63.119998931884766,1431.1600341796875
2025-04-13,1648.63,1516.7396,890.2602000000002,1648.63,58.209999084472656,63.119998931884766,1431.1600341796875
2025-04-14,1647.33,1515.5436,889.5582,1647.33,58.209999084472656,63.119998931884766,1431.1600341796875
2025-04-15,1644.91,1513.3172000000002,888.2514000000001,1644.91,58.209999084472656,63.119998931884766,1431.1600341796875
2025-04-16,1642.49,1511.0908000000002,886.9446,1642.49,58.209999084472656,63.119998931884766,1431.1600341796875
2025-04-17,1640.54,1509.2968,885.8916,1640.54,58.209999084472656,63.119998931884766,1431.1600341796875
2025-04-18,1639.14,1508.0088,885.1356000000001,1639.14,58.209999084472656,63.119998931884766,1431.1600341796875
2025-04-19,1637.35,1506.362,884.169,1637.35,58.209999084472656,63.119998931884766,1431.1600341796875
2025-04-20,1636.95,1505.9940000000001,883.9530000000001,1636.95,58.209999084472656,63.119998931884766,1431.1600341796875
2025-04-21,1636.42,1505.5064000000002,883.6668000000001,1636.42,58.209999084472656,63.119998931884766,1431.1600341796875
2025-04-22,1635.36,1504.5312,883.0944,1635.36,58.209999084472656,63.119998931884766,1431.1600341796875
2025-04-23,1634.67,1503.8964,882.7218000000001,1634.67,58.209999084472656,63.119998931884766,1431.1600341796875
2025-04-24,1634.38,1503.6296000000002,882.5652000000001,1634.38,58.209999084472656,63.119998931884766,1431.1600341796875
2025-04-25,1634.24,1503.5008,882.4896000000001,1634.24,58.209999084472656,63.119998931884766,1431.1600341796875
2025-04-26,1633.68,1502.9856000000002,882.1872000000001,1633.68,58.209999084472656,63.119998931884766,1431.1600341796875
2025-04-27,1633.5,1502.8200000000002,882.09,1633.5,58.209999084472656,63.119998931884766,1431.1600341796875
2025-04-28,1634.54,1503.7768,882.6516,1634.54,58.209999084472656,63.119998931884766,1431.1600341796875
2025-04-29,1634.95,1504.154,882.873,1634.95,58.209999084472656,63.119998931884766,1431.1600341796875
2025-04-30,1635.54,1504.6968,883.1916,1635.54,58.209999084472656,63.119998931884766,1431.1600341796875
2025-05-01,1638.8,1507.696,884.952,1638.8,60.790000915527344,63.900001525878906,1381.97998046875
2025-05-02,1639.53,1508.3676,885.3462000000001,1639.53,60.790000915527344,63.900001525878906,1381.97998046875
2025-05-03,1639.64,1508.4688,885.4056000000002,1639.64,60.790000915527344,63.900001525878906,1381.97998046875
2025-05-04,1639.91,1508.7172,885.5514000000001,1639.91,60.790000915527344,63.900001525878906,1381.97998046875
2025-05-05,1640.51,1509.2692,885.8754,1640.51,60.790000915527344,63.900001525878906,1381.97998046875
2025-05-06,1639.8,1508.616,885.4920000000001,1639.8,60.790000915527344,63.900001525878906,1381.97998046875
2025-05-07,1639.72,1508.5424,885.4488000000001,1639.72,60.790000915527344,63.900001525878906,1381.97998046875
2025-05-08,1638.94,1507.8248,885.0276000000001,1638.94,60.790000915527344,63.900001525878906,1381.97998046875
2025-05-09,1638.54,1507.4568,884.8116,1638.54,60.790000915527344,63.900001525878906,1381.97998046875
2025-05-10,1637.29,1506.3068,884.1366,1637.29,60.790000915527344,63.900001525878906,1381.97998046875
2025-05-11,1637.44,1506.4448000000002,884.2176000000001,1637.44,60.790000915527344,63.900001525878906,1381.97998046875
2025-05-12,1637.71,1506.6932000000002,884.3634000000001,1637.71,60.790000915527344,63.900001525878906,1381.97998046875
2025-05-13,1637.39,1506.3988000000002,884.1906000000001,1637.39,60.790000915527344,63.900001525878906,1381.97998046875
2025-05-14,1637.25,1506.27,884.115,1637.25,60.790000915527344,63.900001525878906,1381.97998046875
2025-05-15,1637.12,1506.1504,884.0448,1637.12,60.790000915527344,63.900001525878906,1381.97998046875
2025-05-16,1636.77,1505.8284,883.8558,1636.77,60.790000915527344,63.900001525878906,1381.97998046875
2025-05-17,1636.0,1505.1200000000001,883.44,1636.0,60.790000915527344,63.900001525878906,1381.97998046875
2025-05-18,1635.9,1505.0280000000002,883.3860000000001,1635.9,60.790000915527344,63.900001525878906,1381.97998046875
2025-05-19,1636.37,1505.4604,883.6398,1636.37,60.790000915527344,63.900001525878906,1381.97998046875
2025-05-20,1636.05,1505.166,883.467,1636.05,60.790000915527344,63.900001525878906,1381.97998046875
2025-05-21,1635.66,1504.8072000000002,883.2564000000001,1635.66,60.790000915527344,63.900001525878906,1381.97998046875
2025-05-22,1635.18,1504.3656,882.9972000000001,1635.18,60.790000915527344,63.900001525878906,1381.97998046875
2025-05-23,1634.89,1504.0988000000002,882.8406000000001,1634.89,60.790000915527344,63.900001525878906,1381.97998046875
2025-05-24,1634.01,1503.2892000000002,882.3654,1634.01,60.790000915527344,63.900001525878906,1381.97998046875
2025-05-25,1633.65,1502.958,882.1710000000002,1633.65,60.790000915527344,63.900001525878906,1381.97998046875
2025-05-26,1634.18,1503.4456,882.4572000000001,1634.18,60.790000915527344,63.900001525878906,1381.97998046875
2025-05-27,1633.65,1502.958,882.1710000000002,1633.65,60.790000915527344,63.900001525878906,1381.97998046875
2025-05-28,1632.96,1502.3232,881.7984000000001,1632.96,60.790000915527344,63.900001525878906,1381.97998046875
2025-05-29,1632.28,1501.6976,881.4312,1632.28,60.790000915527344,63.900001525878906,1381.97998046875
2025-05-30,1631.85,1501.302,881.199,1631.85,60.790000915527344,63.900001525878906,1381.97998046875
2025-05-31,1630.74,1500.2808,880.5996,1630.74,60.790000915527344,63.900001525878906,1381.97998046875
2025-06-01,1630.23,1499.8116,880.3242,1630.23,60.790000915527344,63.900001525878906,1363.5899658203125
2025-06-02,1630.25,1499.8300000000002,880.335,1630.25,60.790000915527344,63.900001525878906,1363.5899658203125
2025-06-03,1629.85,1499.462,880.119,1629.85,60.790000915527344,63.900001525878906,1363.5899658203125
2025-06-04,1629.55,1499.186,879.957,1629.55,60.790000915527344,63.900001525878906,1363.5899658203125
2025-06-05,1629.0,1498.68,879.6600000000001,1629.0,60.790000915527344,63.900001525878906,1363.5899658203125
2025-06-06,1628.48,1498.2016,879.3792000000001,1628.48,60.790000915527344,63.900001525878906,1363.5899658203125
2025-06-07,1627.69,1497.4748000000002,878.9526000000001,1627.69,60.790000915527344,63.900001525878906,1363.5899658203125
2025-06-08,1627.9,1497.6680000000001,879.0660000000001,1627.9,60.790000915527344,63.900001525878906,1363.5899658203125
2025-06-09,1628.28,1498.0176000000001,879.2712,1628.28,60.790000915527344,63.900001525878906,1363.5899658203125
2025-06-10,1627.88,1497.6496000000002,879.0552000000001,1627.88,60.790000915527344,63.900001525878906,1363.5899658203125
2025-06-11,1627.26,1497.0792000000001,878.7204,1627.26,60.790000915527344,63.900001525878906,1363.5899658203125
2025-06-12,1626.99,1496.8308000000002,878.5746,1626.99,60.790000915527344,63.900001525878906,1363.5899658203125
2025-06-13,1627.71,1497.4932000000001,878.9634000000001,1627.71,60.790000915527344,63.900001525878906,1363.5899658203125
2025-06-14,1629.29,1498.9468,879.8166,1629.29,60.790000915527344,63.900001525878906,1363.5899658203125
2025-06-15,1630.27,1499.8484,880.3458,1630.27,60.790000915527344,63.900001525878906,1363.5899658203125
2025-06-16,1632.78,1502.1576,881.7012000000001,1632.78,60.790000915527344,63.900001525878906,1363.5899658203125
2025-06-17,1635.27,1504.4484,883.0458000000001,1635.27,60.790000915527344,63.900001525878906,1363.5899658203125
2025-06-18,1637.67,1506.6564,884.3418000000001,1637.67,60.790000915527344,63.900001525878906,1363.5899658203125
2025-06-19,1641.41,1510.0972000000002,886.3614000000001,1641.41,60.790000915527344,63.900001525878906,1363.5899658203125
2025-06-20,1645.9,1514.228,888.7860000000001,1645.9,60.790000915527344,63.900001525878906,1363.5899658203125
2025-06-21,1650.32,1518.2944,891.1728,1650.32,60.790000915527344,63.900001525878906,1363.5899658203125
2025-06-22,1652.79,1520.5668,892.5066,1652.79,60.790000915527344,63.900001525878906,1363.5899658203125
2025-06-23,1660.21,1527.3932000000002,896.5134,1660.21,60.790000915527344,63.900001525878906,1363.5899658203125
2025-06-24,1666.9,1533.5480000000002,900.1260000000001,1666.9,60.790000915527344,63.900001525878906,1363.5899658203125
2025-06-25,1667.89,1534.4588,900.6606000000002,1667.89,60.790000915527344,63.900001525878906,1363.5899658203125
2025-06-26,1668.11,1534.6612,900.7794,1668.11,60.790000915527344,63.900001525878906,1363.5899658203125
2025-06-27,1668.19,1534.7348000000002,900.8226000000001,1668.19,60.790000915527344,63.900001525878906,1363.5899658203125
2025-06-28,1667.95,1534.5140000000001,900.6930000000001,1667.95,60.790000915527344,63.900001525878906,1363.5899658203125
2025-06-29,1668.02,1534.5784,900.7308,1668.02,60.790000915527344,63.900001525878906,1363.5899658203125
2025-06-30,1668.48,1535.0016,900.9792000000001,1668.48,60.790000915527344,63.900001525878906,1363.5899658203125
2025-07-01,1668.24,1534.7808,900.8496,1668.24,69.26000213623047,72.52999877929688,1392.52001953125
2025-07-02,1667.99,1534.5508,900.7146,1667.99,69.26000213623047,72.52999877929688,1392.52001953125
2025-07-03,1667.77,1534.3484,900.5958,1667.77,69.26000213623047,72.52999877929688,1392.52001953125
2025-07-04,1667.74,1534.3208,900.5796,1667.74,69.26000213623047,72.52999877929688,1392.52001953125
2025-07-05,1667.3,1533.916,900.342,1667.3,69.26000213623047,72.52999877929688,1392.52001953125
2025-07-06,1667.04,1533.6768,900.2016,1667.04,69.26000213623047,72.52999877929688,1392.52001953125
2025-07-07,1667.79,1534.3668,900.6066000000001,1667.79,69.26000213623047,72.52999877929688,1392.52001953125
2025-07-08,1667.6,1534.192,900.504,1667.6,69.26000213623047,72.52999877929688,1392.52001953125
2025-07-09,1667.54,1534.1368,900.4716000000001,1667.54,69.26000213623047,72.52999877929688,1392.52001953125
2025-07-10,1667.51,1534.1092,900.4554,1667.51,69.26000213623047,72.52999877929688,1392.52001953125
2025-07-11,1667.57,1534.1644000000001,900.4878,1667.57,69.26000213623047,72.52999877929688,1392.52001953125
2025-07-12,1667.33,1533.9436,900.3582,1667.33,69.26000213623047,72.52999877929688,1392.52001953125
2025-07-13,1667.43,1534.0356000000002,900.4122000000001,1667.43,69.26000213623047,72.52999877929688,1392.52001953125
2025-07-14,1668.15,1534.698,900.8010000000002,1668.15,69.26000213623047,72.52999877929688,1392.52001953125
2025-07-15,1668.08,1534.6336,900.7632,1668.08,69.26000213623047,72.52999877929688,1392.52001953125
2025-07-16,1667.86,1534.4312,900.6444,1667.86,69.26000213623047,72.52999877929688,1392.52001953125
2025-07-17,1667.81,1534.3852,900.6174,1667.81,69.26000213623047,72.52999877929688,1392.52001953125
2025-07-18,1667.67,1534.2564000000002,900.5418000000001,1667.67,69.26000213623047,72.52999877929688,1392.52001953125
2025-07-19,1667.18,1533.8056000000001,900.2772000000001,1667.18,69.26000213623047,72.52999877929688,1392.52001953125
2025-07-20,1667.14,1533.7688,900.2556000000001,1667.14,69.26000213623047,72.52999877929688,1392.52001953125
2025-07-21,1667.64,1534.2288,900.5256000000002,1667.64,69.26000213623047,72.52999877929688,1392.52001953125
2025-07-22,1667.56,1534.1552,900.4824,1667.56,69.26000213623047,72.52999877929688,1392.52001953125
2025-07-23,1667.35,1533.962,900.369,1667.35,69.26000213623047,72.52999877929688,1392.52001953125
2025-07-24,1667.32,1533.9344,900.3528,1667.32,69.26000213623047,72.52999877929688,1392.52001953125
2025-07-25,1667.31,1533.9252,900.3474,1667.31,69.26000213623047,72.52999877929688,1392.52001953125
2025-07-26,1666.65,1533.3180000000002,899.9910000000001,1666.65,69.26000213623047,72.52999877929688,1392.52001953125
2025-07-27,1667.08,1533.7136,900.2232,1667.08,69.26000213623047,72.52999877929688,1392.52001953125
2025-07-28,1667.67,1534.2564000000002,900.5418000000001,1667.67,69.26000213623047,72.52999877929688,1392.52001953125
2025-07-29,1667.64,1534.2288,900.5256000000002,1667.64,69.26000213623047,72.52999877929688,1392.52001953125
2025-07-30,1667.82,1534.3944,900.6228,1667.82,69.26000213623047,72.52999877929688,1392.52001953125
2025-07-31,1668.1,1534.652,900.774,1668.1,69.26000213623047,72.52999877929688,1392.52001953125
2025-08-01,1668.62,1535.1304,901.0548,1668.62,64.01000213623047,68.12000274658203,1386.969970703125
2025-08-02,1668.99,1535.4708,901.2546000000001,1668.99,64.01000213623047,68.12000274658203,1386.969970703125
2025-08-03,1669.38,1535.8296000000003,901.4652000000001,1669.38,64.01000213623047,68.12000274658203,1386.969970703125
2025-08-04,1670.16,1536.5472000000002,901.8864000000001,1670.16,64.01000213623047,68.12000274658203,1386.969970703125
2025-08-05,1670.1,1536.492,901.854,1670.1,64.01000213623047,68.12000274658203,1386.969970703125
2025-08-06,1669.91,1536.3172000000002,901.7514000000001,1669.91,64.01000213623047,68.12000274658203,1386.969970703125
2025-08-07,1669.76,1536.1792,901.6704000000001,1669.76,64.01000213623047,68.12000274658203,1386.969970703125
2025-08-08,1669.5,1535.94,901.5300000000001,1669.5,64.01000213623047,68.12000274658203,1386.969970703125
2025-08-09,1668.88,1535.3696000000002,901.1952000000001,1668.88,64.01000213623047,68.12000274658203,1386.969970703125
2025-08-10,1668.55,1535.066,901.017,1668.55,64.01000213623047,68.12000274658203,1386.969970703125
2025-08-11,1669.02,1535.4984,901.2708,1669.02,64.01000213623047,68.12000274658203,1386.969970703125
2025-08-12,1668.32,1534.8544,900.8928000000001,1668.32,64.01000213623047,68.12000274658203,1386.969970703125
2025-08-13,1667.7,1534.284,900.5580000000001,1667.7,64.01000213623047,68.12000274658203,1386.969970703125
2025-08-14,1667.2,1533.824,900.2880000000001,1667.2,64.01000213623047,68.12000274658203,1386.969970703125
2025-08-15,1666.64,1533.3088000000002,899.9856000000001,1666.64,64.01000213623047,68.12000274658203,1386.969970703125
2025-08-16,1666.19,1532.8948,899.7426,1666.19,64.01000213623047,68.12000274658203,1386.969970703125
2025-08-17,1665.98,1532.7016,899.6292000000001,1665.98,64.01000213623047,68.12000274658203,1386.969970703125
2025-08-18,1666.08,1532.7936,899.6832,1666.08,64.01000213623047,68.12000274658203,1386.969970703125
2025-08-19,1665.28,1532.0576,899.2512,1665.28,64.01000213623047,68.12000274658203,1386.969970703125
2025-08-20,1664.39,1531.2388,898.7706000000001,1664.39,64.01000213623047,68.12000274658203,1386.969970703125
2025-08-21,1663.69,1530.5948,898.3926000000001,1663.69,64.01000213623047,68.12000274658203,1386.969970703125
2025-08-22,1663.08,1530.0336,898.0632,1663.08,64.01000213623047,68.12000274658203,1386.969970703125
2025-08-23,1662.25,1529.27,897.615,1662.25,64.01000213623047,68.12000274658203,1386.969970703125
2025-08-24,1661.88,1528.9296000000002,897.4152000000001,1661.88,64.01000213623047,68.12000274658203,1386.969970703125
2025-08-25,1662.47,1529.4724,897.7338000000001,1662.47,64.01000213623047,68.12000274658203,1386.969970703125
2025-08-26,1662.4,1529.4080000000001,897.6960000000001,1662.4,64.01000213623047,68.12000274658203,1386.969970703125
2025-08-27,1662.05,1529.086,897.5070000000001,1662.05,64.01000213623047,68.12000274658203,1386.969970703125
2025-08-28,1661.79,1528.8468,897.3666000000001,1661.79,64.01000213623047,68.12000274658203,1386.969970703125
2025-08-29,1661.42,1528.5064000000002,897.1668000000001,1661.42,64.01000213623047,68.12000274658203,1386.969970703125
2025-08-30,1660.8,1527.936,896.832,1660.8,64.01000213623047,68.12000274658203,1386.969970703125
2025-08-31,1660.71,1527.8532,896.7834,1660.71,64.01000213623047,68.12000274658203,1386.969970703125
2025-09-01,1660.72,1527.8624,896.7888,1660.72,62.369998931884766,67.0199966430664,1399.3299560546875
2025-09-02,1660.34,1527.5128,896.5836,1660.34,62.369998931884766,67.0199966430664,1399.3299560546875
2025-09-03,1660.08,1527.2736,896.4432,1660.08,62.369998931884766,67.0199966430664,1399.3299560546875
2025-09-04,1659.93,1527.1356,896.3622000000001,1659.93,62.369998931884766,67.0199966430664,1399.3299560546875
2025-09-05,1659.72,1526.9424000000001,896.2488000000001,1659.72,62.369998931884766,67.0199966430664,1399.3299560546875
2025-09-06,1659.32,1526.5744,896.0328000000001,1659.32,62.369998931884766,67.0199966430664,1399.3299560546875
2025-09-07,1659.41,1526.6572,896.0814000000001,1659.41,62.369998931884766,67.0199966430664,1399.3299560546875
2025-09-08,1659.74,1526.9608,896.2596000000001,1659.74,62.369998931884766,67.0199966430664,1399.3299560546875
2025-09-09,1659.82,1527.0344,896.3028,1659.82,62.369998931884766,67.0199966430664,1399.3299560546875
2025-09-10,1659.79,1527.0068,896.2866,1659.79,62.369998931884766,67.0199966430664,1399.3299560546875
2025-09-11,1659.76,1526.9792,896.2704000000001,1659.76,62.369998931884766,67.0199966430664,1399.3299560546875
2025-09-12,1659.49,1526.7308,896.1246000000001,1659.49,62.369998931884766,67.0199966430664,1399.3299560546875
2025-09-13,1658.8,1526.096,895.7520000000001,1658.8,62.369998931884766,67.0199966430664,1399.3299560546875
2025-09-14,1659.11,1526.3812,895.9194,1659.11,62.369998931884766,67.0199966430664,1399.3299560546875
2025-09-15,1659.51,1526.7492,896.1354,1659.51,62.369998931884766,67.0199966430664,1399.3299560546875
2025-09-16,1659.3,1526.556,896.022,1659.3,62.369998931884766,67.0199966430664,1399.3299560546875
2025-09-17,1659.54,1526.7768,896.1516,1659.54,62.369998931884766,67.0199966430664,1399.3299560546875
2025-09-18,1659.8,1527.016,896.292,1659.8,62.369998931884766,67.0199966430664,1399.3299560546875
2025-09-19,1659.95,1527.154,896.373,1659.95,62.369998931884766,67.0199966430664,1399.3299560546875
2025-09-20,1659.68,1526.9056,896.2272,1659.68,62.369998931884766,67.0199966430664,1399.3299560546875
2025-09-21,1659.77,1526.9884,896.2758,1659.77,62.369998931884766,67.0199966430664,1399.3299560546875
2025-09-22,1660.18,1527.3656,896.4972000000001,1660.18,62.369998931884766,67.0199966430664,1399.3299560546875
2025-09-23,1660.12,1527.3104,896.4648,1660.12,62.369998931884766,67.0199966430664,1399.3299560546875
2025-09-24,1660.03,1527.2276,896.4162,1660.03,62.369998931884766,67.0199966430664,1399.3299560546875
2025-09-25,1660.12,1527.3104,896.4648,1660.12,62.369998931884766,67.0199966430664,1399.3299560546875
2025-09-26,1660.22,1527.4024000000002,896.5188,1660.22,62.369998931884766,67.0199966430664,1399.3299560546875
2025-09-27,1659.76,1526.9792,896.2704000000001,1659.76,62.369998931884766,67.0199966430664,1399.3299560546875
2025-09-28,1660.2,1527.384,896.508,1660.2,62.369998931884766,67.0199966430664,1399.3299560546875
2025-09-29,1660.93,1528.0556000000001,896.9022000000001,1660.93,62.369998931884766,67.0199966430664,1399.3299560546875
2025-09-30,1661.37,1528.4604,897.1398,1661.37,62.369998931884766,67.0199966430664,1399.3299560546875
2025-10-01,1661.68,1528.7456000000002,897.3072000000001,1661.68,60.97999954223633,65.06999969482422,1424.02001953125
2025-10-02,1662.0,1529.04,897.48,1662.0,60.97999954223633,65.06999969482422,1424.02001953125
2025-10-03,1662.4,1529.4080000000001,897.6960000000001,1662.4,60.97999954223633,65.06999969482422,1424.02001953125
2025-10-04,1662.4,1529.4080000000001,897.6960000000001,1662.4,60.97999954223633,65.06999969482422,1424.02001953125
2025-10-05,1662.58,1529.5736,897.7932000000001,1662.58,60.97999954223633,65.06999969482422,1424.02001953125
2025-10-06,1663.28,1530.2176,898.1712,1663.28,60.97999954223633,65.06999969482422,1424.02001953125
2025-10-07,1663.37,1530.3003999999999,898.2198,1663.37,60.97999954223633,65.06999969482422,1424.02001953125
2025-10-08,1663.45,1530.374,898.263,1663.45,60.97999954223633,65.06999969482422,1424.02001953125
2025-10-09,1663.1,1530.052,898.074,1663.1,60.97999954223633,65.06999969482422,1424.02001953125
2025-10-10,1663.38,1530.3096000000003,898.2252000000001,1663.38,60.97999954223633,65.06999969482422,1424.02001953125
2025-10-11,1662.63,1529.6196000000002,897.8202000000001,1662.63,60.97999954223633,65.06999969482422,1424.02001953125
2025-10-12,1662.87,1529.8404,897.9498,1662.87,60.97999954223633,65.06999969482422,1424.02001953125
2025-10-13,1663.16,1530.1072000000001,898.1064000000001,1663.16,60.97999954223633,65.06999969482422,1424.02001953125
2025-10-14,1662.89,1529.8588000000002,897.9606000000001,1662.89,60.97999954223633,65.06999969482422,1424.02001953125
2025-10-15,1662.38,1529.3896000000002,897.6852000000001,1662.38,60.97999954223633,65.06999969482422,1424.02001953125
2025-10-16,1662.05,1529.086,897.5070000000001,1662.05,60.97999954223633,65.06999969482422,1424.02001953125
2025-10-17,1661.56,1528.6352,897.2424,1661.56,60.97999954223633,65.06999969482422,1424.02001953125
2025-10-18,1661.11,1528.2212,896.9994,1661.11,60.97999954223633,65.06999969482422,1424.02001953125
2025-10-19,1661.05,1528.166,896.967,1661.05,60.97999954223633,65.06999969482422,1424.02001953125
2025-10-20,1661.18,1528.2856000000002,897.0372000000001,1661.18,60.97999954223633,65.06999969482422,1424.02001953125
2025-10-21,1661.05,1528.166,896.967,1661.05,60.97999954223633,65.06999969482422,1424.02001953125
2025-10-22,1660.94,1528.0648,896.9076000000001,1660.94,60.97999954223633,65.06999969482422,1424.02001953125
2025-10-23,1661.01,1528.1292,896.9454000000001,1661.01,60.97999954223633,65.06999969482422,1424.02001953125
2025-10-24,1661.59,1528.6628,897.2586,1661.59,60.97999954223633,65.06999969482422,1424.02001953125
2025-10-25,1662.05,1529.086,897.5070000000001,1662.05,60.97999954223633,65.06999969482422,1424.02001953125
2025-10-26,1662.96,1529.9232000000002,897.9984000000001,1662.96,60.97999954223633,65.06999969482422,1424.02001953125
2025-10-27,1664.9,1531.708,899.0460000000002,1664.9,60.97999954223633,65.06999969482422,1424.02001953125
2025-10-28,1666.52,1533.1984,899.9208000000001,1666.52,60.97999954223633,65.06999969482422,1424.02001953125
2025-10-29,1667.88,1534.4496000000001,900.6552000000001,1667.88,60.97999954223633,65.06999969482422,1424.02001953125
2025-10-30,1670.02,1536.4184,901.8108000000001,1670.02,60.97999954223633,65.06999969482422,1424.02001953125
2025-10-31,1672.4,1538.6080000000002,903.0960000000001,1672.4,60.97999954223633,65.06999969482422,1424.02001953125
2025-11-01,1678.12,1543.8704,906.1848,1678.12,58.54999923706055,63.20000076293945,1466.1300048828125
2025-11-02,1680.06,1545.6552,907.2324,1680.06,58.54999923706055,63.20000076293945,1466.1300048828125
2025-11-03,1682.65,1548.0380000000002,908.6310000000001,1682.65,58.54999923706055,63.20000076293945,1466.1300048828125
2025-11-04,1685.68,1550.8256000000001,910.2672000000001,1685.68,58.54999923706055,63.20000076293945,1466.1300048828125
2025-11-05,1688.53,1553.4476,911.8062,1688.53,58.54999923706055,63.20000076293945,1466.1300048828125
2025-11-06,1690.91,1555.6372000000001,913.0914000000001,1690.91,58.54999923706055,63.20000076293945,1466.1300048828125
2025-11-07,1693.22,1557.7624,914.3388000000001,1693.22,58.54999923706055,63.20000076293945,1466.1300048828125
2025-11-08,1695.3,1559.676,915.462,1695.3,58.54999923706055,63.20000076293945,1466.1300048828125
2025-11-09,1696.81,1561.0652,916.2774000000001,1696.81,58.54999923706055,63.20000076293945,1466.1300048828125
2025-11-10,1699.81,1563.8252,917.8974000000001,1699.81,58.54999923706055,63.20000076293945,1466.1300048828125
2025-11-11,1703.62,1567.3304,919.9548,1703.62,58.54999923706055,63.20000076293945,1466.1300048828125
2025-11-12,1707.5,1570.9,922.0500000000001,1707.5,58.54999923706055,63.20000076293945,1466.1300048828125
2025-11-13,1711.81,1574.8652,924.3774000000001,1711.81,58.54999923706055,63.20000076293945,1466.1300048828125
2025-11-14,1716.12,1578.8304,926.7048,1716.12,58.54999923706055,63.20000076293945,1466.1300048828125
2025-11-15,1720.14,1582.5288000000003,928.8756000000001,1720.14,58.54999923706055,63.20000076293945,1466.1300048828125
2025-11-16,1722.33,1584.5436,930.0582,1722.33,58.54999923706055,63.20000076293945,1466.1300048828125
2025-11-17,1726.01,1587.9292,932.0454000000001,1726.01,58.54999923706055,63.20000076293945,1466.1300048828125
2025-11-18,1730.27,1591.8484,934.3458,1730.27,58.54999923706055,63.20000076293945,1466.1300048828125
2025-11-19,1733.53,1594.8476,936.1062000000001,1733.53,58.54999923706055,63.20000076293945,1466.1300048828125
2025-11-20,1736.46,1597.5432,937.6884000000001,1736.46,58.54999923706055,63.20000076293945,1466.1300048828125
2025-11-21,1739.39,1600.2388,939.2706000000002,1739.39,58.54999923706055,63.20000076293945,1466.1300048828125
2025-11-22,1741.62,1602.2903999999999,940.4748,1741.62,58.54999923706055,63.20000076293945,1466.1300048828125
2025-11-23,1742.4,1603.0080000000003,940.8960000000001,1742.4,58.54999923706055,63.20000076293945,1466.1300048828125
2025-11-24,1744.46,1604.9032000000002,942.0084,1744.46,58.54999923706055,63.20000076293945,1466.1300048828125
2025-11-25,1745.68,1606.0256000000002,942.6672000000001,1745.68,58.54999923706055,63.20000076293945,1466.1300048828125
2025-11-26,1746.13,1606.4396000000002,942.9102000000001,1746.13,58.54999923706055,63.20000076293945,1466.1300048828125
2025-11-27,1746.39,1606.6788000000001,943.0506000000001,1746.39,58.54999923706055,63.20000076293945,1466.1300048828125
2025-11-28,1746.51,1606.7892000000002,943.1154,1746.51,58.54999923706055,63.20000076293945,1466.1300048828125
2025-11-29,1746.52,1606.7984000000001,943.1208,1746.52,58.54999923706055,63.20000076293945,1466.1300048828125
2025-11-30,1746.49,1606.7708,943.1046000000001,1746.49,58.54999923706055,63.20000076293945,1466.1300048828125
2025-12-01,1746.84,1607.0928,943.2936,1746.84,57.41999816894531,60.849998474121094,1437.9100341796875
2025-12-02,1746.74,1607.0008,943.2396000000001,1746.74,57.41999816894531,60.849998474121094,1437.9100341796875
2025-12-03,1746.78,1607.0376,943.2612,1746.78,57.41999816894531,60.849998474121094,1437.9100341796875
2025-12-04,1746.76,1607.0192,943.2504,1746.76,57.41999816894531,60.849998474121094,1437.9100341796875
2025-12-05,1746.7,1606.9640000000002,943.2180000000001,1746.7,57.41999816894531,60.849998474121094,1437.9100341796875
2025-12-06,1746.35,1606.642,943.029,1746.35,57.41999816894531,60.849998474121094,1437.9100341796875
2025-12-07,1746.35,1606.642,943.029,1746.35,57.41999816894531,60.849998474121094,1437.9100341796875
2025-12-08,1746.7,1606.9640000000002,943.2180000000001,1746.7,57.41999816894531,60.849998474121094,1437.9100341796875
2025-12-09,1746.25,1606.5500000000002,942.975,1746.25,57.41999816894531,60.849998474121094,1437.9100341796875
2025-12-10,1745.76,1606.0992,942.7104,1745.76,57.41999816894531,60.849998474121094,1437.9100341796875
2025-12-11,1745.15,1605.5380000000002,942.3810000000001,1745.15,57.41999816894531,60.849998474121094,1437.9100341796875
2025-12-12,1744.43,1604.8756,941.9922000000001,1744.43,57.41999816894531,60.849998474121094,1437.9100341796875
2025-12-13,1743.19,1603.7348000000002,941.3226000000001,1743.19,57.41999816894531,60.849998474121094,1437.9100341796875
2025-12-14,1743.36,1603.8912,941.4144,1743.36,57.41999816894531,60.849998474121094,1437.9100341796875
2025-12-15,1742.98,1603.5416,941.2092000000001,1742.98,57.41999816894531,60.849998474121094,1437.9100341796875
2025-12-16,1742.06,1602.6952,940.7124,1742.06,57.41999816894531,60.849998474121094,1437.9100341796875
2025-12-17,1740.81,1601.5452,940.0374,1740.81,57.41999816894531,60.849998474121094,1437.9100341796875
2025-12-18,1739.67,1600.4964000000002,939.4218000000001,1739.67,57.41999816894531,60.849998474121094,1437.9100341796875
2025-12-19,1738.6,1599.512,938.844,1738.6,57.41999816894531,60.849998474121094,1437.9100341796875
2025-12-20,1737.49,1598.4908,938.2446000000001,1737.49,57.41999816894531,60.849998474121094,1437.9100341796875
2025-12-21,1736.74,1597.8008,937.8396,1736.74,57.41999816894531,60.849998474121094,1437.9100341796875
2025-12-22,1736.48,1597.5616,937.6992,1736.48,57.41999816894531,60.849998474121094,1437.9100341796875
2025-12-23,1735.34,1596.5128,937.0836,1735.34,57.41999816894531,60.849998474121094,1437.9100341796875
2025-12-24,1734.37,1595.6204,936.5598,1734.37,57.41999816894531,60.849998474121094,1437.9100341796875
2025-12-25,1733.49,1594.8108,936.0846,1733.49,57.41999816894531,60.849998474121094,1437.9100341796875
2025-12-26,1733.05,1594.406,935.8470000000001,1733.05,57.41999816894531,60.849998474121094,1437.9100341796875
2025-12-27,1732.18,1593.6056,935.3772000000001,1732.18,57.41999816894531,60.849998474121094,1437.9100341796875
2025-12-28,1731.86,1593.3111999999999,935.2044,1731.86,57.41999816894531,60.849998474121094,1437.9100341796875
2025-12-29,1731.05,1592.566,934.767,1731.05,57.41999816894531,60.849998474121094,1437.9100341796875
2025-12-30,1729.9,1591.5080000000003,934.1460000000001,1729.9,57.41999816894531,60.849998474121094,1437.9100341796875
2025-12-31,1728.82,1590.5144,933.5628,1728.82,57.41999816894531,60.849998474121094,1437.9100341796875
2026-01-01,1727.62,1589.4104,932.9148,1727.62,65.20999908447266,70.69000244140625,1449.699951171875
2026-01-02,1726.61,1588.4812,932.3694,1726.61,65.20999908447266,70.69000244140625,1449.699951171875
2026-01-03,1725.26,1587.2392,931.6404,1725.26,65.20999908447266,70.69000244140625,1449.699951171875
2026-01-04,1724.7,1586.7240000000002,931.3380000000001,1724.7,65.20999908447266,70.69000244140625,1449.699951171875
2026-01-05,1723.51,1585.6292,930.6954000000001,1723.51,65.20999908447266,70.69000244140625,1449.699951171875
2026-01-06,1721.21,1583.5132,929.4534000000001,1721.21,65.20999908447266,70.69000244140625,1449.699951171875
2026-01-07,1718.51,1581.0292000000002,927.9954,1718.51,65.20999908447266,70.69000244140625,1449.699951171875
2026-01-08,1715.74,1578.4808,926.4996000000001,1715.74,65.20999908447266,70.69000244140625,1449.699951171875
2026-01-09,1713.11,1576.0611999999999,925.0794,1713.11,65.20999908447266,70.69000244140625,1449.699951171875
2026-01-10,1710.98,1574.1016000000002,923.9292,1710.98,65.20999908447266,70.69000244140625,1449.699951171875
2026-01-11,1710.16,1573.3472000000002,923.4864000000001,1710.16,65.20999908447266,70.69000244140625,1449.699951171875
2026-01-12,1708.3,1571.636,922.4820000000001,1708.3,65.20999908447266,70.69000244140625,1449.699951171875
2026-01-13,1705.99,1569.5108,921.2346000000001,1705.99,65.20999908447266,70.69000244140625,1449.699951171875
2026-01-14,1704.2,1567.864,920.268,1704.2,65.20999908447266,70.69000244140625,1449.699951171875
2026-01-15,1702.63,1566.4196000000002,919.4202000000001,1702.63,65.20999908447266,70.69000244140625,1449.699951171875
2026-01-16,1701.14,1565.0488000000003,918.6156000000001,1701.14,65.20999908447266,70.69000244140625,1449.699951171875
2026-01-17,1699.39,1563.4388000000001,917.6706000000001,1699.39,65.20999908447266,70.69000244140625,1449.699951171875
2026-01-18,1698.66,1562.7672000000002,917.2764000000001,1698.66,65.20999908447266,70.69000244140625,1449.699951171875
2026-01-19,1697.69,1561.8748,916.7526000000001,1697.69,65.20999908447266,70.69000244140625,1449.699951171875
2026-01-20,1696.2,1560.5040000000001,915.9480000000001,1696.2,65.20999908447266,70.69000244140625,1449.699951171875
2026-01-21,1694.81,1559.2252,915.1974,1694.81,65.20999908447266,70.69000244140625,1449.699951171875
2026-01-22,1693.81,1558.3052,914.6574,1693.81,65.20999908447266,70.69000244140625,1449.699951171875
2026-01-23,1692.91,1557.4772,914.1714000000001,1692.91,65.20999908447266,70.69000244140625,1449.699951171875
2026-01-24,1692.03,1556.6676,913.6962000000001,1692.03,65.20999908447266,70.69000244140625,1449.699951171875
2026-01-25,1691.81,1556.4652,913.5774,1691.81,65.20999908447266,70.69000244140625,1449.699951171875
2026-01-26,1691.46,1556.1432000000002,913.3884,1691.46,65.20999908447266,70.69000244140625,1449.699951171875
2026-01-27,1690.64,1555.3888000000002,912.9456000000001,1690.64,65.20999908447266,70.69000244140625,1449.699951171875
2026-01-28,1689.83,1554.6436,912.5082,1689.83,65.20999908447266,70.69000244140625,1449.699951171875
2026-01-29,1689.26,1554.1192,912.2004000000001,1689.26,65.20999908447266,70.69000244140625,1449.699951171875
2026-01-30,1688.93,1553.8156000000001,912.0222000000001,1688.93,65.20999908447266,70.69000244140625,1449.699951171875
2026-01-31,1688.6,1553.512,911.844,1688.6,65.20999908447266,70.69000244140625,1449.699951171875
2026-02-01,1688.43,1553.3556,911.7522000000001,1688.43,65.20999908447266,70.69000244140625,1432.3199462890625
2026-02-02,1688.53,1553.4476,911.8062,1688.53,65.20999908447266,70.69000244140625,1432.3199462890625
2026-02-03,1688.07,1553.0244,911.5578,1688.07,65.20999908447266,70.69000244140625,1432.3199462890625
2026-02-04,1687.54,1552.5368,911.2716,1687.54,65.20999908447266,70.69000244140625,1432.3199462890625
2026-02-05,1687.15,1552.178,911.0610000000001,1687.15,65.20999908447266,70.69000244140625,1432.3199462890625
2026-02-06,1686.86,1551.9112,910.9044,1686.86,65.20999908447266,70.69000244140625,1432.3199462890625
2026-02-07,1686.3,1551.396,910.6020000000001,1686.3,65.20999908447266,70.69000244140625,1432.3199462890625
2026-02-08,1686.05,1551.166,910.467,1686.05,65.20999908447266,70.69000244140625,1432.3199462890625
2026-02-09,1686.21,1551.3132,910.5534000000001,1686.21,65.20999908447266,70.69000244140625,1432.3199462890625
2026-02-10,1686.05,1551.166,910.467,1686.05,65.20999908447266,70.69000244140625,1432.3199462890625
2026-02-11,1686.24,1551.3408000000002,910.5696,1686.24,65.20999908447266,70.69000244140625,1432.3199462890625
2026-02-12,1686.62,1551.6904,910.7748,1686.62,65.20999908447266,70.69000244140625,1432.3199462890625
2026-02-13,1687.33,1552.3436,911.1582,1687.33,65.20999908447266,70.69000244140625,1432.3199462890625
2026-02-14,1687.62,1552.6104,911.3148,1687.62,65.20999908447266,70.69000244140625,1432.3199462890625
2026-02-15,1687.97,1552.9324000000001,911.5038000000001,1687.97,65.20999908447266,70.69000244140625,1432.3199462890625
2026-02-16,1688.27,1553.2084,911.6658000000001,1688.27,65.20999908447266,70.69000244140625,1432.3199462890625
2026-02-17,1688.43,1553.3556,911.7522000000001,1688.43,65.20999908447266,70.69000244140625,1432.3199462890625
2026-02-18,1688.35,1553.282,911.7090000000001,1688.35,65.20999908447266,70.69000244140625,1432.3199462890625
2026-02-19,1688.27,1553.2084,911.6658000000001,1688.27,65.20999908447266,70.69000244140625,1432.3199462890625
2026-02-20,1688.99,1553.8708000000001,912.0546,1688.99,65.20999908447266,70.69000244140625,1432.3199462890625
2026-02-21,1689.69,1554.5148000000002,912.4326000000001,1689.69,65.20999908447266,70.69000244140625,1432.3199462890625
2026-02-22,1690.12,1554.9104,912.6648,1690.12,65.20999908447266,70.69000244140625,1432.3199462890625
2026-02-23,1690.94,1555.6648,913.1076,1690.94,65.20999908447266,70.69000244140625,1432.3199462890625
2026-02-24,1691.4,1556.0880000000002,913.3560000000001,1691.4,65.20999908447266,70.69000244140625,1432.3199462890625
2026-02-25,1691.74,1556.4008000000001,913.5396000000001,1691.74,65.20999908447266,70.69000244140625,1432.3199462890625
2026-02-26,1692.08,1556.7136,913.7232,1692.08,65.20999908447266,70.69000244140625,1432.3199462890625
2026-02-27,1692.58,1557.1736,913.9932,1692.58,65.20999908447266,70.69000244140625,1432.3199462890625
2026-02-28,1692.89,1557.4588,914.1606000000002,1692.89,65.20999908447266,70.69000244140625,1432.3199462890625
2026-03-01,1695.89,1560.2188,915.7806000000002,1695.89,65.20999908447266,70.69000244140625,1516.1300048828125
2026-03-02,1702.07,1565.9044,919.1178,1702.07,65.20999908447266,70.69000244140625,1516.1300048828125
2026-03-03,1723.04,1585.1968,930.4416,1723.04,65.20999908447266,70.69000244140625,1516.1300048828125
2026-03-04,1777.48,1635.2816,959.8392000000001,1777.48,65.20999908447266,70.69000244140625,1516.1300048828125
2026-03-05,1834.28,1687.5376,990.5112,1834.28,65.20999908447266,70.69000244140625,1516.1300048828125
2026-03-06,1871.82,1722.0744,1010.7828000000001,1871.82,65.20999908447266,70.69000244140625,1516.1300048828125
2026-03-07,1889.4,1738.248,1020.2760000000001,1889.4,65.20999908447266,70.69000244140625,1516.1300048828125
2026-03-08,1895.32,1743.6944,1023.4728,1895.32,65.20999908447266,70.69000244140625,1516.1300048828125
2026-03-09,1902.67,1750.4564,1027.4418,1902.67,65.20999908447266,70.69000244140625,1516.1300048828125
2026-03-10,1906.95,1754.394,1029.7530000000002,1906.95,65.20999908447266,70.69000244140625,1516.1300048828125
2026-03-11,1904.28,1751.9376,1028.3112,1904.28,65.20999908447266,70.69000244140625,1516.1300048828125
2026-03-12,1898.78,1746.8776,1025.3412,1898.78,65.20999908447266,70.69000244140625,1516.1300048828125
2026-03-13,1864.07,1714.9444,1006.5978,1864.07,65.20999908447266,70.69000244140625,1516.1300048828125
2026-03-14,1845.31,1697.6852000000001,996.4674,1845.31,65.20999908447266,70.69000244140625,1516.1300048828125
2026-03-15,1840.09,1692.8828,993.6486,1840.09,65.20999908447266,70.69000244140625,1516.1300048828125
2026-03-16,1832.7,1686.084,989.6580000000001,1832.7,65.20999908447266,70.69000244140625,1516.1300048828125
2026-03-17,1827.5,1681.3000000000002,986.85,1827.5,65.20999908447266,70.69000244140625,1516.1300048828125
2026-03-18,1824.35,1678.402,985.149,1824.35,65.20999908447266,70.69000244140625,1516.1300048828125
2026-03-19,1822.05,1676.286,983.907,1822.05,65.20999908447266,70.69000244140625,1516.1300048828125
2026-03-20,1820.38,1674.7496,983.0052000000002,1820.38,65.20999908447266,70.69000244140625,1516.1300048828125
2026-03-21,1819.83,1674.2436,982.7082,1819.83,65.20999908447266,70.69000244140625,1516.1300048828125
2026-03-22,1819.66,1674.0872000000002,982.6164000000001,1819.66,65.20999908447266,70.69000244140625,1516.1300048828125
2026-03-23,1819.26,1673.7192,982.4004000000001,1819.26,65.20999908447266,70.69000244140625,1516.1300048828125
2026-03-24,1818.92,1673.4064,982.2168000000001,1818.92,65.20999908447266,70.69000244140625,1516.1300048828125
2026-03-25,1818.94,1673.4248000000002,982.2276,1818.94,65.20999908447266,70.69000244140625,1516.1300048828125
2026-03-26,1819.35,1673.802,982.4490000000001,1819.35,65.20999908447266,70.69000244140625,1516.1300048828125
2026-03-27,1838.79,1691.6868,992.9466,1838.79,65.20999908447266,70.69000244140625,1516.1300048828125
2026-03-28,1855.86,1707.3912,1002.1644,1855.86,65.20999908447266,70.69000244140625,1516.1300048828125
2026-03-29,1864.76,1715.5792000000001,1006.9704,1864.76,65.20999908447266,70.69000244140625,1516.1300048828125
2026-03-30,1881.09,1730.6028,1015.7886,1881.09,65.20999908447266,70.69000244140625,1516.1300048828125
2026-03-31,1894.96,1743.3632,1023.2784,1894.96,65.20999908447266,70.69000244140625,1516.1300048828125
2026-04-01,1909.78,1756.9976000000001,1031.2812000000001,1909.78,105.06999969482422,114.01000213623047,1487.3800048828125
2026-04-02,1921.28,1767.5776,1037.4912000000002,1921.28,105.06999969482422,114.01000213623047,1487.3800048828125
2026-04-03,1931.84,1777.2928,1043.1936,1931.84,105.06999969482422,114.01000213623047,1487.3800048828125
2026-04-04,1942.44,1787.0448000000001,1048.9176,1942.44,105.06999969482422,114.01000213623047,1487.3800048828125
2026-04-05,1948.4,1792.5280000000002,1052.1360000000002,1948.4,105.06999969482422,114.01000213623047,1487.3800048828125
2026-04-06,1958.37,1801.7004,1057.5198,1958.37,105.06999969482422,114.01000213623047,1487.3800048828125
2026-04-07,1968.38,1810.9096000000002,1062.9252000000001,1968.38,105.06999969482422,114.01000213623047,1487.3800048828125
2026-04-08,1977.77,1819.5484000000001,1067.9958000000001,1977.77,105.06999969482422,114.01000213623047,1487.3800048828125
2026-04-09,1984.96,1826.1632000000002,1071.8784,1984.96,105.06999969482422,114.01000213623047,1487.3800048828125
2026-04-10,1988.93,1829.8156000000001,1074.0222,1988.93,105.06999969482422,114.01000213623047,1487.3800048828125
2026-04-11,1991.54,1832.2168000000001,1075.4316000000001,1991.54,105.06999969482422,114.01000213623047,1487.3800048828125
2026-04-12,1992.69,1833.2748000000001,1076.0526000000002,1992.69,105.06999969482422,114.01000213623047,1487.3800048828125
2026-04-13,1994.92,1835.3264000000001,1077.2568,1994.92,105.06999969482422,114.01000213623047,1487.3800048828125
2026-04-14,1996.72,1836.9824,1078.2288,1996.72,105.06999969482422,114.01000213623047,1487.3800048828125
2026-04-15,1998.06,1838.2152,1078.9524000000001,1998.06,105.06999969482422,114.01000213623047,1487.3800048828125
2026-04-16,1999.06,1839.1352,1079.4924,1999.06,105.06999969482422,114.01000213623047,1487.3800048828125
2026-04-17,1999.9,1839.9080000000001,1079.9460000000001,1999.9,105.06999969482422,114.01000213623047,1487.3800048828125
2026-04-18,2001.51,1841.3892,1080.8154,2001.51,105.06999969482422,114.01000213623047,1487.3800048828125
2026-04-19,2001.93,1841.7756000000002,1081.0422,2001.93,105.06999969482422,114.01000213623047,1487.3800048828125
2026-04-20,2002.84,1842.6128,1081.5336,2002.84,105.06999969482422,114.01000213623047,1487.3800048828125
2026-04-21,2003.81,1843.5052,1082.0574000000001,2003.81,105.06999969482422,114.01000213623047,1487.3800048828125
2026-04-22,2004.76,1844.3792,1082.5704,2004.76,105.06999969482422,114.01000213623047,1487.3800048828125
2026-04-23,2005.76,1845.2992000000002,1083.1104,2005.76,105.06999969482422,114.01000213623047,1487.3800048828125
2026-04-24,2006.47,1845.9524000000001,1083.4938000000002,2006.47,105.06999969482422,114.01000213623047,1487.3800048828125
2026-04-25,2007.37,1846.7803999999999,1083.9798,2007.37,105.06999969482422,114.01000213623047,1487.3800048828125
2026-04-26,2007.65,1847.0380000000002,1084.131,2007.65,105.06999969482422,114.01000213623047,1487.3800048828125
2026-04-27,2008.26,1847.5992,1084.4604000000002,2008.26,105.06999969482422,114.01000213623047,1487.3800048828125
2026-04-28,2008.65,1847.958,1084.671,2008.65,105.06999969482422,114.01000213623047,1487.3800048828125
2026-04-29,2009.02,1848.2984000000001,1084.8708000000001,2009.02,105.06999969482422,114.01000213623047,1487.3800048828125
2026-04-30,2009.45,1848.6940000000002,1085.103,2009.45,105.06999969482422,114.01000213623047,1487.3800048828125
2026-05-01,2010.03,1849.2276000000002,1085.4162000000001,2010.03,87.36000061035156,92.05000305175781,1505.9599609375
2026-05-02,2010.42,1849.5864000000001,1085.6268,2010.42,87.36000061035156,92.05000305175781,1505.9599609375
2026-05-03,2010.64,1849.7888000000003,1085.7456000000002,2010.64,87.36000061035156,92.05000305175781,1505.9599609375
2026-05-04,2011.04,1850.1568,1085.9616,2011.04,87.36000061035156,92.05000305175781,1505.9599609375
2026-05-05,2011.29,1850.3868,1086.0966,2011.29,87.36000061035156,92.05000305175781,1505.9599609375
2026-05-06,2011.42,1850.5064000000002,1086.1668000000002,2011.42,87.36000061035156,92.05000305175781,1505.9599609375
2026-05-07,2011.7,1850.7640000000001,1086.318,2011.7,87.36000061035156,92.05000305175781,1505.9599609375
2026-05-08,2011.71,1850.7732,1086.3234,2011.71,87.36000061035156,92.05000305175781,1505.9599609375
2026-05-09,2011.76,1850.8192000000001,1086.3504,2011.76,87.36000061035156,92.05000305175781,1505.9599609375
2026-05-10,2011.9,1850.948,1086.4260000000002,2011.9,87.36000061035156,92.05000305175781,1505.9599609375
2026-05-11,2011.9,1850.948,1086.4260000000002,2011.9,87.36000061035156,92.05000305175781,1505.9599609375
2026-05-12,2011.85,1850.902,1086.3990000000001,2011.85,87.36000061035156,92.05000305175781,1505.9599609375
2026-05-13,2011.61,1850.6812,1086.2694,2011.61,87.36000061035156,92.05000305175781,1505.9599609375
2026-05-14,2011.52,1850.5984,1086.2208,2011.52,87.36000061035156,92.05000305175781,1505.9599609375
2026-05-15,2011.44,1850.5248000000001,1086.1776000000002,2011.44,87.36000061035156,92.05000305175781,1505.9599609375
2026-05-16,2011.32,1850.4144000000001,1086.1128,2011.32,87.36000061035156,92.05000305175781,1505.9599609375
2026-05-17,2011.38,1850.4696000000001,1086.1452000000002,2011.38,87.36000061035156,92.05000305175781,1505.9599609375
2026-05-18,2011.4,1850.488,1086.1560000000002,2011.4,87.36000061035156,92.05000305175781,1505.9599609375
2026-05-19,2011.31,1850.4052,1086.1074,2011.31,87.36000061035156,92.05000305175781,1505.9599609375
2026-05-20,2011.37,1850.4604,1086.1398,2011.37,87.36000061035156,92.05000305175781,1505.9599609375
2026-05-21,2011.19,1850.2948000000001,1086.0426,2011.19,87.36000061035156,92.05000305175781,1505.9599609375
2026-05-22,2011.19,1850.2948000000001,1086.0426,2011.19,87.36000061035156,92.05000305175781,1505.9599609375
2026-05-23,2011.15,1850.2580000000003,1086.0210000000002,2011.15,87.36000061035156,92.05000305175781,1505.9599609375
2026-05-24,2011.21,1850.3132,1086.0534,2011.21,87.36000061035156,92.05000305175781,1505.9599609375
2026-05-25,2011.17,1850.2764000000002,1086.0318000000002,2011.17,87.36000061035156,92.05000305175781,1505.9599609375
2026-05-26,2011.05,1850.166,1085.967,2011.05,87.36000061035156,92.05000305175781,1505.9599609375
2026-05-27,2010.97,1850.0924,1085.9238,2010.97,87.36000061035156,92.05000305175781,1505.9599609375
2026-05-28,2010.92,1850.0464000000002,1085.8968000000002,2010.92,87.36000061035156,92.05000305175781,1505.9599609375
2026-05-29,2010.76,1849.8992,1085.8104,2010.76,87.36000061035156,92.05000305175781,1505.9599609375
2026-05-30,2010.72,1849.8624000000002,1085.7888,2010.72,87.36000061035156,92.05000305175781,1505.9599609375
2026-05-31,2010.7,1849.844,1085.778,2010.7,87.36000061035156,92.05000305175781,1505.9599609375
2026-06-01,2010.5,1849.66,1085.67,2010.5,90.54000091552734,93.08999633789062,1533.0699462890625
2026-06-02,2010.4,1849.5680000000002,1085.6160000000002,2010.4,90.54000091552734,93.08999633789062,1533.0699462890625
2026-06-03,2010.2,1849.384,1085.508,2010.2,90.54000091552734,93.08999633789062,1533.0699462890625
2026-06-04,2010.19,1849.3748,1085.5026,2010.19,90.54000091552734,93.08999633789062,1533.0699462890625
2026-06-05,2010.21,1849.3932000000002,1085.5134,2010.21,90.54000091552734,93.08999633789062,1533.0699462890625
2026-06-06,2010.16,1849.3472000000002,1085.4864,2010.16,90.54,93.09,1558.84
2026-06-07,2010.0,1849.2,1085.4,2010.0,90.54,93.09,1558.84
