date,gasoline_price_krw,diesel_price_krw,lpg_price_krw,source
2008-04-15,1681.33,1585.35,,OPINET official CSV history
2008-04-16,1692.15,1600.81,,OPINET official CSV history
2008-04-17,1686.56,1594.53,,OPINET official CSV history
2008-04-18,1689.68,1602.15,,OPINET official CSV history
2008-04-19,1692.91,1606.71,,OPINET official CSV history
2008-04-20,1693.99,1608.21,,OPINET official CSV history
2008-04-21,1695.54,1610.82,,OPINET official CSV history
2008-04-22,1698.21,1614.47,,OPINET official CSV history
2008-04-23,1703.35,1620.02,,OPINET official CSV history
2008-04-24,1713.37,1635.52,,OPINET official CSV history
2008-04-25,1719.99,1646.75,,OPINET official CSV history
2008-04-26,1725.55,1655.3,,OPINET official CSV history
2008-04-27,1723.25,1652.37,,OPINET official CSV history
2008-04-28,1726.5,1657.51,,OPINET official CSV history
2008-04-29,1728.43,1660.29,,OPINET official CSV history
2008-04-30,1731.16,1663.93,,OPINET official CSV history
2008-05-01,1737.77,1673.26,,OPINET official CSV history
2008-05-02,1741.17,1678.24,,OPINET official CSV history
2008-05-03,1743.8,1682.21,,OPINET official CSV history
2008-05-04,1744.12,1683.82,,OPINET official CSV history
2008-05-05,1744.77,1684.45,,OPINET official CSV history
2008-05-06,1745.55,1685.74,,OPINET official CSV history
2008-05-07,1746.78,1687.59,,OPINET official CSV history
2008-05-08,1748.73,1689.63,,OPINET official CSV history
2008-05-09,1751.05,1693.17,,OPINET official CSV history
2008-05-10,1753.34,1696.56,,OPINET official CSV history
2008-05-11,1754.64,1698.54,,OPINET official CSV history
2008-05-12,1755.29,1699.45,,OPINET official CSV history
2008-05-13,1757.1,1701.1,,OPINET official CSV history
2008-05-14,1763.15,1708.19,,OPINET official CSV history
2008-05-15,1780.73,1731.62,,OPINET official CSV history
2008-05-16,1790.21,1745.05,,OPINET official CSV history
2008-05-17,1795.26,1753.52,,OPINET official CSV history
2008-05-18,1797.04,1756.24,,OPINET official CSV history
2008-05-19,1798.83,1759.28,,OPINET official CSV history
2008-05-20,1802.92,1763.87,,OPINET official CSV history
2008-05-21,1813.93,1781.44,,OPINET official CSV history
2008-05-22,1841.37,1824.86,,OPINET official CSV history
2008-05-23,1853.25,1843.96,,OPINET official CSV history
2008-05-24,1858.09,1852.46,,OPINET official CSV history
2008-05-25,1859.91,1855.06,,OPINET official CSV history
2008-05-26,1862.44,1858.86,,OPINET official CSV history
2008-05-27,1865.19,1861.59,,OPINET official CSV history
2008-05-28,1870.48,1868.6,,OPINET official CSV history
2008-05-29,1888.4,1892.24,,OPINET official CSV history
2008-05-30,1896.98,1903.62,,OPINET official CSV history
2008-05-31,1900.78,1908.62,,OPINET official CSV history
2008-06-01,1903.36,1912.19,,OPINET official CSV history
2008-06-02,1905.4,1914.49,,OPINET official CSV history
2008-06-03,1907.45,1916.94,,OPINET official CSV history
2008-06-04,1908.22,1917.92,,OPINET official CSV history
2008-06-05,1907.84,1914.49,,OPINET official CSV history
2008-06-06,1907.76,1913.47,,OPINET official CSV history
2008-06-07,1907.97,1913.36,,OPINET official CSV history
2008-06-08,1907.99,1913.57,,OPINET official CSV history
2008-06-09,1907.33,1912.17,,OPINET official CSV history
2008-06-10,1907.56,1912.24,,OPINET official CSV history
2008-06-11,1907.23,1911.32,,OPINET official CSV history
2008-06-12,1905.84,1908.04,,OPINET official CSV history
2008-06-13,1905.6,1907.2,,OPINET official CSV history
2008-06-14,1905.11,1906.58,,OPINET official CSV history
2008-06-15,1904.76,1906.23,,OPINET official CSV history
2008-06-16,1904.21,1905.27,,OPINET official CSV history
2008-06-17,1904.58,1905.21,,OPINET official CSV history
2008-06-18,1905.3,1905.52,,OPINET official CSV history
2008-06-19,1906.99,1906.96,,OPINET official CSV history
2008-06-20,1907.95,1907.58,,OPINET official CSV history
2008-06-21,1907.91,1907.46,,OPINET official CSV history
2008-06-22,1907.87,1907.34,,OPINET official CSV history
2008-06-23,1906.78,1906.0,,OPINET official CSV history
2008-06-24,1907.11,1906.07,,OPINET official CSV history
2008-06-25,1906.75,1905.52,,OPINET official CSV history
2008-06-26,1907.17,1905.83,,OPINET official CSV history
2008-06-27,1907.09,1909.36,,OPINET official CSV history
2008-06-28,1907.13,1905.64,,OPINET official CSV history
2008-06-29,1907.04,1905.63,,OPINET official CSV history
2008-06-30,1905.92,1904.41,,OPINET official CSV history
2008-07-01,1906.78,1904.82,,OPINET official CSV history
2008-07-02,1908.18,1906.15,,OPINET official CSV history
2008-07-03,1911.05,1908.98,,OPINET official CSV history
2008-07-04,1912.72,1910.45,,OPINET official CSV history
2008-07-05,1914.13,1911.67,,OPINET official CSV history
2008-07-06,1915.32,1912.65,,OPINET official CSV history
2008-07-07,1915.09,1914.09,,OPINET official CSV history
2008-07-08,1919.74,1916.52,,OPINET official CSV history
2008-07-09,1924.53,1921.0,,OPINET official CSV history
2008-07-10,1935.23,1931.56,,OPINET official CSV history
2008-07-11,1941.25,1937.38,,OPINET official CSV history
2008-07-12,1945.39,1941.77,,OPINET official CSV history
2008-07-13,1947.1,1943.47,,OPINET official CSV history
2008-07-14,1947.74,1943.84,,OPINET official CSV history
2008-07-15,1949.9,1945.81,,OPINET official CSV history
2008-07-16,1950.02,1947.75,,OPINET official CSV history
2008-07-17,1948.04,1943.8,,OPINET official CSV history
2008-07-18,1947.0,1942.85,,OPINET official CSV history
2008-07-19,1946.11,1941.98,,OPINET official CSV history
2008-07-20,1945.74,1941.57,,OPINET official CSV history
2008-07-21,1943.12,1938.79,,OPINET official CSV history
2008-07-22,1941.85,1937.7,,OPINET official CSV history
2008-07-23,1937.76,1933.82,,OPINET official CSV history
2008-07-24,1925.29,1921.33,,OPINET official CSV history
2008-07-25,1916.11,1912.13,,OPINET official CSV history
2008-07-26,1911.88,1907.43,,OPINET official CSV history
2008-07-27,1909.41,1904.92,,OPINET official CSV history
2008-07-28,1905.19,1900.5,,OPINET official CSV history
2008-07-29,1902.25,1898.01,,OPINET official CSV history
2008-07-30,1896.66,1892.6,,OPINET official CSV history
2008-07-31,1883.48,1879.16,,OPINET official CSV history
2008-08-01,1871.95,1867.08,,OPINET official CSV history
2008-08-02,1867.32,1862.44,,OPINET official CSV history
2008-08-03,1865.13,1860.14,,OPINET official CSV history
2008-08-04,1860.3,1854.98,,OPINET official CSV history
2008-08-05,1856.72,1851.61,,OPINET official CSV history
2008-08-06,1850.85,1845.62,,OPINET official CSV history
2008-08-07,1838.99,1832.42,,OPINET official CSV history
2008-08-08,1829.67,1822.06,,OPINET official CSV history
2008-08-09,1823.12,1815.0,,OPINET official CSV history
2008-08-10,1820.32,1811.93,,OPINET official CSV history
2008-08-11,1813.37,1806.28,,OPINET official CSV history
2008-08-12,1808.12,1799.37,,OPINET official CSV history
2008-08-13,1800.32,1789.36,,OPINET official CSV history
2008-08-14,1786.99,1770.6,,OPINET official CSV history
2008-08-15,1779.24,1759.76,,OPINET official CSV history
2008-08-16,1774.34,1753.28,,OPINET official CSV history
2008-08-17,1771.53,1749.72,,OPINET official CSV history
2008-08-18,1765.24,1742.59,,OPINET official CSV history
2008-08-19,1760.84,1736.92,,OPINET official CSV history
2008-08-20,1755.77,1731.05,,OPINET official CSV history
2008-08-21,1745.69,1716.91,,OPINET official CSV history
2008-08-22,1738.64,1706.98,,OPINET official CSV history
2008-08-23,1734.35,1701.07,,OPINET official CSV history
2008-08-24,1732.42,1698.31,,OPINET official CSV history
2008-08-25,1727.71,1692.73,,OPINET official CSV history
2008-08-26,1724.91,1688.32,,OPINET official CSV history
2008-08-27,1722.46,1684.8,,OPINET official CSV history
2008-08-28,1719.66,1680.26,,OPINET official CSV history
2008-08-29,1718.02,1678.08,,OPINET official CSV history
2008-08-30,1716.57,1676.3,,OPINET official CSV history
2008-08-31,1716.23,1675.48,,OPINET official CSV history
2008-09-01,1713.8,1672.64,,OPINET official CSV history
2008-09-02,1713.62,1671.47,,OPINET official CSV history
2008-09-03,1713.81,1670.72,,OPINET official CSV history
2008-09-04,1717.18,1673.65,,OPINET official CSV history
2008-09-05,1718.42,1672.25,,OPINET official CSV history
2008-09-06,1719.45,1672.54,,OPINET official CSV history
2008-09-07,1720.11,1672.56,,OPINET official CSV history
2008-09-08,1721.39,1671.38,,OPINET official CSV history
2008-09-09,1721.2,1672.24,,OPINET official CSV history
2008-09-10,1721.9,1672.23,,OPINET official CSV history
2008-09-11,1722.11,1671.49,,OPINET official CSV history
2008-09-12,1724.16,1672.32,,OPINET official CSV history
2008-09-13,1725.01,1672.44,,OPINET official CSV history
2008-09-14,1724.8,1672.28,,OPINET official CSV history
2008-09-15,1725.0,1672.03,,OPINET official CSV history
2008-09-16,1723.79,1670.34,,OPINET official CSV history
2008-09-17,1723.14,1669.32,,OPINET official CSV history
2008-09-18,1715.9,1658.06,,OPINET official CSV history
2008-09-19,1711.22,1652.13,,OPINET official CSV history
2008-09-20,1709.24,1647.44,,OPINET official CSV history
2008-09-21,1708.47,1645.74,,OPINET official CSV history
2008-09-22,1707.62,1642.91,,OPINET official CSV history
2008-09-23,1706.35,1642.09,,OPINET official CSV history
2008-09-24,1705.74,1641.0,,OPINET official CSV history
2008-09-25,1705.45,1642.27,,OPINET official CSV history
2008-09-26,1705.88,1642.83,,OPINET official CSV history
2008-09-27,1705.85,1642.77,,OPINET official CSV history
2008-09-28,1705.72,1642.32,,OPINET official CSV history
2008-09-29,1704.92,1641.19,,OPINET official CSV history
2008-09-30,1705.65,1641.55,,OPINET official CSV history
2008-10-01,1707.53,1642.77,,OPINET official CSV history
2008-10-02,1713.18,1649.86,,OPINET official CSV history
2008-10-03,1715.4,1650.41,,OPINET official CSV history
2008-10-04,1716.21,1650.87,,OPINET official CSV history
2008-10-05,1716.71,1651.16,,OPINET official CSV history
2008-10-06,1716.05,1650.02,,OPINET official CSV history
2008-10-07,1716.71,1650.59,,OPINET official CSV history
2008-10-08,1715.18,1648.28,,OPINET official CSV history
2008-10-09,1710.06,1637.09,,OPINET official CSV history
2008-10-10,1705.72,1631.97,,OPINET official CSV history
2008-10-11,1703.82,1628.78,,OPINET official CSV history
2008-10-12,1703.36,1627.45,,OPINET official CSV history
2008-10-13,1702.06,1625.09,,OPINET official CSV history
2008-10-14,1701.49,1622.46,,OPINET official CSV history
2008-10-15,1701.44,1620.22,,OPINET official CSV history
2008-10-16,1701.55,1615.64,,OPINET official CSV history
2008-10-17,1700.87,1613.21,,OPINET official CSV history
2008-10-18,1699.85,1608.42,,OPINET official CSV history
2008-10-19,1699.27,1606.92,,OPINET official CSV history
2008-10-20,1697.15,1601.91,,OPINET official CSV history
2008-10-21,1696.23,1598.85,,OPINET official CSV history
2008-10-22,1692.24,1592.71,,OPINET official CSV history
2008-10-23,1673.01,1570.3,,OPINET official CSV history
2008-10-24,1655.08,1548.11,,OPINET official CSV history
2008-10-25,1645.46,1533.17,,OPINET official CSV history
2008-10-26,1641.33,1527.75,,OPINET official CSV history
2008-10-27,1633.57,1518.02,,OPINET official CSV history
2008-10-28,1627.81,1511.0,,OPINET official CSV history
2008-10-29,1622.58,1505.27,,OPINET official CSV history
2008-10-30,1613.85,1498.93,,OPINET official CSV history
2008-10-31,1607.24,1492.93,,OPINET official CSV history
2008-11-01,1601.98,1486.44,,OPINET official CSV history
2008-11-02,1599.94,1483.71,,OPINET official CSV history
2008-11-03,1595.59,1478.21,,OPINET official CSV history
2008-11-04,1591.48,1473.68,,OPINET official CSV history
2008-11-05,1587.07,1468.78,,OPINET official CSV history
2008-11-06,1576.82,1460.62,,OPINET official CSV history
2008-11-07,1567.3,1450.98,,OPINET official CSV history
2008-11-08,1561.59,1445.36,,OPINET official CSV history
2008-11-09,1559.42,1443.46,,OPINET official CSV history
2008-11-10,1554.24,1439.84,,OPINET official CSV history
2008-11-11,1548.75,1434.34,,OPINET official CSV history
2008-11-12,1542.1,1429.57,,OPINET official CSV history
2008-11-13,1529.95,1421.46,,OPINET official CSV history
2008-11-14,1514.12,1412.47,,OPINET official CSV history
2008-11-15,1505.54,1406.66,,OPINET official CSV history
2008-11-16,1504.59,1404.48,,OPINET official CSV history
2008-11-17,1493.45,1399.49,,OPINET official CSV history
2008-11-18,1486.25,1395.44,,OPINET official CSV history
2008-11-19,1479.43,1391.58,,OPINET official CSV history
2008-11-20,1467.96,1384.83,,OPINET official CSV history
2008-11-21,1455.72,1377.49,,OPINET official CSV history
2008-11-22,1448.27,1373.35,,OPINET official CSV history
2008-11-23,1444.36,1371.33,,OPINET official CSV history
2008-11-24,1438.23,1367.14,,OPINET official CSV history
2008-11-25,1432.53,1364.38,,OPINET official CSV history
2008-11-26,1426.08,1361.16,,OPINET official CSV history
2008-11-27,1416.02,1356.67,,OPINET official CSV history
2008-11-28,1406.21,1352.8,,OPINET official CSV history
2008-11-29,1400.01,1349.9,,OPINET official CSV history
2008-11-30,1396.87,1348.67,,OPINET official CSV history
2008-12-01,1389.29,1344.27,,OPINET official CSV history
2008-12-02,1383.49,1341.89,,OPINET official CSV history
2008-12-03,1379.65,1340.2,,OPINET official CSV history
2008-12-04,1376.01,1337.44,,OPINET official CSV history
2008-12-05,1372.36,1336.22,,OPINET official CSV history
2008-12-06,1370.19,1335.17,,OPINET official CSV history
2008-12-07,1369.01,1334.54,,OPINET official CSV history
2008-12-08,1366.51,1332.83,,OPINET official CSV history
2008-12-09,1364.31,1331.7,,OPINET official CSV history
2008-12-10,1360.54,1328.91,,OPINET official CSV history
2008-12-11,1347.82,1320.02,,OPINET official CSV history
2008-12-12,1334.42,1311.88,,OPINET official CSV history
2008-12-13,1325.41,1306.09,,OPINET official CSV history
2008-12-14,1321.98,1304.14,,OPINET official CSV history
2008-12-15,1315.92,1300.57,,OPINET official CSV history
2008-12-16,1311.67,1297.91,,OPINET official CSV history
2008-12-17,1308.11,1295.38,,OPINET official CSV history
2008-12-18,1304.51,1289.05,,OPINET official CSV history
2008-12-19,1301.08,1283.77,,OPINET official CSV history
2008-12-20,1298.15,1280.75,,OPINET official CSV history
2008-12-21,1296.86,1279.4,,OPINET official CSV history
2008-12-22,1294.29,1276.63,,OPINET official CSV history
2008-12-23,1292.39,1274.95,1053.94,OPINET official CSV history
2008-12-24,1290.87,1273.36,1053.69,OPINET official CSV history
2008-12-25,1290.12,1271.64,1054.03,OPINET official CSV history
2008-12-26,1289.27,1270.23,1054.02,OPINET official CSV history
2008-12-27,1288.53,1270.0,1054.07,OPINET official CSV history
2008-12-28,1288.31,1269.49,1054.04,OPINET official CSV history
2008-12-29,1287.63,1268.69,1054.06,OPINET official CSV history
2008-12-30,1287.45,1268.45,1053.45,OPINET official CSV history
2008-12-31,1288.1,1269.05,1054.05,OPINET official CSV history
2009-01-01,1298.89,1275.89,868.44,OPINET official CSV history
2009-01-02,1299.86,1275.86,850.44,OPINET official CSV history
2009-01-03,1300.34,1276.27,850.38,OPINET official CSV history
2009-01-04,1300.39,1276.22,850.64,OPINET official CSV history
2009-01-05,1299.99,1275.7,850.27,OPINET official CSV history
2009-01-06,1300.79,1276.33,850.21,OPINET official CSV history
2009-01-07,1302.2,1277.18,850.16,OPINET official CSV history
2009-01-08,1309.06,1281.24,850.02,OPINET official CSV history
2009-01-09,1312.43,1283.18,850.01,OPINET official CSV history
2009-01-10,1315.46,1285.27,850.08,OPINET official CSV history
2009-01-11,1316.63,1286.02,850.36,OPINET official CSV history
2009-01-12,1317.75,1286.38,850.1,OPINET official CSV history
2009-01-13,1319.0,1287.37,849.86,OPINET official CSV history
2009-01-14,1322.43,1289.86,850.26,OPINET official CSV history
2009-01-15,1331.31,1298.12,850.22,OPINET official CSV history
2009-01-16,1338.27,1303.96,850.01,OPINET official CSV history
2009-01-17,1344.54,1309.16,849.39,OPINET official CSV history
2009-01-18,1346.96,1311.29,848.96,OPINET official CSV history
2009-01-19,1350.55,1313.66,849.03,OPINET official CSV history
2009-01-20,1356.22,1317.42,849.05,OPINET official CSV history
2009-01-21,1365.38,1321.99,849.11,OPINET official CSV history
2009-01-22,1384.36,1325.4,848.92,OPINET official CSV history
2009-01-23,1401.9,1330.12,849.25,OPINET official CSV history
2009-01-24,1415.74,1333.51,852.86,OPINET official CSV history
2009-01-25,1417.57,1335.08,848.94,OPINET official CSV history
2009-01-26,1419.96,1335.54,848.83,OPINET official CSV history
2009-01-27,1420.92,1335.73,848.89,OPINET official CSV history
2009-01-28,1423.3,1335.85,849.09,OPINET official CSV history
2009-01-29,1431.45,1333.16,848.82,OPINET official CSV history
2009-01-30,1437.68,1332.71,848.65,OPINET official CSV history
2009-01-31,1442.07,1332.55,848.78,OPINET official CSV history
2009-02-01,1444.57,1332.07,848.82,OPINET official CSV history
2009-02-02,1447.03,1331.64,848.83,OPINET official CSV history
2009-02-03,1449.44,1331.17,848.63,OPINET official CSV history
2009-02-04,1452.42,1331.02,848.87,OPINET official CSV history
2009-02-05,1458.61,1330.83,848.95,OPINET official CSV history
2009-02-06,1466.14,1330.71,848.82,OPINET official CSV history
2009-02-07,1470.41,1330.44,848.68,OPINET official CSV history
2009-02-08,1472.81,1330.28,848.82,OPINET official CSV history
2009-02-09,1474.88,1329.49,848.71,OPINET official CSV history
2009-02-10,1478.35,1328.94,848.33,OPINET official CSV history
2009-02-11,1480.25,1327.82,848.81,OPINET official CSV history
2009-02-12,1483.55,1324.67,848.64,OPINET official CSV history
2009-02-13,1487.52,1323.08,848.47,OPINET official CSV history
2009-02-14,1490.85,1321.72,848.62,OPINET official CSV history
2009-02-15,1492.51,1321.09,848.69,OPINET official CSV history
2009-02-16,1494.08,1319.87,848.48,OPINET official CSV history
2009-02-17,1496.42,1318.71,848.47,OPINET official CSV history
2009-02-18,1498.85,1317.64,848.49,OPINET official CSV history
2009-02-19,1505.63,1316.11,848.3,OPINET official CSV history
2009-02-20,1510.62,1314.36,848.62,OPINET official CSV history
2009-02-21,1514.56,1313.48,848.5,OPINET official CSV history
2009-02-22,1516.61,1312.91,848.45,OPINET official CSV history
2009-02-23,1518.37,1311.56,848.66,OPINET official CSV history
2009-02-24,1520.16,1310.26,848.5,OPINET official CSV history
2009-02-25,1520.86,1308.94,848.43,OPINET official CSV history
2009-02-26,1520.83,1306.75,848.64,OPINET official CSV history
2009-02-27,1521.35,1305.73,848.46,OPINET official CSV history
2009-02-28,1522.37,1305.34,849.7,OPINET official CSV history
2009-03-01,1523.22,1304.45,890.61,OPINET official CSV history
2009-03-02,1523.7,1303.36,893.22,OPINET official CSV history
2009-03-03,1524.33,1302.27,894.72,OPINET official CSV history
2009-03-04,1524.9,1301.93,894.9,OPINET official CSV history
2009-03-05,1528.03,1305.12,894.96,OPINET official CSV history
2009-03-06,1530.42,1306.92,894.95,OPINET official CSV history
2009-03-07,1531.83,1307.86,895.07,OPINET official CSV history
2009-03-08,1532.74,1308.16,895.2,OPINET official CSV history
2009-03-09,1533.16,1307.68,895.09,OPINET official CSV history
2009-03-10,1533.73,1307.53,895.09,OPINET official CSV history
2009-03-11,1534.24,1307.7,894.93,OPINET official CSV history
2009-03-12,1534.31,1307.14,895.15,OPINET official CSV history
2009-03-13,1535.41,1307.71,895.1,OPINET official CSV history
2009-03-14,1535.66,1307.57,895.06,OPINET official CSV history
2009-03-15,1536.0,1307.7,895.29,OPINET official CSV history
2009-03-16,1535.88,1306.74,895.38,OPINET official CSV history
2009-03-17,1536.08,1306.57,895.08,OPINET official CSV history
2009-03-18,1535.66,1305.93,895.19,OPINET official CSV history
2009-03-19,1531.65,1303.46,895.24,OPINET official CSV history
2009-03-20,1530.09,1300.93,895.18,OPINET official CSV history
2009-03-21,1528.54,1299.16,895.29,OPINET official CSV history
2009-03-22,1526.09,1297.29,889.3,OPINET official CSV history
2009-03-23,1527.49,1297.46,895.44,OPINET official CSV history
2009-03-24,1527.28,1297.01,894.99,OPINET official CSV history
2009-03-25,1527.8,1297.26,895.1,OPINET official CSV history
2009-03-26,1534.44,1302.68,895.05,OPINET official CSV history
2009-03-27,1537.2,1307.67,894.89,OPINET official CSV history
2009-03-28,1539.94,1310.76,895.05,OPINET official CSV history
2009-03-29,1541.07,1312.45,895.18,OPINET official CSV history
2009-03-30,1542.09,1313.24,895.17,OPINET official CSV history
2009-03-31,1543.45,1315.05,894.94,OPINET official CSV history
2009-04-01,1545.65,1319.65,894.79,OPINET official CSV history
2009-04-02,1547.56,1324.41,894.87,OPINET official CSV history
2009-04-03,1550.27,1329.84,895.04,OPINET official CSV history
2009-04-04,1552.05,1332.83,894.83,OPINET official CSV history
2009-04-05,1552.63,1334.02,894.87,OPINET official CSV history
2009-04-06,1553.3,1334.62,894.9,OPINET official CSV history
2009-04-07,1553.78,1335.67,894.97,OPINET official CSV history
2009-04-08,1553.7,1335.72,894.79,OPINET official CSV history
2009-04-09,1552.89,1333.78,895.05,OPINET official CSV history
2009-04-10,1553.33,1334.32,894.81,OPINET official CSV history
2009-04-11,1553.3,1334.51,894.9,OPINET official CSV history
2009-04-12,1553.49,1334.8,895.13,OPINET official CSV history
2009-04-13,1553.28,1334.39,895.13,OPINET official CSV history
2009-04-14,1553.39,1334.52,894.95,OPINET official CSV history
2009-04-15,1553.66,1334.64,894.81,OPINET official CSV history
2009-04-16,1553.86,1333.87,896.04,OPINET official CSV history
2009-04-17,1554.57,1334.4,895.93,OPINET official CSV history
2009-04-18,1554.68,1334.4,896.29,OPINET official CSV history
2009-04-19,1554.86,1335.8,896.21,OPINET official CSV history
2009-04-20,1554.7,1333.97,896.61,OPINET official CSV history
2009-04-21,1555.37,1334.08,896.23,OPINET official CSV history
2009-04-22,1554.56,1333.64,896.14,OPINET official CSV history
2009-04-23,1553.92,1332.74,896.01,OPINET official CSV history
2009-04-24,1554.0,1332.75,896.22,OPINET official CSV history
2009-04-25,1553.95,1332.63,896.18,OPINET official CSV history
2009-04-26,1553.99,1332.7,896.37,OPINET official CSV history
2009-04-27,1549.97,1329.34,891.04,OPINET official CSV history
2009-04-28,1552.93,1331.23,896.07,OPINET official CSV history
2009-04-29,1552.14,1330.22,896.21,OPINET official CSV history
2009-04-30,1550.98,1328.87,896.25,OPINET official CSV history
2009-05-01,1548.07,1326.17,813.91,OPINET official CSV history
2009-05-02,1546.84,1325.16,811.13,OPINET official CSV history
2009-05-03,1546.25,1324.69,810.45,OPINET official CSV history
2009-05-04,1544.86,1323.07,810.0,OPINET official CSV history
2009-05-05,1542.33,1321.01,810.62,OPINET official CSV history
2009-05-06,1540.34,1318.9,801.29,OPINET official CSV history
2009-05-07,1537.8,1316.76,800.88,OPINET official CSV history
2009-05-08,1536.76,1315.77,800.83,OPINET official CSV history
2009-05-09,1536.45,1315.54,800.99,OPINET official CSV history
2009-05-10,1536.34,1315.61,800.77,OPINET official CSV history
2009-05-11,1536.19,1315.39,800.14,OPINET official CSV history
2009-05-12,1538.32,1317.69,800.29,OPINET official CSV history
2009-05-13,1539.61,1318.93,800.11,OPINET official CSV history
2009-05-14,1539.9,1319.15,799.83,OPINET official CSV history
2009-05-15,1541.05,1320.57,800.04,OPINET official CSV history
2009-05-16,1541.76,1321.47,799.95,OPINET official CSV history
2009-05-17,1541.86,1321.75,799.78,OPINET official CSV history
2009-05-18,1541.81,1321.56,800.23,OPINET official CSV history
2009-05-19,1542.64,1321.97,799.69,OPINET official CSV history
2009-05-20,1543.16,1322.38,800.03,OPINET official CSV history
2009-05-21,1543.55,1322.79,799.91,OPINET official CSV history
2009-05-22,1543.99,1323.33,799.96,OPINET official CSV history
2009-05-23,1545.06,1324.32,800.18,OPINET official CSV history
2009-05-24,1545.45,1324.65,799.88,OPINET official CSV history
2009-05-25,1545.9,1324.81,799.61,OPINET official CSV history
2009-05-26,1548.11,1325.66,799.9,OPINET official CSV history
2009-05-27,1549.86,1326.22,799.84,OPINET official CSV history
2009-05-28,1550.47,1325.96,800.26,OPINET official CSV history
2009-05-29,1551.62,1326.97,799.81,OPINET official CSV history
2009-05-30,1552.27,1327.1,799.77,OPINET official CSV history
2009-05-31,1552.86,1327.55,797.54,OPINET official CSV history
2009-06-01,1553.62,1327.75,757.4,OPINET official CSV history
2009-06-02,1558.72,1332.57,756.23,OPINET official CSV history
2009-06-03,1560.24,1333.58,756.66,OPINET official CSV history
2009-06-04,1563.76,1337.03,756.4,OPINET official CSV history
2009-06-05,1568.18,1341.98,756.25,OPINET official CSV history
2009-06-06,1572.63,1346.69,754.49,OPINET official CSV history
2009-06-07,1575.17,1348.93,754.36,OPINET official CSV history
2009-06-08,1578.53,1352.36,754.48,OPINET official CSV history
2009-06-09,1589.69,1367.88,754.46,OPINET official CSV history
2009-06-10,1600.51,1381.55,754.03,OPINET official CSV history
2009-06-11,1607.76,1390.05,754.11,OPINET official CSV history
2009-06-12,1615.95,1399.87,753.79,OPINET official CSV history
2009-06-13,1622.22,1407.46,753.1,OPINET official CSV history
2009-06-14,1623.51,1409.31,753.41,OPINET official CSV history
2009-06-15,1626.1,1411.54,754.21,OPINET official CSV history
2009-06-16,1631.03,1418.06,753.83,OPINET official CSV history
2009-06-17,1634.87,1422.64,753.85,OPINET official CSV history
2009-06-18,1637.37,1425.47,754.01,OPINET official CSV history
2009-06-19,1640.46,1428.95,754.05,OPINET official CSV history
2009-06-20,1642.54,1431.29,754.01,OPINET official CSV history
2009-06-21,1643.51,1432.38,753.82,OPINET official CSV history
2009-06-22,1644.75,1433.43,754.04,OPINET official CSV history
2009-06-23,1647.79,1436.94,754.39,OPINET official CSV history
2009-06-24,1650.13,1439.44,753.9,OPINET official CSV history
2009-06-25,1651.36,1441.03,753.88,OPINET official CSV history
2009-06-26,1652.36,1442.42,753.77,OPINET official CSV history
2009-06-27,1653.78,1444.13,753.62,OPINET official CSV history
2009-06-28,1654.33,1444.93,753.56,OPINET official CSV history
2009-06-29,1654.58,1445.04,753.71,OPINET official CSV history
2009-06-30,1654.35,1445.09,753.89,OPINET official CSV history
2009-07-01,1654.27,1445.37,753.37,OPINET official CSV history
2009-07-02,1653.59,1444.49,754.24,OPINET official CSV history
2009-07-03,1654.12,1445.27,753.88,OPINET official CSV history
2009-07-04,1653.97,1445.27,753.62,OPINET official CSV history
2009-07-05,1654.06,1445.22,754.3,OPINET official CSV history
2009-07-06,1653.75,1444.78,753.74,OPINET official CSV history
2009-07-07,1654.36,1444.33,754.08,OPINET official CSV history
2009-07-08,1653.71,1443.13,754.44,OPINET official CSV history
2009-07-09,1653.15,1442.19,754.31,OPINET official CSV history
2009-07-10,1652.38,1441.44,754.12,OPINET official CSV history
2009-07-11,1651.51,1440.61,754.21,OPINET official CSV history
2009-07-12,1651.55,1440.46,754.02,OPINET official CSV history
2009-07-13,1649.83,1438.7,753.83,OPINET official CSV history
2009-07-14,1645.11,1433.93,754.02,OPINET official CSV history
2009-07-15,1640.67,1429.54,753.83,OPINET official CSV history
2009-07-16,1637.3,1424.53,754.12,OPINET official CSV history
2009-07-17,1632.41,1421.44,753.9,OPINET official CSV history
2009-07-18,1629.54,1418.74,754.0,OPINET official CSV history
2009-07-19,1628.02,1417.4,754.04,OPINET official CSV history
2009-07-20,1624.86,1414.19,754.1,OPINET official CSV history
2009-07-21,1622.24,1411.32,754.18,OPINET official CSV history
2009-07-22,1620.45,1409.41,754.14,OPINET official CSV history
2009-07-23,1618.83,1407.56,753.86,OPINET official CSV history
2009-07-24,1618.44,1407.37,753.86,OPINET official CSV history
2009-07-25,1617.87,1406.84,753.75,OPINET official CSV history
2009-07-26,1617.65,1406.66,753.95,OPINET official CSV history
2009-07-27,1617.04,1405.84,753.98,OPINET official CSV history
2009-07-28,1621.19,1409.7,754.09,OPINET official CSV history
2009-07-29,1622.29,1410.45,754.25,OPINET official CSV history
2009-07-30,1623.05,1411.18,753.97,OPINET official CSV history
2009-07-31,1625.08,1412.91,754.99,OPINET official CSV history
2009-08-01,1626.58,1414.24,802.87,OPINET official CSV history
2009-08-02,1627.48,1414.88,803.84,OPINET official CSV history
2009-08-03,1628.57,1415.5,803.08,OPINET official CSV history
2009-08-04,1632.88,1418.9,803.39,OPINET official CSV history
2009-08-05,1637.53,1422.88,803.68,OPINET official CSV history
2009-08-06,1639.28,1423.56,803.8,OPINET official CSV history
2009-08-07,1642.74,1426.33,803.39,OPINET official CSV history
2009-08-08,1646.46,1429.31,803.85,OPINET official CSV history
2009-08-09,1648.86,1431.33,803.67,OPINET official CSV history
2009-08-10,1651.95,1433.6,803.26,OPINET official CSV history
2009-08-11,1661.05,1439.69,803.82,OPINET official CSV history
2009-08-12,1666.74,1444.13,803.9,OPINET official CSV history
2009-08-13,1670.71,1446.89,804.48,OPINET official CSV history
2009-08-14,1675.51,1451.12,804.33,OPINET official CSV history
2009-08-15,1677.97,1453.19,804.25,OPINET official CSV history
2009-08-16,1679.38,1454.1,804.16,OPINET official CSV history
2009-08-17,1680.58,1454.83,804.26,OPINET official CSV history
2009-08-18,1683.99,1457.63,804.1,OPINET official CSV history
2009-08-19,1685.41,1458.63,804.19,OPINET official CSV history
2009-08-20,1686.42,1459.34,804.28,OPINET official CSV history
2009-08-21,1688.65,1461.46,804.03,OPINET official CSV history
2009-08-22,1690.45,1462.96,804.36,OPINET official CSV history
2009-08-23,1691.5,1463.73,804.29,OPINET official CSV history
2009-08-24,1691.93,1464.04,804.38,OPINET official CSV history
2009-08-25,1692.33,1464.99,804.31,OPINET official CSV history
2009-08-26,1692.82,1465.58,804.33,OPINET official CSV history
2009-08-27,1692.69,1465.41,803.62,OPINET official CSV history
2009-08-28,1693.61,1466.71,803.42,OPINET official CSV history
2009-08-29,1694.0,1467.06,804.21,OPINET official CSV history
2009-08-30,1694.29,1467.28,804.02,OPINET official CSV history
2009-08-31,1694.28,1466.97,804.34,OPINET official CSV history
2009-09-01,1696.6,1468.73,804.17,OPINET official CSV history
2009-09-02,1697.21,1469.28,804.37,OPINET official CSV history
2009-09-03,1696.85,1468.76,804.45,OPINET official CSV history
2009-09-04,1697.2,1469.13,804.35,OPINET official CSV history
2009-09-05,1696.92,1468.9,804.21,OPINET official CSV history
2009-09-06,1697.07,1468.87,804.25,OPINET official CSV history
2009-09-07,1696.23,1468.0,804.43,OPINET official CSV history
2009-09-08,1694.65,1466.42,804.74,OPINET official CSV history
2009-09-09,1692.99,1464.87,804.22,OPINET official CSV history
2009-09-10,1691.43,1463.11,804.29,OPINET official CSV history
2009-09-11,1690.34,1462.3,804.34,OPINET official CSV history
2009-09-12,1689.29,1461.27,804.1,OPINET official CSV history
2009-09-13,1688.88,1460.69,804.19,OPINET official CSV history
2009-09-14,1687.13,1458.64,804.41,OPINET official CSV history
2009-09-15,1684.28,1455.99,804.39,OPINET official CSV history
2009-09-16,1681.48,1453.43,804.42,OPINET official CSV history
2009-09-17,1679.19,1450.87,804.38,OPINET official CSV history
2009-09-18,1677.58,1449.48,804.26,OPINET official CSV history
2009-09-19,1676.33,1448.03,804.48,OPINET official CSV history
2009-09-20,1675.73,1447.51,804.57,OPINET official CSV history
2009-09-21,1674.26,1445.69,804.45,OPINET official CSV history
2009-09-22,1672.12,1443.37,804.17,OPINET official CSV history
2009-09-23,1670.11,1441.28,804.1,OPINET official CSV history
2009-09-24,1668.02,1438.81,804.07,OPINET official CSV history
2009-09-25,1666.3,1437.25,804.05,OPINET official CSV history
2009-09-26,1664.53,1435.5,804.25,OPINET official CSV history
2009-09-27,1663.63,1434.45,804.14,OPINET official CSV history
2009-09-28,1661.07,1432.02,804.01,OPINET official CSV history
2009-09-29,1655.42,1427.63,804.12,OPINET official CSV history
2009-09-30,1651.04,1423.95,804.1,OPINET official CSV history
2009-10-01,1646.6,1419.75,804.0,OPINET official CSV history
2009-10-02,1645.29,1418.97,803.92,OPINET official CSV history
2009-10-03,1644.53,1418.22,803.63,OPINET official CSV history
2009-10-04,1643.73,1417.69,804.0,OPINET official CSV history
2009-10-05,1640.94,1415.1,803.8,OPINET official CSV history
2009-10-06,1635.99,1411.16,804.22,OPINET official CSV history
2009-10-07,1631.78,1407.67,804.06,OPINET official CSV history
2009-10-08,1628.19,1404.54,803.94,OPINET official CSV history
2009-10-09,1624.77,1402.07,803.96,OPINET official CSV history
2009-10-10,1622.37,1400.18,803.96,OPINET official CSV history
2009-10-11,1620.97,1399.12,803.85,OPINET official CSV history
2009-10-12,1618.03,1396.59,804.07,OPINET official CSV history
2009-10-13,1615.42,1394.79,804.0,OPINET official CSV history
2009-10-14,1611.76,1391.85,796.51,OPINET official CSV history
2009-10-15,1611.48,1390.95,803.86,OPINET official CSV history
2009-10-16,1611.07,1391.59,803.97,OPINET official CSV history
2009-10-17,1610.65,1391.4,804.01,OPINET official CSV history
2009-10-18,1610.49,1391.21,803.97,OPINET official CSV history
2009-10-19,1610.16,1390.96,803.95,OPINET official CSV history
2009-10-20,1613.65,1395.98,803.87,OPINET official CSV history
2009-10-21,1615.17,1398.23,803.99,OPINET official CSV history
2009-10-22,1616.56,1399.95,804.08,OPINET official CSV history
2009-10-23,1620.12,1405.37,804.02,OPINET official CSV history
2009-10-24,1624.71,1411.57,804.03,OPINET official CSV history
2009-10-25,1627.34,1415.07,803.97,OPINET official CSV history
2009-10-26,1630.2,1418.8,804.13,OPINET official CSV history
2009-10-27,1638.94,1429.3,803.94,OPINET official CSV history
2009-10-28,1643.09,1434.65,804.0,OPINET official CSV history
2009-10-29,1644.55,1437.02,804.24,OPINET official CSV history
2009-10-30,1646.16,1439.57,803.87,OPINET official CSV history
2009-10-31,1647.18,1441.05,805.74,OPINET official CSV history
2009-11-01,1648.2,1442.62,855.36,OPINET official CSV history
2009-11-02,1648.45,1442.89,855.32,OPINET official CSV history
2009-11-03,1650.91,1445.88,856.36,OPINET official CSV history
2009-11-04,1651.65,1446.81,856.53,OPINET official CSV history
2009-11-05,1652.49,1447.82,856.31,OPINET official CSV history
2009-11-06,1653.58,1449.03,856.64,OPINET official CSV history
2009-11-07,1654.76,1450.61,856.55,OPINET official CSV history
2009-11-08,1655.44,1451.46,856.65,OPINET official CSV history
2009-11-09,1655.52,1451.63,856.67,OPINET official CSV history
2009-11-10,1656.23,1453.32,856.59,OPINET official CSV history
2009-11-11,1656.82,1454.36,856.75,OPINET official CSV history
2009-11-12,1656.62,1454.35,856.81,OPINET official CSV history
2009-11-13,1657.42,1455.3,856.54,OPINET official CSV history
2009-11-14,1657.73,1455.8,856.61,OPINET official CSV history
2009-11-15,1658.1,1456.12,856.53,OPINET official CSV history
2009-11-16,1658.04,1455.88,856.51,OPINET official CSV history
2009-11-17,1657.22,1454.45,856.66,OPINET official CSV history
2009-11-18,1657.52,1454.69,856.75,OPINET official CSV history
2009-11-19,1656.74,1453.7,856.6,OPINET official CSV history
2009-11-20,1657.14,1454.22,856.68,OPINET official CSV history
2009-11-21,1656.88,1454.09,856.57,OPINET official CSV history
2009-11-22,1656.91,1454.15,856.49,OPINET official CSV history
2009-11-23,1656.74,1453.82,856.53,OPINET official CSV history
2009-11-24,1656.33,1452.9,856.55,OPINET official CSV history
2009-11-25,1656.65,1453.17,856.56,OPINET official CSV history
2009-11-26,1655.65,1452.0,856.53,OPINET official CSV history
2009-11-27,1655.46,1451.99,856.58,OPINET official CSV history
2009-11-28,1655.17,1451.79,856.57,OPINET official CSV history
2009-11-29,1655.18,1451.78,856.47,OPINET official CSV history
2009-11-30,1654.6,1450.99,857.73,OPINET official CSV history
2009-12-01,1653.08,1449.01,900.61,OPINET official CSV history
2009-12-02,1652.34,1448.29,901.48,OPINET official CSV history
2009-12-03,1651.26,1446.89,901.89,OPINET official CSV history
2009-12-04,1651.62,1447.37,901.86,OPINET official CSV history
2009-12-05,1651.44,1447.3,901.87,OPINET official CSV history
2009-12-06,1651.33,1447.11,901.63,OPINET official CSV history
2009-12-07,1651.13,1446.93,901.77,OPINET official CSV history
2009-12-08,1651.77,1447.1,902.4,OPINET official CSV history
2009-12-09,1652.36,1447.77,901.79,OPINET official CSV history
2009-12-10,1652.01,1447.19,901.52,OPINET official CSV history
2009-12-11,1651.92,1447.33,901.75,OPINET official CSV history
2009-12-12,1651.61,1446.95,901.58,OPINET official CSV history
2009-12-13,1651.58,1446.8,901.66,OPINET official CSV history
2009-12-14,1650.92,1446.07,901.62,OPINET official CSV history
2009-12-15,1648.24,1443.13,901.72,OPINET official CSV history
2009-12-16,1647.51,1442.32,901.62,OPINET official CSV history
2009-12-17,1645.89,1440.63,901.79,OPINET official CSV history
2009-12-18,1645.51,1440.29,901.85,OPINET official CSV history
2009-12-19,1646.97,1442.68,901.78,OPINET official CSV history
2009-12-20,1646.61,1442.24,901.77,OPINET official CSV history
2009-12-21,1643.17,1437.93,901.49,OPINET official CSV history
2009-12-22,1640.8,1434.63,901.47,OPINET official CSV history
2009-12-23,1639.67,1433.42,901.79,OPINET official CSV history
2009-12-24,1638.38,1431.95,901.64,OPINET official CSV history
2009-12-25,1638.03,1431.69,901.93,OPINET official CSV history
2009-12-26,1637.74,1431.35,901.8,OPINET official CSV history
2009-12-27,1637.73,1431.37,901.53,OPINET official CSV history
2009-12-28,1637.17,1430.6,901.77,OPINET official CSV history
2009-12-29,1639.39,1431.98,902.08,OPINET official CSV history
2009-12-30,1640.3,1432.64,902.02,OPINET official CSV history
2009-12-31,1640.55,1432.56,903.3,OPINET official CSV history
2010-01-01,1641.2,1433.24,955.17,OPINET official CSV history
2010-01-02,1641.12,1433.12,955.43,OPINET official CSV history
2010-01-03,1641.03,1433.11,956.07,OPINET official CSV history
2010-01-04,1641.28,1432.97,955.86,OPINET official CSV history
2010-01-05,1644.89,1435.79,956.31,OPINET official CSV history
2010-01-06,1647.25,1438.2,956.58,OPINET official CSV history
2010-01-07,1649.43,1440.07,956.1,OPINET official CSV history
2010-01-08,1651.81,1442.09,956.19,OPINET official CSV history
2010-01-09,1654.95,1444.78,956.65,OPINET official CSV history
2010-01-10,1656.53,1446.25,956.7,OPINET official CSV history
2010-01-11,1658.43,1447.84,956.53,OPINET official CSV history
2010-01-12,1661.09,1450.87,956.75,OPINET official CSV history
2010-01-13,1664.77,1454.62,956.64,OPINET official CSV history
2010-01-14,1666.68,1456.13,956.83,OPINET official CSV history
2010-01-15,1668.68,1457.96,957.14,OPINET official CSV history
2010-01-16,1669.92,1459.24,957.05,OPINET official CSV history
2010-01-17,1670.71,1459.87,957.01,OPINET official CSV history
2010-01-18,1671.13,1460.04,957.29,OPINET official CSV history
2010-01-19,1670.62,1458.39,957.12,OPINET official CSV history
2010-01-20,1670.85,1458.41,956.97,OPINET official CSV history
2010-01-21,1670.36,1457.59,957.11,OPINET official CSV history
2010-01-22,1670.69,1457.69,956.9,OPINET official CSV history
2010-01-23,1670.49,1457.49,957.24,OPINET official CSV history
2010-01-24,1670.68,1457.56,956.98,OPINET official CSV history
2010-01-25,1670.31,1456.85,954.36,OPINET official CSV history
2010-01-26,1668.29,1453.8,957.2,OPINET official CSV history
2010-01-27,1667.67,1452.9,956.95,OPINET official CSV history
2010-01-28,1666.48,1451.3,957.2,OPINET official CSV history
2010-01-29,1665.98,1450.71,956.81,OPINET official CSV history
2010-01-30,1665.33,1449.79,957.08,OPINET official CSV history
2010-01-31,1664.97,1449.17,956.7,OPINET official CSV history
2010-02-01,1663.69,1447.29,952.17,OPINET official CSV history
2010-02-02,1662.76,1444.85,952.16,OPINET official CSV history
2010-02-03,1662.63,1444.15,952.32,OPINET official CSV history
2010-02-04,1662.11,1443.24,952.31,OPINET official CSV history
2010-02-05,1662.51,1443.08,952.14,OPINET official CSV history
2010-02-06,1662.73,1442.83,951.89,OPINET official CSV history
2010-02-07,1663.08,1442.76,952.39,OPINET official CSV history
2010-02-08,1662.46,1442.17,952.28,OPINET official CSV history
2010-02-09,1662.98,1442.14,952.27,OPINET official CSV history
2010-02-10,1663.26,1442.27,952.23,OPINET official CSV history
2010-02-11,1663.45,1442.12,952.27,OPINET official CSV history
2010-02-12,1663.86,1442.33,952.22,OPINET official CSV history
2010-02-13,1664.19,1442.41,952.0,OPINET official CSV history
2010-02-14,1664.66,1442.9,952.16,OPINET official CSV history
2010-02-15,1664.25,1442.33,952.24,OPINET official CSV history
2010-02-16,1663.73,1441.36,952.09,OPINET official CSV history
2010-02-17,1662.82,1441.51,951.95,OPINET official CSV history
2010-02-18,1661.81,1440.59,952.27,OPINET official CSV history
2010-02-19,1662.05,1440.9,952.03,OPINET official CSV history
2010-02-20,1662.17,1440.92,951.91,OPINET official CSV history
2010-02-21,1662.26,1441.0,952.17,OPINET official CSV history
2010-02-22,1662.26,1440.88,951.9,OPINET official CSV history
2010-02-23,1664.24,1442.45,952.01,OPINET official CSV history
2010-02-24,1665.32,1443.68,951.63,OPINET official CSV history
2010-02-25,1665.58,1443.84,952.12,OPINET official CSV history
2010-02-26,1666.58,1445.17,952.21,OPINET official CSV history
2010-02-27,1667.11,1445.58,951.91,OPINET official CSV history
2010-02-28,1667.7,1446.28,952.85,OPINET official CSV history
2010-03-01,1668.22,1446.61,984.99,OPINET official CSV history
2010-03-02,1669.96,1448.29,986.12,OPINET official CSV history
2010-03-03,1671.91,1450.28,986.59,OPINET official CSV history
2010-03-04,1674.07,1452.04,986.39,OPINET official CSV history
2010-03-05,1675.76,1454.54,986.29,OPINET official CSV history
2010-03-06,1677.25,1456.08,986.08,OPINET official CSV history
2010-03-07,1678.23,1457.19,986.14,OPINET official CSV history
2010-03-08,1679.13,1457.83,986.38,OPINET official CSV history
2010-03-09,1680.77,1459.04,986.17,OPINET official CSV history
2010-03-10,1682.54,1460.79,986.34,OPINET official CSV history
2010-03-11,1683.33,1461.55,986.47,OPINET official CSV history
2010-03-12,1685.31,1463.82,986.25,OPINET official CSV history
2010-03-13,1687.7,1466.05,986.43,OPINET official CSV history
2010-03-14,1688.62,1467.2,986.39,OPINET official CSV history
2010-03-15,1689.96,1468.32,986.35,OPINET official CSV history
2010-03-16,1693.25,1471.27,986.36,OPINET official CSV history
2010-03-17,1695.99,1474.02,986.29,OPINET official CSV history
2010-03-18,1697.2,1474.97,986.63,OPINET official CSV history
2010-03-19,1698.95,1476.91,986.49,OPINET official CSV history
2010-03-20,1700.25,1478.05,986.49,OPINET official CSV history
2010-03-21,1701.15,1478.84,986.3,OPINET official CSV history
2010-03-22,1701.8,1479.42,986.38,OPINET official CSV history
2010-03-23,1702.46,1479.93,986.28,OPINET official CSV history
2010-03-24,1703.77,1481.19,986.28,OPINET official CSV history
2010-03-25,1704.13,1481.31,986.52,OPINET official CSV history
2010-03-26,1704.94,1482.19,986.48,OPINET official CSV history
2010-03-27,1705.85,1482.89,986.58,OPINET official CSV history
2010-03-28,1706.32,1483.34,986.51,OPINET official CSV history
2010-03-29,1706.4,1483.22,986.74,OPINET official CSV history
2010-03-30,1706.08,1482.96,986.75,OPINET official CSV history
2010-03-31,1706.59,1483.25,985.54,OPINET official CSV history
2010-04-01,1706.15,1482.78,966.66,OPINET official CSV history
2010-04-02,1707.18,1483.97,966.48,OPINET official CSV history
2010-04-03,1707.49,1484.29,966.32,OPINET official CSV history
2010-04-04,1707.91,1484.61,966.47,OPINET official CSV history
2010-04-05,1708.04,1484.72,966.3,OPINET official CSV history
2010-04-06,1709.68,1486.39,966.4,OPINET official CSV history
2010-04-07,1711.15,1488.02,966.55,OPINET official CSV history
2010-04-08,1711.95,1488.9,966.31,OPINET official CSV history
2010-04-09,1714.05,1491.52,966.47,OPINET official CSV history
2010-04-10,1715.69,1493.47,966.51,OPINET official CSV history
2010-04-11,1716.84,1494.84,966.4,OPINET official CSV history
2010-04-12,1718.13,1496.39,966.33,OPINET official CSV history
2010-04-13,1722.45,1503.55,966.47,OPINET official CSV history
2010-04-14,1726.16,1509.05,966.52,OPINET official CSV history
2010-04-15,1728.67,1512.54,966.31,OPINET official CSV history
2010-04-16,1730.97,1515.93,966.47,OPINET official CSV history
2010-04-17,1732.74,1518.36,966.48,OPINET official CSV history
2010-04-18,1733.63,1519.57,966.23,OPINET official CSV history
2010-04-19,1734.41,1520.38,966.21,OPINET official CSV history
2010-04-20,1734.48,1521.05,966.47,OPINET official CSV history
2010-04-21,1735.38,1522.27,966.36,OPINET official CSV history
2010-04-22,1735.43,1522.65,966.5,OPINET official CSV history
2010-04-23,1736.05,1523.48,966.45,OPINET official CSV history
2010-04-24,1736.38,1523.91,966.3,OPINET official CSV history
2010-04-25,1736.75,1524.38,966.32,OPINET official CSV history
2010-04-26,1736.68,1524.27,966.33,OPINET official CSV history
2010-04-27,1735.85,1523.34,966.47,OPINET official CSV history
2010-04-28,1735.69,1523.35,966.49,OPINET official CSV history
2010-04-29,1735.53,1523.18,966.3,OPINET official CSV history
2010-04-30,1735.53,1523.39,965.37,OPINET official CSV history
2010-05-01,1735.98,1523.88,953.58,OPINET official CSV history
2010-05-02,1736.08,1523.9,953.8,OPINET official CSV history
2010-05-03,1736.01,1523.91,953.67,OPINET official CSV history
2010-05-04,1737.28,1525.42,953.93,OPINET official CSV history
2010-05-05,1738.02,1526.3,953.89,OPINET official CSV history
2010-05-06,1738.01,1526.27,953.74,OPINET official CSV history
2010-05-07,1738.08,1526.53,953.85,OPINET official CSV history
2010-05-08,1738.28,1526.77,953.86,OPINET official CSV history
2010-05-09,1738.46,1526.86,953.76,OPINET official CSV history
2010-05-10,1738.23,1526.56,953.94,OPINET official CSV history
2010-05-11,1737.68,1526.45,953.94,OPINET official CSV history
2010-05-12,1737.82,1526.77,953.9,OPINET official CSV history
2010-05-13,1737.43,1526.4,953.89,OPINET official CSV history
2010-05-14,1737.21,1526.5,953.69,OPINET official CSV history
2010-05-15,1736.99,1526.38,953.9,OPINET official CSV history
2010-05-16,1737.07,1526.5,953.71,OPINET official CSV history
2010-05-17,1736.7,1526.05,953.95,OPINET official CSV history
2010-05-18,1734.87,1524.76,953.75,OPINET official CSV history
2010-05-19,1733.19,1523.11,953.17,OPINET official CSV history
2010-05-20,1732.46,1522.63,953.02,OPINET official CSV history
2010-05-21,1731.83,1522.18,953.09,OPINET official CSV history
2010-05-22,1731.62,1521.99,953.11,OPINET official CSV history
2010-05-23,1731.37,1521.79,953.06,OPINET official CSV history
2010-05-24,1730.66,1521.25,952.88,OPINET official CSV history
2010-05-25,1727.69,1518.18,953.03,OPINET official CSV history
2010-05-26,1725.26,1515.9,953.05,OPINET official CSV history
2010-05-27,1722.92,1514.08,953.19,OPINET official CSV history
2010-05-28,1720.6,1511.89,953.06,OPINET official CSV history
2010-05-29,1718.71,1510.39,953.0,OPINET official CSV history
2010-05-30,1717.78,1509.6,952.98,OPINET official CSV history
2010-05-31,1716.34,1508.47,952.96,OPINET official CSV history
2010-06-01,1714.62,1507.21,953.07,OPINET official CSV history
2010-06-02,1713.45,1506.1,953.22,OPINET official CSV history
2010-06-03,1712.39,1505.27,953.02,OPINET official CSV history
2010-06-04,1711.47,1504.65,953.31,OPINET official CSV history
2010-06-05,1710.74,1504.05,953.23,OPINET official CSV history
2010-06-06,1710.49,1503.7,953.0,OPINET official CSV history
2010-06-07,1709.87,1503.39,953.24,OPINET official CSV history
2010-06-08,1710.49,1504.18,953.19,OPINET official CSV history
2010-06-09,1710.25,1504.03,953.18,OPINET official CSV history
2010-06-10,1710.08,1503.94,953.11,OPINET official CSV history
2010-06-11,1710.14,1504.16,953.13,OPINET official CSV history
2010-06-12,1710.25,1504.13,953.11,OPINET official CSV history
2010-06-13,1710.33,1504.24,952.89,OPINET official CSV history
2010-06-14,1710.49,1504.41,953.06,OPINET official CSV history
2010-06-15,1711.59,1505.28,953.07,OPINET official CSV history
2010-06-16,1712.16,1505.93,953.07,OPINET official CSV history
2010-06-17,1712.48,1506.25,953.02,OPINET official CSV history
2010-06-18,1712.93,1506.85,952.97,OPINET official CSV history
2010-06-19,1713.46,1507.24,953.06,OPINET official CSV history
2010-06-20,1713.7,1507.48,952.95,OPINET official CSV history
2010-06-21,1714.46,1508.3,953.07,OPINET official CSV history
2010-06-22,1717.78,1511.72,953.02,OPINET official CSV history
2010-06-23,1719.77,1513.64,953.01,OPINET official CSV history
2010-06-24,1721.12,1515.16,952.89,OPINET official CSV history
2010-06-25,1722.31,1517.5,952.81,OPINET official CSV history
2010-06-26,1723.29,1518.44,952.72,OPINET official CSV history
2010-06-27,1723.79,1518.91,952.69,OPINET official CSV history
2010-06-28,1724.58,1518.86,952.7,OPINET official CSV history
2010-06-29,1724.64,1519.42,952.73,OPINET official CSV history
2010-06-30,1725.05,1520.21,953.71,OPINET official CSV history
2010-07-01,1726.0,1521.36,975.27,OPINET official CSV history
2010-07-02,1726.36,1521.75,977.33,OPINET official CSV history
2010-07-03,1726.62,1522.02,977.21,OPINET official CSV history
2010-07-04,1726.72,1522.15,977.3,OPINET official CSV history
2010-07-05,1726.8,1522.35,977.47,OPINET official CSV history
2010-07-06,1726.35,1521.84,977.26,OPINET official CSV history
2010-07-07,1725.96,1521.43,977.5,OPINET official CSV history
2010-07-08,1725.75,1521.26,977.41,OPINET official CSV history
2010-07-09,1725.43,1521.09,977.62,OPINET official CSV history
2010-07-10,1725.24,1520.86,977.75,OPINET official CSV history
2010-07-11,1725.13,1520.74,977.45,OPINET official CSV history
2010-07-12,1724.93,1520.61,977.61,OPINET official CSV history
2010-07-13,1723.72,1519.52,977.57,OPINET official CSV history
2010-07-14,1722.99,1518.83,977.54,OPINET official CSV history
2010-07-15,1722.44,1518.37,977.6,OPINET official CSV history
2010-07-16,1721.97,1517.91,977.5,OPINET official CSV history
2010-07-17,1721.55,1517.51,977.43,OPINET official CSV history
2010-07-18,1721.27,1517.32,977.41,OPINET official CSV history
2010-07-19,1720.65,1516.63,977.5,OPINET official CSV history
2010-07-20,1720.54,1516.44,977.45,OPINET official CSV history
2010-07-21,1720.16,1516.06,977.6,OPINET official CSV history
2010-07-22,1719.76,1515.65,977.62,OPINET official CSV history
2010-07-23,1719.45,1515.36,977.49,OPINET official CSV history
2010-07-24,1719.28,1515.17,977.52,OPINET official CSV history
2010-07-25,1719.11,1515.06,977.5,OPINET official CSV history
2010-07-26,1718.9,1514.82,977.58,OPINET official CSV history
2010-07-27,1718.89,1514.92,977.58,OPINET official CSV history
2010-07-28,1718.64,1514.66,977.57,OPINET official CSV history
2010-07-29,1718.4,1514.52,977.53,OPINET official CSV history
2010-07-30,1718.21,1514.22,977.61,OPINET official CSV history
2010-07-31,1718.04,1514.0,976.18,OPINET official CSV history
2010-08-01,1717.78,1513.68,946.5,OPINET official CSV history
2010-08-02,1717.42,1513.35,944.66,OPINET official CSV history
2010-08-03,1716.93,1512.87,943.89,OPINET official CSV history
2010-08-04,1716.66,1512.57,943.06,OPINET official CSV history
2010-08-05,1716.51,1512.4,941.19,OPINET official CSV history
2010-08-06,1716.89,1512.84,941.06,OPINET official CSV history
2010-08-07,1716.9,1512.77,941.01,OPINET official CSV history
2010-08-08,1716.96,1512.74,941.03,OPINET official CSV history
2010-08-09,1717.11,1513.01,941.17,OPINET official CSV history
2010-08-10,1718.16,1514.91,940.88,OPINET official CSV history
2010-08-11,1718.63,1515.78,940.83,OPINET official CSV history
2010-08-12,1719.07,1516.49,940.97,OPINET official CSV history
2010-08-13,1719.18,1516.65,940.99,OPINET official CSV history
2010-08-14,1719.27,1516.79,940.93,OPINET official CSV history
2010-08-15,1719.26,1516.76,940.81,OPINET official CSV history
2010-08-16,1719.25,1516.84,940.92,OPINET official CSV history
2010-08-17,1718.17,1515.54,941.11,OPINET official CSV history
2010-08-18,1717.29,1514.67,940.88,OPINET official CSV history
2010-08-19,1716.87,1514.25,940.95,OPINET official CSV history
2010-08-20,1716.55,1513.93,940.92,OPINET official CSV history
2010-08-21,1716.22,1513.69,940.83,OPINET official CSV history
2010-08-22,1716.03,1513.41,940.75,OPINET official CSV history
2010-08-23,1715.62,1513.12,940.73,OPINET official CSV history
2010-08-24,1713.94,1511.42,940.81,OPINET official CSV history
2010-08-25,1712.95,1510.52,940.9,OPINET official CSV history
2010-08-26,1712.18,1509.8,940.89,OPINET official CSV history
2010-08-27,1711.43,1509.16,940.95,OPINET official CSV history
2010-08-28,1710.76,1508.43,940.79,OPINET official CSV history
2010-08-29,1710.35,1508.03,940.72,OPINET official CSV history
2010-08-30,1709.56,1507.42,940.81,OPINET official CSV history
2010-08-31,1707.74,1505.66,938.9,OPINET official CSV history
2010-09-01,1705.45,1503.47,904.52,OPINET official CSV history
2010-09-02,1704.11,1502.26,902.92,OPINET official CSV history
2010-09-03,1703.17,1501.43,901.99,OPINET official CSV history
2010-09-04,1702.49,1500.84,901.43,OPINET official CSV history
2010-09-05,1702.18,1500.53,901.35,OPINET official CSV history
2010-09-06,1701.74,1501.14,901.03,OPINET official CSV history
2010-09-07,1702.18,1500.47,900.69,OPINET official CSV history
2010-09-08,1701.87,1500.17,900.71,OPINET official CSV history
2010-09-09,1701.42,1499.87,900.96,OPINET official CSV history
2010-09-10,1701.16,1499.85,900.83,OPINET official CSV history
2010-09-11,1701.01,1499.62,900.67,OPINET official CSV history
2010-09-12,1700.84,1499.46,900.94,OPINET official CSV history
2010-09-13,1700.7,1499.43,900.69,OPINET official CSV history
2010-09-14,1700.27,1499.02,900.66,OPINET official CSV history
2010-09-15,1699.77,1498.7,900.68,OPINET official CSV history
2010-09-16,1699.64,1498.51,900.62,OPINET official CSV history
2010-09-17,1699.6,1498.52,900.89,OPINET official CSV history
2010-09-18,1699.51,1498.42,900.51,OPINET official CSV history
2010-09-19,1699.41,1498.26,900.43,OPINET official CSV history
2010-09-20,1699.41,1498.43,900.55,OPINET official CSV history
2010-09-21,1699.48,1498.49,900.64,OPINET official CSV history
2010-09-22,1699.44,1498.51,900.58,OPINET official CSV history
2010-09-23,1699.49,1498.43,900.52,OPINET official CSV history
2010-09-24,1699.38,1498.54,900.53,OPINET official CSV history
2010-09-25,1699.16,1498.37,900.47,OPINET official CSV history
2010-09-26,1699.1,1498.23,900.36,OPINET official CSV history
2010-09-27,1698.74,1498.01,900.45,OPINET official CSV history
2010-09-28,1697.65,1497.19,900.46,OPINET official CSV history
2010-09-29,1696.9,1496.62,900.51,OPINET official CSV history
2010-09-30,1696.36,1496.2,901.72,OPINET official CSV history
2010-10-01,1695.32,1495.34,935.74,OPINET official CSV history
2010-10-02,1694.86,1494.87,935.97,OPINET official CSV history
2010-10-03,1694.67,1494.68,936.18,OPINET official CSV history
2010-10-04,1694.38,1494.51,937.63,OPINET official CSV history
2010-10-05,1694.44,1494.59,937.67,OPINET official CSV history
2010-10-06,1694.08,1494.26,937.87,OPINET official CSV history
2010-10-07,1693.85,1494.02,937.85,OPINET official CSV history
2010-10-08,1693.69,1494.12,937.76,OPINET official CSV history
2010-10-09,1693.62,1494.09,937.93,OPINET official CSV history
2010-10-10,1693.73,1494.11,937.75,OPINET official CSV history
2010-10-11,1693.87,1494.35,937.92,OPINET official CSV history
2010-10-12,1695.74,1496.12,937.77,OPINET official CSV history
2010-10-13,1696.79,1497.0,937.76,OPINET official CSV history
2010-10-14,1697.33,1497.72,937.8,OPINET official CSV history
2010-10-15,1698.06,1498.47,937.51,OPINET official CSV history
2010-10-16,1698.87,1499.36,937.54,OPINET official CSV history
2010-10-17,1699.36,1499.83,937.43,OPINET official CSV history
2010-10-18,1700.16,1500.73,937.58,OPINET official CSV history
2010-10-19,1701.75,1502.02,937.49,OPINET official CSV history
2010-10-20,1702.82,1503.05,937.54,OPINET official CSV history
2010-10-21,1703.64,1503.94,937.59,OPINET official CSV history
2010-10-22,1704.27,1504.7,937.57,OPINET official CSV history
2010-10-23,1704.81,1505.24,937.51,OPINET official CSV history
2010-10-24,1705.17,1505.4,937.52,OPINET official CSV history
2010-10-25,1705.71,1506.16,937.57,OPINET official CSV history
2010-10-26,1705.8,1506.25,937.55,OPINET official CSV history
2010-10-27,1706.08,1506.6,937.55,OPINET official CSV history
2010-10-28,1706.39,1506.92,937.57,OPINET official CSV history
2010-10-29,1706.59,1507.16,937.53,OPINET official CSV history
2010-10-30,1706.72,1507.27,937.6,OPINET official CSV history
2010-10-31,1706.77,1507.3,937.14,OPINET official CSV history
2010-11-01,1707.06,1507.62,931.84,OPINET official CSV history
2010-11-02,1707.23,1507.91,931.63,OPINET official CSV history
2010-11-03,1707.28,1507.85,931.52,OPINET official CSV history
2010-11-04,1707.32,1507.94,931.46,OPINET official CSV history
2010-11-05,1707.42,1508.11,931.42,OPINET official CSV history
2010-11-06,1707.51,1508.25,931.34,OPINET official CSV history
2010-11-07,1707.62,1508.21,931.34,OPINET official CSV history
2010-11-08,1707.79,1508.52,931.42,OPINET official CSV history
2010-11-09,1708.46,1509.18,931.3,OPINET official CSV history
2010-11-10,1708.86,1509.61,931.26,OPINET official CSV history
2010-11-11,1709.31,1510.02,931.29,OPINET official CSV history
2010-11-12,1710.37,1511.15,931.36,OPINET official CSV history
2010-11-13,1711.23,1511.95,931.31,OPINET official CSV history
2010-11-14,1711.67,1512.36,931.22,OPINET official CSV history
2010-11-15,1712.54,1513.33,931.23,OPINET official CSV history
2010-11-16,1715.68,1517.58,931.19,OPINET official CSV history
2010-11-17,1718.1,1520.49,931.38,OPINET official CSV history
2010-11-18,1719.81,1522.57,931.35,OPINET official CSV history
2010-11-19,1720.95,1523.94,931.21,OPINET official CSV history
2010-11-20,1721.93,1525.04,931.32,OPINET official CSV history
2010-11-21,1722.4,1525.49,931.31,OPINET official CSV history
2010-11-22,1723.21,1526.41,931.24,OPINET official CSV history
2010-11-23,1724.27,1527.2,931.27,OPINET official CSV history
2010-11-24,1725.1,1527.97,931.32,OPINET official CSV history
2010-11-25,1726.01,1528.88,931.34,OPINET official CSV history
2010-11-26,1726.81,1529.65,931.24,OPINET official CSV history
2010-11-27,1727.36,1530.14,931.29,OPINET official CSV history
2010-11-28,1727.8,1530.46,931.22,OPINET official CSV history
2010-11-29,1728.34,1531.05,931.28,OPINET official CSV history
2010-11-30,1728.94,1531.49,931.51,OPINET official CSV history
2010-12-01,1730.03,1532.49,934.44,OPINET official CSV history
2010-12-02,1730.65,1533.05,970.31,OPINET official CSV history
2010-12-03,1731.63,1535.05,971.75,OPINET official CSV history
2010-12-04,1732.34,1534.6,971.55,OPINET official CSV history
2010-12-05,1732.65,1534.77,971.81,OPINET official CSV history
2010-12-06,1733.76,1535.81,972.11,OPINET official CSV history
2010-12-07,1740.42,1541.15,972.37,OPINET official CSV history
2010-12-08,1745.96,1546.0,973.8,OPINET official CSV history
2010-12-09,1750.41,1550.03,973.69,OPINET official CSV history
2010-12-10,1755.05,1554.26,973.89,OPINET official CSV history
2010-12-11,1758.44,1557.35,973.92,OPINET official CSV history
2010-12-12,1760.21,1559.01,973.91,OPINET official CSV history
2010-12-13,1762.88,1561.62,973.96,OPINET official CSV history
2010-12-14,1767.91,1566.56,973.85,OPINET official CSV history
2010-12-15,1771.59,1570.26,973.96,OPINET official CSV history
2010-12-16,1775.45,1574.01,974.03,OPINET official CSV history
2010-12-17,1778.39,1576.99,974.02,OPINET official CSV history
2010-12-18,1780.64,1579.03,973.9,OPINET official CSV history
2010-12-19,1782.12,1580.22,973.71,OPINET official CSV history
2010-12-20,1784.06,1582.27,973.74,OPINET official CSV history
2010-12-21,1786.94,1584.84,973.78,OPINET official CSV history
2010-12-22,1789.76,1587.61,973.74,OPINET official CSV history
2010-12-23,1792.84,1590.64,974.0,OPINET official CSV history
2010-12-24,1795.58,1593.37,974.08,OPINET official CSV history
2010-12-25,1797.84,1595.33,974.01,OPINET official CSV history
2010-12-26,1798.97,1596.45,974.02,OPINET official CSV history
2010-12-27,1801.04,1598.55,974.2,OPINET official CSV history
2010-12-28,1805.42,1602.39,974.11,OPINET official CSV history
2010-12-29,1808.27,1605.08,974.08,OPINET official CSV history
2010-12-30,1810.71,1607.42,974.11,OPINET official CSV history
2010-12-31,1812.65,1609.34,975.38,OPINET official CSV history
2011-01-01,1814.57,1611.14,1058.89,OPINET official CSV history
2011-01-02,1815.24,1611.79,1067.92,OPINET official CSV history
2011-01-03,1816.15,1612.85,1068.03,OPINET official CSV history
2011-01-04,1817.48,1614.02,1067.68,OPINET official CSV history
2011-01-05,1818.53,1615.0,1067.93,OPINET official CSV history
2011-01-06,1819.44,1615.81,1068.23,OPINET official CSV history
2011-01-07,1820.66,1616.9,1068.29,OPINET official CSV history
2011-01-08,1821.42,1617.52,1068.07,OPINET official CSV history
2011-01-09,1821.76,1617.75,1067.98,OPINET official CSV history
2011-01-10,1822.35,1618.36,1068.07,OPINET official CSV history
2011-01-11,1822.67,1618.7,1068.09,OPINET official CSV history
2011-01-12,1823.22,1619.1,1068.18,OPINET official CSV history
2011-01-13,1823.81,1619.62,1068.45,OPINET official CSV history
2011-01-14,1824.36,1620.19,1068.52,OPINET official CSV history
2011-01-15,1824.58,1620.32,1068.4,OPINET official CSV history
2011-01-16,1824.75,1620.53,1068.28,OPINET official CSV history
2011-01-17,1825.26,1621.16,1068.65,OPINET official CSV history
2011-01-18,1826.64,1622.69,1068.51,OPINET official CSV history
2011-01-19,1827.39,1623.53,1068.37,OPINET official CSV history
2011-01-20,1828.05,1624.21,1068.6,OPINET official CSV history
2011-01-21,1828.58,1624.78,1068.48,OPINET official CSV history
2011-01-22,1829.07,1625.2,1068.81,OPINET official CSV history
2011-01-23,1829.3,1625.21,1068.62,OPINET official CSV history
2011-01-24,1829.69,1625.81,1068.83,OPINET official CSV history
2011-01-25,1830.89,1627.44,1068.73,OPINET official CSV history
2011-01-26,1831.61,1628.4,1068.18,OPINET official CSV history
2011-01-27,1832.5,1629.49,1068.78,OPINET official CSV history
2011-01-28,1833.39,1630.53,1068.64,OPINET official CSV history
2011-01-29,1834.21,1631.24,1068.54,OPINET official CSV history
2011-01-30,1834.62,1631.66,1068.36,OPINET official CSV history
2011-01-31,1835.48,1632.73,1068.47,OPINET official CSV history
2011-02-01,1836.57,1634.49,1068.44,OPINET official CSV history
2011-02-02,1837.34,1635.33,1068.48,OPINET official CSV history
2011-02-03,1837.61,1635.65,1068.51,OPINET official CSV history
2011-02-04,1837.94,1635.93,1068.48,OPINET official CSV history
2011-02-05,1838.18,1636.18,1068.39,OPINET official CSV history
2011-02-06,1838.34,1636.35,1068.58,OPINET official CSV history
2011-02-07,1839.01,1637.18,1068.55,OPINET official CSV history
2011-02-08,1842.0,1640.42,1068.41,OPINET official CSV history
2011-02-09,1844.45,1643.12,1068.75,OPINET official CSV history
2011-02-10,1846.41,1645.57,1068.67,OPINET official CSV history
2011-02-11,1847.81,1647.39,1068.96,OPINET official CSV history
2011-02-12,1848.82,1648.49,1069.04,OPINET official CSV history
2011-02-13,1849.26,1649.0,1068.9,OPINET official CSV history
2011-02-14,1849.95,1650.02,1068.88,OPINET official CSV history
2011-02-15,1850.25,1651.81,1068.67,OPINET official CSV history
2011-02-16,1850.77,1652.85,1068.87,OPINET official CSV history
2011-02-17,1851.25,1653.52,1068.88,OPINET official CSV history
2011-02-18,1851.89,1654.64,1069.11,OPINET official CSV history
2011-02-19,1852.51,1655.45,1069.06,OPINET official CSV history
2011-02-20,1852.87,1655.91,1068.74,OPINET official CSV history
2011-02-21,1853.59,1658.15,1068.95,OPINET official CSV history
2011-02-22,1856.39,1662.41,1068.91,OPINET official CSV history
2011-02-23,1858.95,1664.82,1069.05,OPINET official CSV history
2011-02-24,1861.79,1668.51,1069.12,OPINET official CSV history
2011-02-25,1864.57,1671.5,1069.05,OPINET official CSV history
2011-02-26,1866.6,1673.61,1068.97,OPINET official CSV history
2011-02-27,1867.5,1674.48,1069.02,OPINET official CSV history
2011-02-28,1869.75,1677.12,1069.16,OPINET official CSV history
2011-03-01,1877.24,1684.26,1069.18,OPINET official CSV history
2011-03-02,1886.0,1693.06,1069.2,OPINET official CSV history
2011-03-03,1891.78,1698.87,1068.75,OPINET official CSV history
2011-03-04,1897.1,1704.46,1068.86,OPINET official CSV history
2011-03-05,1901.83,1709.07,1068.91,OPINET official CSV history
2011-03-06,1904.1,1711.15,1068.7,OPINET official CSV history
2011-03-07,1908.06,1715.67,1068.62,OPINET official CSV history
2011-03-08,1916.81,1726.4,1068.76,OPINET official CSV history
2011-03-09,1923.71,1734.78,1069.16,OPINET official CSV history
2011-03-10,1930.22,1742.71,1068.89,OPINET official CSV history
2011-03-11,1935.47,1749.06,1069.08,OPINET official CSV history
2011-03-12,1939.45,1753.27,1068.71,OPINET official CSV history
2011-03-13,1941.03,1754.99,1068.52,OPINET official CSV history
2011-03-14,1943.63,1758.26,1068.91,OPINET official CSV history
2011-03-15,1946.71,1762.64,1068.87,OPINET official CSV history
2011-03-16,1949.07,1765.54,1068.89,OPINET official CSV history
2011-03-17,1951.28,1768.33,1068.88,OPINET official CSV history
2011-03-18,1953.45,1771.15,1069.02,OPINET official CSV history
2011-03-19,1955.29,1773.5,1068.83,OPINET official CSV history
2011-03-20,1956.27,1774.62,1068.87,OPINET official CSV history
2011-03-21,1957.93,1777.13,1069.01,OPINET official CSV history
2011-03-22,1959.15,1781.33,1068.86,OPINET official CSV history
2011-03-23,1960.24,1784.07,1068.72,OPINET official CSV history
2011-03-24,1961.44,1786.43,1069.02,OPINET official CSV history
2011-03-25,1962.76,1788.55,1068.85,OPINET official CSV history
2011-03-26,1963.67,1790.1,1068.74,OPINET official CSV history
2011-03-27,1964.15,1790.78,1068.8,OPINET official CSV history
2011-03-28,1965.12,1792.4,1068.94,OPINET official CSV history
2011-03-29,1968.1,1795.25,1068.81,OPINET official CSV history
2011-03-30,1969.17,1796.87,1068.89,OPINET official CSV history
2011-03-31,1969.79,1798.01,1068.98,OPINET official CSV history
2011-04-01,1970.48,1799.56,1068.81,OPINET official CSV history
2011-04-02,1970.9,1800.4,1068.69,OPINET official CSV history
2011-04-03,1971.06,1800.77,1068.5,OPINET official CSV history
2011-04-04,1971.28,1801.41,1068.67,OPINET official CSV history
2011-04-05,1971.37,1801.84,1068.4,OPINET official CSV history
2011-04-06,1970.92,1801.62,1068.5,OPINET official CSV history
2011-04-07,1955.8,1788.45,1068.53,OPINET official CSV history
2011-04-08,1949.64,1784.32,1068.45,OPINET official CSV history
2011-04-09,1946.93,1782.77,1068.3,OPINET official CSV history
2011-04-10,1945.99,1782.09,1068.16,OPINET official CSV history
2011-04-11,1943.65,1781.08,1068.56,OPINET official CSV history
2011-04-12,1945.13,1784.61,1068.31,OPINET official CSV history
2011-04-13,1944.77,1785.44,1067.97,OPINET official CSV history
2011-04-14,1944.59,1786.6,1068.37,OPINET official CSV history
2011-04-15,1944.45,1787.66,1068.27,OPINET official CSV history
2011-04-16,1944.53,1788.78,1068.21,OPINET official CSV history
2011-04-17,1944.61,1789.18,1068.05,OPINET official CSV history
2011-04-18,1944.69,1790.13,1068.05,OPINET official CSV history
2011-04-19,1945.97,1792.02,1068.23,OPINET official CSV history
2011-04-20,1946.5,1793.58,1068.0,OPINET official CSV history
2011-04-21,1946.76,1794.59,1068.25,OPINET official CSV history
2011-04-22,1946.91,1795.48,1068.56,OPINET official CSV history
2011-04-23,1946.85,1796.02,1067.87,OPINET official CSV history
2011-04-24,1946.94,1796.24,1068.19,OPINET official CSV history
2011-04-25,1946.88,1796.83,1068.29,OPINET official CSV history
2011-04-26,1946.84,1796.62,1068.2,OPINET official CSV history
2011-04-27,1946.58,1796.56,1068.21,OPINET official CSV history
2011-04-28,1946.2,1796.45,1068.3,OPINET official CSV history
2011-04-29,1946.05,1796.45,1068.16,OPINET official CSV history
2011-04-30,1945.94,1796.29,1068.94,OPINET official CSV history
2011-05-01,1945.74,1796.21,1071.53,OPINET official CSV history
2011-05-02,1945.82,1796.18,1068.63,OPINET official CSV history
2011-05-03,1949.37,1796.49,1068.42,OPINET official CSV history
2011-05-04,1950.58,1796.62,1068.4,OPINET official CSV history
2011-05-05,1951.16,1796.76,1068.3,OPINET official CSV history
2011-05-06,1951.6,1796.75,1068.21,OPINET official CSV history
2011-05-07,1951.96,1796.77,1068.17,OPINET official CSV history
2011-05-08,1952.16,1796.73,1068.0,OPINET official CSV history
2011-05-09,1952.32,1796.6,1067.84,OPINET official CSV history
2011-05-10,1951.04,1793.96,1067.96,OPINET official CSV history
2011-05-11,1950.52,1792.8,1067.94,OPINET official CSV history
2011-05-12,1949.56,1790.71,1067.75,OPINET official CSV history
2011-05-13,1948.15,1787.82,1067.8,OPINET official CSV history
2011-05-14,1947.39,1785.79,1067.97,OPINET official CSV history
2011-05-15,1947.04,1784.87,1067.7,OPINET official CSV history
2011-05-16,1946.29,1783.11,1067.73,OPINET official CSV history
2011-05-17,1943.59,1778.22,1067.63,OPINET official CSV history
2011-05-18,1940.11,1772.25,1067.83,OPINET official CSV history
2011-05-19,1937.5,1767.27,1067.71,OPINET official CSV history
2011-05-20,1935.06,1762.75,1067.38,OPINET official CSV history
2011-05-21,1933.35,1759.31,1067.52,OPINET official CSV history
2011-05-22,1932.62,1757.85,1067.46,OPINET official CSV history
2011-05-23,1930.91,1754.54,1067.46,OPINET official CSV history
2011-05-24,1926.55,1749.77,1067.73,OPINET official CSV history
2011-05-25,1923.19,1745.71,1067.83,OPINET official CSV history
2011-05-26,1920.47,1742.22,1067.62,OPINET official CSV history
2011-05-27,1918.41,1739.59,1067.7,OPINET official CSV history
2011-05-28,1917.16,1737.94,1067.71,OPINET official CSV history
2011-05-29,1916.54,1736.77,1067.63,OPINET official CSV history
2011-05-30,1915.35,1735.38,1067.69,OPINET official CSV history
2011-05-31,1915.01,1734.45,1069.7,OPINET official CSV history
2011-06-01,1913.48,1732.01,1117.12,OPINET official CSV history
2011-06-02,1912.61,1730.75,1118.64,OPINET official CSV history
2011-06-03,1912.19,1730.24,1118.64,OPINET official CSV history
2011-06-04,1911.84,1730.02,1118.92,OPINET official CSV history
2011-06-05,1911.62,1729.53,1118.81,OPINET official CSV history
2011-06-06,1911.53,1729.38,1119.14,OPINET official CSV history
2011-06-07,1911.26,1729.63,1119.5,OPINET official CSV history
2011-06-08,1910.95,1729.45,1119.63,OPINET official CSV history
2011-06-09,1910.86,1729.4,1120.35,OPINET official CSV history
2011-06-10,1910.72,1729.3,1121.75,OPINET official CSV history
2011-06-11,1910.82,1729.45,1121.57,OPINET official CSV history
2011-06-12,1910.89,1729.4,1121.45,OPINET official CSV history
2011-06-13,1910.99,1729.64,1121.7,OPINET official CSV history
2011-06-14,1912.0,1731.15,1121.8,OPINET official CSV history
2011-06-15,1912.99,1732.63,1121.85,OPINET official CSV history
2011-06-16,1913.79,1733.64,1121.58,OPINET official CSV history
2011-06-17,1914.77,1735.41,1121.84,OPINET official CSV history
2011-06-18,1915.75,1736.8,1121.92,OPINET official CSV history
2011-06-19,1916.22,1737.39,1121.93,OPINET official CSV history
2011-06-20,1917.21,1738.96,1121.96,OPINET official CSV history
2011-06-21,1918.73,1741.63,1121.87,OPINET official CSV history
2011-06-22,1919.87,1743.57,1121.85,OPINET official CSV history
2011-06-23,1920.75,1745.0,1121.5,OPINET official CSV history
2011-06-24,1921.39,1746.06,1121.96,OPINET official CSV history
2011-06-25,1921.84,1746.62,1121.63,OPINET official CSV history
2011-06-26,1922.05,1746.84,1121.65,OPINET official CSV history
2011-06-27,1922.47,1747.25,1121.88,OPINET official CSV history
2011-06-28,1921.8,1746.28,1121.63,OPINET official CSV history
2011-06-29,1921.57,1745.87,1121.95,OPINET official CSV history
2011-06-30,1921.43,1745.98,1121.09,OPINET official CSV history
2011-07-01,1921.22,1745.63,1103.45,OPINET official CSV history
2011-07-02,1921.46,1745.78,1101.58,OPINET official CSV history
2011-07-03,1921.63,1745.86,1101.33,OPINET official CSV history
2011-07-04,1921.62,1746.12,1101.12,OPINET official CSV history
2011-07-05,1921.5,1745.8,1100.86,OPINET official CSV history
2011-07-06,1921.86,1746.19,1100.44,OPINET official CSV history
2011-07-07,1919.33,1743.61,1100.56,OPINET official CSV history
2011-07-08,1920.5,1744.18,1100.39,OPINET official CSV history
2011-07-09,1921.61,1744.8,1100.2,OPINET official CSV history
2011-07-10,1922.07,1744.92,1100.28,OPINET official CSV history
2011-07-11,1923.2,1745.6,1099.57,OPINET official CSV history
2011-07-12,1928.16,1748.98,1099.41,OPINET official CSV history
2011-07-13,1931.04,1751.05,1099.67,OPINET official CSV history
2011-07-14,1932.89,1752.15,1099.68,OPINET official CSV history
2011-07-15,1934.8,1753.44,1099.47,OPINET official CSV history
2011-07-16,1936.27,1754.31,1099.56,OPINET official CSV history
2011-07-17,1937.18,1754.8,1099.76,OPINET official CSV history
2011-07-18,1938.52,1755.88,1099.65,OPINET official CSV history
2011-07-19,1940.56,1757.67,1099.56,OPINET official CSV history
2011-07-20,1942.0,1758.91,1099.59,OPINET official CSV history
2011-07-21,1943.28,1760.01,1099.74,OPINET official CSV history
2011-07-22,1944.41,1760.93,1099.26,OPINET official CSV history
2011-07-23,1945.33,1761.61,1099.34,OPINET official CSV history
2011-07-24,1945.8,1761.93,1099.33,OPINET official CSV history
2011-07-25,1946.74,1762.85,1099.25,OPINET official CSV history
2011-07-26,1947.38,1763.63,1099.31,OPINET official CSV history
2011-07-27,1948.06,1764.43,1099.33,OPINET official CSV history
2011-07-28,1948.79,1765.25,1099.19,OPINET official CSV history
2011-07-29,1949.58,1766.06,1099.4,OPINET official CSV history
2011-07-30,1950.25,1766.62,1099.2,OPINET official CSV history
2011-07-31,1950.68,1766.94,1098.63,OPINET official CSV history
2011-08-01,1951.48,1767.73,1083.8,OPINET official CSV history
2011-08-02,1952.44,1768.25,1083.02,OPINET official CSV history
2011-08-03,1953.18,1768.74,1082.47,OPINET official CSV history
2011-08-04,1953.76,1769.09,1082.38,OPINET official CSV history
2011-08-05,1954.02,1769.26,1082.17,OPINET official CSV history
2011-08-06,1954.12,1769.28,1081.95,OPINET official CSV history
2011-08-07,1954.23,1769.2,1081.99,OPINET official CSV history
2011-08-08,1954.13,1769.17,1081.46,OPINET official CSV history
2011-08-09,1952.93,1767.99,1081.11,OPINET official CSV history
2011-08-10,1951.6,1766.12,1081.2,OPINET official CSV history
2011-08-11,1950.64,1764.88,1081.34,OPINET official CSV history
2011-08-12,1949.51,1763.53,1081.23,OPINET official CSV history
2011-08-13,1949.02,1762.75,1081.16,OPINET official CSV history
2011-08-14,1948.83,1762.37,1081.38,OPINET official CSV history
2011-08-15,1948.63,1762.08,1081.34,OPINET official CSV history
2011-08-16,1947.61,1760.69,1081.39,OPINET official CSV history
2011-08-17,1946.15,1758.85,1081.3,OPINET official CSV history
2011-08-18,1944.66,1756.96,1081.23,OPINET official CSV history
2011-08-19,1943.23,1755.26,1081.4,OPINET official CSV history
2011-08-20,1942.03,1753.81,1081.29,OPINET official CSV history
2011-08-21,1941.39,1752.83,1081.31,OPINET official CSV history
2011-08-22,1940.0,1751.24,1081.18,OPINET official CSV history
2011-08-23,1938.99,1749.66,1081.11,OPINET official CSV history
2011-08-24,1937.69,1748.11,1081.21,OPINET official CSV history
2011-08-25,1936.5,1746.61,1081.07,OPINET official CSV history
2011-08-26,1935.49,1745.25,1081.2,OPINET official CSV history
2011-08-27,1934.78,1744.27,1081.13,OPINET official CSV history
2011-08-28,1934.6,1743.83,1081.08,OPINET official CSV history
2011-08-29,1933.96,1743.18,1081.16,OPINET official CSV history
2011-08-30,1934.09,1742.54,1080.97,OPINET official CSV history
2011-08-31,1934.04,1742.35,1081.22,OPINET official CSV history
2011-09-01,1933.36,1741.03,1081.27,OPINET official CSV history
2011-09-02,1933.32,1740.53,1080.94,OPINET official CSV history
2011-09-03,1933.22,1740.15,1081.09,OPINET official CSV history
2011-09-04,1933.21,1739.86,1080.82,OPINET official CSV history
2011-09-05,1933.23,1739.85,1080.84,OPINET official CSV history
2011-09-06,1935.78,1741.21,1080.96,OPINET official CSV history
2011-09-07,1937.02,1741.68,1081.0,OPINET official CSV history
2011-09-08,1937.95,1742.21,1081.04,OPINET official CSV history
2011-09-09,1939.12,1742.86,1080.99,OPINET official CSV history
2011-09-10,1940.59,1743.67,1080.86,OPINET official CSV history
2011-09-11,1941.35,1743.96,1080.94,OPINET official CSV history
2011-09-12,1941.89,1744.25,1081.06,OPINET official CSV history
2011-09-13,1942.47,1744.47,1081.08,OPINET official CSV history
2011-09-14,1943.22,1744.87,1080.96,OPINET official CSV history
2011-09-15,1943.46,1745.05,1081.09,OPINET official CSV history
2011-09-16,1943.94,1745.37,1081.01,OPINET official CSV history
2011-09-17,1944.66,1745.57,1080.9,OPINET official CSV history
2011-09-18,1945.1,1745.63,1081.16,OPINET official CSV history
2011-09-19,1945.66,1746.1,1081.17,OPINET official CSV history
2011-09-20,1946.81,1746.92,1081.22,OPINET official CSV history
2011-09-21,1947.98,1747.82,1081.07,OPINET official CSV history
2011-09-22,1948.77,1748.35,1081.07,OPINET official CSV history
2011-09-23,1949.96,1749.22,1081.34,OPINET official CSV history
2011-09-24,1951.3,1750.08,1081.14,OPINET official CSV history
2011-09-25,1952.07,1750.53,1081.15,OPINET official CSV history
2011-09-26,1953.36,1751.76,1081.19,OPINET official CSV history
2011-09-27,1956.5,1754.36,1081.06,OPINET official CSV history
2011-09-28,1958.59,1756.2,1081.09,OPINET official CSV history
2011-09-29,1960.21,1757.61,1081.03,OPINET official CSV history
2011-09-30,1961.38,1758.67,1080.96,OPINET official CSV history
2011-10-01,1963.15,1759.88,1080.91,OPINET official CSV history
2011-10-02,1963.82,1760.43,1081.02,OPINET official CSV history
2011-10-03,1964.46,1761.02,1080.91,OPINET official CSV history
2011-10-04,1965.1,1761.93,1081.0,OPINET official CSV history
2011-10-05,1965.77,1762.55,1080.91,OPINET official CSV history
2011-10-06,1966.44,1763.22,1080.85,OPINET official CSV history
2011-10-07,1967.3,1764.12,1080.92,OPINET official CSV history
2011-10-08,1967.95,1764.63,1080.92,OPINET official CSV history
2011-10-09,1968.33,1764.9,1080.94,OPINET official CSV history
2011-10-10,1968.9,1765.5,1080.93,OPINET official CSV history
2011-10-11,1969.88,1766.18,1080.86,OPINET official CSV history
2011-10-12,1970.88,1767.09,1080.82,OPINET official CSV history
2011-10-13,1971.94,1767.96,1080.92,OPINET official CSV history
2011-10-14,1973.1,1768.93,1080.73,OPINET official CSV history
2011-10-15,1974.46,1769.89,1080.81,OPINET official CSV history
2011-10-16,1975.28,1770.48,1080.74,OPINET official CSV history
2011-10-17,1976.88,1771.83,1080.65,OPINET official CSV history
2011-10-18,1981.36,1774.43,1080.8,OPINET official CSV history
2011-10-19,1984.45,1776.53,1080.86,OPINET official CSV history
2011-10-20,1986.16,1777.87,1080.75,OPINET official CSV history
2011-10-21,1987.99,1779.23,1080.53,OPINET official CSV history
2011-10-22,1989.45,1780.32,1080.59,OPINET official CSV history
2011-10-23,1990.15,1780.75,1080.6,OPINET official CSV history
2011-10-24,1990.89,1781.48,1080.88,OPINET official CSV history
2011-10-25,1991.34,1783.67,1080.74,OPINET official CSV history
2011-10-26,1991.96,1784.43,1080.82,OPINET official CSV history
2011-10-27,1992.44,1783.76,1080.79,OPINET official CSV history
2011-10-28,1992.8,1784.19,1080.87,OPINET official CSV history
2011-10-29,1993.05,1784.3,1080.76,OPINET official CSV history
2011-10-30,1993.14,1784.25,1080.69,OPINET official CSV history
2011-10-31,1993.17,1784.45,1080.68,OPINET official CSV history
2011-11-01,1992.55,1785.16,1063.92,OPINET official CSV history
2011-11-02,1992.01,1785.0,1061.41,OPINET official CSV history
2011-11-03,1991.49,1784.91,1060.97,OPINET official CSV history
2011-11-04,1990.98,1784.71,1060.41,OPINET official CSV history
2011-11-05,1990.49,1784.45,1060.36,OPINET official CSV history
2011-11-06,1990.3,1784.26,1060.23,OPINET official CSV history
2011-11-07,1989.9,1784.09,1060.23,OPINET official CSV history
2011-11-08,1987.4,1782.81,1059.74,OPINET official CSV history
2011-11-09,1985.92,1782.15,1059.17,OPINET official CSV history
2011-11-10,1984.87,1781.74,1059.03,OPINET official CSV history
2011-11-11,1984.11,1781.83,1059.14,OPINET official CSV history
2011-11-12,1983.69,1781.86,1059.07,OPINET official CSV history
2011-11-13,1983.53,1781.91,1058.9,OPINET official CSV history
2011-11-14,1983.3,1782.17,1058.9,OPINET official CSV history
2011-11-15,1983.33,1784.88,1058.9,OPINET official CSV history
2011-11-16,1983.01,1786.39,1058.72,OPINET official CSV history
2011-11-17,1982.32,1787.87,1058.77,OPINET official CSV history
2011-11-18,1981.74,1788.72,1058.79,OPINET official CSV history
2011-11-19,1981.31,1789.44,1058.78,OPINET official CSV history
2011-11-20,1981.07,1789.77,1058.7,OPINET official CSV history
2011-11-21,1980.69,1790.33,1058.68,OPINET official CSV history
2011-11-22,1978.58,1792.21,1058.69,OPINET official CSV history
2011-11-23,1976.54,1793.5,1061.09,OPINET official CSV history
2011-11-24,1974.57,1794.45,1063.45,OPINET official CSV history
2011-11-25,1972.22,1794.94,1065.44,OPINET official CSV history
2011-11-26,1970.21,1795.52,1058.78,OPINET official CSV history
2011-11-27,1969.25,1795.65,1058.77,OPINET official CSV history
2011-11-28,1967.92,1795.96,1058.79,OPINET official CSV history
2011-11-29,1965.22,1795.22,1058.88,OPINET official CSV history
2011-11-30,1962.27,1794.52,1055.96,OPINET official CSV history
2011-12-01,1960.28,1795.08,1054.27,OPINET official CSV history
2011-12-02,1957.59,1795.11,1053.86,OPINET official CSV history
2011-12-03,1955.25,1794.99,1053.72,OPINET official CSV history
2011-12-04,1954.23,1794.85,1053.58,OPINET official CSV history
2011-12-05,1952.9,1794.96,1053.14,OPINET official CSV history
2011-12-06,1951.72,1794.95,1053.19,OPINET official CSV history
2011-12-07,1950.44,1794.85,1053.05,OPINET official CSV history
2011-12-08,1949.0,1794.84,1052.9,OPINET official CSV history
2011-12-09,1947.93,1794.85,1052.76,OPINET official CSV history
2011-12-10,1946.94,1794.89,1052.58,OPINET official CSV history
2011-12-11,1946.5,1794.74,1052.44,OPINET official CSV history
2011-12-12,1945.73,1794.8,1052.31,OPINET official CSV history
2011-12-13,1944.28,1794.27,1052.34,OPINET official CSV history
2011-12-14,1943.13,1793.85,1052.44,OPINET official CSV history
2011-12-15,1942.01,1793.53,1052.27,OPINET official CSV history
2011-12-16,1940.86,1793.0,1052.18,OPINET official CSV history
2011-12-17,1939.96,1792.49,1052.06,OPINET official CSV history
2011-12-18,1939.56,1792.11,1052.02,OPINET official CSV history
2011-12-19,1938.79,1791.93,1051.99,OPINET official CSV history
2011-12-20,1938.41,1791.35,1051.93,OPINET official CSV history
2011-12-21,1937.69,1790.88,1051.9,OPINET official CSV history
2011-12-22,1937.02,1790.39,1051.87,OPINET official CSV history
2011-12-23,1936.44,1790.11,1051.83,OPINET official CSV history
2011-12-24,1936.05,1789.89,1051.75,OPINET official CSV history
2011-12-25,1935.82,1789.61,1051.78,OPINET official CSV history
2011-12-26,1935.51,1789.5,1051.8,OPINET official CSV history
2011-12-27,1935.23,1789.14,1051.85,OPINET official CSV history
2011-12-28,1934.8,1788.79,1051.75,OPINET official CSV history
2011-12-29,1934.57,1788.58,1051.84,OPINET official CSV history
2011-12-30,1934.19,1788.24,1051.73,OPINET official CSV history
2011-12-31,1934.08,1788.1,1051.78,OPINET official CSV history
2012-01-01,1933.73,1789.24,1051.76,OPINET official CSV history
2012-01-02,1933.15,1788.86,1051.75,OPINET official CSV history
2012-01-03,1933.68,1787.53,1051.61,OPINET official CSV history
2012-01-04,1933.43,1787.26,1051.56,OPINET official CSV history
2012-01-05,1933.3,1786.99,1051.49,OPINET official CSV history
2012-01-06,1933.51,1787.04,1051.34,OPINET official CSV history
2012-01-07,1934.28,1787.59,1051.37,OPINET official CSV history
2012-01-08,1934.64,1787.79,1051.37,OPINET official CSV history
2012-01-09,1935.02,1788.12,1051.23,OPINET official CSV history
2012-01-10,1938.94,1791.23,1051.37,OPINET official CSV history
2012-01-11,1941.98,1793.65,1051.26,OPINET official CSV history
2012-01-12,1945.0,1796.16,1051.52,OPINET official CSV history
2012-01-13,1947.5,1798.17,1051.61,OPINET official CSV history
2012-01-14,1950.61,1800.83,1051.58,OPINET official CSV history
2012-01-15,1952.13,1801.89,1051.49,OPINET official CSV history
2012-01-16,1954.21,1803.76,1051.47,OPINET official CSV history
2012-01-17,1958.03,1807.46,1051.53,OPINET official CSV history
2012-01-18,1961.44,1810.59,1051.36,OPINET official CSV history
2012-01-19,1964.31,1813.36,1051.4,OPINET official CSV history
2012-01-20,1967.61,1816.31,1051.44,OPINET official CSV history
2012-01-21,1970.11,1818.39,1051.44,OPINET official CSV history
2012-01-22,1972.0,1819.73,1051.28,OPINET official CSV history
2012-01-23,1972.81,1820.23,1051.43,OPINET official CSV history
2012-01-24,1973.35,1820.6,1051.4,OPINET official CSV history
2012-01-25,1974.25,1821.34,1051.32,OPINET official CSV history
2012-01-26,1975.34,1822.23,1051.35,OPINET official CSV history
2012-01-27,1976.24,1822.96,1051.44,OPINET official CSV history
2012-01-28,1976.99,1823.21,1051.28,OPINET official CSV history
2012-01-29,1977.31,1823.44,1051.34,OPINET official CSV history
2012-01-30,1977.59,1823.8,1051.47,OPINET official CSV history
2012-01-31,1977.96,1823.53,1051.39,OPINET official CSV history
2012-02-01,1978.2,1823.04,1097.53,OPINET official CSV history
2012-02-02,1978.44,1823.12,1099.21,OPINET official CSV history
2012-02-03,1978.51,1823.18,1099.69,OPINET official CSV history
2012-02-04,1978.86,1823.19,1100.12,OPINET official CSV history
2012-02-05,1978.9,1823.25,1100.16,OPINET official CSV history
2012-02-06,1978.99,1823.39,1100.94,OPINET official CSV history
2012-02-07,1979.42,1823.49,1101.04,OPINET official CSV history
2012-02-08,1979.7,1823.69,1101.21,OPINET official CSV history
2012-02-09,1980.03,1823.9,1101.4,OPINET official CSV history
2012-02-10,1980.42,1824.09,1101.56,OPINET official CSV history
2012-02-11,1980.98,1824.47,1101.6,OPINET official CSV history
2012-02-12,1981.32,1824.58,1101.48,OPINET official CSV history
2012-02-13,1981.61,1824.86,1101.65,OPINET official CSV history
2012-02-14,1983.41,1826.9,1101.73,OPINET official CSV history
2012-02-15,1984.44,1827.69,1101.58,OPINET official CSV history
2012-02-16,1984.65,1828.32,1101.6,OPINET official CSV history
2012-02-17,1985.37,1828.83,1101.62,OPINET official CSV history
2012-02-18,1986.26,1830.7,1101.61,OPINET official CSV history
2012-02-19,1986.68,1830.8,1101.6,OPINET official CSV history
2012-02-20,1987.15,1830.01,1101.7,OPINET official CSV history
2012-02-21,1989.51,1831.32,1101.84,OPINET official CSV history
2012-02-22,1991.58,1832.64,1101.7,OPINET official CSV history
2012-02-23,1993.82,1833.83,1101.67,OPINET official CSV history
2012-02-24,1995.74,1835.06,1101.58,OPINET official CSV history
2012-02-25,1998.35,1836.64,1101.62,OPINET official CSV history
2012-02-26,1999.55,1837.24,1101.67,OPINET official CSV history
2012-02-27,2001.07,1838.39,1101.68,OPINET official CSV history
2012-02-28,2003.99,1840.74,1101.62,OPINET official CSV history
2012-02-29,2006.14,1842.33,1101.75,OPINET official CSV history
2012-03-01,2009.76,1844.58,1127.34,OPINET official CSV history
2012-03-02,2011.89,1845.86,1141.64,OPINET official CSV history
2012-03-03,2013.49,1846.68,1142.6,OPINET official CSV history
2012-03-04,2014.21,1846.92,1142.64,OPINET official CSV history
2012-03-05,2015.65,1847.81,1143.39,OPINET official CSV history
2012-03-06,2017.96,1848.76,1143.27,OPINET official CSV history
2012-03-07,2019.59,1849.21,1143.56,OPINET official CSV history
2012-03-08,2021.08,1849.96,1143.75,OPINET official CSV history
2012-03-09,2022.2,1850.32,1143.65,OPINET official CSV history
2012-03-10,2023.51,1850.78,1143.77,OPINET official CSV history
2012-03-11,2024.28,1850.91,1143.83,OPINET official CSV history
2012-03-12,2025.15,1851.36,1144.27,OPINET official CSV history
2012-03-13,2026.35,1851.83,1144.25,OPINET official CSV history
2012-03-14,2027.43,1852.27,1144.27,OPINET official CSV history
2012-03-15,2028.61,1852.71,1144.37,OPINET official CSV history
2012-03-16,2029.77,1853.16,1144.48,OPINET official CSV history
2012-03-17,2031.19,1853.71,1144.57,OPINET official CSV history
2012-03-18,2031.95,1853.91,1144.33,OPINET official CSV history
2012-03-19,2032.84,1854.29,1144.39,OPINET official CSV history
2012-03-20,2035.4,1855.92,1144.49,OPINET official CSV history
2012-03-21,2037.53,1856.94,1144.38,OPINET official CSV history
2012-03-22,2039.12,1857.69,1144.33,OPINET official CSV history
2012-03-23,2040.34,1858.13,1144.31,OPINET official CSV history
2012-03-24,2041.43,1858.58,1144.14,OPINET official CSV history
2012-03-25,2042.05,1858.79,1144.32,OPINET official CSV history
2012-03-26,2042.74,1859.15,1144.2,OPINET official CSV history
2012-03-27,2043.69,1859.54,1144.28,OPINET official CSV history
2012-03-28,2044.62,1860.02,1144.24,OPINET official CSV history
2012-03-29,2045.45,1860.4,1144.27,OPINET official CSV history
2012-03-30,2046.02,1860.59,1144.2,OPINET official CSV history
2012-03-31,2047.01,1860.98,1144.25,OPINET official CSV history
2012-04-01,2048.0,1861.32,1144.3,OPINET official CSV history
2012-04-02,2048.62,1861.67,1144.3,OPINET official CSV history
2012-04-03,2050.73,1862.88,1144.25,OPINET official CSV history
2012-04-04,2052.28,1863.64,1144.28,OPINET official CSV history
2012-04-05,2053.9,1864.54,1144.28,OPINET official CSV history
2012-04-06,2055.09,1865.28,1144.52,OPINET official CSV history
2012-04-07,2056.4,1866.03,1144.74,OPINET official CSV history
2012-04-08,2057.02,1866.16,1144.59,OPINET official CSV history
2012-04-09,2057.78,1866.58,1144.7,OPINET official CSV history
2012-04-10,2058.71,1866.91,1144.66,OPINET official CSV history
2012-04-11,2059.66,1867.16,1144.65,OPINET official CSV history
2012-04-12,2060.26,1867.5,1144.72,OPINET official CSV history
2012-04-13,2060.61,1868.17,1144.33,OPINET official CSV history
2012-04-14,2061.35,1867.72,1144.56,OPINET official CSV history
2012-04-15,2061.83,1867.9,1144.47,OPINET official CSV history
2012-04-16,2062.28,1868.06,1144.4,OPINET official CSV history
2012-04-17,2062.31,1867.51,1144.55,OPINET official CSV history
2012-04-18,2062.55,1867.64,1144.55,OPINET official CSV history
2012-04-19,2062.44,1867.3,1144.53,OPINET official CSV history
2012-04-20,2062.39,1868.28,1144.47,OPINET official CSV history
2012-04-21,2062.37,1867.98,1144.53,OPINET official CSV history
2012-04-22,2062.42,1867.93,1144.46,OPINET official CSV history
2012-04-23,2062.35,1866.52,1144.48,OPINET official CSV history
2012-04-24,2061.93,1865.8,1144.48,OPINET official CSV history
2012-04-25,2061.06,1865.07,1144.45,OPINET official CSV history
2012-04-26,2060.52,1864.55,1144.47,OPINET official CSV history
2012-04-27,2060.14,1863.98,1144.39,OPINET official CSV history
2012-04-28,2059.59,1863.43,1144.34,OPINET official CSV history
2012-04-29,2059.44,1863.03,1144.37,OPINET official CSV history
2012-04-30,2059.02,1862.83,1144.52,OPINET official CSV history
2012-05-01,2058.35,1862.06,1166.03,OPINET official CSV history
2012-05-02,2057.68,1861.38,1170.84,OPINET official CSV history
2012-05-03,2056.86,1860.57,1171.79,OPINET official CSV history
2012-05-04,2056.03,1859.71,1171.86,OPINET official CSV history
2012-05-05,2055.53,1859.06,1171.89,OPINET official CSV history
2012-05-06,2055.3,1858.65,1171.77,OPINET official CSV history
2012-05-07,2054.86,1858.2,1171.93,OPINET official CSV history
2012-05-08,2053.52,1856.94,1172.16,OPINET official CSV history
2012-05-09,2052.34,1855.63,1172.08,OPINET official CSV history
2012-05-10,2051.06,1854.21,1172.24,OPINET official CSV history
2012-05-11,2049.3,1852.55,1172.65,OPINET official CSV history
2012-05-12,2048.09,1851.14,1172.88,OPINET official CSV history
2012-05-13,2047.16,1850.26,1172.67,OPINET official CSV history
2012-05-14,2046.26,1849.34,1172.73,OPINET official CSV history
2012-05-15,2042.73,1845.52,1172.92,OPINET official CSV history
2012-05-16,2039.52,1842.47,1173.17,OPINET official CSV history
2012-05-17,2036.4,1839.32,1173.22,OPINET official CSV history
2012-05-18,2033.29,1836.42,1173.1,OPINET official CSV history
2012-05-19,2030.53,1833.99,1173.13,OPINET official CSV history
2012-05-20,2029.21,1832.58,1172.86,OPINET official CSV history
2012-05-21,2026.89,1830.63,1173.08,OPINET official CSV history
2012-05-22,2023.18,1827.21,1173.24,OPINET official CSV history
2012-05-23,2020.01,1824.45,1173.13,OPINET official CSV history
2012-05-24,2017.1,1824.29,1173.13,OPINET official CSV history
2012-05-25,2014.51,1821.67,1173.02,OPINET official CSV history
2012-05-26,2012.39,1817.42,1173.14,OPINET official CSV history
2012-05-27,2011.42,1816.31,1173.07,OPINET official CSV history
2012-05-28,2010.65,1815.58,1173.12,OPINET official CSV history
2012-05-29,2009.05,1814.35,1173.05,OPINET official CSV history
2012-05-30,2007.16,1812.45,1173.24,OPINET official CSV history
2012-05-31,2005.67,1810.86,1173.17,OPINET official CSV history
2012-06-01,2002.84,1808.12,1149.77,OPINET official CSV history
2012-06-02,2000.72,1806.15,1147.49,OPINET official CSV history
2012-06-03,1999.62,1804.89,1147.25,OPINET official CSV history
2012-06-04,1998.1,1803.58,1146.87,OPINET official CSV history
2012-06-05,1995.49,1801.21,1146.62,OPINET official CSV history
2012-06-06,1993.23,1798.85,1146.36,OPINET official CSV history
2012-06-07,1991.54,1797.22,1146.35,OPINET official CSV history
2012-06-08,1989.34,1795.41,1146.43,OPINET official CSV history
2012-06-09,1987.85,1793.81,1146.32,OPINET official CSV history
2012-06-10,1987.03,1792.91,1146.29,OPINET official CSV history
2012-06-11,1985.72,1791.88,1146.28,OPINET official CSV history
2012-06-12,1981.97,1788.59,1146.27,OPINET official CSV history
2012-06-13,1978.77,1785.48,1146.0,OPINET official CSV history
2012-06-14,1975.58,1782.35,1146.04,OPINET official CSV history
2012-06-15,1972.6,1779.63,1146.0,OPINET official CSV history
2012-06-16,1970.02,1777.16,1146.04,OPINET official CSV history
2012-06-17,1968.82,1776.07,1146.02,OPINET official CSV history
2012-06-18,1966.95,1774.51,1145.89,OPINET official CSV history
2012-06-19,1963.28,1771.55,1145.57,OPINET official CSV history
2012-06-20,1960.24,1769.14,1145.56,OPINET official CSV history
2012-06-21,1956.97,1766.6,1145.66,OPINET official CSV history
2012-06-22,1953.6,1763.91,1145.76,OPINET official CSV history
2012-06-23,1950.08,1761.25,1145.56,OPINET official CSV history
2012-06-24,1948.6,1759.9,1145.46,OPINET official CSV history
2012-06-25,1946.37,1758.24,1145.65,OPINET official CSV history
2012-06-26,1940.22,1753.72,1145.68,OPINET official CSV history
2012-06-27,1935.15,1749.21,1145.55,OPINET official CSV history
2012-06-28,1927.89,1748.42,1145.53,OPINET official CSV history
2012-06-29,1922.16,1740.51,1145.76,OPINET official CSV history
2012-06-30,1918.54,1737.66,1145.46,OPINET official CSV history
2012-07-01,1914.96,1734.94,1097.75,OPINET official CSV history
2012-07-02,1911.17,1731.82,1091.05,OPINET official CSV history
2012-07-03,1906.42,1728.05,1089.07,OPINET official CSV history
2012-07-04,1902.37,1724.96,1088.45,OPINET official CSV history
2012-07-05,1899.65,1722.67,1088.29,OPINET official CSV history
2012-07-06,1897.71,1721.28,1088.45,OPINET official CSV history
2012-07-07,1895.97,1720.18,1088.01,OPINET official CSV history
2012-07-08,1894.99,1719.28,1087.75,OPINET official CSV history
2012-07-09,1894.12,1718.84,1087.56,OPINET official CSV history
2012-07-10,1893.78,1719.6,1086.95,OPINET official CSV history
2012-07-11,1893.14,1719.05,1087.08,OPINET official CSV history
2012-07-12,1892.73,1719.25,1087.36,OPINET official CSV history
2012-07-13,1892.34,1719.0,1087.12,OPINET official CSV history
2012-07-14,1892.13,1719.08,1087.02,OPINET official CSV history
2012-07-15,1891.99,1718.8,1087.09,OPINET official CSV history
2012-07-16,1891.86,1719.0,1086.94,OPINET official CSV history
2012-07-17,1892.18,1719.49,1086.98,OPINET official CSV history
2012-07-18,1892.48,1719.87,1086.92,OPINET official CSV history
2012-07-19,1893.07,1720.4,1087.06,OPINET official CSV history
2012-07-20,1894.16,1721.3,1087.08,OPINET official CSV history
2012-07-21,1896.21,1723.06,1086.77,OPINET official CSV history
2012-07-22,1897.42,1723.8,1086.61,OPINET official CSV history
2012-07-23,1898.88,1725.52,1087.1,OPINET official CSV history
2012-07-24,1903.11,1729.2,1086.78,OPINET official CSV history
2012-07-25,1906.83,1732.5,1087.04,OPINET official CSV history
2012-07-26,1910.53,1736.1,1087.13,OPINET official CSV history
2012-07-27,1914.48,1739.83,1086.79,OPINET official CSV history
2012-07-28,1917.87,1742.91,1086.93,OPINET official CSV history
2012-07-29,1919.63,1744.23,1086.77,OPINET official CSV history
2012-07-30,1921.46,1746.05,1086.93,OPINET official CSV history
2012-07-31,1924.06,1748.23,1086.83,OPINET official CSV history
2012-08-01,1927.38,1751.13,1048.08,OPINET official CSV history
2012-08-02,1929.91,1753.2,1045.18,OPINET official CSV history
2012-08-03,1932.11,1754.87,1044.06,OPINET official CSV history
2012-08-04,1934.23,1756.34,1043.76,OPINET official CSV history
2012-08-05,1935.13,1756.88,1043.08,OPINET official CSV history
2012-08-06,1936.31,1757.97,1043.77,OPINET official CSV history
2012-08-07,1938.7,1759.32,1042.8,OPINET official CSV history
2012-08-08,1940.63,1760.79,1042.9,OPINET official CSV history
2012-08-09,1942.74,1762.15,1042.53,OPINET official CSV history
2012-08-10,1945.71,1764.18,1042.58,OPINET official CSV history
2012-08-11,1948.71,1766.27,1042.36,OPINET official CSV history
2012-08-12,1950.21,1767.16,1042.24,OPINET official CSV history
2012-08-13,1952.21,1768.73,1042.08,OPINET official CSV history
2012-08-14,1959.25,1774.51,1042.3,OPINET official CSV history
2012-08-15,1964.99,1778.65,1041.67,OPINET official CSV history
2012-08-16,1968.88,1781.75,1041.9,OPINET official CSV history
2012-08-17,1973.95,1785.53,1041.88,OPINET official CSV history
2012-08-18,1978.91,1789.0,1041.74,OPINET official CSV history
2012-08-19,1981.32,1790.76,1041.74,OPINET official CSV history
2012-08-20,1984.43,1793.18,1041.74,OPINET official CSV history
2012-08-21,1990.88,1799.01,1041.32,OPINET official CSV history
2012-08-22,1995.77,1803.36,1041.2,OPINET official CSV history
2012-08-23,2000.11,1806.88,1041.28,OPINET official CSV history
2012-08-24,2003.71,1810.12,1041.37,OPINET official CSV history
2012-08-25,2007.36,1813.23,1041.21,OPINET official CSV history
2012-08-26,2009.48,1814.85,1040.96,OPINET official CSV history
2012-08-27,2012.08,1817.3,1041.04,OPINET official CSV history
2012-08-28,2014.4,1820.42,1041.27,OPINET official CSV history
2012-08-29,2016.67,1822.84,1041.35,OPINET official CSV history
2012-08-30,2018.56,1824.76,1041.16,OPINET official CSV history
2012-08-31,2020.05,1826.34,1041.36,OPINET official CSV history
2012-09-01,2022.52,1828.79,1040.78,OPINET official CSV history
2012-09-02,2023.63,1829.84,1040.76,OPINET official CSV history
2012-09-03,2024.73,1831.13,1041.18,OPINET official CSV history
2012-09-04,2025.43,1832.28,1040.73,OPINET official CSV history
2012-09-05,2025.9,1833.23,1040.71,OPINET official CSV history
2012-09-06,2026.29,1834.06,1040.62,OPINET official CSV history
2012-09-07,2026.27,1835.22,1040.54,OPINET official CSV history
2012-09-08,2026.59,1835.8,1040.67,OPINET official CSV history
2012-09-09,2026.76,1835.96,1040.37,OPINET official CSV history
2012-09-10,2026.85,1836.6,1040.63,OPINET official CSV history
2012-09-11,2026.27,1837.13,1040.69,OPINET official CSV history
2012-09-12,2025.99,1837.81,1040.36,OPINET official CSV history
2012-09-13,2025.81,1838.05,1040.55,OPINET official CSV history
2012-09-14,2025.79,1838.59,1040.76,OPINET official CSV history
2012-09-15,2025.91,1839.25,1040.37,OPINET official CSV history
2012-09-16,2025.99,1839.46,1040.34,OPINET official CSV history
2012-09-17,2025.96,1839.76,1040.23,OPINET official CSV history
2012-09-18,2026.51,1840.08,1040.38,OPINET official CSV history
2012-09-19,2026.62,1840.46,1040.65,OPINET official CSV history
2012-09-20,2026.56,1840.67,1040.43,OPINET official CSV history
2012-09-21,2025.97,1840.66,1040.66,OPINET official CSV history
2012-09-22,2025.34,1840.39,1040.49,OPINET official CSV history
2012-09-23,2024.64,1839.98,1040.35,OPINET official CSV history
2012-09-24,2024.66,1840.15,1040.63,OPINET official CSV history
2012-09-25,2023.0,1838.44,1040.8,OPINET official CSV history
2012-09-26,2021.63,1837.18,1040.6,OPINET official CSV history
2012-09-27,2020.12,1835.98,1040.69,OPINET official CSV history
2012-09-28,2018.98,1834.93,1040.79,OPINET official CSV history
2012-09-29,2018.09,1833.95,1040.83,OPINET official CSV history
2012-09-30,2017.78,1833.59,1040.65,OPINET official CSV history
2012-10-01,2017.18,1833.06,1066.2,OPINET official CSV history
2012-10-02,2016.46,1832.45,1070.0,OPINET official CSV history
2012-10-03,2015.78,1831.64,1084.61,OPINET official CSV history
2012-10-04,2014.89,1830.87,1096.94,OPINET official CSV history
2012-10-05,2013.57,1829.56,1098.24,OPINET official CSV history
2012-10-06,2012.39,1828.3,1098.23,OPINET official CSV history
2012-10-07,2011.81,1827.63,1098.28,OPINET official CSV history
2012-10-08,2010.9,1826.85,1098.46,OPINET official CSV history
2012-10-09,2009.8,1825.48,1099.38,OPINET official CSV history
2012-10-10,2008.77,1824.34,1099.24,OPINET official CSV history
2012-10-11,2007.91,1823.17,1099.4,OPINET official CSV history
2012-10-12,2007.58,1822.52,1099.39,OPINET official CSV history
2012-10-13,2007.15,1822.05,1099.48,OPINET official CSV history
2012-10-14,2006.93,1821.68,1099.3,OPINET official CSV history
2012-10-15,2006.69,1821.48,1099.43,OPINET official CSV history
2012-10-16,2006.6,1821.16,1099.26,OPINET official CSV history
2012-10-17,2006.39,1820.87,1099.25,OPINET official CSV history
2012-10-18,2006.19,1820.57,1099.32,OPINET official CSV history
2012-10-19,2006.04,1820.25,1099.05,OPINET official CSV history
2012-10-20,2005.66,1819.9,1099.11,OPINET official CSV history
2012-10-21,2005.63,1819.61,1099.15,OPINET official CSV history
2012-10-22,2005.31,1819.39,1099.23,OPINET official CSV history
2012-10-23,2004.16,1818.21,1099.26,OPINET official CSV history
2012-10-24,2002.98,1817.16,1099.17,OPINET official CSV history
2012-10-25,2001.27,1815.68,1099.12,OPINET official CSV history
2012-10-26,1999.11,1813.72,1099.24,OPINET official CSV history
2012-10-27,1996.95,1811.7,1099.24,OPINET official CSV history
2012-10-28,1995.96,1810.73,1099.14,OPINET official CSV history
2012-10-29,1994.26,1809.32,1099.28,OPINET official CSV history
2012-10-30,1990.25,1806.02,1099.13,OPINET official CSV history
2012-10-31,1986.67,1803.18,1099.3,OPINET official CSV history
2012-11-01,1981.73,1798.79,1099.17,OPINET official CSV history
2012-11-02,1978.47,1796.08,1099.3,OPINET official CSV history
2012-11-03,1976.1,1793.97,1099.17,OPINET official CSV history
2012-11-04,1974.91,1792.81,1099.07,OPINET official CSV history
2012-11-05,1973.32,1791.75,1099.19,OPINET official CSV history
2012-11-06,1970.32,1789.58,1099.08,OPINET official CSV history
2012-11-07,1967.84,1787.76,1099.11,OPINET official CSV history
2012-11-08,1965.36,1785.84,1099.12,OPINET official CSV history
2012-11-09,1962.8,1783.93,1099.07,OPINET official CSV history
2012-11-10,1961.07,1782.5,1099.22,OPINET official CSV history
2012-11-11,1960.36,1781.63,1099.17,OPINET official CSV history
2012-11-12,1959.23,1781.08,1099.27,OPINET official CSV history
2012-11-13,1957.47,1779.45,1099.26,OPINET official CSV history
2012-11-14,1955.81,1777.87,1099.36,OPINET official CSV history
2012-11-15,1954.44,1776.77,1099.27,OPINET official CSV history
2012-11-16,1952.79,1775.42,1099.19,OPINET official CSV history
2012-11-17,1951.23,1774.05,1099.34,OPINET official CSV history
2012-11-18,1950.44,1773.23,1099.21,OPINET official CSV history
2012-11-19,1949.39,1772.5,1099.23,OPINET official CSV history
2012-11-20,1947.85,1771.01,1099.16,OPINET official CSV history
2012-11-21,1946.63,1769.82,1099.29,OPINET official CSV history
2012-11-22,1945.59,1768.75,1099.23,OPINET official CSV history
2012-11-23,1944.39,1767.83,1099.35,OPINET official CSV history
2012-11-24,1943.66,1767.02,1099.23,OPINET official CSV history
2012-11-25,1943.25,1766.49,1099.18,OPINET official CSV history
2012-11-26,1942.74,1766.23,1099.29,OPINET official CSV history
2012-11-27,1942.34,1765.97,1099.32,OPINET official CSV history
2012-11-28,1941.71,1765.38,1099.31,OPINET official CSV history
2012-11-29,1941.23,1764.94,1099.38,OPINET official CSV history
2012-11-30,1940.83,1764.52,1099.48,OPINET official CSV history
2012-12-01,1940.23,1763.67,1099.51,OPINET official CSV history
2012-12-02,1939.91,1763.21,1099.42,OPINET official CSV history
2012-12-03,1939.62,1762.94,1098.85,OPINET official CSV history
2012-12-04,1939.37,1762.81,1099.73,OPINET official CSV history
2012-12-05,1939.13,1762.43,1099.61,OPINET official CSV history
2012-12-06,1939.0,1762.26,1099.61,OPINET official CSV history
2012-12-07,1939.26,1762.62,1099.51,OPINET official CSV history
2012-12-08,1939.18,1762.53,1099.53,OPINET official CSV history
2012-12-09,1939.01,1762.19,1099.41,OPINET official CSV history
2012-12-10,1938.98,1762.38,1099.45,OPINET official CSV history
2012-12-11,1938.52,1762.22,1099.51,OPINET official CSV history
2012-12-12,1937.88,1761.94,1099.38,OPINET official CSV history
2012-12-13,1937.66,1761.79,1099.42,OPINET official CSV history
2012-12-14,1937.27,1761.41,1099.25,OPINET official CSV history
2012-12-15,1936.87,1761.17,1099.33,OPINET official CSV history
2012-12-16,1936.46,1760.76,1099.37,OPINET official CSV history
2012-12-17,1936.12,1760.9,1099.2,OPINET official CSV history
2012-12-18,1934.99,1759.71,1099.31,OPINET official CSV history
2012-12-19,1934.41,1759.19,1099.3,OPINET official CSV history
2012-12-20,1933.78,1758.71,1099.27,OPINET official CSV history
2012-12-21,1933.21,1758.7,1099.18,OPINET official CSV history
2012-12-22,1932.98,1757.92,1099.22,OPINET official CSV history
2012-12-23,1932.77,1757.64,1099.21,OPINET official CSV history
2012-12-24,1932.22,1757.47,1099.18,OPINET official CSV history
2012-12-25,1931.76,1756.84,1099.18,OPINET official CSV history
2012-12-26,1931.55,1756.96,1099.26,OPINET official CSV history
2012-12-27,1931.58,1757.1,1099.21,OPINET official CSV history
2012-12-28,1931.03,1756.18,1099.15,OPINET official CSV history
2012-12-29,1930.72,1756.13,1099.26,OPINET official CSV history
2012-12-30,1930.48,1755.74,1099.26,OPINET official CSV history
2012-12-31,1930.17,1755.68,1099.27,OPINET official CSV history
2013-01-01,1929.69,1754.81,1099.27,OPINET official CSV history
2013-01-02,1929.12,1754.43,1099.27,OPINET official CSV history
2013-01-03,1928.76,1754.02,1099.23,OPINET official CSV history
2013-01-04,1928.74,1753.94,1099.27,OPINET official CSV history
2013-01-05,1928.23,1753.65,1099.27,OPINET official CSV history
2013-01-06,1927.91,1753.14,1099.3,OPINET official CSV history
2013-01-07,1927.39,1752.87,1099.19,OPINET official CSV history
2013-01-08,1927.53,1752.6,1099.34,OPINET official CSV history
2013-01-09,1927.17,1751.99,1099.32,OPINET official CSV history
2013-01-10,1926.68,1751.44,1099.34,OPINET official CSV history
2013-01-11,1926.42,1751.15,1099.29,OPINET official CSV history
2013-01-12,1926.11,1750.93,1099.28,OPINET official CSV history
2013-01-13,1925.98,1750.59,1099.19,OPINET official CSV history
2013-01-14,1925.78,1750.6,1099.47,OPINET official CSV history
2013-01-15,1925.35,1750.32,1099.38,OPINET official CSV history
2013-01-16,1924.96,1749.97,1099.29,OPINET official CSV history
2013-01-17,1924.62,1749.66,1099.32,OPINET official CSV history
2013-01-18,1923.91,1749.06,1099.4,OPINET official CSV history
2013-01-19,1923.78,1748.78,1099.23,OPINET official CSV history
2013-01-20,1923.59,1748.48,1099.28,OPINET official CSV history
2013-01-21,1923.3,1748.3,1099.29,OPINET official CSV history
2013-01-22,1922.63,1747.82,1099.31,OPINET official CSV history
2013-01-23,1921.94,1747.09,1099.26,OPINET official CSV history
2013-01-24,1921.46,1746.77,1099.34,OPINET official CSV history
2013-01-25,1920.96,1746.08,1099.5,OPINET official CSV history
2013-01-26,1920.68,1745.79,1099.47,OPINET official CSV history
2013-01-27,1920.5,1745.41,1099.53,OPINET official CSV history
2013-01-28,1920.3,1745.4,1099.65,OPINET official CSV history
2013-01-29,1920.29,1745.39,1099.59,OPINET official CSV history
2013-01-30,1920.24,1745.21,1099.62,OPINET official CSV history
2013-01-31,1920.1,1744.93,1099.65,OPINET official CSV history
2013-02-01,1920.06,1744.66,1099.84,OPINET official CSV history
2013-02-02,1920.27,1744.89,1099.86,OPINET official CSV history
2013-02-03,1920.34,1744.67,1099.79,OPINET official CSV history
2013-02-04,1920.59,1744.84,1099.7,OPINET official CSV history
2013-02-05,1922.81,1746.35,1099.79,OPINET official CSV history
2013-02-06,1924.07,1747.12,1099.76,OPINET official CSV history
2013-02-07,1925.85,1748.11,1099.75,OPINET official CSV history
2013-02-08,1929.65,1750.71,1099.9,OPINET official CSV history
2013-02-09,1934.03,1753.18,1099.96,OPINET official CSV history
2013-02-10,1935.59,1753.99,1099.85,OPINET official CSV history
2013-02-11,1936.8,1754.66,1099.87,OPINET official CSV history
2013-02-12,1939.28,1756.63,1099.88,OPINET official CSV history
2013-02-13,1942.78,1759.14,1099.81,OPINET official CSV history
2013-02-14,1946.78,1762.02,1099.61,OPINET official CSV history
2013-02-15,1952.08,1765.91,1099.74,OPINET official CSV history
2013-02-16,1957.42,1769.58,1099.76,OPINET official CSV history
2013-02-17,1959.65,1770.94,1099.74,OPINET official CSV history
2013-02-18,1962.71,1773.38,1099.74,OPINET official CSV history
2013-02-19,1967.6,1777.15,1099.7,OPINET official CSV history
2013-02-20,1972.34,1780.58,1099.77,OPINET official CSV history
2013-02-21,1976.12,1783.58,1099.8,OPINET official CSV history
2013-02-22,1979.89,1786.41,1099.74,OPINET official CSV history
2013-02-23,1983.26,1788.81,1099.78,OPINET official CSV history
2013-02-24,1985.4,1790.24,1099.64,OPINET official CSV history
2013-02-25,1986.5,1791.47,1099.79,OPINET official CSV history
2013-02-26,1988.83,1793.07,1099.82,OPINET official CSV history
2013-02-27,1990.04,1794.04,1099.83,OPINET official CSV history
2013-02-28,1990.95,1794.45,1099.8,OPINET official CSV history
2013-03-01,1991.73,1795.05,1094.46,OPINET official CSV history
2013-03-02,1992.85,1795.9,1092.32,OPINET official CSV history
2013-03-03,1993.17,1796.03,1092.02,OPINET official CSV history
2013-03-04,1993.87,1796.56,1090.95,OPINET official CSV history
2013-03-05,1993.96,1796.2,1090.57,OPINET official CSV history
2013-03-06,1994.13,1796.03,1090.46,OPINET official CSV history
2013-03-07,1994.04,1795.7,1090.41,OPINET official CSV history
2013-03-08,1993.62,1795.08,1090.38,OPINET official CSV history
2013-03-09,1993.44,1794.53,1090.33,OPINET official CSV history
2013-03-10,1993.35,1794.35,1090.26,OPINET official CSV history
2013-03-11,1993.21,1794.09,1090.27,OPINET official CSV history
2013-03-12,1992.67,1793.41,1090.21,OPINET official CSV history
2013-03-13,1991.89,1792.35,1090.12,OPINET official CSV history
2013-03-14,1991.07,1791.48,1090.23,OPINET official CSV history
2013-03-15,1989.44,1789.58,1090.05,OPINET official CSV history
2013-03-16,1988.37,1788.14,1089.96,OPINET official CSV history
2013-03-17,1987.8,1787.25,1089.84,OPINET official CSV history
2013-03-18,1986.98,1786.35,1089.93,OPINET official CSV history
2013-03-19,1985.55,1784.42,1089.93,OPINET official CSV history
2013-03-20,1984.34,1782.67,1089.86,OPINET official CSV history
2013-03-21,1983.04,1781.29,1089.86,OPINET official CSV history
2013-03-22,1981.91,1779.74,1089.87,OPINET official CSV history
2013-03-23,1981.01,1778.53,1089.88,OPINET official CSV history
2013-03-24,1980.55,1777.75,1089.8,OPINET official CSV history
2013-03-25,1979.64,1777.04,1089.86,OPINET official CSV history
2013-03-26,1978.29,1775.06,1089.78,OPINET official CSV history
2013-03-27,1976.94,1773.38,1089.75,OPINET official CSV history
2013-03-28,1975.66,1771.7,1089.75,OPINET official CSV history
2013-03-29,1974.42,1770.27,1089.78,OPINET official CSV history
2013-03-30,1973.37,1768.98,1089.68,OPINET official CSV history
2013-03-31,1972.9,1768.3,1089.63,OPINET official CSV history
2013-04-01,1971.41,1766.71,1089.75,OPINET official CSV history
2013-04-02,1970.71,1765.53,1089.67,OPINET official CSV history
2013-04-03,1969.55,1764.15,1089.55,OPINET official CSV history
2013-04-04,1968.28,1762.55,1089.6,OPINET official CSV history
2013-04-05,1967.17,1761.28,1089.5,OPINET official CSV history
2013-04-06,1966.24,1759.87,1089.69,OPINET official CSV history
2013-04-07,1965.89,1759.36,1089.43,OPINET official CSV history
2013-04-08,1965.08,1758.73,1089.41,OPINET official CSV history
2013-04-09,1963.53,1757.4,1089.42,OPINET official CSV history
2013-04-10,1962.52,1756.47,1089.36,OPINET official CSV history
2013-04-11,1961.34,1755.42,1089.33,OPINET official CSV history
2013-04-12,1960.41,1754.55,1089.43,OPINET official CSV history
2013-04-13,1959.54,1753.73,1089.48,OPINET official CSV history
2013-04-14,1959.16,1753.14,1089.39,OPINET official CSV history
2013-04-15,1958.23,1752.7,1089.42,OPINET official CSV history
2013-04-16,1955.59,1750.46,1089.41,OPINET official CSV history
2013-04-17,1952.44,1747.97,1089.33,OPINET official CSV history
2013-04-18,1949.26,1745.28,1089.37,OPINET official CSV history
2013-04-19,1945.61,1742.14,1089.33,OPINET official CSV history
2013-04-20,1942.62,1739.52,1089.17,OPINET official CSV history
2013-04-21,1941.4,1738.24,1089.22,OPINET official CSV history
2013-04-22,1939.18,1736.51,1089.21,OPINET official CSV history
2013-04-23,1934.74,1732.22,1089.14,OPINET official CSV history
2013-04-24,1930.73,1728.57,1089.17,OPINET official CSV history
2013-04-25,1926.59,1724.78,1089.17,OPINET official CSV history
2013-04-26,1923.12,1721.87,1089.16,OPINET official CSV history
2013-04-27,1920.57,1719.43,1089.06,OPINET official CSV history
2013-04-28,1919.41,1718.17,1089.08,OPINET official CSV history
2013-04-29,1917.81,1717.04,1089.24,OPINET official CSV history
2013-04-30,1915.66,1715.11,1089.15,OPINET official CSV history
2013-05-01,1912.51,1711.91,1067.69,OPINET official CSV history
2013-05-02,1910.58,1710.23,1064.72,OPINET official CSV history
2013-05-03,1908.98,1708.55,1063.78,OPINET official CSV history
2013-05-04,1907.5,1707.03,1063.13,OPINET official CSV history
2013-05-05,1906.65,1705.87,1063.08,OPINET official CSV history
2013-05-06,1905.8,1705.28,1063.01,OPINET official CSV history
2013-05-07,1904.12,1703.65,1062.62,OPINET official CSV history
2013-05-08,1902.91,1702.32,1062.53,OPINET official CSV history
2013-05-09,1901.68,1701.16,1062.23,OPINET official CSV history
2013-05-10,1900.83,1700.32,1062.21,OPINET official CSV history
2013-05-11,1899.94,1699.45,1062.16,OPINET official CSV history
2013-05-12,1899.49,1698.76,1062.02,OPINET official CSV history
2013-05-13,1898.79,1698.35,1062.15,OPINET official CSV history
2013-05-14,1898.02,1697.65,1062.06,OPINET official CSV history
2013-05-15,1897.54,1697.03,1062.09,OPINET official CSV history
2013-05-16,1896.94,1696.58,1062.02,OPINET official CSV history
2013-05-17,1896.38,1696.02,1062.02,OPINET official CSV history
2013-05-18,1896.38,1695.87,1061.98,OPINET official CSV history
2013-05-19,1896.28,1695.5,1061.91,OPINET official CSV history
2013-05-20,1896.15,1695.62,1061.98,OPINET official CSV history
2013-05-21,1896.12,1695.8,1061.85,OPINET official CSV history
2013-05-22,1896.45,1696.03,1061.88,OPINET official CSV history
2013-05-23,1897.01,1696.73,1061.71,OPINET official CSV history
2013-05-24,1896.8,1696.53,1061.81,OPINET official CSV history
2013-05-25,1896.57,1696.11,1061.65,OPINET official CSV history
2013-05-26,1896.49,1695.86,1061.61,OPINET official CSV history
2013-05-27,1896.48,1696.02,1061.7,OPINET official CSV history
2013-05-28,1896.63,1696.48,1061.75,OPINET official CSV history
2013-05-29,1896.48,1696.24,1061.75,OPINET official CSV history
2013-05-30,1896.5,1696.34,1061.85,OPINET official CSV history
2013-05-31,1896.39,1696.39,1061.68,OPINET official CSV history
2013-06-01,1896.48,1696.36,1047.26,OPINET official CSV history
2013-06-02,1896.36,1696.04,1045.93,OPINET official CSV history
2013-06-03,1896.22,1696.17,1044.66,OPINET official CSV history
2013-06-04,1896.47,1696.44,1043.81,OPINET official CSV history
2013-06-05,1896.84,1696.79,1043.73,OPINET official CSV history
2013-06-06,1897.08,1696.79,1043.59,OPINET official CSV history
2013-06-07,1897.12,1697.0,1043.53,OPINET official CSV history
2013-06-08,1897.3,1697.09,1043.49,OPINET official CSV history
2013-06-09,1897.42,1696.94,1043.19,OPINET official CSV history
2013-06-10,1897.56,1697.26,1043.26,OPINET official CSV history
2013-06-11,1898.1,1697.43,1043.26,OPINET official CSV history
2013-06-12,1898.46,1697.53,1043.21,OPINET official CSV history
2013-06-13,1898.94,1698.08,1043.15,OPINET official CSV history
2013-06-14,1899.29,1698.45,1043.2,OPINET official CSV history
2013-06-15,1899.75,1698.52,1043.08,OPINET official CSV history
2013-06-16,1899.93,1698.48,1043.07,OPINET official CSV history
2013-06-17,1900.28,1698.85,1043.27,OPINET official CSV history
2013-06-18,1901.61,1700.04,1043.25,OPINET official CSV history
2013-06-19,1903.12,1701.61,1042.95,OPINET official CSV history
2013-06-20,1904.12,1702.61,1043.0,OPINET official CSV history
2013-06-21,1905.14,1703.59,1043.02,OPINET official CSV history
2013-06-22,1906.01,1704.45,1042.84,OPINET official CSV history
2013-06-23,1906.44,1704.72,1042.64,OPINET official CSV history
2013-06-24,1907.05,1705.52,1042.75,OPINET official CSV history
2013-06-25,1908.54,1707.35,1042.92,OPINET official CSV history
2013-06-26,1909.71,1708.44,1042.67,OPINET official CSV history
2013-06-27,1910.57,1709.28,1042.73,OPINET official CSV history
2013-06-28,1911.29,1710.05,1042.78,OPINET official CSV history
2013-06-29,1912.14,1710.74,1042.48,OPINET official CSV history
2013-06-30,1912.44,1710.86,1042.55,OPINET official CSV history
2013-07-01,1913.34,1711.99,1042.73,OPINET official CSV history
2013-07-02,1914.64,1713.42,1042.6,OPINET official CSV history
2013-07-03,1915.44,1714.25,1042.83,OPINET official CSV history
2013-07-04,1916.36,1715.08,1042.51,OPINET official CSV history
2013-07-05,1917.52,1716.15,1042.53,OPINET official CSV history
2013-07-06,1918.69,1717.22,1042.42,OPINET official CSV history
2013-07-07,1919.31,1717.69,1042.38,OPINET official CSV history
2013-07-08,1919.95,1718.6,1042.41,OPINET official CSV history
2013-07-09,1921.49,1719.91,1042.18,OPINET official CSV history
2013-07-10,1922.75,1721.2,1042.17,OPINET official CSV history
2013-07-11,1924.08,1722.51,1042.1,OPINET official CSV history
2013-07-12,1925.39,1723.65,1042.03,OPINET official CSV history
2013-07-13,1927.11,1725.06,1042.06,OPINET official CSV history
2013-07-14,1928.01,1725.78,1041.95,OPINET official CSV history
2013-07-15,1929.1,1727.09,1042.17,OPINET official CSV history
2013-07-16,1932.36,1729.44,1042.23,OPINET official CSV history
2013-07-17,1935.48,1731.79,1042.18,OPINET official CSV history
2013-07-18,1937.7,1733.63,1041.98,OPINET official CSV history
2013-07-19,1939.81,1735.44,1042.1,OPINET official CSV history
2013-07-20,1941.85,1737.09,1041.97,OPINET official CSV history
2013-07-21,1942.85,1737.71,1041.98,OPINET official CSV history
2013-07-22,1944.44,1739.42,1042.09,OPINET official CSV history
2013-07-23,1946.07,1740.74,1041.94,OPINET official CSV history
2013-07-24,1947.26,1741.81,1041.99,OPINET official CSV history
2013-07-25,1948.14,1742.63,1041.84,OPINET official CSV history
2013-07-26,1948.86,1743.11,1041.86,OPINET official CSV history
2013-07-27,1949.73,1743.86,1041.7,OPINET official CSV history
2013-07-28,1949.92,1743.83,1041.59,OPINET official CSV history
2013-07-29,1950.25,1744.18,1041.75,OPINET official CSV history
2013-07-30,1950.3,1744.43,1041.85,OPINET official CSV history
2013-07-31,1950.2,1744.6,1042.15,OPINET official CSV history
2013-08-01,1950.4,1744.75,1063.24,OPINET official CSV history
2013-08-02,1950.44,1744.84,1064.75,OPINET official CSV history
2013-08-03,1950.6,1745.31,1064.9,OPINET official CSV history
2013-08-04,1950.62,1745.21,1064.82,OPINET official CSV history
2013-08-05,1950.5,1745.37,1065.16,OPINET official CSV history
2013-08-06,1950.36,1745.34,1065.41,OPINET official CSV history
2013-08-07,1950.23,1745.3,1065.42,OPINET official CSV history
2013-08-08,1950.05,1745.11,1065.4,OPINET official CSV history
2013-08-09,1949.61,1744.99,1065.34,OPINET official CSV history
2013-08-10,1949.44,1744.95,1065.34,OPINET official CSV history
2013-08-11,1949.38,1744.82,1065.18,OPINET official CSV history
2013-08-12,1949.33,1744.89,1065.52,OPINET official CSV history
2013-08-13,1949.07,1744.87,1065.36,OPINET official CSV history
2013-08-14,1948.9,1744.93,1065.38,OPINET official CSV history
2013-08-15,1948.65,1744.61,1065.36,OPINET official CSV history
2013-08-16,1948.35,1744.55,1065.38,OPINET official CSV history
2013-08-17,1948.19,1744.11,1065.16,OPINET official CSV history
2013-08-18,1948.04,1743.91,1065.12,OPINET official CSV history
2013-08-19,1947.78,1743.9,1065.25,OPINET official CSV history
2013-08-20,1947.53,1743.72,1065.31,OPINET official CSV history
2013-08-21,1947.34,1743.58,1065.13,OPINET official CSV history
2013-08-22,1946.85,1743.33,1065.15,OPINET official CSV history
2013-08-23,1946.37,1742.89,1065.21,OPINET official CSV history
2013-08-24,1945.62,1742.43,1065.18,OPINET official CSV history
2013-08-25,1945.42,1742.12,1065.06,OPINET official CSV history
2013-08-26,1944.92,1741.96,1065.33,OPINET official CSV history
2013-08-27,1944.33,1741.5,1065.25,OPINET official CSV history
2013-08-28,1943.59,1740.96,1065.31,OPINET official CSV history
2013-08-29,1942.87,1740.4,1065.17,OPINET official CSV history
2013-08-30,1942.39,1740.16,1064.96,OPINET official CSV history
2013-08-31,1942.11,1739.94,1064.98,OPINET official CSV history
2013-09-01,1941.85,1739.67,1064.93,OPINET official CSV history
2013-09-02,1941.38,1739.48,1064.9,OPINET official CSV history
2013-09-03,1941.66,1739.91,1064.71,OPINET official CSV history
2013-09-04,1941.43,1739.77,1064.81,OPINET official CSV history
2013-09-05,1941.09,1739.57,1064.82,OPINET official CSV history
2013-09-06,1940.49,1739.25,1065.06,OPINET official CSV history
2013-09-07,1940.12,1738.89,1064.7,OPINET official CSV history
2013-09-08,1939.96,1738.6,1064.68,OPINET official CSV history
2013-09-09,1939.62,1738.5,1064.66,OPINET official CSV history
2013-09-10,1939.17,1738.09,1064.91,OPINET official CSV history
2013-09-11,1938.75,1737.75,1065.08,OPINET official CSV history
2013-09-12,1938.13,1737.25,1065.15,OPINET official CSV history
2013-09-13,1937.16,1736.48,1065.28,OPINET official CSV history
2013-09-14,1936.5,1735.8,1065.16,OPINET official CSV history
2013-09-15,1936.1,1735.46,1064.96,OPINET official CSV history
2013-09-16,1935.69,1735.39,1065.28,OPINET official CSV history
2013-09-17,1934.41,1734.49,1065.16,OPINET official CSV history
2013-09-18,1933.66,1733.77,1065.0,OPINET official CSV history
2013-09-19,1933.41,1733.65,1065.12,OPINET official CSV history
2013-09-20,1933.36,1733.54,1065.11,OPINET official CSV history
2013-09-21,1932.97,1733.28,1065.33,OPINET official CSV history
2013-09-22,1932.77,1732.95,1065.03,OPINET official CSV history
2013-09-23,1931.88,1732.41,1065.23,OPINET official CSV history
2013-09-24,1930.35,1731.07,1065.11,OPINET official CSV history
2013-09-25,1928.44,1729.53,1065.2,OPINET official CSV history
2013-09-26,1926.46,1727.76,1065.36,OPINET official CSV history
2013-09-27,1924.65,1726.23,1065.47,OPINET official CSV history
2013-09-28,1923.21,1724.86,1065.31,OPINET official CSV history
2013-09-29,1922.52,1724.1,1065.05,OPINET official CSV history
2013-09-30,1921.53,1723.62,1065.33,OPINET official CSV history
2013-10-01,1918.64,1720.72,1065.24,OPINET official CSV history
2013-10-02,1916.6,1719.03,1065.24,OPINET official CSV history
2013-10-03,1914.87,1717.43,1065.17,OPINET official CSV history
2013-10-04,1913.7,1716.53,1065.45,OPINET official CSV history
2013-10-05,1912.16,1715.27,1065.53,OPINET official CSV history
2013-10-06,1911.46,1714.42,1065.34,OPINET official CSV history
2013-10-07,1910.46,1713.87,1065.39,OPINET official CSV history
2013-10-08,1908.79,1712.44,1065.79,OPINET official CSV history
2013-10-09,1907.55,1711.7,1065.38,OPINET official CSV history
2013-10-10,1906.55,1710.88,1066.02,OPINET official CSV history
2013-10-11,1905.15,1709.85,1065.4,OPINET official CSV history
2013-10-12,1904.16,1709.08,1065.53,OPINET official CSV history
2013-10-13,1903.74,1708.5,1065.26,OPINET official CSV history
2013-10-14,1903.16,1708.4,1065.33,OPINET official CSV history
2013-10-15,1902.33,1708.01,1065.33,OPINET official CSV history
2013-10-16,1902.27,1707.95,1065.31,OPINET official CSV history
2013-10-17,1901.7,1707.61,1065.39,OPINET official CSV history
2013-10-18,1900.92,1707.16,1065.22,OPINET official CSV history
2013-10-19,1900.5,1706.79,1065.29,OPINET official CSV history
2013-10-20,1900.25,1706.41,1065.14,OPINET official CSV history
2013-10-21,1899.81,1706.33,1065.45,OPINET official CSV history
2013-10-22,1899.23,1705.86,1065.25,OPINET official CSV history
2013-10-23,1898.57,1705.52,1065.45,OPINET official CSV history
2013-10-24,1897.59,1704.76,1065.26,OPINET official CSV history
2013-10-25,1896.65,1704.19,1065.29,OPINET official CSV history
2013-10-26,1895.78,1703.47,1065.28,OPINET official CSV history
2013-10-27,1895.42,1703.13,1065.2,OPINET official CSV history
2013-10-28,1894.89,1703.02,1065.33,OPINET official CSV history
2013-10-29,1893.6,1701.77,1065.19,OPINET official CSV history
2013-10-30,1892.41,1701.1,1065.42,OPINET official CSV history
2013-10-31,1891.55,1700.48,1065.2,OPINET official CSV history
2013-11-01,1889.44,1698.85,1065.15,OPINET official CSV history
2013-11-02,1888.43,1697.96,1065.27,OPINET official CSV history
2013-11-03,1888.01,1697.46,1064.91,OPINET official CSV history
2013-11-04,1887.15,1697.16,1065.26,OPINET official CSV history
2013-11-05,1886.13,1696.83,1065.27,OPINET official CSV history
2013-11-06,1885.17,1696.25,1065.09,OPINET official CSV history
2013-11-07,1883.99,1695.48,1064.98,OPINET official CSV history
2013-11-08,1882.99,1694.96,1065.09,OPINET official CSV history
2013-11-09,1882.24,1694.34,1064.85,OPINET official CSV history
2013-11-10,1881.95,1693.92,1064.76,OPINET official CSV history
2013-11-11,1881.39,1694.04,1064.98,OPINET official CSV history
2013-11-12,1880.31,1693.25,1065.08,OPINET official CSV history
2013-11-13,1879.36,1692.52,1064.91,OPINET official CSV history
2013-11-14,1878.7,1692.15,1064.91,OPINET official CSV history
2013-11-15,1877.95,1691.77,1064.85,OPINET official CSV history
2013-11-16,1877.66,1691.49,1064.87,OPINET official CSV history
2013-11-17,1877.41,1691.09,1064.79,OPINET official CSV history
2013-11-18,1877.02,1691.04,1064.9,OPINET official CSV history
2013-11-19,1877.31,1690.86,1064.87,OPINET official CSV history
2013-11-20,1877.23,1690.99,1064.78,OPINET official CSV history
2013-11-21,1877.04,1690.78,1064.81,OPINET official CSV history
2013-11-22,1876.73,1690.7,1064.83,OPINET official CSV history
2013-11-23,1876.74,1690.84,1064.87,OPINET official CSV history
2013-11-24,1876.65,1690.62,1064.81,OPINET official CSV history
2013-11-25,1876.46,1690.69,1064.89,OPINET official CSV history
2013-11-26,1876.24,1690.68,1064.84,OPINET official CSV history
2013-11-27,1875.87,1690.37,1064.94,OPINET official CSV history
2013-11-28,1875.71,1690.41,1064.84,OPINET official CSV history
2013-11-29,1875.62,1690.5,1064.89,OPINET official CSV history
2013-11-30,1875.65,1690.54,1064.82,OPINET official CSV history
2013-12-01,1875.59,1690.29,1065.05,OPINET official CSV history
2013-12-02,1875.48,1690.53,1065.11,OPINET official CSV history
2013-12-03,1876.59,1692.41,1065.1,OPINET official CSV history
2013-12-04,1876.99,1693.3,1065.27,OPINET official CSV history
2013-12-05,1877.43,1694.11,1065.15,OPINET official CSV history
2013-12-06,1877.75,1694.96,1065.15,OPINET official CSV history
2013-12-07,1878.39,1695.68,1065.3,OPINET official CSV history
2013-12-08,1878.7,1695.8,1065.18,OPINET official CSV history
2013-12-09,1879.01,1696.49,1065.22,OPINET official CSV history
2013-12-10,1879.85,1697.66,1064.93,OPINET official CSV history
2013-12-11,1880.33,1698.4,1065.01,OPINET official CSV history
2013-12-12,1880.74,1699.06,1065.03,OPINET official CSV history
2013-12-13,1880.89,1699.46,1064.87,OPINET official CSV history
2013-12-14,1881.38,1699.99,1064.94,OPINET official CSV history
2013-12-15,1881.53,1699.95,1064.88,OPINET official CSV history
2013-12-16,1881.77,1700.55,1064.81,OPINET official CSV history
2013-12-17,1881.9,1700.59,1064.98,OPINET official CSV history
2013-12-18,1882.02,1700.7,1064.91,OPINET official CSV history
2013-12-19,1882.2,1700.94,1064.98,OPINET official CSV history
2013-12-20,1882.81,1701.44,1065.11,OPINET official CSV history
2013-12-21,1883.1,1701.7,1064.9,OPINET official CSV history
2013-12-22,1883.26,1701.77,1065.01,OPINET official CSV history
2013-12-23,1883.34,1702.13,1064.82,OPINET official CSV history
2013-12-24,1883.57,1702.32,1065.09,OPINET official CSV history
2013-12-25,1883.75,1702.48,1065.06,OPINET official CSV history
2013-12-26,1884.09,1702.95,1064.87,OPINET official CSV history
2013-12-27,1884.3,1703.3,1065.07,OPINET official CSV history
2013-12-28,1884.64,1703.53,1065.0,OPINET official CSV history
2013-12-29,1884.83,1703.6,1064.7,OPINET official CSV history
2013-12-30,1885.06,1704.02,1065.11,OPINET official CSV history
2013-12-31,1886.98,1705.43,1064.93,OPINET official CSV history
2014-01-01,1887.37,1705.85,1111.56,OPINET official CSV history
2014-01-02,1887.56,1706.27,1119.48,OPINET official CSV history
2014-01-03,1888.51,1707.15,1120.45,OPINET official CSV history
2014-01-04,1888.98,1707.61,1121.01,OPINET official CSV history
2014-01-05,1889.11,1707.56,1121.14,OPINET official CSV history
2014-01-06,1889.14,1707.8,1121.37,OPINET official CSV history
2014-01-07,1889.15,1707.73,1121.5,OPINET official CSV history
2014-01-08,1889.16,1707.7,1122.15,OPINET official CSV history
2014-01-09,1889.13,1707.6,1122.31,OPINET official CSV history
2014-01-10,1888.66,1707.37,1122.4,OPINET official CSV history
2014-01-11,1888.51,1707.28,1122.77,OPINET official CSV history
2014-01-12,1888.39,1707.11,1122.27,OPINET official CSV history
2014-01-13,1888.27,1707.12,1122.55,OPINET official CSV history
2014-01-14,1887.64,1706.65,1122.59,OPINET official CSV history
2014-01-15,1887.23,1706.31,1122.61,OPINET official CSV history
2014-01-16,1886.88,1705.98,1122.82,OPINET official CSV history
2014-01-17,1886.39,1705.56,1122.67,OPINET official CSV history
2014-01-18,1886.06,1705.11,1122.73,OPINET official CSV history
2014-01-19,1885.83,1704.69,1122.63,OPINET official CSV history
2014-01-20,1885.54,1704.51,1122.89,OPINET official CSV history
2014-01-21,1885.24,1704.06,1122.65,OPINET official CSV history
2014-01-22,1884.91,1703.67,1122.52,OPINET official CSV history
2014-01-23,1884.54,1703.47,1123.14,OPINET official CSV history
2014-01-24,1884.02,1702.88,1122.71,OPINET official CSV history
2014-01-25,1883.73,1702.41,1122.79,OPINET official CSV history
2014-01-26,1883.55,1702.17,1122.43,OPINET official CSV history
2014-01-27,1883.49,1702.14,1122.75,OPINET official CSV history
2014-01-28,1883.21,1701.88,1122.62,OPINET official CSV history
2014-01-29,1883.07,1701.64,1122.71,OPINET official CSV history
2014-01-30,1882.83,1701.27,1122.79,OPINET official CSV history
2014-01-31,1882.89,1701.18,1122.56,OPINET official CSV history
2014-02-01,1882.84,1700.98,1122.81,OPINET official CSV history
2014-02-02,1882.63,1700.81,1122.94,OPINET official CSV history
2014-02-03,1882.25,1700.62,1122.78,OPINET official CSV history
2014-02-04,1882.22,1700.7,1122.81,OPINET official CSV history
2014-02-05,1881.94,1700.5,1122.81,OPINET official CSV history
2014-02-06,1881.8,1700.22,1123.08,OPINET official CSV history
2014-02-07,1881.48,1699.92,1122.69,OPINET official CSV history
2014-02-08,1881.13,1699.48,1122.59,OPINET official CSV history
2014-02-09,1881.0,1699.1,1122.6,OPINET official CSV history
2014-02-10,1880.85,1699.14,1122.59,OPINET official CSV history
2014-02-11,1880.37,1698.7,1122.56,OPINET official CSV history
2014-02-12,1880.18,1698.37,1122.6,OPINET official CSV history
2014-02-13,1880.08,1698.15,1122.69,OPINET official CSV history
2014-02-14,1879.89,1697.95,1122.54,OPINET official CSV history
2014-02-15,1879.81,1697.69,1122.38,OPINET official CSV history
2014-02-16,1879.62,1697.39,1122.33,OPINET official CSV history
2014-02-17,1879.59,1697.58,1122.36,OPINET official CSV history
2014-02-18,1880.49,1697.75,1122.23,OPINET official CSV history
2014-02-19,1880.43,1697.61,1122.25,OPINET official CSV history
2014-02-20,1880.46,1697.58,1122.29,OPINET official CSV history
2014-02-21,1880.32,1697.44,1122.07,OPINET official CSV history
2014-02-22,1880.29,1697.35,1122.25,OPINET official CSV history
2014-02-23,1880.23,1697.06,1122.05,OPINET official CSV history
2014-02-24,1880.29,1697.34,1122.03,OPINET official CSV history
2014-02-25,1880.5,1697.62,1121.98,OPINET official CSV history
2014-02-26,1880.55,1697.69,1122.0,OPINET official CSV history
2014-02-27,1880.49,1697.5,1121.91,OPINET official CSV history
2014-02-28,1880.43,1697.53,1121.97,OPINET official CSV history
2014-03-01,1880.52,1697.35,1121.98,OPINET official CSV history
2014-03-02,1880.52,1697.19,1122.02,OPINET official CSV history
2014-03-03,1880.59,1697.44,1122.06,OPINET official CSV history
2014-03-04,1880.89,1697.46,1121.89,OPINET official CSV history
2014-03-05,1881.03,1697.47,1121.93,OPINET official CSV history
2014-03-06,1881.2,1697.44,1121.84,OPINET official CSV history
2014-03-07,1881.57,1697.76,1122.26,OPINET official CSV history
2014-03-08,1881.68,1697.62,1121.8,OPINET official CSV history
2014-03-09,1881.68,1697.44,1121.81,OPINET official CSV history
2014-03-10,1881.83,1697.79,1121.76,OPINET official CSV history
2014-03-11,1881.9,1697.68,1121.44,OPINET official CSV history
2014-03-12,1882.04,1697.54,1121.45,OPINET official CSV history
2014-03-13,1882.1,1697.54,1121.62,OPINET official CSV history
2014-03-14,1881.87,1697.26,1121.65,OPINET official CSV history
2014-03-15,1881.8,1697.0,1121.65,OPINET official CSV history
2014-03-16,1881.77,1696.83,1121.46,OPINET official CSV history
2014-03-17,1881.8,1696.95,1121.7,OPINET official CSV history
2014-03-18,1881.66,1696.52,1121.63,OPINET official CSV history
2014-03-19,1881.47,1696.19,1121.69,OPINET official CSV history
2014-03-20,1881.27,1695.94,1121.53,OPINET official CSV history
2014-03-21,1880.8,1695.33,1122.05,OPINET official CSV history
2014-03-22,1880.6,1694.98,1122.2,OPINET official CSV history
2014-03-23,1880.46,1694.67,1122.01,OPINET official CSV history
2014-03-24,1880.33,1694.7,1122.03,OPINET official CSV history
2014-03-25,1880.02,1694.39,1122.32,OPINET official CSV history
2014-03-26,1879.79,1694.09,1121.78,OPINET official CSV history
2014-03-27,1879.51,1693.82,1121.67,OPINET official CSV history
2014-03-28,1879.34,1693.62,1121.65,OPINET official CSV history
2014-03-29,1879.13,1693.22,1121.64,OPINET official CSV history
2014-03-30,1879.02,1693.02,1121.54,OPINET official CSV history
2014-03-31,1878.94,1693.14,1121.63,OPINET official CSV history
2014-04-01,1878.66,1692.96,1102.03,OPINET official CSV history
2014-04-02,1878.42,1692.75,1099.33,OPINET official CSV history
2014-04-03,1878.43,1692.64,1098.67,OPINET official CSV history
2014-04-04,1878.3,1692.45,1098.23,OPINET official CSV history
2014-04-05,1878.16,1692.11,1098.07,OPINET official CSV history
2014-04-06,1878.08,1691.83,1097.71,OPINET official CSV history
2014-04-07,1877.99,1691.93,1097.8,OPINET official CSV history
2014-04-08,1877.71,1691.4,1097.36,OPINET official CSV history
2014-04-09,1877.47,1691.14,1097.32,OPINET official CSV history
2014-04-10,1877.19,1690.81,1097.1,OPINET official CSV history
2014-04-11,1876.74,1690.21,1097.11,OPINET official CSV history
2014-04-12,1876.56,1689.76,1097.0,OPINET official CSV history
2014-04-13,1876.4,1689.51,1097.06,OPINET official CSV history
2014-04-14,1876.29,1689.5,1097.11,OPINET official CSV history
2014-04-15,1876.08,1689.05,1097.02,OPINET official CSV history
2014-04-16,1876.0,1688.75,1096.85,OPINET official CSV history
2014-04-17,1875.81,1688.45,1097.0,OPINET official CSV history
2014-04-18,1875.46,1688.07,1097.36,OPINET official CSV history
2014-04-19,1875.24,1687.74,1096.87,OPINET official CSV history
2014-04-20,1875.18,1687.52,1096.72,OPINET official CSV history
2014-04-21,1875.0,1687.49,1096.76,OPINET official CSV history
2014-04-22,1874.74,1687.09,1096.82,OPINET official CSV history
2014-04-23,1874.35,1686.66,1096.73,OPINET official CSV history
2014-04-24,1874.04,1686.41,1096.88,OPINET official CSV history
2014-04-25,1873.72,1686.13,1096.67,OPINET official CSV history
2014-04-26,1873.59,1685.95,1096.87,OPINET official CSV history
2014-04-27,1873.38,1685.49,1096.67,OPINET official CSV history
2014-04-28,1873.29,1685.52,1096.71,OPINET official CSV history
2014-04-29,1873.17,1685.42,1096.78,OPINET official CSV history
2014-04-30,1873.05,1685.24,1096.86,OPINET official CSV history
2014-05-01,1872.63,1684.67,1096.52,OPINET official CSV history
2014-05-02,1872.51,1684.58,1096.59,OPINET official CSV history
2014-05-03,1872.47,1684.44,1096.49,OPINET official CSV history
2014-05-04,1872.5,1684.39,1096.39,OPINET official CSV history
2014-05-05,1872.61,1684.48,1096.62,OPINET official CSV history
2014-05-06,1872.78,1684.53,1096.46,OPINET official CSV history
2014-05-07,1872.44,1684.28,1096.31,OPINET official CSV history
2014-05-08,1872.1,1683.99,1096.41,OPINET official CSV history
2014-05-09,1871.77,1683.64,1096.52,OPINET official CSV history
2014-05-10,1871.48,1683.27,1096.42,OPINET official CSV history
2014-05-11,1871.4,1682.91,1096.2,OPINET official CSV history
2014-05-12,1871.18,1682.93,1096.31,OPINET official CSV history
2014-05-13,1870.64,1682.38,1096.35,OPINET official CSV history
2014-05-14,1870.18,1681.9,1096.29,OPINET official CSV history
2014-05-15,1869.67,1681.29,1096.22,OPINET official CSV history
2014-05-16,1869.3,1680.85,1096.31,OPINET official CSV history
2014-05-17,1868.87,1680.29,1096.11,OPINET official CSV history
2014-05-18,1868.74,1680.02,1096.1,OPINET official CSV history
2014-05-19,1868.57,1680.04,1096.15,OPINET official CSV history
2014-05-20,1868.39,1679.7,1096.33,OPINET official CSV history
2014-05-21,1868.12,1679.46,1096.13,OPINET official CSV history
2014-05-22,1867.9,1679.04,1096.16,OPINET official CSV history
2014-05-23,1867.68,1678.88,1096.18,OPINET official CSV history
2014-05-24,1867.37,1678.46,1096.07,OPINET official CSV history
2014-05-25,1867.17,1677.94,1095.99,OPINET official CSV history
2014-05-26,1866.91,1677.81,1096.42,OPINET official CSV history
2014-05-27,1866.71,1677.53,1096.23,OPINET official CSV history
2014-05-28,1866.42,1677.1,1096.07,OPINET official CSV history
2014-05-29,1866.22,1676.75,1096.15,OPINET official CSV history
2014-05-30,1866.03,1676.63,1096.29,OPINET official CSV history
2014-05-31,1865.86,1676.29,1095.96,OPINET official CSV history
2014-06-01,1865.59,1675.73,1066.09,OPINET official CSV history
2014-06-02,1865.21,1675.52,1059.91,OPINET official CSV history
2014-06-03,1865.13,1675.22,1057.49,OPINET official CSV history
2014-06-04,1864.94,1674.9,1057.08,OPINET official CSV history
2014-06-05,1864.72,1674.75,1056.84,OPINET official CSV history
2014-06-06,1864.27,1674.16,1055.88,OPINET official CSV history
2014-06-07,1864.21,1673.98,1055.86,OPINET official CSV history
2014-06-08,1864.0,1673.64,1055.54,OPINET official CSV history
2014-06-09,1863.82,1673.56,1055.72,OPINET official CSV history
2014-06-10,1863.04,1672.69,1055.51,OPINET official CSV history
2014-06-11,1862.34,1671.7,1055.52,OPINET official CSV history
2014-06-12,1861.66,1670.91,1055.33,OPINET official CSV history
2014-06-13,1861.04,1670.28,1055.31,OPINET official CSV history
2014-06-14,1860.63,1669.51,1055.05,OPINET official CSV history
2014-06-15,1860.45,1669.2,1055.02,OPINET official CSV history
2014-06-16,1860.12,1669.01,1054.85,OPINET official CSV history
2014-06-17,1859.85,1668.6,1054.83,OPINET official CSV history
2014-06-18,1859.62,1668.26,1055.12,OPINET official CSV history
2014-06-19,1859.28,1667.83,1054.78,OPINET official CSV history
2014-06-20,1859.11,1667.59,1054.9,OPINET official CSV history
2014-06-21,1859.0,1667.35,1054.77,OPINET official CSV history
2014-06-22,1858.9,1667.1,1054.61,OPINET official CSV history
2014-06-23,1858.95,1667.22,1054.79,OPINET official CSV history
2014-06-24,1859.29,1667.4,1054.71,OPINET official CSV history
2014-06-25,1859.25,1667.32,1054.75,OPINET official CSV history
2014-06-26,1859.25,1667.37,1054.69,OPINET official CSV history
2014-06-27,1859.25,1667.29,1054.65,OPINET official CSV history
2014-06-28,1859.25,1667.12,1054.75,OPINET official CSV history
2014-06-29,1859.22,1666.82,1054.38,OPINET official CSV history
2014-06-30,1859.23,1667.24,1054.89,OPINET official CSV history
2014-07-01,1859.21,1666.85,1054.47,OPINET official CSV history
2014-07-02,1859.27,1666.7,1054.34,OPINET official CSV history
2014-07-03,1859.29,1666.46,1054.17,OPINET official CSV history
2014-07-04,1859.36,1666.41,1054.09,OPINET official CSV history
2014-07-05,1859.35,1666.1,1054.03,OPINET official CSV history
2014-07-06,1859.27,1665.83,1054.15,OPINET official CSV history
2014-07-07,1859.11,1665.75,1054.35,OPINET official CSV history
2014-07-08,1858.67,1665.06,1054.12,OPINET official CSV history
2014-07-09,1858.5,1664.52,1054.19,OPINET official CSV history
2014-07-10,1858.3,1664.12,1054.18,OPINET official CSV history
2014-07-11,1858.02,1663.52,1054.15,OPINET official CSV history
2014-07-12,1857.83,1663.05,1054.15,OPINET official CSV history
2014-07-13,1857.68,1662.61,1053.93,OPINET official CSV history
2014-07-14,1857.36,1662.65,1054.33,OPINET official CSV history
2014-07-15,1857.0,1661.98,1054.26,OPINET official CSV history
2014-07-16,1856.66,1661.49,1054.02,OPINET official CSV history
2014-07-17,1856.3,1660.88,1054.14,OPINET official CSV history
2014-07-18,1856.08,1660.39,1054.03,OPINET official CSV history
2014-07-19,1855.86,1659.97,1054.06,OPINET official CSV history
2014-07-20,1855.82,1659.65,1053.85,OPINET official CSV history
2014-07-21,1855.74,1659.71,1054.06,OPINET official CSV history
2014-07-22,1855.47,1659.31,1053.82,OPINET official CSV history
2014-07-23,1855.13,1658.93,1053.79,OPINET official CSV history
2014-07-24,1854.92,1658.32,1054.07,OPINET official CSV history
2014-07-25,1854.56,1657.95,1054.01,OPINET official CSV history
2014-07-26,1854.28,1657.41,1053.69,OPINET official CSV history
2014-07-27,1854.14,1657.08,1053.6,OPINET official CSV history
2014-07-28,1853.99,1657.09,1054.11,OPINET official CSV history
2014-07-29,1853.53,1656.57,1054.1,OPINET official CSV history
2014-07-30,1853.12,1656.18,1053.65,OPINET official CSV history
2014-07-31,1852.8,1655.77,1053.84,OPINET official CSV history
2014-08-01,1851.68,1654.37,1042.26,OPINET official CSV history
2014-08-02,1851.26,1653.5,1040.93,OPINET official CSV history
2014-08-03,1851.11,1653.24,1039.89,OPINET official CSV history
2014-08-04,1850.83,1652.99,1039.37,OPINET official CSV history
2014-08-05,1850.28,1652.39,1038.5,OPINET official CSV history
2014-08-06,1849.5,1651.6,1038.49,OPINET official CSV history
2014-08-07,1848.89,1650.86,1038.36,OPINET official CSV history
2014-08-08,1848.13,1650.11,1037.81,OPINET official CSV history
2014-08-09,1847.58,1649.91,1037.77,OPINET official CSV history
2014-08-10,1847.22,1649.66,1037.76,OPINET official CSV history
2014-08-11,1847.14,1648.99,1038.02,OPINET official CSV history
2014-08-12,1846.58,1649.24,1037.5,OPINET official CSV history
2014-08-13,1845.23,1647.84,1037.29,OPINET official CSV history
2014-08-14,1844.55,1646.88,1037.17,OPINET official CSV history
2014-08-15,1843.91,1646.15,1037.08,OPINET official CSV history
2014-08-16,1843.41,1645.62,1037.11,OPINET official CSV history
2014-08-17,1843.1,1645.19,1037.22,OPINET official CSV history
2014-08-18,1842.48,1644.83,1037.39,OPINET official CSV history
2014-08-19,1841.5,1643.72,1037.21,OPINET official CSV history
2014-08-20,1840.42,1642.62,1036.85,OPINET official CSV history
2014-08-21,1839.21,1641.46,1037.2,OPINET official CSV history
2014-08-22,1837.81,1640.37,1036.99,OPINET official CSV history
2014-08-23,1836.63,1639.26,1036.75,OPINET official CSV history
2014-08-24,1836.12,1638.49,1036.6,OPINET official CSV history
2014-08-25,1835.33,1637.88,1036.79,OPINET official CSV history
2014-08-26,1833.72,1636.61,1036.67,OPINET official CSV history
2014-08-27,1832.54,1635.31,1036.77,OPINET official CSV history
2014-08-28,1831.21,1634.22,1036.72,OPINET official CSV history
2014-08-29,1830.07,1633.28,1036.66,OPINET official CSV history
2014-08-30,1829.08,1632.35,1036.65,OPINET official CSV history
2014-08-31,1828.67,1631.73,1036.39,OPINET official CSV history
2014-09-01,1826.99,1630.38,1018.89,OPINET official CSV history
2014-09-02,1825.72,1629.14,1016.18,OPINET official CSV history
2014-09-03,1824.81,1628.07,1015.13,OPINET official CSV history
2014-09-04,1823.95,1627.27,1014.58,OPINET official CSV history
2014-09-05,1822.88,1626.44,1014.31,OPINET official CSV history
2014-09-06,1822.01,1625.44,1013.93,OPINET official CSV history
2014-09-07,1821.46,1624.76,1013.67,OPINET official CSV history
2014-09-08,1821.26,1624.56,1013.71,OPINET official CSV history
2014-09-09,1821.11,1624.36,1013.74,OPINET official CSV history
2014-09-10,1820.53,1623.94,1013.56,OPINET official CSV history
2014-09-11,1819.61,1623.46,1013.49,OPINET official CSV history
2014-09-12,1818.49,1622.45,1013.31,OPINET official CSV history
2014-09-13,1817.51,1621.42,1013.06,OPINET official CSV history
2014-09-14,1817.03,1620.74,1013.07,OPINET official CSV history
2014-09-15,1816.09,1620.34,1013.01,OPINET official CSV history
2014-09-16,1814.82,1619.03,1012.72,OPINET official CSV history
2014-09-17,1813.37,1617.59,1012.8,OPINET official CSV history
2014-09-18,1812.1,1616.37,1012.55,OPINET official CSV history
2014-09-19,1810.92,1615.25,1012.33,OPINET official CSV history
2014-09-20,1809.86,1613.98,1012.23,OPINET official CSV history
2014-09-21,1809.38,1613.28,1012.03,OPINET official CSV history
2014-09-22,1808.64,1612.86,1012.51,OPINET official CSV history
2014-09-23,1807.4,1611.62,1011.99,OPINET official CSV history
2014-09-24,1806.22,1610.24,1012.28,OPINET official CSV history
2014-09-25,1805.04,1609.2,1011.95,OPINET official CSV history
2014-09-26,1803.73,1607.93,1012.13,OPINET official CSV history
2014-09-27,1802.81,1607.06,1011.78,OPINET official CSV history
2014-09-28,1802.44,1606.31,1011.64,OPINET official CSV history
2014-09-29,1801.95,1606.17,1012.17,OPINET official CSV history
2014-09-30,1801.05,1605.4,1011.85,OPINET official CSV history
2014-10-01,1798.85,1602.97,1000.98,OPINET official CSV history
2014-10-02,1797.55,1601.73,998.81,OPINET official CSV history
2014-10-03,1796.9,1600.78,998.31,OPINET official CSV history
2014-10-04,1796.31,1600.41,997.72,OPINET official CSV history
2014-10-05,1795.92,1599.73,997.41,OPINET official CSV history
2014-10-06,1795.18,1599.44,997.26,OPINET official CSV history
2014-10-07,1793.86,1598.09,996.63,OPINET official CSV history
2014-10-08,1792.86,1597.06,996.61,OPINET official CSV history
2014-10-09,1791.83,1595.94,996.32,OPINET official CSV history
2014-10-10,1791.12,1595.28,995.89,OPINET official CSV history
2014-10-11,1790.3,1594.23,995.73,OPINET official CSV history
2014-10-12,1789.77,1593.52,995.57,OPINET official CSV history
2014-10-13,1789.03,1593.15,995.7,OPINET official CSV history
2014-10-14,1787.57,1591.57,995.45,OPINET official CSV history
2014-10-15,1786.12,1589.98,995.63,OPINET official CSV history
2014-10-16,1784.35,1588.21,995.26,OPINET official CSV history
2014-10-17,1782.73,1586.36,995.28,OPINET official CSV history
2014-10-18,1781.07,1584.79,995.7,OPINET official CSV history
2014-10-19,1780.4,1583.93,995.39,OPINET official CSV history
2014-10-20,1779.44,1582.99,995.76,OPINET official CSV history
2014-10-21,1776.83,1580.51,995.57,OPINET official CSV history
2014-10-22,1774.31,1578.15,995.67,OPINET official CSV history
2014-10-23,1771.4,1575.13,995.57,OPINET official CSV history
2014-10-24,1768.43,1572.36,995.36,OPINET official CSV history
2014-10-25,1766.03,1569.84,995.37,OPINET official CSV history
2014-10-26,1764.97,1568.5,995.19,OPINET official CSV history
2014-10-27,1763.15,1567.0,995.38,OPINET official CSV history
2014-10-28,1760.6,1564.32,995.41,OPINET official CSV history
2014-10-29,1758.33,1562.09,995.29,OPINET official CSV history
2014-10-30,1756.45,1560.28,995.26,OPINET official CSV history
2014-10-31,1754.86,1558.4,995.32,OPINET official CSV history
2014-11-01,1751.53,1554.89,988.43,OPINET official CSV history
2014-11-02,1750.4,1553.55,986.68,OPINET official CSV history
2014-11-03,1748.84,1552.2,987.05,OPINET official CSV history
2014-11-04,1746.81,1550.21,985.76,OPINET official CSV history
2014-11-05,1744.8,1548.38,985.31,OPINET official CSV history
2014-11-06,1742.7,1546.1,985.23,OPINET official CSV history
2014-11-07,1740.94,1544.44,984.89,OPINET official CSV history
2014-11-08,1739.24,1542.68,984.71,OPINET official CSV history
2014-11-09,1738.52,1541.76,984.48,OPINET official CSV history
2014-11-10,1737.51,1541.1,984.89,OPINET official CSV history
2014-11-11,1735.53,1539.35,984.24,OPINET official CSV history
2014-11-12,1734.03,1538.04,984.39,OPINET official CSV history
2014-11-13,1733.15,1537.07,983.58,OPINET official CSV history
2014-11-14,1732.0,1535.99,983.55,OPINET official CSV history
2014-11-15,1731.01,1534.98,983.21,OPINET official CSV history
2014-11-16,1730.41,1534.05,983.07,OPINET official CSV history
2014-11-17,1729.41,1533.44,983.27,OPINET official CSV history
2014-11-18,1727.85,1532.03,983.3,OPINET official CSV history
2014-11-19,1726.19,1530.42,983.09,OPINET official CSV history
2014-11-20,1724.82,1529.15,983.45,OPINET official CSV history
2014-11-21,1723.2,1527.69,983.14,OPINET official CSV history
2014-11-22,1721.69,1526.0,982.87,OPINET official CSV history
2014-11-23,1720.94,1525.11,982.66,OPINET official CSV history
2014-11-24,1719.61,1524.28,983.53,OPINET official CSV history
2014-11-25,1717.5,1522.31,983.08,OPINET official CSV history
2014-11-26,1715.39,1520.43,983.08,OPINET official CSV history
2014-11-27,1713.51,1518.64,982.96,OPINET official CSV history
2014-11-28,1711.74,1517.07,983.06,OPINET official CSV history
2014-11-29,1709.95,1515.42,982.88,OPINET official CSV history
2014-11-30,1708.88,1513.99,982.59,OPINET official CSV history
2014-12-01,1705.98,1510.71,940.59,OPINET official CSV history
2014-12-02,1702.39,1508.33,929.86,OPINET official CSV history
2014-12-03,1700.12,1506.17,927.98,OPINET official CSV history
2014-12-04,1697.66,1503.65,926.53,OPINET official CSV history
2014-12-05,1695.18,1501.49,926.31,OPINET official CSV history
2014-12-06,1693.09,1499.33,925.34,OPINET official CSV history
2014-12-07,1692.0,1497.97,925.12,OPINET official CSV history
2014-12-08,1690.34,1496.85,925.61,OPINET official CSV history
2014-12-09,1686.76,1493.53,925.05,OPINET official CSV history
2014-12-10,1682.24,1489.25,924.67,OPINET official CSV history
2014-12-11,1677.6,1484.97,924.32,OPINET official CSV history
2014-12-12,1672.28,1480.07,924.17,OPINET official CSV history
2014-12-13,1667.95,1476.03,924.14,OPINET official CSV history
2014-12-14,1665.67,1473.7,923.32,OPINET official CSV history
2014-12-15,1662.06,1470.43,924.71,OPINET official CSV history
2014-12-16,1656.51,1465.09,924.31,OPINET official CSV history
2014-12-17,1651.12,1460.22,923.68,OPINET official CSV history
2014-12-18,1644.85,1454.04,923.37,OPINET official CSV history
2014-12-19,1638.69,1448.18,924.0,OPINET official CSV history
2014-12-20,1633.6,1443.4,923.53,OPINET official CSV history
2014-12-21,1631.15,1440.74,922.91,OPINET official CSV history
2014-12-22,1627.1,1437.47,923.09,OPINET official CSV history
2014-12-23,1620.94,1431.31,923.57,OPINET official CSV history
2014-12-24,1615.01,1426.09,922.98,OPINET official CSV history
2014-12-25,1610.86,1421.66,923.1,OPINET official CSV history
2014-12-26,1607.5,1419.08,923.39,OPINET official CSV history
2014-12-27,1603.84,1415.45,922.77,OPINET official CSV history
2014-12-28,1601.86,1413.62,922.37,OPINET official CSV history
2014-12-29,1598.94,1411.46,923.62,OPINET official CSV history
2014-12-30,1594.85,1407.79,923.33,OPINET official CSV history
2014-12-31,1591.98,1405.38,923.21,OPINET official CSV history
2015-01-01,1587.31,1399.99,899.84,OPINET official CSV history
2015-01-02,1583.94,1397.5,894.74,OPINET official CSV history
2015-01-03,1580.04,1393.97,892.77,OPINET official CSV history
2015-01-04,1576.8,1391.01,891.83,OPINET official CSV history
2015-01-05,1574.43,1389.08,891.72,OPINET official CSV history
2015-01-06,1569.7,1384.87,890.37,OPINET official CSV history
2015-01-07,1564.04,1380.06,890.34,OPINET official CSV history
2015-01-08,1558.9,1375.62,890.01,OPINET official CSV history
2015-01-09,1553.5,1371.0,888.83,OPINET official CSV history
2015-01-10,1547.42,1365.63,887.74,OPINET official CSV history
2015-01-11,1544.35,1362.95,887.39,OPINET official CSV history
2015-01-12,1540.37,1359.51,887.61,OPINET official CSV history
2015-01-13,1532.39,1352.35,887.16,OPINET official CSV history
2015-01-14,1524.05,1345.01,887.16,OPINET official CSV history
2015-01-15,1514.91,1337.26,886.98,OPINET official CSV history
2015-01-16,1504.89,1328.8,886.12,OPINET official CSV history
2015-01-17,1496.7,1321.81,886.02,OPINET official CSV history
2015-01-18,1493.03,1318.59,885.71,OPINET official CSV history
2015-01-19,1487.27,1314.39,885.94,OPINET official CSV history
2015-01-20,1477.8,1306.49,885.8,OPINET official CSV history
2015-01-21,1468.93,1299.88,886.02,OPINET official CSV history
2015-01-22,1461.23,1293.85,885.69,OPINET official CSV history
2015-01-23,1453.69,1288.2,885.54,OPINET official CSV history
2015-01-24,1447.97,1283.59,885.15,OPINET official CSV history
2015-01-25,1444.92,1281.01,884.9,OPINET official CSV history
2015-01-26,1440.86,1278.11,884.89,OPINET official CSV history
2015-01-27,1434.8,1273.63,884.57,OPINET official CSV history
2015-01-28,1430.24,1269.86,884.81,OPINET official CSV history
2015-01-29,1425.61,1266.38,884.26,OPINET official CSV history
2015-01-30,1422.01,1263.61,885.29,OPINET official CSV history
2015-01-31,1419.11,1261.36,885.23,OPINET official CSV history
2015-02-01,1416.41,1259.09,832.05,OPINET official CSV history
2015-02-02,1413.88,1257.22,822.75,OPINET official CSV history
2015-02-03,1411.25,1255.15,818.59,OPINET official CSV history
2015-02-04,1410.11,1254.47,811.71,OPINET official CSV history
2015-02-05,1409.74,1254.21,809.63,OPINET official CSV history
2015-02-06,1409.82,1254.27,808.86,OPINET official CSV history
2015-02-07,1410.59,1254.68,808.17,OPINET official CSV history
2015-02-08,1410.96,1254.67,807.44,OPINET official CSV history
2015-02-09,1411.86,1255.7,808.36,OPINET official CSV history
2015-02-10,1415.54,1258.47,808.26,OPINET official CSV history
2015-02-11,1420.67,1263.0,807.72,OPINET official CSV history
2015-02-12,1424.82,1266.29,807.77,OPINET official CSV history
2015-02-13,1428.39,1269.31,807.48,OPINET official CSV history
2015-02-14,1433.49,1273.23,807.18,OPINET official CSV history
2015-02-15,1436.24,1275.21,807.13,OPINET official CSV history
2015-02-16,1440.21,1278.58,807.42,OPINET official CSV history
2015-02-17,1448.15,1285.13,807.04,OPINET official CSV history
2015-02-18,1455.67,1290.35,807.22,OPINET official CSV history
2015-02-19,1458.18,1292.03,806.68,OPINET official CSV history
2015-02-20,1460.06,1293.38,806.71,OPINET official CSV history
2015-02-21,1462.04,1294.96,806.68,OPINET official CSV history
2015-02-22,1463.26,1295.6,806.67,OPINET official CSV history
2015-02-23,1465.55,1297.69,806.92,OPINET official CSV history
2015-02-24,1470.24,1301.4,806.67,OPINET official CSV history
2015-02-25,1473.61,1304.12,807.29,OPINET official CSV history
2015-02-26,1476.36,1306.49,807.42,OPINET official CSV history
2015-02-27,1479.16,1308.39,808.16,OPINET official CSV history
2015-02-28,1481.31,1309.89,806.85,OPINET official CSV history
2015-03-01,1484.13,1311.53,806.62,OPINET official CSV history
2015-03-02,1486.66,1313.88,806.67,OPINET official CSV history
2015-03-03,1489.48,1315.72,806.41,OPINET official CSV history
2015-03-04,1492.65,1318.11,806.62,OPINET official CSV history
2015-03-05,1495.4,1320.05,806.89,OPINET official CSV history
2015-03-06,1497.2,1321.14,806.37,OPINET official CSV history
2015-03-07,1499.25,1322.6,807.09,OPINET official CSV history
2015-03-08,1500.31,1322.97,806.36,OPINET official CSV history
2015-03-09,1503.27,1325.33,806.99,OPINET official CSV history
2015-03-10,1506.29,1327.36,806.83,OPINET official CSV history
2015-03-11,1509.65,1329.39,807.06,OPINET official CSV history
2015-03-12,1511.76,1330.81,806.49,OPINET official CSV history
2015-03-13,1513.36,1331.88,806.02,OPINET official CSV history
2015-03-14,1514.6,1332.41,806.31,OPINET official CSV history
2015-03-15,1515.06,1332.54,806.33,OPINET official CSV history
2015-03-16,1515.93,1333.4,806.29,OPINET official CSV history
2015-03-17,1516.46,1333.56,806.23,OPINET official CSV history
2015-03-18,1516.49,1333.26,806.36,OPINET official CSV history
2015-03-19,1516.22,1332.8,805.97,OPINET official CSV history
2015-03-20,1515.78,1332.35,806.03,OPINET official CSV history
2015-03-21,1515.35,1331.55,805.83,OPINET official CSV history
2015-03-22,1515.11,1330.85,805.87,OPINET official CSV history
2015-03-23,1514.7,1330.94,806.69,OPINET official CSV history
2015-03-24,1513.74,1329.71,806.17,OPINET official CSV history
2015-03-25,1512.95,1328.76,806.05,OPINET official CSV history
2015-03-26,1512.06,1327.78,806.24,OPINET official CSV history
2015-03-27,1511.57,1327.12,806.09,OPINET official CSV history
2015-03-28,1511.21,1326.49,806.08,OPINET official CSV history
2015-03-29,1511.02,1325.99,805.68,OPINET official CSV history
2015-03-30,1510.7,1325.85,806.55,OPINET official CSV history
2015-03-31,1510.53,1325.48,806.32,OPINET official CSV history
2015-04-01,1510.64,1325.32,825.0,OPINET official CSV history
2015-04-02,1510.14,1324.72,825.77,OPINET official CSV history
2015-04-03,1509.8,1324.22,826.78,OPINET official CSV history
2015-04-04,1509.23,1323.55,826.69,OPINET official CSV history
2015-04-05,1508.95,1322.84,827.01,OPINET official CSV history
2015-04-06,1508.84,1322.78,827.43,OPINET official CSV history
2015-04-07,1508.26,1322.0,827.74,OPINET official CSV history
2015-04-08,1507.73,1321.39,827.55,OPINET official CSV history
2015-04-09,1507.46,1320.94,827.37,OPINET official CSV history
2015-04-10,1507.05,1320.5,827.19,OPINET official CSV history
2015-04-11,1506.57,1319.76,827.2,OPINET official CSV history
2015-04-12,1506.45,1319.41,826.99,OPINET official CSV history
2015-04-13,1506.32,1319.39,827.1,OPINET official CSV history
2015-04-14,1505.82,1318.75,827.61,OPINET official CSV history
2015-04-15,1505.4,1318.36,827.03,OPINET official CSV history
2015-04-16,1505.08,1317.87,827.08,OPINET official CSV history
2015-04-17,1504.86,1317.63,827.01,OPINET official CSV history
2015-04-18,1504.72,1317.57,826.71,OPINET official CSV history
2015-04-19,1504.61,1317.0,826.82,OPINET official CSV history
2015-04-20,1504.77,1317.33,827.25,OPINET official CSV history
2015-04-21,1506.01,1318.27,826.95,OPINET official CSV history
2015-04-22,1506.59,1318.64,827.06,OPINET official CSV history
2015-04-23,1506.86,1318.71,826.92,OPINET official CSV history
2015-04-24,1507.29,1319.0,827.11,OPINET official CSV history
2015-04-25,1507.56,1319.09,826.87,OPINET official CSV history
2015-04-26,1507.82,1318.86,826.98,OPINET official CSV history
2015-04-27,1508.22,1319.53,827.09,OPINET official CSV history
2015-04-28,1509.45,1320.26,827.25,OPINET official CSV history
2015-04-29,1510.16,1320.68,827.09,OPINET official CSV history
2015-04-30,1510.71,1321.04,827.13,OPINET official CSV history
2015-05-01,1512.19,1321.68,820.15,OPINET official CSV history
2015-05-02,1513.22,1322.41,819.34,OPINET official CSV history
2015-05-03,1513.62,1322.22,818.66,OPINET official CSV history
2015-05-04,1514.4,1323.13,819.13,OPINET official CSV history
2015-05-05,1516.14,1323.87,818.63,OPINET official CSV history
2015-05-06,1517.43,1324.85,818.52,OPINET official CSV history
2015-05-07,1519.81,1326.34,818.6,OPINET official CSV history
2015-05-08,1522.99,1328.56,818.2,OPINET official CSV history
2015-05-09,1525.62,1330.33,817.99,OPINET official CSV history
2015-05-10,1526.8,1330.98,818.04,OPINET official CSV history
2015-05-11,1528.95,1332.71,818.39,OPINET official CSV history
2015-05-12,1532.2,1335.7,818.07,OPINET official CSV history
2015-05-13,1535.0,1338.0,817.79,OPINET official CSV history
2015-05-14,1537.9,1340.17,817.76,OPINET official CSV history
2015-05-15,1540.82,1342.59,817.65,OPINET official CSV history
2015-05-16,1543.96,1344.96,817.88,OPINET official CSV history
2015-05-17,1545.39,1345.73,817.59,OPINET official CSV history
2015-05-18,1548.11,1348.86,818.39,OPINET official CSV history
2015-05-19,1551.36,1350.74,817.94,OPINET official CSV history
2015-05-20,1553.77,1352.68,818.03,OPINET official CSV history
2015-05-21,1555.96,1354.32,818.07,OPINET official CSV history
2015-05-22,1558.21,1356.11,818.01,OPINET official CSV history
2015-05-23,1560.62,1357.69,817.96,OPINET official CSV history
2015-05-24,1561.72,1358.32,817.81,OPINET official CSV history
2015-05-25,1563.01,1359.43,817.84,OPINET official CSV history
2015-05-26,1564.95,1360.77,817.98,OPINET official CSV history
2015-05-27,1566.68,1361.86,817.9,OPINET official CSV history
2015-05-28,1567.87,1362.64,817.73,OPINET official CSV history
2015-05-29,1568.81,1363.36,818.08,OPINET official CSV history
2015-05-30,1569.63,1363.74,817.87,OPINET official CSV history
2015-05-31,1570.18,1364.0,817.75,OPINET official CSV history
2015-06-01,1571.55,1365.32,817.68,OPINET official CSV history
2015-06-02,1572.4,1365.77,817.67,OPINET official CSV history
2015-06-03,1573.51,1366.49,817.55,OPINET official CSV history
2015-06-04,1574.42,1367.04,817.32,OPINET official CSV history
2015-06-05,1575.14,1367.48,817.19,OPINET official CSV history
2015-06-06,1575.56,1367.59,817.61,OPINET official CSV history
2015-06-07,1575.86,1367.53,817.15,OPINET official CSV history
2015-06-08,1576.18,1367.98,817.3,OPINET official CSV history
2015-06-09,1576.8,1368.17,817.45,OPINET official CSV history
2015-06-10,1577.23,1368.45,817.33,OPINET official CSV history
2015-06-11,1577.63,1368.53,817.09,OPINET official CSV history
2015-06-12,1578.28,1368.78,817.2,OPINET official CSV history
2015-06-13,1578.92,1368.89,816.88,OPINET official CSV history
2015-06-14,1579.21,1368.72,817.02,OPINET official CSV history
2015-06-15,1579.67,1369.28,817.39,OPINET official CSV history
2015-06-16,1581.36,1369.73,817.06,OPINET official CSV history
2015-06-17,1582.09,1369.97,816.92,OPINET official CSV history
2015-06-18,1582.68,1370.09,817.08,OPINET official CSV history
2015-06-19,1583.28,1370.32,817.01,OPINET official CSV history
2015-06-20,1583.69,1370.27,816.9,OPINET official CSV history
2015-06-21,1583.73,1370.12,816.93,OPINET official CSV history
2015-06-22,1584.09,1370.5,817.32,OPINET official CSV history
2015-06-23,1584.35,1370.25,817.09,OPINET official CSV history
2015-06-24,1584.58,1370.13,817.07,OPINET official CSV history
2015-06-25,1584.71,1369.82,817.07,OPINET official CSV history
2015-06-26,1584.84,1369.7,817.17,OPINET official CSV history
2015-06-27,1584.8,1369.41,817.22,OPINET official CSV history
2015-06-28,1584.76,1369.09,817.1,OPINET official CSV history
2015-06-29,1584.88,1369.47,817.14,OPINET official CSV history
2015-06-30,1584.68,1369.15,817.39,OPINET official CSV history
2015-07-01,1584.5,1368.52,808.02,OPINET official CSV history
2015-07-02,1584.36,1368.1,806.76,OPINET official CSV history
2015-07-03,1584.2,1367.9,805.93,OPINET official CSV history
2015-07-04,1583.95,1367.19,805.78,OPINET official CSV history
2015-07-05,1583.87,1366.83,805.59,OPINET official CSV history
2015-07-06,1583.79,1366.8,805.53,OPINET official CSV history
2015-07-07,1583.38,1366.01,805.27,OPINET official CSV history
2015-07-08,1582.89,1365.21,805.33,OPINET official CSV history
2015-07-09,1582.36,1364.34,805.45,OPINET official CSV history
2015-07-10,1581.57,1363.14,804.84,OPINET official CSV history
2015-07-11,1580.71,1361.65,804.56,OPINET official CSV history
2015-07-12,1580.41,1360.92,804.46,OPINET official CSV history
2015-07-13,1580.03,1360.49,804.78,OPINET official CSV history
2015-07-14,1579.08,1358.87,804.5,OPINET official CSV history
2015-07-15,1578.23,1357.29,804.32,OPINET official CSV history
2015-07-16,1577.4,1355.86,804.47,OPINET official CSV history
2015-07-17,1575.89,1354.14,804.35,OPINET official CSV history
2015-07-18,1574.77,1352.6,804.17,OPINET official CSV history
2015-07-19,1574.28,1351.78,804.0,OPINET official CSV history
2015-07-20,1573.6,1350.95,804.68,OPINET official CSV history
2015-07-21,1572.66,1349.15,804.33,OPINET official CSV history
2015-07-22,1571.76,1347.83,803.67,OPINET official CSV history
2015-07-23,1570.57,1346.11,803.71,OPINET official CSV history
2015-07-24,1569.63,1344.64,804.01,OPINET official CSV history
2015-07-25,1568.59,1343.18,803.42,OPINET official CSV history
2015-07-26,1568.14,1342.25,803.32,OPINET official CSV history
2015-07-27,1567.45,1341.44,803.86,OPINET official CSV history
2015-07-28,1566.15,1339.75,803.46,OPINET official CSV history
2015-07-29,1564.98,1338.15,803.7,OPINET official CSV history
2015-07-30,1564.12,1336.88,803.79,OPINET official CSV history
2015-07-31,1563.34,1335.99,803.96,OPINET official CSV history
2015-08-01,1561.97,1333.6,804.17,OPINET official CSV history
2015-08-02,1561.53,1332.74,804.24,OPINET official CSV history
2015-08-03,1560.91,1331.98,804.8,OPINET official CSV history
2015-08-04,1559.64,1330.14,804.04,OPINET official CSV history
2015-08-05,1558.65,1328.42,804.14,OPINET official CSV history
2015-08-06,1557.68,1326.76,803.96,OPINET official CSV history
2015-08-07,1556.66,1325.0,804.1,OPINET official CSV history
2015-08-08,1555.54,1323.35,803.99,OPINET official CSV history
2015-08-09,1554.97,1322.3,803.85,OPINET official CSV history
2015-08-10,1554.09,1321.19,803.93,OPINET official CSV history
2015-08-11,1552.43,1318.78,804.27,OPINET official CSV history
2015-08-12,1551.12,1316.74,803.86,OPINET official CSV history
2015-08-13,1549.67,1314.57,804.44,OPINET official CSV history
2015-08-14,1548.01,1312.37,804.05,OPINET official CSV history
2015-08-15,1547.37,1311.07,803.91,OPINET official CSV history
2015-08-16,1546.78,1310.08,803.96,OPINET official CSV history
2015-08-17,1545.61,1308.67,803.97,OPINET official CSV history
2015-08-18,1543.86,1306.05,804.19,OPINET official CSV history
2015-08-19,1542.11,1303.94,804.0,OPINET official CSV history
2015-08-20,1540.47,1301.72,804.0,OPINET official CSV history
2015-08-21,1538.62,1298.67,803.99,OPINET official CSV history
2015-08-22,1536.83,1296.15,803.75,OPINET official CSV history
2015-08-23,1535.99,1294.75,803.72,OPINET official CSV history
2015-08-24,1534.64,1293.53,803.67,OPINET official CSV history
2015-08-25,1532.13,1290.22,803.77,OPINET official CSV history
2015-08-26,1529.74,1287.14,803.99,OPINET official CSV history
2015-08-27,1527.31,1284.01,803.95,OPINET official CSV history
2015-08-28,1525.2,1281.31,803.8,OPINET official CSV history
2015-08-29,1523.83,1279.36,803.85,OPINET official CSV history
2015-08-30,1523.31,1278.32,803.56,OPINET official CSV history
2015-08-31,1522.64,1277.88,804.09,OPINET official CSV history
2015-09-01,1520.29,1274.56,796.95,OPINET official CSV history
2015-09-02,1519.15,1272.88,796.05,OPINET official CSV history
2015-09-03,1518.04,1271.33,795.42,OPINET official CSV history
2015-09-04,1517.06,1270.18,795.3,OPINET official CSV history
2015-09-05,1516.11,1268.87,794.93,OPINET official CSV history
2015-09-06,1515.75,1268.12,794.85,OPINET official CSV history
2015-09-07,1515.28,1267.82,795.09,OPINET official CSV history
2015-09-08,1515.27,1267.91,794.74,OPINET official CSV history
2015-09-09,1514.76,1267.03,794.7,OPINET official CSV history
2015-09-10,1514.26,1266.36,794.64,OPINET official CSV history
2015-09-11,1513.75,1265.83,794.41,OPINET official CSV history
2015-09-12,1513.27,1265.48,794.27,OPINET official CSV history
2015-09-13,1513.1,1264.84,794.11,OPINET official CSV history
2015-09-14,1512.85,1265.09,794.11,OPINET official CSV history
2015-09-15,1512.54,1264.67,794.2,OPINET official CSV history
2015-09-16,1511.89,1264.06,794.2,OPINET official CSV history
2015-09-17,1511.22,1263.14,794.17,OPINET official CSV history
2015-09-18,1510.21,1262.28,794.07,OPINET official CSV history
2015-09-19,1509.6,1261.57,793.98,OPINET official CSV history
2015-09-20,1509.17,1260.87,794.03,OPINET official CSV history
2015-09-21,1508.82,1260.92,794.29,OPINET official CSV history
2015-09-22,1508.07,1260.02,793.81,OPINET official CSV history
2015-09-23,1507.12,1259.15,793.96,OPINET official CSV history
2015-09-24,1506.39,1258.47,793.86,OPINET official CSV history
2015-09-25,1505.75,1258.01,793.78,OPINET official CSV history
2015-09-26,1505.21,1257.14,794.04,OPINET official CSV history
2015-09-27,1505.04,1256.67,793.86,OPINET official CSV history
2015-09-28,1504.96,1256.62,794.03,OPINET official CSV history
2015-09-29,1505.03,1256.64,793.92,OPINET official CSV history
2015-09-30,1504.76,1256.87,794.16,OPINET official CSV history
2015-10-01,1503.91,1255.89,772.07,OPINET official CSV history
2015-10-02,1503.71,1255.67,768.57,OPINET official CSV history
2015-10-03,1503.08,1254.99,767.3,OPINET official CSV history
2015-10-04,1502.84,1254.47,766.88,OPINET official CSV history
2015-10-05,1502.49,1254.54,766.51,OPINET official CSV history
2015-10-06,1502.15,1254.27,766.5,OPINET official CSV history
2015-10-07,1501.64,1253.99,765.41,OPINET official CSV history
2015-10-08,1501.45,1253.86,764.85,OPINET official CSV history
2015-10-09,1501.19,1253.66,764.44,OPINET official CSV history
2015-10-10,1501.22,1253.45,764.44,OPINET official CSV history
2015-10-11,1501.25,1253.21,764.11,OPINET official CSV history
2015-10-12,1501.37,1254.01,764.18,OPINET official CSV history
2015-10-13,1501.4,1254.23,764.14,OPINET official CSV history
2015-10-14,1501.27,1254.35,764.15,OPINET official CSV history
2015-10-15,1501.02,1254.38,763.79,OPINET official CSV history
2015-10-16,1500.68,1254.1,764.02,OPINET official CSV history
2015-10-17,1500.22,1253.58,763.39,OPINET official CSV history
2015-10-18,1500.13,1253.17,763.35,OPINET official CSV history
2015-10-19,1500.06,1253.66,762.44,OPINET official CSV history
2015-10-20,1499.36,1252.79,762.61,OPINET official CSV history
2015-10-21,1498.61,1252.17,762.47,OPINET official CSV history
2015-10-22,1497.57,1251.33,762.31,OPINET official CSV history
2015-10-23,1496.3,1250.25,761.91,OPINET official CSV history
2015-10-24,1495.18,1249.07,761.8,OPINET official CSV history
2015-10-25,1494.74,1248.45,761.83,OPINET official CSV history
2015-10-26,1494.14,1248.54,762.23,OPINET official CSV history
2015-10-27,1492.85,1247.21,762.09,OPINET official CSV history
2015-10-28,1491.5,1246.35,762.26,OPINET official CSV history
2015-10-29,1490.09,1245.42,762.09,OPINET official CSV history
2015-10-30,1489.15,1244.65,762.4,OPINET official CSV history
2015-10-31,1488.27,1243.83,762.26,OPINET official CSV history
2015-11-01,1487.32,1242.9,761.77,OPINET official CSV history
2015-11-02,1486.62,1242.73,761.67,OPINET official CSV history
2015-11-03,1485.8,1242.47,761.51,OPINET official CSV history
2015-11-04,1484.88,1241.59,761.64,OPINET official CSV history
2015-11-05,1483.82,1240.64,761.48,OPINET official CSV history
2015-11-06,1482.93,1240.02,761.51,OPINET official CSV history
2015-11-07,1481.57,1238.78,761.58,OPINET official CSV history
2015-11-08,1481.3,1238.37,761.58,OPINET official CSV history
2015-11-09,1480.63,1238.39,761.38,OPINET official CSV history
2015-11-10,1479.73,1238.23,761.38,OPINET official CSV history
2015-11-11,1478.81,1237.75,761.57,OPINET official CSV history
2015-11-12,1477.75,1237.17,761.51,OPINET official CSV history
2015-11-13,1476.76,1236.28,761.29,OPINET official CSV history
2015-11-14,1475.88,1235.67,761.35,OPINET official CSV history
2015-11-15,1475.32,1235.22,763.56,OPINET official CSV history
2015-11-16,1474.51,1235.34,765.02,OPINET official CSV history
2015-11-17,1473.35,1234.64,762.61,OPINET official CSV history
2015-11-18,1472.28,1233.95,762.04,OPINET official CSV history
2015-11-19,1470.98,1233.25,762.18,OPINET official CSV history
2015-11-20,1469.3,1232.55,762.28,OPINET official CSV history
2015-11-21,1467.88,1231.58,761.97,OPINET official CSV history
2015-11-22,1467.21,1230.99,762.02,OPINET official CSV history
2015-11-23,1466.33,1230.99,762.41,OPINET official CSV history
2015-11-24,1464.51,1230.13,762.21,OPINET official CSV history
2015-11-25,1462.86,1229.21,762.45,OPINET official CSV history
2015-11-26,1461.49,1228.69,762.35,OPINET official CSV history
2015-11-27,1460.49,1228.3,762.14,OPINET official CSV history
2015-11-28,1459.49,1227.68,761.94,OPINET official CSV history
2015-11-29,1458.99,1227.14,761.84,OPINET official CSV history
2015-11-30,1458.46,1227.51,762.16,OPINET official CSV history
2015-12-01,1456.21,1226.25,779.96,OPINET official CSV history
2015-12-02,1455.41,1225.8,781.34,OPINET official CSV history
2015-12-03,1454.21,1225.36,781.77,OPINET official CSV history
2015-12-04,1453.02,1224.75,781.97,OPINET official CSV history
2015-12-05,1451.82,1224.13,782.19,OPINET official CSV history
2015-12-06,1451.08,1223.54,782.13,OPINET official CSV history
2015-12-07,1450.18,1223.61,782.08,OPINET official CSV history
2015-12-08,1448.33,1222.53,782.19,OPINET official CSV history
2015-12-09,1446.49,1221.6,782.15,OPINET official CSV history
2015-12-10,1444.38,1220.27,782.29,OPINET official CSV history
2015-12-11,1442.33,1219.24,782.36,OPINET official CSV history
2015-12-12,1439.86,1217.62,782.6,OPINET official CSV history
2015-12-13,1438.91,1216.68,782.24,OPINET official CSV history
2015-12-14,1437.21,1216.02,782.36,OPINET official CSV history
2015-12-15,1434.88,1214.3,782.63,OPINET official CSV history
2015-12-16,1432.55,1212.75,782.73,OPINET official CSV history
2015-12-17,1430.53,1211.19,782.57,OPINET official CSV history
2015-12-18,1428.59,1209.91,782.6,OPINET official CSV history
2015-12-19,1426.59,1207.79,782.35,OPINET official CSV history
2015-12-20,1425.65,1206.81,782.14,OPINET official CSV history
2015-12-21,1423.95,1205.64,782.45,OPINET official CSV history
2015-12-22,1421.65,1203.27,781.91,OPINET official CSV history
2015-12-23,1419.48,1200.81,781.93,OPINET official CSV history
2015-12-24,1417.55,1199.15,781.84,OPINET official CSV history
2015-12-25,1415.77,1197.31,781.87,OPINET official CSV history
2015-12-26,1414.95,1196.69,781.86,OPINET official CSV history
2015-12-27,1414.27,1195.84,781.58,OPINET official CSV history
2015-12-28,1413.21,1195.34,782.08,OPINET official CSV history
2015-12-29,1411.53,1193.74,781.97,OPINET official CSV history
2015-12-30,1410.19,1192.36,782.09,OPINET official CSV history
2015-12-31,1409.35,1191.45,782.28,OPINET official CSV history
2016-01-01,1407.15,1188.71,782.23,OPINET official CSV history
2016-01-02,1405.98,1187.91,782.36,OPINET official CSV history
2016-01-03,1405.33,1187.1,782.48,OPINET official CSV history
2016-01-04,1403.84,1185.85,782.49,OPINET official CSV history
2016-01-05,1402.25,1184.01,782.86,OPINET official CSV history
2016-01-06,1400.78,1182.44,782.69,OPINET official CSV history
2016-01-07,1399.15,1180.44,782.98,OPINET official CSV history
2016-01-08,1397.36,1178.04,782.76,OPINET official CSV history
2016-01-09,1395.62,1175.5,782.24,OPINET official CSV history
2016-01-10,1394.79,1174.3,782.2,OPINET official CSV history
2016-01-11,1393.53,1172.86,782.27,OPINET official CSV history
2016-01-12,1391.91,1170.17,782.16,OPINET official CSV history
2016-01-13,1390.32,1167.57,781.97,OPINET official CSV history
2016-01-14,1388.78,1164.76,782.12,OPINET official CSV history
2016-01-15,1387.16,1161.8,781.84,OPINET official CSV history
2016-01-16,1384.83,1158.36,781.86,OPINET official CSV history
2016-01-17,1383.82,1156.54,781.58,OPINET official CSV history
2016-01-18,1382.41,1154.25,781.82,OPINET official CSV history
2016-01-19,1379.99,1150.54,781.75,OPINET official CSV history
2016-01-20,1378.33,1147.64,781.63,OPINET official CSV history
2016-01-21,1376.56,1144.35,781.59,OPINET official CSV history
2016-01-22,1374.76,1140.8,781.75,OPINET official CSV history
2016-01-23,1373.35,1137.97,781.71,OPINET official CSV history
2016-01-24,1372.69,1136.39,781.37,OPINET official CSV history
2016-01-25,1371.97,1135.33,781.63,OPINET official CSV history
2016-01-26,1370.04,1131.93,781.89,OPINET official CSV history
2016-01-27,1368.42,1128.92,781.68,OPINET official CSV history
2016-01-28,1366.94,1126.12,781.9,OPINET official CSV history
2016-01-29,1365.79,1124.11,781.6,OPINET official CSV history
2016-01-30,1364.86,1122.4,781.62,OPINET official CSV history
2016-01-31,1364.37,1120.97,781.44,OPINET official CSV history
2016-02-01,1363.04,1118.75,774.16,OPINET official CSV history
2016-02-02,1362.19,1117.02,773.22,OPINET official CSV history
2016-02-03,1361.18,1115.02,773.42,OPINET official CSV history
2016-02-04,1360.25,1113.01,772.96,OPINET official CSV history
2016-02-05,1359.75,1111.98,772.94,OPINET official CSV history
2016-02-06,1359.05,1110.29,772.54,OPINET official CSV history
2016-02-07,1358.65,1109.39,772.18,OPINET official CSV history
2016-02-08,1358.5,1109.05,772.47,OPINET official CSV history
2016-02-09,1358.41,1108.73,772.34,OPINET official CSV history
2016-02-10,1358.06,1108.27,772.26,OPINET official CSV history
2016-02-11,1356.99,1107.26,772.49,OPINET official CSV history
2016-02-12,1355.48,1104.71,771.9,OPINET official CSV history
2016-02-13,1354.01,1102.64,771.88,OPINET official CSV history
2016-02-14,1353.17,1101.51,771.92,OPINET official CSV history
2016-02-15,1352.28,1100.93,772.0,OPINET official CSV history
2016-02-16,1350.34,1098.49,771.77,OPINET official CSV history
2016-02-17,1348.76,1096.73,771.79,OPINET official CSV history
2016-02-18,1347.55,1095.22,771.69,OPINET official CSV history
2016-02-19,1346.59,1094.2,771.66,OPINET official CSV history
2016-02-20,1345.74,1093.17,771.59,OPINET official CSV history
2016-02-21,1345.43,1092.36,771.55,OPINET official CSV history
2016-02-22,1344.98,1092.17,771.64,OPINET official CSV history
2016-02-23,1344.25,1091.84,771.64,OPINET official CSV history
2016-02-24,1343.66,1091.53,771.6,OPINET official CSV history
2016-02-25,1343.08,1090.86,771.43,OPINET official CSV history
2016-02-26,1342.29,1090.25,771.34,OPINET official CSV history
2016-02-27,1341.76,1089.49,771.24,OPINET official CSV history
2016-02-28,1341.4,1088.76,771.14,OPINET official CSV history
2016-02-29,1341.37,1089.29,771.29,OPINET official CSV history
2016-03-01,1340.74,1088.41,748.98,OPINET official CSV history
2016-03-02,1340.27,1088.33,745.59,OPINET official CSV history
2016-03-03,1340.13,1088.29,744.69,OPINET official CSV history
2016-03-04,1339.83,1088.06,743.89,OPINET official CSV history
2016-03-05,1339.72,1087.84,743.25,OPINET official CSV history
2016-03-06,1339.69,1087.61,742.97,OPINET official CSV history
2016-03-07,1339.72,1088.15,742.95,OPINET official CSV history
2016-03-08,1340.13,1089.14,742.47,OPINET official CSV history
2016-03-09,1341.06,1090.68,742.4,OPINET official CSV history
2016-03-10,1341.53,1091.69,742.21,OPINET official CSV history
2016-03-11,1342.6,1093.17,742.04,OPINET official CSV history
2016-03-12,1343.85,1094.88,741.94,OPINET official CSV history
2016-03-13,1344.49,1095.27,741.62,OPINET official CSV history
2016-03-14,1345.83,1097.75,742.0,OPINET official CSV history
2016-03-15,1348.46,1100.78,741.64,OPINET official CSV history
2016-03-16,1350.27,1103.27,741.48,OPINET official CSV history
2016-03-17,1351.52,1105.22,741.4,OPINET official CSV history
2016-03-18,1352.76,1106.8,741.42,OPINET official CSV history
2016-03-19,1354.35,1108.79,741.26,OPINET official CSV history
2016-03-20,1355.09,1109.41,741.09,OPINET official CSV history
2016-03-21,1356.32,1111.73,741.15,OPINET official CSV history
2016-03-22,1357.61,1113.6,741.1,OPINET official CSV history
2016-03-23,1358.65,1115.2,740.9,OPINET official CSV history
2016-03-24,1359.53,1116.67,740.87,OPINET official CSV history
2016-03-25,1360.12,1117.54,740.86,OPINET official CSV history
2016-03-26,1360.72,1118.37,740.78,OPINET official CSV history
2016-03-27,1361.01,1118.52,740.62,OPINET official CSV history
2016-03-28,1361.44,1119.62,740.72,OPINET official CSV history
2016-03-29,1361.96,1120.38,740.74,OPINET official CSV history
2016-03-30,1362.26,1121.01,740.5,OPINET official CSV history
2016-03-31,1362.41,1121.35,740.83,OPINET official CSV history
2016-04-01,1362.75,1121.92,733.4,OPINET official CSV history
2016-04-02,1362.9,1121.94,732.33,OPINET official CSV history
2016-04-03,1362.81,1121.64,731.96,OPINET official CSV history
2016-04-04,1362.84,1122.02,731.91,OPINET official CSV history
2016-04-05,1362.58,1121.99,731.94,OPINET official CSV history
2016-04-06,1362.4,1121.95,731.62,OPINET official CSV history
2016-04-07,1362.24,1121.66,731.62,OPINET official CSV history
2016-04-08,1362.09,1121.62,731.58,OPINET official CSV history
2016-04-09,1361.78,1121.14,731.37,OPINET official CSV history
2016-04-10,1361.75,1120.64,731.26,OPINET official CSV history
2016-04-11,1361.61,1121.04,731.41,OPINET official CSV history
2016-04-12,1361.38,1120.72,731.21,OPINET official CSV history
2016-04-13,1361.19,1120.38,730.97,OPINET official CSV history
2016-04-14,1361.15,1120.72,731.13,OPINET official CSV history
2016-04-15,1361.3,1120.93,730.96,OPINET official CSV history
2016-04-16,1361.59,1120.85,730.8,OPINET official CSV history
2016-04-17,1361.59,1120.65,730.73,OPINET official CSV history
2016-04-18,1361.44,1121.16,731.0,OPINET official CSV history
2016-04-19,1361.56,1121.43,730.89,OPINET official CSV history
2016-04-20,1361.42,1121.3,730.84,OPINET official CSV history
2016-04-21,1361.3,1121.0,730.91,OPINET official CSV history
2016-04-22,1361.23,1121.24,730.63,OPINET official CSV history
2016-04-23,1361.25,1121.06,730.39,OPINET official CSV history
2016-04-24,1361.21,1120.64,730.34,OPINET official CSV history
2016-04-25,1361.16,1121.18,730.53,OPINET official CSV history
2016-04-26,1361.03,1121.39,730.54,OPINET official CSV history
2016-04-27,1360.93,1121.33,730.63,OPINET official CSV history
2016-04-28,1361.33,1121.62,730.57,OPINET official CSV history
2016-04-29,1361.77,1122.5,730.61,OPINET official CSV history
2016-04-30,1362.67,1123.1,730.45,OPINET official CSV history
2016-05-01,1363.29,1123.54,730.64,OPINET official CSV history
2016-05-02,1363.37,1123.58,730.72,OPINET official CSV history
2016-05-03,1367.44,1128.24,731.06,OPINET official CSV history
2016-05-04,1369.3,1130.45,731.12,OPINET official CSV history
2016-05-05,1371.12,1132.32,731.07,OPINET official CSV history
2016-05-06,1372.22,1133.6,731.14,OPINET official CSV history
2016-05-07,1373.11,1134.67,731.07,OPINET official CSV history
2016-05-08,1373.62,1134.92,730.99,OPINET official CSV history
2016-05-09,1374.28,1136.36,731.21,OPINET official CSV history
2016-05-10,1375.3,1137.6,731.16,OPINET official CSV history
2016-05-11,1376.37,1138.9,731.3,OPINET official CSV history
2016-05-12,1378.2,1141.13,731.12,OPINET official CSV history
2016-05-13,1380.08,1144.06,731.09,OPINET official CSV history
2016-05-14,1381.95,1146.51,731.06,OPINET official CSV history
2016-05-15,1382.69,1147.53,730.99,OPINET official CSV history
2016-05-16,1384.07,1149.99,731.05,OPINET official CSV history
2016-05-17,1386.72,1154.25,731.05,OPINET official CSV history
2016-05-18,1389.21,1158.47,730.97,OPINET official CSV history
2016-05-19,1391.74,1162.42,731.12,OPINET official CSV history
2016-05-20,1394.34,1166.9,731.08,OPINET official CSV history
2016-05-21,1396.84,1170.37,731.04,OPINET official CSV history
2016-05-22,1398.06,1171.85,730.88,OPINET official CSV history
2016-05-23,1399.86,1175.31,731.09,OPINET official CSV history
2016-05-24,1404.27,1180.74,731.01,OPINET official CSV history
2016-05-25,1407.38,1185.69,731.09,OPINET official CSV history
2016-05-26,1410.44,1189.97,731.13,OPINET official CSV history
2016-05-27,1413.54,1194.28,731.17,OPINET official CSV history
2016-05-28,1415.85,1197.22,731.12,OPINET official CSV history
2016-05-29,1416.79,1198.23,730.98,OPINET official CSV history
2016-05-30,1418.34,1201.06,731.14,OPINET official CSV history
2016-05-31,1420.46,1204.04,731.18,OPINET official CSV history
2016-06-01,1424.12,1208.59,740.45,OPINET official CSV history
2016-06-02,1425.85,1210.95,741.22,OPINET official CSV history
2016-06-03,1427.54,1213.04,741.53,OPINET official CSV history
2016-06-04,1429.27,1214.69,741.43,OPINET official CSV history
2016-06-05,1430.04,1215.32,741.44,OPINET official CSV history
2016-06-06,1430.79,1216.25,741.58,OPINET official CSV history
2016-06-07,1431.82,1218.19,741.71,OPINET official CSV history
2016-06-08,1433.14,1219.88,741.41,OPINET official CSV history
2016-06-09,1434.56,1221.61,741.38,OPINET official CSV history
2016-06-10,1435.99,1223.24,741.38,OPINET official CSV history
2016-06-11,1437.02,1224.36,741.42,OPINET official CSV history
2016-06-12,1437.52,1224.67,741.41,OPINET official CSV history
2016-06-13,1438.34,1226.12,741.54,OPINET official CSV history
2016-06-14,1439.75,1227.97,741.42,OPINET official CSV history
2016-06-15,1440.58,1228.8,741.58,OPINET official CSV history
2016-06-16,1441.06,1229.47,741.48,OPINET official CSV history
2016-06-17,1441.35,1229.96,741.44,OPINET official CSV history
2016-06-18,1441.47,1230.07,741.35,OPINET official CSV history
2016-06-19,1441.66,1229.98,741.25,OPINET official CSV history
2016-06-20,1441.74,1230.54,741.42,OPINET official CSV history
2016-06-21,1441.91,1230.52,741.2,OPINET official CSV history
2016-06-22,1442.11,1230.79,740.9,OPINET official CSV history
2016-06-23,1442.25,1231.15,740.86,OPINET official CSV history
2016-06-24,1442.36,1231.23,740.88,OPINET official CSV history
2016-06-25,1442.42,1231.34,740.83,OPINET official CSV history
2016-06-26,1442.37,1231.16,740.76,OPINET official CSV history
2016-06-27,1442.56,1231.78,740.79,OPINET official CSV history
2016-06-28,1442.54,1231.82,740.73,OPINET official CSV history
2016-06-29,1442.63,1232.03,740.83,OPINET official CSV history
2016-06-30,1442.66,1232.11,740.82,OPINET official CSV history
2016-07-01,1442.78,1232.32,737.41,OPINET official CSV history
2016-07-02,1442.69,1232.08,736.92,OPINET official CSV history
2016-07-03,1442.7,1231.96,736.81,OPINET official CSV history
2016-07-04,1442.58,1232.22,736.78,OPINET official CSV history
2016-07-05,1442.61,1232.2,736.73,OPINET official CSV history
2016-07-06,1442.32,1232.17,736.66,OPINET official CSV history
2016-07-07,1442.17,1232.05,736.53,OPINET official CSV history
2016-07-08,1441.92,1231.97,736.42,OPINET official CSV history
2016-07-09,1441.65,1231.63,736.35,OPINET official CSV history
2016-07-10,1441.53,1231.39,736.31,OPINET official CSV history
2016-07-11,1441.24,1231.47,736.39,OPINET official CSV history
2016-07-12,1440.68,1231.22,736.36,OPINET official CSV history
2016-07-13,1440.31,1230.99,736.24,OPINET official CSV history
2016-07-14,1439.83,1230.67,736.2,OPINET official CSV history
2016-07-15,1439.19,1230.3,736.13,OPINET official CSV history
2016-07-16,1438.53,1229.54,736.12,OPINET official CSV history
2016-07-17,1438.33,1229.25,736.05,OPINET official CSV history
2016-07-18,1437.68,1229.14,736.06,OPINET official CSV history
2016-07-19,1436.74,1228.32,735.9,OPINET official CSV history
2016-07-20,1435.79,1227.51,735.51,OPINET official CSV history
2016-07-21,1435.11,1227.01,735.44,OPINET official CSV history
2016-07-22,1434.37,1226.41,735.41,OPINET official CSV history
2016-07-23,1433.31,1225.62,735.31,OPINET official CSV history
2016-07-24,1432.93,1225.08,735.34,OPINET official CSV history
2016-07-25,1432.16,1224.72,735.32,OPINET official CSV history
2016-07-26,1431.05,1223.96,735.39,OPINET official CSV history
2016-07-27,1430.01,1223.04,735.34,OPINET official CSV history
2016-07-28,1429.05,1222.3,735.44,OPINET official CSV history
2016-07-29,1428.22,1221.66,735.28,OPINET official CSV history
2016-07-30,1427.4,1220.97,735.06,OPINET official CSV history
2016-07-31,1426.97,1220.28,735.09,OPINET official CSV history
2016-08-01,1425.7,1219.48,714.24,OPINET official CSV history
2016-08-02,1423.66,1217.7,710.49,OPINET official CSV history
2016-08-03,1422.19,1216.41,709.18,OPINET official CSV history
2016-08-04,1420.84,1215.29,708.28,OPINET official CSV history
2016-08-05,1419.47,1214.05,707.88,OPINET official CSV history
2016-08-06,1418.33,1212.89,707.56,OPINET official CSV history
2016-08-07,1417.72,1212.26,707.39,OPINET official CSV history
2016-08-08,1416.63,1211.56,707.16,OPINET official CSV history
2016-08-09,1414.73,1209.86,706.95,OPINET official CSV history
2016-08-10,1413.51,1208.77,706.72,OPINET official CSV history
2016-08-11,1412.32,1207.7,706.47,OPINET official CSV history
2016-08-12,1411.29,1206.75,706.25,OPINET official CSV history
2016-08-13,1410.28,1205.79,705.93,OPINET official CSV history
2016-08-14,1409.94,1205.36,705.97,OPINET official CSV history
2016-08-15,1409.44,1205.11,706.0,OPINET official CSV history
2016-08-16,1408.53,1204.49,706.07,OPINET official CSV history
2016-08-17,1407.67,1203.66,705.93,OPINET official CSV history
2016-08-18,1406.95,1203.18,705.93,OPINET official CSV history
2016-08-19,1406.6,1202.91,705.8,OPINET official CSV history
2016-08-20,1406.56,1202.61,705.72,OPINET official CSV history
2016-08-21,1406.5,1202.41,705.72,OPINET official CSV history
2016-08-22,1406.34,1202.61,705.72,OPINET official CSV history
2016-08-23,1406.87,1203.35,705.74,OPINET official CSV history
2016-08-24,1406.92,1203.36,705.6,OPINET official CSV history
2016-08-25,1406.92,1203.4,705.59,OPINET official CSV history
2016-08-26,1407.15,1203.45,705.45,OPINET official CSV history
2016-08-27,1407.43,1203.53,705.55,OPINET official CSV history
2016-08-28,1407.55,1203.26,705.33,OPINET official CSV history
2016-08-29,1407.76,1203.96,705.54,OPINET official CSV history
2016-08-30,1408.15,1204.15,705.47,OPINET official CSV history
2016-08-31,1408.54,1204.6,705.37,OPINET official CSV history
2016-09-01,1408.72,1204.69,699.24,OPINET official CSV history
2016-09-02,1408.6,1204.45,698.15,OPINET official CSV history
2016-09-03,1408.51,1204.24,697.86,OPINET official CSV history
2016-09-04,1408.46,1203.94,697.67,OPINET official CSV history
2016-09-05,1408.52,1204.27,697.52,OPINET official CSV history
2016-09-06,1408.3,1203.91,697.04,OPINET official CSV history
2016-09-07,1408.19,1203.76,696.85,OPINET official CSV history
2016-09-08,1408.12,1203.7,696.66,OPINET official CSV history
2016-09-09,1408.26,1203.61,696.71,OPINET official CSV history
2016-09-10,1408.38,1203.45,696.46,OPINET official CSV history
2016-09-11,1408.33,1203.18,696.34,OPINET official CSV history
2016-09-12,1408.6,1203.64,696.47,OPINET official CSV history
2016-09-13,1408.78,1203.68,696.39,OPINET official CSV history
2016-09-14,1408.92,1203.51,696.16,OPINET official CSV history
2016-09-15,1409.06,1203.55,696.37,OPINET official CSV history
2016-09-16,1409.0,1203.43,696.2,OPINET official CSV history
2016-09-17,1408.91,1203.36,696.11,OPINET official CSV history
2016-09-18,1408.81,1203.19,696.15,OPINET official CSV history
2016-09-19,1408.84,1203.5,696.32,OPINET official CSV history
2016-09-20,1408.52,1203.1,696.27,OPINET official CSV history
2016-09-21,1408.21,1202.83,696.17,OPINET official CSV history
2016-09-22,1407.97,1202.35,696.17,OPINET official CSV history
2016-09-23,1407.83,1202.22,696.21,OPINET official CSV history
2016-09-24,1407.49,1201.83,695.99,OPINET official CSV history
2016-09-25,1407.49,1201.52,696.0,OPINET official CSV history
2016-09-26,1407.36,1201.82,696.18,OPINET official CSV history
2016-09-27,1407.21,1201.45,696.06,OPINET official CSV history
2016-09-28,1406.94,1201.15,696.03,OPINET official CSV history
2016-09-29,1406.86,1201.05,696.27,OPINET official CSV history
2016-09-30,1406.79,1200.91,696.31,OPINET official CSV history
2016-10-01,1406.78,1200.72,696.18,OPINET official CSV history
2016-10-02,1406.77,1200.4,696.04,OPINET official CSV history
2016-10-03,1406.78,1200.57,695.97,OPINET official CSV history
2016-10-04,1406.71,1200.82,696.06,OPINET official CSV history
2016-10-05,1406.62,1200.52,695.77,OPINET official CSV history
2016-10-06,1406.82,1200.78,695.93,OPINET official CSV history
2016-10-07,1407.26,1201.31,695.62,OPINET official CSV history
2016-10-08,1407.8,1201.57,695.26,OPINET official CSV history
2016-10-09,1408.11,1201.75,694.81,OPINET official CSV history
2016-10-10,1408.67,1202.61,694.8,OPINET official CSV history
2016-10-11,1411.26,1205.67,694.38,OPINET official CSV history
2016-10-12,1412.68,1207.19,694.48,OPINET official CSV history
2016-10-13,1413.89,1208.51,694.16,OPINET official CSV history
2016-10-14,1414.86,1209.5,693.95,OPINET official CSV history
2016-10-15,1415.71,1210.19,693.63,OPINET official CSV history
2016-10-16,1416.26,1210.47,693.61,OPINET official CSV history
2016-10-17,1417.09,1211.74,693.81,OPINET official CSV history
2016-10-18,1418.95,1213.44,693.65,OPINET official CSV history
2016-10-19,1419.89,1214.69,693.57,OPINET official CSV history
2016-10-20,1420.88,1215.8,693.59,OPINET official CSV history
2016-10-21,1421.9,1216.78,693.54,OPINET official CSV history
2016-10-22,1422.82,1217.66,693.47,OPINET official CSV history
2016-10-23,1423.33,1217.98,693.39,OPINET official CSV history
2016-10-24,1424.17,1219.2,693.59,OPINET official CSV history
2016-10-25,1425.4,1220.43,693.62,OPINET official CSV history
2016-10-26,1426.18,1221.5,693.6,OPINET official CSV history
2016-10-27,1426.75,1222.08,693.6,OPINET official CSV history
2016-10-28,1427.18,1222.37,693.61,OPINET official CSV history
2016-10-29,1427.45,1222.68,693.48,OPINET official CSV history
2016-10-30,1427.64,1222.79,693.39,OPINET official CSV history
2016-10-31,1428.0,1223.48,693.62,OPINET official CSV history
2016-11-01,1428.72,1224.29,721.25,OPINET official CSV history
2016-11-02,1428.98,1224.76,723.61,OPINET official CSV history
2016-11-03,1429.12,1224.86,724.36,OPINET official CSV history
2016-11-04,1429.26,1224.96,724.52,OPINET official CSV history
2016-11-05,1429.27,1224.94,724.83,OPINET official CSV history
2016-11-06,1429.37,1224.7,724.73,OPINET official CSV history
2016-11-07,1429.45,1225.2,724.93,OPINET official CSV history
2016-11-08,1428.99,1224.63,725.0,OPINET official CSV history
2016-11-09,1428.81,1224.5,725.08,OPINET official CSV history
2016-11-10,1428.61,1224.44,725.14,OPINET official CSV history
2016-11-11,1428.44,1224.23,725.24,OPINET official CSV history
2016-11-12,1428.2,1223.9,725.24,OPINET official CSV history
2016-11-13,1428.15,1223.65,725.22,OPINET official CSV history
2016-11-14,1428.08,1223.89,725.39,OPINET official CSV history
2016-11-15,1427.23,1223.02,725.03,OPINET official CSV history
2016-11-16,1426.72,1222.71,725.06,OPINET official CSV history
2016-11-17,1426.43,1222.37,725.16,OPINET official CSV history
2016-11-18,1426.06,1222.02,724.96,OPINET official CSV history
2016-11-19,1425.64,1221.54,725.01,OPINET official CSV history
2016-11-20,1425.33,1220.99,725.01,OPINET official CSV history
2016-11-21,1424.99,1221.04,725.09,OPINET official CSV history
2016-11-22,1424.75,1220.73,725.18,OPINET official CSV history
2016-11-23,1424.62,1220.62,725.17,OPINET official CSV history
2016-11-24,1424.49,1220.48,725.31,OPINET official CSV history
2016-11-25,1424.51,1220.55,725.28,OPINET official CSV history
2016-11-26,1424.41,1220.26,725.26,OPINET official CSV history
2016-11-27,1424.44,1220.03,725.28,OPINET official CSV history
2016-11-28,1424.49,1220.43,725.42,OPINET official CSV history
2016-11-29,1425.31,1221.11,725.47,OPINET official CSV history
2016-11-30,1425.53,1221.21,725.63,OPINET official CSV history
2016-12-01,1425.98,1221.73,747.91,OPINET official CSV history
2016-12-02,1428.26,1224.0,750.26,OPINET official CSV history
2016-12-03,1429.71,1225.36,750.93,OPINET official CSV history
2016-12-04,1430.46,1225.87,751.15,OPINET official CSV history
2016-12-05,1431.78,1227.52,751.46,OPINET official CSV history
2016-12-06,1433.59,1229.35,751.67,OPINET official CSV history
2016-12-07,1435.25,1231.05,751.67,OPINET official CSV history
2016-12-08,1437.46,1233.16,751.73,OPINET official CSV history
2016-12-09,1439.12,1234.92,751.72,OPINET official CSV history
2016-12-10,1440.56,1236.0,751.7,OPINET official CSV history
2016-12-11,1441.54,1236.84,751.75,OPINET official CSV history
2016-12-12,1443.66,1239.16,751.83,OPINET official CSV history
2016-12-13,1448.27,1243.56,751.91,OPINET official CSV history
2016-12-14,1452.27,1247.64,751.9,OPINET official CSV history
2016-12-15,1455.06,1250.31,751.79,OPINET official CSV history
2016-12-16,1457.55,1252.84,751.92,OPINET official CSV history
2016-12-17,1459.79,1254.74,751.86,OPINET official CSV history
2016-12-18,1460.66,1255.3,751.87,OPINET official CSV history
2016-12-19,1462.22,1257.12,751.82,OPINET official CSV history
2016-12-20,1464.25,1259.14,751.79,OPINET official CSV history
2016-12-21,1466.0,1260.81,751.82,OPINET official CSV history
2016-12-22,1467.29,1262.02,751.9,OPINET official CSV history
2016-12-23,1468.86,1263.65,751.94,OPINET official CSV history
2016-12-24,1470.58,1265.23,751.95,OPINET official CSV history
2016-12-25,1471.47,1265.82,751.96,OPINET official CSV history
2016-12-26,1472.98,1267.69,751.94,OPINET official CSV history
2016-12-27,1475.47,1269.74,752.01,OPINET official CSV history
2016-12-28,1477.59,1271.73,751.96,OPINET official CSV history
2016-12-29,1479.72,1273.64,751.95,OPINET official CSV history
2016-12-30,1481.74,1275.73,751.93,OPINET official CSV history
2016-12-31,1483.7,1277.36,751.87,OPINET official CSV history
2017-01-01,1486.06,1279.34,751.94,OPINET official CSV history
2017-01-02,1487.92,1281.55,752.1,OPINET official CSV history
2017-01-03,1492.17,1285.44,752.03,OPINET official CSV history
2017-01-04,1495.37,1288.66,751.95,OPINET official CSV history
2017-01-05,1497.7,1290.76,752.01,OPINET official CSV history
2017-01-06,1499.65,1292.58,752.03,OPINET official CSV history
2017-01-07,1501.37,1294.04,752.12,OPINET official CSV history
2017-01-08,1502.44,1294.73,752.12,OPINET official CSV history
2017-01-09,1503.96,1296.5,752.1,OPINET official CSV history
2017-01-10,1505.91,1298.42,752.23,OPINET official CSV history
2017-01-11,1507.16,1299.82,752.04,OPINET official CSV history
2017-01-12,1508.2,1300.7,752.12,OPINET official CSV history
2017-01-13,1509.01,1301.58,752.04,OPINET official CSV history
2017-01-14,1509.85,1302.12,752.13,OPINET official CSV history
2017-01-15,1510.29,1302.39,752.12,OPINET official CSV history
2017-01-16,1511.05,1303.38,752.07,OPINET official CSV history
2017-01-17,1511.69,1303.96,751.97,OPINET official CSV history
2017-01-18,1512.3,1304.57,751.96,OPINET official CSV history
2017-01-19,1512.71,1304.91,752.09,OPINET official CSV history
2017-01-20,1513.06,1305.33,752.19,OPINET official CSV history
2017-01-21,1513.41,1305.47,752.06,OPINET official CSV history
2017-01-22,1513.65,1305.52,752.08,OPINET official CSV history
2017-01-23,1514.03,1306.04,752.09,OPINET official CSV history
2017-01-24,1514.43,1306.38,752.1,OPINET official CSV history
2017-01-25,1514.77,1306.65,752.07,OPINET official CSV history
2017-01-26,1515.4,1307.01,752.06,OPINET official CSV history
2017-01-27,1515.85,1307.38,752.07,OPINET official CSV history
2017-01-28,1516.05,1307.45,752.15,OPINET official CSV history
2017-01-29,1516.15,1307.57,752.11,OPINET official CSV history
2017-01-30,1516.26,1307.61,752.08,OPINET official CSV history
2017-01-31,1516.5,1307.99,752.07,OPINET official CSV history
2017-02-01,1516.7,1308.18,799.71,OPINET official CSV history
2017-02-02,1516.87,1308.23,803.04,OPINET official CSV history
2017-02-03,1516.95,1308.28,804.49,OPINET official CSV history
2017-02-04,1516.99,1308.09,804.52,OPINET official CSV history
2017-02-05,1516.99,1307.98,804.77,OPINET official CSV history
2017-02-06,1517.18,1308.39,805.03,OPINET official CSV history
2017-02-07,1517.29,1308.36,805.26,OPINET official CSV history
2017-02-08,1517.31,1308.42,805.42,OPINET official CSV history
2017-02-09,1517.2,1308.22,805.47,OPINET official CSV history
2017-02-10,1517.09,1308.21,805.38,OPINET official CSV history
2017-02-11,1517.05,1307.9,805.44,OPINET official CSV history
2017-02-12,1517.01,1307.75,805.53,OPINET official CSV history
2017-02-13,1517.02,1308.03,805.56,OPINET official CSV history
2017-02-14,1516.94,1307.85,805.57,OPINET official CSV history
2017-02-15,1516.79,1307.68,805.65,OPINET official CSV history
2017-02-16,1516.79,1307.67,805.55,OPINET official CSV history
2017-02-17,1516.69,1307.58,805.67,OPINET official CSV history
2017-02-18,1516.55,1307.24,805.59,OPINET official CSV history
2017-02-19,1516.55,1307.06,805.62,OPINET official CSV history
2017-02-20,1516.55,1307.26,805.7,OPINET official CSV history
2017-02-21,1516.54,1307.23,805.7,OPINET official CSV history
2017-02-22,1516.4,1306.97,805.81,OPINET official CSV history
2017-02-23,1516.29,1306.83,805.71,OPINET official CSV history
2017-02-24,1516.11,1306.76,805.64,OPINET official CSV history
2017-02-25,1515.75,1306.11,805.84,OPINET official CSV history
2017-02-26,1515.59,1305.81,805.8,OPINET official CSV history
2017-02-27,1515.58,1306.08,805.84,OPINET official CSV history
2017-02-28,1515.39,1305.87,805.85,OPINET official CSV history
2017-03-01,1515.14,1305.45,853.4,OPINET official CSV history
2017-03-02,1514.91,1305.23,856.45,OPINET official CSV history
2017-03-03,1514.75,1305.22,857.75,OPINET official CSV history
2017-03-04,1514.44,1304.67,858.03,OPINET official CSV history
2017-03-05,1514.28,1304.39,858.18,OPINET official CSV history
2017-03-06,1514.09,1304.55,858.36,OPINET official CSV history
2017-03-07,1513.59,1304.04,858.63,OPINET official CSV history
2017-03-08,1513.2,1303.59,858.72,OPINET official CSV history
2017-03-09,1512.76,1303.21,858.68,OPINET official CSV history
2017-03-10,1512.17,1302.8,858.83,OPINET official CSV history
2017-03-11,1511.66,1302.11,858.9,OPINET official CSV history
2017-03-12,1511.54,1301.83,858.76,OPINET official CSV history
2017-03-13,1511.22,1301.76,858.69,OPINET official CSV history
2017-03-14,1510.48,1301.02,858.86,OPINET official CSV history
2017-03-15,1509.7,1300.28,858.84,OPINET official CSV history
2017-03-16,1508.75,1299.25,858.97,OPINET official CSV history
2017-03-17,1507.81,1298.26,858.76,OPINET official CSV history
2017-03-18,1506.89,1297.22,858.83,OPINET official CSV history
2017-03-19,1506.49,1296.7,858.85,OPINET official CSV history
2017-03-20,1505.73,1296.27,858.89,OPINET official CSV history
2017-03-21,1504.17,1294.74,858.87,OPINET official CSV history
2017-03-22,1502.85,1293.51,858.84,OPINET official CSV history
2017-03-23,1501.53,1292.12,859.04,OPINET official CSV history
2017-03-24,1500.27,1290.88,858.84,OPINET official CSV history
2017-03-25,1499.1,1289.62,858.75,OPINET official CSV history
2017-03-26,1498.66,1289.0,858.79,OPINET official CSV history
2017-03-27,1497.82,1288.47,858.75,OPINET official CSV history
2017-03-28,1496.23,1286.82,858.83,OPINET official CSV history
2017-03-29,1494.77,1285.39,858.82,OPINET official CSV history
2017-03-30,1493.63,1284.19,858.93,OPINET official CSV history
2017-03-31,1492.8,1283.4,859.01,OPINET official CSV history
2017-04-01,1490.96,1281.44,859.02,OPINET official CSV history
2017-04-02,1490.48,1280.79,858.98,OPINET official CSV history
2017-04-03,1489.82,1280.48,858.98,OPINET official CSV history
2017-04-04,1488.87,1279.35,858.73,OPINET official CSV history
2017-04-05,1488.06,1278.42,858.66,OPINET official CSV history
2017-04-06,1487.51,1277.8,858.44,OPINET official CSV history
2017-04-07,1486.94,1277.33,858.34,OPINET official CSV history
2017-04-08,1486.51,1276.71,858.49,OPINET official CSV history
2017-04-09,1486.39,1276.41,858.32,OPINET official CSV history
2017-04-10,1486.3,1276.64,858.03,OPINET official CSV history
2017-04-11,1486.64,1276.81,857.98,OPINET official CSV history
2017-04-12,1486.7,1276.95,857.92,OPINET official CSV history
2017-04-13,1486.69,1276.91,858.09,OPINET official CSV history
2017-04-14,1486.73,1276.95,857.97,OPINET official CSV history
2017-04-15,1486.78,1276.9,857.89,OPINET official CSV history
2017-04-16,1486.8,1276.7,857.77,OPINET official CSV history
2017-04-17,1486.89,1277.0,857.83,OPINET official CSV history
2017-04-18,1487.6,1277.89,857.92,OPINET official CSV history
2017-04-19,1487.86,1278.28,857.91,OPINET official CSV history
2017-04-20,1487.91,1278.32,857.87,OPINET official CSV history
2017-04-21,1487.9,1278.26,857.87,OPINET official CSV history
2017-04-22,1487.73,1278.09,857.73,OPINET official CSV history
2017-04-23,1487.7,1277.82,857.73,OPINET official CSV history
2017-04-24,1487.78,1278.24,857.77,OPINET official CSV history
2017-04-25,1487.54,1277.99,857.81,OPINET official CSV history
2017-04-26,1487.35,1277.77,857.6,OPINET official CSV history
2017-04-27,1487.3,1277.64,857.62,OPINET official CSV history
2017-04-28,1487.09,1277.54,857.69,OPINET official CSV history
2017-04-29,1486.76,1277.07,857.78,OPINET official CSV history
2017-04-30,1486.67,1276.67,857.63,OPINET official CSV history
2017-05-01,1486.55,1276.74,846.42,OPINET official CSV history
2017-05-02,1486.12,1276.54,844.44,OPINET official CSV history
2017-05-03,1485.78,1276.11,843.78,OPINET official CSV history
2017-05-04,1485.76,1276.09,843.5,OPINET official CSV history
2017-05-05,1485.5,1275.74,843.2,OPINET official CSV history
2017-05-06,1485.32,1275.6,843.16,OPINET official CSV history
2017-05-07,1485.29,1275.43,842.9,OPINET official CSV history
2017-05-08,1485.13,1275.51,842.9,OPINET official CSV history
2017-05-09,1484.34,1274.56,842.81,OPINET official CSV history
2017-05-10,1483.94,1274.26,842.7,OPINET official CSV history
2017-05-11,1483.26,1273.58,842.54,OPINET official CSV history
2017-05-12,1482.5,1272.82,842.31,OPINET official CSV history
2017-05-13,1481.94,1272.2,842.23,OPINET official CSV history
2017-05-14,1481.67,1271.68,842.25,OPINET official CSV history
2017-05-15,1481.35,1271.72,842.39,OPINET official CSV history
2017-05-16,1480.75,1270.92,842.23,OPINET official CSV history
2017-05-17,1480.29,1270.49,842.01,OPINET official CSV history
2017-05-18,1479.88,1270.04,841.92,OPINET official CSV history
2017-05-19,1479.43,1269.61,841.76,OPINET official CSV history
2017-05-20,1478.91,1269.05,841.97,OPINET official CSV history
2017-05-21,1478.77,1268.73,841.77,OPINET official CSV history
2017-05-22,1478.6,1268.91,841.61,OPINET official CSV history
2017-05-23,1478.36,1268.54,841.45,OPINET official CSV history
2017-05-24,1478.11,1268.22,841.36,OPINET official CSV history
2017-05-25,1477.75,1267.95,841.33,OPINET official CSV history
2017-05-26,1477.55,1267.65,841.23,OPINET official CSV history
2017-05-27,1477.15,1267.18,841.09,OPINET official CSV history
2017-05-28,1477.0,1266.87,841.04,OPINET official CSV history
2017-05-29,1476.82,1267.01,841.14,OPINET official CSV history
2017-05-30,1476.53,1266.77,841.06,OPINET official CSV history
2017-05-31,1476.19,1266.49,841.0,OPINET official CSV history
2017-06-01,1475.24,1265.48,814.35,OPINET official CSV history
2017-06-02,1474.51,1264.69,808.77,OPINET official CSV history
2017-06-03,1473.86,1263.89,807.31,OPINET official CSV history
2017-06-04,1473.71,1263.45,807.08,OPINET official CSV history
2017-06-05,1473.3,1263.43,806.82,OPINET official CSV history
2017-06-06,1472.6,1262.44,806.28,OPINET official CSV history
2017-06-07,1472.05,1261.92,805.84,OPINET official CSV history
2017-06-08,1471.13,1261.12,805.29,OPINET official CSV history
2017-06-09,1470.03,1259.81,804.83,OPINET official CSV history
2017-06-10,1468.87,1258.45,804.44,OPINET official CSV history
2017-06-11,1468.37,1257.7,804.57,OPINET official CSV history
2017-06-12,1467.61,1257.18,804.37,OPINET official CSV history
2017-06-13,1466.07,1255.56,804.27,OPINET official CSV history
2017-06-14,1464.71,1254.23,804.0,OPINET official CSV history
2017-06-15,1463.29,1252.92,804.0,OPINET official CSV history
2017-06-16,1461.75,1251.31,803.71,OPINET official CSV history
2017-06-17,1460.28,1249.72,803.71,OPINET official CSV history
2017-06-18,1459.69,1248.92,803.62,OPINET official CSV history
2017-06-19,1458.78,1248.38,803.69,OPINET official CSV history
2017-06-20,1457.15,1246.83,803.55,OPINET official CSV history
2017-06-21,1455.31,1245.27,803.29,OPINET official CSV history
2017-06-22,1453.61,1243.62,803.14,OPINET official CSV history
2017-06-23,1452.03,1242.22,803.08,OPINET official CSV history
2017-06-24,1450.76,1240.87,803.03,OPINET official CSV history
2017-06-25,1450.14,1240.04,803.03,OPINET official CSV history
2017-06-26,1449.24,1239.39,802.94,OPINET official CSV history
2017-06-27,1447.56,1237.91,802.86,OPINET official CSV history
2017-06-28,1446.23,1236.74,802.93,OPINET official CSV history
2017-06-29,1444.98,1235.64,803.08,OPINET official CSV history
2017-06-30,1444.1,1234.86,802.79,OPINET official CSV history
2017-07-01,1442.37,1232.91,791.02,OPINET official CSV history
2017-07-02,1441.8,1232.16,789.64,OPINET official CSV history
2017-07-03,1441.16,1231.72,788.35,OPINET official CSV history
2017-07-04,1440.41,1230.93,787.89,OPINET official CSV history
2017-07-05,1439.67,1230.41,787.42,OPINET official CSV history
2017-07-06,1439.24,1230.08,786.96,OPINET official CSV history
2017-07-07,1438.93,1229.63,786.75,OPINET official CSV history
2017-07-08,1438.51,1229.1,786.69,OPINET official CSV history
2017-07-09,1438.33,1228.8,786.52,OPINET official CSV history
2017-07-10,1438.21,1229.02,786.6,OPINET official CSV history
2017-07-11,1438.76,1229.67,786.24,OPINET official CSV history
2017-07-12,1438.42,1229.4,786.32,OPINET official CSV history
2017-07-13,1438.22,1229.21,786.28,OPINET official CSV history
2017-07-14,1438.05,1229.32,786.15,OPINET official CSV history
2017-07-15,1437.96,1228.95,786.06,OPINET official CSV history
2017-07-16,1437.97,1228.83,786.11,OPINET official CSV history
2017-07-17,1438.0,1229.42,786.19,OPINET official CSV history
2017-07-18,1437.89,1229.2,786.12,OPINET official CSV history
2017-07-19,1437.75,1229.21,785.86,OPINET official CSV history
2017-07-20,1437.78,1229.31,786.02,OPINET official CSV history
2017-07-21,1437.68,1229.31,785.92,OPINET official CSV history
2017-07-22,1437.64,1229.1,785.8,OPINET official CSV history
2017-07-23,1437.58,1228.91,785.88,OPINET official CSV history
2017-07-24,1437.59,1229.35,785.88,OPINET official CSV history
2017-07-25,1437.7,1229.46,785.92,OPINET official CSV history
2017-07-26,1437.85,1229.65,785.84,OPINET official CSV history
2017-07-27,1438.02,1229.74,786.05,OPINET official CSV history
2017-07-28,1438.2,1230.08,785.96,OPINET official CSV history
2017-07-29,1438.31,1230.18,785.86,OPINET official CSV history
2017-07-30,1438.48,1230.21,785.8,OPINET official CSV history
2017-07-31,1438.87,1230.91,785.9,OPINET official CSV history
2017-08-01,1439.43,1231.63,785.87,OPINET official CSV history
2017-08-02,1439.82,1232.14,785.75,OPINET official CSV history
2017-08-03,1440.31,1232.91,785.8,OPINET official CSV history
2017-08-04,1440.98,1233.55,785.75,OPINET official CSV history
2017-08-05,1441.5,1234.17,785.89,OPINET official CSV history
2017-08-06,1441.89,1234.37,785.89,OPINET official CSV history
2017-08-07,1442.77,1235.69,785.8,OPINET official CSV history
2017-08-08,1444.78,1237.83,785.71,OPINET official CSV history
2017-08-09,1446.06,1239.1,785.54,OPINET official CSV history
2017-08-10,1447.55,1240.77,785.44,OPINET official CSV history
2017-08-11,1448.48,1241.79,785.43,OPINET official CSV history
2017-08-12,1449.53,1242.71,785.41,OPINET official CSV history
2017-08-13,1450.09,1243.08,785.4,OPINET official CSV history
2017-08-14,1450.81,1244.05,785.45,OPINET official CSV history
2017-08-15,1452.62,1245.59,785.38,OPINET official CSV history
2017-08-16,1453.26,1246.56,785.43,OPINET official CSV history
2017-08-17,1454.28,1247.56,785.55,OPINET official CSV history
2017-08-18,1455.01,1248.3,785.44,OPINET official CSV history
2017-08-19,1455.6,1248.92,785.57,OPINET official CSV history
2017-08-20,1455.99,1249.14,785.52,OPINET official CSV history
2017-08-21,1456.62,1249.9,785.48,OPINET official CSV history
2017-08-22,1457.27,1250.72,785.47,OPINET official CSV history
2017-08-23,1457.81,1251.24,785.52,OPINET official CSV history
2017-08-24,1458.37,1251.78,785.41,OPINET official CSV history
2017-08-25,1458.81,1252.13,785.38,OPINET official CSV history
2017-08-26,1459.66,1252.84,785.45,OPINET official CSV history
2017-08-27,1460.09,1253.06,785.34,OPINET official CSV history
2017-08-28,1460.66,1253.84,785.45,OPINET official CSV history
2017-08-29,1461.6,1254.68,785.37,OPINET official CSV history
2017-08-30,1462.3,1255.28,785.47,OPINET official CSV history
2017-08-31,1462.61,1255.71,785.51,OPINET official CSV history
2017-09-01,1463.76,1256.63,810.31,OPINET official CSV history
2017-09-02,1464.34,1256.87,811.99,OPINET official CSV history
2017-09-03,1464.73,1257.03,812.34,OPINET official CSV history
2017-09-04,1465.35,1257.79,812.83,OPINET official CSV history
2017-09-05,1466.28,1258.34,813.46,OPINET official CSV history
2017-09-06,1466.99,1258.77,813.51,OPINET official CSV history
2017-09-07,1467.98,1259.7,813.52,OPINET official CSV history
2017-09-08,1469.35,1261.03,813.56,OPINET official CSV history
2017-09-09,1470.74,1262.06,813.69,OPINET official CSV history
2017-09-10,1471.63,1262.61,813.62,OPINET official CSV history
2017-09-11,1472.94,1264.02,813.75,OPINET official CSV history
2017-09-12,1475.32,1266.83,813.74,OPINET official CSV history
2017-09-13,1477.01,1268.36,813.67,OPINET official CSV history
2017-09-14,1478.52,1269.71,813.72,OPINET official CSV history
2017-09-15,1480.04,1271.4,813.59,OPINET official CSV history
2017-09-16,1481.65,1272.82,813.7,OPINET official CSV history
2017-09-17,1482.53,1273.39,813.63,OPINET official CSV history
2017-09-18,1483.77,1274.84,813.63,OPINET official CSV history
2017-09-19,1485.17,1276.16,813.65,OPINET official CSV history
2017-09-20,1486.11,1277.17,813.64,OPINET official CSV history
2017-09-21,1487.25,1278.3,813.64,OPINET official CSV history
2017-09-22,1488.24,1279.34,813.56,OPINET official CSV history
2017-09-23,1489.15,1280.14,813.67,OPINET official CSV history
2017-09-24,1489.69,1280.42,813.65,OPINET official CSV history
2017-09-25,1490.52,1281.54,813.65,OPINET official CSV history
2017-09-26,1491.59,1282.56,813.58,OPINET official CSV history
2017-09-27,1492.61,1283.51,813.7,OPINET official CSV history
2017-09-28,1493.88,1284.76,813.65,OPINET official CSV history
2017-09-29,1495.49,1286.33,813.67,OPINET official CSV history
2017-09-30,1497.04,1287.99,813.72,OPINET official CSV history
2017-10-01,1498.61,1289.44,837.99,OPINET official CSV history
2017-10-02,1499.74,1290.64,840.52,OPINET official CSV history
2017-10-03,1500.86,1291.64,841.0,OPINET official CSV history
2017-10-04,1501.29,1292.07,841.1,OPINET official CSV history
2017-10-05,1501.73,1292.52,841.15,OPINET official CSV history
2017-10-06,1502.14,1292.86,841.01,OPINET official CSV history
2017-10-07,1502.37,1293.05,841.2,OPINET official CSV history
2017-10-08,1502.52,1293.17,841.09,OPINET official CSV history
2017-10-09,1502.79,1293.63,841.19,OPINET official CSV history
2017-10-10,1503.0,1293.86,841.24,OPINET official CSV history
2017-10-11,1503.39,1294.35,841.34,OPINET official CSV history
2017-10-12,1503.75,1294.79,841.32,OPINET official CSV history
2017-10-13,1504.14,1295.24,841.36,OPINET official CSV history
2017-10-14,1504.48,1295.57,841.55,OPINET official CSV history
2017-10-15,1504.73,1295.52,841.47,OPINET official CSV history
2017-10-16,1505.13,1296.3,841.44,OPINET official CSV history
2017-10-17,1505.46,1296.58,841.39,OPINET official CSV history
2017-10-18,1505.53,1296.72,841.39,OPINET official CSV history
2017-10-19,1505.79,1297.04,841.3,OPINET official CSV history
2017-10-20,1506.0,1297.28,841.32,OPINET official CSV history
2017-10-21,1506.18,1297.32,841.35,OPINET official CSV history
2017-10-22,1506.32,1297.29,841.28,OPINET official CSV history
2017-10-23,1506.44,1297.76,841.34,OPINET official CSV history
2017-10-24,1506.61,1298.06,841.38,OPINET official CSV history
2017-10-25,1506.74,1298.36,841.42,OPINET official CSV history
2017-10-26,1506.88,1298.45,841.38,OPINET official CSV history
2017-10-27,1507.0,1298.62,841.46,OPINET official CSV history
2017-10-28,1507.12,1298.64,841.55,OPINET official CSV history
2017-10-29,1507.24,1298.65,841.47,OPINET official CSV history
2017-10-30,1507.5,1299.12,841.51,OPINET official CSV history
2017-10-31,1507.71,1299.33,841.54,OPINET official CSV history
2017-11-01,1508.62,1300.42,880.87,OPINET official CSV history
2017-11-02,1508.95,1300.9,883.39,OPINET official CSV history
2017-11-03,1509.35,1301.18,884.06,OPINET official CSV history
2017-11-04,1509.82,1301.58,884.28,OPINET official CSV history
2017-11-05,1510.06,1301.76,884.36,OPINET official CSV history
2017-11-06,1510.48,1302.67,884.56,OPINET official CSV history
2017-11-07,1512.06,1304.13,884.76,OPINET official CSV history
2017-11-08,1513.34,1305.54,884.77,OPINET official CSV history
2017-11-09,1514.43,1306.59,884.76,OPINET official CSV history
2017-11-10,1515.57,1307.84,884.8,OPINET official CSV history
2017-11-11,1516.76,1308.84,885.07,OPINET official CSV history
2017-11-12,1517.56,1309.36,885.0,OPINET official CSV history
2017-11-13,1518.65,1310.79,885.0,OPINET official CSV history
2017-11-14,1520.74,1312.47,884.76,OPINET official CSV history
2017-11-15,1521.86,1313.66,884.84,OPINET official CSV history
2017-11-16,1522.81,1314.62,884.79,OPINET official CSV history
2017-11-17,1523.72,1315.54,884.75,OPINET official CSV history
2017-11-18,1524.64,1316.3,884.69,OPINET official CSV history
2017-11-19,1525.2,1316.65,884.85,OPINET official CSV history
2017-11-20,1525.97,1317.77,885.26,OPINET official CSV history
2017-11-21,1526.88,1318.76,884.95,OPINET official CSV history
2017-11-22,1527.6,1319.5,884.91,OPINET official CSV history
2017-11-23,1528.28,1320.24,884.85,OPINET official CSV history
2017-11-24,1529.12,1321.02,884.84,OPINET official CSV history
2017-11-25,1529.99,1321.87,884.92,OPINET official CSV history
2017-11-26,1530.41,1322.11,884.88,OPINET official CSV history
2017-11-27,1531.27,1323.38,884.99,OPINET official CSV history
2017-11-28,1532.2,1324.24,884.91,OPINET official CSV history
2017-11-29,1533.11,1325.08,884.94,OPINET official CSV history
2017-11-30,1533.76,1325.78,885.01,OPINET official CSV history
2017-12-01,1534.92,1327.06,885.19,OPINET official CSV history
2017-12-02,1535.66,1327.66,885.2,OPINET official CSV history
2017-12-03,1536.08,1327.89,885.26,OPINET official CSV history
2017-12-04,1536.55,1328.63,885.12,OPINET official CSV history
2017-12-05,1536.83,1328.99,885.04,OPINET official CSV history
2017-12-06,1537.35,1329.52,885.07,OPINET official CSV history
2017-12-07,1537.85,1329.85,885.1,OPINET official CSV history
2017-12-08,1538.13,1330.2,884.89,OPINET official CSV history
2017-12-09,1538.36,1330.31,884.98,OPINET official CSV history
2017-12-10,1538.55,1330.33,884.78,OPINET official CSV history
2017-12-11,1538.86,1330.99,885.06,OPINET official CSV history
2017-12-12,1539.28,1331.29,885.07,OPINET official CSV history
2017-12-13,1539.47,1331.57,884.93,OPINET official CSV history
2017-12-14,1539.97,1332.08,884.98,OPINET official CSV history
2017-12-15,1540.38,1332.49,884.81,OPINET official CSV history
2017-12-16,1540.66,1332.66,885.0,OPINET official CSV history
2017-12-17,1540.85,1332.68,885.02,OPINET official CSV history
2017-12-18,1541.12,1333.36,885.0,OPINET official CSV history
2017-12-19,1541.55,1333.75,885.12,OPINET official CSV history
2017-12-20,1541.76,1333.99,885.1,OPINET official CSV history
2017-12-21,1541.99,1334.31,885.01,OPINET official CSV history
2017-12-22,1542.3,1334.57,884.98,OPINET official CSV history
2017-12-23,1542.58,1334.72,885.2,OPINET official CSV history
2017-12-24,1542.77,1334.62,885.14,OPINET official CSV history
2017-12-25,1542.87,1334.85,885.16,OPINET official CSV history
2017-12-26,1542.99,1335.22,885.03,OPINET official CSV history
2017-12-27,1543.24,1335.45,884.98,OPINET official CSV history
2017-12-28,1543.52,1335.82,884.99,OPINET official CSV history
2017-12-29,1543.74,1335.98,885.08,OPINET official CSV history
2017-12-30,1543.99,1336.12,885.21,OPINET official CSV history
2017-12-31,1544.11,1335.94,885.31,OPINET official CSV history
2018-01-01,1544.62,1336.4,885.31,OPINET official CSV history
2018-01-02,1544.93,1337.13,885.15,OPINET official CSV history
2018-01-03,1545.28,1337.44,885.41,OPINET official CSV history
2018-01-04,1545.57,1337.83,885.45,OPINET official CSV history
2018-01-05,1546.36,1338.72,885.31,OPINET official CSV history
2018-01-06,1546.89,1339.14,885.25,OPINET official CSV history
2018-01-07,1547.13,1339.2,885.25,OPINET official CSV history
2018-01-08,1547.49,1339.89,885.3,OPINET official CSV history
2018-01-09,1547.8,1340.26,885.28,OPINET official CSV history
2018-01-10,1548.16,1340.81,885.26,OPINET official CSV history
2018-01-11,1548.67,1341.37,885.31,OPINET official CSV history
2018-01-12,1549.23,1341.98,885.3,OPINET official CSV history
2018-01-13,1549.76,1342.49,885.32,OPINET official CSV history
2018-01-14,1550.16,1342.67,885.26,OPINET official CSV history
2018-01-15,1550.69,1343.6,885.26,OPINET official CSV history
2018-01-16,1551.58,1344.49,885.18,OPINET official CSV history
2018-01-17,1552.16,1345.19,885.2,OPINET official CSV history
2018-01-18,1552.73,1345.96,885.21,OPINET official CSV history
2018-01-19,1553.32,1346.66,885.16,OPINET official CSV history
2018-01-20,1553.92,1347.17,885.47,OPINET official CSV history
2018-01-21,1554.19,1347.27,885.48,OPINET official CSV history
2018-01-22,1554.73,1348.26,885.34,OPINET official CSV history
2018-01-23,1555.27,1348.97,885.21,OPINET official CSV history
2018-01-24,1555.85,1349.88,885.29,OPINET official CSV history
2018-01-25,1556.44,1350.65,885.2,OPINET official CSV history
2018-01-26,1557.14,1351.51,885.15,OPINET official CSV history
2018-01-27,1557.76,1352.14,885.36,OPINET official CSV history
2018-01-28,1558.12,1352.37,885.32,OPINET official CSV history
2018-01-29,1558.67,1353.35,885.2,OPINET official CSV history
2018-01-30,1559.63,1354.53,885.29,OPINET official CSV history
2018-01-31,1560.34,1355.49,885.21,OPINET official CSV history
2018-02-01,1561.4,1356.76,885.54,OPINET official CSV history
2018-02-02,1562.05,1357.48,885.59,OPINET official CSV history
2018-02-03,1562.6,1357.98,885.9,OPINET official CSV history
2018-02-04,1562.8,1358.08,885.98,OPINET official CSV history
2018-02-05,1563.14,1358.81,886.11,OPINET official CSV history
2018-02-06,1563.9,1359.61,886.04,OPINET official CSV history
2018-02-07,1564.38,1360.15,886.22,OPINET official CSV history
2018-02-08,1564.8,1360.64,886.08,OPINET official CSV history
2018-02-09,1565.11,1360.99,885.99,OPINET official CSV history
2018-02-10,1565.31,1361.07,885.99,OPINET official CSV history
2018-02-11,1565.34,1360.95,886.07,OPINET official CSV history
2018-02-12,1565.47,1361.39,886.06,OPINET official CSV history
2018-02-13,1565.51,1361.47,885.97,OPINET official CSV history
2018-02-14,1565.72,1361.58,885.97,OPINET official CSV history
2018-02-15,1565.98,1361.65,885.97,OPINET official CSV history
2018-02-16,1566.02,1361.73,885.92,OPINET official CSV history
2018-02-17,1565.99,1361.76,885.96,OPINET official CSV history
2018-02-18,1565.95,1361.69,885.99,OPINET official CSV history
2018-02-19,1565.76,1361.78,885.87,OPINET official CSV history
2018-02-20,1565.46,1361.47,886.05,OPINET official CSV history
2018-02-21,1565.06,1361.18,886.03,OPINET official CSV history
2018-02-22,1564.67,1360.79,885.92,OPINET official CSV history
2018-02-23,1564.48,1360.61,885.91,OPINET official CSV history
2018-02-24,1564.3,1360.53,885.97,OPINET official CSV history
2018-02-25,1564.23,1360.26,885.91,OPINET official CSV history
2018-02-26,1564.17,1360.47,885.9,OPINET official CSV history
2018-02-27,1564.07,1360.35,885.95,OPINET official CSV history
2018-02-28,1563.88,1360.18,885.99,OPINET official CSV history
2018-03-01,1563.68,1359.91,864.78,OPINET official CSV history
2018-03-02,1563.46,1359.86,861.22,OPINET official CSV history
2018-03-03,1563.15,1359.44,859.39,OPINET official CSV history
2018-03-04,1562.95,1359.13,859.1,OPINET official CSV history
2018-03-05,1562.76,1359.14,858.87,OPINET official CSV history
2018-03-06,1562.75,1359.18,857.94,OPINET official CSV history
2018-03-07,1562.37,1358.81,857.66,OPINET official CSV history
2018-03-08,1562.02,1358.4,857.4,OPINET official CSV history
2018-03-09,1561.53,1358.13,857.34,OPINET official CSV history
2018-03-10,1561.12,1357.58,857.12,OPINET official CSV history
2018-03-11,1560.89,1357.24,856.9,OPINET official CSV history
2018-03-12,1560.6,1357.27,856.98,OPINET official CSV history
2018-03-13,1560.02,1356.71,856.77,OPINET official CSV history
2018-03-14,1559.27,1356.09,856.69,OPINET official CSV history
2018-03-15,1558.55,1355.18,856.6,OPINET official CSV history
2018-03-16,1557.87,1354.71,856.52,OPINET official CSV history
2018-03-17,1557.16,1354.06,856.45,OPINET official CSV history
2018-03-18,1556.94,1353.5,856.26,OPINET official CSV history
2018-03-19,1556.44,1353.2,856.34,OPINET official CSV history
2018-03-20,1555.54,1352.41,856.39,OPINET official CSV history
2018-03-21,1554.72,1351.57,856.17,OPINET official CSV history
2018-03-22,1554.2,1351.19,856.36,OPINET official CSV history
2018-03-23,1553.67,1350.72,856.18,OPINET official CSV history
2018-03-24,1553.36,1350.26,856.01,OPINET official CSV history
2018-03-25,1553.23,1349.89,855.89,OPINET official CSV history
2018-03-26,1552.94,1350.13,855.98,OPINET official CSV history
2018-03-27,1553.03,1350.21,855.99,OPINET official CSV history
2018-03-28,1552.76,1350.0,855.95,OPINET official CSV history
2018-03-29,1552.41,1349.67,855.85,OPINET official CSV history
2018-03-30,1552.09,1349.34,855.81,OPINET official CSV history
2018-03-31,1551.86,1348.97,855.62,OPINET official CSV history
2018-04-01,1551.62,1348.5,837.15,OPINET official CSV history
2018-04-02,1551.29,1348.65,832.34,OPINET official CSV history
2018-04-03,1551.29,1348.69,830.41,OPINET official CSV history
2018-04-04,1551.1,1348.5,829.67,OPINET official CSV history
2018-04-05,1550.91,1348.3,829.27,OPINET official CSV history
2018-04-06,1550.69,1348.13,829.09,OPINET official CSV history
2018-04-07,1550.52,1347.92,828.93,OPINET official CSV history
2018-04-08,1550.45,1347.58,828.59,OPINET official CSV history
2018-04-09,1550.34,1347.82,828.64,OPINET official CSV history
2018-04-10,1550.04,1347.59,828.49,OPINET official CSV history
2018-04-11,1549.73,1347.31,828.52,OPINET official CSV history
2018-04-12,1549.69,1347.39,828.36,OPINET official CSV history
2018-04-13,1549.64,1347.35,828.28,OPINET official CSV history
2018-04-14,1549.65,1347.02,828.22,OPINET official CSV history
2018-04-15,1549.68,1346.99,828.02,OPINET official CSV history
2018-04-16,1549.72,1347.41,828.21,OPINET official CSV history
2018-04-17,1550.0,1347.81,828.11,OPINET official CSV history
2018-04-18,1550.11,1348.0,827.98,OPINET official CSV history
2018-04-19,1550.39,1348.31,828.07,OPINET official CSV history
2018-04-20,1550.83,1348.74,827.92,OPINET official CSV history
2018-04-21,1551.2,1349.12,827.79,OPINET official CSV history
2018-04-22,1551.34,1349.11,827.69,OPINET official CSV history
2018-04-23,1551.69,1349.54,827.91,OPINET official CSV history
2018-04-24,1552.22,1350.32,827.79,OPINET official CSV history
2018-04-25,1552.76,1350.94,827.79,OPINET official CSV history
2018-04-26,1553.33,1351.72,827.81,OPINET official CSV history
2018-04-27,1554.15,1352.57,827.77,OPINET official CSV history
2018-04-28,1554.78,1353.13,827.71,OPINET official CSV history
2018-04-29,1555.14,1353.33,827.5,OPINET official CSV history
2018-04-30,1555.65,1354.19,827.74,OPINET official CSV history
2018-05-01,1557.66,1356.19,827.51,OPINET official CSV history
2018-05-02,1558.46,1357.02,827.39,OPINET official CSV history
2018-05-03,1559.37,1358.06,827.48,OPINET official CSV history
2018-05-04,1560.3,1359.11,827.23,OPINET official CSV history
2018-05-05,1561.55,1360.26,827.06,OPINET official CSV history
2018-05-06,1562.08,1360.67,827.02,OPINET official CSV history
2018-05-07,1562.73,1361.45,827.02,OPINET official CSV history
2018-05-08,1563.59,1362.69,827.03,OPINET official CSV history
2018-05-09,1565.32,1364.54,827.17,OPINET official CSV history
2018-05-10,1567.32,1366.73,826.97,OPINET official CSV history
2018-05-11,1569.89,1369.44,826.97,OPINET official CSV history
2018-05-12,1572.13,1371.82,827.07,OPINET official CSV history
2018-05-13,1573.17,1372.7,826.97,OPINET official CSV history
2018-05-14,1574.67,1374.72,827.12,OPINET official CSV history
2018-05-15,1577.27,1377.49,827.03,OPINET official CSV history
2018-05-16,1579.46,1379.89,827.05,OPINET official CSV history
2018-05-17,1581.16,1381.62,826.84,OPINET official CSV history
2018-05-18,1583.01,1383.47,826.71,OPINET official CSV history
2018-05-19,1584.92,1385.46,826.81,OPINET official CSV history
2018-05-20,1585.9,1386.29,826.74,OPINET official CSV history
2018-05-21,1587.43,1388.29,826.77,OPINET official CSV history
2018-05-22,1590.2,1390.78,826.61,OPINET official CSV history
2018-05-23,1591.97,1392.93,826.71,OPINET official CSV history
2018-05-24,1595.13,1396.04,826.82,OPINET official CSV history
2018-05-25,1598.38,1399.4,826.73,OPINET official CSV history
2018-05-26,1600.91,1401.79,826.74,OPINET official CSV history
2018-05-27,1602.06,1402.69,826.65,OPINET official CSV history
2018-05-28,1603.52,1404.41,826.67,OPINET official CSV history
2018-05-29,1605.58,1406.3,826.85,OPINET official CSV history
2018-05-30,1606.68,1407.45,826.73,OPINET official CSV history
2018-05-31,1607.24,1407.94,826.71,OPINET official CSV history
2018-06-01,1608.43,1409.17,841.97,OPINET official CSV history
2018-06-02,1608.89,1409.56,843.12,OPINET official CSV history
2018-06-03,1609.16,1409.65,843.13,OPINET official CSV history
2018-06-04,1609.5,1410.35,843.39,OPINET official CSV history
2018-06-05,1609.7,1410.54,843.71,OPINET official CSV history
2018-06-06,1609.97,1410.63,843.63,OPINET official CSV history
2018-06-07,1610.24,1411.08,843.65,OPINET official CSV history
2018-06-08,1610.24,1411.09,843.62,OPINET official CSV history
2018-06-09,1610.19,1411.05,843.77,OPINET official CSV history
2018-06-10,1610.14,1410.76,843.72,OPINET official CSV history
2018-06-11,1610.26,1411.17,843.86,OPINET official CSV history
2018-06-12,1610.18,1411.17,843.9,OPINET official CSV history
2018-06-13,1610.03,1410.92,843.83,OPINET official CSV history
2018-06-14,1609.97,1410.92,843.96,OPINET official CSV history
2018-06-15,1609.74,1410.74,843.86,OPINET official CSV history
2018-06-16,1609.59,1410.54,843.86,OPINET official CSV history
2018-06-17,1609.55,1410.29,843.88,OPINET official CSV history
2018-06-18,1609.32,1410.41,843.99,OPINET official CSV history
2018-06-19,1609.16,1410.18,843.86,OPINET official CSV history
2018-06-20,1608.89,1409.99,843.96,OPINET official CSV history
2018-06-21,1608.58,1409.74,843.85,OPINET official CSV history
2018-06-22,1608.32,1409.47,843.78,OPINET official CSV history
2018-06-23,1608.12,1409.21,843.82,OPINET official CSV history
2018-06-24,1608.06,1408.97,843.83,OPINET official CSV history
2018-06-25,1608.02,1409.22,843.89,OPINET official CSV history
2018-06-26,1607.73,1408.74,843.84,OPINET official CSV history
2018-06-27,1607.61,1408.69,843.83,OPINET official CSV history
2018-06-28,1607.56,1408.6,843.84,OPINET official CSV history
2018-06-29,1607.6,1408.74,843.82,OPINET official CSV history
2018-06-30,1607.63,1408.65,843.93,OPINET official CSV history
2018-07-01,1607.66,1408.44,865.64,OPINET official CSV history
2018-07-02,1607.83,1408.72,867.92,OPINET official CSV history
2018-07-03,1608.19,1409.08,868.68,OPINET official CSV history
2018-07-04,1608.49,1409.42,869.03,OPINET official CSV history
2018-07-05,1608.67,1409.56,869.07,OPINET official CSV history
2018-07-06,1608.89,1409.83,869.11,OPINET official CSV history
2018-07-07,1609.18,1410.0,869.24,OPINET official CSV history
2018-07-08,1609.27,1409.91,869.19,OPINET official CSV history
2018-07-09,1609.44,1410.25,869.29,OPINET official CSV history
2018-07-10,1609.85,1410.79,869.23,OPINET official CSV history
2018-07-11,1610.24,1411.21,869.23,OPINET official CSV history
2018-07-12,1610.57,1411.57,869.2,OPINET official CSV history
2018-07-13,1610.76,1411.84,869.14,OPINET official CSV history
2018-07-14,1610.99,1412.03,869.31,OPINET official CSV history
2018-07-15,1611.22,1411.97,869.27,OPINET official CSV history
2018-07-16,1611.42,1412.52,869.26,OPINET official CSV history
2018-07-17,1611.64,1412.7,869.35,OPINET official CSV history
2018-07-18,1611.69,1412.79,869.45,OPINET official CSV history
2018-07-19,1611.79,1412.85,869.34,OPINET official CSV history
2018-07-20,1611.82,1412.88,869.35,OPINET official CSV history
2018-07-21,1611.93,1412.79,869.38,OPINET official CSV history
2018-07-22,1611.97,1412.69,869.32,OPINET official CSV history
2018-07-23,1612.09,1413.23,869.46,OPINET official CSV history
2018-07-24,1612.21,1413.32,869.31,OPINET official CSV history
2018-07-25,1612.29,1413.36,869.31,OPINET official CSV history
2018-07-26,1612.47,1413.48,869.4,OPINET official CSV history
2018-07-27,1612.59,1413.62,869.26,OPINET official CSV history
2018-07-28,1612.86,1413.71,869.33,OPINET official CSV history
2018-07-29,1613.03,1413.7,869.33,OPINET official CSV history
2018-07-30,1613.2,1414.24,869.37,OPINET official CSV history
2018-07-31,1613.82,1414.76,869.38,OPINET official CSV history
2018-08-01,1614.67,1415.68,892.31,OPINET official CSV history
2018-08-02,1615.04,1415.93,893.91,OPINET official CSV history
2018-08-03,1615.31,1416.14,894.39,OPINET official CSV history
2018-08-04,1615.62,1416.38,894.54,OPINET official CSV history
2018-08-05,1615.84,1416.37,894.7,OPINET official CSV history
2018-08-06,1615.97,1416.92,894.82,OPINET official CSV history
2018-08-07,1616.6,1417.51,894.89,OPINET official CSV history
2018-08-08,1616.88,1417.84,894.88,OPINET official CSV history
2018-08-09,1617.17,1418.0,894.92,OPINET official CSV history
2018-08-10,1617.37,1418.28,894.82,OPINET official CSV history
2018-08-11,1617.58,1418.4,894.85,OPINET official CSV history
2018-08-12,1617.82,1418.42,894.81,OPINET official CSV history
2018-08-13,1618.03,1419.0,894.89,OPINET official CSV history
2018-08-14,1618.46,1419.33,894.92,OPINET official CSV history
2018-08-15,1618.68,1419.48,894.87,OPINET official CSV history
2018-08-16,1618.9,1419.78,894.98,OPINET official CSV history
2018-08-17,1619.02,1420.04,894.89,OPINET official CSV history
2018-08-18,1619.08,1419.85,894.91,OPINET official CSV history
2018-08-19,1619.18,1419.81,894.95,OPINET official CSV history
2018-08-20,1619.34,1420.23,894.9,OPINET official CSV history
2018-08-21,1619.46,1420.25,894.9,OPINET official CSV history
2018-08-22,1619.51,1420.43,894.83,OPINET official CSV history
2018-08-23,1619.69,1420.42,895.17,OPINET official CSV history
2018-08-24,1619.75,1420.54,895.09,OPINET official CSV history
2018-08-25,1619.82,1420.57,895.18,OPINET official CSV history
2018-08-26,1619.91,1420.47,895.15,OPINET official CSV history
2018-08-27,1620.05,1420.91,895.17,OPINET official CSV history
2018-08-28,1620.35,1421.24,895.19,OPINET official CSV history
2018-08-29,1620.52,1421.42,895.21,OPINET official CSV history
2018-08-30,1620.72,1421.6,895.23,OPINET official CSV history
2018-08-31,1620.87,1421.8,895.19,OPINET official CSV history
2018-09-01,1621.68,1422.57,895.43,OPINET official CSV history
2018-09-02,1621.97,1422.73,895.33,OPINET official CSV history
2018-09-03,1622.48,1423.48,895.28,OPINET official CSV history
2018-09-04,1623.19,1424.3,895.86,OPINET official CSV history
2018-09-05,1624.11,1425.34,895.68,OPINET official CSV history
2018-09-06,1625.25,1426.48,895.65,OPINET official CSV history
2018-09-07,1626.47,1427.59,895.59,OPINET official CSV history
2018-09-08,1627.25,1428.41,895.61,OPINET official CSV history
2018-09-09,1627.74,1428.68,895.53,OPINET official CSV history
2018-09-10,1628.48,1429.71,895.54,OPINET official CSV history
2018-09-11,1630.11,1431.43,895.44,OPINET official CSV history
2018-09-12,1631.5,1432.96,895.33,OPINET official CSV history
2018-09-13,1633.36,1434.86,895.41,OPINET official CSV history
2018-09-14,1635.32,1436.87,895.22,OPINET official CSV history
2018-09-15,1637.02,1438.44,895.35,OPINET official CSV history
2018-09-16,1637.9,1439.13,895.35,OPINET official CSV history
2018-09-17,1639.2,1440.96,895.09,OPINET official CSV history
2018-09-18,1640.92,1442.51,895.16,OPINET official CSV history
2018-09-19,1642.42,1444.07,895.1,OPINET official CSV history
2018-09-20,1644.0,1445.58,895.13,OPINET official CSV history
2018-09-21,1645.7,1447.27,895.09,OPINET official CSV history
2018-09-22,1647.81,1449.34,895.36,OPINET official CSV history
2018-09-23,1649.04,1450.34,895.36,OPINET official CSV history
2018-09-24,1649.62,1450.83,895.33,OPINET official CSV history
2018-09-25,1650.2,1451.35,895.47,OPINET official CSV history
2018-09-26,1650.45,1451.71,895.41,OPINET official CSV history
2018-09-27,1651.41,1453.05,895.41,OPINET official CSV history
2018-09-28,1652.82,1454.51,895.32,OPINET official CSV history
2018-09-29,1654.25,1455.9,895.32,OPINET official CSV history
2018-09-30,1655.0,1456.47,895.39,OPINET official CSV history
2018-10-01,1657.1,1458.98,930.44,OPINET official CSV history
2018-10-02,1659.87,1461.8,933.04,OPINET official CSV history
2018-10-03,1661.85,1463.91,933.54,OPINET official CSV history
2018-10-04,1663.86,1466.05,933.88,OPINET official CSV history
2018-10-05,1666.77,1469.06,934.12,OPINET official CSV history
2018-10-06,1669.15,1471.44,934.26,OPINET official CSV history
2018-10-07,1670.38,1472.75,934.21,OPINET official CSV history
2018-10-08,1672.36,1475.13,934.42,OPINET official CSV history
2018-10-09,1675.17,1478.23,934.35,OPINET official CSV history
2018-10-10,1677.03,1480.36,934.48,OPINET official CSV history
2018-10-11,1679.67,1483.11,934.42,OPINET official CSV history
2018-10-12,1681.55,1485.35,934.31,OPINET official CSV history
2018-10-13,1683.13,1486.85,934.38,OPINET official CSV history
2018-10-14,1684.0,1487.61,934.29,OPINET official CSV history
2018-10-15,1685.11,1489.18,934.45,OPINET official CSV history
2018-10-16,1686.39,1490.63,934.5,OPINET official CSV history
2018-10-17,1687.47,1491.89,934.48,OPINET official CSV history
2018-10-18,1688.25,1492.79,934.47,OPINET official CSV history
2018-10-19,1688.74,1493.51,934.46,OPINET official CSV history
2018-10-20,1689.15,1493.84,934.5,OPINET official CSV history
2018-10-21,1689.48,1494.0,934.46,OPINET official CSV history
2018-10-22,1689.76,1494.63,934.48,OPINET official CSV history
2018-10-23,1689.71,1494.64,934.48,OPINET official CSV history
2018-10-24,1689.73,1494.8,934.5,OPINET official CSV history
2018-10-25,1689.78,1494.8,934.46,OPINET official CSV history
2018-10-26,1689.64,1494.76,934.41,OPINET official CSV history
2018-10-27,1689.69,1494.82,934.45,OPINET official CSV history
2018-10-28,1689.84,1494.71,934.45,OPINET official CSV history
2018-10-29,1689.86,1495.16,934.43,OPINET official CSV history
2018-10-30,1690.11,1495.37,934.38,OPINET official CSV history
2018-10-31,1690.14,1495.5,934.37,OPINET official CSV history
2018-11-01,1690.24,1495.61,934.43,OPINET official CSV history
2018-11-02,1690.21,1495.76,934.23,OPINET official CSV history
2018-11-03,1690.19,1495.63,934.4,OPINET official CSV history
2018-11-04,1690.31,1495.6,934.7,OPINET official CSV history
2018-11-05,1690.3,1495.76,934.33,OPINET official CSV history
2018-11-06,1665.5,1478.46,913.78,OPINET official CSV history
2018-11-07,1640.7,1462.31,909.54,OPINET official CSV history
2018-11-08,1615.0,1444.76,907.63,OPINET official CSV history
2018-11-09,1598.67,1434.18,906.86,OPINET official CSV history
2018-11-10,1589.25,1427.93,906.46,OPINET official CSV history
2018-11-11,1585.66,1425.16,906.19,OPINET official CSV history
2018-11-12,1580.32,1422.44,905.97,OPINET official CSV history
2018-11-13,1574.73,1418.79,905.6,OPINET official CSV history
2018-11-14,1569.96,1416.15,905.37,OPINET official CSV history
2018-11-15,1565.07,1413.37,905.1,OPINET official CSV history
2018-11-16,1560.28,1410.52,904.94,OPINET official CSV history
2018-11-17,1556.81,1408.06,904.96,OPINET official CSV history
2018-11-18,1555.15,1407.06,904.78,OPINET official CSV history
2018-11-19,1551.91,1405.7,904.87,OPINET official CSV history
2018-11-20,1547.21,1402.88,904.78,OPINET official CSV history
2018-11-21,1541.69,1399.81,904.74,OPINET official CSV history
2018-11-22,1536.76,1396.99,904.59,OPINET official CSV history
2018-11-23,1531.65,1394.1,904.48,OPINET official CSV history
2018-11-24,1527.85,1391.49,904.54,OPINET official CSV history
2018-11-25,1526.19,1390.48,904.47,OPINET official CSV history
2018-11-26,1522.79,1389.11,904.48,OPINET official CSV history
2018-11-27,1516.55,1385.28,904.4,OPINET official CSV history
2018-11-28,1510.85,1381.88,904.52,OPINET official CSV history
2018-11-29,1505.23,1378.62,904.5,OPINET official CSV history
2018-11-30,1500.24,1375.38,904.51,OPINET official CSV history
2018-12-01,1493.32,1370.66,874.37,OPINET official CSV history
2018-12-02,1490.73,1368.46,870.55,OPINET official CSV history
2018-12-03,1486.92,1366.23,867.87,OPINET official CSV history
2018-12-04,1481.24,1362.36,866.1,OPINET official CSV history
2018-12-05,1475.39,1358.37,864.8,OPINET official CSV history
2018-12-06,1470.45,1354.9,863.95,OPINET official CSV history
2018-12-07,1465.39,1351.26,863.49,OPINET official CSV history
2018-12-08,1461.3,1348.62,863.3,OPINET official CSV history
2018-12-09,1459.79,1347.13,862.86,OPINET official CSV history
2018-12-10,1456.49,1344.98,862.89,OPINET official CSV history
2018-12-11,1451.67,1341.17,862.68,OPINET official CSV history
2018-12-12,1447.47,1337.82,862.45,OPINET official CSV history
2018-12-13,1443.21,1334.32,862.29,OPINET official CSV history
2018-12-14,1439.29,1331.38,862.36,OPINET official CSV history
2018-12-15,1435.85,1328.46,862.24,OPINET official CSV history
2018-12-16,1434.31,1326.72,862.07,OPINET official CSV history
2018-12-17,1431.21,1324.8,862.17,OPINET official CSV history
2018-12-18,1426.88,1320.94,862.16,OPINET official CSV history
2018-12-19,1422.55,1316.95,862.14,OPINET official CSV history
2018-12-20,1417.46,1312.44,862.11,OPINET official CSV history
2018-12-21,1412.04,1307.64,861.99,OPINET official CSV history
2018-12-22,1407.88,1303.52,861.74,OPINET official CSV history
2018-12-23,1405.51,1301.33,861.88,OPINET official CSV history
2018-12-24,1401.56,1297.98,862.12,OPINET official CSV history
2018-12-25,1397.44,1293.97,861.89,OPINET official CSV history
2018-12-26,1393.36,1290.33,862.13,OPINET official CSV history
2018-12-27,1389.05,1286.17,861.81,OPINET official CSV history
2018-12-28,1385.9,1283.1,861.86,OPINET official CSV history
2018-12-29,1383.03,1280.12,861.97,OPINET official CSV history
2018-12-30,1381.66,1278.74,861.7,OPINET official CSV history
2018-12-31,1379.77,1277.23,861.92,OPINET official CSV history
2019-01-01,1375.08,1272.42,817.49,OPINET official CSV history
2019-01-02,1371.58,1269.2,808.84,OPINET official CSV history
2019-01-03,1367.67,1265.31,804.94,OPINET official CSV history
2019-01-04,1363.93,1261.82,803.57,OPINET official CSV history
2019-01-05,1361.02,1258.88,802.74,OPINET official CSV history
2019-01-06,1359.6,1257.43,802.22,OPINET official CSV history
2019-01-07,1357.21,1255.3,802.03,OPINET official CSV history
2019-01-08,1354.46,1252.58,801.82,OPINET official CSV history
2019-01-09,1352.61,1250.76,801.31,OPINET official CSV history
2019-01-10,1351.2,1249.46,801.05,OPINET official CSV history
2019-01-11,1350.06,1248.49,800.75,OPINET official CSV history
2019-01-12,1349.44,1247.73,800.48,OPINET official CSV history
2019-01-13,1349.16,1247.24,800.16,OPINET official CSV history
2019-01-14,1348.54,1246.92,800.38,OPINET official CSV history
2019-01-15,1347.96,1246.19,800.43,OPINET official CSV history
2019-01-16,1347.39,1245.63,800.09,OPINET official CSV history
2019-01-17,1346.77,1245.01,799.99,OPINET official CSV history
2019-01-18,1346.19,1244.52,799.7,OPINET official CSV history
2019-01-19,1345.82,1244.19,799.5,OPINET official CSV history
2019-01-20,1345.6,1243.97,799.49,OPINET official CSV history
2019-01-21,1345.57,1244.06,799.66,OPINET official CSV history
2019-01-22,1345.59,1243.88,799.74,OPINET official CSV history
2019-01-23,1345.48,1243.78,799.68,OPINET official CSV history
2019-01-24,1345.35,1243.69,799.44,OPINET official CSV history
2019-01-25,1345.27,1243.58,799.48,OPINET official CSV history
2019-01-26,1344.93,1243.33,799.51,OPINET official CSV history
2019-01-27,1344.94,1243.22,799.12,OPINET official CSV history
2019-01-28,1344.93,1243.41,799.77,OPINET official CSV history
2019-01-29,1344.76,1243.41,799.44,OPINET official CSV history
2019-01-30,1344.49,1243.27,799.39,OPINET official CSV history
2019-01-31,1344.35,1243.04,799.31,OPINET official CSV history
2019-02-01,1344.15,1242.99,799.22,OPINET official CSV history
2019-02-02,1344.21,1243.01,799.29,OPINET official CSV history
2019-02-03,1344.16,1242.9,799.23,OPINET official CSV history
2019-02-04,1344.12,1242.77,799.57,OPINET official CSV history
2019-02-05,1344.13,1242.71,799.67,OPINET official CSV history
2019-02-06,1343.85,1242.41,799.68,OPINET official CSV history
2019-02-07,1343.8,1242.24,798.98,OPINET official CSV history
2019-02-08,1343.48,1242.17,798.79,OPINET official CSV history
2019-02-09,1343.19,1242.03,798.68,OPINET official CSV history
2019-02-10,1343.13,1241.93,798.48,OPINET official CSV history
2019-02-11,1342.93,1241.92,798.71,OPINET official CSV history
2019-02-12,1342.66,1241.75,798.64,OPINET official CSV history
2019-02-13,1342.5,1241.58,798.6,OPINET official CSV history
2019-02-14,1342.34,1241.53,798.5,OPINET official CSV history
2019-02-15,1342.24,1241.52,798.47,OPINET official CSV history
2019-02-16,1342.55,1241.71,798.45,OPINET official CSV history
2019-02-17,1342.62,1241.69,798.46,OPINET official CSV history
2019-02-18,1342.75,1242.03,798.63,OPINET official CSV history
2019-02-19,1342.87,1242.2,798.59,OPINET official CSV history
2019-02-20,1342.97,1242.5,798.35,OPINET official CSV history
2019-02-21,1343.19,1242.74,798.25,OPINET official CSV history
2019-02-22,1343.7,1243.23,798.37,OPINET official CSV history
2019-02-23,1344.3,1243.82,798.18,OPINET official CSV history
2019-02-24,1344.64,1244.03,798.08,OPINET official CSV history
2019-02-25,1345.21,1244.77,798.29,OPINET official CSV history
2019-02-26,1345.97,1245.75,798.05,OPINET official CSV history
2019-02-27,1346.57,1246.36,798.15,OPINET official CSV history
2019-02-28,1347.17,1246.94,798.04,OPINET official CSV history
2019-03-01,1348.52,1248.5,797.82,OPINET official CSV history
2019-03-02,1349.01,1248.8,797.95,OPINET official CSV history
2019-03-03,1349.18,1248.9,797.93,OPINET official CSV history
2019-03-04,1349.54,1249.48,797.99,OPINET official CSV history
2019-03-05,1350.21,1250.28,797.87,OPINET official CSV history
2019-03-06,1350.83,1251.02,797.75,OPINET official CSV history
2019-03-07,1351.77,1252.01,797.95,OPINET official CSV history
2019-03-08,1353.58,1253.97,797.74,OPINET official CSV history
2019-03-09,1354.89,1255.17,797.76,OPINET official CSV history
2019-03-10,1355.69,1255.79,797.91,OPINET official CSV history
2019-03-11,1356.86,1257.38,797.92,OPINET official CSV history
2019-03-12,1358.93,1259.29,797.86,OPINET official CSV history
2019-03-13,1361.38,1261.62,797.77,OPINET official CSV history
2019-03-14,1363.69,1263.88,797.59,OPINET official CSV history
2019-03-15,1366.83,1267.06,797.5,OPINET official CSV history
2019-03-16,1369.55,1269.58,797.7,OPINET official CSV history
2019-03-17,1370.93,1270.67,797.41,OPINET official CSV history
2019-03-18,1372.96,1272.95,797.44,OPINET official CSV history
2019-03-19,1375.77,1275.44,797.31,OPINET official CSV history
2019-03-20,1378.03,1277.6,797.48,OPINET official CSV history
2019-03-21,1379.83,1279.21,797.35,OPINET official CSV history
2019-03-22,1381.85,1281.22,797.22,OPINET official CSV history
2019-03-23,1383.83,1283.09,797.07,OPINET official CSV history
2019-03-24,1384.72,1283.7,797.02,OPINET official CSV history
2019-03-25,1386.32,1285.44,797.04,OPINET official CSV history
2019-03-26,1388.31,1287.33,797.04,OPINET official CSV history
2019-03-27,1389.97,1288.77,797.18,OPINET official CSV history
2019-03-28,1391.43,1290.02,796.96,OPINET official CSV history
2019-03-29,1392.77,1291.24,797.03,OPINET official CSV history
2019-03-30,1393.96,1292.32,796.91,OPINET official CSV history
2019-03-31,1394.19,1292.39,796.79,OPINET official CSV history
2019-04-01,1396.21,1294.48,796.89,OPINET official CSV history
2019-04-02,1398.26,1296.03,796.72,OPINET official CSV history
2019-04-03,1399.91,1297.42,796.7,OPINET official CSV history
2019-04-04,1401.33,1298.55,796.56,OPINET official CSV history
2019-04-05,1402.73,1299.7,796.56,OPINET official CSV history
2019-04-06,1404.24,1300.91,796.63,OPINET official CSV history
2019-04-07,1405.01,1301.4,796.47,OPINET official CSV history
2019-04-08,1406.37,1302.72,796.83,OPINET official CSV history
2019-04-09,1408.14,1304.14,796.61,OPINET official CSV history
2019-04-10,1409.99,1305.73,796.66,OPINET official CSV history
2019-04-11,1411.96,1307.52,796.61,OPINET official CSV history
2019-04-12,1414.21,1309.38,796.63,OPINET official CSV history
2019-04-13,1416.7,1311.29,796.59,OPINET official CSV history
2019-04-14,1417.96,1312.08,796.53,OPINET official CSV history
2019-04-15,1420.05,1313.98,796.7,OPINET official CSV history
2019-04-16,1423.2,1316.23,796.69,OPINET official CSV history
2019-04-17,1425.97,1318.36,796.54,OPINET official CSV history
2019-04-18,1428.32,1320.14,796.32,OPINET official CSV history
2019-04-19,1431.07,1322.04,796.27,OPINET official CSV history
2019-04-20,1433.69,1323.78,796.24,OPINET official CSV history
2019-04-21,1435.18,1324.66,796.18,OPINET official CSV history
2019-04-22,1437.68,1326.54,796.12,OPINET official CSV history
2019-04-23,1440.95,1328.81,796.22,OPINET official CSV history
2019-04-24,1444.26,1331.19,796.26,OPINET official CSV history
2019-04-25,1447.0,1333.19,796.07,OPINET official CSV history
2019-04-26,1449.65,1335.14,796.18,OPINET official CSV history
2019-04-27,1452.3,1336.99,796.15,OPINET official CSV history
2019-04-28,1453.81,1337.81,796.14,OPINET official CSV history
2019-04-29,1456.22,1339.93,796.21,OPINET official CSV history
2019-04-30,1459.4,1342.35,796.26,OPINET official CSV history
2019-05-01,1463.79,1345.64,830.99,OPINET official CSV history
2019-05-02,1466.64,1347.81,833.06,OPINET official CSV history
2019-05-03,1469.8,1350.07,834.48,OPINET official CSV history
2019-05-04,1472.95,1352.51,835.07,OPINET official CSV history
2019-05-05,1475.12,1354.14,835.22,OPINET official CSV history
2019-05-06,1477.24,1355.76,835.29,OPINET official CSV history
2019-05-07,1500.12,1373.41,848.97,OPINET official CSV history
2019-05-08,1511.97,1382.32,849.69,OPINET official CSV history
2019-05-09,1517.31,1386.25,849.91,OPINET official CSV history
2019-05-10,1520.01,1388.26,849.88,OPINET official CSV history
2019-05-11,1522.23,1389.84,850.0,OPINET official CSV history
2019-05-12,1523.16,1390.35,850.04,OPINET official CSV history
2019-05-13,1524.45,1391.37,849.93,OPINET official CSV history
2019-05-14,1525.75,1392.22,849.96,OPINET official CSV history
2019-05-15,1526.59,1392.8,850.14,OPINET official CSV history
2019-05-16,1527.6,1393.38,850.15,OPINET official CSV history
2019-05-17,1528.69,1394.0,850.07,OPINET official CSV history
2019-05-18,1529.81,1394.73,850.68,OPINET official CSV history
2019-05-19,1530.36,1394.95,850.77,OPINET official CSV history
2019-05-20,1531.06,1395.46,851.34,OPINET official CSV history
2019-05-21,1532.46,1396.34,851.62,OPINET official CSV history
2019-05-22,1533.5,1397.07,851.75,OPINET official CSV history
2019-05-23,1534.24,1397.46,851.7,OPINET official CSV history
2019-05-24,1534.9,1397.98,851.71,OPINET official CSV history
2019-05-25,1535.24,1398.06,851.82,OPINET official CSV history
2019-05-26,1535.43,1398.08,851.83,OPINET official CSV history
2019-05-27,1535.83,1398.33,851.91,OPINET official CSV history
2019-05-28,1536.22,1398.58,851.85,OPINET official CSV history
2019-05-29,1536.97,1399.11,851.97,OPINET official CSV history
2019-05-30,1537.08,1399.07,851.87,OPINET official CSV history
2019-05-31,1536.98,1398.94,851.65,OPINET official CSV history
2019-06-01,1536.66,1398.53,851.82,OPINET official CSV history
2019-06-02,1536.53,1398.21,851.75,OPINET official CSV history
2019-06-03,1536.17,1397.94,851.8,OPINET official CSV history
2019-06-04,1535.22,1397.12,851.8,OPINET official CSV history
2019-06-05,1534.24,1396.05,851.84,OPINET official CSV history
2019-06-06,1533.18,1395.01,851.81,OPINET official CSV history
2019-06-07,1532.57,1394.4,851.78,OPINET official CSV history
2019-06-08,1531.58,1393.39,851.76,OPINET official CSV history
2019-06-09,1531.0,1392.79,851.77,OPINET official CSV history
2019-06-10,1530.06,1391.97,851.82,OPINET official CSV history
2019-06-11,1528.0,1389.95,851.79,OPINET official CSV history
2019-06-12,1525.89,1387.9,851.69,OPINET official CSV history
2019-06-13,1523.36,1385.59,851.68,OPINET official CSV history
2019-06-14,1520.9,1383.07,851.55,OPINET official CSV history
2019-06-15,1518.33,1380.58,851.65,OPINET official CSV history
2019-06-16,1517.3,1379.44,851.63,OPINET official CSV history
2019-06-17,1515.21,1377.66,851.61,OPINET official CSV history
2019-06-18,1512.45,1374.82,851.59,OPINET official CSV history
2019-06-19,1509.96,1372.43,851.56,OPINET official CSV history
2019-06-20,1507.74,1370.24,851.55,OPINET official CSV history
2019-06-21,1505.8,1368.32,851.56,OPINET official CSV history
2019-06-22,1504.13,1366.55,851.53,OPINET official CSV history
2019-06-23,1503.57,1365.85,851.47,OPINET official CSV history
2019-06-24,1502.41,1364.73,851.54,OPINET official CSV history
2019-06-25,1500.87,1363.5,851.45,OPINET official CSV history
2019-06-26,1499.9,1362.48,851.39,OPINET official CSV history
2019-06-27,1499.14,1361.77,851.27,OPINET official CSV history
2019-06-28,1498.68,1361.56,851.29,OPINET official CSV history
2019-06-29,1497.86,1360.84,851.32,OPINET official CSV history
2019-06-30,1497.59,1360.29,851.32,OPINET official CSV history
2019-07-01,1496.52,1359.41,811.97,OPINET official CSV history
2019-07-02,1495.58,1358.43,802.72,OPINET official CSV history
2019-07-03,1494.75,1357.54,799.67,OPINET official CSV history
2019-07-04,1493.81,1356.45,798.4,OPINET official CSV history
2019-07-05,1492.88,1355.51,797.72,OPINET official CSV history
2019-07-06,1492.26,1354.72,797.53,OPINET official CSV history
2019-07-07,1491.97,1354.2,797.48,OPINET official CSV history
2019-07-08,1491.59,1353.91,797.22,OPINET official CSV history
2019-07-09,1491.02,1353.24,796.73,OPINET official CSV history
2019-07-10,1490.56,1352.6,796.4,OPINET official CSV history
2019-07-11,1490.29,1352.17,796.29,OPINET official CSV history
2019-07-12,1490.07,1351.9,796.18,OPINET official CSV history
2019-07-13,1489.97,1351.75,795.88,OPINET official CSV history
2019-07-14,1490.08,1351.64,795.74,OPINET official CSV history
2019-07-15,1490.25,1351.78,795.75,OPINET official CSV history
2019-07-16,1490.43,1351.83,795.86,OPINET official CSV history
2019-07-17,1490.47,1351.63,795.81,OPINET official CSV history
2019-07-18,1490.48,1351.61,795.55,OPINET official CSV history
2019-07-19,1490.49,1351.55,795.5,OPINET official CSV history
2019-07-20,1490.44,1351.33,795.41,OPINET official CSV history
2019-07-21,1490.43,1351.17,795.42,OPINET official CSV history
2019-07-22,1490.51,1351.35,795.5,OPINET official CSV history
2019-07-23,1490.55,1351.1,795.59,OPINET official CSV history
2019-07-24,1490.5,1351.13,795.39,OPINET official CSV history
2019-07-25,1490.75,1351.15,795.32,OPINET official CSV history
2019-07-26,1491.01,1351.31,795.15,OPINET official CSV history
2019-07-27,1491.19,1351.35,795.23,OPINET official CSV history
2019-07-28,1491.37,1351.25,795.07,OPINET official CSV history
2019-07-29,1491.57,1351.49,795.21,OPINET official CSV history
2019-07-30,1492.1,1351.55,795.18,OPINET official CSV history
2019-07-31,1492.4,1351.77,795.32,OPINET official CSV history
2019-08-01,1492.91,1352.0,788.07,OPINET official CSV history
2019-08-02,1493.52,1352.59,786.99,OPINET official CSV history
2019-08-03,1493.7,1352.61,786.51,OPINET official CSV history
2019-08-04,1493.82,1352.49,786.32,OPINET official CSV history
2019-08-05,1493.98,1352.72,786.11,OPINET official CSV history
2019-08-06,1494.13,1352.76,785.92,OPINET official CSV history
2019-08-07,1494.12,1352.55,785.66,OPINET official CSV history
2019-08-08,1494.04,1352.47,785.51,OPINET official CSV history
2019-08-09,1493.77,1352.18,785.38,OPINET official CSV history
2019-08-10,1493.63,1351.91,785.35,OPINET official CSV history
2019-08-11,1493.53,1351.71,785.35,OPINET official CSV history
2019-08-12,1493.54,1351.73,785.46,OPINET official CSV history
2019-08-13,1493.54,1351.72,785.47,OPINET official CSV history
2019-08-14,1493.45,1351.61,785.51,OPINET official CSV history
2019-08-15,1493.42,1351.38,785.16,OPINET official CSV history
2019-08-16,1493.31,1351.44,785.29,OPINET official CSV history
2019-08-17,1493.17,1351.3,785.14,OPINET official CSV history
2019-08-18,1493.16,1351.12,784.88,OPINET official CSV history
2019-08-19,1493.15,1351.21,784.95,OPINET official CSV history
2019-08-20,1493.12,1351.19,784.93,OPINET official CSV history
2019-08-21,1492.94,1351.04,784.86,OPINET official CSV history
2019-08-22,1493.06,1351.06,784.67,OPINET official CSV history
2019-08-23,1493.3,1351.31,784.68,OPINET official CSV history
2019-08-24,1493.32,1351.26,784.72,OPINET official CSV history
2019-08-25,1493.42,1351.21,784.51,OPINET official CSV history
2019-08-26,1493.73,1351.63,784.79,OPINET official CSV history
2019-08-27,1493.94,1351.74,784.84,OPINET official CSV history
2019-08-28,1494.18,1352.07,784.78,OPINET official CSV history
2019-08-29,1494.52,1352.37,784.7,OPINET official CSV history
2019-08-30,1495.13,1352.91,784.95,OPINET official CSV history
2019-08-31,1496.68,1354.05,784.73,OPINET official CSV history
2019-09-01,1509.16,1363.44,785.16,OPINET official CSV history
2019-09-02,1515.3,1368.44,785.11,OPINET official CSV history
2019-09-03,1518.61,1371.01,785.16,OPINET official CSV history
2019-09-04,1520.36,1372.43,785.16,OPINET official CSV history
2019-09-05,1521.11,1372.95,785.1,OPINET official CSV history
2019-09-06,1522.03,1373.96,785.1,OPINET official CSV history
2019-09-07,1522.3,1374.07,784.78,OPINET official CSV history
2019-09-08,1522.62,1374.28,784.72,OPINET official CSV history
2019-09-09,1522.87,1374.61,784.85,OPINET official CSV history
2019-09-10,1523.24,1374.85,784.98,OPINET official CSV history
2019-09-11,1523.9,1375.43,784.92,OPINET official CSV history
2019-09-12,1524.7,1375.95,784.8,OPINET official CSV history
2019-09-13,1525.07,1376.19,784.81,OPINET official CSV history
2019-09-14,1525.13,1376.09,784.92,OPINET official CSV history
2019-09-15,1525.21,1376.05,784.73,OPINET official CSV history
2019-09-16,1526.28,1377.0,784.65,OPINET official CSV history
2019-09-17,1529.08,1379.52,784.67,OPINET official CSV history
2019-09-18,1531.55,1381.64,784.66,OPINET official CSV history
2019-09-19,1533.21,1383.17,784.64,OPINET official CSV history
2019-09-20,1534.79,1384.56,784.62,OPINET official CSV history
2019-09-21,1536.13,1385.54,784.37,OPINET official CSV history
2019-09-22,1536.66,1385.86,784.25,OPINET official CSV history
2019-09-23,1537.63,1386.98,784.38,OPINET official CSV history
2019-09-24,1538.93,1387.88,784.47,OPINET official CSV history
2019-09-25,1540.36,1389.24,784.37,OPINET official CSV history
2019-09-26,1541.37,1390.01,784.43,OPINET official CSV history
2019-09-27,1541.97,1390.63,784.3,OPINET official CSV history
2019-09-28,1542.43,1390.8,784.26,OPINET official CSV history
2019-09-29,1542.69,1390.98,784.23,OPINET official CSV history
2019-09-30,1543.09,1391.46,784.45,OPINET official CSV history
2019-10-01,1543.54,1391.75,784.23,OPINET official CSV history
2019-10-02,1543.49,1391.62,784.24,OPINET official CSV history
2019-10-03,1543.55,1391.6,784.11,OPINET official CSV history
2019-10-04,1543.25,1391.37,784.19,OPINET official CSV history
2019-10-05,1543.0,1390.96,784.12,OPINET official CSV history
2019-10-06,1543.0,1390.85,783.91,OPINET official CSV history
2019-10-07,1542.95,1390.76,784.01,OPINET official CSV history
2019-10-08,1542.75,1390.47,784.0,OPINET official CSV history
2019-10-09,1542.51,1390.11,783.74,OPINET official CSV history
2019-10-10,1542.27,1389.9,783.83,OPINET official CSV history
2019-10-11,1541.98,1389.5,783.67,OPINET official CSV history
2019-10-12,1541.72,1389.16,783.6,OPINET official CSV history
2019-10-13,1541.73,1388.97,783.47,OPINET official CSV history
2019-10-14,1541.6,1388.93,783.61,OPINET official CSV history
2019-10-15,1541.4,1388.55,783.57,OPINET official CSV history
2019-10-16,1541.03,1388.21,783.5,OPINET official CSV history
2019-10-17,1540.69,1387.85,783.55,OPINET official CSV history
2019-10-18,1539.96,1387.13,783.41,OPINET official CSV history
2019-10-19,1539.59,1386.66,783.47,OPINET official CSV history
2019-10-20,1539.51,1386.38,783.26,OPINET official CSV history
2019-10-21,1539.27,1386.24,783.44,OPINET official CSV history
2019-10-22,1538.83,1385.76,783.44,OPINET official CSV history
2019-10-23,1538.44,1385.24,783.41,OPINET official CSV history
2019-10-24,1538.06,1384.93,783.31,OPINET official CSV history
2019-10-25,1537.72,1384.57,783.37,OPINET official CSV history
2019-10-26,1537.45,1384.2,783.29,OPINET official CSV history
2019-10-27,1537.42,1383.9,783.22,OPINET official CSV history
2019-10-28,1537.26,1383.83,783.68,OPINET official CSV history
2019-10-29,1536.99,1383.52,783.69,OPINET official CSV history
2019-10-30,1536.81,1383.34,783.71,OPINET official CSV history
2019-10-31,1536.62,1383.13,783.83,OPINET official CSV history
2019-11-01,1536.09,1382.59,807.98,OPINET official CSV history
2019-11-02,1535.8,1382.22,809.62,OPINET official CSV history
2019-11-03,1535.75,1382.0,809.9,OPINET official CSV history
2019-11-04,1535.6,1382.03,809.89,OPINET official CSV history
2019-11-05,1535.12,1381.52,810.51,OPINET official CSV history
2019-11-06,1534.76,1381.18,810.87,OPINET official CSV history
2019-11-07,1534.42,1380.76,810.93,OPINET official CSV history
2019-11-08,1534.33,1380.75,810.8,OPINET official CSV history
2019-11-09,1534.22,1380.51,810.8,OPINET official CSV history
2019-11-10,1534.23,1380.22,810.69,OPINET official CSV history
2019-11-11,1534.28,1380.39,810.84,OPINET official CSV history
2019-11-12,1534.38,1380.34,810.83,OPINET official CSV history
2019-11-13,1534.43,1380.28,810.75,OPINET official CSV history
2019-11-14,1534.64,1380.18,810.85,OPINET official CSV history
2019-11-15,1534.8,1380.27,810.76,OPINET official CSV history
2019-11-16,1535.02,1380.14,810.76,OPINET official CSV history
2019-11-17,1535.14,1380.0,810.65,OPINET official CSV history
2019-11-18,1535.3,1380.13,810.81,OPINET official CSV history
2019-11-19,1535.36,1379.84,810.74,OPINET official CSV history
2019-11-20,1535.46,1379.68,810.61,OPINET official CSV history
2019-11-21,1535.76,1379.7,810.68,OPINET official CSV history
2019-11-22,1536.04,1379.78,810.55,OPINET official CSV history
2019-11-23,1536.34,1379.82,810.57,OPINET official CSV history
2019-11-24,1536.62,1379.75,810.5,OPINET official CSV history
2019-11-25,1536.84,1380.0,810.66,OPINET official CSV history
2019-11-26,1537.09,1380.05,810.62,OPINET official CSV history
2019-11-27,1537.4,1380.13,810.72,OPINET official CSV history
2019-11-28,1537.75,1380.26,810.57,OPINET official CSV history
2019-11-29,1538.07,1380.37,810.69,OPINET official CSV history
2019-11-30,1538.41,1380.35,810.61,OPINET official CSV history
2019-12-01,1538.9,1380.42,819.06,OPINET official CSV history
2019-12-02,1539.22,1380.65,820.24,OPINET official CSV history
2019-12-03,1539.85,1380.94,820.6,OPINET official CSV history
2019-12-04,1540.18,1381.01,820.64,OPINET official CSV history
2019-12-05,1540.71,1381.15,820.72,OPINET official CSV history
2019-12-06,1541.4,1381.42,820.78,OPINET official CSV history
2019-12-07,1542.28,1381.78,820.76,OPINET official CSV history
2019-12-08,1542.64,1381.76,820.72,OPINET official CSV history
2019-12-09,1543.34,1382.35,820.76,OPINET official CSV history
2019-12-10,1544.07,1382.64,820.85,OPINET official CSV history
2019-12-11,1544.93,1383.08,820.81,OPINET official CSV history
2019-12-12,1545.71,1383.53,820.9,OPINET official CSV history
2019-12-13,1546.42,1383.96,820.85,OPINET official CSV history
2019-12-14,1547.22,1384.33,820.8,OPINET official CSV history
2019-12-15,1547.67,1384.42,820.71,OPINET official CSV history
2019-12-16,1548.42,1385.04,820.79,OPINET official CSV history
2019-12-17,1549.25,1385.5,820.6,OPINET official CSV history
2019-12-18,1549.87,1385.93,820.7,OPINET official CSV history
2019-12-19,1550.57,1386.36,820.61,OPINET official CSV history
2019-12-20,1551.3,1386.88,820.63,OPINET official CSV history
2019-12-21,1552.04,1387.36,820.6,OPINET official CSV history
2019-12-22,1552.58,1387.49,820.65,OPINET official CSV history
2019-12-23,1553.15,1388.05,820.58,OPINET official CSV history
2019-12-24,1554.23,1388.82,820.67,OPINET official CSV history
2019-12-25,1554.82,1389.21,820.6,OPINET official CSV history
2019-12-26,1555.46,1389.74,820.61,OPINET official CSV history
2019-12-27,1556.18,1390.22,820.67,OPINET official CSV history
2019-12-28,1556.8,1390.58,820.62,OPINET official CSV history
2019-12-29,1557.19,1390.71,820.53,OPINET official CSV history
2019-12-30,1557.74,1391.19,820.65,OPINET official CSV history
2019-12-31,1558.44,1391.59,820.66,OPINET official CSV history
2020-01-01,1559.6,1392.26,820.73,OPINET official CSV history
2020-01-02,1560.36,1392.88,820.76,OPINET official CSV history
2020-01-03,1561.05,1393.16,820.73,OPINET official CSV history
2020-01-04,1561.87,1393.82,821.3,OPINET official CSV history
2020-01-05,1562.34,1394.03,821.19,OPINET official CSV history
2020-01-06,1563.32,1394.97,820.83,OPINET official CSV history
2020-01-07,1565.06,1396.28,820.82,OPINET official CSV history
2020-01-08,1566.54,1397.58,820.87,OPINET official CSV history
2020-01-09,1568.19,1398.84,820.9,OPINET official CSV history
2020-01-10,1569.25,1399.62,820.8,OPINET official CSV history
2020-01-11,1570.06,1400.13,820.7,OPINET official CSV history
2020-01-12,1570.36,1400.31,820.66,OPINET official CSV history
2020-01-13,1570.97,1400.86,820.65,OPINET official CSV history
2020-01-14,1571.34,1401.06,820.7,OPINET official CSV history
2020-01-15,1571.46,1401.02,820.71,OPINET official CSV history
2020-01-16,1571.56,1401.06,820.67,OPINET official CSV history
2020-01-17,1571.45,1400.91,820.63,OPINET official CSV history
2020-01-18,1571.27,1400.67,820.59,OPINET official CSV history
2020-01-19,1571.22,1400.52,820.53,OPINET official CSV history
2020-01-20,1571.26,1400.67,820.58,OPINET official CSV history
2020-01-21,1571.17,1400.4,820.69,OPINET official CSV history
2020-01-22,1571.06,1400.18,820.57,OPINET official CSV history
2020-01-23,1571.06,1400.05,820.6,OPINET official CSV history
2020-01-24,1570.99,1399.94,820.69,OPINET official CSV history
2020-01-25,1571.01,1399.84,820.71,OPINET official CSV history
2020-01-26,1570.91,1399.63,820.63,OPINET official CSV history
2020-01-27,1570.53,1399.13,820.75,OPINET official CSV history
2020-01-28,1570.26,1398.77,820.7,OPINET official CSV history
2020-01-29,1569.66,1398.1,820.78,OPINET official CSV history
2020-01-30,1568.76,1397.37,820.81,OPINET official CSV history
2020-01-31,1567.8,1396.42,820.86,OPINET official CSV history
2020-02-01,1566.46,1394.86,868.63,OPINET official CSV history
2020-02-02,1565.92,1394.1,871.15,OPINET official CSV history
2020-02-03,1564.89,1393.18,872.94,OPINET official CSV history
2020-02-04,1563.3,1391.26,873.88,OPINET official CSV history
2020-02-05,1561.93,1389.72,874.41,OPINET official CSV history
2020-02-06,1560.33,1387.92,874.75,OPINET official CSV history
2020-02-07,1558.76,1386.04,874.71,OPINET official CSV history
2020-02-08,1557.5,1384.5,874.85,OPINET official CSV history
2020-02-09,1556.89,1383.7,875.1,OPINET official CSV history
2020-02-10,1555.51,1382.38,875.05,OPINET official CSV history
2020-02-11,1552.66,1379.28,875.17,OPINET official CSV history
2020-02-12,1550.29,1376.42,875.22,OPINET official CSV history
2020-02-13,1547.53,1373.28,875.09,OPINET official CSV history
2020-02-14,1545.01,1370.38,875.11,OPINET official CSV history
2020-02-15,1542.96,1367.64,875.15,OPINET official CSV history
2020-02-16,1541.95,1366.27,875.05,OPINET official CSV history
2020-02-17,1540.38,1364.35,875.15,OPINET official CSV history
2020-02-18,1538.33,1361.95,875.16,OPINET official CSV history
2020-02-19,1536.63,1359.7,875.23,OPINET official CSV history
2020-02-20,1535.17,1357.74,875.11,OPINET official CSV history
2020-02-21,1533.93,1356.17,875.13,OPINET official CSV history
2020-02-22,1533.01,1354.85,875.06,OPINET official CSV history
2020-02-23,1532.62,1354.19,874.86,OPINET official CSV history
2020-02-24,1531.73,1353.38,874.73,OPINET official CSV history
2020-02-25,1530.59,1351.74,874.74,OPINET official CSV history
2020-02-26,1529.45,1350.36,874.62,OPINET official CSV history
2020-02-27,1528.09,1348.74,874.65,OPINET official CSV history
2020-02-28,1526.59,1346.79,874.62,OPINET official CSV history
2020-02-29,1525.03,1344.88,874.65,OPINET official CSV history
2020-03-01,1523.52,1342.68,874.7,OPINET official CSV history
2020-03-02,1521.76,1340.72,874.64,OPINET official CSV history
2020-03-03,1519.5,1337.92,874.44,OPINET official CSV history
2020-03-04,1517.3,1335.41,874.45,OPINET official CSV history
2020-03-05,1515.36,1333.15,874.32,OPINET official CSV history
2020-03-06,1513.55,1330.82,874.51,OPINET official CSV history
2020-03-07,1511.7,1328.48,874.48,OPINET official CSV history
2020-03-08,1510.79,1327.27,874.51,OPINET official CSV history
2020-03-09,1508.65,1324.82,874.37,OPINET official CSV history
2020-03-10,1505.06,1320.52,874.36,OPINET official CSV history
2020-03-11,1499.7,1314.23,874.21,OPINET official CSV history
2020-03-12,1494.89,1308.62,874.35,OPINET official CSV history
2020-03-13,1490.23,1303.35,874.31,OPINET official CSV history
2020-03-14,1486.01,1298.25,874.32,OPINET official CSV history
2020-03-15,1484.04,1295.73,874.33,OPINET official CSV history
2020-03-16,1480.14,1291.56,874.44,OPINET official CSV history
2020-03-17,1473.72,1284.17,874.38,OPINET official CSV history
2020-03-18,1465.4,1275.15,874.38,OPINET official CSV history
2020-03-19,1457.94,1266.95,874.31,OPINET official CSV history
2020-03-20,1450.71,1259.24,874.23,OPINET official CSV history
2020-03-21,1445.02,1253.06,874.18,OPINET official CSV history
2020-03-22,1442.55,1250.05,874.24,OPINET official CSV history
2020-03-23,1437.38,1244.7,874.24,OPINET official CSV history
2020-03-24,1430.25,1236.94,874.21,OPINET official CSV history
2020-03-25,1423.96,1230.81,874.14,OPINET official CSV history
2020-03-26,1418.18,1224.52,874.2,OPINET official CSV history
2020-03-27,1411.92,1218.12,874.14,OPINET official CSV history
2020-03-28,1406.63,1212.81,874.11,OPINET official CSV history
2020-03-29,1403.83,1209.9,874.14,OPINET official CSV history
2020-03-30,1398.93,1205.16,874.03,OPINET official CSV history
2020-03-31,1393.03,1199.27,874.16,OPINET official CSV history
2020-04-01,1384.29,1190.5,828.46,OPINET official CSV history
2020-04-02,1377.9,1184.19,822.74,OPINET official CSV history
2020-04-03,1372.03,1178.65,821.1,OPINET official CSV history
2020-04-04,1367.91,1174.57,820.44,OPINET official CSV history
2020-04-05,1366.27,1172.64,820.18,OPINET official CSV history
2020-04-06,1362.9,1169.74,819.86,OPINET official CSV history
2020-04-07,1357.79,1164.68,819.16,OPINET official CSV history
2020-04-08,1352.04,1159.16,819.16,OPINET official CSV history
2020-04-09,1347.54,1154.71,818.71,OPINET official CSV history
2020-04-10,1343.57,1151.07,818.26,OPINET official CSV history
2020-04-11,1339.93,1147.46,818.13,OPINET official CSV history
2020-04-12,1338.46,1145.88,817.95,OPINET official CSV history
2020-04-13,1335.31,1143.12,817.81,OPINET official CSV history
2020-04-14,1331.1,1139.03,817.72,OPINET official CSV history
2020-04-15,1326.56,1134.87,817.56,OPINET official CSV history
2020-04-16,1322.62,1131.51,817.72,OPINET official CSV history
2020-04-17,1317.95,1127.11,817.42,OPINET official CSV history
2020-04-18,1313.53,1123.01,817.2,OPINET official CSV history
2020-04-19,1311.41,1120.79,817.04,OPINET official CSV history
2020-04-20,1307.26,1117.33,817.24,OPINET official CSV history
2020-04-21,1301.62,1111.91,817.07,OPINET official CSV history
2020-04-22,1296.7,1107.16,817.22,OPINET official CSV history
2020-04-23,1292.03,1102.66,816.94,OPINET official CSV history
2020-04-24,1287.36,1098.28,816.97,OPINET official CSV history
2020-04-25,1283.83,1094.84,816.79,OPINET official CSV history
2020-04-26,1282.05,1092.88,816.73,OPINET official CSV history
2020-04-27,1278.85,1090.09,816.75,OPINET official CSV history
2020-04-28,1274.4,1085.57,816.89,OPINET official CSV history
2020-04-29,1270.26,1081.5,817.0,OPINET official CSV history
2020-04-30,1267.24,1078.54,816.65,OPINET official CSV history
2020-05-01,1264.02,1075.28,745.43,OPINET official CSV history
2020-05-02,1262.63,1073.84,737.57,OPINET official CSV history
2020-05-03,1261.66,1072.7,734.13,OPINET official CSV history
2020-05-04,1259.87,1071.05,731.27,OPINET official CSV history
2020-05-05,1257.33,1068.43,729.47,OPINET official CSV history
2020-05-06,1256.15,1067.27,727.86,OPINET official CSV history
2020-05-07,1253.91,1065.07,726.72,OPINET official CSV history
2020-05-08,1252.46,1063.74,726.2,OPINET official CSV history
2020-05-09,1251.41,1062.51,725.07,OPINET official CSV history
2020-05-10,1251.08,1062.18,724.71,OPINET official CSV history
2020-05-11,1250.1,1061.41,724.51,OPINET official CSV history
2020-05-12,1249.18,1060.35,724.04,OPINET official CSV history
2020-05-13,1248.34,1059.55,723.75,OPINET official CSV history
2020-05-14,1247.95,1059.16,723.23,OPINET official CSV history
2020-05-15,1247.58,1058.75,722.99,OPINET official CSV history
2020-05-16,1247.73,1059.02,722.71,OPINET official CSV history
2020-05-17,1247.91,1059.12,722.51,OPINET official CSV history
2020-05-18,1248.13,1059.5,722.73,OPINET official CSV history
2020-05-19,1248.66,1059.77,722.35,OPINET official CSV history
2020-05-20,1249.29,1060.26,722.0,OPINET official CSV history
2020-05-21,1250.29,1061.27,721.91,OPINET official CSV history
2020-05-22,1251.66,1062.7,721.89,OPINET official CSV history
2020-05-23,1253.38,1063.99,721.59,OPINET official CSV history
2020-05-24,1254.16,1064.54,721.58,OPINET official CSV history
2020-05-25,1255.48,1065.87,721.85,OPINET official CSV history
2020-05-26,1258.57,1068.51,721.6,OPINET official CSV history
2020-05-27,1261.22,1070.81,721.43,OPINET official CSV history
2020-05-28,1263.74,1073.05,721.4,OPINET official CSV history
2020-05-29,1266.16,1075.16,721.4,OPINET official CSV history
2020-05-30,1268.42,1077.12,721.19,OPINET official CSV history
2020-05-31,1269.84,1078.2,721.09,OPINET official CSV history
2020-06-01,1273.49,1081.82,748.16,OPINET official CSV history
2020-06-02,1276.04,1084.15,749.15,OPINET official CSV history
2020-06-03,1279.03,1086.91,749.31,OPINET official CSV history
2020-06-04,1282.23,1089.92,749.39,OPINET official CSV history
2020-06-05,1286.85,1094.27,749.62,OPINET official CSV history
2020-06-06,1292.21,1099.12,749.4,OPINET official CSV history
2020-06-07,1294.67,1101.38,749.33,OPINET official CSV history
2020-06-08,1299.39,1105.88,749.57,OPINET official CSV history
2020-06-09,1306.08,1112.2,749.67,OPINET official CSV history
2020-06-10,1311.63,1117.3,749.7,OPINET official CSV history
2020-06-11,1316.17,1121.52,749.49,OPINET official CSV history
2020-06-12,1319.99,1125.19,749.47,OPINET official CSV history
2020-06-13,1322.91,1127.84,749.4,OPINET official CSV history
2020-06-14,1324.22,1128.99,749.13,OPINET official CSV history
2020-06-15,1327.02,1131.65,749.34,OPINET official CSV history
2020-06-16,1330.09,1134.37,749.54,OPINET official CSV history
2020-06-17,1332.86,1137.11,749.46,OPINET official CSV history
2020-06-18,1335.47,1139.58,749.63,OPINET official CSV history
2020-06-19,1337.95,1142.0,749.73,OPINET official CSV history
2020-06-20,1340.67,1144.35,749.63,OPINET official CSV history
2020-06-21,1341.84,1145.5,749.58,OPINET official CSV history
2020-06-22,1344.18,1147.87,749.74,OPINET official CSV history
2020-06-23,1346.77,1150.24,749.63,OPINET official CSV history
2020-06-24,1348.54,1151.92,749.68,OPINET official CSV history
2020-06-25,1350.05,1153.36,749.51,OPINET official CSV history
2020-06-26,1351.31,1154.71,749.67,OPINET official CSV history
2020-06-27,1352.59,1155.94,749.57,OPINET official CSV history
2020-06-28,1353.19,1156.35,749.49,OPINET official CSV history
2020-06-29,1354.24,1157.44,749.9,OPINET official CSV history
2020-06-30,1355.2,1158.25,750.06,OPINET official CSV history
2020-07-01,1356.73,1159.77,758.94,OPINET official CSV history
2020-07-02,1357.49,1160.4,759.79,OPINET official CSV history
2020-07-03,1358.04,1161.04,760.31,OPINET official CSV history
2020-07-04,1358.36,1161.3,760.02,OPINET official CSV history
2020-07-05,1358.73,1161.47,759.87,OPINET official CSV history
2020-07-06,1359.06,1161.97,760.13,OPINET official CSV history
2020-07-07,1359.49,1162.36,760.08,OPINET official CSV history
2020-07-08,1359.68,1162.63,760.04,OPINET official CSV history
2020-07-09,1359.95,1162.83,760.04,OPINET official CSV history
2020-07-10,1360.16,1162.92,760.05,OPINET official CSV history
2020-07-11,1360.4,1163.23,760.08,OPINET official CSV history
2020-07-12,1360.51,1163.15,759.9,OPINET official CSV history
2020-07-13,1360.72,1163.34,760.09,OPINET official CSV history
2020-07-14,1360.8,1163.45,760.06,OPINET official CSV history
2020-07-15,1360.91,1163.56,760.0,OPINET official CSV history
2020-07-16,1361.03,1163.62,760.09,OPINET official CSV history
2020-07-17,1361.04,1163.74,759.96,OPINET official CSV history
2020-07-18,1361.15,1163.67,759.87,OPINET official CSV history
2020-07-19,1361.22,1163.62,759.66,OPINET official CSV history
2020-07-20,1361.18,1163.65,759.83,OPINET official CSV history
2020-07-21,1361.13,1163.6,759.78,OPINET official CSV history
2020-07-22,1361.07,1163.52,759.92,OPINET official CSV history
2020-07-23,1361.01,1163.45,759.91,OPINET official CSV history
2020-07-24,1361.04,1163.46,760.0,OPINET official CSV history
2020-07-25,1361.04,1163.49,759.97,OPINET official CSV history
2020-07-26,1361.1,1163.48,759.73,OPINET official CSV history
2020-07-27,1361.01,1163.49,759.88,OPINET official CSV history
2020-07-28,1361.04,1163.47,759.95,OPINET official CSV history
2020-07-29,1360.99,1163.46,759.94,OPINET official CSV history
2020-07-30,1360.93,1163.42,759.95,OPINET official CSV history
2020-07-31,1360.83,1163.34,759.96,OPINET official CSV history
2020-08-01,1361.07,1163.69,760.45,OPINET official CSV history
2020-08-02,1361.2,1163.67,760.2,OPINET official CSV history
2020-08-03,1361.31,1163.89,760.32,OPINET official CSV history
2020-08-04,1361.25,1163.76,760.38,OPINET official CSV history
2020-08-05,1361.12,1163.68,760.74,OPINET official CSV history
2020-08-06,1361.07,1163.59,760.43,OPINET official CSV history
2020-08-07,1360.99,1163.51,760.46,OPINET official CSV history
2020-08-08,1361.0,1163.49,760.32,OPINET official CSV history
2020-08-09,1361.03,1163.42,760.32,OPINET official CSV history
2020-08-10,1361.07,1163.48,760.44,OPINET official CSV history
2020-08-11,1361.06,1163.48,760.53,OPINET official CSV history
2020-08-12,1361.04,1163.43,760.32,OPINET official CSV history
2020-08-13,1361.08,1163.51,760.29,OPINET official CSV history
2020-08-14,1361.12,1163.52,760.4,OPINET official CSV history
2020-08-15,1361.18,1163.69,760.43,OPINET official CSV history
2020-08-16,1361.23,1163.68,760.44,OPINET official CSV history
2020-08-17,1361.25,1163.63,760.6,OPINET official CSV history
2020-08-18,1361.24,1163.7,760.54,OPINET official CSV history
2020-08-19,1361.21,1163.76,760.44,OPINET official CSV history
2020-08-20,1361.27,1163.83,760.51,OPINET official CSV history
2020-08-21,1361.25,1163.83,760.4,OPINET official CSV history
2020-08-22,1361.28,1163.73,760.35,OPINET official CSV history
2020-08-23,1361.2,1163.63,760.13,OPINET official CSV history
2020-08-24,1361.19,1163.76,760.39,OPINET official CSV history
2020-08-25,1361.19,1163.62,760.36,OPINET official CSV history
2020-08-26,1361.09,1163.53,760.45,OPINET official CSV history
2020-08-27,1361.02,1163.41,760.4,OPINET official CSV history
2020-08-28,1360.88,1163.27,760.34,OPINET official CSV history
2020-08-29,1360.74,1163.14,760.13,OPINET official CSV history
2020-08-30,1360.78,1163.18,760.14,OPINET official CSV history
2020-08-31,1360.66,1163.09,760.31,OPINET official CSV history
2020-09-01,1360.37,1162.88,770.43,OPINET official CSV history
2020-09-02,1360.3,1162.66,771.03,OPINET official CSV history
2020-09-03,1360.33,1162.68,771.39,OPINET official CSV history
2020-09-04,1360.22,1162.5,771.43,OPINET official CSV history
2020-09-05,1360.18,1162.37,771.37,OPINET official CSV history
2020-09-06,1360.11,1162.24,771.32,OPINET official CSV history
2020-09-07,1359.89,1161.95,771.44,OPINET official CSV history
2020-09-08,1359.35,1161.52,771.42,OPINET official CSV history
2020-09-09,1358.5,1160.62,771.34,OPINET official CSV history
2020-09-10,1357.59,1159.74,771.39,OPINET official CSV history
2020-09-11,1356.76,1158.86,771.34,OPINET official CSV history
2020-09-12,1356.16,1158.2,771.35,OPINET official CSV history
2020-09-13,1355.88,1157.92,771.34,OPINET official CSV history
2020-09-14,1355.34,1157.37,771.43,OPINET official CSV history
2020-09-15,1354.26,1156.25,771.56,OPINET official CSV history
2020-09-16,1352.8,1154.73,771.65,OPINET official CSV history
2020-09-17,1351.53,1153.43,771.79,OPINET official CSV history
2020-09-18,1350.33,1152.26,771.89,OPINET official CSV history
2020-09-19,1349.55,1151.47,771.83,OPINET official CSV history
2020-09-20,1349.23,1151.1,771.71,OPINET official CSV history
2020-09-21,1348.45,1150.44,771.82,OPINET official CSV history
2020-09-22,1347.37,1149.22,771.71,OPINET official CSV history
2020-09-23,1346.26,1148.08,771.83,OPINET official CSV history
2020-09-24,1345.28,1146.98,771.78,OPINET official CSV history
2020-09-25,1344.43,1146.23,771.59,OPINET official CSV history
2020-09-26,1343.87,1145.54,771.55,OPINET official CSV history
2020-09-27,1343.59,1145.23,771.53,OPINET official CSV history
2020-09-28,1343.1,1144.85,771.57,OPINET official CSV history
2020-09-29,1342.21,1143.56,771.66,OPINET official CSV history
2020-09-30,1341.81,1142.93,771.51,OPINET official CSV history
2020-10-01,1341.59,1142.56,771.6,OPINET official CSV history
2020-10-02,1341.24,1142.29,771.55,OPINET official CSV history
2020-10-03,1340.62,1141.54,771.54,OPINET official CSV history
2020-10-04,1340.17,1141.05,772.18,OPINET official CSV history
2020-10-05,1339.39,1140.22,771.66,OPINET official CSV history
2020-10-06,1338.26,1139.04,771.6,OPINET official CSV history
2020-10-07,1337.44,1138.27,771.59,OPINET official CSV history
2020-10-08,1336.68,1137.52,771.48,OPINET official CSV history
2020-10-09,1336.07,1136.94,771.39,OPINET official CSV history
2020-10-10,1335.8,1136.56,771.42,OPINET official CSV history
2020-10-11,1335.61,1136.39,771.35,OPINET official CSV history
2020-10-12,1335.25,1136.01,771.56,OPINET official CSV history
2020-10-13,1334.67,1135.4,771.4,OPINET official CSV history
2020-10-14,1334.08,1134.85,771.53,OPINET official CSV history
2020-10-15,1333.55,1134.34,771.47,OPINET official CSV history
2020-10-16,1332.97,1133.73,771.47,OPINET official CSV history
2020-10-17,1332.52,1133.24,771.35,OPINET official CSV history
2020-10-18,1332.4,1133.01,771.27,OPINET official CSV history
2020-10-19,1332.0,1132.58,771.24,OPINET official CSV history
2020-10-20,1331.42,1132.01,771.36,OPINET official CSV history
2020-10-21,1330.73,1131.32,771.3,OPINET official CSV history
2020-10-22,1330.19,1130.66,771.24,OPINET official CSV history
2020-10-23,1329.67,1130.17,771.15,OPINET official CSV history
2020-10-24,1329.22,1129.77,771.2,OPINET official CSV history
2020-10-25,1329.04,1129.46,771.08,OPINET official CSV history
2020-10-26,1328.62,1129.11,771.17,OPINET official CSV history
2020-10-27,1327.99,1128.47,770.98,OPINET official CSV history
2020-10-28,1327.4,1127.78,771.11,OPINET official CSV history
2020-10-29,1326.72,1127.1,771.16,OPINET official CSV history
2020-10-30,1325.75,1126.21,771.06,OPINET official CSV history
2020-10-31,1325.11,1125.45,770.98,OPINET official CSV history
2020-11-01,1324.32,1124.51,770.71,OPINET official CSV history
2020-11-02,1323.37,1123.7,770.85,OPINET official CSV history
2020-11-03,1322.14,1122.34,770.84,OPINET official CSV history
2020-11-04,1321.08,1121.22,770.75,OPINET official CSV history
2020-11-05,1320.29,1120.47,770.8,OPINET official CSV history
2020-11-06,1319.71,1119.96,770.79,OPINET official CSV history
2020-11-07,1319.26,1119.36,770.71,OPINET official CSV history
2020-11-08,1319.1,1119.02,770.68,OPINET official CSV history
2020-11-09,1318.67,1118.69,770.7,OPINET official CSV history
2020-11-10,1318.14,1118.16,770.8,OPINET official CSV history
2020-11-11,1317.87,1117.8,770.57,OPINET official CSV history
2020-11-12,1317.69,1117.58,770.61,OPINET official CSV history
2020-11-13,1317.62,1117.64,770.62,OPINET official CSV history
2020-11-14,1317.55,1117.53,770.5,OPINET official CSV history
2020-11-15,1317.55,1117.34,770.4,OPINET official CSV history
2020-11-16,1317.49,1117.44,770.54,OPINET official CSV history
2020-11-17,1317.44,1117.29,770.53,OPINET official CSV history
2020-11-18,1317.11,1116.97,770.58,OPINET official CSV history
2020-11-19,1317.35,1117.18,770.55,OPINET official CSV history
2020-11-20,1317.62,1117.46,770.64,OPINET official CSV history
2020-11-21,1317.88,1117.75,770.49,OPINET official CSV history
2020-11-22,1317.96,1117.64,770.49,OPINET official CSV history
2020-11-23,1318.08,1117.97,770.49,OPINET official CSV history
2020-11-24,1318.35,1118.33,770.57,OPINET official CSV history
2020-11-25,1319.01,1118.97,770.52,OPINET official CSV history
2020-11-26,1320.47,1120.47,770.55,OPINET official CSV history
2020-11-27,1322.21,1122.42,770.49,OPINET official CSV history
2020-11-28,1323.49,1123.53,770.55,OPINET official CSV history
2020-11-29,1324.04,1124.08,770.56,OPINET official CSV history
2020-11-30,1324.99,1125.19,770.64,OPINET official CSV history
2020-12-01,1327.25,1127.51,794.25,OPINET official CSV history
2020-12-02,1328.51,1128.81,795.92,OPINET official CSV history
2020-12-03,1329.96,1130.3,796.59,OPINET official CSV history
2020-12-04,1331.81,1132.17,796.66,OPINET official CSV history
2020-12-05,1333.91,1134.35,796.81,OPINET official CSV history
2020-12-06,1335.02,1135.33,796.77,OPINET official CSV history
2020-12-07,1336.8,1137.24,797.0,OPINET official CSV history
2020-12-08,1339.3,1139.68,797.09,OPINET official CSV history
2020-12-09,1341.26,1141.67,797.07,OPINET official CSV history
2020-12-10,1343.28,1143.72,797.13,OPINET official CSV history
2020-12-11,1346.54,1146.94,797.13,OPINET official CSV history
2020-12-12,1349.88,1150.27,797.11,OPINET official CSV history
2020-12-13,1351.6,1151.82,797.01,OPINET official CSV history
2020-12-14,1354.08,1154.49,797.06,OPINET official CSV history
2020-12-15,1357.25,1157.7,797.19,OPINET official CSV history
2020-12-16,1360.73,1161.26,797.24,OPINET official CSV history
2020-12-17,1364.87,1165.49,797.19,OPINET official CSV history
2020-12-18,1370.74,1171.4,797.18,OPINET official CSV history
2020-12-19,1376.91,1177.34,797.05,OPINET official CSV history
2020-12-20,1380.09,1180.46,796.99,OPINET official CSV history
2020-12-21,1384.58,1185.16,797.05,OPINET official CSV history
2020-12-22,1389.87,1190.57,797.23,OPINET official CSV history
2020-12-23,1394.09,1194.87,797.12,OPINET official CSV history
2020-12-24,1398.43,1199.3,797.19,OPINET official CSV history
2020-12-25,1402.7,1203.45,797.08,OPINET official CSV history
2020-12-26,1405.23,1206.06,797.19,OPINET official CSV history
2020-12-27,1406.84,1207.54,797.13,OPINET official CSV history
2020-12-28,1409.68,1210.65,797.23,OPINET official CSV history
2020-12-29,1413.82,1214.6,797.17,OPINET official CSV history
2020-12-30,1417.11,1218.04,797.23,OPINET official CSV history
2020-12-31,1419.7,1220.58,797.29,OPINET official CSV history
2021-01-01,1424.0,1224.64,797.31,OPINET official CSV history
2021-01-02,1425.64,1226.31,797.38,OPINET official CSV history
2021-01-03,1426.62,1227.34,797.96,OPINET official CSV history
2021-01-04,1428.43,1229.22,797.43,OPINET official CSV history
2021-01-05,1430.42,1231.37,797.43,OPINET official CSV history
2021-01-06,1431.84,1232.66,797.36,OPINET official CSV history
2021-01-07,1433.41,1234.06,797.38,OPINET official CSV history
2021-01-08,1434.78,1235.41,797.25,OPINET official CSV history
2021-01-09,1436.05,1236.56,797.17,OPINET official CSV history
2021-01-10,1436.73,1237.18,797.16,OPINET official CSV history
2021-01-11,1437.89,1238.44,797.24,OPINET official CSV history
2021-01-12,1439.25,1239.76,797.14,OPINET official CSV history
2021-01-13,1440.44,1240.99,797.13,OPINET official CSV history
2021-01-14,1441.94,1242.48,797.09,OPINET official CSV history
2021-01-15,1443.47,1244.02,797.18,OPINET official CSV history
2021-01-16,1444.83,1245.32,797.14,OPINET official CSV history
2021-01-17,1445.38,1245.77,797.08,OPINET official CSV history
2021-01-18,1446.25,1246.7,797.14,OPINET official CSV history
2021-01-19,1447.27,1247.7,797.12,OPINET official CSV history
2021-01-20,1448.04,1248.56,797.17,OPINET official CSV history
2021-01-21,1448.83,1249.31,797.15,OPINET official CSV history
2021-01-22,1449.36,1249.82,797.06,OPINET official CSV history
2021-01-23,1449.76,1250.18,797.12,OPINET official CSV history
2021-01-24,1449.89,1250.18,797.07,OPINET official CSV history
2021-01-25,1450.32,1250.71,797.12,OPINET official CSV history
2021-01-26,1450.49,1250.85,797.09,OPINET official CSV history
2021-01-27,1450.73,1251.11,797.1,OPINET official CSV history
2021-01-28,1450.89,1251.21,797.02,OPINET official CSV history
2021-01-29,1451.3,1251.6,796.97,OPINET official CSV history
2021-01-30,1451.43,1251.79,797.05,OPINET official CSV history
2021-01-31,1451.48,1251.75,797.04,OPINET official CSV history
2021-02-01,1451.94,1252.3,841.7,OPINET official CSV history
2021-02-02,1451.99,1252.38,845.46,OPINET official CSV history
2021-02-03,1452.13,1252.56,846.91,OPINET official CSV history
2021-02-04,1452.42,1252.8,847.55,OPINET official CSV history
2021-02-05,1452.85,1253.2,847.57,OPINET official CSV history
2021-02-06,1453.46,1253.85,847.96,OPINET official CSV history
2021-02-07,1453.65,1253.97,847.95,OPINET official CSV history
2021-02-08,1454.26,1254.64,848.04,OPINET official CSV history
2021-02-09,1455.63,1255.86,848.16,OPINET official CSV history
2021-02-10,1457.21,1257.42,848.06,OPINET official CSV history
2021-02-11,1458.76,1258.86,848.24,OPINET official CSV history
2021-02-12,1459.28,1259.36,848.22,OPINET official CSV history
2021-02-13,1459.61,1259.73,848.2,OPINET official CSV history
2021-02-14,1459.89,1259.97,848.13,OPINET official CSV history
2021-02-15,1461.06,1261.12,848.24,OPINET official CSV history
2021-02-16,1463.32,1263.37,848.28,OPINET official CSV history
2021-02-17,1464.89,1264.93,848.26,OPINET official CSV history
2021-02-18,1466.59,1266.71,848.3,OPINET official CSV history
2021-02-19,1468.46,1268.47,848.32,OPINET official CSV history
2021-02-20,1469.88,1269.81,848.3,OPINET official CSV history
2021-02-21,1470.6,1270.45,848.32,OPINET official CSV history
2021-02-22,1471.83,1271.86,848.25,OPINET official CSV history
2021-02-23,1473.21,1273.23,848.43,OPINET official CSV history
2021-02-24,1474.79,1274.74,848.31,OPINET official CSV history
2021-02-25,1476.11,1276.05,848.36,OPINET official CSV history
2021-02-26,1477.54,1277.65,848.45,OPINET official CSV history
2021-02-27,1479.1,1279.25,848.54,OPINET official CSV history
2021-02-28,1479.89,1279.83,848.54,OPINET official CSV history
2021-03-01,1481.76,1281.79,891.85,OPINET official CSV history
2021-03-02,1483.1,1283.22,895.86,OPINET official CSV history
2021-03-03,1484.45,1284.59,897.62,OPINET official CSV history
2021-03-04,1485.71,1285.76,898.17,OPINET official CSV history
2021-03-05,1487.79,1287.77,898.29,OPINET official CSV history
2021-03-06,1490.69,1290.65,898.44,OPINET official CSV history
2021-03-07,1492.4,1292.27,898.55,OPINET official CSV history
2021-03-08,1495.18,1295.18,898.67,OPINET official CSV history
2021-03-09,1498.95,1298.9,898.73,OPINET official CSV history
2021-03-10,1501.95,1301.82,898.8,OPINET official CSV history
2021-03-11,1504.22,1304.06,898.85,OPINET official CSV history
2021-03-12,1506.7,1306.43,898.85,OPINET official CSV history
2021-03-13,1509.97,1309.59,898.91,OPINET official CSV history
2021-03-14,1511.68,1311.17,898.93,OPINET official CSV history
2021-03-15,1514.35,1313.91,898.97,OPINET official CSV history
2021-03-16,1517.64,1317.11,899.08,OPINET official CSV history
2021-03-17,1520.36,1319.74,899.01,OPINET official CSV history
2021-03-18,1522.81,1322.18,899.14,OPINET official CSV history
2021-03-19,1524.98,1324.2,899.05,OPINET official CSV history
2021-03-20,1526.53,1325.69,899.07,OPINET official CSV history
2021-03-21,1527.4,1326.49,898.98,OPINET official CSV history
2021-03-22,1528.75,1327.95,899.11,OPINET official CSV history
2021-03-23,1530.34,1329.45,899.0,OPINET official CSV history
2021-03-24,1531.33,1330.32,899.19,OPINET official CSV history
2021-03-25,1531.9,1330.76,899.23,OPINET official CSV history
2021-03-26,1532.48,1331.16,899.3,OPINET official CSV history
2021-03-27,1532.94,1331.33,899.31,OPINET official CSV history
2021-03-28,1533.22,1331.45,899.34,OPINET official CSV history
2021-03-29,1533.5,1331.89,899.42,OPINET official CSV history
2021-03-30,1534.04,1332.27,899.4,OPINET official CSV history
2021-03-31,1534.27,1332.49,899.48,OPINET official CSV history
2021-04-01,1534.52,1333.1,899.67,OPINET official CSV history
2021-04-02,1534.68,1333.22,899.6,OPINET official CSV history
2021-04-03,1534.84,1333.29,899.69,OPINET official CSV history
2021-04-04,1534.93,1333.22,899.78,OPINET official CSV history
2021-04-05,1535.02,1333.54,899.47,OPINET official CSV history
2021-04-06,1535.07,1333.51,899.52,OPINET official CSV history
2021-04-07,1535.05,1333.43,899.44,OPINET official CSV history
2021-04-08,1535.04,1333.33,899.34,OPINET official CSV history
2021-04-09,1534.99,1333.3,899.33,OPINET official CSV history
2021-04-10,1534.9,1333.22,899.31,OPINET official CSV history
2021-04-11,1534.95,1333.08,899.27,OPINET official CSV history
2021-04-12,1534.97,1333.17,899.38,OPINET official CSV history
2021-04-13,1534.9,1333.17,899.18,OPINET official CSV history
2021-04-14,1534.79,1333.16,899.19,OPINET official CSV history
2021-04-15,1534.71,1332.98,899.21,OPINET official CSV history
2021-04-16,1534.64,1332.94,898.9,OPINET official CSV history
2021-04-17,1534.38,1332.46,899.07,OPINET official CSV history
2021-04-18,1534.35,1332.31,898.87,OPINET official CSV history
2021-04-19,1534.33,1332.43,899.06,OPINET official CSV history
2021-04-20,1534.26,1332.34,899.17,OPINET official CSV history
2021-04-21,1534.25,1332.45,899.1,OPINET official CSV history
2021-04-22,1534.21,1332.29,899.02,OPINET official CSV history
2021-04-23,1534.11,1332.19,898.95,OPINET official CSV history
2021-04-24,1534.04,1332.11,899.13,OPINET official CSV history
2021-04-25,1534.03,1331.97,899.05,OPINET official CSV history
2021-04-26,1534.03,1332.17,899.06,OPINET official CSV history
2021-04-27,1533.96,1332.05,899.11,OPINET official CSV history
2021-04-28,1533.93,1331.98,899.21,OPINET official CSV history
2021-04-29,1533.92,1331.98,899.13,OPINET official CSV history
2021-04-30,1533.93,1331.98,899.11,OPINET official CSV history
2021-05-01,1534.19,1331.99,899.3,OPINET official CSV history
2021-05-02,1534.27,1332.01,899.25,OPINET official CSV history
2021-05-03,1534.27,1332.18,899.38,OPINET official CSV history
2021-05-04,1534.28,1332.13,899.38,OPINET official CSV history
2021-05-05,1534.36,1332.17,899.49,OPINET official CSV history
2021-05-06,1534.55,1332.44,899.51,OPINET official CSV history
2021-05-07,1534.9,1332.66,899.57,OPINET official CSV history
2021-05-08,1535.33,1332.99,899.46,OPINET official CSV history
2021-05-09,1535.53,1332.96,899.37,OPINET official CSV history
2021-05-10,1536.1,1333.59,899.41,OPINET official CSV history
2021-05-11,1537.02,1334.55,899.39,OPINET official CSV history
2021-05-12,1537.73,1335.22,899.43,OPINET official CSV history
2021-05-13,1538.82,1336.23,899.43,OPINET official CSV history
2021-05-14,1539.99,1337.23,899.46,OPINET official CSV history
2021-05-15,1540.53,1337.59,899.47,OPINET official CSV history
2021-05-16,1540.93,1337.89,899.42,OPINET official CSV history
2021-05-17,1541.67,1338.79,899.54,OPINET official CSV history
2021-05-18,1542.6,1339.76,899.51,OPINET official CSV history
2021-05-19,1543.52,1340.52,899.5,OPINET official CSV history
2021-05-20,1544.19,1341.26,899.48,OPINET official CSV history
2021-05-21,1544.88,1342.01,899.48,OPINET official CSV history
2021-05-22,1545.57,1342.52,899.46,OPINET official CSV history
2021-05-23,1545.86,1342.66,899.38,OPINET official CSV history
2021-05-24,1546.47,1343.57,899.44,OPINET official CSV history
2021-05-25,1547.36,1344.41,899.44,OPINET official CSV history
2021-05-26,1548.28,1345.25,899.52,OPINET official CSV history
2021-05-27,1549.28,1346.23,899.37,OPINET official CSV history
2021-05-28,1550.19,1347.07,899.38,OPINET official CSV history
2021-05-29,1551.04,1347.96,899.31,OPINET official CSV history
2021-05-30,1551.52,1348.3,899.29,OPINET official CSV history
2021-05-31,1552.23,1349.2,899.4,OPINET official CSV history
2021-06-01,1554.21,1351.2,882.1,OPINET official CSV history
2021-06-02,1555.59,1352.56,880.14,OPINET official CSV history
2021-06-03,1556.98,1353.87,879.23,OPINET official CSV history
2021-06-04,1558.6,1355.45,879.11,OPINET official CSV history
2021-06-05,1560.26,1357.08,879.01,OPINET official CSV history
2021-06-06,1561.13,1357.87,878.83,OPINET official CSV history
2021-06-07,1562.72,1359.48,878.84,OPINET official CSV history
2021-06-08,1564.59,1361.39,878.77,OPINET official CSV history
2021-06-09,1566.31,1363.17,878.58,OPINET official CSV history
2021-06-10,1567.97,1364.75,878.43,OPINET official CSV history
2021-06-11,1569.83,1366.64,878.54,OPINET official CSV history
2021-06-12,1571.61,1368.5,878.5,OPINET official CSV history
2021-06-13,1572.53,1369.34,878.41,OPINET official CSV history
2021-06-14,1574.22,1371.18,878.35,OPINET official CSV history
2021-06-15,1576.08,1373.08,878.42,OPINET official CSV history
2021-06-16,1578.16,1375.2,878.23,OPINET official CSV history
2021-06-17,1580.15,1377.28,878.19,OPINET official CSV history
2021-06-18,1581.71,1378.8,878.29,OPINET official CSV history
2021-06-19,1583.18,1380.31,878.01,OPINET official CSV history
2021-06-20,1583.95,1380.93,878.02,OPINET official CSV history
2021-06-21,1585.42,1382.59,878.11,OPINET official CSV history
2021-06-22,1587.57,1384.76,877.92,OPINET official CSV history
2021-06-23,1589.45,1386.67,877.85,OPINET official CSV history
2021-06-24,1591.42,1388.67,877.85,OPINET official CSV history
2021-06-25,1593.5,1390.65,877.84,OPINET official CSV history
2021-06-26,1595.56,1392.56,877.75,OPINET official CSV history
2021-06-27,1596.67,1393.61,877.69,OPINET official CSV history
2021-06-28,1598.52,1395.65,877.63,OPINET official CSV history
2021-06-29,1601.06,1398.26,877.79,OPINET official CSV history
2021-06-30,1602.75,1399.91,877.62,OPINET official CSV history
2021-07-01,1605.96,1403.07,903.72,OPINET official CSV history
2021-07-02,1607.97,1405.02,905.31,OPINET official CSV history
2021-07-03,1609.95,1406.75,905.82,OPINET official CSV history
2021-07-04,1610.79,1407.44,905.87,OPINET official CSV history
2021-07-05,1612.37,1409.22,906.23,OPINET official CSV history
2021-07-06,1615.07,1411.79,906.39,OPINET official CSV history
2021-07-07,1617.77,1414.43,906.41,OPINET official CSV history
2021-07-08,1619.82,1416.46,906.41,OPINET official CSV history
2021-07-09,1621.64,1418.19,906.46,OPINET official CSV history
2021-07-10,1623.62,1420.08,906.43,OPINET official CSV history
2021-07-11,1624.6,1420.89,906.37,OPINET official CSV history
2021-07-12,1626.18,1422.6,906.51,OPINET official CSV history
2021-07-13,1628.33,1424.58,906.5,OPINET official CSV history
2021-07-14,1630.21,1426.35,906.48,OPINET official CSV history
2021-07-15,1631.74,1427.9,906.37,OPINET official CSV history
2021-07-16,1633.5,1429.58,906.35,OPINET official CSV history
2021-07-17,1634.76,1430.98,906.39,OPINET official CSV history
2021-07-18,1635.4,1431.48,906.37,OPINET official CSV history
2021-07-19,1636.67,1432.85,906.35,OPINET official CSV history
2021-07-20,1637.56,1433.65,906.37,OPINET official CSV history
2021-07-21,1638.06,1434.06,906.24,OPINET official CSV history
2021-07-22,1638.63,1434.65,906.4,OPINET official CSV history
2021-07-23,1639.13,1435.09,906.35,OPINET official CSV history
2021-07-24,1639.68,1435.5,906.36,OPINET official CSV history
2021-07-25,1640.03,1435.65,906.37,OPINET official CSV history
2021-07-26,1640.59,1436.35,906.34,OPINET official CSV history
2021-07-27,1641.11,1436.87,906.32,OPINET official CSV history
2021-07-28,1641.55,1437.31,906.33,OPINET official CSV history
2021-07-29,1642.03,1437.63,906.42,OPINET official CSV history
2021-07-30,1642.56,1438.13,906.43,OPINET official CSV history
2021-07-31,1643.05,1438.5,907.32,OPINET official CSV history
2021-08-01,1643.95,1439.18,946.61,OPINET official CSV history
2021-08-02,1644.6,1439.98,950.72,OPINET official CSV history
2021-08-03,1645.23,1440.57,951.89,OPINET official CSV history
2021-08-04,1645.75,1440.98,952.41,OPINET official CSV history
2021-08-05,1646.09,1441.3,952.5,OPINET official CSV history
2021-08-06,1646.72,1441.84,952.58,OPINET official CSV history
2021-08-07,1647.01,1441.98,952.8,OPINET official CSV history
2021-08-08,1647.13,1441.99,952.78,OPINET official CSV history
2021-08-09,1647.32,1442.25,952.65,OPINET official CSV history
2021-08-10,1647.35,1442.23,952.68,OPINET official CSV history
2021-08-11,1647.32,1442.14,952.55,OPINET official CSV history
2021-08-12,1647.34,1442.12,952.59,OPINET official CSV history
2021-08-13,1647.35,1442.11,952.51,OPINET official CSV history
2021-08-14,1647.28,1441.95,952.43,OPINET official CSV history
2021-08-15,1647.25,1441.87,952.45,OPINET official CSV history
2021-08-16,1647.35,1442.02,952.43,OPINET official CSV history
2021-08-17,1647.22,1441.9,952.46,OPINET official CSV history
2021-08-18,1647.0,1441.6,952.42,OPINET official CSV history
2021-08-19,1646.4,1441.01,952.48,OPINET official CSV history
2021-08-20,1645.98,1440.55,952.6,OPINET official CSV history
2021-08-21,1645.55,1439.96,952.57,OPINET official CSV history
2021-08-22,1645.36,1439.86,952.61,OPINET official CSV history
2021-08-23,1645.14,1439.71,952.63,OPINET official CSV history
2021-08-24,1644.81,1439.35,952.63,OPINET official CSV history
2021-08-25,1644.52,1439.06,952.55,OPINET official CSV history
2021-08-26,1644.28,1438.88,952.49,OPINET official CSV history
2021-08-27,1644.07,1438.62,952.54,OPINET official CSV history
2021-08-28,1643.84,1438.32,952.52,OPINET official CSV history
2021-08-29,1643.71,1438.04,952.56,OPINET official CSV history
2021-08-30,1643.66,1438.21,952.52,OPINET official CSV history
2021-08-31,1643.51,1438.06,952.52,OPINET official CSV history
2021-09-01,1643.23,1437.74,978.24,OPINET official CSV history
2021-09-02,1642.98,1437.55,979.91,OPINET official CSV history
2021-09-03,1642.68,1437.28,980.31,OPINET official CSV history
2021-09-04,1642.48,1436.95,980.63,OPINET official CSV history
2021-09-05,1642.49,1436.8,980.58,OPINET official CSV history
2021-09-06,1642.44,1436.91,980.71,OPINET official CSV history
2021-09-07,1642.25,1436.72,980.58,OPINET official CSV history
2021-09-08,1642.09,1436.52,980.7,OPINET official CSV history
2021-09-09,1642.03,1436.39,980.69,OPINET official CSV history
2021-09-10,1641.97,1436.39,980.43,OPINET official CSV history
2021-09-11,1641.76,1436.19,980.56,OPINET official CSV history
2021-09-12,1641.79,1436.01,980.55,OPINET official CSV history
2021-09-13,1641.88,1436.28,980.63,OPINET official CSV history
2021-09-14,1641.78,1436.17,980.55,OPINET official CSV history
2021-09-15,1641.79,1436.25,980.64,OPINET official CSV history
2021-09-16,1641.83,1436.29,980.61,OPINET official CSV history
2021-09-17,1642.07,1436.52,980.58,OPINET official CSV history
2021-09-18,1642.22,1436.67,980.67,OPINET official CSV history
2021-09-19,1642.38,1436.71,980.72,OPINET official CSV history
2021-09-20,1642.59,1436.88,980.72,OPINET official CSV history
2021-09-21,1642.65,1436.92,980.74,OPINET official CSV history
2021-09-22,1642.47,1436.66,980.74,OPINET official CSV history
2021-09-23,1642.8,1437.21,980.75,OPINET official CSV history
2021-09-24,1643.19,1437.73,980.67,OPINET official CSV history
2021-09-25,1643.4,1437.83,980.72,OPINET official CSV history
2021-09-26,1643.55,1437.88,980.71,OPINET official CSV history
2021-09-27,1643.93,1438.49,980.64,OPINET official CSV history
2021-09-28,1644.44,1439.03,980.69,OPINET official CSV history
2021-09-29,1645.12,1439.76,980.77,OPINET official CSV history
2021-09-30,1645.99,1440.85,980.79,OPINET official CSV history
2021-10-01,1648.21,1443.14,981.18,OPINET official CSV history
2021-10-02,1649.52,1444.57,981.15,OPINET official CSV history
2021-10-03,1650.24,1445.08,981.19,OPINET official CSV history
2021-10-04,1651.18,1446.28,981.28,OPINET official CSV history
2021-10-05,1652.92,1448.18,981.21,OPINET official CSV history
2021-10-06,1656.81,1452.28,981.23,OPINET official CSV history
2021-10-07,1661.16,1456.8,981.27,OPINET official CSV history
2021-10-08,1667.13,1462.87,981.17,OPINET official CSV history
2021-10-09,1673.01,1468.94,981.24,OPINET official CSV history
2021-10-10,1676.42,1472.26,981.21,OPINET official CSV history
2021-10-11,1680.13,1476.01,981.13,OPINET official CSV history
2021-10-12,1685.07,1481.2,981.21,OPINET official CSV history
2021-10-13,1693.57,1490.26,981.24,OPINET official CSV history
2021-10-14,1700.95,1498.15,981.2,OPINET official CSV history
2021-10-15,1709.17,1506.65,981.26,OPINET official CSV history
2021-10-16,1716.93,1514.39,981.31,OPINET official CSV history
2021-10-17,1720.83,1518.34,981.2,OPINET official CSV history
2021-10-18,1725.89,1523.77,981.31,OPINET official CSV history
2021-10-19,1732.45,1530.43,981.38,OPINET official CSV history
2021-10-20,1739.15,1537.28,981.35,OPINET official CSV history
2021-10-21,1743.99,1542.25,981.3,OPINET official CSV history
2021-10-22,1748.7,1547.04,981.07,OPINET official CSV history
2021-10-23,1753.22,1551.4,981.11,OPINET official CSV history
2021-10-24,1755.49,1553.43,981.13,OPINET official CSV history
2021-10-25,1758.42,1556.69,981.09,OPINET official CSV history
2021-10-26,1762.66,1560.93,981.13,OPINET official CSV history
2021-10-27,1766.7,1564.79,981.2,OPINET official CSV history
2021-10-28,1770.89,1568.88,981.27,OPINET official CSV history
2021-10-29,1774.44,1572.22,981.22,OPINET official CSV history
2021-10-30,1778.82,1576.42,981.22,OPINET official CSV history
2021-10-31,1780.9,1578.31,981.36,OPINET official CSV history
2021-11-01,1784.53,1582.01,1069.22,OPINET official CSV history
2021-11-02,1788.16,1585.36,1075.59,OPINET official CSV history
2021-11-03,1791.29,1588.34,1077.27,OPINET official CSV history
2021-11-04,1794.95,1591.63,1077.86,OPINET official CSV history
2021-11-05,1797.95,1594.42,1077.93,OPINET official CSV history
2021-11-06,1801.25,1597.58,1078.08,OPINET official CSV history
2021-11-07,1802.96,1598.84,1078.17,OPINET official CSV history
2021-11-08,1805.18,1600.87,1078.24,OPINET official CSV history
2021-11-09,1807.47,1602.98,1078.24,OPINET official CSV history
2021-11-10,1809.12,1604.52,1078.27,OPINET official CSV history
2021-11-11,1810.16,1605.64,1078.3,OPINET official CSV history
2021-11-12,1767.74,1575.03,1047.87,OPINET official CSV history
2021-11-13,1751.17,1562.4,1043.87,OPINET official CSV history
2021-11-14,1742.5,1555.81,1043.0,OPINET official CSV history
2021-11-15,1724.87,1542.16,1041.55,OPINET official CSV history
2021-11-16,1711.92,1531.96,1040.55,OPINET official CSV history
2021-11-17,1704.62,1526.24,1040.07,OPINET official CSV history
2021-11-18,1699.1,1521.82,1039.59,OPINET official CSV history
2021-11-19,1695.39,1518.74,1039.57,OPINET official CSV history
2021-11-20,1692.72,1516.5,1039.58,OPINET official CSV history
2021-11-21,1691.38,1515.15,1039.4,OPINET official CSV history
2021-11-22,1688.88,1513.22,1039.31,OPINET official CSV history
2021-11-23,1687.02,1511.62,1039.27,OPINET official CSV history
2021-11-24,1685.6,1510.35,1039.1,OPINET official CSV history
2021-11-25,1684.46,1509.16,1039.07,OPINET official CSV history
2021-11-26,1683.16,1508.23,1039.1,OPINET official CSV history
2021-11-27,1681.57,1506.77,1038.9,OPINET official CSV history
2021-11-28,1680.79,1505.83,1038.9,OPINET official CSV history
2021-11-29,1679.52,1504.95,1039.02,OPINET official CSV history
2021-11-30,1678.25,1503.76,1038.97,OPINET official CSV history
2021-12-01,1675.88,1501.52,1083.78,OPINET official CSV history
2021-12-02,1673.98,1499.73,1086.39,OPINET official CSV history
2021-12-03,1672.11,1497.83,1087.02,OPINET official CSV history
2021-12-04,1670.22,1495.88,1087.56,OPINET official CSV history
2021-12-05,1669.44,1494.93,1087.7,OPINET official CSV history
2021-12-06,1667.87,1493.43,1087.92,OPINET official CSV history
2021-12-07,1664.87,1489.98,1087.99,OPINET official CSV history
2021-12-08,1662.05,1486.87,1087.95,OPINET official CSV history
2021-12-09,1659.45,1483.64,1088.05,OPINET official CSV history
2021-12-10,1656.65,1480.84,1087.89,OPINET official CSV history
2021-12-11,1654.4,1478.23,1087.97,OPINET official CSV history
2021-12-12,1653.53,1477.06,1087.95,OPINET official CSV history
2021-12-13,1651.59,1475.23,1087.94,OPINET official CSV history
2021-12-14,1649.23,1472.46,1087.92,OPINET official CSV history
2021-12-15,1646.71,1469.52,1087.76,OPINET official CSV history
2021-12-16,1643.44,1466.11,1087.91,OPINET official CSV history
2021-12-17,1641.08,1463.39,1087.72,OPINET official CSV history
2021-12-18,1639.44,1461.35,1087.63,OPINET official CSV history
2021-12-19,1638.75,1460.26,1087.63,OPINET official CSV history
2021-12-20,1636.81,1458.47,1087.65,OPINET official CSV history
2021-12-21,1634.46,1455.64,1087.56,OPINET official CSV history
2021-12-22,1632.31,1453.08,1087.63,OPINET official CSV history
2021-12-23,1630.71,1451.15,1087.52,OPINET official CSV history
2021-12-24,1629.16,1449.37,1087.48,OPINET official CSV history
2021-12-25,1628.1,1447.97,1087.59,OPINET official CSV history
2021-12-26,1627.82,1447.53,1087.57,OPINET official CSV history
2021-12-27,1627.07,1446.92,1087.65,OPINET official CSV history
2021-12-28,1626.06,1445.68,1087.7,OPINET official CSV history
2021-12-29,1625.31,1444.7,1087.7,OPINET official CSV history
2021-12-30,1624.93,1444.0,1087.66,OPINET official CSV history
2021-12-31,1624.47,1443.58,1087.51,OPINET official CSV history
2022-01-01,1623.79,1442.42,1075.02,OPINET official CSV history
2022-01-02,1623.4,1442.09,1074.42,OPINET official CSV history
2022-01-03,1623.03,1441.82,1073.21,OPINET official CSV history
2022-01-04,1622.32,1440.91,1072.63,OPINET official CSV history
2022-01-05,1621.79,1440.23,1072.31,OPINET official CSV history
2022-01-06,1621.22,1439.42,1072.08,OPINET official CSV history
2022-01-07,1620.98,1439.13,1071.91,OPINET official CSV history
2022-01-08,1621.4,1439.46,1071.96,OPINET official CSV history
2022-01-09,1621.3,1439.18,1071.86,OPINET official CSV history
2022-01-10,1621.45,1439.54,1071.82,OPINET official CSV history
2022-01-11,1621.56,1439.59,1071.75,OPINET official CSV history
2022-01-12,1622.04,1439.93,1071.47,OPINET official CSV history
2022-01-13,1623.2,1441.22,1071.44,OPINET official CSV history
2022-01-14,1624.78,1442.77,1071.34,OPINET official CSV history
2022-01-15,1626.33,1444.25,1071.37,OPINET official CSV history
2022-01-16,1627.47,1445.13,1071.35,OPINET official CSV history
2022-01-17,1629.3,1447.28,1071.27,OPINET official CSV history
2022-01-18,1631.44,1449.5,1071.38,OPINET official CSV history
2022-01-19,1634.23,1452.22,1071.42,OPINET official CSV history
2022-01-20,1637.65,1455.85,1071.43,OPINET official CSV history
2022-01-21,1641.46,1459.98,1071.41,OPINET official CSV history
2022-01-22,1644.44,1462.91,1071.39,OPINET official CSV history
2022-01-23,1645.89,1464.12,1071.41,OPINET official CSV history
2022-01-24,1648.45,1466.92,1071.45,OPINET official CSV history
2022-01-25,1650.81,1469.52,1071.41,OPINET official CSV history
2022-01-26,1653.39,1472.22,1071.25,OPINET official CSV history
2022-01-27,1656.26,1475.31,1071.3,OPINET official CSV history
2022-01-28,1659.44,1478.31,1071.43,OPINET official CSV history
2022-01-29,1662.55,1481.21,1071.41,OPINET official CSV history
2022-01-30,1664.47,1483.0,1071.38,OPINET official CSV history
2022-01-31,1666.03,1484.35,1071.42,OPINET official CSV history
2022-02-01,1667.71,1485.89,1056.23,OPINET official CSV history
2022-02-02,1668.81,1487.05,1054.52,OPINET official CSV history
2022-02-03,1671.13,1489.71,1052.99,OPINET official CSV history
2022-02-04,1674.67,1493.54,1052.28,OPINET official CSV history
2022-02-05,1680.26,1499.0,1051.72,OPINET official CSV history
2022-02-06,1682.78,1501.32,1051.55,OPINET official CSV history
2022-02-07,1686.54,1505.56,1051.42,OPINET official CSV history
2022-02-08,1691.81,1511.18,1050.92,OPINET official CSV history
2022-02-09,1697.01,1516.69,1050.7,OPINET official CSV history
2022-02-10,1700.89,1521.1,1050.58,OPINET official CSV history
2022-02-11,1704.32,1524.75,1050.12,OPINET official CSV history
2022-02-12,1708.23,1528.91,1049.96,OPINET official CSV history
2022-02-13,1710.46,1531.22,1049.93,OPINET official CSV history
2022-02-14,1714.12,1535.33,1049.9,OPINET official CSV history
2022-02-15,1718.64,1540.24,1049.96,OPINET official CSV history
2022-02-16,1722.69,1545.08,1049.77,OPINET official CSV history
2022-02-17,1726.09,1549.04,1049.85,OPINET official CSV history
2022-02-18,1729.39,1552.79,1049.97,OPINET official CSV history
2022-02-19,1732.31,1555.98,1049.85,OPINET official CSV history
2022-02-20,1733.84,1557.47,1049.68,OPINET official CSV history
2022-02-21,1736.48,1560.65,1049.76,OPINET official CSV history
2022-02-22,1739.36,1563.99,1049.64,OPINET official CSV history
2022-02-23,1743.05,1568.31,1049.64,OPINET official CSV history
2022-02-24,1746.2,1572.03,1049.72,OPINET official CSV history
2022-02-25,1750.84,1577.05,1049.88,OPINET official CSV history
2022-02-26,1754.75,1581.41,1049.82,OPINET official CSV history
2022-02-27,1756.31,1582.87,1049.77,OPINET official CSV history
2022-02-28,1758.87,1585.96,1049.91,OPINET official CSV history
2022-03-01,1763.32,1590.62,1079.33,OPINET official CSV history
2022-03-02,1767.09,1594.81,1081.61,OPINET official CSV history
2022-03-03,1774.18,1602.22,1082.55,OPINET official CSV history
2022-03-04,1786.04,1615.37,1082.67,OPINET official CSV history
2022-03-05,1803.2,1634.99,1082.92,OPINET official CSV history
2022-03-06,1812.9,1646.01,1082.98,OPINET official CSV history
2022-03-07,1828.34,1665.13,1083.16,OPINET official CSV history
2022-03-08,1860.61,1706.45,1083.22,OPINET official CSV history
2022-03-09,1892.4,1750.15,1083.21,OPINET official CSV history
2022-03-10,1913.73,1781.84,1083.33,OPINET official CSV history
2022-03-11,1938.97,1818.45,1083.32,OPINET official CSV history
2022-03-12,1965.03,1857.08,1083.15,OPINET official CSV history
2022-03-13,1975.36,1872.63,1083.18,OPINET official CSV history
2022-03-14,1988.04,1892.42,1083.22,OPINET official CSV history
2022-03-15,2000.95,1912.14,1083.21,OPINET official CSV history
2022-03-16,2004.23,1917.89,1083.25,OPINET official CSV history
2022-03-17,2003.42,1917.35,1083.2,OPINET official CSV history
2022-03-18,2002.56,1917.35,1083.2,OPINET official CSV history
2022-03-19,2002.13,1917.14,1083.21,OPINET official CSV history
2022-03-20,2002.18,1917.39,1083.25,OPINET official CSV history
2022-03-21,2002.12,1917.82,1083.25,OPINET official CSV history
2022-03-22,2001.84,1917.89,1083.24,OPINET official CSV history
2022-03-23,2001.72,1918.25,1083.19,OPINET official CSV history
2022-03-24,2001.81,1918.92,1083.23,OPINET official CSV history
2022-03-25,2001.92,1919.65,1083.21,OPINET official CSV history
2022-03-26,2000.65,1919.15,1083.27,OPINET official CSV history
2022-03-27,2000.85,1919.61,1083.26,OPINET official CSV history
2022-03-28,2001.15,1920.44,1083.15,OPINET official CSV history
2022-03-29,2000.45,1920.32,1083.07,OPINET official CSV history
2022-03-30,1999.44,1919.72,1083.04,OPINET official CSV history
2022-03-31,1998.39,1918.84,1083.19,OPINET official CSV history
2022-04-01,1996.11,1916.89,1155.89,OPINET official CSV history
2022-04-02,1994.54,1915.18,1161.17,OPINET official CSV history
2022-04-03,1993.97,1914.62,1161.59,OPINET official CSV history
2022-04-04,1992.3,1913.19,1162.58,OPINET official CSV history
2022-04-05,1990.23,1911.37,1163.0,OPINET official CSV history
2022-04-06,1988.81,1910.43,1163.45,OPINET official CSV history
2022-04-07,1987.04,1909.18,1163.6,OPINET official CSV history
2022-04-08,1984.87,1907.86,1163.56,OPINET official CSV history
2022-04-09,1982.9,1906.17,1163.64,OPINET official CSV history
2022-04-10,1982.06,1905.5,1163.75,OPINET official CSV history
2022-04-11,1980.41,1904.54,1163.83,OPINET official CSV history
2022-04-12,1976.94,1902.53,1163.87,OPINET official CSV history
2022-04-13,1974.21,1900.84,1163.86,OPINET official CSV history
2022-04-14,1972.26,1899.67,1163.9,OPINET official CSV history
2022-04-15,1970.42,1899.2,1163.63,OPINET official CSV history
2022-04-16,1969.26,1898.83,1163.65,OPINET official CSV history
2022-04-17,1968.85,1898.62,1163.66,OPINET official CSV history
2022-04-18,1968.37,1899.04,1163.58,OPINET official CSV history
2022-04-19,1967.79,1899.54,1163.47,OPINET official CSV history
2022-04-20,1967.3,1900.24,1163.49,OPINET official CSV history
2022-04-21,1966.82,1900.7,1163.44,OPINET official CSV history
2022-04-22,1966.64,1901.65,1163.38,OPINET official CSV history
2022-04-23,1966.5,1902.33,1163.4,OPINET official CSV history
2022-04-24,1966.66,1902.69,1163.39,OPINET official CSV history
2022-04-25,1967.62,1906.16,1163.52,OPINET official CSV history
2022-04-26,1968.2,1908.09,1163.45,OPINET official CSV history
2022-04-27,1968.74,1909.86,1163.55,OPINET official CSV history
2022-04-28,1969.9,1911.81,1163.6,OPINET official CSV history
2022-04-29,1971.64,1915.25,1163.79,OPINET official CSV history
2022-04-30,1974.77,1920.52,1163.95,OPINET official CSV history
2022-05-01,1954.8,1908.76,1141.18,OPINET official CSV history
2022-05-02,1944.63,1904.81,1138.0,OPINET official CSV history
2022-05-03,1937.99,1903.93,1136.41,OPINET official CSV history
2022-05-04,1934.47,1906.66,1135.62,OPINET official CSV history
2022-05-05,1932.2,1910.34,1135.13,OPINET official CSV history
2022-05-06,1931.69,1914.2,1134.94,OPINET official CSV history
2022-05-07,1933.32,1920.01,1134.73,OPINET official CSV history
2022-05-08,1935.93,1924.7,1134.65,OPINET official CSV history
2022-05-09,1938.49,1931.32,1134.55,OPINET official CSV history
2022-05-10,1943.79,1941.46,1134.41,OPINET official CSV history
2022-05-11,1946.11,1947.59,1134.29,OPINET official CSV history
2022-05-12,1948.69,1953.29,1134.3,OPINET official CSV history
2022-05-13,1951.7,1959.24,1134.28,OPINET official CSV history
2022-05-14,1954.7,1964.02,1134.15,OPINET official CSV history
2022-05-15,1956.42,1966.48,1134.14,OPINET official CSV history
2022-05-16,1958.73,1970.51,1134.22,OPINET official CSV history
2022-05-17,1963.26,1976.49,1134.14,OPINET official CSV history
2022-05-18,1967.33,1981.61,1133.95,OPINET official CSV history
2022-05-19,1972.11,1986.76,1133.93,OPINET official CSV history
2022-05-20,1977.39,1990.99,1133.87,OPINET official CSV history
2022-05-21,1982.53,1994.32,1133.87,OPINET official CSV history
2022-05-22,1985.07,1995.79,1133.88,OPINET official CSV history
2022-05-23,1988.77,1998.38,1133.91,OPINET official CSV history
2022-05-24,1994.77,2000.93,1133.89,OPINET official CSV history
2022-05-25,1998.59,2002.68,1133.86,OPINET official CSV history
2022-05-26,2001.53,2003.85,1133.83,OPINET official CSV history
2022-05-27,2004.55,2005.14,1133.8,OPINET official CSV history
2022-05-28,2007.62,2005.62,1133.84,OPINET official CSV history
2022-05-29,2008.76,2006.09,1133.8,OPINET official CSV history
2022-05-30,2010.45,2007.13,1133.96,OPINET official CSV history
2022-05-31,2012.69,2008.23,1133.89,OPINET official CSV history
2022-06-01,2015.37,2009.47,1133.65,OPINET official CSV history
2022-06-02,2017.79,2011.18,1133.8,OPINET official CSV history
2022-06-03,2020.84,2013.43,1133.91,OPINET official CSV history
2022-06-04,2026.21,2018.44,1133.72,OPINET official CSV history
2022-06-05,2029.29,2021.12,1133.79,OPINET official CSV history
2022-06-06,2032.04,2023.85,1133.89,OPINET official CSV history
2022-06-07,2035.74,2027.96,1133.62,OPINET official CSV history
2022-06-08,2042.04,2036.52,1133.57,OPINET official CSV history
2022-06-09,2048.47,2044.4,1133.61,OPINET official CSV history
2022-06-10,2056.79,2054.37,1133.58,OPINET official CSV history
2022-06-11,2064.59,2063.53,1133.6,OPINET official CSV history
2022-06-12,2068.6,2067.99,1133.58,OPINET official CSV history
2022-06-13,2074.3,2074.89,1133.66,OPINET official CSV history
2022-06-14,2081.98,2083.67,1133.57,OPINET official CSV history
2022-06-15,2087.61,2090.62,1133.69,OPINET official CSV history
2022-06-16,2092.2,2096.1,1133.66,OPINET official CSV history
2022-06-17,2098.45,2104.2,1133.68,OPINET official CSV history
2022-06-18,2104.63,2112.5,1133.69,OPINET official CSV history
2022-06-19,2107.53,2115.96,1133.74,OPINET official CSV history
2022-06-20,2111.28,2120.85,1133.78,OPINET official CSV history
2022-06-21,2116.35,2127.58,1133.76,OPINET official CSV history
2022-06-22,2120.14,2133.25,1133.77,OPINET official CSV history
2022-06-23,2123.61,2138.2,1133.79,OPINET official CSV history
2022-06-24,2126.71,2143.13,1133.76,OPINET official CSV history
2022-06-25,2129.47,2147.06,1133.8,OPINET official CSV history
2022-06-26,2131.16,2149.16,1133.81,OPINET official CSV history
2022-06-27,2133.8,2153.0,1133.81,OPINET official CSV history
2022-06-28,2137.3,2158.24,1133.83,OPINET official CSV history
2022-06-29,2141.09,2163.15,1133.81,OPINET official CSV history
2022-06-30,2144.9,2167.66,1133.86,OPINET official CSV history
2022-07-01,2128.84,2157.7,1105.81,OPINET official CSV history
2022-07-02,2124.75,2155.39,1102.97,OPINET official CSV history
2022-07-03,2123.33,2154.46,1102.22,OPINET official CSV history
2022-07-04,2120.58,2153.08,1101.41,OPINET official CSV history
2022-07-05,2117.18,2150.78,1101.04,OPINET official CSV history
2022-07-06,2113.85,2148.59,1100.81,OPINET official CSV history
2022-07-07,2108.96,2145.24,1100.6,OPINET official CSV history
2022-07-08,2102.49,2140.28,1100.24,OPINET official CSV history
2022-07-09,2097.77,2136.65,1100.21,OPINET official CSV history
2022-07-10,2095.64,2134.84,1100.07,OPINET official CSV history
2022-07-11,2090.82,2131.28,1100.07,OPINET official CSV history
2022-07-12,2082.1,2124.27,1099.78,OPINET official CSV history
2022-07-13,2073.11,2117.16,1099.74,OPINET official CSV history
2022-07-14,2061.81,2108.96,1099.78,OPINET official CSV history
2022-07-15,2049.04,2099.72,1099.85,OPINET official CSV history
2022-07-16,2038.83,2092.28,1099.73,OPINET official CSV history
2022-07-17,2034.36,2088.75,1099.58,OPINET official CSV history
2022-07-18,2026.25,2082.11,1099.71,OPINET official CSV history
2022-07-19,2013.01,2072.42,1099.7,OPINET official CSV history
2022-07-20,2002.16,2063.99,1099.58,OPINET official CSV history
2022-07-21,1989.93,2055.28,1099.58,OPINET official CSV history
2022-07-22,1977.25,2046.01,1099.58,OPINET official CSV history
2022-07-23,1964.6,2036.83,1099.41,OPINET official CSV history
2022-07-24,1959.42,2032.61,1099.37,OPINET official CSV history
2022-07-25,1948.86,2024.7,1099.28,OPINET official CSV history
2022-07-26,1936.63,2015.01,1099.31,OPINET official CSV history
2022-07-27,1926.81,2006.74,1099.39,OPINET official CSV history
2022-07-28,1916.88,1998.46,1099.24,OPINET official CSV history
2022-07-29,1907.31,1991.04,1099.53,OPINET official CSV history
2022-07-30,1900.44,1985.32,1099.31,OPINET official CSV history
2022-07-31,1897.27,1982.61,1099.32,OPINET official CSV history
2022-08-01,1889.82,1976.46,1091.48,OPINET official CSV history
2022-08-02,1881.75,1969.64,1090.26,OPINET official CSV history
2022-08-03,1874.05,1963.18,1089.76,OPINET official CSV history
2022-08-04,1866.41,1956.93,1089.39,OPINET official CSV history
2022-08-05,1859.17,1950.56,1089.31,OPINET official CSV history
2022-08-06,1852.0,1944.14,1089.06,OPINET official CSV history
2022-08-07,1848.83,1941.43,1089.04,OPINET official CSV history
2022-08-08,1842.61,1935.96,1089.09,OPINET official CSV history
2022-08-09,1834.04,1928.2,1088.98,OPINET official CSV history
2022-08-10,1825.12,1920.46,1088.9,OPINET official CSV history
2022-08-11,1815.48,1911.58,1088.78,OPINET official CSV history
2022-08-12,1805.86,1902.96,1088.8,OPINET official CSV history
2022-08-13,1797.86,1895.71,1088.71,OPINET official CSV history
2022-08-14,1794.06,1892.04,1088.52,OPINET official CSV history
2022-08-15,1789.04,1887.53,1088.65,OPINET official CSV history
2022-08-16,1781.36,1880.12,1088.49,OPINET official CSV history
2022-08-17,1771.95,1870.89,1088.54,OPINET official CSV history
2022-08-18,1764.38,1863.53,1088.51,OPINET official CSV history
2022-08-19,1757.86,1857.23,1088.43,OPINET official CSV history
2022-08-20,1753.37,1852.84,1088.36,OPINET official CSV history
2022-08-21,1751.21,1850.59,1088.33,OPINET official CSV history
2022-08-22,1746.84,1846.57,1088.41,OPINET official CSV history
2022-08-23,1742.37,1842.27,1088.33,OPINET official CSV history
2022-08-24,1739.85,1839.79,1088.33,OPINET official CSV history
2022-08-25,1738.54,1838.6,1088.34,OPINET official CSV history
2022-08-26,1737.77,1838.58,1088.41,OPINET official CSV history
2022-08-27,1738.0,1838.82,1088.32,OPINET official CSV history
2022-08-28,1738.06,1839.07,1088.24,OPINET official CSV history
2022-08-29,1738.53,1840.79,1088.37,OPINET official CSV history
2022-08-30,1740.46,1845.33,1088.26,OPINET official CSV history
2022-08-31,1741.71,1847.37,1088.36,OPINET official CSV history
2022-09-01,1742.51,1850.3,1057.6,OPINET official CSV history
2022-09-02,1742.01,1850.7,1053.89,OPINET official CSV history
2022-09-03,1741.46,1850.67,1052.82,OPINET official CSV history
2022-09-04,1741.41,1850.76,1052.47,OPINET official CSV history
2022-09-05,1741.49,1851.27,1051.97,OPINET official CSV history
2022-09-06,1741.42,1851.76,1052.66,OPINET official CSV history
2022-09-07,1740.99,1852.57,1052.16,OPINET official CSV history
2022-09-08,1740.61,1853.89,1052.12,OPINET official CSV history
2022-09-09,1740.42,1854.92,1051.77,OPINET official CSV history
2022-09-10,1740.44,1855.39,1051.62,OPINET official CSV history
2022-09-11,1740.46,1855.82,1051.55,OPINET official CSV history
2022-09-12,1740.15,1856.09,1051.65,OPINET official CSV history
2022-09-13,1740.54,1857.38,1051.48,OPINET official CSV history
2022-09-14,1740.38,1858.63,1051.49,OPINET official CSV history
2022-09-15,1740.34,1860.41,1051.36,OPINET official CSV history
2022-09-16,1739.33,1860.74,1051.13,OPINET official CSV history
2022-09-17,1737.72,1859.89,1050.9,OPINET official CSV history
2022-09-18,1736.95,1859.21,1050.85,OPINET official CSV history
2022-09-19,1735.73,1858.61,1050.93,OPINET official CSV history
2022-09-20,1731.92,1855.12,1050.54,OPINET official CSV history
2022-09-21,1728.37,1852.35,1050.48,OPINET official CSV history
2022-09-22,1724.95,1849.76,1050.35,OPINET official CSV history
2022-09-23,1721.16,1847.31,1050.24,OPINET official CSV history
2022-09-24,1717.19,1844.45,1050.02,OPINET official CSV history
2022-09-25,1715.25,1843.21,1049.92,OPINET official CSV history
2022-09-26,1711.53,1841.0,1050.15,OPINET official CSV history
2022-09-27,1705.43,1836.98,1050.02,OPINET official CSV history
2022-09-28,1698.78,1832.33,1049.95,OPINET official CSV history
2022-09-29,1693.28,1828.79,1049.98,OPINET official CSV history
2022-09-30,1688.3,1826.08,1049.87,OPINET official CSV history
2022-10-01,1682.04,1822.01,1049.81,OPINET official CSV history
2022-10-02,1679.84,1820.55,1049.56,OPINET official CSV history
2022-10-03,1677.55,1820.83,1049.6,OPINET official CSV history
2022-10-04,1674.38,1817.56,1050.07,OPINET official CSV history
2022-10-05,1670.62,1815.63,1049.63,OPINET official CSV history
2022-10-06,1667.41,1814.62,1049.53,OPINET official CSV history
2022-10-07,1665.76,1814.91,1049.46,OPINET official CSV history
2022-10-08,1665.86,1818.57,1049.3,OPINET official CSV history
2022-10-09,1666.13,1819.99,1049.22,OPINET official CSV history
2022-10-10,1666.45,1821.74,1049.3,OPINET official CSV history
2022-10-11,1666.75,1824.45,1049.39,OPINET official CSV history
2022-10-12,1666.94,1828.0,1049.35,OPINET official CSV history
2022-10-13,1666.38,1829.54,1049.43,OPINET official CSV history
2022-10-14,1666.05,1831.43,1049.35,OPINET official CSV history
2022-10-15,1665.73,1833.69,1049.32,OPINET official CSV history
2022-10-16,1665.72,1834.59,1049.22,OPINET official CSV history
2022-10-17,1665.72,1836.93,1049.48,OPINET official CSV history
2022-10-18,1665.76,1840.19,1049.42,OPINET official CSV history
2022-10-19,1665.55,1842.9,1049.49,OPINET official CSV history
2022-10-20,1665.21,1845.5,1049.46,OPINET official CSV history
2022-10-21,1664.67,1848.77,1049.41,OPINET official CSV history
2022-10-22,1664.21,1851.64,1049.4,OPINET official CSV history
2022-10-23,1664.02,1852.77,1049.28,OPINET official CSV history
2022-10-24,1664.11,1855.46,1049.37,OPINET official CSV history
2022-10-25,1663.71,1857.96,1049.54,OPINET official CSV history
2022-10-26,1663.17,1860.07,1049.62,OPINET official CSV history
2022-10-27,1662.31,1862.4,1049.6,OPINET official CSV history
2022-10-28,1661.71,1864.82,1049.51,OPINET official CSV history
2022-10-29,1661.04,1866.42,1049.33,OPINET official CSV history
2022-10-30,1660.71,1867.15,1049.25,OPINET official CSV history
2022-10-31,1660.7,1869.29,1049.37,OPINET official CSV history
2022-11-01,1659.88,1872.05,1037.21,OPINET official CSV history
2022-11-02,1659.38,1874.01,1034.61,OPINET official CSV history
2022-11-03,1658.83,1875.9,1033.74,OPINET official CSV history
2022-11-04,1658.32,1877.64,1033.31,OPINET official CSV history
2022-11-05,1658.37,1879.39,1033.22,OPINET official CSV history
2022-11-06,1658.55,1880.35,1033.03,OPINET official CSV history
2022-11-07,1659.06,1882.5,1032.85,OPINET official CSV history
2022-11-08,1659.71,1884.76,1032.83,OPINET official CSV history
2022-11-09,1660.32,1886.64,1032.64,OPINET official CSV history
2022-11-10,1660.34,1888.0,1032.41,OPINET official CSV history
2022-11-11,1660.1,1888.77,1032.31,OPINET official CSV history
2022-11-12,1659.78,1888.93,1032.11,OPINET official CSV history
2022-11-13,1659.71,1888.94,1032.02,OPINET official CSV history
2022-11-14,1659.64,1889.59,1032.03,OPINET official CSV history
2022-11-15,1659.03,1889.11,1031.97,OPINET official CSV history
2022-11-16,1658.13,1888.55,1031.92,OPINET official CSV history
2022-11-17,1656.78,1887.8,1031.77,OPINET official CSV history
2022-11-18,1654.03,1885.62,1031.58,OPINET official CSV history
2022-11-19,1651.56,1883.82,1031.52,OPINET official CSV history
2022-11-20,1650.45,1882.96,1031.37,OPINET official CSV history
2022-11-21,1648.35,1881.58,1031.3,OPINET official CSV history
2022-11-22,1644.75,1878.67,1031.49,OPINET official CSV history
2022-11-23,1641.01,1875.66,1031.4,OPINET official CSV history
2022-11-24,1637.77,1872.86,1031.32,OPINET official CSV history
2022-11-25,1634.66,1870.27,1031.19,OPINET official CSV history
2022-11-26,1632.12,1867.75,1031.01,OPINET official CSV history
2022-11-27,1630.83,1866.63,1031.05,OPINET official CSV history
2022-11-28,1628.36,1864.46,1031.23,OPINET official CSV history
2022-11-29,1625.83,1861.7,1031.23,OPINET official CSV history
2022-11-30,1623.9,1859.63,1031.18,OPINET official CSV history
2022-12-01,1622.12,1857.47,1024.27,OPINET official CSV history
2022-12-02,1620.84,1855.96,1022.91,OPINET official CSV history
2022-12-03,1619.61,1854.52,1022.32,OPINET official CSV history
2022-12-04,1618.48,1853.31,1022.19,OPINET official CSV history
2022-12-05,1615.99,1850.98,1022.13,OPINET official CSV history
2022-12-06,1612.26,1847.19,1021.98,OPINET official CSV history
2022-12-07,1607.58,1842.17,1021.78,OPINET official CSV history
2022-12-08,1601.2,1835.07,1021.69,OPINET official CSV history
2022-12-09,1593.8,1827.11,1021.57,OPINET official CSV history
2022-12-10,1586.79,1818.45,1021.39,OPINET official CSV history
2022-12-11,1583.59,1814.71,1021.27,OPINET official CSV history
2022-12-12,1576.99,1807.38,1021.3,OPINET official CSV history
2022-12-13,1567.85,1796.67,1021.27,OPINET official CSV history
2022-12-14,1561.08,1787.99,1021.15,OPINET official CSV history
2022-12-15,1554.87,1779.25,1021.15,OPINET official CSV history
2022-12-16,1549.4,1771.37,1021.21,OPINET official CSV history
2022-12-17,1545.18,1764.37,1021.03,OPINET official CSV history
2022-12-18,1543.39,1761.56,1020.99,OPINET official CSV history
2022-12-19,1540.27,1756.43,1021.24,OPINET official CSV history
2022-12-20,1536.77,1751.89,1021.18,OPINET official CSV history
2022-12-21,1534.17,1745.51,1020.95,OPINET official CSV history
2022-12-22,1531.87,1741.37,1020.87,OPINET official CSV history
2022-12-23,1530.29,1738.09,1021.11,OPINET official CSV history
2022-12-24,1529.34,1735.31,1020.82,OPINET official CSV history
2022-12-25,1528.58,1733.82,1020.89,OPINET official CSV history
2022-12-26,1527.32,1731.44,1021.04,OPINET official CSV history
2022-12-27,1526.31,1728.14,1021.0,OPINET official CSV history
2022-12-28,1526.05,1725.84,1020.96,OPINET official CSV history
2022-12-29,1526.34,1724.28,1020.7,OPINET official CSV history
2022-12-30,1527.57,1722.77,1020.84,OPINET official CSV history
2022-12-31,1530.7,1721.76,1020.93,OPINET official CSV history
2023-01-01,1541.67,1720.97,1020.67,OPINET official CSV history
2023-01-02,1550.17,1720.21,1020.77,OPINET official CSV history
2023-01-03,1555.82,1719.06,1021.02,OPINET official CSV history
2023-01-04,1558.81,1717.13,1020.99,OPINET official CSV history
2023-01-05,1561.29,1713.57,1020.71,OPINET official CSV history
2023-01-06,1561.45,1710.43,1020.23,OPINET official CSV history
2023-01-07,1561.87,1704.48,1020.15,OPINET official CSV history
2023-01-08,1562.86,1702.48,1020.0,OPINET official CSV history
2023-01-09,1563.17,1698.52,1019.83,OPINET official CSV history
2023-01-10,1562.41,1692.23,1019.86,OPINET official CSV history
2023-01-11,1561.36,1685.25,1019.66,OPINET official CSV history
2023-01-12,1560.23,1679.22,1019.42,OPINET official CSV history
2023-01-13,1559.72,1674.32,1019.4,OPINET official CSV history
2023-01-14,1559.31,1670.38,1019.18,OPINET official CSV history
2023-01-15,1559.37,1668.62,1019.21,OPINET official CSV history
2023-01-16,1559.83,1666.13,1019.46,OPINET official CSV history
2023-01-17,1560.0,1662.31,1019.32,OPINET official CSV history
2023-01-18,1560.4,1659.03,1019.3,OPINET official CSV history
2023-01-19,1561.19,1656.83,1019.37,OPINET official CSV history
2023-01-20,1562.93,1654.96,1019.35,OPINET official CSV history
2023-01-21,1564.54,1653.45,1019.36,OPINET official CSV history
2023-01-22,1565.65,1653.11,1019.25,OPINET official CSV history
2023-01-23,1566.33,1652.69,1019.32,OPINET official CSV history
2023-01-24,1567.01,1652.1,1019.29,OPINET official CSV history
2023-01-25,1568.09,1651.76,1019.41,OPINET official CSV history
2023-01-26,1569.67,1651.15,1019.27,OPINET official CSV history
2023-01-27,1571.2,1650.52,1019.15,OPINET official CSV history
2023-01-28,1572.25,1649.66,1019.06,OPINET official CSV history
2023-01-29,1572.77,1649.1,1019.07,OPINET official CSV history
2023-01-30,1574.35,1649.16,1019.2,OPINET official CSV history
2023-01-31,1575.41,1648.44,1019.2,OPINET official CSV history
2023-02-01,1577.03,1646.96,998.38,OPINET official CSV history
2023-02-02,1578.42,1645.14,995.39,OPINET official CSV history
2023-02-03,1579.34,1643.39,994.32,OPINET official CSV history
2023-02-04,1579.56,1641.23,993.58,OPINET official CSV history
2023-02-05,1579.58,1639.92,993.13,OPINET official CSV history
2023-02-06,1579.69,1638.06,993.18,OPINET official CSV history
2023-02-07,1578.96,1633.74,992.75,OPINET official CSV history
2023-02-08,1577.74,1628.41,992.37,OPINET official CSV history
2023-02-09,1577.06,1623.81,991.98,OPINET official CSV history
2023-02-10,1576.84,1620.2,991.99,OPINET official CSV history
2023-02-11,1576.6,1617.1,991.72,OPINET official CSV history
2023-02-12,1576.72,1615.58,991.55,OPINET official CSV history
2023-02-13,1577.0,1613.09,991.54,OPINET official CSV history
2023-02-14,1577.33,1608.89,991.78,OPINET official CSV history
2023-02-15,1577.6,1605.31,991.48,OPINET official CSV history
2023-02-16,1577.98,1601.79,991.44,OPINET official CSV history
2023-02-17,1578.47,1598.09,991.39,OPINET official CSV history
2023-02-18,1578.51,1594.0,991.27,OPINET official CSV history
2023-02-19,1578.56,1592.13,991.23,OPINET official CSV history
2023-02-20,1579.06,1589.12,991.34,OPINET official CSV history
2023-02-21,1579.09,1584.87,991.37,OPINET official CSV history
2023-02-22,1579.2,1581.07,991.24,OPINET official CSV history
2023-02-23,1579.33,1577.1,991.13,OPINET official CSV history
2023-02-24,1579.35,1573.11,991.16,OPINET official CSV history
2023-02-25,1579.33,1569.92,990.95,OPINET official CSV history
2023-02-26,1579.53,1568.22,990.85,OPINET official CSV history
2023-02-27,1579.96,1566.21,990.93,OPINET official CSV history
2023-02-28,1580.09,1563.29,991.1,OPINET official CSV history
2023-03-01,1580.36,1558.86,990.76,OPINET official CSV history
2023-03-02,1580.84,1556.43,990.89,OPINET official CSV history
2023-03-03,1582.39,1552.27,990.53,OPINET official CSV history
2023-03-04,1582.59,1552.13,990.59,OPINET official CSV history
2023-03-05,1583.16,1551.21,990.47,OPINET official CSV history
2023-03-06,1584.47,1550.65,990.4,OPINET official CSV history
2023-03-07,1586.94,1549.96,990.43,OPINET official CSV history
2023-03-08,1589.09,1549.57,989.74,OPINET official CSV history
2023-03-09,1591.2,1548.95,989.43,OPINET official CSV history
2023-03-10,1592.73,1548.4,989.11,OPINET official CSV history
2023-03-11,1593.93,1547.61,989.03,OPINET official CSV history
2023-03-12,1594.55,1547.14,988.79,OPINET official CSV history
2023-03-13,1595.77,1547.39,988.87,OPINET official CSV history
2023-03-14,1597.32,1546.7,988.66,OPINET official CSV history
2023-03-15,1598.08,1545.59,988.95,OPINET official CSV history
2023-03-16,1598.27,1544.07,989.02,OPINET official CSV history
2023-03-17,1598.36,1542.55,989.07,OPINET official CSV history
2023-03-18,1597.43,1539.92,988.87,OPINET official CSV history
2023-03-19,1597.4,1538.75,988.85,OPINET official CSV history
2023-03-20,1597.36,1537.61,989.13,OPINET official CSV history
2023-03-21,1596.54,1534.79,989.11,OPINET official CSV history
2023-03-22,1595.59,1531.64,989.03,OPINET official CSV history
2023-03-23,1594.91,1528.85,988.97,OPINET official CSV history
2023-03-24,1594.43,1527.06,989.29,OPINET official CSV history
2023-03-25,1593.95,1525.16,989.21,OPINET official CSV history
2023-03-26,1593.76,1524.14,988.94,OPINET official CSV history
2023-03-27,1593.79,1523.17,989.14,OPINET official CSV history
2023-03-28,1593.51,1521.51,989.08,OPINET official CSV history
2023-03-29,1593.48,1520.39,989.15,OPINET official CSV history
2023-03-30,1593.51,1519.61,989.2,OPINET official CSV history
2023-03-31,1594.02,1519.08,989.14,OPINET official CSV history
2023-04-01,1594.59,1518.39,989.02,OPINET official CSV history
2023-04-02,1594.97,1517.94,988.88,OPINET official CSV history
2023-04-03,1596.33,1518.65,989.05,OPINET official CSV history
2023-04-04,1599.92,1520.42,988.9,OPINET official CSV history
2023-04-05,1604.38,1522.59,988.77,OPINET official CSV history
2023-04-06,1608.84,1524.51,988.78,OPINET official CSV history
2023-04-07,1613.75,1526.74,988.66,OPINET official CSV history
2023-04-08,1618.2,1528.41,988.5,OPINET official CSV history
2023-04-09,1620.69,1529.23,988.66,OPINET official CSV history
2023-04-10,1625.25,1531.87,988.47,OPINET official CSV history
2023-04-11,1631.53,1534.54,988.52,OPINET official CSV history
2023-04-12,1636.56,1536.79,988.26,OPINET official CSV history
2023-04-13,1641.57,1538.99,988.28,OPINET official CSV history
2023-04-14,1646.78,1541.45,988.19,OPINET official CSV history
2023-04-15,1650.95,1542.82,988.04,OPINET official CSV history
2023-04-16,1652.99,1543.61,988.13,OPINET official CSV history
2023-04-17,1656.9,1545.81,988.28,OPINET official CSV history
2023-04-18,1661.02,1547.22,988.01,OPINET official CSV history
2023-04-19,1663.28,1547.54,988.17,OPINET official CSV history
2023-04-20,1664.69,1547.22,988.13,OPINET official CSV history
2023-04-21,1665.11,1546.47,988.13,OPINET official CSV history
2023-04-22,1665.21,1545.18,988.17,OPINET official CSV history
2023-04-23,1665.32,1544.66,988.04,OPINET official CSV history
2023-04-24,1665.63,1544.1,988.31,OPINET official CSV history
2023-04-25,1665.4,1542.47,988.04,OPINET official CSV history
2023-04-26,1664.85,1540.75,988.02,OPINET official CSV history
2023-04-27,1664.38,1538.79,988.03,OPINET official CSV history
2023-04-28,1663.56,1536.21,988.06,OPINET official CSV history
2023-04-29,1662.9,1534.15,987.89,OPINET official CSV history
2023-04-30,1662.79,1533.53,987.97,OPINET official CSV history
2023-05-01,1662.48,1532.25,988.29,OPINET official CSV history
2023-05-02,1662.0,1530.74,988.2,OPINET official CSV history
2023-05-03,1660.3,1527.07,988.25,OPINET official CSV history
2023-05-04,1658.41,1523.5,988.07,OPINET official CSV history
2023-05-05,1655.88,1518.52,987.86,OPINET official CSV history
2023-05-06,1654.75,1516.28,988.16,OPINET official CSV history
2023-05-07,1654.1,1514.91,988.22,OPINET official CSV history
2023-05-08,1652.65,1511.95,988.18,OPINET official CSV history
2023-05-09,1649.47,1506.13,987.93,OPINET official CSV history
2023-05-10,1646.12,1500.5,987.87,OPINET official CSV history
2023-05-11,1642.41,1494.38,987.76,OPINET official CSV history
2023-05-12,1638.59,1488.0,987.9,OPINET official CSV history
2023-05-13,1635.28,1482.61,987.81,OPINET official CSV history
2023-05-14,1634.13,1480.29,987.78,OPINET official CSV history
2023-05-15,1631.17,1475.17,987.9,OPINET official CSV history
2023-05-16,1627.13,1468.11,987.77,OPINET official CSV history
2023-05-17,1623.64,1462.36,987.8,OPINET official CSV history
2023-05-18,1620.7,1457.55,987.63,OPINET official CSV history
2023-05-19,1617.2,1452.05,987.54,OPINET official CSV history
2023-05-20,1614.67,1448.03,987.67,OPINET official CSV history
2023-05-21,1613.79,1446.11,987.52,OPINET official CSV history
2023-05-22,1611.88,1443.05,987.7,OPINET official CSV history
2023-05-23,1609.41,1438.8,987.8,OPINET official CSV history
2023-05-24,1607.22,1435.21,987.62,OPINET official CSV history
2023-05-25,1605.29,1431.79,987.61,OPINET official CSV history
2023-05-26,1603.52,1429.02,987.72,OPINET official CSV history
2023-05-27,1601.7,1425.82,987.62,OPINET official CSV history
2023-05-28,1601.16,1424.71,987.49,OPINET official CSV history
2023-05-29,1600.67,1423.87,987.75,OPINET official CSV history
2023-05-30,1599.59,1422.28,987.8,OPINET official CSV history
2023-05-31,1598.1,1420.03,987.6,OPINET official CSV history
2023-06-01,1595.29,1415.52,966.57,OPINET official CSV history
2023-06-02,1593.28,1412.71,963.94,OPINET official CSV history
2023-06-03,1591.23,1409.89,962.81,OPINET official CSV history
2023-06-04,1590.68,1408.66,962.44,OPINET official CSV history
2023-06-05,1590.06,1407.99,962.31,OPINET official CSV history
2023-06-06,1589.04,1406.22,961.79,OPINET official CSV history
2023-06-07,1588.04,1404.82,961.77,OPINET official CSV history
2023-06-08,1586.75,1402.8,961.39,OPINET official CSV history
2023-06-09,1585.82,1401.31,961.32,OPINET official CSV history
2023-06-10,1584.79,1399.69,961.03,OPINET official CSV history
2023-06-11,1584.46,1398.96,960.85,OPINET official CSV history
2023-06-12,1583.99,1398.4,960.92,OPINET official CSV history
2023-06-13,1582.58,1396.52,960.63,OPINET official CSV history
2023-06-14,1581.01,1394.46,960.53,OPINET official CSV history
2023-06-15,1579.85,1392.98,960.57,OPINET official CSV history
2023-06-16,1578.45,1391.28,960.52,OPINET official CSV history
2023-06-17,1577.61,1389.86,960.37,OPINET official CSV history
2023-06-18,1577.33,1389.19,960.36,OPINET official CSV history
2023-06-19,1576.8,1388.98,960.33,OPINET official CSV history
2023-06-20,1575.72,1387.72,960.34,OPINET official CSV history
2023-06-21,1574.9,1386.45,960.23,OPINET official CSV history
2023-06-22,1574.15,1385.7,960.12,OPINET official CSV history
2023-06-23,1573.52,1385.12,960.25,OPINET official CSV history
2023-06-24,1572.97,1384.07,959.91,OPINET official CSV history
2023-06-25,1572.75,1383.65,959.83,OPINET official CSV history
2023-06-26,1572.73,1383.5,959.84,OPINET official CSV history
2023-06-27,1572.08,1382.9,960.21,OPINET official CSV history
2023-06-28,1571.56,1382.11,960.04,OPINET official CSV history
2023-06-29,1571.13,1381.56,959.96,OPINET official CSV history
2023-06-30,1570.7,1381.17,960.11,OPINET official CSV history
2023-07-01,1569.79,1379.99,918.21,OPINET official CSV history
2023-07-02,1569.52,1379.44,914.33,OPINET official CSV history
2023-07-03,1569.43,1379.61,909.67,OPINET official CSV history
2023-07-04,1569.16,1379.09,907.22,OPINET official CSV history
2023-07-05,1569.0,1378.91,906.51,OPINET official CSV history
2023-07-06,1568.88,1378.61,906.22,OPINET official CSV history
2023-07-07,1569.23,1379.07,905.39,OPINET official CSV history
2023-07-08,1569.71,1379.47,904.82,OPINET official CSV history
2023-07-09,1570.0,1379.53,904.58,OPINET official CSV history
2023-07-10,1571.07,1380.74,904.98,OPINET official CSV history
2023-07-11,1572.03,1381.71,904.69,OPINET official CSV history
2023-07-12,1573.08,1383.34,904.75,OPINET official CSV history
2023-07-13,1574.55,1384.8,904.34,OPINET official CSV history
2023-07-14,1576.89,1387.2,904.18,OPINET official CSV history
2023-07-15,1578.77,1389.39,904.11,OPINET official CSV history
2023-07-16,1579.82,1390.35,903.94,OPINET official CSV history
2023-07-17,1581.74,1392.71,904.35,OPINET official CSV history
2023-07-18,1583.72,1394.77,903.92,OPINET official CSV history
2023-07-19,1585.45,1396.95,903.98,OPINET official CSV history
2023-07-20,1587.55,1399.58,903.68,OPINET official CSV history
2023-07-21,1589.76,1402.1,904.0,OPINET official CSV history
2023-07-22,1591.77,1403.99,903.58,OPINET official CSV history
2023-07-23,1592.85,1404.85,903.28,OPINET official CSV history
2023-07-24,1595.36,1407.77,903.43,OPINET official CSV history
2023-07-25,1598.62,1411.16,903.81,OPINET official CSV history
2023-07-26,1602.74,1415.32,903.74,OPINET official CSV history
2023-07-27,1607.11,1419.93,903.74,OPINET official CSV history
2023-07-28,1612.76,1425.59,903.61,OPINET official CSV history
2023-07-29,1619.33,1431.45,903.64,OPINET official CSV history
2023-07-30,1622.78,1434.38,903.27,OPINET official CSV history
2023-07-31,1627.38,1439.18,903.7,OPINET official CSV history
2023-08-01,1638.23,1450.36,877.85,OPINET official CSV history
2023-08-02,1647.72,1460.58,873.85,OPINET official CSV history
2023-08-03,1658.01,1472.5,872.75,OPINET official CSV history
2023-08-04,1667.53,1484.58,872.19,OPINET official CSV history
2023-08-05,1676.64,1496.74,871.6,OPINET official CSV history
2023-08-06,1681.14,1502.55,871.26,OPINET official CSV history
2023-08-07,1687.86,1512.45,871.36,OPINET official CSV history
2023-08-08,1696.23,1527.48,870.86,OPINET official CSV history
2023-08-09,1702.56,1539.41,870.42,OPINET official CSV history
2023-08-10,1707.13,1548.16,869.96,OPINET official CSV history
2023-08-11,1712.63,1559.17,870.34,OPINET official CSV history
2023-08-12,1717.67,1568.97,869.77,OPINET official CSV history
2023-08-13,1720.21,1573.66,869.66,OPINET official CSV history
2023-08-14,1724.31,1581.61,870.0,OPINET official CSV history
2023-08-15,1728.56,1589.29,869.64,OPINET official CSV history
2023-08-16,1731.34,1595.5,869.71,OPINET official CSV history
2023-08-17,1734.19,1601.41,869.76,OPINET official CSV history
2023-08-18,1736.09,1606.03,869.39,OPINET official CSV history
2023-08-19,1737.56,1609.58,869.47,OPINET official CSV history
2023-08-20,1738.29,1611.37,869.13,OPINET official CSV history
2023-08-21,1739.72,1614.83,869.27,OPINET official CSV history
2023-08-22,1741.16,1618.29,869.37,OPINET official CSV history
2023-08-23,1742.16,1621.28,869.16,OPINET official CSV history
2023-08-24,1742.59,1622.94,869.17,OPINET official CSV history
2023-08-25,1742.95,1624.63,869.54,OPINET official CSV history
2023-08-26,1743.29,1625.98,869.37,OPINET official CSV history
2023-08-27,1743.57,1626.59,869.01,OPINET official CSV history
2023-08-28,1744.19,1628.23,869.42,OPINET official CSV history
2023-08-29,1745.23,1630.41,869.33,OPINET official CSV history
2023-08-30,1745.65,1631.95,869.54,OPINET official CSV history
2023-08-31,1746.07,1632.95,869.42,OPINET official CSV history
2023-09-01,1747.13,1635.25,894.1,OPINET official CSV history
2023-09-02,1747.7,1636.43,895.21,OPINET official CSV history
2023-09-03,1748.15,1637.07,894.9,OPINET official CSV history
2023-09-04,1748.95,1638.62,895.25,OPINET official CSV history
2023-09-05,1749.9,1640.25,895.63,OPINET official CSV history
2023-09-06,1750.77,1642.31,895.57,OPINET official CSV history
2023-09-07,1752.15,1644.66,895.42,OPINET official CSV history
2023-09-08,1753.64,1646.94,895.52,OPINET official CSV history
2023-09-09,1755.1,1648.81,895.52,OPINET official CSV history
2023-09-10,1756.02,1649.9,895.47,OPINET official CSV history
2023-09-11,1757.58,1652.38,895.47,OPINET official CSV history
2023-09-12,1759.4,1655.12,895.49,OPINET official CSV history
2023-09-13,1761.41,1658.12,895.36,OPINET official CSV history
2023-09-14,1763.46,1660.96,895.42,OPINET official CSV history
2023-09-15,1766.4,1664.78,895.45,OPINET official CSV history
2023-09-16,1769.09,1668.01,895.31,OPINET official CSV history
2023-09-17,1770.28,1669.35,895.36,OPINET official CSV history
2023-09-18,1772.99,1672.87,895.43,OPINET official CSV history
2023-09-19,1776.84,1677.59,895.47,OPINET official CSV history
2023-09-20,1779.75,1680.89,895.3,OPINET official CSV history
2023-09-21,1781.68,1683.28,895.66,OPINET official CSV history
2023-09-22,1783.61,1685.66,895.55,OPINET official CSV history
2023-09-23,1785.21,1687.48,895.52,OPINET official CSV history
2023-09-24,1786.26,1688.56,895.48,OPINET official CSV history
2023-09-25,1788.05,1690.88,895.66,OPINET official CSV history
2023-09-26,1789.63,1692.69,895.86,OPINET official CSV history
2023-09-27,1791.29,1694.8,895.96,OPINET official CSV history
2023-09-28,1793.26,1696.81,896.06,OPINET official CSV history
2023-09-29,1794.41,1697.71,896.0,OPINET official CSV history
2023-09-30,1794.66,1698.02,895.99,OPINET official CSV history
2023-10-01,1795.22,1698.67,934.05,OPINET official CSV history
2023-10-02,1796.17,1699.64,937.82,OPINET official CSV history
2023-10-03,1796.25,1699.92,938.81,OPINET official CSV history
2023-10-04,1796.38,1701.16,940.23,OPINET official CSV history
2023-10-05,1795.91,1701.32,940.64,OPINET official CSV history
2023-10-06,1793.82,1700.21,940.74,OPINET official CSV history
2023-10-07,1791.71,1698.57,940.43,OPINET official CSV history
2023-10-08,1790.73,1697.65,940.49,OPINET official CSV history
2023-10-09,1790.08,1697.4,940.38,OPINET official CSV history
2023-10-10,1789.18,1696.84,940.41,OPINET official CSV history
2023-10-11,1786.89,1695.51,940.56,OPINET official CSV history
2023-10-12,1784.72,1694.19,940.77,OPINET official CSV history
2023-10-13,1781.79,1692.61,940.76,OPINET official CSV history
2023-10-14,1779.47,1691.18,940.66,OPINET official CSV history
2023-10-15,1778.68,1690.63,940.65,OPINET official CSV history
2023-10-16,1777.56,1690.58,940.73,OPINET official CSV history
2023-10-17,1775.06,1689.39,940.69,OPINET official CSV history
2023-10-18,1772.84,1688.47,940.65,OPINET official CSV history
2023-10-19,1771.04,1687.55,940.67,OPINET official CSV history
2023-10-20,1769.39,1686.94,940.75,OPINET official CSV history
2023-10-21,1767.74,1686.19,940.59,OPINET official CSV history
2023-10-22,1767.17,1685.83,940.62,OPINET official CSV history
2023-10-23,1766.3,1685.87,940.49,OPINET official CSV history
2023-10-24,1764.26,1684.84,940.6,OPINET official CSV history
2023-10-25,1761.55,1683.72,940.64,OPINET official CSV history
2023-10-26,1758.33,1682.13,940.74,OPINET official CSV history
2023-10-27,1754.98,1680.56,940.62,OPINET official CSV history
2023-10-28,1752.31,1679.05,940.68,OPINET official CSV history
2023-10-29,1751.43,1678.57,940.7,OPINET official CSV history
2023-10-30,1749.83,1678.22,940.66,OPINET official CSV history
2023-10-31,1747.06,1676.81,940.65,OPINET official CSV history
2023-11-01,1742.31,1674.06,967.93,OPINET official CSV history
2023-11-02,1738.21,1671.9,969.49,OPINET official CSV history
2023-11-03,1733.97,1669.63,970.13,OPINET official CSV history
2023-11-04,1730.38,1667.34,970.57,OPINET official CSV history
2023-11-05,1728.69,1666.35,970.73,OPINET official CSV history
2023-11-06,1725.83,1665.02,970.81,OPINET official CSV history
2023-11-07,1721.01,1662.3,970.86,OPINET official CSV history
2023-11-08,1715.73,1659.13,970.94,OPINET official CSV history
2023-11-09,1709.48,1654.42,970.85,OPINET official CSV history
2023-11-10,1703.13,1649.54,970.74,OPINET official CSV history
2023-11-11,1697.77,1644.71,970.88,OPINET official CSV history
2023-11-12,1695.93,1642.9,970.96,OPINET official CSV history
2023-11-13,1691.87,1639.77,971.04,OPINET official CSV history
2023-11-14,1685.73,1634.11,971.04,OPINET official CSV history
2023-11-15,1680.63,1629.52,970.94,OPINET official CSV history
2023-11-16,1676.26,1625.31,970.97,OPINET official CSV history
2023-11-17,1672.3,1620.97,971.06,OPINET official CSV history
2023-11-18,1668.84,1617.47,971.14,OPINET official CSV history
2023-11-19,1667.51,1615.8,971.01,OPINET official CSV history
2023-11-20,1664.78,1613.14,971.16,OPINET official CSV history
2023-11-21,1659.12,1606.5,971.06,OPINET official CSV history
2023-11-22,1656.54,1604.08,971.18,OPINET official CSV history
2023-11-23,1652.96,1599.59,971.26,OPINET official CSV history
2023-11-24,1649.56,1595.82,971.4,OPINET official CSV history
2023-11-25,1647.05,1592.69,971.16,OPINET official CSV history
2023-11-26,1645.97,1590.93,971.15,OPINET official CSV history
2023-11-27,1643.95,1588.73,971.2,OPINET official CSV history
2023-11-28,1641.03,1584.98,971.31,OPINET official CSV history
2023-11-29,1638.49,1581.53,971.27,OPINET official CSV history
2023-11-30,1636.75,1578.74,971.24,OPINET official CSV history
2023-12-01,1634.18,1575.3,971.19,OPINET official CSV history
2023-12-02,1632.42,1572.74,971.11,OPINET official CSV history
2023-12-03,1631.71,1571.37,971.08,OPINET official CSV history
2023-12-04,1629.96,1568.98,971.45,OPINET official CSV history
2023-12-05,1626.7,1564.05,971.26,OPINET official CSV history
2023-12-06,1623.79,1559.64,971.23,OPINET official CSV history
2023-12-07,1620.78,1554.89,970.9,OPINET official CSV history
2023-12-08,1617.44,1550.0,970.9,OPINET official CSV history
2023-12-09,1614.5,1545.93,970.8,OPINET official CSV history
2023-12-10,1613.41,1544.09,970.7,OPINET official CSV history
2023-12-11,1611.22,1540.52,970.66,OPINET official CSV history
2023-12-12,1606.83,1534.59,970.71,OPINET official CSV history
2023-12-13,1602.56,1529.15,970.61,OPINET official CSV history
2023-12-14,1599.08,1524.42,970.56,OPINET official CSV history
2023-12-15,1595.98,1520.04,970.66,OPINET official CSV history
2023-12-16,1593.35,1516.46,970.64,OPINET official CSV history
2023-12-17,1592.5,1515.14,970.59,OPINET official CSV history
2023-12-18,1590.61,1512.61,970.6,OPINET official CSV history
2023-12-19,1587.97,1508.88,970.77,OPINET official CSV history
2023-12-20,1586.3,1506.42,970.6,OPINET official CSV history
2023-12-21,1585.23,1504.71,970.69,OPINET official CSV history
2023-12-22,1584.81,1503.91,970.62,OPINET official CSV history
2023-12-23,1584.02,1502.55,970.66,OPINET official CSV history
2023-12-24,1583.69,1501.79,970.71,OPINET official CSV history
2023-12-25,1583.53,1501.33,970.73,OPINET official CSV history
2023-12-26,1582.63,1500.25,970.91,OPINET official CSV history
2023-12-27,1581.89,1499.03,970.95,OPINET official CSV history
2023-12-28,1581.22,1498.23,970.99,OPINET official CSV history
2023-12-29,1580.53,1497.25,970.74,OPINET official CSV history
2023-12-30,1579.61,1495.66,970.65,OPINET official CSV history
2023-12-31,1579.31,1495.21,970.77,OPINET official CSV history
2024-01-01,1578.54,1493.91,970.83,OPINET official CSV history
2024-01-02,1577.46,1492.73,970.83,OPINET official CSV history
2024-01-03,1575.89,1490.43,970.7,OPINET official CSV history
2024-01-04,1574.52,1488.53,970.83,OPINET official CSV history
2024-01-05,1573.43,1487.12,970.68,OPINET official CSV history
2024-01-06,1572.33,1485.6,970.73,OPINET official CSV history
2024-01-07,1572.02,1484.93,970.67,OPINET official CSV history
2024-01-08,1571.71,1484.69,970.66,OPINET official CSV history
2024-01-09,1570.46,1482.92,970.69,OPINET official CSV history
2024-01-10,1569.02,1481.13,970.68,OPINET official CSV history
2024-01-11,1567.64,1479.42,970.67,OPINET official CSV history
2024-01-12,1566.47,1477.97,970.55,OPINET official CSV history
2024-01-13,1565.39,1476.52,970.62,OPINET official CSV history
2024-01-14,1565.13,1475.79,970.57,OPINET official CSV history
2024-01-15,1564.94,1475.69,970.63,OPINET official CSV history
2024-01-16,1564.38,1474.92,970.54,OPINET official CSV history
2024-01-17,1563.41,1473.81,970.52,OPINET official CSV history
2024-01-18,1563.03,1473.13,970.5,OPINET official CSV history
2024-01-19,1562.66,1472.88,970.54,OPINET official CSV history
2024-01-20,1562.4,1472.23,970.44,OPINET official CSV history
2024-01-21,1562.41,1471.83,970.36,OPINET official CSV history
2024-01-22,1562.78,1472.33,970.44,OPINET official CSV history
2024-01-23,1563.3,1472.73,970.38,OPINET official CSV history
2024-01-24,1564.19,1473.44,970.32,OPINET official CSV history
2024-01-25,1565.87,1474.84,970.32,OPINET official CSV history
2024-01-26,1567.91,1476.59,970.36,OPINET official CSV history
2024-01-27,1570.95,1479.0,970.31,OPINET official CSV history
2024-01-28,1572.19,1479.93,970.34,OPINET official CSV history
2024-01-29,1575.09,1482.78,970.4,OPINET official CSV history
2024-01-30,1578.88,1485.69,970.34,OPINET official CSV history
2024-01-31,1582.27,1488.71,970.38,OPINET official CSV history
2024-02-01,1586.46,1492.46,970.67,OPINET official CSV history
2024-02-02,1589.01,1494.65,970.54,OPINET official CSV history
2024-02-03,1591.03,1496.17,970.47,OPINET official CSV history
2024-02-04,1592.01,1496.8,970.43,OPINET official CSV history
2024-02-05,1594.1,1498.8,970.51,OPINET official CSV history
2024-02-06,1596.46,1501.49,970.12,OPINET official CSV history
2024-02-07,1598.37,1503.02,970.38,OPINET official CSV history
2024-02-08,1600.73,1504.95,970.7,OPINET official CSV history
2024-02-09,1603.53,1507.24,970.65,OPINET official CSV history
2024-02-10,1604.84,1508.21,970.7,OPINET official CSV history
2024-02-11,1605.81,1508.97,970.53,OPINET official CSV history
2024-02-12,1606.65,1509.79,970.67,OPINET official CSV history
2024-02-13,1608.44,1511.7,970.49,OPINET official CSV history
2024-02-14,1611.7,1514.78,970.66,OPINET official CSV history
2024-02-15,1614.9,1517.99,970.56,OPINET official CSV history
2024-02-16,1618.0,1521.15,970.77,OPINET official CSV history
2024-02-17,1620.92,1523.81,970.58,OPINET official CSV history
2024-02-18,1622.32,1524.81,970.56,OPINET official CSV history
2024-02-19,1625.02,1527.8,970.66,OPINET official CSV history
2024-02-20,1627.74,1530.36,970.48,OPINET official CSV history
2024-02-21,1629.43,1531.75,970.58,OPINET official CSV history
2024-02-22,1630.89,1533.0,970.53,OPINET official CSV history
2024-02-23,1632.41,1534.43,970.58,OPINET official CSV history
2024-02-24,1633.29,1535.15,970.45,OPINET official CSV history
2024-02-25,1633.74,1535.47,970.41,OPINET official CSV history
2024-02-26,1634.84,1536.69,970.49,OPINET official CSV history
2024-02-27,1635.57,1537.39,970.44,OPINET official CSV history
2024-02-28,1636.15,1537.92,970.47,OPINET official CSV history
2024-02-29,1636.72,1538.27,970.53,OPINET official CSV history
2024-03-01,1637.44,1538.71,970.39,OPINET official CSV history
2024-03-02,1637.74,1538.85,970.51,OPINET official CSV history
2024-03-03,1638.1,1539.03,970.62,OPINET official CSV history
2024-03-04,1638.95,1540.04,970.47,OPINET official CSV history
2024-03-05,1639.39,1540.41,970.39,OPINET official CSV history
2024-03-06,1639.52,1540.52,970.37,OPINET official CSV history
2024-03-07,1639.47,1540.55,970.34,OPINET official CSV history
2024-03-08,1639.52,1540.4,970.29,OPINET official CSV history
2024-03-09,1639.18,1540.0,970.3,OPINET official CSV history
2024-03-10,1639.26,1539.86,970.25,OPINET official CSV history
2024-03-11,1639.59,1540.23,970.29,OPINET official CSV history
2024-03-12,1639.44,1539.94,970.09,OPINET official CSV history
2024-03-13,1638.99,1539.49,970.23,OPINET official CSV history
2024-03-14,1638.5,1539.1,970.22,OPINET official CSV history
2024-03-15,1638.33,1538.84,970.01,OPINET official CSV history
2024-03-16,1637.92,1538.4,969.99,OPINET official CSV history
2024-03-17,1637.88,1538.09,970.03,OPINET official CSV history
2024-03-18,1638.22,1538.6,970.02,OPINET official CSV history
2024-03-19,1637.78,1537.93,969.91,OPINET official CSV history
2024-03-20,1638.05,1538.1,969.96,OPINET official CSV history
2024-03-21,1638.31,1538.15,970.04,OPINET official CSV history
2024-03-22,1638.66,1538.3,970.01,OPINET official CSV history
2024-03-23,1638.43,1537.77,969.91,OPINET official CSV history
2024-03-24,1638.46,1537.6,969.92,OPINET official CSV history
2024-03-25,1638.97,1538.26,970.0,OPINET official CSV history
2024-03-26,1639.57,1538.26,969.96,OPINET official CSV history
2024-03-27,1640.07,1538.43,970.2,OPINET official CSV history
2024-03-28,1640.44,1538.28,970.14,OPINET official CSV history
2024-03-29,1641.08,1538.45,969.94,OPINET official CSV history
2024-03-30,1642.15,1538.7,969.9,OPINET official CSV history
2024-03-31,1642.77,1538.86,969.94,OPINET official CSV history
2024-04-01,1644.42,1539.66,970.09,OPINET official CSV history
2024-04-02,1645.97,1540.12,969.98,OPINET official CSV history
2024-04-03,1648.7,1540.52,970.1,OPINET official CSV history
2024-04-04,1652.94,1541.82,970.11,OPINET official CSV history
2024-04-05,1658.16,1543.91,970.2,OPINET official CSV history
2024-04-06,1662.55,1545.69,970.28,OPINET official CSV history
2024-04-07,1665.23,1546.75,970.33,OPINET official CSV history
2024-04-08,1669.72,1549.48,970.23,OPINET official CSV history
2024-04-09,1674.74,1552.18,970.06,OPINET official CSV history
2024-04-10,1677.48,1553.7,970.12,OPINET official CSV history
2024-04-11,1679.08,1554.39,970.04,OPINET official CSV history
2024-04-12,1682.28,1556.11,970.07,OPINET official CSV history
2024-04-13,1685.38,1557.37,970.09,OPINET official CSV history
2024-04-14,1687.39,1558.27,970.14,OPINET official CSV history
2024-04-15,1691.52,1560.77,970.12,OPINET official CSV history
2024-04-16,1695.55,1562.85,969.98,OPINET official CSV history
2024-04-17,1699.1,1564.39,970.08,OPINET official CSV history
2024-04-18,1701.69,1565.48,969.97,OPINET official CSV history
2024-04-19,1704.14,1566.31,969.96,OPINET official CSV history
2024-04-20,1705.67,1566.46,969.96,OPINET official CSV history
2024-04-21,1706.47,1566.61,970.0,OPINET official CSV history
2024-04-22,1707.25,1566.71,970.01,OPINET official CSV history
2024-04-23,1708.08,1566.58,969.88,OPINET official CSV history
2024-04-24,1709.56,1566.85,970.11,OPINET official CSV history
2024-04-25,1710.47,1566.9,969.88,OPINET official CSV history
2024-04-26,1711.28,1566.87,969.87,OPINET official CSV history
2024-04-27,1711.59,1566.52,970.07,OPINET official CSV history
2024-04-28,1711.94,1566.42,970.01,OPINET official CSV history
2024-04-29,1712.73,1566.79,970.2,OPINET official CSV history
2024-04-30,1712.97,1566.61,969.99,OPINET official CSV history
2024-05-01,1713.47,1565.91,970.04,OPINET official CSV history
2024-05-02,1713.56,1565.53,969.92,OPINET official CSV history
2024-05-03,1713.39,1564.75,970.26,OPINET official CSV history
2024-05-04,1712.67,1563.41,970.31,OPINET official CSV history
2024-05-05,1712.64,1562.77,970.44,OPINET official CSV history
2024-05-06,1712.71,1562.47,970.49,OPINET official CSV history
2024-05-07,1712.2,1561.64,970.34,OPINET official CSV history
2024-05-08,1711.12,1559.69,969.89,OPINET official CSV history
2024-05-09,1709.94,1557.31,969.91,OPINET official CSV history
2024-05-10,1708.38,1555.02,969.9,OPINET official CSV history
2024-05-11,1706.8,1552.59,969.88,OPINET official CSV history
2024-05-12,1706.13,1551.45,969.86,OPINET official CSV history
2024-05-13,1704.93,1549.4,969.94,OPINET official CSV history
2024-05-14,1702.6,1546.05,969.79,OPINET official CSV history
2024-05-15,1701.02,1543.62,969.83,OPINET official CSV history
2024-05-16,1699.61,1541.71,969.81,OPINET official CSV history
2024-05-17,1697.68,1539.03,969.74,OPINET official CSV history
2024-05-18,1695.33,1535.89,969.86,OPINET official CSV history
2024-05-19,1694.71,1534.76,969.84,OPINET official CSV history
2024-05-20,1693.51,1532.88,969.97,OPINET official CSV history
2024-05-21,1691.17,1529.5,969.64,OPINET official CSV history
2024-05-22,1688.97,1526.39,969.86,OPINET official CSV history
2024-05-23,1686.59,1523.07,969.8,OPINET official CSV history
2024-05-24,1684.41,1520.09,969.79,OPINET official CSV history
2024-05-25,1682.55,1517.61,969.86,OPINET official CSV history
2024-05-26,1681.77,1516.36,969.85,OPINET official CSV history
2024-05-27,1680.48,1514.7,969.94,OPINET official CSV history
2024-05-28,1678.28,1511.65,969.79,OPINET official CSV history
2024-05-29,1676.54,1509.36,969.96,OPINET official CSV history
2024-05-30,1675.12,1507.42,969.93,OPINET official CSV history
2024-05-31,1673.58,1505.54,969.94,OPINET official CSV history
2024-06-01,1671.21,1502.62,969.97,OPINET official CSV history
2024-06-02,1670.58,1501.7,969.9,OPINET official CSV history
2024-06-03,1669.55,1500.45,969.79,OPINET official CSV history
2024-06-04,1667.38,1497.91,969.17,OPINET official CSV history
2024-06-05,1664.71,1495.01,969.53,OPINET official CSV history
2024-06-06,1662.43,1492.49,969.43,OPINET official CSV history
2024-06-07,1660.88,1490.85,969.47,OPINET official CSV history
2024-06-08,1658.98,1488.7,969.43,OPINET official CSV history
2024-06-09,1658.24,1487.65,969.49,OPINET official CSV history
2024-06-10,1657.02,1486.14,969.67,OPINET official CSV history
2024-06-11,1654.69,1483.48,969.46,OPINET official CSV history
2024-06-12,1652.63,1481.37,969.6,OPINET official CSV history
2024-06-13,1651.2,1480.16,969.58,OPINET official CSV history
2024-06-14,1649.93,1479.12,969.6,OPINET official CSV history
2024-06-15,1649.44,1478.58,969.63,OPINET official CSV history
2024-06-16,1649.11,1478.02,969.46,OPINET official CSV history
2024-06-17,1648.75,1477.93,969.5,OPINET official CSV history
2024-06-18,1648.3,1477.68,969.38,OPINET official CSV history
2024-06-19,1648.55,1478.0,969.55,OPINET official CSV history
2024-06-20,1648.89,1478.52,969.49,OPINET official CSV history
2024-06-21,1649.48,1479.38,969.56,OPINET official CSV history
2024-06-22,1650.95,1480.94,969.5,OPINET official CSV history
2024-06-23,1651.44,1481.58,969.56,OPINET official CSV history
2024-06-24,1653.06,1483.55,969.48,OPINET official CSV history
2024-06-25,1654.9,1486.02,969.36,OPINET official CSV history
2024-06-26,1657.26,1488.69,969.42,OPINET official CSV history
2024-06-27,1660.17,1491.92,969.32,OPINET official CSV history
2024-06-28,1663.14,1495.18,969.43,OPINET official CSV history
2024-06-29,1667.38,1499.6,969.57,OPINET official CSV history
2024-06-30,1670.76,1502.88,969.6,OPINET official CSV history
2024-07-01,1679.05,1511.73,994.27,OPINET official CSV history
2024-07-02,1683.42,1516.22,982.71,OPINET official CSV history
2024-07-03,1686.19,1519.53,982.06,OPINET official CSV history
2024-07-04,1691.72,1524.84,982.51,OPINET official CSV history
2024-07-05,1695.76,1528.95,982.42,OPINET official CSV history
2024-07-06,1699.45,1532.71,982.54,OPINET official CSV history
2024-07-07,1701.08,1534.33,982.46,OPINET official CSV history
2024-07-08,1704.71,1538.36,982.33,OPINET official CSV history
2024-07-09,1707.74,1541.87,981.93,OPINET official CSV history
2024-07-10,1709.16,1543.44,982.3,OPINET official CSV history
2024-07-11,1710.1,1544.73,982.31,OPINET official CSV history
2024-07-12,1710.92,1546.05,982.28,OPINET official CSV history
2024-07-13,1711.48,1546.79,982.19,OPINET official CSV history
2024-07-14,1711.93,1547.09,982.21,OPINET official CSV history
2024-07-15,1713.04,1548.59,982.07,OPINET official CSV history
2024-07-16,1713.32,1548.83,982.05,OPINET official CSV history
2024-07-17,1713.46,1549.23,982.15,OPINET official CSV history
2024-07-18,1713.56,1549.44,982.03,OPINET official CSV history
2024-07-19,1713.91,1550.02,982.17,OPINET official CSV history
2024-07-20,1713.64,1549.81,981.76,OPINET official CSV history
2024-07-21,1713.63,1549.77,981.83,OPINET official CSV history
2024-07-22,1714.01,1550.54,982.24,OPINET official CSV history
2024-07-23,1713.9,1550.59,981.82,OPINET official CSV history
2024-07-24,1713.33,1550.22,982.11,OPINET official CSV history
2024-07-25,1712.92,1549.97,982.16,OPINET official CSV history
2024-07-26,1712.45,1549.59,982.32,OPINET official CSV history
2024-07-27,1711.89,1548.94,982.17,OPINET official CSV history
2024-07-28,1711.75,1548.81,982.1,OPINET official CSV history
2024-07-29,1711.52,1549.11,982.29,OPINET official CSV history
2024-07-30,1711.32,1548.59,982.01,OPINET official CSV history
2024-07-31,1710.71,1547.88,982.18,OPINET official CSV history
2024-08-01,1709.9,1547.06,1012.83,OPINET official CSV history
2024-08-02,1709.8,1546.96,1015.07,OPINET official CSV history
2024-08-03,1708.9,1546.08,1016.03,OPINET official CSV history
2024-08-04,1708.66,1545.77,1016.18,OPINET official CSV history
2024-08-05,1708.43,1545.59,1016.24,OPINET official CSV history
2024-08-06,1707.01,1544.3,1015.18,OPINET official CSV history
2024-08-07,1705.17,1542.62,1016.42,OPINET official CSV history
2024-08-08,1703.51,1541.15,1016.52,OPINET official CSV history
2024-08-09,1702.03,1539.69,1016.62,OPINET official CSV history
2024-08-10,1700.22,1537.85,1016.7,OPINET official CSV history
2024-08-11,1699.52,1537.06,1016.69,OPINET official CSV history
2024-08-12,1698.17,1536.02,1016.68,OPINET official CSV history
2024-08-13,1696.48,1534.35,1016.65,OPINET official CSV history
2024-08-14,1695.28,1533.09,1016.84,OPINET official CSV history
2024-08-15,1694.46,1532.19,1016.69,OPINET official CSV history
2024-08-16,1693.88,1531.77,1016.76,OPINET official CSV history
2024-08-17,1692.92,1530.64,1016.74,OPINET official CSV history
2024-08-18,1692.56,1530.03,1016.69,OPINET official CSV history
2024-08-19,1691.89,1529.64,1016.71,OPINET official CSV history
2024-08-20,1689.69,1527.4,1016.62,OPINET official CSV history
2024-08-21,1687.0,1524.55,1015.66,OPINET official CSV history
2024-08-22,1683.62,1521.15,1016.71,OPINET official CSV history
2024-08-23,1680.07,1517.69,1016.61,OPINET official CSV history
2024-08-24,1677.52,1515.24,1016.68,OPINET official CSV history
2024-08-25,1676.6,1514.07,1016.72,OPINET official CSV history
2024-08-26,1674.86,1512.46,1016.7,OPINET official CSV history
2024-08-27,1672.19,1510.15,1016.55,OPINET official CSV history
2024-08-28,1670.5,1508.18,1016.69,OPINET official CSV history
2024-08-29,1668.4,1506.02,1016.6,OPINET official CSV history
2024-08-30,1666.35,1503.83,1016.62,OPINET official CSV history
2024-08-31,1664.38,1501.85,1016.64,OPINET official CSV history
2024-09-01,1663.28,1500.53,1016.98,OPINET official CSV history
2024-09-02,1661.54,1498.88,1017.12,OPINET official CSV history
2024-09-03,1659.18,1496.54,1017.17,OPINET official CSV history
2024-09-04,1656.06,1493.27,1017.3,OPINET official CSV history
2024-09-05,1652.29,1489.49,1017.13,OPINET official CSV history
2024-09-06,1648.95,1486.26,1017.09,OPINET official CSV history
2024-09-07,1645.75,1482.78,1016.5,OPINET official CSV history
2024-09-08,1644.44,1481.37,1016.53,OPINET official CSV history
2024-09-09,1641.48,1478.58,1017.25,OPINET official CSV history
2024-09-10,1636.82,1473.95,1017.05,OPINET official CSV history
2024-09-11,1631.27,1468.18,1017.17,OPINET official CSV history
2024-09-12,1626.47,1463.45,1017.17,OPINET official CSV history
2024-09-13,1622.46,1459.38,1017.25,OPINET official CSV history
2024-09-14,1618.98,1455.65,1017.27,OPINET official CSV history
2024-09-15,1617.72,1454.06,1017.3,OPINET official CSV history
2024-09-16,1616.39,1452.92,1017.23,OPINET official CSV history
2024-09-17,1615.3,1451.71,1017.21,OPINET official CSV history
2024-09-18,1614.27,1450.25,1017.22,OPINET official CSV history
2024-09-19,1611.76,1447.78,1017.17,OPINET official CSV history
2024-09-20,1608.25,1444.03,1017.22,OPINET official CSV history
2024-09-21,1606.02,1441.64,1016.69,OPINET official CSV history
2024-09-22,1604.98,1440.22,1016.74,OPINET official CSV history
2024-09-23,1602.88,1438.19,1017.19,OPINET official CSV history
2024-09-24,1600.13,1435.06,1017.1,OPINET official CSV history
2024-09-25,1597.91,1432.49,1017.23,OPINET official CSV history
2024-09-26,1595.91,1429.96,1017.29,OPINET official CSV history
2024-09-27,1593.9,1427.87,1017.28,OPINET official CSV history
2024-09-28,1591.38,1425.01,1017.3,OPINET official CSV history
2024-09-29,1590.6,1423.72,1017.22,OPINET official CSV history
2024-09-30,1589.6,1423.1,1017.3,OPINET official CSV history
2024-10-01,1587.24,1419.81,1017.64,OPINET official CSV history
2024-10-02,1585.87,1418.28,1017.75,OPINET official CSV history
2024-10-03,1584.75,1416.74,1017.5,OPINET official CSV history
2024-10-04,1584.19,1416.23,1017.56,OPINET official CSV history
2024-10-05,1583.9,1415.44,1017.57,OPINET official CSV history
2024-10-06,1583.75,1415.12,1017.48,OPINET official CSV history
2024-10-07,1584.15,1415.63,1017.49,OPINET official CSV history
2024-10-08,1585.44,1416.55,1017.2,OPINET official CSV history
2024-10-09,1586.52,1417.49,1016.27,OPINET official CSV history
2024-10-10,1587.36,1418.08,1017.21,OPINET official CSV history
2024-10-11,1588.27,1418.91,1017.1,OPINET official CSV history
2024-10-12,1588.8,1419.49,1017.15,OPINET official CSV history
2024-10-13,1589.69,1419.74,1017.18,OPINET official CSV history
2024-10-14,1591.36,1421.39,1017.05,OPINET official CSV history
2024-10-15,1592.27,1422.05,1016.81,OPINET official CSV history
2024-10-16,1592.29,1422.16,1016.78,OPINET official CSV history
2024-10-17,1592.35,1422.04,1016.77,OPINET official CSV history
2024-10-18,1592.28,1421.97,1016.73,OPINET official CSV history
2024-10-19,1591.96,1421.58,1016.85,OPINET official CSV history
2024-10-20,1592.0,1421.48,1015.64,OPINET official CSV history
2024-10-21,1592.82,1422.31,1016.74,OPINET official CSV history
2024-10-22,1592.9,1422.06,1016.62,OPINET official CSV history
2024-10-23,1593.43,1422.51,1016.77,OPINET official CSV history
2024-10-24,1594.15,1423.19,1016.67,OPINET official CSV history
2024-10-25,1595.75,1424.77,1016.61,OPINET official CSV history
2024-10-26,1597.45,1426.19,1016.66,OPINET official CSV history
2024-10-27,1598.18,1426.59,1016.61,OPINET official CSV history
2024-10-28,1599.57,1428.15,1016.68,OPINET official CSV history
2024-10-29,1600.38,1428.85,1016.42,OPINET official CSV history
2024-10-30,1601.02,1429.67,1016.67,OPINET official CSV history
2024-10-31,1601.58,1430.27,1016.74,OPINET official CSV history
2024-11-01,1605.74,1434.33,1028.83,OPINET official CSV history
2024-11-02,1607.55,1436.05,1029.37,OPINET official CSV history
2024-11-03,1608.57,1436.75,1029.48,OPINET official CSV history
2024-11-04,1610.41,1438.87,1029.69,OPINET official CSV history
2024-11-05,1612.75,1441.11,1029.76,OPINET official CSV history
2024-11-06,1615.96,1444.48,1030.08,OPINET official CSV history
2024-11-07,1618.77,1447.57,1030.05,OPINET official CSV history
2024-11-08,1621.59,1450.91,1029.8,OPINET official CSV history
2024-11-09,1624.42,1454.17,1029.93,OPINET official CSV history
2024-11-10,1625.43,1455.0,1028.85,OPINET official CSV history
2024-11-11,1627.94,1457.93,1030.08,OPINET official CSV history
2024-11-12,1629.52,1459.68,1030.09,OPINET official CSV history
2024-11-13,1630.95,1461.83,1030.17,OPINET official CSV history
2024-11-14,1631.71,1463.17,1029.99,OPINET official CSV history
2024-11-15,1632.4,1464.58,1030.0,OPINET official CSV history
2024-11-16,1632.44,1464.99,1030.11,OPINET official CSV history
2024-11-17,1632.54,1465.01,1028.97,OPINET official CSV history
2024-11-18,1633.54,1466.88,1030.12,OPINET official CSV history
2024-11-19,1633.97,1467.64,1029.93,OPINET official CSV history
2024-11-20,1634.5,1468.78,1030.1,OPINET official CSV history
2024-11-21,1635.03,1470.07,1030.1,OPINET official CSV history
2024-11-22,1635.78,1471.51,1030.03,OPINET official CSV history
2024-11-23,1636.06,1472.42,1030.07,OPINET official CSV history
2024-11-24,1636.51,1472.8,1030.11,OPINET official CSV history
2024-11-25,1637.7,1474.66,1030.13,OPINET official CSV history
2024-11-26,1638.57,1476.03,1030.01,OPINET official CSV history
2024-11-27,1639.05,1477.29,1030.07,OPINET official CSV history
2024-11-28,1639.5,1478.28,1030.04,OPINET official CSV history
2024-11-29,1640.0,1479.13,1030.07,OPINET official CSV history
2024-11-30,1640.07,1479.48,1030.12,OPINET official CSV history
2024-12-01,1640.39,1479.82,1053.64,OPINET official CSV history
2024-12-02,1641.41,1481.47,1056.32,OPINET official CSV history
2024-12-03,1641.84,1482.06,1057.48,OPINET official CSV history
2024-12-04,1642.55,1483.46,1057.82,OPINET official CSV history
2024-12-05,1643.23,1484.7,1058.13,OPINET official CSV history
2024-12-06,1644.11,1486.16,1058.24,OPINET official CSV history
2024-12-07,1644.43,1486.59,1057.24,OPINET official CSV history
2024-12-08,1644.51,1486.77,1058.31,OPINET official CSV history
2024-12-09,1645.36,1488.08,1058.44,OPINET official CSV history
2024-12-10,1646.21,1489.16,1058.54,OPINET official CSV history
2024-12-11,1646.87,1490.24,1058.71,OPINET official CSV history
2024-12-12,1647.92,1491.56,1058.71,OPINET official CSV history
2024-12-13,1648.96,1492.81,1058.67,OPINET official CSV history
2024-12-14,1649.5,1493.59,1058.71,OPINET official CSV history
2024-12-15,1650.18,1494.04,1058.74,OPINET official CSV history
2024-12-16,1651.81,1496.06,1058.76,OPINET official CSV history
2024-12-17,1653.23,1497.6,1058.74,OPINET official CSV history
2024-12-18,1654.68,1499.25,1058.81,OPINET official CSV history
2024-12-19,1656.12,1500.66,1058.83,OPINET official CSV history
2024-12-20,1657.79,1502.57,1058.77,OPINET official CSV history
2024-12-21,1658.73,1503.33,1058.85,OPINET official CSV history
2024-12-22,1659.43,1503.94,1057.79,OPINET official CSV history
2024-12-23,1660.93,1505.93,1059.01,OPINET official CSV history
2024-12-24,1662.5,1507.48,1058.75,OPINET official CSV history
2024-12-25,1663.56,1508.73,1058.86,OPINET official CSV history
2024-12-26,1664.74,1510.1,1058.75,OPINET official CSV history
2024-12-27,1666.46,1511.86,1058.96,OPINET official CSV history
2024-12-28,1667.32,1512.54,1059.0,OPINET official CSV history
2024-12-29,1667.92,1513.19,1058.99,OPINET official CSV history
2024-12-30,1669.37,1514.67,1058.97,OPINET official CSV history
2024-12-31,1670.65,1516.02,1058.89,OPINET official CSV history
2025-01-01,1672.68,1517.73,1058.76,OPINET official CSV history
2025-01-02,1674.44,1519.77,1058.61,OPINET official CSV history
2025-01-03,1676.64,1522.32,1058.67,OPINET official CSV history
2025-01-04,1679.07,1525.02,1058.78,OPINET official CSV history
2025-01-05,1680.56,1526.36,1058.81,OPINET official CSV history
2025-01-06,1683.43,1529.71,1059.07,OPINET official CSV history
2025-01-07,1686.97,1533.66,1058.88,OPINET official CSV history
2025-01-08,1689.66,1537.02,1059.01,OPINET official CSV history
2025-01-09,1692.8,1540.59,1059.07,OPINET official CSV history
2025-01-10,1695.07,1543.41,1059.05,OPINET official CSV history
2025-01-11,1697.11,1546.23,1058.09,OPINET official CSV history
2025-01-12,1698.93,1547.82,1059.13,OPINET official CSV history
2025-01-13,1702.29,1551.83,1059.17,OPINET official CSV history
2025-01-14,1705.76,1556.39,1058.87,OPINET official CSV history
2025-01-15,1709.76,1561.72,1058.93,OPINET official CSV history
2025-01-16,1713.63,1566.93,1058.82,OPINET official CSV history
2025-01-17,1717.37,1572.31,1058.73,OPINET official CSV history
2025-01-18,1720.01,1575.94,1058.79,OPINET official CSV history
2025-01-19,1721.33,1577.78,1058.74,OPINET official CSV history
2025-01-20,1724.1,1581.79,1058.66,OPINET official CSV history
2025-01-21,1726.61,1585.78,1058.65,OPINET official CSV history
2025-01-22,1728.88,1589.54,1058.73,OPINET official CSV history
2025-01-23,1730.09,1591.84,1058.9,OPINET official CSV history
2025-01-24,1731.15,1593.77,1059.21,OPINET official CSV history
2025-01-25,1731.96,1595.1,1059.46,OPINET official CSV history
2025-01-26,1732.12,1595.55,1058.39,OPINET official CSV history
2025-01-27,1733.26,1596.79,1059.44,OPINET official CSV history
2025-01-28,1733.48,1597.01,1059.45,OPINET official CSV history
2025-01-29,1733.36,1597.04,1059.57,OPINET official CSV history
2025-01-30,1733.32,1597.01,1059.57,OPINET official CSV history
2025-01-31,1733.41,1597.53,1059.5,OPINET official CSV history
2025-02-01,1733.2,1597.51,1072.76,OPINET official CSV history
2025-02-02,1733.05,1597.33,1073.1,OPINET official CSV history
2025-02-03,1733.33,1597.71,1073.6,OPINET official CSV history
2025-02-04,1733.2,1597.84,1073.53,OPINET official CSV history
2025-02-05,1732.99,1597.81,1073.73,OPINET official CSV history
2025-02-06,1732.74,1597.94,1073.83,OPINET official CSV history
2025-02-07,1732.48,1597.82,1073.94,OPINET official CSV history
2025-02-08,1731.79,1597.25,1074.09,OPINET official CSV history
2025-02-09,1731.66,1596.91,1074.16,OPINET official CSV history
2025-02-10,1731.75,1597.39,1074.07,OPINET official CSV history
2025-02-11,1730.97,1596.65,1074.07,OPINET official CSV history
2025-02-12,1730.42,1596.19,1074.11,OPINET official CSV history
2025-02-13,1729.75,1595.69,1074.1,OPINET official CSV history
2025-02-14,1729.18,1595.17,1074.06,OPINET official CSV history
2025-02-15,1728.28,1594.37,1074.09,OPINET official CSV history
2025-02-16,1727.69,1594.0,1072.95,OPINET official CSV history
2025-02-17,1727.83,1594.09,1074.17,OPINET official CSV history
2025-02-18,1727.07,1593.26,1073.98,OPINET official CSV history
2025-02-19,1726.26,1592.53,1074.14,OPINET official CSV history
2025-02-20,1725.47,1591.85,1074.03,OPINET official CSV history
2025-02-21,1724.89,1591.23,1073.95,OPINET official CSV history
2025-02-22,1723.75,1590.41,1074.02,OPINET official CSV history
2025-02-23,1723.89,1590.03,1073.98,OPINET official CSV history
2025-02-24,1723.64,1590.14,1074.01,OPINET official CSV history
2025-02-25,1723.03,1589.34,1073.97,OPINET official CSV history
2025-02-26,1722.06,1588.33,1073.97,OPINET official CSV history
2025-02-27,1720.98,1587.3,1074.0,OPINET official CSV history
2025-02-28,1719.92,1586.3,1073.93,OPINET official CSV history
2025-03-01,1718.21,1584.46,1073.84,OPINET official CSV history
2025-03-02,1717.82,1583.79,1073.75,OPINET official CSV history
2025-03-03,1717.6,1583.55,1073.79,OPINET official CSV history
2025-03-04,1716.53,1582.69,1073.58,OPINET official CSV history
2025-03-05,1714.8,1580.89,1073.7,OPINET official CSV history
2025-03-06,1712.37,1578.28,1073.83,OPINET official CSV history
2025-03-07,1709.75,1575.56,1073.67,OPINET official CSV history
2025-03-08,1706.36,1572.11,1073.7,OPINET official CSV history
2025-03-09,1705.81,1571.06,1073.62,OPINET official CSV history
2025-03-10,1704.26,1569.85,1073.6,OPINET official CSV history
2025-03-11,1700.14,1565.33,1073.54,OPINET official CSV history
2025-03-12,1696.42,1561.88,1073.7,OPINET official CSV history
2025-03-13,1692.86,1558.41,1073.61,OPINET official CSV history
2025-03-14,1689.68,1555.5,1073.65,OPINET official CSV history
2025-03-15,1687.05,1552.97,1073.78,OPINET official CSV history
2025-03-16,1685.99,1551.71,1073.84,OPINET official CSV history
2025-03-17,1684.07,1550.1,1073.77,OPINET official CSV history
2025-03-18,1681.64,1547.62,1073.66,OPINET official CSV history
2025-03-19,1679.27,1545.44,1073.73,OPINET official CSV history
2025-03-20,1677.14,1543.39,1073.64,OPINET official CSV history
2025-03-21,1675.1,1541.64,1073.67,OPINET official CSV history
2025-03-22,1673.09,1539.3,1073.77,OPINET official CSV history
2025-03-23,1672.41,1538.56,1073.7,OPINET official CSV history
2025-03-24,1671.57,1538.07,1073.77,OPINET official CSV history
2025-03-25,1669.69,1536.25,1073.63,OPINET official CSV history
2025-03-26,1668.2,1534.94,1073.65,OPINET official CSV history
2025-03-27,1667.12,1533.9,1073.64,OPINET official CSV history
2025-03-28,1666.43,1533.31,1073.59,OPINET official CSV history
2025-03-29,1664.95,1531.95,1073.65,OPINET official CSV history
2025-03-30,1665.07,1531.63,1073.65,OPINET official CSV history
2025-03-31,1665.28,1531.83,1073.63,OPINET official CSV history
2025-04-01,1665.07,1531.55,1073.44,OPINET official CSV history
2025-04-02,1665.01,1531.57,1073.59,OPINET official CSV history
2025-04-03,1665.1,1531.53,1073.57,OPINET official CSV history
2025-04-04,1664.71,1530.95,1073.64,OPINET official CSV history
2025-04-05,1663.17,1529.1,1073.77,OPINET official CSV history
2025-04-06,1662.54,1528.46,1073.63,OPINET official CSV history
2025-04-07,1661.51,1527.65,1073.7,OPINET official CSV history
2025-04-08,1659.1,1525.17,1073.54,OPINET official CSV history
2025-04-09,1656.28,1522.4,1073.71,OPINET official CSV history
2025-04-10,1653.64,1520.01,1073.66,OPINET official CSV history
2025-04-11,1651.13,1517.5,1073.57,OPINET official CSV history
2025-04-12,1648.82,1515.5,1073.64,OPINET official CSV history
2025-04-13,1648.63,1514.76,1073.66,OPINET official CSV history
2025-04-14,1647.33,1513.56,1073.58,OPINET official CSV history
2025-04-15,1644.91,1511.4,1073.54,OPINET official CSV history
2025-04-16,1642.49,1509.05,1073.62,OPINET official CSV history
2025-04-17,1640.54,1507.15,1073.65,OPINET official CSV history
2025-04-18,1639.14,1505.83,1073.54,OPINET official CSV history
2025-04-19,1637.35,1503.82,1073.62,OPINET official CSV history
2025-04-20,1636.95,1503.4,1073.62,OPINET official CSV history
2025-04-21,1636.42,1503.25,1073.51,OPINET official CSV history
2025-04-22,1635.36,1501.93,1073.4,OPINET official CSV history
2025-04-23,1634.67,1501.5,1073.5,OPINET official CSV history
2025-04-24,1634.38,1501.09,1073.54,OPINET official CSV history
2025-04-25,1634.24,1501.12,1073.78,OPINET official CSV history
2025-04-26,1633.68,1500.7,1073.78,OPINET official CSV history
2025-04-27,1633.5,1500.53,1073.79,OPINET official CSV history
2025-04-28,1634.54,1501.47,1073.81,OPINET official CSV history
2025-04-29,1634.95,1501.78,1073.79,OPINET official CSV history
2025-04-30,1635.54,1502.58,1074.03,OPINET official CSV history
2025-05-01,1638.8,1505.7,1087.27,OPINET official CSV history
2025-05-02,1639.53,1506.94,1088.02,OPINET official CSV history
2025-05-03,1639.64,1506.76,1088.31,OPINET official CSV history
2025-05-04,1639.91,1506.89,1088.53,OPINET official CSV history
2025-05-05,1640.51,1507.24,1088.71,OPINET official CSV history
2025-05-06,1639.8,1506.51,1088.59,OPINET official CSV history
2025-05-07,1639.72,1506.67,1089.01,OPINET official CSV history
2025-05-08,1638.94,1505.77,1088.99,OPINET official CSV history
2025-05-09,1638.54,1504.96,1088.97,OPINET official CSV history
2025-05-10,1637.29,1503.77,1089.03,OPINET official CSV history
2025-05-11,1637.44,1503.45,1089.05,OPINET official CSV history
2025-05-12,1637.71,1503.88,1089.21,OPINET official CSV history
2025-05-13,1637.39,1503.4,1089.24,OPINET official CSV history
2025-05-14,1637.25,1503.14,1089.31,OPINET official CSV history
2025-05-15,1637.12,1502.83,1089.26,OPINET official CSV history
2025-05-16,1636.77,1502.41,1089.23,OPINET official CSV history
2025-05-17,1636.0,1501.29,1089.26,OPINET official CSV history
2025-05-18,1635.9,1501.08,1089.24,OPINET official CSV history
2025-05-19,1636.37,1501.82,1089.33,OPINET official CSV history
2025-05-20,1636.05,1501.36,1089.24,OPINET official CSV history
2025-05-21,1635.66,1500.9,1089.26,OPINET official CSV history
2025-05-22,1635.18,1500.26,1089.14,OPINET official CSV history
2025-05-23,1634.89,1499.81,1089.11,OPINET official CSV history
2025-05-24,1634.01,1498.85,1089.24,OPINET official CSV history
2025-05-25,1633.65,1498.53,1089.28,OPINET official CSV history
2025-05-26,1634.18,1498.95,1089.28,OPINET official CSV history
2025-05-27,1633.65,1498.3,1089.19,OPINET official CSV history
2025-05-28,1632.96,1497.56,1089.33,OPINET official CSV history
2025-05-29,1632.28,1496.61,1089.3,OPINET official CSV history
2025-05-30,1631.85,1496.1,1089.19,OPINET official CSV history
2025-05-31,1630.74,1494.79,1089.22,OPINET official CSV history
2025-06-01,1630.23,1494.07,1077.95,OPINET official CSV history
2025-06-02,1630.25,1494.22,1075.8,OPINET official CSV history
2025-06-03,1629.85,1493.42,1075.15,OPINET official CSV history
2025-06-04,1629.55,1493.31,1075.02,OPINET official CSV history
2025-06-05,1629.0,1492.5,1074.91,OPINET official CSV history
2025-06-06,1628.48,1491.84,1074.65,OPINET official CSV history
2025-06-07,1627.69,1491.25,1074.65,OPINET official CSV history
2025-06-08,1627.9,1490.8,1074.51,OPINET official CSV history
2025-06-09,1628.28,1491.3,1074.59,OPINET official CSV history
2025-06-10,1627.88,1490.84,1074.43,OPINET official CSV history
2025-06-11,1627.26,1490.16,1074.53,OPINET official CSV history
2025-06-12,1626.99,1489.89,1074.45,OPINET official CSV history
2025-06-13,1627.71,1490.7,1074.29,OPINET official CSV history
2025-06-14,1629.29,1491.9,1074.37,OPINET official CSV history
2025-06-15,1630.27,1492.56,1074.38,OPINET official CSV history
2025-06-16,1632.78,1495.35,1074.26,OPINET official CSV history
2025-06-17,1635.27,1498.09,1074.15,OPINET official CSV history
2025-06-18,1637.67,1500.45,1074.27,OPINET official CSV history
2025-06-19,1641.41,1504.35,1074.25,OPINET official CSV history
2025-06-20,1645.9,1508.95,1074.15,OPINET official CSV history
2025-06-21,1650.32,1513.6,1074.24,OPINET official CSV history
2025-06-22,1652.79,1516.37,1074.25,OPINET official CSV history
2025-06-23,1660.21,1524.38,1074.28,OPINET official CSV history
2025-06-24,1666.9,1531.11,1074.11,OPINET official CSV history
2025-06-25,1667.89,1532.03,1074.13,OPINET official CSV history
2025-06-26,1668.11,1532.19,1074.08,OPINET official CSV history
2025-06-27,1668.19,1532.2,1074.05,OPINET official CSV history
2025-06-28,1667.95,1531.72,1074.13,OPINET official CSV history
2025-06-29,1668.02,1531.57,1074.13,OPINET official CSV history
2025-06-30,1668.48,1531.97,1074.21,OPINET official CSV history
2025-07-01,1668.24,1531.55,1057.15,OPINET official CSV history
2025-07-02,1667.99,1531.21,1055.24,OPINET official CSV history
2025-07-03,1667.77,1530.8,1054.79,OPINET official CSV history
2025-07-04,1667.74,1530.76,1054.39,OPINET official CSV history
2025-07-05,1667.3,1530.16,1054.27,OPINET official CSV history
2025-07-06,1667.04,1529.93,1054.12,OPINET official CSV history
2025-07-07,1667.79,1530.48,1053.99,OPINET official CSV history
2025-07-08,1667.6,1530.29,1053.78,OPINET official CSV history
2025-07-09,1667.54,1530.26,1053.9,OPINET official CSV history
2025-07-10,1667.51,1530.24,1053.73,OPINET official CSV history
2025-07-11,1667.57,1530.5,1053.74,OPINET official CSV history
2025-07-12,1667.33,1530.18,1053.74,OPINET official CSV history
2025-07-13,1667.43,1530.16,1053.58,OPINET official CSV history
2025-07-14,1668.15,1531.1,1053.6,OPINET official CSV history
2025-07-15,1668.08,1531.18,1053.18,OPINET official CSV history
2025-07-16,1667.86,1530.98,1053.24,OPINET official CSV history
2025-07-17,1667.81,1531.02,1053.14,OPINET official CSV history
2025-07-18,1667.67,1530.97,1052.89,OPINET official CSV history
2025-07-19,1667.18,1530.29,1052.82,OPINET official CSV history
2025-07-20,1667.14,1530.66,1052.68,OPINET official CSV history
2025-07-21,1667.64,1531.5,1052.8,OPINET official CSV history
2025-07-22,1667.56,1531.83,1052.71,OPINET official CSV history
2025-07-23,1667.35,1532.22,1052.6,OPINET official CSV history
2025-07-24,1667.32,1532.65,1052.65,OPINET official CSV history
2025-07-25,1667.31,1533.13,1052.64,OPINET official CSV history
2025-07-26,1666.65,1532.91,1052.66,OPINET official CSV history
2025-07-27,1667.08,1532.87,1052.54,OPINET official CSV history
2025-07-28,1667.67,1533.98,1052.7,OPINET official CSV history
2025-07-29,1667.64,1534.26,1052.52,OPINET official CSV history
2025-07-30,1667.82,1534.77,1052.71,OPINET official CSV history
2025-07-31,1668.1,1535.2,1052.8,OPINET official CSV history
2025-08-01,1668.62,1536.27,1040.53,OPINET official CSV history
2025-08-02,1668.99,1536.74,1039.37,OPINET official CSV history
2025-08-03,1669.38,1537.06,1038.99,OPINET official CSV history
2025-08-04,1670.16,1537.87,1038.8,OPINET official CSV history
2025-08-05,1670.1,1538.72,1037.91,OPINET official CSV history
2025-08-06,1669.91,1538.92,1037.82,OPINET official CSV history
2025-08-07,1669.76,1539.0,1037.7,OPINET official CSV history
2025-08-08,1669.5,1539.06,1037.49,OPINET official CSV history
2025-08-09,1668.88,1538.57,1037.43,OPINET official CSV history
2025-08-10,1668.55,1538.33,1037.38,OPINET official CSV history
2025-08-11,1669.02,1538.79,1037.34,OPINET official CSV history
2025-08-12,1668.32,1538.3,1037.09,OPINET official CSV history
2025-08-13,1667.7,1537.92,1036.93,OPINET official CSV history
2025-08-14,1667.2,1537.6,1036.89,OPINET official CSV history
2025-08-15,1666.64,1536.98,1036.97,OPINET official CSV history
2025-08-16,1666.19,1536.27,1036.97,OPINET official CSV history
2025-08-17,1665.98,1536.22,1036.99,OPINET official CSV history
2025-08-18,1666.08,1536.47,1036.99,OPINET official CSV history
2025-08-19,1665.28,1535.67,1036.86,OPINET official CSV history
2025-08-20,1664.39,1534.88,1037.23,OPINET official CSV history
2025-08-21,1663.69,1534.22,1037.19,OPINET official CSV history
2025-08-22,1663.08,1533.75,1037.14,OPINET official CSV history
2025-08-23,1662.25,1532.86,1037.11,OPINET official CSV history
2025-08-24,1661.88,1532.46,1037.22,OPINET official CSV history
2025-08-25,1662.47,1533.11,1037.11,OPINET official CSV history
2025-08-26,1662.4,1532.93,1036.91,OPINET official CSV history
2025-08-27,1662.05,1532.71,1037.26,OPINET official CSV history
2025-08-28,1661.79,1532.27,1037.14,OPINET official CSV history
2025-08-29,1661.42,1531.93,1037.26,OPINET official CSV history
2025-08-30,1660.8,1531.21,1037.05,OPINET official CSV history
2025-08-31,1660.71,1530.94,1037.08,OPINET official CSV history
2025-09-01,1660.72,1531.28,1007.75,OPINET official CSV history
2025-09-02,1660.34,1530.9,1003.41,OPINET official CSV history
2025-09-03,1660.08,1530.58,1002.44,OPINET official CSV history
2025-09-04,1659.93,1530.49,1001.83,OPINET official CSV history
2025-09-05,1659.72,1530.28,1001.37,OPINET official CSV history
2025-09-06,1659.32,1529.66,1000.69,OPINET official CSV history
2025-09-07,1659.41,1529.49,1000.7,OPINET official CSV history
2025-09-08,1659.74,1530.21,1000.83,OPINET official CSV history
2025-09-09,1659.82,1530.41,1000.73,OPINET official CSV history
2025-09-10,1659.79,1530.43,1000.63,OPINET official CSV history
2025-09-11,1659.76,1530.37,1000.65,OPINET official CSV history
2025-09-12,1659.49,1530.33,1000.17,OPINET official CSV history
2025-09-13,1658.8,1529.58,1000.07,OPINET official CSV history
2025-09-14,1659.11,1529.47,1000.04,OPINET official CSV history
2025-09-15,1659.51,1530.15,1000.11,OPINET official CSV history
2025-09-16,1659.3,1530.04,999.97,OPINET official CSV history
2025-09-17,1659.54,1530.27,1000.01,OPINET official CSV history
2025-09-18,1659.8,1530.5,999.97,OPINET official CSV history
2025-09-19,1659.95,1530.89,999.84,OPINET official CSV history
2025-09-20,1659.68,1530.31,999.89,OPINET official CSV history
2025-09-21,1659.77,1530.33,999.73,OPINET official CSV history
2025-09-22,1660.18,1531.12,999.67,OPINET official CSV history
2025-09-23,1660.12,1531.15,999.7,OPINET official CSV history
2025-09-24,1660.03,1531.04,999.74,OPINET official CSV history
2025-09-25,1660.12,1531.09,999.96,OPINET official CSV history
2025-09-26,1660.22,1531.53,999.78,OPINET official CSV history
2025-09-27,1659.76,1531.2,999.66,OPINET official CSV history
2025-09-28,1660.2,1531.29,999.4,OPINET official CSV history
2025-09-29,1660.93,1532.46,999.83,OPINET official CSV history
2025-09-30,1661.37,1533.12,1000.09,OPINET official CSV history
2025-10-01,1661.68,1533.87,999.5,OPINET official CSV history
2025-10-02,1662.0,1534.49,999.75,OPINET official CSV history
2025-10-03,1662.4,1534.97,999.46,OPINET official CSV history
2025-10-04,1662.4,1535.06,1000.31,OPINET official CSV history
2025-10-05,1662.58,1535.2,999.9,OPINET official CSV history
2025-10-06,1663.28,1535.77,999.8,OPINET official CSV history
2025-10-07,1663.37,1535.9,999.54,OPINET official CSV history
2025-10-08,1663.45,1535.82,999.89,OPINET official CSV history
2025-10-09,1663.1,1535.36,999.76,OPINET official CSV history
2025-10-10,1663.38,1536.25,999.42,OPINET official CSV history
2025-10-11,1662.63,1535.68,999.49,OPINET official CSV history
2025-10-12,1662.87,1535.48,999.22,OPINET official CSV history
2025-10-13,1663.16,1536.3,999.16,OPINET official CSV history
2025-10-14,1662.89,1535.86,998.88,OPINET official CSV history
2025-10-15,1662.38,1535.67,998.8,OPINET official CSV history
2025-10-16,1662.05,1535.58,998.81,OPINET official CSV history
2025-10-17,1661.56,1535.35,998.86,OPINET official CSV history
2025-10-18,1661.11,1534.52,998.79,OPINET official CSV history
2025-10-19,1661.05,1534.3,998.74,OPINET official CSV history
2025-10-20,1661.18,1534.9,998.77,OPINET official CSV history
2025-10-21,1661.05,1534.86,998.7,OPINET official CSV history
2025-10-22,1660.94,1534.8,998.64,OPINET official CSV history
2025-10-23,1661.01,1534.87,998.67,OPINET official CSV history
2025-10-24,1661.59,1535.7,998.56,OPINET official CSV history
2025-10-25,1662.05,1536.22,998.72,OPINET official CSV history
2025-10-26,1662.96,1536.89,998.5,OPINET official CSV history
2025-10-27,1664.9,1539.56,998.95,OPINET official CSV history
2025-10-28,1666.52,1541.65,998.83,OPINET official CSV history
2025-10-29,1667.88,1543.9,998.97,OPINET official CSV history
2025-10-30,1670.02,1546.61,998.92,OPINET official CSV history
2025-10-31,1672.4,1549.94,998.92,OPINET official CSV history
2025-11-01,1678.12,1557.17,998.64,OPINET official CSV history
2025-11-02,1680.06,1559.77,998.59,OPINET official CSV history
2025-11-03,1682.65,1563.8,998.74,OPINET official CSV history
2025-11-04,1685.68,1568.31,998.48,OPINET official CSV history
2025-11-05,1688.53,1572.62,998.41,OPINET official CSV history
2025-11-06,1690.91,1576.42,998.68,OPINET official CSV history
2025-11-07,1693.22,1580.15,998.5,OPINET official CSV history
2025-11-08,1695.3,1584.05,998.54,OPINET official CSV history
2025-11-09,1696.81,1585.94,998.49,OPINET official CSV history
2025-11-10,1699.81,1591.06,998.5,OPINET official CSV history
2025-11-11,1703.62,1597.65,998.21,OPINET official CSV history
2025-11-12,1707.5,1604.44,998.49,OPINET official CSV history
2025-11-13,1711.81,1611.01,998.6,OPINET official CSV history
2025-11-14,1716.12,1617.52,998.47,OPINET official CSV history
2025-11-15,1720.14,1622.73,998.27,OPINET official CSV history
2025-11-16,1722.33,1625.9,998.23,OPINET official CSV history
2025-11-17,1726.01,1631.42,998.21,OPINET official CSV history
2025-11-18,1730.27,1636.97,998.13,OPINET official CSV history
2025-11-19,1733.53,1641.99,998.46,OPINET official CSV history
2025-11-20,1736.46,1646.54,998.2,OPINET official CSV history
2025-11-21,1739.39,1651.74,998.18,OPINET official CSV history
2025-11-22,1741.62,1654.97,998.04,OPINET official CSV history
2025-11-23,1742.4,1656.28,998.13,OPINET official CSV history
2025-11-24,1744.46,1659.37,998.25,OPINET official CSV history
2025-11-25,1745.68,1661.39,998.05,OPINET official CSV history
2025-11-26,1746.13,1662.32,998.38,OPINET official CSV history
2025-11-27,1746.39,1662.79,998.11,OPINET official CSV history
2025-11-28,1746.51,1663.15,998.22,OPINET official CSV history
2025-11-29,1746.52,1662.96,998.06,OPINET official CSV history
2025-11-30,1746.49,1662.84,998.06,OPINET official CSV history
2025-12-01,1746.84,1663.32,998.22,OPINET official CSV history
2025-12-02,1746.74,1662.98,998.05,OPINET official CSV history
2025-12-03,1746.78,1662.72,997.96,OPINET official CSV history
2025-12-04,1746.76,1662.58,998.11,OPINET official CSV history
2025-12-05,1746.7,1662.34,998.01,OPINET official CSV history
2025-12-06,1746.35,1661.6,997.89,OPINET official CSV history
2025-12-07,1746.35,1661.36,997.91,OPINET official CSV history
2025-12-08,1746.7,1661.58,998.27,OPINET official CSV history
2025-12-09,1746.25,1660.84,997.96,OPINET official CSV history
2025-12-10,1745.76,1659.89,998.01,OPINET official CSV history
2025-12-11,1745.15,1658.65,998.29,OPINET official CSV history
2025-12-12,1744.43,1657.45,998.04,OPINET official CSV history
2025-12-13,1743.19,1655.95,997.93,OPINET official CSV history
2025-12-14,1743.36,1655.36,998.01,OPINET official CSV history
2025-12-15,1742.98,1654.78,997.99,OPINET official CSV history
2025-12-16,1742.06,1653.02,997.85,OPINET official CSV history
2025-12-17,1740.81,1651.07,998.19,OPINET official CSV history
2025-12-18,1739.67,1649.03,998.14,OPINET official CSV history
2025-12-19,1738.6,1647.21,998.07,OPINET official CSV history
2025-12-20,1737.49,1645.29,998.13,OPINET official CSV history
2025-12-21,1736.74,1644.43,998.0,OPINET official CSV history
2025-12-22,1736.48,1643.6,998.03,OPINET official CSV history
2025-12-23,1735.34,1641.66,998.08,OPINET official CSV history
2025-12-24,1734.37,1640.03,998.29,OPINET official CSV history
2025-12-25,1733.49,1638.52,998.43,OPINET official CSV history
2025-12-26,1733.05,1637.89,998.24,OPINET official CSV history
2025-12-27,1732.18,1636.47,998.21,OPINET official CSV history
2025-12-28,1731.86,1636.0,998.22,OPINET official CSV history
2025-12-29,1731.05,1634.81,998.36,OPINET official CSV history
2025-12-30,1729.9,1633.19,998.38,OPINET official CSV history
2025-12-31,1728.82,1631.75,998.34,OPINET official CSV history
2026-01-01,1727.62,1629.58,998.17,OPINET official CSV history
2026-01-02,1726.61,1628.36,998.27,OPINET official CSV history
2026-01-03,1725.26,1626.08,998.33,OPINET official CSV history
2026-01-04,1724.7,1625.13,998.42,OPINET official CSV history
2026-01-05,1723.51,1623.45,998.5,OPINET official CSV history
2026-01-06,1721.21,1620.33,998.38,OPINET official CSV history
2026-01-07,1718.51,1616.97,998.34,OPINET official CSV history
2026-01-08,1715.74,1613.19,998.42,OPINET official CSV history
2026-01-09,1713.11,1610.13,998.29,OPINET official CSV history
2026-01-10,1710.98,1607.51,998.23,OPINET official CSV history
2026-01-11,1710.16,1606.37,998.22,OPINET official CSV history
2026-01-12,1708.3,1604.3,998.28,OPINET official CSV history
2026-01-13,1705.99,1601.3,997.98,OPINET official CSV history
2026-01-14,1704.2,1599.34,998.24,OPINET official CSV history
2026-01-15,1702.63,1597.38,998.29,OPINET official CSV history
2026-01-16,1701.14,1595.38,998.25,OPINET official CSV history
2026-01-17,1699.39,1593.4,998.2,OPINET official CSV history
2026-01-18,1698.66,1592.48,998.14,OPINET official CSV history
2026-01-19,1697.69,1591.67,998.23,OPINET official CSV history
2026-01-20,1696.2,1589.96,998.02,OPINET official CSV history
2026-01-21,1694.81,1588.33,998.1,OPINET official CSV history
2026-01-22,1693.81,1587.28,998.07,OPINET official CSV history
2026-01-23,1692.91,1586.31,998.11,OPINET official CSV history
2026-01-24,1692.03,1585.03,998.15,OPINET official CSV history
2026-01-25,1691.81,1584.76,998.05,OPINET official CSV history
2026-01-26,1691.46,1584.74,998.32,OPINET official CSV history
2026-01-27,1690.64,1583.85,998.32,OPINET official CSV history
2026-01-28,1689.83,1583.04,998.11,OPINET official CSV history
2026-01-29,1689.26,1582.45,998.23,OPINET official CSV history
2026-01-30,1688.93,1582.3,998.12,OPINET official CSV history
2026-01-31,1688.6,1582.0,998.07,OPINET official CSV history
2026-02-01,1688.43,1581.51,998.17,OPINET official CSV history
2026-02-02,1688.53,1582.14,998.32,OPINET official CSV history
2026-02-03,1688.07,1581.82,998.33,OPINET official CSV history
2026-02-04,1687.54,1581.53,998.39,OPINET official CSV history
2026-02-05,1687.15,1581.72,998.39,OPINET official CSV history
2026-02-06,1686.86,1581.77,997.97,OPINET official CSV history
2026-02-07,1686.3,1581.71,997.93,OPINET official CSV history
2026-02-08,1686.05,1581.48,997.88,OPINET official CSV history
2026-02-09,1686.21,1582.31,998.19,OPINET official CSV history
2026-02-10,1686.05,1582.91,997.98,OPINET official CSV history
2026-02-11,1686.24,1583.65,998.07,OPINET official CSV history
2026-02-12,1686.62,1584.58,998.03,OPINET official CSV history
2026-02-13,1687.33,1585.77,998.11,OPINET official CSV history
2026-02-14,1687.62,1586.41,998.05,OPINET official CSV history
2026-02-15,1687.97,1586.96,998.14,OPINET official CSV history
2026-02-16,1688.27,1587.6,998.18,OPINET official CSV history
2026-02-17,1688.43,1587.61,997.98,OPINET official CSV history
2026-02-18,1688.35,1587.54,998.04,OPINET official CSV history
2026-02-19,1688.27,1588.22,998.05,OPINET official CSV history
2026-02-20,1688.99,1589.88,997.93,OPINET official CSV history
2026-02-21,1689.69,1590.98,997.86,OPINET official CSV history
2026-02-22,1690.12,1591.35,997.78,OPINET official CSV history
2026-02-23,1690.94,1593.23,998.02,OPINET official CSV history
2026-02-24,1691.4,1594.22,997.68,OPINET official CSV history
2026-02-25,1691.74,1595.21,997.87,OPINET official CSV history
2026-02-26,1692.08,1596.23,997.97,OPINET official CSV history
2026-02-27,1692.58,1597.24,997.82,OPINET official CSV history
2026-02-28,1692.89,1597.86,997.68,OPINET official CSV history
2026-03-01,1695.89,1600.85,1006.66,OPINET official CSV history
2026-03-02,1702.07,1607.39,1010.37,OPINET official CSV history
2026-03-03,1723.04,1634.62,1011.06,OPINET official CSV history
2026-03-04,1777.48,1728.77,1012.16,OPINET official CSV history
2026-03-05,1834.28,1830.25,1012.42,OPINET official CSV history
2026-03-06,1871.82,1887.33,1012.62,OPINET official CSV history
2026-03-07,1889.4,1910.55,1012.07,OPINET official CSV history
2026-03-08,1895.32,1917.73,1012.06,OPINET official CSV history
2026-03-09,1902.67,1926.46,1012.24,OPINET official CSV history
2026-03-10,1906.95,1931.62,1011.95,OPINET official CSV history
2026-03-11,1904.28,1927.48,1012.0,OPINET official CSV history
2026-03-12,1898.78,1918.97,1012.11,OPINET official CSV history
2026-03-13,1864.07,1872.67,1011.91,OPINET official CSV history
2026-03-14,1845.31,1847.91,1012.0,OPINET official CSV history
2026-03-15,1840.09,1841.17,1011.95,OPINET official CSV history
2026-03-16,1832.7,1831.8,1011.99,OPINET official CSV history
2026-03-17,1827.5,1825.61,1011.99,OPINET official CSV history
2026-03-18,1824.35,1821.77,1011.99,OPINET official CSV history
2026-03-19,1822.05,1819.46,1012.02,OPINET official CSV history
2026-03-20,1820.38,1817.68,1011.85,OPINET official CSV history
2026-03-21,1819.83,1816.81,1011.83,OPINET official CSV history
2026-03-22,1819.66,1816.26,1011.85,OPINET official CSV history
2026-03-23,1819.26,1816.04,1011.89,OPINET official CSV history
2026-03-24,1818.92,1815.53,1011.69,OPINET official CSV history
2026-03-25,1818.94,1815.24,1011.74,OPINET official CSV history
2026-03-26,1819.35,1815.8,1011.68,OPINET official CSV history
2026-03-27,1838.79,1834.56,1011.5,OPINET official CSV history
2026-03-28,1855.86,1849.96,1011.58,OPINET official CSV history
2026-03-29,1864.76,1857.93,1011.51,OPINET official CSV history
2026-03-30,1881.09,1873.23,1011.64,OPINET official CSV history
2026-03-31,1894.96,1886.23,1011.47,OPINET official CSV history
2026-04-01,1909.78,1901.66,1032.47,OPINET official CSV history
2026-04-02,1921.28,1912.76,1037.04,OPINET official CSV history
2026-04-03,1931.84,1923.11,1037.8,OPINET official CSV history
2026-04-04,1942.44,1933.48,1038.2,OPINET official CSV history
2026-04-05,1948.4,1939.17,1038.48,OPINET official CSV history
2026-04-06,1958.37,1949.21,1038.78,OPINET official CSV history
2026-04-07,1968.38,1959.82,1038.85,OPINET official CSV history
2026-04-08,1977.77,1969.58,1039.08,OPINET official CSV history
2026-04-09,1984.96,1977.8,1039.21,OPINET official CSV history
2026-04-10,1988.93,1982.68,1039.27,OPINET official CSV history
2026-04-11,1991.54,1985.2,1039.37,OPINET official CSV history
2026-04-12,1992.69,1986.25,1039.4,OPINET official CSV history
2026-04-13,1994.92,1988.8,1039.48,OPINET official CSV history
2026-04-14,1996.72,1990.7,1039.44,OPINET official CSV history
2026-04-15,1998.06,1992.05,1039.56,OPINET official CSV history
2026-04-16,1999.06,1993.12,1039.57,OPINET official CSV history
2026-04-17,1999.9,1994.22,1039.48,OPINET official CSV history
2026-04-18,2001.51,1995.27,1039.57,OPINET official CSV history
2026-04-19,2001.93,1995.67,1039.59,OPINET official CSV history
2026-04-20,2002.84,1996.55,1039.65,OPINET official CSV history
2026-04-21,2003.81,1997.69,1039.55,OPINET official CSV history
2026-04-22,2004.76,1998.88,1039.61,OPINET official CSV history
2026-04-23,2005.76,1999.84,1039.59,OPINET official CSV history
2026-04-24,2006.47,2000.54,1039.52,OPINET official CSV history
2026-04-25,2007.37,2001.54,1039.63,OPINET official CSV history
2026-04-26,2007.65,2001.7,1039.59,OPINET official CSV history
2026-04-27,2008.26,2002.39,1039.68,OPINET official CSV history
2026-04-28,2008.65,2002.95,1039.61,OPINET official CSV history
2026-04-29,2009.02,2003.25,1039.75,OPINET official CSV history
2026-04-30,2009.45,2003.79,1040.0,OPINET official CSV history
2026-05-01,2010.03,2004.23,1081.91,OPINET official CSV history
2026-05-02,2010.42,2004.54,1085.41,OPINET official CSV history
2026-05-03,2010.64,2004.7,1086.4,OPINET official CSV history
2026-05-04,2011.04,2005.21,1088.31,OPINET official CSV history
2026-05-05,2011.29,2005.43,1089.02,OPINET official CSV history
2026-05-06,2011.42,2005.74,1089.13,OPINET official CSV history
2026-05-07,2011.7,2006.12,1089.29,OPINET official CSV history
2026-05-08,2011.71,2006.22,1089.52,OPINET official CSV history
2026-05-09,2011.76,2006.16,1089.73,OPINET official CSV history
2026-05-10,2011.9,2006.07,1089.81,OPINET official CSV history
2026-05-11,2011.9,2006.41,1089.85,OPINET official CSV history
2026-05-12,2011.85,2006.25,1089.6,OPINET official CSV history
2026-05-13,2011.61,2006.05,1089.98,OPINET official CSV history
2026-05-14,2011.52,2006.19,1090.12,OPINET official CSV history
2026-05-15,2011.44,2006.17,1090.16,OPINET official CSV history
2026-05-16,2011.32,2005.9,1090.21,OPINET official CSV history
2026-05-17,2011.38,2005.75,1090.37,OPINET official CSV history
2026-05-18,2011.4,2005.93,1090.34,OPINET official CSV history
2026-05-19,2011.31,2006.01,1090.1,OPINET official CSV history
2026-05-20,2011.37,2005.86,1090.38,OPINET official CSV history
2026-05-21,2011.19,2005.92,1090.37,OPINET official CSV history
2026-05-22,2011.19,2005.89,1090.28,OPINET official CSV history
2026-05-23,2011.15,2005.8,1090.42,OPINET official CSV history
2026-05-24,2011.21,2005.6,1090.42,OPINET official CSV history
