date,title,url,source_name,language,keyword,event_name,relevance_label,risk_score
2020-02-03,"Oil drops 2.8% on coronavirus fears, dips below $50 per barrel - CNBC",https://news.google.com/rss/articles/CBMiygFBVV95cUxPMzRDclZJa29BOHFNN1o5TDVDZjVvTUVrMG5ROF9oci1zOTQ4X0JtS0JhNFhEbzhDbDY1SmladVlWSWRBZGc4aUEzVFQ2U0c2bllMMUJxZkZWRk5KSGFVUTducjNrR3Y4WGRNZ1FhTmRhT1M5dDFIcTlMelFGWlN3QW5OMHBndUtnRWdPbUYteXMzRzV3WWthUnFyS0I4bHVNQmdwaTdrTGRJS1pXb01Xbi1DaFlPXzJJWXcwZkxJemRMZEd1a1E1NXBB0gHPAUFVX3lxTE1SQi1xeWZHTkY0bk1TSWZPX2ZneHFjVlltNmhraEhfbHZnNWsyeFRDdm53Mmt5aFhVTEZlZUFkeXVHT3RRbjN4cVh1OE40b2xyT05UZ2t2b0J4N3pxZWJoQ2tVOGh5R29kQlZnZVlXNEQ2cU92RGY0ZFU5dXRfc25naE1MSXVSUWRaQzlsQnBwYW5vYzU0aE9uZGtwV2hmNUEtVXZzb0lObkd1MGJDR1hLcnNkTXgxTm9KRWw2Tjc2UEFuQlFhUmNLOEc0QVdlcw?oc=5,CNBC,en,COVID oil price,covid19_pandemic,relevant,0
2020-02-03,Coronavirus and oil: Why crude has been hit hard - BBC,https://news.google.com/rss/articles/CBMiVEFVX3lxTE5kZ0FGRzVYY3Y0aVBINHo2WThuUnlIRUpwQ29OSVlqbXhDRS1mQnJMWnBYSk1Pb0tYVFJvSzR0eGN4TW14STRtTjNqODk2SnNBOEZ2MQ?oc=5,BBC,en,coronavirus crude oil,covid19_pandemic,relevant,0
2020-02-07,Natural gas prices tumble to historic lows as one energy CEO quips: 'Send me an ice blizzard' - CNBC,https://news.google.com/rss/articles/CBMipgFBVV95cUxPbFpTaU1vVlNMNlNHenVTM3VEcHBnc0k3YXY2QjdNdHRweElkWmx1U0U4VE1UOUJHaGFKdEltMkp0U2lpeTRYdEc2X1hyTUZCMGduSjRqLVNwempKaUk2SW4tZk5ocUw0TVlrdXU2akF5SEU4MDh4OFpFcWhjQzA5OFgwWF91c2ozV1RRcWRsVlJHcTM0U1I4LXBnV2Z2LVlDN3lQbUZ30gGrAUFVX3lxTE95UGRfWjFpZDh4WUpTcU5NQ3czVjd6UHFkdFdRTkFxOTZCTnZZMkxweXNreWJ1YkdCS0VFYlMtb05aSi1sMVh0SDRnWktPRS1XX3JLRU1SR1NqTXd3ZVJNMUVMYXdrRkVOWGFTc3dscnpZbVZOOXY2bkktUDhjd2ZkQ3UxeldNT19NSmk4ZjRKU0JGUmFvbWsteFdaV09Nd2FDMDlIREE5TlRvOA?oc=5,CNBC,en,COVID gasoline price,covid19_pandemic,relevant,0
2020-02-13,Oil Market Report - February 2020 – Analysis - IEA – International Energy Agency,https://news.google.com/rss/articles/CBMia0FVX3lxTE5GYW1rbDRxdG16VTlSdURFbkZwOUxoZTJUdTIxUmF4Vm9OWjE5VHpCNThsRl9OTEZ5OHFGUThfa3ZPay1HY1FnUVhpSy1lN01oaTBtRXFOVXZwajctamRhWVF3SnNLUy02OTg0?oc=5,IEA – International Energy Agency,en,COVID oil price,covid19_pandemic,relevant,0
2020-02-26,Oil Falls to 12-Month Low on Coronavirus Concerns - WSJ,https://news.google.com/rss/articles/CBMilAFBVV95cUxNZG9CRmQtekh5aFBmdEZPNXNGQktfcmpYWEhZVVhqSkVTdlBhYW5nLWg5VXN0WnJ0MUpoVlczT3dhcVNfMVVCVndWSUQzeG9oN2xaNWhDVXpXZjJ6dFROYXp6M3NsZW1zVk15MUZ6Vk1nSm9XZ1NtN0lOQi1URG03aTljOE9XcFVGX3lOOERxamFGd1Rn?oc=5,WSJ,en,coronavirus crude oil,covid19_pandemic,relevant,0
2020-03-02,Gulf stock markets hit as coronavirus sinks crude oil prices - Middle East Eye,https://news.google.com/rss/articles/CBMimAFBVV95cUxQVnRoenYxMWdkMkl1VzZ4ZUJMUVlmLTJyQmY4LUJSQ01zS2NEbHUwVUFyVzY3STdtTnprbW5lcVo2eWgycXdkMUs4VHltWnEzcHVQdk9qYTZ5RFRTOTBVUEtrUTB5RkV1QWd0VzFsdmpWWVFUdDNHQ3FyaWR2Qy1ObUl2TVZ5NHVhY1ZsbGhQSkNOSmRSM0tzeg?oc=5,Middle East Eye,en,coronavirus crude oil,covid19_pandemic,relevant,2
2020-03-03,Coronavirus in the Middle East and North Africa: What do we know so far? - Middle East Eye,https://news.google.com/rss/articles/CBMinwFBVV95cUxNTkl3Ny1CT3ZnX3AtSlFGSlptU0xwQXMzWm81TEhiZjZfXzlLRkl3ZFZsZ1liWVJUWHBPd2JCYmtUVU5ROEVSSl9NUGdUU1dwYUZDR0FoM2JWcXB2blVfSWNyOE96RmtyRTVRQnQtaGkxMmd1dnN2aGJDUUV3T09EaFhrSlNSaFdselo2N01qZTZCTzNLT0lFSTNIRUVKbVU?oc=5,Middle East Eye,en,coronavirus crude oil,covid19_pandemic,relevant,2
2020-03-04,Coronavirus: The psychology of panic buying - BBC,https://news.google.com/rss/articles/CBMiogFBVV95cUxNbzF0S2RUUHRPTDF4NlFRS1NiODJTNnZkeElyM3NqQktDeWRPUHlGbmZFN2MxSFR2dVRpMEd3T1ZoeV92Tm93ZHJWbDNmd0ttbVFKY0NQbWRXUUllZnl2NDM0WDNiMFhBTDdWemkzOC1tVlkxUHhUb0pmMzJjSE9MeHBha0tKVDNoa01iS1E1cmRCLXNzalZOVXN2andFcjhtc3c?oc=5,BBC,en,coronavirus crude oil,covid19_pandemic,relevant,0
2020-03-05,Consumers see cheaper gas at the pump as COVID-19 reduces demand for oil - marketplace.org,https://news.google.com/rss/articles/CBMidEFVX3lxTFBFM2prLUtqeDNsc0doU0RUWjlDNXA5VEV1eVhoUVExVlU0a0NYUFptVjZGUVh3Y1BFTGpJb0thS2lzNjhBR0pDSTl2S2hGRkYwSnNoU0VGMTRxTlZXTEMtQlI3Skh2T1lrQlpfdTZpV0x2cnBi?oc=5,marketplace.org,en,COVID oil price,covid19_pandemic,relevant,0
2020-03-06,"Stocks and Bond Yields Sink, Capping a Week of Wild Trading (Published 2020) - The New York Times",https://news.google.com/rss/articles/CBMid0FVX3lxTE1ERW9VZS1odXJ4UHF5N3d5cWJfRU1HdFRMaS1HYXpLN2NSS2NzaWVqcWRjbGtySUFIM2ZtdWcyVVlRdGNjMXRXbU81MTBieEVMMEF5WEZoc2hYR3FTSFFoTWhiM2ttM0YxaW5jYjY1VXJLWURzSW5n?oc=5,The New York Times,en,coronavirus crude oil,covid19_pandemic,relevant,0
2020-03-08,Oil Prices Dive as Saudi Arabia Takes Aim at Russian Production (Published 2020) - The New York Times,https://news.google.com/rss/articles/CBMifEFVX3lxTE9JamZLdTM3YUlES0FnR29TWmZQRDc0TXVFcGFUZmNMcERfZFh3VGEtNjRYUC1ZMlhueTBXRUtfZzYwSldIUDhQNGkyRFZ3VTVsRklFMEJiVkVNclBLNF9LZmNkUmJkb3lEeFpYdG5Cd0NOMHk5SUdCS3VlZkY?oc=5,The New York Times,en,coronavirus crude oil,covid19_pandemic,relevant,0
2020-03-09,Novel coronavirus COVID-19 fears bringing gas prices down in North Carolina - ABC11 News,https://news.google.com/rss/articles/CBMimwFBVV95cUxNVThBY25uZ1VnT3BMR1otRm03cTdtc0N3b3NYNzJHTjBIbEJTcXhWTUw4ZlRJcllqb01wU2tGclliVHJ1TmM2SnVfRVlRNFNUSTd2Qlk0SGJGcWlNVkVOZHFWQkdaOThqck40dDJkanpnNUZCWEx6aWpraENYcmxaZEtSOVVnaXN1Q2pkMC04dmtLZkg0WkJKbTUxd9IBoAFBVV95cUxOeUNIaDlSMGRkQmFkLV9lZTdETDRZc3FGTWdEUUprSkJBX1k2WUk5YkJhdnZYX2RSVS1uTC1VaWRRLVIyZHRHZktHOFVzOEhhQVBhVXU0RXJrelp2U3VCektWWHZzcGx4enItR0pLa2d3RmxfdHhQcDlacVp6ZVVTY3BCZ2VWMTEzdUpyRmd1TldGa25Ed3VoWG1GTmE4U3Vu?oc=5,ABC11 News,en,COVID gasoline price,covid19_pandemic,relevant,0
2020-03-09,Gas is cheap and getting even cheaper in Carolinas as coronavirus concerns grow - The State,https://news.google.com/rss/articles/CBMifEFVX3lxTE04eXRtOGp0cmFYM09NYUEyRjJYZWhjQkoyOFhjQndpRFIwdWZ6dEg5RTlaTU50QVcyaDNCa0k4RnM1cUZFVDluZHoxYUxKLUc5c2twamw4WEEtNE5xcGFOZmp2NTY0YlBuaXhZMHZJa2R3VjN2dVdOUGlnZlLSAXxBVV95cUxOekg0eXdBODJZUFR4VV91ZVBpYjRPWnNVSXQzSDlmOWNkME4yYTY5a05BdzNIZXpHU0FEZnJJcTRmWDFMRmo1bGQ1amhVUnVwRmliZ3dFUWs0VHJuS3puWTFMQnlzTFllYmxTRm1vSEZVQVgxcFRKOEgxN2J2?oc=5,The State,en,COVID gasoline price,covid19_pandemic,relevant,0
2020-03-09,Saudi Arabia and Russia feud over coronavirus oil response: Will everyone lose? - Atlantic Council,https://news.google.com/rss/articles/CBMizAFBVV95cUxNQm9VSENGdHBOekQ3MHVDQ0tFMVNIQWp3bmk1Z0dPZTAwOGV2SWlwVWR2MGNKU0MtSzdPSUhUdkQxWmNhaW15eFl5WmZBSFBJZ1I5MmtXZ080SWRKTTdwMklaakNaUkk1ZmhJdGJyaHBYb0NFczh6c0RNVjN2Z0JSRXdZSW96bXJtanNHd3dKRHRwamxRUFBiT0NvOHdhTHU5VFdzX0txTkpMM1dxRXJ3eVA0TUdLWGU0N3d5dUM2YXBCczhaVXBkMEVfbWw?oc=5,Atlantic Council,en,COVID oil price,covid19_pandemic,relevant,0
2020-03-09,Tesla shares plummet as cheap oil and coronavirus challenge electric car and solar sales - CNBC,https://news.google.com/rss/articles/CBMiqAFBVV95cUxPemtqR1NnWG1nY1FiRWt4dGE0RjFwMEMyYmlNaUM5X1VVdWFaVXV4UkxldDdoREZJTnBHblNpRDQteXFOYkNLUVJYbHZ4MUVRa0xNNmRPVVBCS1dWM3ZuWUhDeTlpaENIQXlzdjJGZmMwcVp0ZlR3THJEQlpSLXlHVTBrSjZWb3dIbjVmVklMbmtjV0dWSXZLOGY4UThrMUt5eW9NU2I3N0vSAa4BQVVfeXFMTnU4aVpsNVVud0tLZDFnZzUwRVo4bTFRZURXVUxiNnl4am5Ud0hYTnZVWVg5Yko5Q3ZDSXZkRmJkUTZmbjlhN2V2U19qUjFOdnpubFZBal8yUExrSkJqVTZyWmNCWDQ4VGZPbnpUaUtVcUhVTXpCZVA4cGZOTHZaQk1qTl9rVlJpanBSSlpKcDhiaVg1MFlqaThnSGExaU9GWnYweUhTc2ptcFk5OFpR?oc=5,CNBC,en,COVID oil price,covid19_pandemic,relevant,0
2020-03-09,How a Saudi-Russian Standoff Sent Oil Markets Into a Frenzy (Published 2020) - The New York Times,https://news.google.com/rss/articles/CBMikwFBVV95cUxQWEctZGZiWXZBQ3JhTENBaDVtZ1IwRnJla0IyUFV1THVGa3VFbmw2ZkxJd2w3MEQ0aURFN2hHUzhVZGRyVWRjQUZtODA3aFJJamJoeDhPXzNsOThNZ0Z1QWZ6VnVnN0pkQlpmdUQwWHJDNWNkUXRJLVFmMDRhWUlXam5faUNINVBlZnJsQVB3U1NYTW8?oc=5,The New York Times,en,COVID oil price,covid19_pandemic,relevant,0
2020-03-09,Oil 2020 – Analysis - IEA – International Energy Agency,https://news.google.com/rss/articles/CBMiTEFVX3lxTFBqcU93aXp2QXNRd1AxbEsxcnU0RXJzR0FKRXpLckN0ZFJ2cm5faFdIMEJaTV8xVjR6eXlHS1NMN0duZ1ZDN2tlei1DVHQ?oc=5,IEA – International Energy Agency,en,COVID oil price,covid19_pandemic,relevant,0
2020-03-09,"'Oil price war,' coronavirus could drive gas prices below $2 gallon - USA Today",https://news.google.com/rss/articles/CBMiugFBVV95cUxNSXgxYXJNQXlibEdQWFRUamRFdjFuRHJwSTc1MHZwcm4tcVVsdWNOTlNucDV6NmZ1UTdfMW9HWExHY05LeVhXYXJpQm5CRkVaUEZMaUZROGZSanNLQ2NPSnFEMjBLVzQydGI1UC1BT0UyTlhScHVRZjU3NHU4ZUZUZ2ZXWTBqakZsQVoyeU9fanJVcmNqclJ0amd3Q01MVzRSSnVyaXFYTVRHTlJId2lCUXRIdzFOcENzNGc?oc=5,USA Today,en,coronavirus crude oil,covid19_pandemic,relevant,3
2020-03-09,"Trump downplays oil plunge, coronavirus as markets tank: 'Life & the economy go on' - CNBC",https://news.google.com/rss/articles/CBMiwAFBVV95cUxPaFI1VnQzaUlsMFNWWU92dU9zam9ob0FIX3l2bEJuWkZwWXBvMVVDekwyanhjYWJxdXZndGpCRWxnM2R1TWpkRzVkTXliRHk0UGdBbGNFOVdfTnQ2ZkNJOUpOR1Fvd2lIZ3BxcUs3SnRMNjJiV3hZcE96cWRlMUtVcVFmeWV6Zmx2Q1d6bFNZSHdtWUtoR3hVTk9TQUNJb0NXd0ZDSGJ5eDJPeXZyN1huUWlXeVZ1N3NJZEFwdFpRLTXSAcYBQVVfeXFMTXcxYkRycTZaQUVpOC1sTE5kTDkyRFFjUHBLUEdKTlM5V2l6YkVoYklZcVo4RElpbWk5c2pxTXJsQnVtS0R6RVpzeG5LZktEcU9CRGpmZlIzc1NDNVdab0ZwMUFaaFVTU3lqRElVZ2RaUEFoaW9ySzY5bnJiNDkxRVVBVWtTaXV1R1ZzTkpPVUcyM21ta2k1VS1CQ3FhQzdZakFJbVdIQmN4eUoxNXpROXpGTU9VS0ZrU1NsTjZnenhyWmZCdUp3?oc=5,CNBC,en,coronavirus crude oil,covid19_pandemic,relevant,0
2020-03-10,Coronavirus effect: California gas prices to drop amid turmoil - sfchronicle.com,https://news.google.com/rss/articles/CBMipAFBVV95cUxNRktHNGtqVVlYVUFaRTIzdUxxQVk1ZnR2UkhHX081WTdoLXZPY3IxQVpYNUpWdkJoUE14R0k5NTdaWEtiV2pSSC1oaUUtaUFONDN2TnNpY0U0WHZZVkQ5QW82RDJCcnhxdDItekwzejdfMUctYlA0WEFiV3Z0UDZFUE5JM3F2LUNxejE1cnY2NVBLd0h1Q0c5ZEY2Mk54cnVQYUw0Mw?oc=5,sfchronicle.com,en,COVID gasoline price,covid19_pandemic,relevant,0
2020-03-10,Gas prices plummet amid COVID-19 concerns; parts of DC region see below $2 - FOX 5 DC,https://news.google.com/rss/articles/CBMiogFBVV95cUxQbEdxRkhYbXNLd1BKLUpDMEZ4TVFYRGVGalpTMHdEalNnZ3VZakNYaW05V05FS2tJeHlKUWVtbDlQM09EcEJ0Wm1lRUU2RXlCN3NnVm9IZDI0X19pYkZ3SklhRlZoaE1LWlk0MWJTb3YzWkt6Ni1kWnc0cHZ0WXlBMmk4d3Fic1haSzlUdUdlQV9JeXVCQ3V6X0hYWTBaWHk5dGfSAacBQVVfeXFMTmRSQ2JndjdfOWRUYmhWZ1BETmpnQmlZS0pWUWE4QW9JeHI4NGp5akxXZmJwWExzRHdmZlVvWFVJa0hvSGctVGpXTmdoRkRmRGtjRlY4Sl9MWmJnRUwxbzU2YnRPTndhUTh0T0R6dzNJcFpNSmxaaU5Vd1VSTEFUdV9UQmt2eENubzFqU3N2WG1fc0Y3LV9uNkNRaGZobzVXSkp1RWlsWTA?oc=5,FOX 5 DC,en,COVID gasoline price,covid19_pandemic,relevant,0
2020-03-10,Oil price wars in a time of COVID-19 - CEPR,https://news.google.com/rss/articles/CBMia0FVX3lxTFBMSThXckJFSmo4UjZocnZhZlVBdUNScEF2N2RCQnhXNllhY2poN1g0eHVmVm9QTXgtV3RfUEcxYjlnREFwZWItdUtxTGpScXJqQzJZUGVyRU51azVDQ1l3VTl1VDV2aW0ySDFB?oc=5,CEPR,en,COVID oil price,covid19_pandemic,relevant,3
2020-03-11,"Gas drops below $2 a gallon in several Tennessee cities, and it's not just about coronavirus - The Leaf Chronicle | Clarksville, TN",https://news.google.com/rss/articles/CBMi2wFBVV95cUxOaG5UR3hwMmQ3b3A1QlA0MG1SZW95M0VHSHVDSEpPLUNJaVZQcDJMeVUtbmlvSE1ZQWlDTktNM01XRElPalVOblhIa2tZbVlqdm4ybWc3ZThybGVwNlZBNkVXYjZGTzhYd2ZKX3JtZ2dhRjM4NGtsNjZ3eGhUcXgxMHlHQkdfSk41UkEwcl9MRFNYd2R2SW5BV0t4VFZUQS1veHRLUHlQbk9FdnMzdHRTYXpLLVhBYklhd01Udnp0RFBJcXpkaC12MkRNeENaeXVab2lrZ0l5dkFjNTg?oc=5,"The Leaf Chronicle | Clarksville, TN",en,COVID gasoline price,covid19_pandemic,relevant,0
2020-03-11,Answers to Six Key Questions About the Oil Price Collapse - Time Magazine,https://news.google.com/rss/articles/CBMiaEFVX3lxTE5KaG05UVZEY1dKTXRkdkJrbHVJZHBaajdWNlZOSU9LbEQ0REdxSEFXNHVBeko2RFBfTWR1TmU4RC1RV1dSbDdTLUtONWpwOUwycjRlam5QTW5NYjFoRUZzWEVDSGtaWG43?oc=5,Time Magazine,en,COVID oil price,covid19_pandemic,relevant,0
2020-03-11,The oil sector takes its next hit: Coronavirus on offshore rigs - Fortune,https://news.google.com/rss/articles/CBMiggFBVV95cUxOUy1rVnNGYzNHaVNiNDlid0dPZ1oyVXJKSTBnaVdIbXZDR2FQczMwbmh3VF8zYkxITmFuN2E3Zk00RnRfSkZLN1g2b200NjFQZERYb2hpd2dxX2ZRMFhxREhmUjFwOVVJRVdFNmhlZEd1el9oTjFFV3FlOU0xVTM2S1lR?oc=5,Fortune,en,coronavirus crude oil,covid19_pandemic,relevant,0
2020-03-11,The coronavirus in Iran: A nudge off the cliff? - dw.com,https://news.google.com/rss/articles/CBMihAFBVV95cUxNNG9XaDRDNnNYRjJ6TGp4dXpBMmtrMy1STzZob2t2MFg1UFZIMlRwRFptTVFLbkVIWFlsQWc1X2hvR1MwNi1DcU10T2xkU083SFZRNXAtRDdvYjUtRzFZc3pJb0ZWRmFvX1RRakF6MmpLdkpTN1gzQ3BXXzZiUGdidlh3Y0HSAYQBQVVfeXFMTzNkOUg4RExlbzF6cjY3aG5rcU5NVDFvbEJnVmg4NnRLR1pNUkR0ZjZOeU9qQ005cnpTZWgyNnBDTHpqNE9UUTdidzNNRHlXaTZyd2ZPTWZhT3FlLVFGdzBVY3NPZXgyOGVCQkpXMVlxSXBvdEN4UkxqYnVuWkIyOWJZUEZu?oc=5,dw.com,en,coronavirus crude oil,covid19_pandemic,relevant,2
2020-03-13,Coronavirus fallout could be the ‘nail in the coffin’ for smaller oil companies - grist.org,https://news.google.com/rss/articles/CBMipgFBVV95cUxNMG1LQktoekQ5eS03RC1ReHFLVWY3SllQM1ZsRGd0ajduLVV6M1ItNHphUHZyYkhMeWp5RG1qN2pUX09XMjJXZlJGa01lT3dscU1pLWJtWmE4b0h4SDhjUWJXZmhiUVVSVVI1bEcwMFphZ0FqS1Axck9RUjYxcmdORWNJb2Z0LUMwRUdPR2doUk9UTm9MYlRfLWpaVERjRmc0TTVXR3RR?oc=5,grist.org,en,COVID oil price,covid19_pandemic,relevant,0
2020-03-13,"Market Crash, Coronavirus, Oil Price Collapse, Where Do We Go? - Institut Montaigne",https://news.google.com/rss/articles/CBMiqwFBVV95cUxOSENxeGdDLW1Yd2hZb2REdVZ4TGNaXzExWlNvQ0Q0eG1jZmNGeGZyUnFLZ2diWElDZWZneTZyUUt6cWJDWUF3RlI0RlV1QUc5ZnE5cXd0U2luamdfNkhEa0xWMTNzLVBzMVZnRmNLdzJWM3Q1OVJmNEtMS3MyY3huQ29KektIT29XV0VEenhVWnI5b0x5MXhNYlVqa01ORjVmTko3ak5nUHRHSEE?oc=5,Institut Montaigne,en,COVID oil price,covid19_pandemic,relevant,0
2020-03-13,"Gas Prices Are Approaching $2 Amid Coronavirus Pandemic, Saudi Price War - NPR",https://news.google.com/rss/articles/CBMiqwFBVV95cUxQcnVTOE1OODN2VlBNTWRheW5YTzdSTTMybGxqdDc3M0ZUeEd5MEJmN3hkOEtVZVFPemFZS01GdDRZdk9BVGZZSlZqLVJEV0xCbktCWDc5SDJTbjNncEZmVXctQ3FGcE9ILUtfSXhvMFVGc3RjaGt3UjNreTFadDNXRmkzWHdXX3UtUmtsQjRmUENPa0hiX0tkOFg1YWdueEsyeFd6U3pDUmhFc1E?oc=5,NPR,en,COVID oil price,covid19_pandemic,relevant,5
2020-03-13,The Best Ways to Kill Coronavirus in Your Home - Rutgers University,https://news.google.com/rss/articles/CBMic0FVX3lxTE9xQWJfMTQyOEhnRnFkVmtMS0NFWUFublBMSW4tbTh4UWM2ekhNMDNfTDNFOVBXdExlMENITW15MjBLMWNMYWJiMjBKM2t4dHVORnJON0ktS0daUXhrZGJ4N21TMWw4cHEwa3I4VVdjdndSWGs?oc=5,Rutgers University,en,coronavirus crude oil,covid19_pandemic,relevant,0
2020-03-16,"In Kentucky, gas prices plummet amid coronavirus spread - The Courier-Journal",https://news.google.com/rss/articles/CBMitwFBVV95cUxNT1FuYlRlUUFESTBlTHNpRG52TFlhbDFiUjFodi11YmtuYndWdWJGRmtFcVhtMHFkTzJfTnlqTGtrUWhrYmRIVnkxVWFRQ1E2ZWxPcUYxRjdsM2tNa1Flc3hMRXlzYnlNcWhRWDdVbFBRRm5pd3RZTEhSNFZYVkFvMzgwMm1aLUhSSGV1UFduemFuSTFiZ25tNGZhVXMxOTJrUG5nT1EzZmktd3JwYmpVTi02WXRwOHM?oc=5,The Courier-Journal,en,COVID gasoline price,covid19_pandemic,relevant,0
2020-03-16,AAA Fuel Prices - AAA Gas Prices,https://news.google.com/rss/articles/CBMinAFBVV95cUxQRjdYTVVnNk1iTTZHakloUFRrU3B1LWNNTmZEN1FWRHdEZlhhS29WNjZ5cm11R2c5VWtqaDVwZVVpMkhSS19vUGpKY2hrRmxCSXl4c0Y4bkFVcEtIZGd6NEV4a3FlYllNbnVST2VQWUc5VDc2c2Vqak5fOUFqNklQbF9zdWxnYmhWb1QzNlhyOUI4Mml0Qmk4YWx5Rjc?oc=5,AAA Gas Prices,en,COVID gasoline price,covid19_pandemic,relevant,0
2020-03-17,Gas prices drop in Pennsylvania amid coronavirus outbreak - LancasterOnline,https://news.google.com/rss/articles/CBMi3wFBVV95cUxPbUx1eGdEblBHRjZVVW9NN1BELUIyNWwwdFh4emxwdXB5VUhUcjh4WnpJUWpwWW5Uc0NVYXFCX281dzFIVld3QjFBWXlQYm1ramQyemxfRzQ5Nzd6ZWI2T0JRVFRlc2RPY3VXNjZQcGk1MGYzOF9PZEx5c0wtVHhsRGdYZFZRenBOa2Y3RXNWbmNOY3VDQTB5M0JJcklFdzFoWjRMZmlWMjdYbFNXaE5TYUJiNm5KOHdsVzdCYWhQMWRRV3BqS2tWWVR4Qld5U2I0U2EyZGhNQzU4RFFWcjZZ?oc=5,LancasterOnline,en,COVID gasoline price,covid19_pandemic,relevant,0
2020-03-17,Oil prices could hit teens in coming weeks as markets crater over coronavirus and price war - CNBC,https://news.google.com/rss/articles/CBMizAFBVV95cUxOdVdKeWw0MnNibmF5M3JIclhCMVV2LUpscWlseWhuVmd3NFJZcFQ0czNFUzhYN1BuYUV1LVRuX21xUlN0TEhULVlSV2c0MXhGamFOVW1hR1luV2tiaTBoOEpUd3J6aGFEekt5Mkx5UTZDTF9aTjM2MDZMQy1FamotTXVBcldTRi10SW1EQkRlVWpYeTJDQ0IzeGY2cFVBbF9CaEVfeFlhTFduSEtzUWxUR2lLUXhSWkxMa1FlLVlLbVhNck51M0ZZenBNcVXSAdIBQVVfeXFMUGItSnFUMW9rS3AxS2lrMUl2Q1d0Wi1oSDFXVVprLVhLWUNSOTA0Nnc2Zzk4OEJscGh3NVJ2MVVreHZxMGVsNzZqWndlZEpCWmFKUmh4UzJteDBya0syQlJkRHlhUThHeEJ2c25UZjRRMi0zR2tWTEdnUUNqZXlPMndZb2lTbHVjbUJNU3pnbG1RTFRDN1FMdFVKTWlHS3NwSTZvdHpFWnhwV3JwVVhxcWpNMDJpaEY0bEJqdzBRa1BycXVaSTlXVDVpaWpxMnJBc3BB?oc=5,CNBC,en,COVID oil price,covid19_pandemic,relevant,3
2020-03-18,Crude Oil Continues To Crater As Short Crude ETFs Gain - ETF Trends,https://news.google.com/rss/articles/CBMirAFBVV95cUxQZ00zd2laNG9uQXlmczF5RGpTNXEtZ0lCYzRpY054Wk0tMHRGMXNjY0ltYzhINlFwcEJ0NURBZHBtSlBDZWxMeXZCakplV1ppbEhidlA2c1dsMW1IUGZ0azNtdzI0Vkhhd3FNSHhzQjFnTjdpVDQ5emVDQ2Y2OXNVTXJYRmpkRTIwNmhBc0d0NXZ1MzlodU9Zdk0xSS1GUFNFWmNGMVNzS3BZbm500gG3AUFVX3lxTFBaWmExOF9Vd1VPa1B1eFRkTjFhY01VUVlHN2lEZG03THVXZVF1QzM5TDNOYzctZk9vZTRDQUlVQzNWX2NwNlFhcDFzUXY4Snhta3lTVFQ3TnZQQXpXQkRmQ1Q1WDBCUC1tX3NHTDJDQk0zUWVxeEVLVHVOb3NvbngyRjg2SFZqUG9hSzR2amlvcGNDSTFWaWxRR3diSVpYTFY5S2Q0aEFJY2FpWmg5LWlGMjZwY3c1TQ?oc=5,ETF Trends,en,coronavirus crude oil,covid19_pandemic,relevant,0
2020-03-19,Gas Prices Plummet Around the Country as the Coronavirus Wipes Out Demand - U.S. News & World Report,https://news.google.com/rss/articles/CBMi0AFBVV95cUxNYVhENmNZXzRIanpNQ1EwclYtc010blBQaHRHX2VOMWd3R0N5aE8tYWpzRnRpbE94MWZSZjdteEZibU1fcHZKekVLUjJsUDhpY2Y2ZkhEVVYweExhYTF0VmVMZkV0TjhXbFNUTkFUMk1GNEUyYkZRT1ZaSWY3dVFQM1VPaXZmRFpwMHo4dEIydkcxdFZTN3Nhd0wwMGRvYzY3djFSUDAtYkYydkUtdjR2QTVIQ256ZUprck1YM19GdU1RTW10R0pMVFZYRWx6YUIx?oc=5,U.S. News & World Report,en,COVID gasoline price,covid19_pandemic,relevant,0
2020-03-19,Gasoline prices drop in wake of coronavirus - Boston Herald,https://news.google.com/rss/articles/CBMijAFBVV95cUxONFRKaUxQLXhNdVNNM0wycjZRMzhqWjZzZXByQjl1VWU3alJRaFpsN2RuNHdybWNYVDFENEFQalpVdjQzbkVUWXJZOHpackZwQWxkMHJCMFhXbW9ydE5jRUo5M1gtVFQ4QVhabldxTDlMbkwtRFROSUdqUVBrYnNnRjk1SzBnVWRZQkxVZA?oc=5,Boston Herald,en,COVID gasoline price,covid19_pandemic,relevant,0
2020-03-19,COVID-19 and broken Collusion: the oil price collapse is one more warning for Russia - Bruegel,https://news.google.com/rss/articles/CBMiqgFBVV95cUxQTHJnQUIwOFhXRU4wTF9tU1dObnRzdTVmTEkwcDdNb0pSR2RsVlJ4Yi1sSmRKOEMtMElMbWtlM0hRcEdTajNQTm1NMmFpTkZ2YXM3VXNaY3hPUHBSTkJUWHBRcmtZMjk4OHR0YU1QYy1YVkVMcGg1cXdOU09FY0RVTU5Pd2QzMjYzb2pnanplR1VFbWl2dGJDSU5NVUJDbjlRTVBXc1RwOG94QQ?oc=5,Bruegel,en,COVID oil price,covid19_pandemic,relevant,3
2020-03-20,Average gas price in Michigan drops to $1.90 per gallon amid coronavirus pandemic - MLive.com,https://news.google.com/rss/articles/CBMiygFBVV95cUxOOExraDQxVk45ZXowUzNIZ3lXbVF0bUt5cjh6YTVRX3ZicXlwcHJMa256a19TV2Jzb2dQSEZVYVZxWG5Hdmx6SUxnM2pOTjAwVlNneUFscnpZdjJ5TUZvb0hXNlF3Z3pMMGNRaEVuOGgxWm5hT3pkVmhhWmNhRUZnUTgwN0FXUlZyeEhUeDlKMU52TVA4Y1BQaThnMDJFc0NGcEdnQzhnVWd6TEJmb1haUnhSNmNBZ2RvN2xyVkg0SnAzeWRCckp5VGRR?oc=5,MLive.com,en,COVID gasoline price,covid19_pandemic,relevant,2
2020-03-20,Gas prices plunge as demand drops amid coronavirus outbreak - Los Angeles Daily News,https://news.google.com/rss/articles/CBMingFBVV95cUxPQTZjTS1UdjJiVzR2X3B2M2ZYMGtYRlZoTHZvdnZzMER0Nnl2aWxFWWkySnNobFhvODdCMnFrS2J2RWJBVXdsQU5QWHN5NldjLXNKY1dsaW9ZVVJxOUUzUVl2UHctS1pIc2lpZjRoSFlDSW5JOUtQdlJVeEdOcnd2SGlLX1RsRFNJUjd6MW1wRWlFd2lpWDlvMFg3d082UQ?oc=5,Los Angeles Daily News,en,COVID gasoline price,covid19_pandemic,relevant,0
2020-03-20,We're Barreling Toward An Epic Glut Of Oil - NPR,https://news.google.com/rss/articles/CBMiigFBVV95cUxNQkprU0g4V20zNlEtMnNudWI0Q3lWSS0weS0yR0RlQ0RPYTlZYVdQcDVzWTlVSkZnMWRwV3h0WDlpLW5NcDFwajB2UGczb0p0VTlmWG1Wano3emFmSHVPQUNRWTItcmhMNE9nNzlfZmlBUlBGRWJiRlpVNzZrdlFTUDhlTURzVlhlTnc?oc=5,NPR,en,coronavirus crude oil,covid19_pandemic,relevant,3
2020-03-20,Could the Coronavirus Push Nicolas Maduro’s Regime Over the Edge in Venezuela? - Time Magazine,https://news.google.com/rss/articles/CBMiakFVX3lxTE9PVFdxTnVOVzl4OFpYSVBseGVGMm1LT2w3X0NqY1JlcF9PNGg3Q0hWeTVQWHVSR0FGODJmMEVNa0ozbmdERW1pUGNldWRuOGZia29zTFVKV1FrWmlYRmJsUThhVXZ6Sm5UX1E?oc=5,Time Magazine,en,coronavirus crude oil,covid19_pandemic,relevant,0
2020-03-20,Gas prices drop below $2 in 19 states and are expected to keep falling - The Washington Post,https://news.google.com/rss/articles/CBMihgFBVV95cUxQdUtERXhqcGc4SWNHMGN3ZzMtV25iQXh1TlZwQUFIN0JMQ0UtaG5TcFI2aFE3Y3FXMGRNS1NDOUVCNUQyb1J1U1QzWVNPalAweXFYeE5qSENMWjVuVmZ6LW93MjVNMXdrMnVyYmlXMnJFbXBsajkzT3FaZUZaZmY4czM4LXFlUQ?oc=5,The Washington Post,en,pandemic oil demand,covid19_pandemic,relevant,2
2020-03-21,Oil Nations Scramble To Beat The Coronavirus - Crude Oil Prices Today | OilPrice.com,https://news.google.com/rss/articles/CBMilwFBVV95cUxORGdSaFhhRDdYVGV2UHNKeVoyaHZwWnV2T3JtMVNoODl6Q0NQSHBrd2hWX1U4NHdUR3YyR2V5YkYwblZ6V1ZYVk1nQ2x5M09JTWhzMVkyY0NyYzZaX3Y5T25aY0dfbjhaby1kRHowcF9MWmVBZlNIdFhJZGl1YXBGbmZpYlBoV0k0RUxwVF80RDZ2UVJDRDU00gGcAUFVX3lxTFB3VDlWd3M2TW5NS2hDeTIxc2lMNFpwSmZ5d3lWSV9VbE1jWm1DbGlXQVU1Vkh6QlBWQS03U0RROFFOSzFqdGZDbjJkbFROUGh1Y3VjZ1VrbWFDbWFPZFdleEZYejctVklFRENhU3FNME5XOF9rLWxLRWRrYWFBX1NoS25ocTQwTzh2WXY4YjF3SnJFNV9mU1JCZXlINg?oc=5,Crude Oil Prices Today | OilPrice.com,en,COVID oil price,covid19_pandemic,relevant,0
2020-03-22,Lower For Longer: COVID-19’s Impact On Crude Oil And Refined Products - Forbes,https://news.google.com/rss/articles/CBMiuAFBVV95cUxNMldWcUdvcy1URnY3cnhfMkNENkhfaHhLa0RwQ0lFdjY2VGgxWVZpRzBEYUR6blZ2aHR0N29wLVZZbkRiVHJVY2ZhOUZYbkxzRi0zaGxROXplMnlJcnJsRXAyalNFT1pKbDV5ZTNpSkFwRzhoVk1ybjBMeFExYWZrV202R0xGT2hKNERZQnBoemkxS0ZMUlFrTDBNNXZJNDJjYTduYWNPbXNxeXJ6TUJlRnd3LUpSaHBM?oc=5,Forbes,en,COVID oil price,covid19_pandemic,relevant,0
2020-03-23,Memphis gas prices fall as coronavirus outbreak slows economy; travel not expected to rise - The Commercial Appeal,https://news.google.com/rss/articles/CBMiuAFBVV95cUxQbENFdFVHcFMxdE80bjlHRHNTQjYta2ZMMVJXYk9wSWR5Zk5SVFY2RHU3c1Bxb0dGQ096UjlCcnNkeWlreUdsZVJTNC1QREFQNFF5Wngwc3VrZFR5QTZMb0ZwS0V1aWVVTW1VWDVsWnExdng2bWFnVkxPeUVJTFpSV2JmUFl0UkI4QXVxN2RBNjF2MTVoTE1qeFRWQVBFNzN3U2VaekVDcVZzT1Uzc2U2ZUxFMEpoRENS?oc=5,The Commercial Appeal,en,COVID gasoline price,covid19_pandemic,relevant,0
2020-03-23,Gas prices fall below $2 a gallon during coronavirus crisis says AAA - 11Alive.com,https://news.google.com/rss/articles/CBMi9gFBVV95cUxNcTJVZ2hybFY2TTZmT1R5QVRFZ1FfVy1EMG42MlJJOHJfTFZvMlJnX0FzRVpQelpobDdKOHBEcUotNVRWbHIyVkhKRVp3ZWVFaFhZeXlyY1ZvMXNEQ1h5ZVBXQmNIRy16SUhJbENjMFNUYm9jeUd0S3JER2FEYjh2S1g3ZFZKYzN2M01jTm9wZlBoVUF2ZDJfazNWSmozQ0lsYzlFalpRSHpKVEt0THFtQXFveGhER3JJRVREcFQ1TFJ2Y0JMNUNYQ2xDUWxzMHNBaXhIOERjZEVkNTVDLVJqc0xjbm1VS1J3ZlpKTGVhWWRkdmRIdHc?oc=5,11Alive.com,en,COVID gasoline price,covid19_pandemic,relevant,0
2020-03-23,Gas prices ‘collapse’ with lowest oil price in 18 years amid coronavirus and Mideast feud - PennLive.com,https://news.google.com/rss/articles/CBMi0wFBVV95cUxON196WmlwM2lmY19vcTZfRkpzY3ZZWmxFaGR3SFpoYlA1cmVKelJCU01YNmxuYXB0TWFvQXQ2V19CTjY3WFYxeEFselJYaDVLcFZIM0UxVUNZZ2FOQ29RQlUtckJJZUZDNi1tTWFNUlk0UmJDX0FtYnlIVGVhOGNTcXBqcFl4Nkx3T0hSTEVTYlVqeUxPaTZ6WlBSZVhhSWNhSnVieG5SeURWYk5NcjdISG9oN2l6RVlBV2ZGdjd5ZlZTcFkzVGpkSVJjenZHdFhYcjBV0gHnAUFVX3lxTE9hT1BjbUh1M0NxOTNfMFd5LWNldk9BWUhudEhWbEVLWlJCaUNFR0hwenIzbGZCeTBnUF9sRVBnQTV3ejloU1hiU1plUzR2bmhybW54MGhadC1pMkxxWVdWU2tvVWJCbHFrNnlCUThScExhY0h3UW9ROEs1cWpNd0dUSmktQ0FGaUx3bmNSdU1BaXN5Unpmd2V1OVJ2VTFSRjFiV2tIalBFdGJSSmYteFFNM1RWQUZtbmFWSUN2SmlIenAwLWNiSVJXdTVydmV3bUFzLVlvWGp3X29DR01vUUVPNFV3U29WSQ?oc=5,PennLive.com,en,coronavirus crude oil,covid19_pandemic,relevant,0
2020-03-24,"Report: Gas prices continue to fall in S.C. due to COVID-19, crude price war - WIS News 10",https://news.google.com/rss/articles/CBMimgFBVV95cUxQSEZMWjhUOXdXcHBRanR5S2VOYlV3em1HeXdaelgtSFZvZVBSc19jSnNkb3RfaTZiTDRYTWhHUl9Rc1NXTEhUWWI2LXJ6clctcnNmQVlqek1OWjVuY3h5UlFvTkd4VnlUMVpHQlVFcWxzY3RRWDRjcDk1TExKVWhRanBCQ05XTHpMMlNtdGk5X05udjBrLXZlaGxn0gGuAUFVX3lxTFBiMklFMjlTQnhGTFpyZHFlVDFOc2FlMmRBR1NlOHU1ZFlYOHFTNEo5RFBicUt0bDZSWDRaQkRWZWRVaWRLRXVOUVBCSDNSYTRaUmtnSVhBV0JvMjZpX290bmg3MUhiNktiSVlCLUJGaXFwdXNXOThkRlBEdW0tNzBCMllYRXpmX2swdVZhanlqd21MM25GZ0FqZFhCR3VnNWFiaW5MUmVWQ3NfWEtuUQ?oc=5,WIS News 10,en,COVID gasoline price,covid19_pandemic,relevant,3
2020-03-24,Gas prices could dip to lowest point since 2002 as people shelter at home during COVID-19 pandemic - The Suffolk Times,https://news.google.com/rss/articles/CBMi3AFBVV95cUxPZkpncGcwRkhKRFdMbzk3TUFGU2VPZ0xBQzl4VUp3YmlBLVNacTJKUTdIVEZaNHJmeXQ1c0ZXbEowcklvNkpfRy1fZEJCVHpfUVBZSi1VWldSN0x2N3VibzJEc3ZKSzczZHBBRzFCbTY2aDVTbUdNSWhpYmhWZkRJYS1mYkEzdmsxcXhBRnhqbGR4aDdPRkxYc0VQakljdHBUMGZ4ZHRqcnJDTDZwNW85UkxjNFlPZGJHbWdDZ1o5OGR4dm9tQ0ZiRXRZeVNRMElsRjhGT0dVLXNjbEZV?oc=5,The Suffolk Times,en,COVID gasoline price,covid19_pandemic,relevant,2
2020-03-24,Gas for $1.99 or lower? Coronavirus leaves prices plummeting in Pennsylvania - York Daily Record,https://news.google.com/rss/articles/CBMiwgFBVV95cUxOZS1QLW5NZXV6TzFPRlFBTEdfTkZFQ0tkTEtZWEYyaGVBbS03WDlsQ0lra0dHM3o2TGdnLVY0UG5SUVMtLUNRcGlrMEFka1dubU0tVmo5cG01cDYtcldGU3NjbGE5YnBjWWV1a3JFcDlnRDdFVjlkWXNWTWFURERuaWIwLWxGQTV3MUVrT2Q0Um5Oak1oNjEtR3JnNW05Smd6dHhMZnV3MlNrQVdqZl85SzNQRWJ1SEhRVThTcWdTXzl1dw?oc=5,York Daily Record,en,COVID gasoline price,covid19_pandemic,relevant,0
2020-03-24,The implications of the coronavirus crisis on the global energy sector and the environment - Atlantic Council,https://news.google.com/rss/articles/CBMi3gFBVV95cUxOaE9NLVdJTUdRbnR5VW5oVFhHWlprWEdMcGFiclE5djNDUTRlRWhLR1JiZ2pVdUdTUFNEaThlWUFnTGFMYVZDdVNTNGJ1bjNaNS05VjRxREZocHg1OE5JakI3U092V3M0cW9wQy1aOXpjcUR2S3hUazNFVTJoVXVuWjgzMVFvd1Q4UjFTOVBpRG8wQXVibE5TTFM2b1VFenZOeGVzYS1UTzVBcE42Nkl3S19IcEwzSTRMWm5MU0IzS2Z2VmtPb3h3V1kwNDRSWFdicDU4OVVCVTZhNkJ6akE?oc=5,Atlantic Council,en,COVID oil price,covid19_pandemic,relevant,0
2020-03-25,Coronavirus Shutdown Pushes Local Gas Prices to Less than $2 Per Gallon - San Antonio Report,https://news.google.com/rss/articles/CBMiogFBVV95cUxOaVdmNDNFOVJsZ2RUUktENXFxQmZ5UnBNR1RkYXpOR1lGSHZSU2J4TUpNeWpvWVBCNjlXWjU3UnJ2ZWlsVTFTbmJOT2ZZeXlZVXVxQjllNk1OZzRieHVWdV9Fd2dHcHQzUDhRZW42R29meXNkQjNNc0l3R3JOV1c0cHRQOVgwVDZrVUE1Q3h6YjRmSF9pa2tSdnY4cWVjRFN4VWc?oc=5,San Antonio Report,en,COVID gasoline price,covid19_pandemic,relevant,0
2020-03-25,"The Oil Price War of 2020: Winners, Losers and Ways Forward - Russia Matters",https://news.google.com/rss/articles/CBMikwFBVV95cUxQRk9OSERTYzhEZWJjTTBPTXNMWXQwM1VaR2R0eWZ4X2o4b01RVWV6bUhPYi1yTzQtMGdqMjJqcGx1ZWFXcFM3LVpBLTBZQ29ral96aWVOOVVGcUhaeGtHQUdfMmlCajVVMHFIMzZyVVhST1I0S3B0enlzcEJlcFpEdWV3R2podFhueXFLajV2blVieUk?oc=5,Russia Matters,en,COVID oil price,covid19_pandemic,relevant,3
2020-03-25,"To fight coronavirus, Azerbaijan passes the hat - Eurasianet",https://news.google.com/rss/articles/CBMieEFVX3lxTE96Y2M3QlVxX2ZLR0ZkWnhqVjdCN2t4Tzhrd291dkd5YTlnOHlnQllSN2V0T3NQR3RqRUxuWHpRX0k5azl5amRVSV9iQTg3c2dvX2JTc3RjSERXeGlyUG5STWJrT1oyZFg3V2xKV3hGMXNTa29VVDlaNw?oc=5,Eurasianet,en,coronavirus crude oil,covid19_pandemic,relevant,0
2020-03-26,Gas prices dip below $2 a gallon in some parts of the Lehigh Valley - Lehighvalleylive.com,https://news.google.com/rss/articles/CBMiwgFBVV95cUxPNmZMLVBFN3hMVWZORVBtaFRHbUNwWFg5bTY4SXRwWWNncWwxRTBsYlVOdjRkbHhaR2E2b0s1ZENDaXdoSUxfM1VIUUJaNWdVRVpva2FTTm5nbThNTWpKMzNja2J2cEgyVTFjZlBWbHJ3VHpUWV9hWkNwV0FOSm9yTldYZmNFMVdIQkVzVTZkOWZhVVowLTNIX2h5OWY2alFBajBuamZ3TWJHSHVwZ0JnSWozTzFVdUJKNVBPUmIwUXNYUdIB1gFBVV95cUxNTzZUdWNfejJ2clVHUk42TE5ibFptMm9nU2N3TW5GaDNIRWpvb01tRjVaVzdGa01hbmFKLTZNTUhuUUpJa3hsZGRzLVNXUWc0b3h1ZWlZdjhBcGRJOFUzcXJRbzNwcVpiT0EwNkdwSFE2X1RMb01KT2FfZkJKTmZYWGlycDFnbDM0SWdieEE3S082UTZFYUF1ZXBSenYwZ2RGZEFNRlM3UU9HaVB5bGpBUTU0ZWY1b2pNeEVFeXdNdmw3ZlRNc1ZZUHpJTGFGMUc1dzJ6ZXpB?oc=5,Lehighvalleylive.com,en,COVID gasoline price,covid19_pandemic,relevant,0
2020-03-26,Coronavirus case reported in Crane County - Midland Reporter-Telegram,https://news.google.com/rss/articles/CBMikAFBVV95cUxPZlRIa2IxWDlJdTlWbUpEdGxscWNSOGdENERlVC1jSDFLZGNSaTNQdHRqb2d1UmZFaEcybGRyWmlJSTBtY01lVDRnalBXdHRmSnZ0TnZyM050U3dESV9zYjM1Yy1sOTRXM25nVThVQl96V0E5SHZwY2dxZE9ONjdPQU5iS21YUmdyTG16T0FMUHY?oc=5,Midland Reporter-Telegram,en,coronavirus crude oil,covid19_pandemic,relevant,0
2020-03-27,Gas prices drop across the St. Louis area - KSDK,https://news.google.com/rss/articles/CBMiygFBVV95cUxQc1JLV0tXTDRnRHJoaXMydjBLWmxKWTJaX1Zxa0JKMno4anJIWE15UUt6VmpYTm9mOTZHT0RDWUpqTVoyRi1nVFNKVEJpbFpGVGZoTWNjeGhjLXpPZnV6ZlRob2U2d29YdnVEbEk0MlhFNUdsNkJiNWFOX2xuM191V2ZyUHp6RjFGWlM5eC1lYXp3bGJHdWd6Z3RCMFppMGhoSzY4T2VxV1pxLXhKdldCVk5aNzNYY1RTdDJhbWY1Y3BiYV9Ud0Vod3pR?oc=5,KSDK,en,COVID gasoline price,covid19_pandemic,relevant,0
2020-03-27,The Oil Price Collapse Could Reshape Global Natural Gas Markets - Georgetown Journal of International Affairs,https://news.google.com/rss/articles/CBMisAFBVV95cUxNWnREcmlRSFJHX1BDM1pvd3M1Y0k5VEdXTVNXN0hLNU9xNEtZcWJ6Z09wR0Q1MVBDa2dlVkFfMFBCbHI0N1FhQ0lHYVlnR29lbjRBMjlDV1R1MGxJWVRmVkxxQXVpYzJsWFNNcGRMRTVQWmlYZl9UTDMtS3VWZlIxN0FPZEpGNnp3Z01oNVp2YndkU1VHSmxmU0tZaTFjZ0ZMUURDeFdzSGVfbmtqZzhhQw?oc=5,Georgetown Journal of International Affairs,en,COVID oil price,covid19_pandemic,relevant,0
2020-03-27,Oil market volatility is at an all-time high - U.S. Energy Information Administration (EIA) (.gov),https://news.google.com/rss/articles/CBMiY0FVX3lxTE9nejMwMVNjbmJsNEZSblg5M1hQMjFyYUxoZGpZWHl6a3h4cFlCM3NNOVlCem1SQXlfQmE0cTRxblJmU1Z1c2tBNEJzNzhYM3dJeW50VTNXTGhXUnFPUHBUWDh5TQ?oc=5,U.S. Energy Information Administration (EIA) (.gov),en,COVID oil price,covid19_pandemic,relevant,0
2020-03-28,The history of hand sanitizer—how the coronavirus staple went from mechanic shops to consumer shelves - CNBC,https://news.google.com/rss/articles/CBMiogFBVV95cUxNVldJbkhOMl9ZOXgyQ2ZDd2VkN3B4RkVzRXpQMWdSV2V5TWp1a1pNWXhkdUVZSXdMRHVJMjZOVFZyUjNyUE12YzJ0dE1zTFVaNjJsWGJGbmVqMnZPRVViZ3d2bW9kcVJfc3RWd2h4ekV6cUxQQ3NmeWU5N2duaUlYYXNKYWlhTXcwenY2WV8wQS1VWHp3djc3MmFyX2pZTmZzVUHSAacBQVVfeXFMT3Y1Tk4wQXZzVU16aDFsZ0lqU2dSQ2JBY3pGOHZoWXRmOVFxREFCT0szM0ktZHMxQW41Znk0RkNobXd6M3ZIVDhTSUhvNzFQclVCWWhncUhQT0dEQmE1V3RMc0FqZ3pndkpKbmFxY0dDR01zMWpfUGlEaXlFa3RpeXMwOHhKSkFLaUpOM1ZJWVVGYTdscWtlZ1Y3ckxfei1LZnJMUkJSbDQ?oc=5,CNBC,en,coronavirus crude oil,covid19_pandemic,relevant,0
2020-03-29,Texas gas prices dropped to its lowest level in 4 years. What does this mean for us? - KVUE,https://news.google.com/rss/articles/CBMi_AFBVV95cUxOai15UTdIYkdwSGVnVEFoZDh4VF9qVWJ4NUF6UEYyRkY5RjVjRVNzZmZoTmRKRzJmUGYwVnJkVzJROGdUclB2cEZJZEtHcnhmY1liR2c3elhOejdxMlBodFVtVDZITXZ2NlJIWlZuaGdDMVNLeFpubkx3Nk5qWlRmSllhdy1XUm9KUlFKeFFzaU0yLTdkZ1VOYUpFR1pDT0MxemtqaXNrNDlJR2ZpS3d6M0J3Vk1xSmtQaGswUGRWOUp3d1UwUFZ4NE5OUkIya1lNTlVyX1VtcXZhallUd29vYllYdDBReks5elBjNjl4cGt0VmxDUFlvenotZEw?oc=5,KVUE,en,COVID gasoline price,covid19_pandemic,relevant,0
2020-03-30,Gas prices ’sink like a rock’ in COVID-19 slide - Southwest Times Record,https://news.google.com/rss/articles/CBMihAFBVV95cUxPUTI5QlItNi1FcFotbjFYUWI1YnN3ZU05LWM0RzFqUzMyX3lzb0lscEJoX0pfWTF0d2xsbzlNSXIyYzFxbEI2U1hmeEpxNEQ5Ukd0blpfMnRuTmxCZmd2Z3dIUjItYjBmZmpfb0I1c19VZFpVdWRMaWFEaXRvN2RVOE55dlc?oc=5,Southwest Times Record,en,COVID gasoline price,covid19_pandemic,relevant,0
2020-03-30,Oklahoma's gas prices lowest in the US as economy feels effects of coronavirus pandemic - KOCO,https://news.google.com/rss/articles/CBMiwgFBVV95cUxOWWtEQjMzOTl5YjBsY1pXbkwxTDhFYzV3dmN0eHpVOWtNSFFwVDZteWt5a1RLNG82clNCYndEZjVLQzN6YVRLbHpndWI1RUNBS3FVVjRCVGtPOUV2cllGSS0xS2FZeXI5VWZ6aE14RnhGakFrS3EzSDMtVE5XUFJoYlBYS3laRVZGcDlDU043cFl1THYwZkdhdnhraXp1dVJjdlc1MDctWFVaNUhtR1JmdkNsTTJOZVNPQ1dFRzBScmc1Zw?oc=5,KOCO,en,COVID gasoline price,covid19_pandemic,relevant,2
2020-03-30,Maine gas prices dip below $2 a gallon - newscentermaine.com,https://news.google.com/rss/articles/CBMilAJBVV95cUxQLTZhc0Z6MHVIQTNyd2hHZmZ4UVJGZnlxWmN4U3NmWVZPTU14cEJzODZFNE5tRks0aVFYcm5RUVhLTzlzZDRKMWZYWHpHUVRwRFJ4TG1PMTZqWThrQjlfWktMVHlVUTVhc1BidkNjQTR1UjJMQUdCNWwzaGRsMUR0UHBLNm13RFJQcjZhUGNKMXFlWk95cGl5SmVtM1hYaFdBVnE4RnhCSm9wODk5ekhYNV83dnRfNVBlU3JNU28wZ0pUcjlzRjVUVDNTejFIek9SY2pVbmIweTh1eGZ0ZGQ0TmpacC16OFJiTEx1UlJ1MnlKRjRMYWlqTElvekp5R21FbWNQaDhwaV91UXpNYnhtMjdpMGg?oc=5,newscentermaine.com,en,COVID gasoline price,covid19_pandemic,relevant,0
2020-03-30,Gas prices falling in Tennessee as COVID-19 slows travel demand - WVLT,https://news.google.com/rss/articles/CBMisAFBVV95cUxNb1VhQzlQTkdGVldqSzBXdy1WU0RhRTZrVTVwaTA1ZHNZNVJ4aVc4TEtDNzEzX1RwWVRhLXZoMVdLTFY0enprN3RFYWFnWG91UHVMR1N1RkxwenQzSlZCelkxaG5BRlRWellTa1A4M3ZaOURIQ0Zfd2lLQjdNbmJOa0F6MEwyVFBybW5XOF9KZlYtOHFYUG5vQUFXU2lFWndFVUlDMEhlTEMyazZGX091UA?oc=5,WVLT,en,COVID gasoline price,covid19_pandemic,relevant,0
2020-03-30,Coronavirus: Oil price collapses to lowest level for 18 years - BBC,https://news.google.com/rss/articles/CBMiVEFVX3lxTE4zNmtsSXV6VFVKT2NDVnFhQ3ZwT05iOG52bEppMTVXUGJuRUthY1FyUmdVTHV0U2ZqQWxDNDE0bWRwdnlkdzQwUWRkMnFZYzRtdUpiOA?oc=5,BBC,en,COVID oil price,covid19_pandemic,relevant,0
2020-03-30,Oil crashes to fresh 18-year low as demand suffers unprecedented drop | CNN Business - CNN,https://news.google.com/rss/articles/CBMibEFVX3lxTE5wcDBncEZXWGQtUlIwSjVkeHc4NGxqMEtPbXdrZGRMOVVaSjRhQzBDaFlweFFSbk1TVFVuMnVvWVNyYUQ3VURNcERtcVRUSlMxSDFyaHpuTnl3TFRRcW1iMVAxdE9BWF9XM19XWQ?oc=5,CNN,en,COVID oil price,covid19_pandemic,relevant,0
2020-03-30,Goldman on how the 'largest economic shock of our lifetimes' will permanently alter energy markets - CNBC,https://news.google.com/rss/articles/CBMiqAFBVV95cUxObVFKSUtRVHpkNUw5ZUxldzBwVHpKVGJOWGtUcGJodXhFYUIwb0x3dWVTUXR6al9wMFE0bjJrVGN0Z2JLU1lhbjBsY05kQmhjanNwVkJNNTlpMzc4cTlzZ3p2ejNjUll0RDNQcy1KdkVUbUlfQTZBclJFS1Y2SDBadExxUHJQZDM5SUlJenJsWXFEMTFfZW9YSVJ1OWhLc3A2UE9KN3RqYkTSAa4BQVVfeXFMTW5OTjI5QWtnWVFWS1c4QmdVZUdCaE9tTWNfUWJlX0h6S3k3N3RYNXQzVU9UelR6blM5RnM3allBTlNrTFYwNzY0TlBwa0dDSTY3SUZPanpmVW5HbXdPaW1raE5kdnpQdnlrUnNJeHNjMVlURHFsMjl4cEs5SkU5b09NRXBGTGhRbmNvSXNkVjFENTlQV0g5QndRaC1URzRtTzNlSnJxNVVwVm9oc0J3?oc=5,CNBC,en,COVID oil price,covid19_pandemic,relevant,0
2020-03-30,Coronavirus: Oil price collapses to lowest level for 18 years - BBC,https://news.google.com/rss/articles/CBMiV0FVX3lxTE8zMUNsbTJrbGI0VkdKOUFSRnpxNU45VzZkTXgwaUJJV0Y2X0s1eUp5WTdQNnBfUWVFSDNwYjFrSEVtdDEtQUxsQ3A3dVRMU0Vha3p4cFlNbw?oc=5,BBC,en,pandemic oil demand,covid19_pandemic,relevant,2
2020-03-31,Gas prices hit 4-year low - KUSA.com,https://news.google.com/rss/articles/CBMixAFBVV95cUxNejhSNGhleUg3NENXbHhGMVFyYXRWR0R1QjhaVFJpR09rcFBPdTdmZG0yUDJhOUdNU1hSZFpqRm0zRHQyeWVUUkN6QWJnaGhOdmExcmlDUTNrNFV4QTFkTE9mZENMZTlnR1B0d2ZwT01nV3dFSjV1NDhJTVFSc19nZG93VkRjSzBjNWFFQzdpd0ZqQzNyZklLb1B1Yk95TjRhcWY3YjdFRGRvUFhqZjVjR2lObjE5UU1ZdHNnbGlRT0pvZXBT?oc=5,KUSA.com,en,COVID gasoline price,covid19_pandemic,relevant,0
2020-03-31,Gas prices drop below $2 per gallon on average as coronavirus keeps drivers home - CNET,https://news.google.com/rss/articles/CBMikAFBVV95cUxOdm9XcUNfOXhUa1pyQTl0Nkt0TkRnU1NQclZRTWhULXMta3RhUWRRMl8xTkpBLXE0bWc5NlNHT2t3MG1nN1lHUmkxQ2xtcEVMUm5mYmk4SklGTEJaQ2h0SGwwMF9tMTR5OGRuZkdBbGFXazRMQkhXcG9iTjg2aktHTVpWdmFRR1NBdVJTWXpxT2Y?oc=5,CNET,en,COVID gasoline price,covid19_pandemic,relevant,0
2020-03-31,Nevada gas prices drop below $2 as more people stay home amid coronavirus pandemic - mynews4.com,https://news.google.com/rss/articles/CBMiekFVX3lxTE1xeUcyVU9mRmRvZUN6LTYwN3JoU0RpMk92ZzFsT2RfRkJ2V0VMUFdwQS1UcWNhNDVNd3pkNnkxU3AycFFzVXljTVJ6MmtjV2Jrc0MzelNITVVNaC1KamlaV1YtODRFX3pNT2ZMblRkYWhGUDAxZWNGeVJR?oc=5,mynews4.com,en,COVID gasoline price,covid19_pandemic,relevant,2
2020-03-31,"Iran coronavirus (Covid-19): Updates on the outbreak, measures & impact - Pharmaceutical Technology",https://news.google.com/rss/articles/CBMitgFBVV95cUxQU3VsUV9nSWZSbFJfWTVmem9UUmwtU003cEtvbFh2VmhWdnBJZWhXT2RyclhuVGl6b1I2NHl3ZXduV01lOG0zRkMwT1licDJLakRxaGJkMXFaWThMNlQxOGxnNDdxRHlVOGpidEJtcDAtbnRsWXE1UVZEaG1qck5jQkEtM3dxTnJVcHZMX3VyaG81TnBlUWVjWk44aWpJQ2owRE1Ea2ctSTdPRmliV0RqVmxSNWhPZw?oc=5,Pharmaceutical Technology,en,coronavirus crude oil,covid19_pandemic,relevant,2
2020-04-01,Gas prices fall as low as $1.26 in CT amid coronavirus outbreak - CTPost,https://news.google.com/rss/articles/CBMipAFBVV95cUxOcENubjdHNmotMmlfSGoxUTJGZU5wMmNRRXdNTUM1STQ0ZG1VSTdIQl95bUlvU1pCRFRWTFlrS2d3X2REOTRVcHVEZ2JyMFMtaUs1b1NnT0FRWnl4R3RRUXF1cHpyN1NyTkxVcVp0cW9RX3BJeHVFT2ZaYUlJa1ZLdm5ONUVpV2xCN3NMYWpLTlNHVHhrUmQ3aVdtYXMyV3pPUHN0Rg?oc=5,CTPost,en,COVID gasoline price,covid19_pandemic,relevant,0
2020-04-01,IntelBrief: Oil Price War Clouds COVID-19 Response - The Soufan Center,https://news.google.com/rss/articles/CBMihAFBVV95cUxNVkRsT3UtWVY1RXBZN19qbG01dlc0eUYwbGIzWlBkVzNPdWdfMDh4aW9iZHdtaV9Ec0hLak5SZlRZVkJCZmJjRWpLX3R0WUE3dnpoZWdYSlZmd0J3dWFHUnk4cmtpakkzZnBjWWpGMm5xbTFrZUQ1UHBmTC1JemwzN0ZES0g?oc=5,The Soufan Center,en,COVID oil price,covid19_pandemic,relevant,3
2020-04-01,"Oil wars, petrol prices and COVID-19 - The University of Melbourne",https://news.google.com/rss/articles/CBMigAFBVV95cUxPNmo0SnNYY1Q4Nl81ZWdRQTdITDZIcXdUX1FZb0RNNWhSV3ZkUUNtOTJ0UEVDa0ZSOVBTWmloa3BXUjNfSnplY011V2tsZnNnOU9OdHpKaVRVU1lNd3ZIYmpteEplZWpIeDAwaVZDM09rME9rajVaa2oxclFaWlg0ZA?oc=5,The University of Melbourne,en,COVID oil price,covid19_pandemic,relevant,3
2020-04-01,Tackling COVID-19 in Africa - McKinsey & Company,https://news.google.com/rss/articles/CBMimAFBVV95cUxPTklQeVpHT193QU1KaENlWlNtMElmVUx3RV9vX3hGbVVybFBVT3BNWHowSnNoS1otcWpQd2g3TVhFTjAwRE9vQ0dYUVFfWVU3YmJWXy1xMGdfaVNPekJmMWdRWXlWdTZkVm43LW9VbmxaTmZSNVRGZ1BTUHJ0UkZzWjBPWlpCdG12dzhYVWNacWxhaGpjdUJ1UA?oc=5,McKinsey & Company,en,coronavirus crude oil,covid19_pandemic,relevant,0
2020-04-01,Coronavirus In Minnesota: Gas Prices Fall Under $1 A Gallon - CBS News,https://news.google.com/rss/articles/CBMirgFBVV95cUxQVWhQWW5lVTZKaUFlbTliVExVbnU0a2d4N2NRMU8zekZMeFlnRVJldUItN1ozMGlfalBlLU1ZNlRjU0xpSkVkSF9TNkxZMExFWDhoazM4cmhXNk5GYWZOM19WSmwyVzJwNm1iU3VHSDN6azNzWG9FMjhDT0RSTG5LTG5PeFpOWUtXaHBwalRrRzRvZGZ4TG9kWmZuMHUxTUtVclNBaXBxSHpoZzhndmc?oc=5,CBS News,en,coronavirus crude oil,covid19_pandemic,relevant,0
2020-04-01,Will the coronavirus kill the oil industry and help save the climate? - The Guardian,https://news.google.com/rss/articles/CBMiwAFBVV95cUxNeGh1OWJCN0w0Y0NZeEdMbk9JakJVd0JxTXVsdFdwWlA2UU5wNmhXT1Q2LXFtXzBjRnYzRU03V3lQWGdXWllmZG5sSlpMb2FXSUhEQ1o1b1pKdTZuQUVfSGpLNW1HOUFYcGVDNmNzMWEycFdQSXZKc21xWXRuQ1NydWxBU2hRSnFuWWlieHlnbFhQUVE4TDcyZ2VKOTc0U2lCZjFTY1ZHSnBVOWtTMW1scDFVZWlxYU42Xy1SMUdZMy0?oc=5,The Guardian,en,pandemic oil demand,covid19_pandemic,relevant,2
2020-04-02,Coronavirus: Gas-price plunge is not a good economic sign - Lakeland Ledger,https://news.google.com/rss/articles/CBMixAFBVV95cUxNTUxxNmtGZExUSFJrWTByVWVsbmlTaDh3eVowSU5xQnZfWGRMb3FkQXd0RnY2X0VfUWxNOVgzQnB6b3BoYmZfODN4Y2t3UDdvR29xamR2THYxX1B2dmY0cVc4MklJS2VJWFlUZkN2TlVrVy12elpkckVKdG9ERm5PNnhyaTB6ZmE1eEVrQ1FhWFduNHd5cHN3TlZzRTRwR2RrMlRsYlNGNlBNZDdmNGFIYndlUjNVNWJkOW1BSGZablZ4cTkx?oc=5,Lakeland Ledger,en,COVID gasoline price,covid19_pandemic,relevant,0
2020-04-02,Michigan gas prices fall to $1.65 per gallon; record low prices could fall further - Detroit Free Press,https://news.google.com/rss/articles/CBMi1gFBVV95cUxNcWt6NE4tZWVoVFB6dkZ1Z2s0MU9faUdGRWN4bDBqZkpRRnBPa2N2YXpadUpNb24yckdHRkZlR1pBLTkydmFYc0VwZ0RGd0RUMjY3bVg4Qlo4TWhmZGwxekJhdlBwM3FvREh4X1dQYXRTQm01ZlVKcnBtUkJtbHM5M1NwLWpaZnJpYlNGTUJuX3RNOG91aXM5a0FBNHJkVklVMDBuOVMtWTFtV1RPM0VxX1pFZWdCdUQxUjZmTXpLS1ZSYzhDVkNxR1NxdV84Z2dmbmM1QjF3?oc=5,Detroit Free Press,en,COVID gasoline price,covid19_pandemic,relevant,0
2020-04-02,"Oil Market Black Swans: Covid-19, the Market-Share War, and Long-Term Risks of Oil Volatility - CGEP",https://news.google.com/rss/articles/CBMi0AFBVV95cUxPMV9IUUZOYkZJd0NUT1pkalROdjAxSHE2VTFZWmRYZnlCNV93N1BUbkpvQ1pJdTJOZE1tXzBmZUwyT3J2anB1RVhGRVN6d19KWEs2eGY3SWJWTXptQ0tEU3lHdkxtZzJnQnlCaVF0QlZHemg1ZUlDU1pxcjVJZnRGSFJ3Z2t1Y3ZObm9yMDZqa1RqRnd1anJ4R1dkZ0lsZm8xNkJIdWFuOTd5a2Zvd1FQLXFRbWZ2c21ld3NJQ3RDZlhKWDVOaEdwVUxTdDdyTjRk?oc=5,CGEP,en,COVID oil price,covid19_pandemic,relevant,3
2020-04-02,Saudi Arabia's big oil gamble will hurt the kingdom — but it'll likely pay off - CNBC,https://news.google.com/rss/articles/CBMiogFBVV95cUxPaUVfZkp2Tkwyb05qS1dhMFlTWHJiWUdWNUJmeWthLTdQaURYc3Q4WVFYZXI5VzlOdlZDa3hhM2Vua0c5OVFVTkxhUDZMZDhKaWZadWVXRk5GeWFGOExvVGx0THd3Sy1WMDFxTUQ1OFJQYXh6SmN0M0Q0ekhwRm9kLTNWcU56eWgyaFlIazEyUkoyMEs2UHVZZjRWVkJCTXNmM0HSAacBQVVfeXFMTlV2eV9qd1MzSjVPT25MYV9vRWpkSS1IcGFyX0syV3VvekY3aTdPd2tYMHNhZlhQTWRJaEM4T3dWVXV5Nk5jejBNZWN2ZFd1dWo4OVdQbDExdlpTTXdzOGZlVExaRXZ0Wk9iWmJEYTlKRXVNeDhsYklXUUxEYzByRFN4UG11Y3YySDZKeF9BelZKeXM1akFTS19NTUxLeG1DQkpxdUZERHM?oc=5,CNBC,en,coronavirus crude oil,covid19_pandemic,relevant,0
2020-04-02,Satellites Map the Global Flow of Oil – Demand Has Collapsed Due to the Coronavirus Pandemic - SciTechDaily,https://news.google.com/rss/articles/CBMitwFBVV95cUxPdTlSaDZpc2N3a2txcmNsdkJLT3B5MUk1dTlRamNSN00zNllQT1VoaGdaTFBqTmRCSy12NUZad2hzWVBGZDNJNm5WSzFrR2stRzhPVk4xRmNKczBZOWF2bXdtTDZxWUFWeWF4TEVnaFllZGNSYVpMNFFPeEdWQ0Zsa2NDVHRrdXFMaG9McUZodDZvbDZ0NS12Qm5zdlIxbUN5VDFybUczNGZHRGMtd05GT0xMbWNUZG8?oc=5,SciTechDaily,en,pandemic oil demand,covid19_pandemic,relevant,2
2020-04-04,Florida Gas Prices Plunge 50 cents in 40 Days - ACG AAA Newsroom,https://news.google.com/rss/articles/CBMigAFBVV95cUxOVHJOT2J3dF96blBSS3ZRNnZuVWdhZGxsMWJBNlpfa204cE9PRENtYWpnZGZPcVJIM1k3eUFMV1F1d2tveWplWUp5Q0pXYTlXemdpekJJak1fV2tWcWhIZkxFY2E2cURMNHFTVU5nWlBwTXNWTkRPMzFqWGtyN0Fjcw?oc=5,ACG AAA Newsroom,en,COVID gasoline price,covid19_pandemic,relevant,0
2020-04-04,"Gas prices drop for coronavirus, but vary by 50 cents across SC. Who’s paying the most? - Hilton Head Island Packet",https://news.google.com/rss/articles/CBMidkFVX3lxTE5RMWVTV0VDNDYxd00zdHVQM1dSZEQ0U1h2VHYtX1JocWpCSkR4dnBxY0lUQm0zRjBJNGE4aVhfc0F6WWZZWm9tUGVCcU5PQl9nSE9BRldqVXlhX2xxU0JIaDBxWHFacG9HOEdFVHJBd1pWZ2p2Z0HSAXZBVV95cUxQcU82cWVydTlGOHRLYnQ2ZHZnRE5zZ1V4S3lTZlJONXF1SWkzWUJOVnFhNXJ0eEtIWEJfQnJham11NG5oR2xPOEQ3WjAxOTZXcGRMTEVOQWE0OUZJdk1nMUdlRXRrbGFqb2ZfSVR1TVdicDhMb2tn?oc=5,Hilton Head Island Packet,en,COVID gasoline price,covid19_pandemic,relevant,0
2020-04-04,The 'Limbo dance' of oil prices due to the coronavirus may send the national average to $1.30 per gallon — here's why - Business Insider,https://news.google.com/rss/articles/CBMiogFBVV95cUxOenh2QlRDWEpiWUVVejVEVWJCMVI0U24ydGZXUmRjLVpGWHRNb1VObVFmck5ua1ZDcU5xZlUwdTBFWTZ3TTJzNTVNT3ZXYXUyV3lLMl9JNW9KUF9yOG1jeVJmRXlyVmgzWTJEWk1aREhCM1RlYTZlZHZTUjFzMXdmMk8tUkVQejhLdnViQkFyaTJ2c09LUU5XNVdBV3RtY3V6TVE?oc=5,Business Insider,en,pandemic oil demand,covid19_pandemic,relevant,2
2020-04-05,Trump lacks options in oil price war; Kissinger warns of “world on fire” - Atlantic Council,https://news.google.com/rss/articles/CBMi0AFBVV95cUxNQy1fNVZKNlpBTlVVS3ZjekdhWHRlZ09mY21CaWlwekRKLUdab19uRlZVd0pCeVhXY3R1Rjg2Ym0xNjdPT0xXRFM4T29vNVFDNGs4cjBtalUzS1dKR25HUUd0RG5CMjhjR2o3QUVlQUlYOUZjMUJmWXRDbFlfYndZUG5HT2FNdHJreGFFUlVsUjBoWFAxeWZpdV9GckZ3dlFPQ25tS19RRzN0OXZSOHFLNWJ5QWVITHNwWllha1JkNzNsQUZUSVJ5djVqZERLekh4?oc=5,Atlantic Council,en,COVID oil price,covid19_pandemic,relevant,3
2020-04-05,Price War and Pandemic: The Oil Market Reaction - Baker Institute,https://news.google.com/rss/articles/CBMiigFBVV95cUxQYzJ3cG1RelVrVFdyanNZUkRPVUtMWlBJQ3oxcWJMbERucW12Y3N5NWRQRFVjOGZ3R1JrdGxWa2Y0NXNDdFFLQlBtS2xPNTlJNkd2U0dkdnFQYk1fclFERFJNRVVERHRLd2RJcVNHMmNaN3ZTdmpIUHU4UG5ReHZVYnZzeUJjemlzeUE?oc=5,Baker Institute,en,COVID oil price,covid19_pandemic,relevant,5
2020-04-06,GA gas prices continue to decline due to COVID-19 - Valdosta Today,https://news.google.com/rss/articles/CBMinwFBVV95cUxQRXZJejFpTVdFaFhKQUoxc0ktMnlHX1loMFJNV3JiTzVjNWw3X2JZZWZxNE1YeThCVUJYbXRSSkprOTdra09fRjV2ZTFHRmllOXRxYU5NYWx6RXNvX0tBRzlaZXp3S0xKWG0xcWdaSTIyZnJGUFpRYml5SXZ0ZU9JNDRVNkU4ZExEZ0FQa3VneER3SUZSbWlGX0lFR1BtUmc?oc=5,Valdosta Today,en,COVID gasoline price,covid19_pandemic,relevant,0
2020-04-06,99 cents for gas? It’s one Columbia station’s way to ‘look out for the people’ - The State,https://news.google.com/rss/articles/CBMicEFVX3lxTE1CbjVad3htY1ZFc3ZVLW5vcnZUczlYV3UweXBYUkl6T2FCanM5bFlJcjFJa0hFYnlLYUszWm9rM1dlb2IzUU5xeW1jWEtxaTUwX1FLSTBTVm5VelM3QnZobVlMa3JURGl3SmFkT0FoSWLSAXBBVV95cUxNYlNCcG9VYTB6SUpMeHI5M0dSakVnUTN1R2N4UE1jRkt4MmtEYUViVGlFRkgzSWxTM0hSVGFfbE1PMUJ6MGpqOFg1WjJtdHlGcXZoVGg2OXkzNGkzMjI0TF9kVHloVWNXV05QcEliMU93?oc=5,The State,en,COVID gasoline price,covid19_pandemic,relevant,0
2020-04-06,"Texas oil producers start shutting wells as coronavirus, dispute hurt prices - The Texas Tribune",https://news.google.com/rss/articles/CBMirwFBVV95cUxOYzJsdzdkbVlnYUJ4dEJwQkJta1lwQkRaQ1FNeU9YLXlJbGhZVTVEa2pmRW5pY3hjNk5iRjB3SkIyV19mdXpVZGtHVFJhX1BhWWpfODZRUVZWQ2xKU3BGdEU2SElSbk9JTzNZVjZnZHF3bGZRQUFjZDNrRmx1ZDdJNVFLMDBSSmhyTWNaS0VKc29PWU9odWNKOEFONWJwQVZrMGo1dk5yWm1pb0VDV0xv?oc=5,The Texas Tribune,en,COVID oil price,covid19_pandemic,relevant,0
2020-04-06,Low Oil Prices Add New Challenges to Coronavirus Crisis - Time Magazine,https://news.google.com/rss/articles/CBMiXEFVX3lxTE9VamV5Ym1Lc3E0YU0tYjdiM0Vsdll5Y3Bxd3Y1d1BSVjhCalBwcUZoaW94RW1CZllQalg3a2hYa0tUYUlnTWJEUzAzdGRHbUFxWTVOTWR2ZXRQd0Jm?oc=5,Time Magazine,en,COVID oil price,covid19_pandemic,relevant,0
2020-04-06,Dairy Market Hurt by COVID-19 and Oil Price War - czapp.com,https://news.google.com/rss/articles/CBMikAFBVV95cUxQY3l6VjAyRkZYV0FFZFVwQkdzRENNNGNpY0o2VUd0U2ZEbUZXN1UxMGpucm5KZkdPR2Y2ZnhvNWpvcFktQjJKaGFTR0Q0QVFtVk5WWFZRQ01jN1lvYWRrV3JqbGFIMzEwTDZ2T0hzWDN4X0V5OUIwQXVlcFpFMXVsWEtHN2prQkpRRzhpR2tqYjc?oc=5,czapp.com,en,COVID oil price,covid19_pandemic,relevant,3
2020-04-08,Understanding the impact of the COVID-19 outbreak on the Nigerian economy - Brookings,https://news.google.com/rss/articles/CBMirgFBVV95cUxNQ243aG9vOHIxLWlwM3JUWnFQS1ZmRlpOS29PZjRTLVBLdkVEZE1sb1MyQUl4em5rdWVXdzF1SlloOGdQdW54RkpCWExoMHNRQ3g1NVVNcHZyU3F1X0hFdHVwWDZvY1NEc2t5LV9XUjhFejcxbHpHY2ZGNElxVjBodEJvNkVVcU5SWllXODR0UVlKbGo2TkFURFo4dzRKQW5zN0lUUzdPRGJoRFBnOUE?oc=5,Brookings,en,COVID oil price,covid19_pandemic,relevant,0
2020-04-08,An unprecedented plunge in oil demand will turn the industry upside down - The Economist,https://news.google.com/rss/articles/CBMiugFBVV95cUxPcTZXa1V3Sm5Kd1h5MFFnZVlVdzdtZTJ1WW0yTTVkeG5RNURuc1FWNi1Uck5lbTV5ZHNvdGxXY2J2TVFGRFhWcVdaN0JYUWNzLXphaXNfeFlFUTFYUDE4Tk84emlOY1paTExaVW9uaFZLclB1blJ0VzdDcUsyREtnMDQyNnMwU3p2b1NTTkt4WHdnY083NVFZTHh5NnlXVFZrUGxzLUlqQWpLUWQtRW0zdHQ0QjJzZkZBUUE?oc=5,The Economist,en,pandemic oil demand,covid19_pandemic,relevant,2
2020-04-09,Coronavirus Impact: Gas Prices Fall Below $0.80 In Some Parts Of Minnesota - CBS News,https://news.google.com/rss/articles/CBMisgFBVV95cUxPTGFfM2hhTl85ZG1fUWYtVENyUUZDb3lnb0ZzdEZhOFZpOFhsd0MtckRZdXhyUF9fUGZrdnJvLWxxX2dJNE54SDA3T0xVRXY1R29QdUJJcTFkSDJab3ZwaXNOQThlSWRNdFBtcm1WNVZEX0JCem9BTXpKREVBLVN1RTJKZjJGUmg0YjJGd2pBNGs5dUQtalJ5T2dRNDJRejNKMFRUUXhySEtFbXVsaGN0Ymp3?oc=5,CBS News,en,COVID gasoline price,covid19_pandemic,relevant,0
2020-04-09,Gas Prices As Low As $1.15 In Massachusetts Due To Coronavirus Outbreak - CBS News,https://news.google.com/rss/articles/CBMikwFBVV95cUxQU0Q1ZGdyYVZRS3hHdjlYVU9kTGFqYnNlR2pWYURseXZMRWtHZlJqdklfM2p2U2pzTTVfOVpCa0N4emE2b0d1RDZDQ2RnZm41VzE2V3BhUklqZjFPTjNjcEtZa25LNF84RENkVE96M2dNTUF3dXp1ZWVYSGVBLVZPMHBnZFBUT1dUS0dqUXlOak5fVlU?oc=5,CBS News,en,COVID gasoline price,covid19_pandemic,relevant,0
2020-04-09,See how far gas prices have plummeted in every state across the US since the start of the coronavirus pandemic - Business Insider,https://news.google.com/rss/articles/CBMilgFBVV95cUxNWTg3Mm9HQ1dCbkI4SzBjVVR2a0tpNHE0Z0xfakRyZlRhZlJPajZzY3NmOW1PUVdvd1hLTVNkWmpHeUJWMDA4MHlOQl81WW5pSlc3V3VUdk1DNUNPeEYySmc4NmlhVTBsVU0wQkJRb204dWdOcWVFc0ZGMXoxMllLa2kxRWxlZFFieFNhZTdMZGdRaGtuWFE?oc=5,Business Insider,en,COVID gasoline price,covid19_pandemic,relevant,2
2020-04-09,AAA Texas: Gasoline Demand Is At Lowest Level In 52 Years Due To Coronavirus Pandemic - CBS News,https://news.google.com/rss/articles/CBMijgFBVV95cUxPNDRpNG9EalZBZTZ0UnJHMVVFSmptZUZnd2ptTG1qbTdJUUxGSTBhMTlhT0lCSGhpNGplZGcta0tRQU5LZnRzRjMtS0dOV2Jxckd3aGY2SU10V09BUGdXUFZ3NFZNdDJPM3ZEcUtmYmpNaUxVdV9aVEZRckt2QWgwNGZzcFNFdFpObzhzTDhB?oc=5,CBS News,en,COVID gasoline price,covid19_pandemic,relevant,2
2020-04-10,How the Pandemic Wiped Out Oil Demand Around the World - Bloomberg.com,https://news.google.com/rss/articles/CBMiqAFBVV95cUxPUFFkaG5ZLWZ2NEtJcGN0bGFra2l6Q1ZUd2pWYk51cGQ2Wmd1QWRaamg3dlRrSWE3VTE3VFQ1TS1VWUNQS1R1bXR3YVJESWFiZGVvM0ZtUVFsWXg3Q1A3aDFLSVE3Y2cybjN3anJtX2JFc3Y0NmV2WEdWTmdIdVJuT2h1Mlpwa0JmNDVjVkRYY1NYeG1CX0RxUkgyb21meEw5VGN1Q3FYYTA?oc=5,Bloomberg.com,en,pandemic oil demand,covid19_pandemic,relevant,2
2020-04-12,US backs Opec deal with cuts to boost oil price - BBC,https://news.google.com/rss/articles/CBMiVEFVX3lxTE9na2p6TWJmc3BYM0h4dmpoOHBUcEVWSllNd0JlN1hkREFtXy1FRDdLUVFQRWJyczM1cTQ0NjExV3NnakZwamJzQkFwVzR2QXlnSkRzdw?oc=5,BBC,en,COVID oil price,covid19_pandemic,relevant,0
2020-04-12,"OPEC, Russia approve biggest-ever oil cut to support prices amid coronavirus pandemic - Reuters",https://news.google.com/rss/articles/CBMi0AFBVV95cUxPN0ZwWlBRMHFQX1N3V1NOVDVscWpLSXNHbGhTb1hqVnlaZ19PV0dQTGtHakFXQlJIckh1eXlvTi1rNkpxZktFMGxKanRZYjkxcTYxZHhBLU8wWnV3Zm5WNGpIMWR1ZzdhLVdkdlowYmZiOGtfSzdvTFhVU1dZeEt5LXAtNXBkcmhRWS1mSGNSdVo5Sjl2QzgxWERrNV9DNExCMnB6eldTdWh3bUpFREFfbDlwM0NhS3RaQzZveWxLcjEwT3JfTHg3aFdvQXVNOGRj?oc=5,Reuters,en,pandemic oil demand,covid19_pandemic,relevant,2
2020-04-12,"OPEC, oil nations agree to record-setting oil production cut amid coronavirus pandemic - Global News",https://news.google.com/rss/articles/CBMibkFVX3lxTE9RelpseE5WczFrMExGUm1iLXExa1NwdTFhVnBRZXlLa21YdXdVc3B6SjVUMm1fT1FtNUpIbjZJQjh6Rnp0ejdJU3hkcEd3T2ZIUVFQU3ZyblIwZ29TMFhXVk9xU0paMTk4ZlFSRDl3?oc=5,Global News,en,pandemic oil demand,covid19_pandemic,relevant,2
2020-04-13,Gas prices in Idaho plummet to around $2 amid COVID-19 concerns - East Idaho News,https://news.google.com/rss/articles/CBMiowFBVV95cUxPS296Zk9kSTc3Q2RGRTA0SmVmazRkcUZNT2ViSDdLNFpsVEJwRzl3SFcxYXdjNFRJbXdIcXI0WkdQc0VRTUNkUjNQSlRkQ1lXQWJtcGk3TVpMRk9PNXNpeGV5UVRVRzl2a3oxeDFkYWJWYzNCOWd3RWllSUMyX3JYSHY3N3U1bVd0N3MtLWFoVnVxVGFDY1hmMWRHX3g0bWJxU2tz?oc=5,East Idaho News,en,COVID gasoline price,covid19_pandemic,relevant,0
2020-04-13,Coronavirus in Spain: time to revamp the Moncloa Pacts - Real Instituto Elcano,https://news.google.com/rss/articles/CBMiqgFBVV95cUxPbzJremNJQjVraUhfSlVYS2hqaTRUTnQxX1NfUkhseVM2eGxxZjE2SWVGZWxaalBiZVFRMDA1WFFPczBPT3ZjWHBybVVqWVFPcktSQUdob0c1aE9GNWNkSEMxTUY0VGJFSGlTZVctQjVGT0JKNXQ0MzlWSXZkS0ZHSEdpUmI0VHlodlo0eGZQLXBRTU5VbFdCTFVmcjNlVTJhOWROcFVwNTV0UQ?oc=5,Real Instituto Elcano,en,coronavirus crude oil,covid19_pandemic,relevant,0
2020-04-14,Ohio gas prices drop due to COVID-19 stay-at-home order - NBC4 WCMH-TV,https://news.google.com/rss/articles/CBMiqwFBVV95cUxPTEQxTjdHcjJGVWZsVUZFc2hHWjV1UWpHT3JoTFk1VlpRM0dzcGV4OFZ4QzloMU5GdkxJdXJibGtfTVhITjlKcU8wakVFQnRlNVRnMm9IVEZwOXlMMGxKU3NCdzRBSk8zTjdJa080Sl9NYlNNSUVYVTk4MERVT2dMaWRJS2JvZEFPdVZZTEEtdkpyZzlfcWdhelhxWEhJYkJKYVlFNGVabWQ5SDTSAbABQVVfeXFMTzJITkZ6Rnk5Y2dYMlRGWV94UjVJdHRDWWxiSVBJSVpwVmstV2liWTVMWHNWeVdBbkwtdXlsUE5UQktYdFI4cjQzMTBPYVVZZElsUENDUnoxZ1dWTnhaMWZGa3g1R2NxMjV3SjFuQ3VTblN4UE1obkhMUjc2bDduU0dvQVhWcVAxc1BCU3l4OVNhVGFjekpUaW9Ealk1UjVMUnpaWTlPUFM3aWtjMDVmbUg?oc=5,NBC4 WCMH-TV,en,COVID gasoline price,covid19_pandemic,relevant,0
2020-04-14,Wisconsin drivers take advantage of gas prices dipping below $1 per gallon - TMJ4 News,https://news.google.com/rss/articles/CBMisAFBVV95cUxPR1Z5T2VNRXhvbEI1WmxxRUtVTFlpRXdZOEZpWXdpM3lqaFFLVnQ3dVJlbURuanA0azlyWmtfaDQwWThabnlDQWI0ZjlrS1g3QnUyYXVzd1Fvak5wY1lUNzRaT1JCekxyb2tZNktuQU41WS1ISVNITGR0cWx0M2FJd3lWYTFxSU9QcDhzWXBNcGlTcy16VXlIcXB2ajNQZEtxZFlsbExuajV6YVpHOWZQYg?oc=5,TMJ4 News,en,COVID gasoline price,covid19_pandemic,relevant,0
2020-04-14,Coping with a Dual Shock: COVID-19 and Oil Prices - World Bank Group,https://news.google.com/rss/articles/CBMiqwFBVV95cUxQWHNwWDJSVFFnMkcxMXJ5VnhSQnBMUkRhSkR2Ylhna3hncmExYjJNR2NnU0lvODlYRmZRZndaa1g2dzlickFsSFByTGxQVVBjRndzZENhTzFXemJKa1NfcnREdUtvMWxMRHNvYkdOSFNwSDdNMEZ0ZUVIWnhlZGlIN2ZNWE1oMWdQU2VSNjBOaHFYbmRVZW5ZRVpFdjM0TVQ2OWl6MlRaN1p2dzA?oc=5,World Bank Group,en,COVID oil price,covid19_pandemic,relevant,0
2020-04-14,Putin concedes defeat in the oil price war - Atlantic Council,https://news.google.com/rss/articles/CBMingFBVV95cUxNbGFvWVp0UHFfQjRQNmh2M1JVOHRSbnpqd3VhX2k3QUpHTnhSX2E3cmVaV19IcVY5OXlKYy02VzVRd2VqcTEtUUp3RWVIM3IyQ0lnYm16bnNjVVJuVEppelpGR2tqbHlKaHdjdkdVYjJfYWFDS3dIX3Y3dV9NM0NhZW1WMUc4OEFVazBwZmkxa25sckZweWdoVzg0Q1IyUQ?oc=5,Atlantic Council,en,COVID oil price,covid19_pandemic,relevant,3
2020-04-15,Gas Prices Down Sharply In San Diego As Coronavirus Restrictions Cut Demand - KPBS,https://news.google.com/rss/articles/CBMihAFBVV95cUxONWhUb29fLUNzRkxvcElmRlI4TVJkVnAwY0Q5MkJpQklwdTJib0h4aGpYSzFWVG9jZUlXZE12bnhfTjU4aVVVbWZjOFdZYzZVUlNVS1ZVMldLLUt3a0N2UHZmRkxBRjNaS2hFMnBkaHlRV0VGR2xub21OS2RUNmgzRVlJMWE?oc=5,KPBS,en,COVID gasoline price,covid19_pandemic,relevant,0
2020-04-15,Gas prices in Madison dip below $1 per gallon - WKOW,https://news.google.com/rss/articles/CBMixgFBVV95cUxPbFNiR0Q1QU1uSjRuU0w3LS1OTEVBdklfQU95LWhVQ2ZNTlk4QUVIY1VCTzJtVTNjb0pUM0VMM21GWnhUWGpwYk41TVFZS1FDckgtcXBNTTBib0pablN1WGxna3FoanNwVDRtTnFpTDFDXzktN05rUVp1blNra090cFVJcmtMVkZMUUFjVHNTbVA4cWVQMDR3WkVIU2ZjUV8xTEo5V2Y4U1hGVWQzZnctWnd5c0wzdEtGYmY1Q0VnbjFtckg2UlE?oc=5,WKOW,en,COVID gasoline price,covid19_pandemic,relevant,0
2020-04-15,Oil prices slump as market faces lowest demand in 25 years - The Guardian,https://news.google.com/rss/articles/CBMitwFBVV95cUxOdmJwdl9wY2o5V011N19ISDJJRTdtc1VtNDUtbVpOOHdYU3NHdXZDVVJDbTd2N3dmV0t2V0hTeG85dWdpS1ZCWmR4U0hXREF4cllWQlR5M0phN2JZLUZIRFhqeHYweFNBcGE1WWg4d2Jnd25hcTRaOWtkOGcyM1Mzb1FIclFSczhiYktwU3V4NjFrd2pqSGVJWW9Kc0ZmMWc2VEI0NEM1SHZBWngwWWx2Y3gzMEdhVzg?oc=5,The Guardian,en,pandemic oil demand,covid19_pandemic,relevant,2
2020-04-16,Big Oil exploits coronavirus pandemic: report - dw.com,https://news.google.com/rss/articles/CBMiekFVX3lxTE5RaHhibkxmYTA4cklkbUloRXE0bEZBQTVqWm1OYzV6QlZNMzF0UWVra3lMQklsMmQyN1AxMmRHWGFtOXM5bDhNM1FMTXhxX0RTLXB1b2VhSEFLdTA4Z3BHTnpvb2tHUmYtUkl4eTdxemkzZ05xeEZwYTZ30gF6QVVfeXFMTVlBbjRVSUJXaFRlT3BQbjJCRkR1bE9jWXFIeFAyV1EzQXR3cFJuc0dyenJOaU80YjRNa1F3RVU2cmktUHlaLU1NYzY1blJaZXNlWFNLaHBMSFN1UTdjMmZaa3RBVGwwTFdYcTJzdHN6S0ZTVGU4d3JuNWc?oc=5,dw.com,en,pandemic oil demand,covid19_pandemic,relevant,2
2020-04-17,"CT gas prices drop below $2, lowest average since 2016 - fox61.com",https://news.google.com/rss/articles/CBMiwgFBVV95cUxOWXBYZnVERFBfT3J0TThwcmJYWVQ0Uk1SVWZtV1RvZW1rRjZGT1U3YTZoaXNaLU1VT00zY3ZiMkJwb1ZpaTdtb0FkbTMtX0xMNjl5YkZiQXRiSEJwSm5KYkZxQVpVV0M3bHM0QlRCelNSUlhtOUlLdm10T1AtTDFoRHI2bW81d2otU0M3MUp2dENBQklDTWNZUkl1XzlZLVgzSWFRcjYzWnVIM21vSkJreTBFcVA1SzQ4eU1nZ0lRWTFHdw?oc=5,fox61.com,en,COVID gasoline price,covid19_pandemic,relevant,0
2020-04-18,3 Jaw-Dropping Statistics Showing COVID-19's Impact on the Oil Market - The Motley Fool,https://news.google.com/rss/articles/CBMingFBVV95cUxQdlVsZDUxZmlhU2U1b29reE42VG05YTMyY0xSMkZJQmU4cWhhLWI4NFhxYzJiR3laRHp6ZV9TV1pFR1pjRVV6dDNISFJmSmRnQXRma2VyMmlYVmtINElkbkZmSF9CRG1JMUhSSTNERXhjSVBId0RXWTItWERUZUFEVG1FQUpkaDlaS2lLTkRRLUoyYmtSdGpOdnJ5UFU2QQ?oc=5,The Motley Fool,en,COVID oil price,covid19_pandemic,relevant,0
2020-04-19,US oil price below zero for first time in history - Financial Times,https://news.google.com/rss/articles/CBMihAFBVV95cUxOUmU3bG82eDAtajFBMmJzMmotRWJ5c19hRk5qd0dsOEtSMWRjT2lZcllMZDdxUW1iRjFaRjh1OTBMaHVORTRkVmtCQ0wyZFU4eHRpTjNUM25lSUxSWHVPWnNnaDlGWlN4OTZFTmhTVTVKTzV5TzhsaTRqOHNoNEdGbU1NTHA?oc=5,Financial Times,en,COVID oil price,covid19_pandemic,relevant,0
2020-04-19,An oil futures contract expiring Tuesday went negative in bizarre move showing a demand collapse - CNBC,https://news.google.com/rss/articles/CBMipAFBVV95cUxNcVZNZnFnLWFiVXRjOWY5RGJzQ2tfMEpCcWMxX0hhVWkxWVFOQkMzamhMNXRXNkFSclRKU2xZZUNYV0FRVFlaVzU4anpxeUJpaUVFMk9OTGZ6ZTFDaHBROGhNMTBpeEoxYUhSRC1mdk8zekp0cEVZVDFNMk5qM0U4WGx6UWZfREFVSWU0ZVE4b3VrSWIzTVNlUWxQUU5kVDBaVVY4RtIBqgFBVV95cUxPNUNpbHdjb055SXRoU0x5enBKZzQ2RjJoLVVxZ3RWOE5iX0w0ZTdUMEFEdS1RZlBMR2E2TXVoanI1UjEyYndhUGpQdnNWcnQ4SkFLZTFmMEdYQ3VVSjV6VE45Y2Q5bkFmN2ZBcEtmbDZ5cGx5NmxEQ05kVTl0UUozb09JM29ld0ZRYXBEdXlPc0xMdjRMc2JGY2hLaEQxazRmelZpMUxTWmJyZw?oc=5,CNBC,en,coronavirus crude oil,covid19_pandemic,relevant,3
2020-04-20,Coronavirus: Gas prices fall to under $1 in 13 states as demand drops during pandemic - ABC7 Bay Area,https://news.google.com/rss/articles/CBMilgFBVV95cUxPejdHRlNnc1dGT2VyYVVQZFBmSUdJMmx5M05JZEVQRnZVLTRrRTBlUTFNSVNUOHZTUXd5U2tJQlVtMWhOUHBVdjBfb1lmRzJWUml4d09mcU84cFN2SGpVZjN0bTN4RmtqbGhBZHRQQzVSUURBdm81bGZiYVhTU3pTRVJMV1NUVVIyTmQ0bjVUbm04Tng2YXfSAZsBQVVfeXFMTTNPSWVMUU5VaEY3Tnk3X0FEeWhXN1A5MmNtd2ZvVV9IVDltckJ2SHJ4MEdza040WUl2MGFyblVtX1d5a1VuZVAzQzFDbVVZWVZtcEpJNWhvdW9xX3dNanVkeUxJLVBkLWExWTFIRHFGVER6YVFGbElXbnF5UThnM0FRSkNoMFF3V1VPWVZiSnNmaU5ZYzJrb0xMSms?oc=5,ABC7 Bay Area,en,COVID gasoline price,covid19_pandemic,relevant,2
2020-04-20,Oil prices dip below zero as producers forced to pay to dispose of excess - The Guardian,https://news.google.com/rss/articles/CBMivwFBVV95cUxOSU5SeTllN1FBSll0TXBoVklKSVpvRXE0azRqenpEZWFtN2JCRGhUdms2aG44V1J4VVdDcUk3aXZ0UnJKNGgxRXdsMmFRWk1LR0U2eVQwQUg1TmF0b0xuZ2I4UzM5bWhEQ3pvcFlXSnpVa3J1dlBURVlNdmYwLUtFRUUxYWUwcndJano5NVZFcVptT1pmZ0FJb1cyX3dGdEN6Y2R4aktMTlhuVUZCeWs5bmJWbldqQmoxcjBEYUZ2Zw?oc=5,The Guardian,en,COVID oil price,covid19_pandemic,relevant,0
2020-04-20,COVID-19 pandemic causes U.S. oil prices to plummet to historic lows; here's how this will impact you at the pump - ABC7 Bay Area,https://news.google.com/rss/articles/CBMilgFBVV95cUxNYWVXLWM0elU4ZUxQX1lrSXJncTNQNlZXM3JBZXpJbUhVcy0zdlVad2tfdW8zRUF2aDNtMWw1NUxtNTRCVVVNUDJmRXlmcDRPWHdSbkFEaUFjdFQ1R2NGYmh6UDh0cUhNY1JrRm12VjRza2tRa3BzeFBSMGlyalNNM2syQjZOck1NQnpMYVdkbkZqUHBhSEHSAZsBQVVfeXFMT0FCQ0h1bXNRZ2xld0ZKS3lmVHpZLVNRLUktY3JDeWFzYjBRSFlhNEZaN3h0NERvVmM0bWV3djRQMnFDRDFkNVhIOVpFTC1IQmNxNHVFVDA1Rkdhd2dFTzg5bnRNWUluSGFaY1VWVmdNd0l3ZFFHajNwTExXdjhrUE1SVy1fQzlpUmp3eHY0aDU1LWhvWE1BRXpWY1E?oc=5,ABC7 Bay Area,en,COVID oil price,covid19_pandemic,relevant,2
2020-04-20,"Texas oil price, WTI, plummets amid coronavirus' economic, public health crises - The Texas Tribune",https://news.google.com/rss/articles/CBMifEFVX3lxTFBOTW56ZENMSlhWclBHX3FmSUJqSy10bTFEMUo1V085UkxuTnNIRG9Td0F4UjNwNnR2RlRaT0c4WGRyZE5wclJqcW03OE1yTnpJMzZDcEVyQ1Z3N2RLVFdXV093cUJHSGppMkZVMWFvSnAxMnRkTHdEb0tYZk4?oc=5,The Texas Tribune,en,COVID oil price,covid19_pandemic,relevant,0
2020-04-20,Oil crash explained: How are negative oil prices even possible? - The Conversation,https://news.google.com/rss/articles/CBMinAFBVV95cUxOdUJjaFpDSFlnd2MzTk85UGNYNWkwbHJmdWxqb0VQOGJUc2VaSlRmcHRxdDdSbm9GR0Z5aGM2Q0daeFZrQnMyM194MTVZYmE5S3VxXzJqd0tyQXVGNG42dC0yZ1VhbUhvNVluTXFidThrRml1bkpTMTNSVUxLUThUV0Rzc2lxRThuU3dHeWp5aVhDSlJPWHZRTkwwNXI?oc=5,The Conversation,en,COVID oil price,covid19_pandemic,relevant,0
2020-04-20,Oil prices go negative — and Washington is paralyzed over what to do - Politico,https://news.google.com/rss/articles/CBMilwFBVV95cUxPZWtxcnUya2pCZkg2eWdPVUhCVW9FQ1VGcnRDaXh5aVo4MVVoTEVPRVl1aHVVamZiajVDY01rdVZTSmlkRXEzN1FZbnBmbGpnWkUzYlc2SWlsbVgxVkV6ZEhKWVJOYTY5ZWRwYmkyRjdsRV9vZTVxZk9Ta3VBYXEtWGJJLTRfZDdOcTVJSkk3cEw4NGNQYzFZ?oc=5,Politico,en,COVID oil price,covid19_pandemic,relevant,0
2020-04-20,The Price of Oil Futures Dropped Below Zero for the First Time Ever. Here’s Why - Time Magazine,https://news.google.com/rss/articles/CBMiXEFVX3lxTFA4Mjh2OU1hR1FFQWtRbjh4WDFJX25vam5XeGo4NDZRaFo2bTdrNjNXcWVIRHhfVllSN0M1ZEFoalgwTnZFT2hHb2hIQ3V6a0h2MXc1NzJhZGFyUUVr?oc=5,Time Magazine,en,COVID oil price,covid19_pandemic,relevant,0
2020-04-20,US oil prices are on track for their worst day ever: Here's why - CNBC,https://news.google.com/rss/articles/CBMilgFBVV95cUxQMUV6R2M1emFmRmdhOHN0UjBNMzl1eDd2dnNkeF95Mjc0V3A3NEtqVlR1Sk5zZ0tCOFhhV1NSRHZYN28zdUR6a1dySS16RmtXZUFVM1RuY3NTcDBwa05JalFtUXExWjBZOEh0X1JvS0xjallENlktd3Q0MkJicHZHMTNmRE5fV1Y4Ri1Zd0o3bjFaX2Jlc2fSAZsBQVVfeXFMUGdpdEo0bDlhYzRjN3FnN05odnN5V2d3Z1VoTGc3RmU2YlhDajM2M01UenJoR1NHVFBqZ3RQRW5LQV8xeEx4dnJRZlE5Q28xUE1zY0piLWRtZHd1MVJnYWFUanpSbVktb0J5V3hVMno0RU5uZV9oOUM1TFppNzdnUEt2Y04xYlFQcXV3Z3FZd21tQ191MnVWNnlCWlE?oc=5,CNBC,en,coronavirus crude oil,covid19_pandemic,relevant,0
2020-04-20,"Gold Prices Steady as Dollar Gains, Equities Slip, Crude Oil Sinks to 21-Year Lows Amid Covid Crisis - BullionVault",https://news.google.com/rss/articles/CBMi7AFBVV95cUxNQUpOMDM3NkIwdW9BNlZ3X2xBS1F4ZmNfR0ZFbTJ1SlNCRlR2VkVEeXRFR2h1VWlQZlV3Nm5ORGgxVjhLcVRXaXN3WGVhMXJLNDB0c0xKRThLdWxYaWNkMTREX2o3T2pfWk9iand2YU5VaHVMdF9LNUgtSWJQUW9hUzU3M0VLcmYtUk1Vam1mVDBXN2NkeXlESmx1M05EeUZfaGJVa1RTTl85UExselhqbVlGS1dKVEF0Y3VVQnMyVENPb3BuS0NfRml4UzFIWThvcW5Jek5GeWItMzBac2VFVVhGMDR1X28taGJPTQ?oc=5,BullionVault,en,coronavirus crude oil,covid19_pandemic,relevant,0
2020-04-20,Traders are using giant supertankers to store 160 million barrels of oil as the coronavirus torpedoes demand - Business Insider,https://news.google.com/rss/articles/CBMioAFBVV95cUxNSVhjSlpkcjBFekxGUUt0bHhoNmFPTXA5NlgweHZ3Q0J0VDRpellkZEJxWXJ0cFI0cnNiX2N4ZFRRR3hjWjkyOUVBMm1EV1ktb3EtTmg4dnVZZUlkWE9qbGExTV9lU21oQ2tsS2ZVRU9rNEhaTGtyWFFFaG82SHVmTFhPTG5qX05BZm83TFo4OTVWbjJlczd3M1p0XzNQc1lB?oc=5,Business Insider,en,pandemic oil demand,covid19_pandemic,relevant,2
2020-04-20,The plunge in oil prices is the last thing Boeing and Airbus need right now - CNBC,https://news.google.com/rss/articles/CBMixwFBVV95cUxPU1V3X19UYXViU3JTWmRfTVZpOFdMYXJMNG5tRUtUay1hYi1FRS1jU1hiWEwzZVktU01fWEp3eGItNERmOWpkcXBFU19RWFY0NE1DT2JnWU83c002S1RVaUMyVTVpblNoZmhwQVpxM0tyUzZCanhybTRLWkVwUlJyVkFxNjQ1LXpia2VrSWJMWFR0Ujh4ZF95U0VGUVUyZTFrQ0FKZHdkaXhzS1BOUTVrZklMOWRYWTRONm1sdWN4SVZDc0prazZF0gHMAUFVX3lxTE5DdmY4bDVPNVdaSEtobG1uTDJScGFDZW04Vm1mdXotMmVUMlZjcWVrRHd0SFdJdnU0QTV4NE5xQ3c4ZjdEN19WbnVxUTlseHZxNEZKRlo3UkR0Q3ZqdWJBT2lVNlhxYndLTXNQeFEyRkRnY1BUUWFlQ3BLRlp3bDVreERaZjc1OTdRVmN1dFYwOURfVXNjRnRuaFl3VUMzWEN0RlZlZ3NpOUJsUXRrYnNjdDQ2RUFwVS1WZHNBZGhYTEJZS2RoY3pXWjdXQg?oc=5,CNBC,en,pandemic oil demand,covid19_pandemic,relevant,2
2020-04-21,How Low Could Arizona Gasoline Prices Actually Go During COVID-19? - Phoenix New Times,https://news.google.com/rss/articles/CBMijwFBVV95cUxPOVllTjAtSnBSbjZIRGRSaEtacnA1WG9Wc0JrUG1Sa3JHNmJodFZuYXF0aDhmUC1wNmZNeVdSeFFndjNvNWJnRXBGQXpfYmYwamFUem5YeTR2VkpxTTlkaGlad2lJb1RadG5MeDRZcldWanpQUm01LVFjT01uS1UxbHhXVDBrXzhBdjN2dkhWOA?oc=5,Phoenix New Times,en,COVID gasoline price,covid19_pandemic,relevant,0
2020-04-21,Coronavirus: US oil has dropped to below $0 dollars a barrel. Here's what it means - The World Economic Forum,https://news.google.com/rss/articles/CBMitgFBVV95cUxQM255cUxnUFRwNlJReEpEY1ZJTG9rM041RlhBektmWkc2NlNVeXd0MFU0TDFHdEp0Y3BGWU9UVTdkZlVJZ2hWUHZBWURwYzhWNHZod0NLZ0pUZ19vbzczanhJblVTNnFVUU5pR211YVhvdktGWFA1alZmWUVIQ19NTVNKS2lQRVQxWXRnSHJBZHN0R3pMWU9SdXB4RnlzM0U2VnFlN21NcUctdUs4SGhUZEVrSklSZw?oc=5,The World Economic Forum,en,COVID oil price,covid19_pandemic,relevant,0
2020-04-21,Coping with COVID-19 and oil price collapse in the Gulf Cooperation Council - World Bank Blogs,https://news.google.com/rss/articles/CBMiqAFBVV95cUxNZ0tzOHZrRWRqRXlJX3paWGVfM2ZRWjdtZEFscHVzYUotSXlWbkw0Zm5CazV4N2NPa1FmLTBkTUtpQ2I4Yl9kbk5HQnlVeFRDVndQeWJWcE5EdFppaTlZOTBvNTl0TG9hbGVqOUg4bURYdjNVMDkwRy05MktWSVFEX2xEblVNc2NISTg1TGE3LUlTdE1wLTNyZVBiN0hBQTZ5VlpkX2RvMno?oc=5,World Bank Blogs,en,COVID oil price,covid19_pandemic,relevant,0
2020-04-21,"Anyone who thinks oil has hit a floor is 'playing with fire' — yes, prices can go lower - CNBC",https://news.google.com/rss/articles/CBMivgFBVV95cUxPcHJ1bmtLXy1nc1hjcnNORThCbUlMUXVDQ2JzQ082d1p4aGZubnBFTjRNYU1MLXotNzdEaW5ISWNIVDNVWmhHZGFNeWV6RWJhcFRhdEwtQThZUmR6Z3R5Z2dyWjF0ZHNldVozSjlScHEtWkhIY09sNENxdDRyNlVPeTkyb1BSYWlOeGpWc3VoQ1hmMFBxTGdYb20tOFgwWE5HQWx4RTY4YzFib3VuZ3FzSzJSWWc3d0VRTWx5cTlR0gHDAUFVX3lxTE9YMXZaX1pLVk45VlFuci1oTzNBbHBDYkdvb3R6MTNkU1g4YXNaQlA1aWtNNkEwYkVPc0ZoWFY5Q2Z0d1ppaGlQNUw2cE5ZaWxqb2Y3bkdrTTFJVDlBZjBrQkdoX1JIaGRWdmhfMTAzRnBaRUt5eTAtMUxDMkllcks1R3YtZVE1ZnNvN2Yyc2hOSzJGaGQ4LWlFWTM2UHRFVUVEU2U4VEM4YnhPWFRHTzAxM3dRa3VzUTJoV2RkZGdnbzZKYw?oc=5,CNBC,en,COVID oil price,covid19_pandemic,relevant,0
2020-04-21,How Oil Prices Went Subzero: Explaining the COVID-19 Oil Crash - Visual Capitalist,https://news.google.com/rss/articles/CBMidEFVX3lxTFBsOXg1T2d2NWg1dThEZUtMdThGb2NCSVVWb3BlWEx0bXo2bFVGQkFoQ25XX04xOXN1RFVUNFk0c3RBdTc4cVZFQnNPbnZVR2lOVGJxY3NIazEzeTlheHhXQ2VvWWZORXdFYWFENl9oTFRLY09D?oc=5,Visual Capitalist,en,COVID oil price,covid19_pandemic,relevant,0
2020-04-21,"Oil Companies on Tumbling Prices: ‘Disastrous, Devastating’ (Published 2020) - The New York Times",https://news.google.com/rss/articles/CBMioAFBVV95cUxNU0JURWVZQ0RPZGw1N3F3WUpqdVZMWVVVNzh4Y0QwVGlIWW5CRE81b2tMUEw4V0lsVnNaMlc5TThXb3N1NFRTRFJzMHFvbFRhZjJjSHM2QTN4YzFxMlBPcjAybWNvcEpYWjg3eG1mbGd2ZkZJN1JJbHR5OTc5eHV6YkdTbWtTdlNiV1Vnd0JsbEYwbVVFa1VqWkxNWElmOXJy?oc=5,The New York Times,en,pandemic oil demand,covid19_pandemic,relevant,2
2020-04-21,The price of US crude oil just went negative for the first time. Here's what that really means and why it's not free to fill up your car. - Business Insider,https://news.google.com/rss/articles/CBMinAFBVV95cUxObnA4NVQ5WmRLU0Mxakp0VFk1NXY0YVBZbEtNTkpOR290eHhpNmllajRnT0U4MWxmbXBkZDZneko5ZVRIVU5GWFFUUFoxS09vX1g1OGdTb1M2V19ZWTZNNzBYbnpTMEE0ZU9QYVNLdGtGWndFNEtwYmdCbkRvQ0FYbTNIZ3llSmo2dzVaZnhCVVhNZ0w0RlhDdWhrbTY?oc=5,Business Insider,en,pandemic oil demand,covid19_pandemic,relevant,2
2020-04-22,What Negative Oil Prices Mean and How the Impact Could Last - The New York Times,https://news.google.com/rss/articles/CBMiekFVX3lxTFB3ZmVsWjUzSmpfWGxUelpLaGhkTlRySHZvbkRFekN6dEtoUVVrVkpBVktoT1NrS1VmQjkxNVhTRFNWNWdYTnc1dVRwdkszSXV4dk9PWW5yM29Wb2d3bUpncmg1R0MtLTVta0FGQTFhRnBZdlVBSkVKM3d3?oc=5,The New York Times,en,COVID oil price,covid19_pandemic,relevant,0
2020-04-23,Bay Area Gas Prices Drastically Drop During Coronavirus Shelter-In-Place - CBS News,https://news.google.com/rss/articles/CBMipwFBVV95cUxQN0VhZGY4bjd2YkpMaEc2VHZwZHJISnk2ejhObTZ1aGhWSHZVb2xxWVl3SFRMcnhmWTdKNGpZTkp1OVhwbkw3OElDM1RrNjNMcUVxNWpWYlRWZlhuVWNxY21lb3lCYk5xeVBuLU5hZjg1NkszRElOQWs0OGFjR282TEZ5UjhQMDFEdGE5U1RSRTVjaHpOMlVfQ21Md3htQTViMUVLRXNYSQ?oc=5,CBS News,en,COVID gasoline price,covid19_pandemic,relevant,0
2020-04-23,COVID-19 is causing the collapse of oil markets: when will they recover? - Bruegel,https://news.google.com/rss/articles/CBMimgFBVV95cUxNV09qOW85Y2cySjhsc1BpZFdyZGcxZUFzak9oVGdGMXNkYXRQM2FWU2s5MGZQUWMyaDhuckpZdHlydWxQU3V6VTVZd3NGSmlaa2NHNkNHTUlMT3VaT3ktazZab2tFckFPZHpwZEZIM2hYY25GTzVFRzdQT1haRDBRcUp1cXR4QWZhb0t0R1duaGdTbDBCTmo3XzFR?oc=5,Bruegel,en,COVID oil price,covid19_pandemic,relevant,0
2020-04-23,"The outlook for commodity markets, and the effects of coronavirus, in six charts - World Bank Blogs",https://news.google.com/rss/articles/CBMinwFBVV95cUxNSlNvMFg0bFJxT0JjYzg1UW9sU2xoLXd4QzVVZzkyX2lZT3FtRnB3cHNXUEFPcHUwRXhmSjZRd3R1UVk0Wm1STmM0bnUtUWNLTUFyMmROamlYWTAtYkFScTRQSmNNRFVTUFBsWVNrRElSbHJ6cXEzeWZqVWtQODh5VjJLUHV0OXlfVXZWclRrOWd4eGswWExIeEZvZmt0WW8?oc=5,World Bank Blogs,en,COVID oil price,covid19_pandemic,relevant,0
2020-04-23,How Low Oil Prices May Shape Future of Climate Change - Time Magazine,https://news.google.com/rss/articles/CBMia0FVX3lxTE5oYkdYaGhGQ3pLNU5lRDNCS0hqS3BLQXFWdUVkLWI0OW8tSDlPSlNqR0hONG53djVWZy1aRDR2QkQtWl83RERHcVJ0X1lldzc3UHRUODJ5N00yMmVCQTZUaFd0dzlMRnFORXNv?oc=5,Time Magazine,en,COVID oil price,covid19_pandemic,relevant,0
2020-04-23,"‘Instead of Coronavirus, the Hunger Will Kill Us.’ A Global Food Crisis Looms. (Published 2020) - The New York Times",https://news.google.com/rss/articles/CBMihAFBVV95cUxOd0pMb0FZOC1TOGhTVV9DXzZ4VHQ3UGR3aTN4R2lBSjJsZWc3c0pKV2NZNUl5dTV4OVZMRVNjWkYtaTVLZjZfYXNHWW5PUTJXblJDWkpNZG5adjdfOElnUUtYNFpWQTZTRWVuZkFOSXZsVlRkRU1GS1EtZUVJOU9UbzlFdVg?oc=5,The New York Times,en,coronavirus crude oil,covid19_pandemic,relevant,0
2020-04-23,Coronavirus derails Saudi state's future - dw.com,https://news.google.com/rss/articles/CBMiggFBVV95cUxNZHpjSGFXdC1aQUZyRkg2TWdvZ1lUQ0xPWEZPRUJZdEhGd1BhY1ZQY1FnVzRQNEhoTVlBcXhrcGExc2xtQUYwYW5nYk85bjlEeWt2bGo1aGhyQzUyWi1Qa0FpdWZXU0p1NG51Nk9WaUdjY0lsUVdqMWtscW5BXzRKeHRn0gGCAUFVX3lxTE0wbHNZMkc4S1h1aUFuMzV0ajVTOWFyU3dlakVsOWc2dk5ZLWoxdjBlV1psN0ctaUVLdFRGWVlVYmlmU1JVSldyV0w3MDl6RExfZmxUMmdBZVZYOHhkTF9UVEs2VVVLTDRRX1N3MVVrMUJCQWlEZk9TVVFLUktzZGxBcEE?oc=5,dw.com,en,coronavirus crude oil,covid19_pandemic,relevant,0
2020-04-23,A Shock Like No Other: Coronavirus Rattles Commodity Markets - World Bank Group,https://news.google.com/rss/articles/CBMikwFBVV95cUxNYkxRWlM1TU81Q2E5ZlJEdEdMa1o3RXBWNjkxYkhVYkhpLVQ5Q3hiYTBheTlqcXZTN2U2UjB4YjZTY25wLU5wb0pSSWJlVVRXZTE4OU94M0Nrb3RRNjNMMk42dF9wWlFJUUVVVWkwMEJaTkNvU3ZqYk9peHl0UEY0aEtCSDAwQzdLLVFaUTNYNWZ0Zms?oc=5,World Bank Group,en,pandemic oil demand,covid19_pandemic,relevant,2
2020-04-24,Three Possible Scenarios for Life After Coronavirus in Russia - The Moscow Times,https://news.google.com/rss/articles/CBMirwFBVV95cUxNTjI0OXZMM0dxOUtvVEdGQlZybmpXUVFNTmoyN1RZNzk2ZmJvaGN2Y2RFMWtOUl9xU2VZa3k2bDduUkJndlkyUjIzVnNwcXNVMDFrLUgtNlo2SE1sTERvekI0c0MwdUNuWGdDWTZRU0VMNEc4WExwbGFKUURNZDIxeUxRYXVIRngwZVVIbzh6NnVRT3B5Zy1jVWRqVm9YQ2hFNkZqY0pRLV9kZmk5WWpF?oc=5,The Moscow Times,en,coronavirus crude oil,covid19_pandemic,relevant,0
2020-04-25,Maryland Gas Price Average Under $2 For Three Straight Weeks - CBS News,https://news.google.com/rss/articles/CBMifkFVX3lxTE5STld5Z1o5NGtnWWpBTTRHWXVocDNXSEhnY1doVzJKMi0tbktuSGxJOHJUOC1oYUxHYU9QNUh4MC00b3ZCZ3pHSDRtM0Y3NndmZHRfWG43N1diYTEtSlF5eUUxRUhoOUNaSHQtb05ZYlFGa2s0QXlLZ0lNMDVLdw?oc=5,CBS News,en,COVID gasoline price,covid19_pandemic,relevant,0
2020-04-25,Just 75 cents per gallon? Gas prices continue to plunge amid pandemic - WMTV 15 NEWS,https://news.google.com/rss/articles/CBMiwAFBVV95cUxQQ3NkU2JkNEplbldTel9vcXlJTE5Ha1NGc1ZXeGhocGwzZGtVN09uVEdURGZRSjRwa010TnIydHRDd2dhQkNWYkd2bUxCc2VtYjh3Umdsd1NkMml5bGhVcU0wMVRBQzFwRHV6R2ZFQjlOZDBnc1dsTU16cndPdnhhYlpGemloR1RzZTNjRFN0anc3V0VFNEVmeGNGaUdUenRiZnlvM3BQZkJ5Qy0xLTRDeWlvZTlDVld5cjFLOWszNkc?oc=5,WMTV 15 NEWS,en,COVID gasoline price,covid19_pandemic,relevant,2
2020-04-25,The 20 minutes that broke the oil market - Los Angeles Times,https://news.google.com/rss/articles/CBMijwFBVV95cUxNNHNnUm9RYi00Szh6MHhfT1BadWE5VjVJcjU2Tk5zQ1ZJYzZwMEpBSTAtb0pnX2FrWERQVTBhdTM0OUZvSTB5MFY0ZTJ2bUZuRExMNEkyS0pxaTlnd0RsaHhXY0k3RkVfSXd4NEpjSGxxRkVHNm5LX0Q3aDI3ZWlOSHMzbnBKZWFQa2ltcHRSOA?oc=5,Los Angeles Times,en,coronavirus crude oil,covid19_pandemic,relevant,0
2020-04-26,What the future may hold for oil amidst COVID-19 - The World Economic Forum,https://news.google.com/rss/articles/CBMiswFBVV95cUxOc3JFamJMZDNqbW5ZZkI1MWN5Xy00dFF6N1F1eVd5QVR6VjJnWXdINFN0UGNhSTRRQkdqSEFaZ254cFpwd28tZThDMGI4azU5RDlnckdkNlBDdFpUVFZoRlktSTdkeENjUmE5ZEFRblZmSzZtdXpfWXM5WUVMeWdDLXRUVDMweWVwODhfZmpOc243ejl3TXF0Z0x1ZG9HQXRfWmgxVTJxNWxIUm1CZXV5S010MA?oc=5,The World Economic Forum,en,COVID oil price,covid19_pandemic,relevant,0
2020-04-27,Average price of gas in Mass. continues to drop amid coronavirus pandemic - WCVB,https://news.google.com/rss/articles/CBMiyAFBVV95cUxNeTFWd3M4VDI1bU9pMUNYSU5QbGN1V0RqRlVRNVJBQUQ4ZUY5enlVOHRxdWxEaGxwX2VXc3hxZ0lqNUR6RUhNMDNCZ2llcUVJNzVabzBTS2EtQzh6WmFnZ1l4WnA0RlVKb3djUlE1QUNXeFpmX1QyaTFZaDl3VVMzeDRRdTR4azlDT1c0aDVPNVJVQzYyemZ2Y043M0ZvTFVyTTNoYlZ6RDJmcDBjZ0VVN0FST25zOGZ0b1NZMTVpY1V5MFpQdkdQMA?oc=5,WCVB,en,COVID gasoline price,covid19_pandemic,relevant,2
2020-04-27,Dozens Of Oil Tankers Wait Off California's Coast As The Pandemic Dents Demand - KUOW,https://news.google.com/rss/articles/CBMiqwFBVV95cUxNTkRDaEROQVdYbHpBMTJ4NFd0d3BSR2tUNERaZm5GYXVIdWE3LVoydGJoQWJEZUx1cG5zcURHRXpfQk01Ynp5aEFPRmwzXzNOVkJoR0RKSnltNVVTeWt1Z21BTzVKYUFwX2pDWEhHa1BxYjNJYkZVc2NDNVpEaDlfaU8tZWo3V1JDQm1GMXVkQmNxVENmaGNPQkd4Q3NzSGh5TmZPNGtBbTlEUVE?oc=5,KUOW,en,pandemic oil demand,covid19_pandemic,relevant,2
2020-04-29,Covid-19: OPEC failed to stabilize the oil-market - GIS Reports,https://news.google.com/rss/articles/CBMiaEFVX3lxTE9wLW16WEpQVS1YS1g4LUN4OWdBdV84VlFiOFFJRS00SWdtYTlKQ0oxaFROc3dDeWt5SXVuUXdhOGRzVWNfNThGZS1tY0I3SzYxM1dxOVJFSGtPMHYxVThTdktKX1p4T0la?oc=5,GIS Reports,en,COVID oil price,covid19_pandemic,relevant,0
2020-04-29,Who the Oil Price Collapse Hurts Most in Latin America - Americas Quarterly,https://news.google.com/rss/articles/CBMingFBVV95cUxORXF6QnR2RUlNU3g1ZEZ0V3c5UXpqWUNGNlcwZDM3UVVSSFk1ZzBjRXhIUWo1U2EwYWZvVElpOHUyZTlwUDE4dGIxdGMtSG5LRTZ5Ti1YdG9tdmtmUzZWbFJzeEtTOWFtbGJYRkdiLVR1V1NSZmZqbExvQ1lfaWRzSlgyTDhLZkpoUlhwSlNOSEFFMzFjZDNQRnlvRGZYUQ?oc=5,Americas Quarterly,en,COVID oil price,covid19_pandemic,relevant,0
2020-04-29,"Even With Negative Oil Prices and COVID-19 Global Standstill, ExxonMobil, Chevron Must Still Commit to Net Zero Emissions - The Equation - Union of Concerned Scientists",https://news.google.com/rss/articles/CBMimAFBVV95cUxNdWFKRjJ5RmNKM1d6M1hiQVNPdTV1bmdOWUNmMXBad2VXd1BYbU10M3BnRlJ1QmN4MUxFaXJNUW1ycTJhRkVzUGVDWHZ4QnNaWW5Za3o1Mm5SWWxjcXBBaFBtZWFLcHJmMzFrc2doZFdUb1l0U2lfQ2ZrYzVfSkVDaXlDMXN2TVNxd1JjeWtHSnNoZVIyZHBQSg?oc=5,The Equation - Union of Concerned Scientists,en,COVID oil price,covid19_pandemic,relevant,0
2020-04-29,Collapsing oil prices: A window of opportunity for manufacturing - CEPR,https://news.google.com/rss/articles/CBMijgFBVV95cUxPRDdncDhOVVRlODV4aXJrQVlPNGdfOEJhc3kwbk16U2IyT2JNc2xoZ3l0cGNleDFTYXhkeS1mYTk0cG9hNkF6bDZ6OVR4NGRLUmdNdV96dFdVSjJMRHBPdHBXLWRFNkFmVm41dUVvOVZIMGZheURROFlyazVZQVJPYm4tMmlxc21WTVRUMWNR?oc=5,CEPR,en,COVID oil price,covid19_pandemic,relevant,0
2020-04-29,The world may never recover its thirst for oil | CNN Business - CNN,https://news.google.com/rss/articles/CBMiZEFVX3lxTE9Eck0zWFRSZXBiejJhMlNnc2NIYlVKSG14N3Y5T2c1cjF3SjVJYkxrcWNhWi05NGdEbFJybFp1MXFZVnVXRkJ4bHBWbXBEQjZGWHg0d3VoZDRTMmo2aV9obnphRVM?oc=5,CNN,en,pandemic oil demand,covid19_pandemic,relevant,2
2020-04-30,Oil price: futures markets warn it won’t recover after coronavirus - The Conversation,https://news.google.com/rss/articles/CBMioAFBVV95cUxNZ01kNU41aGtKcGFXYXpTSGtnUnNtRkhuVGxzbHR1SEJGMU5Bb21XVVZodkVuSXFIZzd3QnREek1MVVJoQmREYUwtc1ZWVFBTZ19OZGRPd2ppODdCMkpVcldFTzd0aXhpaTdLMml5QTdfdnBxU3FncDJacTJna0QyX2ZuR2hrQ0NBWVdWUDZoempVbGpwbUp1SzhheU54QTRl?oc=5,The Conversation,en,COVID oil price,covid19_pandemic,relevant,3
2020-04-30,Opinion | This ‘Big Oil’ Bust Is Killing My Town (Published 2020) - The New York Times,https://news.google.com/rss/articles/CBMiggFBVV95cUxOT2wxY3RBV2dqUmN1c1lpbThLZFliRDVIS1laazlIdXZtSVhzS0R0dGdUM1l5dXdsTjFVQWpuOFlnV1BHaVNRUVRWSFNlZmYwdE1jY2FieTd5eUlSR2I3UElEdEE1YnZaNWFFY3dSVDhMRHBYZUlDajNJS1pqTFNsZ1lB?oc=5,The New York Times,en,COVID oil price,covid19_pandemic,relevant,0
2020-04-30,Oil producers scramble to find 'creative' storage options after historic price crash - CNBC,https://news.google.com/rss/articles/CBMiqgFBVV95cUxNTjdGM1RSbUdoZ09BbHhGcXRaeTBTMjAyZjBkdHpJSFpxTm1PSU81NmV4SUNpWGlRVUs2dkJGejhOQ2Zkay1Nc0V5bDhfOFhZZVR2Z3FyN2VDNTJBVWI1Zk1zbkhlMzhwSzMxTGMzRV9JWG9HdzFLTjBVSGRnMzF6VzE2U0dWMVFJeXZxNDZHcFJab3VSVHQ4LTJ3cTJOd283aWd4c3ZIR0NlQdIBrwFBVV95cUxQTmpIYWluMERRcTU2RmRhdUE1MWVocmo2U3JSVzRTX1VJd3VaMFZZdkxxb2lOSEZTbHhDWDU3dVFSQUEwTXZrV3Zwc2s3OVJYT0U1ekhFdDhiMU1VLXdnWDd2NG5ER1hhZUk1TGNDWnZsc2Z0TWVpWmxPODI2dmRKVS10SWhraWJZemdBMmthQ0hieWNJMF9LS3FYakVTSnFfSkdnbWdBckQ4VzRDa2Yw?oc=5,CNBC,en,coronavirus crude oil,covid19_pandemic,relevant,0
2020-04-30,Sasol cuts production to mitigate coronavirus impacts - The Chemical Engineer,https://news.google.com/rss/articles/CBMimwFBVV95cUxNRnhRNF9QakY1b2Q4cDk3NFd0bTY2Um5fMm45TGdUMVdDeWJZTm8xR1A5QW9fVEdIazJpVzdZWGVFbG40TTczeGdHRlBLcXVqd29VSXVnNlBxOHI0ZDZoelFrcWFVM2R5ay1vVzk0ZDRPWE5JRkk4X1BUR2xCTU94V2NhZ1BqbHZITzBJRzhXYUw0cHRqbnM5bzUzMA?oc=5,The Chemical Engineer,en,coronavirus crude oil,covid19_pandemic,relevant,0
2020-04-30,Coronavirus pandemic leads to profound cutbacks in fossil fuel use - Yale Climate Connections,https://news.google.com/rss/articles/CBMirwFBVV95cUxNaGJfUjl6ZjVabzBlM3lxZ0pWNUc2S2RaUThnai1XQWs5aGllRHhuRm9iTndJbzJEV2tGbGtZbGVYMDJENzBkUW9xcFBqSHdTcEpaaGgyTmlVTFczTGQzNDJJTFZtdHZpRFB1R24yVXl5TXlKblJOVFhXMXFWaEtVY1BZWnpHSUltb2xjY3VpeEJ1TkZTSE9pNHV3aGtBNlVJN2wzeTVpZ3NBY2FGSHFB?oc=5,Yale Climate Connections,en,pandemic oil demand,covid19_pandemic,relevant,2
2020-05-01,"Amid Unprecedented Disruption, P&G Prepares for Life in Russia After Coronavirus - The Moscow Times",https://news.google.com/rss/articles/CBMixgFBVV95cUxNWXZxV1VfVUk0YU9zWUs1OGl5LVlscWZKZ1dONjhzTmtJNEF3OEQ3TzhtelhIcHFzOVQzb1N4emhQdGlJMUk0WTdGSTRSS3hvdWtzeUpOZzdkRS10UVdRTUEyTXhYYjFPZTV0WGtkckx6emRCSmVNWm5JdXRoU043UER2X3hIOVFPY2hjMDhaMF92bXZPZkEzY1JRM0c2SVRST19qNWVlU1k2NXlSWTF0MjgzMUlDT09oZUdXNS1fLVUzejhidXc?oc=5,The Moscow Times,en,coronavirus crude oil,covid19_pandemic,relevant,0
2020-05-12,This is how the drop in oil demand compares to previous recessions - The World Economic Forum,https://news.google.com/rss/articles/CBMihwFBVV95cUxNcDE2MmZtYkhBNGQ1Q2J5TEQtanFwTVhUQXRNOEdXWnhIMUhvdWFLRDIyTHRsaG5wZTg0V2xsM1V5b09aUGF5ZzdlbGd2S0JHQXN6U2dKYXQxWS16UmRCaWNxSFFyeWEzdy1xcy02dEhPWE5CZ1A5UnhiZ1dqN0dhMlRCM2NrOE0?oc=5,The World Economic Forum,en,COVID oil price,covid19_pandemic,relevant,0
2020-05-14,Falling oil prices drag down U.S. business investment - Federal Reserve Bank of Dallas,https://news.google.com/rss/articles/CBMiZEFVX3lxTFB6aWVBLUlTeDJDeHFBdjJSQ2JtV1hQYWt4bUdrbHNxd2dDV09DYlNDbzNwVnZNUWQ0R01KT0I4TEVUc2w3em8ySmJJUk9CeUttTU9XRFdGWENUQkhYbng3MkxoSEY?oc=5,Federal Reserve Bank of Dallas,en,COVID oil price,covid19_pandemic,relevant,0
2020-05-15,Oil and gas after COVID-19: The day of reckoning or a new age of opportunity? - McKinsey & Company,https://news.google.com/rss/articles/CBMi0gFBVV95cUxOZFEyQ2c1YjRzWk1Iem1TYmpUS3JZQ0U3OElPcnB3VUVlWXVZdGNHdGVxVnFHVF9xSkxQUHZSQUsyTTktOVc0Rm9iVVd2VUl5dVhNRjQ3ZllwUWFzYnlJY1IwVUxmV2tpUTVwWm9NX3RYOElkVWtIVXlaazR6R043SVNGLWNVRTQ1d09WbkU4b1RabGZ4QVZjQkgtWUQ0S3p0eVNTTVFvTU9NNjRnODgta0I0MkpyRHhGUzFXWnBvbHQ2X3BwRTYyTVBmRjFIdzJYYlE?oc=5,McKinsey & Company,en,COVID oil price,covid19_pandemic,relevant,0
2020-05-15,EIA Lowers Oil Production Forecast for 2020 and 2021; Coal Loses Share in Electricity Markets - The Institute for Energy Research,https://news.google.com/rss/articles/CBMi8wFBVV95cUxQVkIyMGNXR0d1UkltVUh2Q1FwMjhyWUtWNVNoVHJCR0I3emZUM3RPVDJZMHItNDhBY2tMRjh3bjdoTGtVcUtkcXZNdC1NTlRiSXpsRTJmX3hvcGxaR2Jyc29WWFZiTmRkaUxBdWJMc25DdFhGVl9ucmVwQUZsMEpJXzNmcDdMMUJWUzRLVGVvYWYyVWhxbC1qam5WbFJtVkVaYWRpRDJvQjExTkZoNll4THk2TmhEUm5uSkFhd2N6ZERteXptMXJVQ3V0UktESzdfbXFhRWJWOXBFUkpsUEQ3WUZWS1A4MW5WQmUtbklpUGdhUkk?oc=5,The Institute for Energy Research,en,pandemic oil demand,covid19_pandemic,relevant,2
2020-05-16,"As Businesses Reopen, Maryland's Average Gas Price Increases By 4 Cents, AAA Mid-Atlantic Says - CBS News",https://news.google.com/rss/articles/CBMigwFBVV95cUxPSkN6Z1puMG5qYjN0R0FnWVVodkZTWmhQdTAxM05makNGUG95T1VRZEM1b0lUX1ZHemQyTWdiYV9YSkZIOVVSVWdrWUhkSDc0VHpYS0lqWUlCSWFuRTRJNmdFTUprR0o4a0I0bEtnZWY3dG5kUnA5MDlZc0hReWtvYVlDRQ?oc=5,CBS News,en,COVID gasoline price,covid19_pandemic,relevant,0
2020-05-28,"Amid the oil price collapse and COVID-19, what’s in store for Africa’s economy? - Northeastern Global News",https://news.google.com/rss/articles/CBMizgFBVV95cUxNcVNDUWFuN2ZKVFFzcmpDRFRTcEtfZlVoS0FRdi1wQ1IxLUg4cldOdDRmb0pYVmwtSExwbDlfT09DekVSX3QyWlltQ0gwTHdfRi1DSTRHQ3FyMmJNRzdtVXJjSm1KWlkwVzNNS09ZWkJvVVlTaVd6dDVLTlV5R2hoQ2k3WnNVNFR4RXdtYjNxdnRZWlp5R0oxTXV4azZLbTFnQmkzci1VUkpNZ2FGaHJ4VkpQRTZwNVZ4ZEJyWDVNNVV4NDU2VHdOQTNLN0JzUQ?oc=5,Northeastern Global News,en,COVID oil price,covid19_pandemic,relevant,0
2020-05-28,"Rise of remote working is 'biggest threat to oil demand,' says analyst - CNBC",https://news.google.com/rss/articles/CBMipwFBVV95cUxQaDFONlpEYTZ6Z0J0MlRzTTRXMnRSMkh0bGpRc0xXSGIzSUJHbTBoLUYtN0RXWTRoaHVxUm9NZHlFZUFRU0NBWHBkMUQ2UmJaYm1WaTd5NUxxbnctbTVVUmlJbUw0NXZ1MWV5cUxmX3NCZ1dSd0lqRUt5Zkl1WllheDFGZVRaQ1ByamJBUE9YZWZpUDFnbkZTOHZfckoyc1FNS1hLT0piSdIBrAFBVV95cUxNdERmVkhaQi1CN2pwendlRE0xZjRBa0lRbTZYS3VDRDNWdE5OS1NVcnZ1WkVIUGZpd1FnanB3eWJEOGRVUHd0N1htRVhiNXJMekE4YmlFcmRkOV85c2NNa2RqTEhCLVRKM3h6U01pbEkyUUdhSXItU1NyV25SLUJ1YXNWZmhRcHlja1ZkclU3T3hXbEo0SkNiMmpyUzJxV0hfWDZHZk1jUHoxMk9r?oc=5,CNBC,en,pandemic oil demand,covid19_pandemic,relevant,2
2020-06-08,The Global Economic Outlook During the COVID-19 Pandemic: A Changed World - World Bank Group,https://news.google.com/rss/articles/CBMiwwFBVV95cUxQV0JaeEVaMXlFVXFkTkY0bjZXd0xoalNwbG40YkJOQnZxVHVXZ0VEWEZ0RFg5bDBhMV9rcHlDTkQwMUdPMFEzU3ozb3ZOMll0MFpNTDNDN3VHQjl6cXRzMlViTkFNcmtGZnp3MU14Mm5lY3d0QjBtYTdaaXdoWFJmeDVKMEhsdGd6bmdJcjh5R1lGTFB2NS1ucWpULTBrMjBmdHNKMGZXMDZ5TThkNDQxTVNnNmR1S1paN09FUTYzbWtlbm8?oc=5,World Bank Group,en,pandemic oil demand,covid19_pandemic,relevant,2
2020-06-12,"As oil prices crashed, tankers idled off California—spewing pollution for weeks - National Geographic",https://news.google.com/rss/articles/CBMiwgFBVV95cUxQMkQ5N09vOHE1aFdjTnljYmp0d2ZLekFuMDVUMVgtTGhKeS10aEtuejZURU9CY2RJdENaM2ZiQUU0eEZLZGFxR0NQcjBlR3Z2R3VpN1BiYW5RRTlTVnl6am1QcVJiQURuQjltd0o5MzJOTFBSd202M0RjZGpvRTRicDY4Vk91UEJaMURBdjkxX00yMTZTV0NBOG93QmgtbXJRNFVuYUphcmR4end1QXpMaXZJNmUtREIweUlZQUtFRDZuUQ?oc=5,National Geographic,en,COVID oil price,covid19_pandemic,relevant,0
2020-06-17,China Drops Energy Efficiency Targets Amid Covid-19 Crisis - Crude Oil Prices Today | OilPrice.com,https://news.google.com/rss/articles/CBMitgFBVV95cUxOTHpxSGZzSDNKRTRIVWMzbnFUMFdPdFczXzlVWnRPZ2RwZjh0TFRVLUJaWGI0VVhIdzZhOGlvRk9wX0x1N2c3d2d3Qm5uMzVITVhMLWEzTTZZUHlNWkNxd0ZnT25qOVlSN204M1BvUzJKNnZqSVQ1X3hsWjhDMTc5ZzViYjkwVERsVVNJdDh6akUyalhQZmNCaHF2eExEOWE3TWFvOVJ0UmV5Y0V4U1pZdDN0ZjN4QdIBuwFBVV95cUxNbW55Y2VoRXFzTG9heFpxNTVjMnZTSEtZanZ5Q2s4blkwRnUtQllUekgxY2RTSERTSEZTb0tqQWJOSHhjN3hjdHlGOVIwR3lNME1jSm0wM3VKd3dVc3VDWFFBVUVEY0lCRFRQZ0VPR1hIXzd3SExWWHd6d1NDc3FRZXZ6bXc4WlpqSFBDNzRvN1dkaXVib1gxRVFtbl9SUjVYV2ZFN1FDdTE0QktvNGR2ZklCUXNRQklYbWY0?oc=5,Crude Oil Prices Today | OilPrice.com,en,COVID oil price,covid19_pandemic,relevant,0
2020-06-23,The Path to Economic Recovery from COVID-19 and an Oil Price Collapse - kansascityfed.org,https://news.google.com/rss/articles/CBMimwFBVV95cUxQT184azE1U2lLSi0tNjZ2aHc2OER2YUp2NU1ZVE9kb1ZhME1MWDF1TWpuTlJHeGFuLVBjbGRKRFFtanAzVjdNVlBLWDdRaGtaMzhvQ0ZzOFBIakUxU0xsOWVmWHptRWFsYXpTMHhNa2ZXRFhMSHY1X3d1V2NXRUNJTGp2VWtfNzZwQzhFUHRqS09aS2VuNzBpZ3JRVQ?oc=5,kansascityfed.org,en,COVID oil price,covid19_pandemic,relevant,0
2020-06-30,"Coronavirus Sends Oil Prices on Wild, Six-Month Ride - WSJ",https://news.google.com/rss/articles/CBMilwFBVV95cUxQLXRqMVJlTXowaTRmb2FhV2JyNEpTUXdHVmEtcXFGXzRrRHA5UnpSUHFMc09uRHkxdjY1V2s1N2U2ZHdla0ZlWFZuajIyUllmTFo3V0Vub1VSTHRuOVlGcHVOcDcwUUtRUG1RNUxvdVFWdTliOFBrbGVGaEE5ekROVFVmYmZBd0xqblpTdjVMRzJFZ3lnMzJV?oc=5,WSJ,en,COVID oil price,covid19_pandemic,relevant,0
2020-07-01,Venezuela and Its Calamities: Add COVID-19 to the List - Baker Institute,https://news.google.com/rss/articles/CBMijwFBVV95cUxNYVl3X1JRR0J2czZvYkoxb3RDWWVwY256b1hwV1RKbWRkQ053U0hld054WXNYU3dtb0UxZURRNWNwbjhfdU94VmZZaGthbTNSTFkzYVVsdWRZSVhLR0ZDakNCT2pDRC1EcTl1QzFkVzVxVGVYNUFyMXBQd1gwSWFDZVlVc2xqdV82MWVXM2lxVQ?oc=5,Baker Institute,en,COVID oil price,covid19_pandemic,relevant,0
2020-07-01,Oil prices just had their best quarter in 30 years — what's next? - CNBC,https://news.google.com/rss/articles/CBMipgFBVV95cUxNWEhOYXBTb3BMM1hMelpCYzJESHlZc2s1T0gzOGlmQWZYakQ0YVBuel9VWC1INGxBSnU2aGkwTVAyN2FGNS03WXJ1UUtRYmZoV1UxOG55UVFpd1Jsc2NsOXdINHU2VE9pVFg0TWdmUVY1MXNDRVUtMnFVeDBMOWhVNXdlbWplcDk5Mm90UjNIekxQczVYSDd5R1NoQUhCWVhLNm1Wblhn0gGrAUFVX3lxTFBqWGFvdXhCUUo4LVBiRDcwZzR2N0hfQzhLbUFOZmVyN2FIanViWENRV3NyNjlnMTJfV1dHWlR1N1c4ZnNQUkVJbThVOWJVczBEeW5SX05GREJVaVE0MW5fa0Y1Q0FRXzNEb3k3bU1hOEVjNUFYSi13eDY0T0xXTkNRbzZPWlUweDhEblJxcU1UWDhrcGlUeHlHYzFsN3Q3TU9mZXNaY0VJeXozQQ?oc=5,CNBC,en,COVID oil price,covid19_pandemic,relevant,0
2020-07-02,Houston Oil And Gas Companies Can Expect $40 A Barrel Oil Through 2020 - Houston Public Media,https://news.google.com/rss/articles/CBMi7AFBVV95cUxQQlJHX2padzd5SHNNOUdmcElPY3ExSl9HSjNfZ0s4SURkSFdTR3JzVGRWSUxvbkxmT3ZkSFpGb3Q3ZDM4Vk9JZnhtcDFzekR5R3hHYWkwRlFneE5zbE5OcUU4ZmZyMmZweElNcmVES2ZvbjdESWhCUW5lelNQWVYzTHNPY3ZaYkF3RmtDYjdkdXBPc1BzekxYd0s3ajNTcGxjT3BJRXQteE5sSnZIQlJqcEx5RmwzQUJhQm9kNVJ3cEJ3eXBLLTRmYVNKaWdPUS1mSlRzX2Nra1hNN0F0MThXYWYtSzk5dkU3WTVMVdIB9AFBVV95cUxObWZ6a0hTbjVGSW9xVDhMdTJ1cU92TS1EcUQtWFRHeFVqeTBObWJGMzh4c0tyNFV1SWh0M2l1Z1dsd1dPVXp1WHJYQnhwSWR5RldqQ3hlSjBkdXloeTdhdXlvUnViTkVlVFdFZW9IYlBzWHdibUVQVVJhQ3AtWjVaU2NnVjVCQ01fOE1oT2txbDZ2aThXYVdITkJBVUtkZVNYd0V4a1MwTnA1cDRQLTlWOWlUQ1ZKMjV1SDlyMElHOFJ1SU1qVVB0LXF3N2puVjhjRXJONmtaM1FETmZsRjVfd0p4MkdNb2djNEVMTDBHTWNhcFM1?oc=5,Houston Public Media,en,COVID oil price,covid19_pandemic,relevant,0
2020-07-02,"BP and Shell Write-Off Billions in Assets, Citing Covid-19 and Climate Change - Inside Climate News",https://news.google.com/rss/articles/CBMihwFBVV95cUxNaXJLTnVNbGlXMkZtS2w2MjhCZ3RTVmNmSG5tNGZYMTA5VnRpNTMxai1uNENQdlI1Sy1FNzF6MFJncDRMQjlxQWRHX1FoSE1NdnlnaTFCZkxFOXhMajRVc09jMTdkbllIMmRSemZ2cTlJbVRWZVplc0lqWjE3RkJobzh2OTJqSG8?oc=5,Inside Climate News,en,pandemic oil demand,covid19_pandemic,relevant,2
2020-07-06,Global oil demand rebound from pandemic's lows prompts price spike forecasts - CBC,https://news.google.com/rss/articles/CBMie0FVX3lxTE5qTmp3ZXNOd0Z3VHBfY1ZlTFc2NEZoNFRvdUR1T293SFAxUlUwU1hIXzR3ck45RXQ4cXI0SzhNZEZlNG5scS1EU1VwYkk1U2ZyT0ctSzN1NXgtQzVKZXFkLThHNm16eXJKYXVmVG5odzJMSTctdkQwQnlyMA?oc=5,CBC,en,pandemic oil demand,covid19_pandemic,relevant,2
2020-07-10,"Coronavirus’s Worst Impact on Oil Demand Has Passed, IEA Says - WSJ",https://news.google.com/rss/articles/CBMiogFBVV95cUxOdUU2aU5IQVJocGQwMFVfejEwQnFubHpRSWt4ZmJiVUE1TE1pN044dGR4djFwcDhMMlVabml0WGNyblBSREZoanEtWkg5b3ozTmttUklwaXRIekphVVJueUhWOGtTNTQ0X1hJNFVGT29UV1QxT3VvaGtVejNvVF9uYWxQODk0a3MyR3lTczlnemN4SDI2WXlLd1pMLUNOZ0E1WGc?oc=5,WSJ,en,pandemic oil demand,covid19_pandemic,relevant,2
2020-07-14,COVID-19 brings a tough year in the Bakken oil patch - Federal Reserve Bank of Minneapolis,https://news.google.com/rss/articles/CBMinAFBVV95cUxOWXc4MUx6R2d2dU1BaXN3WHYwbUc5NHBUak4tLUNZMHBOSjBHc3J5anVVdXBGSloyb2NhbF9rOUlicHF6SDJkc3F5TWNaN3NFcFVDWHZJeGxBSzRKU3FoTUhFeU5wN3pLWURFQ1VFMU1TRjlaTnVFa3VXVDRIQ2Q3NW01dUtGUTdfVFRLLVo2ZVJXaVJSeDdVTTNRX0o?oc=5,Federal Reserve Bank of Minneapolis,en,COVID oil price,covid19_pandemic,relevant,0
2020-07-28,Is peak oil finally here? OPEC prepares for age of falling demand - Al Jazeera,https://news.google.com/rss/articles/CBMirAFBVV95cUxNN2JYZUI3LXdaUUVOa0RqeTdvSmVaQVozWmI2Q1FsYk9TWFRzUFFQMS1kUXE3Ti13ODAxRkpIdXR3OXNOcVFTTS16empGVGdhdl9tajNZTEdLRTBxX24tR1o2amNJXzFFbjIzTTlFT1E4cVBuUklQRlItNENGYWQ2UDRpNnZ4WFpvTUd3QTdLcGNxMDFhREhRcFhyVnFMOEJjSzNnei1xMkhXX2xY0gGyAUFVX3lxTE5qSjdMTmYyUnR3RlpSWk9tS3VMTXg0ZTVqTzBBWFVna2ZZX1lzU1Y4RnROV2htRGFUR0RQUk9QQjNfeGZnY0phekhtZXJ0MXAtYTE1SkxUQlUyOVgtanZuMHdSOVpzWDVwa243b0ZGQmNpcmdYWExQUjNKRUJZUEZqYnZyT0k5c0MwZml5TlVMRG44N3dKS0JZVzk3VVU3ZFRydkFNR3NpbUdPRkxPc08wX1E?oc=5,Al Jazeera,en,pandemic oil demand,covid19_pandemic,relevant,2
2020-07-30,Why COVID-19 and falling oil prices are a threat to education in Nigeria - The World Economic Forum,https://news.google.com/rss/articles/CBMitwFBVV95cUxOeC12YUtheWJrVkE2bVNaYzctd0VLemVMRk9VN3ZfT0NiZlhyQTR4UmVMLUYyZWp1TGFHMk9kRlp3Q0xCdkFDcDc0S3ZGRXdlWDZCNmxram9RamJYNXF3T3NKNkNHblVDMlF6WTNuQTJRaTFSVnV2SmFObV9oakhNQlg0N0JaVGV0UWdoTVNSRjF5ZmRXVnVhRmxuSnFwV1BuX19qUXhHSUJDdnhTOGE5NThpZHB3U0E?oc=5,The World Economic Forum,en,COVID oil price,covid19_pandemic,relevant,0
2020-07-30,"Shell's second-quarter profit slumps 82% on coronavirus hit to oil prices, energy demand - CNBC",https://news.google.com/rss/articles/CBMib0FVX3lxTE5IMDR3ZXhDcUdVQlJBWnBQQy1xb2JGUU0tWWZHWTZ4Q0lPQ1NhWkZGUURKSzdyZFk1WUhVQnFEeWdnR1phMWJHdXBNRlo1VHV2V0t1aXhWMVN4cFNPUnRhaG9Id3lOTXVfeFdIX280UdIBdEFVX3lxTFBkYzZLdWF4Vm40Mm12WWhOeUhudUxqeHlZeEdYTFpIbDBoTW40X1hQeU0xc3JCSndRa2dwVi1abDVGMkV5X2JsMW5CMXhsQ1BoSEtYZE5DbjNRYnZ6ZFVPRGxoQ3IzbHNWWG9JclFORXJDZlRE?oc=5,CNBC,en,COVID oil price,covid19_pandemic,relevant,0
2020-08-13,"IEA sees lower oil demand in 2020, 2021 on upsurge of coronavirus cases and stalling mobility - CNBC",https://news.google.com/rss/articles/CBMisgFBVV95cUxQNTEzazJSTkwyYTJILXlIUzZHb25RSTBUZEVKSk1sRzBfSjZfbVVYLTJPUThmX1BpMURxcDU0TkZQbDdTMzlrRDgzRG82WmlKU3pKWXRyNEZFVWVRYngtZFJiOUpLdjlZLS0xaVZiNkNtZXRHVUExaDVKOWI1YVV6bFJFMUVnbWNVLW5vLXpWdTU3eEwtMkxYN09VZnBKSHhMQzFObDhDR3VlWUdwRDRuZFVB0gG3AUFVX3lxTE15TV9YV3lkYTVhWnlxampPV3JtcDFGMnotU2VKMS1uUEhqYW41N2FhdjhtV0V4OEUzTmlXSW9GSTkyTE44Y1BmQlBxNlkyMnZNSUo2aGFzNHotZG9PczczaElCSXU2ZEg3TnBUQ0NMYkZKZUpTVEJvZU5rNE10cW1hWkE2eEtEeWxDWHNhNlJwc1Y4NHFvRWJpTXBVQmcyOHY5ZUMxdmktQU5BajJfNWoxbjJiUkRSYw?oc=5,CNBC,en,pandemic oil demand,covid19_pandemic,relevant,2
2020-08-13,Oil slips after IEA lowers demand forecast - The Globe and Mail,https://news.google.com/rss/articles/CBMi2wFBVV95cUxQbDhkMVZvNmpUMlBWX2NsU3MzOElJTjhVc0pXZS1KQjhGUndJYS1KYmhHU1A0NDRLMDdfQjdmclE1ZGY0Wk1IMk9OWFdIdFM0RTFFVXdINWRnd0x4RUVMTHNTNG9TbnRkdTJBRXhWTDF2dzRHVFB0YUhhMTV0RGg2dU5BMUlHdzVVZGtEbjdxcm1lMmhVeVhLVlZhNU9GaGZRZFQ5WjhxSUlhOVNKcXI5c3kwY2FsTU1RQXVtRHprbXktdi1NRW1wOW5vaE9oOGJJMjZzSXNPQzdGTG8?oc=5,The Globe and Mail,en,pandemic oil demand,covid19_pandemic,relevant,2
2020-08-13,Brent oil prices down amid global pandemic crisis - Anadolu Ajansı,https://news.google.com/rss/articles/CBMilgFBVV95cUxOcFk3anVuajBfQmtJdllyNTZ3VGRxbU9EdFdGMWdnSm41OTRlU2tJZ0plcWo2bzR0S1dEVFBtOTRiRnVkektfTlZrdm1LakZXY1hGUlJkZV9laEhudy1ZUUxMbnVSYWl1Rm5Cb1VOazdoVWFPUFg1RnhYOEFRRTdFUGdxUWxCM1JuT3Jkc1lEZWpJMUFVZ1HSAZ4BQVVfeXFMTWZjNFF3MExMMnFKa1VveFpHVVl6TEloX3RZV1ZBeXh2YmZmd2J3aXpDbm52eGRIQXhpMWNjcU9kMDFjRnY2TjFCZVBqMHVHOGpyMXNaX2FaVkgwMzdYMXViY0tYcVIyUC10ZFFaUkpwOHBXUXpHeFN6dmZGbTM2MkxHdl9UbElQTXhYMTlPbEd1eXRvMlZjb3dZSFRSdXc?oc=5,Anadolu Ajansı,en,pandemic oil demand,covid19_pandemic,relevant,2
2020-08-25,Energy News: Impacts of the COVID-19 Pandemic on Utah’s Energy Industry - Utah Geological Survey (.gov),https://news.google.com/rss/articles/CBMixwFBVV95cUxOWlpnYzlOUU1nVzh1THlHVnFDamE5M1lHdWlTbGU4Z205SlNZaUllZVlTam55Qlc1NDdRWnVqbmpKREU0MFltYmZKMjh6YmdnbmNXQjhxS2hDcnpLdWd4S0JtZld1R0hMRnpFbEFvMFlWd0Q1Z3FPMU9EYWZQNlpXTnBSMks0Ym10SnJvdDhTVFNtSzBuQWh2ZGpMVnczb081SEZmdDEtbzFrOTIzU2xpOVkzVXJtLXFJaFRCWTNpVkh0N3JndjFN?oc=5,Utah Geological Survey (.gov),en,COVID oil price,covid19_pandemic,relevant,2
2020-09-13,"Global oil demand may have passed peak, says BP energy report - The Guardian",https://news.google.com/rss/articles/CBMirgFBVV95cUxOOE9HUXRMbHRRMVRpM0lKN0xZdW1NZmlpUTJsMmZzejRWMFl4TEE0bWE3MTVTWm15X0N5STRNRW9WVDFjVjFCMldSZW5KRFB4Uko5NUxrZmNhWG1LVTNYZ3pWWGhNdldnb244dkFaeGlCdjcteXhjUzhZY252c2t6V3pMaTBxbGVrZDl2QzZSMS13QXdzWnpWSlJERUdZS0xhcldtX3c4LWllTTAtMFE?oc=5,The Guardian,en,pandemic oil demand,covid19_pandemic,relevant,2
2020-09-22,Pandemic crushes Guyana’s dreams of big oil profits as ‘resource curse’ looms over oil-producing nations - The Conversation,https://news.google.com/rss/articles/CBMi0gFBVV95cUxOSmVETXdoS2MwenZQRTExVU4ybzRoeWNWRUprZHhJNzkxVFRCMTV2eXhXVlBYOUlUelJhdEw3Mi1oZEpZbXlLeTVla1UyamF1R2VPZlZQZDIyX0FjT0xFVEZJLTFkWUlyWmU1UEwxSzJ0SXRwcHFRVVZBNlpkSkk0dkI0ZDhYY1BnSmwtWXpNaHVtX3F6ZWs0MzN4akVOM0FnSFhnZG5HdzktUzBJaHNlRmMzMW1LZHJMdXlsY1BEelF1NkFMdVdpbnJ5S2xQeVZrQmc?oc=5,The Conversation,en,pandemic oil demand,covid19_pandemic,relevant,2
2020-09-24,Will the Pandemic Spell the End for Oil and Gas? - Columbia University,https://news.google.com/rss/articles/CBMifkFVX3lxTFBvUkIxcEs3UHR6RURKYW5QMW9NNk1Eb0FpZzgzRUhjU0lSb3dxT09wTmZnZHVnLVp6OTNYcUlwQ2E5S0R4RDd2NVl2blIzSXJYZ09MUnl1aDZkM09OVmsxVDNEMUZQRG5wOHlyUkQ4T3RzQlctRVF5RlpZWTNWUQ?oc=5,Columbia University,en,pandemic oil demand,covid19_pandemic,relevant,2
2020-09-29,"Shell to cut up to 9,000 jobs as oil demand slumps - BBC",https://news.google.com/rss/articles/CBMiVEFVX3lxTE9BWXNQamV6TTZhUENOMWZZRGVxUXRYd2k0Qks3NG9xLUFZU190N2hQSGJJRl9iallxVVRRRlJXOW10YkQ0T2pqODBMX3MwdndFc2pzMw?oc=5,BBC,en,pandemic oil demand,covid19_pandemic,relevant,2
2020-10-02,"Stocks, oil prices extend losses after Trump says has coronavirus - Al Jazeera",https://news.google.com/rss/articles/CBMirAFBVV95cUxPeURFQVVQR1RPTVpuYkhjQnNWLV9LZG95ZTVkWnZUSWpZeVdFZUhQTFNpR2YxSUNzY2MyejloUENwOU9aT0VKRm9ycmJsRUN3ODVCRUt3YnJDckQ0UE95WUpBMW5lMkE2THJqZVB0b1BZSVUtNGE4Ym5WY1lQQ3I3VUU0T2k1WFpxeUhOelAzN01XUS1SSm44aTVvZEhUTy1jN1JXbWxxMUVfRkln0gGyAUFVX3lxTFBmN3lCU0VGTkQ0Y0d5SXA2dnFwNzJsUVR0MGRRVTVoeXo3ZzdmRnFiM20wNjhhTmI3bEF1LVRPWjg4Z0x6MC0ySXRheDU4MUp3X00yUHFnZHFVeDVxbzF1TnBVV1FmMTVCRlRma0taWE8wdUdybzRRT3ZHSEliVlFDN2EtZ1MxWV9yRnJaN2dQVXpjSHdSVkIyaVo3Q2xxU0lPckQzRzhhXzhsb0IxQXdCelE?oc=5,Al Jazeera,en,COVID oil price,covid19_pandemic,relevant,0
2020-10-02,Chad and the Coronavirus: The Economic Outlook and Poverty Situation in Four Charts - World Bank Group,https://news.google.com/rss/articles/CBMi9gFBVV95cUxOdW9VaDh2UUdUNXAzMi1ya2hoTzNmckdidjdnSkJkYU1USUI2RHNOMlFMeFY5Wm1TZmxqcDd2QjExSmVUMkRyVkljQlpoZ1F6U3RqOS1nRk1CWWtOMl82ejF0N3UzTDg3TjhaTnZxa3lsM3BMSl9sdWVvQlBkdjBCR0l1eld5dHBCNS0ydHUwLTU5SVZfUGZmYUlGMUlMVTR6dkZ0Sk9OSUtDM1pIb1RvcmhESnJQRGdVMVU5TDJ0YXdDajAxTjZVd0pvYnJLT3N1dHA3Wm5IU0tWTTQ5RzRPU0FRaTRtUVphR2lvS2JzNFM4SlhZWGc?oc=5,World Bank Group,en,COVID oil price,covid19_pandemic,relevant,0
2020-10-02,Canada's Suncor Energy to cut up to 15% of jobs as pandemic crushes oil demand - Reuters,https://news.google.com/rss/articles/CBMitgFBVV95cUxPSXoyVXQwMjIyTWVtMjRhX0dFRTQ4aG50MHJ4QXR2Z1dvNGVicExERkR4VnltT0w5aVZsajR5MHZ1aXVRbS1kZlBFRExnUTNveHVSMDlWRW5fcm1sSGg4X3pZZUVNdEhsZVRrZ0d3by1SNWFTLUN0YWZ1aGtWZks1QzQ3ZzZIOUt6MXBiM2M0ZTFzX0xBUFB4OWZ0djZKQmUwd0xjNGhQSG9UWFZVVTJOczA1UU9JUQ?oc=5,Reuters,en,pandemic oil demand,covid19_pandemic,relevant,2
2020-10-02,"Suncor to cut up to 2,000 employees as pandemic diminishes oil demand - The Globe and Mail",https://news.google.com/rss/articles/CBMilAFBVV95cUxNN09KTmxDc19FOWtvTTgzTVFwV3dibUE1Rm5RS3VOWl9RSEVwTmNPYjRlQW00WEFwU0dCMFJWUE1LbjZ2cm1Fdi1neXJXcjJTN2pLczIxM25JdGpXTUVtaVU4M293OUxkQ0NITHpxMlIwTS1GWGh2Z0tfRUMxZW9ENlAzTms4azQxeUR2M3lWNERrZk5P?oc=5,The Globe and Mail,en,pandemic oil demand,covid19_pandemic,relevant,2
2020-10-19,Saudi Arabia's Economic Update — October 2020 - World Bank Group,https://news.google.com/rss/articles/CBMimgFBVV95cUxPby1DODduRXlBQ1MycDRwNW1GYjF6MjZwdV8tT0hLZlhUR2VPZjBDcGtUdWdlXzRhVzRqbnViOXJMQ2RlYWNTQ0k1UG5USzVCSDkwVGNnSXZNUlFzSTV3QjRqS19aVS1NMEprVDBvbEJWbEdhTXc5bnFqMjhqVUt2b3U0RmtDNjFnb2R1UkViUldzdXpaY21LcDRB?oc=5,World Bank Group,en,COVID oil price,covid19_pandemic,relevant,0
2020-10-27,Misleading Messages on Gasoline Prices - FactCheck.org,https://news.google.com/rss/articles/CBMifkFVX3lxTE1KUjdrUmNPd3hSRXRUUnY0OHRhZVBUcmJ1THk2ckZ1ZnRXeUZQdVZnVUxTb0Q0MVdSYzd1V1pkdVJIcDRubkNzR1p4aU4tS0tlNWFFVUlfZlpWaXFWQUV6d3NET2xSZmtfdnNYcDdxTlk4TjR1X2JGSVQ2OHo0dw?oc=5,FactCheck.org,en,COVID gasoline price,covid19_pandemic,relevant,0
2020-10-27,The oil market outlook: Lasting scars from the pandemic - World Bank Blogs,https://news.google.com/rss/articles/CBMiiAFBVV95cUxQcTM0WVdiQ200Wjl2cHN5eC1WbUJvY25DVnN2NFdJQ1FWbFUxX2wxWU45UkZfR1lyc01mTWFkS3Fld1h0R01kUmlwNFR6TkUyMUJVUzhYdjRBdk55NDYtX01CT19DRlNDSDVwQnZ3TVREcE0wSWpOU3RZQ2ZoR05zMVV4WmF5WTF4?oc=5,World Bank Blogs,en,pandemic oil demand,covid19_pandemic,relevant,2
2020-10-29,"Ready for a road trip? Gas prices in Missouri rank second-lowest in country, hit 20-week low - KMBC",https://news.google.com/rss/articles/CBMixwFBVV95cUxPUkcyMVlhTzJsWUpUNENnakJtdXB4U0FETG1fMTF3T2JwSFVzb2kwWm1UWVNCR0x1eEE2ejJJc09VcEN2anBNYjN2S0hmNk5OczBiMHdRdnhBNlVMX3NzNlBfSFM0bHVXWHNRZUlQbFpZRXZkMGN5WHZIaW16al9jWlhVRy1PRjRMRlI3US1jS0VNb254aXBqaFM5VUM3SWRXSVVGTjlRdEdFSWdKU0tMbkpnRFMtcHFIb1EyVHNHVVpnYWhqVTUw?oc=5,KMBC,en,COVID gasoline price,covid19_pandemic,relevant,0
2020-10-30,From the barrel to the pump: the impact of the COVID-19 pandemic on prices for petroleum products - Bureau of Labor Statistics (.gov),https://news.google.com/rss/articles/CBMifkFVX3lxTE85ZUlXVTdCUXVlWGNrWkhIRkw4amdOdUxKeExfRVNEdjJ1M3otVXd1YTBTRk03RzYtS1pfT3lMSzd0RjZJRld3QjFMX1lQWmxNS0JnaXBNV0xuQjVJcUZybVVQbE1FV2VnSF81RVlielVRejJOU2FQSXBGRW9kQQ?oc=5,Bureau of Labor Statistics (.gov),en,pandemic oil demand,covid19_pandemic,relevant,2
2020-10-30,"ExxonMobil to slash 14,000 jobs as effects of pandemic hit oil demand - Offshore-Energy.biz",https://news.google.com/rss/articles/CBMiowFBVV95cUxPY2FTNmVMaldrSGlJLW5xcmJzWm95RkNlVnlIYktla3Zfell1bWxJMUZBMXItLTFFQ3gwOW05aGJEMnNxcWFNQ0xuSWdLZG13UlhiclotSnJFU1pGdTVBZzh3Q3QyemtZUUM0b01tc1I2Q1FsaXlQQk9yX2JhZjFOcTNkZ01QOEhYYy1Hd1RVTTVldlNBVE9scGkyVXhBNzFRZTBR?oc=5,Offshore-Energy.biz,en,pandemic oil demand,covid19_pandemic,relevant,2
2020-11-01,Pre-pandemic oil prices expected until 2021 - Guyana Chronicle,https://news.google.com/rss/articles/CBMiiwFBVV95cUxOOXktRW05M3pmNHJELVZWTzA2WHI2REo3bUJlcUVLOTJFT1hLUDZiQS1mQWU4c19YaXFTei1IZTBmN0FWeHRWV2gxQUFhZmIzOHN5NmM1RmVQd3phdWdxdG5RT3NGWkdOTWtuRERZZGc2RkZOTjFDdHlJNjlQalcwYkVuSmhDSEtqdnNF?oc=5,Guyana Chronicle,en,pandemic oil demand,covid19_pandemic,relevant,2
2020-11-02,COVID-19 hit commodities hard - these 8 charts show what we can expect - The World Economic Forum,https://news.google.com/rss/articles/CBMizgFBVV95cUxQcUI3T1pKUWNDTU1mQ0l1M0VqVUhnTWZlNUFxWDJrbnFCQXFVU2V0bk4ya2pxUkptOHZncl9URVVTTzI2QUxLcFJqd0ppamQyUnhSNmllb01aei0temVXNVUyZXJIMmpKdW9YZlIwUXdFZU4zUFU5S3BFczdsdl92eWxvSDF5ZjgtdFpsTnlQOWJLc0NkOHNwTWlSU3ptNUY2YnlVc1lRZHJsZGxhVXNKcG43ZmcwXzl6YzAxaTJPM05tdVo0NjU3b01oYzNOZw?oc=5,The World Economic Forum,en,COVID oil price,covid19_pandemic,relevant,0
2020-11-03,Peak oil in 2028?: COVID-19 brings forward 'reckoning moment' - AFR,https://news.google.com/rss/articles/CBMiqwFBVV95cUxNOVZmcjRqZXFud24wTGJBM0RFY3hmRzVURVFPS0wzZFNld1UwTTdrQUNSUTRCVVV6Z2JoNWpkUnJSMnVvbmhYMmRfbE5iN0JtMHFDcjg5dEZyX2hmSmJQdDNybVRDWG5XUTh6Zkdxb19tZUhZVlUxRFdSellhcVpnVUhpUHQyaEVwNWx6ZklCSGVVY1pDcVF2MTlkcjdKUl9YMDdVUzdodEFBN2c?oc=5,AFR,en,pandemic oil demand,covid19_pandemic,relevant,5
2020-11-10,AAA: Holiday Travelers To See Low Gas Prices As The Coronavirus Keeps Many Home - STLPR,https://news.google.com/rss/articles/CBMixwFBVV95cUxPWDZuT1ZlQ3pVNVpCQ05wdG8zdmZtTjROeTA3c0Rsb0VUMm5GcWZEbGNYWFVTejVhbk4tTHlZUzVDNS1LbVdIYVB2QU1tRW9jZFlac3pmem1lTkdJcHY5ZTdZdDZTLVMtd2dUdkdMMDYyeE1qMGxWVzFjUHNpT1c0TFNadTk1OUNaeEpxZm5BdWJCVXJVVDdPU2ZtSDI0ZjNwM0IwYTBrOWNEN3ZoYzI2eHo4bEV1N1NSLS1lLXo4RHFsa0xiNXFJ?oc=5,STLPR,en,COVID gasoline price,covid19_pandemic,relevant,0
2020-11-10,Explainer: Why U.S. Natural Gas Prices Have Increased During The Pandemic - Forbes,https://news.google.com/rss/articles/CBMisAFBVV95cUxPQ213YXNwLTBMZ3EtS1JmSU5ENmVtMThDeWlxbjBxYkxkN25peVdoMHhWRjctWlZmOHRnaGJWV2lKdS1VWGh6VFVDM1pkMkpleENlWTB2S2gxd0JpdXVScnh2NXpKNVlPN3hRQlp3TDM2YjR5aFdKRVNqMHU4aHVheFIxcTFNaTBIYXh2WVM5dmpaVjBEanFhQ1c0YzlKVUdkejRpdHM2Z05qN3ZIYUJmeA?oc=5,Forbes,en,COVID gasoline price,covid19_pandemic,relevant,2
2020-11-11,COVID-19 and Low Oil Prices Push Millions of Iraqis into Poverty - World Bank Group,https://news.google.com/rss/articles/CBMikAJBVV95cUxOUDVNankySmlJTTRlaEpiSDR2djJTRFVKU2wwVlI1U29BOGhhS3NMdzZwNUdBTnZQdTl2RFR2LXJFNTRXV0UyV19kQTQ3bl9Jd1d1b21uRzVlSnhpeFhzZFdiYTlmbTJmSzZFUEp1bnRJeF9qeE9wMUpDemcwcERjTGVkOFF3UGRySU9IbzJwVHpPSXZKSXloT3lzOTNTbXJESFZYT204cktqdXZ6UlY2SFhYcFhfUFNEV2x2cnpOb0RDeEFxMWhFclg5V1RpcHlpa3ZfdnowTTBxT1ZVYzZqRWswWVM5OFNtYW4xcnE3b3l4cEhyQ2VsX2hpOF9ZQ0pZSnc4LTVjaEIyZ0sxY3RxdQ?oc=5,World Bank Group,en,COVID oil price,covid19_pandemic,relevant,0
2020-11-15,Gas prices drop below $2 per gallon across Michigan amid COVID-19 pandemic - WWMT,https://news.google.com/rss/articles/CBMiowFBVV95cUxQR1JOMHlPUEFHLW5uaFdqZ1l5SmZDNXR1M1lTTVhudjRtX1lQdV9WRURIaWVYMzRVMmRiMVo4VGtvdWp5VVVLM2FqMVB3NzAtSVlkOXRlYWp3NlM2NmtiUC1vNjZOenRlQXloTEs1TE9ybWFkdnFheWZOX2d0amNlRGo5QTZDNDlHZ1JuT1BUOGE0T09Hd0l6QktaRDdVUmdrWkpr?oc=5,WWMT,en,COVID gasoline price,covid19_pandemic,relevant,2
2020-11-18,Florida’s average gas price slips below $2 per gallon - Mainstreet Daily News Gainesville,https://news.google.com/rss/articles/CBMizAFBVV95cUxNUmV6Z3EzSFVSeGlDOWFfR3RaVk85M3A3MWxPR0pEZm1JUzFFNVlveFc3VEpHNGZLenF1RjBfWnl0S2xNbDVfd0NEamZCb3FzVjNFaTJuQlJJX25Ra3lpSnJIa1NsWUxpVEp3N3EzcXNuaUZ3WWFvWDcwMmVZUV9IZlJacDRxOEVCSURZSmduelNHSjNESTlGa1Y0WVN6aXBvTHl1alpOWjYzVVBtbFVnLXBFcFhMTFYtZl91S2FKQTdGNDM3dnpVY3VyUmk?oc=5,Mainstreet Daily News Gainesville,en,COVID gasoline price,covid19_pandemic,relevant,0
2020-11-21,Nigeria slips into recession blamed on COVID-19 and oil prices - Al Jazeera,https://news.google.com/rss/articles/CBMipwFBVV95cUxOMFJzZUpTenUwRmNiNHdDd0NJOEE4aktmdW1OdkVrLU9oM3pFSDFSOGN0V3BiaGkzZlVxeHZYNktvU093bHNIUktYV1YtVkpzdWhoY3dTWE9XZkhpcXEzcTRkMGd4Vzh3X09JOTRJUnNpSVlGNTBDOE80ZXl5MjZGUUo2SEEzXzVsSHlGSW9ZdmQ1c21UaXBENzBoOHlYMFNLYjJpcmlYZ9IBrAFBVV95cUxQdUd5cmI5ZFJoTDlhc3ZBRU8xRncxUTNFRHRaRWlfdVpJbGs4QTFBSWl5ak95OGpNNnFkUHk0NUNPQ0E0a2tHRDVvSTVzNXF1M2VqVDBRVTkzOHFLOFhnaTM5dTJieU9xTFRiLUVhck4xWjEyVF9KcWg5ODJWZmZpSVB0emlXZjlFZjRhZnhQTGU2Njd3a2NaSERwTW5sZ1V2ZmgzdjhGLTA3UF9O?oc=5,Al Jazeera,en,COVID oil price,covid19_pandemic,relevant,0
2020-11-23,Lowest gas prices in 5 years will greet those who hit the road this Thanksgiving - Houma Today,https://news.google.com/rss/articles/CBMiswFBVV95cUxPdGZtMXZtNVhSMzdLbk5ZNVlMeVI3NEZUQjNQOFh3U1VGWWtEUVc3OXBiVkZia2RZZkdUa19BYUdrSmU5T1VTN25aQmphb0NJUVZ4cERlNUIwN0RSb08tTDdMdlNrWmkwc0IwMUFJX2w0Ukx3eWxrQW9hdkIxQUxmZnNCVDhuNlMzaDc4TnZFcGoyZVdORlJQUHRaRE9UMjU4ZF9yb1NZeFJVZ2wzaGt3Z014RQ?oc=5,Houma Today,en,COVID gasoline price,covid19_pandemic,relevant,0
2020-11-30,"The recovery of oil prices is discernible, but distant - GIS Reports",https://news.google.com/rss/articles/CBMiZkFVX3lxTE1hQ2tBcXhidS13R2VVazRxSjhVMFdyRnZKdlF0UFN2THJBMzdmNmNYQmt1eWUxRThjRHluaTB5T1hKS3NIWmptTnlELUhHZFBtSXg3bzlHWFJUaVFwaXVsR2ZyclhMUQ?oc=5,GIS Reports,en,COVID oil price,covid19_pandemic,relevant,0
2020-11-30,Colorado Oil And Gas Drilling Falls To Historic Lows As The Pandemic Crashes Demand - Colorado Public Radio,https://news.google.com/rss/articles/CBMitgFBVV95cUxQRHJ5dFBZOUR0OFZPbEc4d0xsVTBQM2JNYWVvMHVJUEtkMkVSbk52Sl8wNzFCUjRCYS1Jc29mVFkzNERWbWg0NlFCZDNJdEhFY2tRMkRtMXB6TjgxanNaZHM0ZThUelJLcHZURVltRF9jZ1AtVERGUy11RUhHaU9WMWlOdWNHd3hrSUpKMldid01oazJPQTdLTHVSaGFYeFRuOWZvYmc1NlY3UkF0dGVUaFZQYmF0UQ?oc=5,Colorado Public Radio,en,pandemic oil demand,covid19_pandemic,relevant,2
2020-12-17,The Pandemic Hammered Oil Prices. Vaccines Could Start to Boost Them Again. - Barron's,https://news.google.com/rss/articles/CBMiugFBVV95cUxPQUE1YkcxWlp1OTNBMHVtOWhGal9lSTF2eWdZY3BIRFBoQlc4R3JHS2tXSy0tSVp4dzd4Ukx5TnF1TGlEaDU3OUlKZ1J1MEhzbmdlRDctUTE4NXJfZHRoYk1LWnNkellQemlRbnB5VGJQVWNtYmhGdHJWUTE2UUtkWVlyRjRUVGtKR2pQeVYzZU9yMjhWbW9QS2o3alZRTk1xTnJqTWo0d2xFRUZQTDJrYnNoMjcza084WlE?oc=5,Barron's,en,pandemic oil demand,covid19_pandemic,relevant,2
2020-12-21,Florida gas prices reach highest price since pandemic began - Florida Politics,https://news.google.com/rss/articles/CBMipwFBVV95cUxNNER6NVphOTNDeXVreFJNZl9EdV9yMnlKQXhpSWQ1NzBSSHNMbUtocW1pdFphVUJ5dTVJUllTYm16V2QybW9yVkoxMW1fZjVqTTlQTGs0cVRzMlZ5YXpLeVU0R09jTnQ0WXF1ZXFBeFVOc1JRNUNHWEQ5M0loSTUyQ00ySnUxNDZKNG9vUUVWZFB3eU5jclFEdnFVQk1Wd2RNNkd0bTNrMA?oc=5,Florida Politics,en,COVID gasoline price,covid19_pandemic,relevant,2
2020-12-23,Oil prices down over pandemic-driven demand fears - Anadolu Ajansı,https://news.google.com/rss/articles/CBMilAFBVV95cUxQVlVBSmlwMWYtQXgtaEFyWGd0UGxNb2dSZHNVbXlUYVhTa1lybE9XenA3b3pKTTlQVEhNOUc2X2VVSzJzZ28tbmh1S3hiNzFJTU13NGZFMHNiZUFKbFVkZGEyS3F3OU81TUF3SXVMUHJIQTJTTEJPeTR3azQzSmdLeGhlcGFDbFYyTFljdGZKZThSVlNS?oc=5,Anadolu Ajansı,en,pandemic oil demand,covid19_pandemic,relevant,2
2020-12-30,COVID-19 mitigation efforts result in the lowest U.S. petroleum consumption in decades - U.S. Energy Information Administration (EIA) (.gov),https://news.google.com/rss/articles/CBMiY0FVX3lxTE8zMXFaZVNhalBTQXl6T0xmLXJnSXdJNVNSTDV3TGlzOWdHeW5rNjdhWXYwdWtwbFBRemFuTW83bFIyLXo0REJHLW5BTzRhRmlsY29WNzg3c3ZCUURhMFlLelJSQQ?oc=5,U.S. Energy Information Administration (EIA) (.gov),en,pandemic oil demand,covid19_pandemic,relevant,2
2021-01-02,2020 Gas Prices were the Lowest in 16 Years - ACG AAA Newsroom,https://news.google.com/rss/articles/CBMifkFVX3lxTFBMMHg4d2JSZnQzYlE4c1l4dmUxQm5vdTFDYWZURzdQeDZoSEVUd0Y2ZnMwWERLRDhVbkxQdm5SZzZIRnlVdEZ4Q19vdnVocC1LcE1yYUZ2SlNOZGdvaGhCUWxicEhHTDRhT1J1UWdtRjJGMGgzVVpsMlozeEdhUQ?oc=5,ACG AAA Newsroom,en,COVID gasoline price,covid19_pandemic,relevant,0
2021-01-04,COVID-19 pandemic drives down gas prices in Florida - News4JAX,https://news.google.com/rss/articles/CBMiowFBVV95cUxPUC01ZHVTblFzdWNpMEtIQ1dTZFBRdDRQWl90VUdreEZMOXhrRU5tc0U1Ql82VU5Sa3V2WkVTSm8wcE5HbmVSMEpzdFRfMFA4LXRZUUF4anNWMnNKbkNkTDlMcWdNVi04U2ItMTJaUXJKWVdRcVJadEdWV3JORTBnUTNoS1RZVFJEM1lLOVhhLTA0M0tDTXVodnNRTzBtbk8wNXVz?oc=5,News4JAX,en,COVID gasoline price,covid19_pandemic,relevant,2
2021-01-05,Crude oil prices briefly traded below $0 in spring 2020 but have since been mostly flat - U.S. Energy Information Administration (EIA) (.gov),https://news.google.com/rss/articles/CBMiY0FVX3lxTE5YS0VpR2phcjBpZDV4WHNmZHBWQi0yMlhNOFhLeFctbFRaMjdjUTQ0bENmM0tWSE1Nel9OUlo0bEQ4aXgxXzZyZTZiMmFaZTRLWjY5MFBSVGliUTFTb01GWmxaOA?oc=5,U.S. Energy Information Administration (EIA) (.gov),en,COVID oil price,covid19_pandemic,relevant,0
2021-01-06,U.S. average gasoline prices and vehicle travel fell to multiyear lows in 2020 - U.S. Energy Information Administration (EIA) (.gov),https://news.google.com/rss/articles/CBMiY0FVX3lxTE9Ud0FnLXRlVUlwZ1hHakRxVWY2c0lIY1phUFpSLXBTQUU1cVpuZFlDZFhDWFo3Q1E0cUpwQzhiNjUyQjdBSGdJX0FwUVNtMERCRTZjLVN3VGhiekZfTDVIRFZwNA?oc=5,U.S. Energy Information Administration (EIA) (.gov),en,COVID gasoline price,covid19_pandemic,relevant,0
2021-01-07,"In 2020, U.S. natural gas prices were the lowest in decades - U.S. Energy Information Administration (EIA) (.gov)",https://news.google.com/rss/articles/CBMiY0FVX3lxTE41TjFQZlBDRUZCcXBNNjNMWmh4Vy1sdlhfaU5LaDlQUVFueWIyVXF0N05ySmRNMEh0SW54dlhWZEZiQlo2TFhpM2xDLXNKOVdRR0lHZEFwZGR3WGJ4RWxsUWx6Zw?oc=5,U.S. Energy Information Administration (EIA) (.gov),en,COVID gasoline price,covid19_pandemic,relevant,0
2021-01-08,Why the promise of COVID-19 vaccines could increase gas prices in California - Visalia Times-Delta,https://news.google.com/rss/articles/CBMixAFBVV95cUxPaDlTUGFCeXFpWndNWnI5SUlGZjlSeVgxVWNXaEdtZnYxcUJBRXI3X1ZmMFZJN3RVaG5qZHkyLUlyVHI5Y3ZkZ1hpQ21VNWVZb1UxNG1uRUJ1OTZUR0VBMEtRY3h4SzBySXBxLVM4SEdISVo5dTAyN0lWOGxGSlc4VS10dGJCa2ZRTEhEQy1tRThyVEJOMmJpVW1vdVgzRmpYY2MydjFBMzUyNHAwNUcxQjZLaEdYZTdHbkFhdG10Z0o5dHN3?oc=5,Visalia Times-Delta,en,COVID gasoline price,covid19_pandemic,relevant,0
2021-02-02,BP reports $5.7bn loss as Covid-19 pandemic hits oil demand - The Guardian,https://news.google.com/rss/articles/CBMiggFBVV95cUxQNkl1U1QtdE8yRGlZUWw0ZDU3cGJDQXU1N0FNdzRGazhZQmxrV19iVGp0bTBTWnlKZFRMam05M0piUGZMYjlsamxFY3F1YlM1QXBjUlkta1dKdlVPOHdUVWlfTXFBZkxUdnFlUTI3QWIyRkN4TmhoVzFlZ3RNRzNFbGVB?oc=5,The Guardian,en,pandemic oil demand,covid19_pandemic,relevant,2
2021-02-03,COVID-19 Deaths Cases Impact on Oil Prices: Probable Scenarios on Saudi Arabia Economy - Frontiers,https://news.google.com/rss/articles/CBMilAFBVV95cUxQMFkzXzNpelRhQ0hVZTE3bGp6NWlKN3ZfbDJzWFgtb0NObXZZVDlKeHd4Q04yeXRXMEk1ZThLZDNReXAyTzdCM3h4MGZHUHRfbENESHQtNGpTNGlvZXRLMEhDdFppd2FWbGE2dUVQNkRlTnZraTliR2dzcW5Uc2lDZnBSNzA4cDM0dTVsNDNJemFFaUQx?oc=5,Frontiers,en,COVID oil price,covid19_pandemic,relevant,0
2021-02-04,Royal Dutch Shell sees huge loss as pandemic hits oil demand - BBC,https://news.google.com/rss/articles/CBMiVEFVX3lxTE5TVlRORzg5dzFLTXRPOWNOdmpleUtJckdOZGhaWjJOMkxvNG03UHp4ZFpxbUd2M2pqOUU3RTBBY3lCSV9Kci1ONUQ3RTlWSnJvY21XXw?oc=5,BBC,en,pandemic oil demand,covid19_pandemic,relevant,2
2021-02-04,Shell’s profit slumps in 2020 due to COVID pandemic - Al Jazeera,https://news.google.com/rss/articles/CBMimAFBVV95cUxNUkQ1Y2VPTWJYbS1kUGdwVm5ndERXY3AtTlh2a1A3RGFrZmkzcHd2MXVIcFFlaWFTcnliVHdPVXNUaWtQZUE5M0dCYUJCb25nTWxvZmdTTkFXMWRPMVAzZzZXdXRPVWpvOWtnYVJqWjhrNHVmS1JMa1JPMUNpci1BdjZ6Q0hmdmlIQWRVdnl2X1JOSFNtenJLRtIBngFBVV95cUxOMjBMODkwN1JSWFhLUDE2Vi1rOXhHMjl1eGF6LS10TEdsMHhYQ3hTR1VQLWVMeE9nZV80VVNhczBYWWl5amllbWNXalBNLTRGY0pTQW9VRFdEZWJSdmV0cHl5aVVwV3RtcXd6S2YwSVE2aFc4ZEI1bXFGMmFDUUFiOHNfYmd4dmY2QW5rR3VtQW5mY05zelh1WVh2SThXQQ?oc=5,Al Jazeera,en,pandemic oil demand,covid19_pandemic,relevant,2
2021-02-04,Royal Dutch Shell sees huge loss as pandemic hits oil demand - BBC,https://news.google.com/rss/articles/CBMiV0FVX3lxTE9NajlCYUtORDBVcEhnTWFGWElKOWwzcnltVEc2dEU0RFJDcC1VcTJRd3JhNVg4MkVOYk0tVVBpMkU4aDZSbVo5LVNjdHpGUTdhR0ZNcG84cw?oc=5,BBC,en,pandemic oil demand,covid19_pandemic,relevant,2
2021-02-07,Oil prices climb back to pre-pandemic levels - BBC,https://news.google.com/rss/articles/CBMiVEFVX3lxTE5vaFdfQjFURjk1Znk3Wm1zczhaYlVoWUtOa081bTluYnVTeVZMdFJnZVlwenFVLVhSaE9WR0h5aXBPeTUzSEx6YlZWZW5HVHNLWFRaNQ?oc=5,BBC,en,pandemic oil demand,covid19_pandemic,relevant,2
2021-02-07,Hedge funds bet on oil's 'big comeback' after pandemic hobbles producers - Reuters,https://news.google.com/rss/articles/CBMivwFBVV95cUxPRTdXSXdxbm1nZFFmWUV1cFIxZC03Q2FJd2lTdXVNc3hWd3c1eDJRcnFHNGxpREp4ajE5ZWRka3BwSUhycnlzbEhTLWlaV3BtUHhKRS1weE42MUZGYU5TX0w5RDBhYWd5Q3plNWdpM1ZQYk1tLXJ6aklSc2xKVVl5STJxUDRvUXB5S21PaDJ2aGZ5VzIyZTJSUm5BbDVBV1k2eGhpd2dpbFZpQ0o4eDJJVWh3MGVvRHVMWElVMkFWZw?oc=5,Reuters,en,pandemic oil demand,covid19_pandemic,relevant,2
2021-02-08,Gas prices hit pre-pandemic levels - Yahoo Finance,https://news.google.com/rss/articles/CBMihgFBVV95cUxQeHRhQ2tZTG9nalVWaTBtYzVBUmhpTUlCZXhXeGxXck9VOGE1THZIWmJfRFM0TzVFbVNPbzJyT0UwY2JCeVNBdTVPYXRfZUZWTWRLbVlmTG5qTDFkdWdmd3lPNy1tZWwyeXFyYm1sMm9wa1B0ZVNGenJ1Mnk2M0VjTWJVMmlWdw?oc=5,Yahoo Finance,en,COVID gasoline price,covid19_pandemic,relevant,2
2021-02-11,Oil Market Report - February 2021 – Analysis - IEA – International Energy Agency,https://news.google.com/rss/articles/CBMia0FVX3lxTE1BekNOUk5JNTA1Z3RLdEJlQ0ZoYS02QXdrS25ZZk44Q3BKS1c4Sk9LbGM1SVVvOVZPRVFRQ1BKVmRvSUJCT1pENHZzMWJOYTViNUJ1cTByeUVjclg2Zlo5UGlfSTlJeFBkTEk0?oc=5,IEA – International Energy Agency,en,pandemic oil demand,covid19_pandemic,relevant,2
2021-02-11,"Gas prices up on renewed crude oil demand, not US policy - AFP Fact Check",https://news.google.com/rss/articles/CBMigAFBVV95cUxQbEl1a3VBdmFGSWF2ZTlmS3lxaUVoN0Y2ejlEX3cxeXoxLXI5eEJzeXpZdXV3WDNUX0lGRzNEVHFKWm9veGRZS0NqOEFwYzV0WDdOem1GRksxQUJTU1JPRTd3WXdjN2dTYkNBTDlwUWpZM0dnZ0dQcFZlc0M1V09kaw?oc=5,AFP Fact Check,en,pandemic oil demand,covid19_pandemic,relevant,2
2021-02-15,Oil hits pandemic high as winter storm pushes demand and poses production risk - CNBC,https://news.google.com/rss/articles/CBMitgFBVV95cUxOci13Mml6WWFtNnlrVGZmNGZkb29jekxVQmxoeXg1b2JteGZIaWU3bmR3b0dhdUJxX2lmaVVuQmdMZ3pXODlhbjF5T0NRVm1RSkpxaTBZc0tMY3gxLUpnUktUY1BPWndiT0xnMU5OZjRaM1U0MjUzWG55anVrSDhNLVZ1dW9Pb0dIdTRHbFJvQV9xbU5fMkh6eE1sMHR6dkVPUTJMNlZnS2l6Z21oT1hIU19KYzdWd9IBuwFBVV95cUxQcnhYaG5WaEhCS05JeHgxb1VYQWJ1NGpURzhfTFo5bFlNNEF6NWZGNTVibnREQ0VTNGF4a1M2bkpjd21ZbG8ydGp3ODAxdTIwT05PZ09iZVYyUC0zczI0M3RDckp2QmdlVWo4eThkcTVTMkh1YVlZUGlyUjhSLVFHU3FlR3B0eTF2cjFoT2R0MjRtZlVYaHFuQUdySnJfVWNWZFg5dU5nUlo3b0tMYV9HQ0xSQlhUMno2T1Zr?oc=5,CNBC,en,pandemic oil demand,covid19_pandemic,relevant,2
2021-03-10,Pain at the pump: Why we could be paying $3.50 a gallon for gas by June - Beaver County Times,https://news.google.com/rss/articles/CBMipgFBVV95cUxPaWwtemJSMTRUQVhFbDIzXzR1Y0ZLUkxfZXV4b3E1a1I3a0Fhc1F4b0p1OG55ZDY3d0xFSVNTYXdWWnJ3WDJUeXRlLTU2d29xMjltQmFhOFhxYmNRTXdLdmFjenF2cDhIQ2pOSU00Y0tZWFZwVDJmME1NZWZpQXFqVFJQcjlTSGwzeTZNc1VkUm0xQ2xCbEdtdG4xQVFSZjkxVkV5T2Zn?oc=5,Beaver County Times,en,COVID gasoline price,covid19_pandemic,relevant,0
2021-03-17,Oil 2021 – Analysis - IEA – International Energy Agency,https://news.google.com/rss/articles/CBMiTEFVX3lxTE1fbDBzdVlBNU5qVHdwUlAzYUVlX1U4bnFmdS1nVUtDZFhNcnpucFN3d05Uby12YnVvQU9LcmJkd05xMVo0TjhTcWlzcFo?oc=5,IEA – International Energy Agency,en,pandemic oil demand,covid19_pandemic,relevant,2
2021-03-18,"As Oil Demand Rebounds, Nations Will Need to Make Big Changes to Meet Paris Goals, Report Says - Inside Climate News",https://news.google.com/rss/articles/CBMinwFBVV95cUxPLWp1T1k3QWpLeGRXZWZtUWtzNXFNVzhxbmFxc0dnOFhoTERGNEpqcEk2QkgxRlk2cWVJMVdnXy10SjkxODVfWEpkT1NETTloYzY5LVRlejJFYy1GWkFYOXpHNnFwc3BZeUhYQ0tNb05VM09ILU5ad2g4ODdFVEFVQllZQUNGY00zbmJ4bHE4bm5sX3hkZDJjRDZWSmtMdW8?oc=5,Inside Climate News,en,pandemic oil demand,covid19_pandemic,relevant,2
2021-03-21,Saudi oil giant Aramco’s profits plunge nearly 45% amid pandemic - Al Jazeera,https://news.google.com/rss/articles/CBMirgFBVV95cUxQYVNTNFZuZ0hiYkp0S2RGYmJWdUE2Ul9jeS01MDdPRzlZdUNpdWhpVkZDTm1UTDZ6dXZ6cHpFdU41ZElNdWhYS0k2eWFRVHRBV3JFbnJtWnhVMHdJMjV3NlJlY21kTk9ob2ZZemhJSWk5Q3dNbHozQkhNY3NpMl9EQW5fQk5pdUM3THlPRFUzNThtMmdfRUhFRXpDSkdnZVMyM3hNSVg5OHE2cEJwY2fSAbMBQVVfeXFMTjZnTFZOVVNuWXcyWjdFRS1icy1FUGN3YndPQmtOMjRDVEczM09JeFladFlIc3RXcmVwZEpQUG1xZm5PNmFFSk5QZVEzUmR6c2xYTndaQ1RDSFJQVmpaZXJmSFFXOTAxSnJTSFZDSktCRHVLc3IybDFwR2xqWFR0SnFCc0dXcjVLWVpGM0FDR2VGOG5IMy1rbzFraTJQLWxncUVLVU95NzFOUFlXaTIzVk5xazA?oc=5,Al Jazeera,en,pandemic oil demand,covid19_pandemic,relevant,2
2021-03-29,How Has COVID-19 Impacted Oil Supply and Demand? - Investing News Network,https://news.google.com/rss/articles/CBMitAFBVV95cUxPS3ZsdUxXa1dxWUtJaTU3Q2E3QXlSN19aT0xnQ2diQ1o4ckstQ0RnS1FWeFI2dDB4VUwzeEZLZFlnbEhuV3J5eHJPRnNvdGp5MC11RWFCZHBGTEVUZ1RCNEl4RWlBSU5kV0UyQzFzZlcyRzgwOHF0U2VmRzZDM25qdllMejlUWmVQZ0NaQko4RXFaenlTbVU3UkY5RnlycGwtaUlMeTBCTVl0c2JvcnlqelI2bVU?oc=5,Investing News Network,en,pandemic oil demand,covid19_pandemic,relevant,2
2021-04-02,GCC Economic Update — April 2021 - World Bank Group,https://news.google.com/rss/articles/CBMihgFBVV95cUxNaXgzeWJjTVpZbTk2Wjk3cEVtajc1YmYtOUNycDZMWmtaaExhWHFOaGxsUTJKV3RRcHdaTXlsN0ZBSXNGVkVhNjZ1M3BpdnZuTHhZbDV4R0pVYkdGdWswUWxmUnV0bGx1TElQRU5BTGhSZExiMEloYjVOZDNCOTE3QVF0MjRfUQ?oc=5,World Bank Group,en,COVID oil price,covid19_pandemic,relevant,0
2021-04-05,Crude Oil Demand is Bouncing Back. Can U.S. Exports Follow? - CME Group,https://news.google.com/rss/articles/CBMiugFBVV95cUxQUGM5dFdJMWh1WjZNRjJPTEkzYXVoQl8xTHdnSzl5YVhLd0NJb0lDdzM2OUthU1puU1dlZlZaUkxNNVdHd3VrOWt3S25zdktQT1pVV3EzbEI5RWtBZFRnNFUzaVU3X1V1RTBLT1VvVkZETk51YVIwbkFQeDdsdDZoNndMNVFucFRXUVBoNHdmLXkwckpTV1kyME9QUHRwbVZXdVRTNkVmMlhOXy1peWU3WGZGQWFGYk1sMmc?oc=5,CME Group,en,pandemic oil demand,covid19_pandemic,relevant,2
2021-04-21,India COVID surge drives oil prices down for second straight day - Al Jazeera,https://news.google.com/rss/articles/CBMirAFBVV95cUxNWXFfM2RUTTlhZVNySFY0S3prYk9HSGRYdEhFc1dRb0ZDSVZ0dnFsTktIM3F3dmU3UUVTVjMxVGplNmJjLTRwTUpmM3dJVVpGQ0NMMFE0LWpnWlFicDVNZ05DbnAxaGJiQkFGUmdMMWJsaWRDQjVrOTJDUHVjTUZGTXB5SnhzaUp6ZWltakRrVmlfNXA4T19aZkRTU1JaWDZBZVI3b2dSbUp0WjJE0gGyAUFVX3lxTFBJcXdydVBlVzRPVzljdDdaWHhlVXZ0Vlc4MWo2dUJCOHIwQ0ZuOHo0Qk1HQXlYX1dLdE1BaHAyQjB6b0ZVaFVRN2dpTkw0TzFMRGoxekl2aWU1WDh6WjZNSWRIUEQwMWxzVlE5S0E0R0h0bkRIZ25YWVJqcmFHZ2hUUEhfTmJBWFdMVEJyeFlXT18waW9TYVdZRXNqVDBGaTgyWEFNZk5fbFV3Z3U1YVJySnc?oc=5,Al Jazeera,en,COVID oil price,covid19_pandemic,relevant,0
2021-04-29,Providing Context for Recent Increases in Gasoline Prices - Bureau of Labor Statistics (.gov),https://news.google.com/rss/articles/CBMilgFBVV95cUxNeXl1VEctYlRXVEtpb3RfODd2TTJCazFOeWJibUZHWUdua0hacmQxU1A2NkNLSnJES3B6V0dWNkVXalJsQVVjYnlCMTZrZzA3clgxQ19qNHAwSURmNmFHOVRjS1NFSVRjVm1qWHdtZHhJbC1WVEk2YkFaRFBOWGtyYkxsSjFPSVhNQXI5elN4bXM3c3ZGelE?oc=5,Bureau of Labor Statistics (.gov),en,COVID gasoline price,covid19_pandemic,relevant,0
2021-05-03,India COVID surge pushes oil prices down further - Al Jazeera,https://news.google.com/rss/articles/CBMilgFBVV95cUxNU2tsQ1ZDekhrS1Q0ZElIeTg3Tmx2djAyZklad1liTTRYQzJtbmtRektLTnVoUmNndFh3NWlkUVNnSVFMVU5UMldVSWl5bTRDdXRpQ1ZEMXhzVU9CTmlQMkFQMlJEX0EtUlRrblNXQVZLa1JpLW8zenRxRnY3TENhMEFDOGgyaWZ0Mlh3TUVPb3RVUXI5SUHSAZsBQVVfeXFMTzVPLXhPNlVkNXphaHlfLVVpMkdDLUZmZkt4b2xXQmlfaVR0ODVldXkxN0l3ZTFlLVhQU0xCdERpQkNmVE1BeHROTC1US0pRUHVneEw1b2h3czdDVXRGWWduaGV6NXpCTmFfamt3a0tlM3hBR0tFMTNXbGl4WG1nRDQtR1ZMOTJtSXY5R0tXWXF5U2tkSW03STlycnc?oc=5,Al Jazeera,en,COVID oil price,covid19_pandemic,relevant,0
2021-05-04,The oil market outlook: a speedy recovery - World Bank Blogs,https://news.google.com/rss/articles/CBMif0FVX3lxTFA1T1hyRkV5WVU3bUtmTXZnN0hwV2RTdF9XNXQ3RVc2RzlYbjhvY2xUSk44UHpua2Fwd3RnTGpaQnIwMzdYVVJfcUoyTXJaVm1yaHdxVi1DUS1EenBsVVFkRzhxQm9hUU9kSzJtSzlxWXlrYXBHenc5TmdxOWRxQ1k?oc=5,World Bank Blogs,en,COVID oil price,covid19_pandemic,relevant,0
2021-05-12,What to expect from Kansas City gas prices as national average hits highest in years - Kansas City Star,https://news.google.com/rss/articles/CBMia0FVX3lxTFBFOU1DRVNQWVNreTA1MkZLZlV3djBPN29BU291bDBXOTBSMlJNVWtHVTBzdDAyaVQzUGZlS0FpUlJlNkkta1M1bnIzTlI3R1lsaFV4bjhOMVZSYWZ3azZ0RUhwc0JnR2V4Zjlz0gFrQVVfeXFMUEZlb0JBa1N2a3hCa2ZOWHpmQ2dOWWVaLXktLVpqMkEzLXB4akNoM1plVFA4Y3JPQXo2NjJZV1YtaWdsREVCQXJPSXpSblMzdEN6RkZ2S3dIOFVoajNRSFVBSnF5dFo4aDBJZGc?oc=5,Kansas City Star,en,COVID gasoline price,covid19_pandemic,relevant,0
2021-05-13,Oil prices jump as major U.S. fuel pipeline restarts but COVID concerns cap gains - Reuters,https://news.google.com/rss/articles/CBMirgFBVV95cUxPVGZoandUcXBBbzBhUVRPbElYSnlPcmhmRzBwRTlMczVzS3BJU19oeHVhczQ1MlFHTHRfTXdDT1drdEt3X19VcURDLTQyMXFTdXpLclEwRWlDT0hTVHVVNi04TVNUVUc0V2NFOTVSX3lmTTVtcUd3Q3R1aUgzZjVRX2JWeW5ncFpHTUpzQ29sM1EzU3UweThxeGVkSi1OQ09IZDkxZWtmMUpjbUxuZHc?oc=5,Reuters,en,COVID oil price,covid19_pandemic,relevant,0
2021-06-03,The Future of Oil – IMF F&D - International Monetary Fund | IMF,https://news.google.com/rss/articles/CBMilgFBVV95cUxPaGhYcjV0cWF6SUV4Mk0tMDJyRXdnZGlPOUFSY1c1NU1jd0hrWFJQNnVjbEJZSlJKX3JSNDk4dko4azhHVERQdURqemg2N3I0Ti13T09NTEgyeGxrMklzdkFiOFYxTkxDMVhOVEJhU3RLSklEdjZycGdPbHNGTENSZXdwc2RjZzM3VWs4TlE1Nlhwbjd6VEE?oc=5,International Monetary Fund | IMF,en,pandemic oil demand,covid19_pandemic,relevant,2
2021-06-11,World oil demand ‘will rebound to pre-Covid levels by end of 2022’ - The Guardian,https://news.google.com/rss/articles/CBMihwFBVV95cUxOSVYzcEVucWM3aXN4ZG1DWXVidmhKa05SblFCZGtmLUlQSjVRbnUwc0hxRzl1LWlGMk44UV9Uc3F5WjZWWlBUVWp2RWkwY0FhdGE4a0dSbWdIeTlHMVJoUmtwSGlraktWZVVURWw2aFdGVVBfcUprUVc1aWpXMEtZQmtmeURZb0U?oc=5,The Guardian,en,pandemic oil demand,covid19_pandemic,relevant,2
2021-06-24,U.S. oil demand may drive crude inventories to historical lows - World Oil,https://news.google.com/rss/articles/CBMipAFBVV95cUxPOTZrdkFEdmh2TTliV21XWDVQaGx5R1V5a0JCaC01WkdlNzVvYm9fYk03ckJ5SHUzRHpSbnM5MURCSXJYQVJWY3VrRHZmRTVxWnFNOFFERjlIQ3ltdGdac1hiQnNUUjFXVE1JeUNWY0lHYWllclNLZjhKWFMtR0gyRUZYbTFqQV9NUkFYcDNnMDd0WmhjMVZ2anJMbTQ4SnA2cHFLRg?oc=5,World Oil,en,pandemic oil demand,covid19_pandemic,relevant,2
2021-07-12,Oil prices slip as economic fears offset tightening crude supplies - Reuters,https://news.google.com/rss/articles/CBMiowFBVV95cUxQVUtRZmtPR0hDeFBzN3BLa0NDLWFpWkxpSEwtLUMycmJuVi1YYnJHaTJROFJBVXlUbkZhTXR6Z09aSFBIZUJwYUpSQm1TN1l2R245TmdYWEZuSTNnaW1RVlJEQWM3NzlOSjQ3REVLLTlVZ0lYbkhPSHhqamRTS2ZaSmVtOXFRWUpoVnhUamwyUTkzMUhUQlFoeEt3Qk9YV3REbW5z?oc=5,Reuters,en,COVID oil price,covid19_pandemic,relevant,0
2021-08-04,GCC Countries Back on Path to Economic Growth after Contraction Due to the Pandemic - World Bank Group,https://news.google.com/rss/articles/CBMi2gFBVV95cUxOa2U1QnhTbFBNZjJsc2plNHQ1WmM3NzYzSG9OWnk2WVBuUlNaMWRhNkNvd0ppZzB0MjZyQWRTYm5lY3Q5U1FqN0Q5QVVEeE91VXd3SnBZcUU4eFYtQ0FVSVhtOHFIeGtJSWdDb2JMZUh3WS1CcFFOMlpQcDYtM0dGSTNGdXlqRTJiTk9FT0phWUF3RXh3bFdJNnNHM2gwNDhZcEUwbXZpWTlnZzVtTkZRZTF2b2tmU0pWeTMtZzdPek9pSTRDUE1SQzZzNmpGT2hXQ3Y0U05yd3RzZw?oc=5,World Bank Group,en,pandemic oil demand,covid19_pandemic,relevant,2
2021-08-16,"As delta variant surges, Florida gasoline prices drop again — a trend likely to continue - Tallahassee Democrat",https://news.google.com/rss/articles/CBMiwAFBVV95cUxOZnpHR0FTZ1FhZEFCTk54U2lIWU01bk9kYjBaUFRPZGNFME1XaGFPOWN1UFJ4ckxBalU4ekJDMWp0ZlFyUHdvNDlCRmEtX2JoMUowZVlwaFA2TC1Rb3cyV2k2bmxhWGhpNlpfcTZaWFpkTnNkZHU1T0hCMWFiQ29Rem1lN2gtRkpYTmxIbXJqcXU0Z0gwbDFFZ2xqY3BsaE5vdlA5ZGJkMzEtTGUwcGEzc2FBcXRrRHVlQXVfUF9QUFY?oc=5,Tallahassee Democrat,en,COVID gasoline price,covid19_pandemic,relevant,0
2021-08-27,OPEC+ expected to stick to output hike as oil prices bounce back - Al Jazeera,https://news.google.com/rss/articles/CBMiqwFBVV95cUxNSmVSazMtUHh6SXhKYVlySDVibXk2Y3d6TGxudFhkQnJxTk56VU1DSDBfcGxsSlZIN1M4Rnl0OG1FeTJFY29UMEVZemFfOXlSejZkWkg2WWl2a3lhMTZwR3g1dC1UaU93SG5CS0Mwdy1MSkkzQzlDQjJjd3pSNVNxSEVqc3FLV2IxR3JDUkRwZkwzZUNsRnotQlI0VjNndS1Jb1pka0dkXy0xS3PSAbABQVVfeXFMTlJ2cnhQX216NW5uYi1tdFZGVjRpT1NuaWJaYkgwLUJIcHdtZndpMUw3LUpKRUFyRUJDbWhxOEFINy1pUWtPYkZLLWtXXzRCRUE1OGhPVUtUejdNLUhCWnFKeS1kRk1yN2d5Ykh3WkdnSVNtcldwc1ljZkRwQXJlenV1dWdpVDI2RWhvWU1Tc3NXa2lBTDcxeTE1SlZmdkR6akZ4TXFKOVF6dklKLW1vUHU?oc=5,Al Jazeera,en,pandemic oil demand,covid19_pandemic,relevant,2
2021-09-14,"Despite green talk, pre-COVID oil demand seen returning soon - Reuters",https://news.google.com/rss/articles/CBMisAFBVV95cUxQbTFLYTJWcXRjbzBvWUtoWEhPYkZXUXo2NnFRMzhZano1c3NhWGNlQ3NpMnJKMTNHM0J6SkVvVjhVYVdOV2FZU0gyU0lvNC1UWVAwYmZpODdIbEFPbDgzaTNaeWpUd0loUksxVGdoV0ZSekUxWFRuMTNSRGlKR19QYk5KTGIzcWdibEc1bHNiQzh0N0NhLWJEVnVfZ1gtd1Q2bVRIelZfeXFvNXBvOUoxeg?oc=5,Reuters,en,pandemic oil demand,covid19_pandemic,relevant,2
2021-09-28,Pandemic brings forward predictions for peak oil demand - Reuters,https://news.google.com/rss/articles/CBMipgFBVV95cUxNRGFJVkh0UDNReG1nNVpLS2IteEZCRFA1UW1hQ2hOa2ltQlNiSkhxRGJqZ1ZTaVkwZTZDdWNRQWNKYU9RUXpiTGtJM3JBNExZTW5LVU45LVZMenZuRFRJVUdacW9qTF81ZkpOSEcxSXNOQWtfMmhjLUpZSUp4SWY5ZG9LaUZ4N0taVlNVcHhSU29sYS1LNF80UkZrOTVhVDAyd2lBa0x3?oc=5,Reuters,en,pandemic oil demand,covid19_pandemic,relevant,5
2021-09-28,OPEC forecasts oil demand rebound before post-2035 plateau - Reuters,https://news.google.com/rss/articles/CBMirwFBVV95cUxQbWdPUVp0T251aVZUOFFIcUNyLU16czBEcWE2MVpKN3pPMllPbG9hSkctX0V5eUVoY0RhanNKQzVGMjdBR21IZGw3QUFxbEpkUW9yWGZISTVTZ0FiYVJqMUdWbzRTb3luUjFCdjlsWFpJSWxIT3hjUGJUajQ1RmI0VHhnM1F0VEpMV3F5Z1ZnR1pqLURpNmE1bE9iSVRvWU9lZXVQRDE4S0Z3V1NTR0pN?oc=5,Reuters,en,pandemic oil demand,covid19_pandemic,relevant,2
2021-10-04,Fossil fuel demand shakes off pandemic in blow to climate fight - Reuters,https://news.google.com/rss/articles/CBMirgFBVV95cUxNanFuUDllVzVHTDJYVzdIZi03LWNvWVcxRl9sb181RDNoeFZlcVY0dnNJQXdkSlVSeXRvSElJZWxoMUVpUnZadXc1UnFQbFE1T0pmVk9lRW5jVEs5cENHWlh4OE1EZFNMMkRGaG5mTVppR0Z3T25YWXpYODZ4cVhQNVdqeGR3OHJieDBROV9ZVDZUTVN5c1JPeWE5anpLX2ItSXBWYWVRNXhVTU9qeEE?oc=5,Reuters,en,pandemic oil demand,covid19_pandemic,relevant,2
2021-10-11,"COVID-19 drives gas, oil prices to their highest in 7 years - WTOP",https://news.google.com/rss/articles/CBMimAFBVV95cUxQV2htSlFhaGRLNEVQY0hITjdod3Y2NW1DT0FmOFNGS3VPT3p1NEZiZE9xaHhXTnZ2U011amZvRkZIbUliWHdORXdWVlUteTEyWkxMSy1TaEp3X09odTlrNGVPNk92SGZSel9BdkFMNkV3T0VNQTh4U0x2U28tWDBhTlVOemdtcndKamhTc2gydVFyNVBqWXVEeg?oc=5,WTOP,en,COVID oil price,covid19_pandemic,relevant,0
2021-10-13,Bay Area gasoline prices stay sky-high: COVID economy snapshot - The Mercury News,https://news.google.com/rss/articles/CBMiqAFBVV95cUxOMEdMWHlEWkwtZGJRMU5zN2RESUE0VzlTSGtVSUpKNmhLTFFOal9aUTRKUTltMVNqdzEyVmh4TTluS0VhS2lLdTdRd2FmWDNJV1Z0Y3g1bU90SGFmVDFqOGJ3ZGxmRFVPWEhzUHpSZldTeXhISWlFdktVN0ZvVXZpY2xJeHdRSXVxM0xUY2FJZ0QtS3hoanhKUlQ5dERsWFNob3JfbndOOU3SAa4BQVVfeXFMT2o0Z0FfYnpRbnJvVTB3c3F1QU82Z3VGMlh3VkRBYVUtTW1hRTVicW9rNEw2VUp6dnRTY3JUckJSUU5yRnFIbVFGbTBoNWpCNkVzbkdtM0Q5N3lBTzdlMXZxVjNvdGFoLUYtZWoteXVyX1QwNHl3OXU2Y0xfVFZDUDBQZDk2QVJJN0swWExPNU9rRzhrZjZTWlFvMGNPcElON3d2WkFHTnNzVlNMbndR?oc=5,The Mercury News,en,COVID gasoline price,covid19_pandemic,relevant,0
2021-10-14,"Energy crisis reignites demand for oil, threatening climate targets, says IEA - The Guardian",https://news.google.com/rss/articles/CBMizAFBVV95cUxPOWFRWDA2cXJPYmtKRnV5MkQtU2R1YzU3cUtfX0hzb3BfV19yRWZ4SWdFc014c2lHUWU0YTAtS3hERkhwSWI0el9ma3FQTDJCU1JYU1N1WEFjZUlsUVROcDNiZUN0MUlXc2dRa2tVVUZQeDZVX2FSNmdDNFNFVXRyV0JWV25CeFo3elZvNUNpWkQ5Y1VVb0pHV01jNnRUN1ozRGRIaVFTV3JEUEQ1T1lvQUdjWFF5ajBQNVRFbHRaWTJHNjliTmlscFd5dkc?oc=5,The Guardian,en,pandemic oil demand,covid19_pandemic,relevant,2
2021-10-18,Pandemic brings forward predictions for peak oil demand - Reuters,https://news.google.com/rss/articles/CBMipgFBVV95cUxQWERwUjM4OVJKMkdrVzN0NWgwZFJ2NjZaY2tsMHZVcHVNamxDM0lzb0VNeURRTmhwSzdXb3E5VVFpSjgtWWNmanoyYzRITVlBNm0zVVdQbW1uNW5NZVg1OGQ1aFUtZU9lMUd2eDJzQ3ozS1FmVEFBd1p6bHNIeHpQRHlDaWpVN3JKYkhwdXRtc2ZoTF9GdkRCendRcHd5LUUwNjE4dGtn?oc=5,Reuters,en,pandemic oil demand,covid19_pandemic,relevant,5
2021-10-19,Oil Prices Are Coming Back as Demand Rises (Published 2020) - The New York Times,https://news.google.com/rss/articles/CBMinwFBVV95cUxNdXdoXzZJSmtSc01MajFYSDNYaHVqVEtiU3BUQ3g0aVRvVXpiWTN2eHo3dktjTVdCOUttd0pYbFdUTEZJT3VGcncwUWdUeUNia0c5Z1VRcXYza3IzVHBXSFhaa2JsZm1TYlM4U0FiTWFMb1FNbl8wT0EwMXFwdl92dzY3SXlocmtBSW1ObFpyWXd4S1FtbnJ3a3B0SG1scXc?oc=5,The New York Times,en,COVID oil price,covid19_pandemic,relevant,0
2021-10-21,Commodity Markets Outlook October 2021 - World Bank Group,https://news.google.com/rss/articles/CBMiywFBVV95cUxOZkZQYUtycUIxNU1EZUoydDZ4NGdXQThWcVo4SkFhNUZ1ZG9TclQ2S20ydTZPb0tuaGkybjAyd2lnbnNXSXZ1eHI3NEdGQzluVF9ScTFfZVFZSFZ6UkhHNGFYWlY3T0I2WUZCY052WE50bWo4ajI5NER0SlNsODNYN2E3RDR2NjlERlR4QVJvV1dKVUc5RGxvWDJTY05aWVBBcVliODd4bkg3UkxYUDhVSmZIR25BNzkxMmVRc2dGQVhBSVJIcFFlVmxQUQ?oc=5,World Bank Group,en,pandemic oil demand,covid19_pandemic,relevant,2
2021-10-29,"West Texas crude oil will likely trade above $80 per barrel through the end of the year, energy analysts say - Houston Public Media",https://news.google.com/rss/articles/CBMijwJBVV95cUxQUl90QWpHZXhCX1NEN0JySmNuSlBYaV9uTGZFUy14S1lpTVByNnF5ZXV0VjZtRExWamJhMEVKUy1VWUpnRHR5M2VVZnByY3JYVzdBUDBodGJSN1p5M2FHRGhiMFlRNkpkLUR4aG1yUk9nYUpaNm9kUXBjT0RQWF80RzVud3M3d2RqOGZ5NEdGVmtZbkZMMkdRLUV5U2xYUHFWVFJkMGlhcVdYWVItTGN2a0FVV0RaUkdXQk9Nd1VPS0VXQnFndEMtYmdVYXVjX19zeE1mblREVmJZcUtscFNrMDhPd1pzRWtOTjNGNmpnMjNBekFFWFg0OURoenNlVG1MWFdWMU9TbHVZd253bDdN0gGXAkFVX3lxTE5JS0ZJMHoyUkc5eHQzSmJ5WGVDbHp0ZEQ1cmNmVVd3eFdGbTFmNkU3dkp5VFhidzcwYkgtWklhaGVmeWlmTzJNZHlhNmdRRy1xWWVyUXdOVlVORXA2a2Y4NWNHbVVOdmxndUgyOTdBYW1peG1hRE53dUx4U2NGZ3o3aTRYdFZ5NXZ5Y1hOSThFZmU2azgzSGQ2ZDVDWmhnNWZNWWtiNUJSQmxjRV9XOVg3NHQwMF8xVnJwYXZnMVlaal9ZVHZUNXlJZFVGcGVLNjRsaDVzMEJDYmM5WnJIempQVEZSLTlMazNzVmRRSlk1RnZXZjBKT0EzVHVpTk0xT210cHVWU0d1QkthNGM5WXB1YTU0QzlIRQ?oc=5,Houston Public Media,en,pandemic oil demand,covid19_pandemic,relevant,2
2021-11-09,"Crude oil demand returns faster than supply, increasing prices and reducing inventories - American Journal of Transportation",https://news.google.com/rss/articles/CBMisgFBVV95cUxPbnpQZHRSNEd4YTJQNm93QXhuOUNKNGgwTkozRFlpUmdJQ294TzFYbWpBVTljaVRVVHM1Rmh5ekFEenR2bnk1Qk5kMVlsUjdXdjh4cWxiQ0pkdWJYUzBFakJVSHVxTmcyOU1RdlNLTW9DX1BDaTJXVGdhUk0wc1NKZVRsZVEyUjhzQzU4N29iMFpxamUyRHFTZkU1MXZwVnhMdjVOQTBvUzA2TU12bkY2RDl3?oc=5,American Journal of Transportation,en,pandemic oil demand,covid19_pandemic,relevant,2
2021-11-18,Column: Don't blame politicians for California's sky-high gas prices. Blame COVID-19 - Los Angeles Times,https://news.google.com/rss/articles/CBMimwFBVV95cUxOdUhPTE91UXVPWUhzeHlKd1UtWTlPc3hfRGpMT0FZQzJMNE1PYXVxOGJYVmFXTGduNEhobmZjTVlqeXpFWFJrMTREUkVMbFVzZHpvbFpfWjR4cUtwV0NVOFl4Y3N0cmxBYklYbldQZE1NUjllRG11NEpxaVY1NTRtUU5IdVU0ejUtRDNoRVR2RklVSmxqSzVDOFFVRQ?oc=5,Los Angeles Times,en,COVID gasoline price,covid19_pandemic,relevant,0
2021-11-22,Why Gas Prices Are So High in California (Published 2021) - The New York Times,https://news.google.com/rss/articles/CBMickFVX3lxTE1mTUx3WEEwa2g1Z3dTbGlWZ2wtUGYzNGl0WGhVMHJqaDJmODVkcm5ldEhhbmpGQ2M3b1ZfOEdSX1ZMTlliMHVielo4aXotSEdjbks5SnpsRXVSZUlHNndMaVoxTFV1YlZiZDFRdVFFS1JQQQ?oc=5,The New York Times,en,COVID gasoline price,covid19_pandemic,relevant,0
2021-11-26,Oil price drops 10% in biggest one-day fall since early days of pandemic - The Guardian,https://news.google.com/rss/articles/CBMipAFBVV95cUxORFBwb0xONnNUZU51S2FuZUJweF9XdHd1N0E4N1RYRkxRNFlRMnZVZEx5RDdpa2Njd1NRekFLUkNadTZZM0pFb3BvOGFOMHFvZWVVNENGaE1qYjZ4dWlFOHZQUmFOZUZkaDg0d0Q2SjV3bVROUW5mSXZWdFdvcGFZYnQtUjlRMnlJUHQ1Wmd4QzlZLXhHVE85eGZndGtrUnJvR1A1Mg?oc=5,The Guardian,en,COVID oil price,covid19_pandemic,relevant,2
2021-12-01,"Oil may hit $150 and a surge could 'definitely escalate an inflation scare,' says Jefferies - CNBC",https://news.google.com/rss/articles/CBMiowFBVV95cUxPRld4LUtCOW1ybVVFczFGcU0yeFhWcTNXa1o1cmxRRWtDeFlFdFdIQ1dydEx6MGtfeUdUa2hpdFNfVkhndkpodEdsWWlyM1R4NmJHR3hqMDlPRlhnS0FjcGZ3U1VLX0JwYlZLamZ0YzRKc0xIenFCVWF6MXpfY19FWVM1bDRBbE1hcFdNZkxOQi1STlNUdzVsU1BBWl95OEVDNnFz0gGoAUFVX3lxTFBHem9jXzgwbXFfNjgyUzYyd1NwV2d0Vm1rVk1kQllCNWZyVHRSeEZIT2ZjVjJmRUJSZ1lUWDZrT1N0NDZsdEhuT05PZkpzdlB1SlFSRWhOVTB2TW5TRzBIOTFVNURCdDdfeldiMWplYTM1dlotT2lEUDB2QW9wUWVvYmZpZ2w3a3Z1OHBOMmU5UjhCTHVHdnRsZ1ZsVHVzMkVfY0NWdHl5cg?oc=5,CNBC,en,COVID oil price,covid19_pandemic,relevant,0
2021-12-06,Gas Prices Retreat on Fears of COVID-19 Resurgence - AAA Newsroom,https://news.google.com/rss/articles/CBMijAFBVV95cUxQUVdjT3BpSC1sb1d4U3kzT25OVnlQSW5qdG9YNzdfX2kzNW1TcXdTVTNIZ0ZGS01feTlHa2pmZDhOVU51WkpLYlpZbEliN1czOXlDVG5KVTVIQV9PaE5UVHhMSVd1RGc4U2xPOXkzRDRtVGhDN1FUNGE4Y3ZqcVdlM3R3bHk1QzFYYUFwUw?oc=5,AAA Newsroom,en,COVID oil price,covid19_pandemic,relevant,0
2021-12-08,"JP Morgan Predicts The End Of Covid, A Strong Economy, And $125 Oil - Crude Oil Prices Today | OilPrice.com",https://news.google.com/rss/articles/CBMisgFBVV95cUxPT1laRDk2c0M5RjRvd05RZVJ4b0xtT3JvdmJwOWNQa01KbmprTDdiTlAzeDBuQ1RsaGlHc2lwSEZQbW5hNnB1ZnI5elNsODl1MU1mTlpsenRTV09VbzFWR0RPckNxZmtheTh0SmZub1VEQnRoS0NsMHZuQ2p1aUV2NTNPV2hJcUd1cV9lYzJJN1JMZ0NlVWhmelVDYmxyUGdDV0xuUDdrMGZvbFlKT25VUlRn0gG3AUFVX3lxTE5VN3A4bVlxRWU3SnVYMWpKdXhPTUVBbnJPV1dzNllpaFV4MVhkS1FXcHppNVowbVpPbkVhLVExR2lpaHJDVGRWV3JWaHZQbFF0ZDNtMUZpdVZ5cGlFSHBUbnBoUnllUXFpbGR0a1F4ZGhKallFMFRqMnpXZjhkU0luV2hCRWs3eUJUT1dFUks2eXFvdEs2V3JGRXlzTDkxQUhidWpEem9Ba0liM2hXdmdiaVltdndrVQ?oc=5,Crude Oil Prices Today | OilPrice.com,en,COVID oil price,covid19_pandemic,relevant,0
2021-12-09,"Gasoline costs more these days, but price spikes have a long history and happen for a host of reasons - Pew Research Center",https://news.google.com/rss/articles/CBMi5wFBVV95cUxPdGNLejdkdDRNUTlnSlZQS21PNUpJa3NSVmh6SHhRMXVLemFHc1kxejk5NWNiMXdtaVJ4cXExbnhjMkQ0MWlhQ0p5ZEZxRFpycmJfbDlDcFhhTFZYTGZvbWl5YzNaUGFZcUlqQjZjVTZPV19jMlljYWxCQ0lSeFpfVmJHUVpyeWFsWGVCQXFEVnlEbUU1c1V0T2RScU45WllSVlUwVE8yd2NnUTZvZnBQZi1OWW5sem55OUNPWUkyc0J5a2UtMXJkdDdpM2F1bFFKWHRVNE5qbEpMMkF5Ty1kcDhmRkNITjA?oc=5,Pew Research Center,en,COVID gasoline price,covid19_pandemic,relevant,0
2021-12-15,U.S. wholesale fuel prices rise above pre-COVID-19 levels - USDA (.gov),https://news.google.com/rss/articles/CBMihwFBVV95cUxQcnkwdUNobmM4VnN4Ym5LUnlWTkl0MkxWeWRReVlTTnN0cXFVemZGLVUyaFAwWnRvcjhpa3hWSm5JM0tUQ0N6M1BlaVlvaWExdHktYk1QRFZoNjlfMnFfTXVoZkhqb2JpcmQ2QTFRV0g0MjA2Z25WazJFdUdpTVNZT2hjb0xycGc?oc=5,USDA (.gov),en,COVID gasoline price,covid19_pandemic,relevant,0
2021-12-20,Why are gas prices dropping? The answer may surprise you - Montgomery Advertiser,https://news.google.com/rss/articles/CBMi_gFBVV95cUxPd3NJaENjenA2YlQtNmtoMDRHNWZ6VGxLM05Cb3AzRHRDQWZXeEtSdjdGNmhCR3JHeGNBM1RrbVVkN2RhS2xxVmZFeVlzVDJLN2c0N3M1X1hVTnVXckhZcTFsVjR5UkQ2NnhXS1E4d2JfZXcyRVFFdHY3T2VVc1YwZTdGc2VCOVFCME1kU2JaSjNKYS1FNGlVUUdwNlJybnBJM1FJb3BXLXRScjJyTHpmbVV5emxfWkFTUFg1VXZtT3g4eDdGNWtZYTFnOHdPOWhCYW8zczBvSzJZYkRHMmdyYnNtZWZvQVZYbTJpZmdCSHp5NXFnV2M1RUk2T3R2Zw?oc=5,Montgomery Advertiser,en,COVID oil price,covid19_pandemic,relevant,0
2021-12-22,Global oil's comeback year presages more strength in 2022 - Reuters,https://news.google.com/rss/articles/CBMirgFBVV95cUxNNk1vYXhyNU1HVVRxUnNROW5ZeDUwd2FoWjY2NDE5eXdYX2dleldpanhGQ1RBTGVzOHY1WWZHWC1odG93OEJpQ2dKbmR6b2w4Sms2RXVQNlF3TGVncURmS0xPOHMzdEZYZ19TcXhhN3hUU1RRZm05bkZEZGx2Zl91QVkxN2Z1N0dXX0xkaEpzOXIwVWswSkFmQy1sS3FYd2RSU2cxVHd0T3kwR1EzTHc?oc=5,Reuters,en,pandemic oil demand,covid19_pandemic,relevant,2
2022-01-24,Saudi Aramco Says Oil Demand’s Nearing Pre-Pandemic Levels - Bloomberg.com,https://news.google.com/rss/articles/CBMirgFBVV95cUxQZEZPZ1dZQ21kcTM4NFJJd0ZQc3Z1aE9US2ttc1RNREh4UnlNUGFkdHljLUJmTzFqOHBQN1hwU05RSzU4M24tUXNSY3o5VEE1bDVFeUJwQVo0c21jNTRlVGc0cWdFWENDZEFtNEN5UkNyRGJoM3R3Zzg2S1ZFVGhnbkROOUtIRXh4TlRNcHNDY3Q0M0laUC1JQ0FqT1YzdWR0NVVwckVmbUtyc0Q5dnc?oc=5,Bloomberg.com,en,pandemic oil demand,covid19_pandemic,relevant,2
2022-02-02,Oil bankruptcies plunged in 2021 with pandemic recovery - Houston Chronicle,https://news.google.com/rss/articles/CBMitwFBVV95cUxQYlV1MVVSVks3SUcybHpfOHFwaW5salpEMDNYQjYyeE9Va1djQ3ZzSUNTZ2ZlVmVFdFRHQUhmbjRfQno3ZEEtRTdFZTh1a18xTWhlLWVlTVFZbzNQa3VpemFhYlNoaERfano3a1h2dEExdExrVEVOTS15UndmVkN0M0swOC0zY09YeVNWLUo2bXNwaWxVaW9oUmtJeDV1RlNjbmIxdnNLWDQxMEFJUlpmV1RlcXFWM2s?oc=5,Houston Chronicle,en,pandemic oil demand,covid19_pandemic,relevant,2
2022-02-10,How high will oil prices go in 2022? - GIS Reports,https://news.google.com/rss/articles/CBMiYEFVX3lxTE1OSmV4TjRGTHgyVG9mb19OQlc2Z1N0eXhWOHhESTBYTEFIVkNBWWN2d3lqazlTYjNidy1BWkNjNDJkVTh5el9IMzE5dm5qbnlJRFhVU25GS0lxZ0Y2SWVfbg?oc=5,GIS Reports,en,COVID oil price,covid19_pandemic,relevant,0
2022-02-16,Why do oil prices matter to the global economy? An expert explains - The World Economic Forum,https://news.google.com/rss/articles/CBMinAFBVV95cUxQLWs2cGFmVE9IbDkwLTRMaS1RWmN3VFVRbjZRaE5ST2xDTVZyV01YYUtGLXEybUxjd0V6QWUtenFDOER1eXZ4STRQSUJhdDJZSWh2ZmpDNTBnS2RoVy12cWpLRGswTDg4dGROQzRremJHVmdXUTh0TGNCcEx6MGE2aElvdlpyazRQc3A5ZWtQLWdTbXI1SVhteUhxOFI?oc=5,The World Economic Forum,en,pandemic oil demand,covid19_pandemic,relevant,2
2022-02-24,Oil's journey from worthless in the pandemic to $100 a barrel - Reuters,https://news.google.com/rss/articles/CBMimgFBVV95cUxQbXdPcWV5TDRKb2tWbmFidlNreFZYY25Jdy01RV92Sk1sRGNGY3Y4ZUR1c0tBcGNCX2pYamVYYmFWSVRIUWpDbVk5eXZJRi1kWGphOVZMalRldFlDSGR4c3RLazFlSlFNTXRTczdaNGpsdjZkVTBkbmJIbTJmQ3FIb0ZQdlNWOHZxTVgzTDc1TEVmbDNrMlhfUUlR?oc=5,Reuters,en,pandemic oil demand,covid19_pandemic,relevant,2
2022-03-04,Will our energy use change after the pandemic and COP26? - Economics Observatory,https://news.google.com/rss/articles/CBMilwFBVV95cUxOUmZ6Y3ZpcnNnbEVGcl8tQk16d0dpSk50Vm1rMWFhRV9CTC1fM0tlNzVFOVNCTF8zMFk3WllPTDJaU0xNbktkSU5TU3plZlVRd3FjNkpYbE1ndDI4QW9SbVA1dFhXM0R2VUZmaThFbW5KZGh0MUtVUXdKeXd0eE1WakUxdnZEcnFteThpSG41d2l2Q1lTMVdv?oc=5,Economics Observatory,en,pandemic oil demand,covid19_pandemic,relevant,2
2022-03-07,When Were Gas Prices Low? - NACS,https://news.google.com/rss/articles/CBMiggFBVV95cUxNbEhfOFZwZEtlUkxjcGFHTVBLbmRmY2kwUmtQRDQ5cDJTQWIzM0ozUzZYWGJKTzJsVXF5M3dpN1BfSFlPRDF4UGtUYTg3WVRkQjdWUHR6eWpDTUhfSjZIMHN0NnpOZ2FOX0lhNko0U0x0cnVwcjJvLXVEalBlcGtHVU5B?oc=5,NACS,en,COVID gasoline price,covid19_pandemic,relevant,0
2022-03-28,Which US states have the highest and lowest gas prices right now? - The World Economic Forum,https://news.google.com/rss/articles/CBMijgFBVV95cUxQQ0s5OU5rMlFxbmliVjZjNzNPbVpPSUhHWUJ4Z3kxYlkwSlpxbDBIeDNkbGR3X1hDZnFxWnlNZ0tDWWhkWGpkRDFqaERpMkNTRkVKdkRaX21tOXJzRVEyNWlGQ1JROXB5NjJwV3ZQT2dJeU1kQS0xY1B5bFp1azd3OENLdjFfMGdibnRwQ1Nn?oc=5,The World Economic Forum,en,COVID gasoline price,covid19_pandemic,relevant,0
2022-04-07,Soybean oil demand spikes in Japan following COVID-19 - World-Grain.com,https://news.google.com/rss/articles/CBMinAFBVV95cUxOeEVFMGhkRHZuXzI5cUFUVjhqbldBLS0zZHMyS2Rhai1CR1BaZ0FrVTNySXFZeEl1OThUcUxoQ1FUOVZnRWlhR0NUcVI3Q3dhY2pkNzZONkJ3TFcwU3huMXV2UjZrM0d4ZTVHY3dRNUcycWlvNHNncmVWS2lqbE9TVUpRZHEwZWZUOS1KbDJFcDBaTDl0MXRjTmpIaGE?oc=5,World-Grain.com,en,pandemic oil demand,covid19_pandemic,relevant,2
2022-04-09,Price Gouging and Gas Prices - CT.GOV-Connecticut's Official State Website (.gov),https://news.google.com/rss/articles/CBMibkFVX3lxTE9nOS1SV2V0NnJ5d2pOZ2oyWXRPQi1QSmk1VEh6NW9TbTZXWGlTZHpyNE9vSDVPM19qUXJ4TWR1VFhJQW5GTGx2akxCYzZTNXVnT2pZZGhySE5KOHdRbjUtd05HM25sSkEwZkx1cUhn?oc=5,CT.GOV-Connecticut's Official State Website (.gov),en,COVID gasoline price,covid19_pandemic,relevant,0
2022-04-25,Oil falls as China’s COVID-19 outbreak imperils demand outlook - Al Jazeera,https://news.google.com/rss/articles/CBMiqAFBVV95cUxNUi1sNENTNWlSVWxUTGhHYkJraklYaGQ1SGdOb2xxQUUxb1N3QndqUk9zX3ZSbS1yMVBuTjRlV3JwOE1SVDdkU2Ztc1drdlFUZjhINjlXUFBhbk4ySWpCbWRlNFU0WEJjUElUXzdkcXVubW1VVTYyR2VkdXRRT3A0TGdodnZTVUtOSF9LLV9JWkdDaHFQVUFSdTgyeWZ1azFBVWhTV3M1VHbSAa4BQVVfeXFMTmp6YVNwUVJZV0NIei1kUEJaU0tFdzdQbjdyRjI1QnBzQmtGVUFmTUlYOWVaT2JmaGQ4eEk0NDRNODd5RW5femJpVWl6TWFfWFh2V0ZtZ25tY3RvUGowOUdKczNIdWFHTkJ5NnVHSzFvV2x5ckVaTHVCdUs1el80R21pSWJfanRLOVRyRVloTlJZRk1SMlJhSW9sUGZfSWpjVVg4RVJrdklwX3BZbFJB?oc=5,Al Jazeera,en,pandemic oil demand,covid19_pandemic,relevant,2
2022-04-28,"A divided Congress grapples with rising gas prices, COVID relief and immigration - PBS",https://news.google.com/rss/articles/CBMiswFBVV95cUxQb0ZYOUZfdzFwME1TcVViSzd0R2VyeE5PZ1F3ZUxKaUlyLU9xSmtDQ3h6SEh3eVozQ0xRcWtjeDE3dDFfWV9CN3ZaZTBSaFJUdDJPd083NVNtQktvNElXTlk5bHlTXzNUUXExOENFcjRsM2ZKMHNaLWZYc0kwNFY0N2JwM1A4bW5BNXdUcTRSdmkzdnBLRlUtd2MwR0tuMHNrb1NEMGI0RFpYb1FqeFB3S2d5VdIBuAFBVV95cUxPdFNzYjBwWmtDOHMtZWhCVkZsTVF4aWpLWUtSTGg4X3h1dkVKZzE5MlBrYWlkdjhWQU5LdEdJbG14V3RSLVdVaVQ1clVOb2V4cnROWlM0dVBkMGRDRUlxcFpRLWdpa1l4aENqS2Etc1hCdmZzWkpIWXRVdUIwLU54dzVNRUQyRXc5THFYVi1nWERkbzZuRGJnSklsOXg1cVJnMmNQYVZhVU9XU05sT0NPdE5LYU9NYmE0?oc=5,PBS,en,COVID gasoline price,covid19_pandemic,relevant,0
2022-05-19,Sticker shock as California gas prices pass $6 per gallon - CalMatters,https://news.google.com/rss/articles/CBMikAFBVV95cUxOV3lEb0JlUmhWeTFsOWpHZDcwU0Q0UDhGX0o1MU9sRDhYZTktMnJScGJkWXEzaTJrNTJyc3A3SFZjMFh6V1ZxeGJXMkVCeWp6NGk2dnNIWDdsem41UWRqYmdQaFZIS1BDZ3VNMHA0R1cyYllZaUFQX3pDcHItUlJDU0hkaDNFMmw2X09IUWI1NVI?oc=5,CalMatters,en,COVID gasoline price,covid19_pandemic,relevant,0
2022-05-19,Gas Price Records Mount as Travel Nears Pre-COVID Norms - Transport Topics,https://news.google.com/rss/articles/CBMijAFBVV95cUxNNnE0elc4bGY0TzFkVExSN3F0SExrT0Voa19IYXVLYm1nRkNraHlEVkhpdWtSVlZFXzdQT0ZmM29QS0tRSHlXZUVPbmNCZkFqV095NlQ0MmhMeGd2U3NsTjVTZnVOZlYxNTJOM0ZRdGtCaVAzeVVCNnNBTGRiT1dmNDZHQ2ZTN0M3ZFJkRQ?oc=5,Transport Topics,en,COVID gasoline price,covid19_pandemic,relevant,0
2022-05-31,"Rising gas prices and inflation top travel concerns, overtaking Covid, survey finds - CNBC",https://news.google.com/rss/articles/CBMingFBVV95cUxQWHY0R3RhRkswVkxMNXByUnBGbkFZNjQwNk5YdE5xbzNBNnFHNXJ1bkxmT1A5NVBRTjQ3cGFuS2t0ZzRQZVV6c2NsbTRlYkRIcjNLZnJhUFF4d0F3emhDblpBQVFzb2FGSFdIcWRDOXFWbXBwSG5vTlFSSmdzR2VXbjNSLVVrWDJvMXhUYkVVOFo4OWduOHVoMzJpTWZRUdIBowFBVV95cUxPekZvZko0UWpDOGh4amtKcHU4YnNrUjdkcGpNaldVN1RvTDB6YzZYR2xzZHFNSV9NdU1xUjZmZnd0dnVLcXpTalBBTXpMb3hfOEpjS3o2NkJmWTF6MkxudTd4ZGU2YUpBUnAzTFNFblVScTdOc1BiNGJYWU1XNWNlLWIwblRuVDNScDRxTGc5bi1Rak1CdFVlY2k1MmlsQUFhNzlr?oc=5,CNBC,en,COVID gasoline price,covid19_pandemic,relevant,0
2022-07-01,"Gasoline Prices Up Due to Global Supply-Demand Issues, Russian Invasion of Ukraine - FactCheck.org",https://news.google.com/rss/articles/CBMitwFBVV95cUxNOEZra1lNd25xNGxjLWpTTWJDQWFvZjliNlVNSGllU1MzYk8zQl82eGE3S291emxtOVlTR0Q1Y0FxOW5VY3JXa0YtMzNaZGR1VmpsbVhuMFJObEpzMnNQcFZ3LVlPdFllUVI3d0ZpQXNrT3A3TGRJaUVNcmtKZzhrV1poVnJBNzVUU0ZuV2xsUGZzT2o0ZWRQN09wOHVxMkU2RlZIcEtHaHpmZHJQVWJJNTROX001UXc?oc=5,FactCheck.org,en,COVID gasoline price,covid19_pandemic,relevant,3
2022-07-12,VIA Ridership Climbing with Fuel Costs Up and COVID Fears Down - VIA Metropolitan Transit,https://news.google.com/rss/articles/CBMinwFBVV95cUxPUEZpZGRWZHFoTVIydkpNTEc4cVBSUmhOZnFpOTExYmhmWFJxR09lWGtHLVM0c01MM3BLQjQyWjBPWVNMUVFnUXRUWm1rRjh6SVItcWhZaEFHc2xxNnN4YlVTOWlkV0RGN3VNMG01UEljVnlSN0ZxYTM2X3BicUxnZGpCbEVyeVZHSXZXVlA0WVhqbDQ5YlhYWFVHSm90OGs?oc=5,VIA Metropolitan Transit,en,COVID gasoline price,covid19_pandemic,relevant,0
2022-07-15,VIA: High gas prices and fewer COVID fears mean more people taking the bus - San Antonio Report,https://news.google.com/rss/articles/CBMilAFBVV95cUxPYS13WnJuWjl0cDlvWGNPRERDYnIwLWVMVkJhbGVwR21UZW5HUE5WTlB4Wm5IYkxPYS1MVUdQbmxvVGROVTUzOUxpczFvMHZVcUtfRnpmX19GdzNCdjhZZnNuOHd4Z2djRnpESWdmOTlDMHFmQmllOWJrV0ZvUzZsS2dmZHB5dTdJdW4xdVN5M0xoRTRQ?oc=5,San Antonio Report,en,COVID gasoline price,covid19_pandemic,relevant,0
2022-08-05,Why Oman Crude Could Meet Asia’s Growing Demand for Oil - CME Group,https://news.google.com/rss/articles/CBMirAFBVV95cUxNTGdCaHhIVGlwRldidkZNaV9pUmIwV3o2VzhsTnl0cU1yZG9scUllbFNaZVZIZ0R1cVIyVmo5aTJSa3c4NWNCS2c0SGhwS21NXzJNWnJJaEZ2bHdpUTBiNEFEdlZoTFpTa1dqVFFITVJTNlphSHNCTjhibDZPcUc4NU1pc0xBNWJWcXVLdHNNU3RVclNhWHpLbDRMY1kzeHdqZGRQZVZVN3A2ekRJ?oc=5,CME Group,en,pandemic oil demand,covid19_pandemic,relevant,2
2022-08-11,Global oil supply hits post-pandemic high in July: Int. Energy Agency - Anadolu Ajansı,https://news.google.com/rss/articles/CBMirAFBVV95cUxOVkZNNlpZWFBnamlhalFoV0o0dThPOURIanRQMk9HMUJSSWttaXdNOGd5QXlWS0Z0dXdfOW1yZW04eG00SmowVXlobjRFM0xRNG40bGNMYjFxbnBkWFk5ODZfcHdidXBUUkIzbVpISWc0am44OXljbGZYY0hVa010WnZQd25OVkRfN0h5bE1OYkxMeTFPNDhYOGswcGNpbHZjR2EzUDBub01PVkJh?oc=5,Anadolu Ajansı,en,pandemic oil demand,covid19_pandemic,relevant,2
2022-08-18,Record Breaking Increases in Motor Fuel Prices in 2022 - bts.gov,https://news.google.com/rss/articles/CBMiiwFBVV95cUxPQmw2bHhtZEJrTS02U1Zpa1RvSlZreV9KX0QydEx5LUdWcWxyLVMyR2kxalRKT2d0c2J2VW4wY3V2MDJMdDNYTmxkZ2E1bjZFNGNpdlE1UUVnb0xQMXY1cnllMVdqWjZpTTZhM2F5dkFMRFJoT2l3Q1lCVU5aWlRvb2h1SzlUWU9kaUZV?oc=5,bts.gov,en,COVID gasoline price,covid19_pandemic,relevant,0
2022-09-16,Lower oil prices defy robust forecasts for global demand - Reuters,https://news.google.com/rss/articles/CBMipwFBVV95cUxOc1BTX3pWYjIyQTZ4VnoybmxlT19PYVktU0pFclQtUjc0TW15d3hneVlZT29OQU1aZk40THRMU2VNZXAzUTRJWWhESHFzNVJsc3BiYVJScnNmd1loLVdpbGU0Z3l3TzBpclBFaWlfVnJ4Z3o2Y0RsY29UWXpQemViaGJ5Tlk1ZldHZHVCT1RBV19PQS0xRXRwQ05ETWFfTXVybS1ocmRpTQ?oc=5,Reuters,en,pandemic oil demand,covid19_pandemic,relevant,2
2022-09-26,Sub-Saharan Africa’s Reliance on Oil Exports Leads to Decline in Agricultural Imports During Pandemic - USDA (.gov),https://news.google.com/rss/articles/CBMi5wFBVV95cUxNM3lyY0xYQUczcXlLZ1paaTlqWWRjOXdqdklFUUxsRXpYcVhCWWFaTURjMXRlSFRlSktRNkVoNGhEbWc0d09UcjN0anhKUFJPQW80QXdVRFBNUkZFbnpRQnNXcUhfTE12OHdpdXN5cXpDODZISmhVci1PZ05GeDhIamliNkhsa3JLQ1VTdk1PZmxaR2xveEQ3NzRqTlVyNy1kYzU5Y0RMT0xCOFgwSkZRQ3h4ajQzNDcydHdXdnFPdlNFbWYxdWpIT092NHNGQXZoeDZEUmdlSU5QOUtsNkU3RXF5czlYZ0k?oc=5,USDA (.gov),en,COVID oil price,covid19_pandemic,relevant,2
2022-10-12,"OPEC cuts 2022, 2023 oil demand growth view as economy slows - Al Jazeera",https://news.google.com/rss/articles/CBMipwFBVV95cUxOZlRUcWphenlGUlRlVmp2d29rTzgtTEhxQ09taUdlVTBFalhxQTZGNE9YNHZpMUhVaFg3WFR4SE11czZtRXdublp2aWdJdy1yQlZzV0lGTXZEN3ZzS2J4Y2Q1dFR6am1iN1QtMGVneTdsdTlnbG1HMDVERWptQzNFMElYTUhWWTBBZUptSmFGY3FSTGt3aXFXbXdpdFotbjVXNWJDYzJMZ9IBrAFBVV95cUxNNU5yOGoxOWZVR1N2N0VXSXY4RE5kZ216cW8zWXRoRmUwZXR4S01SdXlyMTY5U0UtSVBodUFLUVJLOWVMQzQ4OWJ4d29xX2VqSmtGanBPWVA1NXhkVnNEMEEyajBubV9CUldxYlN0Z3ZHeFllZV92blNvSFRMRjdhWEswMTREeVA3Y193VkNnSno0akdESHl1WTZRQ1o5eDZFLUVfTENfeFZ1eC1L?oc=5,Al Jazeera,en,pandemic oil demand,covid19_pandemic,relevant,5
2022-10-19,Coronavirus Pandemic Curtails Global Oil Production - Statista,https://news.google.com/rss/articles/CBMigAFBVV95cUxNRGowSUoycnIxSjljdC03a0RSd1FfNEQ0MlhFMlkxMmR6RFNFMUF0N1Q4ZUstdmt2RXlkLWVjVUVsaUc5bWNIZWh0MWs4MERzT1ZQcXdYaTNXYzBHMGdqbW5GYVJlY1R5VHowR0hfNDFBUmtxT0kwczlfMzBNeEFidtIBhgFBVV95cUxPTWZZMmx5RkQ4ZWhPWnRDSUF4QkNvNHJwNE5kcFZBaC1sUjgtWGJ3WUIxZGxsYXdlNEZCOUFmdWNqS25nOTNRUXMxeld0dU12cmowdXhVbGxyblc0N003dVNPVUptU3IwUFVKVXRSY2ZxSk1ZQ0VBT1hXZ19sdndOSFBUQzFodw?oc=5,Statista,en,pandemic oil demand,covid19_pandemic,relevant,2
2022-10-25,Coronavirus Pandemic Curtails Global Oil Production - The World Economic Forum,https://news.google.com/rss/articles/CBMilwFBVV95cUxOODdoWlFFSzBYTUg0WnlMdDMxd2JQN0JpSEF6czVTX0lPQ3V2dVFHckVlVDJpSDlwRHVTam1KMXByNDk5akZ5VU9vd3ExZjJGNlNXeTFVdzNqbWY3M3F6Y2NUeG5hamhKREo1ZVhud3lyeHQ4SDRCM1luMm8zM0U3bXhJczRRa3BvWVAxbHFTS1MtNjZURDhr?oc=5,The World Economic Forum,en,pandemic oil demand,covid19_pandemic,relevant,2
2022-11-09,"Oil prices plunge 3% on U.S. inventory build, China COVID worries - Reuters",https://news.google.com/rss/articles/CBMilAFBVV95cUxOWklOS3ZWZDdXa2RneDYwNEJZcnU3Z2FEbTlwUmpfcGxnQUJMQW9MRU1NRXpseWQ2blFlLVRPMnFOUFBIZWlXTVY3NUd5LWlya2MxSWRKekpQRUtBNDBSSktoWGhrTWVHNmhxOEp3ZFZRaC1DcGxXYWhIeGRrTTBhVXpwdlhpbmhXMDgzV0sydTc2Vmly?oc=5,Reuters,en,COVID oil price,covid19_pandemic,relevant,0
2022-12-26,"""Gas prices near me,"" and more of the top local Google searches in 2022 - CBS News",https://news.google.com/rss/articles/CBMilwFBVV95cUxOa05ETXNuVFRFREtvdlMxSDltUU5hZ2p0OTZ4S05JaFVnVHY2NHFhTklkU21BQ0w2dXF6aTJCLVFsaTNKMHR6NU96bVhNZjZWbFNRX0JUbENHcVNMbmpCaEdsLWpoN0ZwZ1FtTXF0Ui1vbEVsb2swa05GekFDRXo3SGtkejFOOHFjTXJVQnhsQ1hxR1NXRHRZ0gGcAUFVX3lxTE9sVm1McURDQTMya2g4cTVEUXI3dTB4cncwZHB5VlFZNWZ3YXRlOTdzUTUxa1V2am13Yno2OFJNd0V1eWJ4ZmU3UE1XX3JFeDY1LUdFcURhOXR3SkdlYUNvQnRWNVNWbUZUMF9yTWpNUEE0dXczN05nZE1jZDMyNmtvUWZQTjRWNnhLaEhrbWxQM29sY1EzR0piTndDNg?oc=5,CBS News,en,COVID gasoline price,covid19_pandemic,relevant,0
2022-12-27,"Oil steady as U.S. output ramps up after freeze, China eases COVID curbs - Reuters",https://news.google.com/rss/articles/CBMipAFBVV95cUxQckpFWjFWaGgtMklDXzVzZjNURHM5bElnN2lHYjdHdDJsdVlHZEkwTHlDVTRzaUw1TVJ3TTlaUzFCWGNaNU1BT3BPNlh1MlNLTS13TFJ4NjZLVzEzdlh1RjJxWTE3Q3lrM0kxR1JfUVAyYnJ5bVV4M2NVSWpJTkVrempDZ0Y3OUl3WFBMa29kbk40dndTbUtkQjQ2V3B2YVdITEo2bQ?oc=5,Reuters,en,COVID oil price,covid19_pandemic,relevant,0
2022-12-29,Oil drops on China uncertainty; U.S. demand limits decline - Reuters,https://news.google.com/rss/articles/CBMiqgFBVV95cUxPQm0zenJVOEd5WUlmWlV3S2VPVlV0ZE4zNWtzajRaWS1JcG1Uc3pwMFVtR21mYk1iSUNVUUNaOWxXN0JtS0c1NEd1NC1RdGh2QjQ3U1lIU3UtQzhISTVvN2NrMkc3UzhRSE9MRndsZWZOa3BvRUpZd2tCWFc2czllMXg4ektzMVhmQkFuN002SDFMOUFreURqT1pfY09PNlQ0OFE0VklWaUJLQQ?oc=5,Reuters,en,COVID oil price,covid19_pandemic,relevant,0
