date,title,url,source_name,language,keyword,event_name,relevance_label,risk_score
2024-04-04,"OPEC+ gets oil price to its sweet spot, the trick is keeping it there - Reuters",https://news.google.com/rss/articles/CBMiwgFBVV95cUxPNjhWOTVmVTZCaE5zbGFuZXBGU0VaaWNoS0dnRWV4X0lRT2ZfMUtMdmFtcjh1aUh5TWxKSVgtQzVmTmJ3UHhHdTBydC01Ml9EaUo0bzYxTm5RU3Nzc3F4ZlNLWHdmdklEMkNOb3BOanRmVW52NlVjRzRaUlR5dEx3VUhhVDhkR2I5ZTc5c2V1YWpneTBId19kalRWSDdDelBtSkhiYW5ZSGRtcHdTSGVJX18tSDlWYnN1aWpKY0FMSlNTQQ?oc=5,Reuters,en,OPEC oil price,recent_middle_east_oil_risk,relevant,0
2024-06-12,How OPEC (and Non-OPEC) Production Affects Oil Prices - Investopedia,https://news.google.com/rss/articles/CBMirgFBVV95cUxOam1IVTd2dHc1VkNUcXNxR1hONFZfZVVabHFaVkt3ZEhkcDBsUDlHb28yVThOdm9JeG9zRmw2Q3l0cVFiOXNLRlladi1KX05kQXdMMmFwdnBfX1EycFZabEpnTVFzMTlxOUp2YkNtbzI3SUJrZ0htbmR1OFdJaFFSd29OX0JjOFFLSXgtZ1NEWGFhcmpzNGVXbWo0cGlFMENvU1BFR05SX1RSZEZfZVE?oc=5,Investopedia,en,OPEC oil price,recent_middle_east_oil_risk,relevant,0
2024-06-18,S. Korean gov’t to scale back fuel tax cut next month - 조선일보,https://news.google.com/rss/articles/CBMiiAFBVV95cUxPZ3cwa3FIQ1BkWjVFcmhSRjBpUVRkNW1jLUl2OXV2Y2xId3ZXWXh5d2xSakdrVDdTQjJpNVZEdmxwaHZQdkl3UkUwdXY5RWcwVjR1YlV4bXZ3Y1M5RVBNZk5TaEp4dkItd3hZanlfbldMbWlRT2JwaEEzMmhNUm1yNDFDNEtldFNz?oc=5,조선일보,en,Korea gasoline price,recent_middle_east_oil_risk,relevant,0
2024-09-10,Crude Oil Prices Fall to Lowest Level of 2024 as OPEC Cuts Demand Outlook - Investopedia,https://news.google.com/rss/articles/CBMiiwFBVV95cUxQd2J6TTc2ZjRVVUJhYlc4ekNmcXF6ZG5oOWJYaHA5eDFwdzVFSlJOZDZyLTh2dHdxM1JpV0Jhd2s1Wk9WTlVHU09BWEpwUklacUhsNVFac3FibWF6WlByTzBFdXJqTGJpQTRpR0Rhb29LbTNKLURTVU1oMFNlUnRPbGd6NEtuNHFqQk53?oc=5,Investopedia,en,OPEC oil price,recent_middle_east_oil_risk,relevant,3
2024-10-11,Oil prices may climb higher amid risk of Middle East supply disruptions - Goldman Sachs,https://news.google.com/rss/articles/CBMiugFBVV95cUxQVVpGS1pITlB4QWJjOG05ZUQyNWRjVmowTmhxM3hHbnlocnhHdGs0MjFIZU8zTi1qYTNBM2FlLUhXYXE2cE5Ca0x0VzNFel9TYnJlNmlYZVNpQkhYaWF4TDR0XzlRTlJZY0VGRUhiVVg1MUlKRFhpYUlUQzdBa25ZSDVGeXM4cW0wUnhTNUFUSE56bmhjRlU1bEgzaDhRaEw4ZWNZaC1xeGNWVmpjV09oQnBvOTZoQmxobGc?oc=5,Goldman Sachs,en,Middle East oil price,recent_middle_east_oil_risk,relevant,5
2024-12-10,How the New Geopolitics of Energy Informs the Current Oil Price-Risk Relationship in the Middle East - Georgetown Journal of International Affairs,https://news.google.com/rss/articles/CBMi4AFBVV95cUxPRDFRNHFHeGVmcmJrekdrOV8wWXRUdGd6Nlp2d3kycWNibGc1WVlzNWdSYlo4RHNrN3dMYkdmZk1CNGpyd3BZUHk4MXRNMXVFWmRBR3ZPTXprLVY3MmtHSFA5WUJNV3FNZG56Sjhqa0dfVlc0dTJ5TGM1VXA1V0tLOExUcU5rY0RERl8xZFVPUkt2bEczQ1NDdlBlNEdOc19Ubm9xNEFfNFBRYW9zQzJ0YTJHQXJ0SUxNRFJiWFprenQwcU5yZDhQYWhpMEFNby03eldCbnhuSlJaODV2WFl5Vg?oc=5,Georgetown Journal of International Affairs,en,Middle East oil price,recent_middle_east_oil_risk,relevant,2
2025-01-23,Donald Trump to ask Opec to slash oil prices - BBC,https://news.google.com/rss/articles/CBMiWkFVX3lxTE5CUEhROUwycWYzMHkxUnYtMmQ3NE4xeWJKd0d0LWVnNG5ENUhuM0QtLWtsQlpLdV9nV2NEbGJNRFdkWVJTTjJFZm90OWFudHgxaFh0MGxHLTdyZw?oc=5,BBC,en,OPEC oil price,recent_middle_east_oil_risk,relevant,0
2025-03-03,Oil Prices Fall After OPEC Plus Affirms Plan to Raise Production (Published 2025) - The New York Times,https://news.google.com/rss/articles/CBMimgFBVV95cUxON3h6dFdnc3VHN1dpX2E5YlJyanRNM2RFTUtjSXhaN1RSY3IzZG4wcnN1cGlQUGw4MHJIWnR4bHNWOWJxMDJOdDNUUUJOeC13ZjlCNzEtQlFfeUVvSzlGaklTWFEwSmxQSlFjVUZ6T2QzalVHemswRmhkeEdlVmt2VXVoZkhlYnluMS00cDNZVElUaWdCdmd0SzZ3?oc=5,The New York Times,en,OPEC oil price,recent_middle_east_oil_risk,relevant,0
2025-03-17,Why OPEC is Supporting a Potentially Disastrous Rise in Oil Production - Crude Oil Prices Today | OilPrice.com,https://news.google.com/rss/articles/CBMiswFBVV95cUxOQmg5MG8yTlFoWTN3cjM0OFpLZFNVeEJ4UnhaeF9aR1dNM3lkdTQtblZYMG9WWGtLVkRzMFZrQUJCMWlpem1PN1B2TDB4ZzdrXzZDUVhCeXZ1dWdDWXRRbTI3bmdaYVQxQVZkNzY2VkJOVlA1NUFsdnZab3kxWUhtZDFoZnpkVWlrZEJzMXhaODRWME5ubjdnckl0cVVKa2dPM19FUDFqbjFNUmJTMFB3cGJLWdIBuAFBVV95cUxNUzdGbkhDVVlfOTRTc1YxSl9zQV8zeGNFVnpHQnRUWnFIVk9TMHZBZkM3WjN5NXVQcXdLcHZFX085WTU3THlreDVkbGJleTQ4SndwMzAyX096ankyZzd6dzB2YjFaa0dJN2tvMGVTb09INDdiWGVlV0M5Z2hRWmE4bnQ3TENIdklleVI5Nm9CR1NCem5DRmlyc2lCZzNVeFNLQVV0cGVnX0VqVmt2RXlGWllwQUhIcHU0?oc=5,Crude Oil Prices Today | OilPrice.com,en,OPEC oil price,recent_middle_east_oil_risk,relevant,0
2025-04-03,Oil prices are crashing after tariffs and OPEC deliver a double whammy to energy markets - Yahoo Finance,https://news.google.com/rss/articles/CBMihAFBVV95cUxOYVlRc0taekNtdGlVUm1rNG1GYWRDVHhacWhJdmhxc1lCRkxLVDZ4YjVmQ2tkWXRhcTJOZGVhWTctbmhyWmRTc3dzTU13bElkdDJyMGJ5RWU3bkZURWNtRFdRNGZnRDZ0c2JQTmtoc0p1RWZQTVViNDljYWlrVTR0UFp6R08?oc=5,Yahoo Finance,en,OPEC oil price,recent_middle_east_oil_risk,relevant,0
2025-04-14,OPEC Lowers 2025 Oil Demand Forecast on Trade Tensions - Crude Oil Prices Today | OilPrice.com,https://news.google.com/rss/articles/CBMirwFBVV95cUxQbUJQZ25JbHRBQXl5MUJtM0VzV3pmUE9sY0kyOE9TTUdpb2V4WEx1UXJpTXJ1VTlrVHdYRkZoR0l2NFhwem9DRWI2T2J3dm5jbmVoLUpvV29PN1NuVGx1NVNqVnNNZ09zOWhGU0FPTlVUZkpGel92OTlvcF94QmRTMlJxMXcyUGpfazdpOERiR0JNQ0VqR2RVU0hjbktYamd6OGVQT1Z6clBRenYydVVv0gG0AUFVX3lxTE1qT0ctVnBiS2Z2Q0pzYUVRUzFkYk9MWmRoN1pXRVk1UklTVU5OaE91UFZnX1h2WGJsblJmZ2dxY05IbGVFdm9zNUJMc2p4NkZCaFZEbTFLMGVkUzdwczB0ckVzMTVXa084MWl6UUxROTJFT0xqWUczdlVMZHN0RzNJVGZRdjF4bC1saE9DcTZuc2lwNnFrZVREVjNUaHFlNGFEbEdhQThJQWV5RU5TX2pCMTR2Tg?oc=5,Crude Oil Prices Today | OilPrice.com,en,OPEC oil price,recent_middle_east_oil_risk,relevant,0
2025-04-14,"OPEC cuts oil demand forecast, sees growing economic uncertainty on Trump trade war - CNBC",https://news.google.com/rss/articles/CBMijgFBVV95cUxQYWprR09XSE1aSi1nUXlHdThTSkVyTlZla1E5UE5wc3p6TG1LRHk4SUtGSTJGLWdlQ29LdERpQ2xkeHdFQTM5cHJ0Uk9rcXFuTnNMVnNyWFhmYkdZZnluMGJHRDN2UzJVcWU5dzhnZ0NEQ1ZLWGZzVjhnVFBJeXlZYUtPb19FeHlKSlh6Uld30gGTAUFVX3lxTFBkdng0YzlwMVo2WU5ZZU9oMDhvOVNiODlVeVMzWTZMR0VBQlNHZUhjZm4tOEdHVk1QbjNDUEZlbFViX0dfazY3dGp0V2VjUTJpVTNiMnBhQWU3dkI4dm5CbUVacnFEcVlUb3kzQ2JUUGpISWszQ0JpYVgwSUFZODNRbWVYZGJLU3puR0VndUZnU2lhbw?oc=5,CNBC,en,OPEC oil price,recent_middle_east_oil_risk,relevant,6
2025-05-04,Oil Prices Fall as OPEC Increases Supply Despite Fears of an Economic Slowdown (Published 2025) - The New York Times,https://news.google.com/rss/articles/CBMihAFBVV95cUxQbXZjZzdPYXFvTjk4MXNJelNINWM0WDFoRHZucC1FcDE1OWtZeWQwSzBUTDhrVk5MM1RnSFdFRWJvNE1nUGh2Sk9BTW9XZjdGYlBDVzNYYXY0bF8tVjljcVBjWE1tb3NoUE51NXdrbnFTZGRTc0dmUUhCRFM5YU16SldqN0c?oc=5,The New York Times,en,OPEC oil price,recent_middle_east_oil_risk,relevant,0
2025-05-04,U.S. crude oil closes at lowest level since 2021 after OPEC+ agrees to production surge in June - CNBC,https://news.google.com/rss/articles/CBMipgFBVV95cUxOeXZXazE2VGx4Nm1OWWI0QlZUdE5zTUdDbTgxNks2SDVPOGJmRW95WmtuNGxLT1BDTUNkZEpWWmFnVnZUWjVGX0xPV3dEb1N6WXVrVkVMTTZ3ZWlQNlVXVjVaajhPOEdoaThUR2d4XzU4akRFVEI1TjB0emF0N01lNnVVYUdZTDlyQjA3d1dpQkR2Qnk3Z3FfVURRd0RBRk1hR1pzZC1R0gGrAUFVX3lxTE9EM0xCeHFpTXNWYkhTdWVQMVZmWUxuU0gtZkphZFlTUEdqMG9kRHdkNGNIcG16elhzM0RCbkVaaEotOFRseHB3T3hZSEltb2d2ZmhZUFZSMTNjekF1WXVrTG85ejV5YWlCTUlYejJva05YcTVlN0s0dV9ZUnAzRFBxRnhWSTVkOGJuQUhvUEp6ckhadjhvc01vMzMwZ0RSZDNrUERETE1KQ3ppbw?oc=5,CNBC,en,OPEC oil price,recent_middle_east_oil_risk,relevant,0
2025-05-06,Banks Slash Oil Price Forecasts as OPEC Resumes Fight for Market Share - Crude Oil Prices Today | OilPrice.com,https://news.google.com/rss/articles/CBMiugFBVV95cUxPYWNnc2JvRk93ckFaeWg5LWhlUVE4MEl0Q21NQ2xINEc3QjEyTGN4RjVnUEE4NHU4NnRlbl9Vd1RDelBiQzQ3MVlwUmY1YWtpSkRReTlfc0NqdkFqa2trcExaRlh3YmtLWTJLQXp6cnBHRTl3V1FaX1d3eG1MazVsLW9JWkVkV2VEejRDQ05xdWNxeTdmandlZEhEa3ZtQnFfaWxmYTY1SHE4UUh0c1RUSkxoa1NIWndSY1HSAb8BQVVfeXFMTTRrZmZHYnEycGt3VmVHMGV2dVMxS3lXM29lTXJMVjdGMmZUSDluenpPN2h4RHhVMUZSd0xtc2ZkOHhXc19JZXY5TENWTFQ5VVBUSjBaYUlCMGNQOEJJS2hQbWdqN29uQ29rd0pqc0NxRDhsVmJ2UjhIUGFKTmNNem5fME9rZXNHNU15d3M1Q0RRN0FzeVhUVzdvMlNRdjJHbEpMUjgyNy1DZW5ZekNMeWMzZ3hhTXlnVFRBZ09oelk?oc=5,Crude Oil Prices Today | OilPrice.com,en,OPEC oil price,recent_middle_east_oil_risk,relevant,0
2025-05-06,Oil Prices Surge as Market Shrugs Off OPEC Quota Shock - Crude Oil Prices Today | OilPrice.com,https://news.google.com/rss/articles/CBMirwFBVV95cUxQQkRHcXRUU3BQNnJjNmd0N1cwV3h4d294ZXptaTlNeDgtYTg2Z2plS0MyYndFZlJ5eEdTNzZQSVQzR0wzOHR5SWUxeFgwak9qX2Q1bnVYdE1vU1VET0RobGVkOUlxQU9uVzdnRlJSNU9pTGpBdFRvZjcwZFplNm1fWUNIZ1pac1JpVjJqUjhoYTh4bGJyalVOLW5KZG54NnVlbVktWF9yUmtRUjc3ZnVJ0gG0AUFVX3lxTE9zTHJyS2hiSGhUYW15R1I2UmpoUTk1RFdtS01DOGVkZHRGcENBczAwN1lmTjRqM0ZJTUtJLUFIQks2SXV0QWp6ZUQyUDR6QkJZelM4UW9TRl9rVUZSMDBxRjVPQUhoX2xzVTZCWlhKTHVSOGZIZl9nMkxEUVpUWnJza0pWVFB1OHdnd0dfMHRvZFN5OExveWdVSUItVnoycmtsWk5yd0RvaVMtcnVUOWZoYUZTag?oc=5,Crude Oil Prices Today | OilPrice.com,en,OPEC oil price,recent_middle_east_oil_risk,relevant,0
2025-05-06,"Market Minute: Oil prices are falling, so why not gas? - The Real Economy Blog",https://news.google.com/rss/articles/CBMiigFBVV95cUxNemxmaTFtcGFLdC1laTJueTRhbjdwY3NfU2MxY3hNYW9SclZkbDJUcGd5NHJhOFpJWm5CQWZ5RkJ1b1JmY1RkZ3drNlRHVkpmMzA5b2xPcUU2eUZyeHExeG9EenRsU0tTbkEyZGdPZnc5bzZVaXNvenh1Q2dad1dKWVJYdzh3V3U4LXc?oc=5,The Real Economy Blog,en,OPEC oil price,recent_middle_east_oil_risk,relevant,0
2025-05-07,Market Minute: Why OPEC+ is increasing oil production amid lower prices - The Real Economy Blog,https://news.google.com/rss/articles/CBMipwFBVV95cUxOMzMzS3dGcy1uQWJWNjJKbmFCZXV2NUdwWndNWW5PNXZvLTdsYkNhelpUN1JVNjdhT0l4YzExMldpTlBMQTB0Zmx6bGhSWFQ1akI4RzJ3cTFlZUE5anZxZVRMQk9haGZCOGtGdTBlUkJjNVJPOWoyU1dyN3AzeGp6dlNjVGVrVmNyc2VuM01fdTkyZmJrVS1CZndoeTJyT2sxWXZkTlFnaw?oc=5,The Real Economy Blog,en,OPEC oil price,recent_middle_east_oil_risk,relevant,0
2025-05-11,Gas price slide ends - Korea JoongAng Daily,https://news.google.com/rss/articles/CBMinwFBVV95cUxNZDZqVjIzd1o4aER5Ym1rV1BSenBsNkJWR1piaFhlR0t6WGVJcjdKMGt5WkRURnpiU1JHOHFmTzFwQmgwMkxfX0dOdWppbHFRcjZtUUVWdDlseU02Q21qV2NJbEw2dmRvUzV3VjhTZDhvWnh6cTZLdkl0ejdyT0pVX3pIbmQycGtoV0ZuZ3RlOUtOVWdVb1FGTUNySG1naUU?oc=5,Korea JoongAng Daily,en,Korea gasoline price,recent_middle_east_oil_risk,relevant,0
2025-05-13,"Trade Tensions, Oil Sanctions, and the Future of Middle East Oil - Georgetown Journal of International Affairs",https://news.google.com/rss/articles/CBMirwFBVV95cUxPZS15N1JtcldGN2tTWjU5RDNMQnY0NEx3bEZ0ZWZoX2FDUVI5UzA3czJXTFk0TlQydUxCZ2lhNTN1UUZhRE03WTZlSkN3eWN3SWhNRlV4eURsRlZjbjNuM2JWVVc5SHVxNlhfeGdXRlZXQkxfbkRIY0JOMmVOXzZ6QlZvQjE5N0EtYkg0eU1LX3FiLVBOV2JvdEhCODZyRzFNZ3J5M0pYUEFYV1kyTlRF?oc=5,Georgetown Journal of International Affairs,en,Middle East oil price,recent_middle_east_oil_risk,relevant,4
2025-05-14,OPEC Cuts Forecast of Oil Supply Growth From Rival Producers - Crude Oil Prices Today | OilPrice.com,https://news.google.com/rss/articles/CBMirAFBVV95cUxQb1RGdVB1bTRQOFVhWEdFYkdQNFRpeEtQekQ4VjMxQzVxZFQwdEJHaUZxbGZBN2RuU010Z0xXbVRHbWxHTVdsVXJTZUhlS1ZNYzFHdi1tRnBGYWZPcWk3a0J1cm03Zmk3N1JkSi1Ea0VTWVpFdmpaYnNwLWlZR0lpYS1tZXB6aDUyaGNhX1dHODA5Z2VaaC03N0tXNldBMXd4Uk1XZmZ6OGU5Zmhp0gGyAUFVX3lxTE1KdXRJSlpCeFc4MkRTNUdTNUxtbnZ0Tzh3ZTg2empIcWZEMVBfZ2lQeW5WLXJpS1d6blRMTlZqNUNsWVR4TGlIdnQ1bDRpNGtoaENKdHQ0Y0hUOTBxUkxaeFVvcldDR0x2d0ZRd1BRcTA1UnhpbGJwRDZOSVllelVQRFY4QmZscXhfN0xmYmdNcC1GQ2YycFROWTc4a1lJN1BoamFUeXZaMHRoY3NFbnVMZUE?oc=5,Crude Oil Prices Today | OilPrice.com,en,OPEC oil price,recent_middle_east_oil_risk,relevant,3
2025-05-22,Oil prices settle down on potential further increase in OPEC+ output - Reuters,https://news.google.com/rss/articles/CBMinwFBVV95cUxQUGVsNDd0d2lYaGZSTTJSNGpyY0w2MjFrNnJhTk9vWDhNQnN6NklELUxLbVpvczR4R1ZpS2RycjdNVnpOWTY5WkV1ajYyLWR5Tm9IUVM3bHlocmVEX0NiZWtEYkJsODVuQmtrWlAxVFRsRDEzMzY1bmdzb2ZVdFVPRjRtajZ3bE1sY1ZldGwzRkhYVnZXbV92ZWJNcGZvaGs?oc=5,Reuters,en,OPEC oil price,recent_middle_east_oil_risk,relevant,0
2025-05-27,"Oil prices ease as US-Iran talks, OPEC+ plans spur supply concerns - Reuters",https://news.google.com/rss/articles/CBMiogFBVV95cUxQbzllUzlNdlN6TGdYdDRuLTFoTHFVN0E4Y0NqdzN5NWhUQ09ZbVZGckJGSnZRaTJ6bGg2X1UzaHNvajZCRU9oQ1Q4dkxvSmpDem9iYVRDUEpNRXNZbVpLbFh6SHpMYmhWb3BmZm16dzQwcWFQZEQ4Q01NeUFyZnZ5eVFYSWw3QmxMOWc4RDh3VHBEaGViZF92RTdNcVE2Rk1uMXc?oc=5,Reuters,en,OPEC oil price,recent_middle_east_oil_risk,relevant,2
2025-05-29,OPEC must squeeze US shale much more to win oil price war - Reuters,https://news.google.com/rss/articles/CBMiuAFBVV95cUxNc29WSWY2d0VlQnJaZWN1S3JwNE85enhFbmM4R2Z0M0VDNUlNbGJYaV9QQ2RWcGR6QzFRUUY0eXZKdk9rYU44bjJ4WUREMmpveGJmYzd3ZC11elAtWWNhNEZ6UkNqUVFRNVZKeXpPZlEyckRHQVI4aHl0bWdYb1N2YTl5TExyaXJBZU81bmRDbDZPUzc1RTFBYkdqVnVsT3BQVmxRaXVCLWVva2haMEJzSVQ1cUNBUHBM?oc=5,Reuters,en,OPEC oil price,recent_middle_east_oil_risk,relevant,3
2025-05-30,"Oil price outlook weakens on OPEC+ hikes, lingering trade concerns - Reuters",https://news.google.com/rss/articles/CBMiswFBVV95cUxPQUdiVzB3VUdWWFVkMEZMRjR6TjFBbkNHZDd6T2JWRmRYZjJMVFU2Z21OZHF2eTlrRkZPdlpiVEJzQTBTOTJMT0p0YUtzOEt5Q3ZXeUlDQjdxWHN5eTJWeDJKR1pFekt0azhFWkd0ZDNydXdjZ1BsVUVHbHNLRWlWRElSZ0xNOWJidzNSZ2p0UW9Zck11SHNZQUstSUxSWC12QlZIRkFFRXRVY2xOX1d1M2JHTQ?oc=5,Reuters,en,OPEC oil price,recent_middle_east_oil_risk,relevant,0
2025-06-02,Is A New Oil Price War Between The West And OPEC About To Break Out - Crude Oil Prices Today | OilPrice.com,https://news.google.com/rss/articles/CBMirgFBVV95cUxNM0RGVkItVm9NbTV1UUVOQk9uelliY3pIczdmd0FheFNDV2VzUVIySE01RlV5YklRWjRoR1pKRHY0T1NvLVpQQS1BM3VYbU9fV1p0MnU5X0dGbFZ2ZWFPMWJSbXItX3FGQWxscEtTai1Ia19uYlpaR2ZJVmJtX09mV2VlalpxblBJOGhTQXpDdGttenNxNlc3VVEyOHpTbHlzb1NjVTVuVmF5XzZmWEHSAbMBQVVfeXFMUFctU1hSc2paSktFLTFteGVXaENsTmg1TjI3bjJZdjM4cTYzVllxTzJ5RnB6VFdvVldLRHlEcDdPZl9oTnhFSlNMQlU4aU5kSzUxaTNCRWRlcXVFRHd1ZUpaNUEyeFV0SDJuSUZ2X1kwc2UzaVVLckVmaVNsVW9NVkwzcy1fWWpPY3JtcUZsZThhZVV3LUxvVmk0NnRDcktuLWFqcWFjRFRVYlRZSUFiWWJpbmc?oc=5,Crude Oil Prices Today | OilPrice.com,en,OPEC oil price,recent_middle_east_oil_risk,relevant,3
2025-06-02,Oil Price: Why Crude Futures Are Jumping After OPEC Increased Production - Barron's,https://news.google.com/rss/articles/CBMifEFVX3lxTE1rUGcteVJGckM3eEtNYzBEb0tzdElKdUN0eks2S2R4RURjcmxzTWdKbzQ4TTJZRWlRTTVRUU5pN3JHMDZGR0NlZ0VFaTJzMk1HUTFHQmgzUGlTV0g3aWY5c3BaMXJsbTBlOGF4bjRfbnA4N2tNZHF6SzJMQjY?oc=5,Barron's,en,OPEC oil price,recent_middle_east_oil_risk,relevant,0
2025-06-03,The downside oil market risks of a new Iran deal - Middle East Institute,https://news.google.com/rss/articles/CBMid0FVX3lxTE83WGVydXotM3lPTG53VDhwV0pFbFlTd1pEZXRoVDZ2X2JWQnhNMlRkSUhhVnhPc2FxdDlrVHJ2bXZkWmY0c2NBWElXYnNkUTUxNkI4OWNyVnVuc25Vbldyai1IWUViVTNpRHRGXy1WdG1XSmxFQ0pF?oc=5,Middle East Institute,en,Middle East oil price,recent_middle_east_oil_risk,relevant,4
2025-06-04,Oil settles 1% lower after US data shows large builds in fuel stocks - Reuters,https://news.google.com/rss/articles/CBMiswFBVV95cUxNUjBseWpnV3I3Qm5ieGJsdlhsNEVET256RmNCZlIxWE43ZlczRUFLdll1dHRqWTIzcXc4OUpxM0NHSHI2NGoxVEUwTWNGNXlSMHFzMVdKVjlwdnlrWXQyMXVBVERjc1N5c29MS2x6R2R4Z0UtbmRCTGw1ZVI2cTBzTmJkTWIwOTFLUkJwRmFNWjRfNUlaWkluaDJOX3dqWm5US1NOMW9QRTdHUUFfVEcyQXplOA?oc=5,Reuters,en,OPEC oil price,recent_middle_east_oil_risk,relevant,0
2025-06-12,Israel-Iran War Highlights Middle East’s Diminished Oil Influence - American Oil & Gas Reporter,https://news.google.com/rss/articles/CBMitwFBVV95cUxNT0wxRDFINWp2LU9nVG4tYWFaY1l0TFhOZXVCTUNkVGgtdFpmV1BBS25nTEExRzVjNVF0STBraHRRWW5meEg2VWJkOElWWUFPc21veEhpUnpNMXV4aVNSTmRXM3E4ZHlsQ0JObk92YzM3VmVURkxGWVFiaDNWRE9RRlhKVnRlc3VjY19kemJsN2hFYmdmcExBLUkxZmNZNndtWDEyRGcxOGNPWXFLS29uWk5scVZLVzQ?oc=5,American Oil & Gas Reporter,en,Middle East oil price,recent_middle_east_oil_risk,relevant,7
2025-06-13,Oil prices jump 7% and stocks drop as Israel-Iran tensions escalate - CNN,https://news.google.com/rss/articles/CBMijwFBVV95cUxOOFBSeEhRQkdOTmxPdFprdkxaSVBCa1pxWlhjaUw0X1NQTmozanB2dTM0cmxKSm1hNXVsOV9wNEZ6OXFXVzdwNUxFRmtEaTRKakc5enFmTWM5ZzBHWjlNRDRxcmc3TG44czlJQzhDRXBHQTNud0pNT2JTbU1WQ1JId005NnNnMmxRc0FyOHJwdw?oc=5,CNN,en,Iran oil price,recent_middle_east_oil_risk,relevant,2
2025-06-13,Why the Saudis have been driving down the price of crude oil - The Hill,https://news.google.com/rss/articles/CBMijAFBVV95cUxOQjhJUW01YzdvSDN1U0pLQURycFZOMEM1U3ZTS2VfTzJKU1hJcGgzdUdFLUpVdlMxX3lZa3lTVTktV0Mxc0VIYlQzS3oxQmhoX0hzREppRU9TUlB3dVd3d3pWMGxwRVlMSUlHcjdBTWtyamk5Y0tVRnhsazlSUVNET0NnelRlWXRFend4ONIBkgFBVV95cUxORkhiVlBzTUp4RDBoMDRKelhxR0c4UHNIdkZ5LW9lWllmdDFMNTNyLVl5LVNvTWRybFVyU2NpT2RWc3hZUFpzT0RWSENjYUlEb1VXZUw5NkpYTEdDVlNoSk1ZN2Q1bjRtQUFOZGpDUU1zNkpoVmlNVzUzQkJsdlJ5YmlYNmc4WXRDaVFMWHNhdTQ0QQ?oc=5,The Hill,en,OPEC oil price,recent_middle_east_oil_risk,relevant,0
2025-06-16,"Amid regional conflict, the Strait of Hormuz remains critical oil chokepoint - U.S. Energy Information Administration (EIA) (.gov)",https://news.google.com/rss/articles/CBMiY0FVX3lxTE9WNjFNLVBlTlRtMHZJSzBDdmhkRjJ2MFRkYXpFZVVJclhxSkVzLXlTblFUZlNVUHozNnJQRmI3VWEwYkJHcWVjNVlfa2YyeUl6X1pYczJTbVdTaGptV1Z4R0s5Zw?oc=5,U.S. Energy Information Administration (EIA) (.gov),en,Strait of Hormuz oil,recent_middle_east_oil_risk,relevant,6
2025-06-18,Strait of Hormuz halts after US-Israel attack on Iran - dw.com,https://news.google.com/rss/articles/CBMipwFBVV95cUxNUGwzTlFlSll1RGt5NWlkcVZuc1NNR0xrVE9DWm5GX1lHYVVBaUR1X1VZOEV4bVpDNC1tMmJFVllWV251VUs3Sy1WRmhvRkQ0ZmVJY0l1S1NvaFNiVEwwWldIT2hQY3ozTXdCbUtpOUgwV0VmQUhoeXR3am9ZM3ZDUUdXbHNMNTNlWUlVWVV0anlxcFNLdk1mNnB3SEIzOWdFZzVZQ21TQdIBpwFBVV95cUxQTDVPbXA2c1VHMExaTThLRW1YLVhmNURWRWNTS21qUElzNUViWElrRkU4a0hteVlIbVRELUpSNFg0am9oRDEwQ2x1bndlUjFZVWt3R3UwbTVnZ1l3ZU1TbFRwcnd1NXVDUFF5cVJQVkUybGJVWlI4UUxaSWZMX0laSEVNQ3hXM3BPMGRfeDRPSlJGM0lQMjA3WVFKVlVkajZpVnlpOVhNUQ?oc=5,dw.com,en,Strait of Hormuz oil,recent_middle_east_oil_risk,relevant,5
2025-06-19,"Oil prices up nearly 3% as Israel-Iran conflict escalates, US response remains uncertain - Reuters",https://news.google.com/rss/articles/CBMivgFBVV95cUxPUk9pYkhjZW45c25kc2REU0RleEpJQWpDcFVmUVRSTTdmbVhVWm9nVnM2dkl2eXM3R1BNb0RHblZDOHA3UHFkbGdadUpVbEgxOFN3cWdMUzJ6RFN1bkE0Rkx6c0lUTTRCRFBTV19wSWpjS3FJS0ZlQlJGUWVaTkVPQmpTM1E3QnBaZTZfNXprZUhtS1RiZGhMQjlPWFNfSXo3RlZsR2pCaGpFclo2U19Xdm1aWEcyWU1NR0NHa0lB?oc=5,Reuters,en,Iran oil price,recent_middle_east_oil_risk,relevant,5
2025-06-20,How High Will Oil Prices Go on a Middle East Supply Disruption - Crude Oil Prices Today | OilPrice.com,https://news.google.com/rss/articles/CBMirwFBVV95cUxPa1RzX1NXdXd4RU1jZmRPMGVxSXkyVWp6bnJ5Tmt4UDRwTHMwbXhPMXpPd2o0a3BZVVNoQjdUak4xRlB6Zy1Pamptem9CaHE4ZHlkWnNIM0x2MjJUTkRIWHdBMkNkLVhjZ1VVN0ZTRXlpNUk3dFg1SjNIaW5DcHRCQjl5cFhOU09nRmlqVUxEMmM2S0tPekI1dms1VlVteENvblg3NldTZzJFQjJsc2ZJ0gG0AUFVX3lxTE94bk41dUdrZVM1OXBEMk5qVHNLdjFJbkRBWUdjR0M5UUlVVkR4Y3JlelVqM2x4SEVqYWpPZVhYMnVkelpmS1RWVkVadUluM1c3dmUtQ1RxcU1Da2hPMXptdWc1ZDFweWJWVDRMRFktSU50MmVPUnFCQXNFQ1NUaGh1dTIwYWdhSjA0U1pKYlBPakJtSG1DRU9XRkx6cjlvU2dTZDZHWG9VeFpxT1RyVUprWFRCOQ?oc=5,Crude Oil Prices Today | OilPrice.com,en,Middle East oil price,recent_middle_east_oil_risk,relevant,5
2025-06-20,Week of Middle East Conflict Pushes Oil Prices Higher - WSJ,https://news.google.com/rss/articles/CBMilAFBVV95cUxNM3d6eUhzRm1lU1pRR1dGamlYLTRHTHJXY1JUZWg5UEVUVlRVcG51dlRPMWpEdDJIZmZwMjFlVk5ZRi1fMjZXS3pHSGNRTkVFcXk5TTlhV0E0Ym5kM3JmWVRQX0ZEVGcxYlB6VEtJcmRmQUt0V2l4SWJNV2NXX3VfaG1qd0FXSWNrdG1lYi1SMFFGYXk3?oc=5,WSJ,en,Middle East oil price,recent_middle_east_oil_risk,relevant,5
2025-06-21,South Korean fuel prices rise for first time in six weeks amid Middle East tensions - aju press,https://news.google.com/rss/articles/CBMiW0FVX3lxTFBIZGRrWTZDZTBjNUhsZDZXTWhzTFRiVGtUeXJTYWZNYlo3RXdnWDRkRTVEbWdDeTdtaXQyQ0VaQkNPeVBBcWNVbC1JdDRyYXZhYlUzU0tQTENhd2fSAVdBVV95cUxPR0pha1dlVjFXOFVfMm9PZE1STzdnbW1wRDJtaTl2MGs4R3U0ZC03Y0NNQnZiLXB2YjBnMGJCcGJidVhEWndpbGprOFh6d3JNdHpKZWNvNTQ?oc=5,aju press,en,Korea gasoline price,recent_middle_east_oil_risk,relevant,2
2025-06-23,"Oil prices dive, stocks jump as markets seek reprieve from Middle East turmoil - nbcnews.com",https://news.google.com/rss/articles/CBMiqgFBVV95cUxQOVdpeVhGc1NNXzNyOFZBX3QzcUtBRXByWklMbkVYTTlwZnlQREZpUFlpanNqMmdwUjFzRjF2VS13VG5DUE44Uk13M3VaU3VWbWRWZGxiSW9uejJDZjVzZUcwd0pUd1hOV3VCY1VJUy04ZkZhcl9zQkc5SE1ub3ZHbjlYbUZEM2luTTl0anR4MUlLQnVoUUhWWXcwUlEtWFBKVkp3emhjSzJPUQ?oc=5,nbcnews.com,en,Middle East oil price,recent_middle_east_oil_risk,relevant,2
2025-06-23,The Strait of Hormuz is a vital route for oil. Closing it could backfire on Iran - AP News,https://news.google.com/rss/articles/CBMimAFBVV95cUxOSjF1b21uNUxMUE02NVl1bjdLQUhXX3FxNEFkX0ZyNUo5b3JLRlFoc0Z2Q2tFU1N2VWlQbTBBbzNMa0hCbjY3ZXBIVVZOeE1LZjVPLXlUaXhaTVRKTXJJZ0JVUDN3aGduelFfcm9tOXFEbTE0ZEM5dVhMNm45Z3FkcF8weU12cm5KTm9JZWNEbHg3T3ZwXzg4ZA?oc=5,AP News,en,Strait of Hormuz oil,recent_middle_east_oil_risk,relevant,5
2025-06-23,Iran oil doomsday in Hormuz may be more fear than reality - Reuters,https://news.google.com/rss/articles/CBMiuAFBVV95cUxPODRDTVdjOGIxQzFZZnpKYkhlaHlOWGRCZVFPdFJ1MjBRYU5GQWtrYW1qcHROeEVOcHl4Smcwd0wwdHFjcnhqb1hESFBUVmdya3paVklPVVdPckpLeU9FYTlzSEV6OUJic0Zidkd0SDFEWlI4ZjM2eU1MQllmTTBicVU5LWpsY0pRQ2JGM3gzaU1DRUJicUllSnRXQUlXSE1RN2JCZmloTS11VUdoT0w3R3NuNVliU094?oc=5,Reuters,en,Strait of Hormuz oil,recent_middle_east_oil_risk,relevant,5
2025-06-23,What is the Strait of Hormuz and why is it so significant? - CNN,https://news.google.com/rss/articles/CBMikAFBVV95cUxQUzY4cEpYQTBoV1dJbHdOcGJMLVdza3ByMkdLZHhhZkhTV2h6cWM5TWM0SW9IejBxUjdRak9FSk1zZm1oTzVIcFJFSnMyc3lSU1Y3U3NOV2xFQWNTSDlKanFCY0JYR25xbThyendhZXllUmFBWEo5ZHV6ZWw0UFlibHZYWUdCYkZpNU1jbEVsMzk?oc=5,CNN,en,Strait of Hormuz oil,recent_middle_east_oil_risk,relevant,3
2025-06-23,"The Strait of Hormuz is a critical choke point for global energy markets, but there are ways to get around it - Fortune",https://news.google.com/rss/articles/CBMirwFBVV95cUxPVXA4a0hVaTg1aDl1RjdrUXhQeW5PZnZIMF9kdk5ONjBKTFNKdTM2ODFRYUZHSE9hYUFaZm5qU2lzVmtTLU5wQ21wVnlfNjYyN0ttWkczRWpnVE1CT0l0M01YSEt0OEJtRVNyTjVBd1N2bU5sRnplMEhwX2VrMlVwUzdBTUo4XzZJVHA2RVJici1ubVVfb0RqdGQtTDRFUmhnSmVmMGtsdjNnX1dFa3Fn?oc=5,Fortune,en,Strait of Hormuz oil,recent_middle_east_oil_risk,relevant,3
2025-06-23,Strait of Hormuz could be vulnerable to Iran retaliation. Here's what to know about the vital oil trade route. - CBS News,https://news.google.com/rss/articles/CBMihwFBVV95cUxQQUVpeGpnNmVxOXl3ZG1aTDNuZFBsNEc0VlZlSTR4UEI3SHRuRS1HODBBbmJOQ0VRaVZRbHotOGFQSHFuUGtzY3lETllsbFB2bFRNVnNPbVpGZl9Pek5ISU9Wb3ZRRjRkRTdscmRBMnBuNG9IanNRSlpqVTlRS1hpTXZBamkzbTDSAYwBQVVfeXFMT1F2RnZPVDQweUhQV2FLNTl4TWNweHRiUEd5S2JSUy0ybWpQOHRWUEx5WXFjT1RoT01CMVNOMWZnemR0MWVYRnpPZGRpeTZvdTBsbG0yZ0hjWEJRc3BzanZRVnRTeXRzSUh6TXpRZFZTMjVVc1BBa3dPWDNkQ1J6aWNfQUVsSVZRbnNnSkU?oc=5,CBS News,en,Strait of Hormuz oil,recent_middle_east_oil_risk,relevant,5
2025-06-24,What does the widening military conflict in Iran mean for oil prices? Here's what the experts say. - CBS News,https://news.google.com/rss/articles/CBMiogFBVV95cUxNN1BiNVA1Ni0tclUwek9UQVRNaVhMWThKQ3hMOURFajdVeW1JTmhkbVZ6YTQ5LU5mSlJBSDVxdS03VVQ0bk5aOWc4aC04ckVZdGJNLUh6dTZwdm1YUm5PenZQWjFHMktVUWxrbmlSYWVBazM3ZGo2c3c1SU9nQzlLOWVLTldZd2x5d2w4Zy1FMWRFMDY4MkJsWHVvUVExZmRaRFHSAacBQVVfeXFMT2lXNFgwWnVQeUFKcFA4NmpGWnVaYXVXMTk1QTlnVURpUEV2LVpIWTZ0YUNDakxaWXItMElyMVdvSDJxaHJyUWVmNEFidkE0RzE0SkVNYmZqaDBoNzh0Y0p3cEF3eklJR3c5a0FXUnNSRzVkM0JPUkMxT2R6MFBib2FqX2UwdTNKd2xQbHA1dktiSDhoRTlyNU4yQ0NybGJvZ29kOUpfUnM?oc=5,CBS News,en,Iran oil price,recent_middle_east_oil_risk,relevant,5
2025-06-24,Oil is falling so much it’s now cheaper than it was before the Iran-Israel conflict - CNN,https://news.google.com/rss/articles/CBMiigFBVV95cUxPalhwMnVNWEUyamtXUDFWbmJEd2hoZmxib2d4NkU3SmRXckdhVkRjcWotcUliSWhYblVpcnd3NHVrR2IydFRybnh4OVBDTGZ6Uk9EZ2ZjVXFxVUozS1NQSDM2cmtsQTJuWjctcGd2cjFXbGVIdG00c1NsVEU3b09sQzg3N09GblVnUXc?oc=5,CNN,en,Iran oil price,recent_middle_east_oil_risk,relevant,5
2025-06-25,Why a war in the Middle East hasn't sparked an oil crisis - NPR,https://news.google.com/rss/articles/CBMidkFVX3lxTE9ZdEk4ZVNmVTB4V3hSMGtJVzZ5MDFSMmZDendreGg2eWNGZ055NDNzclVhSTNQeVNCU2ZTaUxYVHM0c01kYTIyVVVuMlhVd3FsQUFfd3VIWGZaOFZjbWtab2JMbGJ4NVkxY3JUZ1VxOHc4dDJkbXc?oc=5,NPR,en,Middle East oil price,recent_middle_east_oil_risk,relevant,5
2025-06-25,"What Is the Strait of Hormuz, and Why Is It Important? - The New York Times",https://news.google.com/rss/articles/CBMijAFBVV95cUxPMzhVN0sxak1RQVBVZ1VXYl9UMTM0dGdVUjBvZFZWUzZCcm9XY3F0QlBJVUQ4WGduVGN4aWkwZ2FJc213cmNteHZQYkxfZ3BqSDlOUGhQVVJuYU12Smc2VjZQSjNoTzRFLVgtR2lkRmpiM28zMUZKZ3N0VkplN0Q1TzU1T2F0d0dEeDVRWA?oc=5,The New York Times,en,Strait of Hormuz oil,recent_middle_east_oil_risk,relevant,3
2025-06-28,The Decline of Oil Power in Middle East Geopolitics - Crude Oil Prices Today | OilPrice.com,https://news.google.com/rss/articles/CBMioAFBVV95cUxNLTk4X2dpNGJKdW9KNzN3eHJRMTRGbkUwTzJFaFBVbENudnNfcm4wZzFQcm8xYXFyVHdDbVREWDFLaVlMa2tSY2ZSUG92UmppbHpGNWw5SzNKZGlJQXp1NHN4blpCUFRaejF3ZVNMT0E4cW9uN0pBVUdSdHdYbHBiSl9PUkxHQ2sxSzRLNWNJRE1HcHAzSV9NMW5GQ2xRR0p40gGmAUFVX3lxTFBpVlZ0bzZ6ZEp3aHR6MmpfUy1fNFFvYUF1Z2FNLXF3QnVzejNPZUduRXZoS21zM0JpSDgwWlBCSDNhUEFSU1F3NXpkdHZHeEpKd2lRVXV0R0Y2Qm5QbkRKaEpXd1RheXFuZzRLOHc4WGw3NVotQl9KQUNsYllMN0N4MG5sQ3pFM0RnNmc2Qk51aDM2SXFXQzU2SzhFUjNJWFVqQkljRlE?oc=5,Crude Oil Prices Today | OilPrice.com,en,Middle East oil price,recent_middle_east_oil_risk,relevant,2
2025-07-05,OPEC Plus Agrees to Pump More Oil in August - The New York Times,https://news.google.com/rss/articles/CBMif0FVX3lxTFAxaGpad0ZOcTlZc05tLXJ4RkVMalZFT184VUtjR3RyRmR0Zy1RaWQ2c2xxREFmSWVSYTZCV2drUzl1b05Zd0IwcXV1a3dscTZTOHEzZTI4SXJfSk5BZHl0QURvejREd3FCaVhrWlBDZG9POEplS1pDVjZnbXlEWGs?oc=5,The New York Times,en,OPEC oil price,recent_middle_east_oil_risk,relevant,0
2025-07-07,Oil prices expected to drop below $60 on increasing OPEC+ supply - Yahoo Finance,https://news.google.com/rss/articles/CBMirAFBVV95cUxPOGZTeDNnbHl0ZHJSM09CUWZ0LTl0ejdpN3Z5Yy00QXlhVktBcmI3blZSYkpFa3BadlBhNFJZeXRDZVdRa0VWVi1nVlM5YXd5LTRWOUxKajY0VWE0am4xbnlrSFVYRGxrOUlpTGdnc1gwOXNhSzNEVFNmc1FQVmkyTkluVml2d2VXRGNCZEJYZFJSMUVTcEJsUEZjcWVsYmliNG1iLU9FbFVqMklw?oc=5,Yahoo Finance,en,OPEC oil price,recent_middle_east_oil_risk,relevant,0
2025-07-07,"OPEC+ is pumping more oil, but is it needed and at what price? - Reuters",https://news.google.com/rss/articles/CBMipwFBVV95cUxNQzdBN3ZVdnJDaUZJNEx5YXY4VnNsUTZKRVhjUXVnbnlYTDF4ejB3OXk5dEF6RDFuaVNBeE85LXJWendOQlhla2dWM0M5WmhHV1ZiREthaG8yZXRIbklVbC1jajFrazJ0RDUwY1Z5UkNDeTg2a2haOGJDeHlLb3d3alE0dXN6MjJaS082bTBZNGEwRzJLMUtxal9uMkNGOWREZU9kVDJ3aw?oc=5,Reuters,en,OPEC oil price,recent_middle_east_oil_risk,relevant,0
2025-07-10,OPEC Says Global Oil Consumption Will Hit 123 Million bpd by 2050 - Crude Oil Prices Today | OilPrice.com,https://news.google.com/rss/articles/CBMiswFBVV95cUxQZDZuYktpQzJLS1EtOVhQRkgycmxGMHJlbjlubDhDcW5HSDUzdUtFOWRZbEdFTnJHQlh5ZnpxeE1Rd21OazNHSXUyR2oxTkt3VUY2NnhVS3kyYnVKS21BSXhoNExnMUxKQ0FTNVlscFpjZmY2VWhmOTRvQkg0UEFEMnRtTWtmVEtWMG5iYjhVSDJJdnNsRDVta3BMckQwMEl2SmJNUGFSSVhubkpJaEFUT2hOY9IBuAFBVV95cUxQMjhIU3NySmhwSVUwb0lfRFY1SW1sRVYtNE43bXhZYjhuMmJEWnJMVTlfdFFzYlVVM2dWWEtEZ1ZrVVdUTkZHU1VSbTVXM3VGRU5pWFF5eWJ3NGlhS1hlekdKa3dCMl9xU0taaE04OGRpOE9tcGpFb3FvMDdtdUtIU2ZjNndtTFN5Ym1xTE5YWld2SXloZktZR0dXbnJmRTEydllCRkJYVHoxXzhqeE5RUV81S0cyZ3dl?oc=5,Crude Oil Prices Today | OilPrice.com,en,OPEC oil price,recent_middle_east_oil_risk,relevant,0
2025-07-11,"Oil rises over 2% as investors weigh market outlook, tariffs, sanctions - Reuters",https://news.google.com/rss/articles/CBMisAFBVV95cUxPNzZwaVRjMXRteGlBV1YwbmpFWWlYcGdVWE8wN3Jxb0UzektOV3Q3RDlfbThQLXpsVzIyYXdfNDI3cm9hZG9BTDM0TTZLb0tTUDBCekQxTU1pUkw3RC1kUUxUOGE2M0FBM290czBVVGloT1NHZGw4RG0xZE9uMl9ZaGlVVDUxV3Q2Vk5ZN0JPRzZfSXEtcndKSDJVbDZfTC1kckJBLTRKUlNhMUg2TVdKcg?oc=5,Reuters,en,OPEC oil price,recent_middle_east_oil_risk,relevant,2
2025-07-19,OPEC Is Playing The Long Game - Crude Oil Prices Today | OilPrice.com,https://news.google.com/rss/articles/CBMigwFBVV95cUxQOEhMVHFzUzFaVU1FdDdmQ1JhTHRoTF9YWWd4U2hFYUc2SVFTRnFRTUIzek5vVEgtQ1hYak5SSTZNOEpMRDdXaGw5OGNYdF9aU2NkbVYwZ3ltR3JnQ21HS250WDVtZWtfcHZkOEFuUDFEdmhkdlRFblQ1dW5vZmpTRkc4ONIBiAFBVV95cUxNNGYtUE96RnVzOERWblNYQ0R6MXVqamlFbVZHZWtkUWdTTmJCMldIREE3RUtnNUg1Mkhydmhlenp3V2NvTEloNUpaZTlqQUs5ZDE3SzRtWDBkcDJBdUQyX3BkTUVFaXRHb0VYNy1uM1UwMU1jYUVBQk5ta3Z0eHNVZkRZWE5ubzJ1?oc=5,Crude Oil Prices Today | OilPrice.com,en,OPEC oil price,recent_middle_east_oil_risk,relevant,0
2025-08-06,Petroleum prices reacted to economic and geopolitical uncertainty in the second quarter - U.S. Energy Information Administration (EIA) (.gov),https://news.google.com/rss/articles/CBMiY0FVX3lxTE4yODRRQksydENiblZUc0pGaEpKM19GT0xGOWhHNjFHYUpiVlRzYkNENkt1NzJySHBRZW95YjdBR3Z3NFEzZk5CdURieFVTVDItaUFweGpTbVdOU3BEeUV0MXdiMA?oc=5,U.S. Energy Information Administration (EIA) (.gov),en,Middle East oil price,recent_middle_east_oil_risk,relevant,2
2025-08-06,Why the oil market is tight despite big OPEC+ output hikes - Reuters,https://news.google.com/rss/articles/CBMiqAFBVV95cUxPTzg2N1RveHV4MUFCYjZSejZsV2hIMmRLUzRUQW53TGw4eWljbDNUVjY1RFZBM2Q1QnVRMmIzVkd3aVUwdl9PaFZEcUtMS3JESVBNaXhxc3huTkI3MmhkdjFHeUpLLXk3WHNIb1BKSi1KQnU1OG5MYWoxVEhPbmxkXzl4cUF2MnpjWm1kUDlkMFUtQmtKcWFhc2NoYmg5QjhCR3hvZDZhY0E?oc=5,Reuters,en,OPEC oil price,recent_middle_east_oil_risk,relevant,0
2025-08-12,OPEC Raises Oil Demand Growth Estimates for Next Year - Crude Oil Prices Today | OilPrice.com,https://news.google.com/rss/articles/CBMinAFBVV95cUxQMHhIY3FLamhxeU5Nb2VNcXZzdUFmalZaRUZUZWVQcFlOcjlIcjgxT3NMSnNLR1haYktzOWFwejdVNGlkdnFJVjJSRS1ZY085dTlyMnFoVHNtZzJVN2dYa3VRcWt3Z0VNbmRCeTQzemtPTThtT1dSNWZrNHBEcGRUOFRjb2dNVzZheElNVlFtMy1ZMEhGRU9aUy13blfSAaIBQVVfeXFMUFdMT1pKbWVMX2xLaVRwSVdvQ0FMOFVGVmZLSFZCTVd6SjNIY3FyRlRtWFRMczcwSGpBMElxNVpzTC00SnljUjRuUzdvV2ZiS0NCS0JhN1I1UzR2QXVuMlQtVl9peVJtcUw4NjV2V3pPNFBMNi1zdnpKWDI0c1JLbGg3RWs5NjZaaEszRmtNWVM2N29GSVlhQnF1NmZ4TmZBeUdB?oc=5,Crude Oil Prices Today | OilPrice.com,en,OPEC oil price,recent_middle_east_oil_risk,relevant,0
2025-08-21,Middle East geopolitical risk modestly affects inflation and inflation expectations - Federal Reserve Bank of Dallas,https://news.google.com/rss/articles/CBMiZEFVX3lxTFBzYURUWVdZT0ZFTUZXWmNycERRQUFIQVNmZllaRmJjMjIteWIwdzVXMmF5YktXY003NkhITlZFcndadVFoamQzOU00N0xyRzlBZmVqODFib1hJZTdjZkFhVXI2SUM?oc=5,Federal Reserve Bank of Dallas,en,Middle East oil price,recent_middle_east_oil_risk,relevant,2
2025-08-21,OPEC Is Pushing Down Oil Prices Despite a Cash Crunch in Saudi Arabia. Here Is Why - Arab Center Washington DC,https://news.google.com/rss/articles/CBMitwFBVV95cUxQYmdhQjlPMHQxa3pPR3RRZHhMcjcxbDExNDloMHVzS09pTXB3V0tKWDU2OXV3OGg4elgwc01lR1d1NzRSc3JsZVRuUFljel9XNmdjSjU1ZXJVUlc1RUVHYUNIWHFYR1IzdjJTWWlOcWRJUF9SUEZwWWhrcFdFR1NmRTdPcjMyaEFGVGttSmhLUnFNbWtyZktWV28zUlFKWGlieGZnWU5XTmZLZ1lQVGdYNkVWbzgtS1E?oc=5,Arab Center Washington DC,en,OPEC oil price,recent_middle_east_oil_risk,relevant,0
2025-08-24,The Middle East Oil Refining Boom Has Created A New Pricing Mechanism - Crude Oil Prices Today | OilPrice.com,https://news.google.com/rss/articles/CBMiuAFBVV95cUxQN1EwRGRoX1lNRGJCYk5ZWlJqQjhfMmxlU2lrUFFlaGxKTGZ2SmZwZmJadWVhLWpaV0lUcFljdUJaYmc3THdvcS1DZC1kLUtJSktpNWQ4enFkYWNaTjAyMy16dk9nWGRLVm0taHJhMXBhbWsxYkl0NE9DMm1VRU51ZGd2SF96YVZXMnhvcXZUaWp1WWJTeWl5NV8tVFVmVFA2ekluTzZhSmlmWDcxUmVUeERtVnhKSkFC0gG-AUFVX3lxTFB5QXBzTThWZkVrYk9QZ3V1NnFUU2daVmFlaXBhS055bVhTZ2lJOGE0bk5BT05hbk5YQ0dPN3VYMnpIVzVBNXJidHBlYjVPT21Lc3JrM0ZHOWlnYlRySktHMmlXZ0JQMlJiREtwdHItQnJJWllDckJXdVFidWFkY0Z4X0xJRHdjLXNLNGxNMFV0ZTJaNnZDSU9SS2ZDQktNc2plQzhOYlY4V3I5bDItemdhMGNjTTJTMmhoZ1ktTUE?oc=5,Crude Oil Prices Today | OilPrice.com,en,Middle East oil price,recent_middle_east_oil_risk,relevant,2
2025-09-03,Oil Prices Dip 2% as OPEC Considers Ramping Up Supply - Crude Oil Prices Today | OilPrice.com,https://news.google.com/rss/articles/CBMinAFBVV95cUxQVTU2Z0xDOS1NX0hvNGIxRDdTNzhodVZxcjNDNnZiclhRWGx6V0ZTaFVjZTVjNHRNS2VSQjZJaldQcjNpYVE0bnlYMUwtS1Bzcng2Zml2UXVfLWJ4eGU1OWNMdExoZUpiVXNXcW5XWGE3c3N4OFRSVzdtOWlMZnd1YV90YU85V0wwaGRfUVpPOXFpNUZGWDNkZjExU2XSAaIBQVVfeXFMUHdWVDdqUXRPdkJwanRFUG9iV01OSHJLbmt4Zkp6ZTBuSng3Ri1oZGlCeUJVdEtQQlNQMkdJVV9lRUJxa09DR1JSSm9oRDBNcHhvOFFfMFRDb1o2REtidlNHSFVwckRRZnRscUJjMmpDQld6WWFoVG1nWGZpMnpJSjVtaTcwY0NtZ2hPaFo4Ul80ZE1xMVh1UzVua0gyc0lMT3V3?oc=5,Crude Oil Prices Today | OilPrice.com,en,OPEC oil price,recent_middle_east_oil_risk,relevant,0
2025-09-07,Oil Prices Rise After Producers Announce New Increase in Output - The New York Times,https://news.google.com/rss/articles/CBMiigFBVV95cUxONU5sWGRoMEp5NS1IVkdaYTJLc3NtQzdIeFd3TENnQ2tPVVlfUnVnWmtNM3dlekt6eV92OHJQTFVBMG9PMlAtcmxPMFROQm9CbWFTQ0NGSHBabjk3MDhidXc1UHNSblQ5ZEJkVjF5WFJfUDNXTXpoSWpNUDhOZXNzUTdZU0xtTDBQb0E?oc=5,The New York Times,en,OPEC oil price,recent_middle_east_oil_risk,relevant,0
2025-09-08,Oil settles up after OPEC+ opts for modest output hike - Reuters,https://news.google.com/rss/articles/CBMiowFBVV95cUxPU1BsTjlCTnM2cGt0ZEs2bXZITi1uTlpSYVBQVWVIUkJJZ0s4bXVKN3ozTmlvbThhV1RxQ3RqNlBUZGR3U1ozRzBrZUV5X256N1E0Z0ZiZ01CSDkzb1VqaWoxZDFQdzhSRmlsdkg5bG1MX2NQYk0yakFvNy1kNlJTbHlCa2hpS29Ra0J3V1pTWGVIRENFZ2JZZHlnRmNiY0xNOFZv?oc=5,Reuters,en,OPEC oil price,recent_middle_east_oil_risk,relevant,0
2025-09-18,What's The Real Reason Behind OPEC's Surprise Oil Production Boost - Crude Oil Prices Today | OilPrice.com,https://news.google.com/rss/articles/CBMiqwFBVV95cUxQWWZnQ1hFV0pCM2l6YWlhbXY5OG16N05mb1M4MHVCLW91cEhmb21wd09pdkFXU2EyN0ZTSE01aGhoYkpRbndjVVpvNS03ZWZhWlVORERac01NdVVXYjJONEx2bmhnb2dwV0FmNWdfU0ZtQjRkSzJnYUNjanVhenlQeXJ4Qnppcm90MWZxWkRNMEFuU2Jmd09CV3ZtbWh4SzAyeG1EblhwLTNoREHSAbABQVVfeXFMTkpRTXRtRGV4SzAzNHFIM1Z4cEVSZ25DRkVMSHdwZnIyUGhkREYzelhJOFg1Y1BXQS1sVG1Rdlhkb1NLS1A0Z2E1R2ZPRVFkNDBPQWJ4d0htclNxM2dkeE5OSWtEcGlCR09EZG9lQUU3UEdHZnlxS2ZqdlRaYVZtQjh1TGUwREVVd0dOd2tDanZqWUJpSTYtQjhBXzFCYkFCdEVQSnFYcmxBYnZVd0dFMko?oc=5,Crude Oil Prices Today | OilPrice.com,en,OPEC oil price,recent_middle_east_oil_risk,relevant,0
2025-09-26,Forget OPEC Warnings The Real Oil Shock Is Happening Inside Russia - Crude Oil Prices Today | OilPrice.com,https://news.google.com/rss/articles/CBMitAFBVV95cUxPeHRjbFVfcGdJYTFGYm5VREN6N3dBQXhUb1RJbk5SdjJMREtGSjJsUXZONmcxTXI2cE9qTDZhOHlJNTlvVTVHN0ZvMWFJb0oxQ3AtczZHTDJybWdHMTFwZFBfME5iZ1Z0VmtKeXloX3owVVpaak5RLXBqOVV3ZWsxNHBXYUZad1hwUzFFeHEyZGl6LWd4bnBORXV2c0xNS3lxQllic3F1dHhETmpIcGRPQ3EweW_SAboBQVVfeXFMTm1YYVlmbllnMHRiNFJZMUItRmhpaFRQX3dkZ1poT2dlRnFISW82VDB2ckR5Y0RBMVFxcUg1MU9kdVY0eklSbUJETWNlU001cHBDaW9zSFZwckJCT3psbllVRDNtcVRGdVVKdVAtek5PVUltTGNpbnlJNU1FbTNsNlJPSzY5dW0tbWJXcVczcWI3S0YzS09yTXFxLXdFWUtNa21rSGt5elBCS1JpWmtwWUUxU0dLcTRMem5B?oc=5,Crude Oil Prices Today | OilPrice.com,en,OPEC oil price,recent_middle_east_oil_risk,relevant,3
2025-10-03,OPEC Reuters Leaks on Oil Plans Again - Crude Oil Prices Today | OilPrice.com,https://news.google.com/rss/articles/CBMimAFBVV95cUxQbDA0NFRHZ0VFa3RlLUxfeTFJaW9QTUswQTBZQ093Q0g3Z0VoeEtocXgyQ0lqZHdFV2toTXhPV29aa1hYZGxrWVBkdk9jdS15Uk9oeFU1Vjd4SFRxcEN4b3pKUjFPODRHS0VDazFwQ0FkYWV0d2FSZ1V5U3AyM0NOWUM0YUtWdWNub203SzJRb2VlYV9jb1R3b9IBngFBVV95cUxQb0VTTDBwbGU3TVZkcWNvRTAzWGNXTTNQOWd0c3RyMUZIYmE1b1NFcm9CcG5xWDRPZmc4RlUxMUJJMEdxRy1Wb1BNc2g0SV9SR1JQT2hzZzJIcG5pbEhQUUxJRno3aW1JX3JLaHc1Yk1iR2dKUE5ndVZzRWxHZUZ1eG5YcTRMOGFLaXI5b0pGeFhBZ3g4MkhCcE9DWDBjQQ?oc=5,Crude Oil Prices Today | OilPrice.com,en,OPEC oil price,recent_middle_east_oil_risk,relevant,0
2025-10-05,Oil rises after OPEC+ hikes output less than expected - Reuters,https://news.google.com/rss/articles/CBMirgFBVV95cUxNSG5taWR0RkoySDRTUEhxcFk5OGxsV04tZlNQb3NhOVY5QmRwRmtKZlVxNXd0RUJybk9CRWJBalFVanl2b09fbUE5Qm8wTVAtRndwSGZnbHZMVHVsYnhxSmJONmFiVUY2U2IzdUE2dXl2ZWNwSHFrZzF6blktc1ExanYtQ3dCQWlQTmd6c05xTU1MNEVFN1BJWjRabzNFRjBFYy1NZ1ByeDRWRDZVUVE?oc=5,Reuters,en,OPEC oil price,recent_middle_east_oil_risk,relevant,0
2025-10-06,"Oil settles flat amid OPEC+ output hike, supply glut fears - Reuters",https://news.google.com/rss/articles/CBMitAFBVV95cUxNV1dWYkYtRkNMSVQtOXA3Q3ZYclpwMGh5Y0FTVDkxYlRJZUpqUno1emRKb1YxMmNjSGt2Y2JHS0Y3Q1VXaVFPYXowdVhTcF9RSEV0UEtkbkxfQXpMOS03clkyY3ZSTlZMSUlRbjlfTnBXNGw4OFB5bTFMYU9saFhHQVZ1VW8xazVWUnU4akt0REt6ak82VmszLVZBcVVkcFZiWmJpeGZwT3A4NDRvdUI4SW0xSHY?oc=5,Reuters,en,OPEC oil price,recent_middle_east_oil_risk,relevant,0
2025-10-22,OPEC production confusion should put floor under oil prices - Reuters,https://news.google.com/rss/articles/CBMisAFBVV95cUxNaGtOVUozTmFBYTh2UVVnMDZNQUpIVEh1RjBvQXZQcWtRWk5pOXVES0xFUTViSkR2aTVzUXZGOHVORjBaNWVuZmFHUzVTaDlxNVNuNkdyVHNpXzZTcDlNd2VLQkdqeFc2ZkdnZFBVTlZVRzgtM3pzLUFTUmVONTdJcncxS19zeTBJYVlqZkNJWG1VbHE4aWFVb0xQbFJEeFNxd1F4SWNuM1JMSmhhTUpnag?oc=5,Reuters,en,OPEC oil price,recent_middle_east_oil_risk,relevant,0
2025-10-26,OPEC+ Won’t Pivot on Production Until Oil Prices Fall Further - Bloomberg.com,https://news.google.com/rss/articles/CBMitAFBVV95cUxOVVVYTHRveWtfNWRTekRUWmw4SUROWGxwUkI3UjU1bEd6aFZEZXpFRDJiQ1N4MGdpMG94Z0gwMTVOZGtBTEUzS3VWSEVybEd1eU9SOGxiX0hXUTRrdGM5N3VSSzRxallzUXc1Ym1CRXV5a0JMbkxhUmNFU0hMaDdieV9WVUExbmxmUXhaN0pWX1NoNFFnOUNuN0lfZ1R3YUhkVlYwTDNkeVc3cDVzczE4ZWp6QWg?oc=5,Bloomberg.com,en,OPEC oil price,recent_middle_east_oil_risk,relevant,0
2025-10-31,Oil Prices Fall for a Third Straight Month as OPEC Considers Boosting Output - Crude Oil Prices Today | OilPrice.com,https://news.google.com/rss/articles/CBMizAFBVV95cUxNZ1Y4WnVhUEZwN05mckQ1eVBBUGluY3lpeWM1SGNzUXh6RUJEcmJFU1JXZjB3R3Z0a0VvYXBESGRuNzhMYjdmellQbTV5aVlFYzVHZzFrM2ExZHprZktJSmtqRlE3bHpDRlNuZGY1clUwOGk0R2tyYjVUMlJBZnIzNmhDMHZXZlNuSlduS2JQc0ZWQXVVaUFlX0hTd1hjZXBFRTRJVVFwMXNyN3Jrb0ItXy1hMDhJNGZjdTg0RnRWWTNHSUI2R0hjV1g4aFfSAdIBQVVfeXFMTW96U1R2OW9fNndCZ01RemtncFNTbC1mbG5Gdld3X0t1Y3ZuWWJvZTlwei1ZMzJma0Vhd3I2dGRXMTNaM3N2OFZuOWpCMEZZc2t1ZDFGNUh4MHFKaWFzdGZsMVlsN0t6alJDbkp6Sk54Mm5YaEt2aGY1Nm1URURnZ3AySVdIZml4VDgyUDJTMDRJOUhGa1pqdGRhWHhFc2NBXzF6bjBNeGEyMlNKNHNXNUFYMW9rQlpWalRjeVJ6eWtkbzdMbzk1LThpRmgxbDNzbzRB?oc=5,Crude Oil Prices Today | OilPrice.com,en,OPEC oil price,recent_middle_east_oil_risk,relevant,0
2025-11-03,"Despite a worldwide oil glut, OPEC+ will up production for third straight month - marketplace.org",https://news.google.com/rss/articles/CBMiowFBVV95cUxOZW4zdWdrZzc5ZDBCNXpnTWJ3R2JCblBOaXd5V21pRmVsclFpSHEwV0pZb3doQW84ZjZjbnhjbU1XY1lfeWhvZnV6VE8xYkJYTXp1UElsRWJZMk9aZWxOdVlzYV8zSlplRlpjMXRHOUV1WUZEdVZ6aGZCbTBFVDg2NDRCUWRrQXlWMFZiVjk2eE12dDVXMGFzMDktcjd2cWRCckdn?oc=5,marketplace.org,en,OPEC oil price,recent_middle_east_oil_risk,relevant,0
2025-11-05,Market Minute: OPEC blinks as it plans to pause production increases - The Real Economy Blog,https://news.google.com/rss/articles/CBMinwFBVV95cUxPQmUtUjRkZVIwVzNrRmEzUWNrT1BwN3duN3dwRGJGZHhSZXNrd01KTkY0N1hyeXhVLVN3RHU0VHlFN2V4VFhwOW9SSFNFbHB3WFFVUUVTVkxEU0dHNHJWUkxPc1VObVVlajAxTlVBN0F6c0FPeHNNcTNWT1ZhdmhvWmM2LWQzVEQ2RzNRaVN5ZGltQ2FzU2tNeEJ2WEZlOGM?oc=5,The Real Economy Blog,en,OPEC oil price,recent_middle_east_oil_risk,relevant,0
2025-11-09,"Brazil, Guyana, and Argentina Lead Next Wave of Non-OPEC Oil Production - Crude Oil Prices Today | OilPrice.com",https://news.google.com/rss/articles/CBMisgFBVV95cUxPd1QtZUdpT084Rk5UOU9mVUkxVnZFT2ZmSXhKazlXV0xNRlZyTzd3dUtVanFQbzZRVXQ3bFdQd0JEdVhJRk1SQWFBMy1YNUswZjhlcVRJaktkZkhRaUExNkYxelZrbldMT2s3bnBLX1VjOXF0U2xoYmxNVE9kUWd2Q3RpQ1ZScmJ6UUo2UnNlblhVYVgtNVpGV3gwci1aTHAwVFRSNHI2Qm9jZDkwdzZmYnlR0gG3AUFVX3lxTE0zT1hxRXNpdzNLSTdnUnlBNkVzaWRIM2xvX3I0MmIyaFg3UUswVEswZG9oeDV6c183NGlyWU9tR3dvbXoyMUR6YVBBRXRxdDFQVWl3OGNwTUtEeVRnZ1NCanJweDREQmhmdHdmNHVmUWI3U21hbGgwYm1KemxTVUtjMWROZWlXS050aURxbGFPV1cycGhKWUs4aE9fdDZVbFRsY1dyTkRaSG5ueFlsMmRDckQ1VS1Vaw?oc=5,Crude Oil Prices Today | OilPrice.com,en,OPEC oil price,recent_middle_east_oil_risk,relevant,0
2025-11-11,Shifts in OPEC+ behaviour and downside risks to oil prices - European Central Bank,https://news.google.com/rss/articles/CBMipgFBVV95cUxPQzRVdFFPN1Z4RWRJc2lhUnMzQ1dkU2ZTMm5PTFlDTjJjR3V4cDEtNlFHZ09aWVdaOENyTEc1ZFJPUDlzZy1EaFV1MXE4LWpPcmhzQnNnOG03MVZpVC10VEFxMllzOHY4S2otXzFKbGhrVWloMm5GaklpLU5UUTZlcjZoN3hPSmRDeUxnYlZhdUV0T2prR0RsOHJqTFN0REItMXkzSEVn?oc=5,European Central Bank,en,OPEC oil price,recent_middle_east_oil_risk,relevant,0
2025-11-12,Oil prices fall 4% on OPEC 2026 supply outlook - CNBC,https://news.google.com/rss/articles/CBMilwFBVV95cUxPN1FWamVESnFVNGhxX0J3QWJ5TmJmZ3Nfa3VKT0NlVnh4UWx3VVFPMXlaNWdBaHpCYXZkb0RwektBcFpUcllBRTdGUkt0V2wwWDNZTlk4eXBSdFdUYVdZR2xJVHVIZktxSUp6S1M3MUt4TWxneTN4SVN2UVVlR3M5Q0d5SkxOR2pLeHVUNTlWVzAwbjYzVV9J0gGcAUFVX3lxTE9SenpqcHVjSEpCdVd4UG9iS0dNcjdjUDdWWUNMMzR0ZEdWM1BxTlA5YlhwOUs0US1zaWx2T0s0VHdMWHV6S1d2Sk1LUDJCLU5CMGpFVW1TSWxJbE9LUEVwRm9VN1MxOWFLRkNRVVFyVlhWQ0thbzdNRXZXbkNIbV9CeEFvNGRlRmxsX2R6MzVhTTlMZ25GMmUyVER1eQ?oc=5,CNBC,en,OPEC oil price,recent_middle_east_oil_risk,relevant,0
2025-11-12,"Oil Prices Plunge 2.5% as OPEC, IEA Outlooks Point to Softer Market - Crude Oil Prices Today | OilPrice.com",https://news.google.com/rss/articles/CBMivAFBVV95cUxOWnVhWlNKaFEtbDZKTzNtaER2SHVxQ1AwWG9qUDRhdC1LaXdOVXN2Q3pUX3FuZDlfcDQ2dGJ0RUtqZzAxaXRGeTgtOVNCOE1ZYjdtRnpPNkc0TkR2aGo2NEVZa1hyWmtuQy01NnZzb3Z4YjVabHBROERHREdMMFhGbzNYcnR4UmVlalB5WVMxVXZKeV9pSENnY0lIYmV2NHNLRWFoX1pFWWZ2RVJ4aUEtRjlmZDFaZklFVU1zYdIBwgFBVV95cUxNSEp5X1FVMG5nMlhBT240bl94WkRpLVFRYzZHYWk0bjQtNEVoemFNWGFabHJBTDNPU0dDbEhKWXI4VHdkaEVUTWtBNFlDVjFjdGRsZXU0bDY0aVd4Y3V1SXRCM3p6QmRaeXBzNlh6WVIzS2tpWVNabGZtUTFWT00xQWstVmF5LWloaEQxOWd1azRfMTNFNzRfbExPa3VDRWUyWF92ZFBid29ubWJ4MUJ0cUxQeHlYZHRUMHNxcmptbVVvUQ?oc=5,Crude Oil Prices Today | OilPrice.com,en,OPEC oil price,recent_middle_east_oil_risk,relevant,0
2025-11-12,Oil Prices Sink 4% as OPEC Moves to Balanced 2026 Outlook - Crude Oil Prices Today | OilPrice.com,https://news.google.com/rss/articles/CBMisgFBVV95cUxNZzhJeU5KYWx2Q1lEZ2hUbWZsRUVEWklSczdraUxNMm1QcUxKUUdid092TVdiUjE5QXFrSW02aHBzUzJqLVVqck9PcUV2d09uY2s5dDRzWkF6dnZjNDhhdUZBQnRuaERuYzlQVkpLZm90NTZ5Z3lHOE4yM3V6SWYwSEtXa0I0UFlrWG1kRXhwOElxSzJ5T0NYSGwzMVV6UWJZWUh0MzZESHJSWENPdFo3QkJ30gG3AUFVX3lxTE5MSTRUbWF0amVoMHBtd0loakdBa3YwcFlWWWFsT1VER2g5YXpQYmx6SE9Sd0FsVHctVGU5VDNtVXd4d3RKT2lzcHdnWm1VWE0zWjJqeFdHdUZnZWdzX2k5bVRYMHoyZXl5bzRBRkp1WkFRbkRaLXA2clpLa05mZndGeUs1TGdoYXhRTmZFem1PWVVkSUM1REEwQkxLRVNETnI3V1JvbjRmM0o1cV9WU1ZhQ3pSblBPOA?oc=5,Crude Oil Prices Today | OilPrice.com,en,OPEC oil price,recent_middle_east_oil_risk,relevant,0
2025-11-14,Oil Prices Slump as Global Stockpiles Surge and OPEC Flags a 2026 Glut - Crude Oil Prices Today | OilPrice.com,https://news.google.com/rss/articles/CBMiugFBVV95cUxOT24yZ0ZXZWZ0TmhsQUJ1YTFuNnBMdmZHYkxaQzcxQU1wbFV3MWhQMm05NkVWRzZ6WmVQV1d3cHpwWnVOWlF1MjhGcEIxS3drbzRTZlRpT09WbEF6M0V0QlMza3NLeTA2TWZlMVdCckJQM3dlWlpwWkhHLWc1dUx6QVE0NE1Lc0pISnByQ0phaVhnbFVsWVFZSzNKemdIRTlHa050MTdvTnR4Y2VFTVNpMGxMVVNrSjlXTUHSAb8BQVVfeXFMUDYxTTQ2eFRzajBrQXdXcEpPX0lCTF8tOWs5QjFaNjFvbjdVdWxkYTdDQ1NWdUcwV3U2LU5kM0tYWkFXeE1PWkdqYnJoSVhra1lsZW1zbEwzZHREVlZrYWRIRzVnaE8taVMxUThyRmVHaXlCdTh6emI4SWFEWndXMl9EWGxJa25ONVNKTGU5VVlsdk9yZHF1bEtCbTRoZzd4S2tJUHJ1LVdMR21kdVF6Y29nYUxvS1U2NUR4UGNUZW8?oc=5,Crude Oil Prices Today | OilPrice.com,en,OPEC oil price,recent_middle_east_oil_risk,relevant,0
2025-11-18,Seoul gas prices climb above $1.20 for first time in nine months - Korea JoongAng Daily,https://news.google.com/rss/articles/CBMi1wFBVV95cUxNNERqLVRTNVRuUjRyM0FtLUtKXzAxMVlPdU0tc293dDM5RHRuUHBKNlBzN2liQXlzUEZCaHNySlhJNDRUZkR6WWtMQWVhYXlJTnNDc1Bfc2U5aGt4YWlsX3hYRFpMcng5S3dRV2hjRUlUNXRoZ0gyaDdFUkhLcFNjTHJHUTE2dlEzc3RfNlVsZ0tvdTZrZFo3cmFwOHpycjEyb05zd0JMQWl3Skw4WGc3eFlzRktRaVIyeUFGYjkwd3RKYzJ0d193M2xmY1pTT3pMWTA3MzlyMA?oc=5,Korea JoongAng Daily,en,Korea gasoline price,recent_middle_east_oil_risk,relevant,0
2025-11-18,"OPEC Chief Accuses Media of ""Misrepresenting"" 2026 Oil Outlook - Crude Oil Prices Today | OilPrice.com",https://news.google.com/rss/articles/CBMirAFBVV95cUxQbVZFZHhtZ0tFM2VaaXhUS0hOOElPM0taWDVQY1VnOWpuQ2g0Mjd2V3N1bV9scTlhUW14TFFMQ1NCNk1QcXY3bDladUpsM0dGaGxsU0EzTDFCZGxKTVJjUFkydFJrSUJLeDJjc0UzcGFFcUZqUEc2RzAxWm5BWnBiV3hhNk9icjU5N3JoMkZQSDRiWEsxbnlBZzJWdkpOM2F1emQ1d09oODJMa3By0gGyAUFVX3lxTE1hbkpSSi1NQTJaX2lDQjFDbjBqUTJxdTVzOVR0VlVuVzJnUU03WEVIaGFjNlNWTjdrTW9sYXNwZjh0NXZMQnUteHRJXzQ0cmREUTBHaGpSS1NjWldCaWNibGhRejVCTXhobFpiaVcyX1NPZEpnMFBQUTBXX196bFZGS01WMnJSQTZhSk92SVp4M0FEOHlWY01NMG01N0dPeUFjU2c4NVgwVlhaREVmM01TSXc?oc=5,Crude Oil Prices Today | OilPrice.com,en,OPEC oil price,recent_middle_east_oil_risk,relevant,0
2025-11-22,South Korean Fuel Prices Rise for Fourth Consecutive Week - 조선일보,https://news.google.com/rss/articles/CBMiiAFBVV95cUxOeDB6blUybXp4S3FBVzEweDFEeklqQ182Um5FSEpkTk5VQXFJc2Y4NUYzMjBuZUg2cVZlZllrS2FBbEJPa0ZsWnI0dmlGUV93eE15LUtVUE1SRXJoTzc1RkFyWnhUdFpxc2tIeG5MRThlWkR6NHdYQWZVTHJRSnd0bEZqclF2TFVj?oc=5,조선일보,en,Korea gasoline price,recent_middle_east_oil_risk,relevant,0
2025-11-27,Unleaded gasoline monthly pump price in South Korea 2019-2025 - Statista,https://news.google.com/rss/articles/CBMihgFBVV95cUxNU2lSNktBdDMwQmVlcnN5WWZ3eFJ0RDZuT3dxSWNYeHNoLTlOcFlWZFRSY0RrZTNUU0UyT2Q5Wk5KQjlwQnpEUE15NDF4WGVwWXhuNmF5M0VlcmVzbTVwYnhUVlRJVkZYSUlMV3g0NllsMlNiLTRPTjk1ZW9rS0Fjb1Q0d3Nmdw?oc=5,Statista,en,Korea gasoline price,recent_middle_east_oil_risk,relevant,0
2025-12-01,There's a glut of oil. Here's why - marketplace.org,https://news.google.com/rss/articles/CBMiiAFBVV95cUxOaExxd2tiRUlJMFBHUlNSWDhJSkRTalQ4UkY0VndTQ3BmcmJtVTU3ZkNHNVJDeGo4ZUtsX1FBX1VrZFhYeXVMTEdWd0xTdEJndWIyNTVKeUJManpqeVc5eHNIdWNPNXFVVFJoSFRTNlhwU1Rya3BPdmdmUzZrOVpnQWFsSGkzcjU2?oc=5,marketplace.org,en,OPEC oil price,recent_middle_east_oil_risk,relevant,0
2025-12-01,OPEC+ Hits Pause As Global Oil Surpluses Threaten 2026 Prices - Forbes,https://news.google.com/rss/articles/CBMirgFBVV95cUxOdzRIMjFXS1p1dFE3VGlOTW9FZ3ZLeTFrV08tTGpKOXJWaW5Yb0dtS3lwcTRoVWt6eDFiWFFxQVpNM2ZGaHI2UUtmZ201MHdSU2tIUEEzZ0t4ekgtYnZQeDBLMkN1d2l3TThwUVEtbzJIUXBQV0ZxRHByazZOd19hNDBaaGNMVmljQktXRGlCcW90MERrVllLZlhqUG44Sy01ODRyNkxGYW9rSDhwMEE?oc=5,Forbes,en,OPEC oil price,recent_middle_east_oil_risk,relevant,0
2025-12-02,Why OPEC plans to keep oil production flat to start 2026 - marketplace.org,https://news.google.com/rss/articles/CBMiowFBVV95cUxNZzJuQUZEbFVNcWJJN0huYmVIRU1HTUliaE5nT3lmNzZ0Y3g0M2lJenBhZmcyUVJ4MGZoUGFTd1VnLWtkU0FReUNQOUJPWmJQNUd2MmxqTzBlZUwzTXJpQl8wcFFvOWYwdXdKT3Awb2hIWHNUdHhJMzBULXphYUNidVlWTmljVC0zaUpUNktrQUl3dVhNckpUcUtYTmI3YVNZYmtB?oc=5,marketplace.org,en,OPEC oil price,recent_middle_east_oil_risk,relevant,0
2025-12-04,New OPEC Plan Sets Off a Global Race for Spare Capacity - Crude Oil Prices Today | OilPrice.com,https://news.google.com/rss/articles/CBMinwFBVV95cUxNT2w3elBTR01DYnpodDVSdDl6Ym9JZmpybUZCUE5vcUhEalRGMllqaFp6MU5qUWVNSU9weUJnUWV0QkhFcnVYT2RkTmRwZzc1MXhxTGpPWGpwVG5FcFNHVXF2MDJNR3R1V2ZuUGM0Wjk0Z3VEcmFDdzdDbktWeVo4WVdISDl5NXM0c3NERlBMSXFiUEtaUmNQR25pRGRDSVXSAaQBQVVfeXFMUDVfTjZHS0x3WnNGQm4xUThPNUlVZFNJUkpDYThhb0wwSmFpVkpIMkdHVTFMR0hBdzJqZnRMN2FBOUROSlZSVUoxckF0aWVFNjhsUUJWakdkQ1NiZjR2TjNrMzAtSTQ4eGhTdzQyWm1vcHZBRk53YU5DN1lCMWFod1BzYkZWbFAtRWtxRk5YRUhJUTFLbjhqMXo4dy1vRC16OGFKUjk?oc=5,Crude Oil Prices Today | OilPrice.com,en,OPEC oil price,recent_middle_east_oil_risk,relevant,0
2025-12-11,OPEC Holds Firm on Bullish Oil Demand Outlook for 2026 - Crude Oil Prices Today | OilPrice.com,https://news.google.com/rss/articles/CBMirwFBVV95cUxNYWFpMFZoaEM4aVlpaHZ4dDBUVzdidHJrNW1mQ3J0TU9hb2huWUlDbHRCcnlRV2RONFBZNVRvMHNod240ckM3dlBKMWdTRFRva3k3eUNqcTJVMENiTU5BdG1EZjVjaFQ4N0dmT1JEcERKbDB3T1ZxNzd1YXgxMk1Lc0tlRkN2UEtJcTluc2RPbWNJMVpuZ1VnRWlLQzVHVFdZRjFKbVh5bjJ5ai05MWk00gG0AUFVX3lxTE1nNDh2U3oweko4cWJCZW9VRzd4bEQwY3diOXZrZy1aY3RRZWlVam96Znkwa2xETldnZ1ZGcl9RcGtKNnQ5TzE2RzR0MEQ0T2VQMUxUdXBIS2xZQWhraGxBWDh0R3VZeXpnb0MxUENiNzIyanRwOFFtWnhCajViWjk4XzN4aUhZdkJ5T184SHp2WkJpeW5FRFc0Ym9BZTV1QUZqaFFVaTFZNHZNYlV6R0VmMVVBZA?oc=5,Crude Oil Prices Today | OilPrice.com,en,OPEC oil price,recent_middle_east_oil_risk,relevant,0
2025-12-15,Middle East Crude Prices Sink to Two-Month Low Against Brent - Crude Oil Prices Today | OilPrice.com,https://news.google.com/rss/articles/CBMitwFBVV95cUxOT2hsV19sOGR4WHBuT3B3U2tMWklsTFJMX0M5eU50b3h6TGlJUmtvcFh4bllnSHNMZVVqSTFWMWlKcUlaWnNwYVJlY21VYXc4X0V5S1NBcmdDM0FsNkxhbjFzeTZjV1RnbU5xcUZhTFlTLTc3RklBb3dvMlQ2U3dpSi0yTW1zTjZiMDVXdnNJRUNBUWh4ZnNKRWtQNVVDQUFfUXIzX0J6Xzd3V1p5RnM3RGFKYzdiSEXSAbwBQVVfeXFMTTNsbEE4SFpEclU5SkFoN00xaW56ZlhNSGIxVWJGRGpKREFjb3pYazVJc3FlUWVITVpScERjNDhiazF3ZEx6dy1EQkt3aEtXZktGTmR2TzBhMEVwTDl5TjJ4Q2ZkWkdWemtZd0V1eURmYlZ5cXBfbkozSklIQ3VZZEZQZFpEeUNPOXl3YUh1N0RlR2dTU3o3MGJXNFdTMjlVekF0ei1idFk1a3Y1VU93TlBvOVlITS15eGswY1A?oc=5,Crude Oil Prices Today | OilPrice.com,en,Middle East oil price,recent_middle_east_oil_risk,relevant,2
2026-01-12,Oil prices rise by more than $1 a barrel on potential Iran supply disruption - Reuters,https://news.google.com/rss/articles/CBMioAFBVV95cUxNaGw4UWhLZ3hfbm9FX3VpakkyODVaZFJwYXFmeWhPODZ1aDdXQWI2ZG01RXpDcXhIbXNuXzJnS1hDUDEzZ19mTzVvU08xUHphVVlHRlZRTndUTWRoV1k1dndiUW1KeXBQeEFYWFhfQmlKSWd1YVBhM01BY2VCWHptd0ZFb0tIOGlpRlAzUmkyZW5lWTAwYjBIZDFuX3NDMV82?oc=5,Reuters,en,Iran oil price,recent_middle_east_oil_risk,relevant,5
2026-01-12,Where The Middle East's Next 20 Billion Barrels Are Coming From - Crude Oil Prices Today | OilPrice.com,https://news.google.com/rss/articles/CBMiqAFBVV95cUxOdEdrRnRiWnhJeEp6TWFtdk1jU1UzQWRVNVJKdUVVUzk3ZjV2UkJkallrZUF6UVVrZWxyVlFQVjdVdHZUTHMtLVJOeVZPc0FFRWlTUXp4Q3pFZ19zT01hVzBjYVpxOGFvbXFzTG52eFQ1a3huR1VqeVItWER6UlJkeWdSXzZ2YnhLM25FY1lKNEhhNjJIYW03UWMwREpiNWtId0J0N1d0ckPSAa4BQVVfeXFMTVhobmI2M0c3RW9keF9UUnZEVFAwMGRTRzJaVXEzTkRJeV9yYjFfMjRIbFBMaEhCOU8xV08yTlFVN0d6R3hwbVRobkpMZUlmQWktdDN3a2ozNmFjR0dkdG9SWWVQek5LMERkTGNObmdTSUtXeG1vTkROR0Q5UzFrRTVjTXR0bS1SVmNTVDE3a1RKTVRQdHVrUTFtWmRNNmg4TXN6WVVsX3VHYU5OQTBR?oc=5,Crude Oil Prices Today | OilPrice.com,en,Middle East oil price,recent_middle_east_oil_risk,relevant,2
2026-01-13,Oil prices surge on Iran supply disruption concerns - CNBC,https://news.google.com/rss/articles/CBMikgFBVV95cUxOMVlfaUdCZjRqcUdPZXhNOEpMQTJnWVY1bGJSdXBoTXNFVEdNTW5xWGRIUmxNSGlCazF2OHVPQkpvS1BidGpiU3lZNFQxaklCUU1NLVBEMW52ajYyV0Zqa05xaGtBLUFDM0FKMmdXZ2p6SEc4T01yMDB5NWNacFRVaEJvQVItdWc2WmdtcmxFcHprUdIBlwFBVV95cUxOcVdNcFRHUjUwRWY0Vk9zbEZZei1wWktGVzY3WW8zX1E5Tk8wZWNDeFlUUC16Tld2NWtKTVRJY2ZvbVZIYUtkWmtkSENyZG95ejIyNHc4QXF6V3dZTHFqd1R5a051OHVNOTlPSGtFRnlUYXZEOGpfV3NlaVllMlB5cTZNUVkzdTBGb1ZXb3kwcVNhQTctUE5F?oc=5,CNBC,en,Iran oil price,recent_middle_east_oil_risk,relevant,5
2026-01-14,"Oil prices rise as tensions flare in Iran, risking 'the nerve center of the global oil market' - Yahoo Finance",https://news.google.com/rss/articles/CBMi0wFBVV95cUxOU3hyWThBMXhjalJMWVhrSmZvVHE0dU1NbjBCNFhqQ2ZsU3MzZFIzNVRPa2xBWG52V2hIZmNmelF4cEJlSkYzV3NmRnU3bFFIQmtVTmZENEJDdUJVaXM0cmVBVkJKWXBHQ09PVXNjVkZBX0IxVl9oVFROMkRPS3BPNWM3aG5pS0NvLVlCaGxkQXFlWmpsbzhqQURjWUQ2N2M5Ry1UNWMzUVNiNDRjcU5uQjhmaTI3MkdQcklKeG1yNWo0OUNMdWd3TUhJUkhGdGtiMDRr?oc=5,Yahoo Finance,en,Iran oil price,recent_middle_east_oil_risk,relevant,2
2026-01-15,A century and a half of oil supply management: OPEC’s endurance in a changing energy world - World Bank Blogs,https://news.google.com/rss/articles/CBMisAFBVV95cUxPbUJyUWZ6eWZYSDF4QTV2NHFLVDVNNGxWTkNuWExselNRUVJuUTRCUWVueEk5TGltcTJvVzlldVlMVlNKQklpbTVpUE5YMTRMUjhRZ3A2aTNHM3VPQzRHZHRKeXE3TW1mNXFoYnpXdzl4aVdrMWczR1FfRVhKR05kVFhUdmFYSFp1SVBqM2MzQlh4Z0h1VXNqeEtBYVZMR0dKb3g1T0dPNzVnLWpLYkFwUg?oc=5,World Bank Blogs,en,OPEC oil price,recent_middle_east_oil_risk,relevant,0
2026-01-16,Oil Can Hit $91 a Barrel in Late 2026 on Iran Disruption - BloombergNEF,https://news.google.com/rss/articles/CBMiogFBVV95cUxPSmNQelQwSGhULXBaSGg5NTNjZERJTUpOemE4bkllMEpvVXJ2NXJocEtyNkRxeW4zeEF3c0dSc0E3cnUwb0QzVkV3azhHemZmc1FFbjFIc0JTd20zZFNaVVBPczdrbURseGdCOVg3TXNxczBaZWRDdloxeTJmcEFBRXVCUHA5SEV6TEktaTJvSUZoOEdfR1pCSUptdDJ4ZkFmVFE?oc=5,BloombergNEF,en,Iran oil price,recent_middle_east_oil_risk,relevant,2
2026-01-26,"Gasoline Prices Fall into 1,600s Won Range for Seventh Week - 조선일보",https://news.google.com/rss/articles/CBMijgFBVV95cUxNVjRMQS1oNllJRExFNVAtWlZkb0xkNkM1SXZSUFJTb2R2V0poQzhVOUR2aUc4NXNaWkQ1X2JtNWltZ285eGFvSWhDcy1EeTdOcjlxcWs2VWJKUlM1emFJWnZfNDhmdFlkaldyUE9YWk5VdVFrdU5sdUd4Ul83SXA3UmNBdkd1al9ya0ZPNmVB?oc=5,조선일보,en,Korea gasoline price,recent_middle_east_oil_risk,relevant,0
2026-01-30,How a Conflict in Iran Could Affect Oil Markets in the Gulf Arab States - CGEP,https://news.google.com/rss/articles/CBMirwFBVV95cUxNbTJ1VC0wNDcxN01ENFowd2EwZUtuWWU4LVJGTmdsREZrSkhTQktiUXNHWmlPWTcwSUVTWkduazM1VjdwN1RGSlBUOXd3cGZaZXEweWtQSzJKcjdJYzFmRXV6T3RtZC1yeEJDTmRrTzhzSktCUXNGUnEzTHFjNEhTYWJoQmYzY0xjX3VKVHRCZGs1SlhFUWFtQkQwQm5jSjJhM1RuMjNtRkZvbld0SDZv?oc=5,CGEP,en,Middle East oil price,recent_middle_east_oil_risk,relevant,7
2026-01-30,OPEC Poised to Maintain Oil Output in March as Brent Breaks $70 - Crude Oil Prices Today | OilPrice.com,https://news.google.com/rss/articles/CBMiugFBVV95cUxOc1FhbWVEbmdPSmF5Z05ZUFc5VUF4UmU3ajB6Rjl0ek14b1hacWJ0TE4xRlV1SHY3OGJSLUxoZ05yS2dWbHIzVmpTOTZxczFSZU9oRFMydVQ3dlAzMmxOTjVjeXl5Y3JtNjRwMENITmtBelBCUWxhSVRmMU0wMmxjVTZuWmFaSVpnLTRXOUVfeG94R1NYc0I0OE4tby1yTjRRZmY4a2hLX2NocVlZOUpUYW5QdXlRTkVvc2fSAb8BQVVfeXFMUEZRSmVQSjBIY25laV83dG5rbzNyZzhmN0NUT0VGQlBFeWRBYVZ3WHBoU2dlbC0zdFdLSkRsbkhsUTA3TzhYaUN3cUtnNFhTT0Yzc19hNEtlUE52c3J6UWVZaWtKeVdwbFU5UTgxSHdLSGF1MFlmUVBQSm9rTGVDV3R3NUZmZHhfUnV1SmprZUI2U3NoSWVWMVZSLW1SSnY0MlRtTTA5R2U4NGhGdUNtVmtBb2M0YzY2SkZfampxTlk?oc=5,Crude Oil Prices Today | OilPrice.com,en,OPEC oil price,recent_middle_east_oil_risk,relevant,0
2026-02-12,"OPEC Oil Production Falls by 439,9000 Bpd - Crude Oil Prices Today | OilPrice.com",https://news.google.com/rss/articles/CBMiiwFBVV95cUxPU3U5ZVd0bXRJYUIwR1o0TTl2MUd2TkliS05BNXZUVmtlYzhxclM2bnU1U1l2NEVwUUhnTDYxNTVJc2R0SVplVW8yOXVQUlhLXzQxam51bjA0ZkhrYV8tZG9YZ0RnYldoVXFIenNiNVdTU1UzQ2M2N01KM1FYLUNhUURIV01zXy1SQ0pR0gGQAUFVX3lxTE1FeHRpVXVUQXpfb1pSbjlVLVFMZmhCXzBVZ1NPa3VLSjUzbU1jWW9tcnVvOV9zSy10c2E3dEpVMFFLX2xSNG85U2lxN3FqczJrRmF5Q0ZoeEN5U1J1cGx0RTJ0and5REJhUmQwY2toaFZOYVhFVnZJTkZHNlpGb0hIMTVlcXlQeXM1X2xLNjI1cA?oc=5,Crude Oil Prices Today | OilPrice.com,en,OPEC oil price,recent_middle_east_oil_risk,relevant,0
2026-02-15,Korea gasoline prices fall for 10th week as diesel ticks up - upi.com,https://news.google.com/rss/articles/CBMijgFBVV95cUxQdW5DTl9QczFTWkEwcWV5b0NQQlRrNVR1TV9QSnNVMGFhRlZYTElFTmxEZEFWbDNValBYSEdzcVFWNFZ4WDBKSVZrYm1sUGtkUnAxTmxfRS14SmxPY3N2Y3ViRkM4MnY5VE00VjRGQUJQRTVVcGVkUzV5T1YxNFI2U0p6UG55VHVheG05RzV30gGTAUFVX3lxTE01dUF5d2pNLVgycFFMRUhPT2xZRElvVDlmT1B0VU1MMFdHVVAzMXlna3Z6UmIycnFpcjRQZVdtdi1pTU40eTFvTDRhMkRqd05kVldueUVvYVg0VUc0UG43ZTBZek51OUdSS2txXzBFUWdWOU9aX0w0aUYxazY4b2tzSjVQYVVTQkdMODdJN01Gd0pQVQ?oc=5,upi.com,en,Korea gasoline price,recent_middle_east_oil_risk,relevant,0
2026-02-17,"Iran partially closes Strait of Hormuz, a vital oil choke point, as Tehran holds talks with U.S. - CNBC",https://news.google.com/rss/articles/CBMijwFBVV95cUxOWllVOEVDelRlc2puZnVaTnNNcW9NWTI3OWpZeTZMSTJRS3k3RGJxZ05lNHpfbzZkT3hGcmtuejRGX1JKamZPbjBZVWJ1aFRuNjVUZGxxdTk0U2huR29KaEpldjRUNDNoN3RQOUlSdWgyVVFUdE1NMW90NFh1RDZuZUJRbmFyWVFMUEJJVXRvNNIBlAFBVV95cUxPdFRDajB3cjktbi1vdUExMEoxbklQZFo0Zi1TLU1FOGRKdlN2VFBBaG9Xd3V1alNQRmkydkhDMzZqeVpPNk9waWp2c2JPamRfYnlNbnhzMlRTVEd3czRFTURxaHNRTmwtdWdOZnF4TGJ6Zlo1bWRtZXpUWTdadjZidkQ0Z242UXF6ZDhtbmNaanNZYmE3?oc=5,CNBC,en,Strait of Hormuz oil,recent_middle_east_oil_risk,relevant,5
2026-02-18,If Trump Strikes Iran: Mapping the Oil Disruption Scenarios - CSIS | Center for Strategic and International Studies,https://news.google.com/rss/articles/CBMijAFBVV95cUxNTTQwVllET1JmMUF4eWhZVF96MDY0MEZQYU0yb2JvQ2NPblRyVkxsZGxZLW1vVDJ4UFRqZU5ueTdfMU95QlJ1Wi1OVVdMUEFRUkJiMkV6VlFTcjdrS3pGbUoweU9QaEhsclJoczRrYWZJd25UWXV6ZW1URzRXNnhxaXk2aVk4NWxBMGxkcQ?oc=5,CSIS | Center for Strategic and International Studies,en,Iran oil price,recent_middle_east_oil_risk,relevant,2
2026-02-19,Oil prices hit six-month high amid US-IRAN tensions and Middle East military activity - Virginia Business,https://news.google.com/rss/articles/CBMifEFVX3lxTFBEeUliQng2U2hsT0V6Y2ctR2plT0tzOWdTdXVRbEFxWUkwTTU4N0pUVDh0TkVMYkFnWkx6ckxuQm9qdVQ3NmdlMDFkSTQyRkdwb0RSMDQwYTU2UHR6dWw2cXVZYnREc05wXy1OMklWZFROa3lKNVhOY2h2MHA?oc=5,Virginia Business,en,Middle East oil price,recent_middle_east_oil_risk,relevant,4
2026-02-19,Can Trump Take Credit for Lower Oil Prices? - The Dispatch,https://news.google.com/rss/articles/CBMikgFBVV95cUxQeURJMWdhWldOdDJ1dkhPLWlCX1ItSmstS3FNTHR5U2w2TWxvekNKeGI2c3FGb2FDLVUxSWljRDBvZEZBSVFTNXNZc0ZMRzdQYzV3M2xmMW0zcjQwR29QVUlZZ19xV05vNWVKT0FlZjU2Nk9tUE1lV3JsWVB4a3RZT01fU1FmSzR1a1ZJWFBPZmVXUQ?oc=5,The Dispatch,en,OPEC oil price,recent_middle_east_oil_risk,relevant,0
2026-02-22,Retail fuel prices in Korea rise for first time in 11 weeks as U.S.-Iran tensions worsen - Korea JoongAng Daily,https://news.google.com/rss/articles/CBMi9gFBVV95cUxPQUlZa29FMmdiODdYeng2SGx2dThtajVjc282c2dxdUNGeF96Qi01R2VGLXMwcGJnbWtFRGlDZThmQTFtTkZwNzVtcnRHQlFJUnlVTE5HNDktV1lmdW92U3F3eTkyN24tRXpaRGpmTGlkWWNuU3ltdDdiQ2k1S3JiQkVMSU5YLTZWcDc2N3p4MktodGtRRFhib3RQbklhejFFRXBUQjByMkhQZG4xMF9HNTFzTmpWc2FueV9hbFNGdktaSmlvTHdhaWU2ci1qMXNrX1BGREwyTGdzYVlQSWRHZFNKQ3pQQ0xaQjUyQXJ1RVhCdFpNQ3c?oc=5,Korea JoongAng Daily,en,Korea gasoline price,recent_middle_east_oil_risk,relevant,2
2026-02-22,"Iran-US tensions: What would blocking Strait of Hormuz mean for oil, LNG? - Al Jazeera",https://news.google.com/rss/articles/CBMisAFBVV95cUxORTA4QnViNFZIX1hSNERPdUpiVGlKaU9DVUFLVXBJNXNGNVYyU3VsWjZqZmp3d1JIZ0ZBRGF2ZFNMNzlRYWRtX2JDdm9RMHRPWXRDM0FhbHlUZDZiTnBQVWF5cFFjcDRRYVFNbi1kb3dLUjl5MXdORGRseTllYk1fOE5UN2V0YkE0N2dWekZ5OG9ZYlZqWFh1d0ZWOEJSM0dnT09VRFFDdWNOTzdlRXZPcNIBtgFBVV95cUxNR3diWGdLclZYYUtmYnlhQ2o5RldONHVPWFQ1QWlxSW44U2ZtUF8yQlNJRzV1MGhyWHBTWndiUU1rVUJkbWI5SjhKMHNUV3dSaGNkX0UtcUxiT2NqU3pZcHNyLWkwZlR6cThnR3k2TEIxZ1llRUR2OFNKS1ZVSXA3TjFILWtjNDI4ejRGMElIZVNiQzRWblpwQWdTQlp5a3NyMFUwU1FTT0E3TmVvT0oxaE9WZXg1dw?oc=5,Al Jazeera,en,Strait of Hormuz oil,recent_middle_east_oil_risk,relevant,5
2026-02-28,Middle East conflict pushes oil prices to six-month high; Louisiana energy industry eyes role in domestic supply - fox8live.com,https://news.google.com/rss/articles/CBMi2gFBVV95cUxOcFQySUtuc21xYkdSekE2anpWNVMteXFyNUlTNDRHeXNPaUpnc05SdGo4cHkweEF4SHB3UFE1dXpQbjl2dk11ZEl1UjV0RG9SOXE5TUhDZEs4a2ZRQW9SLVVqZTNtTGYwNXBrakZsY2NyZDBLWTNzbHhORWhKUkx1d09GU0tmZmN1cUp4eTRGZ2FtUDNaVHJocGtyLUhYY1F1ODFYYk9PR1BGTGhlSkk0V3ZKRzVDNHlJTTRWcFhiYkQyQ1VRUHJCUUFaaWN6aGxYQS1jdkhWS2sxUdIB7gFBVV95cUxOMmpoVGZ4bGFPX09mT1I3Tkxib1phU0MwSHpMS2RnSk5RODRVWGR5X2hNRGd6MWJnS0l1d0FxRlBISFRoajdISVFLWmR6czdEaDBUdVhKMDNiWEZkSUMtTTZ1Y3RCck5TLUdOTnFnZi1YZlNFZmhoTXhQZWIwUHRKUjFYUlhVSHlYX05YWEtvSVllQkdaeHJkSWh2ZEd0OV9YWVNrR2paOU0wNF9HREQxckxMbmZqZWU0RkNkcGNkZ2pwTElxam1uaTJuZkFidUd0enZ4QWUxM2o3RVJtdFFfbjl0TVA3a1htZ21vbnpB?oc=5,fox8live.com,en,Middle East oil price,recent_middle_east_oil_risk,relevant,5
2026-03-01,Oil prices jumping after Iran reportedly says it closed the Strait of Hormuz - CNBC,https://news.google.com/rss/articles/CBMia0FVX3lxTFBYYV9xNlgwRl92M3hTSDJNbDNVY3lRaS1pdzd4bmducWtRcUJXNEVkcTdkRjBOVF85V19seEoxb0ljLTBQOWd5cVdSMURHeHVULXl3eU9nakN6YUJDNVJfd3RHdHppcmFMOExN0gFwQVVfeXFMT0pXSmdyV2NndXNCYUc3NlhiUm5DcHA5cktsWEo2TjZNcU1KN3hNaU5SSEhYd1NYYVhhTWpEcXNZUjVJSU5KX0lHRW9xd0huMVRLMnh3R3dQVWVaTEx4blFGM1otb1pzTDg1dURWaElKNw?oc=5,CNBC,en,Iran oil price,recent_middle_east_oil_risk,relevant,5
2026-03-01,Oil prices rise sharply in market trading after U.S.-Iran attacks disrupt global supply - CBS News,https://news.google.com/rss/articles/CBMiekFVX3lxTFA4b1l0QjhjTlh1RmJkb2Z5azM0aVEyOHpDU0pYS1ZPUnFkMzZWWmdrQlA0ZTlVVXhmdm5PcU94M1NJYmlqN01YX0xkRnk1aVZqaVgtVl9COVE2V1lqRVJUMVVuMXpaZ08tRzBENTZfUl94V1hPalBxQUF30gF_QVVfeXFMTTRMR2swbGxteGJKVTFyTjFidmtyLUJNTXhhTnRPejhBb2otazlCOG94MG1vR09ab0haaGYxcTZGdnFqNkdQTDBzaEFCdW5SSDZwYUFKLTlPeDFFQzhIYkFTbm8wWUZSeUtoNVplVlpsOUdBalFuempJYklwVUtIdw?oc=5,CBS News,en,Iran oil price,recent_middle_east_oil_risk,relevant,2
2026-03-01,Oil prices rise sharply in market trading after attacks in Middle East disrupt supply - NPR,https://news.google.com/rss/articles/CBMiigFBVV95cUxNQkZzQWRKYnVxNzBabkgtUGxDdXRPdEFMc2Y2YW9OZm5FZ0J3RlBuWkxJUGY5WmhvdkpFSERFRXYzZ25tZlJ5OVh0QVVOaU5DSmNvOVRjWnlJaXplcW1USXVQMmhFX2NnUGlIUW9CaDNBMjdMSDdod3cxZ3BfSTVMd0VlREw4UDhJRUE?oc=5,NPR,en,Middle East oil price,recent_middle_east_oil_risk,relevant,2
2026-03-01,Oil Prices Soar Amid Escalating Middle East Conflict - Crude Oil Prices Today | OilPrice.com,https://news.google.com/rss/articles/CBMirAFBVV95cUxOT1lrR20yN2tOcjJObEUwb1E2bzRfRzJfVE9teFRhMmx5ZGZRQzBzLTIwaEZxMUgtbVd5SjFNVm1BR09rcy1mZkRCaGphMzFjVzRFQXJhWVVURzA4eVdxd0w1RGhyTEtuU042VS1ic1ltSEZMWGlDTVk4M1hxaU1tRVRuQTVlbEw2X1ZxaG1mZWg0RDFJaElkbGxzb2M5OTBGZThCbTNKa1lKeUY50gGyAUFVX3lxTE9qVGVKZjZXdy01TEtnbWFzR3lUcjRJMHpPa0w1N1dsemw2Y2pvajdLZUJCZC0wakp1VjFCUXhBTjB0MHdNSENqN1hvckpiRjNvcXZxZWFVQlhsei1FNmhWNWtKZ3RfZnA1MGRWSFRVdFEzWl9abXdBWVhZbkllWThNcjZvNGdueUlFc293YXVldlh2eGpZaktCVDVWZkg0SXJSZXJrWmdRZ1pfb0RRcVpETUE?oc=5,Crude Oil Prices Today | OilPrice.com,en,Middle East oil price,recent_middle_east_oil_risk,relevant,5
2026-03-01,Don’t worry about the Iran conflict’s impact on oil prices—yet - Atlantic Council,https://news.google.com/rss/articles/CBMipwFBVV95cUxOMGJzWHF1M1VaSTRnRmZCLXVpNmt5MTFGWmJFSl9ReGM3eTFnNmx4d0NGWE44U0NuRTJleWdVbGFFempQQTNGckN3WU9tU0FQSUF6Y0V0VW9DZ2pnbHZnVFRITnZEU19qUjEtSVl1dEJ3QmthbWd3WVV1NWNPYmtmOWl1djhmcll4VXd5LWhkb29OOGJrLUVUdmdnX2xRd09ySUZSN25vYw?oc=5,Atlantic Council,en,Middle East oil price,recent_middle_east_oil_risk,relevant,7
2026-03-01,"Middle East tensions spike oil prices almost 8%; Washington gas could hit $4.70 soon, expert warns - KING5.com",https://news.google.com/rss/articles/CBMi8wFBVV95cUxQdzNBNEF0X2NucmpJc3gza3I1R0VaYXgxNXFGOUc0eWdIRGw1bHdUb1pnNDhiMlRMOUpuLXZQWkFVbFdnZWZQZHB2RWtqMXRhY051SFFrSHVLNnh6Nlp1dEtXbWQ0d2VxUUphNzh5UUcyR0dIYS1Md3F2ZURZQWVKTTFCc3BUdkFPZ05HVWhZalBfdmlidkhVYlpqN3plYWxMT0NhQV81bVpJcE5rSm5lMmpMb0xya0dnam8wRXZ2ejhSLVEteGpyZkE5V19uTFU0bU1vV1RSck5UbWwzQnF5aGlFRkxBWndERU9IMXpoa1lheDg?oc=5,KING5.com,en,Middle East oil price,recent_middle_east_oil_risk,relevant,5
2026-03-01,Oil surges and stock futures sink as war in Iran threatens crude supply - CNN,https://news.google.com/rss/articles/CBMieEFVX3lxTE5MQkEtUFgtS0JyVTg5V1M5QjFTcXRwZGNNS0ZRaTVyQU8xNE1HaVZ6SGZ5VWtMUXRUMFVYNjFfT0stN1otX3NBWWpfSXROcDh0S2sxamYxMkRxaXYyeTh3VTVoTFFVQmYxLWpOTTRBR3NPQWxvb0ExUg?oc=5,CNN,en,Middle East oil price,recent_middle_east_oil_risk,relevant,7
2026-03-01,Oil prices rise sharply after attacks in Middle East disrupt global energy supply - KPTV,https://news.google.com/rss/articles/CBMixAFBVV95cUxPc1RmeFMwMEd2TWc1cEVqdkx0aUdVcldlV0tNbTZ0SVh2RG1OWVBYYkh0V3hyQXI4YUNtRG56RE1IQ2lvYUJxR1FCV092Ynd3VnJpQUNxY0VXQ1hIbXkza09tREI3TGdlaG1FMjhMU0t3MUg2YkZCSlNKc3BGR1BmZENSV3MtazRJS1NiemNKbk5tX2VVNmpsUWw4Tk5lVG5nZGJqSnAxV1pBNmlqb2ZXT1g5d3BQeG1fOGU5VjNMb2dDN1Jv0gHYAUFVX3lxTE9RdlBmdGdQMWw4a250QTRwdlcwQ1kyWlBwSktBR2E0eVFzTlJUb1pUeXBFQ1RMQ2Z5bXRpZkxkemN6UUJMbjNfZ0p0RHhpTVhFRlpEUm4tdXdudFE1Tmk3NGZ6MzhYLU5ibmRBQldDeHgyLUZwTGM1SkJnbG44M1ZNN05aeGt6UTlIQXo5NmJYbGY0MGpBSlQ1WUphelBIZHZfNFNRODJsa3YtWWJQUXR4ZUxxV0tnR0ZuRFZGMGJudTVvWXp3Z2pLWHhIdjAxaENwZV91M0JLcg?oc=5,KPTV,en,Middle East oil price,recent_middle_east_oil_risk,relevant,2
2026-03-01,OPEC Plus to Boost Oil Production as Iran Strikes Threaten Price Spike - The New York Times,https://news.google.com/rss/articles/CBMikgFBVV95cUxNNFFncldPdER5SlZ1VDN0bHBydDJielNBc2RUbjRpVkVFcW11Y0w5OHUzeEotdGR5WkNZc1I3WjAxd2ROYmNXUWxDVHdKS3AyU0piOFJnMlN0NWgyMVZkNjI3VDdndm95Y3NjMi02Q2hyV3JJSVU3YldVaUxYOE9KQm5RVlpMWHhFc2VPeUhiMEUtUQ?oc=5,The New York Times,en,OPEC oil price,recent_middle_east_oil_risk,relevant,2
2026-03-01,$100 oil? Prolonged Hormuz closure could spark a 1970s-style energy shock - CNBC,https://news.google.com/rss/articles/CBMiqAFBVV95cUxOa0VXVnZZbnIyV09ZbUxDcENhYThkUVEzY3RJZ055clctRnFsVGRpTERNOGNwcldUZGdyQ3EwdURHYk0tSnVSNUkydHh4NmVmNnZNcUY5REY1SEtIeG9BUGtoalZHMHNJRjNCZWNKUDg2UHhMYUl1SS16N0pEZS0wM25hdnViamVvVXJFSnRMVlFXeXo2WGhkTTJuaXhTcGNfU0xZakh2enfSAa4BQVVfeXFMTy0wdzVOZjByN2h4bllIUkxmYTB5Szc4WDdvS2JlRHZlMV9rTlloZ2pfYzVYZzNLR0Q1c0ZuMVNqSVowWDFEYVA1czFxYUg5UkZWMXNPR2RnVjBYeGQwV01WNF9rMWg1UHpLMUpkVGdVRHFlR0pwWXNPbklPZTN0M2FlREtqY00zREpXSV9Ca2plM2hwZFZXSWJPYlRvYThwTVZQWVBJbkktN3NrY1VB?oc=5,CNBC,en,Strait of Hormuz oil,recent_middle_east_oil_risk,relevant,3
2026-03-01,"Strait of Hormuz: if the Iran conflict shuts world’s most important oil chokepoint, global economic chaos could follow - The Conversation",https://news.google.com/rss/articles/CBMi5AFBVV95cUxNMVRQX0NDMkR3dk5hTmhuRUNuV1J0clEzVW15RGEwQXN4Ung4QzBqS0dGY003aDB0blFQZEdSZ1pBMElUY1hVdnBpbi1FVlJCaFVqWE5oSlhNUzRPV3hMSXhZaVNfNDlkOWNjRDB2cjhQYzZFenpvMVVDV2JKWVl3MjFLUXpESVhuSlEzLXV4WlBOUmdZQWdEN2djVU5Xd3ZvN1E4SUdlSmRlUmZZcGtmSWlLQzltZFhRX1hoYW9iNWJoUXpqV2d4cklVM05reW0wOHlVdTdibW1SUWJiOWFhSTlCeVQ?oc=5,The Conversation,en,Strait of Hormuz oil,recent_middle_east_oil_risk,relevant,8
2026-03-02,Will Iran war send oil prices above $100 a barrel? - dw.com,https://news.google.com/rss/articles/CBMiiwFBVV95cUxOcmY0QTlYY3hqbExiR0REMHNFNldYbWZfODVVRlZ2eTBGQmQ1SmFFbndFOWxvZDcxSlZzc1VsZ2VUaXRvVTg2R0t6WTg2Vmd6V0g0NnJtRUUtYUxyT09IZ3BwQTV2NkpDUllMVF9NRFFDaldlTzA1YUNldnlpa3lITG1uYTItZ3o2Nm440gGLAUFVX3lxTE9kbzZUZXZtdmJmTzRVMTFKMm5fcDdoZk1nSzhHeDBiaVh1d3Y3TEVKS0hkMS00a3RxdWtSVXlZaEFzamV1endzb0l3bnJsX2VLeUlfU2dOckcxTzVEQWFobldGWU5GeGRFTUx4VWFBUGJFS0Z3QU9fVlZhUGpGYUd4RDkzRkxXSmVXNVE?oc=5,dw.com,en,Iran oil price,recent_middle_east_oil_risk,relevant,5
2026-03-02,"Oil prices surge, but no panic yet, as Iran war continues - NPR",https://news.google.com/rss/articles/CBMifkFVX3lxTFBxSDlmWW5WdlMxR3g4bGNvYXl1VDJyemlKaXB2WHlKbjBLNmpRb1B6MHZXRTIwZlZzWjFoUnVGYjdvY2pib0RlbUF6NHlhdG9CX1p1UVB4WXhEY0VlX0ZDdkRFOW9JOXVYdnE3U2xFLUJWbEQwLXJMMEpwRDFfQQ?oc=5,NPR,en,Iran oil price,recent_middle_east_oil_risk,relevant,5
2026-03-02,Higher gas prices are likely coming to the pump after oil prices jump in wake of U.S. strikes in Iran - nbcnews.com,https://news.google.com/rss/articles/CBMiiAFBVV95cUxNa1p4c3dWS1g4VmZQUU5zVmFybnpnVm9Va3dOaUM1VWtfd1dYUmRPYlU5YjlPeUUxaUhKeEY2ZEk0YVVlM0xEUDY3cnh5ZkF3R2RvU0ZRZ1p4QV9NNUJoS25EeWpzbk5HVkdqZEdKUUg0Z0oyN2dLZS1SV1JYYnZ1U25peENBOUx1?oc=5,nbcnews.com,en,Iran oil price,recent_middle_east_oil_risk,relevant,2
2026-03-02,Oil soars amid Strait of Hormuz shipping fears as Iran war drives prices to nearly $80 - CNBC,https://news.google.com/rss/articles/CBMirwFBVV95cUxQb2VCUW8zQklDMWdPTFJycThnRDd1MkpTXzl5aDJvdWlma2F0UGlSQ2RPam50bkVsOVVYQnVjUWdIVF9SRklrdE5DNGJBTnJRQkF2NlhrS1U0OXZkUld1VWNkaXNieDVMdXVNN3QzNDFxYjM3MENlZ2hjVW1LbWZDLTBUNUl6ZHJUOXBrTnFyTnJfMVQwck02NFF3cXhWV0V4OTdVZTd5RnliMTVUeDNZ0gG0AUFVX3lxTE9oeUFWNEg3alZzZXJYYms1bjVmTFcwT0VMcG4tQzJLQVRsNkwyN3Jhbm9FbWtMYkcxRGY0TXpjaDU1Q0x1bFBCX29SeDFQNVd3VlhkcnoyQ0lQcEk4cEU3WS13a1dkenJUMDhJZzdiTTZMUEU4NkpZT2lmX09aX0htWHZHSnZtQ09yMV9jOWtuUWF3MUFsTC12LTI4c3ZDYWQ1MlpFblpNU194MUcwSjdQXzlMVQ?oc=5,CNBC,en,Iran oil price,recent_middle_east_oil_risk,relevant,8
2026-03-02,"Oil Rises On U.S.-Middle East Conflict, But Settles Off Highs - WSJ",https://news.google.com/rss/articles/CBMixgFBVV95cUxPM3FuZ29uSkZNNk5FdURYbDhGQ3hMeG9hVmVwVkJ4QkN2OElpTTQ2V1MzNVlYWEtTQkptSnYyZTVEaHRfaS1BYXdSUVZhdXdVZzZZOUpBa2RVbzMzX2xsaTJZTjk5RVBFbjNIamNwMGFRTmVmZFl6Y29Ccm1iUTBXOXNJbkRfT0g3YkREYk95VmtST0xqTXlGOXVsSm42aVZ4VFJoOURKQzhLQ0VUZWtLN1g1LUx5MkQybDhidWdIdk4zc3R3akE?oc=5,WSJ,en,Middle East oil price,recent_middle_east_oil_risk,relevant,5
2026-03-02,Middle East conflict set to drive oil and LNG prices significantly higher - Wood Mackenzie,https://news.google.com/rss/articles/CBMisAFBVV95cUxQMWFBREs4N1VZRzVldjBaenZCTjM4dkZEbFlaOG1kR0R5RzJsZ2dmWExnOFoxeVdvY3VVOHREQm02YlFmQUczUWV0YmIyc3pwbmJCcHc0aVliU0V4TExDZkNkZTR3TUdGTzFCc1Zobm9ZbGZMN09RLVNlRHEydU1rMTA3LXN6UUJTSXBNcGQ4T1ZqZG1YNzhTX19fMmtCUk0tUjA4WGdwcklEYmkxcDBHMA?oc=5,Wood Mackenzie,en,Middle East oil price,recent_middle_east_oil_risk,relevant,5
2026-03-02,Middle East Conflict Sparks Surge in Oil Prices - WSJ,https://news.google.com/rss/articles/CBMimgFBVV95cUxONmc2MWEwUHVodlRsaGhWdWhZZnozRTVpZ1B2VGhHVjRPc2lkRjVuLW1QNGF0OEVzV2N0MXh3SlNJdUhLOUJENVFWOFdJTXVnb0FfMFktZG40MnYtd2FpTW9TSzBwbU5ZYUtCYWpoVEVSRWo5NFktb1haQXVzdG9QZk5hc3o1TENQVHZtWEVhQnhTbWZoaXItalpn?oc=5,WSJ,en,Middle East oil price,recent_middle_east_oil_risk,relevant,5
2026-03-02,Oil and gas prices jump as conflict escalates - BBC,https://news.google.com/rss/articles/CBMiWkFVX3lxTE9XeXl1UW9JOVFDNHVKTEhkWVNmc1dGMHVwb21aalZnRkZNN05TckpjX2dlal90SU8xU0tRTUEyR2xrcUgzYzRIQlZuRDZtZk1lLXVKMXVyRFVxdw?oc=5,BBC,en,Middle East oil price,recent_middle_east_oil_risk,relevant,5
2026-03-02,Middle East crisis pushes up oil prices – and could drive inflation rises too - The Guardian,https://news.google.com/rss/articles/CBMiugFBVV95cUxQbmpfVEJCRm9YMFo0X0dXQURSNm9LRVV0Z1I1SVdLSHNMRUJVMjNzZ3J3WXlRdFRYbGh2RzZsbDRESjVzcUJQMzJfdmVzZUJGYUxScEYzRl84SjZNcmpvSlVHNnpaSXNDREdnSGhtLUVFOHBNaWQzN1pfb2JzWnZQajl5TkhTY1JheFVMX21rTTU1VFlzZzFlNFY1SkdlMXg4R3ZhcTN4Z295M05mRjg1Ym04dVdjbC15YkE?oc=5,The Guardian,en,Middle East oil price,recent_middle_east_oil_risk,relevant,2
2026-03-02,Global oil prices jump as Middle East conflict raises fears over key shipping route - ABC11 News,https://news.google.com/rss/articles/CBMirAFBVV95cUxQZkZwNGJtVGNtaHJyWnhMOUVZQnRraDVTOEg4dDJzalNzVk5oOUlwOUo4alJiU3otNnA3SnBmVHFvdU1RVW1adUMzOWZHcG1yVVNsN3p5Nkoya2hJZ2RmZE1KSnNZREs2cVRoTllKRFB0U1I2RlRSaU9ONWlkZGlSMlhPM01LeFRyN1pxbHN4UURkSW1oYVpKVnl5V1VaQkxSMUd2OGZQRUZiVk5v0gGyAUFVX3lxTE13ZHpodjZwSnRnTW5MWW16UEptb09qbkJrU1drLTBWTVplVjQwUVAyRno3VVA0WUNaa280bDhLeWVTdmxzWXAzcDFTQTUyT2FqTzZmaWhsOFFtMWhON3FXT05jaEJyS0JqRlJrdHdrenpGcWNaUWdjbzBGcnRneVhMVVJuT1V1TFJYVk5nYkVGOTRubTlaOHo1VWlRVktWOERQcDJ1NkFZN3pOTXFqQkwxWVE?oc=5,ABC11 News,en,Middle East oil price,recent_middle_east_oil_risk,relevant,5
2026-03-02,Oil prices jump and markets slide after strikes across Middle East - Yahoo Finance UK,https://news.google.com/rss/articles/CBMihAFBVV95cUxOUTNIb3V4MkZDX2p5aFZseUZLYlhxVWVWMVozWEtqUzdsOC1wSGZLTHdKYjZZMFU0NzJpN3hWc2dqd2lJQVN1TF82ZFMxYm1BVERPUTZMQ1RWclNQU1l3bDB4bXVwbWhyS2I4QWFFOTZTc3NoRVZwN2ZDMEU3MjRpT1BpUnM?oc=5,Yahoo Finance UK,en,Middle East oil price,recent_middle_east_oil_risk,relevant,2
2026-03-02,Why India looks especially vulnerable as conflict rages in Middle East - CNBC,https://news.google.com/rss/articles/CBMimwFBVV95cUxOQ3hGRVhJbnpFaWhSbnNMVnhGNXdMR0tSTmhBMTVUdXBsSlNMSTE3T0FZOGQyMFczUk9UQWthc1ZtMkhSdnR4QXdDX3VLb0dfektUc1Rvek9pLXVseHowOFVWcXRpR2pheHo4VnZtbmxrUG5Eb19tNUZCTTZkOFRPNFoxc2tDaEdGRFZ0WXBWMVJMb2p4Q1hsME1ZNNIBoAFBVV95cUxQV3BYaTBJSTV2YlgyTHNvWmVVMS1MLV9ZSFQxdnMzZl9VV0tOcTRwNlNYYU9XNzJfSkRVYlhfSkFGcWxzM0NXUng4MWJGdWNyeVEwRFBfWWFtM2F6cjNwamZfckNIYk05Rm9tZ3o0OUdpUGpia2lRTjRLWFlqNEZDVWZ3Y2FpRFFRR0RCOHUtZmNGZTBiVXozVTQ3eW4yWWRk?oc=5,CNBC,en,Middle East oil price,recent_middle_east_oil_risk,relevant,5
2026-03-02,"War, Oil and the World Economy - Paul Krugman | Substack",https://news.google.com/rss/articles/CBMickFVX3lxTFBVZm1rQnlfX2xLaVI2cldvV2ZXd1l2QVpJeVdycmNwRkZVc2l3Zy1QVTFKVWtIMlNhM2NfMS1OdFFSYmpDb2pLX1VpZVRqQzJVNGE5clhjVFgxb3JzUWdHNmFjY1g5NlRmTk9OM1hyRjZtZw?oc=5,Paul Krugman | Substack,en,Middle East oil price,recent_middle_east_oil_risk,relevant,5
2026-03-02,Oil Products Arbs and Flows: All Eyes On Strait of Hormuz - BloombergNEF,https://news.google.com/rss/articles/CBMiowFBVV95cUxNWlk5VnZYVkJCOWZ5bWhYQjBIb094WkM0ck1YSUZrd2NiQmVEYjJGVWRwWjJqS1ZIZzRGcG90VmxNYTNsdzQtVjhmeGVON29VWVBydC1kSzdIV0k2NDJXUDBOSjg1cU1XVkN0UWI2a0RtWGVYclV4bHRHUmpPMHFSMjF4V0M1ejRqY0JuY2czZEt2b0NBQ1U3MUJJQVpsMTViN3Rj?oc=5,BloombergNEF,en,Strait of Hormuz oil,recent_middle_east_oil_risk,relevant,3
2026-03-02,What disrupting the strait of Hormuz could mean for global cost-of-living pressures - The Guardian,https://news.google.com/rss/articles/CBMingFBVV95cUxPMFpTdlFtUVdCLThXdWhuc012OURCVVVIMGlXWW1ZSXN4eG81aWoyLXQ4eVNVcXU2VVZ1aDNHdmY4bEZBa3NmQnduOUx4ZTdmSm9FQVhVYUFpMFZtUFljTTY2Sk5hbTE0MGFWaXdWZzRYQmM5bFJrN0xlNzBfbl9mYWpSOTFGcWxsTExuYk1NeTZXQW1RMTNCMTNGSlFWUQ?oc=5,The Guardian,en,Strait of Hormuz oil,recent_middle_east_oil_risk,relevant,3
2026-03-02,Energy prices surge as tanker disruptions and facility shutdowns rattle global supply - AP News,https://news.google.com/rss/articles/CBMilwFBVV95cUxOTzFqWFViSEVMWFl6aUh5Q1I2cnRMUTQ2UzBTVGljbmpJSmdJVGl0M0hiemtaTkdsVUNZTXNjSks1cnBRbHFsV1BHSmlTNVZwVjZDalk5NlAtd2ZMakRDUlZ0ZllZdldxQ1F5UUJYUFRxZ0tjV1RETi1mSU1pSHhMdFREVmhtWEptM3dINXo5ZEJoc1p1NE5R?oc=5,AP News,en,Strait of Hormuz oil,recent_middle_east_oil_risk,relevant,3
2026-03-03,How Will the Iran Conflict Impact Oil Prices? - Goldman Sachs,https://news.google.com/rss/articles/CBMilgFBVV95cUxNWDRiUmlXUS1aVjl5YXV3dWkzRllIdVlMN3d6TU5WR1RrSmNtZHBzajhIODM3RnVnaWZCYzhXamNKUm5SSXhuNmJXTXBmR3R5NjEwNW1MMDViWk1GT1VwazM3ODV6eF9iOEs1YnBMdzZXNDRUWXFneDUxeDd3SzRXeDdxM3cwXzRrVWhWWXJCNm1FWGVBYnc?oc=5,Goldman Sachs,en,Iran oil price,recent_middle_east_oil_risk,relevant,5
2026-03-03,Iran Conflict: Seven Takeaways for Investors - Morgan Stanley,https://news.google.com/rss/articles/CBMikgFBVV95cUxNLU9tQU5Pc19QZ1czalBoMDREUGhsV0xXUDRYaTd1U2pjd01NcTUzaDBadWJCMVJRLWhMOGk4ZTlydFNfVEhmUHRQc21fZ2R1bTdWejNxZncwUkZ4RzJsd0M0LU9RYktaSjc0R1EyWlZ2V19YUGY5aVdRTFEtZzNIN3BySUlOVDNvYjdBS3pJRFNwdw?oc=5,Morgan Stanley,en,Iran oil price,recent_middle_east_oil_risk,relevant,5
2026-03-03,"At the pump: Alaskan oil prices spike after Middle East strikes, lawmakers temper expectations for returns - Alaska's News Source",https://news.google.com/rss/articles/CBMizAFBVV95cUxQanRndWQyUWRQNk84dG9pREJPNGZCb05Ca1NGVUVPbl8tTldYNjkwQTNsS1NacEtFd1NuRUNlWjlrMFBvQi1vOHZkU01kdFFFV1FHRURZX1o3YjhXaVUyVC1GVkM4eE02RnU4bGI0bXVuQU1rSWhZbjVyelM1bmFVNnVjLXAxRUdEOVpZdjZoaU9NQWxfaXEyeVZTTlB6alM3MS14QU1jQ3VVNlJTSV92RUlCbVJraFB4VTNfZjFCVHhVNjNqb3JUWWpsTFHSAeABQVVfeXFMUDg1bGJjODdZOEhOUHlJamVlc1NPMm9PZHFjSjBYSDFvWW9MeHhhUFpWTUxVcGZQQWRRWE85ZDJWbHFJd3B1T1d4T2xIa1hVRWtpcTBKcDJVcW5wWjBvVWRZd0xHeUZZc21RNFJQS0RBdHhfTkx2X2xhT3NlT001X0NmZXdTbk9ibGg4cERfS25rVTdvZDMyaHBrSld0ai1wWDk4MklzN1E0WTJ1dTA4c2ZiRGZ0ZUpoRnAxalZCWGZLTmF0dzQ2WFpPWHhicHo0YW9PVmZDbEpyMVhud0ZCbUo?oc=5,Alaska's News Source,en,Middle East oil price,recent_middle_east_oil_risk,relevant,2
2026-03-03,Oil prices rise in NI as Middle East conflict escalates - BBC,https://news.google.com/rss/articles/CBMiWkFVX3lxTFB1VUpxX3A2N2FJVkVMd0RaSENSTTdxd2lVQ3dMcDRGQlBVcEhMcm5MUXNmTk9HMDlYUmhjOTdZS0g1V1Y0N05FdHIyYUJoUkVMR01OOUFZNndBZw?oc=5,BBC,en,Middle East oil price,recent_middle_east_oil_risk,relevant,5
2026-03-03,"Middle East conflict hits shipping, oil prices and other international trade stories to know this month - The World Economic Forum",https://news.google.com/rss/articles/CBMinAFBVV95cUxOZnVad3o2cEh6d0RGaFFwYURiS3hQVm9PVEhwdnIzbTJvZjhnSWZpRmtTcDZKQ2llXzRVYllZMWl4N1AwTkNJVjA1cGhzMXhvbXlzR2ZEVlV2QWdKcGo4bnB1SVZuLXdwSlJ2U2dvWFJZckFXaXFFYmFHaldOQk15dEIweTdsX1h2bVZMN2tIRVBKS0tqbDN4OVhXdXQ?oc=5,The World Economic Forum,en,Middle East oil price,recent_middle_east_oil_risk,relevant,5
2026-03-03,FACTBOX: Oil prices surge as energy facilities hit in Middle East war - S&P Global,https://news.google.com/rss/articles/CBMi3wFBVV95cUxPVURmRUZrOFBxRGpYb3hSNm1rMXpWUlpWeE5XaGtsNEhsa3RaNHVzSkNoZllqQVhyWDRoVktISlJOQnZnYXp3dEVmZmotUnpCeTNSV2hWNGYwOExwVkd0VzlYTEdELU9pWkt2NmtrRDlPeUkyZjM5LWwySlJrY182MUtrb3A0Ry0wWUxtajA3QWszZFpBYXVEcEVwU0NhRFRjNVFYM25qY3lOdzBSVTBQS1ZVc0tJUUVfeHZNZnJBYm1XQU94ZUotVHA2Ym82ZTBERHczLURMeEQ5dG9QWTVJ?oc=5,S&P Global,en,Middle East oil price,recent_middle_east_oil_risk,relevant,5
2026-03-03,Oil prices surge further and markets slump as Middle East war intensifies - Yahoo Finance UK,https://news.google.com/rss/articles/CBMiiAFBVV95cUxNVFFacEJIOFJma3lvbjM5ZkZMcm1YSm5lWjRLdVM3ZUdhdGVySzl3eGdTWnNGeXZXWmR0X2c1SWFLOFNudzI4bWlRN3VEbGZEXzA5SnNzQWN6MjdfblF0XzRSelZZX002aGJOWWxxblpySXJrM1JZdk5Zbk1xYlBjZzJsWlhrMDRI?oc=5,Yahoo Finance UK,en,Middle East oil price,recent_middle_east_oil_risk,relevant,5
2026-03-03,Oil prices soar 6% to highest since 2024 as Middle East conflict widens - Virginia Business,https://news.google.com/rss/articles/CBMiogFBVV95cUxQajdQX0FsQ1lrelVCN0ZLRVRlNUZOMVAzcjI5MG8zVlltZ0RSTjJNN21hc3JBZm12cjN5Qks0a29RVnBjZVR0WkttaFpPOHNvNkJ2YV91TnZ3eDNYay1PU3ZHZ0VoeWp6QlNVYmcxMDVsOXRiVUozNHR4MWhnVUE0SWFKYXpxY25uOFpjOVdpWnhfa0pWeFZIbmR2RmRFZnlxbnc?oc=5,Virginia Business,en,Middle East oil price,recent_middle_east_oil_risk,relevant,5
2026-03-03,Oil prices continue to surge as Middle East tensions intensify - Yahoo Finance,https://news.google.com/rss/articles/CBMihAFBVV95cUxNTTFRR2VheXN4RDNadTNPYkVDTUR0bFFQUkNzbUpSYlJwMkRHT2lrbjhEUTVOT3l1TlI5b082Y2gtMkVVY3RvRnJpLWVmYUNUMm55TFN0R1lTYUZsOU4yWTBEZWkyTXE4NERDd3piU1MzbndFS19WcXNtMnZ6cU5MeW9wYjE?oc=5,Yahoo Finance,en,Middle East oil price,recent_middle_east_oil_risk,relevant,2
2026-03-03,Iraqi Supply Loss Could Expose the Real Limits of OPEC Spare Capacity - Crude Oil Prices Today | OilPrice.com,https://news.google.com/rss/articles/CBMisgFBVV95cUxOeDFIRVFCRVduMHRGa0lOQ3dNb0NtWnFVcWU0UUNyUWpsTTlpS1hncmVEMVlmaGNQTEcwTV9oUkNmZ1dRTmxVdVRGazBablNEVEhJVEctOWFjVjRFRGh5dDRJMXNLTk5aa1BOYU9PMUVVVGdfcXY0Z2Z3ZkxYY2NDUlEtZ1MyLVZSdEpiOTNqQjBHYUZ2SmtBYXh3LXpSRG5sZFRIWUpxWlN2WVNZT1N4Z3NR0gG3AUFVX3lxTE9MMVdHRmJlWFA4QVpNaENEakpxWU1UNzdsdTdpUm4wWk54eWt5bldLb3hvN3RBLUZjQVlKajNoYWxfRDZYR0dESGxaWUx6SU1WU3pjOVlZdGFUYWdEX1ZWLWd2TTMzY1d3OEtPN3NSTUVtYW1wZkdKLU00SXlVTlhpdURBVkNmUUdFSXd1N0RxRkphN2NGSnJfakNCb1laV3lfV3RpQ3NSYl9uYi1kdXI1OXB3ZFZ0SQ?oc=5,Crude Oil Prices Today | OilPrice.com,en,OPEC oil price,recent_middle_east_oil_risk,relevant,0
2026-03-03,"Strait of Hormuz Global Oil, Gas Trade Disrupted Amid Iran War - Time Magazine",https://news.google.com/rss/articles/CBMikAFBVV95cUxQWjBWY3RBb1pMVV9kdXJOTWF6NXJEMVRvME5QV3BoLUxsSEpZM1NwLW9Yclp6MkMxWmM3OVpZLW14SjdBMDBhbnFBUi13NmtWSlE0VDlPZVZFWk44NEhXZ0pmVXRwNkJ3ZFJaYmdNTUdvb2h6Z1hzLS1ZM3pkeUVWWnR0SVJZc28xNDBzd2RqWXA?oc=5,Time Magazine,en,Strait of Hormuz oil,recent_middle_east_oil_risk,relevant,8
2026-03-03,The Strait of Hormuz is facing a blockade. These countries will be most impacted - CNBC,https://news.google.com/rss/articles/CBMinwFBVV95cUxQNUJEdlRxS1dnUndyOTUwZnk2d0R5Y1VFUVF0VVJhX1NJMFB0NmMtQ1FuNUhSRFhSUFJrQzRfSERVX3U3eTA5R201dHlXRV81TDZqOVNzczJSb2hVdXNWTzNrTXloZGdGaVZRSkRsc2xKWVVVMnNlTERmR21FU0NmWlFOUThsdHp6Qmo1aUZnYm5ZVXlRNWc1TlpGS0R1WGfSAaQBQVVfeXFMTUVfN3BNTkF1blFYYl9LaGRaMG5peFhDR1dRWTJPVTBRenRLY1M3NU1VUzRGcXVNcmp6dkFLaWEwa2dZdHgyS3ZrRHA3OVE4RkxwU2hKV0VxY2pjZWV1MHhmUFNKMHpFNTRNVWdUZVBMNk9uaWlzWXJfbUdXeVhkTVhEY2VmYkZWeFBKbXFYY3c2U3VZeHJ1SUZJeTdGWWZidmpCYkU?oc=5,CNBC,en,Strait of Hormuz oil,recent_middle_east_oil_risk,relevant,3
2026-03-03,Shutdown of Hormuz Strait raises fears of soaring oil prices - Al Jazeera,https://news.google.com/rss/articles/CBMipgFBVV95cUxPZGlNZldrRU05NzgxRVhxNUZreno1ZjFEV2xBM2RzR0tqejVFakFVSE9DbzVCTWN2c2lCV2RMbVFnTVJwZUlOOTVTREI3VjRTeGJWWWVkb0NSMGRBRnRXWkNhX0h6VVhiZEdfQkxuU1lUTlA0RGlfVUVzUU9faEtFREs2ODVoXzJqVExDdXpRSDJ3REZzbW5mTEFpVi1nT2JZMF9aNGR30gGrAUFVX3lxTFBIRzZndVA4TzVKQkpWUXlUdlhNNWkzam45amZ3b0thdTVSNHJ2VGZYN3ZrUlVjbVBQeDB3ZmY3cmZyVkpaLUJxTkR5TzZMSXg3Rm10ZVhNVURyTk9VWFV3UHlwcTJaN1U1VG12QVEzdFhYYmcyM3RhTGlUZEZLWVFmc0lvVVpGLTVTdFE5cVQ3VTNJeUxxRTV3QXlHZjVOLW5xa3hGcGJPb1h3WQ?oc=5,Al Jazeera,en,Strait of Hormuz oil,recent_middle_east_oil_risk,relevant,3
2026-03-03,How Iran strikes in the Strait of Hormuz pushed oil prices higher - KCRA,https://news.google.com/rss/articles/CBMipgFBVV95cUxOS1VFTDdPa2xCNkdSdlBPSldySEZMaGpQcncwX0M5WXI2SlczeXBtZnl2WExYVS1ZUkpDeGdIclRWVGxfd3lJQ2tnUWFUaFNaQk56RzROVmlEd3liUDh5VGdjQlo0SklrTy1ha0JCYk9UMlJsNW1lei04NnE3YmVRMVN2OGE4TmhST1FtaFFMTmJMaENTMWgzVDN2SDlvNnhJenluaEl3?oc=5,KCRA,en,Strait of Hormuz oil,recent_middle_east_oil_risk,relevant,5
2026-03-03,Oil prices ease after Trump says U.S. will insure tankers transiting Strait of Hormuz - CNBC,https://news.google.com/rss/articles/CBMid0FVX3lxTE9rMUppOUp5SHRnX1Vxdm9oM3ZrX3QxQmROT2tRNVV5eWc3WEdDS2ZtQXkyMkdYMUpmNGFtbnVzWTN5bi0wVThyQ3k4amhGbmpoTGxpYlE5cmRuSEloX2pOSzRuSHdEd0UzbWZkdFV1Y3dwaDN0Y0ln0gF8QVVfeXFMTkduOXJYa21IOW51ZzJ5MkRHQXpWbzVzY1hNaEJOWWZVWHJJazNPSGtVTUlwbWVkT1JtMnU4bmFyQWtVd1pJaDhCcnQ2WE5hWDdFZjc1VHJLTm5ZXzhzdEpORE53eHlfN2FSdXVWanl5cDJlaklUZVF5QThxVA?oc=5,CNBC,en,Strait of Hormuz oil,recent_middle_east_oil_risk,relevant,3
2026-03-03,US mulls military support for vulnerable oil supplies in Strait of Hormuz - Politico,https://news.google.com/rss/articles/CBMikAFBVV95cUxNR3VSTmlic2FEX1g0Uy1BYmExMndZS0RuNVBrOW5VcnEtR1JrOFIxeUt4N082aTRNbzhHbWR4YlJZbUswNDJXNlg2a09tQThDb1NxNG5hMldpNEVuTUROdU5KRnJhdDQ4dnVEZFA5TWVCT25XdXVkUVM1UjY5ZlB3clU5bXBqSE53cFpfNmpUQ2o?oc=5,Politico,en,Strait of Hormuz oil,recent_middle_east_oil_risk,relevant,3
2026-03-04,Oil prices up 1% as Iran crisis disrupts Middle East supply - CNBC,https://news.google.com/rss/articles/CBMipAFBVV95cUxQdlNEd1ZfMjdiSmZ6VkZFc01KSjBVTjhOSW9xUjNMcDNBNHBhTGFHblRqLVA2cnNGcW1RQTd5YlczUkE5aU9uVEhvc2hjUUJyM3NzWGZNUFRtTjY3TENFdGtmZ0hEMTZYR0l4WERfTHR3c2NBMDZ5Ri05Nnhjb3ZjYTZobkg1akp3N1JiNjNlODhUTjUtSEIyY0pVMzBsNG9xOGsxVNIBqgFBVV95cUxPWWREbjFIMzdKaDVnYVc0MWNxMVhJQjhpOHh5R0FCLTR0Sk96eW9UTGw5ZDIyY3A5UDZPWlpIeHJQSGg1endDeDAzTDRWVXpfX3haZlBKamVPN0Q0VG05b29IdlNHZElJaGFfdWhBYmlBb3VjR2hNcFNtbDdZVEZxUE5NSlhTTnpDNlQ2OEo1eHFzTVF1dkpsaWtGUmVaQkNUYTd5M213MUdHZw?oc=5,CNBC,en,Middle East oil price,recent_middle_east_oil_risk,relevant,4
2026-03-04,Middle East conflict poses fresh test to central banks as oil shock fuels inflation - CNBC,https://news.google.com/rss/articles/CBMiwAFBVV95cUxPZUJlUE8yTUN1OWNnaTdvZExDNnNVR2FfZnhzWV9xYWZkM2pkTV9YbEQyRXlsNWpIcnpnMG5ia3d6aHNXS1I0LW9RdVJ4ZDhpWXNxZG5VRmtnYm5yQ25xTHZZM0twamwxRzJKYThZdElUMFY5cXJCS3N2R2haa3FPYUFYSXFMd09kU0FnWlFSbjhjMHNCUFVkY0QyeWlUcHBQaDVZY0xKY3lPWUx6YkdROEEtd0pmNXlfUkE5TS1GMnnSAcYBQVVfeXFMTU5hRG5zWkxuNG95cW4yMzdyZG8zMWdqM2QyVjJfaU9yYjVtQzRUN2FzclMwUk9NNUlfUGxLXzZfSElEdDRsaTd1WWw1VTdiLXp6aUxkVGFjaDFDRFRrQXNJNkkwRTRobnppamxkQUNDcDF5NGItQkJnbVJpSkhNTU5Dd2w1bzM1ZVppUVRQbk9pcXQxT3VJVW41ZWZhTUpta1JDczhEaTFqUTNsa1FrRURjWjM1NTlNcndqTEI4M2U1dWZqOXB3?oc=5,CNBC,en,Middle East oil price,recent_middle_east_oil_risk,relevant,5
2026-03-04,JP Morgan Warns of Catastrophic Oil Supply Loss from Middle East War - Crude Oil Prices Today | OilPrice.com,https://news.google.com/rss/articles/CBMiwgFBVV95cUxQX2RmVFhSZi1NQWNidTVTQW9Lc1ZRRURNWFUwLTB5dVpUNEpCeTFKaUhFaG5XdjZZTU5Vb2RLVnkycjJjMEpZYmdCbmprX0t4dTd6QzlPYlF5VkRxbkRBSGFuSTNnSWV2bWpHc1pQQlFHUENnZks1UWtaazhsZDBPS2E4OV82a2hRbHlQNlV1bHNraDB2WmxKdW5MRUgyTW1PaVBIa3ZwRC1BYWVpU0Vubm51ZWNRLVplWEJ5NmVzcTk1UdIBxwFBVV95cUxNWEY2UEI1ZGNObzJhX2dLSHNncE9rS1ZFaWZnNmF6cUJ6UDlNTU12akZIZl9uMXBfRGtlNG9aZG9XcTlvNXg2aVJFYzNoMFcybzR6b3ZXcTRhSG9rMGZBT2NLN0htSWJuLVE4NG0zVlJpdHFabWN0UHQwTzIzajVCejV2b2d5UURhMmFhcE1IS2lrcm5oNDF1a19lcjU5Rl9taDhfWmt5SGItVG5TMDFibEVMS1JSU01aQTF2b2FnVnpQNDlqRVFr?oc=5,Crude Oil Prices Today | OilPrice.com,en,Middle East oil price,recent_middle_east_oil_risk,relevant,5
2026-03-04,WATCH: How traffic dried up in the Strait of Hormuz since the Iran war began - NPR,https://news.google.com/rss/articles/CBMiqAFBVV95cUxPLVhnUkVKWWdFVUU5OUY0TlpCTE5JaHdWcHJ1WndBY0xpRXlEdnptU2lWck95M3dEVk9laVR3VDZIaVlCdXFXajkxMHNhQmZIc2NvTnZfQ0dpaF9MTDduLTdRZ0x4R2twVGpuMm9EQWZVN242ZlU2czJLbWQzR0xwbTNLWU1ob0V1U0V4SFR0RG42ZE5TejJLVmF5S2E3dWJzcVJRMWhENXE?oc=5,NPR,en,Strait of Hormuz oil,recent_middle_east_oil_risk,relevant,8
2026-03-04,"Shipping slows to a crawl through Strait of Hormuz, threatening to snarl international trade - nbcnews.com",https://news.google.com/rss/articles/CBMivwFBVV95cUxPZnFHZXJoeGJyZmlsR0VWUUFtTVBoQ0RZUnozUGFjVEdWVWY1eDJTWGlMSFRpSGJXUXUxUUFVYVJfUncwNk9tOEUyRmtpSW9OTkxfLUtyWkRBYlJpalFJYlhEMHNfR21sRXNxb1hGVTZGbWZKeE1rQmE1YkZ2X19xWXNLejlaLVJ2bGVHUDJWM2xRZmdOZzFnd1ZTZlJlTVZzVDV4b2F5UzVOeXpROHRWTnZBb3ZBNVQzRl8zVXJMYw?oc=5,nbcnews.com,en,Strait of Hormuz oil,recent_middle_east_oil_risk,relevant,3
2026-03-04,Strait of Hormuz: The Oil Bottleneck Threatening the Global Economy - WSJ,https://news.google.com/rss/articles/CBMiswFBVV95cUxQRHRMM0E1SjBKY1lWalRjU3MxcnhKdnRFNndlRzVIYUNsWmlaQ0ltT1A0NjFXdUpPU3oyOXpUclAtRzdKdHZPaEVCS1dQcURoVVlOUDhJTnpSNUc1WDEyTnFuc1R2endUSElFUjk3WXg2NHB2TmJhdmV3aGRSc1RTdUsyRk9tX29ZbEFyVlhXWnpEcEhROGJ4Z3RjWXRjOG9VOVVicjFRNGVLZzhnRzVOYmc5RQ?oc=5,WSJ,en,Strait of Hormuz oil,recent_middle_east_oil_risk,relevant,3
2026-03-05,Gov't considers gasoline price ceiling to curb sudden spike - The Korea Times,https://news.google.com/rss/articles/CBMiqwFBVV95cUxQUXRYVDI2by1NaXFPMGY2Z1VXMkpoQ3hCWVBtcnZrNkhjWGt5ajl6XzBHLWdtQ3BtQlcxODgwcVZDLWpOYnpOWGZJZF9FMkc4SGlha20wZTF3QTM4ZzF2aGhDVklSMXR2NWNmcm51MExleHRsVFNDc0ZVUXNKUEVxZ1oxaUF5UFhRUjJqbEV5aWYxSjhpWEtVUno1OXlZRHhSRV9EaTFPbmxJcnfSAbABQVVfeXFMTWs2Rk9LWGJWNWo3WHZNc0dVOGZaeUJrMlRuQ1pjUmdaR2pSWWtISWgxSEdYUzc4Vm5IbmdLWmdQVnI3NmJISVF1bndRZWFIZTY2cS1EUlBMSkhJQzd4N2E2S0pjUTQ5STZXN2F1MUM4eFMxVzVCRGhyUEl4ZC1vZzlOcnhKZVZTTGZvWEt6dVlKblNmOGpHNWpCdmY1SWJHRFB1TTlfNl91LUxlcjFSTWE?oc=5,The Korea Times,en,Korea gasoline price,recent_middle_east_oil_risk,relevant,0
2026-03-05,"S.Korea to activate $68 bn market stabilization fund, mulls temporary fuel price caps - KED Global",https://news.google.com/rss/articles/CBMid0FVX3lxTE9LbXNpcVFFakJYVlhvanU2YmVJYmJBc2piRlJ0b2JMSmV0LTRFYkw2djFIU2ZRQ1Boa2dZZlhQSGdxZ3J2OTVkbk5HQ2luS2p4RWYteXhiTDFYZnZuY2hBcHdGZFJiLXpURTNRZEhsY2lDQ2tKbmdV?oc=5,KED Global,en,Korea gasoline price,recent_middle_east_oil_risk,relevant,0
2026-03-05,Oil price continues to rise amid Middle East crisis but stock markets rebound across Asia - The Guardian,https://news.google.com/rss/articles/CBMi1AFBVV95cUxOc1pqSU5NUllrcTk2UzA2WVV0SHZsbFdSZ2RtdGFqbEtPYzhFVk15VC1xbWROOWRuVGJMX25lTXlURHJVaW9QTV9aUlRjMC1RaFVoUkcyMm9EYkRGXzVlWVRGcktDUnJnWG9TNmhhczZxU3ZEMlNCU2lReXVmZ01UelJMNXJVeXREWW9KajAwVjlUMTQxU1NWTnd5cnZOdUJrWENDVGxpek9xc2x3QVVyWDVEb29PMzZRbk9kWkZwYTJ1OVpRUUJVaXRXdVUyVllFTXl5cg?oc=5,The Guardian,en,Middle East oil price,recent_middle_east_oil_risk,relevant,2
2026-03-06,Oil surges 35% this week for biggest gain in futures trading history dating back to 1983 - CNBC,https://news.google.com/rss/articles/CBMijAFBVV95cUxQM0piLVZWaXZuLUVRcERvNUxwaGNVajB3UHB5TTRGeHVvVkVmRFROTzdJUjVFVDlJT0NGckl3clpXMnhGRnZwVXd1Um5CMWs3REJseVZqdUJyMzk0MWFtelpKNmI3TjBUTzZHRkg5XzFjUzBrM0xtM0txR0VacHljc0o3SFBXYmJ2cXJFatIBkgFBVV95cUxQT2NqOER0ckEzYXdCRFRybkxGMVdCT0FDR0k5VEN6SlJ0anR2R0k3MEg0YkFFVXA3Sjh6QmZLVGRhZU5NbE8xUzRkM3B5eXdWOHh6MXdUNG5LSEZLdXFsNS10R081ODZRMVNwRm5saTVLOUdtQXVuREVmQVZRS3pCc0tDZVJYMlQ3VHFMeGdOUFVpQQ?oc=5,CNBC,en,Iran oil price,recent_middle_east_oil_risk,relevant,2
2026-03-06,Iran war triggers unprecedented gasoline price cap in Korea - Korea JoongAng Daily,https://news.google.com/rss/articles/CBMi1gFBVV95cUxNUUQ0cTd5TnVYUjIwSXhMLVJNZHprNTlaejljLUgzYlotdnZhZmlCdVgtTVpqcTRHczNiaUV5bnp1SlNsMGZIS0VVRWpvbUMwa1V0SDREcnMwUmZHQ1h6Z2wyemRLWHNLVWNpVy1PRUNKQ1RLM09fQ0F1OG45Vm5qSk9RVUZFX2RXWFlidmctUFVOTjc4bDd6cUZleVBCWW83U1pTWE85TmJPa19EdVNYVDhlLUJiamc0ODdWOUQ0NmR1Q01IZllGdWlGTy03akRQcnUwb2hR?oc=5,Korea JoongAng Daily,en,Korea gasoline price,recent_middle_east_oil_risk,relevant,5
2026-03-06,Gas Prices Surge as Government Probes Collusion - 조선일보,https://news.google.com/rss/articles/CBMijgFBVV95cUxNSFBBSnFmSVc1Q1lfQ0dUcm1BYm1CU3FudmFzM3Q0MzhJc05uZEF5WlJfQVJfVjRVaGlLcEVVUEU2dWROcE40ckk0R0tITThla2FSVDdwQ3VzZUxTYUhXRFI4cFVTU0pGemF3dWpiTjJyNURCTzBPcFlwTGM4blhyWGZfOGRoWmZZNDVuTHVn?oc=5,조선일보,en,Korea gasoline price,recent_middle_east_oil_risk,relevant,0
2026-03-06,"Gas prices in Seoul top 1,900 won per liter as gov't mulls crackdown on gouging - Korea JoongAng Daily",https://news.google.com/rss/articles/CBMi6wFBVV95cUxPTm1qZXprU3NYNW1aUHJ4XzlKYklMNjVDNVVhdEVQQVVKQVF1dlhQV0xZbVBHSmIyRDFLSW94QnQxY0s0d2o3S2RvcHJadk0ySUlicFlxeWVibXBnVG9USFVnWFFvV1ZmMkFOcGVxOXZ2V2p1c1E0LWlKaXZDci1qLU0tYzhWblhBcUtyOWo3N2x1SWZNbXVTMXNweC02aVJLTjlVSU41eGZOZnE4M1RXQWNQQjVHQ294M1ZaVEhCRm1DbG5pcVdUeDNuNmN1UVR6VGN0LXlaQmRpODhOUUctRUxtVXNFc2k1aHA4?oc=5,Korea JoongAng Daily,en,Korea gasoline price,recent_middle_east_oil_risk,relevant,0
2026-03-06,"Fuel prices surge after Iran crisis, raising collusion concerns in Korea - The Korea Times",https://news.google.com/rss/articles/CBMixwFBVV95cUxPZHlrcVZzc0tQd28xc2lRMms3NDF0WEdLbURvNGZfNEhFc2dONndBRkllNXR2Q3N6Q2FCMVJYQjVoWkhFaTUxMmtpeGNrS3A5ZWNSUmgwdTVTTHU2SGZaWFhLSnFKcWhWZUVWZWwwaGVPSlcxSlBGYlBFSzJKYTNCUTdFN0psaGdaVnVvZ0NJM242N0JnNUQtNHdEMmVMeGNsSXh4cWdNZEU1bktTa0Z0Zm9najV0VHNya0lTNGZ2RURLeUNUZ1Fj0gHMAUFVX3lxTE54RWkzcEdUWjVybEgxY2hkVVB0c051Slh2dzRrcldCc2RzdDgzT2l6elpHNFdPSDVjSkRXSGNVZHZrbXBFcTNhS29idzYwVFNxdUFEZ2FIemszTGZCbXg1dmQtazZsYVRxU25wMVhyVU9Zd0VXTEpzZXA0VnprR2dJai1uTFQyQTFUR3BYYUtkSkJGMGRJMjR6Zk5WSE1kYmZmeTFhdWlDMjRZOEUtVzNGRFlKYm5wTkpGRDhicWRuQlFEQnZ5WEFYdnVoSg?oc=5,The Korea Times,en,Korea gasoline price,recent_middle_east_oil_risk,relevant,2
2026-03-06,South Korea to import 6 million barrels of UAE crude to curb fuel price surge - KED Global,https://news.google.com/rss/articles/CBMiaEFVX3lxTE5EajhsSUtzMmdFVG40dk05WUpaaHVTUS1fbVNaMkMtOGtCcWNNVWxZSHU1dFliRzZ1ancwVHF1M2hONnVWaFRETGFmdXBWVXNoODVUMjlkZDFFbUpmSDJLWHVsbElfeHhT?oc=5,KED Global,en,Korea gasoline price,recent_middle_east_oil_risk,relevant,0
2026-03-06,"Iran crisis leads to rare fuel price reversal between diesel, gasoline - The Korea Times",https://news.google.com/rss/articles/CBMivwFBVV95cUxQSm03eU5hQUNzdWVwbU9INFU3UzFEWWQ3VHBGRzdzbUlxWjM3aDZqTEx0WW0wN2FhMTBmODUtVmN4UVNNb3N4Y293TmFMczB6Mnc0MEVEYkFxMVhoNkI1d2pVeFlsWEVjMS1ORDRybm53enREYzJaZmZoOUN3UXVPd3c0WnY1bGhhd1ZST0NpS0RKMURfcVd1MWhUak41ell4RHBoNFdlczJ0VHVxT2d5aXpBa3daYmN3REFaWTlXQdIBxAFBVV95cUxPcU5GRHlTZFlqckNCdko4bkU5ZGZoTWpHajFVektMY0lBT2FfbkRrc2hoMS1sUXp1TkZGbXdBT1dtZy01dVVLNGJHbVVBdzVGLUZBMm9kajkxS3JSaV85UlRuQXBuSUlybnJiaUZkMl9wUVk0eU10WTE0OUt2dDJOUjkzeUFGOE9xamNCZmE3VDhqVTVpWTZkdzRIdnpXeGlDQkt3cGo1YUhSa2x5X29MR1F4clZQV1c3UWtJNTZKSnA0d01L?oc=5,The Korea Times,en,Korea gasoline price,recent_middle_east_oil_risk,relevant,2
2026-03-06,Oil Prices Hit $90 as Middle East Tensions Escalate - Crude Oil Prices Today | OilPrice.com,https://news.google.com/rss/articles/CBMitgFBVV95cUxNQUVVTDBLQ3BPWnNobW1BQ3hVenZTUHlNTUNXalp1RnFPc21jVDJieHFUY2xpZjdpbEpGXzVQem1MN2Fya0pLQ0w4RU53YTVqQzduYmU3TW15Wm1HSmNnd19GVkwtcE9obDg2NG9JRXJzY2FkRUtCMVBzanA0b05ZV19KS1FwMXNHRHpxV3VZUkFJSEN2R3hvUkFzbW1BOWx5aGJGWmpsSU52eWtMU0R0aEx2VWRLQdIBuwFBVV95cUxPRUFhT05MWWQ3Y0dvMDRwT2xzbGlWek9aY196elNzdm9sSTFSU1I3bDY0NWJlOG93aENuUk9zVmlzeU5mRTJNVTNRcmwxUGdvWmJBVFJTbVNpeXFIaHdUaVdOQ0JiM0h1a3Q0dkNLZkFva3hMbFY2bC01X2JqRTV0YlhZY0lIZ0JYcVI4eEMzeHcxQmpzNFo1eDI0b0pOYUs5cXN0bUR2UUQtMUp4YjhablQxV01ZUXdyc0N3?oc=5,Crude Oil Prices Today | OilPrice.com,en,Middle East oil price,recent_middle_east_oil_risk,relevant,2
2026-03-06,Market Minute: China’s dependence on Middle Eastern oil - The Real Economy Blog,https://news.google.com/rss/articles/CBMijAFBVV95cUxPZktvcm41ZWJvdXpfMVJLcURZdWU3TEJhQkRDcWpoU2plX0RiUVZDSjVkSEF4Q3hRSmczYUtZRjFRT3ZsLU9VWnpkNVBmcjd3Z1hTNlVXTlFwYmVnb2tTNEhMc2VWa1NDcW9seHh0aVZkVXVOc3BDMG5fRlF5bFhGbUx5dDhudlBXREZ6Mg?oc=5,The Real Economy Blog,en,Middle East oil price,recent_middle_east_oil_risk,relevant,2
2026-03-06,"No One, Not Even Beijing, Is Getting Through the Strait of Hormuz - CSIS | Center for Strategic and International Studies",https://news.google.com/rss/articles/CBMiiwFBVV95cUxOb0lDVHpGR0NLYXZOam91X2NEaTJoZ0lsR1pUN1NVM0xjUjFaUGU4WlBZQVF1dUMxc09VMGYyOEdndGpaTXVlRlJ3TmV6dDVGOV9PZkJoNEozTlpFcVgtT1FpcVNfVUVxbEVIQjJwMlNoNnZudEZpVDdrNDlXY1JTTndqM2xnV0JJbk9r?oc=5,CSIS | Center for Strategic and International Studies,en,Strait of Hormuz oil,recent_middle_east_oil_risk,relevant,3
2026-03-07,Oil and gas prices rise rapidly as Iran war escalates - PBS,https://news.google.com/rss/articles/CBMikgFBVV95cUxOQlZibmNueG9SNUoyT0YxUmVvREpXT2Q2M2FEZ2xVU3dHMlNUZWtxNU1zR3Q2QzdBUlk4eHFrTERlRHIwSzNhZEtCNlhOeTVRQ0xFWkY0QXluRmY0c2NockJQWVhTX1BlYUpJZm9NRXJmZEFMdUoyenBEdjBudFlWaW5fVnN5c3VvdzdBZ2ZlMEZKUdIBlwFBVV95cUxQd3BOQ2tWTXR0YTNEbW9ZY20yUElfRU5CTXpFZ3oyalMwSXpGbWswdlg3VXJXRThkVFBkMXFxdmczUDlJN3MyOWNObm5SbG1nNFBETlh2N3IxUEpXOVg3eWk4Y1RUT1AtNWRZY2U0bFVfYjhoYl9yZ1pFUG1UOUhiRC1KdnhSQnA4SkRLa0VxOVZBdVVXbDc4?oc=5,PBS,en,Iran oil price,recent_middle_east_oil_risk,relevant,5
2026-03-07,South Korea's Gasoline Surge 10 Times Japan's - 조선일보,https://news.google.com/rss/articles/CBMijgFBVV95cUxQRk14azF2blJfTUJfeW84Y2dsS2ttenJGdVg4VC1yMWY4OWZiaFF1aUJ2TmlrWXdUeHA2OUxDcmxvdnZQcDREUlFPV1VtRDFBWnpsaHdnZWNud00tYzRZV1JCUUtVaGpObll0VDdZQkFQMzFUQm14cVd6dG12akxCVnctN2k5SXEzMEJoeVhn?oc=5,조선일보,en,Korea gasoline price,recent_middle_east_oil_risk,relevant,0
2026-03-07,S. Korea weighs fuel price caps amid Middle East oil surge - upi.com,https://news.google.com/rss/articles/CBMitAFBVV95cUxOR1IwN0ZGLUhkNVR1Q1dLdGkzalc3V1RMaTVtMzZNSG9ydEx2c2NEbExfRlZLNEU4Vi1XMUc2bmpSN1lOaXktUl9vdFFGU2d1N0NRVHZZNUJJNFNzVS1QZTlSLURPQTlwNjEwRDljekRERWJ3d2h4R2NycUluRVZTTkNHYUp6XzJBcGVMODltYzN6Ny1vNFFNMXBGeWcwRnVzaEFicG9qSUFUSl9ib2xLX1lZNVLSAboBQVVfeXFMTkFQQ01FcWhQbzlJb2pET1U3SXdHY2dPUHF3MWgtUmZHVVVXcGx0SFJ1UmNpTFZjaTBDdlBISVRBT1lqMnZMVFl3SnkzS0FLOV90eUNLd2ZYdndBaVY2OWhlR3M0TVB5dzhHTFRVNTByRjRiRU5SVkNiX20tdDBUd2lldy1MQkhPMldlLVd3V0p6RXdERDVMMFNCR0FYLU5JN0RJNXotZUN2ekIxOUVBc0s4VTFuSmk5Ui1n?oc=5,upi.com,en,Korea gasoline price,recent_middle_east_oil_risk,relevant,2
2026-03-07,"Gasoline, Diesel Prices Surge Toward 2000 Won in Seoul - 조선일보",https://news.google.com/rss/articles/CBMiiAFBVV95cUxQbmFyRFZEWTZ2ajQ4NGQ3R3VaUFN2ZE8yZ01QYkI1ZDVQaFFvblIzaTM3UkNHelpHVlFXRDVnX214QURMYVIyVTl0TS1kRVJhb2otbjZHcWxjckZfWEQwOWN3M1djNTlxYlB5a1RSYTBKOWZlemZBOGZwSllWN1BPZ05VcE1JYlV2?oc=5,조선일보,en,Korea gasoline price,recent_middle_east_oil_risk,relevant,3
2026-03-07,"Seoul Gasoline Prices Near 2,000 Won Amid Middle East Crisis Surge - 조선일보",https://news.google.com/rss/articles/CBMiiAFBVV95cUxQWXFQQjdzQzRJWVpCWDQ2ZlFQM0JnZkVuNGx6SUVzZXluRE02RzY2czBTekZScTJ2cjYwLUtvVWdlUGFScGhHM040OWcxbnF1SzFBMU00Q2RNand2S1VGSWJzVW8wU1phZC00LVdhUjNZSG92SElweGl1YVNsdDc0bmRTbXFra3A4?oc=5,조선일보,en,Korea gasoline price,recent_middle_east_oil_risk,relevant,2
2026-03-08,Crude oil prices swing wildly as the Iran war stretches on - NPR,https://news.google.com/rss/articles/CBMiekFVX3lxTE1yUjFwTFVFWlFsOHpiSExPdlFqZDJvdFctQzFCZmRKblF1MEpORl9rbl9Oc2V6dVpwVTItRXJ6STRjZlN4Y3YzYldJWXF2TDFieFdvYm5FWk90bDlHSnBfMjdSLUk0SmpCZ01ZNE9OYUg2czFQQkh3a0ZR?oc=5,NPR,en,Iran oil price,recent_middle_east_oil_risk,relevant,5
2026-03-08,Oil prices soar past $100 a barrel as war escalates in Iran - CNN,https://news.google.com/rss/articles/CBMic0FVX3lxTE9xdk1EZW1ycTdWY0NNTG5VeHdiZW5KYWpva1pQeDdLbFFKT1J3WXM3QUFGU2NPNFk5d1Vscm83NjdGTkdDTWdqajJnYnNqZW1ldGg5YnlyWnRKZVhDcG1NSGdKeFBhRmJIOUQ0X1JRZHNhQVk?oc=5,CNN,en,Iran oil price,recent_middle_east_oil_risk,relevant,5
2026-03-08,Crude oil prices surpass $100 a barrel as the Iran war impedes production and shipping - AP News,https://news.google.com/rss/articles/CBMikAFBVV95cUxQMGdKX1NyajV3RGl1QTRvazd3TFRLTUlyQm5kMHRPZlFxUEZpUXFUWXpjWGNwUWhCT05CNmVhUi1yV3VxZ1NlRjlNY0ZtY2cyOUJ4bTBrYzBpV0V0Z0dZQWJjcElOT1pYQ2xRR1JQUm5val9EMlpsbHpxbHAyUVhtbE02UkRMaVJVaU4yS2RKeXA?oc=5,AP News,en,Iran oil price,recent_middle_east_oil_risk,relevant,5
2026-03-08,Oil prices decline after nearly hitting $120 as Trump says U.S. considering taking over Strait of Hormuz - CNBC,https://news.google.com/rss/articles/CBMid0FVX3lxTFAwSEUyYV9SNG1sZ1J4S0g1czAtMFl4aTVkV0tQZ3h2c1hLcUdDV1F1X3cxYVVaZ3JWaGRUeFUzemFuckhGWllDS0VCeTJ6Nl8tUU10bmJQNkNXNVcyT2YtQUI4T2lRLUN0SUp1Sjh6RlA0b00zWnlV0gF8QVVfeXFMTUtWZGpnR2p6T0lmanczU0tVUmhYZlZJR3NORVFIWklWV3JNcVJDNDMxRDJiNDJCcXBFVnNOeTAtRWhxd0hwMVhaUVQ0bkVoT1ZRTERTTkUweFUxMTZRdXRmSk45RXpKbk9hSzdlbVVRVGZJSGc0Z3UwbWx3dg?oc=5,CNBC,en,Iran oil price,recent_middle_east_oil_risk,relevant,5
2026-03-08,"Gasoline prices near 2,000 won as tax cut debate grows - upi.com",https://news.google.com/rss/articles/CBMijgFBVV95cUxQTVV4N1EzMl9zU21ESlg4Q0NLa3hGTFdjdW5wbndpMURsU2dsaDZpT21uVE9yMHpxakg3TmJpOFc1cmJjNlJaMjVpZ1piVk1GWnJUQkd5QkxVR21uWURkVzlUVTU2MWU5SmhXcDZIbjlGTm1jb0Mwa19XMTNBakRFRDlLSjhKRTBYZXV1Z1V30gGTAUFVX3lxTE94RXR6anZjQ1J1Znc3ZHpYamtPMzRwNUp3T01mLTBfOTFvaFpqYTZjZkRVeHJiQjRqSmw5aWJLOW96TENiSFlvOXhZcFFtNXNxVHh2X3NocjhJYXBkdVYzMFZldlVPTGxfaGhfcDNHbWQtWjBheWtpdUZibDRSeUhTTnQ5ZDlIU1lzU242bG9IWmR2dw?oc=5,upi.com,en,Korea gasoline price,recent_middle_east_oil_risk,relevant,0
2026-03-08,S. Korean President Urges Fuel Price Cap as Oil Jumps Near $120 - Bloomberg.com,https://news.google.com/rss/articles/CBMisgFBVV95cUxOYmtOWGlSWm54cTU4UUpLQTZaalZZdHJFcXFkQm52UGJDODc4aGdNYkpoX1dsOEZNZHFQR0Q1Z3FFWS1XekNROGhHcFJRRUNWU2xJanBXYVM1TmlnS3hDLUY2Sm9uZ1AtTW03TUZoQmJJLXVScVNDblgtZUpjZDJVMXFVZkFkcUJJSTZyTTl3SVFTVmhTSldIanFyRXdKb3pSYzRwNGVyZFZCTkVUeVRIaG93?oc=5,Bloomberg.com,en,Korea gasoline price,recent_middle_east_oil_risk,relevant,0
2026-03-08,Gas price surge takes toll on truck drivers - The Korea Herald,https://news.google.com/rss/articles/CBMiV0FVX3lxTFB4NHREN1dsZ1l3Z3FfeTVCSEpLcEdlZnM1eXJnLUtTb3VTZ2M1dmVEQUViTWVzcG1JUWZWSXc5dnAxTU1uc3FhXzkxZ0d1OVZrOHlUVU80QQ?oc=5,The Korea Herald,en,Korea gasoline price,recent_middle_east_oil_risk,relevant,0
2026-03-08,Seoul fiddles with price controls as gasoline price near sensitive threshold - aju press,https://news.google.com/rss/articles/CBMiW0FVX3lxTFBCemg5M1JRY0laNnhHZ2g5bEN0WC1BMlVMZnZ1Q2tndEU4blNCZUhiLUFpVDlTR1MzVVdEdm1IZmtoVTk2SDd0LWNjZ3ltQTRlZkhPOG9OSkpTXzTSAVdBVV95cUxONkstSXlCTVVTTFZ6VGxtWTVhekdsc2RMUnpsaFZsLXI5d0szRjEyRDFFVVpRamVtd0Y2dmJLY1dqU2lZdTk2OUEzZlRTZ2NacGJEOVVPQkE?oc=5,aju press,en,Korea gasoline price,recent_middle_east_oil_risk,relevant,0
2026-03-08,Crude oil prices surpass $100 a barrel as the Iran war impedes production and shipping - ABC7 Los Angeles,https://news.google.com/rss/articles/CBMipwFBVV95cUxNa1lUSXZodGhweW5iY0F3WEVrYk01QW9oSW52S1dDdkxReTBPZ0Yxa2NZRXNTWC1oRUxQaWtvbDM4WmEzcTJlUDVuR2NaRS1vV0dJVWY1X2hXcU4ta0hKbjFWUUdkSXdXOElITzFIS0QzM2tXUTEyb1NydTk5WFptYTV3Tk1uTDJRZU8yYnE4RGY1ckpfcFJkeENJcVljYTg2bE41WjlRZ9IBrAFBVV95cUxNcWY4QlRyb01wazdKZzRiSmxISWxDMFFDX3BIMjQwbGtPYlcwTzdpUlZ3aWoxWDRWREttcEl6anJpa21kZVFybUluYjN4bXdHQ1BfaHkzLUtuUTNHLXl3WFdpNmdHcjBIemZrNXlCZ0M4NjNCSHBYa05EYkhnVXJxR1p6RmlSN01STFBsVGdDV2dMQVNFb3h1Z0FFa1lqMm5INXRqMUp2cmlmNlpl?oc=5,ABC7 Los Angeles,en,Middle East oil price,recent_middle_east_oil_risk,relevant,7
2026-03-09,Oil prices soar to levels not seen in years as war in Iran intensifies - PBS,https://news.google.com/rss/articles/CBMiqwFBVV95cUxOcnk1cjY3RkszX3NJZVB2YWNPSjlmZ2RIS3o5U0RLZDlkVmtEbDNuTGtCT2lySWM1Y2o5cnZjTE1oY0hXYjBtXzc4V29lYjhXUUJWTnFsS1dKVUpyUmpjalFNTzFQMVhmWjdEMFVmTkxFTE9RMGMyQnEzOXRma21BRnZHSzFBYXVGZWR0ZXZuUk5BREw5YndiN2x5WG1ldGJDNzc5eE1MeTRoajg?oc=5,PBS,en,Iran oil price,recent_middle_east_oil_risk,relevant,5
2026-03-09,Iran war: Wall Street erases a big loss and closes higher as oil prices fall after surging near $120 a barrel - ABC7 Bay Area,https://news.google.com/rss/articles/CBMitgFBVV95cUxQYXlBdG1GYzVjcnl1RDBlNUJrd2hSMTVvYU9WczNZdW5Wb1BFRjR0TnJHZldEcmpMdld2ZC1KMVdJVk9rSHpGQjh0dGNKcVhPOVRwOERoSkpyUmtYMjZkY3kxWnNlTHJoaFUtNDlodDhWRzcxWGNfaXRqNVc4NjBHNUU0c1ZWWF9qc2dzVFYxVmo5T0pqcWt2TUJ5bEJtamNhSGc5UW96WXRPMWswLWJkRTdxS1pxUdIBuwFBVV95cUxQcWduekljQXhZS2VFNGltMWQwcGNaeFhuNl9XdUhhTl9QeEtDMFZXeXI1SENKUzZBSkhaZldkUW8wdkNSRnBjeUdwWkxQZWwxY2JzUVlFSU0xN2tfcEJoS1BDSTRLQUxLYngtNzRwczBkblZiQzhxcDNVSE5pVTBPY2xDbXdXRF90UlpVZHFDTzVrdGNPYU5ZMC1RMy0tU011SDFVWG9kaHBsN0VCYjBhcnFreEoyY1ZOU0k0?oc=5,ABC7 Bay Area,en,Iran oil price,recent_middle_east_oil_risk,relevant,5
2026-03-09,Oil prices swing wildly as Iran war threatens transport routes and production across Middle East - AP News,https://news.google.com/rss/articles/CBMilwFBVV95cUxPTFp6S2dqMlZ0dzJTd01Pa3RaVXhzLUVDS1NTeVBYcXM2TWdhQ3hVNEpaTnp5U05aRk1GRU9yRERCZjVVVnhZMzhkV1Z6bDJjT2tNeHNMc0FzcllZdE1kOEhteHkxQVRfV3VDWGY4aWF1NWxZQURRSW9jQ2JoSEdCNTl2c3c3NGFBWHNva0tqOUoyeXZ3OERz?oc=5,AP News,en,Iran oil price,recent_middle_east_oil_risk,relevant,7
2026-03-09,Oil tops $100 a barrel as Iran war escalates - Axios,https://news.google.com/rss/articles/CBMickFVX3lxTFBLRmhjVGNNMkltYTVDVGJCMG0yTEtLRGRmZFByNEVPUkdjQV9CRVBXYll0SkRtY255ZDFnN0VUM2swNFpYZVVwNFhYSGJGTGgwakpzdzRnZmpVejlxZndrR3I1YzJXNnhoSUo0TmxrRVRDdw?oc=5,Axios,en,Iran oil price,recent_middle_east_oil_risk,relevant,5
2026-03-09,Oil expert warns of ‘nightmare scenario’ Iran war could spark - PBS,https://news.google.com/rss/articles/CBMimAFBVV95cUxOQ0RuVE16emYzQU5lWWRvVWJzVWZGcmllV3dFczBXZUlkYU1uNk1LN1VmQ25RXzI4dEFLMVh5ZW9ITXpvRUJ1WGRoV1VoSmJGX29LcVlLcEM3QktvYU9CSmdlVk1LZGVwZ01PZ01kU0pjWUtwZHprbzFrTlhlc29SYlVBN29GNWtHelZDWFM4QlVIOEJMVXNfUA?oc=5,PBS,en,Iran oil price,recent_middle_east_oil_risk,relevant,5
2026-03-09,Oil shock prompts South Korea to impose fuel price cap for the first time in 30 years - CNBC,https://news.google.com/rss/articles/CBMiiAFBVV95cUxQTVdVUWw2bTA2Vk16MVZwR04wQlhwRXA0RjlVSTk2V1Zrc1J0SkdhWExsQmlMdnp1QU5BNHN1dXJFeTd0OWRFc1VZZmpkZktUZ1VLMDNxU2tObFdvSjFHbU1obGc0bDQ1dWZYZVRlcEE3T25lVklSY0plY2toOGhqQjQ3Q2didzU30gGOAUFVX3lxTFBNUzBjRzlPQnVLelc5VnpIVFMxTjYxdHFuUm1fQU8xSmNDQXJ3bmxRclRpd1hBTmVmZ2Vtc2RsQmpGNHpaMmNsYUF3aFd0c3ljcS1nRlE0Vm0yckkySEYyeEUtM3BFQUoxS3NQWm1Udl9IaGNNM3o1TTd5dGo3akVmWml2QVMzcEgzWld0b0E?oc=5,CNBC,en,Korea gasoline price,recent_middle_east_oil_risk,relevant,0
2026-03-09,South Korea to impose fuel price cap to shield economy from energy shock - Reuters,https://news.google.com/rss/articles/CBMixwFBVV95cUxNMmdfb1l1RzYxam5CTFVRU2c3R0hZeE9ES19POVZLTnhqbGZLVWtsbmY0Vm5ETFNsXzdNSE9pWTk1dm5tMzhNUEZ4Vy1qOEd5d3Z5bFM1TU1BcERyaTRCUWdRSXVtc0dHRlRfQTZyTXNaM29NUTRyeUdHZGFMbVNYVDNLNTRnZ29BTndlcFZmNThLM2loRktlUmFCbGtVdXhLWGVnckZROXhYaGNuaVZjMk8wUlVZeFRGbVlRWGp1T2tpdno2ODNB?oc=5,Reuters,en,Korea gasoline price,recent_middle_east_oil_risk,relevant,0
2026-03-09,"South Korea Gasoline Price Surpasses 1,900 Won - 조선일보",https://news.google.com/rss/articles/CBMiiAFBVV95cUxNMXhMaGNGNkJJOGxUSTk5RjhXdlF1Qm5vdTlxZWdxTWh4TVpsaHZtaWJfZU1JWDJKcEJzTUNSUEgzaDdXTnJCYjNmQy1vcjRIWENZbjN1ZmdUclV6Zi0xY2hPbkx4WHlfTzBGcUo3WkNpN1hxaEsyOGZ5d25IeVlHWWxaTjEzWDB6?oc=5,조선일보,en,Korea gasoline price,recent_middle_east_oil_risk,relevant,0
2026-03-09,Seoul plans first fuel price caps in 29 years as oil shock hits - The Korea Herald,https://news.google.com/rss/articles/CBMiV0FVX3lxTE9mUGZSeW5oT2d3dHFOZjBRQWFYbVdpNWdOUVJscGJyNHBZRzNtYXlwZnlBOWN0MWFUMTVseFVzemhrR1dSMXc5allKTXZ0aTZZUlZ5dThkZw?oc=5,The Korea Herald,en,Korea gasoline price,recent_middle_east_oil_risk,relevant,0
2026-03-09,S.Korea’s Lee orders swift fuel price cap as Iran crisis rattles Asia’s 4th-largest economy - KED Global,https://news.google.com/rss/articles/CBMid0FVX3lxTFB2VV80UU9SWE91QW9CbG9ibHFDOUREanIwaHpBX1ZmRzdLaXlidGxNQWEybzNxNFpzNWJUc05vbFR2QmhlWnZHMVlkR0JmLVhJNTJtS0tubXA3WkhxR0FvTGFFOVVaQzRyRXozanVHY254RVJKUEdV?oc=5,KED Global,en,Korea gasoline price,recent_middle_east_oil_risk,relevant,2
2026-03-09,South Korea to introduce fuel price cap as Middle East crisis rages - Anadolu Ajansı,https://news.google.com/rss/articles/CBMiswFBVV95cUxOR0I5bUtUUVIxX204NHN3akRvQTM5dUdFRGdxWHJBZndXZW5fVDhoc0pjazYxMFN0RjFRMG9WM2RvSnRSWEdVc0VFUVBoRHZ1MmFfdjdqdmI3SWl6WFcyYlBoYXJBbjF5YWdiOVZhSjJUdzRvSW1jdFR6NEJEd1hEeGJCTHN3VTVkNU5tREk1a3h5M3RhU3JDckhZQ3QtSzVYaXVPTWxxNXVZemNqS0VkS0ExNA?oc=5,Anadolu Ajansı,en,Korea gasoline price,recent_middle_east_oil_risk,relevant,2
2026-03-09,Lee says to swiftly introduce fuel price cap as Mideast crisis intensifies - upi.com,https://news.google.com/rss/articles/CBMiugFBVV95cUxQQVNsVXZBWVBCZ0NncDB3YXdZUEw4WTRzaTVLNkJoclpfall6cU1xMllnNnFKeWRjWmgtS29sR2NsenJoUTM1M1VJXzZkOFV4TWY5cTZrX2RDajNKcXk0a2ctYl91LXdyZmNERlpjQ3JYeElISTRRMUtqVElWWnNubDVDTVl2dEItcXV1WHZRbVBQQVFBWWthMnJ5NDJiY2U5Y29ZVzhRaVRvUGE3LXNnakQzZTlqdzRVOUHSAb8BQVVfeXFMT2ZGVHBkY3BEZlYwc3lMUHNZbTdpODQxYm1NR0dNeEZraFJTcGJYLS02QkxtT3FmLTB5SGtLTUUzUURJZWEyZEZvWFZRcmgwaXI2MDZuNDUtZl9pdjhTUVZnYlcwRktCbDJBZ0VMZ2hTVENuajdFYVRQOHBzaTl0cURPTktOZTBFWHNDMUZ6R2ZwT0hLalZwOEFjU29DRW4tU2tTWlVndlJaWVM5dVpzTTFlOF9WODEtUU9GbEdDYWc?oc=5,upi.com,en,Korea gasoline price,recent_middle_east_oil_risk,relevant,0
2026-03-09,Asia governments to cap fuel prices as oil costs jump - BBC,https://news.google.com/rss/articles/CBMiWkFVX3lxTE9ZMHgtc3JMRW5WdzdPbUg1THVNNHAxVktSQ0VkRXRJblM0YWxkbnY1VlpGQU5rOTlwa1NSWENqTnpPdkZaZGJ3cG1Zd29yVXNDeHNteGRnZG5jZw?oc=5,BBC,en,Korea gasoline price,recent_middle_east_oil_risk,relevant,0
2026-03-09,"Lee calls for 'extraordinary measures,' fuel price cap amid energy shock - The Korea Herald",https://news.google.com/rss/articles/CBMiV0FVX3lxTE1vS21oYlhONmpNWmpKb05yRWJySHo0eld4SFZDOUxHVGp5NzJiM0NNNnVTR0RPcjNjTEUtbjN3eUxTYUN0SE9wdlpDQmVFRjhaa1pLeldHOA?oc=5,The Korea Herald,en,Korea gasoline price,recent_middle_east_oil_risk,relevant,0
2026-03-09,South Korea to impose fuel price cap to shield economy from energy shock - 朝日新聞,https://news.google.com/rss/articles/CBMiVkFVX3lxTE9wMEl4Z01nUXZvVERGaDYzYWlUd2hvNzZxWS1OLWtEZExZU2FUSjFKenFNcXptQkNkV0E4WlZQNU5pUjdnendiZ0g4YzBCVHdWdkhfdW9R?oc=5,朝日新聞,en,Korea gasoline price,recent_middle_east_oil_risk,relevant,0
2026-03-09,‘Sky is the limit’: Analysts warn oil prices could surge further - CNBC,https://news.google.com/rss/articles/CBMimwFBVV95cUxOcDI3TjJMNjhudkJ4eUN4bUNreDZpWV90R1lHTERmTTU2WjlqTEM2WlEwcEpzTTl5MHRVUFIta2tCbmFsN0lVeU11MDVwcU8teUR4RVpvVzVyWW93elpBdm5mbXdFS1IxaGMzVTBCSXpfODExazVqaVZMQWFJZTNqZks3QjZ3MlM3LVJLdE5hWHcycGd4VVBydjdfONIBoAFBVV95cUxNSVBwMUFOaU1SNDNHVlpXLWRFcHl0SWsyMjBReVh4LV9oTEs3aGFNQkMzSWNCcU9oVTB3Z2c3NHMzb3dGZUNQQkdoYkJwZmFTNnpQQVRncF9LdzhDTW5mMDdTWDRqMTZjeEUwNnduX3l3QUtZUkFLTVlvZEktLWZ6R3ZEMUtBZndleTdCcU5YX3o2NWZMQ2Vnbnp2V1BwVG0z?oc=5,CNBC,en,Middle East oil price,recent_middle_east_oil_risk,relevant,5
2026-03-09,Oil and gas prices rise sharply as Middle East conflict unsettles global markets - belganewsagency.eu,https://news.google.com/rss/articles/CBMisAFBVV95cUxQYTR5alVKa05QVmViWW1pNzZZNjdKTFZ4Mk5UbEpxWGNGY3VrTzg3MmFLM1VGMENqWW1oLUthRDJScGQ2d0M4OVUydHF1WnZVaG0wZ3R4dE04ZEFGT0hZYTh0aUEzSmk1ZExZRlF6emd4cWFqbGRqRWdjVUkwYlcxLWtFMnRUNnBhdjJNUEtpTDcwNm9TaHVUNnNlcEFKMmhTNmpUa2FHSG8wbTNvUGZodA?oc=5,belganewsagency.eu,en,Middle East oil price,recent_middle_east_oil_risk,relevant,5
2026-03-09,The Iran Conflict Is Sending Oil Prices Soaring—What Happens Next? - CSIS | Center for Strategic and International Studies,https://news.google.com/rss/articles/CBMikgFBVV95cUxObmctZlFYTlhnNUhDdUJUaUlUdFdhNUlYb2c5Y3lhQ3RvSUIwZl9OQl9tdGFXSmdFQlhFVlZfQkMtOUVjWnpnZzVuODhQVzZVTDlZeGNaUlJKOUc4cWFQajUxa0VzSFRuMGNaNGtZT05sVEFqOWVsVXVVNHRMVTQ5NnprTjRKcGhPdE9COWNTdWxqdw?oc=5,CSIS | Center for Strategic and International Studies,en,Middle East oil price,recent_middle_east_oil_risk,relevant,7
2026-03-10,War with Iran delivers high oil prices and another shock to the global economy - PBS,https://news.google.com/rss/articles/CBMiswFBVV95cUxQaktDQ0VRUnhHNjVMaHF4dnY1eno0cThzMjUxOVB6cUdJTm5QOW1LUWRDelZOckdSNWZITzg1dktUUkdLajRvYmlUMlJISWNyZGUyWHN0NFM1Y25fVmFMV3p2M1JOZEZESzB4bTNuUG1aem1hTkJJM2pNTEVCS25ZVWhWLWhEYmxwczdKVVVMQ0RmdzBTN0lCbmVYSVVnMGJ3dWU0WERzWXVCQ0xlNHNTY2FWSdIBuAFBVV95cUxPUl9HSkxxQkpfYnJub0VxS0tsWk9KVjRIV0JON2pOVV9qSnRUdm96bDluUW9yUGxpSjZXd3ZmcjNRQnFwVm1HOVpVV0pTTmZ6MDlKWnl3ZzZ0cldJdEN1dUwtUzhyZDJxcFBFV185WW15RDQ5RDhYTUJkYXZWdGVWN2w2dndrRG12OXFnNmNqRHNFV014ZGtxTWV0NkxGX2dYWW0tV3V5SmliaFY5RGJ0VzFTOEVaNDRN?oc=5,PBS,en,Iran oil price,recent_middle_east_oil_risk,relevant,5
2026-03-10,"Gas prices near 2,600 won in Seoul as drivers cut back - upi.com",https://news.google.com/rss/articles/CBMikAFBVV95cUxNN29fSkp6N1RDMTYyam8tR1dCUHFvS2ZrSHhGd2c0b0xSbkEzMzNoVVR1eWViY2NjWE5QbFE1bXYxU0pSeExnalF6WkJENTl1Q1JiWlJEUVlBdFZqX3V6RmZQbV9IQUdNZFV1bWhHTHNhOGJIaGt2dXF3MjdvS0ZiQVVySEs5dGEtb0taczZkUGnSAZYBQVVfeXFMTWk0UjJTNjYtcW5BdEc4YWRjZktvS3JDaVgyMUFqZUpLamNWT3c0Z0dPa2c4QkoxUEpKLVRDVXVKZU5jaXB3dmozY0d1endTSDZkcTk1YlRxUFNqUHhybTlkNk1XOXp2WGJBTS1pTDlNUUd0dTVzSV9EUWtDekdVNGpGdnRaVUZxRUluXzBySUNnMF9uRklR?oc=5,upi.com,en,Korea gasoline price,recent_middle_east_oil_risk,relevant,0
2026-03-10,South Korea plans oil price cap amid Middle East crisis - upi.com,https://news.google.com/rss/articles/CBMiuAFBVV95cUxNbC1xYThWazVuNUg2WWNWMkJPSW1pdkpiSGFfaEVkVEE2MmVLb2JkQ3RDRU52N1BocUFZLXVyOVE1WndtNjEwUjc1SGhVOXk3SGVHaGg3SWplaW9KMlVhc1Bwci1HbkpGTFJ6cnA0c0pGa1E2bzFJQnBUcXRVZU9nTGE1eFJFX3N1MTlaTFNvMnpHWmRyQWM3Rmo4V0xOQUJPNUFxcWhmX2t3WmdsdFVmWnU2RV9WWDJj0gG-AUFVX3lxTE42TnhRREpDMGFvNFFIN0tHX1FRNkFqNng3VzZ0TEtaaUZLMFdJZGVEMURTVnprRk9oOHJ1dmtfMEZtQlFBUDkzenRRUjNNTE1QMWNwdktqaWpwb1A3djA1V2dXY0pzbVlsT25KdDlxdGtPV3UzMmRoU1h2QmtsdFNXV2hZZnBIUlNnaDdjZG5zX09hWnI3TUFSYUVtQ3F5emxJeXFlck5PRXBhX3RPTmZOdEtlcEpNZkx2eGdfNXc?oc=5,upi.com,en,Korea gasoline price,recent_middle_east_oil_risk,relevant,2
2026-03-10,Government Implements 30-Year Fuel Price Cap Amid Oil Surge - 조선일보,https://news.google.com/rss/articles/CBMiiAFBVV95cUxQUlQ2S0Jhb3liVS01LWU4V0REajVZaHo0UkJWaE5acjFRRDZKQXVnVW5QLW5qUkN1bWZ2aldweXp5MFVTbnFJUnExRlBKWDJtWW9vbWFBUWp3U1dYRkdWRm4zS0tSMWUzMkNWR2phZmZQa1I0VEpfbFN2enhfeXJwRm9sYTNETXZC?oc=5,조선일보,en,Korea gasoline price,recent_middle_east_oil_risk,relevant,0
2026-03-10,S. Korea weighs fuel price cap as oil surge raises inflation risks - pulse.mk.co.kr,https://news.google.com/rss/articles/CBMiV0FVX3lxTE1JRkN5UXVHWnNjMTRjbUJ6Mkg1a09WUncwOUMyM1BlSjBSZkhWWGpEaG5VNGQzMFg1ZXBlQUF6NmtfWG1JR1dLemdGMDV4N0dJOWlIZDJ5OA?oc=5,pulse.mk.co.kr,en,Korea gasoline price,recent_middle_east_oil_risk,relevant,0
2026-03-10,Middle East conflict is pushing oil prices higher — and most Canadians will feel the costs - The Conversation,https://news.google.com/rss/articles/CBMiwAFBVV95cUxQZ2hlMkRMRzZibk5uSkYydUNVNEpDOWxwaGFnQ1JOS2U0YUVJdXc3UlRLcWJrazliUUs1bl91NFlnanJKcW1aUms0X2J5NnR1cWtvV0tZNWVzeHRWaHNBX3pJZWFHTUJWTHVpYTVkOFZCaFhmX01uUC14Q3ExUHI2bVpsZTlGbTRsMjNBVXJrM1ljeVNzd0locU5HMkdBWHN5NEJpZmh0UGRjWmFQMXp5OHgxQjF3cVBJQzF2VUpaZnI?oc=5,The Conversation,en,Middle East oil price,recent_middle_east_oil_risk,relevant,5
2026-03-10,U.S. oil producers may hold off on cashing in on higher prices - marketplace.org,https://news.google.com/rss/articles/CBMinAFBVV95cUxQek50MGxqRlRyWm96a1h2cWdDNnZ3WksyLUNJaFNiVmNIdVdWUGhXbDMtYnNwMnJVVHIzM2Y2bW1MaG4wS09XRXhqbnpZdXA5NGpuVng5VUJnM0lpQVdUSnN1TlVnaUtQYlhlMjBkbEtJWWJzV3Fjc21rcW1xQkZxWWNyZ2M1Q3VEMlNnSW5HNUVqcEdtVmRCU01EN0Y?oc=5,marketplace.org,en,Middle East oil price,recent_middle_east_oil_risk,relevant,2
2026-03-10,Oil Price Hits $100 a Barrel Amid War in the Middle East: ETFs to Gain - Yahoo Finance,https://news.google.com/rss/articles/CBMie0FVX3lxTE5GWTc3MkhCMGdtNVZCdGNMQTAxVW80UXdrcF9RVmM2cEh2MjZFY0dRNnh4SF8zdi1reWRFdjZkN3ltTmx0ejQ2ay1VcVhnZUI3QWgxZWlnQlBRSkRSV2RJM2trX0tYRHRuSGFRTjdpbGt4dUVNbXg5eFExTQ?oc=5,Yahoo Finance,en,Middle East oil price,recent_middle_east_oil_risk,relevant,5
2026-03-10,"Current price of oil as of March 10, 2026 - Fortune",https://news.google.com/rss/articles/CBMiYkFVX3lxTE1RTnlhT0NZbE9rT2xNVlNCek1sc3pzbmpFSmkwNUd1bktBd1ZXY3lqTE54LUFzVVF6NkU2el9RQnF3U3ZINkFxaVhaU2JnRjNQWXB2SkFRNExwUUt0NVBQTzJn?oc=5,Fortune,en,OPEC oil price,recent_middle_east_oil_risk,relevant,0
2026-03-10,Strait of Hormuz disruptions: Implications for global trade and development | - UN Trade and Development (UNCTAD),https://news.google.com/rss/articles/CBMinwFBVV95cUxNOHdxNk9JZFhOX2hpU2w3QkVyTjBzaUdHd3hGQk5oWmZNeVhGYllrZVV0amttZ0hPdFBTTEZQNlFuX21TbkF4ZEo1Qk9OQnk3SlFTbjd1WTBnaXdJQTVreGV6NlVMMDZ6ODE3ZVBwbVhoeEV1UFVCWk1HcUJpbUtrUVFXUzhLRVliaGo3RnR5NjJYNUlqN21iVnV1VXVSalU?oc=5,UN Trade and Development (UNCTAD),en,Strait of Hormuz oil,recent_middle_east_oil_risk,relevant,3
2026-03-10,How oil tankers stuck in the Strait of Hormuz south of Iran threatens the Gulf ecosystem - greenpeace.org,https://news.google.com/rss/articles/CBMiiAFBVV95cUxQa2pqaDlscVR1VDZ2ak9wdDNSbWpSb2FhYW11dDZFZTZNYjVRNHVJWWZHRk1FYjRoR2JBQ1N5SkFnWV9RYlU0TDFVUzNiLXFZejZXZURqNDA3NU5MOE5qQWpLeXJWVGc2bUR1R3l4eml3T3FrU1VTQU9kT2hYRUV4RWpEUjZzd2lF?oc=5,greenpeace.org,en,Strait of Hormuz oil,recent_middle_east_oil_risk,relevant,5
2026-03-10,Iran sends millions of oil barrels to China through Strait of Hormuz even as war chokes the waterway - CNBC,https://news.google.com/rss/articles/CBMihwFBVV95cUxQSmRCOVlVaEE0MEFTNWlKTVo2eTU2eU5yUl9fU2RHTU51Rm9DNDdqWWc2XzJnWGQzSTZPM2g0OVc1QjBuS2hyb2VRMmFob2dRNDE5Z3VQZGdnaHJnVGc0QjF4ME5SOEk3UTJpLVZ0aDhQdGFFdzg0b2Y4TzNKZ01rSnBWOXA3a3fSAYwBQVVfeXFMTUNxSE1wejBYcUF3YkFsQ1FOYUdyRjBoZWdlNzYweHY4aDJPSUhpVUMxNTNsZE1LZ2Z1MGRJd0tBLXNoU2RNa1ZSSWxRbk1WTUpIMGozWTBvMGl5c2VEdUNCc3J2YUZZcmhMWGd5cTV1YTEwWU9tRnVrWlFUVHFYM1dWT2lmUGNWc2hXbE4?oc=5,CNBC,en,Strait of Hormuz oil,recent_middle_east_oil_risk,relevant,8
2026-03-10,"Hormuz shipping disruptions raise risks for energy, fertilizers and vulnerable economies - UN Trade and Development (UNCTAD)",https://news.google.com/rss/articles/CBMiqwFBVV95cUxOUzcwWXZrOWRuaHM1VDBsU1RuVEM4Qjl3RTJLMThYUS1qQ2xFQlRkZlpwQk5sZ2Ffc2N3ZEtVQlNMajJhX0ZPeWdkMlR6RU1MQndGUVZ3R1E4VktmWnFKdHpfSkxfUm8wa3VjYVRZWi0xQlV2NURQMVR4eXJuUWNqbkVHbDktVjlLRGo0V0h6T0NnRk5obEZuVVNVZ1BrcnJaYXpyVXZ6R2w1eG8?oc=5,UN Trade and Development (UNCTAD),en,Strait of Hormuz oil,recent_middle_east_oil_risk,relevant,3
2026-03-11,The Iran war and surging oil prices are affecting consumers. Here's how - PBS,https://news.google.com/rss/articles/CBMiqgFBVV95cUxQMF9kTGh6NkxDQUJGamhCNUltWkZlMWdscFo4eHJaVXUxM3RJbDAteEJFeUF3ODZfODFEOXZEc2lURjNBNVg3VEl0YTBqdjRTUzFQWkhBYWRUWnJCWEJnaWZTLTh6OG51U1ctT2ctTDJ4QUl2Nnotamp3T0QxWWtaOXRqOXV3Q3UxN3JDOGwzSC1HQUF6aE5vRU5QX3U3SVBVS3I4Q09mQWNSZ9IBrwFBVV95cUxOQmRVMlFmcXpHMG5wU0hvWHNJOEpLMU9CVTJiT19jS0xJcWFDakROQmtIZ29CU2JKaXBQaVFGRjlJRy1LMkk1ZTJXT2pUY2EwTWtUbllkTVUtUkJSWmM2R28yTFlLTGNEV0stSGp2dnMtMWFaN25VYTdLZkVpR0JGWEpKMTR6ajhxUFo1eFRObGdITjJ4cVlRV0dpaUZMZ3ZSRUVuanZDd1o5eFpQNmZF?oc=5,PBS,en,Iran oil price,recent_middle_east_oil_risk,relevant,5
2026-03-11,The War in Iran Will Raise Fuel Prices and Costs Throughout the Economy - Center for American Progress,https://news.google.com/rss/articles/CBMiswFBVV95cUxNd0ZlamNkNWRTbk1xOVpIMzlVRW1UNFVJMXliY0t5MHYxNnEyZ3dKTlhmZ3VlVW5XTXNmWDNIN1JfSXREeVphSlR5T21FeHlTZDFuanhjcnduYTBDREJxQkJzWFJRbzhwUUxMMFVteTNuWlpocEZwWTVSWVNqbGx2X3Jrb29ENlV4Q1pTV1ZCWDVZV0NLZFJrSEk2QWYwSVR6eF9lbHRxVnMwUWhkOERGVTBDSQ?oc=5,Center for American Progress,en,Iran oil price,recent_middle_east_oil_risk,relevant,5
2026-03-11,"Price Caps, Rationing and Stockpiling: Alarm Swells Over Oil Disruptions - The New York Times",https://news.google.com/rss/articles/CBMidEFVX3lxTE9OSkQ0WFAwNjZPYjdMeTRKTmVGel9vZkE0eHk0SlRTM0VBNXhxSnlYT1JMNE9SWVItU3ljRnNoWUl0N0N0d3Z3OVdPMkhmdGpLWDVkMVFKLURiQ1VWcjdDTmwwWmpUNFNmWEw4ZHc5VHVDQnlx?oc=5,The New York Times,en,Korea gasoline price,recent_middle_east_oil_risk,relevant,0
2026-03-11,"Japan's Gas Prices Rise Less: Tax Cuts, Slow Hikes - 조선일보",https://news.google.com/rss/articles/CBMihAFBVV95cUxQVmxUeXJRUUJUYUQ5bmZyVFN3UmhrNXVSTEZPRjc5dnVGMFFZXzVVcHpqSllncEVPN2p0X1ljd3dWMnZuYndPWkJSZTlNTnhXaTkwaS1lZWhWdDdPTHgteWczVUdhaWp4SkxQSVEzcE9rOU55NnVfakZ4NWM3dU4xckVRZVk?oc=5,조선일보,en,Korea gasoline price,recent_middle_east_oil_risk,relevant,0
2026-03-11,Oil price tops $100 again as Iran strikes economic targets across Middle East - The Guardian,https://news.google.com/rss/articles/CBMiekFVX3lxTE4tMUhGMXRmLTVid1NhUmJGMlpzempLbTdCQ0pfMHFmSXlVN0ZieW1VT3MzYzNWOFdjQy1pZW4tYUJJLUZ5X2dZT2F1UThYSWYzUDBHVldNVGJVN3NwbzFBZ241bGpBZlhrUTlaODg4QWk3QTRwMElNZkxn?oc=5,The Guardian,en,Middle East oil price,recent_middle_east_oil_risk,relevant,4
2026-03-11,Russia Emerges As The Biggest Winner In Middle East War - Crude Oil Prices Today | OilPrice.com,https://news.google.com/rss/articles/CBMinwFBVV95cUxOLXd5SjdOTU5DdkFpX1RyWTdheXJsZG1fOTdiYmJ0S1V3ZUYyc2QyRUNMLU45ZVBtS2Z6VjBvOV9iNHQzSk5lelpvMDlTaXFEVk5aeWRxVngyNEg5ZFVPbkw3cDZrZEtfbzdVd3dSS3ByX1ZDX0VFSXJHaU83S01nTTAzdG9BM3V3N19yRlNqbTJqRVUtOGY5VFVJdTBsbDTSAaQBQVVfeXFMT3p2TUlELTlCeGV2M0ZCc0dRZ201Mzc2ZWJKZWFpUlFqV3RfUFFyVGR1TGtpUEpHLXIyQUhFTXhuLWJMaXFKWFFfeno1S2F6eEhMWXhmZXFQWEFtZU1MUmRJanZlVXVCOFZOZzdJMUZGcWNqMFJhekJxQjZFQWtBalpSSmk3TGxyeDEwTVJZN2tiVHUtZFFpcURHT2ZIS0JEcHdUVmo?oc=5,Crude Oil Prices Today | OilPrice.com,en,Middle East oil price,recent_middle_east_oil_risk,relevant,5
2026-03-11,Countries agree on historic release of crude reserves to lower oil and gasoline prices - CNN,https://news.google.com/rss/articles/CBMifEFVX3lxTE5PcGM3RGw0NzBCbERZZkp2cXA1QmRucWdGS1E2YUtsb1ZVMC1vYnNNUGNCWHFsSFZXd0VEWWNZZzhwam5rZHhrTk9YX1hVYzB1Ym52b1Axa0VaUm9pamFhTGNuNlJlb2NFOUZUeEhGR2tjOHhXTUtWNDRnTWo?oc=5,CNN,en,Middle East oil price,recent_middle_east_oil_risk,relevant,2
2026-03-11,"Current price of oil as of March 11, 2026 - Fortune",https://news.google.com/rss/articles/CBMiYkFVX3lxTFBLa0dkeDJaYzNrcjRQVXFud3MyOTZ1blk4WWttTlNiY0hDWC1sNmtWbm5Jd0M1b1FRcGR3MF84djQ4ZjFSTEJ2RW1KVUM3RTlmNWhJc2NteUxJWnI0V3U5enhB?oc=5,Fortune,en,OPEC oil price,recent_middle_east_oil_risk,relevant,0
2026-03-11,Why it's so hard to get oil through the Strait of Hormuz right now - nbcnews.com,https://news.google.com/rss/articles/CBMilgFBVV95cUxOcjZTcS1UYkJZR2lLbFpjUjZ0X3FhZXdJSE5oZ1pLT1lEZE80MWYzY3gyLUR6Rk9GWHJxMG1sYmVleV9ucEczUjJKUUZINm83Z2FiVTdxVlFPWnAwRndpUENVeFd0ejkwNWhydTkxNEhmRFkzeXMxMUxSWHpFUjZJbm1XdmJaamV2OHRjU0hvN2ZQSnRIemc?oc=5,nbcnews.com,en,Strait of Hormuz oil,recent_middle_east_oil_risk,relevant,3
2026-03-11,How the Strait of Hormuz closure affects global oil supply - Reuters,https://news.google.com/rss/articles/CBMic0FVX3lxTE9FY0hBNnBxb0dPVW1rblNCNDR5aU5EVEZHV0J6TEplUzB6WmRudHYxaVZJOFJDSDJTbGN2SVk2ZEhXY1RiWTFDWF94T2V3clFBSWoxRzU4T0VWbTRSeWZ2cVBoVHhXR19XNnN6OTJfeGF0dHc?oc=5,Reuters,en,Strait of Hormuz oil,recent_middle_east_oil_risk,relevant,3
2026-03-11,"Iran war has blocked the Strait of Hormuz, a vital oil choke point. Reopening it is a big challenge - AP News",https://news.google.com/rss/articles/CBMikgFBVV95cUxQcVJDWXZ1MHBUM0FORjdrNTRiRkZpSHlrYnl1Y3VfSTQzNjJIcmJhazlsT3RDN2JvaDBSZFpVZjNONGpacGRPU1lhSGc4MzFfMjN0VzFaNEFIal9kLXFHbkdiT2FMbXYzaDVQYjRMTUxDa2dJSExvZ3lOZnJvOElPTHJab1pmM25ZRnM0b3dQa29DZw?oc=5,AP News,en,Strait of Hormuz oil,recent_middle_east_oil_risk,relevant,8
2026-03-11,How Strait of Hormuz closure can become tipping point for global economy - CNBC,https://news.google.com/rss/articles/CBMiigFBVV95cUxPRVB0bEZsdWdlSnZBNHlhT0J5WXBoa2NsbVlMZzAxQUpZVUhvcDBfanlsVjdiekt6eU5NS1BBRl9DWkFybnY3ZngxaGVoakJQcDNtSUdXQ2RjSUV6R21TUWQ5ZFFEQlhNYW1PSUM2T2Z4NU91NzJBZFRVS2IwT1ZLaVc1RWZpOG95bkHSAY8BQVVfeXFMT0R5SlhWcmxNcXk3MkhRc3BHM190alRURUItS2t4WXNudHB2QjUwYkxwRWl4azRGQzcyblU2MW1taHl0TmVuTi04QVFWVkhuc2VBRlFjc0Jialc2YlRzQm4wUnhUUHQ1SlJsOWx3QUJtMjdSRmstM05vMlE4MXFyQW1Cc2pLb0JscE5wZE13WG8?oc=5,CNBC,en,Strait of Hormuz oil,recent_middle_east_oil_risk,relevant,3
2026-03-12,South Korea to cap fuel price starting Friday to ease consumer burden - Reuters,https://news.google.com/rss/articles/CBMiuwFBVV95cUxQMER6SXdGYTNza3JSTGVfTHF0UnYzOVU3RmpPMHBRZXBoejJmR1hNNFlFTWNBNjlranRSR1BTQkg5Mk1UUUVCSkJXaGloU2c0ZjJTeFlOcXlfSmFxQWxRSVNzY3ZFbG5GNE5vY2VtOXRieWN0SkZEY2RaYTdsU0JWbElvczN3VlRhaXU2elhpN1lFREt3a094WmwzUUNmUmlrTGtxbDlOYWZoZHJNUHppbnZUWEl5eVcyc2ZV?oc=5,Reuters,en,Korea gasoline price,recent_middle_east_oil_risk,relevant,0
2026-03-12,Korea sets oil price cap starting March 13 amid Iran crisis - The Korea Times,https://news.google.com/rss/articles/CBMisgFBVV95cUxOMDhLM3lPWkkzeVlDanBLYnJXT2YxbllZcEQxUXFaZjFwa0xzWXQ0RXBNNEdWMHU4dnliaEZEN3lnaWU4R2NSVU5fTHdsUTUwZW5BcHBjbnVOMl82OFQxV3E3TzFyUWVFb2p6YUtFWTBYNERsN3A1aUkzdjBoM1dkVXRPczMyeEx0a29CVUc2YU5McXFzRkljZG55ZXZ1NEEtN0N5Q2RTRkFqR0hlNkJpS0dR0gG3AUFVX3lxTE9haXVsOHE2Z0gxZ0p5TE9hU2xCM3Uyb0NkYkdoSVRzTEVzVE51bXJzcVkxR0Zid0toTFdFeVNVeEtxMW9LaHBlLWR1c0d6X0VyRWcwazU5VkNFWU1jWmZkY3F2R3B5NnhJVGJUMWhwNUR3c0R1SlM2RkhiZlNUTmtBNjJHYTltb0FKRFV6R0NUSXdmNmJUako5eXdZVHJzMmJOOW1heDV3cUZYbUxQVXFEa3BTN2RKZw?oc=5,The Korea Times,en,Korea gasoline price,recent_middle_east_oil_risk,relevant,2
2026-03-12,"Gov't to implement fuel price cap on Friday, limit diesel, gasoline exports - Korea JoongAng Daily",https://news.google.com/rss/articles/CBMi5AFBVV95cUxQbUw5R2RDb0xRcjQ2dGZkYm83NWdzUHl0bGNXSTRiVFdhdDBPNDd4VkVMcExwMWh4REZxT0lPMHR6Zl9fTGRKbEYxY0JHSkkxYTVxNHRtQ2NGWkdrdGt0SkpwZlhpSlpyUHRCRHdBaVZGdHZ6dElHd2NIOHM4d0ViU3pDdy1TLVUzeWhHVkRKdS16NzBKLWdxMWItQ0k0ZlBXNXV0S1BDN1R2SUpLZHZrS1NYMHg2ZngxbnRPTnVWcEZpc0FRdlVYaUY0MlliUE9qTmZNSEs5b1pIY1FoaldIby1oeFE?oc=5,Korea JoongAng Daily,en,Korea gasoline price,recent_middle_east_oil_risk,relevant,0
2026-03-12,Gas prices set to surge on US military bases across the Pacific - Stars and Stripes,https://news.google.com/rss/articles/CBMirgFBVV95cUxPbWJVcWhibEFiUkhKXzZHT3h6eVAyXzUxNXFwS1pDeWNJUDVZVHRrRC13UTFRdGxjcXJMX2lUUmdFV3dKNllPTEdrR3dOTnFuMUNVZHplNmkxYjdlTjZrUjhLamxZMWZONVd5Sko1eEVUc0dCZ2hqVFNsQ2cyc2JwXzloZ3NkX1cxOTN1UFhzNmhNSmM3X1hvc0doalhKNm1jbDU0VFhnaG15OXpkSEE?oc=5,Stars and Stripes,en,Korea gasoline price,recent_middle_east_oil_risk,relevant,0
2026-03-12,South Korea Implements Petroleum Price Ceiling System - 조선일보,https://news.google.com/rss/articles/CBMijgFBVV95cUxPaFFRdTlaQ1lsZkw2WENQOUhnTmR0OEN3MXAzSWJlQVFnMHVEVzI1ZDNZdjN3dkgyektqak1LdnROa1RmejI5d1ZpTzZEMjRUUEFRNnhBX09ZM2d0Y1o1TklCb0R1WHpRVkI2am8zdzM3QXlDVnY2UXNQMk44eGZOTkdTR2hjZDg0ZTBPYXV3?oc=5,조선일보,en,Korea gasoline price,recent_middle_east_oil_risk,relevant,0
2026-03-12,"MIDDLE EAST LIVE 12 March: Shipping attacks, rising oil prices and widening humanitarian crisis - UN News",https://news.google.com/rss/articles/CBMiV0FVX3lxTE9FcXVhMGJvb0ZRMHRoazRjdFhZQ1RxZll5WWdic3FlOWtFd1JZa2VlODlOWl81Z3Rfb21OMFlFUmttOFVMQzZidzhuekhaRUNwTmNlLUZKbw?oc=5,UN News,en,Middle East oil price,recent_middle_east_oil_risk,relevant,2
2026-03-12,Oil tops $100 as markets price in prolonged Middle East conflict - Yahoo Finance UK,https://news.google.com/rss/articles/CBMimwFBVV95cUxPNDk2U3JhbnpyTmdlYUZ0Mm82LVd6Z0FyQUFpNTVLQjZLbTJxUmhKcGR3aUxoVDhBQXJhUFhVQW5nelkwTlR5UVJHMGJxT0tGVTI3TGxzN0JLVENOZzZIM0F5dWZxNWxCdnBqX2MzeUtwSldnV244N3BDQ0dZQUhVN1E5VTBURG5RNmx4OVEwQjFJNXIxcE1HZ3Nzcw?oc=5,Yahoo Finance UK,en,Middle East oil price,recent_middle_east_oil_risk,relevant,5
2026-03-12,The global price tag of war in the Middle East - The World Economic Forum,https://news.google.com/rss/articles/CBMikAFBVV95cUxQU1lBWHZ2NjJuM1ZNR2xnOHJxeWZEbUx2R21pdjA2UDU4ZldPMVFSNDRBajVDWEMzS0ZsMzF5SlhPdldvSnJ3ZGZhZUtyWVFueGhOZGpna2QzN0wzQUgxaEt2UG5SZlpxY25oWm9FcWQ5dm9vUjgyS2VSdUF0RmFVX080TzJDV0hpcEhTeFRyY3A?oc=5,The World Economic Forum,en,Middle East oil price,recent_middle_east_oil_risk,relevant,5
2026-03-12,The United States and OPEC in a polarized oil order - Atlantic Council,https://news.google.com/rss/articles/CBMipgFBVV95cUxOR0Ezalk3a1l3MktvUDZZOURNMjR6LS1nZzYyY28wTGFJVEZKZ0wwdklaekVVZkF6SHJ1MGdxUzIzTjlRWVFGX3FkMThnMDF4MnNqMmx0T1NQbldZZW5zQ3JIMXJmT2JkVlBENDFqeWpwTU1XWE4zZHRMOFhnQ19HWWw3MjJkNXNzVnRMb052S1gydjdXV1RZRnYzMjE4YW5DNl82Q0tR?oc=5,Atlantic Council,en,OPEC oil price,recent_middle_east_oil_risk,relevant,0
2026-03-12,"Current price of oil as of March 12, 2026 - Fortune",https://news.google.com/rss/articles/CBMiYkFVX3lxTFBUdVZLTFE5OGRGVm1GUXBfdTdoZ01fY0pxZ0gtdEUwV1AxUm1Ma20tMzdNS3RjdVp6MGpJTkNNekgyUVF4UDBxelFla0paRFpTUmdtV2RLbHRDN1JsaG52MllB?oc=5,Fortune,en,OPEC oil price,recent_middle_east_oil_risk,relevant,0
2026-03-12,Fear of Iranian mines in the Strait of Hormuz could further slow the flow of oil - NPR,https://news.google.com/rss/articles/CBMilAFBVV95cUxOZjlYQS1ObEJqd3luajZDdUZlV2JhdWZKTTZQWExZR0VmeHVMam1QYS1qUkk2SE5iYXBOZnh3RjFKbF84TlNpODV6MjUtX2R2Wi1SYjlRbUk5OHExMnk1UENWeUpMRGV5WE5HbGNNOVotTHhzQ0lJMWFmRm9GazRra244dnRXUGMxVFVZajhHRGhOaG1j?oc=5,NPR,en,Strait of Hormuz oil,recent_middle_east_oil_risk,relevant,5
2026-03-12,What it will mean for the economy if the Strait of Hormuz stays closed - Axios,https://news.google.com/rss/articles/CBMic0FVX3lxTE85a3Z3c1FjV1pJVE1iUmlYUXpzeGFjWERmaHJJcjdFSmk1a0I3QlppUW9pVEZwWVhIUGUyYk9ENHBPSVd5WWxDZ2hjNldkZ1JOR0RjUGFncGdyY0syM0pGdDRXSVZlQ0k4S1lQMnVNZThYUG8?oc=5,Axios,en,Strait of Hormuz oil,recent_middle_east_oil_risk,relevant,3
2026-03-12,Oil soars above $100 after Iran says Strait of Hormuz will remain shut - CNN,https://news.google.com/rss/articles/CBMihgFBVV95cUxObkxHaFRzdFNyRWVxNk1Ea0hNTjBEQUF4bjdTTExlT3poZFZHaFB3R0htcTFBalNnRGdoMjVHSk01VGdfaWpTSkF1eVJUYXIzazBmckN5WDJFN19hSVVlS0VrdHRQc0NsbzRXWHRETjV2SXFOaDBvRV9KMUNQaW02ckNtRXVoUQ?oc=5,CNN,en,Strait of Hormuz oil,recent_middle_east_oil_risk,relevant,5
2026-03-12,Iranian oil flows through Strait of Hormuz even as Gulf neighbors' exports shut - Reuters,https://news.google.com/rss/articles/CBMiwgFBVV95cUxNZlhjS0JINWtJZlRsZzVnZHB5RHB2ZFlGWms0NUNNRTd3cGZZUXhTYlNsd1NWSnNLRnk1Z3RnYmtKT2pESi1YSUNzaGwzS04zRjNQNE1nNldFcDRYd0ZnaU5xTXNmNVMtUXpjNXI3ZWhrbVJkRS1SOGJvRGFJMUI2MTVvT0lzSklLNk9oenM2VkhFYlo5bHBtSzR5cm5WVzNYS2duQWNLSWRzRTBhaWxGd2hZSEtDUVZJZkZ0aW1QelJDZw?oc=5,Reuters,en,Strait of Hormuz oil,recent_middle_east_oil_risk,relevant,5
2026-03-12,How to open the Strait of Hormuz? It’s hard – and the world is waiting. - The Christian Science Monitor,https://news.google.com/rss/articles/CBMihgFBVV95cUxPTE5YYW9xaXhhOVR5ZzJUYUZlamxGbVljNEg1YWdZTnZZd2lFS2ZBLXRHOTNJdGN4X0xnZmNvMGxhOE5kYUpmRTNsY1hWb0hYdmZNekJ1aDNDWm1sQlNQSDF1YTBnaDNOZmlLd1ZRSnk1UWIwZ0xtSDdOS2luY3o4WUE4dm9aUdIBnwFBVV95cUxPYkoxcURDY2RBUWpTTEYzVmRodkY5Y0JzanNiekI5dlo1V2c0c0hJc3ZjZWNIdDRhU242Sml0UjFBTzRxYVgtSGFHZjNSaVp4WWp6b3N1eGhQMFh1cXRPeTU2Si03bTNqSm9XSVRKakJrZXR0VjdsRG9DZDlfR181elBQLXVqREhUNjhKOWNGTGhVeTNwZjFuR3lJaTBvOFE?oc=5,The Christian Science Monitor,en,Strait of Hormuz oil,recent_middle_east_oil_risk,relevant,3
2026-03-13,Iran war scenarios: The oil price that breaks parts of the economy - Oxford Economics,https://news.google.com/rss/articles/CBMiqwFBVV95cUxNcnFtU3VNMEZuOTk4QkVqYk1kMEoxWjhia3lpWm5raWJyZFFCLTU0akh4MmdQel9ydUpPb0RsbTluZWZQSGkzblZfUUd3MjE2S19OUVdVS2NLdWhFV2g4TnFUd19KU2dZZ0pLb0RteXMwU0lCQWp3eVY0bm9HNTlOdW9iTExxMzJLZVBhVnV3OC1CTnpOTGdqT0hOVjYtaEVTU2praWp4N0gxLVU?oc=5,Oxford Economics,en,Iran oil price,recent_middle_east_oil_risk,relevant,5
2026-03-13,South Korea’s gasoline price cap should anchor CPI inflation near 2% - ING THINK economic and financial analysis | ING THINK,https://news.google.com/rss/articles/CBMijgFBVV95cUxPOWoyMUJrc0x5b3E4RFVJMUhPczZKcTdYVnRlWUJwNlAzbWlyMUxHalV0NG43QlZoY0M1bXFMdjRVTlFMdG16NVFYZTFYYW9ydkhNVm83NjhDLTdUSUZNaW9kaU5UUFZIUUM1SmVqNGU3bzhDcjV5T2plMzY1UEZPWktoLUtMa2M3LU14VEFn?oc=5,ING THINK economic and financial analysis | ING THINK,en,Korea gasoline price,recent_middle_east_oil_risk,relevant,0
2026-03-13,"South Korea caps gasoline prices at 1,724 won per liter - upi.com",https://news.google.com/rss/articles/CBMimgFBVV95cUxNM3VQd1BiSXhFd2ptTzlGX0toRjNGbnpxNUxfaGEtZ241LTdiaHpZdDh0MEZUOEYzclZ5VmFGemw2X3FmOUNZczRGVlA2VUR4Q19qV3EyamNZcmt2RXNMZkNob2FaRXBhdDNaTjlhbHRBY0pSTzk1WFBLYXV6TkVFR0NpbzlVMWdBSERNTjdxRGtHUUxSNTVGY3Fn0gGfAUFVX3lxTE8tVVVhQUpaY1BnUWRzX2xQOUVvX0lpOHRTYmlkV050a2g0Mk94cnRNdXM0M0FTVXB2bXRSLVUyaG9TVEZGNkotb1VvUUdGUTU1MDdHQlEzWDJxSlZNa3ZDdVlvc0ZnNWRFYU9tN1ZaNDNsUDE1bFV6SlRkallseV9URFJkUEJVNWZOV3VGRy11NlNWbTRtVm5kbDBTVFotMA?oc=5,upi.com,en,Korea gasoline price,recent_middle_east_oil_risk,relevant,0
2026-03-13,South Korea president urges public to report fuel price gouging - upi.com,https://news.google.com/rss/articles/CBMinwFBVV95cUxOSkNEMVZPNDJOdFo5ck5HYWU2dTF1YlJwWWNtVzZVVFJ1ck9tOU5pX0FGMzNnTzZ3cG5faUdxc3VqdGNNYXBqUVVxS2tIU19ISG12bURSZEFQUU1CQTFPbnlpdWhPWVpqVHpBaWtpeHVmYUxBRUQ5RVdZdVJ2YXg3c05HYUV4bnlGR1pnVTZCN3RMeVpFVVVPYmk2RWhCbjTSAaQBQVVfeXFMUEVkZGxjcklkYTVHVUxncnBoMndyMFYyd0lEbkdzQ3VnN0J3ODZhbkZfb014cFV0RFQ4RnFSOG8tbDAtWXo3dWJhRzYzUXpMZWFBM3EySkdJeXJlTjZ1dTVTbWVjak9ydWx6d0w3T09DVE5xWkZJV0xGR2Rob3VrZFN3cFI2ZElKMDZ1YXIwbFdIR19ES2F4d0lQSW9tUFpWSFpKbXA?oc=5,upi.com,en,Korea gasoline price,recent_middle_east_oil_risk,relevant,0
2026-03-13,Lee calls for close monitoring of gas stations as fuel price cap takes effect - Korea JoongAng Daily,https://news.google.com/rss/articles/CBMi6wFBVV95cUxNUU5qMUJJZTZ1WFBlMkE4emhFVkRiSEo2VmNJRmtFMGswbVREdE9Dd2sxWVF6UDRnaWhVTzl5eVEtaXlZSHVWV05UZUU1STFsV3pxN2E1bnVhQ3JXRURFcU5VeUtiZEM2azJTR0daMU01d0g3ZHVRbDdvX3pzLXNBNDVNaTNoZnRZWEdhb0czaWhYVGNRT1BGNzRvdERXZnJmTk03VUtRU05CS1h6OTJmS0ZYUmVQems4c2g4cFlFWU9vX2VEemFHLTd2YkVkZlR0LWtIYnR3XzdKeDBHcmt6VDhIYnU1VFpFeUxr?oc=5,Korea JoongAng Daily,en,Korea gasoline price,recent_middle_east_oil_risk,relevant,0
2026-03-13,"Government Implements Oil Price Cap: Gasoline 1,724, Diesel 1,713 Won - 조선일보",https://news.google.com/rss/articles/CBMijgFBVV95cUxNZDBXVDMxUk1jeTAza3JlUW5uZDdZTGRwS3RlQi1RbkQ5Ml9JdzJxeEVqLVFJWW92VDRWM2Y3U1A0SUVhQU8tNEtqNkhwSVc5SkNTU29Ed3pBeVRURHJvZFVKWjJuUFdXbTZmRmRyaEJGM3RUTlNHcTYydUNfcTdUYXRZZFl1cEh5dWg1MXhB?oc=5,조선일보,en,Korea gasoline price,recent_middle_east_oil_risk,relevant,0
2026-03-13,Governments globally roll out measures to blunt effect of Iran war energy shock on consumers - Reuters,https://news.google.com/rss/articles/CBMi4gFBVV95cUxNbFN5MVpQUm94N1p3cFdWMW1LaHlrY21CZlJkd1c3TW5fUVM3ZndHQjg3MmhnVlducG1yNE5jX191YVpPbElBbE1BUzRFWms0a1RxdHRCaFVyN1RLMmwxNk95NWg3UENHVmdhSGtndmdPQjBMLS1Hb0JsV2pMeExSd04wWG8zSDBoN0d4VzZzOTBQOFhOWDlTQzlrZ1oxTnN6OEpOWDFfZGxCUlljOTQzLUZYOTB1MXVKdkpOT0FYVXF3WHdQSWpOekJYV08xeENiOURhbXdMbDg4dXk1Wm5mbXVB?oc=5,Reuters,en,Korea gasoline price,recent_middle_east_oil_risk,relevant,5
2026-03-13,Oil Posts Weekly Gains As Middle East Conflict Drags On - WSJ,https://news.google.com/rss/articles/CBMirgFBVV95cUxNQWF3aTRvNVVGU1ljSTJBTGxWdTl3Z01laF80azE3Rk5WWkhoTFg1SjExT3JpS2U3RmtYbk5SMDBkWXVUUjdrVzFpR25zVWxGNUhadTlsRk45d1kyczZsYklDWmtHanc1WG5iTWpfVjhZcmRYR1pvSDR1UDhYWFhPcV9oajZ5Qi0zRVdVOG5XanNQUGNqVUpmOFFNUXVCdTB3ckdyei15ZVhJT1Y5VEE?oc=5,WSJ,en,Middle East oil price,recent_middle_east_oil_risk,relevant,5
2026-03-13,How Iran Blocking the Strait of Hormuz Affects the U.S. - FactCheck.org,https://news.google.com/rss/articles/CBMikwFBVV95cUxNamM0bWpkc3hNYnIzLW9TckU5UFNqcXMxZ0RyNHlFdU9rUm1fMWRpM0xZQWZFOWdUUlFNSHh0cGJpV0pBX2ZEQWtnb3BOLWgwSmJZVTBGV0J1U1VWYnNDVnIta0k0ZjZMRHVleU9lbFBKaEFyMHotbUx6dmJhTU92b1JiTTBXUHBoNzliVjVPem9GQWc?oc=5,FactCheck.org,en,Strait of Hormuz oil,recent_middle_east_oil_risk,relevant,5
2026-03-13,"Iran, the Strait of Hormuz, and an Unprecedented Energy Crunch - Council on Foreign Relations",https://news.google.com/rss/articles/CBMikwFBVV95cUxOSm9Ua2EwTkJCdEx2LU1heE1sWUpfczE5V21ZSTJfVVhTZmJYZGdqbk9EM1BmMWd4eWQyVVgtVTBDNWd6TlJOVkpTR1F3WENBUTViWG03eWxPVjdWYlRMQXpPNlo1aGZTWWJDMVpxMTMwNkxVTWtXdk5QZE9BWDJLRlN3N1Zvbms2T0xWM09DX3JHcjA?oc=5,Council on Foreign Relations,en,Strait of Hormuz oil,recent_middle_east_oil_risk,relevant,5
2026-03-13,Oil stays above $100 a barrel amid Iran’s stranglehold on Strait of Hormuz - Al Jazeera,https://news.google.com/rss/articles/CBMitwFBVV95cUxNX0FVUHpDUEt0WEo4WVgzSEY1ZXNTd1Vtb091a3ZIWXdFZzQySjlLd1JrYXFGQnpZRFBocU9HSlN0ODVHTmVzdkFQNVA1Zl9JLWlvNDY0a0YxOXgzdFdZRi1wd2dCWUFCVEN5ajEtSkZHNEZiYURhWFZLckVJVFZMbTV4LUtpWDFINDVYQm50WjlDOHZqTUt0U2VpcUNrRzFaSERlYjV4ZktRQW9vS0JvTnk1bzEzVmfSAbwBQVVfeXFMT01GNXl1SzFkY0c5bnRxQWhHM2Q0VXFOYlgwTGpWUjRDazB3UW5CbV9jaVI1cEE5ZDFGdkZOdTdPVGk1cjdWWG5zYU1VX1lSNmc5Ump0VXRQZUNEMFVrcGVnSS1yYXdxMXQ4Tm0xT2Z0cF9NWEdhNEx6WW9oMElOMjI4ZUplT0xTLTVURko3T0JxNGYtWkRQZGQ0bjF6OHQzM3dpQ0tEd2QycjJVaWpBd3E3Qk83Ykc5Y2h0cTk?oc=5,Al Jazeera,en,Strait of Hormuz oil,recent_middle_east_oil_risk,relevant,5
2026-03-14,Gas Prices Plunge as South Korea Implements Oil Price Ceiling - 조선일보,https://news.google.com/rss/articles/CBMiiAFBVV95cUxQcERfcHA1b3R3a0lTWW9vTVFfckIxSXRFSmFxaVE1clBHci1aT3lYZHJDVVYtOWQxY1JxSUVRUjU4ZGVMeUEyZ01jc3NXdHJxeHBxVkZjd1FpWUVvdXpmbGJqR2JlZ2VHNjEyUXo4M3RNZkQyWk9nazBFVk42Zjlla01iVE44Mjd6?oc=5,조선일보,en,Korea gasoline price,recent_middle_east_oil_risk,relevant,0
2026-03-14,South Korea's Fuel Prices Drop Double Digits Under Oil Ceiling - 조선일보,https://news.google.com/rss/articles/CBMiiAFBVV95cUxOblFuZ05ZODFqQ3VJRjZTMUhFSlg0X2VadDVrVkZCTHlMSzF1bkRRYnByRktfZUZ0MF9UaHpWaE4tTjZ5eG43N2xySVhFdGxSX21pUDUyODg3VFZ3ZkpFMDR5Z3NZNHNQSE5LQkhsdmNsTXg1VktZSDdlYTBISFBpRk9oaDFUQkst?oc=5,조선일보,en,Korea gasoline price,recent_middle_east_oil_risk,relevant,0
2026-03-14,"How war between US, Israel and Iran could impact your summer vacation as price of oil skyrockets - ABC7 Bay Area",https://news.google.com/rss/articles/CBMitwFBVV95cUxOUkk5N1ZGd25GVnhyc3dFWEN2Zm9Tb08tZWY3SW5WdG9jOC1hRUk2U0VYRC15bUNXNExvMnY2bjl5RmxEbGhBVm9lOWJhUVMtMks4QnU2ajJWbGhZMlFjZnJPczloODRNUUZ4cFlhTk9wM1l2Y3VVMFZfQmRpRk0yMkhRZm04TFNhbkp6OFU4UTgyQmNHUXBQU01nLXdvMk9ycFNLVmVUczBsc2dTSnBPaG91OTBYTFHSAbwBQVVfeXFMT3VqVlNJa1BXRk9fTEYxWXN2aVBvNDdKNW41Uk81VVlkZmdqckV0cVZwRkh1S2Y2WFRUWU1BRVNxRmVobFlZc2pSZV9XdTF1M1pWMHlET3FyWjZBOE04YWhla2lJWmFaWkdGcmRIcGJwbnlObE1DMnVYcnJESThwV2czbU44N0RqQVlYa1ptOGh3aWR4Wjlid1hOcUpBblIxVGlzWG5BRm1SQ20xUmh6OERnSVpDaUpzU2xoVko?oc=5,ABC7 Bay Area,en,Middle East oil price,recent_middle_east_oil_risk,relevant,7
2026-03-15,"U.S. oil soars past $100 a barrel, as Iran war shows no signs of ending soon - nbcnews.com",https://news.google.com/rss/articles/CBMihwFBVV95cUxNOG9JRXZiVTZlVnRjMU9SSmpsWk9TU3lQVnUyeVZ4NndyRjhhX2dsN1lCV0ZkX01oVFJDcjdiMzl6b3RRTzd6OVhLMlpFNjk0VWkxMmpJRXZkdmZOWUxwVHdQR2pGUVcxeDU5UGlpZ1RsVUV4bzhocjR5Ny1udmRTWTZXcHhTMUU?oc=5,nbcnews.com,en,Iran oil price,recent_middle_east_oil_risk,relevant,5
2026-03-15,Oil prices fall as Trump pressures allies to help protect tankers in Strait of Hormuz - CNBC,https://news.google.com/rss/articles/CBMib0FVX3lxTE9vWXhDeWduZkdLdU5iR2diS2d3UXd0dXB2V256dl84YUNmWGxrS1RsTlFFT092TWZtclh4SDR4ZTV2Y01lQVFuV0hkeEkxMXFGbFNCN1BVbHh6bk1DR2pRQ2Jjb2I2X2RHMmVWMENOONIBdEFVX3lxTFBoU1NLSnZIbnZSZ3Z5YzlENEJKQUhpbkJ5YTNBdWpuUVNLX1ZfRF9TdFFUZGZxeGg5Ym5MRjdUajNVNHF6LTMtbUwwN2tWQWhzMlJtUjZlNzNsbThycFpvQWtEVmFUQkJpLThfNl9wVy1hZjQ0?oc=5,CNBC,en,Iran oil price,recent_middle_east_oil_risk,relevant,5
2026-03-15,Oil poised for further gains as Middle East conflict threatens export facilities - Reuters,https://news.google.com/rss/articles/CBMiwwFBVV95cUxNVHlOVVdNbmk2elRIdUVBLWJQMG55cC1DRjhlVGxyeldiZ3Z0QjZ6bEluQ0dSZFlXaEZ2Ul9uTklOd1lMd0ZyZkR6Sl9HY3p0bEFnSlNBbVNFU3FqMU9tMnMyVHNVVTZmQmR5d1J4bndPblF0YU05dXVEejVZWHlWSHFJOGxJamk2Y2lyTGNvT2JwMldyM05lRUZKVUFMOC1LR1pHM2NpeFg0c1Q3OXZ5OTJOWks4MkoyMjI0cWx5alpVRXc?oc=5,Reuters,en,Middle East oil price,recent_middle_east_oil_risk,relevant,5
2026-03-16,Retail fuel prices drop at slower-than-expected pace after price cap system introduction: ministry - The Korea Times,https://news.google.com/rss/articles/CBMi2wFBVV95cUxPdTJ6bE5hVEdSdkpPdkY0VDJYbEFhSkd2UTRtOUFWVnFyVzZqVjU4X0lVRl9Id0l1cDViVWF6WHl6T2NHdU0zNkdyTkw5cXEtR0pGTkxveFNXaGpNc1lFbzZvT1RUWjBoNDVZQ0ZfQ0ZBRGNVenlpdFlxaDJQQWF1eFdBQjExTmlZR0daV1laYW1VZnJIRlh6ekstUE5scm03M1BSRmtCbTRjWlFOMDg0eXdOWTRuSm9nRG8wSDduT3JjemFLTDdjdzIybVhzRUZNRW1naEpIeklFTFHSAeABQVVfeXFMT3k1VHFxMkdxY012SVBrLUxrVHdybFl4YzZDUGFhMFIteEdLM244Z0lySGVVa2RQRTVGWWlrTHpWRFh3eFY0UlAzZTY0Z3VfZEo5NnN6ZU96aUtRZ3prZE1TTVZJZjlDVDBDbGVScFdQbDVlUXlVTjFvZ2xzWFlva042Z0pMaTlFNXAybE5ySlBpVE5EX0FzdS1tUU1kSlR1aTRlQnptWWNmQXRQTC1Sak16d2t3MEhjNDAycjA3WkluaTZMSGxKVTYtdUpSWFAwMW05WUYwU1FzSjNXQjlCQzg?oc=5,The Korea Times,en,Korea gasoline price,recent_middle_east_oil_risk,relevant,0
2026-03-16,Oil prices hold over $100 as Middle East conflict rages on: 'A high-stakes stalemate' - Yahoo Finance,https://news.google.com/rss/articles/CBMixgFBVV95cUxOejRqY0pzMFBfellZWjVfblRhVTMyaEtwT2ktQWt3Q3BCanJNT3ktWjNvSmo3b0MzTUhwaTRwdDUzWHZEdUVXVVJhMVd0b2VYNHR0X3o1MV9zaVZnZWxvdGd0SHBPdnFGMnRQYW5vQS0xRVV0WEFfMkZRdXN0U2ZPTzVueUxtR0hqU09FZUFNWElhbWI0UzM2SUxoNHhWT0J5dnFJM0hvTWg5NTVuTGdTWHU2UC1TOUVhdU1TYTJmMkxaSDRTMWc?oc=5,Yahoo Finance,en,Middle East oil price,recent_middle_east_oil_risk,relevant,5
2026-03-16,Iran still exporting millions of barrels of oil through Strait of Hormuz even as other traffic paralyzed | CNN Business - CNN,https://news.google.com/rss/articles/CBMijwFBVV95cUxNMVowN2RJVWtQelFjb01BNC1xWk42S09FRWJ4YkIzVFNiZXgzWEhLbE9DZEd3MUpkQXFXd0tZVEs5RVZ0WmNVLWVqUDV1M3lLdEtFdy0welhCWjNrY3h3UjUtWjRzX1hObGZkbnZvekItNWpCb3p0dmtaTFdlTDhEN3NJazBiNzIwV3djbVdrbw?oc=5,CNN,en,Strait of Hormuz oil,recent_middle_east_oil_risk,relevant,5
2026-03-17,Oil prices settle up 3% after renewed Iranian attacks on UAE - Reuters,https://news.google.com/rss/articles/CBMipwFBVV95cUxOYUlKYTU2aFpGNy1pVWdCemdfckwtMlVCZk52d0xsa3ljSmUwMXlTZXA3Q0g3QjJ4V3ktcUtTOHVONi1UUjZNbXVfRmJIdjlyQmNfd2hHM0pmaVpXT2lUWHJRMklpUTZRMkhPUlNyQmtjMklvZkVraWpJdEV0dzAtQXlmdjZfZ3YyQlN6VnExMWNNVG1lTHUzWEtLbDhnUXkzMk9Pa0lBdw?oc=5,Reuters,en,Iran oil price,recent_middle_east_oil_risk,relevant,2
2026-03-17,Korea’s fuel price cap pushes down prices at nationwide gas stations - pulse.mk.co.kr,https://news.google.com/rss/articles/CBMiV0FVX3lxTE82UC1pMThid0dBcGZBSjlzREJhMGNadml6MW5lbmxfc1drV05KWHJ0a1QwMG9pMzFJVjFGUlBBNDVHcjY1MV9La1ZEWlNoTzZFdXRTRUhjRQ?oc=5,pulse.mk.co.kr,en,Korea gasoline price,recent_middle_east_oil_risk,relevant,0
2026-03-17,Price cap drives Korea fuel costs lower as diesel outpaces gasoline drop - CHOSUNBIZ - Chosunbiz,https://news.google.com/rss/articles/CBMiggFBVV95cUxQOTV3UEJCUnlLaDh4b3J4bWo2b0xHa2d2Z0hwSF9RNmlYU3FFS0JFb3g1NnpnMHA5MVQwUTBTS2N2Tmp6X2FtdVF2QkRCQTJQYVYzdXZjODJsdjdxYmx4aVdhWGh6RHhOdlRwb2pDVnpmemQ1X0JlaC14dktFWjVVZXJn0gGWAUFVX3lxTE1VSDNNbld0bXQ4ZGpuVWxuZ01oSWsxbkRaaG1rVnNCM0FnSXBsNFJVa1ZDNi0yeG9YUjZPMG9FUDZqX2NUbWlDYTRGbUVsWkVMcXd6MXJDRG5pdVNzN1pjZ0NWSHNRNXc3ZV9JRHRKb2lmQmVLeFl4Vjl5NnRmNFVtREs4SjZyeUNuUF96Xy1FdVUzSFo1Zw?oc=5,Chosunbiz,en,Korea gasoline price,recent_middle_east_oil_risk,relevant,0
2026-03-17,Crude Rises as Conflict Spreads to More Middle Eastern Oil Fields - WSJ,https://news.google.com/rss/articles/CBMiqgFBVV95cUxPTldxckUxY3JlWk5YbzRxTVNLMUpfQVVKazFkSEhJTFNJYkdESEx2b0o5Z3lmUmtuNWF2MTlSX3dzRmx0WmMtWmpucFYtT0V2ZUxrcGVVVzZJWVJjejI0MnR2U0JUNEhDWGx2Mjdxc0ZnX01DcnRUTXhWeENaR1lrTjh1WFh0ckw2ZnVLM1BmbTBSNHZjTWpLbThZUER3dW9xWDRsbmljaU9EZw?oc=5,WSJ,en,Middle East oil price,recent_middle_east_oil_risk,relevant,5
2026-03-17,Middle East oil becomes most expensive in the world as war cuts supply - Reuters,https://news.google.com/rss/articles/CBMisAFBVV95cUxQWnh2Z1RubWZfaHY2bmsteTRlQmRPTi11bkRxRjZuOEloaDU2VFpGRUR2SlJJc2JOTEI5a1NEX0plN0J5ZTY2U1ptMEdUM1JnYmhZVUdEbi1kTjY3b2pVdjFIWlpGYnE1TUI5NjZ4U1FEMW9CZkg4UFNBMnIxaFhFN0VvS1NvZzFORENKZWZZbHBlWVBnd2hoUDRkZ0EyRTgwNWVwMXk3djRyc2lPTm1xag?oc=5,Reuters,en,Middle East oil price,recent_middle_east_oil_risk,relevant,5
2026-03-17,What Is the Strait of Hormuz and Why Does Trump Want to Blockade It? - Time Magazine,https://news.google.com/rss/articles/CBMinAFBVV95cUxPcmNSZjdqdkpyU1dHNXE2eUJkMDc5MDBKRDRpVjh5Skxfc3pFaVhKRHEwNjJGUF85NE9QeFdFQ2FvRXgtSnRvTW9hYTl1Y0dEZXQ5VF9kYmprakFmaDJLVTAtc1FOVlkyWE1INzgyNWNFR3FDOS04S0JkTjVXOGg0elg2OUNlSmhQaW1GSi1TMnhfVXU0WWFMLWdfUmY?oc=5,Time Magazine,en,Strait of Hormuz oil,recent_middle_east_oil_risk,relevant,3
2026-03-17,Oil prices jump as Iran warns Strait of Hormuz ‘cannot be the same’ - CNN,https://news.google.com/rss/articles/CBMigAFBVV95cUxQTXR4c0JodnVGYUdUbzFWbHlVUUdkSU5UYkNyNER2ejhtbDUyWFF6WDRTcFhUaEgtT3FselRBWE95WWdPblE3N3FlZGpmM3hvTm5tVXJCaEp4YktBakdlcjVNM2E4SURjMVVRYWJ3cVNsWU1zM1p1TVc0LU9OU3ViRA?oc=5,CNN,en,Strait of Hormuz oil,recent_middle_east_oil_risk,relevant,8
2026-03-17,About 90 ships cross the Strait of Hormuz as Iran exports millions of barrels of oil despite the war - AP News,https://news.google.com/rss/articles/CBMinAFBVV95cUxNNWNXMXdYQlRVb1pMSDlhNGxJaGE0WDJneVJmU1hKY2o0TjdKb3h3VmdtZmlfSWNjTXNwSWNwU1JFSGJ3YVhCaW5QUGRaOTA4LWRjWWpwWWlvbmxZczNob2tNTGIxT0YwdGE2LVdWaWF3eDByMHZxYXoyYldleGlxd0lTcU9BbHBULTVKNktMUzMtMGxNOXlqdEthUGs?oc=5,AP News,en,Strait of Hormuz oil,recent_middle_east_oil_risk,relevant,8
2026-03-17,Oil prices jump as Iran warns Strait of Hormuz ‘cannot be the same’ - Yahoo Finance,https://news.google.com/rss/articles/CBMifEFVX3lxTE5jZWoxMUJvSzBSdEZOU0xQb2g3emlEQnNLNVhiSi1sVDdFZzV6eVpqRWotZ200V3pYWXlwX0NkOEY1YXVrVjdsdmNvZHQwa1NSS2toV3BmUUJLUW5hQTZRdzBfck9TeHJrX3JRNHlpTnNNcG1ORjNWdTFtYmE?oc=5,Yahoo Finance,en,Strait of Hormuz oil,recent_middle_east_oil_risk,relevant,8
2026-03-18,The Iran oil shock may be different from other price spikes - Atlantic Council,https://news.google.com/rss/articles/CBMisgFBVV95cUxNRDdHcDNMS3J5VDJjMXVjX0plbHNOWHlVNFR4d2FfbFY3bTBfTEs3UkdObk5QSGVla3d2cWxjeEYzdDc1OVVyQ2pocFVJWWJ3LTR1bEJRMkhBNW8wekxhNG5sc1BKQS1BU0lydzJ5NFVCMnZxeGY4UDVfOE5DZ2lnMkFZUjNWcHctdW1SeGpBMXdlSVZLQTBmR3RHemM1ZFdHQTRSQWc5dTZiOTA0YnVobzZR?oc=5,Atlantic Council,en,Iran oil price,recent_middle_east_oil_risk,relevant,2
2026-03-18,Oil prices hit nearly $110 as Iran vows to escalate the war in ‘new ways’ - Fortune,https://news.google.com/rss/articles/CBMilwFBVV95cUxNbjBYRFl5TThoR2plS0RQa1pNUlJWWllDMGNqblZSTXRwVWUwNjJEc1dxYm82aFlCb09HZHR6MFpHb2lpZUl1MHRMd3laTUQ1UnF5LUJ0QzhUS0R6d0NBT3BwSXlhN2lrODJYbktxSDZ0bEw3angwT0k5SFgyT01nX2FDU0pSSlQ0eVdtUFdxZ2tTaTV2UjJn?oc=5,Fortune,en,Iran oil price,recent_middle_east_oil_risk,relevant,5
2026-03-18,North Korea fuel prices spike 25% amid Iran war before stabilizing - DailyNK,https://news.google.com/rss/articles/CBMinwFBVV95cUxQYUhoWlQzNUd5U1pfcElLZ2NGT0YtQzdNSWg0UmFMcGozSXZuQ3l4TXRrSGNSc000YUpueWpCUVcxdDhZOXNYdlo3T3Niems0cDlvaEZoNzRDTVVKSFRDLWlNd1lXblJVYjJlTUVEYU1kdVc4OWpTeVB4cnA2akstU3p6eUJ6LXh5MDl5NlVoSUJCTlVPY2x1em5WOEozYlU?oc=5,DailyNK,en,Korea gasoline price,recent_middle_east_oil_risk,relevant,5
2026-03-18,How Trump’s War With Iran Is Impacting Gas Prices in Asia - Time Magazine,https://news.google.com/rss/articles/CBMijwFBVV95cUxOUjVjZ0xIeEpkNmtXSms2aFJ1NnBmSWt4R0xETnBVcFY0MnJqb2RBTWpkVmozV3FRdko0dy04aGVKQWxwNVB5c2tDa1hPZ1hkc3dpZUlrOGFEOXVoMHFyMTBQTFowQWgwMEpZN1F4QnhrR2NCUXJtbXZYMGhxSmRTdU4teTNZcjJtZ29XWVZ3dw?oc=5,Time Magazine,en,Korea gasoline price,recent_middle_east_oil_risk,relevant,5
2026-03-18,Commuters turn to public transit as fuel prices soar amid Iran conflict - The Korea Times,https://news.google.com/rss/articles/CBMiwgFBVV95cUxNZ1hKYXQ3NjhvbUUyY0JPWG1qU1UzVjY3YU5DR3lIT2NNWjBkUUE3NjR4czVqUGxzeGRJNjVWbHAwRjRYWFY5bUN4YU1mQ0YzX1prZHA5S0lsQjhRNDc0OVF3R1FLaWJQX3o5WXNabkZHd0x1V0REM0d2dkhXYXZPWGp6dldNSEpBQ1Nua1VJVG1iTVhuUjZuajZ6dms1azktbEpQOGcyMnhfYkV1VThGMTdaSlRMWHdQOUhKSmR3M2xQQdIBxwFBVV95cUxOZjh2VnM4c0NsaU9jTHB2eWx0YnNhRHBlM3VFM3ViSm9JM0JsNlFGRkhnYlE3NTd0bXhEbjZfZ1dUT2hUQkJRUUR6V0RyUlVqWGFaMkNhNmozYWJ3UUpCRnY4NEFTU0MyX2MwN0diR3g4RXpKUXZJQXpCY0hacEdydkhjZzIyT0FlNWN1SzQ1VTlzM3Z4RHNIVHhMT2VHS3FzU09kelhkQmw2YWhSUWhKUGpxRzlzRlRXSlR6dVlWOWlVQlpmSHJj?oc=5,The Korea Times,en,Korea gasoline price,recent_middle_east_oil_risk,relevant,5
2026-03-18,Price cap drives sixth day of fuel declines across South Korea - CHOSUNBIZ - Chosunbiz,https://news.google.com/rss/articles/CBMiggFBVV95cUxQODlVMlBsemY4MUVZN3VWc0l4M3k2RmxHUDNlMHdQS0IzbXlQdWhWSnNheWpldTd0aTNUNkt2MlZCODkzVXkwWUNveDloM1lRSFFHQkVNVF9wZzR5NlBjeTVqWXA3NFBJM0t6c1BkempxSFJNRm9kTlA4azhkMW80U09B0gGWAUFVX3lxTE5reFQ2VkF5SjNnLXNjdmZpOUpGZ3RnM2FXZ1lpUlZZMUYxU1JoU0NPNmlTczhmblNQOVFuVTRKamNDMzlRWDNGZ05kOHk4ZjlGN2QtaHltbXRwMzROa2Jxb2tBZjdTVEdkdDZrZkVPaTVWUWxCcGN1cHBtQXcxVFdfTk4tZWtENWNOall3VGhCaEJrQVl2Zw?oc=5,Chosunbiz,en,Korea gasoline price,recent_middle_east_oil_risk,relevant,0
2026-03-18,$200 Oil No Longer Crazy Idea as Middle East Supply Collapses - Crude Oil Prices Today | OilPrice.com,https://news.google.com/rss/articles/CBMipwFBVV95cUxORVZpcGZ1MEhpYUJveWhiR0g1WkFaM0tjNlkxRDhUMHRaQXRodkVzWkZCRnMyM01RVGlpUXVvOUR3bnJ2RVpfQlQ3NjF2SGFnaUxBM1hTX1M4N1J1bUVrajVXSWN0cC1oR0pjY0JDbGdpN2pBcXdJMDE1eldNdnU0N1hFcHRYYzNibTBLcklYelBaZjl4UWU5U21XZ25mVzBJejZ4aXZOONIBrAFBVV95cUxOQmJWVFl2TjBwcFMxNER4dndIdjVUNW5fS1Z3bHkwUF9SdXRVa2JGVXBEZDlnM3VTSHR4Zk51Yzh6alMtdlhQLVdEV3AxdERYcWVqSVN6T3hmaDhUVm5zU0tvM0hSRm5VSlVJbGVDbGJjdE9oMHMtOGpkYVlxaHJQS2pNSUFfRjZQaDU0aDJ4Q0ppTW9SSG84OFY5SHZGMFVQUFNUYi0tTjIyRDZS?oc=5,Crude Oil Prices Today | OilPrice.com,en,Middle East oil price,recent_middle_east_oil_risk,relevant,2
2026-03-19,Oil Gives Back Gains After Surging on Fears Over Energy Supplies - The New York Times,https://news.google.com/rss/articles/CBMid0FVX3lxTE8wY2NWM1NYbWxmSldiUzhjYTBTQnY5LURFTjVWVG54d24zQ2FpSkg0UHpfR2Y0X0VqMm51RjV4SXNnMjJxVDhwcXc3cVdrZl9GdkhYU293bjJUOE5HRVNXOXdfUjU2UnJDQUVpNzRQeW1tbE5KbzZv?oc=5,The New York Times,en,Iran oil price,recent_middle_east_oil_risk,relevant,2
2026-03-19,$166 a barrel? Middle East oil gives clue to where all prices could be headed if Iran war drags on - CNBC,https://news.google.com/rss/articles/CBMizgFBVV95cUxNckZmN3V2UXo4Tk9pUnJ2Mk9XTlZuVURXSDB1WlNDamUweUptNHhicHZod2dSWVFreDlncExYR01DU0pINzNoVEsxUU5ybGRZX1pfOVNFb3NQMDdVMGJzZ1plWklFc0Q0NzBQcVBnQmZDeGptd3habEI5Tlh6RDdoX09saFg3S1hublYyNEdpazh2LTMwcWlGRWZKNmNWT21EQ2g3QjFZVkdLOWpQQ3RzM1NWZkZ0NkRjQ2hQRUxFaVVDSUMzQjVnMHR6NVR0Z9IB0wFBVV95cUxOQVhSYkgtR2pXVFZPZk9qejk1cG1Fc1N0Q0NNeElWc0xCVDlZV0M2UkV3dVJjS0NCTGNLV2owQmVfOS1YYWMybHBTWHhMMk15aGtSVnRSdnhGVlJJQlRsY1laZkNwQUFKbDUzNkE0YUl4LXNaVVhjeU9wbjBfOFdpY0EwenFDbmRHR0w0NXNYUm90azRScFVGTzR2WV91dUhiYXdIQk5yM0hnOWhRbGtpRjh4VVpRTTF6MnNsOUJ4Z1VuYW1hajh6U1ZfTFNhYTlOWC1Z?oc=5,CNBC,en,Middle East oil price,recent_middle_east_oil_risk,relevant,7
2026-03-19,"Prices for oil, fuel cargoes smash record highs as Iran war chokes Middle East supply - Reuters",https://news.google.com/rss/articles/CBMiyAFBVV95cUxPVldKaVdkWXZRVFZIMXlJNy0wUjEwOXBQRGpLUlZJZU1KU0NleE9LZFNabUpRU01POWthLTZqdWNzSUhXb0RHLUh1d2V2RVgtMTlyX1RSN2Uwd3JweTZiWmNiTDJ5a21TT3hVREV3Rm5sMjJrYlRTLXNsdDhnZ3FRdXZkajB2bXYySFlVcnptYmkxMmFXejFmWERfa25xMFFNSTJVYm1kTUs4QVVxOGZIQlp5em9WZjBqeEFHMEZ4T1N0UFk1eGZpcg?oc=5,Reuters,en,Middle East oil price,recent_middle_east_oil_risk,relevant,7
2026-03-20,New IEA report highlights options to ease oil price pressures on consumers in response to Middle East supply disruptions - IEA – International Energy Agency,https://news.google.com/rss/articles/CBMi3gFBVV95cUxQaFJDX1lRbi1nNXViN0FzU25nMGpOa1pIbzFkQk5QbE02QTlWZUxiNkk0UXd5bXY3c0tpS1lELXFyTXQ2eS16bDhBdl9VdVY2UGRzQ3diY19SRF96UEJsYk1Qb0ZHbEdwVU55eFc2TjNKUmxVNVVKS2tVRHVyYmtHSVVCdGFqV3E2MWNhT0h4RjRXdndsdEplNzNHX3lrVVlsSkdNMTQ0MHNoSy1NYWVYVlV0R29rUXB1Q25HSFdFVlNwdS1uaG9NbFItd09TU1NCLU1SWkI5d1JhUTRCdEE?oc=5,IEA – International Energy Agency,en,Middle East oil price,recent_middle_east_oil_risk,relevant,5
2026-03-20,Strait of Hormuz remains shut as Trump pushes U.S. allies to help open the key waterway. Here's what to know. - CBS News,https://news.google.com/rss/articles/CBMic0FVX3lxTE9NLThvSF8xWG1uWURaYVZSNnROaXZ0MWx0TzhuVkk3U1dXWG9oTFNIeDllY2xTUldHSFlVX2VMVXk4UEEtN0lYZjF3Ylhsa0F3RS1Lb0ZYekR1eEE2aGktam1tQnhIRTBkRFVMNTFmX184ajDSAXhBVV95cUxQa1hJYWNsQkZKcm85SlpzVDlHNUUxamZIbG9qNXdxM0lJQW1yWko3bXBDWXdrQTZ6eFNhUFJ1V21JRGQ4aktzQ3N0cFB4Zy1qZ2dnSmtkZG1zRWZDX2lldGN3X3JtV0xSYmVheW92bU9UbUpQcnN5cDc?oc=5,CBS News,en,Strait of Hormuz oil,recent_middle_east_oil_risk,relevant,3
2026-03-20,What the closure of the Strait of Hormuz means for the global economy - Federal Reserve Bank of Dallas,https://news.google.com/rss/articles/CBMiZEFVX3lxTE9iN0lUZHZkUmNvcnJUYzNyUVFLei1iRnFuY1ExYzZQT2dnNkNQZWQ0cWlaTnFjQm9xbW0tZTl1MVZSTktLVnExblE4Uk1xQkZ5NjZ6N3BtQ09rWEdDSks0RFcydWU?oc=5,Federal Reserve Bank of Dallas,en,Strait of Hormuz oil,recent_middle_east_oil_risk,relevant,3
2026-03-21,Petroleum Price Cap Policy Sparks Sharp Gas Price Decline - 조선일보,https://news.google.com/rss/articles/CBMijgFBVV95cUxNUW45andZa0FWaldOXzJnUEJOUjIxWTROZzJWaHVFTGJSbVdkOGJMTFNrOGsyY2s2YnhvS05YdXJGSldEMG1RclE1ZjZLOG55LVd4TWxMOUJ2VTdoQ05ETDg5c2t6M3hDbXo0UmFZX3dOSDN5a0lPQ3VTRU9RSnRaUFAzbi1mRko1MTFfZ2JR?oc=5,조선일보,en,Korea gasoline price,recent_middle_east_oil_risk,relevant,0
2026-03-21,The Strait of Hormuz is about more than just oil. It feeds 100 million people - CNN,https://news.google.com/rss/articles/CBMifkFVX3lxTE9HMnByd01mcDVFakJtaFJ3SE4yMC1jUTFvRE12bkRYT0tibk9xN28xMEF5WFBLUlBPQjM2dkNJTUZqRzVmc2dwajB1X090UUZ3Y3VLcDBSUUpza011ZGJzamUzYndEN19FTkRTcHdTOEtrcGNJaHg4eWVWa20yUQ?oc=5,CNN,en,Strait of Hormuz oil,recent_middle_east_oil_risk,relevant,3
2026-03-23,Oil tumbles nearly 11% after Trump puts hold on U.S. strikes against Iran energy infrastructure for five days - CNBC,https://news.google.com/rss/articles/CBMiqAFBVV95cUxONnh6TzZGRGxxUXlhT3MwdFdsN19JdjdWUkkybS1Od1lhQWVVTy0tOF8wSV8zSFFlVlp0SGkxa1ZtNE8ySU1pRVhvdkZxeGZ1NE5ZdFcwNFI5N2t0SzNjZTF3WmZFTTNqaTZmTEdsSFY3cE5zU1VWem9nN2s4UTlUei1kd3gycWN6OUE5WFNVVDN6d2RSSXpzXy1wMlZhc3A3TXB4a0V1U3LSAa4BQVVfeXFMTncxRUlGbUoyMHluZlI3RG1kdlJJQXhTbWFHWEZlZzZTQ3JvcGVRekNhclQ0dkR3WUlhLTVqR2hQdFNMTmQ2bEJqU1Ffd3NxbnpiU1hycXotTDJEWHBpRjIySnQ2Wms4QnF0a0RER0VXcm1iRFdEWUIwRVBNSGhOSnVzRmFMaFdlZTA1ZlZob0YzVjNJaFhidXVNYVJpdXJJWDJhX3hUZmw1UTZFRzBn?oc=5,CNBC,en,Iran oil price,recent_middle_east_oil_risk,relevant,2
2026-03-23,Oil prices fall as Trump hails ‘productive’ conversations with Iran on an end to the war - CNN,https://news.google.com/rss/articles/CBMif0FVX3lxTFB0NnhlMUtGbnVlWHFyZFRnbXZGS3ZzUjd3cWJnVk9aR0tOTW4ySVdUUVZSbmp3S0ZhU3JNZEphUnd4NnhuNlhsV1c4dWZWNmhaeGk3eEN3dTdRMlRCR2VKZzA2bmpTRThxaUxiSkFBRGZrbHI4eFY2blhlVFBMU00?oc=5,CNN,en,Iran oil price,recent_middle_east_oil_risk,relevant,5
2026-03-23,"If Iran war sends oil prices up 100%, here's what history says will happen to the stock market - Yahoo Finance",https://news.google.com/rss/articles/CBMi0wFBVV95cUxNNVZJdnBxVFNpZTRqRXFGMmZ2SVd2b3dJeWdnOWQtRDByQkxIZWd0NDRpTVlaUUlRZXpUdWZGeE5SU1RlNk9GYzkycTZQTGVuVkNVbW5zZi04alJSUmw1Q1V3UGMyNmJRRWw1cGRFUzIzLVB4ZUE1cVhnVXZOUDhWRUI2NTc2NTRYTFh1c0JpdDY4cmpxWEJzeWRrYkJKcnl4QjA5NmZBQXlsQkZneUw3SExoSVBEUHh6aXl4WHQ3WkNOT2hLWWhLMHNReGZkNl81Mi1R?oc=5,Yahoo Finance,en,Iran oil price,recent_middle_east_oil_risk,relevant,5
2026-03-23,Investigators raid offices of 4 major South Korean oil refiners over alleged price fixing - Anadolu Ajansı,https://news.google.com/rss/articles/CBMi0AFBVV95cUxNVmZoWHBqR3RydUVsSENHVkJWcGszTVlaOTNnMGdwTmpmNEh1WlRhNFNWWmVYQVUtcFVaRTI4cmIzOVl5VmFDa1BTM1hWTkE1UVdyQUhJaUZSRUR0TGF4TW40SVd5WE12T01mWnJ3c1VZRVdxRjBHUkxxMGhBNEhQSTNHZVJzSGhSUzdBN0tUZHMyQmNBb0J6TThaOW14Q1pJM1psNEhJUVN6OUNyR2RtdG85TTVhcWFsNE5ETHlPaWFROFlPeHBwTkw1c3dDMHJs?oc=5,Anadolu Ajansı,en,Korea gasoline price,recent_middle_east_oil_risk,relevant,0
2026-03-23,Oil prices plunge 11% on US-Iran talks to resolve hostilities in the Middle East - Reuters,https://news.google.com/rss/articles/CBMivgFBVV95cUxQTHJVbUZ1OTc0S20tOFBzc0ItN2ZYcFRJa1RrenFMdGZGZlc3bVd2Rml4eGdTM2dtNlJUWEozTFg3WTdXUk5Qak42bzdiOHd4NU1jeVo1YmNtVE1SekNxbVRqS1FYV3dWd0RGQzAzQWJnMHdaNGpvQ1FzLTcxX2E5ZENJWjQxYUFkRHFqb2ZiYVdnTHp6cmduUTNJeUs5ZGJnSGh2dTMwbDBRdUs5TWRCTWFXMks5NWpLMGNFZF9R?oc=5,Reuters,en,Middle East oil price,recent_middle_east_oil_risk,relevant,4
2026-03-23,Oil Futures Retreat On Middle East Conflict Seen Easing - WSJ,https://news.google.com/rss/articles/CBMiygFBVV95cUxNSldSMUJaZHR1NFBTd3F5Z2QxZUZFZVlOOXkxOFJPaURhWUZfeXdNMC16d0xJSEJzcDNUd3BPVUl4ODg0RW1jVlBuNEp2YWhDOHVEYWdKa1pXam9XeDc5bzhFQlRoRS1oNHk5ekVLcV8wb2lHWi0xTmdYYlI0eXdabVRnY003M1RGdmFtZTZ1T1BWaHJvak01OWpDT2VJNVRhbXhmSVpTeGMwZUJRZGYzei1WMDQ5QmdRYmJ2ZkZicTg0d1hMeUNYbjJ3?oc=5,WSJ,en,Middle East oil price,recent_middle_east_oil_risk,relevant,5
2026-03-23,Oil Prices Drop 8% Ahead of Possible Middle East Peace Talks - Marine News Magazine,https://news.google.com/rss/articles/CBMiggFBVV95cUxQRW1YdXlUbmFPbF9CdmNsMGxCZHlzLVl2Q1N6ZUUxLUk1Wk9OUmVZOEJ0aGJ6bUlVdjdUTXhqQ2R4dkFlTkNiVTFuNHlpb3M4VVZpbGNONm9VWXgteGhqVXZvSTViN1I0MzBGNXRzb3pwRmVRb0g0SkMzemdpdWdXMXJn?oc=5,Marine News Magazine,en,Middle East oil price,recent_middle_east_oil_risk,relevant,2
2026-03-24,Oil above $100 over conflicting claims on US-Iran talks - BBC,https://news.google.com/rss/articles/CBMiWkFVX3lxTE9Td0k3OXBYVTNqTjJIWVA4WVNYRXFtdWJGNDNJbTA0MHItQ1B1NC1sWTh0UURGUVNBczNPZEgxUTV1NzM0QzB4bm1wTG80NmlHWGV4dklsdUtOdw?oc=5,BBC,en,Iran oil price,recent_middle_east_oil_risk,relevant,5
2026-03-24,Oil prices fall as Iran signals safe passage for ‘non-hostile’ ships through Strait of Hormuz - CNBC,https://news.google.com/rss/articles/CBMikgFBVV95cUxOQjcyd0loTkpWOHlWZkhCd2JDMkZPUEg0UE9yRjluOENCSGp0MjRuNmtZUF9zbEQ1bHlXS3VxeXNHcFhuVExUMTJlWDRGMlptTGY1V3J1UGRlSHhhdGdwMnlURHdFbGNUeUlGakFMVWV3YjlMN2hSWmk4NXFXMWh1M2R6WnQ2Qjgxbkh6M1hYbmNCQdIBlwFBVV95cUxQVnZtTTVFQlJHQ1NFRElXdlZwNlFVR3p4dElDc2NEcGF0UERBaVEtTWxJUnZhS1RSd2UtdExxb0VsQlJjZFZUZTRiWlF0aHBSN2QwQ0FJZENXMU5jZ2Q1d1VvSDE3NXpjNDI5aGw0TnZKaTR1MnB3TGhId2lkNGNXTHNsa3g2TVhVNGVuRVRVSlVWODBfNGZj?oc=5,CNBC,en,Iran oil price,recent_middle_east_oil_risk,relevant,5
2026-03-24,Oil prices drop on prospect of Middle East ceasefire easing supply disruption - Yahoo Finance,https://news.google.com/rss/articles/CBMifkFVX3lxTE1vT1U2SkV2RTRyUXlEZFJfU3FoNWJnZkVqdjlRV19KUGdwN3RRdmNWb1RYeUJlYmstWG9mTlc1TV9BODQ5NUc3YnRheW1ZZVFXWjZuT2doa0daLU1KUmJEWDFkblZWTm5nOGFGVGt5WWhSZl9mek1qSHFnQ2xzdw?oc=5,Yahoo Finance,en,Middle East oil price,recent_middle_east_oil_risk,relevant,5
2026-03-24,"Current price of oil as of March 24, 2026 - Fortune",https://news.google.com/rss/articles/CBMiYkFVX3lxTE4zODdKYlVRNGp1d0JWa0VQV25VUGxkYnQ0QnZXS05hdjdrdC11OXpxbmItZXpQU0o2MGQ1SFVhYVFCMWlmeU5EeHAxN2hhcXVDd05IeVU5RHhEQ3JTbTN3MnN3?oc=5,Fortune,en,OPEC oil price,recent_middle_east_oil_risk,relevant,0
2026-03-25,Oil prices rise as Iran rejects direct U.S. talks despite proposal review - CNBC,https://news.google.com/rss/articles/CBMipwFBVV95cUxOMUs3MjNlSmdHU0Ntb2RIM244QkU4d3gzX1V4WndSck5va0MySlMxZTZZcFVkUk0zV0hrTWFabGE2cGppOG9OMFp3TmNrSUVObGo3TGZDbnk4SEZmOXJ3LTFsenJvckNsOFB4VldIVjRmRmk4WVVsTWxEeVVxNm1xRUgxUEpNNlp4RU44VUpRRDduWjdUM1htQUdYOHFtNlBQQnUtd1lySdIBrAFBVV95cUxNQ2RYdzJqV2V3LU9WV3RfbHVQZXREQURxZ1FGYWU1TjBuVnotMG4xdEJybE42UEpfLWpUcm1qZmNlZ0xqa05KaGV5VXlDajZqeTB0Zkd2OVVPRWs0SWE3RHhEeENwczRHbnduTVlPdjJKVTRGNmpOMWRmd3RCcnZvVWkzUUFjWWpsaThfYlhHTWtvQVczblB0MVpVaHJpN3lKbXlqdkw0UU9oMEkt?oc=5,CNBC,en,Iran oil price,recent_middle_east_oil_risk,relevant,2
2026-03-25,The Iran War Is Stress-Testing South Korea’s Energy Model - Korea Economic Institute of America -,https://news.google.com/rss/articles/CBMikgFBVV95cUxOaldDWWtUUTBkQUo0aV9JN1VnNVBheW55Y2pzMUI3UGk4YUJDWGhXOU1FNVl4RnBTbE1lWjI2dDRMSU1kZHNPQTJQSllTeXBSRXRzeF9JNGt0S1Q0Y0VhR25MdS1UR2hObmZNSmNaZTBhTHhjMmhULW96algzbnJ5OUYtd2JkbDUtbXdJdXd6ZVpOdw?oc=5,Korea Economic Institute of America -,en,Korea gasoline price,recent_middle_east_oil_risk,relevant,5
2026-03-25,South Korea braces for 'worst-case scenarios' as Iran oil shock deepens - CNBC,https://news.google.com/rss/articles/CBMijAFBVV95cUxPbC1TYnBHclc2WW1YcjZyb2FFUzUyT2o5NDhFSDZuaWpiWGZrOHk0NklXWVhpOHJDSnBoTXVQU1BpZDNSQ190cWdBbHl6aXRpZE1UMW4tTEZkUGhNbDBGMFFPMFg2ZU1CS3htU1pCUnBOX0FfdDRmak0teWVOSWZyUk1GU2h1S1hMT1V6aNIBkgFBVV95cUxQd0l4amI1c3l1WkdfcEZDS2pyYlFubmdqRDNZYzg0d3BfdkNsUS1hN3A0QWVNRkFTRkZrNi1pbGUyU2VfX3ZBbWg3VmJuYk5NNmt4b3JWaVJmRjhTQnZYckxMMmZTRWd3ZkRPX040dXY3V3I5ZkRhWHE2TjBFdGZabEhxbnVEMzl5My1BWDc0ZzlsUQ?oc=5,CNBC,en,Korea gasoline price,recent_middle_east_oil_risk,relevant,2
2026-03-25,Will Oil Price Fall After Iran's Strait of Hormuz Opening? - Energy Digital,https://news.google.com/rss/articles/CBMiiwFBVV95cUxNTlAtMFNqSmVuTUY1MTVtdDZNRy1ad2h5NnhmYkNJck1aT0RMM1d4cTUxVE5XN2wtd0FaOTR3cVozYy1rcng3SWFTWkZYdlhKRld4NXRGTWRxRDJNZWwzQjN0d2JNSVRheGR5NUlQTnJ2WGxEMDVtUkRRQklXM2VidXp5MWMtVHNZclpZ?oc=5,Energy Digital,en,Strait of Hormuz oil,recent_middle_east_oil_risk,relevant,5
2026-03-26,"South Korea to carry out bond buyback, expand fuel tax breaks to cushion blow from Iran conflict - Reuters",https://news.google.com/rss/articles/CBMixwFBVV95cUxNaHlwTnJHeElyd2Z4UzBEWUlYY2V2VXcxR2RNWWhOVW5xRVQzRzgyUXh4YWhZbmdNM3F4QnlGRHdUb3VhTjFQb3VfU3o3QVI1Um9YelZ5blJUNC1CNEJyY3NfV2RnM2tIRU95dXlKME5PanBQc2UtYjFqZE5NSnEwQjNRcElNZFRYd2lYUGhJR2R5bzZjOTBuRlVBTXRIRDQ0MnlCdDhhUzRhZVhyUEh6MXB0ZENPMDRkbEZJZl9QeXJwM0w3cGlv?oc=5,Reuters,en,Korea gasoline price,recent_middle_east_oil_risk,relevant,5
2026-03-26,Gas prices continue to climb on US military bases in the Pacific - Stars and Stripes,https://news.google.com/rss/articles/CBMiqAFBVV95cUxOdF9SLTFEMTRlX3ZXd3FaTW9CNndvWWlRQ0pFUXBNQnhFOU9YNWVrZHpmczBlem1PY2I0LUM0ZU4zckJKa3NaVW9lOG8yM1Y2TDFiUzN5MUs2bWJPVUx3bWRsT1FUZG4wQWNReHVLdGhhQjdGMTdZY3V4cDJ5TGpmbkVmVENadHNjWVduVk5ITG5RZTdSWXNGWmRkWDE5a3FSTE5nbUdRaF8?oc=5,Stars and Stripes,en,Korea gasoline price,recent_middle_east_oil_risk,relevant,0
2026-03-26,"Government Extends Oil Price Ceiling, Raises Fuel Prices 210 Won - 조선일보",https://news.google.com/rss/articles/CBMijgFBVV95cUxONHBXUTlyVkxaeWdXSjhqODJvc003UUVfbUE1Rk14THdFSE9RczJvWlRHOEVIeGlJbDNJcF9jdS1FUVJTRFhGdlBLNS15MkhMUDFWRGs2c0xJTHY3TjZCdnJ6aWo5S2VpT3N1WElUazZiWTFsMWt2Y2NNNnUwQkVYd2xxSHpZZ1JkVTZxR0NR?oc=5,조선일보,en,Korea gasoline price,recent_middle_east_oil_risk,relevant,0
2026-03-26,South Korea raises fuel prices amid Middle East crisis - Qazinform,https://news.google.com/rss/articles/CBMikgFBVV95cUxPTmtNTzc3UU15ZmtTQTRBR2dINmt6SThrdE0xZzl2NnRUQ2NWZGd0a1ljd3E1aXVYRmdxRXlueGVhWDhUTW9UN1AwYmx0YjJsNkNiUmoyemJnOWlEXy16MGtadUY3S1NKcUp0U0Z0bTNlMlF5bUZ6eXFDOU84SGV6Vm9ldThvZm95cFAzRWpHQlV1QdIBkgFBVV95cUxPQm9XMFM2Sm5xYnJ6c210aW5IejZUbktuamVkVmtZcEp1ZUlOWmZQdTR1dExHcUxueUdQMTZHWFZRemZoaUgzWTZ4QTB3ZW54UVFlR243Y3ptekQ2dzNNNm5vZk5zQmo2MzdpWXRsbUFGajRYM1BFLUpKc19GUDJrOXVKX01sUWxUcHBDYVFYYm5rQQ?oc=5,Qazinform,en,Korea gasoline price,recent_middle_east_oil_risk,relevant,2
2026-03-26,Middle East crude oil tanker rates reached a multi-decade high in March - U.S. Energy Information Administration (EIA) (.gov),https://news.google.com/rss/articles/CBMiY0FVX3lxTE5CRzNyTnlqZ2FKUVdjZFZyOU5yN0FzTDRTRFlQYVc3YVpMNW51eVZ1WmF3TDVRcUtkYlc1T3BzUkVfZWlxcHdZeDlXV3lvZ0R5eGI2ZkFtdVVPUzQzY3hwWWRTNA?oc=5,U.S. Energy Information Administration (EIA) (.gov),en,Middle East oil price,recent_middle_east_oil_risk,relevant,2
2026-03-26,Middle East tensions push global oil prices up by 2% - Yahoo Finance,https://news.google.com/rss/articles/CBMingFBVV95cUxNNTl1RjEtbzdTWlpTYjU0TDdkVTBNMTNJSXBWLVlhcEpiZnFSV29qRFNIdG9SbGxkRHc3elhlYjkwZHVCYlpyR1I3ZEpUNy1OUFRQd3dRd25hQ255bGRibjVUY2g0WEFQN3oxa09WTDBjcDJjOFJKbFNLRjAxeTdSRlhNLUZBSm41aExOaE9YakE2SHViUnpBTXlDa1pmZw?oc=5,Yahoo Finance,en,Middle East oil price,recent_middle_east_oil_risk,relevant,2
2026-03-27,"How long will the war last? No one knows, and it's making oil prices weird - NPR",https://news.google.com/rss/articles/CBMigwFBVV95cUxQWnlsVnpjSXA1Nk9fY2h6NDQwLTBhZmVxb3Q5ZUE0SmJrT3VJaE9CcF9paHhnUlZyaDBfVGdJODBMUVlRZkxIZmtJTncwZy1UbWszS00teTNaRlBHRjd4Q1pzeUZUZ19jOFVzSWF4cUg1UHRoc2Fmbk9ubGtnRHEwbUZnOA?oc=5,NPR,en,Iran oil price,recent_middle_east_oil_risk,relevant,5
2026-03-27,Oil prices gain as traders doubt prospects of ceasefire in Iran war - Reuters,https://news.google.com/rss/articles/CBMirwFBVV95cUxPT3JQcW42VTUxV2dTekoyZUMzVzRlZExaSWVFNjFJc2NGNmFyNmVISWZZdTlBeWFfb05RRzN1WGVlQ3RJUnhfbnBPR3VKclJXR3FPLWk0c0VkQjhrNjdmVGVqQTE2bjI1N0J0aUVVX3hCRHdUWlhITDlNc1pTd3dZZzJKbVktOVdMcS1sTW01cjNTSXNRSmhWck9ZRk9WWGlVVGM5MkRyQmVhSGNNaXp3?oc=5,Reuters,en,Iran oil price,recent_middle_east_oil_risk,relevant,5
2026-03-27,S. Korea raises fuel price caps; pump prices seen above $1.50 a liter - upi.com,https://news.google.com/rss/articles/CBMikgFBVV95cUxQQmRFTjNQUzNVaFRpTGxlR3ZhUXE2V0JHa01aQzZ4WFp4SUkwaHhlT2c3TzcyYzhnblE0OThrcDlHbXVYTWExZGxXVlYtUVJ4ZC1oVXd1ME9QZ2J2d3B4Z05WSGgxRGo0RDRoaVN4ZjVacGUxV1JuLUJhSDBQYnBCRzJEYTlkLWJQRDJFQ3RfMXF5UdIBlwFBVV95cUxPcU5PeFE1cmJaNU5IbmJ0RnYtXzJSSlhzYVkwX0RWLTRwMWxqQ0QxYnM1cEM0QlpyamktYjJNaENpT2s4VTVYbkNMbTNZRktQcEhUeWItVUtwQXl3eFItMlk1THNqN1hqcW1QX19jbGlOSFYtZzUzUW5hZHlkX21oOFdaRzRFS1NuMnRocnBENE9RYmxVcy13?oc=5,upi.com,en,Korea gasoline price,recent_middle_east_oil_risk,relevant,0
2026-03-27,"How Much Oil Passes Through the Strait of Hormuz? | Daily, Percentage, Choke Point, & Map - Britannica",https://news.google.com/rss/articles/CBMiiAFBVV95cUxQMk00UFdrelNMT3hicHdxOUthX0J3T1dtTTFOMmk1ZW5XSEN3a1JuRWhpcUkyMWY4SDc2LW53MnFidjJqRjZuUzhRdmI4WE9IdFNvRFVCcFRFUHoyVW9ycXlfejdnR2c4aWxOdWZDU0pmb2RNS1BEc01oSWRVU1M2anhVc2FSOWpI?oc=5,Britannica,en,Strait of Hormuz oil,recent_middle_east_oil_risk,relevant,3
2026-03-28,Analysis: A new oil shock is building. The next few weeks of war will be decisive for the economy. - CNBC,https://news.google.com/rss/articles/CBMidkFVX3lxTE1zTVFoZWZTNmluWmtDdnBqcGd1OWxVdE1oMmhfcnpfc2xzSGZ3Z0s2ekpoU3ZMVlZJYXJZZDFmSXhEVS1kUkZNZGNkSDdHbWtWSUE5YmhwZERmV3pVS3hZTEoyQnVxRUJmbUZVYnFhTm1EQ0NzbGfSAXtBVV95cUxQNHJQdnlCNmFQeTh0VWpkaEJrbkhvazcxR3FHZklvZzh2YTdZNlFTOUJKRng1cFRrbWstamRfem0xQlgxVjkwbFZGd01BSjR4NlFVOF9fUG1VSWNLNDFSUGxMYjQwemIxajBTOW9PcF83TU5wNVY0UlVhbTQ?oc=5,CNBC,en,Iran oil price,recent_middle_east_oil_risk,relevant,5
2026-03-28,"Seoul Gasoline Prices Near 1,900 Won Under Price Cap - 조선일보",https://news.google.com/rss/articles/CBMijgFBVV95cUxOaGRmZUNCTkNIMlFMSEN2bzhlOEk1ajdZYk93ZnlCRVR0WllHZzZvNmZfaWs5VXpaYkI0bjd6NWVVMWNSU3UxTGJuRnhkNy03Und5T1pfSHhjVnRfR3U0UDc1Z19BWmw1R2RuTGpnSllCdVVHSnpsX21CdU5vbjRKcUtoMXB3OENqNXhUMlVR?oc=5,조선일보,en,Korea gasoline price,recent_middle_east_oil_risk,relevant,0
2026-03-29,"Brent oil heads for record monthly surge, WTI settles above $100 for first time since 2022 - CNBC",https://news.google.com/rss/articles/CBMilwFBVV95cUxNT3JUUEdSYnYxaTJVd3dBN2JLbmFkYmlUTHlfN1dSb0x2ekZyR3hoOHVmV18xLXlSVllaY0tib3Zqb2NiYVoybmZvT1hwZXBrYm5vZlU3X056ZUZZYlNpMlprcWxkSlhyYlRYdUJDSjA0cGJiMEktTmVVUkp3WmhaSkZraFpjb2NKNV9JWWZjeV96UlpBMC1B0gGcAUFVX3lxTE9CQ09EYjdVRUhmTkxrSFNuWGxuTE9pTmU0NlR6ZnY2WnR5MjdoTHhCN1IzNkJvVFI3Z3BuVkxaRG1Fekt6aTVGNE5BQkxDdGVSSEs1UjQzOEdLUF9qellOYlZsdHpTcFhYUFRCZVBxZWFOWm5heTRJaTFZTWpyZk5kWjhtMEtSUk8tekVyNl9kQ1B0SnpaZUZMSTVkcg?oc=5,CNBC,en,Iran oil price,recent_middle_east_oil_risk,relevant,2
2026-03-29,Oil Wavers on Mixed Signals in Middle East Talks - The New York Times,https://news.google.com/rss/articles/CBMihwFBVV95cUxPRTBueG83SDBTdTJlMC12RUYwTGh6d3QzblhSN2FJc3lSMUxQTU9fWDJtRTN6T21rcThKZnZEUnI0Y0ZEWVQ3dFY4NXhYZlNOUnduYnlWXzg1bG1mSjFSaDY4Z3NreGlwMWs3MWM5dHl0bTFaWm9USk1oOUtQZ3pxOTNTQVdodU0?oc=5,The New York Times,en,Middle East oil price,recent_middle_east_oil_risk,relevant,2
2026-03-29,The Strait of Hormuz Oil Shock Is Now Heading West - Bloomberg.com,https://news.google.com/rss/articles/CBMif0FVX3lxTFBDMzBmcGxlenhyYWtFMFFHY2RGWmoyTkhtODgxMExjd2VBZEgwekFYNlIzbzFwUmhJRkxpeFlJdGJ2QS1pdXhCbnotV3M0RG1jSW5KRTB1UGE3dFRrQUxVbzZOb0Vtc3ZpN1NCbkU0Y1FhWmtrY3hTVUlybmJpaDg?oc=5,Bloomberg.com,en,Strait of Hormuz oil,recent_middle_east_oil_risk,relevant,3
2026-03-29,Here's what needs to happen before oil starts flowing through the Strait of Hormuz again - CBS News,https://news.google.com/rss/articles/CBMijAFBVV95cUxNZjdPR2xyekZUMi1DM0d2b0NTMTVuZmFvOHl5b0hHVFh5dVNlc0pWTnlnY2VYX082WThPa20xX1l5ZVp5TDJJMTJVVEJmYUpLUDEwSlVrRU9ZbERnODFnOUl3SVVUc0djU2d4MXg4QVBFQThOalFyWTktc0wyNm9NMF83RnBUY0hQR1Ric9IBkgFBVV95cUxPZUNHdUxvbDNMRVBRektLcEpBVDhXNUw2TmZpYWtDcXNNUFZyVlZpaHkwZnduUHh0UHhtTzhzWDNKUW5RMVFPWWVJTFRXNVc0d2FveHIzWUdDZXdHbnl2WUxHUzRiejRoSDBoTFJvckdKdUFSdjJHWXVTaFpGQzR2Z3dlWWY5QWM3b3Z5MGZhRUE3Zw?oc=5,CBS News,en,Strait of Hormuz oil,recent_middle_east_oil_risk,relevant,3
2026-03-30,South Korea considers nationwide driving curbs as oil prices soar - Reuters,https://news.google.com/rss/articles/CBMitAFBVV95cUxOTVdCb1h3RGhoalhpVlp0WG5rM29GNmxRd0wzOTRCcXpndC1fcmZMbGRyTm01LWZNbTRxeG9OckdvMFRIQ1k2eUJMOFJVM3hNY3p6TkswMWMzNm1Qb21rYkVJS0RVLU1UZnFlNkVSc0FZallLeG9RM3ZEUS1HQzNUbGdRRzZtSlBZV0djdXNaUUdlZEJiZ2hyVmtFSlNVXzFFdFpjYzR5VGhES1RXRHp0ZE56cGI?oc=5,Reuters,en,Korea gasoline price,recent_middle_east_oil_risk,relevant,0
2026-03-30,Beyond Oil: The Budgetary Costs of Conflict in the Middle East - Center for Global Development,https://news.google.com/rss/articles/CBMif0FVX3lxTE5aVWo3VzhzTkU2NkpLX1FDLW1SZEFJUjVscHZqbFJnZVRaMlgxcWJLbF9Odi15blp3Rll1R2doVWlua3B4S2VqaENxdU52ZDFCaEJBcHA0S0VvM2tfYVVvVzBvT0RPYkRicURiTFJBQWJ4bmRJdU5HYmtLUGlCWjQ?oc=5,Center for Global Development,en,Middle East oil price,recent_middle_east_oil_risk,relevant,5
2026-03-30,US oil settles above $100 for first time since 2022 after Trump says he wants to ‘take the oil’ in Iran and Houthis join war - CNN,https://news.google.com/rss/articles/CBMieEFVX3lxTFBTWjhaZXRHLXRlamlIYnF0dGNGOE96MG5sTmJFeWxscE1xaXBJbzBORHZSQ3hjb2VCdWRpLS1tVy1rMDdJbkJ3M2ZQVG5xT0RUNVBDVEE5YzBNeDFmcU1kRUlXLV85MXhmZjR1d2NtZ2hYUFFfUnFhaQ?oc=5,CNN,en,Middle East oil price,recent_middle_east_oil_risk,relevant,7
2026-03-31,Iran war shock drives steepest hike yet in oil price forecasts - Reuters,https://news.google.com/rss/articles/CBMisAFBVV95cUxNT3N3WV8xRFZaQjhiSXE5NVllN0tkcDJLS1F4YjFhaS10SzNXS3BKbWlOOHhPMnFmSXgyb3VoMEIzQ0FkV1g0ZmYtYWtGSXB3R1NPZHhZamYtYzBFMUwxR0xvalY4cFFxbmNpRU9YNWNCdDNpeUZjZmItTlZjNE8yREpFUlM4eEVtVHBCRlBDMWdmNVB3emlsNEpCbV9IZEJvS0FrOFZJc0ZPeUZlN1QzcA?oc=5,Reuters,en,Iran oil price,recent_middle_east_oil_risk,relevant,5
2026-03-31,Oil prices pull lower following reports of Trump considering end to Middle East conflict - Yahoo Finance UK,https://news.google.com/rss/articles/CBMi0wFBVV95cUxNNW9WM0NucjRUdjBRS0pLaWZVYlVzOGNuVjlhSy1QR3pFaFBYei00bF9ESGRaVGE3d0RkcHJMMWw5dmwwZ0xzTnZCY1FSUHRabDQ4eDE2NWcyUXViMFlUbkU4TXhOUF9wNUJjQ3VFWEtETWFnUFJOekx6djZ5MUZfbUpXVGR1Zk9EY1R4YXlmSTJQdnFOdl9ZMXFlOFprY3MtMzJwVUZUUU5JZkFBMmpISDhNRmRlZm9DZjNScDRKZXVjZ0dzZERnRHhUeEJkejRCODRN?oc=5,Yahoo Finance UK,en,Middle East oil price,recent_middle_east_oil_risk,relevant,5
2026-03-31,U.S. Gas Prices Top $4 as Middle East Conflict Disrupts Supply - Crude Oil Prices Today | OilPrice.com,https://news.google.com/rss/articles/CBMitgFBVV95cUxNNldmRjl1eDY3alh5QWNyR2owY0RUQXY3V0dRZnNkQ3NKTVVkU0xoOHRodVItR192YmR1VGlpQUNoMVlnczdTWnNnQU5wZVJwSzlfOXVMN2tmZWZUSUtOVGtPbEM5S3Q5Nm5RR1VCX0tWcW9CeExnTW5xbGhmZ3J2TjB5QTdOUDBIdmxBYVFhLVF6TEZtXzJ6dnZOZ0xkckU1dkRxZDBtZ3otZVNmUDlUSmlkLWI2d9IBuwFBVV95cUxQamR4OTNTeWwyOWJVX3RVMWtYdHFNaGxHbGN3b211dVkxNWR0cE53bk1aSFFVemxUM2g3T1NRVEFPRGxqN0l2S1FXWWRzRHlTRTAxakc5Zmx0NHR1dGRzb1NXNVUwRXV5bERoTG54TTZQRXZIRWU3cWNCOW5makxpcmlRZXk1c1RsZWNpTkQwS1hhTDJPdjFEbFJtOC1ZSXZET2pNTGE1aHdROTI4RXN1eVc0NllPRERxaVU0?oc=5,Crude Oil Prices Today | OilPrice.com,en,Middle East oil price,recent_middle_east_oil_risk,relevant,5
2026-04-01,Crisis without collapse: The Middle East oil shock - GIS Reports,https://news.google.com/rss/articles/CBMiaEFVX3lxTE4xOUNNd0hIdmJ2RThNeHIxZXE3a1B1OXhob0ZfUnFVUTdoenlac1FzdnlGU2pnc2dHUHk2TUhjUDJ5WU5uczNGbkk2Vkdacko1bDR0OXdMNURya1ZkbV9sbk9wdmNxaHB5?oc=5,GIS Reports,en,Middle East oil price,recent_middle_east_oil_risk,relevant,2
2026-04-01,OPEC Output Plunges by 7 Million Bpd as War Chokes Supply - Crude Oil Prices Today | OilPrice.com,https://news.google.com/rss/articles/CBMiswFBVV95cUxPeUlDTFFUdEVBWWRYNW1FbDFWcm42YkM3TUFjZjRqSWVhdFhJMUNLNUdwQ2EyY0FaS1d6emdmR0pxa2ZMLWVZY0lfMkVQcE5US1p2VmdJSkRUczZsNGUzcEt4c0tFejhvbXhxMjFQVlZjTVY5YUFoY0IybmItZ3lxdHdNSFFaVVVuOFp6SWZUZ3NRMzBJVWw2blpjNEpXV3BOVThvbHN4TE9PT3NmUFBIZkZwNNIBuAFBVV95cUxOQ0VNa3pSVWRUdXd5NkxucEFWd1BLdTVuOUtTdVg5ZXRJWng2Z3p3RzZydVB4SjJUbDZkRVhuemZLX2w0aUp5VnhISVFkWnVjSjFjMVpEUXpycUtocWFvYmpTeENYTGhaZkhwRFVoWXU2d2RRcEU2Y0dFVU9DNFVxOUhnaUlfUHhNdDZXRm96Rm1DYzFRSjREVlo4MXZONXk4d3ZLZ2doZm04UjlDNkVZR2Y2R1FrX3VS?oc=5,Crude Oil Prices Today | OilPrice.com,en,OPEC oil price,recent_middle_east_oil_risk,relevant,3
2026-04-01,Beyond oil: 9 commodities impacted by the Strait of Hormuz crisis - The World Economic Forum,https://news.google.com/rss/articles/CBMinwFBVV95cUxPcU51SVRBaUh5anFVNkh6QTQtblFvbnpuM2Z1T3lReVE5dWpRY014VXhTZmdVODlDUEV6ODVLVzR4N200elpxREJjN0pWSlE4U09tQVRVQmdrVmcwSXdKbUQxMDktcW9xVDZCX2hBclU2b1RIRlhZX19QZDBTV0toeWhNbndYQ1h6R1FHeGJwc3U4REVMMnR6R1p1OGd2X2M?oc=5,The World Economic Forum,en,Strait of Hormuz oil,recent_middle_east_oil_risk,relevant,3
2026-04-01,How high could oil and gas prices go if the Strait of Hormuz remains closed? - CBS News,https://news.google.com/rss/articles/CBMiggFBVV95cUxQaV9mTzYxMGhvTUY0dDBWdWNGelo4SDg2amtsd3pxTDNfODhSR1BTdG1WQmd6WkdhMTdnUnVsRVVUeWJaNlJJbVh6RUd0T0NQbC1BY3FVWVhLd0p4VXh4akdodUtkcDQ3X2hmR3I5bTFfTFBlY1ljbFUtM3BMT2Y4OHBB0gGHAUFVX3lxTE9YVnJVY0twVVpzRzhwa3ptNllhNlVUSmVpSWEzUTBhOENaeFZ3VjkwcnBJMU9sTlM0cHVRdnhEQXlyOF9ab0J1SEVoNHNXTnp0WVAzT3JYaVZNcUpCQk1NSUQxZkJDZlRkRW8wUGM0TWV3YnhvMllIeGNXbWhiZjhBcjdIVDJjOA?oc=5,CBS News,en,Strait of Hormuz oil,recent_middle_east_oil_risk,relevant,3
2026-04-01,Walking away from the Strait of Hormuz won’t make gas cheap again - CNN,https://news.google.com/rss/articles/CBMihAFBVV95cUxPU1MwTW5EOUtqTGdJdTl3Ql9lZzN4RmVFTFNVeTNpeXRGakR1M21xTXhPTzZKVkgwX0l3THRnT2pkRG9xb01LU1JJcnk3N2V4clhicjI0TkE3a1Z1ZmJteGp6bHlOckdhdjNwdUcwVG44WV9pbkhVUUNNU3RQUV9tWFZqSmI?oc=5,CNN,en,Strait of Hormuz oil,recent_middle_east_oil_risk,relevant,3
2026-04-02,Iran war puts Middle East Dubai oil benchmark under stress as prices soar - Reuters,https://news.google.com/rss/articles/CBMivwFBVV95cUxOc3ZpdHJZeldOZ1VJN2FOcDFwek1FMnNNTzU0Rmd6eDRCMlk2TTVYRlVla0VPaWJncFMtc3QtaUZWNU9FcWdOdlp4U01Fek80QTdsYXJLNk55NTZMOWg5OGhyZEFYMmpPbnpOX1J5NDA5YzZaa21kNEJTZlFmb0o0ZGsyT2REUzNlTlZBN3l6R2ZwZ2hhOUppNV9reG55Z0U1RnQzNmVoYmNHQlpobzRYU2VSaGtLX2gxM3lhLW5RWQ?oc=5,Reuters,en,Middle East oil price,recent_middle_east_oil_risk,relevant,7
2026-04-03,Oil prices surge amid volatile market after Trump pledges weeks of Iran strikes - Courthouse News,https://news.google.com/rss/articles/CBMisAFBVV95cUxQSUkxQzBMcVR0WFlRSUFfUzdpUWIyc2hweFJ3bk50X3ltanNoTjhEYVZWOG15YVdYU2hBWGpxdEpNU0d2YVRNQVpqVlRzajBhVENGUElQSzVZdml3aXh6d0tPeXVvZUdNWmhRWmhwcDdDcERkTTltY3lTeFgyS2dnYVhQM09CeXphX19OY191Zzg0dWVsLUM3T2FocGJlNlY4NXYtWFVrZ3NLYWRaUFlxRQ?oc=5,Courthouse News,en,Iran oil price,recent_middle_east_oil_risk,relevant,2
2026-04-03,North Korea fuel prices surge 20% as Iran war squeezes oil supply - DailyNK,https://news.google.com/rss/articles/CBMingFBVV95cUxORl9ORU9CZUF4Sm15eGU3MnFQMkNQdkdIbk9fVDAzeGJpcEFmT1BzTTF1eHJ1QzF6TFpfVm4xamd6bncyNTIwWmdfeHQyeV9oVWV5RkhaVlFZZUd6REdNd3lCMWs1ZF9fbGlmdUlmNGI2ZTJDdUp3S1N2MnRoSWFPVXV0cDV1NWdEZjlyNkhkZ0U0LUZiazlqU3p1TTg0Zw?oc=5,DailyNK,en,Korea gasoline price,recent_middle_east_oil_risk,relevant,5
2026-04-03,Fuel prices drive inflation in South Korea - 동아일보,https://news.google.com/rss/articles/CBMiZkFVX3lxTFBQZGk3VGRVbVhTSzVOd3h0SXJVdUgxalI1M2JpOHFJZGszWndpZTRjeUZYVEEzTjJBMENfTWJnaV80SDEwYjMwWUkyWmxBS3d4d1hsN3JPRS1KQTVDdzNmcGFWTnc3dw?oc=5,동아일보,en,Korea gasoline price,recent_middle_east_oil_risk,relevant,0
2026-04-03,Why the Strait of Hormuz Is More Than an Energy Crisis - Georgia Tech News Center,https://news.google.com/rss/articles/CBMiggFBVV95cUxONHV4T3FvMmZMa255bFlyOEdhN21KYWQ5RWZncXZISERCcUxmQm5sMXUtc24tYVduTzFjWG5QTFczMmFtMXZIY1ktTlh6VlB6T2M5ZlBHaERYeXhTaDk4YnJIYlQyRVdORGpra24zUS1tR3JLYWJfWlVfdjF0TF9FdS13?oc=5,Georgia Tech News Center,en,Strait of Hormuz oil,recent_middle_east_oil_risk,relevant,3
2026-04-05,Oil prices climb after Trump threatens Iran over Strait of Hormuz - CNN,https://news.google.com/rss/articles/CBMia0FVX3lxTE5UQ0V6amlaRE9NUnJyR2lUd2dRamU0TkpwYjNNOTh0VWlBai1HSU1aR2RXVUduRlRhOHlSVDZVRlZWS1d5cm44WEdmRDJsbFQtd2ZjUjdMaFlpOERwZHZ3Q1BqbThhbC04UUhv?oc=5,CNN,en,Strait of Hormuz oil,recent_middle_east_oil_risk,relevant,5
2026-04-06,"Gov't, DP agree to abolish oil industry's 'post-settlement system' as gas prices skyrocket - Korea JoongAng Daily",https://news.google.com/rss/articles/CBMi9AFBVV95cUxQQ1lGMkE3a1YyZVEtM0VtamJHMkZBYldtTU5GMkVoQVJhOTJOVi1sU1hQaVYzSEtkdklZX1NJQThYcWVlT3ZIZ2tlNFk2UnhpbWoydmtWSmZoeWcwaXM2XzZYM0VSZmtraElFLXdqS004Tnktb2lIRHNwU3V0Zk5PTmhsQlJWbVVrMXlFanBkV0pIQS1FMGtlNXFjYm8xRmhEMEhyNEV5NDJNV2NSYkFDWlVkNUVlOHQ5cHBBamlOOGc1MXpFeFl4R2h2SDQwNFFEVlpUeW1ock82S0dIS3pleDNBa0ppOU5MT3lTT1Q2akJ2WUZO?oc=5,Korea JoongAng Daily,en,Korea gasoline price,recent_middle_east_oil_risk,relevant,0
2026-04-06,OPEC Commits to Boost Output Once Hormuz Reopens - Crude Oil Prices Today | OilPrice.com,https://news.google.com/rss/articles/CBMipwFBVV95cUxNOUNxMk8wcDB2Q0V1NEpacXdHY1NNWFNyaEhtdW9QMHF3c2ZPTEZ1N0lLWFkyS0NTUUsyRVNHc3JOTGJIRjBNS054MWhyVkdEeVlNUlRfejI1YjBGZURSZE1MREJ1WG1ZaURaN2p5akFvT2FHYXIwVXpIeTROTXFMRzdKNWItXzVCb01rSThqYjlJdEtBQWRueENuSVVid3hkR2tFdXEzMNIBrAFBVV95cUxOOEswR3IzY1lKWEtvTDN4eTRUakxsYjVRVGVaQ1VLLXJCMFFKM29Qemc3SkVySm9OWk8xbTFGelo3SWRnYmRub21qbnhnYk1UVEJTQ3FsYVE1clpZZzc0eHg3SmswcmVxVnAxME1qYldoVkFrSEJuZ1Q1X3Y0NWxsN2J0eUZabXJVUjdsUl8ydW9YQ1VDNkhCck9kVjcyNlNYSV9JOUJRN3lUME5W?oc=5,Crude Oil Prices Today | OilPrice.com,en,OPEC oil price,recent_middle_east_oil_risk,relevant,0
2026-04-06,Hormuz closure divides the fortunes of Middle Eastern oil states - Reuters,https://news.google.com/rss/articles/CBMirgFBVV95cUxQb1pUejBqV190WVVhZlhfTnJzaDRIWHEwVXZqc1ZxWFRScnlxYmFhRUVoc0NmUE9LXzBCVEZuT3BtaUhMeVlaYkVfeTdGekljdnZyVlVtQnFHUm1kSmpWM3JVZFB3VU0wSER0cGVYc1d1aGlKcHJ1SFFQY3hiVWZralNVYzhlY25lMnE5M19NRHhVQUVJN1l6RFRZdU5UeTQ1QlJ1azdnQ3BLZU54WEE?oc=5,Reuters,en,Strait of Hormuz oil,recent_middle_east_oil_risk,relevant,5
2026-04-07,"Seoul gasoline prices top 2,000 won amid Middle East tensions - The Korea Herald",https://news.google.com/rss/articles/CBMiV0FVX3lxTE9vQ210T01GYUZaR3RlOFhEUXF3NjEwbGdKYVhfUmNwQ095SE1XckdueDhTa2lKZjlIdXhLdmwyVXdraWItV3JRQW92aC00eDNEQndWNVdtbw?oc=5,The Korea Herald,en,Korea gasoline price,recent_middle_east_oil_risk,relevant,2
2026-04-07,"Seoul gasoline tops 2,000 won a liter $5 a gallon as fuel prices rise - upi.com",https://news.google.com/rss/articles/CBMijgFBVV95cUxNUmNNQjlGRUYtNmFMMUhxd2JoSXhXdGxGM2RvN1YtTEZLcDRiZHM0SUZ2RUNVM2ZSQUxlVEktT2ZkSEo3WjB5dEl5aEZWSXNVeEstNXVDSmtMNzNmSC15SXAtLXZDUWJyWDM1eUc1eUhZQlZSd18yQlpWbXg1dVlfVmlkRFBISFhFanZaZVFB0gGTAUFVX3lxTFBrcnN4ZVZHU2E2Rk9DekJSVE03N3lrM2tOV0VZRmJWNk40R2tsSm5XTGd0dnhvQmxDckxMQmFfSHhZeThlRGc1Mk15TzZzYm5xVmdOaFpkMi1jZFZsOHNrb2U5ZGMtRldmU2pQaGJKN3pNOUZfSk1JaFBxSjZaRmFzcjdpX3BFTHNwUTZQa2FUZ3Vpdw?oc=5,upi.com,en,Korea gasoline price,recent_middle_east_oil_risk,relevant,0
2026-04-07,"Seoul Gasoline Prices Top 2,000 Won After 3 Years, 8 Months - 조선일보",https://news.google.com/rss/articles/CBMiiAFBVV95cUxOU3hnbmNFQzk2cHViNjlDT0E0Qld1ZTkxQ0Y0MUhTQ1BrTGRjb2JWOW9WMnBlb09ybG1ScU5oa09UUmdmZkdqT2FteXdpSlJidy1nMHZRU3o0MXdaUUktMGFHSThCeDZyRXY3bzFnZmpNdzhRNExVV2NXQVdTaS1LclJUb1plMWNL?oc=5,조선일보,en,Korea gasoline price,recent_middle_east_oil_risk,relevant,0
2026-04-07,"Seoul fuel prices top 2,000 won as oil rises on Iran tensions despite ceasefire hopes - The Korea Times",https://news.google.com/rss/articles/CBMi0wFBVV95cUxNSjRwZjlldW1zWXFoVnZnd093UUw1dEdoMi1iT296eXZjT2J6RTBOaVczbENtdFNITE14MG9vQmgyR1hiQXgzbDhhSWdiQ1RERWFBTkVIMmRuVTAwUFBtaHN1eEdSdG1XU1ktUHNmcm1LNnUzVW9TM2RjVVExVmxBWWx1Rlg4VE1XTXRsT0dzR3FTT2xNU0RrSnVrZ3E4REI3ZUtJWVptZmpKTTMwQ05ZMHg0S3BqdVVQTzl2eUVHRU9ZSWNjd1M0NTQ1eDQ0OHVINUpZ0gHYAUFVX3lxTE52NHZfOEkzQmRNdGllWWVTTlcwQmFEVzBZSDZ1bTF6R0tqdmF3UzJFdzN0VVF0cFc4QS1oSzZVXzlxNUx3ZXliakZKbU8wOTBQdGJTYVlBUk5JMzN4NnIxWlF0VzE1WEhqdzZyLTBrQTJ0X3ZBWlhEZm9XMTRXaHZyWFhjdjBvOVUzZUhHYTRtZ1ZLNFBWQWUwUGJZNkp4bjN1elA3YWNHMDdYTmtuNXA5R1VMbjREZTlmYXhWcTV4REhxaU1zbE1tWnc1cGNvZllCYTgtSnpZQg?oc=5,The Korea Times,en,Korea gasoline price,recent_middle_east_oil_risk,relevant,2
2026-04-07,"Seoul gas prices surpass 2,000 won per liter for the first time in three years - Korea JoongAng Daily",https://news.google.com/rss/articles/CBMi6wFBVV95cUxNRVI5U0dlMmN2MTFVZkRMTzRSNjVWYkg5Y1BTMHlyOG42c3ZOWmR5cFgwSjR2eWdrLVUtSW5EYlpKSWVRRXBQeklVeDB1aGtwcHpldEN1U25ZUU1BZWRiYmF0Szk2SEtCNE43QTJYWDhqR2hYYmdldXZaM3VDZlVhVHRybmlfRUhHejk2RmZRYlhtd2taek5qSWZFWVRzbVdMNTZSU1lJa1laVWVLNW50MGd6ZWxoQ0t0ejhaZGNDSHVjS0RuOEY5ZkNYMHliNTVUUmtPSTFObm1CeW5xSFFma2JFNkY5bjdrSUhr?oc=5,Korea JoongAng Daily,en,Korea gasoline price,recent_middle_east_oil_risk,relevant,0
2026-04-07,EIA Raises Oil-Price Forecasts as War in Middle East Continues - WSJ,https://news.google.com/rss/articles/CBMisAFBVV95cUxPOE9iY0NxMHZKREVqb3luWl9yYkt4d0dNdjBSYWtxTU41RXl4UXJwMmRsTTBTUWhJS3BneEZSUHJiQlRqdE51TzBYU2lCSmhiN0ZlMVJSY3Y3OUlnQ0xubzRvTVhMWHltSmhqN3QzaThlZkFzS2tqY0Vva09lNUdhOWJuNmdla0NfSk1jWTE0cGtCeno3Mm5TZlJ1NjRVOGJWRWRpWkdPMjlIVDBQdVJuRw?oc=5,WSJ,en,Middle East oil price,recent_middle_east_oil_risk,relevant,5
2026-04-07,Crude oil and petroleum product prices increased sharply in the first quarter of 2026 - U.S. Energy Information Administration (EIA) (.gov),https://news.google.com/rss/articles/CBMiY0FVX3lxTE1MUUtYRngtNFBMNjQ4Zkg0NzFqNXJVVVlnUkc2blhMQ09LdUF4U3hBX3hOWkVKdExMYjBzeVUxdG5UeGFuejVaaHgzRDlXQVdCaWMxVV9nSWZvaE1LaER5WTZnZw?oc=5,U.S. Energy Information Administration (EIA) (.gov),en,Middle East oil price,recent_middle_east_oil_risk,relevant,2
2026-04-07,"Current price of oil as of April 7, 2026 - Fortune",https://news.google.com/rss/articles/CBMiYkFVX3lxTE1ZRkxSS2pPYTBkTENBV2YwMk95eDZmNkpkM0g5X1FmMkFGcDJ1Q3lxSHhIWk9VVXBXWnhpVVZjTzdMY2cxQkllam9FQkwxV0d4R2hpVTNXN1RnZnlqWjNCQU1R?oc=5,Fortune,en,OPEC oil price,recent_middle_east_oil_risk,relevant,0
2026-04-07,Iran war: What is the Strait of Hormuz and why does it matter? - BBC,https://news.google.com/rss/articles/CBMiWkFVX3lxTE9tN3d3SGFFOS1kb0ctMnU0WDdib1hmYUVaLXQ3bm5vRUFlUjVhN05nLVBJOUozTXo2ZnpDZ0NHQUJzMXpBNkdqbHdJNy13bUF0aDJSLUdLR19OQQ?oc=5,BBC,en,Strait of Hormuz oil,recent_middle_east_oil_risk,relevant,8
2026-04-07,"Iran war will throttle oil flows even if Strait of Hormuz reopens soon, analysis predicts - CBS News",https://news.google.com/rss/articles/CBMifEFVX3lxTE16V0ZmOEd2MnR0MDduRzFrSUhEaDc1VzRUQ2RWYkI5UUN3dWViQXVIODl5N09JOTB5UGt4Sm1YVnVqVlhPckNCMzNJTDlaX213SmpSNk1oZmZHODQ0RHR1Y2J1YWl4T2JheF9qaGtQc2l6YjRxRnlsRkxHWGnSAYIBQVVfeXFMTXVpRllPVHNkazAzd3kwMV84emhPbEVSMGlaVG1FSWhBd2pacWpmMW9ENjc3Yi1YVHM1QXcxd3I5Z3U5UmxZN3RqQXQ5QzBuc1pqWWJreENFcHU3OEltS2YyMUcwX2xyd1JrbzFlN0Q1blNsZWhtaGRwVnZGSklpdDRtQQ?oc=5,CBS News,en,Strait of Hormuz oil,recent_middle_east_oil_risk,relevant,8
2026-04-07,Iran war oil market impact: Strait of Hormuz crisis deepens - Kpler,https://news.google.com/rss/articles/CBMingFBVV95cUxPd2dYRlhjRDQtWmpOcmZsZHR6M1F3YUpuRkhYc2FOaUF4U2t2cHZXcHN5MDl0bGRKZUQzanB1WUR4eklMYm00T3NRMEJzbnFobGp2MGlzZlhTOFA3YmlXVjZHZ1BPRXp0cktuamRJUDNyZ0R4VG9lWTlFMHlvdWhZY3pJV0hhellpN3hiVUZJai1NYV91cXltNDBZUmk0QQ?oc=5,Kpler,en,Strait of Hormuz oil,recent_middle_east_oil_risk,relevant,8
2026-04-08,Korea’s Fuel Prices Rise More Slowly Than Europe’s Amid Government Controls - Koreabizwire,https://news.google.com/rss/articles/CBMipwFBVV95cUxNODNoRFk0dlFfbFkwVjhTVFNVWEpuR2VtSXlrWkwwaWF3dFZGRkdqdURJLUE0N1VPYUxocmFzM3RDcVl2Y2FyakFjd2RFVnd4U1hzYXduQmVHS1NkZUlOelJEektxUFVoSGh5UDVuRGgwbmM2clJNZXF4MGJ6UTk0NGVGUEpwTE96Q0t4b0djRU0yNS1BVkpSeHA2MmkxUE51VFB4NHpkRQ?oc=5,Koreabizwire,en,Korea gasoline price,recent_middle_east_oil_risk,relevant,0
2026-04-08,"Current price of oil as of April 8, 2026 - Fortune",https://news.google.com/rss/articles/CBMiYkFVX3lxTE9CLU5pMWJWZmRtMC1PeGcxUG1VWWd6QXhJLUNFWi1wLUhPVFNlM0pwWmNIQVdtSl9wUWlsZU02VVAxY0wtOElNY1dtcy14d0t2YWkxeEsydEprZTE1QUlKMm93?oc=5,Fortune,en,OPEC oil price,recent_middle_east_oil_risk,relevant,0
2026-04-08,Losing Hormuz: The Costs of War for Gulf Oil Exporters - Baker Institute,https://news.google.com/rss/articles/CBMiigFBVV95cUxPdkFFS1pXWmF1RGp4dHQ4U1lEa2MtV3JkdEpicGFIWjZ5TjJoN2diMDZubkhLOHA2OEs1TTZGem00UU40VnN1VVpOaVdHYzgyR0xXc1B5VjE3UkJCOFpMQ0NhRTkyaFQ0OWtvcHJLOU5DOXpfUUxlVVVHNlVkb3c5Sy1xNXk0RmVPLVE?oc=5,Baker Institute,en,Strait of Hormuz oil,recent_middle_east_oil_risk,relevant,6
2026-04-09,South Korea’s renewable energy pivot can mitigate fossil fuel dependency risks - IEEFA | Institute for Energy Economics and Financial Analysis,https://news.google.com/rss/articles/CBMiqAFBVV95cUxQTnh6bVFlQTZyYWd1M0hXR2xSaXg3d0NNWGpFUk1XNmFmSTNtRVBSX1ZkODY3SDRudTI4QkNOZ29XQkZiZkVKYm8yY3YwQjhfbDdZZ2pkTldCUzBra2l6UmtkN3lUQnd5elZ0VjlIWUxDQ0l3NjRuaV9qdkZUWHhUWFU1M0lUZWZlMklvY1ZKVHo3OXFWYTRwWGw3S2hxdkVCT1B1UmFMWFA?oc=5,IEEFA | Institute for Energy Economics and Financial Analysis,en,Korea gasoline price,recent_middle_east_oil_risk,relevant,0
2026-04-09,Ships still aren’t going through the Strait of Hormuz. Here’s what it will take to get things going again - CNN,https://news.google.com/rss/articles/CBMikAFBVV95cUxPbmtsUk9MTG9GZkZNbF9fVU85NkxhbXZWSWMwS2xCZ1pmWUNFMlc1U1hTVmJjNjJDcG8xVnRtUVhjTHNTNlB5a1lrb1JvajYxQ2tYYW5PYnl0bXFRWG5tMHpSSjNEMVZuRkYxX0FZRldYVHhLOHI4VTJZQnJCZGZrSmhrYlZLYklzZDZHUExHcXU?oc=5,CNN,en,Strait of Hormuz oil,recent_middle_east_oil_risk,relevant,3
2026-04-10,The Oil Shock Is Worse Than You Think - The New York Times,https://news.google.com/rss/articles/CBMiiwFBVV95cUxPcVVvdVk5ZFo4QWFVdzZGY1hCSEtyNGxNdkNST2xGb0t3dmVWZXFpeGNLcFp4M0pkaTMyTF9KVGprTDVubXMwTnNpVkRMNEFSVkxndHlyQ3VyRl93bnYwTEc0TndWOG81MTF3MUpucWlieVFsek1neTVROUFQTFkwVlZsbUVQbkhoZGFZ?oc=5,The New York Times,en,Iran oil price,recent_middle_east_oil_risk,relevant,2
2026-04-10,South Korea Fuel Prices Rise Again on Day 2 of Third Price Cap - bloomingbit,https://news.google.com/rss/articles/CBMiVEFVX3lxTE9wUTZVQnl4SkVIXzVTM0lncG8wellod05SbVVOMUIyM25ZYkZDbkF2V0RSSThJNnh1dzBQaXZxdHVOSmNTRVdmOUp4dEVYR2tvTDBTVw?oc=5,bloomingbit,en,Korea gasoline price,recent_middle_east_oil_risk,relevant,0
2026-04-11,"Gasoline Prices Rise Past 1,990 Won Despite Third Government Freeze - 조선일보",https://news.google.com/rss/articles/CBMiiAFBVV95cUxNcmdkTkVQWmJjdHFwbk1oWUhFQ3FKdVZNUkhHemhUWlhadHZ1Y3hSSXJSeFhRY0dzeC11dnNxX1cyNDhoMEJ2S00wUXNCSkx2Mm52NmZxTkhjYV9iZU9IblFBZ2xKUjhiODhTZDc2XzRabjJabUphY1VtTVgyaXRIZUJSU2FqWGh2?oc=5,조선일보,en,Korea gasoline price,recent_middle_east_oil_risk,relevant,0
2026-04-12,"Oil price cap freeze raises concerns over market distortions, fiscal strain - The Korea Times",https://news.google.com/rss/articles/CBMixgFBVV95cUxQTjF5Yk9ULXVBYzcxRjU0WldRa3JKVnNQaDlnMmtpaXUtOXo2Smc1cW92UmxtMXNSay1OS2VDNUVuNWN6eThOdV9Sd25UZVNBRWFKZHFfZTctLVZFRXVHQ1k1Tnd0U3RVMVhnYzhESTdTb1ktY1dYV2pWMmFsc1B6TnlMRlQ0Nml4SnNxbE9abmFuNk5DaldkMHRkb0g1ampHZ2dBYUo1RlpRZ29nNWNlYVgyWGlMdEROdER3WlJFenc0R3ZEU3fSAcsBQVVfeXFMTTdWd0kzeTRvSjdtUjRYWHJjMEpPa0wydmtyeHlIUjB3TThodk05ektTb2ZmX1BWRlNpVW1wNVhqcDQxbUpLRW5DRXFqQ1hCdzhPYklmNWtSM3c5NHBKTFUtMllySGlsRnN5NmJRcEpSQ0Z6TXFvbWxFWUlwSEtwV3d0bUs3NkJJMW5ncGc2WUNoWXRza0tsRkF4cXdYUmVScVI0U2w2d2cxeElVODF5azd3WUxkLWxpdG44ZnJlZkRrNmdWeElnbE41TkE?oc=5,The Korea Times,en,Korea gasoline price,recent_middle_east_oil_risk,relevant,0
2026-04-12,Why reopening the Strait of Hormuz won’t be enough to solve shipping woes and high oil prices | CNN Business - CNN,https://news.google.com/rss/articles/CBMieEFVX3lxTE16VDhpaFRvT09vVjV1V0ZjT0pkeG5KUjFzX3lTa1dPc3BYZVR2czJnRnRXVHh5QkVHaUhsWHVNYmNsakdOa1FiVU4zX2JqX09USi1ROGJpVnVzOWZOMTBDbTRFV0lBbjdrWTlmcUFSV09GMzNQcVFjSg?oc=5,CNN,en,Strait of Hormuz oil,recent_middle_east_oil_risk,relevant,3
2026-04-13,U.S. oil price tumbles below $92 as White House considers further talks with Iran - CNBC,https://news.google.com/rss/articles/CBMikwFBVV95cUxONWFvdXg2VWhNVG9KVUY4cWswaGIzc2xMUklTa0VEWkZqYWxrdEVXbkRwSVBYLVdTRFlXdXRXWG5KemhBMV90eW1GU1laSXB6RFlTZnkxaVFiUjZMUEp2dFBvVGZtNXNyaG5aVjMwam1pYU00MHFReml5Z20zVXl2eUw1RzJuTFRTWVZVZnlxNGR0dGvSAZgBQVVfeXFMTTRJNzZEejdHbmlrZWJ4TmRNMTV2dWtaWVI5VktqZmVWdmN3ZGhSU3h6MzB2SVNRVGgtdVJRdGFDdmxWaHVIb3RiN2xocm9sOFdIU3ZvMHZHbGVUaHg1U0k5SkUyNl9qQXZTS181YVRiWnJEelpoQWJnWUQwVGM3SWFnTXNOR1V6Nk1KRjVBRWIyRXZXM0tsM1Q?oc=5,CNBC,en,Iran oil price,recent_middle_east_oil_risk,relevant,2
2026-04-13,Fuel price cap risks growing side effects - Korea JoongAng Daily,https://news.google.com/rss/articles/CBMivgFBVV95cUxNRktLT3RvY0k5OTViWEtKYm5WX1VtLTJYcU9JcmRfZDdWZ0FBNktHWFd6X2otYU9wMTJlc3RNNFRIZl8taXNGUXlFbGUzaDJlM21jODNLeUZDdEl5bHE4RHM1NzhvWWhNWUpZUHB5eHFCSkJJOS04ak50N05YaHBBZUxoQTloM2hWNnlQV3dxak5nQlpiMWxxbkN6dUhnY0dMSWthakxmdTNTdWdYbjEwbHFGREt3TnZmb2JpX3V3?oc=5,Korea JoongAng Daily,en,Korea gasoline price,recent_middle_east_oil_risk,relevant,0
2026-04-13,High gas prices will haunt the GOP even if the war ends soon - The Korea Times,https://news.google.com/rss/articles/CBMiqgFBVV95cUxQX1JPcER5ajJEd09pbDFHcFRsTFJTZGVjRFd6TS1udXJhWHRGcE5YZFd1VlAtSUtBMTJtel9kNUJGTmxEUndIQTRWU0RSNFRRM0NMSk11RENjbDhQMHdxMkRhT1JxNnlMbTYyc0ppeUdIOWpXRUFRekFvNHBHTmJwZTRWTmU4OWYyNVl2V25kXzJRRldHMFcwQXd1Ulc3SkkxMXhZcFFhLWRfd9IBrwFBVV95cUxQakxRT3JmNUZYcGV1WS1uZS0zYndJazRDdWhaNG45aW9ydTFTWGZTak00Rm5qVzl2QXhCakk4bjQ2V3F0U096OEplTG9RMTh2YnhjUE5ZWVRPb2JLYmc4Y2tDT1VybWdzMHNFdmFxVGlsS1MtZVBTVEY0TDJVUVZQWWFnZEJQc0xSblZVbXFkQWx0eDBYbkJUeFJpOHU1NnNOQlR4LVZpRWFqU0pEa1M0?oc=5,The Korea Times,en,Korea gasoline price,recent_middle_east_oil_risk,relevant,3
2026-04-13,ANZ raises oil price forecasts on Middle East supply losses - Reuters,https://news.google.com/rss/articles/CBMirAFBVV95cUxNdmlKYXlUdnY3MTgxbFlzNkcwSGU3dGk2bDl6UG9lTWpnQUY3QTNVV0NIR2l6bXJaTHFGOGwwTWRSUXBlQ0FfeW1yRFJnU1FaQnRGdlNUS0Rub2QtNDkzWThVTjRvSjEzU01JQU9yWGJ3LUU3M1JlMndxRnFEeGZfRXctSk5MOHhrTG12MU9KSWxhbEJFaDNfSlQ5aExrTnRMLVJvUjBKTVlxSWxS?oc=5,Reuters,en,Middle East oil price,recent_middle_east_oil_risk,relevant,2
2026-04-13,Crude oil price chart 2020-2026 - Statista,https://news.google.com/rss/articles/CBMidkFVX3lxTFBQOTAyZ1hCMjVFUkNlSlVkbkFfVUt0c2xtVHNqbHFNUE00SnUtV2lXbXRHcVhoUEdIMnFGU2tVcThKdUdjY2tDR3NjNEd1YnhlcHZNazg4QU1tbWFhWTY2WjJucDhTMEFRQWhTOVlCRDlwRVd5VlE?oc=5,Statista,en,OPEC oil price,recent_middle_east_oil_risk,relevant,0
2026-04-13,"Oil Soars 7%, OPEC Cuts Demand Forecast As Trump Moves to Block Iran Ports - Crude Oil Prices Today | OilPrice.com",https://news.google.com/rss/articles/CBMixwFBVV95cUxPRnREd3oydFlvSFlmWFpPSnpoalVxcDBsOUxuUHktNFhHZWd1UnE3WnlqSTFVUlV2MUNRdVB6QkNsX2ZQOGRnaFAwRXlQRjRyWmNwX0t5MkVtTDBwTVpZUXVLOGRmYXNUQ01CTUtXbGplQW5rTktzYkMxZkE0dzRXYW12aktKZnFFZDNrNVVVYTd5VU9HZFd1QVJVd3d6bWxfNTQ5WnhZalo3a3lWeU9FblhTWUc2MkgyRXo0Z0w2WUZlQlRJZnNv0gHMAUFVX3lxTE5uSm4zajFJODhUSnJSMHlucHR2QWlmdVRtREZEU1BmMFVwLV9pakk4czJSVGF3SVVNX0NwTnB3eXpRajRIM3pJYUtKT2V4NlIyX05ZTUxkLTAzYXV1dnU3SlZvMWVXLUZsZlNFSEVrSWdobWNUS0NzZFZWUmQ3czZNRTh1U3ZiVWpUX2Q0ZmhSX1k3LXVGX1VGU2NXR2ZjUU9GTGxQUkpLbnlaalZ2LWZvV2xZdXoyZDZQQnV5MzNQRUZjZEJyckRNYkFUcg?oc=5,Crude Oil Prices Today | OilPrice.com,en,OPEC oil price,recent_middle_east_oil_risk,relevant,5
2026-04-14,Oil prices continue to fall on hopes of new US-Iran peace talks - BBC,https://news.google.com/rss/articles/CBMiWkFVX3lxTFBaZm0yS0pIek5VdmExM0NxQ01WS01MaDE1dzNicDE3M013U1M2bFRJaTV1a3NjOURsbXRLWEdvQV9rWHpsRVRMWWdUMGdGS1BCUmRWQnRGbjRIQQ?oc=5,BBC,en,Iran oil price,recent_middle_east_oil_risk,relevant,2
2026-04-16,"U.S. oil price plunges below $84 as Iran declares Strait of Hormuz open, easing supply fears - CNBC",https://news.google.com/rss/articles/CBMikgFBVV95cUxQU1pXclRGd3pwblR5dWptWWI0LWloeUxpWnVKdFVnTE9tcklpSEExXzJnYnl6aVZqeUlqa0c0SjJfZHZ6eGl1TFBQdEpGaUtMeGo3bG5OSmxKSFNKLWdlclZkNGJnSFJPUm5Dd1FBYmhqQ0dBYTYyeWRlb2s5cXZqQTVLR0NsYXRhNkNvdzk1Mzdvd9IBlwFBVV95cUxNN0dTdndfMTVmcnU3RXVFcXhlVmoxZkNQcmlBeVYtWGE2YWV0aWtqU2lJSm9VbkY2WWZBSzBUUmRnSzRrNHBfNUV1NWJOUDN0U2IxenUwSHNsNi1UMEhoLUJ0VFltcUxFTnBla1k5Uk4zQ0E3Y0Y3dEtucmVaQ1hTRUN3MDRTWnpqd2R4Nk1hRXlJX0M4XzFj?oc=5,CNBC,en,Iran oil price,recent_middle_east_oil_risk,relevant,5
2026-04-17,Oil prices plunge as Iran says Strait of Hormuz 'open' during ceasefire - BBC,https://news.google.com/rss/articles/CBMiWkFVX3lxTE5lcGI2VEVhSWFzLWZ1UExlN2JqWjBvQ3ZCLWc1WDBYNG5NMWFPZlZfT0hFcnNfVTF6dHk3NmtuSGQ0a19uVnRMSENZdk1vQ3h3REFKSFlaOXhpQQ?oc=5,BBC,en,Iran oil price,recent_middle_east_oil_risk,relevant,5
2026-04-17,"Average gasoline price tops 2,000 won per liter for 1st time in 3 yrs, 9 months - Yonhap News Agency",https://news.google.com/rss/articles/CBMiWkFVX3lxTE1IWmg5RkpQekU3Um56eGg3dFU5a0FZWlF5M01xR0c5bU1tbW1uWERrOFRRT1JsUThJa3NYRW5iM29tV1lia3ZRX0NaN19sZEtCR2xYM0M0MUt3Zw?oc=5,Yonhap News Agency,en,Korea gasoline price,recent_middle_east_oil_risk,relevant,0
2026-04-17,Middle East Oil Output May Take Two Years to Recover - Crude Oil Prices Today | OilPrice.com,https://news.google.com/rss/articles/CBMirAFBVV95cUxQVklCa2FSTlZ0amc2RWlNaWctUXhSNV9xeFBDbjVuWktrWVduTVRjeVc2SHhiTTlMNUN2ekpfcFVsTWFhbVF2OXNqVXZHWUR2VHlrLVFwaWpLbDczal9sb3kxZXlwR3dkUV9iNXhNYVN1dWlVd0lVNFlNZzdyRlJJRFlNMEZJaW9neS1ScEN4Q1hybmp6TjdNLWZGSS1uMU5mMm1NeXlMUTVvTEFE0gGyAUFVX3lxTE12Zk1VOTRzOG1mek9uU2d5UVd3X3h3VmhGaWItVUpaN2U4ZGpGdFUyV3c1NHB2ZzI1eTY4OHNyY1hNNTAyQ0oyamxKWGVQR0c1aUFwdTNibTJDVzlvVTd4RXptYm0wSXN6NFhUMkhveFU1eEJVbTFPcU95R3JIV1VJN3AzMjRFX1hTWWlTcFhWTmZib0QteE1YY2ZWRElQc21zS3VqWDhsTUNGZzZWajE0M0E?oc=5,Crude Oil Prices Today | OilPrice.com,en,Middle East oil price,recent_middle_east_oil_risk,relevant,2
2026-04-17,Oil Prices Fall Sharply After Iran Says Strait of Hormuz Is Open - The New York Times,https://news.google.com/rss/articles/CBMilAFBVV95cUxNeVMyTTdZNDN4eXdGQWRoellKcTJETkRERzNTd3hrdjViOExfWVRhd2NOSmhJRE03Z3pkWWZxakxacGo5YjFQcmZ0cXk3TU1JOHEweVBHLV9qUEhtSnFocWYtbmc1bzU5U3dVRkQyZzRXRmZGVzRSYmZTU01aSkl3TmpkYlhYRnEycVV0eWhSSXVXd3ZP?oc=5,The New York Times,en,Strait of Hormuz oil,recent_middle_east_oil_risk,relevant,5
2026-04-17,Explainer: What is the Strait of Hormuz and why is it so critical to the world? - Reuters,https://news.google.com/rss/articles/CBMipAFBVV95cUxQT205YkczUGpuYzNueEFzM0toY1ViZ2pOX0ZJTGtwb0p3Y0dlY1lURHlzVlAzWEx3U2pOWkU0UExtcHh4ZEswdUxaVG1Md2MzVDR1b0NlS09Kb2dRcG1yTDJQZFY0Z21mRDc2eTh5S1RUeGhyck1vMDhxeWthM2NaSkpWM1NqNzJ0TVJTWG9pRkFtRjY2blFoeVR4WnR3cVFOdDVvMg?oc=5,Reuters,en,Strait of Hormuz oil,recent_middle_east_oil_risk,relevant,3
2026-04-17,Oil prices plunge 11% after Iran says Strait of Hormuz is open for commercial vessels - nbcnews.com,https://news.google.com/rss/articles/CBMipAFBVV95cUxQXzNHbVVJY1N3T0F0cHd0M2QtM3c3bmJ2d25naGc0NUhZamp3b19qckFiZDhaMVNzeGJrNVVLV19zckNiQzZSaS1tTWwyUmw2WTlGMHdZOG5JSUE2NzNRUU1xX0IxcDhDbGNMZEt6d2tfdFdpcmRPRFlhSHVkMkNVLTI0SzZ2aVI1VzgtNGpQV2R0ZjRJbG9wQ29YX1lDS01pb0ZEYg?oc=5,nbcnews.com,en,Strait of Hormuz oil,recent_middle_east_oil_risk,relevant,5
2026-04-17,"Oil prices plummet after Iran says Strait of Hormuz is ""completely open"" - CBS News",https://news.google.com/rss/articles/CBMihgFBVV95cUxObkNyME9RczZGN3otSEtSSzE5TlI4ME9SeG84djhDcG5UcUZsTGNJV0ZHdEtxQWJuczFYOEV3RURaMGFEbTlNRk5ia2ZLb3lyWWlFa2NZd05mZ1lCejJoZkxtek1wTnRxQmdTOWxzMHBlUm5PUk9QR2djcV9oMjM0NFVlbWJEd9IBiwFBVV95cUxNN0E1a1RrbmJxdDd1M0l0QTA2WWpPVnlQZld5aGlwREVlMnVYX3p5R3FudXJUTkc2bktHUGd0eHlhZVFPNFFKT2VxUUh4cFI0TFI5Q1FVMngya0JSNGNTenZHZ1NYMjJvRlYxcU82R3E1a0IwemVyMmpRZXRWbjRISG50c05wRTU0RkVr?oc=5,CBS News,en,Strait of Hormuz oil,recent_middle_east_oil_risk,relevant,5
2026-04-18,"Gas Prices Hit 2,000 Won, Aviation Surcharge Quadruples - 조선일보",https://news.google.com/rss/articles/CBMiiAFBVV95cUxObDVlNnJabWxQbU1felNJZExfMkJsMW1ORjFtejFzSnQyR2ZYSFlJa21QNlUyVVVzMWRFczg5cXVMRzdGem5NV3lTSHo2ZXc3MkVTQXJOdHlEYnNrOHp4ZFhNaEdUbTBSMmJDUWNjVHJLdmhBcGU5b3R4ZUlobVYzV2NBLW14U01t?oc=5,조선일보,en,Korea gasoline price,recent_middle_east_oil_risk,relevant,0
2026-04-18,Reopening Strait of Hormuz Would Ease Oil Crisis but Only So Much - The New York Times,https://news.google.com/rss/articles/CBMiswFBVV95cUxOQTRrenJLclRIY285Rk9XcU1LVFNrQ01vVkRjaVdLbEJUeHlnVDJuZGM0YW02ZjdaeFNxYlA2c3BLby1CQ185dmJ5dktHZTdFV3NqMEhyN1RjQi1menZ0SEhZdDc4cDRGaEh4aFkwSWxESlU0Ml9jVkZGczBxMVRJX1lNZjlPV2kzaEYtVUszZy1RZ1I2Qmx5YzRoZXp3VklWWWNYUS14NG1UNXJDTTFHWnVDVQ?oc=5,The New York Times,en,Strait of Hormuz oil,recent_middle_east_oil_risk,relevant,3
2026-04-19,Oil prices spike again following latest standoff in the Strait of Hormuz - PBS,https://news.google.com/rss/articles/CBMiqwFBVV95cUxNZUN5N2FhVDRtZU9yZkxoWHNMMkZNV0N5amhfUjVSYWsyUXE3N2owLVJvX3FYSVlwZEZ2RVk1V01hSHp4OGJrdkhaVnNIWHYzWHdfdnBtUFp0blJPM0JwUEFJanM3TU0ydlB5RmRrdU0tZmFaLXc0eWxKV1p4VGFPU08wV1lGLVU0eDRqbDY3OEdfcG4tLUN0Rm1TeGdsRm9iTFZIT3B5NWdfeXM?oc=5,PBS,en,Iran oil price,recent_middle_east_oil_risk,relevant,5
2026-04-19,Oil prices rise after Iran restricts access to Strait of Hormuz and ceasefire nears expiration - CNN,https://news.google.com/rss/articles/CBMia0FVX3lxTE4wVmxWWUNockJCcWhFdmhVQ1Z0TGZhVDhKTkIyN2d6eFdSN2ZYSmNRcklsWGhUbzVteVJYZDhFZndfWF90OTF0QzVvNXJqOHFYNFJGUV8yaGFZR2Frd2JLZGpxdV9qd2dHVjl3?oc=5,CNN,en,Iran oil price,recent_middle_east_oil_risk,relevant,5
2026-04-19,South Korea fuel prices rise for third straight week - upi.com,https://news.google.com/rss/articles/CBMimwFBVV95cUxQdTB1NnhMV1g1T0w0NFA2cEZteFJ6UTk0MG8wLVk2OE0yclh1Q3pIMFV1UXlqM0c5X1VNbDRXVGllYWQyb2tZQ2lraXN1SXBBbkNwVFQ5TTN4dG9NTHdudFhHX2pHN3hjN3dtZy11X3pSQTZOdUZVelRXVldwS0pUT3gtdzVjclhNSjdfVzZwM0wwTFBpencybE1kRdIBoAFBVV95cUxNeFJ1SE4wcjEyZkgzNlFIZU8tblp5MDZLZFJ4R2k2MnN6TGJianhNSWV5aWc1SFdwalV5a2RNSnVLV2d0S1o0M1RtZ2liV3h5ZVZzNXZuRHZCTlFVYUtVT0hGQkhfeEdCaHVYdmtlQ0FzWkJ1cVltWlpfZFJHM2hCdE9fYnEybHBPVmQ4VlVBWEtMRjZDU3Q1b0ZzX0hMdi02?oc=5,upi.com,en,Korea gasoline price,recent_middle_east_oil_risk,relevant,0
2026-04-19,Middle East Oil Pricing Is Cracking Under Pressure - Crude Oil Prices Today | OilPrice.com,https://news.google.com/rss/articles/CBMimgFBVV95cUxNcFFSRVJoS3VhUUpwZ056UWRoQmVHZWJXbHBkV1AyRXpzMEk5dWZxMTFjVE9rOUMxYmxBal9lSHpfS291X2JVWWpTMk11a1kwTGJSSWVxN0xuRllMQlRBUTBHZnN0ZGlvcVlCVXpielJmc3E1WnJBUXRxT1E3QkxBSzJEcHBsZVpERjVTODZhY1lVckxaX0tteG1n0gGfAUFVX3lxTFA0V2NHUjBSRW5LNFk3RkVDTWtwbEFGQ09FT0x2enFVSXU4M2I5NGhmb3BEbGhpSmVHdDlMT3dBeC05anFIeHp5Z1d1NlRiVE15QjRKSG5zMWhZUVc3VEQ3d2ZQLVZDc0hoVnJGWk0zcVBsbEFjVkkyNzV5Mi01aHkxLVZvRl9NLVkxLUR1ZDBtTXlyVXhRNkcxSVRBMkZvdw?oc=5,Crude Oil Prices Today | OilPrice.com,en,Middle East oil price,recent_middle_east_oil_risk,relevant,2
2026-04-19,Middle East Oil Pricing Is Cracking Under Pressure - Yahoo Finance,https://news.google.com/rss/articles/CBMingFBVV95cUxQX205S1Rwd05BQmM1eGJHTk10dTBreXB3WGlKMHhRbW40QUEtUlUyQkZSWFo4MjFBb1VTcGVZSU1XNjhiZWlJc1lTaXdOdk1hV05PVjZqNTRIXzQyQ1I1SkNZVGtpSU8yQTVjdjhWS0FMTEhuT0tMQW1WSWVWOG1ZdVpBWExSTEwtWERpQVo2aGdIWkFnaWk0VE1YMUNkZw?oc=5,Yahoo Finance,en,Middle East oil price,recent_middle_east_oil_risk,relevant,2
2026-04-19,Oil prices jump after Strait of Hormuz setbacks - Axios,https://news.google.com/rss/articles/CBMiiAFBVV95cUxPanF4a3BkUkhIQ0I0cDE4MkJqaEk0YXAtUW1oX0pPcGlZUEZnWDAzMll3UVR2eUZ5ZTBCUHI2VC13N3J4dnNrdFdiT2poUjREZnlYSmFpclZkZDB3ZlM4YkEzWXlVT0JkN2E5cU1IYzVMYzdWd1QwdFVWbE1TcEZvOWtVdGs1ZGtL?oc=5,Axios,en,Strait of Hormuz oil,recent_middle_east_oil_risk,relevant,3
2026-04-20,Oil prices rise and stocks give back part of record-breaking rally following latest Iran tensions - PBS,https://news.google.com/rss/articles/CBMizgFBVV95cUxOMXJ2M1pvSFZLQ1lCZmR2Y1hfazVUUFNXcV9vUHdwYmFlTGRHNE9UeXBYZk5CNXItcUlBTkRxN0lQTDhqY2lNWEN3MExYUUpjS1RvTVVZRmNOTnMteGdDQUZDMUxSaW91OGFwVGxBaEM2X0lHUEp2QWo0dDZodmpKRnFlWGdiQ1o4TE9XLVdoSEQ3bnRfMGhTZW9NZzBCZG5LWWc0V2hmUEozVGdHMEV6eU8xOHpSZW1qVUlrUFBhak4yUTBuUnd5SnAzckx5UQ?oc=5,PBS,en,Iran oil price,recent_middle_east_oil_risk,relevant,2
2026-04-20,Oil prices rise after Trump says Iranian ship seized - BBC,https://news.google.com/rss/articles/CBMiWkFVX3lxTE8yR2laSVRwLW45ZkMyS3VXdmFMc1Z4cVBrclZjZkprdEVsYlMxMURWcW1fWUIycGR3QjQtTTRoZVBrUzBRMUdIQXJROVZsTjNzVDVmYlVQMVVidw?oc=5,BBC,en,Iran oil price,recent_middle_east_oil_risk,relevant,2
2026-04-20,OP-ED: South Korea fuel cap distorts a market under strain - upi.com,https://news.google.com/rss/articles/CBMiiwFBVV95cUxQcnJmWi1RR28yYm40bXFxSV9PMFgzTzZVOGlyMEF1ZWpyc3JWZlhMWHRKa0c2TEEzNkZacUVoUXQ4UEFmeGhKRDM2UXdSRVljWGp6WXBJVURVVGpGazJmMHhEdnF0RTF0V3VGaURPcWlITWFRVnprWjdhbzR0OGtqcHpkZXY5YVZ0ak1F0gGQAUFVX3lxTE9VbjNwQzhndEhVd0ZTYjk2WXM5UF9mVXlWTXlqcWVEMmo0ZzNoeFROdnN5bkZDRW1Vd2dBRGRzWGFoS01aMlNjc3dwV1RQVXFkcXJIU0hPYXZrYWpjVHRnai1Lb0duRXF0OVBEdndoZEVDZXJvOUxDX2pQSVRpNllINlBsSkZEYU42bXJMalhoZA?oc=5,upi.com,en,Korea gasoline price,recent_middle_east_oil_risk,relevant,0
2026-04-20,Crude Oil Prices Jump as Middle East Tensions Escalate - Yahoo Finance,https://news.google.com/rss/articles/CBMimAFBVV95cUxPZ0wyT2pGTTJlVk5SSlo5YzNWOXBMTl9vRm4yUDR2Yk1veFQ3bllSSGJrVFJxOTZiT2JfVldyZ2JJVHk2V2JVQVdkZk82a3JJX2pSYTBiTVpmdDRleGd4YlhYX0tPbEFLY3gxNkg4TlVDMGtYdnBaTkY3X2JYYlBNRWlSWkdUVnhEeUFRbjItNWZNc1hFUGZWRg?oc=5,Yahoo Finance,en,Middle East oil price,recent_middle_east_oil_risk,relevant,2
2026-04-20,Oil prices jump amid renewed tensions over the Strait of Hormuz - nbcnews.com,https://news.google.com/rss/articles/CBMinwFBVV95cUxQbGNIc09VeXBDZGhfVUNEd25aRl9tQ2RYcVhLYWJuNC00OXBwSWQteE9wWjQ2U1k3SG9rdTczUV9ibDhqMndvYk5xNGFJOU56QlJSR2V2Q1BJODRYemhLNF9OZEtxVXJ6Z1FQZDM2TDNHeXhNZkpzZTExU19TY3phLUFBWnRWcktsV1JUMm92NnEzZERnWk42QzBMV21QRTA?oc=5,nbcnews.com,en,Strait of Hormuz oil,recent_middle_east_oil_risk,relevant,3
2026-04-20,"Oil surges back up as Iran says Strait of Hormuz is closed, US Navy seizes Iranian vessel - Yahoo Finance",https://news.google.com/rss/articles/CBMizwFBVV95cUxOV2pFUUNyTnQwZFd1UTlMMy1IVXJCaDZSTVJTTXNFWW5Zdk5vclkwYTZrNXRCWHlrcXVFS244Tks2R0JRcWdrRzJGS0djdGFLd0FoQm9UV0Vsc25jZkRnOVM1azlfb0xKS1F5YTRWVVFUZXBoNC1CbHhkS19iLWtBYTJMa2VLSTFxVGdZYzM1VzBMS0hwcm5uRmVYRHlLUXJKMnN5VUdmZjJlREsyUzZINFFFOXljV3BkZWZNaHZiaWo0N0IyUWExYWR6NE5EdlU?oc=5,Yahoo Finance,en,Strait of Hormuz oil,recent_middle_east_oil_risk,relevant,5
2026-04-21,"Brent oil rises above $100 after Iran seizes container ships, U.S. maintains naval blockade - CNBC",https://news.google.com/rss/articles/CBMinAFBVV95cUxPTENqdl9zMzR6dkctaTdnMFlfQXc0eGJoTkZmVkRwQzRJNjJHdXpQRGV0ZS1NRFcxblI4cHV2cUVXS2c1a2lweUNZdXEzYkduaFlCd3Z2R2xrRkt4TU5JMU9FRGhmOENFVjJYRnRJQ3RCSzdNb1QzeU9JUnp1T25uS3RNdGJJbEdIWHdEN3JfNllWTFlaTnhreHJWZWnSAaIBQVVfeXFMUGRSbWx6Z3FWSDJLb2trVGx5WHZ4TnFWblU2RlM1WWgyRnFNSE96OFRhZ0g2UGpLWkFWZzlHUWo0WW5PcmFLRktvN0Q1ZEUxbDBKYmFjRl85Vk5ONVNxUDJKNk9SelRqcUpENk9Banl4ZGNIX0tUek5qXzVTREZkSkVaNVlsTm9uaWRGdlNrMmx3ZnZlZmVJOV93T2tkeDFBdkxn?oc=5,CNBC,en,Iran oil price,recent_middle_east_oil_risk,relevant,2
2026-04-21,A timeline of how the Iran war shook oil prices — and what comes next - CNBC,https://news.google.com/rss/articles/CBMidkFVX3lxTFBBbnpEbzVRZ0w5Vnc5d1MzX3BhNmttLWpqbVQwMzBQWlJRUXdKbU0tZzQ4Q0R2VU8yMll2N0l4TG9UdnVvRUs3VFZjTy01MjRHX3dfcnVyLTFEWkpBWXN6WUJTUTRBLWtaV2xXYnlOQUxZMGZTNFHSAXtBVV95cUxOZmg5TXoybVJhcUdpUldDZ25ldHBYdjN0UFdua3REWnk4SzNRQmlhVVlaNUZLVVlSYlQwRGNYRDNfNUw1UHVHNGZTdUhQY1dCTzdvdXlJdGtFa1QxSXVqcXRNbnFfNDludDF5cE9QelprTGpUcU5qRDZSeUU?oc=5,CNBC,en,Middle East oil price,recent_middle_east_oil_risk,relevant,7
2026-04-21,The Strait of Hormuz closure forces a choice: Ration oil now or pay a steep price later - Atlantic Council,https://news.google.com/rss/articles/CBMiygFBVV95cUxNTnNrSl9TeFRzeHRoUG1BLV9mNjRZajRqNUtKZlVLaEJYVG1pYThZYjJ6dU1ITVpSNnRMR1AwdmotOXlPTV8ydVk1bHlnYVZvWkhicFJNME9fdE5EVDZGajEzaURhcTlKcDhOSTg4TU9sT0FPelVFZ3F2MWhzQ2tUMjlFYzJYQUhmS1VJdjhlbmZTT1k3a1ZBZERkZlRWX19YODZ2WDV1M3ItVENERy1uNUlnS29WeW13SWk0Ukp5dV9ic1BjeVdkc2FR?oc=5,Atlantic Council,en,Strait of Hormuz oil,recent_middle_east_oil_risk,relevant,3
2026-04-21,"Open or Shut, the Strait of Hormuz May Not Go Back to Normal - The New York Times",https://news.google.com/rss/articles/CBMingFBVV95cUxNdVpyWlNQSFMzeUViZDhkYWRYcTFzTmJ5ZEhxZG50a29MbVlicVFQUUVjQVQ2SkhVQmN4clVldElKd0ZPb3Azb3ZCc21VSERuNzg1LWN0VGpJN0RZQkFnRm1yRmFYdnE4eElVRlN6UkZoTVBKalhlQmdFbEFyemdNQ1dlYURRdWZ5c3U4SlJvOXc1ZGdrY0hmTnRvcGxnUQ?oc=5,The New York Times,en,Strait of Hormuz oil,recent_middle_east_oil_risk,relevant,3
2026-04-22,Fuel price cap system lowered consumer prices by up to 0.8 percentage points in March: report - The Korea Times,https://news.google.com/rss/articles/CBMi0wFBVV95cUxOOEJEalRXUDZLRTltV1hvMkZYN1IzWnZTTjRYUmhyQWRHclEwdkZ6WGZ5TnlDV1ZYUVI3SHM3N0hUWFdfRDRDd1dHYkdDdjJmckpFVXRzdF9VRG9qdWpkdjZkR1g2b0V2OVA2c2pUdFczbTF4QWcybGZRVEhrd3kxR2VocVgyYk9sYjFkdEpWREZEMHBXOTVZX0NZbGZwZ0c2UmlUZTloYWRzd1NwWm5paXZWR1c5TUhjVGtIUjA4NGh6RlNkdFYyUlBILVZvUWdtdHBr0gHYAUFVX3lxTFBQVFlDWVpqUlU1T2NZOXJwd3ZjaGRWS3FiRjJSYWI1ZHFMZ1JTczJQYk5XbnlwRFhOLXF0em0yRnA5R2dXOU12dUJKS2c0UjUxQk13S2gtOWpQN016QzlhTlNIdkJRbGNqUDZpNzhyaWs3NVpyVjE2cmhrMWtWeUx3NE1za0VjTVU4Wmxaa0l2RV9jb0hvZV9yVWlnZFJmTUw4UlBOMGZ6NmMyT2xCMWtjOGJXemxhM1dBRW1VME5EaDl5YXdpRnZPT050UEc3NFIwSmFEdjhObA?oc=5,The Korea Times,en,Korea gasoline price,recent_middle_east_oil_risk,relevant,0
2026-04-22,Oil Futures Rise As Strait of Hormuz Stays Closed - WSJ,https://news.google.com/rss/articles/CBMirwFBVV95cUxNU3NFanU4cVZFYlZfYWZwMXhaQktPRm9MVmxWNjREck1ZMU1tZ3JRMzZieG96ZmlTWU1xYTJHZjRneHdBSk9EcnBvbThZSHowcnI0UTQyTFBWRkdOcG04SW5KQ0ZnMm1SUEF1bFFTRzBJVGZPZ1dUQWNRWDhrWmZKZC10RVkya3pIYTQxYkZQRVBxeUNXNmxleEtpVURJSlk5TDloYm5LNVQ1MjgzQmNr?oc=5,WSJ,en,Strait of Hormuz oil,recent_middle_east_oil_risk,relevant,3
2026-04-23,"Brent oil tops $105 as tensions simmer in Strait of Hormuz, Israel threatens attacks - CNBC",https://news.google.com/rss/articles/CBMieEFVX3lxTE9vdWMwejlaaUhEZ0VvZ1Nlc0FocXZfZFlzVTVVQ210ZEQyWUlSbTk2UzdWV0NuTXFDTjUtb0wyVmgtUGtvQng4R0ZXZGM4VFBHc3dSLWN1WXpUODUzajFfRnpMSXhwcmRWTVlxYkxZQTY4ZnZDSG9jatIBfkFVX3lxTFAySGhUd29hbkVJSEwxQ3gtRmsyeXNqdEhvbVdKMDdRanFFS2JoX2UyUVN2MXJkLXBNbnJkR0hIaGFENDlVcUYyYXdqSGt1enVDTUsxQmw2U0dibkVmdU54cHpaYkRhX1FsM043UEI1QUVneVB4VUx0VnZyVWJ0Zw?oc=5,CNBC,en,Iran oil price,recent_middle_east_oil_risk,relevant,5
2026-04-23,"Korea's fuel price cap shields consumers, but someone has to pay - Korea JoongAng Daily",https://news.google.com/rss/articles/CBMi5wFBVV95cUxPUXpReURDU1VWZ3ZIU01SMDB0YUN5dUt0RXRxRlNrSmZ4M1FzZTlkM3ZTRVZLN0p6dV93WVNDWVJNaUhnQUtMMHRiUnVESlFMeWhuWl9Obm9VRS1tRVZzMkdXa1l2S3pEQXBJZlRkU1pJY1J2eDk2NkVianNRLWgxRXEwQVRoTlBGLXR2bWF4bDJXR1dzVko0WXVrQmdXTVhDM3dEcjNMZGp4X3o5OTFweUFaOFQ4MEVuQUxQSEZjNlNFNlZNcURwQlNSZWFZVnd1SEhCYWlhUGdZcE5ib0tMWjZSazZESkU?oc=5,Korea JoongAng Daily,en,Korea gasoline price,recent_middle_east_oil_risk,relevant,0
2026-04-23,"As energy shock continues, will more countries turn to price caps on gas? - marketplace.org",https://news.google.com/rss/articles/CBMiqAFBVV95cUxQbjZ4MlhvRmk0Ti0zbWR0aUQzYlJkNGxpLUZ1dHZRdnVaMm5nMXhaSzdSQmg2VGdpV1BpajhTV0VkenkzOUFpakVzdExLY2pHT01lNjJuX0kxS2d0OG1nNWlmTHg3ekZNQUV4X09fMTRuLXFERDQ3TjNkMlpWNWNXZHlRcVpycURXaGpNT2VXQ2tFZHE5MHhQWjJPZFEwQURic3k3dTBVWVI?oc=5,marketplace.org,en,Korea gasoline price,recent_middle_east_oil_risk,relevant,0
2026-04-23,Korea freezes price caps on fuel products for another 2 weeks - The Korea Times,https://news.google.com/rss/articles/CBMitAFBVV95cUxPSG1VMEF2aUtGOEx6MVlSNG1RRHhvaTVDZE9VbGd5SlJqcVRCQW1ZOGpjLTlzdVdrTGQ3M0VrSUJ5MzI1YzVBN2ZNdi1OVHJROHlidUFIR25WQi1UWDAyRWlwRFdkMWRiTHk2d3RLb3FwUjdFUjlwdVpmLUZ5cWRLdVBpMUE3U0Z3MFduWHotWDFqMHFwS0g0NkhkbkczbDlaMEhJaTFaTEhZM3I2RlF0bW1HX3nSAboBQVVfeXFMTWlsblBtSVFaZ2NCak9aamJpWVFaSmlqbV81TzZoaWwzSG0yLTZRVjZSN0tpbXpMV0EzSFMzY3UzUWVPN3hfSU9hLVl2YnJVX2s4dEZUanNOME5Tb2hnVzItYk04Nno5WHlHOExEcVJVMkRnWFRSdjhVZm50aXM0VDhXR2xrWDhUOWJoZ1F1MGhIMm1JS3o5aE9NTS1XOU5DYnRuZGstTEFxVmhJR182T3RybjNScGJIcEJB?oc=5,The Korea Times,en,Korea gasoline price,recent_middle_east_oil_risk,relevant,0
2026-04-23,Oil Futures Rise As Middle East Jitters Pick Up - WSJ,https://news.google.com/rss/articles/CBMiwwFBVV95cUxOWExPQy1qbXdEcDJTUlltTTFpd2xIbHktUDY3LUlsQjR2NjhWRENhdUlpMVNZQ3Q4eDUtTmxxS1htSnJrY1gyMDVhSGFucWw1cHV5Vm1KNmFoUW9IVWsxeU0tWW40ZF9pdXdtWkVKaVR1YWdDVVktWXJoRl9ZRUtCMFp6dzNWbVE3Z1d5Sk4xdEhIYmRsemJTNy0xeVBtaG1Ya3dXWHR2eHZQUGtvVWI0SmFsanljNERwS2xDR2h0cFhSN3c?oc=5,WSJ,en,Middle East oil price,recent_middle_east_oil_risk,relevant,2
2026-04-23,Oil exporters scramble for routes beyond Hormuz — but there are no easy options - CNBC,https://news.google.com/rss/articles/CBMiqwFBVV95cUxPMzBEaVhqaER0aWxjWXpuVTJiOW1wbjE4THJoaDBOUmpXRURaX3BQbm9sTmpwX21lS3pJcGszMkx4SFVFREQ3THNFaEJabGphbmNvVmNITnViLU1UeWxKV2c2OFctSlBVdHUyZnNpOTBNTElJRjcwRTNWZkpPMVNGZGJsYzNpcFY2dnlPLVI5bW1xYk1EQ0FFYnc3OEdTUk80ZUhzYTBuZXI3SnPSAbABQVVfeXFMTWJsWGhFUXB5QlR2SGNKOEI4NEw4Wk94ckJJVjZITXF1S3huYVVyWVJ2QlRTSGNORTM2YlBLV083VlFOSHJCVHBuNnNlU1FkQU4zT2daSFJ5RGZUWUNkSnh0b1pzWDg1N3dxM2FOb3hYdVB2QVpSWTRuaWhJZUMwc3Y5SVVkR0pZYmdfSkstaWQ0d3ZVY0xxTlZibkVDc1FMOGxxenBOdzRKeGFNem95SmE?oc=5,CNBC,en,Strait of Hormuz oil,recent_middle_east_oil_risk,relevant,3
2026-04-26,"Oil prices increase after Iran doubles down on Strait of Hormuz closure, accuses US of undermining trust - CNN",https://news.google.com/rss/articles/CBMifkFVX3lxTFBwY3ItcXg5dExFTTRKNFg1QWVYLUxYcG0yMWJUZFlBaThDOGljcllKeUZXYTVSN1dGUjM4RGdNWGtibTdJcDROYU9lRWFSWnM5X3hFOXFpSnphdXFHak5HektvT0R2MlRoWkpiaENiYkFyV1d2TGpqRjhNTkNtdw?oc=5,CNN,en,Strait of Hormuz oil,recent_middle_east_oil_risk,relevant,5
2026-04-27,Retail Gasoline Prices Rise Despite Government Wholesale Freeze - 조선일보,https://news.google.com/rss/articles/CBMijgFBVV95cUxQSXVaVjNKVThScU9jTjdud0pUdkhMSFZoWVFOZTR4WGNjc2g4VUw1QUFrRnFsdUI4SHJuUURybWloWGp1el8zb2trckNpTzJKRFZHQWFjQXZJUUYtZmRQNXpFMkd2Nkt2MVdPRHBpWUw0ckZRNWtWb29odm1ZOVp0WW9JakMyZG1OT3liTTNn?oc=5,조선일보,en,Korea gasoline price,recent_middle_east_oil_risk,relevant,0
2026-04-28,Middle East War to Spark Biggest Energy Price Surge in Four Years - World Bank Group,https://news.google.com/rss/articles/CBMirgFBVV95cUxQcXZYeGQyQUkxX2hIR2VGTEVDSngzZE1NR2ljaHJSWjFGdTZjUWxxOHhIeHJmWlF6RkdwcnR2RjJnRWxkdnNUWW5CUV9qMnJnY3dsRXFCa3B0VjlVdlhDU01XVnFhbzYtcjdTcy1jNzljT2o3OUlrOUZwVllYdmdEMTlNTzVpdXhQbWtlTWZjX3FoTTM4eGtERGZLbmRJRkZ1dWY5SnhMNGhmRnlFQXc?oc=5,World Bank Group,en,Middle East oil price,recent_middle_east_oil_risk,relevant,5
2026-04-28,"While the Middle East Rebuilds, A New Energy Bloc Rises Under U.S. Direction - Crude Oil Prices Today | OilPrice.com",https://news.google.com/rss/articles/CBMitwFBVV95cUxOZU53RzhHZXg2cjZhd3NiZEJoSmpIUlVhWGt1a1J0QUFJY1I2N2t4TkhxUVZtWWxTQjRzQTN3ZTk1V0dGQ3dmZWdZQWJNNFE2VjJ0QXdKS3R4Uzd6VUFXSUFqaEI3a3FBcXEzbGoya3BiSmFuVk9KMVFIQU5QZGZFNEVzM2VfUEpwWTYzR19LWl9PYnVsa1ZyRGJNcFAzZll3Qk03ajNyeE02U1ZUd2tvck1IM1BpZlHSAbwBQVVfeXFMTlZ6bmFEcWlVU01EYUNKQWQ5c0djOXY5aGlCMlBTMkQzcEJvQVctc3NueW13c0UzYjdOcHpzSnZoWVFGUlRLakVWNl9LOE83ZVFiLVNpcExCSXgxeG5neHhyQ1RQWS1oMXdRWllnMno1dWxRRVFDdV95bTBJaFViTm5wR0RQdFFJeEFtZW1RM1JMUmQ2THA4Sm1pUU95UHV5ZnBOU291eUMwWmdlcFRnUUtpTXBxa1B1aDFqSWg?oc=5,Crude Oil Prices Today | OilPrice.com,en,Middle East oil price,recent_middle_east_oil_risk,relevant,2
2026-04-28,The UAE’s departure from OPEC shakes up the alliance that influences oil prices worldwide - AP News,https://news.google.com/rss/articles/CBMihgFBVV95cUxPd3JfTWY5RlYtRk1lbVJ5ZmxXNmxJS1ZuUEU4OUZ1NkZEa3dxcTBZQ2JmOVU1Wm54LXFrQXU2d0ItZ1VUYnRsSXFQS1JuYm5wajhmcjFKdURjZ0JpY2x2Zzd6cVVpeERvVFF6SldpNGREZkFkbXJ1TE0zcnRoZHgwUE5BdThrUQ?oc=5,AP News,en,OPEC oil price,recent_middle_east_oil_risk,relevant,0
2026-04-28,"What Is OPEC, and How Does It Operate? - The New York Times",https://news.google.com/rss/articles/CBMie0FVX3lxTE13QV9RU1c5NHNGZExJN2cxUlpRRHZDcEI4aVR3c1VCc2diZTlZT2dDTEhVNXNjMGlwOHphVzJDM25xYVdEQjJTV1ZaYU1lX29pVURsTmsyd3ZPNVZtMXlkelQyVVFCY3lqUjFWeS15TW8zMHdyN3MtcHlkaw?oc=5,The New York Times,en,OPEC oil price,recent_middle_east_oil_risk,relevant,0
2026-04-28,Oil Spikes Above $110 on Iran War Escalation and UAE OPEC Shock Exit - Crude Oil Prices Today | OilPrice.com,https://news.google.com/rss/articles/CBMitgFBVV95cUxNaDZvU203T2VGbUhWOHVZXzJBQnhkSldJcEh2RUJ2RlFWN0xva0lROW1aXzdaZURSN3V2N1NLMkZuM29RbXpvVW9BSFJLLTVXM19UMWg5dW1JMjlBcURoVEc3bWJETjl0MVl6VUwxaGcwdnU3THZvcnEyMU5FU0pjUmhOV1g0LTZJajZTQlNyd3Bta3VJOU9MMUFxeFprYks2T0hLelQwS3Boc1JUZDRJMnJCQ09Id9IBuwFBVV95cUxOOHpWVmtyelRXZWtQaElZdTFHNHpPNWlCN1N6MWZ0aXNPOFNfV1h0Q21NRWFtQ2tWemtYdjlTazVTaXBMMWdvcnROcWFQUzYtYU9xQVVyNm1qOEFPVF9XSTlpWkVqWURveTZ0YUdPZnhLckVUYXBQT251OEZmSUhEdl9pVWQxX05aNTZmcXVqT25EeWdoRDlZb214YXJWa0J6ZVZlWGJLWVJiaEk3aGd4VWtST0RsS050cWl3?oc=5,Crude Oil Prices Today | OilPrice.com,en,OPEC oil price,recent_middle_east_oil_risk,relevant,5
2026-04-28,OPEC shake-up throws oil prices major curveball - thestreet.com,https://news.google.com/rss/articles/CBMiiAFBVV95cUxQbF82Z3ZuZmZnOWpKWmotcV82SnlWSmNVSVJJOFVuZzJzdFRPLWtJOFFyNlNMQlJIakcwSktCdlc0ajF2TEtSNEVkbzAwVDZSUF81NjZCMnV4ZEVNTlBxMXZQT0stOTVSZzA0TjZsVVl6TVhkSjA1Sm9KeUFTLWFud0F6LUF4akRD?oc=5,thestreet.com,en,OPEC oil price,recent_middle_east_oil_risk,relevant,0
2026-04-28,United Arab Emirates Says It Will Leave OPEC in Blow to Oil Cartel - The New York Times,https://news.google.com/rss/articles/CBMic0FVX3lxTE4yQzVCOGlNUFlhVWJRVUVkeEprQ1p6ZmtENnI0SnBPMTFOVnFYT2RJTy1LSkNYYjVVb1RwZWJfOXZGT1ltdHNWQ0plSDFfeGwzUVZhczRiLXJ0RE9YWDFjRDlQT1locnZLcHM5ZTlIYWpFWUk?oc=5,The New York Times,en,OPEC oil price,recent_middle_east_oil_risk,relevant,0
2026-04-28,How the UAE's departure from OPEC could impact oil markets - PBS,https://news.google.com/rss/articles/CBMipwFBVV95cUxPY2pMcW5keGRwRHEwTE9mLVhFMUdyUlp2Vzl1REtpY3NfcklkNHVheGFUQ1dyeTR5V0RvNWJocTZhN080T09FUXNVOHpzQUMxRTk2c2J0REE4bHd3bS1oZS1FVG85WWE2Sk51NGVBYmZxV0pfdkpvTjVoUHZKMDJLUDBSUDZuQ2JjMzRoTkszSGhkdnRhR2lkSGR1RzBaZ2FGQlhtOWw0OA?oc=5,PBS,en,OPEC oil price,recent_middle_east_oil_risk,relevant,0
2026-04-28,UAE’s Exit from OPEC Will Have Long-Term Influence on Global Oil Prices - Morningstar,https://news.google.com/rss/articles/CBMiqgFBVV95cUxOX1hlNGpNMy1IcnFzOVRnV2lOZDNXX3B6Z2xUUlBYUkZtMElRd01zQVRSQ0tCWHBQYkg5blp0UTRia19Hb3g5TzB4MFZCdGF1dUdtWlVlSnVPVnZpSXlPTEdsY3dZakJuTTdQTlg2SkdBVzcxQnBSVXRDOHQ2dUEtV3dDZDFNUDVfQkY0d1Y1eUtaemRreFhZUmM3R25kVDNQR0Q5eFF1NDhUUQ?oc=5,Morningstar,en,OPEC oil price,recent_middle_east_oil_risk,relevant,0
2026-04-29,Oil price rises above $120 after reports of 'extended' Iran blockade - BBC,https://news.google.com/rss/articles/CBMiWkFVX3lxTE53aEJrRTBraHBRbGY5MndDTUxWc1JJWnVKQnlWYmdKUmpCZ2JjbW9wNWxGeHlNTHhTM2d6cG5fbnJ4eTJCSTBVVllCMEJET1c4LWpld2lBZmFiQQ?oc=5,BBC,en,Iran oil price,recent_middle_east_oil_risk,relevant,2
2026-04-29,OP-ED: South Korea oil price cap risks market distortion - upi.com,https://news.google.com/rss/articles/CBMijgFBVV95cUxOWVV4eWR1R19KalJ0RTh4amxWQmZQbmxJMXlPY21nbm1nZTZJOTF5aVp5REt0a2VjcmNYMUdpTklHVFcwTjJfcGRqVnUydERHQTBlYmVHTWk2NzE5LUZUMkVXN292SDhkOXlraDRtaHVaM08tME1MZVZzemN3d2RKcEY5ZS1wN0YwODZjbUpn0gGTAUFVX3lxTE5WdHdRaWZPcVl0dmljOVZxMEc0TU9LRnJ4NklPU3ZOelZ6VnZtWmdYQVB5V2RUNkJvS2J4M3pwelRpekQzZDZRYjFiajNncjZXS3RvZnFkR01qdHA5UGNXRXQ4azlqU2t6VE1BODA3ME9jaWdPWXFPNXJ1aWRnQTItajdTTGl1dGJxWTQySFVJUWlxZw?oc=5,upi.com,en,Korea gasoline price,recent_middle_east_oil_risk,relevant,0
2026-04-29,Oil Rallies Toward $120 As Middle East Supply Risks Spiral - Crude Oil Prices Today | OilPrice.com,https://news.google.com/rss/articles/CBMiogFBVV95cUxQU2ppZ284U3lMTExFOU9BZjZMTm5pbm11Q3docGN5NnJncFZqMnFwTUZISTZsUDUyTGJaVm5YemJnTjFnY1k5SkNSNWRYdWVjNnRtYWVqS0VqSW82cFp2Z0JRQkpOd01pbkhmWTlmenE1SVlHS2V5eXBmcVpRcGZNemk3ZVJzY0tsaTNYVllxeE9jc1pCamtBS2lTdjJTZVhWR1HSAacBQVVfeXFMT09jbGtJb3kzMVZDSUxva2hnU1lRWXNWN0s0UG02OEFPSWtqUldhYTBLTENaSnlOVkVBRkdKTjRLa182em5IS2VaaHZTOWdWU25XejJCQ0ZhRzh6cUJSMXdtS0RrWVZTSm1paXRRSzVScm9PS29fM3FmcnRkNjlDZUhlaVl6cXZMaFBlZlUxcWlGVThnRnMxM1lJOGFGNi1CMG9DaDNoSjA?oc=5,Crude Oil Prices Today | OilPrice.com,en,Middle East oil price,recent_middle_east_oil_risk,relevant,5
2026-04-29,Oil Futures Rise As Middle East Stalemate Drags On - WSJ,https://news.google.com/rss/articles/CBMixgFBVV95cUxOaGo5MlFGX0lNQllJb05LZERhTml1OWZhZjB2Q1R0bURKSlFaeGVscUlpcGZxcVBIbVNaanVId3loY0luRDRHajBWY2hFcDAwUm56OVVDdlo0dmN3eDd6eVJhNk9lbElfNWZreElFVmhic1RIY0dyc1NRYWdFSTFaUFZsZk1PM0RCbTZ5dEUwYnJJZlUyZ0J3YXhSbmw3ekZaSzVFYTR1b2hyWnRsN0VxUkZGb0xLSkg5bFhQR3FIbGlmaDU4WWc?oc=5,WSJ,en,Middle East oil price,recent_middle_east_oil_risk,relevant,2
2026-04-29,The UAE is leaving the OPEC oil cartel. Here's what that could mean for oil prices. - marketplace.org,https://news.google.com/rss/articles/CBMioAFBVV95cUxQaWR5bU96V1dOcnhqMENua2VxdHJsU1gzWFdYaEVzbG9rSkFKcTFVWGVBckJ1Q3JKWmxfazRRZ1h1Ri1IUlllVmt2aWoxWll1RnRESDJSVzgybVh1dXJZVXk1a0hLMHNucWFFb2ZmWkNfMmR5aGcydTg1OTV1bktjUG5KdmxlbUVIVlpvRlNxYm8tRjRXOVdJWFpDazlyN0lW?oc=5,marketplace.org,en,OPEC oil price,recent_middle_east_oil_risk,relevant,0
2026-04-29,The UAE is leaving the OPEC oil cartel. What could that mean for oil prices? - The Conversation,https://news.google.com/rss/articles/CBMirgFBVV95cUxQMmVmUnJrekhjS1BKUGdMVTFrVnU3cDVQZ0ozMFZ2cG9wVGsyY0thbmtrTlBQcno4QVAtdEdObEVhWWVaNDRoVXloNktwUEVlaW9xem9GU25mSXpaWi1wQnJrZnZlbTloQTJCQjZhcm1aYmdrVlB5cFJIdk9idngzQ0Q3RG1ZMFEwTmtNOVJ4WFJMajA3NnhhWXd4aTFvSU8zM0Z0aEs2b1Bzb0dtbHc?oc=5,The Conversation,en,OPEC oil price,recent_middle_east_oil_risk,relevant,0
2026-04-29,Oil prices rise despite UAE exit from OPEC as Iran war ceasefire hangs in balance - Yahoo Finance,https://news.google.com/rss/articles/CBMilwFBVV95cUxPZnZsOVpqak1rbG9yVS1BOTBHYWVId3dkNVJPaDFzWWRsMUMwblczNHAyZTJpMFAzTXF2QVg4Q1JzeTN2dmtSWE1jc2lncmEzS3NwaFBxYVg5VnlFNVVSTTcxS2Z1bFZoYmhQSzhDU1pYc1QxRmFkZjh4WWNxUzVDLXppMlRwS003eEt4bm0wdmYwcEJwRzhF?oc=5,Yahoo Finance,en,OPEC oil price,recent_middle_east_oil_risk,relevant,5
2026-04-29,Barclays Sees UAE Oil Supply Growth Accelerating Post-OPEC - Crude Oil Prices Today | OilPrice.com,https://news.google.com/rss/articles/CBMitAFBVV95cUxPVkxwbVdOLTZvbnR3MkRDdE5iTkhVbGQ1YWxlZkVWVlhDaDE4S3QwbC1pajVJLThMWlZfbzlaMm5fUFRvamhlOTREbW5BZklJWkh2UHhtRElXR1NxcTNJY09DTDZlTGYtcmVIQUlBVzNtNV9LbWZoSTY4TEUyVF8zSW1YSkRMMG1GUGJERUFHSi00ZmViMWxEWC1HLThmMXpHcXdlU2k3eElXRm5EMjhhWjM4M0PSAboBQVVfeXFMTmR6WEthRTFSZnB6Q2VjZ1V6VzJRVEpqNW10cl9GNzdQWkszSjZ1R3JRWEg0RG8yQ1JLa2hRWDYzX0xsX2t1b3laekxQUUZmeV9BVDhkM0h0RnBGN1BrT0xyZmtuYXhTbWpId3Z6SUdoQWpGazN6dVhreERyVjRLZFN1dklyZWZRLUFZMFBRYWFzN1Nzczl2dHlzaWpDWTJoSFF0anJlTXVlYWQyZnc0M29iYy1iYXFWQlN3?oc=5,Crude Oil Prices Today | OilPrice.com,en,OPEC oil price,recent_middle_east_oil_risk,relevant,0
2026-04-29,America barely uses OPEC oil. Why are gas prices so high? - USA Today,https://news.google.com/rss/articles/CBMikgFBVV95cUxQWXBaQTJHM3kxbFNrRlJfOG5LTEQ4RW9YUDN6M184eXhINE9JUkNMNDl0WTl1eDVUQUIzY0RPd0ozSGI0YnVLeHpidnBUb3c4cFZ1cXJLakVOZkFlYU5XXzh6YmMzRW5iYkszU2FqSlltaDBfSFpVNFNrTG00UERkel9RTW5PeGl0N05sbUxwd0h4UQ?oc=5,USA Today,en,OPEC oil price,recent_middle_east_oil_risk,relevant,0
2026-04-30,Oil prices hit highest level since Iran war's start - Axios,https://news.google.com/rss/articles/CBMicEFVX3lxTFBrZGxTb3Y4YUo3Z3JlOC1HSm9SWW9LcU9JclRmTHVsQ1BRNHpJNWI5TjJtUl9rbHRMZnd6eV9fVnFHVUoyQ1Z0Vmx2MU1iQzEyb1ZheDFNTTZFUllncTJkcjhVZERsUVIzOWxLWllNUmg?oc=5,Axios,en,Iran oil price,recent_middle_east_oil_risk,relevant,5
2026-04-30,Oil price hits highest since 2022 after report Trump to be briefed on new Iran options - BBC,https://news.google.com/rss/articles/CBMiWkFVX3lxTFBsbzF3QzZBT2o2cXFBNG5fNGpwYlJwVnhndmg0ZE9DV1hSaTJvXzdsRjVNTEt4cmZqNVJDZjJQamVZYVZFWkc3bE9aS0R6S29VYVFqSy1FU3pUZw?oc=5,BBC,en,Iran oil price,recent_middle_east_oil_risk,relevant,2
2026-04-30,Global oil price retreats after hitting 4-year high on concern of US-Iran war escalation - Reuters,https://news.google.com/rss/articles/CBMivAFBVV95cUxQenNidWVwSUNlZUxVRDFaR3N2NVdjRXdmTmJNZGk2T2prVmh6bTJndHR1bm1PUmhmbjN2dkpMYTN5NG5IZlFNUExLclNlcWJMVzFrd1VjTXoxRlFEWmtPbDlGZ055WlJVbEhESGRob0hPVFVKemt2aDNhaGpDR1RzZmRORVM3M0RmbjhuY0ctSGlYaEJXYkVtbmZtZnZZNnZHX3FVcXNIQm4wOXJ1Mk83dXFILXdmQi0xcFYzMw?oc=5,Reuters,en,Middle East oil price,recent_middle_east_oil_risk,relevant,7
2026-04-30,Could the UAE’s shock exit from Opec cause an oil price war? - The Guardian,https://news.google.com/rss/articles/CBMikwFBVV95cUxNa3VUS1c5Q3NaNXVjcXVwWXFweWx1LVVhQnowakhPbFBDX2kyMUdqZDN4RUxyYmVXVjNocUdqT3BqVjlUcFBCNUFoUThhSlVIckdYZmVaeG93V0FQX1hQNGxCZFlNTHJnS21BWWdGRnRNVk1rM0ZucDhZV25GWW9NaDhFaEVGMGs2RXJfc1llWnFsbW8?oc=5,The Guardian,en,OPEC oil price,recent_middle_east_oil_risk,relevant,3
2026-04-30,JP Morgan UAE Could Attract More U.S. Investment After OPEC Exit - Crude Oil Prices Today | OilPrice.com,https://news.google.com/rss/articles/CBMiugFBVV95cUxPTU1wVHJQOUU5ZndMdndsZ3hRQ0lKQXlXTkQ3aU9VZWVPTDZ4QmI5dHpIUUpsMVRZZEk5bGtLM21JcVd2d1JBMFhWM1dtVXVmTWRMY3loYlc4TzBfYmRXRHJlY1pPdGZmNDlvUUY3VFBfTVFzOV9vc0dVVU9mOXhSbFZ1T2RyMTY1WUJQTVNfWHVXYnlKX3NWdUJyV3pTRFktcEFyZ2kxZms2QkdfMl84em5nZC1BSTNKa1HSAb8BQVVfeXFMTTBYY1poU1NMdVNsNDlzR3daSzkzTVV2eDY4WlQ0Z2tHMFFwcGJ3SjhENDF0Vlc2V0hPcUxLYUNBMjBtY2pfdkswSDdMWWJkdWNXc2lGZjJxdlNRcy1NSk9OYS1uUi0zbllsdkZoeDZkVWdQRlREUW1oS0VlNHFXMFVUdkllOHQ1TE9HdUk3TS1PeFNvbkwxaUdQRmVoakxOOF9MWFZzNW5SeGgtRVVWN0FvMkV1ano3dTQ3Znl2WkE?oc=5,Crude Oil Prices Today | OilPrice.com,en,OPEC oil price,recent_middle_east_oil_risk,relevant,0
2026-04-30,What is OPEC and how does it shape global oil markets? - The Conversation,https://news.google.com/rss/articles/CBMikgFBVV95cUxQdWFweWFlX3ZTV3FObWNKV3ZZODdpZFluT2MxNlExQ0s5ZmFFa1BkVklsejZUTWRTb1JlUlFBeDU0TzI3U3IwdW43d2gxSWxYVE5PTXR2TVdIb3J5OVBfUkdadzRsU0RTX1JWNGFRc25hOWVfeWZpSDYyRlpWSTdfaUFyWEhIU2Q4WEliNWEtUUxyUQ?oc=5,The Conversation,en,OPEC oil price,recent_middle_east_oil_risk,relevant,0
2026-04-30,How the UAE Leaving OPEC Reshapes Oil Prices and US Energy Stocks - Gotrade,https://news.google.com/rss/articles/CBMiggFBVV95cUxQVXYybkg1MkJBd1VUZ3NEVjdWR05FVE1uYnJENHRJYUtTZFR3MVE1aFZ5emxPWThrbDBHYkY5TElKVExSUFNyc2xOTDJJR1ItMFBKWnhROGpic2FYTVB1RS1XTHItd0NJUWlyeTJjQ0dDMjF5YUJfQzNhcm9CQ1FzVHp3?oc=5,Gotrade,en,OPEC oil price,recent_middle_east_oil_risk,relevant,0
2026-04-30,Analysis: Why Iran’s oil industry is increasingly threatened by US blockade - AP News,https://news.google.com/rss/articles/CBMiqAFBVV95cUxPY3NEd2p2MGdSTDcyTWh1NTZ0Yk83Z2Rma08zdFFIUEF0Qzd2bWk3Y3BXR3E3cWlyS1I3b1BYZklzUGdoa2ktRGMwXzA2ZGRzS1dBVVlQOG5JbFhyNGNwaXFkeE1oQmVRZ2hUWlVtd0RnZ2szN3BQUk1CVHZ6ZGFFT3diQU5TSG5VQnlrd2Z1MG1EWWhiRkRtR1hjZkhLX0NYY2V1M0xDNnY?oc=5,AP News,en,Strait of Hormuz oil,recent_middle_east_oil_risk,relevant,5
2026-05-01,"Stocks End April on a High, Even as Oil Prices Touch New Peak - The New York Times",https://news.google.com/rss/articles/CBMidkFVX3lxTE93SjhHZ3VuQVBtWEwwVDRlVzNHZ29ZN3hjMW5RZDVJQzVxc3hQWXU5eVZfdVZLWVB5RnRSS1ZMTk93alhRR3FlYTl3cjJyZlZDRWRWaTJ1Vlg1UFBaM2dRalZvcU1ZWVhERkdZZGtnUWs2bVNKZUE?oc=5,The New York Times,en,Iran oil price,recent_middle_east_oil_risk,relevant,2
2026-05-01,Exxon Mobil CEO expects higher oil prices due to Iran war: ‘The market hasn’t seen the full impact’ - CNBC,https://news.google.com/rss/articles/CBMifkFVX3lxTE5xNURQN3JERDcyM0cwaEhPelRTNDVUYVFuSjA3cE9EQkg3UGtObW96c2dsaUpuVk8zX0hKcjcxMzBXdTlxWkdkN0t6aFZtQzlWOXFNRUltZ0pJME0zd2Z3czJOVThGWVZWRmdFNlJHbU5yWS1YZ3R2Y1BRa0tlQdIBgwFBVV95cUxPM1Qxd2JDaU5lc3BtaUQ2Si1jX1ZWSnpSbFEzNUVyY0Q0RGl4UW1WUW1TQVNEOE9WR1l1NUxWNnVGT21neWh0YXJPQ1U4UXhXX01TNEdMR01acUIzUFhDekROSUpvUlg3aEZHa1YtZTJ1Y3Ywd2RUWXlsM2tpcEc4UU9UWQ?oc=5,CNBC,en,Iran oil price,recent_middle_east_oil_risk,relevant,5
2026-05-01,Oil prices rise again with little sign of war on Iran ending - Al Jazeera,https://news.google.com/rss/articles/CBMiogFBVV95cUxNZnAyaVZJemxtY3ZSdHdTU0ZGSW1kak9xUkhxQUdRaGJQTnk1QmlTM0xYdzd1Y1dXVVJFeTFaNWVQbGZmUjRfQlY5M1kxX0RLdlJfUExXbThxT3pYTnROVGYtTGRtRDRrWThfN1Rtb1ktUGk1TkJJMnpWaW5IRVhVZ08zaU15UXNvZ2toQzdHOEt4STdjUWU0eTlBRlR0QWNvYkHSAacBQVVfeXFMTnBLZ2V0TE1ud2lSSThmeFJjcHdoc2tzZVVqckJPaDhzY3hUMS1YRUZVLWt1XzFtVmFROTNfREZVeTB5TmNVVWV2QTFJRk1zZmVOLVR0MUhFdjM1XzI1Ukx0NVpaMm02X3p6UWUwOHM0MFFqYUc3dUhqajZJTXdneU1mOXdIOEdYTTEtWV9IZFhjcno4VGVZN3RQbkJfVlhZejFBYXQtaDQ?oc=5,Al Jazeera,en,Iran oil price,recent_middle_east_oil_risk,relevant,5
2026-05-01,Big Business This Week: Why the UAE’s OPEC departure is a distraction from the real oil price crisis - cheddar.com,https://news.google.com/rss/articles/CBMiyAFBVV95cUxQaGVnMkY0OUNuNFNEQzZrdXRvZ2pWLV9oMWNKOW5Id2tWZTRDWFEyVi0tWnFBQXpmaFc4T001U1F4UDdJeC0yb1NjQjViSjFVT2ppWEhGYTA0eGlqOXpyNWRlOTlBTmZkOW1CRDQwWnVsQnJJN3hqSHg1aFdsNGRjYU5fSXFiODlMUENtd3pGd1Nld0Z2UjAzWnNNVXYtZUJ5QWh2UWtHZTVsc1hEeWw0VDRVam1WZGNBSHJoUkFWZEs1U0FmaTg1QQ?oc=5,cheddar.com,en,OPEC oil price,recent_middle_east_oil_risk,relevant,0
2026-05-02,"Gasoline, Diesel Prices Climb for Fifth Consecutive Week - 조선일보",https://news.google.com/rss/articles/CBMiiAFBVV95cUxPZHlDQUExazMwa1BnbmliWnBRb2JDZUFLaDhhOEFab3loNFBNY1Zaa25MUlE4UjBkaE0yZ0FCUnVEVldSSWFDUU11RHB5NXJvR3g4dmVKZllJaXF0WGxCWlFSU1NaZ05YbV9zU0R3aUtnZDEycXlBYXZLTzhfNDlSWkFrbGIzQy1f?oc=5,조선일보,en,Korea gasoline price,recent_middle_east_oil_risk,relevant,0
2026-05-03,Oil prices jump after Iran attacks UAE as U.S. tries to open Strait of Hormuz - CNBC,https://news.google.com/rss/articles/CBMijAFBVV95cUxNRFNEVE8wRVhCZWpHV0RqYzhNTmNDb3hQQXhoRGVFazRtWUNneGhGa1NadldvWFZnSlgzNUhlb182cjJBb3FCVlNoRjZDczBsNUNtcEhGNlM2bEdzYXhhN2JYcUJTZ3g2OWtpbE1oSldxQWtmcG5TTm1sUUl6bl9oMEk3NEJhM251WWxYdtIBkgFBVV95cUxPUUFqdlhBVEdrcHpFOVBVMkFiTndRRW9GbWtTeWZ3UU5kYUk2OEdYNTVSVjhocE5pM0tWbjJSbGlEV1lfWkRnRDE3WEgtMzRlQXBCM25uSWh0a2VTSWEwVWVXOFNvbmpoZmNrUWxwc1JKVWlxc0NoVTJaanZmWktmS2JLLXRlN1RCSnJlQXdnLXQ4dw?oc=5,CNBC,en,Iran oil price,recent_middle_east_oil_risk,relevant,5
2026-05-03,In five charts: How UAE's exit could affect Opec's influence over the oil price - BBC,https://news.google.com/rss/articles/CBMiWkFVX3lxTE5WVzdkVmt5dDAxZ1gwUkJhOUVRWEdKd3FEQUlDNDhoTERhREFrSFdNQ09qaldvY09xdzRmV2xiSXQxMkZ1UnhYRWxZMlFFWE5YaVdRbUo3LUpxUQ?oc=5,BBC,en,OPEC oil price,recent_middle_east_oil_risk,relevant,0
2026-05-04,"Oil prices jump 6% as Iran sets UAE oil port ablaze, strikes vessels in Strait of Hormuz - Reuters",https://news.google.com/rss/articles/CBMixAFBVV95cUxQYm1UTGNtdHU5aVdlSkxNS25FbzFkcEZBUXNYVzc2SmQ5Zm5xN3NLWjVGTkVwT08wY3FXMTZ2Qk9ld1RfUEhFWi1YaElRVlpVSHl5RFVyNFozWFl1ajFta3UzcDlRY19QM21VdUJNZ2dGZmpNZnljNERTV2V0ZG90U01sYWNkbWwtc1JSSXNvWjZFR1I0TjJLTm9QOWx4RVFheXRaRVpiajVVRko5LXhqeVVDdnFzUm9qNENoVFdxNFFJYUpM?oc=5,Reuters,en,Iran oil price,recent_middle_east_oil_risk,relevant,5
2026-05-04,Re-Opening the Strait of Hormuz Won’t Restore the Status Quo - Tufts Now,https://news.google.com/rss/articles/CBMiiAFBVV95cUxOQ0U0VXo2YTFrdlBuaXNMNjVKX3lqajZlN3NZYmM2RXd1aUZMOUhUN05HRUhjeklFY3Zvejh5a2JRWGVxZXRiNVNjaXZQVE1rbTFiRkY5NnRWWGJIQ3AxNFphMWxrYXVMOS0tZE9RWVpxMzRicnhlTzNIVEtGcHFkdjJtVlNnSHlx?oc=5,Tufts Now,en,Strait of Hormuz oil,recent_middle_east_oil_risk,relevant,3
2026-05-04,Oil prices flat as Trump’s plan for Strait of Hormuz fails to calm market - Al Jazeera,https://news.google.com/rss/articles/CBMitwFBVV95cUxPbU1ESjhpX052WXhHRGdLVFBRVDF1T1JNc2JhN3dCcHVSWF9LVDlFcER2RTNEazBjN2RmdGplN2dXQkxaUzZ0RjRObmo3Z1BOZFZocXh1UU1uZm9qWnZMUENic2JVM2VTSElYUHg1UXVWX1RwajFFN1lydW1TWHlpNHJ2aEc3LTljY3BDYXVKUWZZR1A2emRzNDYxX1pDeEp0cnlBdUZEX3F5Z3Vwb3RqZGNHNUd0c1nSAbwBQVVfeXFMT2k5cDdaRVpXSEUydUtGbXlRQko1cWJfRVV2NUNyQ2dlRnl2VkRua2NDNDA5NElndkE5Q3RWeTRHS1BBRi15S0NrZ1FCMDZ0Q3lFZk5jX1lmczRMbld4T1pkZFBabXFBdlBad3hOaGR1MEdmSXAzWXNmMzdfc19TYjBjZzRhcnB4TVl5M2JiaWVqQ19wMzZiQTRMZEZDMmQ4bzIxSV9fcW9LbDFVTXRlV2Z2Y1I4Vi1MSXQtTTc?oc=5,Al Jazeera,en,Strait of Hormuz oil,recent_middle_east_oil_risk,relevant,3
2026-05-05,Oil prices fall more than 7% as U.S. and Iran appear close to deal to end war - CNBC,https://news.google.com/rss/articles/CBMilgFBVV95cUxNNUNHVHYzTG5BZjJNc2xmU3pPVmZJOFliVEpoSEo4YVNsYXllNkR3aWdmVEc0Mm9qUUU1WlpYTmJBOGg3SUpKN1p2Y0JpVUJFMXcxbHc5WUtGOWw5T2ZEa3JqLVFfdUY1NFJaUk9kYUthYzVMMFN4VGFYY3VXQkNGSzJhWUhTX3JyeF94cHZudzZXSl84b0HSAZsBQVVfeXFMTVFjSmNxd2xPVHpyRm1MWm5kNkZLNkxIcDJKNEthZU5jYUFtSkNGTlFDdW1kNHZJZWh4UTgwbjhicGxETW1wd0tHb213cEF2WDFOdW9kb3ZrZFB1VV9ZWDRudml5bE5aZ1NETC0tSUVLa1l3S29LM1B4VDFOSEVrUHZuaTUwMm80RmZqMTJSMk1UU09OQWdmNmF4eTQ?oc=5,CNBC,en,Iran oil price,recent_middle_east_oil_risk,relevant,5
2026-05-05,"South Korea inflation near two-year high, raising likelihood of rate hikes - Reuters",https://news.google.com/rss/articles/CBMiqgFBVV95cUxQelhHNFY5OF9TaXVXbkJFcUFaaFl3WGlUMFNObnZFX2NDbzJlM1o1LXVuSkxPdTdQN29IWHk1V0lzRVNfa0ZlZmF0dkFxaDB1NlhvUENISU5VLTVWSkhaUEZTWloyVTdLeF9iSTVyb2pXbVpRYlhjQ19qZjQ4TUFXd21JNkdseElscnpXM0N6T2xHNjdQTkd1QzF4WDJuVTNmbmlaSG1faDZkUQ?oc=5,Reuters,en,Korea gasoline price,recent_middle_east_oil_risk,relevant,0
2026-05-05,Oil Prices Slide but Remain Elevated Amid Simmering Mideast Tensions - The New York Times,https://news.google.com/rss/articles/CBMid0FVX3lxTE1WWndGMmRCd3lFM19xeUFIZzhmRUFaenZWeHM3dE1MUnRCQVhWMENocVpsLVpfRTJ6WFNOcXlQMW1zblhZYzRYUmVCZ0hCMzBVN21wYk9pRHpLZjh6d1lHZTJyS0tkUW5oUjdEb2F1RGtjT2ZpWF9F?oc=5,The New York Times,en,Middle East oil price,recent_middle_east_oil_risk,relevant,2
2026-05-05,U.S. Oil Can't Fill the Middle East Supply Hole - Crude Oil Prices Today | OilPrice.com,https://news.google.com/rss/articles/CBMikAFBVV95cUxPVzduZjgyZUF4NXp4UllnbXJDOS1zUW1HRGJxSzhxMFZuc3VSeFpvcW84dnV2X3k0YlFOTDkzZUlGOXEwZEZTUmVMUDMtNGhHdGRkSFc2WW1udnZBamxRZm1SLXdoTVdRVnRrR3VNOXNoMUlSZkVqbUhlMDdpRms0X0pldjdrQzdERTM2T3J1MmTSAZYBQVVfeXFMUEZFQVYxNEFFOU1LMjQ4V1FYaGc3WkRKVVdaSTlWMm50dGlzVnkzeTJoM09lMGhzdWJHRXNENVFTWFNHQjVudUZUclBVemt1emE3b0J2bUF6VTI4R1RYXzZNS24xWFNGV1ozRWw3bktyLUdCM0tJX3pPQ1d4a3R4NlE1dGxMSWI3U1lOQ2RlU1VVeklZVXVR?oc=5,Crude Oil Prices Today | OilPrice.com,en,Middle East oil price,recent_middle_east_oil_risk,relevant,2
2026-05-05,UAE's Shock Exit Leaves OPEC Weakened and the Global Oil Order Rewritten - Crude Oil Prices Today | OilPrice.com,https://news.google.com/rss/articles/CBMiuwFBVV95cUxQR3NyZUpNRkVZTU53ZnA3RnRwWW1IaDFieHMzTEt1cHpTOFdNQ1RaX281VkVWbXpMMnFRVUpPdk9oS2RhdndCM2pqWUQ4RVBWZFBwUnNNSV8xQ29pZk5kZnc1TDRpMU5IZG0tVmNyRzFuYmQ4YUszUUtjLTVsNVNvZkNka0d0M0oxNFV5LWhvQXNPRjYyNXhKOTNRLUNaa3BMZVMzU19kM1drdDZXMmNqMU9HdmdHUjdPT2Jj0gHAAUFVX3lxTE5KQ19PaVVnb0NZYkpTZkxFWTBpRUM5amlseTg0bVhTYkZDdnNsUFZIMlhnamlFQkU1cTJFc1RYRVlRUE9fRGNTNVdPaWlzTDRaY0l4V045MDItYkU4LVFTRXNCTFEzd0dIUEJBZlBhRWdVTExpR3lxZzVVT0RkRm9rYVNjSzNnZkJFOWJkWjc2WVQ3NkZRM2xOcElaTVVtZDlfQ21KNUMxUmtkLXV5SnF4cDRQRWdPNTZqeTRCMzMzRA?oc=5,Crude Oil Prices Today | OilPrice.com,en,OPEC oil price,recent_middle_east_oil_risk,relevant,0
2026-05-05,"Current price of oil as of May 5, 2026 - Fortune",https://news.google.com/rss/articles/CBMiYkFVX3lxTE90NU0xSXBoczZZM21iUUpEeHVjMlJkRkNIdDNlcF9zQ0lkMXBqUEpWb3JOS1BvMjJHVEF1YXl6WWFUWDNwS2taLXh0Ri1oZG1uZU9wdkxyRTBuRkIxWTdNUEJB?oc=5,Fortune,en,OPEC oil price,recent_middle_east_oil_risk,relevant,0
2026-05-05,Oil prices surge as violence flares in Strait of Hormuz - Al Jazeera,https://news.google.com/rss/articles/CBMinwFBVV95cUxNd3A4TkdnV09VZjZvRlJyRDlzTTdHdjFZWkhOYWMyY3NfSmFDazAwcENOQzJaQVowNXBVU2lXWE5xazZzbnRpc1h4NWQ2NDVtclY4MENfVG5iV3JxemlTREdPQVVuY1Q5RU5XbFJmSmM1bFdQY1FhM21nWElDVmRlQWw1dGFZTmFLaDF4SGV0LWQyTU50MTRrRUNqVGNkZUXSAaQBQVVfeXFMUDFnSUQyQTZpTUxKRmhIOEVoNVlaVEI0N2I4Ykc1UW8zdXRWeV9uRU4wM2lpTkloNUxwT05aOWpLTnBDUGpQdHZ3YXExdXVjbW00Mmc5VVQ2cmxiendBRE5QYW41VGZjVzVhUlpYS05tZXBFOV9BVFNqMnJqVHdEenN0bUx3eGNFUllIZlR1RkZxYkY5N1haQkhoNHcxN1YtYi1tRHM?oc=5,Al Jazeera,en,Strait of Hormuz oil,recent_middle_east_oil_risk,relevant,3
2026-05-06,"Oil plunges, markets surge on report U.S. and Iran are near deal to end war as gas prices jump past $4.50 - nbcnews.com",https://news.google.com/rss/articles/CBMiuAFBVV95cUxPUUFXMXZMeHZQUnFBVExQTy0wWXppMWNncWZobXlyekw5d0ZhVldCUmZQTXJEUEJXRUpKeVZNZll1OTVUTkpfUEtVRzBSaWxXY3NlRlIxcnN4MzdYVUV6cFVHcHExYmN4WXExNDdncUgxWHllS1lrMERhbTIxYkhRU0l5VlR3bFFEQTU4Qk1kY05NVVdaMlZCWmZLTWZCMG9KWGwxTzhVd3BUa1RTY0tZajBLNjFZeGlh?oc=5,nbcnews.com,en,Iran oil price,recent_middle_east_oil_risk,relevant,5
2026-05-06,Oil prices edge lower as U.S. waits for Iran response to deal proposal - CNBC,https://news.google.com/rss/articles/CBMingFBVV95cUxOc3llbWp3WFFObWpJUjU4WTdiSDNLVXJCLUtMZXp4bnc0TG52b0t6RFhMT0lYWUdtUVFhM2dLeW91Z0NCVHhmeW12MVhRV3VIWDFxN3hGV213ZlJmVkYyRGVMVGdzV2RUbzN4aXRaSVQ5QUNPWlNxOUNOY1M2Nzl4ZkQzRmR4RVhIbkQyaWpqMTBHN2wwY214UmYyVHhkUdIBowFBVV95cUxQand4U0xBYnMtVEhTS1RRc0hTMTNodHdBRE9BMUhuR1JmczEzT3hjSWdkeExzX2FlX3lsQTk0T3VhVjh6bk5HVnA4LXhMOVdydXlPTENDZDFYcHE4QkU3TFFEd0hpbE1NaWk5SFU5WkpWdVJhQWJkd3VTWmQwMzl2czFZWUN5M01pWkVrcjd0VFh6ZGh6TmJ4M0JMNENGQmVUblI0?oc=5,CNBC,en,Iran oil price,recent_middle_east_oil_risk,relevant,2
2026-05-06,Oil Tumbles as Investors Grow Hopeful Turmoil in Gulf May Be Easing - The New York Times,https://news.google.com/rss/articles/CBMidkFVX3lxTFBJTTlUejdpTXN6c1pKWExmaGdTVXNuQVE5eTZTM2FGVjdaYWRJQkhDeVEzeUMzUS1sdGFXb1BlLUd5SG5uOEdrUmtRQXZMVVBMOXNCaFM4ekE4ZXhlRjcxWUtaUXVxT3NFNkF2ZmxyTWp4ME44LXc?oc=5,The New York Times,en,Middle East oil price,recent_middle_east_oil_risk,relevant,2
2026-05-06,"Opinion | If OPEC Falls Apart, It’ll Cost Us All - The New York Times",https://news.google.com/rss/articles/CBMiekFVX3lxTFBQaE5kQmZiZC1MS2xYYkU4RTNYcHJUaXI4Vkw5aGlMQ0hpbTRXS24yTEY0TGJkWFZVQWRtM2FSRmFrNG9wQzNVQ1BFZlRmME5FM1NYRDZsOUxwQlhBTHFiVGVwRFlnekF2TlpiX0JqSERRWGZWQVo4Ry13?oc=5,The New York Times,en,OPEC oil price,recent_middle_east_oil_risk,relevant,0
2026-05-06,"Current price of oil as of May 6, 2026 - Fortune",https://news.google.com/rss/articles/CBMiYkFVX3lxTE10TDJNYkNneWJBMFRLZXFnanhMNWI5NUVxQ0xIemdIa29FYVFTM2RpbW83eGdOclBRLWlYVmhhQVB5S3k3M0Z1b3NxNmdMTE94ejl1UERERXp5WXJsaVpIVG53?oc=5,Fortune,en,OPEC oil price,recent_middle_east_oil_risk,relevant,0
2026-05-06,China’s Strait of Hormuz Oil Security and Escalation Playbook - Baker Institute,https://news.google.com/rss/articles/CBMingFBVV95cUxNVjNyeDhJZTV5cFpaWkwwc2toVkpiWWVCaDBFaU5ZY1AwR041cy0yaU5IVVFfdExzaUVCV3k5UmtoNUVMZ1FtUndFVnhxQ3A3LUtoS1dwR2tpb3NuTXlXOEUtUTJ2T0x1Wmd3UF9HaHljSUxxZjltMjNoYU5fUkxJV3k5UnA5YzZQSVRzRXJpcHVvX2kyZmZnNnVvQ3k0Zw?oc=5,Baker Institute,en,Strait of Hormuz oil,recent_middle_east_oil_risk,relevant,3
2026-05-07,Oil Prices Waver Amid Mixed Signals on Renewed U.S.-Iran Peace Talks - The New York Times,https://news.google.com/rss/articles/CBMidkFVX3lxTFB1TFFlV1huSTRfMWhodUtRU1E5MzZ6SG1VVG5fOEdzT2NWVl9pcklPQkJVc05pQ1ZXN3pHVkE2MW4zR3dGcnRMNWl6YU9TOTl0T3hMS3lkZDNLRHgycy14MXRLVThJQkI2ME51UTA4R3hPYlNqYlE?oc=5,The New York Times,en,Iran oil price,recent_middle_east_oil_risk,relevant,2
2026-05-07,"Oil prices edge higher after U.S. fires on Iranian tankers, UAE attacked by missiles - CNBC",https://news.google.com/rss/articles/CBMingFBVV95cUxNWldhdjEwUUxFNXpRMGpPVzFhVkRYVG5PSXVtSWx5NFRKQXR3RmRSWGoySVhlSEIzYVNiLUM2ZWsxOHczMGdER3BGX1BMS0tVbGE4R1ZBNmo3QVpaVVZiVXl4TndBaHNpM1ZnZHJvZ3AyUlJ3WUk1cU5rSjM3b2RBMERIYVVuOHk5YndsVGwwV3V5bjgwdDJqRnlVV2xpd9IBowFBVV95cUxQM3ctNnJBVmIzaTRfRHZtdU1ZZUNmeXEtVUw0d1NnQ1RGalNyeEJsb2JFWXRteDZIbUxmNDI1aTZvYzBSd1FxOHZFVVR5alpYclktUzNnZjc1NXlTdlhxWXQyS193dTZLLTk4azVZZDh6bGI5TFpMTTlUTkxtUGdmTlI5bmFvWHNfUjdXcmxaWko3R1hCLTdhcE9iY3dObXNaU0dj?oc=5,CNBC,en,Iran oil price,recent_middle_east_oil_risk,relevant,2
2026-05-07,"Exclusive: Hungry to sell, UAE slips hidden oil tankers through Strait of Hormuz - Reuters",https://news.google.com/rss/articles/CBMitAFBVV95cUxQRjNQVDRxamlZMDlncVBKeDc1WXpxMERnZHcwb2FPOWxyU3dIb0RUaGk4c1RXczQxeS1HQ1RMbGwybkpNckFTT0ZsNGdOdUR5bFRnVFlzcEZiQUpOWWVOR0hYLW1FWlJtMEZVbW9zOTRfX3puVzY5bVhjWnA3cEI0WVI0bkNZWERuZ3lWOWFqX2ZwRGxxc242d2RjUEFtZ2dJcVdJc3cycDdEaHJxYlQybkVJSDI?oc=5,Reuters,en,Strait of Hormuz oil,recent_middle_east_oil_risk,relevant,3
2026-05-07,The Long Journey From the Strait of Hormuz to the Gas Tank - The New York Times,https://news.google.com/rss/articles/CBMipAFBVV95cUxQTEJTcGkwdXJzMlFqQzlqX19NTjlpbklKUU1NLXJ1NVcwd29jN3ZXVU1IWGpaQjFuNThIWEhEWUkzNnBQY0laa3lWYTkyMDdSNkMtUDhoaUpQTlhEZTBVeE5SVzVNbGs5cFJTTXYxS0FnRklGNjFNd292MEN1a0RDMFhlWklyZnNZQmVBblNMa0ljSUR2QkcxVmtkQ3p4VGhDTXRBQw?oc=5,The New York Times,en,Strait of Hormuz oil,recent_middle_east_oil_risk,relevant,3
2026-05-08,Oil prices rise after US and Iran exchange fire in Hormuz strait - BBC,https://news.google.com/rss/articles/CBMiWkFVX3lxTE9pYnROWUJqNWhZS0hHSzNHcEZfcUhkRDdtYU40TFJqUFQxem5Dc2J4T1VZdjlldGkwSXRnbDlueVhvamlaUFB2RDE3OEVONVprOXJidENZcVpyZw?oc=5,BBC,en,Iran oil price,recent_middle_east_oil_risk,relevant,2
2026-05-08,Korea faces dilemma over prolonged fuel price cap - The Korea Times,https://news.google.com/rss/articles/CBMimwFBVV95cUxPc3lQcnVpVTQ4WGRFcGJLSWx2b2VYNmY2SEotYjJMc2N3SU5fNzN3eWozbTFINUdKN0w4UXk3dXRfVUpIWXVZT0xYTURPWVZ6ckI2ejJVcWw5YlB4ZHhVM3VsT0t0VUhCTmFCWHFMaGs1VEY0NkZjSkZnNV92Nk4yQ25RMXRtWk56b3BKY2RxY19VZ1JaR0FRN0x2d9IBoAFBVV95cUxQRmUxQXVKUU5LcVNqVEZqT1JVMTBaVHhzRURVZHp2dW9VcjFHX3RBS25rWGo3MzJtOTV5c1phQUx3M1B1TURKYXBkMWtjSWhDT0FJak55ZkxtRXo4Y2hiUHhYZjZrVTU3SU1ZcmVpNmhlMUdnSmVQRjJNTGkxY1lrZXcxNzhhRzZEWklCdF82alV1eFNaQnVKZUFSV0MtVWRV?oc=5,The Korea Times,en,Korea gasoline price,recent_middle_east_oil_risk,relevant,0
2026-05-08,"Oil prices jump as US, Iran trade fire in Strait of Hormuz - Al Jazeera",https://news.google.com/rss/articles/CBMiogFBVV95cUxQV2lma3B2X1hJTVJOUUpHZUpSTWNXd1Vjbzd5ZDkxM1hmSkhacFAzN3ppVW12akg1S09kQWkyM0VfVHZ1RnVrbHNGckh0VExoNzBQaV9iSFdZdjRIX09JQ0M5TGF4VFRGeXJGN3o5NXNpSW5FSUZ5Vm4yNkxLYzdZQ2hUd0c5VFViNjh0ZDdXSjJoaDBleUF4eHBIeTZndEQ1RVHSAacBQVVfeXFMTlJxZVF1ckRKQ1U1bXBYMDY5ZGtyZF9qTjJnWW1mNUUyWU8yT3ZqQjQ5ZjdjUXFNcjZjOEdNNWpnb2hKVlNDUklFX3Z0SVptYk4xTmU3cnBLYUdjWEVpMThKdmJzcEdoZjJlMTgyQ3laVnhWN3AxZEUxNzVYVjBlUFFDcVFrQ1lhOE5wTjlyb2ZIbjFrR2pCNG1pVThtNnJKeTc1ZW12Zmc?oc=5,Al Jazeera,en,Strait of Hormuz oil,recent_middle_east_oil_risk,relevant,5
2026-05-10,Oil Prices Rise as Prospects for U.S.-Iran Peace Deal Fizzle - The New York Times,https://news.google.com/rss/articles/CBMid0FVX3lxTE9WdjZpMWRfaVlwZG1qSE1DN3U1VUhTUWlCRHdwRU1KM0R3S3owZU0xRFBIT2dNWWVGR0E5eUlzN0hnU18teUFmZXRlVGZRVkF4WFNEUjNDQUFrdHc0RFhHRDgwNVVZdDVpNXRzbDNxbVBjMGFEUmhB?oc=5,The New York Times,en,Iran oil price,recent_middle_east_oil_risk,relevant,2
2026-05-10,Brent oil tops $104 after Trump says ceasefire with Iran is on 'life support' - CNBC,https://news.google.com/rss/articles/CBMigwFBVV95cUxPTF9PT3huRzZTdWdfdHhnTzM0V0p4bThpeHBSN2JpTURzZkYyWXlxOENfd3VaVlVFSnhDVVh4T0VHNUVvMmhBQlNVWjg3X2NqZnliYkpNbFY1Y0NFZmxNX1h0VkdOU3dSaFN1ZzRzbkZUTmhqWWhySmlCYk92OXlxVkt0b9IBiAFBVV95cUxOZDhjOWlxd1RUNzdLaDlxRDhtenFpUS1LNnQ3OUNGMnZJUF9zSnUzV0xWdHBUZHZnUU9GdUJDXzRjQ0N0T0Z0UkpPYVkwU1J3c1JDem9pOVBpeHowZlNzZ3ZVQWphUDJ1eGFkMVA4ZDRZdldWbTUzaW9Xb0RZVVRGNmQ1RTJVR01k?oc=5,CNBC,en,Iran oil price,recent_middle_east_oil_risk,relevant,2
2026-05-10,"Exclusive: Oil-price bets ahead of Iran war news totalled $7 billion, reporting shows - Reuters",https://news.google.com/rss/articles/CBMi3gFBVV95cUxOZ1NvbTlocks5a09OV1ZQOWtGY1JrbVgxZmxJSjQ5VnBQVWVQWTNVNnFvb1d6ZGdOSXNqaXAyT3FTQlZGMDNrNWxpSFh4NV9WOWNDUDhEamtXZk15UUFtMEppd1JyS2tqOGN3ZWw0R3A0YTY5SUNYWGRWTk9JOGs4SUMyeUNyMmNrYjJYaFRLSEgwS0owYW1VdFZsZlBuSk14NFVMY2x0MVA5bkdNdE9GZTRNeVF2UlZPYTRjT0tFUHkwOFRYQnVmcVZkZkNDSFEtSzJRd09SWVIyVnVxWXc?oc=5,Reuters,en,Iran oil price,recent_middle_east_oil_risk,relevant,5
2026-05-11,Oil price predicted to remain above $100 for rest of year - BBC,https://news.google.com/rss/articles/CBMiWkFVX3lxTE5XeEduVHJVeUVialhUMFRNYTNiUl92bF90d2pfNEJNa29TVEJMaHhERllmbFVFOWdmaGJOU2w1c1FwR2JqNFVzY09jbXZtXzZ6VGhlbXN3d01LUQ?oc=5,BBC,en,Iran oil price,recent_middle_east_oil_risk,relevant,2
2026-05-11,Reuters Survey Shows OPEC Oil Output At 26-Year Low Amid Iran War - Crude Oil Prices Today | OilPrice.com,https://news.google.com/rss/articles/CBMivgFBVV95cUxPdHE5NXYwTmJobk1rZ0ZOWktYRWN1bVhneHl2RDdNWmRVNGhDRUQ2aUZTRG9mbVE2WTlGamtCbVBDUFBsWWRRYWVpZ0JaQkpCYzlOeW1SaGtNTE05UHJSY2ZWVDZKLVRNREhSZWJtTDBPSmpZNDY3Ry1SNlNzY1p0eFIwYlZWSDRYSlJGSEp5X0VPbXVKRzRSUGRNMk85THVFWmNJb1pBai1pZTUtTWc5X19EaDNoNHJwSHc3T19B0gHDAUFVX3lxTFB2RTQweFk5ZjVEdE9hdk45bFJDbUNzY2t0ZVNSNlV4S01penVUdEFQWTdNWjZCYWVSV2dpelJaLTZUUmtESjJpVkhzWnFmN1JTcU5LckR2X3JDLXZya1pBZmN5Ums3TjVHTXczdkp3bzlyRkxSZ2N4MmJtQTFOaG0tSC1CYjlmeFctcDE1eU1EdE55dVJoSVItR2VMWkdxb0FkeU1RVkVJSlBxOVpidkFkZFQ2MDZCbll4eEJVSGVPZlVjdw?oc=5,Crude Oil Prices Today | OilPrice.com,en,OPEC oil price,recent_middle_east_oil_risk,relevant,5
2026-05-11,"Three crude oil tankers exit Strait of Hormuz with trackers switched off, data shows - Reuters",https://news.google.com/rss/articles/CBMiyAFBVV95cUxPTzRScmctdkN4Ulc1ZC1Xc0pRRHVOYjFWSVdnNWY1RF82dFFxanh3LU91ajRMV3ZCcXMyaVlrSXh0YVk5TkdDMFdZZENka2xscERsTUZqSDhmOVVLd0pCU1hXQ3pvSU1nVGJVa1dUelZBaFJnMlhWLTZBVm9SUWl1bXlpdGI1SnE2V2Jnb1VjOUhuU0pMX1R3eExucUtfMUhvejlvWWk4dzNMcTJSbEpCZXFCM0pkTTZOT2pZTHM4dndXWWxNYzdETA?oc=5,Reuters,en,Strait of Hormuz oil,recent_middle_east_oil_risk,relevant,3
2026-05-15,UAE fast tracks second West-East oil pipeline to bypass Strait of Hormuz - CNBC,https://news.google.com/rss/articles/CBMijwFBVV95cUxONVpIYUk2S1c3dEJrS2ZZUHh5MHhEVWptV1JMdzZBZjNtS0pQcGVMN3dkNzFKa004Z01QdTlpNXY4czNHYWJFMFlvSktpNGZmelQ4M1c1T3BEbGl5eUR4Sm1DN1RKcFBBY2xKMXo2OEVvVERDbXFYb3lEVHV1dXNxRnh4LW54SzhsSUtvWXdZY9IBlAFBVV95cUxQTm90WGR3RlB0TTdjbktNbm05SWJiM0ZrbGRWb05hYWRmUHlIRG9DUnhFdEQ5WHllNGFLSlZOcHBTeE1Oek9tX1F3bjVlVDJHOVpjeTQyUkNZWktXcm9HdnVwZWdZZU9LMWw0MEliYk4yQm4yUHRvc0JOSHR2bk80MDBRRzhOdk9xZzE5ZHo0bjB1dDRn?oc=5,CNBC,en,Strait of Hormuz oil,recent_middle_east_oil_risk,relevant,3
2026-05-15,Oil tankers transiting Strait of Hormuz since start of Iran war - Reuters,https://news.google.com/rss/articles/CBMirgFBVV95cUxOa25NR3cxSTB5X01CR3dEWkRqQXNzQVdxd0pYZFVzMThlNWxja2lsbTFPeTZJZXlvSjFyeUVpZ1lxYnJWSWp6LTR1bEJ4Z190ZVM1RjVpSVliallvZ3UwUFZ3Qm5yQ3NveWs0ejZXdk4yLUhDSHBwNm1wLXFqMEhuN1hJeVVhOGZjSEhkOUJ4cEx4b1hIS3JsTU5YdDBNUkNoWTNpN0NjZ3dRM1pidkE?oc=5,Reuters,en,Strait of Hormuz oil,recent_middle_east_oil_risk,relevant,8
2026-05-16,Global oil stockpiles could hit record lows if Strait of Hormuz remains closed - CNBC,https://news.google.com/rss/articles/CBMiiwFBVV95cUxQNEJPWkhNeTJrWXZRbkdYNXY2S2FQN1ZPTmxZMzUybDd1WW1vX09VN2VYQ2JkTUttM0c0NFdqNVpMUTQ5bzhtRnZfeEhlT0djNjRua2w2OVBlR3lKZkxYbFVqNUd1Z28wRi1veng3WG9MR0tlTzZJMHBrS3MzY2xhT1FUakZ1TzJtaEpr0gGQAUFVX3lxTFAxRmtrUXFfRTNoLWU0Q0tvVVdISTJzazN5a1ZqYUV3NVplbTh1bVJhUzNVNTd3YnpSTWQxQUoyUUNyYjQwdnlrMWdJb0VwdEhhNk1qbEFyS2dKdk8xVEY4ZXZsN2R2MXE2bnc0Q1dYWkc3RjIwYWFBM2dYdW5OTmpiaDBRUENmWWNYd0tvallKMw?oc=5,CNBC,en,Strait of Hormuz oil,recent_middle_east_oil_risk,relevant,3
2026-05-18,Oil price slumps as Trump says he called off Iran attacks - BBC,https://news.google.com/rss/articles/CBMiWkFVX3lxTE1CZTFpdHFrYklXZGo5N3lvc09jN3phUGdlOHdtdWctSXVybzdiLWlVNXV0a2poRW9SRnZLRnFOVXExVDlQd0R5OFBGZGxHY0R1ZElsbmZ3WXY0UQ?oc=5,BBC,en,Iran oil price,recent_middle_east_oil_risk,relevant,2
2026-05-20,Tankers exit Strait of Hormuz with 6 million barrels of crude oil - Reuters,https://news.google.com/rss/articles/CBMiygFBVV95cUxPVXNrRTVhT0c5MGxfUmJneWZOYWpMblUyU2pHRFUzS1czM1ZWaTY5XzVCcHZKUzZnMnBpZ2wydzdSSS1uNExYd21adTY2QlkwODBIUmNpeHBtTG1rblN5dzJOUkxjLVFzYV9xQUctWmxXcWNJTTdNVGpCbnlqYkZTQW5RN084YTU2QklES3VuX21kTUJBR2Y5akFzOFBUd3BEVE5HdkYwdk5wSktsS2pvZHM5QUwtSUhONkNqQ0UweE1fNWN0emdQZTZR?oc=5,Reuters,en,Strait of Hormuz oil,recent_middle_east_oil_risk,relevant,3
2026-05-20,UAE says new pipeline that will bypass Strait of Hormuz is nearly 50% complete - CNBC,https://news.google.com/rss/articles/CBMiggFBVV95cUxNc0ZTZVRzRmZkdVBYV0hJNFdKRzMtb2VXSFlSalo2VFdybDRRRjNNZFl0b3hZc1prSnFOMWNmV0h6Z2tLMmhjOVA2U3NGSjhISTZMdExlWTlmb1BSNWRHXzN0SF8yM0c1TDJ6Q1owVHNiVzZlU2lOZ0FmY3hrVHlIQlRn0gGHAUFVX3lxTE0xVWZqRjQyekdCX1NBZ3VOZlloU1JNQXFhY3VJZkc5RUZ0bEV1Y3AtSFZLMzRYRE5HY0ZOWVIzQWZWTS1kM3FwZEZndzVJTHdZcmlHekc2aEFsbFYzUktNc091ZElTTThxQzYzdHY0eHZETFY3anZUa295NE1vZ3QtVnEtZTBFVQ?oc=5,CNBC,en,Strait of Hormuz oil,recent_middle_east_oil_risk,relevant,3
2026-05-21,Oil prices fall as investors hope for U.S.-Iran deal - CNBC,https://news.google.com/rss/articles/CBMiiAFBVV95cUxPa2pJT0hEZHJweHJBTWl6cEY3UXNvVVZtRWxscERzNXpiZTM0a2x3M2wxbTAwb1RsY0h3QTFQZnJwaTJZa0tZQzBqbTl5M29Yd1pNN2V2c29WOHNTR2NIMFhUeGxDV2RnaGF6cVVna0xHRXhWUEZmaTdpR1VtS0dUMzJMUXVDWGRp0gGOAUFVX3lxTFBILWJrMTNKMlM0dEl6WDFVLWI4VXpGTGtBdGppTVpSQkVmekRMRkEwa2c5T0pWXzVzVFZpWWxFOGItaUdhRmdjdXZwT1l1NU9kcmxvLVgtRnFpVDg2MVZCWEExcGdJclVMVzd3cURpLV84R1hKV2dwMi0tbEtiRG9SVHV0M3ZQeG5LZE45akE?oc=5,CNBC,en,Iran oil price,recent_middle_east_oil_risk,relevant,2
2026-05-24,Oil prices fall 7% after Trump says Iran talks are 'proceeding nicely' - CNBC,https://news.google.com/rss/articles/CBMikAFBVV95cUxQc2pzeTdXRElwa2VRR2wzSnc2eWhYdnpvdEFPX0lqSUpSeVdzRTgxX2MxUTgtNnhtMThaUkp6N3U5LW1jc3lTYmM3dVZKSXJwdnZoeHMtYk16UElHbFVnVWhKa1VSS1UzZUxON3cwVURRSlQ0d2xCTmRYQ1Y5MHQ3cUp6WFF2NHR4T2pORmMwaXnSAZYBQVVfeXFMTWYxYXhfUmdjMkFMdlFnVzN3cWxMRC15YVgtTXRTcXZBOHk4MmJIQnpDZU9BQ0NQUFNZc0d1c0JpWEZpMXNTUERuR2YyU21WeUxjdU83X1dJZ0RSV2dBUHRLSUJmaE9vZGNTZVduS21QcEczamoydS01UXhMNWlWQ1RLQW02QVNxcFRKYnBkTlA2Z09XMzB3?oc=5,CNBC,en,Iran oil price,recent_middle_east_oil_risk,relevant,2
2026-05-26,Global Oil Price Rises After U.S. Strikes in Iran Cloud Peace Deal - The New York Times,https://news.google.com/rss/articles/CBMidkFVX3lxTFBDb0ZISnNqX0dMNHVHNER2VWU3M3gxZGxGdUxWcTd5SkZHWndsMDRyeFo0Q0FSRkhidkhlUEJpYnczUVhkaVNwZlRJcHJFOE94NkhrZ2E3SGJ5WWR0ajJNMWFkNUM5alJLdmI5M3Q3YThHQXRSOEE?oc=5,The New York Times,en,Iran oil price,recent_middle_east_oil_risk,relevant,2
2026-05-26,Global Oil Prices Rise as Fresh U.S. Strikes on Iran Cast Shadow Over Trump's Promised Peace Deal - Time Magazine,https://news.google.com/rss/articles/CBMiqAFBVV95cUxPOEpmalVrTmZmYXlHSGlNTUwwRGtaaWFPWEdoNE5md1JFZmJqd1B6ZXR0bkwwcFBKdnl6MkdlaWp0R3E4NFNHQ3hsOVNiNVRWMlo1WTlDcDNoaFF6MGt3aHRFTURQNXlRbmM2aDA5UElBRWNpaG1rams1aU1NYXNWbkt3S05wb3kwc2NLQnMwbWtPYW1xT0hQQjBhMU1MSm02OHpmTkFYdTM?oc=5,Time Magazine,en,Iran oil price,recent_middle_east_oil_risk,relevant,2
2026-05-26,Iran’s threat to control the Strait of Hormuz is rattling oil markets: 'People are afraid' - CNBC,https://news.google.com/rss/articles/CBMingFBVV95cUxPaWdOWE85T3N3SG91Q0lfY29teDB3X1RhTzVoeUhlanQ2Vy1lWVpHRWViaVEtOEpTZ1hpMHJ5NjJTRDlnbmJYMFdhQTJkOTZ2ZVNzNHFGbzdrcFFSM1k3VUphVjdIZkxHOFNsdVJiZUxDcVEzR21vTTJ2aXlJU211eTY0SW9tTnNwTjBUQkdyLUI0MkgxODBDMHpTZXdYQdIBowFBVV95cUxNZ2FDNFlHZXVtSkVDODFjcVRNVTFmZTFqMlJOUExXSVVCemVpSEU2bndFcTFQYTZyZlhTZVBKQlk2Zm9jN2RzcEctVV9XRWcxUmVmSG5Kem8tUWp4U2hTN24tT2FzTFNMVUJJYVdaQjA1WFo2UUd3ZC1IV0FUZS13eUR5OTg1RUxHX2VLTXhvSFdMeHZ3X0dpNnRZWGZzT2RrOUln?oc=5,CNBC,en,Strait of Hormuz oil,recent_middle_east_oil_risk,relevant,5
2026-05-26,Piper Sandler says Strait of Hormuz to remain closed for months and oil to hit new highs - CNBC,https://news.google.com/rss/articles/CBMiwwFBVV95cUxPTTF6a1RJXzh0Q0RvQnBrQkJzZ2dxaEMzTW9QVnVsQk9KUER0VE1KSDdNZDhOcFFEdktIYjA1Y0xIV1RWUXJtazdyN25zYjE0dy1ORGNlWHFWNkFxWFRxVVVWaU9jaE5KbU1lQlF6M3F4UVV2OGkteVVpeVctZ2E3SkdObkFCZG9MQWtLaktJZWVwaWtOSFBoaVdGRnVlYXEzSmY3dGJfNTJPZ280Wm8xb292TV9pQnhYVGFzQ3paZTE4ZUXSAcgBQVVfeXFMTmU4aHpNSFRqZlp6Z0k0cDBpd0ZaTWdQd1VNeXBqcld4NDNPbjlGTWFXcXBGRnYwMFNaZy1uNlRYYWFFSVNVMlp1SFYzX3hNS3VzTDJPMHl5SnhiX3o4eEU0dFZDOWVpRDhfTkRtWExHTE5zV2VOOFkyUTV4eGdubVpWUHc4RDBYQndLM294bmQ5Q3h3Wkhnc1lxSFVSVW4xVUZDNGc5SGhsVEhDbmtPVm1oZ0RkNzBySktKM3RWOVVkMXg4bElISnk?oc=5,CNBC,en,Strait of Hormuz oil,recent_middle_east_oil_risk,relevant,3
2026-05-27,Oil Prices Fall as Uneasy Truce Holds Between U.S. and Iran - The New York Times,https://news.google.com/rss/articles/CBMidkFVX3lxTE5XZGRkZ3J0UDA3d1hfcEIyT0NleGFWeDEyLXJta1F0dXNKRkFma3FCQ01BSWs5UHllb195VGV6VWVMSWIzQlp4NlEzLXVYZm5Rd2hzZExaNXBzeV9ZUzlqNXN3REl1NkhuaEJWb0VhUmRMejgzUGc?oc=5,The New York Times,en,Iran oil price,recent_middle_east_oil_risk,relevant,2
2026-05-27,Oil Prices Fall as Traders Bet on U.S.-Iran Deal - Crude Oil Prices Today | OilPrice.com,https://news.google.com/rss/articles/CBMipAFBVV95cUxORlVTRDIzSU91d1VOT0d6MFVBZHFSNkF3NVp2WGxEb0xXYk1tdEh3OE5NM04tQW5qaEVBQmZXZTRqVER4OG95bUtVWXUxZjJWQ1dGRTZfMkl5SFpWZGw4RHZJRllNc3JEbXA0bDBuV0Z0X3czdEQtX0xqM1llbXpRbHpacjkzckhaa0RvYzFLaFdpNFBxc1NidDJ5WGhrdlo1RE5IetIBqgFBVV95cUxQazdDMEd3MG1iTVc5aFlMY3Z6cF9NYnIydXRpV3RKMmw3SDdyaFV0RTdtMzVYLVEwTTY0UVJtOVdRYlI4V295cnpDamg1a1ZlYWcteTY2V1ZQU3RIS0RiaFU0LWhXN2ZTd3B4bmtQWktTenFrMEl2bjRqbGxTcHhzNkloZnZDR2FFWm9EeFNKV1d1V3VJVW9oRVVobHdjaU5ORWZsc2p1WFpkZw?oc=5,Crude Oil Prices Today | OilPrice.com,en,Iran oil price,recent_middle_east_oil_risk,relevant,2
2026-05-27,Oil prices fall more than 5% after Rubio says U.S. will give Iran talks 'every chance to succeed' - CNBC,https://news.google.com/rss/articles/CBMigAFBVV95cUxPMlpCNEZwaTgzSlVsbDJIOFNqYXBoMTU1N21kMEhKVHFjNExua1ctZ2ltUG5vbnlfeFlUT3duR2NHajZsUGVDRVIzcVVUUXpvNkxzbEJtTXBhZHZCZlJWbTdZR0wwSkM4OVhaa0o2cDVlU3ZraHh5QW9LeU9WaG5hUtIBhgFBVV95cUxQSkZ2MVZyYk1fanl1ZE1OLUtic194cWo1dTlZRjVCcmNBbDh0U3Nnc2t2alFXSTFzTkRPTjhYc05LVDJQcGFhUlN1VmRndXRYUkYzS3AyU0MwemdZWGRCSnBwVDNwMEd4Zk81QnVDQjExMVFycGg2Mkp2cm5XaTVPNkpzVHFhdw?oc=5,CNBC,en,Iran oil price,recent_middle_east_oil_risk,relevant,2
2026-05-27,Oil Futures Fall on Hopes for U.S.-Iran Agreement - WSJ,https://news.google.com/rss/articles/CBMitwFBVV95cUxPeElqTWczRW5XazZxek1CZ1duaE5ZUERVdEhEdlhpTmNUbnNYdEpydVVValVySm54UzdHS0lpVnliUG9IX2RIaDc2Q2duOU5MZHZDZzVaWmlYbnczaFMtS2pWZlpjOTJPZm5CRnRCa3ltTkRGSWVUV0VuMHp4anAxOFRTRzZXRVdVMlFFNjN5TmVEYXYwWFoya3lxUXZhcWxFMlRJRVhUeVZIZVpFUkp2R21mMnBhYkE?oc=5,WSJ,en,Iran oil price,recent_middle_east_oil_risk,relevant,2
2026-05-28,Oil Prices Jump After Fresh U.S. Strikes on Iran - Crude Oil Prices Today | OilPrice.com,https://news.google.com/rss/articles/CBMipAFBVV95cUxQVWVUMExueTVKd1phdndWZ3RENEhhYUtjWGpybWR0TGlQakdzTmFRaWI3NVJMeW9uMTJnTUNXeHVTTnFUc0JHQzhDa3AtdG5PSnlvbFVzeUVqTlByWWkxMGVwUmlHQ3RJZDFkWEt3dHROQ1JyeE5QczV3Z2VFcnJaanRkLVJDMEQ4a3B5Z2xPUDJuTmJOMUJ6OVdVSXlMckl6aXA4QtIBqgFBVV95cUxOZVlfTkZGUzlPN1MzVElvR01oODJoWTZlUzVzOU9HOTlCeWF4UDQyVjBqalZIc0lYNFRYdzRkdUpBRkVJVmFrbHhOVGlVQk9mQlpoWGl0TXJfQl8xOUcxalQtQk5xd0ItalplUTJlR0tFR2tLSndkUU1XMzRzX0dOTDE2WXpFYnhneU5Hc0RWbjl5MmNjTlVGeUpYeXBWcXE5cGdqdG52cnEwQQ?oc=5,Crude Oil Prices Today | OilPrice.com,en,Iran oil price,recent_middle_east_oil_risk,relevant,2
2026-05-28,Oil Prices Climb on Renewed Hostilities in Middle East - The New York Times,https://news.google.com/rss/articles/CBMidkFVX3lxTFA3dkRJeWVEaHVQdUZ3b0hMeHN3MkM1UTh3SVNKOVpQaFRPSDU3ZVMyQVhoZUppWjB3TEEzWG5jNUdqYjh4bk1GcVJtTHYtUlRrdUlycmpRc0NQTUY3U0FvVjFPQm4tdDZvNnd2NXZ5ZXU3V2pWdXc?oc=5,The New York Times,en,Middle East oil price,recent_middle_east_oil_risk,relevant,2
2026-05-28,Oil prices jump 2% after Iran says it targeted U.S. airbase following fresh American strikes - CNBC,https://news.google.com/rss/articles/CBMipwFBVV95cUxOcHdFSU9lYXpqMVhuZDh0NndsLVpMWXNFUHVhelZNWjhveFNYYmpaTHRaZVN3MUR0UGptVlNyRElCRTd2YWtVNVNpMmtnNjhYMWU4anZvbVVObXJ0YlRRRlRtQUd3NEdfdDBZdi1rM19sM0gwZjVtcVRLT0Ywb3BjVmtXYzhEbzV0LU1CYWFWSTZjRWlRX2hQajdrbUNkM1pESHlvbzlZWdIBrAFBVV95cUxOSkl4NnlNWGhvSXRrbDRhMk9QcjVYSDB1VmtFclhBT3lMN2V6dXE2TEdQa1BmTHdadWg1UVNVTHM2UDE0VUhXYjR1T0t4NnZ0d0lkbG9xcTYwaHRONTRreFp6NFAzLUZaYXl3UmFzSV9hZTFDVnJYREFrdjM1RVVJN1AtbndXcEpud3lpaWRnX2xZQlFwYTUxeFNydW1qZW5CY3A0QmM4RXA0UFlQ?oc=5,CNBC,en,Strait of Hormuz oil,recent_middle_east_oil_risk,relevant,5
