date,title,url,source_name,language,keyword,event_name,relevance_label,risk_score
2021-11-24,"The EU contributed to its own energy crisis, but diversification can solve it - Atlantic Council",https://news.google.com/rss/articles/CBMixwFBVV95cUxONkVubC1xSWd4bW16UnRPMDltMDUxQnBwMVVVMzZxc2pYNlpoYm9MLU9UZlBBRHVtVGVITVFjOWRwQ2w2dnlfcG91R2tSTWJrWGU0RHg2aVNvOW5WZE5RSXcxTkFIRGFBTmQwWDZFaE0zYWtDdUticTNIRUxfYzNjVWM2MS1GdGNNQjQ5VDZlNnFZbEJYWHpuTXFyemJONHVZbjlmUXNJN19IazRIN2NEQXQyMFROdU9TTVNWeHBuaXNyaTNPR01z?oc=5,Atlantic Council,en,Europe energy crisis oil,russia_ukraine_war,relevant,0
2022-01-26,"If Russia invades, sanction its oil and gas - Brookings",https://news.google.com/rss/articles/CBMihAFBVV95cUxQZVg2VHMwNXBNalV3RzljQW9RTVRxWlZGX0JLNEVGNk41MG9xUjNhVGI0UVBPcVE5ZXlVdGxPVnpHNjZXSUVlbDg2Q2dMMWs5QTN2SVBzMnRUVUhGelVnWFBUc1hxajdvTzFPM2hBOWNJRjU3WHhwc19WdXBMVnNvZ1otMkM?oc=5,Brookings,en,Russia sanctions oil,russia_ukraine_war,relevant,2
2022-01-31,Oil Market Cannot Afford to Lose Russian Supplies - CSIS | Center for Strategic and International Studies,https://news.google.com/rss/articles/CBMiggFBVV95cUxOVEVhSXc3X0dGZmtlbnY1aEM5QTJvS3FocFRFQWYyeEF5VFBWN2t5NzFCYTF4SF9USXh3R0JSMzRtaXBfOFpKSHlwcFFQLUpsWGxMaVdmOU4zclFwTUlOOFg5M1JFYlY0TEYyTjRPTE5BZTZqcW9XZVNvbmZ3X05WeXRR?oc=5,CSIS | Center for Strategic and International Studies,en,Russia sanctions oil,russia_ukraine_war,relevant,2
2022-02-01,Don’t Blame Putin for Europe’s Energy Crisis - Foreign Policy,https://news.google.com/rss/articles/CBMilgFBVV95cUxOb0RHaGpGU0dIR1JRR0Q5WHp2d3ltckFlNnZNcVA0VFU5ckYxRC12U1lEblNxcXdjcGMtWDBzX29QT3lvSkZGVWJmbEhxVGxDWDNoLThTZ09XM3J2VzB4eEFRQWVkcC13d2tSWFBSa1BBMEZyUlc3OUlLUlhWQnNIb3EwVDNUcklRZGlpcXUxZ0ZzTWRMY1E?oc=5,Foreign Policy,en,Europe energy crisis oil,russia_ukraine_war,relevant,0
2022-02-04,"Oil to hit $100 on strong demand, Russia-Ukraine crisis -strategists - Reuters",https://news.google.com/rss/articles/CBMirAFBVV95cUxQbkZCNHVGNFlqcWJiV3JBbFFwYzFtVlJCQXBlVHZFWXIzVVRPakFjVDFvdUZ5bVRHUTZndzNRVWR1VTVWR0NYYmlQdE5xNlc3eTZhS0FOcU5UNmdNSTZvOXZodVBVTy05ZExsTjRUZnQyR2FlVDFZWkJsTWE3eHIySWpxSjhlSUxvTFM0aE1jaXNTMlhqX0k0MkZ4c0lUem1nWHZ2Z2ZBRFRZb0hP?oc=5,Reuters,en,Russia Ukraine war oil price,russia_ukraine_war,relevant,3
2022-02-04,"Russia-Ukraine crisis: When oil prices climb, Putin gets bolder - Al Jazeera",https://news.google.com/rss/articles/CBMipwFBVV95cUxNTWk3Qnh1a0xJd2ZXSnZjaFhZREFLamdlNWMyazhybEd4TjV4Tmxid3cwUmR6OEs4dGJEajdwY1dGaGV3dTNDMkZmTVJYM05QOUJzcU1HZnBUQjJXbVpGMFQ2SlRRZm95MVVHTWZYa2ZOOUl6dGlUUWZOMU9wcUd0aXAxMG81STBvbVRrZXo1MzhPTmlBX0xpa0w5ZmNGVDFBQTBla1Nxb9IBrAFBVV95cUxQZjdPQTQwMWVoSFNScTNBNERxUnBCQkJLejAyaXVURjItaEd1RDZDWmdxSER5SnM1cjVOWWtUNDBuWHZWU3FfSHNMYXpHVm1wQVRfa3d6aVRUemplcURBd01CRGxUM1FlOGNfRzhzYk9PaFF0QnZKSVo5eFZiek1oTmJZZW80SGJSbTBPcDRTa0RWZWZEa3Z1Vkp5VHBpemJlZzBRRDNMaGR3Sk41?oc=5,Al Jazeera,en,Ukraine war crude oil,russia_ukraine_war,relevant,3
2022-02-10,Energy prices and costs in Europe - energy.ec.europa.eu,https://news.google.com/rss/articles/CBMihgFBVV95cUxQMHlWbDh3OU5wWFVqS09TUWNpbVNUMHhXNFZQaDJnSXRYbWh6ZzFDZTZLY084V25KQWo0ekJTcnNrenBacjJBeXNWemZ2bklONW9NVFhnZHpPcTRDVWVMU194aDRDYUFndE5VeWZXRzFNOGNteWdZSWhObWJwZGY4cFNRYlowdw?oc=5,energy.ec.europa.eu,en,Europe energy crisis oil,russia_ukraine_war,relevant,0
2022-02-12,How Russia hooked Europe on its oil and gas – and overcame US efforts to prevent energy dependence on Moscow - The Conversation,https://news.google.com/rss/articles/CBMi2AFBVV95cUxQcERjNV81OFAxS3BBd2wtQTllRlpGcEcza2pJeHoyQzktNEVPSS1LNlJnY0hYRGxMQVVmYTNGZzd3dTBrN1RDWE84a0x0dHZaNS0wcGFKVTBfM2F0cU9lZUFfWXhaWXJLbHcwR0FQWTIxY1VHZkc1b2YwZ1NUTG1VdWhsLXFUVXpsVllJTnJNbGpCWVRCaVBYcFUxcWtjcTVyX0djVm9zckhUTUxjcnZwQ2dTNTg3Q1E2VGdEOGZNSGhDR2Y2czV6alM3Um1qYzRlMXJha2ZvaHY?oc=5,The Conversation,en,Russia sanctions oil,russia_ukraine_war,relevant,2
2022-02-14,Why Russian Invasion Peril Is Driving Oil Prices Near $100 - WSJ,https://news.google.com/rss/articles/CBMirgFBVV95cUxNM1lybVZFR2xUdk1Hd1ZNZlhUUU4xZEVHekVlVEZNbU1ZMDZDczFESWNSZjhLbWtYclpueXNPT0JkNXYzS2pQbU0yejhFaHNVZy12TDhuck5nMGxpMUw1NzFCbkcyNkZfdGoybHJhUlRVanZ2WGM2M3pFM25XamdIQzRUeFV5TGpuSXNiVmFwa1BobVZQNkgzQ2JlTWFJcXRFNk0tMXR4c0R0ZjBtc0E?oc=5,WSJ,en,Russia Ukraine war oil price,russia_ukraine_war,relevant,6
2022-02-15,Russian gas threat in Europe - Reuters,https://news.google.com/rss/articles/CBMickFVX3lxTE5oMS0yWE5HQ0U2bDVDZDU2N0htQkZadEkxWU9yV0Z2SFNQWUlhSzNjcV9HMVh0SUxXRHpqcEtITGZqQ1VTb1h4bl9WZU91bHF1OUtXRVBHWmxvTWU3bGZDeVRiMXctRF9Lc2JwT3F0MG9Zdw?oc=5,Reuters,en,Europe energy crisis oil,russia_ukraine_war,relevant,0
2022-02-22,Ukraine-Russia tensions: Oil surges on supply fears - BBC,https://news.google.com/rss/articles/CBMiVEFVX3lxTFA0Z1JwWnBKZGxKZFNYM1I3TVhOaFY4UUVQc2ZxbmtfUGs0eHZBd3g3bmNocEFlM3hKZFd3QkJBMXRxMjJONGk4dXVuZW5lRlQ5OEFSbg?oc=5,BBC,en,Russia Ukraine war oil price,russia_ukraine_war,relevant,3
2022-02-22,Russia-Ukraine crisis sends oil prices soaring as South Africans face record fuel prices - The Mail & Guardian,https://news.google.com/rss/articles/CBMixAFBVV95cUxPeHpLSzd1RXdhMEs1V0NvQV9hNHNxSG10cFhIQjZtM3lneHhNVUU0MW5TUHpjWC16NWpkcDJLaG1COW9sYkVYZ3RVWEtzd3JucklyRW1KOVNscEtlLXFkSmxpOFRCc3VfZmJjNW12WmxtZEpuRWZYWk9UWlFUTFBCemxmaEJTRzdYZjVkWHMzcnRVamI3RHpUQTZMTUo5MVl6SE44R0lKVFFBbThZR3c3M3o0MHdYblNkUjZaTjVFNEVmVHlW?oc=5,The Mail & Guardian,en,Russia Ukraine war oil price,russia_ukraine_war,relevant,3
2022-02-22,Oil Prices Approach $100 a Barrel on Threat of Russia-Ukraine War - WSJ,https://news.google.com/rss/articles/CBMiogFBVV95cUxQRG1SZDNFYjFPMjVKa2RnQWpnVHp1YXdVWGNKZk1TS3d2ZEYzeXN4dGFIZkk5bTBiOVR5MkVFYTBzdWNSQ3JQeGtIVzJENEtiMURDeVhSSlR3d3Y2US1Gd0lERXFyTkZmLWRwVUFuRlFNWjRfUERDczg4anNhWEJ0dGxnMDJidFRVdXZiQXUwY0pQZ2tVR1U1X2dVT2ptbTNkVXc?oc=5,WSJ,en,Ukraine war crude oil,russia_ukraine_war,relevant,3
2022-02-22,Russian oil sells at deep discount on Ukraine crisis - Al Jazeera,https://news.google.com/rss/articles/CBMinAFBVV95cUxPc0tWVEwzQnFleWd6c1Z6NXBFYzZUVTh3dkZkZ0luaVZkVlM5VHZXa1VacFhiSlBWUnBYQk1lOTZMbE5fT2tWb05ncDB6YTBRamhTamUwZGJyX2ZzVkJqbGVGOTNuQlpMeVppWGRUbjE5M2t4UE9IbEVpbDZhY2g2ZERVdzhiMV9STFFJXzd0NWVWNXNMWnJMeVJvdjnSAaIBQVVfeXFMTzlQcE1JYkQ4U2NfMzk1QmJZVWRwSUppM1hXaVZTekw5ZUVETWY1ZU1IbUpHTnhGcGx5aUtWWk5UVlN5MEp3cGVIVHNCN1htWW1XalZVS21ySlNfN1VWZjlpOGE4c1FBQjNqUXBmeThTVnkxenBOcnZtSmt1b1YtRF9HUHZ4ZmQyVi1SZ0JhT0x4TVNyQmFIM3hLUWtvV29yRVVn?oc=5,Al Jazeera,en,Ukraine war crude oil,russia_ukraine_war,relevant,3
2022-02-23,"Oil surges above $100 for the first time since 2014, before paring gains - CNBC",https://news.google.com/rss/articles/CBMikwFBVV95cUxQNjI4ZUtaSDRxTmhMeTk2dHkyc09wMktMZ2JQNWtZUzF6c00xcWdkY1pTbnhjSnNEWkY1OU1YRU14UE4tdzBTdG9zdE5MdzQ1bWRNXzRROFdRbHpwWDUzRDUyN2lyVlpyREU1aUtUNjItaks4c2JNQ3NMd1pZamo5dV9zeC15ZDdCNE5nUTlPZUkyaG_SAZgBQVVfeXFMUGhRYWJvbjZwc1BkWGhDNWY4YW52ZjNHTzBjdWV2NUJCX0pOQnVLWVlKRFVWWFgzLTdDMWJzbXp6UVFwdXZuX2hKYWZRNE14Y1ZVN1R2R1U5TGtJY1o0SEZhd3JlUGNsVkl2Y25vemRkelZDemI4NEpmNTNQSVdITE5yYmpQTUxseWZZdVpmV0ZiR0pMenJSNlM?oc=5,CNBC,en,Russia Ukraine war oil price,russia_ukraine_war,relevant,3
2022-02-23,War in Ukraine Expected to Trigger Higher Fuel Prices - VOA - Voice of America English News,https://news.google.com/rss/articles/CBMimAFBVV95cUxOMUhNamwwZUc1OEFEZ1dNYjhvODFDOHJHdFFiQ3pPQ0FGbkVneTRWNFEyVDF0X3dJVXpYZnU5OEctbV9XY0poMjRzdUpUN04yZ0xReTQ5UzR4SlZHeE5UVzVRUGpmT0xFaDNkVWotVzF4bVRmd2tXYzQ3U1FYbE9tOUxVYVhwd0p5cS1mUktXdFNSalg0ZS03UdIBmwFBVV95cUxQTThkZW95LTNRQVNPeFlvbVEwWjZBREtGZUlwOHhYXzcydC1VMmV3MWFLVWwzTEtsTGkyRGdTRmxMTGxhR1JSUGlQMVRxQXBRNkFGZmVFWG4za1ZJTGZ1akFaRVEzLTlZMUtJc0ZJZE1DUnNkYktFbXJCM0dBeUxiVGFqQkcydWhMMGhELXBmWkNvUDI3czdlbXJ0UQ?oc=5,VOA - Voice of America English News,en,Russia Ukraine war oil price,russia_ukraine_war,relevant,3
2022-02-23,Oil prices are surging toward $100 a barrel. Here’s what that means for you - Houston Public Media,https://news.google.com/rss/articles/CBMi8AFBVV95cUxQenZtelowbXJpYlc1WlRQc0ZfS2N2dm9sRVhCMnpIYjk4ZnVmTG5HU1l6ZTRFOVRxOUN4TEZNU0FsdlpJSEtXdVVFTUNCamZmQ3pTZ0wtMXI0RHkzMVlxcWdRTXVPWXgzRVUyU2JoYzlEaFB3TWs5VFZPZmY5ZkM2OGFtTWxUZ1pDODNXa1NmT1RoTnFYOHU2MlhBTFFrNFpHeHc4eFhWWkctaUlsTHNRUk9XSmVyQWhVSFU4Y3E5bFp2VndGa3o1Tm51eUM3b0s5YUNzdzcwNzQxaVVsZXFGNklUam1OWlRXbGMzeEpPSWvSAfgBQVVfeXFMTVdqNU9sVUJRZkdLQXpKVTJiMGM2X3ZrTC1pVS1ONGVRLUxLTC14OG9IQ0Riczc3a2JGYnBwTEJxTTNsSTBPQkhqUTU0SVJsVjFWcHhtb0ZBYkxDVEJzbzVsZGFERk5qNlRxSUtGdVhzNHp1dWxLUHFxZ0pUUHZLa2NnUWE2RjVqd0o5WXBoSjNBb0U1RlU0d2UyX3FDb0RqTW9Od1JOSG11R01wbEY5NzNZWkJnOHdIM1l2TWNGaXcwSFFhXzY2ZjZoMmFtREhaRGxGRnhHb3hXTHNaSjlGcVFQNEk0dXBhSGExV3NqSEYtUWtWdHBwMnU?oc=5,Houston Public Media,en,Russia Ukraine war oil price,russia_ukraine_war,relevant,3
2022-02-23,Petrol prices hit new high amid Ukraine tensions - BBC,https://news.google.com/rss/articles/CBMiVEFVX3lxTE1oMkZqdWdMN0lBc21lQ3lWenJaT1F0c240d3VBOGVtU1IyX2Fqb1d3clI5RU9ub01MalZyWGNRUGJBZ2haN29EaVlSRG5oVllMOVlvLQ?oc=5,BBC,en,Russia Ukraine war oil price,russia_ukraine_war,relevant,3
2022-02-23,What Does Russia’s Invasion of Ukraine Mean for the U.S. Economy? (Published 2022) - The New York Times,https://news.google.com/rss/articles/CBMikwFBVV95cUxQdWtTODJRN3Q2RDdsOEtzcUxicF9yOE9KRTZISUh2b09LS0hsVkMtd2FEZkR4MXdONkZyenNMakc5TTZ5U1M3TGFsVTFkZTBNanJaMXZCYkpiYzItamRKU1QzYi1COFg0QXZpUklqV1RTaTdsMHVnQ0lHdHFBclA3V0NVM19hdDA4RjcyN3RDSXRxeTA?oc=5,The New York Times,en,Russia Ukraine war oil price,russia_ukraine_war,relevant,6
2022-02-24,"E.U. will unveil a strategy to break free from Russian gas, after decades of dependence - The Washington Post",https://news.google.com/rss/articles/CBMiqwFBVV95cUxOeE1zT01YSVdXeHZ2T0VVMk1TX284STAxTVBqak8wNzFheDdmdHJybDg3OFZfeE1IOXVWVVRzMmZDZG5XaFU3X3FBYUlGLUNzTF8wREV4V1NoQk40NC1hT2Y5RkxnNmVQQUJ2VUljZGcwdjlIWGJvaUd0UWNMUmxHY3JRT3pYWDE2OXA2VDNBZEduaFB5RG1ZOUtydkxldGR2YkxXQTMwMVhxWTQ?oc=5,The Washington Post,en,Europe energy crisis oil,russia_ukraine_war,relevant,0
2022-02-24,Oil Prices Surge Above $100 a Barrel After Russia Invades Ukraine - WSJ,https://news.google.com/rss/articles/CBMi6AFBVV95cUxQSUhGeVRnakViSlUwS0dmYTZPTjljOU44Z3FEaUJHUktOV1pBQ0FoT01LRnp1NF8zcVNfQ2pWNm1nalktNTVIN2E5V2NOLW1keXQtY2Q4dWxwcDJZLTRrREZIYjFiZ1RsQ2VnLS03dHJDNlJNNGNLRllDRHJ2U0RaSVBRS2ZieVBfN21GcjBfVEtrUUtYc2lvY3h2RjVUcjd2cTVMenJObnY0ZEUwanpDM0RGQzU1RDhTYnNSNXhiSzdHdUhVTDE2S19aQWp5UDFCa25Hb2JwQmpQU29lWE5TNlN2X2ZCM05r?oc=5,WSJ,en,Russia Ukraine war oil price,russia_ukraine_war,relevant,3
2022-02-24,Oil surges past $100 a barrel after Russia invades Ukraine - Houston Public Media,https://news.google.com/rss/articles/CBMi3AFBVV95cUxOa2k5Rk9lYnF4RjVfYzY4cjhqZGZ4VWF4OUZiZ19iMDB3OXpWYTJ4aU55UkNjWGNucFBZQUN0cktHLU9Ga19Gd3ZsQ0tQdXZrdHJCZG5YVkk4UFR4M0s3VFpMaC04MzRBcVdnSlBhWEh3X05KdUFka0tRUzQ5TjgxMVY0M1BTNTAzc29WVVhTbGNsU3RfV2o5SzhEUzBuNmNpQnB2MHNjdDRDeXd2MHZLRTlWamNGcXh5OVhreVdCeDhrNHlkbGM2RjJOZEM4S1plVnYydi1uSHdSX0dh0gHkAUFVX3lxTFA3cm11Z3hhVHpES3ltMXk2T21OSk9LZHNaWTNmUEt6eHREN0t4Qk5QZlYxakNwUGpaMVI1NVFaRTI0VW1Jb09NbnE2Sm1IRE5DOE9QcFN6UlhqVkJKTVFuWkIwa3VqQWl5OVFIQ2lFeTIzNzlQQ2dlVmpYYjA2V3FFMW1mOUczdUU1NHIzbThFNy1PRmxUY2hJSUR2d3BKUUtmaE4wZDdxeFlmWV9vU2JNWjc1Q0xqZVhGNTBRSEczdGQ0X1FXYkRKQk9HaW5ieFdTQkxESVFyT191ODdTdkJYdEYzZw?oc=5,Houston Public Media,en,Russia Ukraine war oil price,russia_ukraine_war,relevant,3
2022-02-24,Stocks swing and oil prices soar after Russia attacks Ukraine - CBS News,https://news.google.com/rss/articles/CBMihAFBVV95cUxOaHljSkMzQmZUa0Z0a1RiSXM4bU9qem1FcGZSUEp5eDV6b003Q2l0OGlDMDRNWl9qbXBRTUR2TzExVTNGaWF3Z2JJTjMzS3h4LUFpREg3YmRhbEY3UDBCUXU5a3oxOHNHV3FFZWxScDBSSFJhN2YwZGpSOXk2cXJrbTNsUUPSAYoBQVVfeXFMUC1xTWJrNjkxb2lIdmRKMjczV2I0Y2xXOFk0TzlkSm1UaGtlamxHX2YyVVEwWUpoTTJJcl9PVFVOWmtWUUdDODFsckhlWUMwcFpGQlBfUlpCWXJTVWtRNHpkZ2YzNnFXRzJFODNvUEVLZjE1TnM3dk5MTGFLS2RZMlBLcTZzd0ZaM0tR?oc=5,CBS News,en,Russia Ukraine war oil price,russia_ukraine_war,relevant,3
2022-02-24,How the Russia Ukraine conflict impacts gas and food prices in the US - cbs8.com,https://news.google.com/rss/articles/CBMiygFBVV95cUxOUGdRb0lTSUdTYmtTNWlhMk1DTlhDTnBvRExKSThFc1p4VkVXRmVueHZIcWM1Z01Ca2pJVmZZa2k2VW1udVg4RTZaX1lIVEFubmdDSVZ0WFdycE9uVXJkR25ocVB5UWFYNmpENF9YcUtnYndsZDNpa2FPaHQ0dFdnaTI1X09iblVPN2djQ0VvX2xhd29LWXVBMzVkMUt1Zk1PdWgyQjdSOFl6clAzNktZSGh2UEM5NXNyYmpvZjkxeG0zQXI3ZDhIbjZR?oc=5,cbs8.com,en,Russia Ukraine war oil price,russia_ukraine_war,relevant,6
2022-02-24,Oil Market and Russian Supply – Russian supplies to global energy markets – Analysis - IEA – International Energy Agency,https://news.google.com/rss/articles/CBMiowFBVV95cUxPQ293d083ZUFmbVVEWmVtNmJwUVpUbEtFRS1UQ0ZlY2dhaGZGQ1JIa3lET0d3X2Y0SVdwV3Z0UVdjQlZRMEw1S2xyMTM3bEJndlU3d3FBNHRGamY4OUVoZ3Vib3JJN2pRSzZuaEFOMUlqbmgxWkJiS3l5N3V6T0NiUElreGd3dWwtSFJRYnZvNVBsTEJxNDRSVlJ5bkNwR05YRl9N?oc=5,IEA – International Energy Agency,en,Russia sanctions oil,russia_ukraine_war,relevant,2
2022-02-24,Russia’s invasion of Ukraine is driving up oil prices. That’s good for Texas oil and gas companies – and bad for consumers - Houston Public Media,https://news.google.com/rss/articles/CBMirAJBVV95cUxQZVlJUlgxd1Jsa3RLYndET0FzcGR6NTRyV0xDeEY0OVFMZ1hLMmU4ZzhJdHJTalhPNjRoOXpUcURySHllSjBybWpZR1pXeWpxOWpER1QtMlFVZmwzblh1eG8yMGNmOHl1YTEtX3FvNlM1bGN6UzZISTYyWnBaZThXMUtLM2lTS2JkbmtPQnRScFVGZDJKeFRpTkRUc3ZUTW9xVnJydzExdk1EMlNydk5WeVRoSUtpemZ3WHNIVjZENWozMnBlXzhITUVNU3B3cXRXVTR1MzBNd1U4aV9ad0tmTXI5b2l6U19tcUdaU2lxVUZxcHd0WDdLM3hLVXFrRWNEZkdLMk9XSV9ZdXQ5cVh1UUNrdFFzWlVpYm1DUjRzOENIbFU2SHBscGxrd0zSAbQCQVVfeXFMUEh3dnAyX294NVU1WDFYaEo4SGhRVGxBd0YxS01tZXFqYVdmZ2dCVE1VWWpIVjRyRXJSQlluWWtWLXQ1Z1NNZlo1ZmFjNDB4ZDl5S0R6R25JVXB4V2dHY1N0SC11TllNbkkxZVBXdWlyVmM3TGZfZGFPa2U2VUFlTXVsbk5OR016MnJGRGw0TUxoTW5vUjhGazRCbmxSVS04THVOMzRfR0MxQTBvaTlib0pnWUFsYzB6YnF3aWtZdXIzempIYk1YQnVjSFRKVWVoZXc3R2tfbmpHR1FqNVRleGcxQlRpUnFVV294MkptTi1vT2k4aHdfU2Z6VWZwUGFUQ0RILUI2YWlIWm1vQnVkYWVNd202cXRCcFUzWGlJT3I4SjZ3cWY1djhLVTQ4WFFjVW9vZUk?oc=5,Houston Public Media,en,Russia sanctions oil,russia_ukraine_war,relevant,5
2022-02-24,Oil tops $105/bbl after Russia attacks Ukraine - Reuters,https://news.google.com/rss/articles/CBMiqwFBVV95cUxOb3JIZ2V5SFlUcVhjQ0JkWHNqSFE0aTY3NGhyX0hMMkxRLXpRWFVXNERSTHNRTGRNVVhraFBmNHlfMWZNX3k1MUtvTnJvNHZZWEhKZkp4UkR5RmF4eVBCZVRBNzUxTXRjNGlkcGRzVWhfcVBnX1pCN0NjeHJWVWItT3dVTnYyT0p6ZVBjTmRaeWRnUjBsdnVZOWZ2SEhobDdWRTBPb0JmdXBtTDQ?oc=5,Reuters,en,Ukraine war crude oil,russia_ukraine_war,relevant,3
2022-02-24,Oil hits seven-year high but shares rebound on Russian war - BBC,https://news.google.com/rss/articles/CBMiVEFVX3lxTFBMR0F0cF9Tb2tCNVJ5U2luY0VTLXk2cmJkQlhpQjVKal9ZOUkzZm55N1FQdkRSbzJydF9sWXAyeVVuTkYyNC1lUmVsRlNxRnYzUk5hUw?oc=5,BBC,en,Ukraine war crude oil,russia_ukraine_war,relevant,3
2022-02-24,Russia invades Ukraine: What’s next for energy oil prices? - Al Jazeera,https://news.google.com/rss/articles/CBMiowFBVV95cUxQbzdZTFVkTnZLS0JqS2dLUVN5TTJ6eXItaE5rd2VUZGVCMzA5UmlXb0pYVHo0M2Rfazl0YmpSa1h1d0hGcUdsQW1DZFJFaGRVUFM3RjQ1Z256VnBqTEFlNXZ1dXhDcURLSm9UY1VaR1BZbEh2U1dEVEFVX2FkWDJ3Vl84S1lpMnNnc2djdUFFenZfdGIxd0UzTUlzdnBocWVMU05R0gGoAUFVX3lxTFBDX3NTaXU3QUVUQzVGX3NVaHNRLWhGZXU5MTZhVmc3dFlRa1REZ2d2aGVJNHMyUVROSEM2eXFxdnF1LXJGXzFjTHluWC1jaVpLTkVaTnp5Qkc2aEQ2dGlNUVIwNG9KZjBoXzBtTlgwRDVIVjJwd2dEWlJtS2pneG12VDYtSmRBZnctRGJIdGVCbmJjQ2xXa2ZuZngzY2JzOHRRTVZ5Y1NFSw?oc=5,Al Jazeera,en,Ukraine war crude oil,russia_ukraine_war,relevant,3
2022-02-24,The Graphic Truth: Oil prices surge over Ukraine war - GZERO Media,https://news.google.com/rss/articles/CBMihAFBVV95cUxQU1h1YnlHYUNyLUVFU3pTeWNNY3ROZ3kzSUNZdGdBd3h1OE9JZWdES28wck9FMUM2VU02NFJsUW9UaFRyTUlPNmpET0t6OUhLbExUdExOQWJYOFZBakNyYmxicDJGLXBOVWN1YzMxbG9WZndlV0lGNWNFUjRBY201UjdNY1PSAZgBQVVfeXFMUDdBSS1tT2M2MkZmM0lNQkZWeVNLdm9oVnJjMkkzMWFZall6OFhjLTJ4ZUhXeHNaZ0J6WDN0QnFMb3BZMFZRTUpvWExwOF9KeGlKZXlDWmlPd3JESm9NWWxBa2JBMk1Hd3I3MENhV21JaXF5RmhTQVBQZkR4b25wNDBCNVpDNlpld2w1NGFEbDRwN0t6blpDRlc?oc=5,GZERO Media,en,Ukraine war crude oil,russia_ukraine_war,relevant,3
2022-02-25,Oil prices dip after soaring on Russia's invasion of Ukraine - Reuters,https://news.google.com/rss/articles/CBMivAFBVV95cUxOczZ0eGM5WTA1RWdIaWNHZnhPUU1ZSUQtWjI0cGs5Z3RnU3F1ZGROX2N6N21vdUVudE9YYmhhUGlaZGRMTVEwY1N0SXRGc1pTVFpNYm5ENDhSRV9Jcm1GOHZMUGdUeGc1TE9JR202eFpOenFLN1NaR0x5R0laT3RiNTF2YzBCTXpYVHFCenpzOE5PczVVOV9kUEw3YXZ1akVjYVUybkJYeWJEa1p4dnpmQjFxb1ZJeDRzUTZmbA?oc=5,Reuters,en,Russia Ukraine war oil price,russia_ukraine_war,relevant,6
2022-02-25,Ukraine and the Mirage of Energy Independence (Published 2022) - The New York Times,https://news.google.com/rss/articles/CBMif0FVX3lxTE1iLTJkOTJwQ0VuSkZTVkUwQWtVc3dwNnZKNWl4U3Z1TjR4aDhOd0JLajFkQTg5NElDTHpLcC1YRDN5NHVOajZEVUtKOVVHVUxIeE9GRFE3eVRZVVJrV3A4VmxRTXJybTBrLUsybGR2OVpzZ0tWLUhBemgzU0pBeGM?oc=5,The New York Times,en,Russia Ukraine war oil price,russia_ukraine_war,relevant,3
2022-02-25,Why Biden is going easy on Russia's energy industry - Politico,https://news.google.com/rss/articles/CBMihwFBVV95cUxPX1BVRnVKZWs3cUtqblh3ZWdyMUQyd3V4QjB4SEtrMm1pWEZGcGlPQkRNaUVHYXJuSTlEZnRDRXBELXM3UE1PdVgzeWpqX05wclFDTVpxZ1YzRkEwOGUyTkgyRS13QjNaRlhZMTlYcHNBVlJVRGFoVnFJdEtVUkdyOWVhOFFtdVU?oc=5,Politico,en,Russia sanctions oil,russia_ukraine_war,relevant,2
2022-02-27,US fossil fuel industry leaps on Russia’s invasion of Ukraine to argue for more drilling - The Guardian,https://news.google.com/rss/articles/CBMimAFBVV95cUxNX3A0TU5qaTlPS3RXd1dKelpSTVdpWWRJMlN6QlRDVWtxeXZPNko2RmlvVXkycUpRMUdPRmJEZVcwNDFRVXRnY0NxX3JOeGRLbDYwUmNkRkJ3NWdHT0N2Zll5cVVBMzlsbjRzMVozcnRQV3B4aFRHQkFQMWphVS10Wk0wS1hWRnFpbThkRGlXRkFFemNJY0NaUw?oc=5,The Guardian,en,Ukraine war crude oil,russia_ukraine_war,relevant,6
2022-02-28,Europe at war: 6 charts showing the impact on financial markets - The World Economic Forum,https://news.google.com/rss/articles/CBMimgFBVV95cUxQdHJFVExKRl95azV4RU90R3lNbTB4d2cxMTl0QUdRMzdjaVZ0NnduR3JHVWJMbmhtOTFheGpKVzgyX0dqN08xRFN6Ri13NFRwVzMtdl9CZkVMcjUzd1lwcENFUmZuRzA4V0Vuam90U1d5YkxiMzlqRXV2RVRxdXlCMFNlT2NUWDZvakFWTWFUTFYtNzNzSkp1NHJ3?oc=5,The World Economic Forum,en,Russia Ukraine war oil price,russia_ukraine_war,relevant,3
2022-02-28,Putin Just Pushed the World Into an Even Bigger Energy Crisis - Foreign Policy,https://news.google.com/rss/articles/CBMilgFBVV95cUxNMzlyb0FtNVdKcllnUFdhMVVTV1RIRkg3dEdEVGVrS1dMUWU1WjBtS29CUDBCWDFXai0wNEJ4X3lMSC0xdzNfRU5rT0lLSzZpaHlnWGltZ3pTaUREUm91bmlxMTFWVWV1LVpuTEpySjR6RW5QcjU0blJ4SG96Qi1GXzNzdk93VWpUNVRFLTRQbzhJOVo0YWc?oc=5,Foreign Policy,en,Russia Ukraine war oil price,russia_ukraine_war,relevant,3
2022-02-28,Oil settles higher on Russian supply disruption - Reuters,https://news.google.com/rss/articles/CBMipgFBVV95cUxQZ1dIWkJEMjlqMUdzMmFxb29HWUtvMlEyWHVwZHZCLWVQQ0piZ2F6bGZhbHVSU1NfVUk1ZzBoT19tYi0xQ1h0WGZZNGN2N2tIbVRaSl91NzJfRk1mOGQ5bkpjZWVPLUJqYTVORng1RWhFZjhrb3Vob3FFUC15WFIxYTRhenFfTXFGR3RVT29ELWU1ZWRPZXp1elZpdTRtUi1ITXJTWHdR?oc=5,Reuters,en,Russia sanctions oil,russia_ukraine_war,relevant,5
2022-02-28,Canada to ban imports of crude oil from Russia - BBC,https://news.google.com/rss/articles/CBMiVEFVX3lxTE9Gd1YxQTBsTDVYLW1PTWo1dEpJS0xlR3gtUTlqbXRZRm12UXZKU2RMaTdmcG4tdVEyVUUzcU84ZHZadldXSjJ2U2tJRW1tbk83c0dhNA?oc=5,BBC,en,Russia sanctions oil,russia_ukraine_war,relevant,2
2022-03-01,Oil prices surge above $100 a barrel as war on Ukraine rages - PBS,https://news.google.com/rss/articles/CBMinAFBVV95cUxNako0SW9fYVNxUlR0LTQ4RFNoNmtOZEZpdXJjemR6WVVpOGNkU1F0VWxNSTAtUFhKaTFsV1hJckpfdXNUaUU2ZUZValQwV2REdE51dTRUbnZJVVBBUzg2SHlLbEV2bVhOOHg5X1pibUZVMTlSTEpZQl91eEo1UzlaN0lDT3VvaHEyMVZ5Q2FNay13OEt4a3JmdnZ4TXrSAaIBQVVfeXFMTnU3SlhVM3lObzVTLUdvaUxQMnVfZWxZRFdCVjlVd3hHdGstdjd4ZFNoZVhSODIzMnhMMENEUUpKZUpTdFNkaGNBV3hMdUdSSXZmTkxWX0d4MXZfLXF2WFQxa0ZzZDYxZWJFcnFUT09GR0hSeV9nN3Mzd3JocDBmaXhRRnJpbDRYYVlmVkg0YVphMUZSbERmVmx5TVFackR3MEl3?oc=5,PBS,en,Russia Ukraine war oil price,russia_ukraine_war,relevant,3
2022-03-01,Countries rush to release emergency reserves as oil prices soar. (Published 2022) - The New York Times,https://news.google.com/rss/articles/CBMidkFVX3lxTE9VRUNqbFpYMkZ1Q3ZnNjhDXzRDLWZxd1JPdUZ4MlM1cHlyQWpoTTc3ei1QRzRzLURlZlhXbHF4MFhSNDlSanV5aFhkNjFJYWJWcTg4bVB1RzJ0VUtuX0lrSjltb29LYWRHMjN6VG8zd3NWME5hdXc?oc=5,The New York Times,en,Russia Ukraine war oil price,russia_ukraine_war,relevant,3
2022-03-01,Bain’s Macro Trends Group on the Russia-Ukraine War’s Oil and Gas Impact - Bain & Company,https://news.google.com/rss/articles/CBMiowFBVV95cUxOYmhISzRYQm53U0hmWlZpZ2JQVmk1dlpDbC14ZlVCT3FYeTQ4bThHMXZKenB5aHdISDBOU3JsZE5FYzBRcTEtTDZEeUt3Y1ZOVEhzaTFFRFpsc0QzdlBkem12U1lMdUZtZE9JVmdKWXN0amttNUdIdHRfbENWUGhNNU9BUjZ5cUsxZ1F4QWtuYllGbWptN0Z5alFfLUNGZDVNdEEw?oc=5,Bain & Company,en,Russia Ukraine war oil price,russia_ukraine_war,relevant,3
2022-03-01,Russian Oil and Western Sanctions Against the Ukraine Invasion - Tufts Now,https://news.google.com/rss/articles/CBMilgFBVV95cUxPTHRDeTAyT0FFNXhhWUdSX1pjUmZTT2hTc1g2NnVHYWdtYk9DZnBVOGxLTmVfNDZZVm1WT2h5M3VNR0dneHhQbENQY01HUlBZaTlORlFCaWo2UjMyaHBDUDBxdS1Ud3ZjSVdXYlhFWFhoUkkydGR4aF9kaE5xaEQyQXFVVjRjVUE1OTlpcW5wQXBTWW16TXc?oc=5,Tufts Now,en,Russia Ukraine war oil price,russia_ukraine_war,relevant,8
2022-03-01,Russian oil trade in disarray over sanctions as prices blast through $100/bbl - Reuters,https://news.google.com/rss/articles/CBMisAFBVV95cUxOaVZrcmNKU1lSUGhMM3V2SGZMQm9MTzNwcF91dENpX0JFN3dJN3JNVDlCSS1PTGJfY2lraTZzVng5OGpGamNJRGY4Xzl4ZGE2YW11dWdraXhlS2FncXU5U3F0blhtdVJKVVBNNW9oZzlqNXFFWkhfSEN6QkNOMUxZVmNuNVpoRTFtODJHZ01zN1dlTmZsSWhkOE9ISlJfUnZOVjRnRHhlTUJDZi0xZjdqdQ?oc=5,Reuters,en,Russia sanctions oil,russia_ukraine_war,relevant,2
2022-03-01,Oil prices surge over 7% as global crude reserve release disappoints - Reuters,https://news.google.com/rss/articles/CBMivAFBVV95cUxPbEpOem5SMXBPOVZsT2FlenV4MTlRZko1ZkQ3OEhVM2xqYVFwb01ucUcyRElCNUFIam96b1A3aVBWTnJ1WHhPVW5ZVHd5NTNOejJuMkhzeGJFRi1KTS1TWXdIODMwcG00SUxCdXdZVXRxb2FYdDZIVnFHcnVtbk1lTE1FaVhoMUNwOXB5QWlpYUhkTEtZWEIwUUVTUUYyVElRc0Y4aVZHOG9qV0xFbnpEenVYSXFxRmRRVVhlVQ?oc=5,Reuters,en,Ukraine war crude oil,russia_ukraine_war,relevant,3
2022-03-02,Environment minister rebukes claims Canadian oil and gas can fix Europe’s energy insecurity - Canada's National Observer,https://news.google.com/rss/articles/CBMivgFBVV95cUxPVG5ZdVdLMlRWWlBkeXNzd0MxVW1wRFJPSEZ6U1hFMkZNNERYZWdQN3dadVdVd2wxcDExUENJcEJRaXI0YWRfTWUxSlRHeDdKSHladGpYUVdNeUFtQmNmMEp4M2czdTExMkVMYzBQOF9BSHZ6eTVJNk9EcXM0RWVRMUxWOGU1SHpKQ1c2VGJIQXRSTDNWWmJjMEZUQV84Ymx1MlVGQXlnRE80QkRKWnR0cjBlM1AxWldvOHBDUFF3?oc=5,Canada's National Observer,en,Europe energy crisis oil,russia_ukraine_war,relevant,0
2022-03-02,Implications for Asia- Russia-Ukraine conflict - Eastspring Investments,https://news.google.com/rss/articles/CBMipgFBVV95cUxNRGlmMExhNFhRTExtUFpRZ2JPSUVFUVN1d2ZESEhmZl8xLVZod3E3cU9uTHBlVmVKSjhsMUtFOUhjZnlGc2VEQ1A2bWtGSnRXMEl1aW5iSERPcGJubUJsQ0tmU0RUVk9LSWw0d2hDX3FyTVBaOUdGcW83QVdMaWQ2QVBraV9tR1VQV0o3aHdXek5sdi1pX3VKTGRYN1hjTi1sdnlaSUJB?oc=5,Eastspring Investments,en,Russia Ukraine war oil price,russia_ukraine_war,relevant,6
2022-03-02,How Will the Ukraine-Russia War Impact Africa? Here's What to Know. - Global Citizen,https://news.google.com/rss/articles/CBMikwFBVV95cUxOM0Q0VmRiMy1ZdlhtSHV2cDNDdlpFbnAyMXRiM093WjFMaXpWWHd3aTdLejJJdkV5N1Nfc2JfZ0JlTU5IbDVaRUZoNFBzNHB0eHFudDFsY2xFZmxIMDdaLWI1MTdONlMtMzZ6SDdqc1NsVmpIXzJBVGgtb2kxT1pQbVljVE9xU2ZWaUVHR0l2cnVPYzA?oc=5,Global Citizen,en,Russia Ukraine war oil price,russia_ukraine_war,relevant,3
2022-03-02,How high could gas prices go as sanctions ratchet up on Russia? - PBS,https://news.google.com/rss/articles/CBMinAFBVV95cUxQTjBGLVIyblhYd0dDYzRxODVjWk5NR2dmM21aMUJrSlhyRmlyREJ2cnlKUkZuUUlZZVJoOHQ4VWduVDhvVDlNQXBHd18wRHYzdzAyVjVnSEQtWWhhQUdYRko4cjQ2MVltVDVreVNQSUZNZjVIMlh6YWdLOUc4VFd2bXJRV3RTY2R0a3pBTEVnUEJsOGREdl9TR3FCOGPSAaIBQVVfeXFMUEhybGMxeUlmZ0FqUHR3TmpjYXV4QnVOZ1NiVUd6LW9sY2JOSElGS0pJczYwVVVoNTNfanp0cFhhQnZYUHVqZW1fU3RIQWdoeERnRDJHYm5teTFuR2dUN19jS2FFenBYR2JNamVpSnZMM1B6UXF1a2NkRmNreHBXcHJpdTdPQUZYcUgyaVBYLU5uVVBYOEpzUTh6ZDN0X3VpeUNB?oc=5,PBS,en,Russia sanctions oil,russia_ukraine_war,relevant,2
2022-03-02,"Oil markets hit multiple records as Russia sanctions bite, disrupt trade flows - Reuters",https://news.google.com/rss/articles/CBMirwFBVV95cUxNOW11SGVndDkyaWpMLW5ScE91dDNVSzNVOFRMazBkcnpfdjRPMGJsNF9YMWxsSktyWVNtQ3NjaTI3eVpUaGVlUFJ5TEF0dEFFZ0RlYy1oN1NSOGstTXBNNjMtbk42ai1NZTZFcDlMUFN2Z3JFMTlWN0QxTW5qbHFSeDcyZU45TXBuM1ZFRGFGNWxsa3B0OXJrOFVXa29meXVLWFdEdndTS3FlR1ZJWjQ0?oc=5,Reuters,en,Russia sanctions oil,russia_ukraine_war,relevant,2
2022-03-02,Ukraine conflict: Oil hits $113 a barrel despite emergency measures - BBC,https://news.google.com/rss/articles/CBMiVEFVX3lxTFBNMEo5OTRGRGI3RDUyUnZBN0dJQzhWWlo1TkIwbEhjV3dLcTBsQ29mNldRWXBzMUZ0OGphQmZMZ2Y1T3Z3aER4bVFtQThUMFgyTWRWVw?oc=5,BBC,en,Ukraine war crude oil,russia_ukraine_war,relevant,6
2022-03-02,Oil Tops $110 as Russia’s War on Ukraine Shakes Global Crude Trade - WSJ,https://news.google.com/rss/articles/CBMirgFBVV95cUxNaVA5R1BNckZ3amVmNEdqNTNvbTcwOTNHcGRYSG5lWXRVNjVhWlBtWjZKRkdWdThvYVFCQkRYX2l6YXdvZlZycm1FYU53Nk5pRGNNZjRkWjlJUGJULTk0UUZjR0JnVThrbmJlS0xudmVpRmxLcFhBTl9UM0kxX0FFYWxTNlRSb3ZCenpub3hBT25NZHI4TFZPbVpsMVkyNmxCUUZHU0VySjdGMlpEM2c?oc=5,WSJ,en,Ukraine war crude oil,russia_ukraine_war,relevant,3
2022-03-02,"Ukraine war hits supply chain on oil, gas, cereals and CPG - Supply Chain Digital",https://news.google.com/rss/articles/CBMisAFBVV95cUxNOU1pYmc0ZkltRHVJMzFUZl9RSUdGVDQ2RWdWWGdxOTM5eVhkZlhFay0wRm1sYlp2QkVKRjcyNGJTWGxNaHdGVGJpZV9sVUNMQ3JFdGhlZDQyTEZ0MmtzTHVxQ3p1MHFBZk12d2FEcEtpbHVkTEZkSHYxR0tScHFPcFg3UkpfeTRYRzZqYVZTNDRUNDdnTmJRVzdLVk03M0k5cjNJM1F3X2ktRktZRUpfSg?oc=5,Supply Chain Digital,en,Ukraine war crude oil,russia_ukraine_war,relevant,3
2022-03-03,The Russia-Ukraine War has Turned Egypt's Food Crisis into an Existential Threat to the Economy - Middle East Institute,https://news.google.com/rss/articles/CBMipwFBVV95cUxQMHBtY3o0TGlwekpPWFE3QW53UEdrNFdqcFhtVDhqc2Q0UUNtYkVmNlBUbUFRVkJrU3BfUXE2bkNVRXV2XzBlYlBNYTcxYlVxSEJ1NjZEWGthbUlwbjlvdUdjN3ZueERCdFcyM2ZLdFc2M0NtemVxWXhJYnUyR0NKRTQybGd5Tll5ZEVmWWdQTDlXZ1Y0UVZydmdXNTludldVQXhUNzg2OA?oc=5,Middle East Institute,en,Russia Ukraine war oil price,russia_ukraine_war,relevant,5
2022-03-03,A Russian oil and gas embargo is in the cards. And analysts warn it will have huge consequences - CNBC,https://news.google.com/rss/articles/CBMiqgFBVV95cUxPczBpRDNvVUlMYUxnSXZNT0VETkx1LU9CbWJycHdHclFUWTU5c3JZYng4aFlZNndLY1R1YW9BaUZSZEhSLTRXWUotSndPTjZDcFh2aUlJaXFkVWVjVk14VXFabDktTlpRSjNXT2pSLTB5WWc3bW9vZFp5VXVYVWFlOTJ4TXpWQlRwejA1SDE2aU0xalBZQjh5NnhfanMtbHVZcG40N1RJUnlIUdIBrwFBVV95cUxPZ1B1eEVYc29HSk9WajU1elNaWnppeUJnQWRYdDVibWRnaDBUU0dHQk13Yi1HaFY5Y3l4OE5hMGplYXlfTUtWWEhDTnJ0VW1fV01ZTlMzbnlBVmY0d0Q2c3MwME5mU3hWQm11N1dONWJrZGlUVXpsTWl3bjBzUzRibTFmdFFaNk80WGhfemtTU1A1WjVVcUlXNnp6WUpaYkVIYVB0NlplOHZCa2dOZjNF?oc=5,CNBC,en,Russia sanctions oil,russia_ukraine_war,relevant,5
2022-03-03,How much oil does the US get from Russia? - Al Jazeera,https://news.google.com/rss/articles/CBMiiwFBVV95cUxOM0dpNzd6NGk1N3N1dFEyVERXcGs1YTIzLXZvQVV0c3R4RWk3VTYtMlB0R3UyaGxRYnlKOHZCejRfWDY2dnoyNzRBR0FkMmtaSGdJS2RnU19nek1POWVucWNtcVdpbGVDWlZuZDVQaXIxd2ZUT2F3MnA4aXM5TjZKdEI0WW5iYkhwd2NR0gGQAUFVX3lxTE4yNzZSbnVaTFVkMFhFbEh4bWJqN3lsbEZvdVBvd29mblpoM25RV0pCZTlDdnRjekdVVV8yTlJqNFNsZk84ZWRSN0xtWWxBczNqZFpXYi10Q3pRZjFkMk5ndzNrQXI0OFVDc2FrUXhsVThoTDh4blBRVnZ3MW0wSm9yNTZWMmlRdkh2MkhaUzJNVA?oc=5,Al Jazeera,en,Russia sanctions oil,russia_ukraine_war,relevant,2
2022-03-03,How the Ukraine-Russia conflict may push up prices for Americans - CNBC,https://news.google.com/rss/articles/CBMikgFBVV95cUxPZzE5aUpHS19VeWVUVC1yZkhHNlQ0SXY5TmlhMWdKTXloUk1JYzU3MUZQXy05SXBmZWZpNjFGdXhxTGRsVENRZnFOVExUM0tlcDFWbDItWTB5aGlCMkMzX0ZwWmstdVRKc2hsWTZJMU40enJKdlNVaTBQNlVHSDhyOFZhanFQM080S2ZZSTRPaHJJQdIBlwFBVV95cUxOa3V4cUpNVDc0eUluQ1JrMGZtVWRGUjlDNHZrLVYwNzlLdDNRMEg1OEIyelJHR0w2bzg1Y3pKV0lyRm9CTnU5MjF0UWJBSTh4ZlB1dGV1S0M1MmFqeEpubkVBckxRM1lzdkNsS1EtaHVTQ3dFLXAwQzFjU21odG9FVzlvTjdjdDlhODZ4M3JuTUFLNEFrdU8w?oc=5,CNBC,en,Ukraine war crude oil,russia_ukraine_war,relevant,6
2022-03-03,Massachusetts Gas Prices Soaring Due to Russian Invasion of Ukraine - NBC Boston,https://news.google.com/rss/articles/CBMiswFBVV95cUxNMVNDa1NzY3d6TG81QVBRNlFvdERpME9mYXVxMFU4OXItUTBqSHM0UkdZWjJJZUYxdUpMU3gxcVBoeTEza2lGSVRWQjkwTjdpX0FYUjV5NjhhbjlJMjBpSVRmRnRKalB1eGtiM1V2bzVLV1A5dnlRcWlYeXczaS05TU9GUjNtLV9LazRVZmJOZDRKWF9WYmNiekNIRllUNmdzQkliRGpJRTIyRm9yTk9LVVpGUdIBuwFBVV95cUxPckpWQXliOXB1Y0NFeW94Q3JDek9TbTRFSnp6UEVNZU9tRjF1UTBjR2tpaFNEOFJPMGNRa0hPWVJPWXU0NTVQLWFqT1Z0RjBORkZqNUtnbWxYNWlYRnFKdEIxWFFtTGREVjFpYzJlbkxqUUVnZ1dHcEZCUXlRT1R5aklUXzRrY0taMVh2MjJoZk5HSEhGSE1WOXBYbms5ck91SldvUE9VLWFNV1RycDNJbm9TcWFCVWdDUklJ?oc=5,NBC Boston,en,Ukraine war crude oil,russia_ukraine_war,relevant,6
2022-03-03,Ukraine: Is India headed for an oil price shock? - BBC,https://news.google.com/rss/articles/CBMiX0FVX3lxTE1lS1hCYk1JdXRHVUlzYVpPZkZkNVdJV0dSVWp2RmFIc3E0WlRGNnJkNzk0WTc4V0NPYmFzT0NTM1JXcXROaHRjVHZaOGRqcEpwQzFUdjA3SnZ2R3NrSUk4?oc=5,BBC,en,Ukraine war crude oil,russia_ukraine_war,relevant,3
2022-03-04,How does the war in Ukraine affect oil prices? - The World Economic Forum,https://news.google.com/rss/articles/CBMijwFBVV95cUxQN0xxMEtRNFRZTTNZNjNiZlBRSlg1a3E4eXFyU2ROMmZBN3BpOHpFand2VDlXWmE2OWJvdW1TQThNUHRaclh3N1Q2MDFLLXFoTGRsRnV2VUJyZUp5eGh6N29TZ0Y5dmpvR0VlWTRnTEVEbVBRSVZjUnJabnlkdl82ZzhyeDlRbEJTUnZ0V0ROYw?oc=5,The World Economic Forum,en,Russia Ukraine war oil price,russia_ukraine_war,relevant,3
2022-03-04,Crude oil prices rise above $100 per barrel after Russia’s further invasion into Ukraine - U.S. Energy Information Administration (EIA) (.gov),https://news.google.com/rss/articles/CBMiY0FVX3lxTE1jS3NSOFN3TWk0dUVSZXJFLUJ4MGJMRkEwYWtEWlVSaE5OVXJMWllrTjV3UVFPa3hsb1E0U05SalJON1dDMXhyam5hcmRQQlRQaWc0dTVhR2JXVlhoRS1MVVJ4dw?oc=5,U.S. Energy Information Administration (EIA) (.gov),en,Russia Ukraine war oil price,russia_ukraine_war,relevant,6
2022-03-04,Regular gas prices in California exceed $5 a gallon for 1st time ever as Russian attacks on Ukraine continue - ABC7 Eyewitness News,https://news.google.com/rss/articles/CBMifEFVX3lxTFA3SFc4Mk1HTGpEdXFsVklrZXdIUXNqamtxRDhvN2JkODF5UWJwWjVqWFYzMmdYeHhhdmhDaUFNUUt3YU9jWVEzTFdlS3VINGF5SGxwLXBmREZBUFJVV1VOT19hYkY3ZWNtM0N6Z1NGQU1tbEMtQzlsN0lyS3LSAYIBQVVfeXFMTlpOc1ZHQXRxSnQwWi1jWUx2MWxhUmdtRnJqSjZfejlwMTBjbXVRdzZOZTQya3hKSEpNeEk1eGxWNFdjWGJYS3RVXzFreEk3TVBNdTl4SUFOMEd0bkhud2pRTzBHeGhWam9tNlI2Zy0yRDBrcXBzUU8xTndEdEt1RDNXUQ?oc=5,ABC7 Eyewitness News,en,Russia Ukraine war oil price,russia_ukraine_war,relevant,3
2022-03-04,How soaring oil prices caused by the Russian invasion will be felt in the Middle East - Middle East Eye,https://news.google.com/rss/articles/CBMimAFBVV95cUxNVElENlVRZXhsdmd0dDFkUjNibzhkeGNFMXVXYlZKdktxMHo2QVRNUGl2Zi1KTUlqR01uSW1tSUpScDhvM25xZ3llUnU0ZUxVZS0xdXU1MUNSTndFVTZhSG8ya015MUk3Zm9fam5Oci1iTGVhQU9uQm5KU2xiOVpSS01HS1EwaHplZEVLSG1OLTdSUE5JOFZpTQ?oc=5,Middle East Eye,en,Russia Ukraine war oil price,russia_ukraine_war,relevant,8
2022-03-04,How will the war in Ukraine affect Gulf oil producers? - Middle East Institute,https://news.google.com/rss/articles/CBMigAFBVV95cUxQb2E3ZUJWQ0NEeDdhN1dIdlk0bUp1ZDZldGJvVVlhOVIyRnRUdlZIbFM1NjFFRnJucjNNU0FGRGc3a1RCTDJqMW5rVVlGMk93OWxnbGstbTF0aWRCaHVLS3IweHZQb0NURmlYNUc4QThkNXp2cTV2TkdKYmNTcTBsVQ?oc=5,Middle East Institute,en,Ukraine war crude oil,russia_ukraine_war,relevant,5
2022-03-04,Oil surges to multi-year highs as Russian supply shortfall looms - Reuters,https://news.google.com/rss/articles/CBMitgFBVV95cUxPczFGRlVlXzRsczBIQXRlNkN6TENWeXJXYm9Qa3hJNDg4NTM3WlJ3Skp3NFhCV3ltdFFyOE5tM0FDVk5kOGh0V3BGclpqRk9ZOTZFUDZ3a0xXMjFmb3JkTXJRWkJtTFdtNHJGSEdkQlpSZDQ3NldBUG1ObE1Rd01nTGpjc2dMQUdteVVmUEctZjd6eU1ELThOSkRpTm5aeHVjSXpZMFBxS0hGcFZWdHNvemVQMU1QUQ?oc=5,Reuters,en,Ukraine war crude oil,russia_ukraine_war,relevant,3
2022-03-04,Saudi Arabia Hikes Oil Prices as Crude Surges on Ukraine War - Bloomberg.com,https://news.google.com/rss/articles/CBMiswFBVV95cUxNcjNGSUNmUFNRbmxhZ2xXajhmVGl4WUo1VERpNGRjQ091OUVtS25MYkJYRUMxeGF1VlJCX0xvMlpIXzBScjNGSDJhMV8xbnIwZGEwTmZqRlV6VENXTU1UYS10X01EZ3J0RTNZQ3NiS25ieHFlN216QldzLTllRnprWFJySXdPY2FyTkFhdGRSSUdjSUJSWjZTUlNsWlRONTF3Z3pxUkV0S2d2dnZreG9NdTM3QQ?oc=5,Bloomberg.com,en,Ukraine war crude oil,russia_ukraine_war,relevant,3
2022-03-06,"Whatever His Motives, Putin’s War in Ukraine Is Fueled by Oil and Gas - Inside Climate News",https://news.google.com/rss/articles/CBMijAFBVV95cUxORTFsT2xwcWJ0cGxjUmsydEJKOWkwRHJCNWl3dW1SM1NmN1diVkxVdXlENG1WMDRRWTJ4dk1ibFdzNEJUempvRG5iM3NXRlRqb3U3ZjRHWmFfTndmZHR5T1YtRW96S0RncW4zQTYwMWlsRXEyZ1NkVlg2cnRLS3FSTWg3Z1ktaDVLX0FXdA?oc=5,Inside Climate News,en,Russia Ukraine war oil price,russia_ukraine_war,relevant,3
2022-03-06,The effect of war on food prices - BBC,https://news.google.com/rss/articles/CBMiWEFVX3lxTFAtRVBiSF9XRDRWOXdIVWhmZU1WMVFCeGF6by03VzN2UGZQMGhPNTBCX2JjTkhwcHMwR05HMXh3bTdQOVZHY2V5SThmMUpQVUZMR2xCbG5DT0Y?oc=5,BBC,en,Russia Ukraine war oil price,russia_ukraine_war,relevant,3
2022-03-06,Shell defends 'difficult' decision to buy Russian crude oil - BBC,https://news.google.com/rss/articles/CBMiVEFVX3lxTE9DZmhZWUR5bHRHSC1PTkFjMHBtMjJjQzRBelFsSFlmVG0weFdfcDVURnJrQkhyN0xhNEh5bkJtY0hXZ0I1MzNJT2pWRUhVVTV5WDVtRA?oc=5,BBC,en,Ukraine war crude oil,russia_ukraine_war,relevant,3
2022-03-07,"Oil prices soar, stocks tank as Russia-Ukraine war rages - Al Jazeera",https://news.google.com/rss/articles/CBMilwFBVV95cUxQb1V0VkFQYzE5Z1ZibW45d04xMW5mdmJtbzk2NjNUeWJuN09KZnRVTjQ0N0pvM1M1YnZKUGZFTGVkTjR5OXBLeC1TU2NybEZ1UzFzMDhaX1BxN001eHdmekpfZEt2cVZZMXVuVDZ0OEpVTG8yNDY2QjRMM09yUzBIUGoxSWtHZkJYbnN6MnQtZ3RTS2h6MWZR0gGcAUFVX3lxTE1TczlMamlSVWF5NEpqQ3A0V1hvRUZPVDhGTDhrUGpFQXc4OEZpOUdIaWNPUGx6UGFwTmVoajVmM1otZDkxOWczdm9lbkZVWGFPamN5QkNOc0RIR1F2ajY1WFRDVzFQYkxxM0hpSVk2alRtWExBVkhLWDViZTR5Z09sZG9qbHF3WDlxT3VERjA3Zi1xZmdWdC16b2tELQ?oc=5,Al Jazeera,en,Russia Ukraine war oil price,russia_ukraine_war,relevant,3
2022-03-07,How the Ukraine-Russia Conflict Will Raise the Price of Snack Foods - Time Magazine,https://news.google.com/rss/articles/CBMiZEFVX3lxTE04OF9EWFdNVm5QWnc2ZEtlSG1aYmN2MGt1X00tYWRySlVKb1RVM0VQVlVISzdJc2F4TG1WV2x2RGFhdXlPSlBsQ0psVHhfQjA3Q2gxX3RJci1wNUhFaWxkSWZFN2M?oc=5,Time Magazine,en,Russia Ukraine war oil price,russia_ukraine_war,relevant,6
2022-03-07,Five ways the Ukraine war could push up prices - BBC,https://news.google.com/rss/articles/CBMiVEFVX3lxTE9xTUI0bVBkQ3Bfa015M3B6Wi1zdmVjbGdrZG02d2Y4alFKeVNDUlZhWlRfaXVNMEx3UGFONm82cjRyR1lhb1hTVnRmcHdUUkVFcmZRdg?oc=5,BBC,en,Russia Ukraine war oil price,russia_ukraine_war,relevant,3
2022-03-07,U.S. gas prices spike as calls to ban Russian oil continue - PBS,https://news.google.com/rss/articles/CBMimgFBVV95cUxNSWFSRlJoMFJJVUxLSmdGMF9yNjZZUXZpa3dXSlBjdzl3OHBEX0g0dUZTdTkxbHNndVgyX09QUi1MRVNmei1SNGdFZlEzRXlUck5SeFpvR0NQSjFjYk9TZkZFYmtUUW5nVEd6emVKOU1RekVXVlpGU1RONnRULU00SEFUcnI1cFR4R2JycG12TmNpQWJ4UjBRbkh30gGfAUFVX3lxTFBjTFNwOElFbDN3T3p6cDl5cHRGMXlnS1NaajYxZ1NaOG05aFR2ZkhIYW8zLXBvZG5pT1Z1b0ZreEwzcXRVR0NJTDd2amNEVWZHS2NjRnVpQkhwaWNzQWtYOG5lbERUMHpONFQ4OGwyUlVBVlZKOTNfRVVPd2tUajA2M3BKb1JaRHAxTUw5eFdRd2paQ3FaRUlfYkxzeGlCbw?oc=5,PBS,en,Russia Ukraine war oil price,russia_ukraine_war,relevant,3
2022-03-07,Russia-Ukraine war: Oil price highest since 2008 over Moscow supply fears - Middle East Eye,https://news.google.com/rss/articles/CBMikwFBVV95cUxNbDdCTFg4eTl6SDFMR3g4NGhiVk5lUnNUNElFTGtkZFNrVU83QmN3ZTZSV0N2VDdtemdfMW5OUjhuRkt0U0tWYXozOE9QOTJ4dTM0eU10OU56MFJnbVl5RW9yTDYzVUhSVUJrSXlfZU9IS2tkeWQxLWViOW43OElrandXb0Y2NkNCS2cxNmVUeUlYODQ?oc=5,Middle East Eye,en,Russia Ukraine war oil price,russia_ukraine_war,relevant,5
2022-03-07,How rising oil prices make gasoline more expensive - marketplace.org,https://news.google.com/rss/articles/CBMimwFBVV95cUxQT3hkXzNUalhBZVBGNlRONEMwTGdjVXlvTmpBbno4aC1YWUR1bUozYkZYaE5vTGJENXZ2SW9oMldmN2FONmZ1TUZiZkxMbEZzQThfYW1DbnRHTXdXRDhtakwzNGxCeWpuMDVjd3FFT2pNR0R3aGd4UlNKWGgwZDJ4YlhoUjJHN0o5LW5KLV9lZGVzYU85MWlVTHp3aw?oc=5,marketplace.org,en,Russia Ukraine war oil price,russia_ukraine_war,relevant,3
2022-03-07,Can Arab oil save us from higher prices? - dw.com,https://news.google.com/rss/articles/CBMikwFBVV95cUxNdmpkMDBfd1I2dTRzT3kyekNsWXZBU2xXYlgzYzQ1MWJGc1VJeHJuNW0tSDJTWDBqbWUxR1VFZjVTSG5NcEtmSVprSEdiVzJaVzVWUlBpajljUXJTYXg4UjNZNlFUOHVwbHo4TGRxRlIzSnlzY2dDZVpiRUtlZkpwVklUOGxyOHBwQlY5TXJ0T2dEVTjSAZMBQVVfeXFMTTBXd011MGRWbTZBdnBTbFVNZlhOR2xyR0xpU3AtQ21BaHhpTGNkMFh2VU9IdHF4SV9PTDZXSTY3QnJUUnZ4a29WWjhHRDZfbi0yTUlvRzE3cnJ3Y1NybDBZLVdEdW1KalB3SGxjUDdMbmpXa0lUZ0pTLU9sT2VjS0E1QmJ3cnFTaFFVOWlncFVrdFBr?oc=5,dw.com,en,Russia Ukraine war oil price,russia_ukraine_war,relevant,3
2022-03-07,U.S. Weighs Russian Oil Ban as Gas Prices Surge and Ukraine War Grows (Published 2022) - The New York Times,https://news.google.com/rss/articles/CBMifEFVX3lxTE9JOVhPYmduMWxHc2xMVmNzVGJOeW1RNGdLWWtyS1ZxU1h0eEEyZXVkbGpHVmVRX2pmWjZmcFZic0lhUWVzRkZPczlKMHFIbGxxZktneHRvQVZpUmNMMThLRlRqSWFtZ20zTHJoVlZtX0VNSjRGZ1NzakFuaHo?oc=5,The New York Times,en,Russia Ukraine war oil price,russia_ukraine_war,relevant,3
2022-03-07,U.S. Gas Prices Near All-Time High As Ukraine War Threatens Energy Market - Forbes,https://news.google.com/rss/articles/CBMiwwFBVV95cUxOUVpaNWpacHhyakM0WV9zV1UwNUcxR2x4UFhpOTh4NHNoTHUwZ0x3ZHYzbE1DSWtlSkU5NmhJSXFTTWViRnZXMmJBYWowSzNSTnNCSkVSbDF6NlYydDFCVmZYSmM4MkUzTkl3YnRYT3p5WWRDSVRacEZTc3g2X3VjeHRpVERLdWVMWGUzSFZ5SzZZSU1KTmxua3QzU3RkTXJONkx3M3dxS3ZhMFl1TUhRN01MMjNHRVdUZEIxeG90RDBrRHc?oc=5,Forbes,en,Russia Ukraine war oil price,russia_ukraine_war,relevant,3
2022-03-07,"Ukraine war: how Ghana is vulnerable, and what can be done - The Conversation",https://news.google.com/rss/articles/CBMilgFBVV95cUxPRks3OEdKclk2LTBjQU1KWW5vVjVrX0hJTjFYQlQ4SDZaY09XUDJtdGJRRi1nM1dSd0JacHo4bW9wYjJmeTN4ck9TRkFSYWREY0E4WDhLc25BcHlvaFY3djhEdEhBZ3Nha3NiZnJiWThYSXNtQU5wbW1iZ0h1UTRjVUdRellkWXdyWTdtNEVjZzlEeVJfTFE?oc=5,The Conversation,en,Russia Ukraine war oil price,russia_ukraine_war,relevant,3
2022-03-07,West feeling impact of Russia sanctions too as oil and gas prices soar - The Guardian,https://news.google.com/rss/articles/CBMijgFBVV95cUxPRVVLMURvMnV0XzhWX0JCckdIcnpJc2k4aFJmX1ZDMEplNjdLR1cwZG9NWjA2STZ4SXc2TTR1SV9MRXJzNHo1SGFfdGlKc0pwdWxGYXJ3ZGdSV0hrdnMtY3RMcGZRSjFhTlo3VEo2bXNCLTNPaU5rU2JGejNCZ0JJcnBXQ2lhSmlzMDRVLXpn?oc=5,The Guardian,en,Russia sanctions oil,russia_ukraine_war,relevant,2
2022-03-07,Ukraine conflict: Petrol at fresh record as oil and gas prices soar - BBC,https://news.google.com/rss/articles/CBMiVEFVX3lxTE9wa1h6RUtHazN4NC1PVklVQnY3YXpJd0YzVUNNbFExNThyWHNqUkdWVWZqdWtxY1ExempfaXhVUHhaNUdWX09XMmRrdl92a2Rpb0pCYw?oc=5,BBC,en,Ukraine war crude oil,russia_ukraine_war,relevant,6
2022-03-07,Ukraine war threatens Kazakh oil exports - Eurasianet,https://news.google.com/rss/articles/CBMicEFVX3lxTE1MY2FNdU5nU3BJZ0RQdmhIQjY1VUFGLURXOGdfaHFONXlONmEzTDJvZkVvcHhQZGhVckdEZzRGZXZKS1FCRlhUU2xzRzZwMXVudU5RakRuZVBQUUNzRWxFWGNMbFVmWU1KbnhBYXhDVHQ?oc=5,Eurasianet,en,Ukraine war crude oil,russia_ukraine_war,relevant,3
2022-03-07,How the war in Ukraine is fueling sky-high gas prices - marketplace.org,https://news.google.com/rss/articles/CBMiigFBVV95cUxPZk9HSlhNVjllb1Q1TS1uUGJQV0xkdG0xZWp6M3BnenBQVWtyNFRtQ0hFVnFuMjJSLWNaS3E2d080VGJxYVd6SWhHU3NWbXdlNWM4bDBQeXRwWlJUd3Q5U0djTHh1dmpPeVhsVnNvZWpna1FVZjNuV2hMMDdZVFVzRmpzSDhtRm5kZWc?oc=5,marketplace.org,en,Ukraine war crude oil,russia_ukraine_war,relevant,3
2022-03-08,Watch Vakhshouri: Higher Oil Prices Due to Russia-Ukraine War - Bloomberg.com,https://news.google.com/rss/articles/CBMirgFBVV95cUxPWE9EaF83bFp3NGxnRjFFTzN5YWREX0htVWZFX2oxVzRDTHlyYUxyWlJYMG96cFY3WnFSZ2VNNFp3d3dRbUNKZk1jR3lyOWlaYzFhOUVtNkF2T1N3NjNkeFIyN0NDREY3V2dUME1kU3RZbWxvU0N6Rm1YZUNTaGJZQmFZUVA5OUc1bkd1THNtcDk1VFJjVVFsVzdnbkFiU0EwZUNpcG12U2xHenJiMGc?oc=5,Bloomberg.com,en,Russia Ukraine war oil price,russia_ukraine_war,relevant,3
2022-03-08,Fuel prices are at record levels — and they're likely to go much higher - Australian Broadcasting Corporation,https://news.google.com/rss/articles/CBMingFBVV95cUxQQ25UNlhfVFhKdUVnR2hkdzI5Vmw4WXZMb2hRcjZ1TlJUWXc1NzhLVGY3ZzF6bGNJN2VoWkdGeGN0NDJhV1JES1JCUTFXcDdJZXlmVnRMUWw3WlRCaG9lTF9tZ3BvM2UzcHdXZ3I4SHhZc05ab1BUUTNfVmV1TWxKT2lxeTlkV3FzRGJOeUswU0ZLemluRlNGZDBTTEFnZw?oc=5,Australian Broadcasting Corporation,en,Russia Ukraine war oil price,russia_ukraine_war,relevant,3
2022-03-08,War in Ukraine: Russia says it may cut gas supplies if oil ban goes ahead - BBC,https://news.google.com/rss/articles/CBMiVEFVX3lxTE8wb1JZUVZhaTRSdVYyYnZiZERyTzFWZUQtaVV1dmlWQ2VUVDdUdFIwR0lIbXlkZVNXR2FSSE9OOVk1cjEzeUJTNXM0aWFDSFpXYUZFSg?oc=5,BBC,en,Russia Ukraine war oil price,russia_ukraine_war,relevant,3
2022-03-08,Biden announces Russian oil import ban and warns gas prices could increase even more - NPR,https://news.google.com/rss/articles/CBMiekFVX3lxTE1OTm1xRmZIa3Ryd2dkYWt0RlowTUZid3hwRC1leEZWNWtIZnBBbmZrN2gxX2poNU0wdVZUaktWSElXRjhVeVdTSFNrd0FrZ2wzOTR2ZXkyb1pwMkZIREdLcEVaQWhGbE1ZYWhaQ00yZVB3WHBxT2kxZmF3?oc=5,NPR,en,Russia sanctions oil,russia_ukraine_war,relevant,5
2022-03-08,What will a U.S. ban on Russian oil accomplish? - PBS,https://news.google.com/rss/articles/CBMihwFBVV95cUxQY0ItMDlqNlp3WjBxaUhMOFpKckRaZURBLXZQM1RwRWRqaTZmaVJ0Z0NuRnh6QUFLai1mV2FoQVVRYW5nNU1IZDRzN1N1TU94cUxrVVJxWUE3aVJiR09kNDcxRm5RREdrN1IxLXk4dXNRVndCV2ZXblk2WFk2YkxZWXh2aEpZQlXSAYwBQVVfeXFMTllqZVBXVHRKamNqc1FzOTZfZFdFTl9IVXhEUXFqMXlxenVoQ25hdl9XazVUcG5nZ3lnaDJEZTJrazF2MzREZEM3RVFyWDJKaVBZQTRNU2otVlVheDh1S3p1V3V0M0ZwNVlOZUNBSFZJY3pwQlBsUnRhU0xuOEpwWWdaaHBUZVJ4Z3BpbmE?oc=5,PBS,en,Russia sanctions oil,russia_ukraine_war,relevant,2
2022-03-08,War in Ukraine: West hits Russia with oil bans and gas curbs - BBC,https://news.google.com/rss/articles/CBMiXkFVX3lxTFBqSDRwQV9YVGRINlhkZlF2SU45YmlkNzU1NFFkYUtmSThSSmUySEotYU5HY2hrYmN1eTMwbUx1anptcE9xUFZ3ZnBsWXN2bnpvN21QOTJnOEtwRzVqbWc?oc=5,BBC,en,Russia sanctions oil,russia_ukraine_war,relevant,5
2022-03-08,Biden announces ban imports of Russian oil because of Moscow’s war on Ukraine - Houston Public Media,https://news.google.com/rss/articles/CBMi7wFBVV95cUxPQi1qc0xWaEJhbTZJbFFGaGVFdE9sb3Q4YmJpZWMwUzItTnFXTDQ4VXh6OWprUEdnWkt2WW92cm1aemNQZ0JnRUZWbzB0MUhOUUJoY2FzMjlxWklJQXEzRlpZc19nNkREU05KSlpySTlYaXEzVUxYRldOQ2xucmF0SS1QM3ZJWFBYdXp0dlI5dWNDSEt4VHV1am5fSTNDdi03VnlWRE1DbXlZOVA5dTRhUGhXaWk5MV9EeERxaE1TekJVS2hCZi1sSk5XOC1QWDFiSGVxQ2l0NVN2T2oxWG9odVBvYUtWZW16dFJ4anY0VdIB9wFBVV95cUxNTGhyVm13TVRBb2Z0S1dlRVUwSUlpc19keHBRd09pYnBwUUpaNFRLS1p4ZG1BR1NiVlg0bjlybkZvN0J4ZEMtU0x6NzhSaFMzby1zSkx1bk5aOTNQTi1BYXl2QXR4Q1ZJRThCclBIMHZqUWNkYVRDV3FHOTF2U2FoMC1lRmhGWHVEODJIcTM5TlhNblpYSExSQWlqQ1N5VFU0Z24wMGFPNzBnYnVSUE5sQjViX25QY1JCeGRWa0F2anJIWFRMb0tyVjJMem1KOXZYTnpyLWNaNXkzNjh1cjVyZnByMldnelEyLTFKYXNwTFkxNERQNWU0?oc=5,Houston Public Media,en,Russia sanctions oil,russia_ukraine_war,relevant,5
2022-03-08,"Shell to stop buying Russian crude oil, gas over Ukraine invasion - Al Jazeera",https://news.google.com/rss/articles/CBMilAFBVV95cUxPQWhWUmxrYkFqNjVNRUI5dkFBRkJ3U3Q4NWxHUmc2cDF4bEFvcUNhRUhnelNkUEZCcElVbjdkdTg5Y3l6dng2UklubGY2S0NsQWctQnZSaV9YMm5FSEVFV24xNEZGbVQ2Z09kdnRNWllQS3pSakgtbndVVDd4RDFZbWItYlFwb0ljZnk4Tk5iUkM4NlRY0gGaAUFVX3lxTE1qNnhQZ0dNVVhQZUpXVlFDcDZyMFZPUnZTSTNkQzlPTXNHUGRoVlFnRWFNTG5GMFZHM2tSVmtWT3VWZ2tnQUJhUENZMmlTV3NyOGhvSmNrWlRPZkR6cmxob29DbGZYVVd1SUFYQVhBYjgyWGhDMzNDTDl0MW4tUGo5c1ppY1I2MFVNdk5fUXpPckYyVmZ6U0EzUkE?oc=5,Al Jazeera,en,Ukraine war crude oil,russia_ukraine_war,relevant,6
2022-03-08,Russia-Ukraine war: Biden bans US imports of Russian oil and gas - Al Jazeera,https://news.google.com/rss/articles/CBMipgFBVV95cUxNOHZtZVhKVEFFY3ByVkFSdkZVNGlWb1hXVkM2UWNNaWZvQjRacTZLRUJGNk1xUzl3RFFHNXE2ZXFBWnlQZXFfR0RZQXhsUWQtZjJmUmw3b3ctUGVSZm5tYTVKVFpZaFV5ZERIU0tQZE5LcWo5OTZIbUxwV3hSQ2RNTzJlajNHVjVnSWNOS2RONzA3Z1hxb3hicEpmREc1am5BU0JMdVVn0gGrAUFVX3lxTE1GaGkxQTZTZ0tzNS02ZFJpTkUzYXR3czJqTnNFaE5iNUlxa3ZZU3N4bVFwUHJzWGEwRzhjZG52Q1RzQW1aTThqZ0dHUmREWWwzQlRJZmlIZ1JJeTEwSThoSHgwMWZyNWJvSHVZeU1ONFNTSzZRMEVjNVdsNllRSUNYcTM5UHl4dzU5NDZYREZRV1VnNkNtR2NScm9VUEJXeDZSTlpBWGJjT1N2UQ?oc=5,Al Jazeera,en,Ukraine war crude oil,russia_ukraine_war,relevant,3
2022-03-08,"Shell apologizes for buying Russian oil, says it will halt operations in Russia - Inquirer.com",https://news.google.com/rss/articles/CBMilwFBVV95cUxNZFhqN2NzcmhMell2OGtyNi1lS3lYX2FLb1hic0U2M2ZuM21rbGFpU3Jvb0ZteTRKRWtpTVdfLUlEbXVCYjRzUzVubF9ReHJiZFVXVzV5eGIyRVB3a2pOZDZJcjFCcVJNd3VzZ1VwWFpfaC1xT0EyXzU5cW5wd2gyYTlMdllkNjl4NklRMWh6emNLYmVtcGlJ?oc=5,Inquirer.com,en,Ukraine war crude oil,russia_ukraine_war,relevant,3
2022-03-08,U.S. Bans Russian Oil (Published 2022) - The New York Times,https://news.google.com/rss/articles/CBMijAFBVV95cUxPODlraXFkZlZTVm0wbVg2bE1TZGJnZUl3VER4blU1V0lOMmJlYVVpNlBIZC10M2pLWWEtN0VjQ24yZ0xQM3dtem93c1RleG5DamU0ZG5aRzJrNGIwT1JtX0NqNU5mWEZ0S25GLUlYNDRMWmZEWTdGbDlySmM4YUZOTE1HTzdZdzZyLXBVdg?oc=5,The New York Times,en,Ukraine war crude oil,russia_ukraine_war,relevant,3
2022-03-08,Shell sorry and pledges to stop buying Russian oil - BBC,https://news.google.com/rss/articles/CBMiVEFVX3lxTE9ZSkttaGxtcV9UdzdwRlZSUE1zczRUVVJ1SXl4QVFLRWRMTU9KYXByV1NHem5nYVNxOWVpUDQwdGlXVnpfV1ROU3lQci1ZYl9CNThhbA?oc=5,BBC,en,Ukraine war crude oil,russia_ukraine_war,relevant,3
2022-03-09,"Beyond oil, natural gas, and wheat: The commodity shock of Russia-Ukraine crisis - Atlantic Council",https://news.google.com/rss/articles/CBMiygFBVV95cUxQdHE5Sm1mTmtadjhCQjdnT3U2QjRHcXN6a3o5OVpfcnpaeVN3VVVpYTVxRVhYQkFxYUxIWUE4TGxVRDZpeTl4TVYzZXQxOVZOY25nVEZkaTVVRF9iYWhRM29wWWRwd3gyQnJuR2tFWEhqWUZzNUZKNEJ5LVlTWUJ0QmZibUpOSFZDX2staEF4blNFNG43enlYM3hfZnc4YUFxanhVOFlmMy0zeTRUZ3pVVU1qSlRxQmh4dnRrQVU4SjE4T2ctV3BOWVFB?oc=5,Atlantic Council,en,Russia Ukraine war oil price,russia_ukraine_war,relevant,3
2022-03-09,US bans Russian oil: What is next for oil and gas prices? - Al Jazeera,https://news.google.com/rss/articles/CBMimgFBVV95cUxNNnQ2Y1dFRnRmY1dBRkNhdTRCcWEwaXhhTmNrZE41cFg2MDhpMkFxb2NxdDJyZ09MM2d1Nk84Q1BUeUtkM1NlLVphemx2YWdZOGdWS0RmcExfUFJLcHhHVlRuSE5PdHRxQzVtMmJsTm5iZWtreVd1YjNUaDYyTVRFY1BtdUhhaGZSdWFsMDQ2N2lXSW9CWEhVSW1R0gGfAUFVX3lxTE9HVmNOQmdFc2l1VGtQTWJFZ1pvV3RmRkp6aGJ2aUtIeG5LaGdraFk2RDVtcW4tSm50SXBtVHNOUmplbGs1TUQ3T1VncjFSVV9qRWtHekVxaU9YcFRveG94QWhqVDFLYjNLdG5XSWRLeDZWazJTTnI1QWRxYnp4emdFbVdfYVlrR0p4cG45YVB1ZkUzMHEyNFRsZWlQZVdLRQ?oc=5,Al Jazeera,en,Russia Ukraine war oil price,russia_ukraine_war,relevant,3
2022-03-09,"The US is banning Russian oil imports, but an embargo that includes European allies would have more impact - The Conversation",https://news.google.com/rss/articles/CBMi1wFBVV95cUxObmpCckQyQUZ1YXRfSGcxZENkb2FQS0MtN2k2ckE3Z3ZKSUdRTEYyWFF0c0UyQWZTcDdBblJpN2xhM0JZVG9OOEFkUWgwbVFCMGFTMmc4TjNxbDE4UU9oaWFFMW1sSGdVME53NzcwQWFhWGgweWRIbVBXM29pV0RXOW5oVThHTnAxWlN0bDh6bVdDTVdfYUtEc3docXVKVl9RZ3p3NGViUmVxdFNQT1JhbDgtdHRMb2dnSDZMdzI5VGdOY3RjVGVPY0ZaUXRjMUVlTFpvWmc5VQ?oc=5,The Conversation,en,Russia sanctions oil,russia_ukraine_war,relevant,2
2022-03-09,"US Sanctions Target Russia’s Energy Sector and Ban Imports of Russian Oil, LNG, and Coal as Enforcement Efforts Increase and Agencies Consider Cryptocurrency and Other Digital Assets - Hunton Andrews Kurth LLP",https://news.google.com/rss/articles/CBMi6wFBVV95cUxOVTBEdVAxZzc2anNoYjJGcmJuT0xvRFZwdXhjbHBwTnlIRUhBeGJqRWpoMkNYZ1dLMG1XdjZlaFRra25fWjdHV00tcFc3Q0p1eXNfYjFKSUY2UENPY0VkM2ZMX3ZJX0dDWGc0ZUJGb2V6SlBjLU9qc2dDeWNIZXZvZ2UxMDkwRWR1MmxKbFE4Uk1XYTRIYTVRTnYwdXkwV25qMV92anVvLWw4QnRMbjFBcmZJVGp6cG1kbm9sZ2g5bUdCQk5MSnk0NzAxWEpNOEFMeTlnd3ZyLXBvaGRvelhMMDNBbElpTWlFSFA4?oc=5,Hunton Andrews Kurth LLP,en,Russia sanctions oil,russia_ukraine_war,relevant,2
2022-03-10,What’s next for oil and gas prices as sanctions on Russia intensify - J.P. Morgan,https://news.google.com/rss/articles/CBMiiwFBVV95cUxOV3k5NHFhLXJNVzA2YWZTa1JwdlRPOXU5NHF0Z1Buak82SWk1S181YjZMdVAyT1p0N2xxS3JXM2RxbjE1cmtSTi1WTFJQbW13bUluU0hiMWo0MVFXOHdhQUZrZkZ3UzRpWXpRYy0zYjlQanBDNGRoZEs3NEtmM2tLTlVmZkxUYnZRVjZ3?oc=5,J.P. Morgan,en,Russia Ukraine war oil price,russia_ukraine_war,relevant,5
2022-03-10,Russia-Ukraine Conflict: Implications for Investors and Businesses in Vietnam - Geopolitical Monitor,https://news.google.com/rss/articles/CBMiswFBVV95cUxQYjBvUXZKRzB5ZHdlaG5OaU0zbXFYcXA5bXJHZW9NXzBiRWV5X0VsUGVIUEdTb3l0Xzd4Qm8yQUw2Z05CbkUxM19TMFlzbl83V19OcTl2T05hU3FTRWRkNnV2OFIwazRvTktzdFM4VmhPSGh3Z05rWmV0TzRQeDh5R25BaW5jaEJ0a0pTUXF5WGZnaWVBMnhnSkJJSVF1MzdlVVR2V3lyd0JaNDBuRU9jal9QMA?oc=5,Geopolitical Monitor,en,Russia Ukraine war oil price,russia_ukraine_war,relevant,6
2022-03-10,Russia: We have enough oil and gas buyers even with sanctions - Al Jazeera,https://news.google.com/rss/articles/CBMipwFBVV95cUxPN2NQSFFVLU5GSUIyWFRRZGlidUhKM0RmYlZtUUV0V3REOW53UnVRcnZxeFJJNXQwU0o1T3JhLXJRRWFqQzJHZVBnczBhTlF2UlVRY0R0dWpWNERGOWhXV0lrV3dEWVh4NGlLQ2dlMWl5cFNYVEgzc0hUSnFVWnNPNnJSU29GZmNoallyS2E2V2tTUFluOTFDTXY0LXgyOGd4ZnNOeHpoMNIBrAFBVV95cUxNYTI3bDh1UnZkdElSc2Rkc2tQRkYtNEVfRF9fdmFFa2Z0cENDNVczTEJ2SzJIMWJ0SXVjUnJMdHVrbU13WW53Ym4wYjNSVHZnWi0xdXphdlgxdzl2LVBrd3B4aGprZ1ZNeVp4QVJiaGJjeHdUUDhXQ2NEdVd5NWdnei1VX1h3YUhIRzkzcTg1RlN3U0ZmRmo2ZGluNmJmVkxPcUhrcFlpSngydDlQ?oc=5,Al Jazeera,en,Russia sanctions oil,russia_ukraine_war,relevant,2
2022-03-10,Russia’s War Is Raising Gas Prices and Roiling Financial Markets (Published 2022) - The New York Times,https://news.google.com/rss/articles/CBMihAFBVV95cUxPYXkyRE13SzJ3bVUtREIyV3QtMWthUVg2aVNqU25hLVFyTi04b2piLUtLbWx5OXpfbEIyMXNSYzduczFvRURreU5kMW1yTndRbWdLTDd3T2Nmd21vMkhuWGpuVUJ4a1o5clgwclQwTmhocTltdXphSzNiT1J3c0dBa1pIQjg?oc=5,The New York Times,en,Ukraine war crude oil,russia_ukraine_war,relevant,3
2022-03-10,Infographic: How much of your country’s oil comes from Russia? - Al Jazeera,https://news.google.com/rss/articles/CBMisgFBVV95cUxOMWJwQlVSdWNOMGRzaGh4cEtuWnVaVXMwdUVZazRBN2c5eEpid0NLVnlmWDhSdVZpT3NrazZlbzdoUW1YTHJ1SXdGb0FZYkFuSjA3MTRIanY5T3A2LXZVbDdkQTNzdUlDZVEwb3E0NnlfWlJzdEc4dXVwVm9zOVNOaW83WGtQUXhra09zS3RrTFd2ZVdNM0huMFpjUklzVEZlWmlqZHRVd2ZlSlktSXVjSHJ30gG3AUFVX3lxTE5EbTk1UDV5a1FpWFJOMmd0b0lBRWdUREFrWTdHa2Y4QS1aU05NWDhNNXNGSXlLbDIyZDhmMk9sUXc3VUgxTW5oNDljdEVreS1idVdaalB6aURzMTZfRmhYZEdxV1ZJcjc2V2dmYWtqWjlSYnpSdXIwQnhtNUVXM0t4Q0ZFblRwVlpWcFQ4VjN1amJMV0RXZ3g5TmhVczgxS1hVcXpydU5zNUVVbUxNTzNwQjZnVGRndw?oc=5,Al Jazeera,en,Ukraine war crude oil,russia_ukraine_war,relevant,3
2022-03-11,"Russia’s attack: Ukraine war turns into a perilous global economic conflict - University of California, Berkeley",https://news.google.com/rss/articles/CBMisAFBVV95cUxPeWdhSmY3cVhqZnRMXzhjUEctY2FnbXdQa0N4bFMxUWg0RF9CYkJmQk5ldDM1MEEzWDlXNmJwTnpHOUZSZnBhU0ZWX2lHWk5WZm01bS1KRF9JeTJqOWxFRG1HQjNTTXlyM19ISDU1QlE3Q0QwdjZHSk8wdVI4WFl5SmtJcXM1MXQ3eFFRczR5ZV9XRDFFWlBSXzZHd2N1MW1CbU1BTG8zamRfb0hNbHdDTQ?oc=5,"University of California, Berkeley",en,Russia Ukraine war oil price,russia_ukraine_war,relevant,6
2022-03-11,"Ukraine war: More countries will ‘feel the burn’ as food and energy price rises fuel hunger, warns WFP - UN World Food Programme",https://news.google.com/rss/articles/CBMiuwFBVV95cUxQUmtrRUQ3UkE2dE9PZEU0a2FBYzhHbzFfTm1VY3B3T1hzZGQ0djlKcl9YUGhMZ2NMU3ZnRloxeWZ5OHNOLVBFMDUyek8waVZ5OXNjS1lhWVRvaGdsSHdrMkhuVlNUUy1qR2dVelh0QU1qT3dIcW9JSVlrU3RwandyS2NmeFpkNTlGQi1tU09OOFE0Y1hsREx1RzZpV3Z4Y0dnZzh2c3BmZGUtU0FUVnRJbDQwa1paTzk4cHBv?oc=5,UN World Food Programme,en,Russia Ukraine war oil price,russia_ukraine_war,relevant,3
2022-03-11,"Biden blames oil prices on Ukraine war, credits Democrats for improving economy - nbcnews.com",https://news.google.com/rss/articles/CBMivwFBVV95cUxOSFY0LWI3M1ZnX3lqQnA2aU12R2ZxSWtrNEUxNXJRRVFlOG5mZzhyWTgzN2U1b21GLUVjZWJWbC0tcm50YkEwRHExYnIzNjlWeDlHbGtBZkwtMC1vdmdvS0hhVFUwT2NaLVpCZ0tGN2xURk4yNllhV29rR3RmNnllOVpxTXlvTGhJUm9BOE9iMU9TdDE4UGVsdDRRTnJYWUE3UHNQNDBVdWxVX1VqZUdzUmUwUGhFRWNwYjBDMzNOUQ?oc=5,nbcnews.com,en,Russia Ukraine war oil price,russia_ukraine_war,relevant,3
2022-03-11,The US Ban on Russian Oil: Your Questions Answered - American University,https://news.google.com/rss/articles/CBMiiwFBVV95cUxOSGlkNkdDd1VyYnhPQ3Q2VWVnaUxCNmRCU0hPRGsyUVl6bGdOemxJS3NfVzQxajVaQXFyWVhmNnNyZjhGZXdxTjF6WW93blh0RG1ENUl6dVVtbWd6dXhzX2pIY3lCeGh5RWtQbnU1c0xheE9WTmFRVzY4N0FSODhZeGNZSUFXenN0SFdZ?oc=5,American University,en,Russia sanctions oil,russia_ukraine_war,relevant,2
2022-03-12,Gas Prices Reach Record Highs Amid Russia-Ukraine War - ACG AAA Newsroom,https://news.google.com/rss/articles/CBMiiwFBVV95cUxQbXVCRjU2UDhickF3TlJ0Z1A3TUJxVUtoUzJHTUJGOURFTWQ2UlEySnBPQkVWN3VBUHNVa3haWnl6VHFHeWJZYUdKZmt6N3NNRzFLTzJjenl1NFJtOUlta0VNSzFSd3pjcDhaT2lYOW9pNGwtdTdVdlFNbkdycExNMXlTaGhRWlI2cTR3?oc=5,ACG AAA Newsroom,en,Russia Ukraine war oil price,russia_ukraine_war,relevant,3
2022-03-12,Russia sanctions: How the measures have changed daily life - BBC,https://news.google.com/rss/articles/CBMiWkFVX3lxTE5VeVhnd3VIazZqMzRQWmZGaUhabDNyRW5oU2tzX0EwMmhRVld2NFhYWW9KVzY5bk5QeVlYSm1KRUN6aS1lY3hJMjB0UmFVVGZka2U2YUlkam5Gdw?oc=5,BBC,en,Russia sanctions oil,russia_ukraine_war,relevant,2
2022-03-14,How Deep Is Europe’s Dependence on Russian Oil? - Columbia University,https://news.google.com/rss/articles/CBMimgFBVV95cUxQd0ZLX2lxUkNvLUhHM0ZHZHB0a0FTY01GdUlEVEFoS1gyNEhTSC1vOVFXRENiWVYzdG9TN1htejNkSmtNa3lkaHVPSV9LaXlRVTlSWDNwa013dGtjb00xd0NMNC0wam5LbDhwTTdjLWpxNWlZb3VaTHNodVhBcS1JTmxMRGtNckVrRnRidWhxTTYzWjhQaS1sWkhn?oc=5,Columbia University,en,Europe energy crisis oil,russia_ukraine_war,relevant,0
2022-03-14,U.S. sanctions on Russian oil have Texas producers ready to up production. Environmentalists fear it’s at the expense of reducing emissions longterm - Houston Public Media,https://news.google.com/rss/articles/CBMi5gJBVV95cUxOTnQ5OUl0UXFldjhlYXRhUjB0MlNIUjZBeG9rMkdjNzNac0xVVUxTYWFSWkxZbFpieU9uS1k0SkRxUFczWHVIRzlmTkxGOU1Ec05CcmNFODhXZU9tbWRDb0NKOUVEZmw0dDMzUGxwWWcycmhrc1BVeXQtajUxTllaR2RXLW1RdVpYYk0yMVZCUlJEaE92YWJoSFdXbFd6RnNXUXVSNy1QVGg0a2JJWGh0NW1UUmxWWEhWdV9xZnBHOGZNMmw0ZEh2QjR1LUZKdG5jUnVZVmZENXFUdFNhTWh6UzJlQTExdmd4TW5xRzMxUTNfTTdWaVZVeGZrM0planUzVHozbzJYV2hjWHRvUmxXSm42UnEzWFR1OXRwbEk4djViREwtd3dacnlrMFpOMWxBbU9vaUZwbGIwcXgzbm41QkdqR0pzSDJHY2toTTZjczMweXNJbHBqWlBlVVRraEhjNnFGdGZB0gHuAkFVX3lxTE1jZ29UZTRDQXlPODcxYjYwSkx3RkZqNnJVakFKQ0hqb1pTdG4zUHpxbGgxN3E3V0R3WXFNNkRNTWZ4UUxxU0syZ3R6NVNFQ0hCcE14SlZSMlNHajBBRUx4R0hzQk83aW1aUVFadzZENWZsbEV3MUh3Y0Vxa2E2a1hoZkFXOThpemI3dFNsSFVSTmI5Y09aYlRaczlBSUJfVDFrc0tBckZZM09keGN0Rm1RUkRpb1NfM29ZTFFGaVFvY01CSVo1a0tfUkpsem44TUdFOWlaQ202QlBkM00yZEJUakw4SDFENGZDRUs1TXkycmdBVXVMdEdnTWdoWWlXRTFGa3U1TG5taFoxR25qTmpvSjJkb2U5TUNTMmxCeGZ5OGhaRXFRVHJkbjB2RGJWXzhDSk1nT1ZEcWtwTDZwS1NRZDZJTHFvSi01a1B6ZWx0WWh3RmtLVVdfN3cwdHVncjZhWl9MTGpNZXFrLS1HUQ?oc=5,Houston Public Media,en,Russia sanctions oil,russia_ukraine_war,relevant,2
2022-03-15,How does the Russian invasion of Ukraine affect the UK economy? - Office for Budget Responsibility,https://news.google.com/rss/articles/CBMiigFBVV95cUxPcGg3dmo1N2ZsbFFXLWZzWkVwMklzVDVCLUhmblF6a213blVaZk1TNm8xSFduWE1lQjk2TjhibVVvMmNObHlBRXVnWkY5ajdwS3lVcGNMTFpfMjhPb2VfcG5xX0x3UTJDMjRLQkNULUYzQ0NlLVpBUno1bHJLZWMxSV96RkEycGx3ZVE?oc=5,Office for Budget Responsibility,en,Russia Ukraine war oil price,russia_ukraine_war,relevant,6
2022-03-15,Impact of sanctions on Russia’s economy - VCU News,https://news.google.com/rss/articles/CBMigAFBVV95cUxPTDc2My1fblVOVjFEYzhwNHdTaDM4bVo4YlFjR29yYXBTOF9QUno0QXI4N3ViVWNjZHk2TzZSUzVpNVl1dk1YVXN2ZDNtdEdLajZYeEdzYnkyS0xrR3Ftc0J6VGRvTThfeXFSZTh2eWNpT1pDLTRYYnNXSWNmRzV1Yw?oc=5,VCU News,en,Russia sanctions oil,russia_ukraine_war,relevant,2
2022-03-17,"The U.S. will boost oil production in the wake of Russia’s invasion of Ukraine, but energy independence remains a dream - Houston Public Media",https://news.google.com/rss/articles/CBMingJBVV95cUxPWmZ1R2sxWERtdlY3b1BHblVtaDJqUlRqcjBiSVRucFJQdS15bEFsWFJSUEpIV3Q3c2JXM3czZXJ0MzlLeDFDeGNMcV9WRERmN083QmtVaEw4U1FjQlhoUnlKYkE0b2FFRkc5ZDVoQzJmNjF5d0JnSkFZNzQ1YWZ6N05EZFBzbjJnTk1aR3B5SUp4THZDdmZxLXFvU3ByWTNwYWgyQ1VkY0hxTEYtNlpwY2RjUWM0NVM5MjlZRHZYRHlPMWJsalJJTjY4WVpLX281eVhIQ08wd2xmM3FjYWhqZEdiQlA0NlpLOEdYeTRPRjBCN1dTcnJyaERmaEtva2JRZUxGbEVXWmRBTlJpekNmb1JhUGp1ZW5FUUYtQU5B0gGmAkFVX3lxTE43Mm9iak14YVlkckN6bnBvdUtRcjNrRGEyTlROTk56TS1IaGxyNFlCeGpFbndIVzc2MGJBWTVSWS1UREw0MnRGS2NpTlVFRFRrMlotQ2hjTEtIemVONUtCa0t6VllyQjlqbzFxZUpoSHRIbW1yUm9yNG9NUlBKVS1SSGwyYmxVX0JVcm5kZ0xyazB0cDVMeFg1ci1wbHVUQ0dLalRTSUxqLVhyVEVfb0FnSWFSVngyQ3BpUUl4elJycTJJWS1IbTVDNXQxeWdFZ2JlWTBOWHNURDV4Q1V2M1F0ZEQyTGc4Wl9DeDBya1lHY2tuNHNvTVJtUFhtTU1tYTFIQUttWHc3d3VFMjlqNjktdWlHUHJySE9keUV5dUpiM09HcDk1QQ?oc=5,Houston Public Media,en,Russia Ukraine war oil price,russia_ukraine_war,relevant,6
2022-03-17,Can Europe manage if Russian oil and coal are cut off? - Bruegel,https://news.google.com/rss/articles/CBMiiwFBVV95cUxQNm15a0d3SExCU3VOQktEajY2R2tNOGF2S21nZzloVkhiMS1lZ2VfeGdKT0lwYVlEU2NoZFhTQTJ0eThuRElFY3Q0VE1wMzdSVEdmbkdOdDU1Wlh5Vm1ENmRJV2pPbjF1enhzWFZqNXZnMHRnMGkyakJRdjhFcm1VQlk4SHNqSXpaOXQ4?oc=5,Bruegel,en,Russia sanctions oil,russia_ukraine_war,relevant,2
2022-03-17,"Oil and Gas After Sanctions | Thane Gustafson, Mark Krotov - N+1",https://news.google.com/rss/articles/CBMihwFBVV95cUxNRmZkWE9kZmVkTFVQMzByWi1SQl9BRVUwZGtKUVdXNnplM0tfT245a29GbG9xaDJOclhpcXIzVHY3N2ZfVW9WVGtOUkRwMkhjakRfbUpzVDQ3V2xiUVlMNzV1TzAtMklXM04wek1tU0FOSklkcWhwZ2VHcDBLdG9mek4wdzVndm8?oc=5,N+1,en,Russia sanctions oil,russia_ukraine_war,relevant,2
2022-03-18,"What else does Russia export, beyond oil and gas? - The World Economic Forum",https://news.google.com/rss/articles/CBMifkFVX3lxTE1aYWUzNHNudGxIX0ZEc3R2MzIwVC1FX2luSFN6dXNVZUFocl94V3NJNFNOSGkybUttbzZKcWhJU3FuVm1iR2RzdDhLUml2d3VxUjhfbXFFX0FqdHhCcnpYR2VVNWpnV0hURmttVFdrb3NtYmdkYU1WYW0zaUVtZw?oc=5,The World Economic Forum,en,Ukraine war crude oil,russia_ukraine_war,relevant,3
2022-03-22,Africa holds the answers to Europe’s wartime energy crisis - ISS Africa,https://news.google.com/rss/articles/CBMikwFBVV95cUxPTDNOdmttZGVEaHJGeXR4bUxScjhRNGIwczlxZTh3WTVEMFd2MS0yMGlGWHF3Q0ItTmlUbENrT3JUMmFzeTQ3RkR3azczRHdtajd4Z2tzQk9HbkFZeUVVNzBWVmVuTldQNzJZbGxlUThHLXRhMFVFMkxpUWpjQUp5ZDNhUVVxSERzakpYTzBzYXVOamM?oc=5,ISS Africa,en,Europe energy crisis oil,russia_ukraine_war,relevant,3
2022-03-22,The Russian oil supply shock of 2022 - Federal Reserve Bank of Dallas,https://news.google.com/rss/articles/CBMiZEFVX3lxTE9pelF3LV9GdHhHRzh1VUNJYmtDY2lScE1mT2VRMGxueGdKYTBHVG0wblJaZ3dGUUpQMHhVMkxOc01aX3Y3am9tWDh6R19IR3lWZGZFdVdhOUl4Um9FdzNuY0NSZzk?oc=5,Federal Reserve Bank of Dallas,en,Russia Ukraine war oil price,russia_ukraine_war,relevant,3
2022-03-22,Russia: TotalEnergies Shares Its Principles of Conduct - TotalEnergies.com,https://news.google.com/rss/articles/CBMimwFBVV95cUxNeVZLRWVtNVJVTjlsd2xrYU0tU2xMOXUxUVk4VTJucU40MGFvWFM0XzMxOHRpelBMY0x6S3I4eDVRZlBUMU5qMU5jT3NIZjVubUYyanJjVEE3aGtqNkJ4cjFuSkNvLW9aRXhZLWlwMjhCd1ZtWjltUHpHRF9wNUlfVUYyazJhbFN3eUFvbXcwaWxnUkROcnhKV2Zxaw?oc=5,TotalEnergies.com,en,Russia sanctions oil,russia_ukraine_war,relevant,2
2022-03-23,How Russia's invasion of Ukraine rocked commodity markets - dw.com,https://news.google.com/rss/articles/CBMikwFBVV95cUxPLTl4UE9IYjF1cm15NTZZckFLeHFSWXJMX2ctUm43cFF0c1AwYm4yTGQxclpScXBISk9IWjRVZlpVZWhaQUo5cTlMQ2w2M1ZYdGJYY1BKU2xLYkpjNmdOOFJYNWlaUGR3MjNFa0hSUDQ0ZXhFanFMci1GdGNTQmMxVFRaMjRmaXhFal9Zam4yY1BXNDTSAZMBQVVfeXFMTjM3MkFJdGVHMmd6SGJRenI0Uk5fVnBPa3gyRDFsNWFvaGdHLXJiSXV0b3JWSFRvNktlN29SN0h0N0RRdlc4dGhPenNrc3NLdTBRV29kUGtjNkRQN0RiN3NuMHd3eDlPN0dTZkxNaGZjSVBsRXdFNHd1cE1VXzFyMEJVRWhFN1VTRDJ2aEtiVnpreTdn?oc=5,dw.com,en,Russia Ukraine war oil price,russia_ukraine_war,relevant,6
2022-03-23,"Sanctions on Russian oil and gas will hammer global market, Novak says - Reuters",https://news.google.com/rss/articles/CBMitAFBVV95cUxQVzdUR1RMWkpHWEtESnhpNW1XTzdXZndHeWItUUpjNF9tOU9BSkU1c1hiQzB0M1Rael8zLWlWcmdJUnJQN1FpLUR1VkdCOEcwdGJCTzg1M1BDeVFtOGFGZmM0LWI0ZEJ6V0NrMlZZNWZwaTZBc2FzNVAtbmh2N04xTzU1QWExZlY5eXk4NFhCSmc5MXVuRUFWSjlKVVE1bmEweURZcTBxYTJVUXlIVV9fa05nODg?oc=5,Reuters,en,Russia sanctions oil,russia_ukraine_war,relevant,2
2022-03-23,Venezuela Oil Sanctions: Not an Easy Fix - CGEP,https://news.google.com/rss/articles/CBMikgFBVV95cUxNVGtEcGp3MTJ0QmZ3VHlRZFUzWkxBYnpyMFc1dG4yb2xiNGtmV1h0b2JnRXdLUmw3MmluOFdmZUJFcWhNTTNkOVA4VEhRTFJLbmVWekxLc1NUVHpONGlCNHNaOHRtN2IzUUU0YlQ2RWlWUTF2T2VRX1RxUDJuWF9aaGJCLUk5NmxZOU9oWjlLOG00Zw?oc=5,CGEP,en,Russia sanctions oil,russia_ukraine_war,relevant,2
2022-03-25,Why Canada's oilpatch can't solve the energy crisis - CBC,https://news.google.com/rss/articles/CBMigAFBVV95cUxQYnc2aTIzV1RoMlFnS3JDTi1tNm5FbTlUQXd1MEpYOW5ZQmxMNVEwYlJWeVYzbnpyRVBRNXpzNlJKUUMteHNIUEp4RTU1WVVyQ0h3OGpyVU5QeGRFUXNkV25jM3FBb3BJSDA3QW5YYUc3ejZka0Zpc05kMU8yRUwwVg?oc=5,CBC,en,Europe energy crisis oil,russia_ukraine_war,relevant,0
2022-03-25,Sanctions Drive Russian Oil into the Shadows - CSIS | Center for Strategic and International Studies,https://news.google.com/rss/articles/CBMic0FVX3lxTE9DMWVSX2I2YWNqN1dpRnpMdVRDaVhYSUlmdWl6cUJwNTczVmZvZV9obFJWOVNUS0swNVlrUUFoRno5TVp0V0Jla1RtNWRGdWxyS2xZcm1ocEVPUmpnYmRRUFNKUkNOdm5KNkZGMDNBUXFSTlk?oc=5,CSIS | Center for Strategic and International Studies,en,Russia sanctions oil,russia_ukraine_war,relevant,2
2022-03-25,Norway Grapples With Potential Windfall From Ukraine War - Time Magazine,https://news.google.com/rss/articles/CBMiaEFVX3lxTFBXYXVrWUVnQXhPOTVlU1MyUjFqNDlmRUptTUstUEdnWG9nZWxkM1BsM0Q0SHFWN2p4TUdOUTgzcFFzT0xNaVhGQl9rNUh6Q3U3WXI5MjRYSkh5aUoxSDFPelotb1BFeXJS?oc=5,Time Magazine,en,Ukraine war crude oil,russia_ukraine_war,relevant,3
2022-03-28,EXCLUSIVE Russian oil firm shuffles Venezuela assets as sanctions bite - Reuters,https://news.google.com/rss/articles/CBMiuwFBVV95cUxNZnc1RkZRamlDc3R3WmM5SzBWVUYyLXdibGFkN2ZPQmhMQjRFam4zb0dnVG5PU2RfQlVIYW5WMVVWWTNhZEJ1NlBvN2tGbFFTZ1dfVDI5eXhiNXhrWlVhSUI0U2dHS2cyeWx4X2V6T2J0ZUZEY1BGUTJCdFM3QlVlc0ZkZVdRN003ZUhSZzJUOGRpV2MwMTVjR3dIREZONG9XUVlycEhWM0hpMUhnTU1taFJXTm9CR2lqai1v?oc=5,Reuters,en,Russia sanctions oil,russia_ukraine_war,relevant,2
2022-03-28,Russian Cargo Ships Spotted 'Going Dark' to Evade Sanctions - VOA - Voice of America English News,https://news.google.com/rss/articles/CBMingFBVV95cUxQeGxlQkNZb3puV3ZhU2pDQWRBTTkydHo3Wm9ZWGtkWTRaeHN2Wl9GTWZORnpEaHhoX1JaQzB6WVZHaF9JRklkSC1iRHg5d0NqUDVEWnM4M2NtTGVxaExTY0trd2laakhGU2NmWFppd3JoWmNNRW5wdDVOUm9TSVpMYVJwM1o1SzF4X1N2UGh5c3gyekw2S0E5OGNwckh0d9IBoAFBVV95cUxOdVdIMTQ3WUxnQ0d3UGNBb1NFNVliV3dCN09mbDlyVzkwVG1WQzZFT0dpM0dYc3gtV2FuUmctaE9SYllZQkFuSUFwVTJ3M1diVmdja0V4MEI4NUQ0ck1ycHI4a25DdWdCTHdEMFpobzdyUmZKN1lzc0stTHJ0MWZGT3ctQTlzcGkwSC1UT2NzeWpHcVdyaW1pSWZEUVZRUDRY?oc=5,VOA - Voice of America English News,en,Russia sanctions oil,russia_ukraine_war,relevant,2
2022-03-29,How the Ukraine war impacts Latin America and Caribbean - The World Economic Forum,https://news.google.com/rss/articles/CBMilAFBVV95cUxPd1p4Tl9BX3IyRXRlSlVMcUdiY0ZrZExkdU03LTBCRWtBVGNrcVBfZGpYamxUT0hXTFJUX1BmdjEya2dRZzlXUzBVT1JOZ0ltejBzZGJTWlI0aThFcXpFYkE5RVB1QnVmQ3BYTzIwNXdHRnl4Qmdqc0szdUU1YUszanRqTHZnRUFuelJlV3RVVnFMNXVN?oc=5,The World Economic Forum,en,Russia Ukraine war oil price,russia_ukraine_war,relevant,3
2022-03-29,Why paying in roubles for Russian gas and oil might matter - CEPR,https://news.google.com/rss/articles/CBMiigFBVV95cUxPSkI4a3dLSEozNmdSLWxWdGN0b0ZtZEVuYmtLVUl2WGpYR09uZ1d4bzRVU2NDY2FTdXBhY2psZ0g0UHZzd3h3MzJuSmhneVEyeHBidEdQU1cyUDVCdDRmbi1qdU1MUU1IcnE2eHBrTU1RR1drZDdiMFY1bnpleHQtWFhtb0hWT19WZkE?oc=5,CEPR,en,Russia sanctions oil,russia_ukraine_war,relevant,2
2022-03-29,List of companies still buying Russian crude oil - Al Jazeera,https://news.google.com/rss/articles/CBMihAFBVV95cUxNSXlYTHpyelJXZVhOdHpsRUdtdF9SWUIwcG1wd3NzRjFiS3dMT2wwaVpkckNERkRIMW5mU3dJbGZYaS1tb29aeDQ3UExCclp2S0RNRVExTWp5V0Raa3RNbjY5bUV0T0tfQklOTXdmU2o0NUozMDhOdzUwSWdiQW00Q0FBOU3SAYoBQVVfeXFMT1V5bkVGUTRkS2k0aVY4V1hCa3F1UFZXWDlyVGVXWkF4dmM3VllFUmlXNDROVjNqV0YwSy1LTklBd1VJdmRvREh5LWRJc2t2UHpTNVQ2TTJHS2tjNWs4OTlLdlQ3clFUNUVTZS1keHB5MEZmTF9iLUxYX0ZNTjRxZFJTaC01c3REM253?oc=5,Al Jazeera,en,Ukraine war crude oil,russia_ukraine_war,relevant,3
2022-04-01,Why Are Gasoline Prices So High? Ukraine-Russia War Sparks Increases Across U.S. - WSJ,https://news.google.com/rss/articles/CBMijAFBVV95cUxNN1ZObnpETVYwTHIzRjFrbkthSUNPakdyaGROdzFyYmhiczE0STdNY1Q3VHZ4WGRTdzQ4dHpEX1huLXdzT3FiYWNhQWViVm1qYnpjRFBBMjE1ZEdSQnR0Q0FXNGJDdk51R3FubnQ3WjJ1V0tXcUtrcTNiYWQzTkFlUjJZeDZVMVJPbE80Wg?oc=5,WSJ,en,Russia Ukraine war oil price,russia_ukraine_war,relevant,3
2022-04-01,Sanctions and the Economic Consequences of Higher Oil Prices - CGEP,https://news.google.com/rss/articles/CBMiqAFBVV95cUxOUm1JbmNmc2ZhaVpsamNrTGRFb3Y1dkk1LWpVQW5OcGdUY00ySkpWVnc5WWtuTU54cXJmWVR3LUlqVTVXYW10T25FdmlhclF6VUhBR3lnMnRBT0ZBa3RuMnZLd3ktT3VXZkNZY3BBUVlYazZLZDhPVGZ4Mk4yWEJCUWlJTC0wY2FGWHVmMDBiRW5ORjB3bXZlTmkzR283NjlHbU0zYVJsUnY?oc=5,CGEP,en,Russia sanctions oil,russia_ukraine_war,relevant,2
2022-04-01,Russia is one of the world’s largest exporters of petroleum products - but what exactly are they? - The World Economic Forum,https://news.google.com/rss/articles/CBMimAFBVV95cUxOZU5yZzZvcHg4ekZ6M1FNYVJ3R29ScDJrRWhBMkF2R2g5OHZaeEpHLWtQcXhPMXJvWW45aVZIdDFsM0ZVQUMyb082cEt5eTNvWU93czZERm5NX2FweEZ0SEhDalhiZEJNVk5HdlFxNHNNVHRiWGtrcklGY2FtYXczV3JiWlFheWNFaVZSQjdYOXh6TWs1UU53SA?oc=5,The World Economic Forum,en,Ukraine war crude oil,russia_ukraine_war,relevant,3
2022-04-05,"What the war in Ukraine means for energy, climate and food - Nature",https://news.google.com/rss/articles/CBMiX0FVX3lxTE11N3FLTFlsUmcwMGxUbktlenN5S29rSHpRSTBWdEd5TjRxdnJ2RGdzZXhPN0ZqR05NZVdKN2F5UXUwc1UwUG0tcDIzcGZzUGRVdFctTTA2aktaQVZMb0hJ?oc=5,Nature,en,Russia Ukraine war oil price,russia_ukraine_war,relevant,3
2022-04-05,Saudi's record crude oil price for Asia shows Russia war impact - Reuters,https://news.google.com/rss/articles/CBMiugFBVV95cUxQdTN1TnEzd0YtXy14SEt3N0p0djVrd1lDUE5xdHcyQU1La09BSzFXNGpkSThNMmJ4U00xMXloYW1jdVpsbmtGd1NjZVZhUER4RV9PcGRSdF9DUFFqZGJvc0VZZGdlMXl6dUxuRzVhenQwTlJ3aHZ2TEVtdHNNaWpSd2NoY05wOU5ValZEcFBwV0RfVEJpOHdIdDRTLU4yNldTQ25yZndFMlI5a19ZRnFiVVlXSWJadDF4akE?oc=5,Reuters,en,Russia Ukraine war oil price,russia_ukraine_war,relevant,3
2022-04-05,Who is buying Russian crude oil and who has stopped - Reuters,https://news.google.com/rss/articles/CBMikwFBVV95cUxNWXZWX2V5MWppajJfSXpDRjVySUpuREI0VmYyUFpaS25ac1NOUEtWTUl1SkZJRy13bnpHYzBrZXVUSTBUVkdQeHEwMUgwdzc3VW9qTGcxRmIyMG41TTFXWUVPVkFEb19kYjdINWxHRXBLTTZUUVowbmozdldaVHNVQ25TSjBOQUtadHJSR3dIMnRvLVU?oc=5,Reuters,en,Ukraine war crude oil,russia_ukraine_war,relevant,3
2022-04-06,This is what no Russian oil and gas could mean for Europe - The World Economic Forum,https://news.google.com/rss/articles/CBMiiAFBVV95cUxPNmI1WEdKTHFCam5TVG9PT09Ta0FLODJ0dkRvaGpYVjYxUW9JSWk5UzRVRzlwUHVLUjd0eUxfbzJUNHN5Z1lmTWpVUFkzbFFZTFhEMXJPNnlvd2MwUFNyVDhUTmFLdW9XSy1xRWF5Y1d0NnpkRFZkVjc3UUZpaFo0NGN0c0dUYW1k?oc=5,The World Economic Forum,en,Europe energy crisis oil,russia_ukraine_war,relevant,0
2022-04-06,"Yes, Russia’s War on Ukraine Did Raise the Price of Gasoline - Cato Institute",https://news.google.com/rss/articles/CBMiggFBVV95cUxPZHdxZzk2cXd3Z0dDS2VWZ09JWThXTmZmTkNELWZRSkg2UlIzT28xM0x1MW1MeFdGT1YyeVJQbUw0OThkUGVnbGwwNl9BNmFvMUpBbEp0bEYxa05SQ1ppTXBHNWVhMGVqbkhmYTFuVnBMeHVTMkgzUnJCMzB2TDZTRkxR?oc=5,Cato Institute,en,Russia Ukraine war oil price,russia_ukraine_war,relevant,3
2022-04-06,The Ukraine Conflict and Other Factors Contributing to High Commodity Prices and Food Insecurity - USDA Foreign Agricultural Service (.gov),https://news.google.com/rss/articles/CBMiuwFBVV95cUxOc1pnR014TnlvU3hRV1dCQXRTeWxkRnRQUDdSVjBiNzlES3ZyTklPcGgwRHVEZkVEc1g5Q0pTajZ6QTVZV2VueGRuUFo0TFFaVk9JQWZTRHdJT015QmJ4bXhQLVdjMjlja0d1V3VzY0VVLUN4RjhqdG5kRDNyeXVER1Q2WTdVbWdLeXQ5ckJXQUZuY01QUzc2T3lKVHVPNklPZkVfT1Y2WWNNRVYySXFZYnFfTWRkamMtaWZR?oc=5,USDA Foreign Agricultural Service (.gov),en,Russia Ukraine war oil price,russia_ukraine_war,relevant,6
2022-04-07,Oil industry pockets €3 billion in EU profits at the pump since invasion of Ukraine - greenpeace.org,https://news.google.com/rss/articles/CBMi3wFBVV95cUxPT0UwUnluRS1lVEpZNnVxa3dEeWxmcUVHMFlaZlhUcmF1N0R2LXhfaTlISjBQcmstemZmS1dFTFVGM2tLel9KdUlzaVFtZW5yRmFaNDVGaXRlMXFsWE1VbkNiNTEtclM4d2VXRlBERk5OYk4zUUpRY21QQ2VvVUJUZHczdHR5dVVsUHVCTHBGRjRsWEU1cWNZSlVaQ2I5V3JIMk5xZVFQbFpiZURfQmxVekZUODdsb21HSVdGcS0za1NFS1RkME9abFRvbVBUVWJrVWRLcUtQSjFwd3laYW1B?oc=5,greenpeace.org,en,Europe energy crisis oil,russia_ukraine_war,relevant,3
2022-04-07,Minister of Oil and Gas discusses activity of Total Energy in Libya - The Libya Observer,https://news.google.com/rss/articles/CBMilgFBVV95cUxNQzhsdTBjaFNwUTdpU1JMT3FYcGl2VnN5VWQyc3MyN1RvNENSN0hHLTR0ZjJpUHVBcF9JRXFfeEJTcWRHaEFhWTNtVGc3blNSLTNXSkJ1eW93bmNBSTNldXBWM1dfb2k1UndPUFozSkROejZUQk1Qb0d0Zk12blEya1REcHdXelppQ0NIWVFMRDVpUUg0bGc?oc=5,The Libya Observer,en,Europe energy crisis oil,russia_ukraine_war,relevant,0
2022-04-08,Is Today’s Energy Shortage Worse Than The 1970s Oil Crisis? - CPS Fuels,https://news.google.com/rss/articles/CBMikwFBVV95cUxOTkkyMGhWTThmYzZMRXlzZnRBRjl0T29PaEowcEFrc1NxWHM5cHphdG9EQ0RKamNiNFd6YnFBSEpodHpObjJYelE3T3otczEzWlFVQm9lallSV0RYd25LMUVnNlA1eXAxdUw0YkFaTkJ5dVg2SjJMdTJIS2FHVlVYdk41RkFqeFdZRHBDRFI3aW43c1k?oc=5,CPS Fuels,en,Europe energy crisis oil,russia_ukraine_war,relevant,0
2022-04-08,India: Is the war in Ukraine behind fuel hike? - dw.com,https://news.google.com/rss/articles/CBMijwFBVV95cUxOQ0lMV3pReDhhZlB3ei1hWWRDUVk2bkdFS3dwczNYVjJIV1VkbmV0WTQzbGRydTVTS2ZSYTJvVnNUYnhPbDBpcFJLWnRPNW5ORk5RSU5DUFR0Tms3RDRHYVVvNlpnQmpVU09KRk94ZS1nTVczck41X0FfRmJnamxFUWZKbUpBbXdhTk00cHBuMNIBjwFBVV95cUxPVGF5YU5yT1NUblJuWE9ENTBkOGRucE1iMlg4N2ZvY1JZY1FUcU5RS0FPWG9XNjZaUFBSUUhSMnNNcHp2enRlUU1na005YWRwZnhoazVPR09pQkswWDZSdzFZN1VyYTlUVzl0NGJMOXg5cDNSRHdXeEgyRXVwc2lNaFRYaHBfSFJYQWJTRElGRQ?oc=5,dw.com,en,Ukraine war crude oil,russia_ukraine_war,relevant,3
2022-04-11,"President Biden Signs Bills to Suspend Permanent Normal Trade Relations with Russia, Codify Import Ban on Russian Oil, and Reauthorize Magnitsky Sanctions Law - White & Case LLP",https://news.google.com/rss/articles/CBMivwFBVV95cUxQeEJsazRGd3kxVjNXd0ozcWJGaEVjZ1N1cHdrVU51MnVLcVQ5cFZWTXhhMlhoTFcxbkx0LUtNRlBIdFVXNnNVSVE4MjdTU2tiQXc0YVVtQUxzZ0s1bHRtNDZqM01vTjZ4OEJ1OXlpRDVZZEcyZDB5OHZGWmlXZXU1VTBwcDQyZnE5S205Z2lhZE93Y2ZNV2dHY3lIdFpRVEZPZDZNcTJmSGVZc1lSRTJaX2VWcW9JVG5NeFA0WDh4cw?oc=5,White & Case LLP,en,Russia sanctions oil,russia_ukraine_war,relevant,2
2022-04-12,2022 Press Releases - Russia-Ukraine conflict puts fragile global trade recovery at risk - Press/902 - World Trade Organization,https://news.google.com/rss/articles/CBMiZkFVX3lxTE1nWGp6cjdSRnRNTFZyV0NLZUVmRU4yay1NZEQzamVrYTF3aDVIR1pBMzMyLXZDbDlaWk44cTY3WkYyVTkzbGJnVmIybWV3ajdfSU12UGt4c1lFOFRtU25vc0pnTXM3QQ?oc=5,World Trade Organization,en,Russia Ukraine war oil price,russia_ukraine_war,relevant,6
2022-04-12,Marine Le Pen says she opposes sanctions on Russian gas - BBC,https://news.google.com/rss/articles/CBMiWkFVX3lxTE1KNThtcVlieEcxalhKNjQ3ZnVNMXZ4MmFnNFlocEUtVTJRV2ZmWUhDOEpJblFuWU1GUS01MHlsRGg3YzFLbXpGWUpYSGtNQi1PbzBDQ3N5R0RSUQ?oc=5,BBC,en,Russia sanctions oil,russia_ukraine_war,relevant,2
2022-04-14,Oklahoma has only slightly increased oil and gas production during the Ukraine war. Here's why - PBS,https://news.google.com/rss/articles/CBMivAFBVV95cUxPWDFxcDlPQ0RtYVZIcnhlQ1dwOEhsQ3gtLW9XR3ZILUh3ME1EWlIzOWQ0Vkc3amxTMkk1ZEh3cko5djJBNWRsaGFhV3lqSjZDektvdW5HWmxJdFQzWF8ybXJzWXFab1ZNV2ZpcmpVZlJjVU9nRHZIRTNYcUhEOG55OEhIZ0R5dFVOclVCeXVNRFZuTzc5OHRpVEFGX3I4NGloRzBQMU03Q3h3STdhTFJNRjdoNXhoUXFJR0xrdNIBwgFBVV95cUxONlFQX0xocFpsZTBYVEc3RDRMaGwtdVktcmxCNEtaQTNzdHR5RjhOeXJVVzRlS05PRmtvTWVLSTY4R1hlOWs0U3JnTmtOQ1VMZkliRzdRUVVLNEhnTVZMSndXUUVSZlFuMGF3VzRHS0xBbWJBUkRRU2NCVWl1QzN2ZWdBZFB2SjFnUjN2d2RScjBNUzRqMzdmRHRrbVF5VERPb0RiOV8xejJ2djhtWG1JaFdkNUI0YXNHZjBpZXh6RXlLZw?oc=5,PBS,en,Ukraine war crude oil,russia_ukraine_war,relevant,3
2022-04-14,Tapping into the oil reserve - Northeastern Global News,https://news.google.com/rss/articles/CBMidEFVX3lxTE8wUzIzRXVKSFI4c1dLSERabTRIU3otTXotT0FVcUNFcTlQdHFBajMzZHgyM0FHWmh6cmpkVFU2ZEs5ODc0QkxZUERKQlF2ZVc1MEJUdl9pXzNqVEREVV9aN1VRZjE2Um8wdGxIREhleEtfRzNv?oc=5,Northeastern Global News,en,Ukraine war crude oil,russia_ukraine_war,relevant,3
2022-04-15,"The Russia-Ukraine War and Global Food Security: A Seven-Week Assessment, and the Way Forward for Policymakers - CSIS | Center for Strategic and International Studies",https://news.google.com/rss/articles/CBMisAFBVV95cUxPWFNESTdldEJOanhHN2pNNmJ1cVd3Q0RMYWJPdHRQaWViSjg4T0VBajAwU3BRelFUcHBxNVVHRjZRaXk1ZTVKdVAwNDdaaHMwYTR3dUZlQ1RWdFNBaTU2cEZqb0I4dzg0cFp5N3AtVElkVGFwZThoR04yY0RRV3lLN19lemZPYjJ5TzViZHdTMVloWkdocC1sQ1lyd3hQREhFenY2cy0yajB3VGtGTDhPOA?oc=5,CSIS | Center for Strategic and International Studies,en,Russia Ukraine war oil price,russia_ukraine_war,relevant,3
2022-04-18,Nigeria is both a solution and victim of the European energy crisis - The Africa Report,https://news.google.com/rss/articles/CBMiqwFBVV95cUxNbUt1Q000UnlPcDFQRk5JeWNraTlQRjJUV3FVVXN3VmFJZGF4M21zcTkzLUZ5OThLVVhiZjc4a0NaX0xwT2ZWRnFWbUgwUnhkR2M2NUlxdEVHeGN4d3RFYVdnanRHaF9KbllLeFlCRkhpZzJwcEwyQ3Q4Nzk4MUpJb0lfUEs2Ny1pdjc5RkNhM0s2UGNpa3Rib1V1VVVZNXEweVRwMGZiNXJFV1k?oc=5,The Africa Report,en,Europe energy crisis oil,russia_ukraine_war,relevant,0
2022-04-18,Oil rises over 1% as Libya outages add to Russia supply fears - Reuters,https://news.google.com/rss/articles/CBMiqgFBVV95cUxOUGlsZlV6T3lPRmFpcVFxUGlSVXFBSW1kTTh6Y2YxeG00WWl0S2dYT08yd3RWTWtTZnR6Vi1HeHNqUVZBMklYYkJkdzB3cEwtZVY4cldGZ0lQaWZIZXdIRW0tMWpxZzRvNXU4ZUhRZGNPNnJWYVlHRGZvNnN6dU1USFVnSTREbms4T3RvVlpJRUhlYjY4LU1IWEUyQnB2VkVwLW9VWVdOWU9lQQ?oc=5,Reuters,en,Ukraine war crude oil,russia_ukraine_war,relevant,3
2022-04-19,Will war in Ukraine delay India's green energy transition? - dw.com,https://news.google.com/rss/articles/CBMimAFBVV95cUxOTFBNdGxWTFNHMGVLTDVBaWtTYV9zSW1CeXNjSHV3Vi1SUWtiZmQ4QnhHV1N3LWFvdjlKTnZSbklXTUZtUXk3VmN0S2Y3OGFHREVITzNPMTQ1X1p2ZS1WZTlFalFfVnp2SVFlVWpqd09jSllNbmZaR0N0UjA4LVNOYllMQ2QxLWp6N2Vpd2dValpZeWJhYlE5YdIBmAFBVV95cUxPblcyMEZjMGprTjVCLV9XMFM4MUpPN1h2VkNmZi1odjhlMDM1dG8yQXp3QXo2LTFjRS1oRXVvTUV5M0F0dlZzMjRhcTlOal84RG5xSlV1VDVDa3lIQUhLcmstUmRSWHJHYTlOZW1UZjBfR1ZHQWY3Z01wc2J2SkV4OGRpenpaSF91SnVzSldveDh0a0xTVUwwdg?oc=5,dw.com,en,Ukraine war crude oil,russia_ukraine_war,relevant,3
2022-04-20,The International Working Group on Russian Sanctions - Freeman Spogli Institute for International Studies,https://news.google.com/rss/articles/CBMiXEFVX3lxTFBsdENvc3luU2JONEE4RWlYS1gwRlhfWmtqaGN1MkNSdkQxMjFlYmRRTHlUdVppOElFTVJTSWsteGl5eGNPNGJZc185aW1KWjN0OGlfMmdncmZSM1dH?oc=5,Freeman Spogli Institute for International Studies,en,Russia sanctions oil,russia_ukraine_war,relevant,2
2022-04-21,What's the impact if Europe stops buying Russian oil? - CBS News,https://news.google.com/rss/articles/CBMiZkFVX3lxTE5TNTBTemtuZ0JHYzJyQkJpMVVmMG5sT093YzZ3SlRKVTREUm9TMFRLc0ktU2plWG11X0hkNzM1aXlrWDJtdDZmN1c4R2N0WFBtV01RSTh4Q1hqSWFxbVo3bVZxUF9Zd9IBa0FVX3lxTE5CTHVLdTdMaEhqLWdQdzJLUTZZajJGS1lZczhCY1Jyak1lSTkwSDliUW5DRjNlSFgwQ1UwOUxQa2czaDM0cElHQkVsYlg2eG1BVE1hQVV3dnJXZGNkTFQ4bXZoX3J0U252bGdV?oc=5,CBS News,en,Russia sanctions oil,russia_ukraine_war,relevant,2
2022-04-22,How Russia’s Invasion of Ukraine Will Impact Africa’s Energy Transition - Council on Foreign Relations,https://news.google.com/rss/articles/CBMimwFBVV95cUxNTDVNUG5OWGNlakliVlRVbmdFR0F2b05wVDYwcUFOTUtsUTJEeTV3cDdZbGNqcUdvYWotN1U4ZUo1cmVVOVljU2FEckVxZmIwRnRHX2hKTkxqdG5fY1Q2aHlrT1NYV3duNDBXOE5lX3R3Xzc0QTVVY2pnTjEwQTg1SHZTQzNtN1JMemd3MkFmTHNqdzg1Mzk0dEtXUQ?oc=5,Council on Foreign Relations,en,Europe energy crisis oil,russia_ukraine_war,relevant,3
2022-04-22,"Despite U.S. sanctions, oil traders help Russian oil reach global markets - NPR",https://news.google.com/rss/articles/CBMiswFBVV95cUxPRFppdlE2RmhEUlFIWVg1MzdNMmdFem1TUEc0azF2T3hiWnVjaHdJeFhHSkYzcmxSWGljV2pQd2tqam5nN3R5NmxNVEtkVlhPc1luczl2ZHEwczFPNjRkY0syT01qOE02bC05TnFHbi13cER3cXp2V0tsN0F4S3VES1ZNMUw5d3lmZHRaWlR0aTJrZjdZbnFrektpZ01YWXNTd0lmTmdhMTJSclNWYWF0aGVjNA?oc=5,NPR,en,Russia sanctions oil,russia_ukraine_war,relevant,2
2022-04-27,"Far from Ukraine, Putin’s War Worsens Palm Oil Crisis - Boston Review",https://news.google.com/rss/articles/CBMilAFBVV95cUxPdlZHM2dpWWNTOWJLTUJCNkJsaTI0Qi02dE9mRHZHV0VzSEU5cjc3NVdENHNxUzBpMzhDbWFBRUtVRmcwZU0yZGlpblV0cGlsQUxnWU8tVDZOZmlFcGotc2lxcjA1WGpJanh1aXFqZ0pxMEVLdTRKQmVXOVdQS0h5WHFLNDRVcHZoNC1fVkNsYzV1QWxB?oc=5,Boston Review,en,Russia Ukraine war oil price,russia_ukraine_war,relevant,3
2022-04-29,How a European Union tariff on Russian oil can be designed - Bruegel,https://news.google.com/rss/articles/CBMikAFBVV95cUxNOXBuSWFidnZUVWZpb3ZwMnRFVnNfRmEwb2tRREdNcHhEUncyUXVXSFlEVUZybXh3QVRFcmJabHFWbXVRa21xR3QtVklCUzFRVUZWUVZPem9YYTNyQ09TSlZKUGFLM0t6d01DSE96a1VQN0Y1Z2RZaVMyN2tkWi03UTg5T2h6M2dueGNBalFSR0M?oc=5,Bruegel,en,Russia sanctions oil,russia_ukraine_war,relevant,2
2022-05-03,The impact of the Ukraine crisis on the global vegetable oil market - IFPRI,https://news.google.com/rss/articles/CBMigwFBVV95cUxQZGRQT2lrS3Zzb3FlWXRMOXNoUkFjX1lNOVk3cjR4SVlBM3JEN1Q5TVlJUGhTQXd5OEppQmY5Xy1sUllSUXQ2OXVGcEwzVTB6ekp1SG9DU3BQdGZTSHAtQ3FWaHd4eno0aWlrQWZDV0dMalNaaFpaQURpN0JGMmJRVURiUQ?oc=5,IFPRI,en,Russia Ukraine war oil price,russia_ukraine_war,relevant,3
2022-05-03,Europe Is About to Ban Russian Oil: What’s Next? (Published 2022) - The New York Times,https://news.google.com/rss/articles/CBMif0FVX3lxTE1iMzlqM1p3NnhqTU9ibHlIaWFaZVVxZnNFWW5DODdKSHQ4NEg2YlNZTUI3NENIYkJVT3MwUHZEODg3aXRJbVFmandVOGJkQWhVVzFWOGpyR1pfTHlVUVJ5dG9WeWNhUjE1TUpad0dNanJRalBKZy1PWERURmY4blU?oc=5,The New York Times,en,Ukraine war crude oil,russia_ukraine_war,relevant,3
2022-05-04,What Europe's ban of Russian oil could mean for energy markets – and your gas prices - NPR,https://news.google.com/rss/articles/CBMimgFBVV95cUxPOXBOR0x2X0ZEaTdxWTRyVkFldUo5SHRKLUFXbVV6NXhySVVzbzZFa0VQS3RkSWh4SzRaNXFMdkRDeXpKNGRDOE9pZkFJSTVGZU9YZGtnWG92bHZURFZReFRFdldYam9XdDBpcTNjMURGRVFKblpoTjVOS0dtdkU2VEQ5WTVGNzAybnh1RTJzVVFRemYtTUJ0cEVB?oc=5,NPR,en,Russia Ukraine war oil price,russia_ukraine_war,relevant,3
2022-05-04,E.U. calls on member nations to ban all Russian oil - PBS,https://news.google.com/rss/articles/CBMijgFBVV95cUxQRTh4WVJtanRsXzVUbDFmbDNWOHhpTWFBQm9mWFpSRUl4YUloVnc5ZDc5aEpBVmVBSXZIdEdxSnRfWmhydDFxVFY3czB5UlhVUEJNV3J5RFJPWGdVTjA5bXU0OXd5M2dpWVRwWUJvZElrNFpqc0hld2tyYjZNZUZaRlR4cEdhUHVWcDZSa2ZB0gGTAUFVX3lxTE5LQ1VMSzU0cmlMNnJpcmt5Zk80WkFmTkUwVUlRNlpXc3FESzNaOGprWC1IQk5tWGI2dHJ2QUxtSkNEc0dIRjBFZjdmY29RVzlSZlJVajZ5OTMtT2lISW40NzlLWjdoMDZmalNaeE9OMnNpMDRsRXVyQjRaSmM1Qk14X0pHV0NsMlU4eVp5Nnhmd09UZw?oc=5,PBS,en,Russia sanctions oil,russia_ukraine_war,relevant,2
2022-05-04,Ukraine war: EU plans Russian oil ban and war crimes sanctions - BBC,https://news.google.com/rss/articles/CBMiWkFVX3lxTE93LTR4WFZIMVZwRnowM0xUTGU3ZzRGRHhVbnQwWWJEVmhTQjFPYkdrUnFIaVRFUXNvRTR6MjFFSmlBVUk1d0RlUWRLSG1fcGxyNHZuajlPUDEtQQ?oc=5,BBC,en,Ukraine war crude oil,russia_ukraine_war,relevant,5
2022-05-05,Commodity prices surge due to the war in Ukraine - World Bank Blogs,https://news.google.com/rss/articles/CBMijgFBVV95cUxQTnd0VWFZek52MmlpRDZ5ZE9zdzlJNVdtZWlEalRvSGg5SjhwbFc3Y3JHQkU0UFpwLTU4b3Q1N2J3NXNNQ0t0bWFZNTU2aXVCRjJEb2Z2eXZtVEtabXZ2ZjUtaVRkREJxbHE1UjdfZVZWZzdCei1yUjdaNExkUWIzejZha3B3ekR3TURJMGp3?oc=5,World Bank Blogs,en,Russia Ukraine war oil price,russia_ukraine_war,relevant,3
2022-05-07,Will high oil prices derail Middle East reforms? - dw.com,https://news.google.com/rss/articles/CBMihgFBVV95cUxOd0FudEpfUEhxNktkSTJ0X05TU0c4eVJST3VwQ2p1QmdndjJ0bHprSUc4cXU0NXlVZlpjM2JNcVI5ajNVUjNxMHVmbEQ5akV4Si1WQ2VYWjZoTjFnZXRWWFI2QUtEZ1FIRUlnazRnYlgwTlN5X0dfcDdQcEZtQURrdndKYjYxUdIBhgFBVV95cUxNVEhVYlNuWDZRTVlMOWZKTlZEUkRwOVJSZnZiNEVXNzV1YmFrWmd1cUJ2R2JpTGVQN2VWQWtzbVN1YlpmbThuSUVzeXV3aDBLV0UtNVlWLXBYQi02bDZGN01mdnEwcnBEYmlSekJROXp3aEdNdW1FOGo0RVVNSFdWODdCekM3UQ?oc=5,dw.com,en,Russia Ukraine war oil price,russia_ukraine_war,relevant,5
2022-05-07,The war in Ukraine is rocking the market for edible oils - The Economist,https://news.google.com/rss/articles/CBMipAFBVV95cUxQcG9xQjIyNnZEcXY5N09sWmt0TllhQ0IxVkFmdWtGNTNkNmp0M0p2X2lLMjIwekpHb1k4Y2dQUlYxWXNKT3NEd2IyUnJxcXl2RjZVbWZDYXZyUVFicmR0Mkg5LTJXeUNmOTNOSFF5RGhVbWxUOXhUZWM2MGNxR2s2cFFyZWpKQjNIRTRpWldTaXNPVnB3dkxtVTJPVjRBeUw4ZU0yMA?oc=5,The Economist,en,Ukraine war crude oil,russia_ukraine_war,relevant,3
2022-05-08,"EU edges towards oil sanctions on Russia, no deal yet - Reuters",https://news.google.com/rss/articles/CBMiowFBVV95cUxNZUVnSXFYLTFsY1lEZW1ObkNyNzZsMlQ5QkcwWGdqQ1FocnFaT1V6VENpQ1hROGp0bUJPQ1ZvN1A5MU11NzExZmJsQ3JkdU4zc2xDUjBXd2ViOEJmSUpiUnkzRFZlUnJucThzbG1XSFN3cHBKc2NYdklheVBZZ2djel8yNVZxbXFCQU54ZTF5Zkc5TmVVeXhOZHkyUldPdFcyUXFB?oc=5,Reuters,en,Russia sanctions oil,russia_ukraine_war,relevant,5
2022-05-08,EU’s Russian oil ban stalls as Hungary holds up sanctions - politico.eu,https://news.google.com/rss/articles/CBMikwFBVV95cUxOV1p5N2hXNWU4dExZM3BtNlVjTjZjNmdyR24zRVJDbEo1U0x6OVU0bllNN29qTXJTUXkzRy1DellKSEU1aE9qeHZHR1RLLWNBZm45TXJvZmNCdDFsT015TE84UF9SRUN2WGlWYjZlTk80YnktOHdUS1MzOFFNcjg2TXgwcVBYNDFCNUg5MFpiZW12ek0?oc=5,politico.eu,en,Russia sanctions oil,russia_ukraine_war,relevant,2
2022-05-10,Africa faces new shock as Ukraine war raises food and fuel costs - The World Economic Forum,https://news.google.com/rss/articles/CBMingFBVV95cUxNd0dacWNZYUJSMWJ5R1FMaVd5VGRUSVEwRGE0ZmZBaElCT2xtaUxNbl9Mel9oYnREazA3ZWVhcTdWWVNWSTRrbUNtSjFwSDN1SXo1cmNfdm93S2VWRERMN0dEYVJjTW8wRTNpOGtYdlVJcXdJelZ5SnhaMXBrcUtHd21kMHdXM190ZHdOOFNnREhmUHFyU1dTdXhUdWRYdw?oc=5,The World Economic Forum,en,Russia Ukraine war oil price,russia_ukraine_war,relevant,3
2022-05-10,European Union Prepares to Ban Russian Oil - CSIS | Center for Strategic and International Studies,https://news.google.com/rss/articles/CBMieEFVX3lxTFB0aHdtb2tVSFpxQkZKTDVQRmpHLVJfUVpYNUswWFR5aHc0V3Vwdktlbmt1UFNYejZ0SnRucmJsc2RQbTYxVGdqSlBXdGZPQjd5QXNuYW0tOG1zcmNTTi1PUDYySlBidVpnb1o2UmxHNHFDaWI2Rk12Mg?oc=5,CSIS | Center for Strategic and International Studies,en,Russia sanctions oil,russia_ukraine_war,relevant,2
2022-05-10,Why is Hungary not backing EU sanctions on Russian oil? - Al Jazeera,https://news.google.com/rss/articles/CBMioAFBVV95cUxPRE4xaVVBT2FLUjdjdFdDbVVEdHdyOGVvQm5XMl9DWW5iTm9TX2thalZLTU5RY2xTYlpyYzdGaFp0a2dxamhwOVYtZE1kN0l6bHFsaElheHIzNVhmWkYyMjVpUUY4aTFlNEV3cmttVUx1em9DSDFVOGpKcmxHYlFTMUtiSW1acmRtdzdaUm84elloWGhqekY2R19DVXJSd3RW0gGmAUFVX3lxTFA3MV9pcks3NnpDZUE5NFg1N0FFeVRnOEppVkxFVTdISmtlcmlPSVBSdFl2Z0poeWJ6ME5VYTNWekxSYVFyTWlHVUhpM1hoWmJ6RlFoaGd0a3pObkl3UlNnNzd4cXo3XzEtN0I3STR6WWRsWXRKLWo0M2dCZVBfZFpfSmxReUxLdzlXVzdMemVBYWwyZkdtRnE0U3A1V3QyNThkcU5TSmc?oc=5,Al Jazeera,en,Russia sanctions oil,russia_ukraine_war,relevant,2
2022-05-16,Hungary ‘holding EU hostage’ over sanctions on Russian oil - The Guardian,https://news.google.com/rss/articles/CBMijwFBVV95cUxObnQxZ01rOWh1OUw4cWpfeldodDZnX3NBbEhVbmluQU5ZV3dNTUdyX0NhMUNEbWRLTnVzT3JZTlc2eE8zNmxGQlVXR2lRSUFNaUhKb1lycWxxRmhfZXRmNmZLYTQ2YzdLVU80OGRPSlRwTTA4blhDVzBPZG11UlVRQ0lqSXZLTk11S1dsY2swQQ?oc=5,The Guardian,en,Russia sanctions oil,russia_ukraine_war,relevant,2
2022-05-18,REPowerEU - European Commission,https://news.google.com/rss/articles/CBMiZkFVX3lxTE1tZkVmTXRzMVFiMVIyemJTNzdqT3BEcTFuYWVpY28zSTAtbnpjbEdiOHFCQ3hIN3JoVmNrUl9jeHg3emxkRGdabExzMlhjTkM0XzBUc3daSDJxZVV0dURtUzB4RGhyZw?oc=5,European Commission,en,Europe energy crisis oil,russia_ukraine_war,relevant,0
2022-05-18,The Impact of Russia’s Invasion of Ukraine in the Middle East and North Africa - CSIS | Center for Strategic and International Studies,https://news.google.com/rss/articles/CBMilAFBVV95cUxOZ2xWcmhOYkt3SHZnMjVBQklac1ozZ3V3bUFWUVVscDdvLURUOUV3YlFRY1pndHotM3lXaVp6dEw5S3A4UFhKa3RuT3JDSnh3UHI3MC04VjZ4V3VXOUxmM0IyX1VnTGVjSTFCS1FYLWpDcFlRa2JVd3laWVFVbXpuRjE4aVZnRnROZWY3YXRzVWEyOVE1?oc=5,CSIS | Center for Strategic and International Studies,en,Russia Ukraine war oil price,russia_ukraine_war,relevant,8
2022-05-19,"Coal, oil price surges on Ukraine war make Asia’s richest richer - Al Jazeera",https://news.google.com/rss/articles/CBMiqgFBVV95cUxOMzZEeWZYUG5ENEVJeXRPWHZsdVJBaUpMdTBOXzQ4WWhuMUU4UkVjbmFJT1p5Nl9qMzNPOXdKMWI4U0NheVJIMEo4UUE2bTFwYjNoSUtPN3V6YUl2cnVRTVNaQjZ2cFNZZjdENXloVHBsdFBfSjlqTk5XNGlJVFRsbHgzaVk1NEt4UjRkMDVnbk54TkV0Qi1DdXBRZGh1Sm5wQW9NNzVaNy0wZ9IBrwFBVV95cUxOTVhTSVl1MEQ1a3BkdDhmNHl6NHFwT01lU2VKVkpYcmZXWjBqaHZRN29TWlh1czRIMkFzY19HS213RDk2MVpMWXkzT0dZelRsTjVFMTIzdXNBN0I2a2dwYnFrYUxZRHphbEVMdFVrQ3hjNHdtUUNyR2RKczJKQ0RZSDlDNk9PZER2MDA0czNwamdjU0o3bTlsQl9QYnRTNjJJaGNQNnR6TUJNYVNwVlY4?oc=5,Al Jazeera,en,Russia Ukraine war oil price,russia_ukraine_war,relevant,3
2022-05-19,"U.S. Aims to Cripple Russian Oil Industry, Officials Say (Published 2022) - The New York Times",https://news.google.com/rss/articles/CBMihwFBVV95cUxOWDdyVFFpalBBRUl4M2RrUGs5eV9COTNHNFZFTWs3b2puLXVIVFVHbVd2U1BZQUJJUnpQUG4xRVo0SFBTYUJyenFWOG5WdXIxaWpQVzBoSWlwanRWYjBiQ3VaVTRUY3dXeGUzWUl5eDRFWUh5VXhVWU1SV1IzNUtJaEpiMXg3MjQ?oc=5,The New York Times,en,Russia sanctions oil,russia_ukraine_war,relevant,2
2022-05-25,The Impact of the Russia and Ukraine War on the U.S. Oil and Gas Industry - EisnerAmper,https://news.google.com/rss/articles/CBMihwFBVV95cUxPV1VRWWQwcGFHRUZudWprbFB2Y1hzVy1qOElmR0NFdEJmVDFZV0NzZWFSak54TEtYOVh5NndqaTM1SHVoM0E0M2xQcnhuVWZ4amlYWG1WdmQ0U2czMEwyYnNLZ2NPMm9DMUc1NFBpdkZ6MWV0eUlJWkhHdjRYQVNFS1RRMUl5aE0?oc=5,EisnerAmper,en,Russia Ukraine war oil price,russia_ukraine_war,relevant,3
2022-05-27,Energy crisis: Europe by candlelight? - tresor.economie.gouv.fr,https://news.google.com/rss/articles/CBMilgFBVV95cUxNLXp1SnhGNVdaOEZuLXAtSk9XTWJqMGUySkloZTl4WEdxcTg0TEY2RTlDQk1TNklGSV9BRFY1SkVUeFVUY0R5Q0U1dW9ISFczdkJzcmV5WTNFUlo5Vk44NTdwZEtsaERRT19lWlptelV1Q242NngyVUQ3RVU4N08yWWxPZUZqbFAyOEdudU5DakRDeDhmM1E?oc=5,tresor.economie.gouv.fr,en,Europe energy crisis oil,russia_ukraine_war,relevant,0
2022-05-30,The EU will block most Russian oil imports as Hungary's Orbán fights off a total ban - NPR,https://news.google.com/rss/articles/CBMihAFBVV95cUxObjBkX0QzV0tUbHJORVJYd0w0aUxXTHY5bGJYU1Z6bTI4aGV4UHpXUTlPYjVOQWpjNURQOUJDejltak81dVpPMGQ1MEdnb01ONDZlUEJaSmJmVWFObXVUQnZDSXRCOUl3MHdjZUF4VU9NZXFKUTlOd0pnTE11VUlNUXpjVzY?oc=5,NPR,en,Russia sanctions oil,russia_ukraine_war,relevant,2
2022-05-30,EU Leaders Back Push to Ban Most Russia Oil Over Putin’s War - Bloomberg.com,https://news.google.com/rss/articles/CBMisgFBVV95cUxNcnBOSmpOd2loREpzdy1seENzbkhmWDVPRTk4eWNVRkN2SWJEVTBhRUdZQ2tlQ3FrTUVsM2l1bGZCY2t6UmlhM1M3dy11cnFwM2xRaFRjUEM2RXVLX2p2OGlmQy1hVFBCdHFyVGkzbHM2VC1NaDhlN1ZHdlhTNnk3ZHVkai1CZTVMSDFlZ3NRME9icjl2QjNCTWwwWGxZT0hWcGhVQzBQVE1jYjVTOExDQlpn?oc=5,Bloomberg.com,en,Russia sanctions oil,russia_ukraine_war,relevant,5
2022-05-30,North Africa supplies to Europe spike as Ukraine war reshapes global oil market - The Arab Weekly,https://news.google.com/rss/articles/CBMioAFBVV95cUxNbnUtYzh2NXFQeWlkWkVZbE1IaTBjc0g1NktiNDJaS3lGbDFMd3U0bTl4YTF6SVVpdHZjbUM5MWkxN2hRdmdLOERiT2E1NDd1eWJOMkd0UEw3VWZtVXdtOGpPakNQSWV3NV9NakF5dml0MVdvbmhVakJKQmNlb0txVVhBT2NzdkVoeHZET1Fxa2dWT29HTDk4LW9ZSlBGQzFD?oc=5,The Arab Weekly,en,Ukraine war crude oil,russia_ukraine_war,relevant,3
2022-05-31,Can Canada Avoid Europe’s Energy Crisis? - Fraser Institute,https://news.google.com/rss/articles/CBMihAFBVV95cUxNNWRkNXFMUzRtTnU3dHFnQXR3X0FZUU1EUENrM09qYUFReFgyYThCejFlQTVjLTU1elhtR3l3eTZHRzRSQlRlbjZMUm42WjRwUDl4bE5kYjZzbXBKT0ROcmprTndKZE56MDh3R0hTUDUwaTI1NTkzTS1nVjFQOW1rTXVJXzM?oc=5,Fraser Institute,en,Europe energy crisis oil,russia_ukraine_war,relevant,0
2022-05-31,"EU agrees Russia oil embargo, gives Hungary exemptions; Zelenskiy vows more sanctions - Reuters",https://news.google.com/rss/articles/CBMitAFBVV95cUxNR05zRkVURFhjQWhfSXdUQUZfMjN5QTlVeFJCVjI5SHY5V3lvVmtsdWlWWmkwYm42andIMEctTHhRSG5CYWdkUkVfVk9pRHh3bTdpVktzME5uY3BqWjZuTy1Hb0NGZnc0cFZUanRjdDVuS1l1clQtdWY2SEk2MEpJVW5jOEc4QmhWcFROUHhoRWM5cVcwbk9tZVhpbG9kRWxQOGtkaGNNQ3M1aWlyaHBQUVVIamw?oc=5,Reuters,en,Russia sanctions oil,russia_ukraine_war,relevant,2
2022-05-31,Russian oil: EU agrees compromise deal on banning imports - BBC,https://news.google.com/rss/articles/CBMiWkFVX3lxTE5CejIyWXlHOExoT18xVHZwY1RweVd6OHhSVnNfNXh2N1pMN0g4LWk5T2VNUkpTanY3WEVPQ1NXNU9HQy1GVUNPUm9mcTdIcmUtUU52cjdPV05Edw?oc=5,BBC,en,Russia sanctions oil,russia_ukraine_war,relevant,2
2022-05-31,EU bans majority of Russian oil imports as punishment for Ukraine invasion - PBS,https://news.google.com/rss/articles/CBMipwFBVV95cUxORUVYRXR1cmc0Yk9mNTBVU09YUlFQZTFLYTdUSWlhR1Z3WVcyRG90bFdtUmRzRElRYnNvU3BwcnUzbF9TRTNsenl5dWxlcjRNTjlickU2dEpsM2d6RjB4enlMTFdHaTR1TGhKRHhLRVh4UC1TQjhfdFd0LUEySzhCTFU1NndhR0FMWHdTaHZ1NDFCSWZZWHhJdWhEQUFrSWFLazZSczFfY9IBrAFBVV95cUxPckI1elBLUVJCS0Iwenozb0pWT1RSc0xRcFVsd0lyZG45ZUxxU2hBWkhLaGlFaGZBcFpUQkRadURQMUR3VmFmMl9VdFdPLUo2UURmbE9QYWRBenRQakRwcjN3am1ydGk0d3FpQy1GN2NFajZqSWNjeFd2Y3gxLTNaV29PblNHcEFPNU1EdFhWY3JTUFhaS3ZaNnBvQ1oyc3MtVUdEa01Oam1xbjhE?oc=5,PBS,en,Ukraine war crude oil,russia_ukraine_war,relevant,6
2022-06-01,"Brent price could reach $150 per barrel on Russia-Ukraine war, oil import embargo - Anadolu Ajansı",https://news.google.com/rss/articles/CBMivgFBVV95cUxOUmJuZ3ZEMm1jMWJpYlR3VWJqSHZhUm5UdGdOZkUxZkNwX0p1dWx0SjVsSVVyVlQzaDJ3bThyWURMX2ppVGIzcXFIQVl2TVNSbkVjemo2aktLM2tfSnQxcGdNTU0tN3VmSDdlNU9Fal9Yd2dpOTJtRmVJQWpKMTM1bDZmZE5jbnNxajkzV2hheVJ5azdmQ3ZRSllFdWR1RFpPMTdnaTRGMkNVSDk0NkFlMllyMktQNURORDJMWFFB?oc=5,Anadolu Ajansı,en,Russia Ukraine war oil price,russia_ukraine_war,relevant,3
2022-06-01,Exclusive | Russian Oil Producers Stay One Step Ahead of Sanctions - WSJ,https://news.google.com/rss/articles/CBMiqgFBVV95cUxNT2kteE5nS21lSHJqbEhTZU15MC1pckNGQlNKVHI1UnFhaHc1eHFGR01fMjBBaFZ3emtGR2dPZER6NHE1Z2t0N1ZEclp4V1hrdWJSLXFpLTNubWVmSzMxRHdlTHVLcUZybU5Va0FhUmpMUVUzYlYzb1FNS1hzVEZYTFVVZXdLR0FMUEVjTkRsdFJSdXlGeDhLNHptNkxDeEY1TFZnOE1WN0tDZw?oc=5,WSJ,en,Russia sanctions oil,russia_ukraine_war,relevant,2
2022-06-02,EU approves sanctions targeting Russian oil and Sberbank - Al Jazeera,https://news.google.com/rss/articles/CBMinAFBVV95cUxPNVk4YWg5b3ZiMVo3UUVwOVo0TmVpM3lUc09od09YR0xJWXphZnpEdEFPb2p3QlVQYlZnZ2xfeVpjWUpzZTYxZUlhZ1Z3dmZnQXZ3TUZXT3M4SVVZRHMwQ1FTeHBNeFk1T1d2NjZ6M09Qbm1xQnp0SzFsanBZME1wVWk1dzJQcFlXZ1U5X0hhTmRFdTZWVjg3ZXhobWLSAaIBQVVfeXFMUF9ZM3A5WjRlODdkUkNrT0M4OWdqQzY2SUJrNzdNT3Q2RFV2SmZfTTBabnlaQ3p0VFdadndfMGF3OTd0MHpLOU9PM2otSGp5YnNoakwza05ZMy1KU3Fkck5JcnhuWUZNYXdiSzdiWnFOaEZJU1ZlOE14c2xRNFlycmhwQUV4b3R0SDdLck1EcFJ5R2FqT25QQkdFVWJnLTYxUkxR?oc=5,Al Jazeera,en,Russia sanctions oil,russia_ukraine_war,relevant,2
2022-06-03,"EU's 6th sanctions package against Russia, including oil - Reuters",https://news.google.com/rss/articles/CBMiqAFBVV95cUxPcXVDTFd2bHJIYTdWTks5aDVXOWdQcTdtT3ZSX1UteW53NXYzZGRFc0VWNFNYX3o0YmRNd1dSVkUxa0owRUFCaWRDamFlN2VraGZRX1gxR2FBUkRnOGtGLUl2UWEzay01Wm5RRmVtci1sZXc5cm1xN2I0VGhxVUtiekFXNlRDbmgxQnh2QVFEeHZUXzdGWW96V1RwRFpERzVWY0dJZFdGSjg?oc=5,Reuters,en,Russia sanctions oil,russia_ukraine_war,relevant,2
2022-06-08,New Ukraine ambassador calls European energy crisis an opportunity for Canada - CBC,https://news.google.com/rss/articles/CBMilgFBVV95cUxNeGlvMldqU0ZwSktnazNlZmMzWjlBZ2RkQUNUdWlSd2x1YmtFY0cwYTk3MzFnYjBSSXp2N21RS05ibVBIaklrZTdNOHhzNUpZdmFOMEJKZEVFcDdvTFp3MzRYazYxamlCZ1pVb0huN0ZtdjNSQ3NYenRwaGkyam9IeHBmLTRCREhoRjZGWjQwTmdOME4wSmc?oc=5,CBC,en,Europe energy crisis oil,russia_ukraine_war,relevant,0
2022-06-08,European Union Imposes Partial Ban on Russian Oil - CSIS | Center for Strategic and International Studies,https://news.google.com/rss/articles/CBMiggFBVV95cUxQWmRTVjgtVU1BcHY4M3VDZnpzRkc1MTJ3SWdUMjA2M2ZHc25jNFRpa1FQdDJRZS1mUEk0dHc1OHI4cnR5NlI4X2NoOGJJb3FCcm1FU2RhdWpXMDI5dXdIWFNRVDlZcVdjb3l1YVpGSlRuTEVSMTYyMlljV2ZxVXRZNVNR?oc=5,CSIS | Center for Strategic and International Studies,en,Russia sanctions oil,russia_ukraine_war,relevant,2
2022-06-10,Russia making more money off oil and gas than before Ukraine war - South China Morning Post,https://news.google.com/rss/articles/CBMivAFBVV95cUxORDNzU3ZJbGhLZUxDNWFEU2ZhcndrMlhBNnJrT1JsZE9YRjhRZF9KUWFzV1k1ZmZIN242UFlVZXJfSHNVNnNIeXBHZFpWTjVaNzZ2bkE2Zkg4TWNtMjc2TFlnRFN5NkVUbUJpd3I5QjY5c0J3cEpMRDZ6eUFMc0VscFk0R2V2TmtjaU85NjRSM1BodnhpblB0WFJGMGt6SjBRSVlPaHY4bENFYUR6TGRLNXVVR3ZiVjZfMGMzbdIBvAFBVV95cUxQYXVnV3hoUVAxcmxYc2tBaUV2VENhY0dRUGJlLUZWMUFFNldtN2NSM0Rxdkt2UF9abVZqQ2lCQUhQY21wN3dtanRBZ2tDVkZlQ2FQTHVXWGp4RzJINTVzUnVjRXlqdUQtZTdHQjFfZ0taM0VRbWNZQ2dOSEo2ZXZ3OTQtTVhtcWxaUXNWb0FUcEQ5ZVlLOXBRX3lMWi1FTlpGQktxNUloODVtZWdQemRNMUNNaDFvcHlYR0gzRQ?oc=5,South China Morning Post,en,Ukraine war crude oil,russia_ukraine_war,relevant,3
2022-06-11,Iran says oil sales strong despite effect of Ukraine war - Al Jazeera,https://news.google.com/rss/articles/CBMimwFBVV95cUxPSVlIVTFuU2hzTjVkazBwQ1RndVlTb01nRGUyTFA2V0w4dk1GMFZxTzhiSUVyYk1qUjBpYzd2WXJSeTJ6Z3JqY3A3eUQ1Ym9jQVduUW01SWgyVEFhUVFKRDZsUFczYnN5aGI4QjMzbHFnb3J4cVdCNklzZlQ1Vmc1bFp5NVpCVGtJcFBtdm93MWZPeV9nU3NRTFF0NNIBoAFBVV95cUxOai1oQjZsSnhGTjlLUmZPU18wSzFQRFpLSVh3ajdSbExqenItaGtiRGdhSkZEblJxUmFreXpBS2NfUEpoNUswUHlGb0ZDOU5oc3JmUjZmWmNJRHhpUlRZZERNNy1Qd1VNemQ4S0toZ3pkUXgzZ0E2YmxmdjlRUnVRX1UwZk5ZYnR5OENDOFZrYVdMTXhsZklXNFpZc05CUlpq?oc=5,Al Jazeera,en,Ukraine war crude oil,russia_ukraine_war,relevant,5
2022-06-13,"Russia’s Oil Revenue Soars Despite Sanctions, Study Finds (Published 2022) - The New York Times",https://news.google.com/rss/articles/CBMigwFBVV95cUxQbzJxemZ5ZHlmNi05b3Y5bHFuUk5fa0puSzloVHVWWnJUUThUTTlicWlqQ3B3RWJYNnlFVUNBTHRtU2l5clpMYklDaHZPTmJZMnF4LTd3Z2RjU0hzNnN4c0xzNGtMU2dfTTJVa3IzWkFTOEN5MlMxdDBEelVKbTZ0WmdWOA?oc=5,The New York Times,en,Russia Ukraine war oil price,russia_ukraine_war,relevant,5
2022-06-13,Russia ‘earned’ $98bn in fuel exports in 100 days of Ukraine war - Al Jazeera,https://news.google.com/rss/articles/CBMipgFBVV95cUxPaUNPWllSWEd1NE5LRmhhWm5Rdk9vNmxSSFFWSXB2NHJyUEFvSkhwTFdKRlltWmNNbUVpVVk2Z29DM3llR3lYQjJVekZoS0J3SFJDOXNMeFNOWTk2OGktck8yX0tqcVg1MENLaFJzSVhkQTFfd2hCMUhGbEx2YWoycEVnai04YWdjT2NEUkQzSGVCcEw5Y19FV0UydzJzVWtiZDk0LWln0gGrAUFVX3lxTFBYVWlLWG1nbl9EaUJvc245THBkM1lQeV94ZjJLRmhBYW5IdUhoMEdTbm5hSDV0a1hBNElBcXRLalN2X0ViTEhwR25pc2gyck1OWHRscjZGU3Qxam01N3lpV0ZQWGxWNXpDc3JXSDcwZExoanlPczV5NHd6UndFMl9xR3VPNGxMQXhONUJwaV9JZlpIS2EtR1FZZjFYM3RMdFEzT3ZTNURfaGJYYw?oc=5,Al Jazeera,en,Ukraine war crude oil,russia_ukraine_war,relevant,3
2022-06-14,The war in Ukraine triggered a global food shortage - Brookings,https://news.google.com/rss/articles/CBMikAFBVV95cUxPNklkRmhSZkJlT2xaR3RINDUwOGxiaVhqSVotQU5SbVN0YnJ3UklzUEdpVXFHeDlidkJjN1VIY2VQMHJPLTNMeTNvZEJzMW9yVFRzaUlFbXdOdmJxbTFsdUgyeHhUWU5qdGF4b1I2X01DalpUdjBrWHNFYm05R2x4RmwzWEF2cTdQLUQ5S2RNMV8?oc=5,Brookings,en,Russia Ukraine war oil price,russia_ukraine_war,relevant,3
2022-06-15,RESOLVED: Japan Should Maintain Investments in Russian Oil and Gas Projects - CSIS | Center for Strategic and International Studies,https://news.google.com/rss/articles/CBMiowFBVV95cUxQQ2dHN3ZnQy1haWZzYzFjc3VSdTFFeVFGWTIzN1ZXUFVybU1URkotdklMWHo4eTdzZV9Ud2RlOFhRRUdlaUIxYUF5TVkwd1Rnd0RLTjdicjBieVFWbnA3azVrSlFSRDRXWVFYQkVqTnB5aU1aUXlIZkd1MFNKV3ZWSHhYeVNDU21Gd0JoaWlQRkZBRXQtdDRwUUduR0V1Yzc0NnJJ?oc=5,CSIS | Center for Strategic and International Studies,en,Russia sanctions oil,russia_ukraine_war,relevant,2
2022-06-19,Ukraine war: Russia becomes China's biggest oil supplier - BBC,https://news.google.com/rss/articles/CBMiVEFVX3lxTE5ZelZXblNacFh5TFBFZHgzVGdpdzdKTGxvUXFqVGxnSU1JTzhDeHF4MG5EMzJhNXNXVEloeVp1VVNuZ3hXd0l0bkhqX19CSVBzT0RHMA?oc=5,BBC,en,Ukraine war crude oil,russia_ukraine_war,relevant,3
2022-06-20,China oil imports from Russia surge amid Ukraine war sanctions - Al Jazeera,https://news.google.com/rss/articles/CBMirAFBVV95cUxPUVBOd2xJWklOR0ZjNlIzRzZVS2dFX1pQR0V4OTl4RTdXMmZqWkswUUZpd0FyUklucGI1LURBeC1GQTliNEJzN2pjNEVGRXNlZEZDckhiRFdzS3VCQnRsMHpfLUFfbURXXy1uOXVEX1NSY3FBUWx6V2J2RmZQbjYyMnF1cUs3LXB3b2NTZzJSWWxzeC1vbzlxbzdqWlNZNGxIYUdjN0g0WWJ6UFlu0gGyAUFVX3lxTE1icWlzSTI0WjBtSzlHNGpaZm5RM201NkhpWWlBTkxTWXA0SE9mLThHSGxGN0p3YWJ2VHpibkgzU0VsZmY2Tld2bVpIN2RtTDJEWHM4cjV0RzYyNWJ2ZHdTR0UtQ3V1cjR0X1hmYWw2R2IwYlBpdWp1dE9rMzBsSmJlX0p1NEY5SWFVNEVwaTcyRGx3MW1vaFpjYl9PeWhCUFNEWmdXRFNBNVR4MXN1aU12V1E?oc=5,Al Jazeera,en,Ukraine war crude oil,russia_ukraine_war,relevant,5
2022-06-20,Russia becomes China’s top oil supplier amid Ukraine war sanctions - The Guardian,https://news.google.com/rss/articles/CBMitAFBVV95cUxPMG5HSHQxWTRieHBJcjZ6REpZZi1nMkxFOEwzR0E5OFVZVHMtVFhsMXUzdVo0YUloNTZlVGVyT01CejVtQVhoaTdQYVE0SEpPTVRaWHgxTzZ0NzMweEJ0R25naHp2cE5BTUxwbTMta1RIZlR3S1pQQ2NxamVzVVkxMUU4WnAwM2c2THVvN3h0TFFGYk9mM1dYbjE2bUdhZjVjQlJQN18yemt0NEt2OU9XRFNUSUI?oc=5,The Guardian,en,Ukraine war crude oil,russia_ukraine_war,relevant,5
2022-06-22,Strangling the Bear? The Sanctions on Russia after Four Months - CSIS | Center for Strategic and International Studies,https://news.google.com/rss/articles/CBMihwFBVV95cUxOdXRUbURJUUJ0T3NTcmI5dmNlRHVnTUdzclVYay1MRUxQZDFXdS1DR29rWV9Hd0pqLWpNeEwtRlc0NHNjLU1ycmpYczNXMzR6dzRLODNOZXpXZlBPTF9uemZQd0JGbEV2SDdJUEdjSUFDRzg2MVZSdjV4MTBzNGtqQ3JfLS1iSE0?oc=5,CSIS | Center for Strategic and International Studies,en,Russia sanctions oil,russia_ukraine_war,relevant,2
2022-06-23,How the ongoing Russia-Ukraine war affects Nigeria’s subsidy and energy prices - EnergyTransition.org,https://news.google.com/rss/articles/CBMitgFBVV95cUxPa0Y5WTJYLVl1dndPTG9Gd3JqeHZCN1VlMnd2NzFaRzR5R2w0TjVmNVJ5QkZTa0FpN1pBcDl0ZnFEQ0I5ei1tdG5DUW50ak5YTHhQWWE3bWlCMzdGWXBmUnpJaU1vQmZ5WU9XajdBZWx5MjBDUVAtNmx6bmNGQVJYbG41U3ViNjdFelluR0JjOUE3OThhZU1PTGhkNUw4cTc3Smo2VFZWUk1uTF9xeE5RQmdtYy13Zw?oc=5,EnergyTransition.org,en,Russia Ukraine war oil price,russia_ukraine_war,relevant,3
2022-06-23,"Sanctioned Russia Becomes China’s Main Source of Oil, Customs Data Show - VOA - Voice of America English News",https://news.google.com/rss/articles/CBMirwFBVV95cUxQc0tVMngyZzlfX09hVjVFN3pfb3V4SVZHSzMyOFM1dmQ4YVZ3WjdGV2JiSjNSdTdndkhZT1dJUENJQWFMaGw4cjIzSUJKQ3pYaS12VC1wOS1RLWxLaWhhWW1oZ0RYRGJSRkl1bWNqQThER2dxbEhOUDkyTW5JMkdDdnBVMnpaRkdqbXRhWnNFaXBxd1kwZlV0b2FWTnVybXZGWnlZUW5aNmlEajNBSVZR0gGyAUFVX3lxTE85VzltSmtsUllIX2hHUGZsVXdCdm5qYmVMRUhCSHE0Rlg0eEppbGZMUXdtakl6WVA1OGdNd0RQQnpuRkl1YmdUc3Jfekl4X0N3WjAycVEtN0JWNGloRFJBQjllYXFvOTZqWUR6eWluSVk0RW9yTlFIQ1lPNThlNkpuNUpJUjVIcE0zMnBrUE1waExhSXkwMVNrWThxUjNHNWJQNTdETi1ORHNYRkpKX3pjenc?oc=5,VOA - Voice of America English News,en,Russia sanctions oil,russia_ukraine_war,relevant,2
2022-06-24,"In Russia’s War, China and India Emerge as Financiers (Published 2022) - The New York Times",https://news.google.com/rss/articles/CBMiiwFBVV95cUxNU2d6dWtCenpZMC1aYm1LSHZmU19JaVdPTEgyUDgzbk9Ba0t3NDROSlNuWTdvTERhVDZza1VEMFdaUmdzQXZWVTFNVGx4cXpock9HTGZLS0YyRFFrSDR0TXpvSi02UHVveVVmR1UxRGl4aXZWR0dnMExicWVLN2pRdHFZVGx3YUEtU20w?oc=5,The New York Times,en,Ukraine war crude oil,russia_ukraine_war,relevant,3
2022-06-26,G7 leaders discuss price cap on Russian oil over Ukraine invasion - Al Jazeera,https://news.google.com/rss/articles/CBMiogFBVV95cUxQWnVtZUhUbDR4WUtSbmZKbS1SVzE3MjktZlV0cEVBNEJhbmszamF6ZTdWV3lDQV9OaFZzSW9sWGpBUWFVUm5pU0xYM01CNkRnQTF0aHRoXzAxRnItWlp3ZTlfb1hfVUhGaHJzZTVIMHhjRGpLRERaQ3ZvWXdfRC03aFRPa0QxXy1BbHYtZG9TT2FqNENxSy1SbDJCTWJVd1Z4YVHSAacBQVVfeXFMTkNHZU9QRzVwenRia0k2X3NwekpOV0o5cnBlaklPcFhsWm1PYzRVblVPdVdlR1VMVVljT0Z4UDhSaDNmWTNkUC1PZGdGTlVfTC1wS3Z6anNrblA2amRLRjNjdXh2bWF6SU52Wl9iWVFkQVVEYnVLWkZ5NDZjN2xXVTNHb2lpYjV0d3gwMU56TEVoUG54Z195RzNDd0ViYy11ZEpXZ2ZIVVk?oc=5,Al Jazeera,en,Russia Ukraine war oil price,russia_ukraine_war,relevant,6
2022-06-27,Can price caps on Russian oil tame the Kremlin? Our experts debate. - Atlantic Council,https://news.google.com/rss/articles/CBMivAFBVV95cUxNSHZRWUhrNnZaUWlsdTR1NFJXNTI4WkVkeVJwakZub3dGWmNMYzVaaUlmRnBZanpJZ0FqQThadGhFdDZyWlhrelRyNzBySVdsTERMWDhkVkZuZU1XM0R6bXV1LWdsVkxfOEZMSHc4cFc2U0x3SFFLbG1sRDZ4NVlLcU9iYVRBNkl2WXEwLTlxX3FyYVVNLUt5NWxRa2RLaFNQcVItTzB5eUhaSlBGR0hiUHZPRmd0QnU1RUtFUQ?oc=5,Atlantic Council,en,Russia sanctions oil,russia_ukraine_war,relevant,2
2022-06-30,Russia’s Invasion of Ukraine and Its Impact on Stock Prices - Federal Reserve Bank of St. Louis,https://news.google.com/rss/articles/CBMimgFBVV95cUxQMEE1M1J5d3RmQzdDWllTSzdKVjh2NTNrd1dKb0EtRWNyazhHT0NGXzJsZ3hZczVCOEVrdmVUMXZZcFRibXJnTTB4ZkQ2V0ZWcFNYMG9DOENuSW1DdklaZ2dTd2g3MU5ISWxoZVZQcHhxbDZ6VENaZEtObG1ZTWJQQWV1U291Y200V0FPaFlzZi1Zdm1WTGFaNDZB?oc=5,Federal Reserve Bank of St. Louis,en,Russia Ukraine war oil price,russia_ukraine_war,relevant,6
2022-06-30,The Impact of the Russo-Ukrainian War on Iran’s Oil Exports - Emirates Policy Center,https://news.google.com/rss/articles/CBMimgFBVV95cUxNZzl0RXZ0RGQwTnBOWTJVU19NNnBoQ2dNRmRYUWhJNENVd0RiOV9La2owcUE0bU96QzcxbHE1cF9vTU1TM3ZMRm5WenpfVHUydXFsZHhHbTQ1SHBrc09tU2p6cTZOZFZmMU5HcHVhbFhjdmp4aHM2WnJKbTBmMWZWeThGZFhwNmtlXy15OEFydE1jRXVPTG82RGh3?oc=5,Emirates Policy Center,en,Ukraine war crude oil,russia_ukraine_war,relevant,5
2022-07-01,EU’s Russian Oil Curtain Call: A Crossroads for Climate - RMI,https://news.google.com/rss/articles/CBMiekFVX3lxTE1Gd2Jxd2tVOFhQNThRbGUxWE8yM1p0UnQ3QUpaMndJbWVDelVwcENpbUFsR3VmNmxPWDcyMm5KR3k1bTBsbUstRDBWektNV0NZMkFEcUVWdzFUazRHeXoxcjdFaEpmQ3VPbFRXRkk1WnFiNDR1cFdyRXVB?oc=5,RMI,en,Russia sanctions oil,russia_ukraine_war,relevant,2
2022-07-04,Can the G7 proposal for a cap on Russian oil prices work? - Al Jazeera,https://news.google.com/rss/articles/CBMioAFBVV95cUxNUHltdUt6eXpzY2pBZVprcFJpRkk1ZzA0MkdscGMwbTl5NHNWVHlEVXpTNlEwWGJDMXoweEJGcHJuZ25GaXU4UTRXV3NfZ09fWWNqbkl1c0lnSmpNaG1PbUlUVHRZMmhuS0liYmVQclRmLTRiX3Fqd200aEZuRVh3N01tdF9DcURJNUdGdHBxU24xVUJ6RWdkdnB1TUV0WW1o0gGmAUFVX3lxTE9uTVMxcXZvd2pOYnNDd0VMdEdlb3E4YjlyLWxLSFdBbjJHR2VmdmFCeEVDMEV3R3daRDFqQ2pjWlM0ZXl3dWQ0VUlZeTFob3BSY1cteDRNSllBdGNVTjFBQ21yZW5UNXRDYUZ4d1JPNnJ5aFZfaVVld3NET0s5SkZQdFZTd0hyajJ5eGQxdnJZSm1NZGVRa1FQLVpjS1JTWDgzVEJzWmc?oc=5,Al Jazeera,en,Russia Ukraine war oil price,russia_ukraine_war,relevant,3
2022-07-04,Russia’s oil is in long-term decline – and the war has only added to the problem - The Conversation,https://news.google.com/rss/articles/CBMisgFBVV95cUxOQ1p2RzJrWVplMzdJX1BwTzNwN2dIUEdDVW8wUkNLakl5ZGpxWHg0NGtCRUhfQ1FvVE9FRExVSEFCeVhSUUJMX1AzTlBWWko5X0JFbHV5U2hyT2Rwd3d4WE5ZTlI5RTR2aFo5VkRIQURxNjM4Q1h1blA5cVR2SGlpME05TTloVFVFUnVjS0h5eVRoUU84ajhWS0R6NlJMY19HeUZaNjZmWVhoWDFwUFlhell3?oc=5,The Conversation,en,Ukraine war crude oil,russia_ukraine_war,relevant,3
2022-07-05,A strike in Norway could cut its gas exports by nearly 60% and make Europe's energy crisis even worse - Fortune,https://news.google.com/rss/articles/CBMiigFBVV95cUxOVHVpTTlwalFMcnQwOGE4dTg4S18wcWVIMUlXSmFTN3BpbnRYTUFIalFOaEdSaThQcEMzaUNmWUp3Ti1NVGJQZ0lZeVZYUEx2SUwyQnF4QXNYRnJLc1VqUW5iLXZNclljeVZxTFFoWldhNmduMXVBLWwyR0tvc0g0ZF9HM0xRalgxVnc?oc=5,Fortune,en,Europe energy crisis oil,russia_ukraine_war,relevant,0
2022-07-05,The story behind the proposed price cap on Russian oil - Brookings,https://news.google.com/rss/articles/CBMilAFBVV95cUxOSm9qN3JveDJCZV9XeU1iUkoxWU5jbFBiNUM4dU1jTHM4R0pwamZ3N2lQajQxekZuckdxSzlPMkYzZXBSUDFVTkxPdGJKNlFhTWRYRklDcjRoWll6WlVUNFRMU2lHdVpJMzgxeXdKZDRkQXVwYTlIT3hZZFVvWllXNXZLU3VNNWJpeXV5ZjlRajFMSGxJ?oc=5,Brookings,en,Russia sanctions oil,russia_ukraine_war,relevant,2
2022-07-06,"EU’s Sixth Package of Russia sanctions targets oil imports, professional services, expands media ban and trade restrictions, envisages confiscation of proceeds of sanctions breaches; Belarus sanctions are strengthened - White & Case LLP",https://news.google.com/rss/articles/CBMiwgFBVV95cUxNN3VVelhlemVwSHZzNjBBMXd3R3BzOHNZVU9yY0lBWU1HMHVTRG5xV1JvV1RDWjYxYlRSZGxlbU9JRGlmWW9ZRFNScTk4ZUxQSHFVYzNrNUpnMW1PNmVZWXl0WTE3TVdRc1lmOWM3QXZNLXVObDFQVzBBOVAxNVFodFhEbzhaR0U2bXgwdjlpSXJfZElJNVJpbGdUMlVGWUZ1YTM2RHFsMWhjSGxxYWdTQUhET0Y3ZUMzR19lWUFaNGIxZw?oc=5,White & Case LLP,en,Russia sanctions oil,russia_ukraine_war,relevant,2
2022-07-08,China's Imports Of Iranian Oil Push India To Ignore Russia Sanctions - ایران اینترنشنال,https://news.google.com/rss/articles/CBMiUkFVX3lxTE9uaHl0b1hoX1FUQ2JXc0RhaGNQejVNaEoyaVgyazJfM2JnT0VnVkcxdUVkQ1VJdDh5d0xsWG9Qall6czFOa2RpbDNoTjFIWTJIMGc?oc=5,ایران اینترنشنال,en,Russia sanctions oil,russia_ukraine_war,relevant,4
2022-07-11,How Europe’s Energy Crisis Impacts the Clean Energy Transition - Sustainalytics,https://news.google.com/rss/articles/CBMiwgFBVV95cUxQbHhkcnB6VVlkTEgyaEgzVEo3ZE1wWlpVMHlfVmRnNnNSUHJGcjJYX28yZzBiYmU0Mk1ZU2ZuQkZQN1pTeGhGTERxOHdwX1VMWkZpVDJtbXRzVW1hYWpRVHZwS3VGbUNreXZCeW5mMVpiajZTalQwYmxBTV81eWo5cHF0YnRpcVg4ZG1NWEFlUzd2RzVPa0JSVEtSdktoLXZNbjAwRTNXeUQ0a2hLWEtLMU9jQlEtdFpDNkM0MzdKVkFmZw?oc=5,Sustainalytics,en,Europe energy crisis oil,russia_ukraine_war,relevant,0
2022-07-13,Europe’s Tiny Steps Won’t Solve Its Energy Emergency - Foreign Policy,https://news.google.com/rss/articles/CBMirgFBVV95cUxOa0Z0ZmFoSzJuVVVhUUhLR1BOV1ZuaFFuX0FQYlF3UHQtMUtpbTVYUEtza2dnTWhRODMyMVU1QWdSTzQ5THVHX1RiZExOV0Nvc2tqM1M0UUN1NmVwU3h0SkdMZDdQZHdIcV9iaVZrczBnNTFiOVdHTEFpbnY4TVc3bDZrZ0JOYTBPVHZhY29CN0VSWmZOajZIUTBoenpub2VuakpTQU9tUUxqa2tkNmc?oc=5,Foreign Policy,en,Europe energy crisis oil,russia_ukraine_war,relevant,0
2022-07-13,A possible G7 price cap on Russian oil: issues at stake - Bruegel,https://news.google.com/rss/articles/CBMihwFBVV95cUxNX3NLZ0lYM0ZldHJMczFMWnBjR3c2WWl0WHliTlQ4MUNZV3EtZEMtTXNRUUdCT2FQb254bGtLYXZmRGM1cG5feTQtNkYwMnU1TFpNaTZzRUV4QTlGYXd1d0RuUzlKcVIyb1BySEVrZjRndmxFQ2xsRkludC1TUUVyakRxeFJtTTQ?oc=5,Bruegel,en,Russia sanctions oil,russia_ukraine_war,relevant,2
2022-07-14,Europe to Africa: Gas for Me but Not for Thee - Foreign Policy,https://news.google.com/rss/articles/CBMi2gFBVV95cUxQcTFQU0N1OGVMLThnSTVIaGNmdnplM0NJeEpnWXBfR0s1cW5uaE5RTTdLNDRQaFM5R3Z4N19BNDhtdXJ5S3FMV2hnRGlrZ0dNNVJ6ZG9kZm4yYU8wTGFFNVB3YTl4eVB3aEZwTjJXVjR0eG4yblZmSnBvUlhjZXlSSW9Bd2JicUktaVFqR3RHU25Ca3VnV291WHpKM0hZNElRd25EX2l2d1JSNmI2eThUaGNiZFg2aDJxSDFjSTJuY2htNG1XUm1fRER5amVab0o4aV9ZR0wtZTgtUQ?oc=5,Foreign Policy,en,Europe energy crisis oil,russia_ukraine_war,relevant,0
2022-07-14,The impact of the Ukraine war on global energy markets - Centre for European Reform (CER),https://news.google.com/rss/articles/CBMid0FVX3lxTFBqREIzR2czWjY1MUtBd0dTbjNwWVp3Qlk1WUlpV1ZZTXlnZExTLXR2TEhyeHh2Wjl4TV9LRWtXNGtVcTYxUFdjaGNXazl3b0NDNDFhbFFXbGo4Z1pCVHp5cE1nQ2JvdmF6RkdZaGxnUkY3c1VDSWVR?oc=5,Centre for European Reform (CER),en,Russia Ukraine war oil price,russia_ukraine_war,relevant,3
2022-07-16,The sanctions against Russia are working - EEAS,https://news.google.com/rss/articles/CBMie0FVX3lxTE9FSFEzREw2c2MyaXFMWVk3OGNLRmZiWkg4RXpIYlNvYnhjd0JrWWNobEN4R0p1aGR5TlZFel9FejNvWmx5ZDk3X0o5TU5wYjZjazA0a0pCcmZxS3A0M3FqbU1MWU1CUUYxTE40WTJvcjZxdUZRQ01EVW5Saw?oc=5,EEAS,en,Russia sanctions oil,russia_ukraine_war,relevant,2
2022-07-18,The European Energy Crisis: How Are Countries Handling the Gas Shortage? - Earth.Org,https://news.google.com/rss/articles/CBMiWEFVX3lxTE1Ka3pHZkNZcnIxTGZxWlJWcjhfN3ZwQmdHSUVsOXBGWkh4Vm0yM3NDc0EwV2R0Q3E5YTlZU21LMzJ3VDlFUlpNdzBBR3FrOVh3ekFaTE8zcXU?oc=5,Earth.Org,en,Europe energy crisis oil,russia_ukraine_war,relevant,0
2022-07-21,Examining Norway’s Crucial Place in European Energy Security - Global X ETFs,https://news.google.com/rss/articles/CBMingFBVV95cUxPX1UxZVBFTjBLQmpzd05Ec0F4UUpoTmVQR1QtMWlOTFVQZmxXQmU0TXpncmtFQU9XNUVFenQ2MkdmZzRDaVRCOHdnWVFsR2JidnpCVlYyUEd3c2dMQzlsc0lTX1JnRG5CbVFUdEF0RkNsMWI0bUQzUGlNTGdnMG1XZDE2Mjg2R2d0OGRFUy1MT2NSTk94My16clBRYVJmQQ?oc=5,Global X ETFs,en,Europe energy crisis oil,russia_ukraine_war,relevant,0
2022-07-21,IEA Chief: Europe Has to Cut Gas Use or Face Brutal Winter - Foreign Policy,https://news.google.com/rss/articles/CBMijwFBVV95cUxQcmVySTZpMzlsdVZaY0MwUnRFM28yb0RIQk15MU5ZOHdsdERtb0lWMEVkeVZua2pEZURMaFc0SWc4QWs5Yk0xWktlaGtuZG5MRm85YkRReVBaTklOR2VBcWtZLW1PQjFTVmcwQlVJbDBEMXNjQjVVQkNvcUg4dVNPRkJPbVZsaC1MLVFXUjl5TQ?oc=5,Foreign Policy,en,Europe energy crisis oil,russia_ukraine_war,relevant,0
2022-07-21,War and Warming Upend Global Energy Supplies and Amplify Suffering (Published 2022) - The New York Times,https://news.google.com/rss/articles/CBMihwFBVV95cUxNeWdNbm05YjFLQmFUSVhuNFhNSy0tbFRJMS1pX2ZRWWJIenFjUFBEMTdhX292NWJDNGhFM3paVWZtQk1MU0tNMUxrU2tVYmdCZ0dGRDdpbkp1U0hNajV2VC1HZEdlOWVPMXFZTHdEMUVHS0lQakRFVmI5RmpybVM0M2Q0UFZ3VlU?oc=5,The New York Times,en,Europe energy crisis oil,russia_ukraine_war,relevant,3
2022-07-21,A transformative loophole: American sanctions fail to screen out Russian-origin petroleum products - Global Witness,https://news.google.com/rss/articles/CBMi5AFBVV95cUxOemlxakEtZ3l3NjNmcWNtOXpNdWNTX0ZOTDNySUJET2liNG10ZXZyYUhrUHBUS3VuZTJDNHBpNzVzVy1vOUQ2bVd3NlZGYW9KYXloNUVoNHlzWU9MRVdkeWN0S3d2eVNnRTBKODNoWlg2aloyNnNoemRxcHJJdHo5VzVGd2hJVUo5XzNibG8ycWNUdE5XdmVhSU1tRkJnWnZZay1IWTlPRjNvQlZyb1ZTdWY3MmtXbEhWYWVNZVhaRzFaZkM5MXhfOXBjdnhBYWg1WkxMRTk3V2hvbTF0eTlJdkc3OG8?oc=5,Global Witness,en,Russia sanctions oil,russia_ukraine_war,relevant,2
2022-07-22,More Evidence Emerges Of Russia Taking Iran's Oil Market Share | Iran International - ایران اینترنشنال,https://news.google.com/rss/articles/CBMiUkFVX3lxTFBEQmhoREROZk50aFNmUFlMT2d2T056ZThKSVNQalJBdjFrdVNoQndBcEU1RGFBUjlVRHhyVDlUa3o2eDFKOFd1aTZsdFM0aVhqSnc?oc=5,ایران اینترنشنال,en,Russia sanctions oil,russia_ukraine_war,relevant,4
2022-07-25,5 reasons the energy crisis could deepen - Nepali Times,https://news.google.com/rss/articles/CBMickFVX3lxTE1YVzluOExVV1JKV1BfdlV3dDNSQVFydk4yNzJmMEYxZE1OVFAwZk1nWlZxTEtnQkdSWTNUNHlaX21lOHNTbE1QZl9Tby1GTm85VXRweDlSX0ZrcFdIRl93emt4eWNiU2NCTVc0T0Y2MEc5UQ?oc=5,Nepali Times,en,Europe energy crisis oil,russia_ukraine_war,relevant,0
2022-08-02,Will Norway turn the energy crisis into opportunity? - GIS Reports,https://news.google.com/rss/articles/CBMiZ0FVX3lxTFBnQnp3MGNqaDRiX1JrbU1CY0M1czdsY0RBQTVNZTZkcmxjcmF6bGZpRWtPMmpCYnpPLVV4VzI0UVdKdWo1S0ZIdmlsVllxT2tqOFdfN044NHY4UkJESEk1YU9CN2JQOTQ?oc=5,GIS Reports,en,Europe energy crisis oil,russia_ukraine_war,relevant,0
2022-08-02,"Low Water Levels Risk Closing Key European River, Disrupting Energy Shipments - Time Magazine",https://news.google.com/rss/articles/CBMie0FVX3lxTE9fdzNPdW53Z0ozYnhKOC1CVjlsVE10SHZpaVZMZzJQWmtQdjFvcnNnYkxOWFdDb3lvWXk5TGF1NHA2ZVNSMk8wNWZFc2JqNlY1M0JEOElLekZoTTZSWlFZT1BGQlpFX3F0MnVSX2lJc19yc3cxWTJfRzVuNA?oc=5,Time Magazine,en,Europe energy crisis oil,russia_ukraine_war,relevant,0
2022-08-02,Reviving the Petroleum Administration for War: A Case for Government-Industry Partnership - War on the Rocks,https://news.google.com/rss/articles/CBMitgFBVV95cUxNc0xJNGdIQUhHSEI0SEpDNkdIZnpBX3lXaGFVZjVkeWVNTG5jeklHaFVRVzVtcjhSSzNQQUVyeEg2Y2JGNlFCM0gzMnVZNEFLVE56UE1NSXRud3o0bXVEclFheXpCZVQtbzRwOE5Fb3FuQm96SDgtQ0wxYWVZLXoya2R3b3k2ZE5La0xva3NwbTAyejJ2UmxYbHFQX21hQjlfR3FIc2ozbGlMZnhMcE9ia1otWTZoUQ?oc=5,War on the Rocks,en,Ukraine war crude oil,russia_ukraine_war,relevant,3
2022-08-04,Crude oil prices have tanked to their lowest levels since Russia's invasion of Ukraine - markets.businessinsider.com,https://news.google.com/rss/articles/CBMixgFBVV95cUxNY2RSeTZrRUxFR18yN19XdVFpc0hQc09NSXJXbFFWQ1FYVUExMHBESFhXQmFZaWZ6RFc2MUd2RHpXQzZuOWllUGVKM1R3SENndGY2S290Q1kybmdUVmpBdlJnejJvVXN0WU5uRUwzdWxqVE1sX1ZuWjR0cDFwMjNKc1RmWFlXT2ptcUdnRmFmSUtvVVppZVJWRjBNZUYwUUFNdHk0YlpMTF90clFaZVpETEVFSmRmNkpubGM0T0h3M3J5TjU5N1E?oc=5,markets.businessinsider.com,en,Russia Ukraine war oil price,russia_ukraine_war,relevant,6
2022-08-10,Druzhba Oil Flows To Resume After Weeklong Suspension Blamed On Russia Sanctions - Radio Free Europe/Radio Liberty,https://news.google.com/rss/articles/CBMihwFBVV95cUxObHFrUVJ5MGs5a1d4bloxVUh5LVozTVAyU0hjTHZaNGRLX0dGbmpRSjRTanNCSnA1RkN1OGdCNG83T2plX2NDRFVrVUNoWjU0VjJjcXRneGk2ZWNZOUY1bWtVOHNXLVJqRGVVRlZ5Vzkta3NZTXlsTmZtX1dlenBXc0NTTVpfY2fSAYoBQVVfeXFMTXZyTnl1c0JhT3R3dUxBajdRZGFfM0MxYzVpODJUQzJPaUt3Z2NKTzhYbWNsNUo1UlpuWmgyaElvMGNhbUpJdEFsUXZ6NzBwSWpjLWNFNy1EbXlTXzNCOTRoMnFzcDdlbE9xcFk1WXpiWUxyWmNoZE5ZTTluaXctZm93TXRkUEwwZFpR?oc=5,Radio Free Europe/Radio Liberty,en,Russia sanctions oil,russia_ukraine_war,relevant,2
2022-08-25,Energy crisis looms in Europe as winter nears. What’s at stake? - Global News,https://news.google.com/rss/articles/CBMic0FVX3lxTE4zR0VCX0paczhxbVpvRklCNVJMWWY3MmVlMGwwV1pSSVcyVkFpWUdzd0NONHd4Q2czcHVIZkxOWnZrbndJb2RYUXU2anZuTGlUc3M4NVBDNmtsRS1pazFqS1dkSy0yZUsxTktlZ21NODRnQUU?oc=5,Global News,en,Europe energy crisis oil,russia_ukraine_war,relevant,0
2022-08-26,"Forget showering, it's eat or heat for shocked Europeans hit by energy crisis - Reuters",https://news.google.com/rss/articles/CBMivwFBVV95cUxOOExSNXdIcFlydVlCclhJVkFDN1E2eFN2a0dVcW1hOWdoSHc4dzVnYmpHWnprdlRHWEVPZkV4M19OT0o3OG5SZHRrZDBqZTZmVnZDUWVqd0NBNVZuQTFqQ0M5VzY5Y2xRYUgzbG1hQ3FCOWRxakc4T0tCRnh2REJFdmExM3ZpdUo0VnpTV043V2lYT0VWZFFuQ0FVcEJFNmFvNk11MnEtMlh3V3dlclFpWUhlZHpOdEZoTlIzNld5UQ?oc=5,Reuters,en,Europe energy crisis oil,russia_ukraine_war,relevant,0
2022-08-30,A Portfolio Manager Shares Top 5 Books on Europe's Energy Crisis - markets.businessinsider.com,https://news.google.com/rss/articles/CBMizAFBVV95cUxQemVTbkJpbmxyQ2pkVWY0RnJKUkVPbzh4WGg2RDYwZlZGb1M5NUo3dk5Rd0NISXJtTlZDRTVBMmJ1VWxxMUJIYVJaNTEzSVRxdG91UzRVMWVCaHZYdjRnNDVyR09qenVDdVFKakJxMFkyc0JMSlNnWEUwMWdLRTZrTHpyUzJlaXVEWFNqWFdnMm9UNzNuREhCN002TmtwQlBWTG1XTlVIZi11amNwS2FSYmd3U01tN2x0Yl9VV25xN2lvOVhnTWJmNUR0UjU?oc=5,markets.businessinsider.com,en,Europe energy crisis oil,russia_ukraine_war,relevant,0
2022-09-01,Europe’s Energy Crisis Threatens Glass Production - WSJ,https://news.google.com/rss/articles/CBMiogFBVV95cUxQQXJGWHNpZEptbmRNOFR6ZXNnelFnZ0FFcG5nd1lfVFp3YnBJTUo4UDc3ZnBZVHh5aHlSMGtPQ1EtWGNVZDJKakdTQWFVb2lMOWxzeVJFTFNPMHpOREFSVlJxS1JQY2JNbVRCMkU5MVhnWEpfc3ltQm9PbnJYUGtKLTgwSDMtYndyVjBTbUFQcjJ5aU1OZktDaW0zX3lzZEtqT0E?oc=5,WSJ,en,Europe energy crisis oil,russia_ukraine_war,relevant,0
2022-09-02,"Russia's Gazprom indefinitely shuts down gas pipeline to Europe, compounding its energy crisis - Fortune",https://news.google.com/rss/articles/CBMirgFBVV95cUxPOVdMSGw0TXZMdzlxeGtLaVZ0MGRqRzFsbER5Q1lmelcxcmVLckFtdEpIVThvTHphVFlUQ3g3LXZNM25xTVZsVUFMNEVwdS05bnowRDBVUW14cjNYMmVhMTNCZHk0UUl4OXVNa2oyejRPRGt4ZTNYSHFwTHBvamc2R3RUa1JDT2NMX2d4RVA0UVA4WXNRTW9RaHU4a0pSZGlhSS1DTVFhLWVPamhpNFE?oc=5,Fortune,en,Europe energy crisis oil,russia_ukraine_war,relevant,0
2022-09-02,G7 pledges to impose a price cap on Russia oil - PBS,https://news.google.com/rss/articles/CBMiiAFBVV95cUxQcnVCVTBIMm5YcVFmQ0RnS1U3VzB1M3cySnlYRS1ZYkhxU0tLdzJHbEgzQlFGaWs3RnBIRlFjd1RFM0szR3czN1BaOHFfUEluVU9ySno3SVgyREx5N2ZSdHB0WWZEdGtTNnJsejMzNDVCMkhuY0c5eHJ2SVV2N2pfc1liRFZMQ1pa0gGOAUFVX3lxTE00TzNfcEJLZXpYM3J6aTNpUl9BRF82dHNjYTVoWUFMTlZWSnhjWkJLTnE2OFF0dmpvSGVzWkpQVEpJeGlpdFpOaXN2M05nU09TV1c0cV9laFR3anRtWGR3Y01XQTdoaFlLeWJWc0wzZURabzNiX0lzUlR5U3pkTjlVUWs4WnRHM0JvVVloUEE?oc=5,PBS,en,Russia Ukraine war oil price,russia_ukraine_war,relevant,3
2022-09-02,Ukraine war: G7 agrees to impose price cap on Russian oil - BBC,https://news.google.com/rss/articles/CBMiVEFVX3lxTE9TU1N1SVIyVmVjcG9zTnp6WXg0ZGd4RTJEOUVDQUEtMWFQT0RuZWFPMG9mV2pGckN0ZmQtODh5Zm5pUjRQRG9ObFF0S2p0eFRSdWgtbg?oc=5,BBC,en,Ukraine war crude oil,russia_ukraine_war,relevant,3
2022-09-05,Europe's Energy Crisis Could Force The Large Hadron Collider To Be Idled - Crude Oil Prices Today | OilPrice.com,https://news.google.com/rss/articles/CBMiuwFBVV95cUxPN2d2OXBpejY4RkVJN2FsTnJRRC1aSERka1pzUEt6MmZOWkdpaXQxMTZNRFlVOWtJclFmNjZYeFBDaFY3R2VmTjVkWno4cUh3angwYUNVUC1zc2k4YVRmd29ydm5LUDEzVmxrVC0wRndwVkxRNG5FbEZPTVVSQ2YyZTJ1Rks1S3F1WS1BT0tvNlFXUGZJRS1GUU1SQVhnS0VQTGUyRi14NFM3by1qcXlVZUJGVlB2TW1DVFN30gHAAUFVX3lxTE84Zkt2SEx4RFFJQU9FNTdHV2FHQXhPeHF5Q3dUbGhRb2pMaFZXRmtZb0t5WkdGWVRWWU9sTmt3NVRzRHk4X0dVYzlOXzNWb184THRXcEhfbmpPT1FFQ0Z3OUNBZ2I5cFNBd1pBYzFSc0FfTXUtY0taX1lqdVdZVWxtQmgtaUlFRC1EVzlZNGUxWXB3THdCb3Z3Wm5pMjRobVdEdTVhVHJGUEhvMTR0YWRYQkhOanFKWUxWc3R5OWJEbQ?oc=5,Crude Oil Prices Today | OilPrice.com,en,Europe energy crisis oil,russia_ukraine_war,relevant,0
2022-09-06,Europe is facing an energy crisis as Russia cuts gas. Here's why - PBS,https://news.google.com/rss/articles/CBMingFBVV95cUxPQW9kT1VLTjJUVi1pYUdMMjJ2M1hEblhlbWNTUHhHc1ZxVlZISFZqZzNCdXZmdV9RUl9fdlJnOS12S2x5eEo0eGd5ZGNNbENDQVNrOXZPS0ZNX2tFbkQtcnV2UTBPa0RncUd4MlM3WExqMUhMemY5VHd2QnNtZ3hjcmFRRTZTYkYzaXMySl9QWnBIRzhab2VuZXV4eUMyd9IBowFBVV95cUxQb1ZieUhnb0NTRGZPdEg5VE9VeTdtWUtMUUkwSjV5YUlNUncyNnRiWllzblVHLWxWWkg0eE1ZeHk4NVhQd3dJWkdpZlVIT2theVh4bldHbEtvdXpTQU9yQmoyWTJnMU9GTjFDUzcyREFFUzRvV2xTWWxYNUtiTXBXUTJ1V3VFaWk0SVRCZ0RPdlVxb3dFRG01eERtRUJ1VWFibU5N?oc=5,PBS,en,Europe energy crisis oil,russia_ukraine_war,relevant,0
2022-09-06,Russia has cut off gas supplies to Europe indefinitely. Here's what you need to know - CNBC,https://news.google.com/rss/articles/CBMinAFBVV95cUxNNjh4NWM5ZXdhR1lIdjF3ZjZxTmNmM2dlWnRPdUhoZmFYSTBLUGNkZWtLTDZLakxTc2RERExobFNkZzM2aG5iS09OcHFCdnVIUk9FZDM1OTdac0o0ZHh4MWQ2azc1UmFsODJFSGMxWG9yWHkxVnRjNGg0bDJwbU5RUGNrMWkyN0hla245TTliQXdFa0VwbkdPOWstQVPSAaIBQVVfeXFMT1pJTm1xbzI0ZzBDcDVQS0pjS2lFdXhZbVhmV2pzcjBad3dDQ3dPVXR3VXJMQk0xa2U0dlFGSmRlOHZheE54MVpFNmlqSzdsMkpISHo3alV2WEY4VURjblBlWUFYeXFfQldOQ3VxNFJyOVVCd1pCSGhKclBRTkViemxvMHk0VzA0WnBaeEppUjZJb2V2TzZCaldRcEEyUnR0SmVB?oc=5,CNBC,en,Europe energy crisis oil,russia_ukraine_war,relevant,0
2022-09-06,What happens if Russia's gas supplies to Germany are cut? - Clean Energy Wire,https://news.google.com/rss/articles/CBMimwFBVV95cUxPWU1FZ0NsWE5reThNa1BUaW9NMllydXFUX1RVR0dVRnRreEFLSkpDc0dZd3EzRHRwOUtEME1ZVjdQUHZhZ3R4SkhQbkQ5QXJsWHk0bG1jLVkweVJrY182YTFGLUFkZ2c2TUllSmxXWGVobW5zZEVkNXJ3X1I4SWZOZ3dmRFljQmhDZkgtME1lY0h0S1MwT2c2SE1PUQ?oc=5,Clean Energy Wire,en,Europe energy crisis oil,russia_ukraine_war,relevant,0
2022-09-08,The U.S. can't solve Europe's energy crisis - Axios,https://news.google.com/rss/articles/CBMifEFVX3lxTE1IcmdqNEd4VlBOZFQtS3NiWUw3c05XY0ZLRzdaLXJ0dVRtNF95MWNCc2JJR0NQZkJrSzVfOFVPeDlwM1JrVHZvNFkyREpkQW9nRFZRY05pLS1tTFdFUnpUTHQ3cmd0LW9HcEoyTFg1dnZhZmt5MGxLVm43OTg?oc=5,Axios,en,Europe energy crisis oil,russia_ukraine_war,relevant,0
2022-09-09,Big Challenges for Russian Oil Price Cap - CSIS | Center for Strategic and International Studies,https://news.google.com/rss/articles/CBMidEFVX3lxTE1yb284QlZqLW4tREJ1NVZidEktTG1KcmhxSUVaSVdrRTI3UUs1Q2VCbS15TXMzb3ZFRFNPY1lCcUlKTm5ySk1MS0dycnpvRllYZExmQWhzTFpoNXlSQWtzbG5jakZvMy14OGttVmVpUkhHZ19Z?oc=5,CSIS | Center for Strategic and International Studies,en,Russia sanctions oil,russia_ukraine_war,relevant,2
2022-09-12,Why The EU Is Struggling To Bring Its Energy Crisis Under Control - Crude Oil Prices Today | OilPrice.com,https://news.google.com/rss/articles/CBMiswFBVV95cUxOc3Nobmc2ZzdqaGhleXBfUWo3M1JPQjFVVUl4aDc2dUdVZlVVS2ltT25vU3Y4c0RkRV9UYjIxeG54TE10RGt3Y04tNzVqRjRIaFlGczhDWHl0WE45RjhxcG04cW5jaDZBLUxBamZQQkhndXNmMWhpeUZaOTN4YXVUN0xWN1Q3elNralJYUnNTVnJ6eWJlTWRHSkYwSkFRRHRaMEJBcEYyYjgzQl9oWXZhY0lyNNIBuAFBVV95cUxPaC1GVDZwa3FoUzJiRlM0Nlp6cXhIeHVNa0tOb25wV0RHakpjV2ZndjNkRVB5dlppWWdUd2JtXzdSREh6WWdqSFBYRzF5UExremJIY1pnSlp5RnlDTVF5X19VMkswelUtQ1c4NVBCbWFOM1phb2RGZGphaW9kLXphMWRSeXVDUWFCcEh4YnRFTXVsYktMeEtOMUJGRVpmanlRM2xUYmRDbHFZUU44QzRJcDlmdzQxcjNh?oc=5,Crude Oil Prices Today | OilPrice.com,en,Europe energy crisis oil,russia_ukraine_war,relevant,0
2022-09-12,Fuel set to jump 25 cents this month. The European energy crisis could push diesel prices even higher - Australian Broadcasting Corporation,https://news.google.com/rss/articles/CBMiqwFBVV95cUxQcTEzM05JUFBMRW1XVWN5NE15bUw5d3VrU2RXWHE5eFQyZTZFS2hSMm5CdC10NmdlbmRKMjhSMExrWDdERXJsV2UxVkRKOFFYZWQxeHdXQlg0Z2JxcEJ6RnFXVHNRM0dGb3liNDc2WTFwSkdiU3BrSnJZaDJOdkRVVzFwZlA3eWMxU3BNNldPX3p4Rml4TGx6cUpfNWN6YWhMV1BzUUlIV19PWW8?oc=5,Australian Broadcasting Corporation,en,Europe energy crisis oil,russia_ukraine_war,relevant,0
2022-09-13,Understanding the European energy crisis - ig.com,https://news.google.com/rss/articles/CBMimAFBVV95cUxNaGQ4QV9XbF9BT3o4VXU0YjZZT1JhVUxWYTNYOUVIOWNlQmRnWnhxRmlyVzZISERYcWN0ODJ6ZVpnZER0dmNXQzRxenVpUjFCbjZ2ZXR4aDVGaTRBemk1SVhhWi1haXlqZkxXXzZjVjl1cHNTTWZpTWtOMDZrZG9sQ2N4UlYtekMxRVIzeHFzMENRVnMzSjhnbQ?oc=5,ig.com,en,Europe energy crisis oil,russia_ukraine_war,relevant,0
2022-09-14,"Ostracized by the West, Russia Finds a Partner in Saudi Arabia (Published 2022) - The New York Times",https://news.google.com/rss/articles/CBMimgFBVV95cUxOZlNVazBxbGhINHlPM3h5X2JTakNZcmQxcVNwMnljNFpCNU5ObGVPXzZ2eG9qMDZuYVpYTUJLdjFEV0tMUUNna2pHOUdMZGQ4a0lIUmZkWVlkMGxSVE5RR1ZsX3JUcjV1dDhwbm94bXZpb0xZejF3MGZOemZFUlJrc1BrQmRJaVY0VExiT29uM096T240R2ZPemJn?oc=5,The New York Times,en,Ukraine war crude oil,russia_ukraine_war,relevant,3
2022-09-15,European Energy Crisis: Navigating Russia’s Market Manipulations - IPI Global Observatory,https://news.google.com/rss/articles/CBMipwFBVV95cUxNR1FMbm9ISUVJaDJNN0k5cjNzNmd1R1BlUFlFRzhIYThGSlp4Vi1Cc3VrZ3lrSHp6NERfR1lyUTIwbGVhWjQ0d1V3UXN3aHlfZmN2MnpFZFBJSjBlMjl3RWZDWG55SkhSZkpLNndpWUZvWFNvX3NDdFd4a0I1SDhXeU95VEphVEZPMWNwZzBlN1drWW1Oc3Q4cjJJSEZjOWNPeFZXREY1aw?oc=5,IPI Global Observatory,en,Europe energy crisis oil,russia_ukraine_war,relevant,0
2022-09-15,The effect of European fuel-tax cuts on the oil income of Russia - Nature,https://news.google.com/rss/articles/CBMiX0FVX3lxTE4xWDFWTjNQcTFHS0xRQ2tnUWRMbXIxY05RdmdIOU5DcUN6ckppTVNGb2NxUkFYSWxISnZwRlU4bHM4MFBKVktlV2x6RmdzOG9JRXVvTDZQNWNfc191MGdV?oc=5,Nature,en,Russia Ukraine war oil price,russia_ukraine_war,relevant,3
2022-09-16,Germany seizes control of 3 oil refineries owned by Russian giant Rosneft to brace for winter energy crisis - markets.businessinsider.com,https://news.google.com/rss/articles/CBMizwFBVV95cUxNcG1lQlZQTVhrbzZScDlhR0pZd0htMmxNLTA4cnp2b1dGR0ZZeE1rSlN2WW9qMThhV2RXeDdPVlJwZE5VbThWb2dGaWpkaU1BT0ZNdmUyU3c3eG5BbE5RQlBncDZrYUdDZ09Ua0M5WjBKVVRHM1dxMXBmUjJVMy1NM3RJS2EzcWUxZ0NaXzMwaXRSRzdKMy02aDc5VnhqWE9VSjJEa0xod0JyVGlmQVM1Q19URGI4OEhiRXVJc3g5Y0NJdzRVbHRVcnBIa05Pd3c?oc=5,markets.businessinsider.com,en,Europe energy crisis oil,russia_ukraine_war,relevant,0
2022-09-16,Europe’s energy crisis has Canada weighing future of oil and gas industry - Global News,https://news.google.com/rss/articles/CBMijwFBVV95cUxQdzVxSVZyR0ZIb09STVBXMTdya0xCTEVHbzFLc01iUWFrSkJBR18zWDRablBDRzcyQ21qQ3N4TGY1RXlHd1ZLY0tKZEVCOVF6MlZKR0luX1lCQ0liN1A4MkpsQW0wVk81d1VBOVNpd3ZnNnZHQU1ITy1iSnZ2Q1hTak4xQWgyUnQ2TWZQRGw2cw?oc=5,Global News,en,Europe energy crisis oil,russia_ukraine_war,relevant,0
2022-09-16,Germany takes control of Russian-owned refinery amid energy crisis - Reuters,https://news.google.com/rss/articles/CBMipAFBVV95cUxObFhRM0NuLWNiY0pfRTNUNHBCZFBZSm56U2dRNkVpYWU1eVFZaGNtdGtTbmdibDROWnRUam5GSHpwdzBRb0tlZlFJMTJDeWxDeEFSSXk1UnJEdTZYVGstNU05U1dOOS04MkpzZ2VkUzY5cDc2emZwTzhObzUtV0NMR2xHN0NUeFVjWVpyVDNXa25PemNDUG9wRmFWOXpYWC1Ta1hDTQ?oc=5,Reuters,en,Europe energy crisis oil,russia_ukraine_war,relevant,0
2022-09-16,What Price Is Right? Why Capping Russian Oil Is Complicated. (Published 2022) - The New York Times,https://news.google.com/rss/articles/CBMiekFVX3lxTE82ZjkzVGcwLVBnZmY5RmltSmpwXzV3bXl3RHpmWUxEeFg4QUVCV3RYa3VsTlJpUGZFVmczdkNNbTNyRTFsbnhOcDRPcVFVaDVNS1ZpZW1qQVphVmJadFA5MXFyZHpSY0dSRm9DRVJ3OWFYeTlPN05ENXh3?oc=5,The New York Times,en,Russia Ukraine war oil price,russia_ukraine_war,relevant,3
2022-09-20,Opinion: The European energy crisis may not be as severe as advertised - The Globe and Mail,https://news.google.com/rss/articles/CBMivwFBVV95cUxPSXdFOU9pM2p3YlNnRnh3WUQzRlhDdmhXNUNQLVFtQVpxTWswUmNPZ0NVbG54dDN6YUh5UXJnMDR6YWctLWxqX0ZwZEgtT2xKRWYyQjVHcEUza1pScUZSUGZUcDZRQjA0TzNwamRSSG11QjhuUWJiVFBSa25GOTlJaXhwRkp4ZmdZX1pnVGVJbFZXTlB3bFNMeDBfd3l2OFpyNDF6TjJNWFJTR2p1NWpGWnpmNzZiNGdKRzQ5TkYzcw?oc=5,The Globe and Mail,en,Europe energy crisis oil,russia_ukraine_war,relevant,0
2022-09-20,Saudi Aramco chief says Europe’s plans on energy crisis are not helpful - The Guardian,https://news.google.com/rss/articles/CBMikAFBVV95cUxPS1lpT3p5cm83RHgtclloajN6Vm1CVGpESm4wdUw1a2JEV1JCMmxjSWVjMHEwaFMtOHZ6MEJfeHdsRWxLUld1RUZKOVdIelVDVGo4SFNENzVvNDhwMUFoZnlFZE9tN3YxdU81blNVcGVXWGlNc28xemJsSWZQOUJfM2c2c3lQRFZLbmQzLWpETUs?oc=5,The Guardian,en,Europe energy crisis oil,russia_ukraine_war,relevant,0
2022-09-20,U.S. senators want secondary sanctions on Russian oil - Reuters,https://news.google.com/rss/articles/CBMilAFBVV95cUxNNzdYX3JrN3c0YXJvZFBqUVFydWZ6TXZCNTM5Y1JFb0VDcGhiQXQxY3BuLV9lQmdmdjJlOWtrNE1jeTh3eUZVMldDdFRCemg1RzdDdUdDdmhXS3dHMTBUTy1uUU0zaHZ6YURSRTlwMjE1Y0h6OXBpQWRCWWpWSzlKeWpjQkltZmxnQ0Y5eDRLS3ByVzVH?oc=5,Reuters,en,Russia sanctions oil,russia_ukraine_war,relevant,2
2022-09-21,Strike At Exxon Refinery Adds To Europe's Energy Woes - Crude Oil Prices Today | OilPrice.com,https://news.google.com/rss/articles/CBMirAFBVV95cUxOaUM1UFZSRVZtak1FNERCR2xGUXdrdHRMd2oyc19XRTAxMUprdWRLWXZRaVhkSU9aUEpFTW1jYW9Qa2xVNjB3dlZyakoxLWszaEdGRlFkN0IxR1lqLVVRREw0dGQtdy0yaDRqRzdiQkRrUXhiVEVKNUpNMDFSVW16dmhmeE1YV0t4MVZLNkoyLWhHUFJVWVlrXzZCanRmRXdNQVhScVZNOEtYOTVk0gGyAUFVX3lxTFA1Ylh4bFVTcTVuMVhTM3d2OUtVdTBJNy1BNFA5b1FwMDRGUndSZEpSVXFsWHBiN0dyRXJ1aHhZSzByRUF3TjZsQXNCa0t2WUhzRmVUNnM4X1dEcmRXdGtBcjNmeTdQU0xteTY4c0pCQUtMMG5zYXRwV21ibklzNlFaUHhzbl9idzRVdXNwSkFfYkQyY0V5Yzl6RW1uLWJvbkd1SlZTNGhSSGg5STBWVlc1YlE?oc=5,Crude Oil Prices Today | OilPrice.com,en,Europe energy crisis oil,russia_ukraine_war,relevant,0
2022-09-21,Germany takes over Uniper for $8 billion amid Europe's energy crisis - Business Standard,https://news.google.com/rss/articles/CBMi2wFBVV95cUxQTm9tS1BBUmNzc19mbllnWDQ5MWN5dlRMOWpUSmkzQzJuZ091X2FJMzRCVFB0SHZXMFFKTWwwcGtWTmgtZ1JWQ0ZZVHVURVJzS28xSkZidVBRY0cza29McVR4S1pWaVlhU2gtNHdrRm41OVIyTl9aRG5MY3drb3lRUzlXWDVtMk5RYkpqMXhGSm1ZT2dCNUVlSVFhNkFvNVhkckV1a1hMVjg3dUU3MHJuZEZUakNFOHR0clhkUThjckhWcHdFSEhnS1d1Q25jVFpnd2hDRVN2TG9VemfSAeABQVVfeXFMUGx0cUhCQlVYdlNuaE9Md2JTRGVfTEJTODN4TTBzUHg0VUkwS3dtZ2dMTmNnY284V2ZZZ1h2Z3YwNExjSUdHSGZ4dTRPVW91V3JLdkxtdlFPM0l2YndZREdTSmVCVjdnZWdpcVJWR2g4WGdJR0ZZeVVHdTBkYVhtRG1aa2RuSlFDT1otOTNZQVVpZkItNmczZWtSU1ZXUDBYT2xVX1dOZEp6NXBMY0Q2VVBPa1hINVFQeW1HVFNPWGYzMFdvRDFubUJWSklYcjRpTjVwMEZ5bEpyalduVUt3UDU?oc=5,Business Standard,en,Europe energy crisis oil,russia_ukraine_war,relevant,0
2022-09-21,"Russia-Ukraine Crisis Shakes U.S. Markets, Gas and Oil Prices Surge - AgWeb",https://news.google.com/rss/articles/CBMirgFBVV95cUxQN0ZVZ1hBYjdUZWUxSmM1TkticnVPdlZzYnBLTFRydmV3VmplZmJXeHRwMjlvSjNna0x3MEFPQzI1R3B1eVNRUkJ0Z3ZCb2EtVDQ2QmQ5VmxwUDgtdmpXSDNWMTVCcFgwcWhLQzZ0R04tSmpELUxOa04wSHNVUkxKMnlCUjZiMk1HS2RnOU4wWWdvRWZoVnFIRzFNNmlTYVQ0YU5PbUYtUGZBN0VJMmc?oc=5,AgWeb,en,Russia Ukraine war oil price,russia_ukraine_war,relevant,3
2022-09-22,DATACRUNCH: Europe's energy crisis in charts - IntelliNews,https://news.google.com/rss/articles/CBMihgFBVV95cUxOYm5SZU9NWUlKTllDMl9hSjJtanozaktlMllneVlqZW9XTWhJVzNMRjJXWTJQY29WaU03Y0I2bGV6ZlRlcHcwdm9RbWRMVVJvTjdidzNvbXhfdmtwX0xfMU5NUmRlUWNyRVRUU2dDSHlMR2VaUGUwZkVIYWFhdjdFd012Ym55UQ?oc=5,IntelliNews,en,Europe energy crisis oil,russia_ukraine_war,relevant,0
2022-09-24,You really don't understand how bad the energy crisis could get in Europe this year - Fortune,https://news.google.com/rss/articles/CBMigwFBVV95cUxQUlNFZkJ4bk03WTg5cVFpWE1qWFJfaWNTUHd4OVYtOG5HRjBxRGNGcUZNYTJmOVBCVU41QWx5bUdsNmQwOWJMM3FUNlpmQXdudG9KRnE5X3I0Y1NkTzRqX0hnTG90TFhSeUt2UFcwMlU5eWxFYXBCTGJYRDlXV3BaUTNrdw?oc=5,Fortune,en,Europe energy crisis oil,russia_ukraine_war,relevant,0
2022-09-24,The war in Ukraine has reshaped the world’s fuel markets - The Economist,https://news.google.com/rss/articles/CBMiqAFBVV95cUxNSUMxZ2tRY056b2tRNl9nS2R1T0NQSkNXeS0wdWdpUGYzeF9oNF9TQlZnYlVIQ2lMN3owbDJHRTRIMTZsOVg5VUExUW90VEVGOWhlNS1EQVBVOWF2QXA3MmJpV1FsU1JPWkRIRDhYYjhDUXFKRWc5TFR1eDBpems5TkM5R01oNDFCWThZNjZ3a0JsTkoxcUozcS1QbFNlb3phOHV2VThMaks?oc=5,The Economist,en,Ukraine war crude oil,russia_ukraine_war,relevant,3
2022-09-29,Q&A | Understanding the Impact of Sanctions on the Russian Oil and Gas Sector with Limited Data - CGEP,https://news.google.com/rss/articles/CBMiwwFBVV95cUxOMFEwaWJUU0RPb3ByemhaZVlRQUtlVzZ1S21sWllGM3hBX0dtNFRiRGtVdUVEY2ZGU2FfbW1UdHJWZi1jVVd5ZXdnWmxDY0tFa1QtbV9FZDQtNEtIRlI5UFJlbHI4UHNJeS16aUEwUElYZmlhRGhOZm5qWmlCSEJuNFM1ejhkdk51UVE1NlNDMTVJQTVFbzZyY19rTGdCM0p6TEhydVN0eXM0REpVTGdhSEs2SWxDWWRzcFd0QmxVdjc1cVE?oc=5,CGEP,en,Russia sanctions oil,russia_ukraine_war,relevant,2
2022-09-29,Russia’s energy war: Putin’s unpredictable actions and looming sanctions could further disrupt oil and gas markets - The Conversation,https://news.google.com/rss/articles/CBMi3wFBVV95cUxNOE9IX2toRUFJNjlBWWNNWlZaNVFqakNBUjFmMnd2NW5qaXBlSFBnbEplUmNkNFhpZGhoNEV4Sk1qUkpqaHJzWUc3cWlScGpNUHNSY2hKMks4Ni04OHFMUHIycXpKbFpadW5VU3lMMUc1SEh0eEpPSm9lNmhjMFFYRGJDR0xNMmE3YzBzVlQycWthbWduMTNhdzBKcGk3UGhIUVpicmRuV0ZkM1VISnprQzlQVXVfY1JrajBRLWxHYm5KMS1VREJpdjRsNmNocHpUYXNyNmJVcC0wcUFnYjFn?oc=5,The Conversation,en,Ukraine war crude oil,russia_ukraine_war,relevant,5
2022-09-30,EU agrees to tax windfall oil and gas profits amid ‘insane race’ to tame energy crisis - CNN,https://news.google.com/rss/articles/CBMifEFVX3lxTFBVT2gtSlREa0JaalY1UEhiQzVNUzB1Z2pMMnZnRnNubHBsRW5TTXpaeXA5MFU1SjVDMnpIeFdJdGM5bm1Va3VBSVJDRUdFNy12LTYzQWpmZHhPWEd3M0oyX1FPRUdUNVlhWGh5bHY1MndGQTd6THl2WTNtUWY?oc=5,CNN,en,Europe energy crisis oil,russia_ukraine_war,relevant,0
2022-09-30,Exposed Europe steps up energy defences after Nord Stream 'sabotage' - Reuters,https://news.google.com/rss/articles/CBMiugFBVV95cUxPbGlaVUdSOUFvWW5zLTNzM3VzWF9Ia1VoNnQwSjZfMDlVNDhFZjRxdzEwbE1jcjg3b1laN0lfNS1LVkVQZTBUU2RNRWIxM1BhdmI5U05nd2paSzl5ZjdYWGNIQzczZ3JpTkZHSXpRT05MLVJPTzJ5S3ZZQXZBa0lxcGNidmlpdHoxeENHVDBZMC1oWnlrZDFtbTVvTWVtMGM1UlJBUm1UMDUwcGsyQVY1cTM1cjU3cEROdEE?oc=5,Reuters,en,Europe energy crisis oil,russia_ukraine_war,relevant,0
2022-09-30,Can Russia evade the West’s sanctions - GIS Reports,https://news.google.com/rss/articles/CBMiakFVX3lxTFBVQzFjX3E3SENha2ViYndEdHVrcTZmTGtnUkhFQ3F5cHBPekhnajZ6QU93VUUxMksxY3VoWW9memJRb1g4aGxPV0l0V0psU1I2Wk1EWTJzdG9zMjltcllvSkNTQ2txaFVTWmc?oc=5,GIS Reports,en,Russia sanctions oil,russia_ukraine_war,relevant,2
2022-10-04,Why fracking cannot solve Europe’s energy crisis - The Economist,https://news.google.com/rss/articles/CBMiqwFBVV95cUxNYTRPbzQ5VWNlWmtDRFpLV2hyWklSZkF4THVpbVR2d0xPdlpMYWVTM0hTaER6emw4UDFnNTh1VUxvbGpiMjdjSmlaMUFrSUE1aWhrOUZDTWp1SGtPTFJvd0NFZmlnT2NwQmVVQ25sdVFoaWdXeXJ1VE5sUGR5Y2JtajlSSkFQV3k4Z1BtYVhRV1ljV0g1LTBScHpGbzRoc2hlcENKbGU2SHQyWlE?oc=5,The Economist,en,Europe energy crisis oil,russia_ukraine_war,relevant,0
2022-10-04,Capping Russia’s oil profits could keep oil flowing to global markets at a reasonable cost while slashing Putin’s war funding - The Conversation,https://news.google.com/rss/articles/CBMi7wFBVV95cUxOSk84M1VqSGczTkx5dFRIYUg5OGNVbjhvM1g4YkU1WXFHNEM2Q0tOeDNsNEdkUEs2SDFfNWZWOEZvQzNiQWEzZ2NZYlVaMWxINWRqU1luTVlyTW5Qd3M3LWR2NFg1VGZFNUZwUXBqMm9kZVpkaTFncC1qZm9ocTJIaE44N2FmNFVYejlNOGFJaEhHN3N0TENWaUwxeW84SDdVUGxxdTlQTThSbTNkMm9lOUc1Sy1YejdiNUNIUFJmT2hLVHBITUFIVlUwVTRoRUFrMjlES29qUU50WXVmWGdJV0xfY3pLTGZQSV9PSXpHUQ?oc=5,The Conversation,en,Russia Ukraine war oil price,russia_ukraine_war,relevant,3
2022-10-05,Infographic: Does Europe have enough gas for winter? - Al Jazeera,https://news.google.com/rss/articles/CBMilgFBVV95cUxQMUszbDZRWjhqUWxUNGdXQUZSYTZnLVBRVDhUZWdjOWVENU5XQVgzdWphQzh0UEd2ek1hRWRWd1VKbHVKUWUtSFBiQktWbGRzbF9iMGkxendrOUFIcEdjVjFYWEdfSjQ2bFc3UFQzYldqNVZlVVJsVHlLbmpCelU2c0pCNlM1WEozLXJVQThESmdoQXc3S1HSAZsBQVVfeXFMTzlQd3JZVF9DeGRrTDhfY1RrUk41eFl1UzZURnFfS3BKWVU0dzJvRVB6Vk11TGhhS0FRbTZDS1EwdWNndjcxUkFuZHdwWEFvTE9xZ1FUUHpJZjd1bWYtdkhCNVZSZDdDSzAyenAyTFFyM0M1aWJEak1xWFlDM1lUekd1cGJEUVZ6RmtpMFFJcmJzeUpETTloaUFvY0E?oc=5,Al Jazeera,en,Europe energy crisis oil,russia_ukraine_war,relevant,0
2022-10-05,Energy crisis feared by Europe long a reality in Iraq - Kurdistan24,https://news.google.com/rss/articles/CBMingFBVV95cUxQMGNJTWloRnZCbGdtX0tWUUNVakpoM2hpNnU0Vmw0ekRRWUxPNExOZGFrUFJLRGNESk5pVkZkV3NEc25RaWZ1R0hKWHdpNlVyeThERFhRaDg1R1dYd29VZVQ2MUpzQ2hZQnFOeVhuZnpvWGpmeXBoV1BRSG85M05IZHA5UnBhczZheVl2UU1rWm9TRDBUNHRNc0JVZVF3dw?oc=5,Kurdistan24,en,Europe energy crisis oil,russia_ukraine_war,relevant,0
2022-10-06,How the OPEC Plus production cuts will impact the economy and Russia's war in Ukraine - PBS,https://news.google.com/rss/articles/CBMiugFBVV95cUxPSWhFc3RLVTFKYnRnRC1uVGtrcHJVWjJsa3BVS1NMaW1VNHptZWVFUGN3eTlxY0p6RndVMEpjUDd5T21ZRjFjdTRoTVVGa1ZfSlk0cHNmeHJTM0FfbGVfN0lVbWpmSnBQY2ZpUlVxZ3UwZnJla1hQdERNc3ZlcGtTSF9tVENsRnY3YjVoak5CYVF3X3FPMHFSYXVBak8weURLMnN5YVZPV19EWGY3MXBHNGhLRG9sbG0xNmfSAb8BQVVfeXFMTmMtMi0zWmdQZXJzRVFpLXVFSk5qMnlUaDQtM1BPMEVYMWwwY2hTdTZqNjVWYTZqLTJ0NDU0WUFuVGZySTNCVUk2bEp1TENQNjRra3B6QVEzWVVUb0hHMEp4NlUwOFZvRWlSY3Fzb1NLZ2FlZmlIbkh3NUZ4RnF1eV9pekJGZENlYlR5NXBTczc2UzBmSEluZV9ac3UyUWpwQ3dxMEQxTE1mY3pPTk9UdjQwVFFqY0dfR1pNd0JrNjA?oc=5,PBS,en,Russia Ukraine war oil price,russia_ukraine_war,relevant,3
2022-10-07,The impact of the war in Ukraine on energy prices: Consequences for firms’ financial performance - CEPR,https://news.google.com/rss/articles/CBMipwFBVV95cUxPaWhCSFJISU9hNG9kMm1JbU5tamszai1jWXpwYnBCVGtYekV6MlB3SXZvanpfZkZlVGFOMC13OW43Y1JIMXVFeGN2RTBYX0dOZTVmVXBfY001WE96MlFYLWUxbUhzZE5vSHRWWGZEdGoybDlYRDdmUG5IdjBhR0ZWSF94YUZIN3BzQVNMZzcyZTFyOFRaQmlDNEZwbVVZcF9lZGdQYUJ2QQ?oc=5,CEPR,en,Russia Ukraine war oil price,russia_ukraine_war,relevant,3
2022-10-10,Hungary and Serbia to build pipeline to transport Russian oil - Al Jazeera,https://news.google.com/rss/articles/CBMipgFBVV95cUxQNEFvMWFFMGNxdmd5MVVLcWlSdHpRLWdFY014SG5QX0R1cDB4RzZqcUZqakxIY3dOLWtGcXBFVlEydk9zUi1CbkxfbGZpam5PSEJtMzZndVRIYzlmS1g5ME9GYjRaOUg0LS1sY09LRlJZdk5xZkVaQmljcmtaMFF5RGNBNVJBeUdSV2RhUm9XV3FrekVwekZGLWt3SjBndkVIWFRfVzdB0gGrAUFVX3lxTE4yQlJ4dW9ENXFUcEhZeFVONWVsdXp2aWRQUG1KRUV5VU9faW83Q3NzMERVRXMzRGp3anNUTndtVnpCQmRFWVZNQjAzV2JEQ1FCOFNYamdVSDFGZlR1Sk9Ccm9sVHU4SHhDWDIyMnZpaUJvMHJ0YWhyUnQwbHQtZzhaWk9UcmZpc1FnQzZaUl9CR0xXazRub201X0toSDluQVlmMm9wMlAxMXdGbw?oc=5,Al Jazeera,en,Europe energy crisis oil,russia_ukraine_war,relevant,0
2022-10-12,Energy crisis: Europe's winter woes driven by high prices - dw.com,https://news.google.com/rss/articles/CBMisAFBVV95cUxNVHVXa3U2YndGTHNzcHFIMjU2c01vaUdnTGdleWxZUkp4YTRGeDRwMklKQUx2WlpidzRkRnJCWjRUaHVoUTUwc0t6aFo0SDdjM2FtQXlmOTVXaGpGYjVrV0dnWGdzak5Cd1VjTkNkNE52cDJoZDBjd1RITTEyNW1XZ2VVSlllWGJsSmRZRWxtQnlZU1hMN29nTXZEY091SlUyNmM5T2laY2NucjZNa3Q3atIBsAFBVV95cUxQWHUtTnExdGtqU3ZhZThFTjQ2bDliM3NONG0xaVFuVjBtR0hHZzQxb3NEZElGVFFpcHA2a2NsTF9XMzAtaWhwd05nUXYxcE84QWUwVW9mMFQwVzBxX2FDeGVZLU1oZVNCelpISS1FdkhudlZrN0hFbF9IakpMSlIzbWExVFlDV3JQSzhDdjN4bEJGWnJIdkpfcWxBMDNDYzZWTk9CajN3Z2VFZm5nRG5fUg?oc=5,dw.com,en,Europe energy crisis oil,russia_ukraine_war,relevant,0
2022-10-12,Putin blames Europe for energy crisis as price cap divides EU - Reuters,https://news.google.com/rss/articles/CBMiswFBVV95cUxNZjduaGEyMmhmekdhdHI4eUVqaVpaeTl3X0gxcVk3UHlacldfTHFsM3dkbTFaMzhiUzV3UFYxQUJmN3g0NjRGNTR3YkdsenRROVJqNmprV09xSERIQml2QzNidDljeXJDRDhDd2psejR0ZVdoUmYwdVFhdEM1NDg1dlJuQ1Q0bS1ZTUNDWlpnbERuMzZqUUVjY0dzc1Z6RXFKdDdYVVRiX0pCdk9IbEg1SEJyRQ?oc=5,Reuters,en,Europe energy crisis oil,russia_ukraine_war,relevant,0
2022-10-14,Winter is coming: Europe’s huge geopolitical blunder on Russian energy - Bulletin of the Atomic Scientists,https://news.google.com/rss/articles/CBMiowFBVV95cUxOaGJscWR2UERVZEhoMHdUc2VMcXUxZDhuTDBWZEVGczJDUXVpU1RPTExFS3QxaGU1dEVQLWVLb3lfMEtTT0xTeTRBZC1TVVctN25vRENoSEVLU21uQXc5TXJ4MzV5MzRaVmpqMm5RQjY5RVFEbzV3TWdKMmFlMnd2ZE1HNksycGZMUEpYX3pWVUljTWZPUUJhWkl4b0FTTDNRMHFV?oc=5,Bulletin of the Atomic Scientists,en,Europe energy crisis oil,russia_ukraine_war,relevant,0
2022-10-18,"Sanctions on Russia are increasing, not decreasing, its revenue - The Conversation",https://news.google.com/rss/articles/CBMinAFBVV95cUxNVkJqeTVIYm1lY0ZVX3JhOU5xNUxKakRJVG4zLVFYWVNUbFNMM2RBWEJPRXg1N0VfWnc3eEgwWkZMU1lDaExqMEdZa0ltSkFKU1dQTUZkcE9fY3U2eldoUzMwZTFMQVNMdjNPUDVlUS1xT0RzYmZxUGFtSmltcGRVcTB0bmNEVzBnTkdaQ2pfYW4ta180clRORkhNQUI?oc=5,The Conversation,en,Russia sanctions oil,russia_ukraine_war,relevant,2
2022-10-19,"EU response to energy crisis looms amid rising oil, gas prices - Al Jazeera",https://news.google.com/rss/articles/CBMipgFBVV95cUxQZHYtdXRRaUhzN1NhYnZtNFlBcF9vOW9VNEE0d3UzMmFyWXhEV016a1NlNEM5TEFRWjdZY1pGYkM2bXFtVHZmSmNjemtfUzM2Y21JdFdJbGVZdGpkUWRLR3c3RzFjeHAtX2JWd1kwWmZDNGxNQm1jaTBUaXpBUHFQckRIaE9EcWk4MW5ZbW5WNXBnczlKT3NkeU4xY1RtVEVENjZ5UXln0gGrAUFVX3lxTE1ZdDdYSnZpOF92RzEzc1VYMUpBLUdwalRWR2pRZW1yUFg5dzJHRWdnR29vYzJtOGFLaHpZQTJQZUlSVDZGR0tLWDJhazAzOXFTWE95NGoydVRvOFVuaE5oMHpDUFhhMU5EYm50UzRNYXA0OE1Ba3lCVjVrUUo2ZVBsNElmc2hGcGVldVR0N0pXR3dyaG9rOG1QRmhPc1JIaGxwT19QM3QtNlB4WQ?oc=5,Al Jazeera,en,Europe energy crisis oil,russia_ukraine_war,relevant,0
2022-10-19,Europe risks ‘much worse’ energy crisis next year: QatarEnergy CEO - Doha News | Qatar,https://news.google.com/rss/articles/CBMijAFBVV95cUxPeS0yaUFpSWRWREtIVlR1RThHTmJBRVV1VlJhY0VmM2ZYb2lmZHF1ZGdFbms5Vk9RelNlTWthTkNxSW1aelZNNEVaUEpGOUplLTcybnpqbDBaSUpjT0k0Vlg1TXgwb1E0VXM3bFloSFBzRC1zZ3phb2k1ZU5RcnhUbGhwMWtuckFVa2E1Mg?oc=5,Doha News | Qatar,en,Europe energy crisis oil,russia_ukraine_war,relevant,0
2022-10-21,Colombia Is On The Brink Of An Energy Crisis - Crude Oil Prices Today | OilPrice.com,https://news.google.com/rss/articles/CBMikAFBVV95cUxNUmdveGd2cDlkZzdxOVpEczFsUm1JSG9aTVNXRGRRMjVJbHgwbEFtbnhEQUlpOXA5Q1NOMTBVaE5xOWJCX0x2Xy1ZYmdzSk83NTlDYVg5NkZZZVlhV2g1VnRmWm9mT25yZldCakl0QzVsVFY2aEs2X1VQTXhQR0RTQ0F0VnZuU1lYSlg4RndKYnLSAZYBQVVfeXFMUEJrSzBwakwzS0lJLVNEbWVMQjBpNTFVMW9fX1hkWk16X3VyTTZiY21RTl80Y3lWQlU2cjlrYWRKSktWa3diX1pHbUhOTUZfMDh4cGRkalA0NHJNWk9IdTRLYUNBcnV2QW1IRzVfUU9KUGtXZDNNcTg2LUJQWW5YTnlpcy01RWZabGxnQ0dVN3ljQ3ZTM3R3?oc=5,Crude Oil Prices Today | OilPrice.com,en,Europe energy crisis oil,russia_ukraine_war,relevant,0
2022-10-23,The energy crisis and Ukraine war have lowered expectations for COP27: Transitioning to renewables ‘will take longer than anticipated’ - Fortune,https://news.google.com/rss/articles/CBMimgFBVV95cUxQRzQtSUlmSkp3c2t3QUlHLWhLV3BqeEtLclFkSnNZZHVsMkN2Wkc4c2ZyVTA1TkNqQ01GeHZVaDEyS0hFcjA4Zm1qYk5wdDdYelpsbFRMYUJ5NFNIX05kQ19MTjQ1dUk2QklsbW5peTFWWWdRSTF0WVRJbjF6N3VhY01qVDlDTl9wbmppQ1BFT2EyWHJHU1VMaUJR?oc=5,Fortune,en,Europe energy crisis oil,russia_ukraine_war,relevant,3
2022-10-26,"World facing 'first truly global energy crisis', report says - BBC",https://news.google.com/rss/articles/CBMiVEFVX3lxTE1NVmdFSm8zS1MwenBIc0dHcjZyT3B1RFNxY09CQTNIajFrblVOWkF6UGhMdXFaS3RlR0UxTFQtRWlRODVxQ2lSTGZNdno2dWNMVjVFRg?oc=5,BBC,en,Europe energy crisis oil,russia_ukraine_war,relevant,0
2022-10-26,How have sanctions impacted Russia? - Bruegel,https://news.google.com/rss/articles/CBMie0FVX3lxTE9GVVFGN3M1OEZ0N3VSb2JFMXg4R2xTTDRIenVUa3VKdnlYU2dkSXVKdVhZNWNnd2oyV0ZWU0hFLVppM1d1Ymg4ZlJ0c3BQalM2WE1CTU5iYXVYUlA3UVlzd2VMb0wxVHRhOE12YWRGM0NyWXlHS0lhenBSbw?oc=5,Bruegel,en,Russia sanctions oil,russia_ukraine_war,relevant,2
2022-10-27,Where is the way out of Europe’s energy crisis? - Modern Diplomacy,https://news.google.com/rss/articles/CBMijAFBVV95cUxOdkFGTWVya1dkU0hRUFZkdXA4Z2dMUkw0NWstb0pWSnZoVHI4T0VKQ1hBWmJ3T3FZeXFmdWx1YXVHaUo5NGFyamczQjc1d0pxbHlBcXFkcVVtQTdMbWZXcGpCNC1qUkQ1ZVRpaTlEcVhweURSS3hRZHU2SjhoZEkzSUZhLXJOZ2c1SWhMcQ?oc=5,Modern Diplomacy,en,Europe energy crisis oil,russia_ukraine_war,relevant,0
2022-10-29,Why is there a global energy crisis and who might suffer most from it? - BBC,https://news.google.com/rss/articles/CBMiUEFVX3lxTE1EME10YXRSLTRZVXhRcGxRR3JraHVTZWNjS2gwUEF1Sko5ZzFmUWFodGV1X3lMWnItVHVIbVJpV1FtNkVyT2VodnE1eGwyZERp?oc=5,BBC,en,Europe energy crisis oil,russia_ukraine_war,relevant,0
2022-10-31,How today’s energy crisis is shaping a whole new tomorrow - Mint,https://news.google.com/rss/articles/CBMitwFBVV95cUxNbmJVNGRPanBXWUhfbGhJSVlWWnVZYzJVSW5hZnNORkVkTTB4LXVuVFM3ckhvRW9pQS1fSjRnSUtVeHBmWldSZUNKQWZydEhYRkllTkUzNU9nZFhSZC1VY29xdjhXZTdRLXRGaEdJZXdWNDhNTHNjVkxVcmpOMFNlRWtlYnZPajRCbHRBclRoWmdRMEE5VHpmQkg4MndxVEFNU282eWFfbE45TlhvRFVZdGFyN25IREHSAbwBQVVfeXFMT1RkVnBPaE4zQkpsUXhYbXdaZ2tnNGJSNXFubzBjVjFKdkZLN0JfTTdUOFVBTVhUdG5tanMya3RhdV9DOXZIZVlrbTRiejN0TEtrUXJEV3ZqYy1vT2JVYUFnN1BLZ2NiVEZrblItNElfOGg4bl9Ed2hMbXJQV2VtaHZqTEJaaThUbi0yWjBDRkZPa1g4a19Tblp1VXFoMk5nY2RrVkJGVUh6UnZCM3gxM1hhbFZHNzRWb2V0VTM?oc=5,Mint,en,Europe energy crisis oil,russia_ukraine_war,relevant,0
2022-11-01,How George Yates Aims to Help Solve Europe’s Energy Crisis - D Magazine,https://news.google.com/rss/articles/CBMiuAFBVV95cUxQSlFWbmJnNktPQjY0VDkzLWljUXFUekdFLXVkRW9GYlgyaHZ4eHNJOUNLc0JiOFZackVqRXlnZnNxYjZRdm96RXo4WVFGWGNoRmVLQVhSQUhPb1pmeVdWOW1fdjg5N0ZGbEZzcTQtZExxblNFb1g5STU3SnYteng2ZXJzalhLVTEyUGxYT29UWkgyRVpjSHFxRnhFWVNhbnFtc0JhVGhDeTZFcEduSlFlal9RWlZzZFFq?oc=5,D Magazine,en,Europe energy crisis oil,russia_ukraine_war,relevant,0
2022-11-01,"Oil and gas profits driven by Ukraine conflict, not financial skill - IEEFA | Institute for Energy Economics and Financial Analysis",https://news.google.com/rss/articles/CBMilgFBVV95cUxQMXFDUWlSNVJpYXVKVUs2bEpCY3R6cWNXeTJIdjktMzJmLTZmQUZsb0RhamxDU3BabDRZLWRQUUNxV2xSLW9DbjZWR29MMUdoNGF4V1Q2SFhSdmZjblFqaDBENjduTWZrNDJnWVRlNVJfZXJoOGd6UHJjenNuNVNuT1NtXzZtQnVLS29kb2JKMlVzZXZuVVE?oc=5,IEEFA | Institute for Energy Economics and Financial Analysis,en,Russia Ukraine war oil price,russia_ukraine_war,relevant,6
2022-11-05,Visualizing Energy Poverty Across Europe - Crude Oil Prices Today | OilPrice.com,https://news.google.com/rss/articles/CBMikgFBVV95cUxPUzBkcjJ0ZnB4dU84eEl0TjdSNllCQ3pEdGt2dklMWC1KMTFjbVpKWWQzbG5XUFF5dlRZMmVNakJjVFFUNU16dUZ4X3BBLUUtZkp2M3RybWdNbHNiYlVtcEpLeGMyeDY5WldPd0lRbWRPN2ZIbW5aajczRFpNQ2FDeTR6V1lCQTJiQVJpeDhLem4yd9IBlwFBVV95cUxNY0hLZ0pTS3ktQkU5MHdDTGw5NWxPek1ZYWZMSXF5MTQtYjBPYjgxNTcxeXN0aEgtQ2NMQ3JSejBvc1IxNXVidkllR2pLYXowX1pObEYyb1JRTVRQaXlaMmpqNmVQQ2liZkpwbWF4WVJVQUprOUttZ0NacjI5RHU1OUh3UzdET2c2Um45UjQ1bGJhaXhqSXNN?oc=5,Crude Oil Prices Today | OilPrice.com,en,Europe energy crisis oil,russia_ukraine_war,relevant,0
2022-11-09,Iran teaches Russia its tricks on beating oil sanctions - politico.eu,https://news.google.com/rss/articles/CBMihAFBVV95cUxPNVRKV2FtQ3l6WEd4V3hoQTR4dWJfbzNHSFV1eVR2TWthV3pYZmt3bkNncU1lUmJQeEVXelVmeXpITmVzZzBxZmJ0WjgtWVgwZmY2OEU1bnJwLWx2bXdLem9CNHdsMkdKemtsVVNuSkVFNkY5WFhld1pXbG5WSEQ1MDl4d1M?oc=5,politico.eu,en,Russia sanctions oil,russia_ukraine_war,relevant,4
2022-11-11,US Needs to Play Larger Role as Swing Producer of Oil and Gas in the Current Crisis - Hudson Institute,https://news.google.com/rss/articles/CBMiigFBVV95cUxQekpZUlREb0lKSkx6eVpXWUpPbm9xakw2amx6YTIxNkNjYzZQSEM2aHBvR1hLdl94MUtpcjVoOFk3d24ySElIektrUUQ1bVlhbVBKcUJ5Z1BPeWRCTU9sdktUQ0tXRmc2eUJtYXJTVnNsUnd0aVFXbUlmRWlHb3lPX1dXT0I3eHBXMnc?oc=5,Hudson Institute,en,Europe energy crisis oil,russia_ukraine_war,relevant,0
2022-11-14,Here's why oil will hit $120 a barrel soon and stay high for the next 2 years - markets.businessinsider.com,https://news.google.com/rss/articles/CBMiwAFBVV95cUxOZk0xRFQtd3ViZGg3eHh4RUVvd0JqT0pJeTBCMFRkcEJ4S1N0VmpvY1RTLUZXQlFNeVowekpFRnVLWGxqSzhseGxHZ3p5aVBzV1FRQzJGRUdldE5PR3VHZXRRU0pzY18xQWZWOFJtSEx4dkx4QXllU2tDcFZERi1neFF6MGZoYzZRbGVmQ1pxN0xJXzdqOXdSTW5iaWVMRndqQmRiRTNoYVFGd1dDRFFnWllUZTcwMzhlVGxlcWlzNnc?oc=5,markets.businessinsider.com,en,Europe energy crisis oil,russia_ukraine_war,relevant,0
2022-11-14,China refiners slow down Russian oil purchases as sanctions near - trade - Reuters,https://news.google.com/rss/articles/CBMiuwFBVV95cUxOX3QzN0JtX3Z4RG1MQlVLTGctRVJPaHZycWluZ3V3WkZJbExSNTJBSnhqTFlkTDE0WUVmVVBnMGw1R1FVRFVWY0U1SnpaekpOZjVVMFVOMWVBUE1yZVVTU2lDQ2ctVzh2VmRIT1JNb3lUaE9fenBORnp2RDJZWC01QXhqNUdnai1oWmtveWlPVkVkeE9zUlF5VzcyRmkzUnJxaHhUS0RSUUx3dFJaazlkX05lcUszQllheHpZ?oc=5,Reuters,en,Russia sanctions oil,russia_ukraine_war,relevant,2
2022-11-15,India's Reliance and Nayara reap a harvest from Europe's energy crisis - qz.com,https://news.google.com/rss/articles/CBMigwFBVV95cUxPbEFKcERpbGVPRFVvM0ZydndZSkxVWDU1WFBHQV9jVFNYb0JaY1h1X1lMMTlBZEh1b2xsTnhmeld3YThsbXpkLXBFd01INUx3MTk0Z3JuOWVDa3c1Nm4xTmVaMGY0MzlIdGVCQVlkdy1iYjFqTGZwVkR0U2txM2pGTXE0MA?oc=5,qz.com,en,Europe energy crisis oil,russia_ukraine_war,relevant,0
2022-11-16,How North American natural gas could alleviate the global energy crisis - McKinsey & Company,https://news.google.com/rss/articles/CBMizAFBVV95cUxNNWVtV3NLNGd6WFZ6OThScnM5MUhfQlp2YWFnTkg0ODA4WVFLN2lBa1owRURfRWJXTEZQWGlYRXp6Uk85YnVXOVVnY05zRVZQUHJCU3VWeEZkdWY0RHQ1RmxfUFJVS3JteDZvU2dCUEhvcEpXbVpvcENUd2k0eGY0VEdCV09nVmJpdjJlNTFYSVB1NlhuMzRmSWxrOUlVUFRvOVM3bEhycDBkdUhxSk5wckZOSW9NdElfd0x4T3lhbUtoVzJTZllmcmlpaTM?oc=5,McKinsey & Company,en,Europe energy crisis oil,russia_ukraine_war,relevant,0
2022-11-17,Which European Countries Will Suffer The Most From The Energy Crisis - Crude Oil Prices Today | OilPrice.com,https://news.google.com/rss/articles/CBMitwFBVV95cUxQWlV4TFRQQjlraU9rZWJDMnl6Q0MxWHZQVlU3VUk0UmJhcTg0UkFqQ0J0c1QxaU9uSktWS1hzTXFKNGZtNWpkWmxhRlRuc1FCb1BUVkZrdmZGaVVDUTF3dUpPdFpYS0V6OUtjOXZnemJRUVk1eXFTeEo3UlBteEtEbkIzNUFaWnlvcFNLTVFHZUdUUFdiaVNnX3pPamNtQ0VyTzBHNWM3NV85dmlPLTljUVI4VmtycDDSAbwBQVVfeXFMTWFoN1ZIWDFwRHRLUGhFdUtPZDR3NXFtMkpESENHMUZkTkhDWWtabUZpR3VKeW54YkUzSjE3c01HeVlWMGZGYl9adVBpYldPRkVJTWJpbDB3YXp5WWx4MWtrX2k4ajg3NFRGMWxFSWV5QzRwNVdPZmxVVThONnViU2tLTHVFemxPZEl0MXlzYjhDdGdUcjAyLVhIM2Y2NTBtRDRZS29FMVJlSXZ4YlFwWEoyVjQ0VjBhSkZpMk4?oc=5,Crude Oil Prices Today | OilPrice.com,en,Europe energy crisis oil,russia_ukraine_war,relevant,0
2022-11-22,Rift over gas cap looms over EU energy crisis plans - ETEnergyworld.com,https://news.google.com/rss/articles/CBMivgFBVV95cUxQbC16TmhRMDNnUFd5QXltMlFMQ3U4RGVhTVRUYUFBWXZ6ZFNYR0lsT21fdWRsbDk3S3l1ODh1MGo2b1JpOFVpckgydkFHN2xIMG0tMC1sRjd5X3hMOEFhdUhRQWVuMEowalU5ZGpQRmVSR3Vqeklha1JNcGVzWDIyOUc2QWhxZzY5eklPaXpGR3Fsc0JkWVR3bi1Bd0NJRi1DNWs1RE5NMVlEeC1zWVp6bWJDM2wyZGtDaWhGNFJR0gHDAUFVX3lxTFB4RndDSWlQUC1PSVYyS2RzWFJEbWhjODFxeml6UGVnVDFrVFJrLWdFcFNrXzhXT0oxb3VMbDVxTUpEclVZLXJFU1FDb21jYXFXNEcyNVRYSjh2MV9IOUNfMzd0d2liU2xKS05jTV9HeG5MaGY4Q1hqcUgzX1ZzUEZTaXZSb0dUQTA4aC02Z2UyRXBjSFFqZWV0aDRuU3VQUTZ2ZTJRVDZSSlNEWUVJWWs3UlJ0YTdRRkhlb0o0dnZtX1ZJYw?oc=5,ETEnergyworld.com,en,Europe energy crisis oil,russia_ukraine_war,relevant,0
2022-11-23,How Greek Companies and Ghost Ships Are Helping Russia - Foreign Policy,https://news.google.com/rss/articles/CBMilwFBVV95cUxNcnJLSUpESkoteWN2aGRSWTVvbmtQUzQ3VURqZS1rRXQzM08wcl8wX3BCQkotbV91b01OWEYxWjEySy1pa0UtbEtCeF9VTE85dnBSZS13bHRkT3BrdWducG0wWXhqVnU3N0pzVktqaDVTbHNsVUkyMmVHdmxpRG5ReXM4TjlJMWR0VVR2YXdnYTd4YVhmeHp3?oc=5,Foreign Policy,en,Russia sanctions oil,russia_ukraine_war,relevant,2
2022-11-24,How Iberia Escaped Europe's Energy Crisis - Crude Oil Prices Today | OilPrice.com,https://news.google.com/rss/articles/CBMikgFBVV95cUxQSmdQOU9nSTBJMUZRQ3dvZXFobjNPVVFKdzBUa21LUFRjV28ycy1GRGFsMTI5dlM5VEZRS1NlMkd0SG8zaDRnbzV0MlFFeUJwajM3LWNnVDZJU0FyRHNTS1BueE9zUWhHSFh1LTNsdHNLdUVKOW9CYTlmMmMxRWRNelJvUTIwRWhxVm5fVTE3VmpRZ9IBlwFBVV95cUxPdjNoTlFPc3dRN2xhMVhvSFFFMVg0R1pZenJXemdUNEhRNXFmbWJ3QjBjZF9fU1lTWV9VYXhtbW1Ba1YyZmxkQWJORGhLUm13Mm5sTU9LeGZfcWh4dW5EYktTUFlDZW5falNLQlR1LXl0aXpZMXZneUJNUDFZV2ZGSHNJR3c0ZC1NWnpLdHlSTjJLZjVUaEJZ?oc=5,Crude Oil Prices Today | OilPrice.com,en,Europe energy crisis oil,russia_ukraine_war,relevant,0
2022-11-24,How the gas lobby is fuelling the cost-of-living crisis - Corporate Europe Observatory,https://news.google.com/rss/articles/CBMihwFBVV95cUxQX0M5VG85WEI1UVRUOTYwQTFWOEZGTzBMR1h6UUVFS1JGMnhGVm9CUGd0dzhOamlqS3pVc2JWaG04MHFwWkQ0bDUzbktFQUFGV2lTR2VCRTlaWlk3NkZ4LVlKZE5UcXJvSUdYbHg1QWVZRUJlOURhRU1SaktOVWhWMjdxZEdoVUk?oc=5,Corporate Europe Observatory,en,Europe energy crisis oil,russia_ukraine_war,relevant,0
2022-11-28,Price Cap on Russian Oil: Running to Stand Still - CSIS | Center for Strategic and International Studies,https://news.google.com/rss/articles/CBMie0FVX3lxTE1zc0lqZXJrRmo5MXItbTNyVHNZTjZzR3g1aVY2VVdmWnl3UFY1UGlmQUE0dVl0OVJySjRpZ0hBNjBxSk13QW1qT0dVOWFtZ0pWcXhKcXd5WV9JS3ZBeF9fTURJV0p0MDBibHNZTGJxdGdEejM5Njdya1Fncw?oc=5,CSIS | Center for Strategic and International Studies,en,Russia sanctions oil,russia_ukraine_war,relevant,2
2022-11-30,How the Price Cap on Russian Oil Will Work in Practice - CGEP,https://news.google.com/rss/articles/CBMinAFBVV95cUxNdkZKTjE3RW5USDFSWFN6Z0lvcUZzc1dwenNHWGpkRWNWdkh4ZF9HenQ0SHhQejg3QUdGNEVoUkNWTFd2dzR6WXhmS2FyZ09tbXJmZ0xuUm1Fb05iTXJHR0FaTFpsYVVnd1R3RFlEam9rZXQ5RG16V0doOHVPU0J1QV84U1VNYmpxSnVTUGYwcXI3YUZ4YThwcHpGb3Y?oc=5,CGEP,en,Russia Ukraine war oil price,russia_ukraine_war,relevant,3
2022-12-02,Four ways Europe’s governments must respond to the global energy crisis - greenpeace.org,https://news.google.com/rss/articles/CBMitwFBVV95cUxPeDlUdnZVUkxXSEQ3VTMxX05xaXNINE4tQmRGVkNWTzdNMUY1ejN1UEJxZzdFNjBsVnJ6X0VtQl92WF8tQTZrZ1ZOczNfMGR3NG9BcnZKQktHSXg5ZEUweEkyTGwzVEhGbldTb3ZiYkh4aFJOa3BycGt5bzE4VS1CN0tZX3FCZFd3a0JWVkVMQlRMLWdIT25xUTAzbktWNVFQb05SMkdGNG9pOWRqeFFBbkZ4UlJPWjA?oc=5,greenpeace.org,en,Europe energy crisis oil,russia_ukraine_war,relevant,0
2022-12-02,Ukraine war: G7 and allies approve cap on price of Russian oil - BBC,https://news.google.com/rss/articles/CBMiWkFVX3lxTFBFdWM4djhaclNHX2RDMFlZaTNsMl9QSGhMRzk0d3ZSakhIMG1nZHdkNjRJTW5HUjI3N2RuSU9qZUxvbTdBUDZER213LXZ5NFRBLU9EUUNTdjNPUQ?oc=5,BBC,en,Russia Ukraine war oil price,russia_ukraine_war,relevant,3
2022-12-02,Russia assembles ‘shadow fleet’ of tankers to help blunt oil sanctions - Financial Times,https://news.google.com/rss/articles/CBMihAFBVV95cUxPcW9VZmstOXYtMGFnazl4WmIwVzhVLTFzNlJmUkU0aVNreG1uM1lvUkJlT0ZNRXdLRWhKSGNLd0pHWUQwVHB5cEJPQi12ZlBaV2Z6X2NKanhZTkdoRWZJY0JQUTV5RWhVUW5oaF9BcGYtcGlzTHhKci1pQ3gySmw4d0QxMU4?oc=5,Financial Times,en,Russia sanctions oil,russia_ukraine_war,relevant,2
2022-12-02,"EU, G7, Australia to cap price on Russian oil at $60 per barrel - Al Jazeera",https://news.google.com/rss/articles/CBMihAFBVV95cUxNcnREaFp1UzdUZW1mTlFTR3FnZE9GczJoclQzYUJ1Mm92d2tKMzBOVkV6dW51d29Fa2VjWGNub2ZrT1I1VDIzaVg4RkJfS0N2MWNLQUZUQjB3ZDRNVDFhSWtSNEZOOXh2VHV6REJNUHZzWTdVeVNlM0hWN1pEcXNidEpvWEPSAYoBQVVfeXFMTU1MRzFFLWY4RDFnQTBMUWxSZ1pURTByWFZQNDFDbVd2dDFyMFZhT0hYNE1TQ0xWSFBZSmoyMTBsYWJTd2lPOW9laUVJRmpab29vcHBwQzJDZjZKYkZPM2o1RmJLZUFOcW9xNktsNkdDT3NPNmZUVGRmUjJ1dWZoN3FWX0VpOVUwd053?oc=5,Al Jazeera,en,Ukraine war crude oil,russia_ukraine_war,relevant,3
2022-12-03,"Russia rejects $60-per-barrel cap on its oil, warns Western countries of cutoffs - PBS",https://news.google.com/rss/articles/CBMiswFBVV95cUxPcS1lbjMwdW5icV9MY3c0M0p3N0tvYUlMMEhyTUZDQ2g1ZnJpVUFqcTFpNmFzVjFCeHBua0dXUnhDd29oVGlQSDVEU2NGbnUyVlZ3Z1JCYjIxdktvVkkwOGNzT2sxU1RWRV95cU1JT2xaWU9oemRpSDZ0NkdvT0xOelFnZDRkS2N4b2syLUNNTWhpY01iMEF6OS04ei16VjlFU2p3dVVPR2xDYUNlSUJMaHBud9IBuAFBVV95cUxPcUZwMWpsbkVqa3p5WGtIQjNmSVFwcUZuZmx4Q25xd1c0TXR0STU5NjNxRXRVdV9wQkw3SkdldTRKOThnR1ROc1BCaS1NNGt0aG44d09jTVVaVVE3SEZELXhDLTd6SmZscWNLa0xDa3llUFZ5RnpicUYtc0d3R284bTdpTS1JQkxFek80MTBkVmFKdERpbDNYUUZ0UGNzanE2RTlVZUwtQzBEV0V0Q1RZd0lVc3VPa0Fy?oc=5,PBS,en,Russia Ukraine war oil price,russia_ukraine_war,relevant,3
2022-12-03,"Russia rejects $60 oil price cap, warns of response - Al Jazeera",https://news.google.com/rss/articles/CBMioAFBVV95cUxOSk4zLWFEaXoxUml2VHFEQlBhaXBDNGpYSGt3YmZVTUV3WS1xT1d4cUh6U2l5Q21fTzNxOGxkSEdxMm8yU0V5bEVfTnoxZE45d25rT3MtLUJRTnI4clhqWUd0UnEwNnM1Vk1GN3FyUjlkMWltWi0wVHhvSFJ0NGItUWNlSjc5ZWx1WEZieTNiS18wdnBNOUVScjEzZmlRTXRK0gGmAUFVX3lxTE40aEgyNmpxcEdPQVBXQTNiQ1BqTUw0RkgtMUhxcGxRYmszeS1hUGM1OHp6YVVOUlhQYnVvVGtsalFiTHRyczZaZzl3a3c2cGZNNk13TGJwWWI0bG9NWmUwTl95cGMzLU5KRWVNTmMxWVJqMnhvTFI1eUc3WDQ0ckduRDJfMXRpS1pTdjJIa3hyckhKSXVZQnNoR0dPY25Qa3h6U19HYWc?oc=5,Al Jazeera,en,Russia Ukraine war oil price,russia_ukraine_war,relevant,3
2022-12-03,Ukraine war: Price cap on Russian oil will hit Putin immediately - US - BBC,https://news.google.com/rss/articles/CBMiWkFVX3lxTE9maHFRLUdSLXk0N0Npd0JfWUJHeHJxUjBrbHpueWIxa1E0X2dhZFhlRTVZdVRCTVB4QUgwVXY1dmxfQUIwZ3RhOTl4OVBMX1JLbjRUSm9mTU80Zw?oc=5,BBC,en,Ukraine war crude oil,russia_ukraine_war,relevant,3
2022-12-04,The West’s oil war with Russia gets real - politico.eu,https://news.google.com/rss/articles/CBMivAFBVV95cUxOY0Y4SGxhcXJXOW5IaTFhN3kyVXprdEc4SHVUZ2kyRHZpTkhucUdaZTFKdkgzeHZSYnJDbDhDYWQwUy1jR0R5N3VTaHRTTEJ5eHJzeldZNV9lVU00aHVwVnV4SHc0MVdPWXVSZjVoejRoSHlWUTQwZER2Rml5TjRRNEtFXzcyajFiNnMteFREa3lvY1lMajBpNThCbUFmeXRQSDktbjRWOGdvdXhrRHNpUHVqU0pwSk1ibExVNw?oc=5,politico.eu,en,Russia sanctions oil,russia_ukraine_war,relevant,5
2022-12-05,Ukraine war: Oil prices fall back after cap on Russian crude kicks in - BBC,https://news.google.com/rss/articles/CBMiVEFVX3lxTE9Od2NuYlMzODFxNHlPZkxfQ016bjdMVm9GUW00cmRLNWR0YWZqXzVlRk9WUWdrSF9pZ3FqdTBwZ052QUJReGJVQmRHXzJDb3oxazY3Wg?oc=5,BBC,en,Russia Ukraine war oil price,russia_ukraine_war,relevant,3
2022-12-05,European Union implements Russian oil price cap to limit Kremlin war chest - PBS,https://news.google.com/rss/articles/CBMirgFBVV95cUxQWHpIZDNNSVMwUVNTNDF1UmlrLTlaenlkZDJjQ3lMcHVWZDFQOEpXZndJTThQUUxoRFVjXzBkWFBZck10bUE4bWV4WktDa1A0WXdVN0g3azAzU201amRDcXJmVW15YlM0bE1ud3JzSUU4YndQZFZhWXB6M1pyNTFKZmJHSHpIa0ZlYl9fb2tpYzlPRGNaUzdVcXJNRmtpVWlnQTZaYUlWZW1QRVdBZ2fSAbMBQVVfeXFMTnZYMUZjMVBhNkRQZkg5anBUelJzRzd4M3FPZVpDTWZmZlg2LXNFbXlyNGYtaEdkMkp6MDF5UkdZU3EwaFJwQ2JYR2ZmRkg3X3c0aHVOMVpSdXdOTnFiU2w0b2d1cnVFOU13Umg0a1o1RWotSEJMM3NJaEVSZmloTjZnMkNFcWhFZGZseEItdlRCYTJKdjd4WEFuVUlqZHFXNkxDdUs3bjBYVXJRT1dZMXFoRXc?oc=5,PBS,en,Russia Ukraine war oil price,russia_ukraine_war,relevant,3
2022-12-05,Russia-Ukraine war: G7 price cap on Russian oil kicks in - Al Jazeera,https://news.google.com/rss/articles/CBMinAFBVV95cUxOdy00X0Zpakt6QUpqcm4yR2JvUll3OS1xOEREX0p0aDRxcWZCM2o0bWpsOEt0RGtzS3NsQ0dKQk52Nm5fRFBmR3B3T2Z1UV9tS2FLcks4dUJLRGt2bGlfYVZ0Q2VLNWQ1VEh0b21kVTRqME1qUTVwUzVSVUhLZ0N0anlycTlhLVVraEp4eUU0TVItV1I4aFNLRnJxNjnSAaIBQVVfeXFMT0N2eHJFLWlsOGlZeVI4cmtfdXpReTIwajhpT1FBaE1IMXRJa3lhMUhPRHF0YlNSeVNGbWVKLXU0Nk5KaXVYU1gzWUdiX2dmSFhKbFJmVXZoQUVhVlVLSFZLT2FYYzVlZjhrS2dFVHpNTFFPTUhQanJiTzZGaDdfaFRVTC1VQ1BZWGxCS0dRZUlDa3JRbzRDOGRiem85bVhYenNn?oc=5,Al Jazeera,en,Russia Ukraine war oil price,russia_ukraine_war,relevant,3
2022-12-05,Russian oil price cap: Five things you need to know - Al Jazeera,https://news.google.com/rss/articles/CBMiqAFBVV95cUxNM0IwQ3RXNWIwSE5BdEtiY19Sc0ZBTWtaU1dsZE1LSU4tcHpLcFVjcDNYdlJ3VEx2aHRaYURmMFI2RnJfUW80ZzlReFVhelpmNE54Z1Mxc2pDUTFaNnhOcHczQm15bkpmcTctTkt4ZGR6aVY0eVAtZ0FsSDZjQ3NjbUt0RTJIcWtVa0ZzXzRaWHhENmE3dEVEcVZkV05TZlBtMjFwRVFpSi3SAa4BQVVfeXFMUDBkVXVTZ3B1eGxBN3U1dDZkVHdLeml5cktkWWRoUV9heTMtZ3BTeTNuNDBKaW5XcXY0RGlpYTVQNXJhRC1lZ0l6Qnd5Y2lHQWEtSTd0Qm9mbEJvcTRsRml2Z1pUc2cwY00ySWxhbmkyaFczU3RsSHN4anFFTzd6eWEtUE1zWUxTTnI4ME5ranBoWGIzRlI0NnEzYTZHV2E4VDROZzA2bHNVbjZsc2V3?oc=5,Al Jazeera,en,Russia Ukraine war oil price,russia_ukraine_war,relevant,3
2022-12-05,EU ban on Russian oil: Why it matters and what’s next - Centre for Research on Energy and Clean Air,https://news.google.com/rss/articles/CBMiigFBVV95cUxNSG9PSFdyZDgtOWZxRUxlRXVybmo5aWxEMFk1ZGZhUFVvWDV6X01MeVF4UTloNlFubEtEWm02cnhPMXQ2UmZIcG5UcnRKT0owelByTUZuSG8yZTJ3SW5Gam9meFN1SmV1TTFyNHJ0ekVCQVBSRVZHdGpuMTRfSFRzbTBwYTI1TU5vUXc?oc=5,Centre for Research on Energy and Clean Air,en,Russia sanctions oil,russia_ukraine_war,relevant,2
2022-12-05,Insight: Russian oil sanctions fuel boom for old tankers - Reuters,https://news.google.com/rss/articles/CBMimwFBVV95cUxNNVVNcDlZWHpfYkx2Y1NDdU9TWExfUVR4UENaaHhFMktfaUxnX3RZdzkzYXJoX2FrQzdRZFNQUXUxV0FnWGkwWElCcDU5TUoxT0tSLUVxbFlOR2k4Y0prbnlYQW5oSmdxc0RkUDQ0OUxJZFJPTy12VFZJQnpwSTAtS0xZVUU1NTZyRlhBbDdPcUo1YWVPdmFRQ0d3RQ?oc=5,Reuters,en,Russia sanctions oil,russia_ukraine_war,relevant,2
2022-12-05,Infographic: How much oil does Russia produce? - Al Jazeera,https://news.google.com/rss/articles/CBMijgFBVV95cUxNS0FENmtBV3dDLU9FTU9uZDFzQWwyTk5xV2pPaVRSaGlwWHlGRVRtVUd1ZzA1NGx4b3B3VWxmRjcwbFA5UnVzZUh4QjFpUHQxcUl6cDBCWDJsRHFjMUJNSGxybmtnbVN6RGxZaEw1TTFxWXRZSDA5MGwzT1gyWTlxOGhuMFhwZHpidFl6S3Rn0gGTAUFVX3lxTE9MNVcwalZ2aW1lVVFiLUprUmxBS1ZfdFhuZGVuT29yYlFBYnFDUXhZb2N2YjJRZkM2Q2ZWQk1rQTJjZDlGNjBlYlRGV0RzZkxLLXAwUzQ4bGJlS0QtRGxCMEZiXzM1NnBZcXBmZ2FURzRQYmdSblR2c0hBMUhOSlJJakY0eGNJSGtDSnFvMVJHZVd0TQ?oc=5,Al Jazeera,en,Ukraine war crude oil,russia_ukraine_war,relevant,3
2022-12-07,What does the price cap on Russian oil mean for global oil prices? - marketplace.org,https://news.google.com/rss/articles/CBMirwFBVV95cUxQaW1jOHVkN1p6Z3B1OERnb19FQncydDBja2FUZ203bjhuSzY0RFBqbnpGUzZhQzdNZUJCRW1YSkRvb0FQV1VyOEpEeGgxVk44dkNFWER3UWV6cjlZRTJTVjB3OVcxM3ROMHJBbGY2aVZXQ3dpdmJoM0VsN3Z4Q2lGZlVaTVlQTU1VaFRZemxwTHI4MXpfT1pzSUk2MXpYNzI0SDNCb0NCV0o2TVVBVTRn?oc=5,marketplace.org,en,Russia Ukraine war oil price,russia_ukraine_war,relevant,3
2022-12-09,Putin threatens oil production cuts over price cap - Al Jazeera,https://news.google.com/rss/articles/CBMilgFBVV95cUxQYXE2WDNtWkxHMTVVdGRORG8tTVNRbEp5Z2lMcmFyOWtJMUc4WDVMZnpaLW9GbFZxc2VIcVdsdmRrdXVsZzFhTVhMd2dTR1QwVk9YUFlzY0hDTkRpeVVkT3J5cXpQNGFTSk9WSU44YVhMZVBENFlWNEZLQ0x0WEZTMWxodktJUHVfVDA2U2x2M0J4QVN0cnfSAZsBQVVfeXFMT0JSZjBvWkRHaDNOSlBtQXhmRFFuRjBUbE9Fb0ZISzBhQ3B1UmpzV0Q4X0pBaDBhcTlrcGFoazEwbEd0WFlycWR2dlFCSWxkV3lWc1JaT2lNb1dtbk5zQVB2M3hjRnNwTWU1MWd0SWo2UEZwcG1lVWU2dzh4QnQ1Z2lMeThVWnJ3enRGTjFxVFgzZVJPTTdINnhNYzQ?oc=5,Al Jazeera,en,Russia Ukraine war oil price,russia_ukraine_war,relevant,3
2022-12-09,"Price cap on Russian oil is experimental, but Russia won’t get away unscathed, Northeastern expert says - Northeastern Global News",https://news.google.com/rss/articles/CBMicEFVX3lxTFA0c29UNGhlU2FHekRENlNpVEpadF94RFBLNEVEVGhJdWdvZWdxNEY5LXpPR1llTHpWNU1hZE55bnVOSXk3TEg1Mml2cUtGal9fam10WGdsVjdlMGUwQThIbnNzQTF3bGJ6SEZwQkJFUWU?oc=5,Northeastern Global News,en,Russia sanctions oil,russia_ukraine_war,relevant,2
2022-12-09,The Price Cap on Russian oil - skuld.com,https://news.google.com/rss/articles/CBMiiAFBVV95cUxQc0xPRHljYm1ReEZCUWJIdG9PNUJVYURmQXRaX1hLWlV1QWJQbXRqU1FCNzd0VTlIam9fcUhObExDRWVGRGF3b3NSUUdUZkYzZF9KOHUyM1pDakExOVVPbVNsbnlTdUtUMlgzanFPZVdQMnJ0QXYwZWphS1FOZWxWSVVSeHdhZ2tv?oc=5,skuld.com,en,Russia sanctions oil,russia_ukraine_war,relevant,2
2022-12-12,Jamie Dimon Prepare For The Oil And Gas Crisis To Get Much Worse - Crude Oil Prices Today | OilPrice.com,https://news.google.com/rss/articles/CBMivAFBVV95cUxOMXltT1hONzd2MndONjZPZ01uem01VEJ5NGNtM1FhZUgxanJuRGtFTG05LVBia1RSc2t5b3dQNkxFYml1cVJtbVg3VnVtT0FzMkVmXzhZQWJyc2xTclBhSi05TW1Lb1g4LW8wSGNJSkpYaWlTc1ltbjVkTWRlT3FicUphU3AxTmhMS1pld3JmYWU4eTFDeV9BZWFlN2ZvYTVJRlZOb0hHRVJWSncwZUlwY2Y3cjRsQnFEcHlQN9IBwgFBVV95cUxNekE2VUNCVmxZMkV6N3NYRnZHVGRiZnZjeW42TkJRVXZyS0RsQlVkRzdoeGFHVnBCVkZZZTJSYThRYnM3Ynp5TzRMbk1iRk9uUjA3cG5mei1pOEtzc204dDJKQlVuRTJTcmRYaGtsekJHX1B6NXdLdHVxV0U2UmFHLUc2MkVHZXd1NU9DYm03aExtQ0xkb2wzcE56RUVUdUdfYm9VWXdJczU2a1lKRldtSV95X1I2LVlfWGVjVmZjQnlFdw?oc=5,Crude Oil Prices Today | OilPrice.com,en,Europe energy crisis oil,russia_ukraine_war,relevant,0
2022-12-12,Investing in the great energy transition - worldfinance.com,https://news.google.com/rss/articles/CBMigwFBVV95cUxNVTJqXzB0UzVFbWluYV94Y0ZtLWVIbkJyNUNuQ3RFWWhSNTdSX0Nramx1c1JMd05JSHFpbVhXaVRzU01RV2JxRHR0QVh4OTZhT0VQMF94aUdPU2IyVC1KNFV2U3pUd2YybEd1RFNLZlM0S0F0UXBzbkRJU1Fuc2lTQXEzVQ?oc=5,worldfinance.com,en,Europe energy crisis oil,russia_ukraine_war,relevant,0
2022-12-16,Europe's energy crisis pushed global coal use to a historic high—but here’s why it won’t stay that way for long - Fortune,https://news.google.com/rss/articles/CBMiqAFBVV95cUxObHRVdWVlRHRtXzI1Z21iRGh5SWhVLThZajd2SmJkMURRaXV2djR2RDRHdmhST3d3ZnVHZmFxQVRBUFA5eUxkVkg1aVYyaC1CN05zeWpuWTJSai02dnlqblk0U1ZXUEl4ZHZYeFJRcGVKNksyVVUxZm5YZU9ERms3OF9wTlFjbnh1UlY4amlpSzhoRGFtYVd4UVNYMjM5bUhkNE5VYVJ5VHg?oc=5,Fortune,en,Europe energy crisis oil,russia_ukraine_war,relevant,0
2022-12-19,The global energy crisis of 2022: A timeline - - Canadian Energy Centre,https://news.google.com/rss/articles/CBMihwFBVV95cUxNY3N5RHJ0MGJDSDgxNkExdHVYWW1jN1hKVFRDckROamUwc3pRZEs4TnZXaWF6VHBrQ3VXUEZ4My1TdTlzTnBpVEd6V0UwVEE5QXpKUmw3U1RLSG13Q1lEa1JBdWVNSTNTdmdsX3JRNDV5MGdsRGRtRjVxYUxaaDRHZzJwc3dIbTA?oc=5,Canadian Energy Centre,en,Europe energy crisis oil,russia_ukraine_war,relevant,0
2022-12-19,Crude oil prices rise above $100 per barrel after Russia’s further invasion into Ukraine - U.S. Energy Information Administration (EIA) (.gov),https://news.google.com/rss/articles/CBMiY0FVX3lxTFA1YmpWUlhhQUtQeFVlb3IyblR6aTRNMmF1cDhyRmdRQU9XdTJUbW5TcVZfeGk4Tm1wQi1nRHpLTVdSd1h2TUZTY0dLTEpCeEgtdVdicXZWMTFMdGxoT0Fmd3BfNA?oc=5,U.S. Energy Information Administration (EIA) (.gov),en,Ukraine war crude oil,russia_ukraine_war,relevant,6
2022-12-20,Russia’s Oil Exports Collapsed Since G-7 Sanctions Began - Bloomberg.com,https://news.google.com/rss/articles/CBMiqwFBVV95cUxPdHRsbVhfTmNQbHRtTE9kNW9laVpVZ1JEVU55T05zZ2FLc2d0NEQ0eWF4d1IxV2dFanR1bWxFNUhzWENIRnRrbzRIbE9qWldmME1Hek5NXy1wYndVUzk0Rjd5WHJTVjlhRlQ4ZzZZVjlvZnhSVTBtY2lWRE10ZmhRRUZhTF9LazJ2UVV4c29XbVRDTV9Gc20wa3R4VTFaMDVXWkdnSG1fQ25GSHc?oc=5,Bloomberg.com,en,Russia sanctions oil,russia_ukraine_war,relevant,2
2022-12-22,Overview of the EU’s Ninth Sanctions Package and the UK’s Latest Restrictive Measures Against Russia - globaltradeandsanctionslaw.com,https://news.google.com/rss/articles/CBMi2gFBVV95cUxNbldxanpOYkxDUl9nd3ZhMFBhcmFMZ3ZFNU1pR2FzcjhMOW8zb2xfRHZQNVN6Z19ncTYtcWZCYXNBWWhUX2Z5dlNMcENSd29rWnhMM3dUNzlJbDZGQXhraG9jaFNibDJxTDF2TUE0ZTVKMUcxazljdndMZmRwUHBfZlBpaXZpa1hQNWlsUm1pOW0yUzkwZkQ2djlKaS0xMW5WQmNKUThZcEhzWFNrYThoWnZZTE84ZE5ZVFM3YjBzT1VwemtWYlhfY2VLXzVaV3VCVWp5eldvRDA3Zw?oc=5,globaltradeandsanctionslaw.com,en,Russia sanctions oil,russia_ukraine_war,relevant,2
2022-12-23,Ukraine War Upends Global Commodities Prices - Barron's,https://news.google.com/rss/articles/CBMimwFBVV95cUxOX2l4bFcyd0ZDYTZOQmdkVWVLWEFQcGxjcngtS3RxZ21Bcm13SWF6REhHaHFEQkpaUG1Nd1lpOTFabXppVFZlTS14elhMdjJ5S1RBU3BQMVhudEhlWi10Z2c3X2t6NVZRaEdFb3NISHlUQi0tQ1BoLXA1dGZJbmVLZEtTWTVQRUd1a2JXbEVaNHJONlEwcC1aY1FMMA?oc=5,Barron's,en,Ukraine war crude oil,russia_ukraine_war,relevant,3
2022-12-27,"Russia bans oil sales to nations, firms complying with price cap - Al Jazeera",https://news.google.com/rss/articles/CBMiogFBVV95cUxNem1TTm1Vb0tOcnZOY1ZPNXZLdE1ZUW1xbnRXUDFES1hKTmFfUGtWRnJOb1lJTDYwTlJjUGpuZ1dYdmY0Q3lkdXFtN2ZOUGRZa1hWbFhGamNTNUh1QUZHaFpwdlFOcUo3OEdUZ2RDVEpETTFCdHFVcFY3WUJ0RFlteTNId25XN3ZLaURsYWlBMlVfeEluZjFJRlgxaktKQnZHZWfSAacBQVVfeXFMUDZJbjJVdkYzYWpOTnkzQU5JWm5WRFo0ZTVFQk1fUjkzQ0NkMDlfOWV4dTk0Sms0WDlqeG1wbXhBQWFiYnJhWS1tVlFHdHFaanBfQzFVZ0RNa1FjMXliY3pLeHdFUjYtOTdjYjFUUG5zWUxhbW40OGwxZTdBcmxDVEctTklobGpFLTBTVldrUGZTd21NTENudjgtc1MtdHpQMTNQNnY4S3M?oc=5,Al Jazeera,en,Ukraine war crude oil,russia_ukraine_war,relevant,3
